frame_idx,zone_id,count,density,delta_count,speed_mean,speed_std,flow_x,flow_y,flow_magnitude,accel_mean,flow_divergence,compression,spatial_entropy,zone_inflow,zone_outflow,count_sm,density_sm,delta_count_sm,speed_mean_sm,speed_std_sm,flow_x_sm,flow_y_sm,flow_magnitude_sm,accel_mean_sm,flow_divergence_sm,compression_sm,spatial_entropy_sm,zone_inflow_sm,zone_outflow_sm,vid_id,fps
0,0,8,0.00020833333333333335,0.0,0.0,0.0,0.0,0.0,0.0,0.0,0.0,24.989827088702086,1.7328679513938632,8,0,8.0,0.00020833333333333335,0.0,0.0,0.0,0.0,0.0,0.0,0.0,0.0,24.989827088702086,1.7328679513938632,8.0,0.0,13,25.0
0,1,3,7.8125e-05,0.0,0.0,0.0,0.0,0.0,0.0,0.0,0.0,22.827293099711113,1.0986122886651097,3,0,3.0,7.8125e-05,0.0,0.0,0.0,0.0,0.0,0.0,0.0,0.0,22.827293099711113,1.0986122886651097,3.0,0.0,13,25.0
0,2,7,0.00018229166666666667,0.0,0.0,0.0,0.0,0.0,0.0,0.0,0.0,17.613117549018764,1.5498260458732018,7,0,7.0,0.00018229166666666667,0.0,0.0,0.0,0.0,0.0,0.0,0.0,0.0,17.613117549018764,1.5498260458732018,7.0,0.0,13,25.0
0,3,0,0.0,0.0,0.0,0.0,0.0,0.0,0.0,0.0,0.0,0.0,0.0,0,0,0.0,0.0,0.0,0.0,0.0,0.0,0.0,0.0,0.0,0.0,0.0,0.0,0.0,0.0,13,25.0
0,4,0,0.0,0.0,0.0,0.0,0.0,0.0,0.0,0.0,0.0,0.0,0.0,0,0,0.0,0.0,0.0,0.0,0.0,0.0,0.0,0.0,0.0,0.0,0.0,0.0,0.0,0.0,13,25.0
0,5,0,0.0,0.0,0.0,0.0,0.0,0.0,0.0,0.0,0.0,0.0,0.0,0,0,0.0,0.0,0.0,0.0,0.0,0.0,0.0,0.0,0.0,0.0,0.0,0.0,0.0,0.0,13,25.0
1,0,8,0.00020833333333333335,0.0,0.0,0.0,0.0,0.0,0.0,0.0,0.0,24.989827088702086,1.7328679513938632,0,0,8.0,0.00020833333333333335,0.0,0.0,0.0,0.0,0.0,0.0,0.0,0.0,24.989827088702086,1.7328679513938632,4.0,0.0,13,25.0
1,1,3,7.8125e-05,0.0,0.0,0.0,0.0,0.0,0.0,0.0,0.0,22.827293099711113,1.0986122886651097,0,0,3.0,7.8125e-05,0.0,0.0,0.0,0.0,0.0,0.0,0.0,0.0,22.827293099711113,1.0986122886651097,1.5,0.0,13,25.0
1,2,7,0.00018229166666666667,0.0,0.0,0.0,0.0,0.0,0.0,0.0,0.0,17.613117549018764,1.5498260458732018,0,0,7.0,0.00018229166666666667,0.0,0.0,0.0,0.0,0.0,0.0,0.0,0.0,17.613117549018764,1.5498260458732018,3.5,0.0,13,25.0
1,3,0,0.0,0.0,0.0,0.0,0.0,0.0,0.0,0.0,0.0,0.0,0.0,0,0,0.0,0.0,0.0,0.0,0.0,0.0,0.0,0.0,0.0,0.0,0.0,0.0,0.0,0.0,13,25.0
1,4,0,0.0,0.0,0.0,0.0,0.0,0.0,0.0,0.0,0.0,0.0,0.0,0,0,0.0,0.0,0.0,0.0,0.0,0.0,0.0,0.0,0.0,0.0,0.0,0.0,0.0,0.0,13,25.0
1,5,0,0.0,0.0,0.0,0.0,0.0,0.0,0.0,0.0,0.0,0.0,0.0,0,0,0.0,0.0,0.0,0.0,0.0,0.0,0.0,0.0,0.0,0.0,0.0,0.0,0.0,0.0,13,25.0
2,0,8,0.00020833333333333335,0.0,0.0,0.0,0.0,0.0,0.0,0.0,0.0,24.989827088702086,1.7328679513938632,0,0,8.0,0.00020833333333333335,0.0,0.0,0.0,0.0,0.0,0.0,0.0,0.0,24.989827088702086,1.7328679513938632,2.6666666666666665,0.0,13,25.0
2,1,3,7.8125e-05,0.0,0.0,0.0,0.0,0.0,0.0,0.0,0.0,22.827293099711113,1.0986122886651097,0,0,3.0,7.8125e-05,0.0,0.0,0.0,0.0,0.0,0.0,0.0,0.0,22.827293099711113,1.0986122886651097,1.0,0.0,13,25.0
2,2,7,0.00018229166666666667,0.0,0.0,0.0,0.0,0.0,0.0,0.0,0.0,17.613117549018764,1.5498260458732018,0,0,7.0,0.00018229166666666667,0.0,0.0,0.0,0.0,0.0,0.0,0.0,0.0,17.613117549018764,1.5498260458732018,2.3333333333333335,0.0,13,25.0
2,3,0,0.0,0.0,0.0,0.0,0.0,0.0,0.0,0.0,0.0,0.0,0.0,0,0,0.0,0.0,0.0,0.0,0.0,0.0,0.0,0.0,0.0,0.0,0.0,0.0,0.0,0.0,13,25.0
2,4,0,0.0,0.0,0.0,0.0,0.0,0.0,0.0,0.0,0.0,0.0,0.0,0,0,0.0,0.0,0.0,0.0,0.0,0.0,0.0,0.0,0.0,0.0,0.0,0.0,0.0,0.0,13,25.0
2,5,0,0.0,0.0,0.0,0.0,0.0,0.0,0.0,0.0,0.0,0.0,0.0,0,0,0.0,0.0,0.0,0.0,0.0,0.0,0.0,0.0,0.0,0.0,0.0,0.0,0.0,0.0,13,25.0
3,0,8,0.00020833333333333335,0.0,0.0,0.0,0.0,0.0,0.0,0.0,0.0,24.989827088702086,1.7328679513938632,0,0,8.0,0.00020833333333333335,0.0,0.0,0.0,0.0,0.0,0.0,0.0,0.0,24.989827088702086,1.7328679513938632,2.0,0.0,13,25.0
3,1,3,7.8125e-05,0.0,0.0,0.0,0.0,0.0,0.0,0.0,0.0,22.827293099711113,1.0986122886651097,0,0,3.0,7.8125e-05,0.0,0.0,0.0,0.0,0.0,0.0,0.0,0.0,22.827293099711113,1.0986122886651097,0.75,0.0,13,25.0
3,2,7,0.00018229166666666667,0.0,0.0,0.0,0.0,0.0,0.0,0.0,0.0,17.613117549018764,1.5498260458732018,0,0,7.0,0.00018229166666666667,0.0,0.0,0.0,0.0,0.0,0.0,0.0,0.0,17.613117549018764,1.5498260458732018,1.75,0.0,13,25.0
3,3,0,0.0,0.0,0.0,0.0,0.0,0.0,0.0,0.0,0.0,0.0,0.0,0,0,0.0,0.0,0.0,0.0,0.0,0.0,0.0,0.0,0.0,0.0,0.0,0.0,0.0,0.0,13,25.0
3,4,0,0.0,0.0,0.0,0.0,0.0,0.0,0.0,0.0,0.0,0.0,0.0,0,0,0.0,0.0,0.0,0.0,0.0,0.0,0.0,0.0,0.0,0.0,0.0,0.0,0.0,0.0,13,25.0
3,5,0,0.0,0.0,0.0,0.0,0.0,0.0,0.0,0.0,0.0,0.0,0.0,0,0,0.0,0.0,0.0,0.0,0.0,0.0,0.0,0.0,0.0,0.0,0.0,0.0,0.0,0.0,13,25.0
4,0,8,0.00020833333333333335,0.0,25.049594847047395,23.685938691548547,5.597121386626089,-5.223979960851017,7.6562219434914605,626.2398711761849,0.8047814308702571,26.441624982384482,1.9061547465328494,0,0,8.0,0.00020833333333333335,0.0,5.009918969409479,4.737187738309709,1.1194242773252179,-1.0447959921702035,1.531244388698292,125.24797423523698,0.16095628617405142,25.280186667438564,1.7675253104216604,1.6,0.0,13,25.0
4,1,5,0.00013020833333333333,2.0,19.050875370475843,17.828776580494115,-7.761341656121511,5.373236531161046,9.439814358495118,793.7864737698268,0.8883297105051197,26.12485995320633,1.6094379124291003,2,0,3.4,8.854166666666667e-05,0.4,3.8101750740951688,3.565755316098823,-1.5522683312243022,1.0746473062322093,1.8879628716990235,158.75729475396537,0.17766594210102393,23.486806470410155,1.200777413417908,1.0,0.0,13,25.0
4,2,7,0.00018229166666666667,0.0,23.24638975964915,18.38413176579211,9.808288906087624,-14.925657031002908,17.859948742155115,678.0197013231001,0.47929218953001007,19.621081439552434,1.9459101490483135,1,1,7.0,0.00018229166666666667,0.0,4.649277951929831,3.6768263531584218,1.9616577812175247,-2.9851314062005816,3.5719897484310232,135.60394026462,0.09585843790600201,18.0147103271255,1.6290428665082242,1.6,0.2,13,25.0
4,3,0,0.0,0.0,0.0,0.0,0.0,0.0,0.0,0.0,0.0,0.0,0.0,0,0,0.0,0.0,0.0,0.0,0.0,0.0,0.0,0.0,0.0,0.0,0.0,0.0,0.0,0.0,13,25.0
4,4,0,0.0,0.0,0.0,0.0,0.0,0.0,0.0,0.0,0.0,0.0,0.0,0,0,0.0,0.0,0.0,0.0,0.0,0.0,0.0,0.0,0.0,0.0,0.0,0.0,0.0,0.0,13,25.0
4,5,0,0.0,0.0,0.0,0.0,0.0,0.0,0.0,0.0,0.0,0.0,0.0,0,0,0.0,0.0,0.0,0.0,0.0,0.0,0.0,0.0,0.0,0.0,0.0,0.0,0.0,0.0,13,25.0
5,0,8,0.00020833333333333335,0.0,25.948431728998333,24.535844464858975,5.79795893173508,-5.411428336286077,7.9309447364640295,22.470922048773467,0.8047814308702564,27.258239991443013,1.7328679513938632,0,0,8.0,0.00020833333333333335,0.0,10.199605315209146,9.644356631281505,2.2790160636722336,-2.127081659427419,3.117433335991098,129.74215864499166,0.3219125723481027,25.733869247986753,1.7675253104216604,0.0,0.0,13,25.0
5,1,5,0.00013020833333333333,0.0,19.734464447304884,18.468513951436083,-8.039836385339338,5.566040574465687,9.778536535679796,17.08972692072603,0.8883297105051197,26.518906264833085,1.6094379124291003,0,0,3.8,9.895833333333332e-05,0.4,7.757067963556144,7.25945810638604,-3.1602356082921697,2.1878554211253465,3.8436701788349827,162.17524013811055,0.35533188420204787,24.22512910343455,1.302942538170706,0.4,0.0,13,25.0
5,2,7,0.00018229166666666667,0.0,24.08052350974619,19.043796553771138,10.16023279465954,-15.461223817960207,18.50080464171046,20.853343752426017,0.4792921895300113,19.362735299334865,1.9459101490483135,0,0,7.0,0.00018229166666666667,0.0,9.465382653879068,7.48558566391265,3.9937043401494328,-6.077376169792624,7.272150676773114,139.77460901510523,0.19171687581200428,18.364633877188716,1.7082596871432465,0.2,0.2,13,25.0
5,3,0,0.0,0.0,0.0,0.0,0.0,0.0,0.0,0.0,0.0,0.0,0.0,0,0,0.0,0.0,0.0,0.0,0.0,0.0,0.0,0.0,0.0,0.0,0.0,0.0,0.0,0.0,13,25.0
5,4,0,0.0,0.0,0.0,0.0,0.0,0.0,0.0,0.0,0.0,0.0,0.0,0,0,0.0,0.0,0.0,0.0,0.0,0.0,0.0,0.0,0.0,0.0,0.0,0.0,0.0,0.0,13,25.0
5,5,0,0.0,0.0,0.0,0.0,0.0,0.0,0.0,0.0,0.0,0.0,0.0,0,0,0.0,0.0,0.0,0.0,0.0,0.0,0.0,0.0,0.0,0.0,0.0,0.0,0.0,0.0,13,25.0
6,0,8,0.00020833333333333335,0.0,22.727797393167947,21.490535832437423,5.078335263981277,-4.739779579715851,6.946581858560882,-80.51585839575975,0.8047814308702566,27.4554949828716,1.559581156254877,0,0,8.0,0.00020833333333333335,0.0,14.745164793842736,13.942463797768989,3.2946831164684895,-3.075037575370589,4.506749707703274,113.63898696583973,0.482868858522154,26.227002826820655,1.7328679513938632,0.0,0.0,13,25.0
6,1,5,0.00013020833333333333,0.0,17.285087372728654,16.17626250499176,-7.041958232720728,4.87520185342204,8.564856616604445,-61.23442686440571,0.8883297105051193,26.70747024297641,1.6094379124291003,0,0,4.2,0.00010937500000000002,0.4,11.214085438101876,10.494710607384391,-4.568627254836316,3.162895791809755,5.5566415021558715,149.92835476522941,0.5329978263030718,25.001164532087607,1.4051076629235042,0.4,0.0,13,25.0
6,2,7,0.00018229166666666667,0.0,21.09172782258373,16.68014291542423,8.899177986405304,-13.542227370616756,16.20454538057771,-74.71989217906139,0.47929218953001285,19.295223874035624,1.9459101490483135,0,0,7.0,0.00018229166666666667,0.0,13.683728218395814,10.821614246997495,5.773539937430494,-8.785821643915975,10.513059752888656,124.83063057929294,0.2875753137180069,18.701055142192093,1.787476507778269,0.2,0.2,13,25.0
6,3,0,0.0,0.0,0.0,0.0,0.0,0.0,0.0,0.0,0.0,0.0,0.0,0,0,0.0,0.0,0.0,0.0,0.0,0.0,0.0,0.0,0.0,0.0,0.0,0.0,0.0,0.0,13,25.0
6,4,0,0.0,0.0,0.0,0.0,0.0,0.0,0.0,0.0,0.0,0.0,0.0,0,0,0.0,0.0,0.0,0.0,0.0,0.0,0.0,0.0,0.0,0.0,0.0,0.0,0.0,0.0,13,25.0
6,5,0,0.0,0.0,0.0,0.0,0.0,0.0,0.0,0.0,0.0,0.0,0.0,0,0,0.0,0.0,0.0,0.0,0.0,0.0,0.0,0.0,0.0,0.0,0.0,0.0,0.0,0.0,13,25.0
7,0,8,0.00020833333333333335,0.0,19.3333964651654,18.280920157368744,4.319884911993032,-4.031892584526799,5.909108517029218,-84.86002320006372,0.8047814308702547,27.521633920362618,1.559581156254877,0,0,8.0,0.00020833333333333335,0.0,18.611844086875813,17.598647829242736,4.158660098867095,-3.8814160922759493,5.688571411109118,96.66698232582698,0.643825144696205,26.73336419315276,1.6982105923660658,0.0,0.0,13,25.0
7,1,5,0.00013020833333333333,0.0,14.70355623692964,13.76033457723481,-5.990240411296999,4.147089515513339,7.285693627570152,-64.53827839497534,0.8883297105051196,26.773909894196045,1.6094379124291003,0,0,4.6,0.00011979166666666666,0.4,14.154796685487804,13.246777522831355,-5.766675337095715,3.992313694912423,7.013780227669902,137.02069908623434,0.7106637684040956,25.790487890984593,1.5072727876763021,0.4,0.0,13,25.0
7,2,7,0.00018229166666666667,0.0,17.94167420077184,14.188960351100995,7.570084036254469,-11.519693098648043,13.784393399892288,-78.75134054529725,0.4792921895300135,19.277566285209055,1.9459101490483135,0,0,7.0,0.00018229166666666667,0.0,17.27206305855018,13.659406317217696,7.287556744681387,-11.089760263645584,13.269938432867116,109.0803624702335,0.38343375162400956,19.03394488943015,1.866693328413291,0.2,0.2,13,25.0
7,3,0,0.0,0.0,0.0,0.0,0.0,0.0,0.0,0.0,0.0,0.0,0.0,0,0,0.0,0.0,0.0,0.0,0.0,0.0,0.0,0.0,0.0,0.0,0.0,0.0,0.0,0.0,13,25.0
7,4,0,0.0,0.0,0.0,0.0,0.0,0.0,0.0,0.0,0.0,0.0,0.0,0,0,0.0,0.0,0.0,0.0,0.0,0.0,0.0,0.0,0.0,0.0,0.0,0.0,0.0,0.0,13,25.0
7,5,0,0.0,0.0,0.0,0.0,0.0,0.0,0.0,0.0,0.0,0.0,0.0,0,0,0.0,0.0,0.0,0.0,0.0,0.0,0.0,0.0,0.0,0.0,0.0,0.0,0.0,0.0,13,25.0
8,0,8,0.00020833333333333335,0.0,16.49617922886495,15.598156067811543,3.6859325718946945,-3.440203733768349,5.041934217578402,-70.93043090751111,0.8047814308702531,27.53317409448133,1.559581156254877,0,0,8.0,0.00020833333333333335,0.0,21.911079932648807,20.718279042805044,4.895846613246034,-4.569456839029619,6.696958254624798,82.48089614432476,0.8047814308702556,27.242033594308605,1.6635532333382688,0.0,0.0,13,25.0
8,1,5,0.00013020833333333333,0.0,12.545777945593485,11.740976079614676,-5.1111598330272825,3.5384952690189415,6.216502522127768,-53.94445728340385,0.8883297105051192,26.78533206214646,1.6094379124291003,0,0,5.0,0.00013020833333333333,0.4,16.6639522746065,15.594972738754288,-6.788907303701171,4.70001274871621,8.257080732095456,126.23180762955357,0.8883297105051196,26.582095683471664,1.6094379124291003,0.4,0.0,13,25.0
8,2,7,0.00018229166666666667,0.0,15.30869518013075,12.106700105423968,6.459158030748804,-9.829153525052437,11.761504218646419,-65.8244755160273,0.4792921895300135,19.27480178327241,1.9459101490483135,0,0,7.0,0.00018229166666666667,0.0,20.333802094576335,16.080746338302486,8.579388350831149,-13.055590968656071,15.622239276596398,95.91546736702803,0.4792921895300123,19.366281736280875,1.9459101490483135,0.2,0.2,13,25.0
8,3,0,0.0,0.0,0.0,0.0,0.0,0.0,0.0,0.0,0.0,0.0,0.0,0,0,0.0,0.0,0.0,0.0,0.0,0.0,0.0,0.0,0.0,0.0,0.0,0.0,0.0,0.0,13,25.0
8,4,0,0.0,0.0,0.0,0.0,0.0,0.0,0.0,0.0,0.0,0.0,0.0,0,0,0.0,0.0,0.0,0.0,0.0,0.0,0.0,0.0,0.0,0.0,0.0,0.0,0.0,0.0,13,25.0
8,5,0,0.0,0.0,0.0,0.0,0.0,0.0,0.0,0.0,0.0,0.0,0.0,0,0,0.0,0.0,0.0,0.0,0.0,0.0,0.0,0.0,0.0,0.0,0.0,0.0,0.0,0.0,13,25.0
9,0,6,0.00015625,-2.0,13.084536719638871,11.073762675943877,2.4682722885755037,-2.530270478722007,3.534775351566468,-65.43845455067854,0.7603999621220089,32.47287859234793,1.5607104090364068,0,2,7.6,0.0001979166666666667,-0.4,19.518068307167102,18.195843839684112,4.270076793635917,-4.030714942603817,5.8726689362398,-55.85476900104793,0.795905137120606,28.448284316301294,1.59446436583898,0.0,0.4,13,25.0
9,1,5,0.00013020833333333333,0.0,27.577475639551142,20.139171424657057,3.1770744222864535,9.713018592688549,10.219419360543936,654.4462755494808,0.7589802788022306,23.936995041195697,1.3321790402061222,1,1,5.0,0.00013020833333333333,0.0,18.36927232842156,16.05705170758688,-4.601224088019579,5.56796916102171,8.413001732505219,98.36376798548437,0.8624598241645417,26.14452270106954,1.5539861379845046,0.2,0.2,13,25.0
9,2,7,0.00018229166666666667,0.0,11.279208894672209,9.736865374626994,-1.0794997957473436,-2.3740160796904384,2.607924875384127,-113.94367717086018,0.7227852111507123,21.692935095875075,1.7478680974607577,2,2,7.0,0.00018229166666666667,0.0,17.940365921580945,14.351293060069466,6.401830610464154,-10.545262778393576,12.5718345032422,-62.47720833176402,0.5279907938541527,19.780652467545405,1.9063017387308023,0.4,0.4,13,25.0
9,3,0,0.0,0.0,0.0,0.0,0.0,0.0,0.0,0.0,0.0,0.0,0.0,0,0,0.0,0.0,0.0,0.0,0.0,0.0,0.0,0.0,0.0,0.0,0.0,0.0,0.0,0.0,13,25.0
9,4,0,0.0,0.0,0.0,0.0,0.0,0.0,0.0,0.0,0.0,0.0,0.0,0,0,0.0,0.0,0.0,0.0,0.0,0.0,0.0,0.0,0.0,0.0,0.0,0.0,0.0,0.0,13,25.0
9,5,0,0.0,0.0,0.0,0.0,0.0,0.0,0.0,0.0,0.0,0.0,0.0,0,0,0.0,0.0,0.0,0.0,0.0,0.0,0.0,0.0,0.0,0.0,0.0,0.0,0.0,0.0,13,25.0
10,0,6,0.00015625,0.0,13.183075234464518,10.13758937992312,2.9753996974658143,0.09631279226896143,2.976958097393093,2.463462870641133,0.7906533570603549,32.32933018450439,1.791759469222055,0,0,7.2,0.0001875,-0.4,16.964997008260337,15.316192822696939,3.705564946782064,-2.9291667168928095,4.881871608425612,-59.856260836674394,0.7930795223586256,29.462502354913575,1.6062426694046184,0.0,0.4,13,25.0
10,1,5,0.00013020833333333333,0.0,30.638292873060344,22.62842276562891,4.031221211929489,11.925104081899484,12.58804400308666,76.5204308377299,0.7061814480588486,23.496634643375312,1.6094379124291003,0,0,5.0,0.00013020833333333333,0.0,20.550038013572653,16.889033470425442,-2.1870125685658133,6.839781862508471,8.974903225986592,110.24990876888515,0.8260301716752876,25.540068376777985,1.5539861379845046,0.2,0.2,13,25.0
10,2,7,0.00018229166666666667,0.0,11.208141611998153,8.89914238745572,-0.8205753316865728,-0.9124926833108251,1.2271865270073326,-1.7766820668514174,0.7128866285386305,22.1828175679237,1.7478680974607577,0,0,7.0,0.00018229166666666667,0.0,15.365889542031335,12.32236222680638,4.205668985194932,-7.6355165514637,9.117110880301576,-67.00321349561952,0.5747096816558765,20.34466892126317,1.8666933284132914,0.4,0.4,13,25.0
10,3,0,0.0,0.0,0.0,0.0,0.0,0.0,0.0,0.0,0.0,0.0,0.0,0,0,0.0,0.0,0.0,0.0,0.0,0.0,0.0,0.0,0.0,0.0,0.0,0.0,0.0,0.0,13,25.0
10,4,0,0.0,0.0,0.0,0.0,0.0,0.0,0.0,0.0,0.0,0.0,0.0,0,0,0.0,0.0,0.0,0.0,0.0,0.0,0.0,0.0,0.0,0.0,0.0,0.0,0.0,0.0,13,25.0
10,5,0,0.0,0.0,0.0,0.0,0.0,0.0,0.0,0.0,0.0,0.0,0.0,0,0,0.0,0.0,0.0,0.0,0.0,0.0,0.0,0.0,0.0,0.0,0.0,0.0,0.0,0.0,13,25.0
11,0,6,0.00015625,0.0,12.621621952793285,9.668039504767572,2.995399879976214,1.1010893751097222,3.1913662047688973,-14.036332041780808,0.8011687622682406,32.27038304707168,1.791759469222055,0,0,6.8,0.00017708333333333335,-0.4,14.943761920185404,12.951693557162972,3.288977869981052,-1.7609929259276946,4.130828477667215,-46.56035556587861,0.7923569886382225,30.425479967753592,1.6526783319980543,0.0,0.4,13,25.0
11,1,5,0.00013020833333333333,0.0,28.845029259428053,20.868523704089906,3.3327458058307555,11.481961249705156,11.95586168981614,-44.83159034080726,0.687466309852605,23.341092122686184,1.6094379124291003,0,0,5.0,0.00013020833333333333,0.0,22.862026390912533,17.82748571024507,-0.1120717608555167,8.161133741765093,9.653104240628931,113.53047607360483,0.7858574915447847,24.866792752719938,1.5539861379845046,0.2,0.2,13,25.0
11,2,7,0.00018229166666666667,0.0,10.817881158988019,8.117818987353424,-0.6893278842583478,-0.2965491173640925,0.7504094289289763,-9.75651132525333,0.7089261230460977,22.439467208935945,1.5498260458732018,0,0,7.0,0.00018229166666666667,0.0,13.311120209312197,10.60989744119222,2.2879678110622015,-4.986380900813168,6.026283689971828,-54.010537324857886,0.6206364683590935,20.973517588243237,1.787476507778269,0.4,0.4,13,25.0
11,3,0,0.0,0.0,0.0,0.0,0.0,0.0,0.0,0.0,0.0,0.0,0.0,0,0,0.0,0.0,0.0,0.0,0.0,0.0,0.0,0.0,0.0,0.0,0.0,0.0,0.0,0.0,13,25.0
11,4,0,0.0,0.0,0.0,0.0,0.0,0.0,0.0,0.0,0.0,0.0,0.0,0,0,0.0,0.0,0.0,0.0,0.0,0.0,0.0,0.0,0.0,0.0,0.0,0.0,0.0,0.0,13,25.0
11,5,0,0.0,0.0,0.0,0.0,0.0,0.0,0.0,0.0,0.0,0.0,0.0,0,0,0.0,0.0,0.0,0.0,0.0,0.0,0.0,0.0,0.0,0.0,0.0,0.0,0.0,0.0,13,25.0
12,0,6,0.00015625,0.0,11.76086773774952,9.058625455525915,2.844948475484358,1.4413230844340177,3.189223112590771,-21.518855376094166,0.8050730796004302,32.239150437473064,1.791759469222055,0,0,6.4,0.0001666666666666667,-0.4,13.429256174702228,11.107234616794406,2.993990582679317,-0.666349792135531,3.586851396779526,-33.8921220010847,0.7924153183842575,31.368983271175676,1.6991139945914895,0.0,0.4,13,25.0
12,1,5,0.00013020833333333333,0.0,26.02040884458419,18.408528319471657,2.490146625138577,10.407072473023547,10.700840512476274,-70.61551037109663,0.6794772806011371,23.27934719189137,1.6094379124291003,0,0,5.0,0.00013020833333333333,0.0,25.125396912443442,18.75712445869244,1.5840056464315986,9.413130333267137,10.336133617610155,112.31502967838057,0.7440870055639881,24.167880212259004,1.5539861379845046,0.2,0.2,13,25.0
12,2,7,0.00018229166666666667,0.0,10.141039349851157,7.403325746220112,-0.6075260575338222,-0.03661044816798003,0.6086281586466809,-16.921045228421566,0.7080050601209353,22.569430572717646,1.7478680974607577,0,0,7.0,0.00018229166666666667,0.0,11.750993239128057,9.252770520216043,0.6524457923045436,-2.6897643707171546,3.3911306417227074,-41.64447826148275,0.6663790424772779,21.631890445744954,1.7478680974607577,0.4,0.4,13,25.0
12,3,0,0.0,0.0,0.0,0.0,0.0,0.0,0.0,0.0,0.0,0.0,0.0,0,0,0.0,0.0,0.0,0.0,0.0,0.0,0.0,0.0,0.0,0.0,0.0,0.0,0.0,0.0,13,25.0
12,4,0,0.0,0.0,0.0,0.0,0.0,0.0,0.0,0.0,0.0,0.0,0.0,0,0,0.0,0.0,0.0,0.0,0.0,0.0,0.0,0.0,0.0,0.0,0.0,0.0,0.0,0.0,13,25.0
12,5,0,0.0,0.0,0.0,0.0,0.0,0.0,0.0,0.0,0.0,0.0,0.0,0,0,0.0,0.0,0.0,0.0,0.0,0.0,0.0,0.0,0.0,0.0,0.0,0.0,0.0,0.0,13,25.0
13,0,6,0.00015625,0.0,10.852152468763107,8.392797682023238,2.6471623956242882,1.5103373094485324,3.0477184149982675,-22.717881724660305,0.8066870737401707,32.219402667683376,1.791759469222055,0,0,6.0,0.00015625,-0.4,12.30045082268186,9.666162939636745,2.7862365474252355,0.3237584165078453,3.1880082362634994,-24.249612164514538,0.792796446958241,32.306228985816084,1.7455496571849256,0.0,0.4,13,25.0
13,1,5,0.00013020833333333333,0.0,23.266232525130825,16.143168725138572,1.7936150128273483,9.294512923659479,9.465993096464455,-68.85440798633408,0.6757638062918867,23.255592266758764,1.6094379124291003,0,0,5.0,0.00013020833333333333,0.0,27.26948782835091,19.637562987797217,2.9649606156025246,10.564333864195243,10.986031732477494,109.33303953779452,0.7015738247213416,23.461932253181466,1.5539861379845046,0.2,0.2,13,25.0
13,2,7,0.00018229166666666667,0.0,9.388520274275155,6.763137167982371,-0.5466309279389865,0.0707683566467651,0.5511928262250164,-18.81297688940001,0.7077926679891413,22.635316705594686,1.7478680974607577,0,0,7.0,0.00018229166666666667,0.0,10.566958257956939,8.184057932727724,-0.7487119994330145,-0.7097799943773142,1.1490683632384266,-32.242178536157304,0.7120791381691034,22.30399343020941,1.7082596871432465,0.4,0.4,13,25.0
13,3,0,0.0,0.0,0.0,0.0,0.0,0.0,0.0,0.0,0.0,0.0,0.0,0,0,0.0,0.0,0.0,0.0,0.0,0.0,0.0,0.0,0.0,0.0,0.0,0.0,0.0,0.0,13,25.0
13,4,0,0.0,0.0,0.0,0.0,0.0,0.0,0.0,0.0,0.0,0.0,0.0,0,0,0.0,0.0,0.0,0.0,0.0,0.0,0.0,0.0,0.0,0.0,0.0,0.0,0.0,0.0,13,25.0
13,5,0,0.0,0.0,0.0,0.0,0.0,0.0,0.0,0.0,0.0,0.0,0.0,0,0,0.0,0.0,0.0,0.0,0.0,0.0,0.0,0.0,0.0,0.0,0.0,0.0,0.0,0.0,13,25.0
14,0,6,0.00015625,0.0,7.139149361843178,5.184233918073612,1.9737437744402362,-1.2591698225127799,2.34119053668608,12.911022669799104,0.6417542424099929,29.161734072920115,1.5607104090364068,1,1,6.0,0.00015625,0.0,11.111373351122722,8.488257188062692,2.687330844598182,0.5779785477496908,2.9492912732874217,-8.57971672041901,0.7690673030158379,31.64400008193053,1.7455496571849256,0.2,0.2,13,25.0
14,1,6,0.00015625,1.0,26.948414502731154,23.859742272722443,3.5289380312644085,1.8644591124249221,3.9911917280943356,448.31798583607923,0.7597237149269014,20.746916880862347,1.791759469222055,2,1,5.2,0.00013541666666666666,0.2,27.143675600986917,20.381677157410298,3.0353333373981153,8.994621968142518,9.740386205987573,68.10738159511422,0.7017225119462758,22.823916621114797,1.6459022237876912,0.4,0.2,13,25.0
14,2,9,0.000234375,2.0,17.6536393789294,13.57477869829611,8.743324408660841,2.6167131079375667,9.126494902444023,106.45717762884142,0.7262256399909908,15.872548434037444,1.8891591637470215,2,0,7.4,0.0001927083333333333,0.4,11.841844354808376,8.951640597461548,1.2158528414486225,0.28836584314828684,2.4527823686504058,11.837992423783021,0.7127672239371592,21.139916097841883,1.7365179004004994,0.4,0.0,13,25.0
14,3,0,0.0,0.0,0.0,0.0,0.0,0.0,0.0,0.0,0.0,0.0,0.0,0,0,0.0,0.0,0.0,0.0,0.0,0.0,0.0,0.0,0.0,0.0,0.0,0.0,0.0,0.0,13,25.0
14,4,0,0.0,0.0,0.0,0.0,0.0,0.0,0.0,0.0,0.0,0.0,0.0,0,0,0.0,0.0,0.0,0.0,0.0,0.0,0.0,0.0,0.0,0.0,0.0,0.0,0.0,0.0,13,25.0
14,5,0,0.0,0.0,0.0,0.0,0.0,0.0,0.0,0.0,0.0,0.0,0.0,0,0,0.0,0.0,0.0,0.0,0.0,0.0,0.0,0.0,0.0,0.0,0.0,0.0,0.0,0.0,13,25.0
15,0,6,0.00015625,0.0,7.311132619667749,5.503406109599349,2.6671412263878214,-1.0199272159990909,2.8555023809188445,4.299581445614266,0.5862819617245774,28.762306735512478,1.5607104090364068,0,0,6.0,0.00015625,0.0,9.936984828163368,7.5614205339979375,2.6256791503825836,0.35473054609608035,2.925000129992572,-8.212493005424381,0.7281930239486825,30.93059539213214,1.699339845147796,0.2,0.2,13,25.0
15,1,6,0.00015625,0.0,29.768495622062744,26.643001177537958,3.5260805205165298,0.012252968427947764,3.52610180970451,70.50202798328972,0.7850464023546379,19.949655712787653,1.791759469222055,0,0,5.4,0.000140625,0.2,26.969716150787395,21.18459283979211,2.934305199115524,6.61205174544821,7.927997767311143,66.9037010242262,0.7174955028054336,22.114520834997265,1.6823665351462822,0.4,0.2,13,25.0
15,2,9,0.000234375,0.0,17.718711908865536,14.634646687742368,9.421724425669689,2.725867027449708,9.808121237250198,1.6268132484034084,0.7206746651484621,15.742517543623936,1.7351264569569227,0,0,7.8,0.00020312500000000002,0.4,13.143958414181856,10.098741457518878,3.264312792919875,1.0160377853003935,4.168969310698978,12.518691486833985,0.7143248312591254,19.851856092981933,1.7339695722997324,0.4,0.0,13,25.0
15,3,0,0.0,0.0,0.0,0.0,0.0,0.0,0.0,0.0,0.0,0.0,0.0,0,0,0.0,0.0,0.0,0.0,0.0,0.0,0.0,0.0,0.0,0.0,0.0,0.0,0.0,0.0,13,25.0
15,4,0,0.0,0.0,0.0,0.0,0.0,0.0,0.0,0.0,0.0,0.0,0.0,0,0,0.0,0.0,0.0,0.0,0.0,0.0,0.0,0.0,0.0,0.0,0.0,0.0,0.0,0.0,13,25.0
15,5,0,0.0,0.0,0.0,0.0,0.0,0.0,0.0,0.0,0.0,0.0,0.0,0,0,0.0,0.0,0.0,0.0,0.0,0.0,0.0,0.0,0.0,0.0,0.0,0.0,0.0,0.0,13,25.0
16,0,6,0.00015625,0.0,7.174993670934941,5.51720534052882,2.8642272224513463,-0.8746140933998205,2.9947867026225667,-3.4034737183201957,0.5690801925691997,28.587683325061917,1.5607104090364068,0,0,6.0,0.00015625,0.0,8.8476591717917,6.731253701150187,2.59944461887761,-0.04041014760582824,2.885684229563306,-6.085921340732259,0.6817753100088743,30.194055447730193,1.653130033110666,0.2,0.2,13,25.0
16,1,6,0.00015625,0.0,29.098551262422433,26.282547092300113,3.0102527136282844,-1.1524512621543306,3.2233158876454477,-16.74860899100774,0.7939008645475025,19.94990714259357,1.791759469222055,0,0,5.6,0.00014583333333333335,0.2,27.02042055138627,22.267397517434148,2.8698065806750295,4.085169243076313,6.181488606877005,72.5202972941861,0.7387824137444131,21.43628383897874,1.7188308465048732,0.4,0.2,13,25.0
16,2,9,0.000234375,0.0,16.676099815689017,13.87091473693612,8.955478398516792,2.6425413889263236,9.33721684114113,-26.065302329413058,0.7109759829762312,15.573802479195223,1.7351264569569227,0,0,8.2,0.00021354166666666665,0.4,14.315602145522053,11.249360607435417,5.193274049474903,1.6038558865584769,5.8863307931414095,9.256933286002042,0.7147348032451522,18.478723147033786,1.7710296545164765,0.4,0.0,13,25.0
16,3,0,0.0,0.0,0.0,0.0,0.0,0.0,0.0,0.0,0.0,0.0,0.0,0,0,0.0,0.0,0.0,0.0,0.0,0.0,0.0,0.0,0.0,0.0,0.0,0.0,0.0,0.0,13,25.0
16,4,0,0.0,0.0,0.0,0.0,0.0,0.0,0.0,0.0,0.0,0.0,0.0,0,0,0.0,0.0,0.0,0.0,0.0,0.0,0.0,0.0,0.0,0.0,0.0,0.0,0.0,0.0,13,25.0
16,5,0,0.0,0.0,0.0,0.0,0.0,0.0,0.0,0.0,0.0,0.0,0.0,0,0,0.0,0.0,0.0,0.0,0.0,0.0,0.0,0.0,0.0,0.0,0.0,0.0,0.0,0.0,13,25.0
17,0,6,0.00015625,0.0,6.875984766802843,5.341728429562383,2.8483545121354727,-0.7804521308726745,2.9533419977012834,-7.475222603302453,0.562730733624906,28.46323850927571,1.5607104090364068,0,0,6.0,0.00015625,0.0,7.870682577602364,5.98787429595748,2.600125826207833,-0.48476519066716667,2.8385080065854082,-3.2771947861739164,0.6333068408137693,29.43887306209072,1.6069202210735365,0.2,0.2,13,25.0
17,1,6,0.00015625,0.0,27.336774760552064,24.843193017382802,2.4557191888172634,-1.7822783492349927,3.034315878163829,-44.04441254675918,0.7976528163856751,20.047869036294156,1.791759469222055,0,0,5.8,0.00015104166666666667,0.2,27.283693734579845,23.554330457016377,2.8629210934107667,1.6472990786246051,4.648183680014515,77.8345168590536,0.7624175209013206,20.7899882078593,1.7552951578634641,0.4,0.2,13,25.0
17,2,9,0.000234375,0.0,15.420505286690027,12.729439945604677,8.239953270208202,2.5051747100259214,8.61235915547931,-31.38986322497468,0.7049523116367586,15.401807970601688,1.8891591637470215,0,0,8.6,0.00022395833333333333,0.4,15.371495332889827,12.31458344731233,6.962769915023308,2.1122129181972573,7.4870769925079355,6.363169686691418,0.7141242535483168,17.045198626610595,1.7992878677737292,0.4,0.0,13,25.0
17,3,0,0.0,0.0,0.0,0.0,0.0,0.0,0.0,0.0,0.0,0.0,0.0,0,0,0.0,0.0,0.0,0.0,0.0,0.0,0.0,0.0,0.0,0.0,0.0,0.0,0.0,0.0,13,25.0
17,4,0,0.0,0.0,0.0,0.0,0.0,0.0,0.0,0.0,0.0,0.0,0.0,0,0,0.0,0.0,0.0,0.0,0.0,0.0,0.0,0.0,0.0,0.0,0.0,0.0,0.0,0.0,13,25.0
17,5,0,0.0,0.0,0.0,0.0,0.0,0.0,0.0,0.0,0.0,0.0,0.0,0,0,0.0,0.0,0.0,0.0,0.0,0.0,0.0,0.0,0.0,0.0,0.0,0.0,0.0,0.0,13,25.0
18,0,6,0.00015625,0.0,6.51960605270298,5.090067784853074,2.7467116013290607,-0.7133165420109672,2.8378240096916043,-8.909467852496554,0.5600614283306322,28.406916030451203,1.5607104090364068,0,0,6.0,0.00015625,0.0,7.0041732943903385,5.327328316523447,2.6200356673487875,-0.9294959609590666,2.7965291255240756,-0.5155120117411667,0.5839817117318616,28.676375734644285,1.5607104090364068,0.2,0.2,13,25.0
18,1,6,0.00015625,0.0,25.361580539536167,23.146801837525054,1.9772402130141804,-2.092742562591274,2.8790710816583625,-49.37985552539746,0.7993892777198834,20.109862322584043,1.791759469222055,0,0,6.0,0.00015625,0.2,27.702763337460915,24.955057079493674,2.899646133448133,-0.6301520186255455,3.330799277053297,81.72942735124091,0.7871426151869201,20.160842219024353,1.791759469222055,0.4,0.2,13,25.0
18,2,9,0.000234375,0.0,14.218822629490493,11.629231659566559,7.530937440095913,2.353861231585731,7.890226956444325,-30.04206642998838,0.7016002500597524,15.343957676905566,1.8891591637470215,0,0,9.0,0.000234375,0.4,16.337555803932894,13.287802345629165,8.578283588630288,2.5688314931850504,8.954883818551796,4.1173517785737435,0.712885769962439,15.58692682087277,1.827546081030982,0.4,0.0,13,25.0
18,3,0,0.0,0.0,0.0,0.0,0.0,0.0,0.0,0.0,0.0,0.0,0.0,0,0,0.0,0.0,0.0,0.0,0.0,0.0,0.0,0.0,0.0,0.0,0.0,0.0,0.0,0.0,13,25.0
18,4,0,0.0,0.0,0.0,0.0,0.0,0.0,0.0,0.0,0.0,0.0,0.0,0,0,0.0,0.0,0.0,0.0,0.0,0.0,0.0,0.0,0.0,0.0,0.0,0.0,0.0,0.0,13,25.0
18,5,0,0.0,0.0,0.0,0.0,0.0,0.0,0.0,0.0,0.0,0.0,0.0,0,0,0.0,0.0,0.0,0.0,0.0,0.0,0.0,0.0,0.0,0.0,0.0,0.0,0.0,0.0,13,25.0
19,0,6,0.00015625,0.0,6.530660215927561,4.197859107514929,1.3909188660267244,0.650034934663218,1.5353177873494734,-35.35535477249796,0.8065985579539117,33.57679378802276,1.5607104090364066,1,1,6.0,0.00015625,0.0,6.882475465207216,5.130053354411712,2.503470685666085,-0.547655009523867,2.6353545756567547,-10.16878750020058,0.6169505748406454,29.559387677664812,1.5607104090364068,0.2,0.2,13,25.0
19,1,5,0.00013020833333333333,-1.0,36.30912943228344,7.325596770037889,-5.64392970292756,-6.589155831062598,8.67588134183578,146.88081962100094,0.7131690763531902,37.4236604336693,1.6094379124291003,0,1,5.8,0.00015104166666666667,-0.2,29.574906323371373,21.648227978956765,1.0650725866097397,-2.3208750073230497,4.267737199801585,21.44199410822524,0.7778316874721778,23.496190929585744,1.7552951578634641,0.0,0.2,13,25.0
19,2,6,0.00015625,-3.0,11.118891361748842,12.458317556983536,8.570549618153594,1.0577337685297836,8.63557302570715,5.4560996591095074,0.5606701302860025,26.614137551499464,1.5607104090364068,0,3,8.4,0.00021874999999999998,-0.6,15.030606200496786,13.064510117366652,8.543728630528838,2.2570356253034936,8.856699443204423,-16.08286381537264,0.6797746680214414,17.735244644365174,1.7618563300888588,0.0,0.6,13,25.0
19,3,0,0.0,0.0,0.0,0.0,0.0,0.0,0.0,0.0,0.0,0.0,0.0,0,0,0.0,0.0,0.0,0.0,0.0,0.0,0.0,0.0,0.0,0.0,0.0,0.0,0.0,0.0,13,25.0
19,4,0,0.0,0.0,0.0,0.0,0.0,0.0,0.0,0.0,0.0,0.0,0.0,0,0,0.0,0.0,0.0,0.0,0.0,0.0,0.0,0.0,0.0,0.0,0.0,0.0,0.0,0.0,13,25.0
19,5,0,0.0,0.0,0.0,0.0,0.0,0.0,0.0,0.0,0.0,0.0,0.0,0,0,0.0,0.0,0.0,0.0,0.0,0.0,0.0,0.0,0.0,0.0,0.0,0.0,0.0,0.0,13,25.0
20,0,6,0.00015625,0.0,6.5362311792224785,3.9448951613219854,0.5694788731201893,0.5667059528804035,0.8034063878015452,0.13927408237292602,0.817163030449179,33.57543646594784,1.5607104090364066,0,0,6.0,0.00015625,0.0,6.72749517711816,4.818351164756239,2.0839382150125583,-0.2303283757479681,2.2249353770332947,-11.000848972848846,0.6631267885855656,30.52201362375189,1.5607104090364068,0.2,0.2,13,25.0
20,1,5,0.00013020833333333333,0.0,36.58120522560372,4.597805215831758,-9.509531396864125,-6.492520203563726,11.51451284169798,6.801894833007083,0.6518322127708377,36.11722648007107,1.6094379124291003,0,0,5.6,0.00014583333333333332,-0.2,30.937448244079565,17.23918878661552,-1.5420497968663913,-3.6218296417213844,5.86541940620028,8.701967478168715,0.7511888495554178,26.729705083042425,1.7188308465048732,0.0,0.2,13,25.0
20,2,6,0.00015625,0.0,11.444872276262876,12.407232172554169,8.765169275416195,1.2130308923047157,8.848708175343203,8.149522862850896,0.3878025782965667,24.91662638394833,1.5607104090364068,0,0,7.8,0.00020312500000000002,-0.6,13.775838273976252,12.619027214329012,8.41241760047814,1.954468398274495,8.664816830823023,-14.778321892483143,0.6132002506510623,19.57006641243005,1.7269731205047556,0.0,0.6,13,25.0
20,3,0,0.0,0.0,0.0,0.0,0.0,0.0,0.0,0.0,0.0,0.0,0.0,0,0,0.0,0.0,0.0,0.0,0.0,0.0,0.0,0.0,0.0,0.0,0.0,0.0,0.0,0.0,13,25.0
20,4,0,0.0,0.0,0.0,0.0,0.0,0.0,0.0,0.0,0.0,0.0,0.0,0,0,0.0,0.0,0.0,0.0,0.0,0.0,0.0,0.0,0.0,0.0,0.0,0.0,0.0,0.0,13,25.0
20,5,0,0.0,0.0,0.0,0.0,0.0,0.0,0.0,0.0,0.0,0.0,0.0,0,0,0.0,0.0,0.0,0.0,0.0,0.0,0.0,0.0,0.0,0.0,0.0,0.0,0.0,0.0,13,25.0
21,0,6,0.00015625,0.0,6.497351530328754,3.8063509677504626,0.19991518261917776,0.5270740246357793,0.5637136752708926,-0.9719912223430857,0.775243474669332,33.587393636310495,1.5607104090364066,0,0,6.0,0.00015625,0.0,6.591966748996924,4.476180290200567,1.5510758070461248,0.05000924785915184,1.7387207715629596,-10.514552473653426,0.7043594450055922,31.521955686001604,1.5607104090364068,0.2,0.2,13,25.0
21,1,5,0.00013020833333333333,0.0,34.783668552590846,3.947783458276642,-11.093925388902814,-5.665145562761458,12.45668715115774,-44.9384168253218,0.625298770054395,35.50145619065987,1.6094379124291003,0,0,5.4,0.000140625,-0.2,32.07447170211325,12.77223605981083,-4.3628854173726115,-4.52436850184281,7.712093658902738,3.0640059113059026,0.7174684306567962,29.840014892655688,1.6823665351462822,0.0,0.2,13,25.0
21,2,6,0.00015625,0.0,11.316666584670273,11.583412201627608,8.447036721721442,1.2659339089667192,8.541370969579901,-3.205142289815052,0.416924257328778,24.13741146612008,1.5607104090364068,0,0,7.2,0.0001875,-0.6,12.703951627772502,12.16152670726731,8.310729265119068,1.679146902282574,8.505647656510778,-10.206289884563542,0.5543899055215716,21.282788209815028,1.6920899109206526,0.0,0.6,13,25.0
21,3,0,0.0,0.0,0.0,0.0,0.0,0.0,0.0,0.0,0.0,0.0,0.0,0,0,0.0,0.0,0.0,0.0,0.0,0.0,0.0,0.0,0.0,0.0,0.0,0.0,0.0,0.0,13,25.0
21,4,0,0.0,0.0,0.0,0.0,0.0,0.0,0.0,0.0,0.0,0.0,0.0,0,0,0.0,0.0,0.0,0.0,0.0,0.0,0.0,0.0,0.0,0.0,0.0,0.0,0.0,0.0,13,25.0
21,5,0,0.0,0.0,0.0,0.0,0.0,0.0,0.0,0.0,0.0,0.0,0.0,0,0,0.0,0.0,0.0,0.0,0.0,0.0,0.0,0.0,0.0,0.0,0.0,0.0,0.0,0.0,13,25.0
22,0,6,0.00015625,0.0,6.32147657618123,3.678103225481643,0.029378172072957804,0.497028132324638,0.49789561287127865,-4.396873853688137,0.7542708713559589,33.600078308484456,1.5607104090364066,0,0,6.0,0.00015625,0.0,6.481065110872601,4.143455249384418,0.987280539033622,0.30550530049861435,1.2476314945969587,-9.898882723730562,0.7426674725518028,32.54932364584336,1.5607104090364066,0.2,0.2,13,25.0
22,1,5,0.00013020833333333333,0.0,32.48428491454679,3.6405569714799855,-11.554649598972128,-4.8520250122645034,12.532041895663577,-57.484590951101566,0.612371277774272,35.21309225879124,1.6094379124291003,0,0,5.2,0.00013541666666666666,-0.2,33.103973732912195,8.531708850630265,-7.164959174930489,-5.138317834448712,9.611638862402687,0.3759702304374244,0.6804121229345157,32.8730595371551,1.6459022237876912,0.0,0.2,13,25.0
22,2,6,0.00015625,0.0,10.852355202683173,10.66222948658401,7.963462330118905,1.267598909439137,8.06371746023099,-11.607784549677532,0.4299857123296953,23.781163915202693,1.5607104090364068,0,0,6.6,0.000171875,-0.6,11.79032161097113,11.748084615463176,8.25543107710121,1.4316317421652172,8.395919317461113,-6.2498741495041115,0.499396585660159,22.95865939873523,1.6264001599785296,0.0,0.6,13,25.0
22,3,0,0.0,0.0,0.0,0.0,0.0,0.0,0.0,0.0,0.0,0.0,0.0,0,0,0.0,0.0,0.0,0.0,0.0,0.0,0.0,0.0,0.0,0.0,0.0,0.0,0.0,0.0,13,25.0
22,4,0,0.0,0.0,0.0,0.0,0.0,0.0,0.0,0.0,0.0,0.0,0.0,0,0,0.0,0.0,0.0,0.0,0.0,0.0,0.0,0.0,0.0,0.0,0.0,0.0,0.0,0.0,13,25.0
22,5,0,0.0,0.0,0.0,0.0,0.0,0.0,0.0,0.0,0.0,0.0,0.0,0,0,0.0,0.0,0.0,0.0,0.0,0.0,0.0,0.0,0.0,0.0,0.0,0.0,0.0,0.0,13,25.0
23,0,6,0.00015625,0.0,6.081515934038055,3.534045691866607,-0.0484625354327913,0.4709663501616217,0.4734531870471819,-5.999016053579367,0.7440302601682016,33.61020524885304,1.5607104090364066,0,0,6.0,0.00015625,0.0,6.393447087139616,3.8322508307871255,0.4282457116812516,0.542361878933132,0.7747573300680743,-9.316792363947126,0.7794612389193166,33.589981489523716,1.5607104090364066,0.2,0.2,13,25.0
23,1,5,0.00013020833333333333,0.0,30.221694043079264,3.5284555433393114,-11.488949603928754,-4.185967567095133,12.22776706820943,-56.56477178668805,0.6059007861651109,35.08174364291548,1.6094379124291003,0,0,5.0,0.00013020833333333333,-0.2,34.075996433620816,4.608039591793117,-9.858197138319076,-5.556962835349483,11.4813780597129,-1.0610130218206932,0.6417144246235612,35.86743580122139,1.6094379124291003,0.0,0.2,13,25.0
23,2,6,0.00015625,0.0,10.278009289974834,9.787564623139659,7.453051251396233,1.2445051733824015,7.556240208100489,-14.358647817708452,0.43640761060573274,23.624482696965188,1.5607104090364068,0,0,6.0,0.00015625,-0.6,11.002158943068,11.379751208177797,8.239853839361274,1.2097605305245513,8.329121967792346,-3.113190427048126,0.446358057769355,24.614764402747152,1.5607104090364068,0.0,0.6,13,25.0
23,3,0,0.0,0.0,0.0,0.0,0.0,0.0,0.0,0.0,0.0,0.0,0.0,0,0,0.0,0.0,0.0,0.0,0.0,0.0,0.0,0.0,0.0,0.0,0.0,0.0,0.0,0.0,13,25.0
23,4,0,0.0,0.0,0.0,0.0,0.0,0.0,0.0,0.0,0.0,0.0,0.0,0,0,0.0,0.0,0.0,0.0,0.0,0.0,0.0,0.0,0.0,0.0,0.0,0.0,0.0,0.0,13,25.0
23,5,0,0.0,0.0,0.0,0.0,0.0,0.0,0.0,0.0,0.0,0.0,0.0,0,0,0.0,0.0,0.0,0.0,0.0,0.0,0.0,0.0,0.0,0.0,0.0,0.0,0.0,0.0,13,25.0
24,0,7,0.00018229166666666667,1.0,3.899142854710201,3.119489576867517,0.5910565063007776,1.1860447828362761,1.3251603754012684,-12.843684540731852,0.4668901918689138,25.49701038885694,1.7478680974607577,2,1,6.2,0.00016145833333333333,0.2,5.867143614896144,3.616576924657643,0.2682732397360622,0.6495638485677437,0.7327258476784333,-4.814458317593903,0.7115195657023171,31.974024809690555,1.5981419467212767,0.4,0.2,13,25.0
24,1,4,0.00010416666666666667,-1.0,36.16992980327343,6.915249735091589,-10.293814862206649,-5.356257045287268,11.603969749726858,118.24315976354492,0.6680600334063518,42.124069597123366,1.3862943611158907,0,1,4.8,0.000125,-0.2,34.0481565078188,4.525970184803858,-10.788174170174894,-5.310383078194418,12.066995741291118,-6.788544993311899,0.6326926160341936,36.80751763391221,1.5648092021664584,0.0,0.2,13,25.0
24,2,7,0.00018229166666666667,1.0,9.856641135032236,10.84777693413183,5.758560008677834,5.109873702105376,7.698819560491839,-39.43675258343842,0.29195311690636905,22.005459459409433,1.9459101490483135,3,2,6.2,0.00016145833333333333,0.2,10.749708897724679,11.057643083607456,7.677455917466122,2.02018851723967,8.141771274749285,-12.09176087555771,0.39261465509342836,23.693028784329147,1.637750357038788,0.6,0.4,13,25.0
24,3,0,0.0,0.0,0.0,0.0,0.0,0.0,0.0,0.0,0.0,0.0,0.0,0,0,0.0,0.0,0.0,0.0,0.0,0.0,0.0,0.0,0.0,0.0,0.0,0.0,0.0,0.0,13,25.0
24,4,0,0.0,0.0,0.0,0.0,0.0,0.0,0.0,0.0,0.0,0.0,0.0,0,0,0.0,0.0,0.0,0.0,0.0,0.0,0.0,0.0,0.0,0.0,0.0,0.0,0.0,0.0,13,25.0
24,5,0,0.0,0.0,0.0,0.0,0.0,0.0,0.0,0.0,0.0,0.0,0.0,0,0,0.0,0.0,0.0,0.0,0.0,0.0,0.0,0.0,0.0,0.0,0.0,0.0,0.0,0.0,13,25.0
25,0,7,0.00018229166666666667,0.0,3.8915648673296093,3.2334969477498667,0.35714516619850156,1.2128042794246148,1.2642969943528357,-0.1894496845147796,0.5174302677055762,26.03023496384867,1.7478680974607577,0,0,6.4,0.00016666666666666666,0.2,5.33821035251757,3.474297281943219,0.22580649835172467,0.778783513876586,0.8249039689886913,-4.880203070971445,0.6515730131535966,30.46498450927072,1.635573484406147,0.4,0.2,13,25.0
25,1,4,0.00010416666666666667,0.0,38.12098062116761,8.327121760445463,-11.509626919879636,-4.961429050213698,12.5334468545218,48.77627044735446,0.6366805246706392,40.379392343564795,1.3862943611158907,0,0,4.6,0.00011979166666666667,-0.2,34.35611158693159,5.271833493726598,-11.188193274777996,-5.004164847524413,12.27078254385588,1.6063301295575827,0.6296622784141538,37.65995080661095,1.5201804919038164,0.0,0.2,13,25.0
25,2,7,0.00018229166666666667,0.0,9.416891062400337,10.500152405018385,5.133725578230374,5.207363553761373,7.312439640340224,-10.993751815797461,0.25072381221873574,22.666418736342766,1.9459101490483135,0,0,6.4,0.0001666666666666667,0.2,10.34411265495217,10.676227130100298,6.951167178028958,2.819055049531001,7.834517567748689,-15.920415811287384,0.3651989018778622,23.242987254808035,1.7147903050411695,0.6,0.4,13,25.0
25,3,0,0.0,0.0,0.0,0.0,0.0,0.0,0.0,0.0,0.0,0.0,0.0,0,0,0.0,0.0,0.0,0.0,0.0,0.0,0.0,0.0,0.0,0.0,0.0,0.0,0.0,0.0,13,25.0
25,4,0,0.0,0.0,0.0,0.0,0.0,0.0,0.0,0.0,0.0,0.0,0.0,0,0,0.0,0.0,0.0,0.0,0.0,0.0,0.0,0.0,0.0,0.0,0.0,0.0,0.0,0.0,13,25.0
25,5,0,0.0,0.0,0.0,0.0,0.0,0.0,0.0,0.0,0.0,0.0,0.0,0,0,0.0,0.0,0.0,0.0,0.0,0.0,0.0,0.0,0.0,0.0,0.0,0.0,0.0,0.0,13,25.0
26,0,7,0.00018229166666666667,0.0,3.8797715074360206,3.299299019319739,0.24140047289599206,1.1959035690625066,1.2200243992686581,-0.2948339973397169,0.5404976402999659,26.3191185023802,1.7478680974607577,0,0,6.6,0.00017187500000000002,0.2,4.814694347939023,3.3728868922570747,0.23410355640708755,0.9125494227619315,0.9561661137882446,-4.74477162597077,0.6046238462797233,29.011329482484662,1.6730050220910173,0.4,0.2,13,25.0
26,1,4,0.00010416666666666667,0.0,37.782825387357,8.395245117620185,-12.034762614728471,-4.6330309504163605,12.89575461073845,-8.453880845265349,0.620630563334184,39.55373473837377,1.3862943611158907,0,0,4.4,0.00011458333333333333,-0.2,34.95594295388482,6.161325825595307,-11.376360719943127,-4.7977419250553925,12.358596035772022,8.903237325568872,0.6287286370701116,38.47040651615373,1.4755517816411745,0.0,0.2,13,25.0
26,2,7,0.00018229166666666667,0.0,9.130853927799977,10.068665572960889,4.731403073658919,5.13706271262906,6.983952201935011,-7.150928365009023,0.25774197280053335,22.84524012419586,1.9459101490483135,0,0,6.6,0.000171875,0.2,9.906950123578111,10.373277804366953,6.208040448416453,3.5932808102634697,7.523033814219711,-16.709573026326176,0.33336244497221323,22.98455298642319,1.7918302530435508,0.6,0.4,13,25.0
26,3,0,0.0,0.0,0.0,0.0,0.0,0.0,0.0,0.0,0.0,0.0,0.0,0,0,0.0,0.0,0.0,0.0,0.0,0.0,0.0,0.0,0.0,0.0,0.0,0.0,0.0,0.0,13,25.0
26,4,0,0.0,0.0,0.0,0.0,0.0,0.0,0.0,0.0,0.0,0.0,0.0,0,0,0.0,0.0,0.0,0.0,0.0,0.0,0.0,0.0,0.0,0.0,0.0,0.0,0.0,0.0,13,25.0
26,5,0,0.0,0.0,0.0,0.0,0.0,0.0,0.0,0.0,0.0,0.0,0.0,0,0,0.0,0.0,0.0,0.0,0.0,0.0,0.0,0.0,0.0,0.0,0.0,0.0,0.0,0.0,13,25.0
27,0,7,0.00018229166666666667,0.0,3.806712305604905,3.2720634803752926,0.18275692780228875,1.1614852474492707,1.17577552054039,-1.8264800457778887,0.5488995540671655,26.470598831537565,1.7478680974607577,0,0,6.8,0.00017708333333333335,0.2,4.311741493823758,3.2916789432358042,0.26477930755295376,1.045440845786858,1.091742095322067,-4.230692864388721,0.5635495828219647,27.58543358709528,1.7104365597758875,0.4,0.2,13,25.0
27,1,4,0.00010416666666666667,0.0,36.41870807851993,8.021878944591018,-12.15190697488847,-4.344428770237274,12.905150307765052,-34.10293272092686,0.6129321324787307,39.17162283556594,1.3862943611158907,0,0,4.2,0.00010937500000000002,-0.2,35.74282758667945,7.0375902202175125,-11.495812195126396,-4.696222676649947,12.433217718192319,13.579568971603814,0.6288408080110033,39.26211263150867,1.4309230713785326,0.0,0.2,13,25.0
27,2,7,0.00018229166666666667,0.0,8.816624420283867,9.644960654721844,4.441774960538821,4.987923684212566,6.6789780265844785,-7.855737687902722,0.2643088881692742,22.936123606424207,1.9459101490483135,0,0,6.8,0.00017708333333333332,0.2,9.49980396709825,10.169824037994522,5.503702974500436,4.3373457652181555,7.246085927490408,-15.959163653971213,0.30022708014012905,22.81554492466749,1.8688702010459324,0.6,0.4,13,25.0
27,3,0,0.0,0.0,0.0,0.0,0.0,0.0,0.0,0.0,0.0,0.0,0.0,0,0,0.0,0.0,0.0,0.0,0.0,0.0,0.0,0.0,0.0,0.0,0.0,0.0,0.0,0.0,13,25.0
27,4,0,0.0,0.0,0.0,0.0,0.0,0.0,0.0,0.0,0.0,0.0,0.0,0,0,0.0,0.0,0.0,0.0,0.0,0.0,0.0,0.0,0.0,0.0,0.0,0.0,0.0,0.0,13,25.0
27,5,0,0.0,0.0,0.0,0.0,0.0,0.0,0.0,0.0,0.0,0.0,0.0,0,0,0.0,0.0,0.0,0.0,0.0,0.0,0.0,0.0,0.0,0.0,0.0,0.0,0.0,0.0,13,25.0
28,0,7,0.00018229166666666667,0.0,3.695065931061389,3.1926248231400263,0.15172578064025144,1.1205897686069837,1.1308148133171703,-2.7911593635879153,0.5521826534600722,26.548143027172642,1.7478680974607577,0,0,7.0,0.00018229166666666667,0.2,3.8344514932284257,3.2233947694904885,0.30481697076756226,1.1753655294759304,1.2232144205760647,-3.589121526390431,0.5251800614803388,26.1730211427592,1.7478680974607577,0.4,0.2,13,25.0
28,1,4,0.00010416666666666667,0.0,34.69876395437119,7.5546231498195215,-12.042955068086842,-4.086795835108875,12.717494524072805,-42.99860310371845,0.6091781097566962,39.00402415564112,1.3862943611158907,0,0,4.0,0.00010416666666666667,-0.2,36.63824156893783,7.8428237415135555,-11.606613287958012,-4.676388330252695,12.531163209364994,16.292802708197733,0.6294962727293203,40.04656873405379,1.3862943611158907,0.0,0.2,13,25.0
28,2,7,0.00018229166666666667,0.0,8.48193847058767,9.24153179135255,4.2113044625049305,4.807832254040094,6.3914267780286895,-8.367148742404947,0.26779790725512975,22.919382115684336,1.9459101490483135,0,0,7.0,0.00018229166666666667,0.2,9.140589803220818,10.0606174716371,4.855353616722176,5.050011181349694,7.013123241476049,-14.760863838910515,0.2665051394700084,22.67452480841132,1.9459101490483135,0.6,0.4,13,25.0
28,3,0,0.0,0.0,0.0,0.0,0.0,0.0,0.0,0.0,0.0,0.0,0.0,0,0,0.0,0.0,0.0,0.0,0.0,0.0,0.0,0.0,0.0,0.0,0.0,0.0,0.0,0.0,13,25.0
28,4,0,0.0,0.0,0.0,0.0,0.0,0.0,0.0,0.0,0.0,0.0,0.0,0,0,0.0,0.0,0.0,0.0,0.0,0.0,0.0,0.0,0.0,0.0,0.0,0.0,0.0,0.0,13,25.0
28,5,0,0.0,0.0,0.0,0.0,0.0,0.0,0.0,0.0,0.0,0.0,0.0,0,0,0.0,0.0,0.0,0.0,0.0,0.0,0.0,0.0,0.0,0.0,0.0,0.0,0.0,0.0,13,25.0
29,0,7,0.00018229166666666667,0.0,6.542482648976894,8.187070801541799,3.873209133948136,1.0834208960290383,4.021883866206436,122.316961626843,0.5763488429688632,19.33871932362254,1.5498260458732018,1,1,7.0,0.00018229166666666667,0.0,4.363119452081763,4.236911014425344,0.9612474962970339,1.154840752114483,1.762559118737098,23.44300770712454,0.5470717917003286,24.941362929712323,1.7082596871432465,0.2,0.2,13,25.0
29,1,5,0.00013020833333333333,1.0,35.646313814196034,14.651437880891221,-10.153952826456564,0.026923299123458477,10.153988520081207,170.54695978526314,0.7243771364657886,36.55935936685877,1.3321790402061222,1,0,4.2,0.00010937500000000002,0.2,36.533518371122355,9.390061370673482,-11.578640880807997,-3.5997522613705497,12.241166963435862,26.753562712541374,0.6407596933412077,38.93362668800088,1.3754712969339369,0.2,0.0,13,25.0
29,2,6,0.00015625,-1.0,10.870647455144999,10.929489960543258,7.427851608925928,2.38331980136808,7.8008456464550475,69.90367558429487,0.5199268410378308,27.136579229211666,1.791759469222055,0,1,6.8,0.00017708333333333332,-0.2,9.34339106724337,10.076960076919384,5.189211936771795,4.504700401202234,7.033528458668689,7.1072217946361445,0.3120998842963008,23.700748762371767,1.9150800130830619,0.0,0.2,13,25.0
29,3,0,0.0,0.0,0.0,0.0,0.0,0.0,0.0,0.0,0.0,0.0,0.0,0,0,0.0,0.0,0.0,0.0,0.0,0.0,0.0,0.0,0.0,0.0,0.0,0.0,0.0,0.0,13,25.0
29,4,0,0.0,0.0,0.0,0.0,0.0,0.0,0.0,0.0,0.0,0.0,0.0,0,0,0.0,0.0,0.0,0.0,0.0,0.0,0.0,0.0,0.0,0.0,0.0,0.0,0.0,0.0,13,25.0
29,5,0,0.0,0.0,0.0,0.0,0.0,0.0,0.0,0.0,0.0,0.0,0.0,0,0,0.0,0.0,0.0,0.0,0.0,0.0,0.0,0.0,0.0,0.0,0.0,0.0,0.0,0.0,13,25.0
30,0,7,0.00018229166666666667,0.0,7.435150973983399,9.316503095952317,4.761670254125856,1.18975634446584,4.90805702577137,22.316708125162624,0.5898240887770456,17.968687046340225,1.7478680974607577,0,0,7.0,0.00018229166666666667,0.0,5.0718366734125215,5.453512244065834,1.842152513882505,1.150231165122728,2.491311125020805,27.944239269060024,0.5615505559146226,23.329053346210635,1.7082596871432465,0.2,0.2,13,25.0
30,1,5,0.00013020833333333333,0.0,37.25104483720591,15.715237457090758,-10.68424473450404,0.4523021464413972,10.69381422965879,40.118275575246955,0.6993647026693633,36.3999999369325,1.6094379124291003,0,0,4.4,0.00011458333333333333,0.2,36.35953121433001,10.86768451000254,-11.413564443732877,-2.5170060220395305,11.873240438463261,25.021963738119872,0.6532965289409526,38.13774820667442,1.420100007196579,0.2,0.0,13,25.0
30,2,6,0.00015625,0.0,11.094000282309949,11.330008629858538,7.393917714741787,1.7314083921023187,7.5939314055774,5.583820679123677,0.6547337507795254,27.932122930058252,1.5607104090364066,0,0,6.6,0.000171875,-0.2,9.678812911225293,10.242931321887415,5.641250364074077,3.809509368870424,7.089826811716125,10.422736293620371,0.3929018720084588,24.753889601114864,1.8380400650806805,0.0,0.2,13,25.0
30,3,0,0.0,0.0,0.0,0.0,0.0,0.0,0.0,0.0,0.0,0.0,0.0,0,0,0.0,0.0,0.0,0.0,0.0,0.0,0.0,0.0,0.0,0.0,0.0,0.0,0.0,0.0,13,25.0
30,4,0,0.0,0.0,0.0,0.0,0.0,0.0,0.0,0.0,0.0,0.0,0.0,0,0,0.0,0.0,0.0,0.0,0.0,0.0,0.0,0.0,0.0,0.0,0.0,0.0,0.0,0.0,13,25.0
30,5,0,0.0,0.0,0.0,0.0,0.0,0.0,0.0,0.0,0.0,0.0,0.0,0,0,0.0,0.0,0.0,0.0,0.0,0.0,0.0,0.0,0.0,0.0,0.0,0.0,0.0,0.0,13,25.0
31,0,7,0.00018229166666666667,0.0,7.29267462017662,8.713977363827818,4.6757213295772315,1.0680248052934114,4.796149177891103,-3.5619088451694974,0.593373085233404,17.33840464000773,1.5498260458732018,0,0,7.0,0.00018229166666666667,0.0,5.754417295960641,6.536447912967449,2.7290166852187525,1.1246554123689088,3.206536080745294,27.290824299494062,0.5721256449013101,21.532910573736142,1.668651276825735,0.2,0.2,13,25.0
31,1,5,0.00013020833333333333,0.0,36.97515571997156,15.682431112538941,-10.831888973343126,0.6153646867713893,10.84935447059214,-6.897227930858767,0.6890421331617039,36.34518872119635,1.6094379124291003,0,0,4.6,0.00011979166666666666,0.2,36.19799728085293,12.325121708986291,-11.17298971545581,-1.4673268946019806,11.463960410433998,25.33329432100119,0.6669788429064566,37.49603900323894,1.4647287174592207,0.2,0.0,13,25.0
31,2,6,0.00015625,0.0,10.526889026329775,10.492115397470164,6.714704980889579,1.4362161682749768,6.866584293693464,-14.177781399504317,0.6784866709088831,28.28188423086873,1.5607104090364066,0,0,6.4,0.0001666666666666667,-0.2,9.958019930931252,10.32762128678927,6.037910745520209,3.069340059999607,7.066353230067816,9.017365686721314,0.47705081163012863,25.84121842244944,1.761000117078299,0.0,0.2,13,25.0
31,3,0,0.0,0.0,0.0,0.0,0.0,0.0,0.0,0.0,0.0,0.0,0.0,0,0,0.0,0.0,0.0,0.0,0.0,0.0,0.0,0.0,0.0,0.0,0.0,0.0,0.0,0.0,13,25.0
31,4,0,0.0,0.0,0.0,0.0,0.0,0.0,0.0,0.0,0.0,0.0,0.0,0,0,0.0,0.0,0.0,0.0,0.0,0.0,0.0,0.0,0.0,0.0,0.0,0.0,0.0,0.0,13,25.0
31,5,0,0.0,0.0,0.0,0.0,0.0,0.0,0.0,0.0,0.0,0.0,0.0,0,0,0.0,0.0,0.0,0.0,0.0,0.0,0.0,0.0,0.0,0.0,0.0,0.0,0.0,0.0,13,25.0
32,0,7,0.00018229166666666667,0.0,6.86743705597707,7.808334718085841,4.337108608484482,0.9146849862811842,4.4325116701389975,-10.630939104988753,0.5947199885976087,17.050389934857556,1.5498260458732018,0,0,7.0,0.00018229166666666667,0.0,6.366562246035074,7.4437021605095595,3.559887021355192,1.0752953601352915,3.8578833106650157,25.529932487651887,0.5812897318073988,19.648868794400137,1.6290428665082242,0.2,0.2,13,25.0
32,1,5,0.00013020833333333333,0.0,35.88647038110057,15.19578179363986,-10.775251262377955,0.6578545461226417,10.795314371116385,-27.217133471774623,0.6843207114808771,36.329009963012545,1.6094379124291003,0,0,4.8,0.000125,0.2,36.09154974136905,13.759902278796062,-10.897658572953706,-0.4668702313299976,11.041993223104265,26.710454170831632,0.6812565587068857,36.927516428728254,1.5093574277218627,0.2,0.0,13,25.0
32,2,6,0.00015625,0.0,9.803411743603085,9.493220128338173,6.002467739840586,1.2926890705480432,6.140086644416455,-18.086932068167226,0.6858783046787083,28.425600774155892,1.5607104090364066,0,0,6.2,0.00016145833333333333,-0.2,10.155377395595096,10.297273181512537,6.350049301380562,2.3302931372667026,6.95857495363421,6.971126810668413,0.5613646949320155,26.939113855995778,1.6839601690759178,0.0,0.2,13,25.0
32,3,0,0.0,0.0,0.0,0.0,0.0,0.0,0.0,0.0,0.0,0.0,0.0,0,0,0.0,0.0,0.0,0.0,0.0,0.0,0.0,0.0,0.0,0.0,0.0,0.0,0.0,0.0,13,25.0
32,4,0,0.0,0.0,0.0,0.0,0.0,0.0,0.0,0.0,0.0,0.0,0.0,0,0,0.0,0.0,0.0,0.0,0.0,0.0,0.0,0.0,0.0,0.0,0.0,0.0,0.0,0.0,13,25.0
32,5,0,0.0,0.0,0.0,0.0,0.0,0.0,0.0,0.0,0.0,0.0,0.0,0,0,0.0,0.0,0.0,0.0,0.0,0.0,0.0,0.0,0.0,0.0,0.0,0.0,0.0,0.0,13,25.0
33,0,7,0.00018229166666666667,0.0,6.3995117282391805,6.96540061653068,3.9648983233168167,0.7775551855915944,4.04042210429565,-11.698133193447235,0.5953200400842138,16.922605073223774,1.5498260458732018,0,0,7.0,0.00018229166666666667,0.0,6.907451405470633,8.19825731918769,4.322521529890504,1.0066884435322137,4.4398047688607125,23.748537721680027,0.5899172091322271,17.723761203610366,1.589434456190713,0.2,0.2,13,25.0
33,1,5,0.00013020833333333333,0.0,34.49348445165913,14.55119917157859,-10.611779711236823,0.6464069754515049,10.63144913065617,-34.82464823603614,0.6820484852612501,36.270993865594605,1.6094379124291003,0,0,5.0,0.00013020833333333333,0.2,36.05049384082664,15.159217483147875,-10.611423501583703,0.4797703307820783,10.624784144420937,28.345245144368096,0.6958306338077966,36.38091037071896,1.5539861379845046,0.2,0.0,13,25.0
33,2,6,0.00015625,0.0,9.114532470932533,8.618706770472325,5.387789439336953,1.2152263359408295,5.523137703352595,-17.221981816763797,0.6889844589165952,28.474189738819977,1.5607104090364066,0,0,6.0,0.00015625,-0.2,10.281896195664068,10.172708177336492,6.585346296746967,1.6117719536468496,6.784917138698992,5.200160195796642,0.6456020052643086,28.050075380622907,1.6069202210735363,0.0,0.2,13,25.0
33,3,0,0.0,0.0,0.0,0.0,0.0,0.0,0.0,0.0,0.0,0.0,0.0,0,0,0.0,0.0,0.0,0.0,0.0,0.0,0.0,0.0,0.0,0.0,0.0,0.0,0.0,0.0,13,25.0
33,4,0,0.0,0.0,0.0,0.0,0.0,0.0,0.0,0.0,0.0,0.0,0.0,0,0,0.0,0.0,0.0,0.0,0.0,0.0,0.0,0.0,0.0,0.0,0.0,0.0,0.0,0.0,13,25.0
33,5,0,0.0,0.0,0.0,0.0,0.0,0.0,0.0,0.0,0.0,0.0,0.0,0,0,0.0,0.0,0.0,0.0,0.0,0.0,0.0,0.0,0.0,0.0,0.0,0.0,0.0,0.0,13,25.0
34,0,6,0.00015625,-1.0,3.4615500666756436,1.5036076422163356,-0.33376561105674046,0.539849321536659,0.634694235902352,-36.6496127034609,0.9438414275188565,29.09347746083351,1.2424533248900003,1,2,6.8,0.00017708333333333332,-0.2,6.291264889010383,6.861564687322598,3.481126580889529,0.8979741286337377,3.762366842799895,-8.044777144380754,0.6634157260422258,19.674712831052556,1.5279599119940728,0.2,0.4,13,25.0
34,1,6,0.00015625,1.0,20.93840016084015,20.488961748896326,0.24280186258637926,-1.1420642068742197,1.1675887105906153,0.8655469248163961,0.6889659225764825,24.37707393188173,1.3296613488507583,2,1,5.2,0.00013541666666666666,0.2,33.10891111015546,16.326722256748894,-8.532072563775113,0.24597282958254268,8.82750418252282,-5.591037427721253,0.6887483910299353,33.94445328372355,1.5534825997134318,0.4,0.2,13,25.0
34,2,8,0.00020833333333333335,2.0,12.435255406908208,9.916311159601976,6.961329582846005,1.3989334624008172,7.100501700107653,24.510987372796404,0.7756472576230165,16.30817780343495,1.7328679513938632,2,0,6.4,0.0001666666666666667,0.4,10.59481778601671,9.970072417148234,6.492041891530983,1.414894685853397,6.644848349429513,-3.8783774465030527,0.6967460885813457,25.88439509546756,1.5951419175078978,0.4,0.0,13,25.0
34,3,0,0.0,0.0,0.0,0.0,0.0,0.0,0.0,0.0,0.0,0.0,0.0,0,0,0.0,0.0,0.0,0.0,0.0,0.0,0.0,0.0,0.0,0.0,0.0,0.0,0.0,0.0,13,25.0
34,4,0,0.0,0.0,0.0,0.0,0.0,0.0,0.0,0.0,0.0,0.0,0.0,0,0,0.0,0.0,0.0,0.0,0.0,0.0,0.0,0.0,0.0,0.0,0.0,0.0,0.0,0.0,13,25.0
34,5,0,0.0,0.0,0.0,0.0,0.0,0.0,0.0,0.0,0.0,0.0,0.0,0,0,0.0,0.0,0.0,0.0,0.0,0.0,0.0,0.0,0.0,0.0,0.0,0.0,0.0,0.0,13,25.0
35,0,6,0.00015625,0.0,2.901556275202273,1.513112830460332,-0.8399118616471773,0.8396292135955141,1.1876149004027563,-13.99984478683424,0.883505005587846,28.87628443443897,1.5607104090364068,0,0,6.6,0.000171875,-0.2,5.384545949254158,5.3008866342242005,2.3608101577349223,0.8279487024596726,3.018278417726172,-15.308087726780126,0.7221519094043858,21.856232308672308,1.4905283743092026,0.2,0.4,13,25.0
35,1,6,0.00015625,0.0,20.656519514898015,20.724586189722082,0.7837391309872336,-1.0840339359686681,1.3376758201344399,-7.047016148553261,0.6766191164553197,24.294639857069445,1.5607104090364068,0,0,5.4,0.000140625,0.2,29.79000604569389,17.32859200327516,-6.2384757906768575,-0.06129438689947038,6.956276500617949,-15.024095772481298,0.6841992737871266,31.52338126775094,1.543737099034893,0.4,0.2,13,25.0
35,2,8,0.00020833333333333335,0.0,12.474403907745032,9.49065861267588,6.8287929816716195,1.7208479175416111,7.042281671577392,0.9787125209205496,0.7143319968799149,16.576361097094047,1.9061547465328494,0,0,6.8,0.00017708333333333335,0.4,10.870898511103727,9.602202413711703,6.379016944916949,1.4127825909412557,6.534518402629511,-4.7993990781436775,0.7086657378014236,23.613242728874717,1.6642307850071867,0.4,0.0,13,25.0
35,3,0,0.0,0.0,0.0,0.0,0.0,0.0,0.0,0.0,0.0,0.0,0.0,0,0,0.0,0.0,0.0,0.0,0.0,0.0,0.0,0.0,0.0,0.0,0.0,0.0,0.0,0.0,13,25.0
35,4,0,0.0,0.0,0.0,0.0,0.0,0.0,0.0,0.0,0.0,0.0,0.0,0,0,0.0,0.0,0.0,0.0,0.0,0.0,0.0,0.0,0.0,0.0,0.0,0.0,0.0,0.0,13,25.0
35,5,0,0.0,0.0,0.0,0.0,0.0,0.0,0.0,0.0,0.0,0.0,0.0,0,0,0.0,0.0,0.0,0.0,0.0,0.0,0.0,0.0,0.0,0.0,0.0,0.0,0.0,0.0,13,25.0
36,0,6,0.00015625,0.0,2.71922948280968,1.741634090480896,-1.0690960455396397,0.9605992482034139,1.4372603348862931,-4.558169809814836,0.5929126540806595,28.551374954731248,1.5607104090364068,0,0,6.4,0.0001666666666666667,-0.2,4.46985692178077,3.906417979554817,1.2118466827115484,0.8064635910416731,2.34650064912521,-15.507339919709192,0.7220598231738368,24.098826371617008,1.4927052469418434,0.2,0.4,13,25.0
36,1,6,0.00015625,0.0,20.10016200154324,20.356246344738416,0.9219108388754549,-1.0201447673236899,1.3749963422256621,-13.908937833869409,0.674011475652947,24.43858651958252,1.5607104090364068,0,0,5.6,0.00014583333333333335,0.2,26.415007302008217,18.263355049715056,-3.887715828233142,-0.3883962777184862,5.061404874944655,-16.426437753083427,0.6811931422853752,29.142060827428168,1.5339915983563546,0.4,0.2,13,25.0
36,2,8,0.00020833333333333335,0.0,12.195120647887311,8.958112680903819,6.526736986656825,1.8344779931579747,6.779646391986467,-6.982081496443022,0.6557125292778634,16.701841405537795,1.9061547465328494,0,0,7.2,0.0001875,0.4,11.204544835415234,9.295401870398436,6.341423346070398,1.4924349559178551,6.517130822288112,-3.3602590975314186,0.7041109094752196,21.297234163808533,1.733319652506475,0.4,0.0,13,25.0
36,3,0,0.0,0.0,0.0,0.0,0.0,0.0,0.0,0.0,0.0,0.0,0.0,0,0,0.0,0.0,0.0,0.0,0.0,0.0,0.0,0.0,0.0,0.0,0.0,0.0,0.0,0.0,13,25.0
36,4,0,0.0,0.0,0.0,0.0,0.0,0.0,0.0,0.0,0.0,0.0,0.0,0,0,0.0,0.0,0.0,0.0,0.0,0.0,0.0,0.0,0.0,0.0,0.0,0.0,0.0,0.0,13,25.0
36,5,0,0.0,0.0,0.0,0.0,0.0,0.0,0.0,0.0,0.0,0.0,0.0,0,0,0.0,0.0,0.0,0.0,0.0,0.0,0.0,0.0,0.0,0.0,0.0,0.0,0.0,0.0,13,25.0
37,0,6,0.00015625,0.0,2.8189889813749596,1.5459339211066419,-1.159858964847064,1.0010369792068634,1.5321056922013263,2.4939874641319917,0.5755595153798156,28.282298561030014,1.5607104090364068,0,0,6.2,0.00016145833333333333,-0.2,3.6601673068603473,2.653937820158977,0.11245316804523901,0.823733989626809,1.7664194535376754,-12.882354605885045,0.7182277285302783,26.3452080968515,1.4948821195744846,0.2,0.4,13,25.0
37,1,6,0.00015625,0.0,19.412513993387524,19.726894904051978,0.8872102043323137,-0.9599185966384857,1.3071287843375592,-17.191200203892873,0.6733608178798398,24.565142496967685,1.5607104090364068,0,0,5.8,0.00015104166666666667,0.2,23.120216024465613,19.169577671797477,-1.555223534891088,-0.7119509062707118,3.1637677575888894,-14.421251099507074,0.6790011635651678,26.789287334219193,1.5242460976778158,0.4,0.2,13,25.0
37,2,8,0.00020833333333333335,0.0,11.772762217888777,8.425404582793458,6.178504447217703,1.8549909055211948,6.450961824709187,-10.558960749963298,0.630064906355257,16.755690793514383,1.9061547465328494,0,0,7.6,0.0001979166666666667,0.4,11.598414930272373,9.081838761289491,6.376630687545822,1.6048953229124856,6.579305858346659,-1.8546648338906333,0.6929482298105294,18.96325216768023,1.8024085200057638,0.4,0.0,13,25.0
37,3,0,0.0,0.0,0.0,0.0,0.0,0.0,0.0,0.0,0.0,0.0,0.0,0,0,0.0,0.0,0.0,0.0,0.0,0.0,0.0,0.0,0.0,0.0,0.0,0.0,0.0,0.0,13,25.0
37,4,0,0.0,0.0,0.0,0.0,0.0,0.0,0.0,0.0,0.0,0.0,0.0,0,0,0.0,0.0,0.0,0.0,0.0,0.0,0.0,0.0,0.0,0.0,0.0,0.0,0.0,0.0,13,25.0
37,5,0,0.0,0.0,0.0,0.0,0.0,0.0,0.0,0.0,0.0,0.0,0.0,0,0,0.0,0.0,0.0,0.0,0.0,0.0,0.0,0.0,0.0,0.0,0.0,0.0,0.0,0.0,13,25.0
38,0,6,0.00015625,0.0,2.8210621804541067,1.4424599446228583,-1.1835140387197052,1.0034098719962399,1.5516239399629468,0.05182997697867875,0.5634744181857909,28.152974626778413,1.5607104090364068,0,0,6.0,0.00015625,-0.2,2.944477397303333,1.5493496857774127,-0.9172293043620654,0.868904926907738,1.2686598206711348,-10.532361971799862,0.7118586041505937,28.591282007562427,1.4970589922071256,0.2,0.4,13,25.0
38,1,6,0.00015625,0.0,18.6853366573387,19.005690263088407,0.7847401825358359,-0.9054764370577318,1.1982089684830195,-18.179433401220678,0.6731590215860439,24.650708031177732,1.5607104090364068,0,0,6.0,0.00015625,0.2,19.958586465601524,20.06047589009944,0.7240804438634434,-1.022327588772559,1.2771197251542592,-11.092208132543982,0.6772232708301266,24.46523016733582,1.514500596999277,0.4,0.2,13,25.0
38,2,8,0.00020833333333333335,0.0,11.302362179694462,7.936733071748448,5.83446127655834,1.8328769820130657,6.115584716022835,-11.760000954857903,0.6192507870978767,16.775181006158604,1.9061547465328494,0,0,8.0,0.00020833333333333335,0.4,12.035980872024759,8.945444021544716,6.465965054990098,1.7284254521269324,6.697795260880707,-0.7622686615094544,0.6790014954467857,16.623450421147957,1.8714973875050522,0.4,0.0,13,25.0
38,3,0,0.0,0.0,0.0,0.0,0.0,0.0,0.0,0.0,0.0,0.0,0.0,0,0,0.0,0.0,0.0,0.0,0.0,0.0,0.0,0.0,0.0,0.0,0.0,0.0,0.0,0.0,13,25.0
38,4,0,0.0,0.0,0.0,0.0,0.0,0.0,0.0,0.0,0.0,0.0,0.0,0,0,0.0,0.0,0.0,0.0,0.0,0.0,0.0,0.0,0.0,0.0,0.0,0.0,0.0,0.0,13,25.0
38,5,0,0.0,0.0,0.0,0.0,0.0,0.0,0.0,0.0,0.0,0.0,0.0,0,0,0.0,0.0,0.0,0.0,0.0,0.0,0.0,0.0,0.0,0.0,0.0,0.0,0.0,0.0,13,25.0
39,0,6,0.00015625,0.0,2.065997055188038,1.7711491224249205,-1.5362952231092892,0.3223857789351938,1.569756542591262,-1.037032023347355,0.698090856881119,24.37604703242931,1.5607104090364066,1,1,6.0,0.00015625,0.0,2.6653667950058115,1.6028579818191298,-1.1577352267725751,0.825412218387445,1.455672282008917,-3.409845835777152,0.6627084900230462,27.64779592188159,1.5607104090364068,0.2,0.2,13,25.0
39,1,8,0.00020833333333333335,2.0,22.07099698840863,19.996785539954114,10.3707349462094,-7.574290151919265,12.84219664348705,400.675225165117,0.5100311900703365,23.764975934090838,2.079441541671836,3,1,6.4,0.00016666666666666666,0.4,20.185105831115223,19.962040648311,2.7496670605880476,-2.308772777781568,3.612041311733546,68.86972751551613,0.6414363243288974,24.342810567777644,1.6644566355634924,0.6,0.2,13,25.0
39,2,8,0.00020833333333333335,0.0,9.955016025110378,9.866858665163917,6.709985070388629,0.30687017823164486,6.716998507601905,18.732587144366175,0.7806363374717629,15.010218467435317,1.7328679513938632,2,2,8.0,0.00020833333333333335,0.0,11.539932995665193,8.935553522657106,6.415696152498623,1.5100127952930982,6.621094622379557,-1.9179487071955001,0.679999311416535,16.363858553948027,1.8714973875050522,0.4,0.4,13,25.0
39,3,0,0.0,0.0,0.0,0.0,0.0,0.0,0.0,0.0,0.0,0.0,0.0,0,0,0.0,0.0,0.0,0.0,0.0,0.0,0.0,0.0,0.0,0.0,0.0,0.0,0.0,0.0,13,25.0
39,4,0,0.0,0.0,0.0,0.0,0.0,0.0,0.0,0.0,0.0,0.0,0.0,0,0,0.0,0.0,0.0,0.0,0.0,0.0,0.0,0.0,0.0,0.0,0.0,0.0,0.0,0.0,13,25.0
39,5,0,0.0,0.0,0.0,0.0,0.0,0.0,0.0,0.0,0.0,0.0,0.0,0,0,0.0,0.0,0.0,0.0,0.0,0.0,0.0,0.0,0.0,0.0,0.0,0.0,0.0,0.0,13,25.0
40,0,6,0.00015625,0.0,2.1422390688202557,2.032868032494098,-1.9028048980289543,0.2527150290144408,1.9195133148412253,1.9060503408054394,0.6435028016733204,24.848620414612054,1.5607104090364066,0,0,6.0,0.00015625,0.0,2.513503353729408,1.7068090222258832,-1.3703138340489303,0.7080293814712304,1.6020519648966107,-0.2286668102492162,0.6147080492401411,26.842263117916207,1.5607104090364066,0.2,0.2,13,25.0
40,1,8,0.00020833333333333335,0.0,23.44399245881521,21.490123240599793,11.678859573038686,-8.167992622494127,14.251731979232414,34.32488676016456,0.5073488435036575,22.80962051795019,1.9061547465328494,0,0,6.8,0.00017708333333333335,0.4,20.742600419898658,20.115148058486543,4.928691148998338,-3.72556451508666,6.194852543553141,77.1441080972597,0.6075822697385649,24.045806699953793,1.7335455030627813,0.6,0.2,13,25.0
40,2,8,0.00020833333333333335,0.0,10.188287793213394,9.93745194861592,6.962159813311619,0.026119030950012778,6.96220880682769,5.831794202575431,0.816899953089051,15.557533711783147,1.9061547465328494,0,0,8.0,0.00020833333333333335,0.0,11.082709772758864,9.024912189845114,6.442369518826624,1.1710670179747784,6.605080049429617,-0.9473323708645239,0.7005129026583622,16.16009307688585,1.8714973875050522,0.4,0.4,13,25.0
40,3,0,0.0,0.0,0.0,0.0,0.0,0.0,0.0,0.0,0.0,0.0,0.0,0,0,0.0,0.0,0.0,0.0,0.0,0.0,0.0,0.0,0.0,0.0,0.0,0.0,0.0,0.0,13,25.0
40,4,0,0.0,0.0,0.0,0.0,0.0,0.0,0.0,0.0,0.0,0.0,0.0,0,0,0.0,0.0,0.0,0.0,0.0,0.0,0.0,0.0,0.0,0.0,0.0,0.0,0.0,0.0,13,25.0
40,5,0,0.0,0.0,0.0,0.0,0.0,0.0,0.0,0.0,0.0,0.0,0.0,0,0,0.0,0.0,0.0,0.0,0.0,0.0,0.0,0.0,0.0,0.0,0.0,0.0,0.0,0.0,13,25.0
41,0,6,0.00015625,0.0,2.205402507683378,2.118682281485577,-2.046974491103363,0.215517474055557,2.058288694243633,1.5790859715780572,0.5196310363601387,25.08598884920346,1.5607104090364066,0,0,6.0,0.00015625,0.0,2.4107379587041473,1.7822186604268189,-1.565889523161675,0.559013026641659,1.7262576367680786,0.9987843460293625,0.6000517256960369,26.14918589681065,1.5607104090364066,0.2,0.2,13,25.0
41,1,8,0.00020833333333333335,0.0,22.549045417365647,20.196105899067753,11.23762146474104,-7.541859418316342,13.533801375461938,-22.373676036238994,0.5067209769090741,22.440035395483598,1.9061547465328494,0,0,7.2,0.0001875,0.4,21.23237710306314,20.08311996935241,6.991833274171455,-5.0299074452851915,8.626613550200394,75.45116045678579,0.5741241699897903,23.64609647513401,1.8026343705620698,0.6,0.2,13,25.0
41,2,8,0.00020833333333333335,0.0,10.101805375504947,9.722821898315111,6.906823197173863,-0.09509274329372863,6.907477781856857,-2.1620604427112067,0.7933275407211972,15.658380471090492,1.7328679513938632,0,0,8.0,0.00020833333333333335,0.0,10.66404671828239,9.17785403332737,6.5183867609300306,0.7851528706844378,6.630646327403694,0.016671839881838936,0.728035904947029,15.951400889996387,1.8368400284772548,0.4,0.4,13,25.0
41,3,0,0.0,0.0,0.0,0.0,0.0,0.0,0.0,0.0,0.0,0.0,0.0,0,0,0.0,0.0,0.0,0.0,0.0,0.0,0.0,0.0,0.0,0.0,0.0,0.0,0.0,0.0,13,25.0
41,4,0,0.0,0.0,0.0,0.0,0.0,0.0,0.0,0.0,0.0,0.0,0.0,0,0,0.0,0.0,0.0,0.0,0.0,0.0,0.0,0.0,0.0,0.0,0.0,0.0,0.0,0.0,13,25.0
41,5,0,0.0,0.0,0.0,0.0,0.0,0.0,0.0,0.0,0.0,0.0,0.0,0,0,0.0,0.0,0.0,0.0,0.0,0.0,0.0,0.0,0.0,0.0,0.0,0.0,0.0,0.0,13,25.0
42,0,6,0.00015625,0.0,2.224600414262985,2.1136118036817417,-2.083640941272175,0.19441460340155206,2.0926912362222425,0.4799476644901694,0.4694663618905728,25.204566798778444,1.5607104090364066,0,0,6.0,0.00015625,0.0,2.291860245281753,1.8957542369418392,-1.7506459184466974,0.3976885514805967,1.838374745572262,0.5959763861009979,0.5788330949981884,25.533639544360334,1.5607104090364066,0.2,0.2,13,25.0
42,1,8,0.00020833333333333335,0.0,21.141136253057084,18.442387643640007,10.38234475864867,-6.726369553173127,12.370817679252005,-35.19772910771422,0.5065145842351684,22.239709211245902,1.9061547465328494,0,0,7.6,0.0001979166666666667,0.4,21.578101554997055,19.826218517270014,8.890860185034727,-6.183197636592118,10.839351329183284,71.84985467602152,0.5407549232608561,23.181009817989654,1.871723238061358,0.6,0.2,13,25.0
42,2,8,0.00020833333333333335,0.0,9.849507898879214,9.404603131988589,6.718106120997021,-0.14236502277164986,6.71961439761884,-6.307436915643305,0.7858722495372683,15.717137861963524,1.9061547465328494,0,0,8.0,0.00020833333333333335,0.0,10.279395854480478,9.373693743166397,6.626307095685894,0.38568168502586897,6.684376841985625,0.8669766067458374,0.7591973735834312,15.743690303686218,1.8368400284772552,0.4,0.4,13,25.0
42,3,0,0.0,0.0,0.0,0.0,0.0,0.0,0.0,0.0,0.0,0.0,0.0,0,0,0.0,0.0,0.0,0.0,0.0,0.0,0.0,0.0,0.0,0.0,0.0,0.0,0.0,0.0,13,25.0
42,4,0,0.0,0.0,0.0,0.0,0.0,0.0,0.0,0.0,0.0,0.0,0.0,0,0,0.0,0.0,0.0,0.0,0.0,0.0,0.0,0.0,0.0,0.0,0.0,0.0,0.0,0.0,13,25.0
42,5,0,0.0,0.0,0.0,0.0,0.0,0.0,0.0,0.0,0.0,0.0,0.0,0,0,0.0,0.0,0.0,0.0,0.0,0.0,0.0,0.0,0.0,0.0,0.0,0.0,0.0,0.0,13,25.0
43,0,6,0.00015625,0.0,2.203392560903182,2.0770727873856436,-2.0690248609559494,0.18135063067619095,2.076957372335898,-0.5301963339950699,0.4525794849108058,25.263501548089906,1.5607104090364066,0,0,6.0,0.00015625,0.0,2.1683263213715676,2.022676805494396,-1.927748082893946,0.23327670321658692,1.943441432046852,0.47957112390624823,0.5566541083431913,24.955744928622636,1.5607104090364066,0.2,0.2,13,25.0
43,1,8,0.00020833333333333335,0.0,19.7300709008069,16.85584894145642,9.505293834657593,-5.979451365993066,11.229623747991559,-35.2766338062546,0.5064318286090745,22.171886383910966,1.9061547465328494,0,0,8.0,0.00020833333333333335,0.4,21.787048403690697,19.396250252943616,10.634970915459078,-7.197992622379185,12.845634285084992,68.43041459501472,0.5074094846654622,22.6852454885363,1.9408121055606469,0.6,0.2,13,25.0
43,2,8,0.00020833333333333335,0.0,9.531770835112184,9.053219005271377,6.4790229874297935,-0.15570285693872332,6.480893630611643,-7.943426594175776,0.7827102415009539,15.751354696521267,1.7328679513938632,0,0,8.0,0.00020833333333333335,0.0,9.925277585564023,9.596990929870982,6.755219437860186,-0.012034282764488835,6.757438624903386,1.6302914788822627,0.7918892644640467,15.53892504175875,1.8021826694494578,0.4,0.4,13,25.0
43,3,0,0.0,0.0,0.0,0.0,0.0,0.0,0.0,0.0,0.0,0.0,0.0,0,0,0.0,0.0,0.0,0.0,0.0,0.0,0.0,0.0,0.0,0.0,0.0,0.0,0.0,0.0,13,25.0
43,4,0,0.0,0.0,0.0,0.0,0.0,0.0,0.0,0.0,0.0,0.0,0.0,0,0,0.0,0.0,0.0,0.0,0.0,0.0,0.0,0.0,0.0,0.0,0.0,0.0,0.0,0.0,13,25.0
43,5,0,0.0,0.0,0.0,0.0,0.0,0.0,0.0,0.0,0.0,0.0,0.0,0,0,0.0,0.0,0.0,0.0,0.0,0.0,0.0,0.0,0.0,0.0,0.0,0.0,0.0,0.0,13,25.0
44,0,6,0.00015625,0.0,1.5105113610884848,0.9846139761879805,-0.9270779264359478,0.10310995710331212,0.9327942672093474,-26.844102497371146,0.5169393970914142,28.705577203703147,1.791759469222055,1,1,6.0,0.00015625,0.0,2.0572291825516573,1.865369776247008,-1.8059046235592782,0.18942153885021057,1.8160489769704689,-4.68184297089851,0.5204238163852504,25.821650962877403,1.6069202210735363,0.2,0.2,13,25.0
44,1,5,0.00013020833333333333,-3.0,38.719671387512584,23.997353664788083,-6.174795549644113,-5.082521896154728,7.9975076683174855,745.5541444418444,0.5945417396312156,23.560433194280716,1.6094379124291003,0,3,7.4,0.00019270833333333333,-0.6,25.116783283511484,20.19636387791041,7.325864816288375,-6.699638971226278,11.87669649005108,137.40619845036022,0.524311594577638,22.644336940574274,1.8468113797120995,0.0,0.6,13,25.0
44,2,6,0.00015625,-2.0,8.77323031530836,8.73495213445504,5.048986626025946,0.6066617864429817,5.08530279068209,-12.442503614942778,0.7806697364905971,20.011955344018624,1.791759469222055,0,2,7.6,0.0001979166666666667,-0.4,9.688920443603621,9.370609623729207,6.423019748987649,0.04792403887777854,6.431099481519423,-4.604726672979527,0.7918959442678135,16.53927241707541,1.8139609730150958,0.0,0.4,13,25.0
44,3,0,0.0,0.0,0.0,0.0,0.0,0.0,0.0,0.0,0.0,0.0,0.0,0,0,0.0,0.0,0.0,0.0,0.0,0.0,0.0,0.0,0.0,0.0,0.0,0.0,0.0,0.0,13,25.0
44,4,0,0.0,0.0,0.0,0.0,0.0,0.0,0.0,0.0,0.0,0.0,0.0,0,0,0.0,0.0,0.0,0.0,0.0,0.0,0.0,0.0,0.0,0.0,0.0,0.0,0.0,0.0,13,25.0
44,5,0,0.0,0.0,0.0,0.0,0.0,0.0,0.0,0.0,0.0,0.0,0.0,0,0,0.0,0.0,0.0,0.0,0.0,0.0,0.0,0.0,0.0,0.0,0.0,0.0,0.0,0.0,13,25.0
45,0,6,0.00015625,0.0,1.7228705817690686,1.0385775277214562,-0.24851081283697804,-0.04999824948801501,0.2534905304913012,5.308980517014585,0.677467949360063,28.542110023566938,1.5607104090364068,0,0,6.0,0.00015625,0.0,1.9733554851414197,1.6665116752924796,-1.4750458065208825,0.12887888314971943,1.4828444201004842,-4.001256935656681,0.527216845922599,26.560348884668382,1.6069202210735363,0.2,0.2,13,25.0
45,1,5,0.00013020833333333333,0.0,43.00303643882562,27.556059880827604,-6.563387461238871,-5.420240240290191,8.512171240571274,107.08412628282574,0.5962524083195524,24.038012729362006,1.6094379124291003,0,0,6.8,0.00017708333333333335,-0.6,29.028592079513565,21.40955120595597,3.6774154094328635,-6.150088494785491,10.728784342318852,151.95804635489245,0.542092307540817,22.89001538285664,1.7874680128913496,0.0,0.6,13,25.0
45,2,6,0.00015625,0.0,8.550436598173018,8.585676339941699,4.876850422493318,0.7523248276756913,4.934537738199041,-5.569842928383559,0.7684515071853497,19.738164326693944,1.5607104090364068,0,0,7.2,0.0001875,-0.4,9.361350204595544,9.100254501994362,6.0059578708239885,0.19316519822291425,6.025565267793693,-6.885054099171325,0.7822062550870732,17.375398540057567,1.7448721055158074,0.0,0.4,13,25.0
45,3,0,0.0,0.0,0.0,0.0,0.0,0.0,0.0,0.0,0.0,0.0,0.0,0,0,0.0,0.0,0.0,0.0,0.0,0.0,0.0,0.0,0.0,0.0,0.0,0.0,0.0,0.0,13,25.0
45,4,0,0.0,0.0,0.0,0.0,0.0,0.0,0.0,0.0,0.0,0.0,0.0,0,0,0.0,0.0,0.0,0.0,0.0,0.0,0.0,0.0,0.0,0.0,0.0,0.0,0.0,0.0,13,25.0
45,5,0,0.0,0.0,0.0,0.0,0.0,0.0,0.0,0.0,0.0,0.0,0.0,0,0,0.0,0.0,0.0,0.0,0.0,0.0,0.0,0.0,0.0,0.0,0.0,0.0,0.0,0.0,13,25.0
46,0,6,0.00015625,0.0,1.9269317951959903,1.2337991624053324,0.0759115910250155,-0.11706291305243006,0.13952166593138865,5.101530335673048,0.7069028852154631,28.468891837190004,1.5607104090364068,0,0,6.0,0.00015625,0.0,1.9176613426439424,1.4895350514764307,-1.0504685900952069,0.06236280572812201,1.0990910144380357,-3.2967680628376828,0.5646712156936637,27.23692948226569,1.6069202210735363,0.2,0.2,13,25.0
46,1,5,0.00013020833333333333,0.0,40.76994691020023,24.91392937162276,-6.652319353483085,-5.27141041109643,8.487704077248537,-55.82723821563452,0.5986237303613005,24.566068477249434,1.6094379124291003,0,0,6.2,0.00016145833333333333,-0.6,32.67277237808048,22.353115900466975,0.099427245788039,-5.695998693341509,9.719564882676172,145.2673339190133,0.5604728582312622,23.315221999209804,1.7281246460706001,0.0,0.6,13,25.0
46,2,6,0.00015625,0.0,8.402479973805452,8.305211247784278,4.715616713702413,0.8106844847540859,4.784793655359711,-3.698915609189132,0.791620038506179,19.619122870621734,1.5607104090364068,0,0,6.8,0.00017708333333333335,-0.4,9.021485124255644,8.816732371888197,5.567716574129698,0.3743206438324772,5.601028442494266,-7.19242513246691,0.7818647546440697,18.16754701996382,1.710440597044316,0.0,0.4,13,25.0
46,3,0,0.0,0.0,0.0,0.0,0.0,0.0,0.0,0.0,0.0,0.0,0.0,0,0,0.0,0.0,0.0,0.0,0.0,0.0,0.0,0.0,0.0,0.0,0.0,0.0,0.0,0.0,13,25.0
46,4,0,0.0,0.0,0.0,0.0,0.0,0.0,0.0,0.0,0.0,0.0,0.0,0,0,0.0,0.0,0.0,0.0,0.0,0.0,0.0,0.0,0.0,0.0,0.0,0.0,0.0,0.0,13,25.0
46,5,0,0.0,0.0,0.0,0.0,0.0,0.0,0.0,0.0,0.0,0.0,0.0,0,0,0.0,0.0,0.0,0.0,0.0,0.0,0.0,0.0,0.0,0.0,0.0,0.0,0.0,0.0,13,25.0
47,0,6,0.00015625,0.0,2.0088570035466895,1.345518150423683,0.22985118637563465,-0.1469681152028093,0.272820810724829,2.048130208767484,0.7120114825720253,28.43364194043028,1.5607104090364068,0,0,6.0,0.00015625,0.0,1.8745126605006832,1.3359163208248193,-0.587770164565645,-0.005913737992750262,0.7351169293385528,-2.9831315539822194,0.6131802398299543,27.88274451059606,1.6069202210735363,0.2,0.2,13,25.0
47,1,5,0.00013020833333333333,0.0,37.18172644545383,21.313303089440822,-6.609698742483334,-4.966306036310806,8.26754577324389,-89.70551161865997,0.600081258336838,24.812304897096233,1.6094379124291003,0,0,5.6,0.00014583333333333332,-0.6,35.880890416559836,22.927298989627136,-3.298981454438362,-5.3439859899690445,8.89891050147455,134.3657774168242,0.5791861930515962,23.82974113637987,1.6687812792498502,0.0,0.6,13,25.0
47,2,6,0.00015625,0.0,8.230892923039878,8.017449410899433,4.563347414596807,0.8267273314108952,4.637630613450056,-4.2896762691393535,0.7785778597004553,19.56649091731667,1.5607104090364068,0,0,6.4,0.0001666666666666667,-0.4,8.69776212908778,8.539301627670365,5.136764832849655,0.5681391146689861,5.184631685660508,-6.7888730031661195,0.780405876676707,18.93741763103445,1.6413517295450277,0.0,0.4,13,25.0
47,3,0,0.0,0.0,0.0,0.0,0.0,0.0,0.0,0.0,0.0,0.0,0.0,0,0,0.0,0.0,0.0,0.0,0.0,0.0,0.0,0.0,0.0,0.0,0.0,0.0,0.0,0.0,13,25.0
47,4,0,0.0,0.0,0.0,0.0,0.0,0.0,0.0,0.0,0.0,0.0,0.0,0,0,0.0,0.0,0.0,0.0,0.0,0.0,0.0,0.0,0.0,0.0,0.0,0.0,0.0,0.0,13,25.0
47,5,0,0.0,0.0,0.0,0.0,0.0,0.0,0.0,0.0,0.0,0.0,0.0,0,0,0.0,0.0,0.0,0.0,0.0,0.0,0.0,0.0,0.0,0.0,0.0,0.0,0.0,0.0,13,25.0
48,0,6,0.00015625,0.0,2.0210543681716424,1.3864686675776823,0.30032867966325943,-0.1591404916850093,0.3398867633816051,0.30493411562382006,0.7134421596681594,28.416327487635574,1.5607104090364068,0,0,6.0,0.00015625,0.0,1.838045021954375,1.1977954968632267,-0.11389945644180326,-0.07401196246499031,0.3877028075476943,-2.8161054640584418,0.665352774781425,28.513309698505186,1.6069202210735363,0.2,0.2,13,25.0
48,1,5,0.00013020833333333333,0.0,33.67862044501284,18.062092641437477,-6.50721883379425,-4.630878945997042,7.98679765383882,-87.57765001102487,0.6008780426156599,24.885055982476448,1.6094379124291003,0,0,5.0,0.00013020833333333333,-0.6,38.67060032540102,23.16854772962335,-6.50148398812873,-5.07427150596984,8.250345282644002,123.9055741758701,0.5980754358529132,24.37237505609297,1.6094379124291003,0.0,0.6,13,25.0
48,2,6,0.00015625,0.0,8.02918039265955,7.752696336037123,4.4188754559270285,0.8224866176630505,4.494768573712012,-5.042813259508221,0.7687875302013794,19.54394944560924,1.5607104090364068,0,0,6.0,0.00015625,-0.4,8.39724404059725,8.279197093823516,4.724735326549102,0.7637770095893409,4.787406674280582,-6.208750336232609,0.7776213344167922,19.69593658085204,1.6069202210735363,0.0,0.4,13,25.0
48,3,0,0.0,0.0,0.0,0.0,0.0,0.0,0.0,0.0,0.0,0.0,0.0,0,0,0.0,0.0,0.0,0.0,0.0,0.0,0.0,0.0,0.0,0.0,0.0,0.0,0.0,0.0,13,25.0
48,4,0,0.0,0.0,0.0,0.0,0.0,0.0,0.0,0.0,0.0,0.0,0.0,0,0,0.0,0.0,0.0,0.0,0.0,0.0,0.0,0.0,0.0,0.0,0.0,0.0,0.0,0.0,13,25.0
48,5,0,0.0,0.0,0.0,0.0,0.0,0.0,0.0,0.0,0.0,0.0,0.0,0,0,0.0,0.0,0.0,0.0,0.0,0.0,0.0,0.0,0.0,0.0,0.0,0.0,0.0,0.0,13,25.0
49,0,8,0.00020833333333333335,2.0,2.232556273198365,2.474870665405957,-0.34453627991451263,0.8174085381752444,0.8870524034458852,8.092956003834994,0.8916144863201951,19.42226397921053,1.9061547465328494,3,1,6.4,0.00016666666666666666,0.4,1.9824540043763512,1.4958468347068221,0.0026088728624837796,0.06884775374939614,0.37855443479500184,4.171306236182787,0.7402877926271811,26.65664705360666,1.6297992765356952,0.6,0.2,13,25.0
49,1,5,0.00013020833333333333,0.0,27.084988416388352,13.356149148933595,-13.411280750927626,-2.743067201786449,13.688932356240146,5.905083677331688,0.4990414741176771,25.694118385469515,1.6094379124291003,2,2,5.0,0.00013020833333333333,0.0,36.34366373117618,21.04030682645245,-7.948781028385433,-4.606380567096184,9.388630220228531,-24.024237977032435,0.5789753827502055,24.799112094330727,1.6094379124291003,0.4,0.4,13,25.0
49,2,8,0.00020833333333333335,2.0,6.416671515761048,7.023680148421484,2.788240798336559,1.0266125155327934,2.9712320687817475,13.159540708879552,0.7211831268448015,13.947515348138584,1.7328679513938632,2,0,6.4,0.0001666666666666667,0.4,7.925932280687789,7.9369426966168035,4.272586161011224,0.8477671554073034,4.364592529900514,-1.088341471468143,0.765724012487633,18.483048581676037,1.595141917507898,0.4,0.0,13,25.0
49,3,0,0.0,0.0,0.0,0.0,0.0,0.0,0.0,0.0,0.0,0.0,0.0,0,0,0.0,0.0,0.0,0.0,0.0,0.0,0.0,0.0,0.0,0.0,0.0,0.0,0.0,0.0,13,25.0
49,4,0,0.0,0.0,0.0,0.0,0.0,0.0,0.0,0.0,0.0,0.0,0.0,0,0,0.0,0.0,0.0,0.0,0.0,0.0,0.0,0.0,0.0,0.0,0.0,0.0,0.0,0.0,13,25.0
49,5,0,0.0,0.0,0.0,0.0,0.0,0.0,0.0,0.0,0.0,0.0,0.0,0,0,0.0,0.0,0.0,0.0,0.0,0.0,0.0,0.0,0.0,0.0,0.0,0.0,0.0,0.0,13,25.0
50,0,8,0.00020833333333333335,0.0,2.315295292512483,2.4718777320517376,-0.34567694288365086,0.6915765513767415,0.7731563071304104,2.068475482852958,0.9199977372083621,19.223972900748645,1.7328679513938632,0,0,6.8,0.00017708333333333335,0.4,2.100938946525034,1.7825068755728786,-0.01682435314685079,0.21716271392234746,0.4824875901228237,3.5232052293504608,0.788793750196841,24.79301962904301,1.6642307850071867,0.6,0.2,13,25.0
50,1,5,0.00013020833333333333,0.0,27.412985082622317,13.617386274288954,-14.432180136995544,-2.4521072333164198,14.639011352901242,8.19991665584916,0.4673682181469433,25.625315779123525,1.6094379124291003,0,0,5.0,0.00013020833333333333,0.0,33.225653459935515,18.252572105144722,-9.522539563536768,-4.01275396570143,10.613998242694526,-43.80107990242775,0.5531985447156839,25.11657270428303,1.6094379124291003,0.4,0.4,13,25.0
50,2,8,0.00020833333333333335,0.0,6.527751910516941,6.697957158796918,2.4927167468427465,1.209223005830765,2.7705337135325885,2.777009868897303,0.7090590181589675,13.994544145976816,1.7328679513938632,0,0,6.8,0.00017708333333333335,0.4,7.521395343156574,7.559398860387847,3.7957594258811107,0.9391467910383181,3.9317917249672227,0.5810290879880295,0.7538455146823566,17.33432454553261,1.6295734259793893,0.4,0.0,13,25.0
50,3,0,0.0,0.0,0.0,0.0,0.0,0.0,0.0,0.0,0.0,0.0,0.0,0,0,0.0,0.0,0.0,0.0,0.0,0.0,0.0,0.0,0.0,0.0,0.0,0.0,0.0,0.0,13,25.0
50,4,0,0.0,0.0,0.0,0.0,0.0,0.0,0.0,0.0,0.0,0.0,0.0,0,0,0.0,0.0,0.0,0.0,0.0,0.0,0.0,0.0,0.0,0.0,0.0,0.0,0.0,0.0,13,25.0
50,5,0,0.0,0.0,0.0,0.0,0.0,0.0,0.0,0.0,0.0,0.0,0.0,0,0,0.0,0.0,0.0,0.0,0.0,0.0,0.0,0.0,0.0,0.0,0.0,0.0,0.0,0.0,13,25.0
51,0,8,0.00020833333333333335,0.0,2.326107034761506,2.4432312706316677,-0.33908225606989956,0.6234688148151708,0.7097113071020404,0.27029355622557383,0.9300666147481108,19.13992257256658,1.9061547465328494,0,0,7.2,0.0001875,0.4,2.180773994438137,2.0243932972181455,-0.0998231225658338,0.3652690594958676,0.596525518356954,2.556957873460966,0.8334264961033705,22.927225776118323,1.733319652506475,0.6,0.2,13,25.0
51,1,5,0.00013020833333333333,0.0,27.125501368543684,13.613190396673104,-14.616011323964864,-2.2165875026097894,14.783133875433688,-7.187092851965919,0.4588174430461899,25.604539678658266,1.3321790402061222,0,0,5.0,0.00013020833333333333,0.0,30.496764351604206,15.992424310154792,-11.115277957633124,-3.4017893840041014,11.873084202331558,-34.073050829694026,0.5252372872526616,25.324266944564798,1.5539861379845046,0.4,0.4,13,25.0
51,2,8,0.00020833333333333335,0.0,6.488332334084616,6.455018199941089,2.312625615745941,1.2803226306366722,2.6433810313923156,-0.9854894108081327,0.7037745569111872,14.0416115517076,1.9061547465328494,0,0,7.2,0.0001875,0.4,7.138565815212407,7.189360250819209,3.3151612062898166,1.0330744202148352,3.503509200173744,1.1237143276642294,0.7362764183633581,16.218822281749784,1.698662293478678,0.4,0.0,13,25.0
51,3,0,0.0,0.0,0.0,0.0,0.0,0.0,0.0,0.0,0.0,0.0,0.0,0,0,0.0,0.0,0.0,0.0,0.0,0.0,0.0,0.0,0.0,0.0,0.0,0.0,0.0,0.0,13,25.0
51,4,0,0.0,0.0,0.0,0.0,0.0,0.0,0.0,0.0,0.0,0.0,0.0,0,0,0.0,0.0,0.0,0.0,0.0,0.0,0.0,0.0,0.0,0.0,0.0,0.0,0.0,0.0,13,25.0
51,5,0,0.0,0.0,0.0,0.0,0.0,0.0,0.0,0.0,0.0,0.0,0.0,0,0,0.0,0.0,0.0,0.0,0.0,0.0,0.0,0.0,0.0,0.0,0.0,0.0,0.0,0.0,13,25.0
52,0,8,0.00020833333333333335,0.0,2.3001657976931043,2.397903888026503,-0.33120594942249665,0.5826485936750516,0.6702065089540483,-0.6485309267100379,0.9342638578985889,19.101686385232608,1.9061547465328494,0,0,7.6,0.0001979166666666667,0.4,2.2390357532674203,2.2348704447387098,-0.21203454972546004,0.5111924012714397,0.6760026580027979,2.017625646365462,0.8778769711686832,21.060834665078787,1.8024085200057638,0.6,0.2,13,25.0
52,1,5,0.00013020833333333333,0.0,26.50203470174559,13.431497491705963,-14.418630166058971,-2.018433233139306,14.55922280144881,-15.586666669952345,0.4562498930291833,25.597936039011778,1.3321790402061222,0,0,5.0,0.00013020833333333333,0.0,28.36082600286256,14.41606319060782,-12.67706424234825,-2.812214823369801,13.131419607972541,-19.249281839952506,0.4964710141911307,25.481393172947907,1.498534363539909,0.4,0.4,13,25.0
52,2,8,0.00020833333333333335,0.0,6.377132586980732,6.247902398784383,2.191094450137225,1.2969866491301538,2.546187200000034,-2.7799936775970884,0.7012675938346713,14.072196454468012,1.9061547465328494,0,0,7.6,0.0001979166666666667,0.4,6.767813748000577,6.835450848396199,2.8407106133979,1.1271262837586868,3.0852205174837395,1.425650845972682,0.7208143651902014,15.119963389180048,1.7677511609779664,0.4,0.0,13,25.0
52,3,0,0.0,0.0,0.0,0.0,0.0,0.0,0.0,0.0,0.0,0.0,0.0,0,0,0.0,0.0,0.0,0.0,0.0,0.0,0.0,0.0,0.0,0.0,0.0,0.0,0.0,0.0,13,25.0
52,4,0,0.0,0.0,0.0,0.0,0.0,0.0,0.0,0.0,0.0,0.0,0.0,0,0,0.0,0.0,0.0,0.0,0.0,0.0,0.0,0.0,0.0,0.0,0.0,0.0,0.0,0.0,13,25.0
52,5,0,0.0,0.0,0.0,0.0,0.0,0.0,0.0,0.0,0.0,0.0,0.0,0,0,0.0,0.0,0.0,0.0,0.0,0.0,0.0,0.0,0.0,0.0,0.0,0.0,0.0,0.0,13,25.0
53,0,8,0.00020833333333333335,0.0,2.2564733408315276,2.343828442873581,-0.3229195907344308,0.5551456924993345,0.6422334481951699,-1.092311421539418,0.9361746605275761,19.08357547631444,1.9061547465328494,0,0,8.0,0.00020833333333333335,0.4,2.286119547799397,2.4263423997978895,-0.3366842038049981,0.6540496381083086,0.736471994965511,1.7381765389328137,0.9224234713405666,19.19428426281456,1.8714973875050522,0.6,0.2,13,25.0
53,1,5,0.00013020833333333333,0.0,25.73403822342641,13.156936304741453,-14.060049473421099,-1.849432046016841,14.181163213498495,-19.199911957979502,0.4554405138082257,25.59914632612281,1.3321790402061222,0,0,5.0,0.00013020833333333333,0.0,26.771909558545268,13.435031923268614,-14.18763037027362,-2.255925443373761,14.370292719904478,-5.5737342293434295,0.4673835084296439,25.624211241677177,1.4430825890953134,0.4,0.4,13,25.0
53,2,8,0.00020833333333333335,0.0,6.233792680766404,6.059696028622891,2.0999246610381674,1.287385467439929,2.4631372117305577,-3.583497655358193,0.700033249223101,14.089724148090223,1.9061547465328494,0,0,8.0,0.00020833333333333335,0.4,6.408736205621949,6.496850786913353,2.3769204544201274,1.2201060537140627,2.6788942450874487,1.717513966802688,0.7070635089945456,14.029118329676246,1.8368400284772548,0.4,0.0,13,25.0
53,3,0,0.0,0.0,0.0,0.0,0.0,0.0,0.0,0.0,0.0,0.0,0.0,0,0,0.0,0.0,0.0,0.0,0.0,0.0,0.0,0.0,0.0,0.0,0.0,0.0,0.0,0.0,13,25.0
53,4,0,0.0,0.0,0.0,0.0,0.0,0.0,0.0,0.0,0.0,0.0,0.0,0,0,0.0,0.0,0.0,0.0,0.0,0.0,0.0,0.0,0.0,0.0,0.0,0.0,0.0,0.0,13,25.0
53,5,0,0.0,0.0,0.0,0.0,0.0,0.0,0.0,0.0,0.0,0.0,0.0,0,0,0.0,0.0,0.0,0.0,0.0,0.0,0.0,0.0,0.0,0.0,0.0,0.0,0.0,0.0,13,25.0
54,0,7,0.00018229166666666667,-1.0,3.3787272915731745,2.94135557212684,-0.8768162857960002,-0.11714635158919558,0.8846072952037829,6.430761621840605,0.41942392154551544,21.686212193351164,1.9459101490483135,1,2,7.8,0.00020312500000000002,-0.2,2.515353751474359,2.519639381142066,-0.4431402049812956,0.46713866015542066,0.7359829733170904,1.4057376625339362,0.8279853583856307,19.64707390564269,1.879448468008145,0.2,0.4,13,25.0
54,1,5,0.00013020833333333333,0.0,34.2510930920604,6.893603979663864,-11.891684097470838,1.7349032879089061,12.017572138016812,-34.297680740639265,0.7904408600216313,17.953545056576353,1.3321790402061222,2,2,5.0,0.00013020833333333333,0.0,28.20513049367968,12.142522889414668,-13.883711039582263,-1.3603313454346904,14.03602067625981,-13.614287112937621,0.5256633856104347,24.076096575898546,1.3876308146507177,0.4,0.4,13,25.0
54,2,8,0.00020833333333333335,0.0,8.597186633115522,5.064124695532791,3.869053767754916,0.7815928348487935,3.9472097001889175,43.747346461151764,0.7846259704749259,15.108709230352158,1.9061547465328494,1,1,8.0,0.00020833333333333335,0.0,6.844839229092844,6.104939696335615,2.593083048303799,1.1711021175772627,2.8740897713688827,7.835075117257131,0.7197520777205706,14.261357106118961,1.8714973875050522,0.2,0.2,13,25.0
54,3,0,0.0,0.0,0.0,0.0,0.0,0.0,0.0,0.0,0.0,0.0,0.0,0,0,0.0,0.0,0.0,0.0,0.0,0.0,0.0,0.0,0.0,0.0,0.0,0.0,0.0,0.0,13,25.0
54,4,0,0.0,0.0,0.0,0.0,0.0,0.0,0.0,0.0,0.0,0.0,0.0,0,0,0.0,0.0,0.0,0.0,0.0,0.0,0.0,0.0,0.0,0.0,0.0,0.0,0.0,0.0,13,25.0
54,5,0,0.0,0.0,0.0,0.0,0.0,0.0,0.0,0.0,0.0,0.0,0.0,0,0,0.0,0.0,0.0,0.0,0.0,0.0,0.0,0.0,0.0,0.0,0.0,0.0,0.0,0.0,13,25.0
55,0,7,0.00018229166666666667,0.0,3.3628283658088627,2.8049983806616314,-0.8055267468056683,-0.21909444615345347,0.8347908217958626,-0.3974731441077982,0.6251715788941108,21.35475808746033,1.7478680974607577,0,0,7.6,0.0001979166666666667,-0.2,2.724860366133635,2.5862635108640446,-0.5351101657656991,0.2850044606493816,0.7483098762501807,0.912547937141785,0.7690201267227804,20.073230942985024,1.8824484972215239,0.2,0.4,13,25.0
55,1,5,0.00013020833333333333,0.0,33.22428687997941,7.519039677424415,-12.411237408129688,1.5817382486424791,12.511622991769546,-25.670155302024806,0.789398530369756,19.082182349654776,1.3321790402061222,0,0,5.0,0.00013020833333333333,0.0,29.367390853151097,10.92285357004176,-13.479522493809094,-0.5535622490429105,13.610543004033469,-20.388301504512416,0.5900694480549973,22.767469890004797,1.3321790402061222,0.4,0.4,13,25.0
55,2,8,0.00020833333333333335,0.0,8.676245386493578,5.171273000903885,3.9711196244296003,0.32510122702570154,3.9844048337667077,1.9764688344514294,0.7628764983315275,15.01158795322166,1.9061547465328494,0,0,8.0,0.00020833333333333335,0.0,7.274537924288171,5.7996028647570075,2.88876362382117,0.9942777618162498,3.1168639954157067,7.6749669103679565,0.7305155737550826,14.46476586756793,1.9061547465328494,0.2,0.2,13,25.0
55,3,0,0.0,0.0,0.0,0.0,0.0,0.0,0.0,0.0,0.0,0.0,0.0,0,0,0.0,0.0,0.0,0.0,0.0,0.0,0.0,0.0,0.0,0.0,0.0,0.0,0.0,0.0,13,25.0
55,4,0,0.0,0.0,0.0,0.0,0.0,0.0,0.0,0.0,0.0,0.0,0.0,0,0,0.0,0.0,0.0,0.0,0.0,0.0,0.0,0.0,0.0,0.0,0.0,0.0,0.0,0.0,13,25.0
55,5,0,0.0,0.0,0.0,0.0,0.0,0.0,0.0,0.0,0.0,0.0,0.0,0,0,0.0,0.0,0.0,0.0,0.0,0.0,0.0,0.0,0.0,0.0,0.0,0.0,0.0,0.0,13,25.0
56,0,7,0.00018229166666666667,0.0,3.2187050693906465,2.6413841748002533,-0.7218666321025845,-0.3376166821748533,0.796916845490095,-3.6030824104554156,0.622792515295279,21.19894015781301,1.7478680974607577,0,0,7.4,0.00019270833333333333,-0.2,2.903379973059463,2.625894091697762,-0.6116670409722362,0.09278736125137677,0.7657509839277917,0.13787274380558712,0.7075653068322141,20.48503446003431,1.8507911674071056,0.2,0.4,13,25.0
56,1,5,0.00013020833333333333,0.0,32.298571149078995,7.786742953324111,-12.494432413040144,1.4904283263832405,12.583013070012829,-23.14289327251048,0.7887680400214376,19.67994685877226,1.3321790402061222,0,0,5.0,0.00013020833333333333,0.0,30.402004809258166,9.757564081371962,-13.055206711624148,0.18784091675569542,13.170518842949297,-23.579461588621324,0.6560595674500468,21.582551326027595,1.3321790402061222,0.4,0.4,13,25.0
56,2,8,0.00020833333333333335,0.0,8.38872510464403,4.887500768556881,3.757230002934405,0.1726820485936102,3.7611961375148937,-7.188007046238723,0.752384835722262,14.984043101782804,1.9061547465328494,0,0,8.0,0.00020833333333333335,0.0,7.654616478400053,5.486099378480167,3.177684501258863,0.7727496454076376,3.340427016640222,6.434463383281837,0.7402376295172975,14.65325217758297,1.9061547465328494,0.2,0.2,13,25.0
56,3,0,0.0,0.0,0.0,0.0,0.0,0.0,0.0,0.0,0.0,0.0,0.0,0,0,0.0,0.0,0.0,0.0,0.0,0.0,0.0,0.0,0.0,0.0,0.0,0.0,0.0,0.0,13,25.0
56,4,0,0.0,0.0,0.0,0.0,0.0,0.0,0.0,0.0,0.0,0.0,0.0,0,0,0.0,0.0,0.0,0.0,0.0,0.0,0.0,0.0,0.0,0.0,0.0,0.0,0.0,0.0,13,25.0
56,5,0,0.0,0.0,0.0,0.0,0.0,0.0,0.0,0.0,0.0,0.0,0.0,0,0,0.0,0.0,0.0,0.0,0.0,0.0,0.0,0.0,0.0,0.0,0.0,0.0,0.0,0.0,13,25.0
57,0,7,0.00018229166666666667,0.0,3.052989299547701,2.4864416948302037,-0.652854175798568,-0.4232908147279256,0.7780704908237162,-4.1428942460736184,0.6217321643522792,21.123984619882407,1.7478680974607577,0,0,7.2,0.0001875,-0.2,3.053944673430382,2.643601653058502,-0.6759966862474504,-0.10840052042921869,0.7873237803017255,-0.5609999200671291,0.6450589681229522,20.88949410696427,1.819133837592687,0.2,0.4,13,25.0
57,1,5,0.00013020833333333333,0.0,31.407806823576816,7.833440033772505,-12.379035933792654,1.427357891397516,12.461054578175336,-22.269108137554365,0.7884192112346877,19.97383227642881,1.3321790402061222,0,0,5.0,0.00013020833333333333,0.0,31.383159233624404,8.63795258978527,-12.647287865170885,0.8769991416630599,12.750885198294602,-24.91594988214173,0.7224934310911477,20.457730573511,1.3321790402061222,0.4,0.4,13,25.0
57,2,8,0.00020833333333333335,0.0,8.026401679790682,4.5640004717319895,3.494737026430595,0.13315355843412424,3.497272759455377,-9.058085621333674,0.7468387780551895,14.976120562070406,1.6674619334232947,0,0,8.0,0.00020833333333333335,0.0,7.9844702969620425,5.149318993069687,3.4384130165175373,0.5399830272684316,3.5306441285312906,5.17884499453452,0.7493518663614012,14.83403699910345,1.8584161839109385,0.2,0.2,13,25.0
57,3,0,0.0,0.0,0.0,0.0,0.0,0.0,0.0,0.0,0.0,0.0,0.0,0,0,0.0,0.0,0.0,0.0,0.0,0.0,0.0,0.0,0.0,0.0,0.0,0.0,0.0,0.0,13,25.0
57,4,0,0.0,0.0,0.0,0.0,0.0,0.0,0.0,0.0,0.0,0.0,0.0,0,0,0.0,0.0,0.0,0.0,0.0,0.0,0.0,0.0,0.0,0.0,0.0,0.0,0.0,0.0,13,25.0
57,5,0,0.0,0.0,0.0,0.0,0.0,0.0,0.0,0.0,0.0,0.0,0.0,0,0,0.0,0.0,0.0,0.0,0.0,0.0,0.0,0.0,0.0,0.0,0.0,0.0,0.0,0.0,13,25.0
58,0,7,0.00018229166666666667,0.0,2.895680682090831,2.351443706143697,-0.5992633708033205,-0.47739020333316734,0.7661709951603759,-3.9327154364217685,0.6212848950860446,21.087126799901743,1.7478680974607577,0,0,7.0,0.00018229166666666667,-0.2,3.181786141682243,2.645124705712525,-0.7312654422612284,-0.31490769959571907,0.8121112896947664,-1.129080723043599,0.5820810150346458,21.29020437168173,1.7874765077782686,0.2,0.4,13,25.0
58,1,5,0.00013020833333333333,0.0,30.542935628809506,7.763314241052623,-12.170667027251731,1.3782295415112138,12.248455109005654,-21.621779869182824,0.7882337461589939,20.111635643995974,1.3321790402061222,0,0,5.0,0.00013020833333333333,0.0,32.34493871470103,7.559228177047504,-12.269411375937011,1.5225314591686707,12.364343577396035,-25.400323464382392,0.7890520775613012,19.360228437085635,1.3321790402061222,0.4,0.4,13,25.0
58,2,8,0.00020833333333333335,0.0,7.6723441656885285,4.296134647387307,3.251482179235111,0.13522971780551726,3.254293078144817,-8.851437852553861,0.7439458777085068,14.973666057728643,1.6674619334232947,0,0,8.0,0.00020833333333333335,0.0,8.272180593946468,4.796606716822571,3.6687245201569256,0.3095518773415494,3.688875301814143,4.125256955095387,0.7581343920584823,15.010825381031134,1.8106776212890279,0.2,0.2,13,25.0
58,3,0,0.0,0.0,0.0,0.0,0.0,0.0,0.0,0.0,0.0,0.0,0.0,0,0,0.0,0.0,0.0,0.0,0.0,0.0,0.0,0.0,0.0,0.0,0.0,0.0,0.0,0.0,13,25.0
58,4,0,0.0,0.0,0.0,0.0,0.0,0.0,0.0,0.0,0.0,0.0,0.0,0,0,0.0,0.0,0.0,0.0,0.0,0.0,0.0,0.0,0.0,0.0,0.0,0.0,0.0,0.0,13,25.0
58,5,0,0.0,0.0,0.0,0.0,0.0,0.0,0.0,0.0,0.0,0.0,0.0,0,0,0.0,0.0,0.0,0.0,0.0,0.0,0.0,0.0,0.0,0.0,0.0,0.0,0.0,0.0,13,25.0
59,0,8,0.00020833333333333335,1.0,2.572279720416552,1.855323303424752,-0.6482262270548826,1.0683274307891963,1.249608234935435,-11.900140077004473,0.46853343001870873,24.72343333670741,1.6674619334232947,2,1,7.2,0.0001875,0.2,3.0204966274509184,2.4279182519721076,-0.6855474305130048,-0.07781294312004068,0.885111477641097,-4.795261062812615,0.5919029167292844,21.897648600352976,1.7317868646532653,0.4,0.2,13,25.0
59,1,6,0.00015625,1.0,23.018861423430042,13.432640712965096,-8.528612184467947,-0.5737547266292187,8.547889814415282,-8.40697274186929,0.9975508839532534,20.588807454549425,1.5607104090364066,2,1,5.2,0.00013541666666666666,0.2,30.098492380974953,8.86703552370775,-11.596796993336433,1.060799856261046,11.67040711267573,-20.2221818646284,0.8304740823476259,19.887280916680247,1.3778853139721792,0.4,0.2,13,25.0
59,2,6,0.00015625,-2.0,7.628224685324681,4.440328995072047,2.0740689262696774,0.5891526159187759,2.1561221476904757,-7.463597227851643,0.7588703613154967,24.555262551505223,1.791759469222055,0,2,7.6,0.0001979166666666667,-0.4,8.0783882043883,4.671847576730422,3.309727551859878,0.27106383355554586,3.3306577913144544,-6.1169317827052945,0.7529832702265965,16.900136045261746,1.787798565826869,0.0,0.4,13,25.0
59,3,0,0.0,0.0,0.0,0.0,0.0,0.0,0.0,0.0,0.0,0.0,0.0,0,0,0.0,0.0,0.0,0.0,0.0,0.0,0.0,0.0,0.0,0.0,0.0,0.0,0.0,0.0,13,25.0
59,4,0,0.0,0.0,0.0,0.0,0.0,0.0,0.0,0.0,0.0,0.0,0.0,0,0,0.0,0.0,0.0,0.0,0.0,0.0,0.0,0.0,0.0,0.0,0.0,0.0,0.0,0.0,13,25.0
59,5,0,0.0,0.0,0.0,0.0,0.0,0.0,0.0,0.0,0.0,0.0,0.0,0,0,0.0,0.0,0.0,0.0,0.0,0.0,0.0,0.0,0.0,0.0,0.0,0.0,0.0,0.0,13,25.0
60,0,8,0.00020833333333333335,0.0,2.5300552049806733,1.8997723459627693,-0.6104397425971057,0.9967573554673586,1.168829288228312,-1.0556128858969709,0.4725322644836689,24.794868340948135,1.6674619334232947,0,0,7.4,0.00019270833333333333,0.2,2.8539419952852807,2.246873045032335,-0.6465300296712923,0.16535741720412173,0.9519191709275869,-4.9268890111704495,0.561375053847196,22.585670651050542,1.7157056318457726,0.4,0.2,13,25.0
60,1,6,0.00015625,0.0,22.594591221649775,13.744291926906294,-8.803262315863478,-0.6924148684535,8.830451050312066,-10.606755044506698,0.9857929924274269,18.86931355065893,1.5607104090364066,0,0,5.4,0.00014062500000000002,0.2,27.972553249309026,10.112085973604126,-10.875201974883192,0.60596923284185,10.934172724384233,-17.209501813124778,0.8697529747591599,19.844707156881082,1.4235915877382361,0.4,0.2,13,25.0
60,2,6,0.00015625,0.0,7.517013909462626,4.258290132504739,1.9297766439629764,0.6729606198988831,2.043749958169956,-2.780269396551366,0.7314704867166172,24.769870524791738,1.791759469222055,0,0,7.2,0.0001875,-0.4,7.846541908982109,4.489251003050593,2.901458955766553,0.3406357121301822,2.942526816195104,-7.0682794289058535,0.7467020679036145,18.851792559575763,1.76491951036471,0.0,0.4,13,25.0
60,3,0,0.0,0.0,0.0,0.0,0.0,0.0,0.0,0.0,0.0,0.0,0.0,0,0,0.0,0.0,0.0,0.0,0.0,0.0,0.0,0.0,0.0,0.0,0.0,0.0,0.0,0.0,13,25.0
60,4,0,0.0,0.0,0.0,0.0,0.0,0.0,0.0,0.0,0.0,0.0,0.0,0,0,0.0,0.0,0.0,0.0,0.0,0.0,0.0,0.0,0.0,0.0,0.0,0.0,0.0,0.0,13,25.0
60,5,0,0.0,0.0,0.0,0.0,0.0,0.0,0.0,0.0,0.0,0.0,0.0,0,0,0.0,0.0,0.0,0.0,0.0,0.0,0.0,0.0,0.0,0.0,0.0,0.0,0.0,0.0,13,25.0
61,0,8,0.00020833333333333335,0.0,2.479516106458634,1.9076984058313644,-0.5829280281893369,0.9476369674846514,1.1125740012206893,-1.2634774630509842,0.48111869845098176,24.827235762801095,1.6674619334232947,0,0,7.6,0.0001979166666666667,0.2,2.7061042026988784,2.1001358912385575,-0.6187423088886428,0.4224081471360227,1.0150506020737056,-4.458968021689563,0.5330402904783366,23.311329772048158,1.6996243990382798,0.4,0.2,13,25.0
61,1,6,0.00015625,0.0,22.068570980994007,13.731754995918182,-8.800799398151218,-0.7575930912821578,8.833346893361389,-13.150506016394113,0.9793537668377129,18.06940709141914,1.791759469222055,0,0,5.6,0.00014583333333333332,0.2,25.92655321569203,11.30108838212294,-10.136475371905407,0.15636494930877037,10.184239489053946,-15.211024361901503,0.9078701201224149,19.522599203410458,1.5155076735414226,0.4,0.2,13,25.0
61,2,6,0.00015625,0.0,7.3684908791565995,4.117959881265472,1.833343816364116,0.7044566937187651,1.9640287121948385,-3.71307575765069,0.7284251918371935,24.884184097310413,1.791759469222055,0,0,6.8,0.00017708333333333332,-0.4,7.642495063884624,4.335342825592311,2.516681718452495,0.4469906411552131,2.583093331131093,-6.373293171188247,0.7419101391266008,20.831820758681282,1.742040454902551,0.0,0.4,13,25.0
61,3,0,0.0,0.0,0.0,0.0,0.0,0.0,0.0,0.0,0.0,0.0,0.0,0,0,0.0,0.0,0.0,0.0,0.0,0.0,0.0,0.0,0.0,0.0,0.0,0.0,0.0,0.0,13,25.0
61,4,0,0.0,0.0,0.0,0.0,0.0,0.0,0.0,0.0,0.0,0.0,0.0,0,0,0.0,0.0,0.0,0.0,0.0,0.0,0.0,0.0,0.0,0.0,0.0,0.0,0.0,0.0,13,25.0
61,5,0,0.0,0.0,0.0,0.0,0.0,0.0,0.0,0.0,0.0,0.0,0.0,0,0,0.0,0.0,0.0,0.0,0.0,0.0,0.0,0.0,0.0,0.0,0.0,0.0,0.0,0.0,13,25.0
62,0,8,0.00020833333333333335,0.0,2.4204776487013357,1.8803631976427253,-0.5575783434612862,0.9102523035888873,1.067451575147982,-1.4759614439324582,0.48621050067293714,24.843383946073303,1.6674619334232947,0,0,7.8,0.00020312500000000002,0.2,2.5796018725296053,1.978920191801062,-0.5996871424211864,0.6891167707993853,1.0729268189385588,-3.9255814612613316,0.5059359577424682,24.055209637286335,1.6835431662307871,0.4,0.2,13,25.0
62,1,6,0.00015625,0.0,21.497928222546822,13.551486014467798,-8.670232792206399,-0.7774529625164169,8.705019803537308,-14.266068961179597,0.9756918160296864,17.68657052592648,1.791759469222055,0,0,5.8,0.00015104166666666667,0.2,23.94457749548603,12.444697578261998,-9.394714743588155,-0.2845972214740162,9.43303253412634,-13.610416526626548,0.9453246410814147,19.06514685330999,1.6074237593446092,0.4,0.2,13,25.0
62,2,6,0.00015625,0.0,7.2014638938922255,3.9974766821067487,1.7615823633583751,0.7103836392898009,1.899425528381121,-4.1756746316093265,0.7274545378056274,24.910076325645672,1.791759469222055,0,0,6.4,0.0001666666666666667,-0.4,7.477507506704933,4.222038067667263,2.1700507858380513,0.5624366573263484,2.263523884916242,-5.396810973243378,0.7380332910766884,22.81861191139634,1.766899962062303,0.0,0.4,13,25.0
62,3,0,0.0,0.0,0.0,0.0,0.0,0.0,0.0,0.0,0.0,0.0,0.0,0,0,0.0,0.0,0.0,0.0,0.0,0.0,0.0,0.0,0.0,0.0,0.0,0.0,0.0,0.0,13,25.0
62,4,0,0.0,0.0,0.0,0.0,0.0,0.0,0.0,0.0,0.0,0.0,0.0,0,0,0.0,0.0,0.0,0.0,0.0,0.0,0.0,0.0,0.0,0.0,0.0,0.0,0.0,0.0,13,25.0
62,5,0,0.0,0.0,0.0,0.0,0.0,0.0,0.0,0.0,0.0,0.0,0.0,0,0,0.0,0.0,0.0,0.0,0.0,0.0,0.0,0.0,0.0,0.0,0.0,0.0,0.0,0.0,13,25.0
63,0,8,0.00020833333333333335,0.0,2.3716537977337766,1.8140411594369872,-0.5333333618699005,0.878058696408588,1.0273419826047212,-1.2205962741889822,0.6684344993510409,24.85216141086912,1.6674619334232947,0,0,8.0,0.00020833333333333335,0.2,2.474796495658194,1.8714396824597195,-0.5865011406345023,0.9602065507477363,1.125161016427428,-3.3831576288147738,0.5153658785954675,24.80821655947981,1.6674619334232947,0.4,0.2,13,25.0
63,1,6,0.00015625,0.0,20.915463552131612,13.291630916315036,-8.481388362812693,-0.7733374403022868,8.5165720426371,-14.561616760380275,0.9736958070553206,17.498304255935135,1.791759469222055,0,0,6.0,0.00015625,0.2,22.019083080150452,13.550360913314481,-8.656859010700348,-0.7149106178367164,8.68665592085263,-12.19838390486604,0.98241705326068,18.54248057569782,1.699339845147796,0.4,0.2,13,25.0
63,2,6,0.00015625,0.0,7.02775635766226,3.887435298195289,1.7029300080444887,0.7039601498015277,1.8426965308500995,-4.342688405749114,0.7270578374844658,24.918687202033652,1.791759469222055,0,0,6.0,0.00015625,-0.4,7.348589945099678,4.1402981978288595,1.8603403515999268,0.6761827437255505,1.9812045754572982,-4.495061083882428,0.7346556830318802,24.80761614025734,1.791759469222055,0.0,0.4,13,25.0
63,3,0,0.0,0.0,0.0,0.0,0.0,0.0,0.0,0.0,0.0,0.0,0.0,0,0,0.0,0.0,0.0,0.0,0.0,0.0,0.0,0.0,0.0,0.0,0.0,0.0,0.0,0.0,13,25.0
63,4,0,0.0,0.0,0.0,0.0,0.0,0.0,0.0,0.0,0.0,0.0,0.0,0,0,0.0,0.0,0.0,0.0,0.0,0.0,0.0,0.0,0.0,0.0,0.0,0.0,0.0,0.0,13,25.0
63,5,0,0.0,0.0,0.0,0.0,0.0,0.0,0.0,0.0,0.0,0.0,0.0,0,0,0.0,0.0,0.0,0.0,0.0,0.0,0.0,0.0,0.0,0.0,0.0,0.0,0.0,0.0,13,25.0
64,0,6,0.00015625,-2.0,2.1743640821427466,1.7827441818945162,0.26241954006134877,0.7961960240050168,0.8383269789571411,-4.013547752869793,0.601365249560923,34.63066649636178,1.791759469222055,0,2,7.6,0.0001979166666666667,-0.4,2.395213368003433,1.8569238581536727,-0.4043719872112561,0.9057802693909004,1.0429047652317691,-1.8058391639878377,0.5419322425039103,26.78966319141069,1.6923214405830467,0.0,0.4,13,25.0
64,1,8,0.00020833333333333335,2.0,23.374923371528915,21.805513479852277,3.129852426284222,1.078777208514642,3.310549271031602,256.27752358100685,0.7626648814951236,15.523203064788419,1.9061547465328494,2,0,6.4,0.0001666666666666667,0.4,22.09029546977023,15.224935466691917,-6.3251660885499135,-0.38440423080794417,7.6391878121758925,40.73851535970918,0.935439852769054,17.529359697745623,1.7684287126470841,0.4,0.0,13,25.0
64,2,6,0.00015625,0.0,6.3201269573699035,4.282126381146772,2.112638455304028,0.8386295519433492,2.2730025886967424,-3.1981135895070354,0.9271085424887775,19.291834420009405,1.791759469222055,1,1,6.0,0.00015625,0.0,7.086970399508724,4.108657675043804,1.8680542574067966,0.7260781309304651,2.0045806636585515,-3.6419643562135064,0.7683033192665363,23.75493051395818,1.791759469222055,0.2,0.2,13,25.0
64,3,0,0.0,0.0,0.0,0.0,0.0,0.0,0.0,0.0,0.0,0.0,0.0,0,0,0.0,0.0,0.0,0.0,0.0,0.0,0.0,0.0,0.0,0.0,0.0,0.0,0.0,0.0,13,25.0
64,4,0,0.0,0.0,0.0,0.0,0.0,0.0,0.0,0.0,0.0,0.0,0.0,0,0,0.0,0.0,0.0,0.0,0.0,0.0,0.0,0.0,0.0,0.0,0.0,0.0,0.0,0.0,13,25.0
64,5,0,0.0,0.0,0.0,0.0,0.0,0.0,0.0,0.0,0.0,0.0,0.0,0,0,0.0,0.0,0.0,0.0,0.0,0.0,0.0,0.0,0.0,0.0,0.0,0.0,0.0,0.0,13,25.0
65,0,6,0.00015625,0.0,2.0920759667514273,1.8727438780850252,0.4110130758273769,0.830475180683444,0.9266179224644211,-2.0572028847829658,0.5777376503980249,34.52366475072798,1.5607104090364068,0,0,7.2,0.0001875,-0.4,2.307617520357584,1.8515181645781236,-0.20008142352635958,0.8725238344341175,0.994462492078991,-2.0061571637650366,0.5629733196867817,28.735422473366658,1.6709711357056694,0.0,0.4,13,25.0
65,1,8,0.00020833333333333335,0.0,23.798948565597797,24.26946085106498,4.701183270258466,1.401111637109471,4.905531363695646,10.600629851722077,0.7629820802294813,14.316877682236735,1.9061547465328494,0,0,6.8,0.00017708333333333335,0.4,22.33116693855983,17.329969251523654,-3.624276971325524,0.034301070304650016,6.85420387485261,44.97999233895494,0.8908776703294649,16.61887252406118,1.8375175801463726,0.4,0.0,13,25.0
65,2,6,0.00015625,0.0,6.3955505260484244,3.965431452844028,1.8707116454753827,0.8062400725949996,2.0370530467258834,1.88558921696304,0.7559303959964505,19.891821916388654,1.791759469222055,0,0,6.0,0.00015625,0.0,6.862677722825883,4.050085939111662,1.856241257709278,0.7527340214696885,2.003241281369737,-2.708792633510625,0.7731953011225029,22.77932079227756,1.791759469222055,0.2,0.2,13,25.0
65,3,0,0.0,0.0,0.0,0.0,0.0,0.0,0.0,0.0,0.0,0.0,0.0,0,0,0.0,0.0,0.0,0.0,0.0,0.0,0.0,0.0,0.0,0.0,0.0,0.0,0.0,0.0,13,25.0
65,4,0,0.0,0.0,0.0,0.0,0.0,0.0,0.0,0.0,0.0,0.0,0.0,0,0,0.0,0.0,0.0,0.0,0.0,0.0,0.0,0.0,0.0,0.0,0.0,0.0,0.0,0.0,13,25.0
65,5,0,0.0,0.0,0.0,0.0,0.0,0.0,0.0,0.0,0.0,0.0,0.0,0,0,0.0,0.0,0.0,0.0,0.0,0.0,0.0,0.0,0.0,0.0,0.0,0.0,0.0,0.0,13,25.0
66,0,6,0.00015625,0.0,2.0340978448706797,1.8917655214240676,0.47796027262479845,0.8367650198956728,0.9636502066250893,-1.4494530470186924,0.5598844947703778,34.472229148331685,1.5607104090364068,0,0,6.8,0.00017708333333333335,-0.4,2.2185338680399935,1.8483315876966642,0.012096236636467472,0.8503494449163217,0.9646777331598709,-2.043352280558578,0.5787264789506608,30.664421150472776,1.6496208308282916,0.0,0.4,13,25.0
66,1,8,0.00020833333333333335,0.0,22.562837300498224,22.63470060785768,4.282056186488771,1.364214473333385,4.494116855790361,-30.90278162748931,0.7625911734028687,14.014113569148048,1.7328679513938632,0,0,7.2,0.0001875,0.4,22.430020202460675,19.110558373911555,-1.0077058543975266,0.45866258322775855,5.986357867338404,41.4295372167359,0.8475251516424962,15.807813819606963,1.8257392765807345,0.4,0.0,13,25.0
66,2,6,0.00015625,0.0,6.362912173977885,3.758942456231405,1.7324565959813416,0.7874048600417645,1.9030008593210483,-0.8159588017634761,0.7503709947091085,20.19373835385622,1.791759469222055,0,0,6.0,0.00015625,0.0,6.661561981790141,3.9782824541048485,1.8360638136327232,0.7693236547342883,1.991035710794979,-2.1293692423331825,0.7775844616968859,21.841231643586717,1.791759469222055,0.2,0.2,13,25.0
66,3,0,0.0,0.0,0.0,0.0,0.0,0.0,0.0,0.0,0.0,0.0,0.0,0,0,0.0,0.0,0.0,0.0,0.0,0.0,0.0,0.0,0.0,0.0,0.0,0.0,0.0,0.0,13,25.0
66,4,0,0.0,0.0,0.0,0.0,0.0,0.0,0.0,0.0,0.0,0.0,0.0,0,0,0.0,0.0,0.0,0.0,0.0,0.0,0.0,0.0,0.0,0.0,0.0,0.0,0.0,0.0,13,25.0
66,5,0,0.0,0.0,0.0,0.0,0.0,0.0,0.0,0.0,0.0,0.0,0.0,0,0,0.0,0.0,0.0,0.0,0.0,0.0,0.0,0.0,0.0,0.0,0.0,0.0,0.0,0.0,13,25.0
67,0,6,0.00015625,0.0,1.9833271928342928,1.8767288956037032,0.5045112462030615,0.8294485387691415,0.9708328774880001,-1.269266300909673,0.549610742957845,34.44790984320482,1.5607104090364068,0,0,6.4,0.00016666666666666666,-0.4,2.1311037768665844,1.84760472728886,0.224514154569337,0.8341886919523726,0.9453539936278746,-2.002013251954021,0.5914065274076423,32.585326329899075,1.628270525950914,0.0,0.4,13,25.0
67,1,8,0.00020833333333333335,0.0,21.084734571023002,20.29113108171251,3.4491495473557388,1.2392690673120537,3.665026660369715,-36.95256823688053,0.7622114892148004,13.987428046574173,1.559581156254877,0,0,7.6,0.0001979166666666667,0.4,22.34738147215591,20.4584873873605,1.4161706135149008,0.8620069891934528,4.9783592387048845,36.89223736159572,0.804829086279519,15.067985323736503,1.7793036139872989,0.4,0.0,13,25.0
67,2,6,0.00015625,0.0,6.267060103680035,3.615464335725479,1.6431623051285535,0.7688162602058178,1.8141281109536453,-2.3963017574462513,0.7501554501554302,20.344785430455932,1.791759469222055,0,0,6.0,0.00015625,0.0,6.474681223747702,3.9018799848285943,1.812379801986759,0.7810101789174918,1.9739762273094836,-1.7734946675005674,0.7821246441668465,20.928173464548774,1.791759469222055,0.2,0.2,13,25.0
67,3,0,0.0,0.0,0.0,0.0,0.0,0.0,0.0,0.0,0.0,0.0,0.0,0,0,0.0,0.0,0.0,0.0,0.0,0.0,0.0,0.0,0.0,0.0,0.0,0.0,0.0,0.0,13,25.0
67,4,0,0.0,0.0,0.0,0.0,0.0,0.0,0.0,0.0,0.0,0.0,0.0,0,0,0.0,0.0,0.0,0.0,0.0,0.0,0.0,0.0,0.0,0.0,0.0,0.0,0.0,0.0,13,25.0
67,5,0,0.0,0.0,0.0,0.0,0.0,0.0,0.0,0.0,0.0,0.0,0.0,0,0,0.0,0.0,0.0,0.0,0.0,0.0,0.0,0.0,0.0,0.0,0.0,0.0,0.0,0.0,13,25.0
68,0,6,0.00015625,0.0,1.9349710235466107,1.846006481634607,0.5111682733382722,0.815668830126442,0.9626051340541817,-1.208904232192066,0.5441543065127163,34.43695869092047,1.5607104090364068,0,0,6.0,0.00015625,-0.4,2.0437672220291514,1.8539977917283839,0.4334144816109715,0.8217107186959434,0.9324066239177666,-1.9996748435546379,0.5665504888399775,34.50228578590934,1.6069202210735365,0.0,0.4,13,25.0
68,1,8,0.00020833333333333335,0.0,19.71982888582358,18.157130014384446,2.6353107152539392,1.1060703840288424,2.858015790781769,-34.12264212998563,0.7619662702966117,13.930140363552034,1.559581156254877,0,0,8.0,0.00020833333333333335,0.4,22.108254538894304,21.43158720697438,3.639510429128227,1.2378885540596785,3.8466479883338187,32.980032287674646,0.7624831789277772,14.35435254525988,1.7328679513938632,0.4,0.0,13,25.0
68,2,6,0.00015625,0.0,6.142165103884618,3.5014442168156346,1.5786010514608035,0.7501028832818252,1.7477515885219106,-3.1223749948854316,0.7503501117972774,20.420130520550163,1.791759469222055,0,0,6.0,0.00015625,0.0,6.297562972992173,3.8246817685526637,1.7875140106700218,0.7902387256135512,1.9549872388438458,-1.529431985327831,0.7867830990294088,20.028462128252077,1.791759469222055,0.2,0.2,13,25.0
68,3,0,0.0,0.0,0.0,0.0,0.0,0.0,0.0,0.0,0.0,0.0,0.0,0,0,0.0,0.0,0.0,0.0,0.0,0.0,0.0,0.0,0.0,0.0,0.0,0.0,0.0,0.0,13,25.0
68,4,0,0.0,0.0,0.0,0.0,0.0,0.0,0.0,0.0,0.0,0.0,0.0,0,0,0.0,0.0,0.0,0.0,0.0,0.0,0.0,0.0,0.0,0.0,0.0,0.0,0.0,0.0,13,25.0
68,5,0,0.0,0.0,0.0,0.0,0.0,0.0,0.0,0.0,0.0,0.0,0.0,0,0,0.0,0.0,0.0,0.0,0.0,0.0,0.0,0.0,0.0,0.0,0.0,0.0,0.0,0.0,13,25.0
69,0,7,0.00018229166666666667,1.0,1.8619871944024298,1.64775180452397,0.33836751058918474,0.7183660210783994,0.7940669445722656,1.1715223170019782,0.5859643622463395,26.62725097177447,1.5498260458732018,1,0,6.2,0.00016145833333333333,0.2,1.9812918444810883,1.8269993162542746,0.4486040757165387,0.8061447181106199,0.9235546170407914,-0.9626608295802835,0.5634703113770607,32.90160268099188,1.5585335364037658,0.2,0.0,13,25.0
69,1,7,0.00018229166666666667,-1.0,31.731925763562717,22.936779654595778,15.302331594958945,0.043979480136975724,15.302394794173619,311.52734059184985,0.5816142802901436,21.82663401345968,1.7478680974607577,1,2,7.8,0.00020312500000000002,-0.2,23.779655017301064,21.657840441923078,6.074006262863172,1.0309290083841454,6.245017092962222,44.02999568984325,0.7262730586867812,15.615038734994135,1.701210621579445,0.2,0.4,13,25.0
69,2,6,0.00015625,0.0,6.299256205039463,3.368595960412956,-0.7813875964342015,0.2498816503184773,0.8203702914093759,0.25417626422120454,0.8250726070656432,19.123196120521573,1.791759469222055,1,1,6.0,0.00015625,0.0,6.293388822526085,3.641975684405901,1.208708800322376,0.672489145288577,1.6644607793863728,-0.8389740145821829,0.7663759119447819,19.99473446835451,1.791759469222055,0.2,0.2,13,25.0
69,3,0,0.0,0.0,0.0,0.0,0.0,0.0,0.0,0.0,0.0,0.0,0.0,0,0,0.0,0.0,0.0,0.0,0.0,0.0,0.0,0.0,0.0,0.0,0.0,0.0,0.0,0.0,13,25.0
69,4,0,0.0,0.0,0.0,0.0,0.0,0.0,0.0,0.0,0.0,0.0,0.0,0,0,0.0,0.0,0.0,0.0,0.0,0.0,0.0,0.0,0.0,0.0,0.0,0.0,0.0,0.0,13,25.0
69,5,0,0.0,0.0,0.0,0.0,0.0,0.0,0.0,0.0,0.0,0.0,0.0,0,0,0.0,0.0,0.0,0.0,0.0,0.0,0.0,0.0,0.0,0.0,0.0,0.0,0.0,0.0,13,25.0
70,0,7,0.00018229166666666667,0.0,1.8811476388109476,1.5883147829220028,0.3513107277029665,0.7238998620705879,0.8046429255918454,0.47901111021294124,0.6284202851592946,26.55417752474415,1.7478680974607577,0,0,6.4,0.0001666666666666667,0.2,1.9391061788929922,1.7701134972216703,0.43666360609165666,0.7848296543880486,0.8991596176662764,-0.45541803058110225,0.5736068383293146,31.30770523579512,1.595965074088636,0.2,0.0,13,25.0
70,1,7,0.00018229166666666667,0.0,32.872963226132995,24.4107678848048,16.396301556256507,-0.13908354220713562,16.396891441837763,28.525936564256966,0.5822153902905757,22.74274535829963,1.9459101490483135,0,0,7.6,0.0001979166666666667,-0.2,25.594457949408103,21.686101848671047,8.41302992006278,0.722889972520824,8.543289108590645,47.61505703235022,0.690119720699,17.300212270206714,1.7091617020825374,0.2,0.4,13,25.0
70,2,6,0.00015625,0.0,6.375324045437349,3.3496164023389445,-1.269928159432161,0.4707640638907759,1.3543767326596077,1.9016960099471378,0.9514191458862532,19.52274951416203,1.791759469222055,0,0,6.0,0.00015625,0.0,6.28934352640387,3.518812674304884,0.5805808393408671,0.6053939435477321,1.5279255165731176,-0.8357526559853634,0.8054736619227425,19.920919987909183,1.791759469222055,0.2,0.2,13,25.0
70,3,0,0.0,0.0,0.0,0.0,0.0,0.0,0.0,0.0,0.0,0.0,0.0,0,0,0.0,0.0,0.0,0.0,0.0,0.0,0.0,0.0,0.0,0.0,0.0,0.0,0.0,0.0,13,25.0
70,4,0,0.0,0.0,0.0,0.0,0.0,0.0,0.0,0.0,0.0,0.0,0.0,0,0,0.0,0.0,0.0,0.0,0.0,0.0,0.0,0.0,0.0,0.0,0.0,0.0,0.0,0.0,13,25.0
70,5,0,0.0,0.0,0.0,0.0,0.0,0.0,0.0,0.0,0.0,0.0,0.0,0,0,0.0,0.0,0.0,0.0,0.0,0.0,0.0,0.0,0.0,0.0,0.0,0.0,0.0,0.0,13,25.0
71,0,7,0.00018229166666666667,0.0,1.8643690368579109,1.5449470940238903,0.3575600373713278,0.7179296536259935,0.8020424975526698,-0.41946504882591157,0.6460403599286244,26.52025204943329,1.7478680974607577,0,0,6.6,0.000171875,0.2,1.9051604172904384,1.7007498117416346,0.41258355904096256,0.761062581134113,0.8668380758517925,-0.249420430942546,0.5908380113609639,29.717309816015437,1.6333966117735064,0.2,0.0,13,25.0
71,1,7,0.00018229166666666667,0.0,31.471805648574747,22.543808343468058,15.168755554436135,-0.12251930537264373,15.16925034569692,-35.02893943895617,0.5847589400440418,23.2003883183252,1.9459101490483135,0,0,7.4,0.00019270833333333336,-0.2,27.376251619023407,21.667923395793117,10.590369793652252,0.4255432167796182,10.678315806571959,46.78982547005685,0.6545532740272346,19.137467220042144,1.7517701416134277,0.2,0.4,13,25.0
71,2,6,0.00015625,0.0,6.345411349697407,3.3134675747021793,-1.4877867726909235,0.5657983288886387,1.5917403148652263,-0.7478173934985266,0.9201887168617818,19.748790893266946,1.791759469222055,0,0,6.0,0.00015625,0.0,6.285843361547775,3.4297176979990383,-0.0634678343935858,0.5610726373171071,1.465673407681953,-0.8221243743323734,0.8394372063532772,19.83193049579133,1.791759469222055,0.2,0.2,13,25.0
71,3,0,0.0,0.0,0.0,0.0,0.0,0.0,0.0,0.0,0.0,0.0,0.0,0,0,0.0,0.0,0.0,0.0,0.0,0.0,0.0,0.0,0.0,0.0,0.0,0.0,0.0,0.0,13,25.0
71,4,0,0.0,0.0,0.0,0.0,0.0,0.0,0.0,0.0,0.0,0.0,0.0,0,0,0.0,0.0,0.0,0.0,0.0,0.0,0.0,0.0,0.0,0.0,0.0,0.0,0.0,0.0,13,25.0
71,5,0,0.0,0.0,0.0,0.0,0.0,0.0,0.0,0.0,0.0,0.0,0.0,0,0,0.0,0.0,0.0,0.0,0.0,0.0,0.0,0.0,0.0,0.0,0.0,0.0,0.0,0.0,13,25.0
72,0,7,0.00018229166666666667,0.0,1.831450406494715,1.5070212340764138,0.35862745859371986,0.7064501297868645,0.7922660158894032,-0.8229657590798982,0.654155228474584,26.504518669119538,1.7478680974607577,0,0,6.8,0.00017708333333333332,0.2,1.8747850600225227,1.6268082794361767,0.38340680151909423,0.7364628993376574,0.8311247035320731,-0.1601603225765911,0.6117469084643117,28.12863158119838,1.6708281494583765,0.2,0.0,13,25.0
72,1,7,0.00018229166666666667,0.0,29.518932250824243,20.09103599155641,13.499484777864637,-0.06147467037308133,13.499624750447568,-48.821834943762596,0.5863211922578252,23.423736670891337,1.9459101490483135,0,0,7.2,0.0001875,-0.2,29.06309115498366,21.6279043777619,12.600436839754034,0.16539446924259119,12.64523542458753,44.41597212868044,0.6193752146358397,21.02472894490558,1.829035940172115,0.2,0.4,13,25.0
72,2,6,0.00015625,0.0,6.2591278968637125,3.2560718954134757,-1.5763058003628136,0.6046584072613438,1.6882984824163279,-2.1570863208424127,0.8606602708643992,19.711806552941606,1.791759469222055,0,0,6.0,0.00015625,0.0,6.28425692018451,3.357839209936638,-0.7073614554918592,0.5282410667282121,1.4405074819744894,-0.7742812870116057,0.8615381704950711,19.705334720288462,1.791759469222055,0.2,0.2,13,25.0
72,3,0,0.0,0.0,0.0,0.0,0.0,0.0,0.0,0.0,0.0,0.0,0.0,0,0,0.0,0.0,0.0,0.0,0.0,0.0,0.0,0.0,0.0,0.0,0.0,0.0,0.0,0.0,13,25.0
72,4,0,0.0,0.0,0.0,0.0,0.0,0.0,0.0,0.0,0.0,0.0,0.0,0,0,0.0,0.0,0.0,0.0,0.0,0.0,0.0,0.0,0.0,0.0,0.0,0.0,0.0,0.0,13,25.0
72,5,0,0.0,0.0,0.0,0.0,0.0,0.0,0.0,0.0,0.0,0.0,0.0,0,0,0.0,0.0,0.0,0.0,0.0,0.0,0.0,0.0,0.0,0.0,0.0,0.0,0.0,0.0,13,25.0
73,0,7,0.00018229166666666667,0.0,1.791414030897551,1.471507265438042,0.3567938698421952,0.6924526172558368,0.7789688650398215,-1.0009093899290988,0.6580951904047123,26.49772113744759,1.7478680974607577,0,0,7.0,0.00018229166666666667,0.2,1.8460736614927107,1.5519084361968638,0.35253192081987883,0.7118196567635364,0.7943974497292011,-0.11856135412399767,0.634535085242711,26.54078407050381,1.7082596871432465,0.2,0.0,13,25.0
73,1,7,0.00018229166666666667,0.0,27.60134979459503,17.84317593588541,11.91513398588548,-0.0007919333749850972,11.915134012203207,-47.93956140573029,0.5871733476357578,23.532717325934836,1.9459101490483135,0,0,7.0,0.00018229166666666667,-0.2,30.639395336737948,21.565113562062088,14.45640149388034,-0.055977994238174324,14.456659068871815,41.652588273531514,0.5844166301036688,22.94524433738214,1.9063017387308023,0.2,0.4,13,25.0
73,2,6,0.00015625,0.0,6.142407363136933,3.1892393148706515,-1.6010790743757954,0.616260945830089,1.7155849602276916,-2.9180133431694575,0.8360141176573246,19.695992938453504,1.791759469222055,0,0,6.0,0.00015625,0.0,6.284305372034973,3.2953982295476414,-1.343297480659179,0.501472679237865,1.4340741563156458,-0.7334089566684109,0.8786709716670804,19.56050720386913,1.791759469222055,0.2,0.2,13,25.0
73,3,0,0.0,0.0,0.0,0.0,0.0,0.0,0.0,0.0,0.0,0.0,0.0,0,0,0.0,0.0,0.0,0.0,0.0,0.0,0.0,0.0,0.0,0.0,0.0,0.0,0.0,0.0,13,25.0
73,4,0,0.0,0.0,0.0,0.0,0.0,0.0,0.0,0.0,0.0,0.0,0.0,0,0,0.0,0.0,0.0,0.0,0.0,0.0,0.0,0.0,0.0,0.0,0.0,0.0,0.0,0.0,13,25.0
73,5,0,0.0,0.0,0.0,0.0,0.0,0.0,0.0,0.0,0.0,0.0,0.0,0,0,0.0,0.0,0.0,0.0,0.0,0.0,0.0,0.0,0.0,0.0,0.0,0.0,0.0,0.0,13,25.0
74,0,8,0.00020833333333333335,1.0,2.0173148701403436,1.5754222962708508,0.609620001325877,0.142309813088252,0.6260100869137617,0.9815969745833752,0.8994333252871581,21.942750137948693,1.7328679513938632,1,0,7.2,0.0001875,0.2,1.8771391966402937,1.53744253454624,0.4067824189672173,0.596608415165507,0.7607860781975002,-0.15654642260771828,0.6972288778508747,25.603883903738655,1.744868068247379,0.2,0.0,13,25.0
74,1,6,0.00015625,-1.0,24.531873604269048,21.220414666265583,3.242665523279707,0.0837640671211709,3.2437472334951645,50.13965837220732,0.6834642004982106,29.275618121612002,1.3296613488507583,2,3,6.8,0.00017708333333333335,-0.2,29.199384904879214,21.221840564396054,12.044468279544494,-0.04802107684133529,12.044929556736125,-10.624948170396994,0.6047866141452822,24.435041159012602,1.8226603890088025,0.4,0.6,13,25.0
74,2,6,0.00015625,0.0,5.908440949276133,3.355312150826289,-1.0880686615057396,1.3005665287645336,1.6956906285916427,5.004601810580884,0.6093982170272354,22.55389139134024,1.5607104090364068,1,1,6.0,0.00015625,0.0,6.206142320882307,3.292741467630308,-1.4046336936734867,0.7116096549270762,1.6091382237520993,0.21667615260352502,0.835536093659399,20.246646258032865,1.7455496571849252,0.2,0.2,13,25.0
74,3,0,0.0,0.0,0.0,0.0,0.0,0.0,0.0,0.0,0.0,0.0,0.0,0,0,0.0,0.0,0.0,0.0,0.0,0.0,0.0,0.0,0.0,0.0,0.0,0.0,0.0,0.0,13,25.0
74,4,0,0.0,0.0,0.0,0.0,0.0,0.0,0.0,0.0,0.0,0.0,0.0,0,0,0.0,0.0,0.0,0.0,0.0,0.0,0.0,0.0,0.0,0.0,0.0,0.0,0.0,0.0,13,25.0
74,5,0,0.0,0.0,0.0,0.0,0.0,0.0,0.0,0.0,0.0,0.0,0.0,0,0,0.0,0.0,0.0,0.0,0.0,0.0,0.0,0.0,0.0,0.0,0.0,0.0,0.0,0.0,13,25.0
75,0,8,0.00020833333333333335,0.0,2.0215093980823013,1.6167626956068586,0.6831556809539482,0.11067320962143698,0.6920623120410208,0.10486319854893505,0.8878053390025014,22.051455345993315,1.7328679513938632,0,0,7.4,0.00019270833333333333,0.2,1.9052115484945644,1.543132117083211,0.4731514096174136,0.47396308467567677,0.7382699554873354,-0.2313760049405195,0.7491058886195161,24.703339467988485,1.741868039034,0.2,0.0,13,25.0
75,1,6,0.00015625,0.0,24.49938124927118,21.68466389853064,3.433200417940815,0.05116585695800057,3.433581665647001,-0.8123088749465547,0.6822470097804305,29.747059350496112,1.3296613488507583,0,0,6.6,0.00017187500000000002,-0.2,27.524668509506846,20.67661976714122,9.451848051881354,-0.009971197008308048,9.452267601497972,-16.492597258237698,0.6247929380432532,25.835903957451897,1.6994106289692916,0.4,0.6,13,25.0
75,2,6,0.00015625,0.0,6.003553483944113,3.6634970614563365,-1.5402368793454644,1.3413836515797035,2.042459239549508,2.3778133666995216,0.6288890381036893,22.733275786492964,1.791759469222055,0,0,6.0,0.00015625,0.0,6.13178820858366,3.355517599453786,-1.4586954376561472,0.8857335724648617,1.7467547251300792,0.31189962395400184,0.7710300721028862,20.888751512499052,1.7455496571849256,0.2,0.2,13,25.0
75,3,0,0.0,0.0,0.0,0.0,0.0,0.0,0.0,0.0,0.0,0.0,0.0,0,0,0.0,0.0,0.0,0.0,0.0,0.0,0.0,0.0,0.0,0.0,0.0,0.0,0.0,0.0,13,25.0
75,4,0,0.0,0.0,0.0,0.0,0.0,0.0,0.0,0.0,0.0,0.0,0.0,0,0,0.0,0.0,0.0,0.0,0.0,0.0,0.0,0.0,0.0,0.0,0.0,0.0,0.0,0.0,13,25.0
75,5,0,0.0,0.0,0.0,0.0,0.0,0.0,0.0,0.0,0.0,0.0,0.0,0,0,0.0,0.0,0.0,0.0,0.0,0.0,0.0,0.0,0.0,0.0,0.0,0.0,0.0,0.0,13,25.0
76,0,8,0.00020833333333333335,0.0,1.999108077581019,1.618516825835541,0.7110257018836623,0.09684350587247732,0.7175905610923454,-0.5600330125320534,0.865051916968758,22.10631020827666,1.7328679513938632,0,0,7.6,0.0001979166666666667,0.2,1.9321593566391861,1.5578460634455413,0.5438445425198805,0.3497458551249735,0.7213795681952705,-0.25948959768174784,0.7929082000275428,23.82055109975716,1.7388680098206208,0.2,0.0,13,25.0
76,1,6,0.00015625,0.0,23.932678471747593,21.174997826474225,3.2068989046025997,0.04063123275946804,3.207156292015858,-14.167569438089757,0.6818397992408277,29.975067162380387,1.3296613488507583,0,0,6.4,0.00016666666666666666,-0.2,26.016843074141416,20.402857663742452,7.059476721914647,0.022658910618114304,7.059848790761761,-12.320323258064414,0.6442091098826104,27.190839726262936,1.5761608689297804,0.4,0.6,13,25.0
76,2,6,0.00015625,0.0,6.0018723029596615,3.816193497768017,-1.7417784551998106,1.3488547296828644,2.202998245298001,-0.04202952461130568,0.6500875691570001,22.84941572895964,1.791759469222055,0,0,6.0,0.00015625,0.0,6.063080399236111,3.4560627840669538,-1.5094937741579249,1.042344852623707,1.8690063112166342,0.453057197731446,0.7170098425619298,21.508876479637593,1.7455496571849252,0.2,0.2,13,25.0
76,3,0,0.0,0.0,0.0,0.0,0.0,0.0,0.0,0.0,0.0,0.0,0.0,0,0,0.0,0.0,0.0,0.0,0.0,0.0,0.0,0.0,0.0,0.0,0.0,0.0,0.0,0.0,13,25.0
76,4,0,0.0,0.0,0.0,0.0,0.0,0.0,0.0,0.0,0.0,0.0,0.0,0,0,0.0,0.0,0.0,0.0,0.0,0.0,0.0,0.0,0.0,0.0,0.0,0.0,0.0,0.0,13,25.0
76,5,0,0.0,0.0,0.0,0.0,0.0,0.0,0.0,0.0,0.0,0.0,0.0,0,0,0.0,0.0,0.0,0.0,0.0,0.0,0.0,0.0,0.0,0.0,0.0,0.0,0.0,0.0,13,25.0
77,0,8,0.00020833333333333335,0.0,1.961117343986309,1.5993402998121562,0.7162013671716898,0.09199159896279792,0.7220850729784752,-0.9497683398677506,0.8520223353619856,22.134111641113414,1.7328679513938632,0,0,7.8,0.00020312500000000002,0.2,1.9580927441375047,1.5763098765926897,0.6153593242354745,0.22685414896016023,0.7073433796130849,-0.2848501138393183,0.832481621405023,22.946469694155933,1.735867980607242,0.2,0.0,13,25.0
77,1,6,0.00015625,0.0,23.160001490439,20.294064814961448,2.844479762590646,0.03863151845787035,2.8447420821589606,-19.31692453271477,0.6816785206262306,30.07152353298078,1.3296613488507583,0,0,6.2,0.00016145833333333333,-0.2,24.74505692206437,20.443463428423463,4.92847571885985,0.042680148384304645,4.928872257104038,-6.419341175854849,0.6632805755562914,28.520397098680824,1.452911108890269,0.4,0.6,13,25.0
77,2,6,0.00015625,0.0,5.935429833999588,3.8531442146303747,-1.8195025368642366,1.3369304092495902,2.2578689954981157,-1.6610617240018477,0.6640389957296161,22.93516356320312,1.791759469222055,0,0,6.0,0.00015625,0.0,5.998340786663286,3.575477247910334,-1.5581331214582093,1.1887992530213563,1.9829204138329917,0.5522621170995591,0.6776855875349731,22.153547881689896,1.7455496571849252,0.2,0.2,13,25.0
77,3,0,0.0,0.0,0.0,0.0,0.0,0.0,0.0,0.0,0.0,0.0,0.0,0,0,0.0,0.0,0.0,0.0,0.0,0.0,0.0,0.0,0.0,0.0,0.0,0.0,0.0,0.0,13,25.0
77,4,0,0.0,0.0,0.0,0.0,0.0,0.0,0.0,0.0,0.0,0.0,0.0,0,0,0.0,0.0,0.0,0.0,0.0,0.0,0.0,0.0,0.0,0.0,0.0,0.0,0.0,0.0,13,25.0
77,5,0,0.0,0.0,0.0,0.0,0.0,0.0,0.0,0.0,0.0,0.0,0.0,0,0,0.0,0.0,0.0,0.0,0.0,0.0,0.0,0.0,0.0,0.0,0.0,0.0,0.0,0.0,13,25.0
78,0,8,0.00020833333333333335,0.0,1.9156126662659174,1.5699314010371272,0.7102267374748393,0.09145549997039398,0.7160908651134917,-1.137616943009796,0.8452601294000793,22.148383237940706,1.7328679513938632,0,0,8.0,0.00020833333333333335,0.2,1.982932471211178,1.5959947037125068,0.6860458977620033,0.10665472550307165,0.694767779627819,-0.31219162445545773,0.8699146092040966,22.07660211425456,1.7328679513938632,0.2,0.0,13,25.0
78,1,6,0.00015625,0.0,22.331047390982917,19.314374067935493,2.4587550669281804,0.039455229238192176,2.459071612267369,-20.723852486402183,0.681607561746199,30.100712563768365,1.3296613488507583,0,0,6.0,0.00015625,-0.2,23.690996441341944,20.73770305483348,3.0371999350683896,0.050729580906940096,3.0376597771168705,-0.9761993919892283,0.6821674183783796,29.83399614624753,1.3296613488507583,0.4,0.6,13,25.0
78,2,6,0.00015625,0.0,5.833939535027226,3.8269313413081174,-1.8361819937317214,1.315288551612463,2.2586607288628833,-2.5372574743090444,0.6719425956432727,22.98455474165929,1.791759469222055,0,0,6.0,0.00015625,0.0,5.936647221041345,3.703015653197827,-1.6051537053293945,1.3286047741778308,2.09153556756003,0.6284132908716417,0.6448712831321627,22.811260242331052,1.7455496571849252,0.2,0.2,13,25.0
78,3,0,0.0,0.0,0.0,0.0,0.0,0.0,0.0,0.0,0.0,0.0,0.0,0,0,0.0,0.0,0.0,0.0,0.0,0.0,0.0,0.0,0.0,0.0,0.0,0.0,0.0,0.0,13,25.0
78,4,0,0.0,0.0,0.0,0.0,0.0,0.0,0.0,0.0,0.0,0.0,0.0,0,0,0.0,0.0,0.0,0.0,0.0,0.0,0.0,0.0,0.0,0.0,0.0,0.0,0.0,0.0,13,25.0
78,5,0,0.0,0.0,0.0,0.0,0.0,0.0,0.0,0.0,0.0,0.0,0.0,0,0,0.0,0.0,0.0,0.0,0.0,0.0,0.0,0.0,0.0,0.0,0.0,0.0,0.0,0.0,13,25.0
79,0,7,0.00018229166666666667,-1.0,2.6302157740518566,2.2857671460041087,0.5148511747845123,-0.14482357764350023,0.5348323109334882,21.49162058624049,0.9457032869938918,25.483567112305643,1.9459101490483135,0,1,7.8,0.00020312500000000002,-0.2,2.1055126519934806,1.7380636736591584,0.6670921324537303,0.0492280473567212,0.6765322244317642,3.789813097875965,0.8791686015454433,22.784765509125947,1.7754763909247533,0.0,0.2,13,25.0
79,1,6,0.00015625,0.0,25.092559722416567,18.29555638647742,1.6377867003879947,3.116313990379604,3.5204769794167734,152.7578557581061,0.7063784986420716,32.61224372041389,1.791759469222055,2,2,6.0,0.00015625,0.0,23.803133664971455,20.152731398875847,2.7162241704900474,0.6572395655586267,3.0930057263011923,19.547440085190527,0.6867502780071518,30.501321266007903,1.4220809729250177,0.4,0.4,13,25.0
79,2,4,0.00010416666666666667,-2.0,3.5894348744263764,2.376058080545954,2.2953251448099787,0.6919414778706237,2.397352817003524,2.863442711221942,0.3133153923554801,35.73462092549022,1.3862943611158907,0,2,5.6,0.00014583333333333335,-0.4,5.472846006071393,3.5071648391417596,-0.9284749440662509,1.206879763999049,2.2318680052424065,0.20018147099985314,0.5856547181978117,25.447406149161047,1.7106664476008224,0.0,0.4,13,25.0
79,3,0,0.0,0.0,0.0,0.0,0.0,0.0,0.0,0.0,0.0,0.0,0.0,0,0,0.0,0.0,0.0,0.0,0.0,0.0,0.0,0.0,0.0,0.0,0.0,0.0,0.0,0.0,13,25.0
79,4,0,0.0,0.0,0.0,0.0,0.0,0.0,0.0,0.0,0.0,0.0,0.0,0,0,0.0,0.0,0.0,0.0,0.0,0.0,0.0,0.0,0.0,0.0,0.0,0.0,0.0,0.0,13,25.0
79,5,0,0.0,0.0,0.0,0.0,0.0,0.0,0.0,0.0,0.0,0.0,0.0,0,0,0.0,0.0,0.0,0.0,0.0,0.0,0.0,0.0,0.0,0.0,0.0,0.0,0.0,0.0,13,25.0
80,0,7,0.00018229166666666667,0.0,3.0410556212344733,2.9630269978230395,0.4387579262188079,-0.43653204227442405,0.6189254735039659,10.270996179565403,0.9300667261822116,25.852128091898813,1.7478680974607577,0,0,7.6,0.0001979166666666667,-0.2,2.309421896623915,2.0073165341023946,0.6182125815067023,-0.06021300302245101,0.6619048567243533,5.823039694079259,0.8876208789813853,23.544900058307046,1.7784764201381322,0.0,0.2,13,25.0
80,1,6,0.00015625,0.0,25.191831326594748,18.829765348007104,1.6157898207420127,3.4062351863544564,3.7700417623114846,2.481790104454452,0.7067177790934341,32.53452321153025,1.5607104090364066,0,0,6.0,0.00015625,0.0,23.941623680436166,19.58175168877114,2.3527420510502868,1.328253431437918,3.1602977456340895,20.20625988107073,0.6916444318697526,31.058814038214734,1.4682907849621474,0.4,0.4,13,25.0
80,2,4,0.00010416666666666667,0.0,3.6747537393391005,2.4461073093835917,2.268890142641049,0.4798892923682746,2.3190852102291206,2.1329716228180966,0.2937823462186252,35.7994096523137,1.3862943611158907,0,0,5.2,0.00013541666666666666,-0.4,5.00708605715039,3.263686888727211,-0.16664953966894816,1.0345808921567632,2.2871931993783288,0.15121312222356814,0.5186333798207989,28.06063292232519,1.6295734259795893,0.0,0.4,13,25.0
80,3,0,0.0,0.0,0.0,0.0,0.0,0.0,0.0,0.0,0.0,0.0,0.0,0,0,0.0,0.0,0.0,0.0,0.0,0.0,0.0,0.0,0.0,0.0,0.0,0.0,0.0,0.0,13,25.0
80,4,0,0.0,0.0,0.0,0.0,0.0,0.0,0.0,0.0,0.0,0.0,0.0,0,0,0.0,0.0,0.0,0.0,0.0,0.0,0.0,0.0,0.0,0.0,0.0,0.0,0.0,0.0,13,25.0
80,5,0,0.0,0.0,0.0,0.0,0.0,0.0,0.0,0.0,0.0,0.0,0.0,0,0,0.0,0.0,0.0,0.0,0.0,0.0,0.0,0.0,0.0,0.0,0.0,0.0,0.0,0.0,13,25.0
81,0,7,0.00018229166666666667,0.0,3.193361286318795,3.258942202639862,0.4036182882947035,-0.5587719690963936,0.6892995256735691,3.8076416271080413,0.9060946145417977,26.107646716599533,1.5498260458732018,0,0,7.4,0.00019270833333333333,-0.2,2.54827253837147,2.3354016094632586,0.5567310987889105,-0.19133609801622523,0.656246649640598,6.696574622007278,0.8958294184959932,24.345167359971622,1.741868039034,0.0,0.2,13,25.0
81,1,6,0.00015625,0.0,24.253518065231294,18.578433653636786,1.748143993181951,3.111205077099252,3.568697865141612,-23.457831534086406,0.7062968246170447,32.53314168419511,1.5607104090364066,0,0,6.0,0.00015625,0.0,24.00579159913291,19.062438854203652,2.060991068766157,1.9423682003058746,3.23260606025924,18.348207461871397,0.696535836944996,31.570428942577678,1.514500596999277,0.4,0.4,13,25.0
81,2,4,0.00010416666666666667,0.0,3.6889669765983673,2.459251394064621,2.22888677632412,0.3712931185749849,2.259600593373454,0.3553309314816733,0.28951091274985885,35.84430371598056,1.3862943611158907,0,0,4.8,0.00012500000000000003,-0.4,4.5445049918781315,2.9922984679865317,0.627483506635838,0.8390685699351872,2.2985136689934196,0.23068521344216392,0.4465180485393706,30.659610519729377,1.5484804043583564,0.0,0.4,13,25.0
81,3,0,0.0,0.0,0.0,0.0,0.0,0.0,0.0,0.0,0.0,0.0,0.0,0,0,0.0,0.0,0.0,0.0,0.0,0.0,0.0,0.0,0.0,0.0,0.0,0.0,0.0,0.0,13,25.0
81,4,0,0.0,0.0,0.0,0.0,0.0,0.0,0.0,0.0,0.0,0.0,0.0,0,0,0.0,0.0,0.0,0.0,0.0,0.0,0.0,0.0,0.0,0.0,0.0,0.0,0.0,0.0,13,25.0
81,5,0,0.0,0.0,0.0,0.0,0.0,0.0,0.0,0.0,0.0,0.0,0.0,0,0,0.0,0.0,0.0,0.0,0.0,0.0,0.0,0.0,0.0,0.0,0.0,0.0,0.0,0.0,13,25.0
82,0,7,0.00018229166666666667,0.0,3.2186778983808564,3.343423107484396,0.3872603653293987,-0.6006009172573791,0.7146272121641216,0.6329153015515363,0.8910158650581792,26.248283383457142,1.5498260458732018,0,0,7.2,0.0001875,-0.2,2.7997846492503795,2.6842181709977067,0.49094289842045225,-0.3298546012602606,0.6547550774777273,7.013111350291136,0.903628124435232,25.168001708440368,1.7052596579298676,0.0,0.2,13,25.0
82,1,6,0.00015625,0.0,23.075774427380253,18.003357758068233,1.8469214754622933,2.720271403500441,3.2880078231698406,-29.443590946275904,0.7059393406969587,32.52680421468201,1.791759469222055,0,0,6.0,0.00015625,0.0,23.988946186521154,18.604297442825008,1.8614794113404862,2.4786961773143887,3.3212592084614156,16.322874179159175,0.7013880009591416,32.061485078917926,1.6069202210735363,0.4,0.4,13,25.0
82,2,4,0.00010416666666666667,0.0,3.655685571820463,2.4380504020010005,2.182836260674465,0.3142584929988844,2.205341819613733,-0.8320351194476078,0.2889189842920352,35.87047253544699,1.3862943611158907,0,0,4.4,0.00011458333333333333,-0.4,4.088556139442306,2.709279705460657,1.4279512661435783,0.6345341866850461,2.288008233816543,0.39649053435301196,0.3714940462518544,33.246672314178156,1.4673873827371235,0.0,0.4,13,25.0
82,3,0,0.0,0.0,0.0,0.0,0.0,0.0,0.0,0.0,0.0,0.0,0.0,0,0,0.0,0.0,0.0,0.0,0.0,0.0,0.0,0.0,0.0,0.0,0.0,0.0,0.0,0.0,13,25.0
82,4,0,0.0,0.0,0.0,0.0,0.0,0.0,0.0,0.0,0.0,0.0,0.0,0,0,0.0,0.0,0.0,0.0,0.0,0.0,0.0,0.0,0.0,0.0,0.0,0.0,0.0,0.0,13,25.0
82,5,0,0.0,0.0,0.0,0.0,0.0,0.0,0.0,0.0,0.0,0.0,0.0,0,0,0.0,0.0,0.0,0.0,0.0,0.0,0.0,0.0,0.0,0.0,0.0,0.0,0.0,0.0,13,25.0
83,0,7,0.00018229166666666667,0.0,3.183416569114653,3.32488322692434,0.3793213209512422,-0.6048150403976837,0.7139228933291376,-0.8815332316550718,0.8825582302169712,26.320722252887936,1.5498260458732018,0,0,7.0,0.00018229166666666667,-0.2,3.053345429820127,3.035208536175149,0.42476181511573285,-0.4691087093338762,0.6543214831208565,7.06432809256208,0.9110877445986103,26.002469511429815,1.668651276825735,0.0,0.2,13,25.0
83,1,6,0.00015625,0.0,21.907894220230403,17.325319870502774,1.8908129492170576,2.3597958652223165,3.0238733661394037,-29.197005178746252,0.7057195548881193,32.50812171036481,1.791759469222055,0,0,6.0,0.00015625,0.0,23.90431555237065,18.206486603338465,1.7478909877982616,2.942764304511214,3.434219559235823,14.628243640690357,0.7062103995875257,32.54296690823721,1.699339845147796,0.4,0.4,13,25.0
83,2,4,0.00010416666666666667,0.0,3.5969340587189045,2.3989598063437807,2.1344676483762015,0.2829615461971915,2.1531417460517868,-1.46878782753896,0.28900068564528236,35.88509660617072,1.3862943611158907,0,0,4.0,0.00010416666666666667,-0.4,3.6411550441806426,2.4236853984677897,2.222081194565163,0.42806878560199185,2.2669044372543237,0.6101844637070288,0.2949056642522564,35.826780687080436,1.3862943611158907,0.0,0.4,13,25.0
83,3,0,0.0,0.0,0.0,0.0,0.0,0.0,0.0,0.0,0.0,0.0,0.0,0,0,0.0,0.0,0.0,0.0,0.0,0.0,0.0,0.0,0.0,0.0,0.0,0.0,0.0,0.0,13,25.0
83,4,0,0.0,0.0,0.0,0.0,0.0,0.0,0.0,0.0,0.0,0.0,0.0,0,0,0.0,0.0,0.0,0.0,0.0,0.0,0.0,0.0,0.0,0.0,0.0,0.0,0.0,0.0,13,25.0
83,5,0,0.0,0.0,0.0,0.0,0.0,0.0,0.0,0.0,0.0,0.0,0.0,0,0,0.0,0.0,0.0,0.0,0.0,0.0,0.0,0.0,0.0,0.0,0.0,0.0,0.0,0.0,13,25.0
84,0,8,0.00020833333333333335,1.0,2.6499155127391183,2.166235454836749,1.2429902699567197,-0.6253063273614338,1.391413962214453,-0.03300520772737651,0.8377833732265834,25.115540848033607,1.9061547465328494,2,1,7.2,0.0001875,0.2,3.0572853775575792,3.011302197941677,0.5703896341501743,-0.5652052592774629,0.8256378133770494,2.7594029337685066,0.8895037618451486,25.928864258575402,1.6607001963226427,0.4,0.2,13,25.0
84,1,7,0.00018229166666666667,1.0,26.608938456220987,17.780804873028476,-2.494245488981279,2.853859658464727,3.7902210370261873,-30.626817121710587,0.7687430232804529,27.02610022661914,1.7478680974607577,2,1,6.2,0.00016145833333333336,0.2,24.20759129913154,18.103536300648674,0.9214845499244072,2.8902734381282382,3.4881683707577054,-22.04869093527298,0.718683304515202,31.42573820947826,1.6905615707955364,0.4,0.2,13,25.0
84,2,5,0.00013020833333333333,1.0,4.390437480428012,4.062191537708445,-1.409253010579159,0.5033504260295514,1.4964476934428927,-29.026005543573618,0.6663644558320325,23.29191652134521,1.6094379124291003,1,0,4.2,0.00010937500000000002,0.2,3.8013555653809687,2.760912089900288,1.4811655634873353,0.39035057523377736,2.0867234125421974,-5.7677051872520835,0.3655154769475668,33.33823980625144,1.4309230713785326,0.2,0.0,13,25.0
84,3,0,0.0,0.0,0.0,0.0,0.0,0.0,0.0,0.0,0.0,0.0,0.0,0,0,0.0,0.0,0.0,0.0,0.0,0.0,0.0,0.0,0.0,0.0,0.0,0.0,0.0,0.0,13,25.0
84,4,0,0.0,0.0,0.0,0.0,0.0,0.0,0.0,0.0,0.0,0.0,0.0,0,0,0.0,0.0,0.0,0.0,0.0,0.0,0.0,0.0,0.0,0.0,0.0,0.0,0.0,0.0,13,25.0
84,5,0,0.0,0.0,0.0,0.0,0.0,0.0,0.0,0.0,0.0,0.0,0.0,0,0,0.0,0.0,0.0,0.0,0.0,0.0,0.0,0.0,0.0,0.0,0.0,0.0,0.0,0.0,13,25.0
85,0,8,0.00020833333333333335,0.0,2.715323082919635,2.2371089584490544,1.2778885567526337,-0.7348848852063531,1.4741285418796026,1.6351892545129094,0.7591469534187322,25.148895142780773,1.9061547465328494,0,0,7.4,0.00019270833333333333,0.2,2.992138869894611,2.8661185900668804,0.7382157602569395,-0.6248758278638487,0.9966784270521769,1.0322415487580077,0.8553198072924527,25.7882176687518,1.692357526137061,0.4,0.2,13,25.0
85,1,7,0.00018229166666666667,0.0,27.381765957649595,17.71160945461997,-0.9388727631802324,2.7910298122086417,2.944712121426998,19.32068753571534,0.8609735633553142,27.76266150172699,1.5498260458732018,0,0,6.4,0.0001666666666666667,0.2,24.645578225342508,17.879905121971248,0.4105520331399582,2.767232363299075,3.323102442580808,-18.6809114490208,0.749534461367578,30.471365867517612,1.6883846981628952,0.4,0.2,13,25.0
85,2,5,0.00013020833333333333,0.0,4.011535237746797,4.269218938306297,-1.8124822392619542,0.405016148661913,1.857183337292513,-9.4725560670304,0.7541963760822079,23.55973466256141,1.6094379124291003,0,0,4.4,0.00011458333333333333,0.2,3.868711865062509,3.1255344156848293,0.6648910871067347,0.37537594649250505,1.9943430379548759,-8.088810725221782,0.45759828292028343,30.890304808300975,1.4755517816411747,0.2,0.0,13,25.0
85,3,0,0.0,0.0,0.0,0.0,0.0,0.0,0.0,0.0,0.0,0.0,0.0,0,0,0.0,0.0,0.0,0.0,0.0,0.0,0.0,0.0,0.0,0.0,0.0,0.0,0.0,0.0,13,25.0
85,4,0,0.0,0.0,0.0,0.0,0.0,0.0,0.0,0.0,0.0,0.0,0.0,0,0,0.0,0.0,0.0,0.0,0.0,0.0,0.0,0.0,0.0,0.0,0.0,0.0,0.0,0.0,13,25.0
85,5,0,0.0,0.0,0.0,0.0,0.0,0.0,0.0,0.0,0.0,0.0,0.0,0,0,0.0,0.0,0.0,0.0,0.0,0.0,0.0,0.0,0.0,0.0,0.0,0.0,0.0,0.0,13,25.0
86,0,8,0.00020833333333333335,0.0,2.7186822700137223,2.2287496829976243,1.2750926124994058,-0.7716327893367261,1.490395360979809,0.0839796773521882,0.715748296416316,25.16485580661397,1.9061547465328494,0,0,7.6,0.0001979166666666667,0.2,2.8972030666335966,2.660080086138433,0.91251062509788,-0.6674479919119152,1.1568975941134247,0.28750915880683714,0.8172505436673564,25.599659486754685,1.7636232662689906,0.4,0.2,13,25.0
86,1,7,0.00018229166666666667,0.0,27.35769541512368,17.212505812174772,-0.4865555676627272,2.663443621344338,2.7075206821931093,-0.6017635631479992,0.8958278593841666,27.909136513827246,1.7478680974607577,0,0,6.6,0.000171875,0.2,25.266413695320985,17.606719553678843,-0.03638787902897746,2.6776800721480924,3.1508670059911075,-14.109697854833119,0.7874406683210023,29.54656483344404,1.7258162358477656,0.4,0.2,13,25.0
86,2,5,0.00013020833333333333,0.0,3.8233627512784323,4.313331917375426,-1.9825111368906678,0.3594457887067834,2.014832916872903,-4.704312161709112,0.8221763396484296,23.77396092485983,1.6094379124291003,0,0,4.6,0.00011979166666666666,0.2,3.895591019998522,3.49635052034699,-0.17738849553622288,0.37300648051886476,1.9453895026547656,-9.100739343859939,0.5641313682999975,28.476236250076834,1.5201804919038164,0.2,0.0,13,25.0
86,3,0,0.0,0.0,0.0,0.0,0.0,0.0,0.0,0.0,0.0,0.0,0.0,0,0,0.0,0.0,0.0,0.0,0.0,0.0,0.0,0.0,0.0,0.0,0.0,0.0,0.0,0.0,13,25.0
86,4,0,0.0,0.0,0.0,0.0,0.0,0.0,0.0,0.0,0.0,0.0,0.0,0,0,0.0,0.0,0.0,0.0,0.0,0.0,0.0,0.0,0.0,0.0,0.0,0.0,0.0,0.0,13,25.0
86,5,0,0.0,0.0,0.0,0.0,0.0,0.0,0.0,0.0,0.0,0.0,0.0,0,0,0.0,0.0,0.0,0.0,0.0,0.0,0.0,0.0,0.0,0.0,0.0,0.0,0.0,0.0,13,25.0
87,0,8,0.00020833333333333335,0.0,2.6864452735781117,2.1937495338445667,1.2572066344980355,-0.7765547921758145,1.4777029021684636,-0.8059249108902637,0.6963894586301786,25.17298710407792,1.9061547465328494,0,0,7.8,0.00020312500000000002,0.2,2.790756541673048,2.4301453714104673,1.0864998789316072,-0.7026387668956022,1.3095127321142932,-0.00025888368152289233,0.7783252623817563,25.38460023087884,1.83488900640092,0.4,0.2,13,25.0
87,1,7,0.00018229166666666667,0.0,26.82646783655472,16.6532754382026,-0.4876765869750379,2.514649615776918,2.5615017360155394,-13.280689464223858,0.9102095305390757,27.930963619904823,1.7478680974607577,0,0,6.8,0.00017708333333333335,0.2,26.016552377155875,17.33670308970572,-0.5033074915164437,2.636555714603388,3.0055657885602476,-10.87711755842271,0.8282947062894257,28.6273967144886,1.717037961495506,0.4,0.2,13,25.0
87,2,5,0.00013020833333333333,0.0,3.7104256189000444,4.277339797573268,-2.04253814098327,0.3337844320631433,2.069631393378808,-2.8234283094596964,0.8479827930421692,23.89492478991443,1.6094379124291003,0,0,4.8,0.000125,0.2,3.906539029414438,3.864208399461444,-1.02246337586777,0.3769116683317165,1.9182474174077808,-9.499017981862357,0.6759441300500243,26.081126700970323,1.5648092021664584,0.2,0.0,13,25.0
87,3,0,0.0,0.0,0.0,0.0,0.0,0.0,0.0,0.0,0.0,0.0,0.0,0,0,0.0,0.0,0.0,0.0,0.0,0.0,0.0,0.0,0.0,0.0,0.0,0.0,0.0,0.0,13,25.0
87,4,0,0.0,0.0,0.0,0.0,0.0,0.0,0.0,0.0,0.0,0.0,0.0,0,0,0.0,0.0,0.0,0.0,0.0,0.0,0.0,0.0,0.0,0.0,0.0,0.0,0.0,0.0,13,25.0
87,5,0,0.0,0.0,0.0,0.0,0.0,0.0,0.0,0.0,0.0,0.0,0.0,0,0,0.0,0.0,0.0,0.0,0.0,0.0,0.0,0.0,0.0,0.0,0.0,0.0,0.0,0.0,13,25.0
88,0,8,0.00020833333333333335,0.0,2.6360470827140734,2.1476396929283954,1.2325278106181317,-0.7662693444944217,1.4513075181570019,-1.2599547716009618,0.6872916580283559,25.17681362658702,1.9061547465328494,0,0,8.0,0.00020833333333333335,0.2,2.6812826443929323,2.194696664611278,1.2571411768649852,-0.7349296277149499,1.456989657079866,-0.07594319167070089,0.7392719479440333,25.155818505618658,1.9061547465328494,0.4,0.2,13,25.0
88,1,7,0.00018229166666666667,0.0,26.07692520978437,16.095051296666764,-0.6568847898290449,2.366411877671599,2.455891447498031,-18.73856566925885,0.9168348375107824,27.945132559194878,1.7478680974607577,0,0,7.0,0.00018229166666666667,0.2,26.85035857506667,17.090649374938515,-1.0128470393256641,2.637878917093244,2.891969404831973,-8.785429656525231,0.8705177628139584,27.714798884254616,1.7082596871432465,0.4,0.2,13,25.0
88,2,5,0.00013020833333333333,0.0,3.6196788618711353,4.207876146899856,-2.0483236745315843,0.3175070135632275,2.0727857051100123,-2.2686689257227295,0.8524194283292523,23.958834543353145,1.6094379124291003,0,0,5.0,0.00013020833333333333,0.2,3.9110879900448845,4.225991667572659,-1.859021640449327,0.38382076180492375,1.9021762092194259,-9.65899420149911,0.7886278785868183,23.695874288406806,1.6094379124291003,0.2,0.0,13,25.0
88,3,0,0.0,0.0,0.0,0.0,0.0,0.0,0.0,0.0,0.0,0.0,0.0,0,0,0.0,0.0,0.0,0.0,0.0,0.0,0.0,0.0,0.0,0.0,0.0,0.0,0.0,0.0,13,25.0
88,4,0,0.0,0.0,0.0,0.0,0.0,0.0,0.0,0.0,0.0,0.0,0.0,0,0,0.0,0.0,0.0,0.0,0.0,0.0,0.0,0.0,0.0,0.0,0.0,0.0,0.0,0.0,13,25.0
88,5,0,0.0,0.0,0.0,0.0,0.0,0.0,0.0,0.0,0.0,0.0,0.0,0,0,0.0,0.0,0.0,0.0,0.0,0.0,0.0,0.0,0.0,0.0,0.0,0.0,0.0,0.0,13,25.0
89,0,8,0.00020833333333333335,0.0,2.8840930430007745,2.238631152769594,0.6596233813338335,-0.8525656156750685,1.0779476491155258,6.2011490071675315,0.7114502287627055,24.840276090714845,1.9061547465328494,0,0,8.0,0.00020833333333333335,0.0,2.728118150445263,2.209175804197847,1.140467799140408,-0.7803814853776767,1.3942963944600806,1.1708876513082807,0.7140053190512576,25.100765554154908,1.9061547465328494,0.0,0.0,13,25.0
89,1,6,0.00015625,-1.0,27.915967469285874,16.120042698709536,10.006581843414478,2.44436527842901,10.300805881257137,66.23213581362079,0.6854994814648456,29.34166456535854,1.791759469222055,1,2,6.8,0.00017708333333333335,-0.2,27.111764377679645,16.75849694007473,1.4873184271534874,2.555980041086101,4.194086373678163,10.586360930541044,0.8538690544508369,28.177911752002494,1.717037961495506,0.2,0.4,13,25.0
89,2,5,0.00013020833333333333,0.0,5.208958552773034,4.608691777542106,-4.644419185734655,0.08442409271875455,4.645186433314764,5.704032611302474,0.682605815201309,24.257285495918374,1.6094379124291003,1,1,5.0,0.00013020833333333333,0.0,4.074792204513889,4.33529171553939,-2.5060548754804266,0.30003549514276434,2.5319239571938,-2.712986570523893,0.7918761504606736,23.888948083321438,1.6094379124291003,0.2,0.2,13,25.0
89,3,0,0.0,0.0,0.0,0.0,0.0,0.0,0.0,0.0,0.0,0.0,0.0,0,0,0.0,0.0,0.0,0.0,0.0,0.0,0.0,0.0,0.0,0.0,0.0,0.0,0.0,0.0,13,25.0
89,4,0,0.0,0.0,0.0,0.0,0.0,0.0,0.0,0.0,0.0,0.0,0.0,0,0,0.0,0.0,0.0,0.0,0.0,0.0,0.0,0.0,0.0,0.0,0.0,0.0,0.0,0.0,13,25.0
89,5,0,0.0,0.0,0.0,0.0,0.0,0.0,0.0,0.0,0.0,0.0,0.0,0,0,0.0,0.0,0.0,0.0,0.0,0.0,0.0,0.0,0.0,0.0,0.0,0.0,0.0,0.0,13,25.0
90,0,8,0.00020833333333333335,0.0,3.1083078475218593,2.4576073616886775,0.374700230947855,-0.8817711980821643,0.9580817860911621,5.605370113027112,0.7286856792453633,24.48517021877365,1.9061547465328494,0,0,8.0,0.00020833333333333335,0.0,2.8067151033657085,2.2532754848457714,0.9598301339794523,-0.8097587479528391,1.2910870433023924,1.9649238230111212,0.7079130642165838,24.96802056935348,1.9061547465328494,0.0,0.0,13,25.0
90,1,6,0.00015625,0.0,28.447816870331106,16.027695529419137,11.474133270030157,2.1230746427498226,11.668897987260847,13.296235026130843,0.6840840456162096,28.376877933789206,1.791759469222055,0,0,6.6,0.000171875,-0.2,27.324974560215953,16.42171415503456,3.9699196337955653,2.4223890071943375,5.938923546844933,9.381470428624144,0.8184911509030159,28.30075503841494,1.7654246461652765,0.2,0.4,13,25.0
90,2,5,0.00013020833333333333,0.0,5.338372894549652,4.490609868763757,-4.904278428912355,0.12242150661401104,4.905806145128105,3.2353585444154462,0.4619884409711038,24.599745381498575,1.6094379124291003,0,0,5.0,0.00013020833333333333,0.0,4.34015973587446,4.379569901630882,-3.1244141134105066,0.24351656673318395,3.1416485187609187,-0.1714036482347235,0.7334345634384528,24.09695022710887,1.6094379124291003,0.2,0.2,13,25.0
90,3,0,0.0,0.0,0.0,0.0,0.0,0.0,0.0,0.0,0.0,0.0,0.0,0,0,0.0,0.0,0.0,0.0,0.0,0.0,0.0,0.0,0.0,0.0,0.0,0.0,0.0,0.0,13,25.0
90,4,0,0.0,0.0,0.0,0.0,0.0,0.0,0.0,0.0,0.0,0.0,0.0,0,0,0.0,0.0,0.0,0.0,0.0,0.0,0.0,0.0,0.0,0.0,0.0,0.0,0.0,0.0,13,25.0
90,5,0,0.0,0.0,0.0,0.0,0.0,0.0,0.0,0.0,0.0,0.0,0.0,0,0,0.0,0.0,0.0,0.0,0.0,0.0,0.0,0.0,0.0,0.0,0.0,0.0,0.0,0.0,13,25.0
91,0,8,0.00020833333333333335,0.0,3.190630880151697,2.5793966973740075,0.23286659051580144,-0.8830682906486528,0.9132559635324521,2.0580758157459362,0.735409831245543,24.328880395762532,1.9061547465328494,0,0,8.0,0.00020833333333333335,0.0,2.901104825393303,2.3234048877210483,0.7513849295827313,-0.8320458482152244,1.175659163812921,2.359743050689871,0.7118453711824293,24.800825487183193,1.9061547465328494,0.0,0.0,13,25.0
91,1,5,0.00013020833333333333,-1.0,21.850816113393712,7.723155920151602,2.2481066076393788,2.3271864069073507,3.235703925238862,-4.195591510442247,0.8165072163000433,25.271890112106256,1.3321790402061222,0,1,6.2,0.00016145833333333333,-0.4,26.223598699869957,14.523844176629927,4.516852068855987,2.35513756430694,6.044560195454084,8.662704839165295,0.8026270222861914,27.77330575807074,1.6822868347143498,0.2,0.6,13,25.0
91,2,6,0.00015625,1.0,14.400742974122123,20.5370464218438,5.7588778197274815,0.09164859137171581,5.7596070358011024,-3.6712874206048958,0.629952941144214,22.805090695211845,1.791759469222055,1,0,5.2,0.00013541666666666666,0.2,6.455635780443197,7.624312802524557,-1.5761363220868767,0.18995712726617045,3.8906033425465587,0.03520129998611967,0.6949898837376096,23.903176181179273,1.6459022237876912,0.4,0.2,13,25.0
91,3,0,0.0,0.0,0.0,0.0,0.0,0.0,0.0,0.0,0.0,0.0,0.0,0,0,0.0,0.0,0.0,0.0,0.0,0.0,0.0,0.0,0.0,0.0,0.0,0.0,0.0,0.0,13,25.0
91,4,0,0.0,0.0,0.0,0.0,0.0,0.0,0.0,0.0,0.0,0.0,0.0,0,0,0.0,0.0,0.0,0.0,0.0,0.0,0.0,0.0,0.0,0.0,0.0,0.0,0.0,0.0,13,25.0
91,5,0,0.0,0.0,0.0,0.0,0.0,0.0,0.0,0.0,0.0,0.0,0.0,0,0,0.0,0.0,0.0,0.0,0.0,0.0,0.0,0.0,0.0,0.0,0.0,0.0,0.0,0.0,13,25.0
92,0,8,0.00020833333333333335,0.0,3.19149111184083,2.6133584525234306,0.1620571847038053,-0.8709747608625178,0.885923001831222,0.021505792228338316,0.7383962145984035,24.256757352222568,1.9061547465328494,0,0,8.0,0.00020833333333333335,0.0,3.002113993045847,2.407326671456821,0.5323550396238853,-0.850929841952565,1.0573031837454727,2.525229191313591,0.7202467223760742,24.617579536812123,1.9061547465328494,0.0,0.0,13,25.0
92,1,5,0.00013020833333333333,0.0,21.33542947737911,7.4454553353008635,2.330534956089218,2.1599831240355507,3.1775651492411843,-12.88466590036494,0.8169228259891393,25.063813769621497,1.6094379124291003,0,0,5.8,0.00015104166666666667,-0.4,25.125391028034834,12.682280156049583,5.080494377468837,2.2842042659586665,6.167772878099212,8.741909551937079,0.783969681376204,27.199875788014076,1.654600797708018,0.2,0.6,13,25.0
92,2,6,0.00015625,0.0,14.101018278091141,19.925745307599847,5.500596042306282,0.08736860604420953,5.501289857293255,-7.493117400774515,0.6178328112959866,22.451640248812456,1.791759469222055,0,0,5.4,0.000140625,0.2,8.533754312281417,10.753993904529873,-0.06750948542896626,0.1406739620623837,4.576935035329448,-0.8987365182768439,0.6489598873883732,23.61451927295888,1.6823665351462822,0.4,0.2,13,25.0
92,3,0,0.0,0.0,0.0,0.0,0.0,0.0,0.0,0.0,0.0,0.0,0.0,0,0,0.0,0.0,0.0,0.0,0.0,0.0,0.0,0.0,0.0,0.0,0.0,0.0,0.0,0.0,13,25.0
92,4,0,0.0,0.0,0.0,0.0,0.0,0.0,0.0,0.0,0.0,0.0,0.0,0,0,0.0,0.0,0.0,0.0,0.0,0.0,0.0,0.0,0.0,0.0,0.0,0.0,0.0,0.0,13,25.0
92,5,0,0.0,0.0,0.0,0.0,0.0,0.0,0.0,0.0,0.0,0.0,0.0,0,0,0.0,0.0,0.0,0.0,0.0,0.0,0.0,0.0,0.0,0.0,0.0,0.0,0.0,0.0,13,25.0
93,0,8,0.00020833333333333335,0.0,3.1513738886902365,2.5967465803105028,0.12646882269785076,-0.8527035259475932,0.862031128369526,-1.0029305787648537,0.7398192178592378,24.222330835311226,1.9061547465328494,0,0,8.0,0.00020833333333333335,0.0,3.1051793542410793,2.4971480489332425,0.3111432420398291,-0.8682166782431994,0.9394479057879777,2.576634029880813,0.7307522343422506,24.426682978556965,1.9061547465328494,0.0,0.0,13,25.0
93,1,5,0.00013020833333333333,0.0,20.68780677980009,7.075165417540525,2.1942828728394472,2.026073536472442,2.9866120104945812,-16.190567439475558,0.8170886383923399,24.974637069839858,1.6094379124291003,0,0,5.4,0.000140625,-0.4,24.04756734203798,10.878302980224333,5.650727910002536,2.216136597718835,6.273916990698522,9.251509197893736,0.7640204415525156,26.605776690143074,1.6269147607016865,0.2,0.6,13,25.0
93,2,6,0.00015625,0.0,13.733275998231873,19.266030352059527,5.250919431918181,0.08473383148290055,5.251603060275379,-9.193556996481702,0.6131472689534335,22.28942739920492,1.791759469222055,0,0,5.6,0.00014583333333333335,0.2,10.556473739553564,13.765624745561809,1.3923391358609867,0.0941193256463183,5.212698506362521,-2.2837141324286385,0.6011054555132094,23.280637844129235,1.7188308465048732,0.4,0.2,13,25.0
93,3,0,0.0,0.0,0.0,0.0,0.0,0.0,0.0,0.0,0.0,0.0,0.0,0,0,0.0,0.0,0.0,0.0,0.0,0.0,0.0,0.0,0.0,0.0,0.0,0.0,0.0,0.0,13,25.0
93,4,0,0.0,0.0,0.0,0.0,0.0,0.0,0.0,0.0,0.0,0.0,0.0,0,0,0.0,0.0,0.0,0.0,0.0,0.0,0.0,0.0,0.0,0.0,0.0,0.0,0.0,0.0,13,25.0
93,5,0,0.0,0.0,0.0,0.0,0.0,0.0,0.0,0.0,0.0,0.0,0.0,0,0,0.0,0.0,0.0,0.0,0.0,0.0,0.0,0.0,0.0,0.0,0.0,0.0,0.0,0.0,13,25.0
94,0,7,0.00018229166666666667,-1.0,2.7948884342943785,2.123280655595475,1.5744737508228928,-0.7764202636899432,1.7555044909935917,7.786027664095867,0.7469078346041401,26.685969677031377,1.7478680974607577,0,1,7.8,0.00020312500000000002,-0.2,3.0873384324998,2.4740779494984184,0.49411331593764096,-0.8529876078461743,1.0749592741635907,2.8936097612664797,0.7378437555105376,24.795821695820273,1.874497416718431,0.0,0.2,13,25.0
94,1,8,0.00020833333333333335,3.0,16.33489420951916,13.060075340613741,-2.7794583557107524,1.873652395980335,3.3520086593105884,-0.774687159437434,0.7281599971121195,17.766457913019583,1.7328679513938632,4,1,5.8,0.00015104166666666667,0.4,21.731352690084634,10.266309508605172,3.0935198701774898,2.1019940212291,4.884157546309213,-4.149855396717907,0.7725525446819703,24.290735359675278,1.6151364571360483,0.8,0.4,13,25.0
94,2,7,0.00018229166666666667,1.0,5.838058529771828,4.142940572534943,-5.636179194525996,-0.07375628153000115,5.636661769334118,0.5156291952081447,0.24953326234442408,19.81425537637227,1.7478680974607577,2,1,6.0,0.00015625,0.4,10.682293734953323,13.672474504560375,1.1939871341027188,0.06248325079656716,5.410993573566392,-3.321394815647504,0.5144909449418323,22.392031820220016,1.7465168835112046,0.6,0.2,13,25.0
94,3,0,0.0,0.0,0.0,0.0,0.0,0.0,0.0,0.0,0.0,0.0,0.0,0,0,0.0,0.0,0.0,0.0,0.0,0.0,0.0,0.0,0.0,0.0,0.0,0.0,0.0,0.0,13,25.0
94,4,0,0.0,0.0,0.0,0.0,0.0,0.0,0.0,0.0,0.0,0.0,0.0,0,0,0.0,0.0,0.0,0.0,0.0,0.0,0.0,0.0,0.0,0.0,0.0,0.0,0.0,0.0,13,25.0
94,5,0,0.0,0.0,0.0,0.0,0.0,0.0,0.0,0.0,0.0,0.0,0.0,0,0,0.0,0.0,0.0,0.0,0.0,0.0,0.0,0.0,0.0,0.0,0.0,0.0,0.0,0.0,13,25.0
95,0,7,0.00018229166666666667,0.0,3.0558032734184137,2.5643177114893634,1.739803376902269,-0.8561656736231146,1.9390552985851282,6.522870978100882,0.7226719996516535,26.369606039991492,1.7478680974607577,0,0,7.6,0.0001979166666666667,-0.2,3.076837517679111,2.495420019458556,0.7671339451285238,-0.8478665029543644,1.271153976662384,3.0771099342812342,0.7366410195917956,25.17270886006384,1.842840086904013,0.0,0.2,13,25.0
95,1,8,0.00020833333333333335,0.0,16.095815855205906,13.284338532778756,-2.6088716649691683,1.9242587957723751,3.241756202644849,-5.976958857831394,0.70496952409722,16.997036427962044,1.9061547465328494,0,0,6.2,0.00016145833333333333,0.4,19.260952487059598,9.717638109277098,0.2769188831776247,2.0622308518336103,3.1987291893860132,-8.004494173510354,0.7767296403781725,22.014767058509847,1.6380155125982072,0.8,0.4,13,25.0
95,2,7,0.00018229166666666667,0.0,5.8953409576351,4.004495734140612,-5.693613242786944,-0.29392502632221784,5.701194934356953,1.4320606965817855,0.26606229087488353,20.28631379156965,1.7478680974607577,0,0,6.4,0.0001666666666666667,0.4,10.793687347570414,13.575251677635745,1.0361201713278008,-0.020786055790678614,5.570071331412161,-3.6820543852142364,0.47530571492258833,21.52934550223423,1.774202920517536,0.6,0.2,13,25.0
95,3,0,0.0,0.0,0.0,0.0,0.0,0.0,0.0,0.0,0.0,0.0,0.0,0,0,0.0,0.0,0.0,0.0,0.0,0.0,0.0,0.0,0.0,0.0,0.0,0.0,0.0,0.0,13,25.0
95,4,0,0.0,0.0,0.0,0.0,0.0,0.0,0.0,0.0,0.0,0.0,0.0,0,0,0.0,0.0,0.0,0.0,0.0,0.0,0.0,0.0,0.0,0.0,0.0,0.0,0.0,0.0,13,25.0
95,5,0,0.0,0.0,0.0,0.0,0.0,0.0,0.0,0.0,0.0,0.0,0.0,0,0,0.0,0.0,0.0,0.0,0.0,0.0,0.0,0.0,0.0,0.0,0.0,0.0,0.0,0.0,13,25.0
96,0,7,0.00018229166666666667,0.0,3.168222552408229,2.8126472483879517,1.7994824241021747,-0.8849383874500631,2.005306197126852,2.8104819747453837,0.7102808546890138,26.312910351632354,1.7478680974607577,0,0,7.4,0.00019270833333333333,-0.2,3.0723558521304173,2.5420701296613446,1.0804571118457984,-0.8482405223146465,1.4895640233812641,3.2275911660811234,0.7316152242804898,25.569514851237805,1.8111827570895944,0.0,0.2,13,25.0
96,1,8,0.00020833333333333335,0.0,15.735618543675184,13.125881632073538,-2.5865956961568255,1.911217593593724,3.2160892377916377,-9.004932788268027,0.6953640471697974,16.75528320870304,1.9061547465328494,0,0,6.8,0.00017708333333333335,0.6,18.03791297311589,10.798183251661484,-0.6900215775816162,1.979037089170885,3.1948062518965683,-8.96636242907551,0.7525010065521233,20.311445677829205,1.7528106538635526,0.8,0.2,13,25.0
96,2,7,0.00018229166666666667,0.0,5.860607743734147,3.9228392043177127,-5.652222409485863,-0.393771349102351,5.665922170456285,-0.8683303475238241,0.275480682126112,20.51767812574779,1.7478680974607577,0,0,6.6,0.00017187500000000002,0.2,9.085660301492819,10.25241023413053,-1.2460998745148681,-0.11787004388549198,5.5513343583431976,-3.121462970598022,0.4044112631189679,21.071862988341415,1.7654246461652767,0.4,0.2,13,25.0
96,3,0,0.0,0.0,0.0,0.0,0.0,0.0,0.0,0.0,0.0,0.0,0.0,0,0,0.0,0.0,0.0,0.0,0.0,0.0,0.0,0.0,0.0,0.0,0.0,0.0,0.0,0.0,13,25.0
96,4,0,0.0,0.0,0.0,0.0,0.0,0.0,0.0,0.0,0.0,0.0,0.0,0,0,0.0,0.0,0.0,0.0,0.0,0.0,0.0,0.0,0.0,0.0,0.0,0.0,0.0,0.0,13,25.0
96,5,0,0.0,0.0,0.0,0.0,0.0,0.0,0.0,0.0,0.0,0.0,0.0,0,0,0.0,0.0,0.0,0.0,0.0,0.0,0.0,0.0,0.0,0.0,0.0,0.0,0.0,0.0,13,25.0
97,0,7,0.00018229166666666667,0.0,3.1914139676102926,2.9110854623515006,1.807043290474653,-0.8883697590315796,2.013605294592584,0.5797853800515871,0.7052967178743623,26.309940953819673,1.7478680974607577,0,0,7.2,0.0001875,-0.2,3.0723404232843103,2.6016155316269587,1.409454332999968,-0.8517195219484588,1.7151004819335363,3.3392470836457733,0.7249953249356815,25.980151571557222,1.7795254272751762,0.0,0.2,13,25.0
97,1,8,0.00020833333333333335,0.0,15.31256194425082,12.78889310935523,-2.6191009045538234,1.8733828674198039,3.220132437676547,-10.57641498560906,0.6907995713928947,16.71124417417139,1.9061547465328494,0,0,7.4,0.00019270833333333333,0.6,16.833339466490234,11.866870806472358,-1.6799487497102246,1.9217170378477355,3.2033197095836408,-8.504712246124335,0.7272763556328743,18.640931758739185,1.8121540206843023,0.8,0.2,13,25.0
97,2,7,0.00018229166666666667,0.0,5.779436911395557,3.8461854478179562,-5.567806334432741,-0.437547925374768,5.584972297581173,-2.0292708084647626,0.2805234525779866,20.422465018456954,1.7478680974607577,0,0,6.8,0.00017708333333333335,0.2,7.421344028153702,7.036498262174151,-3.4597803498626725,-0.22285335016928748,5.568070846400781,-2.0286936521360714,0.33694939137536795,20.66602794227032,1.756646371813017,0.4,0.2,13,25.0
97,3,0,0.0,0.0,0.0,0.0,0.0,0.0,0.0,0.0,0.0,0.0,0.0,0,0,0.0,0.0,0.0,0.0,0.0,0.0,0.0,0.0,0.0,0.0,0.0,0.0,0.0,0.0,13,25.0
97,4,0,0.0,0.0,0.0,0.0,0.0,0.0,0.0,0.0,0.0,0.0,0.0,0,0,0.0,0.0,0.0,0.0,0.0,0.0,0.0,0.0,0.0,0.0,0.0,0.0,0.0,0.0,13,25.0
97,5,0,0.0,0.0,0.0,0.0,0.0,0.0,0.0,0.0,0.0,0.0,0.0,0,0,0.0,0.0,0.0,0.0,0.0,0.0,0.0,0.0,0.0,0.0,0.0,0.0,0.0,0.0,13,25.0
98,0,7,0.00018229166666666667,0.0,3.166691013709124,2.9278954582378454,1.7891909376448913,-0.8793622829187845,1.9936103520925903,-0.6180738475292215,0.7032608847340915,26.31484939486885,1.7478680974607577,0,0,7.0,0.00018229166666666667,-0.2,3.0754038482880874,2.667845307212427,1.7419987559893761,-0.8570512733426969,1.9414163266781492,3.4162184298928993,0.7176836583106523,26.39865528346875,1.7478680974607577,0.0,0.2,13,25.0
98,1,8,0.00020833333333333335,0.0,14.868145076024817,12.38568182641602,-2.6671152922076313,1.825087416875793,3.231787131165379,-11.110421705650147,0.688547324382515,16.719115916225284,1.9061547465328494,0,0,8.0,0.00020833333333333335,0.6,15.669407125735177,12.928974088247458,-2.65222838271964,1.881519813928406,3.2523547337178003,-7.488683099359252,0.7015680928309094,16.98982752801627,1.8714973875050522,0.8,0.2,13,25.0
98,2,7,0.00018229166666666667,0.0,5.674690293508017,3.766755895395307,-5.463229283382681,-0.4538363014925294,5.482047208056718,-2.618665447188453,0.28316410784365176,20.363493489392855,1.475076311049695,0,0,7.0,0.00018229166666666667,0.2,5.80962688720893,3.936643370841306,-5.602610092922845,-0.3305673767643734,5.614159675957049,-0.7137153422774223,0.27095275915341166,20.280841160307904,1.6933097401785449,0.4,0.2,13,25.0
98,3,0,0.0,0.0,0.0,0.0,0.0,0.0,0.0,0.0,0.0,0.0,0.0,0,0,0.0,0.0,0.0,0.0,0.0,0.0,0.0,0.0,0.0,0.0,0.0,0.0,0.0,0.0,13,25.0
98,4,0,0.0,0.0,0.0,0.0,0.0,0.0,0.0,0.0,0.0,0.0,0.0,0,0,0.0,0.0,0.0,0.0,0.0,0.0,0.0,0.0,0.0,0.0,0.0,0.0,0.0,0.0,13,25.0
98,5,0,0.0,0.0,0.0,0.0,0.0,0.0,0.0,0.0,0.0,0.0,0.0,0,0,0.0,0.0,0.0,0.0,0.0,0.0,0.0,0.0,0.0,0.0,0.0,0.0,0.0,0.0,13,25.0
99,0,7,0.00018229166666666667,0.0,2.8221895215322155,2.1373651032546612,1.1148460914858138,-0.4838532533857248,1.2153171514107526,-8.61253730442271,0.8997487546911938,28.731684804745004,1.7478680974607577,0,0,7.0,0.00018229166666666667,0.0,3.0808640657356547,2.6706621967442645,1.6500732241219602,-0.7985378712818534,1.8333788587615814,0.13650543618918434,0.748251842328063,26.807798309011474,1.7478680974607577,0.0,0.0,13,25.0
99,1,6,0.00015625,-2.0,20.726822798769156,19.32687601942198,6.120856057860471,1.0615541404660742,6.212227947700236,318.2593208530938,0.9626129681678055,29.50129597722703,1.3296613488507583,1,3,7.6,0.0001979166666666667,-0.4,16.547792843585178,14.182334224009105,-0.8721655000053955,1.7191001628255538,3.82439859139573,56.318118503147005,0.7484586870420465,19.336795140857756,1.7908560669964313,0.2,0.6,13,25.0
99,2,7,0.00018229166666666667,0.0,14.022046421419613,19.788748885935682,4.008960770988095,0.38965582567916207,4.027852793462935,3.2625591245690564,0.5803499206563638,21.11291798345085,1.9459101490483135,1,1,7.0,0.00018229166666666667,0.0,7.446424465538487,7.065805033521454,-3.6735820998200275,-0.23788495532254084,5.292397880782812,-0.16432935640523985,0.3371160908157996,20.540573681723618,1.7329181504960562,0.2,0.2,13,25.0
99,3,0,0.0,0.0,0.0,0.0,0.0,0.0,0.0,0.0,0.0,0.0,0.0,0,0,0.0,0.0,0.0,0.0,0.0,0.0,0.0,0.0,0.0,0.0,0.0,0.0,0.0,0.0,13,25.0
99,4,0,0.0,0.0,0.0,0.0,0.0,0.0,0.0,0.0,0.0,0.0,0.0,0,0,0.0,0.0,0.0,0.0,0.0,0.0,0.0,0.0,0.0,0.0,0.0,0.0,0.0,0.0,13,25.0
99,5,0,0.0,0.0,0.0,0.0,0.0,0.0,0.0,0.0,0.0,0.0,0.0,0,0,0.0,0.0,0.0,0.0,0.0,0.0,0.0,0.0,0.0,0.0,0.0,0.0,0.0,0.0,13,25.0
100,0,7,0.00018229166666666667,0.0,2.8942561756292227,1.9032348766501634,0.7718782072965903,-0.2844674658667364,0.8226285346595028,1.8016663524251784,0.8951094405054887,29.975459349518527,1.7478680974607577,0,0,7.0,0.00018229166666666667,0.0,3.0485546461778172,2.5384456297764246,1.4564881902008247,-0.6841982297305778,1.6100935059764567,-0.8077354889459564,0.78273933049883,27.528968970916885,1.7478680974607577,0.0,0.0,13,25.0
100,1,7,0.00018229166666666667,1.0,20.838258997534854,20.663959908556038,5.172237485589638,0.39996423653543917,5.18767886417866,36.56873780214159,0.8896799120458396,26.423329138445045,1.475076311049695,1,0,7.4,0.00019270833333333333,-0.2,17.496281472050967,15.65825849916456,0.6840563301063657,1.4142412509781663,4.213583123702492,64.82725783514158,0.7854007646317704,21.222053682954357,1.7046403798998004,0.4,0.6,13,25.0
100,2,6,0.00015625,-1.0,14.402871221769106,21.1566456289041,6.925852791639817,1.076859497546385,7.009070071622975,-1.956116724138565,0.6128111222811985,21.446938550504473,1.791759469222055,0,1,6.8,0.00017708333333333335,-0.2,9.147930518365289,10.496235012474152,-1.149688892934675,0.03627194945117973,5.553972908236017,-0.8419648405493099,0.4064658570970625,20.772698633510583,1.7416964248483158,0.2,0.4,13,25.0
100,3,0,0.0,0.0,0.0,0.0,0.0,0.0,0.0,0.0,0.0,0.0,0.0,0,0,0.0,0.0,0.0,0.0,0.0,0.0,0.0,0.0,0.0,0.0,0.0,0.0,0.0,0.0,13,25.0
100,4,0,0.0,0.0,0.0,0.0,0.0,0.0,0.0,0.0,0.0,0.0,0.0,0,0,0.0,0.0,0.0,0.0,0.0,0.0,0.0,0.0,0.0,0.0,0.0,0.0,0.0,0.0,13,25.0
100,5,0,0.0,0.0,0.0,0.0,0.0,0.0,0.0,0.0,0.0,0.0,0.0,0,0,0.0,0.0,0.0,0.0,0.0,0.0,0.0,0.0,0.0,0.0,0.0,0.0,0.0,0.0,13,25.0
101,0,7,0.00018229166666666667,0.0,2.9466069072751906,1.8524234530582677,0.5947230420110273,-0.18320096622480864,0.6223006433586211,1.3087682911491996,0.8873260657761785,30.169011478061456,1.7478680974607577,0,0,7.0,0.00018229166666666667,0.0,3.004231517151209,2.3464008707104878,1.2155363137825952,-0.5438507454855268,1.3334923952228102,-1.1080782256651933,0.8181483727162628,28.3001891962027,1.7478680974607577,0.0,0.0,13,25.0
101,1,7,0.00018229166666666667,0.0,20.136708867139482,18.80646625851517,4.660147096719719,0.207277735816433,4.664754551188134,-17.538753259884206,0.8868676364416234,25.438049390066407,1.277034259462139,0,0,7.2,0.0001875,-0.2,18.376499536743825,16.794375424452888,2.1334048886816745,1.0734532794227083,4.503316186381792,63.12049374081836,0.8237014824861356,22.95860691922703,1.5788162824856582,0.4,0.6,13,25.0
101,2,6,0.00015625,0.0,14.191462767836503,20.731432871125477,7.001940467041422,1.2076368333064549,7.105318924942827,-5.285211348315088,0.6084432204493504,21.442293730898303,1.791759469222055,0,0,6.6,0.000171875,-0.2,10.814101523185759,13.857953745835704,1.3811436823707823,0.3565535859329409,5.841852259133326,-1.7253410407075627,0.47305836476171026,20.95762175454069,1.7504746992005753,0.2,0.4,13,25.0
101,3,0,0.0,0.0,0.0,0.0,0.0,0.0,0.0,0.0,0.0,0.0,0.0,0,0,0.0,0.0,0.0,0.0,0.0,0.0,0.0,0.0,0.0,0.0,0.0,0.0,0.0,0.0,13,25.0
101,4,0,0.0,0.0,0.0,0.0,0.0,0.0,0.0,0.0,0.0,0.0,0.0,0,0,0.0,0.0,0.0,0.0,0.0,0.0,0.0,0.0,0.0,0.0,0.0,0.0,0.0,0.0,13,25.0
101,5,0,0.0,0.0,0.0,0.0,0.0,0.0,0.0,0.0,0.0,0.0,0.0,0,0,0.0,0.0,0.0,0.0,0.0,0.0,0.0,0.0,0.0,0.0,0.0,0.0,0.0,0.0,13,25.0
102,0,7,0.00018229166666666667,0.0,2.9501810963085626,1.8279239590481637,0.5006343219090174,-0.13106338314346894,0.5175058788789876,0.08935472583430519,0.8808811709450034,30.21032274251062,1.7478680974607577,0,0,7.0,0.00018229166666666667,0.0,2.955984942890863,2.12976857004982,0.9542545200694679,-0.3923894703079046,1.0342725120800909,-1.2061643565086497,0.8532652633303911,29.080265553940894,1.7478680974607577,0.0,0.0,13,25.0
102,1,7,0.00018229166666666667,0.0,18.949790870683355,16.224289713735747,3.7405225765691053,0.07005989462808689,3.7411786290764675,-29.672949911403325,0.8848845666383692,24.984909254057868,1.277034259462139,0,0,7.0,0.00018229166666666667,-0.2,19.103945322030334,17.48145474532899,3.40532958490626,0.712788684864365,4.607525424661775,59.3011867556595,0.8625184815352306,24.61333993520433,1.4529921850715162,0.4,0.6,13,25.0
102,2,6,0.00015625,0.0,13.898645897873772,20.211258181397646,6.92498826305464,1.2575900457819382,7.038252280694003,-7.320421749068244,0.6045959507754886,21.44327221617053,1.791759469222055,0,0,6.4,0.00016666666666666666,-0.2,12.437943320481402,17.130968292551643,3.8797026018682588,0.6955811801642822,6.132508255755892,-2.7835712288282592,0.5378728644012105,21.1617831940834,1.7592529735528348,0.2,0.4,13,25.0
102,3,0,0.0,0.0,0.0,0.0,0.0,0.0,0.0,0.0,0.0,0.0,0.0,0,0,0.0,0.0,0.0,0.0,0.0,0.0,0.0,0.0,0.0,0.0,0.0,0.0,0.0,0.0,13,25.0
102,4,0,0.0,0.0,0.0,0.0,0.0,0.0,0.0,0.0,0.0,0.0,0.0,0,0,0.0,0.0,0.0,0.0,0.0,0.0,0.0,0.0,0.0,0.0,0.0,0.0,0.0,0.0,13,25.0
102,5,0,0.0,0.0,0.0,0.0,0.0,0.0,0.0,0.0,0.0,0.0,0.0,0,0,0.0,0.0,0.0,0.0,0.0,0.0,0.0,0.0,0.0,0.0,0.0,0.0,0.0,0.0,13,25.0
103,0,7,0.00018229166666666667,0.0,2.920520960693785,1.8005634156855492,0.44825062028913776,-0.10356209077116531,0.46005839328773457,-0.7415033903694465,0.8770853687653402,30.22077570334365,1.7478680974607577,0,0,7.0,0.00018229166666666667,0.0,2.906750932287795,1.9043021615393614,0.6860664565983173,-0.23722943187838083,0.7275621203191198,-1.2308502650766946,0.8880301601366408,29.861450815635852,1.7478680974607577,0.0,0.0,13,25.0
103,1,7,0.00018229166666666667,0.0,17.75756581742052,13.852229099032273,2.853170664440207,-0.023860236063968112,2.853270430801679,-29.805626331570856,0.8837757018698406,24.78427491748375,1.277034259462139,0,0,6.8,0.00017708333333333335,-0.2,19.681829470309474,17.77476419985224,4.509386776235827,0.34299915427641275,4.531822084589035,55.56214583047536,0.9015641570326955,26.22637173545602,1.327168087657374,0.4,0.6,13,25.0
103,2,6,0.00015625,0.0,13.565843437338836,19.653005776299864,6.775075726171669,1.2675794751487326,6.89263438905466,-8.32006151337343,0.6023265287460438,21.450385510598167,1.791759469222055,0,0,6.2,0.00016145833333333333,-0.2,14.016173949247564,20.308218268732553,6.327363603779128,1.0398643354925345,6.4146256919554805,-3.9238504420652545,0.601705348581689,21.379161598324465,1.8225896051873067,0.2,0.4,13,25.0
103,3,0,0.0,0.0,0.0,0.0,0.0,0.0,0.0,0.0,0.0,0.0,0.0,0,0,0.0,0.0,0.0,0.0,0.0,0.0,0.0,0.0,0.0,0.0,0.0,0.0,0.0,0.0,13,25.0
103,4,0,0.0,0.0,0.0,0.0,0.0,0.0,0.0,0.0,0.0,0.0,0.0,0,0,0.0,0.0,0.0,0.0,0.0,0.0,0.0,0.0,0.0,0.0,0.0,0.0,0.0,0.0,13,25.0
103,5,0,0.0,0.0,0.0,0.0,0.0,0.0,0.0,0.0,0.0,0.0,0.0,0,0,0.0,0.0,0.0,0.0,0.0,0.0,0.0,0.0,0.0,0.0,0.0,0.0,0.0,0.0,13,25.0
104,0,9,0.000234375,2.0,1.5668856190745144,1.553919841956634,0.5880933533276528,0.012671088662073856,0.5882298434422089,-22.648843404235233,0.6176741552206495,21.264980006859208,1.6769877743164172,2,0,7.4,0.0001927083333333333,0.4,2.655690151796255,1.7876131092797558,0.580715908966685,-0.1379245634688211,0.6021446587254109,-4.0381114850392,0.8316152402425321,28.36810985605869,1.7336920328318897,0.4,0.0,13,25.0
104,1,5,0.00013020833333333333,-2.0,18.69524279889071,12.940377140439777,5.395645319377891,2.4283727144661498,5.916923394204816,-21.87635721648893,0.7783873715154245,29.154847993715684,1.6094379124291003,1,3,6.6,0.00017187500000000002,-0.2,19.275513470333784,16.4974644240558,4.364344628539312,0.6163628690764279,4.4727611738899515,-12.464989783441192,0.8647190377022195,26.157082138753754,1.3831234003730426,0.4,0.6,13,25.0
104,2,6,0.00015625,0.0,13.238502390676762,20.713548339916436,8.239201344858456,2.2274087860435308,8.534974440574576,18.9126299914822,0.4560876545469166,24.602282502313347,1.791759469222055,1,1,6.0,0.00015625,-0.2,13.859465143098996,20.493178159528703,7.1734117185532,1.4074149275654082,7.316050021377808,-0.7938362686826259,0.5768528953597996,22.077034502096968,1.791759469222055,0.2,0.4,13,25.0
104,3,0,0.0,0.0,0.0,0.0,0.0,0.0,0.0,0.0,0.0,0.0,0.0,0,0,0.0,0.0,0.0,0.0,0.0,0.0,0.0,0.0,0.0,0.0,0.0,0.0,0.0,0.0,13,25.0
104,4,0,0.0,0.0,0.0,0.0,0.0,0.0,0.0,0.0,0.0,0.0,0.0,0,0,0.0,0.0,0.0,0.0,0.0,0.0,0.0,0.0,0.0,0.0,0.0,0.0,0.0,0.0,13,25.0
104,5,0,0.0,0.0,0.0,0.0,0.0,0.0,0.0,0.0,0.0,0.0,0.0,0,0,0.0,0.0,0.0,0.0,0.0,0.0,0.0,0.0,0.0,0.0,0.0,0.0,0.0,0.0,13,25.0
105,0,9,0.000234375,0.0,1.6422416568414975,1.570253776639007,0.6980385777509145,0.05827543675033854,0.7004669032559371,1.8839009441745784,0.5691016338436532,20.75616537385173,1.8891591637470215,0,0,7.8,0.00020312500000000002,0.4,2.40528724803871,1.7210168892775244,0.5659479830575499,-0.06937598294540612,0.5777123324446979,-4.021664566689319,0.7664136789101649,26.52425106092533,1.761950246089142,0.4,0.0,13,25.0
105,1,5,0.00013020833333333333,0.0,17.970012047298507,11.02356855810764,4.426197758604859,2.8839495820770917,5.282839368203552,-18.130768789805092,0.7673587368503161,28.767598930584967,1.6094379124291003,0,0,6.2,0.00016145833333333333,-0.4,18.701864080286516,14.569386153966121,4.215136683142356,1.1131599381847583,4.491793274694929,-23.40489110183053,0.8402548026631148,26.62593609718174,1.4099957206489235,0.2,0.6,13,25.0
105,2,6,0.00015625,0.0,13.641028188779183,20.642590387131385,8.386993407573193,2.7829282740689205,8.836648018184748,10.063144952560572,0.42745063975472664,25.653795463705325,1.5607104090364066,0,0,6.0,0.00015625,0.0,13.707096536501012,20.39036711117416,7.465639841739876,1.7486286828699154,7.681565610690162,1.6100160666572012,0.5397807988545053,22.918405884737133,1.7455496571849252,0.2,0.2,13,25.0
105,3,0,0.0,0.0,0.0,0.0,0.0,0.0,0.0,0.0,0.0,0.0,0.0,0,0,0.0,0.0,0.0,0.0,0.0,0.0,0.0,0.0,0.0,0.0,0.0,0.0,0.0,0.0,13,25.0
105,4,0,0.0,0.0,0.0,0.0,0.0,0.0,0.0,0.0,0.0,0.0,0.0,0,0,0.0,0.0,0.0,0.0,0.0,0.0,0.0,0.0,0.0,0.0,0.0,0.0,0.0,0.0,13,25.0
105,5,0,0.0,0.0,0.0,0.0,0.0,0.0,0.0,0.0,0.0,0.0,0.0,0,0,0.0,0.0,0.0,0.0,0.0,0.0,0.0,0.0,0.0,0.0,0.0,0.0,0.0,0.0,13,25.0
106,0,9,0.000234375,0.0,1.7522659627831816,1.6461452538520438,0.7434951907473573,0.0801293722205722,0.7478006518831821,2.7506076485421045,0.5283583446694317,20.657464274542104,1.6769877743164172,0,0,8.2,0.00021354166666666665,0.4,2.1664190591403085,1.6797612494362795,0.5957024128048158,-0.01670991525632995,0.60281233414961,-3.7332966952107385,0.6946201346888156,24.621941620221463,1.7477741814602745,0.4,0.0,13,25.0
106,1,5,0.00013020833333333333,0.0,17.208198464605484,9.710094619643506,3.711042892226851,2.9331081564062713,4.730218050483976,-19.04533956732562,0.7621092445653177,28.565195354775575,1.3321790402061222,0,0,5.8,0.00015104166666666667,-0.4,18.116161999779717,12.750111826191787,4.025315842243782,1.658326022302726,4.504885974554098,-23.706208363318808,0.8153031242878536,27.251365290123566,1.4210246767977202,0.2,0.6,13,25.0
106,2,6,0.00015625,0.0,13.689438959974181,20.29764507722031,8.328220385130766,3.02071351359479,8.859117614893812,1.2102692798749246,0.4208532774331244,26.032150109727187,1.5607104090364066,0,0,6.0,0.00015625,0.0,13.606691774928546,20.303609552393127,7.730895825357746,2.1112440189275823,8.03232534868036,2.909112192295204,0.50226281025126,23.836377160502913,1.699339845147796,0.2,0.2,13,25.0
106,3,0,0.0,0.0,0.0,0.0,0.0,0.0,0.0,0.0,0.0,0.0,0.0,0,0,0.0,0.0,0.0,0.0,0.0,0.0,0.0,0.0,0.0,0.0,0.0,0.0,0.0,0.0,13,25.0
106,4,0,0.0,0.0,0.0,0.0,0.0,0.0,0.0,0.0,0.0,0.0,0.0,0,0,0.0,0.0,0.0,0.0,0.0,0.0,0.0,0.0,0.0,0.0,0.0,0.0,0.0,0.0,13,25.0
106,5,0,0.0,0.0,0.0,0.0,0.0,0.0,0.0,0.0,0.0,0.0,0.0,0,0,0.0,0.0,0.0,0.0,0.0,0.0,0.0,0.0,0.0,0.0,0.0,0.0,0.0,0.0,13,25.0
107,0,9,0.000234375,0.0,1.8002000490540055,1.686427616625654,0.7569610491002536,0.09013651282811619,0.7623087437513555,1.1983521567705975,0.5156342608408652,20.658585205890827,1.6769877743164172,0,0,8.6,0.00022395833333333333,0.4,1.936422849689397,1.6514619809517774,0.6469677582430632,0.027530063937987077,0.6517729071240836,-3.5114972090234793,0.6215707526679879,22.711594112897505,1.733598116831406,0.4,0.0,13,25.0
107,1,5,0.00013020833333333333,0.0,16.45314115923974,8.719169988748332,3.1465492928465,2.83529906371315,4.235527503511868,-18.876432634143704,0.7595154042469753,28.476368677236415,1.3321790402061222,0,0,5.4,0.000140625,-0.4,17.616832057490992,11.249087881194304,3.906521185499262,2.2113738561197387,4.603755749441179,-21.546904907866885,0.7902292918095748,27.949657174759277,1.4320536329465168,0.2,0.6,13,25.0
107,2,6,0.00015625,0.0,13.535096598985826,19.836151829555163,8.175788969329714,3.102277830812793,8.74457849244696,-3.8585590247088355,0.41844277502486504,26.102725266635417,1.5607104090364066,0,0,6.0,0.00015625,0.0,13.533981915150957,20.22858828202463,7.98105596661276,2.480181575933753,8.37359059103095,3.601484737167086,0.46503217510113526,24.76826777059589,1.653130033110666,0.2,0.2,13,25.0
107,3,0,0.0,0.0,0.0,0.0,0.0,0.0,0.0,0.0,0.0,0.0,0.0,0,0,0.0,0.0,0.0,0.0,0.0,0.0,0.0,0.0,0.0,0.0,0.0,0.0,0.0,0.0,13,25.0
107,4,0,0.0,0.0,0.0,0.0,0.0,0.0,0.0,0.0,0.0,0.0,0.0,0,0,0.0,0.0,0.0,0.0,0.0,0.0,0.0,0.0,0.0,0.0,0.0,0.0,0.0,0.0,13,25.0
107,5,0,0.0,0.0,0.0,0.0,0.0,0.0,0.0,0.0,0.0,0.0,0.0,0,0,0.0,0.0,0.0,0.0,0.0,0.0,0.0,0.0,0.0,0.0,0.0,0.0,0.0,0.0,13,25.0
108,0,9,0.000234375,0.0,1.8053305018001486,1.6925557926433659,0.7546751066424684,0.09423581371166193,0.7605359328603218,0.12826131865357931,0.5106994484548922,20.672709551864937,1.6769877743164172,0,0,9.0,0.000234375,0.4,1.7133847579106696,1.6298604563433412,0.7082526555137293,0.06708964483455253,0.711868415038601,-3.337544267218874,0.5482935686058983,20.80198088260176,1.7194220522025383,0.4,0.0,13,25.0
108,1,5,0.00013020833333333333,0.0,15.73691687630164,7.9359073128088475,2.6869223060965375,2.6896448452079786,3.8018075796064412,-17.905607073452394,0.7582205298009527,28.443561864503135,1.3321790402061222,0,0,5.0,0.00013020833333333333,-0.4,17.212702269267215,10.065823523949621,3.8732715138305274,2.754074872374128,4.7934631792021305,-19.166901056243194,0.7651182573957973,28.681514564163155,1.4430825890953134,0.2,0.6,13,25.0
108,2,6,0.00015625,0.0,13.281563638301412,19.328564001624553,7.982436703742092,3.106851442009884,8.565735322315756,-6.338324017110352,0.41737850869765136,26.12437524670287,1.5607104090364066,0,0,6.0,0.00015625,0.0,13.477125955343473,20.16369992708957,8.222528162126844,2.8480359693059834,8.708210777683172,3.9978322364197014,0.4280425710914567,25.703065717816834,1.6069202210735363,0.2,0.2,13,25.0
108,3,0,0.0,0.0,0.0,0.0,0.0,0.0,0.0,0.0,0.0,0.0,0.0,0,0,0.0,0.0,0.0,0.0,0.0,0.0,0.0,0.0,0.0,0.0,0.0,0.0,0.0,0.0,13,25.0
108,4,0,0.0,0.0,0.0,0.0,0.0,0.0,0.0,0.0,0.0,0.0,0.0,0,0,0.0,0.0,0.0,0.0,0.0,0.0,0.0,0.0,0.0,0.0,0.0,0.0,0.0,0.0,13,25.0
108,5,0,0.0,0.0,0.0,0.0,0.0,0.0,0.0,0.0,0.0,0.0,0.0,0,0,0.0,0.0,0.0,0.0,0.0,0.0,0.0,0.0,0.0,0.0,0.0,0.0,0.0,0.0,13,25.0
109,0,9,0.000234375,0.0,5.9176960843484725,9.952856254021595,3.5204037937790105,-2.7715956475282866,4.4805117235257175,131.9274997242425,0.7525693348045731,16.534953185601964,1.7351264569569227,2,2,9.0,0.000234375,0.0,2.583546850965461,3.3096477387563334,1.294714743604001,-0.4897637024035196,1.4903247910553028,27.577724358476672,0.575272604522683,19.855975518350313,1.731049788730639,0.4,0.4,13,25.0
109,1,6,0.00015625,1.0,12.815503262342682,9.071727434929697,-1.5906186341478268,2.829217278027349,3.2456953100355523,-88.15692977163866,0.6349514783718357,31.553696086651907,1.5607104090364066,3,2,5.2,0.00013541666666666666,0.2,16.036754361957613,9.292093582847603,2.4760187231253843,2.8342437850863678,4.259217562368279,-32.42301556727314,0.7364310787670795,29.1612841827504,1.4333370884167747,0.6,0.4,13,25.0
109,2,8,0.00020833333333333335,2.0,10.303876487278034,17.997856751047536,4.922841494163578,1.0486830856424398,5.0332995729214485,-29.01272602854802,0.6296311571779466,20.072023991573406,1.9061547465328494,2,0,6.4,0.0001666666666666667,0.4,12.890200774663725,19.62056160931579,7.559256191987868,2.6122908292257656,8.007875804152544,-5.587238967586343,0.46275127161766283,24.79701401566884,1.6297992765356952,0.4,0.0,13,25.0
109,3,0,0.0,0.0,0.0,0.0,0.0,0.0,0.0,0.0,0.0,0.0,0.0,0,0,0.0,0.0,0.0,0.0,0.0,0.0,0.0,0.0,0.0,0.0,0.0,0.0,0.0,0.0,13,25.0
109,4,0,0.0,0.0,0.0,0.0,0.0,0.0,0.0,0.0,0.0,0.0,0.0,0,0,0.0,0.0,0.0,0.0,0.0,0.0,0.0,0.0,0.0,0.0,0.0,0.0,0.0,0.0,13,25.0
109,5,0,0.0,0.0,0.0,0.0,0.0,0.0,0.0,0.0,0.0,0.0,0.0,0,0,0.0,0.0,0.0,0.0,0.0,0.0,0.0,0.0,0.0,0.0,0.0,0.0,0.0,0.0,13,25.0
110,0,9,0.000234375,0.0,6.681715665630556,11.227274220897765,3.977620350652811,-3.206268645057178,5.108974679738018,19.10048953205207,0.7151360385776802,16.799568394622383,1.6769877743164172,0,0,9.0,0.000234375,0.0,3.5914416527232733,5.241051827608085,1.9506310981843804,-1.1426725187650228,2.372026346351719,31.021042076052176,0.6044794854694885,19.06465612250444,1.6886155108445184,0.4,0.4,13,25.0
110,1,6,0.00015625,0.0,11.847618743942844,8.478555931412464,-1.427950709332803,2.560135754226915,2.9314396306857606,-24.19711295999603,0.6326751257978922,33.091235120398494,1.5607104090364066,0,0,5.4,0.000140625,0.2,14.812275701286477,8.78309105750857,1.3051890295378519,2.769481019516333,3.7889376148647194,-33.63628440131133,0.7094943565565948,30.026011420713104,1.423591587738236,0.6,0.4,13,25.0
110,2,8,0.00020833333333333335,0.0,9.763543141823998,18.116489021981497,4.977332916775771,0.5423206963049098,5.006790858629932,-13.508333636350894,0.6169612510905123,19.58903551003192,1.7328679513938632,0,0,6.8,0.00017708333333333335,0.4,12.11470376527269,19.115341336285812,6.877324093828385,2.1641693136729634,7.241904372241582,-10.301534685368637,0.5006533938848199,23.58406202493416,1.6642307850071862,0.4,0.0,13,25.0
110,3,0,0.0,0.0,0.0,0.0,0.0,0.0,0.0,0.0,0.0,0.0,0.0,0,0,0.0,0.0,0.0,0.0,0.0,0.0,0.0,0.0,0.0,0.0,0.0,0.0,0.0,0.0,13,25.0
110,4,0,0.0,0.0,0.0,0.0,0.0,0.0,0.0,0.0,0.0,0.0,0.0,0,0,0.0,0.0,0.0,0.0,0.0,0.0,0.0,0.0,0.0,0.0,0.0,0.0,0.0,0.0,13,25.0
110,5,0,0.0,0.0,0.0,0.0,0.0,0.0,0.0,0.0,0.0,0.0,0.0,0,0,0.0,0.0,0.0,0.0,0.0,0.0,0.0,0.0,0.0,0.0,0.0,0.0,0.0,0.0,13,25.0
111,0,9,0.000234375,0.0,6.475093461893774,10.362104978005974,3.7738854798244907,-3.0026011388263667,4.822636749093956,-5.165555093419556,0.6784351348684097,17.052938044807817,1.8891591637470215,0,0,9.0,0.000234375,0.0,4.536007152545392,6.98424377243887,2.556709155999807,-1.7592186209744107,3.1869935657938737,29.43780952765984,0.6344948435092841,18.343750876557586,1.7310497887306393,0.4,0.4,13,25.0
111,1,6,0.00015625,0.0,11.25422388665894,8.250911595590194,-1.3580305823175143,2.4047679988221415,2.7617306513613333,-14.8348714320976,0.6323512602181174,32.97945607899971,1.5607104090364066,0,0,5.6,0.00014583333333333335,0.2,13.621480785697168,8.491254452697907,0.2913743346289787,2.6638129879995067,3.395240135040191,-32.794190774265715,0.6835427596871546,30.90886356555793,1.4692978615042929,0.6,0.4,13,25.0
111,2,8,0.00020833333333333335,0.0,9.46953167855381,17.892777362702464,4.929938495084238,0.2882190586480846,4.938356385588371,-7.350286581754704,0.6162093273681719,19.39964127197717,1.9061547465328494,0,0,7.2,0.0001875,0.4,11.270722308988615,18.634367793382243,6.197667715819079,1.6176704226836225,6.457752126380494,-12.013645857694561,0.5397246038718294,22.257560257384156,1.733319652506475,0.4,0.0,13,25.0
111,3,0,0.0,0.0,0.0,0.0,0.0,0.0,0.0,0.0,0.0,0.0,0.0,0,0,0.0,0.0,0.0,0.0,0.0,0.0,0.0,0.0,0.0,0.0,0.0,0.0,0.0,0.0,13,25.0
111,4,0,0.0,0.0,0.0,0.0,0.0,0.0,0.0,0.0,0.0,0.0,0.0,0,0,0.0,0.0,0.0,0.0,0.0,0.0,0.0,0.0,0.0,0.0,0.0,0.0,0.0,0.0,13,25.0
111,5,0,0.0,0.0,0.0,0.0,0.0,0.0,0.0,0.0,0.0,0.0,0.0,0,0,0.0,0.0,0.0,0.0,0.0,0.0,0.0,0.0,0.0,0.0,0.0,0.0,0.0,0.0,13,25.0
112,0,9,0.000234375,0.0,6.0325456832272355,9.134648426401908,3.4357733794188614,-2.6734532562863107,4.353376968316801,-11.06369446666345,0.6617627320118888,17.21035349566194,1.8891591637470215,0,0,9.0,0.000234375,0.0,5.382476279380038,8.473887934394122,3.0924716220635284,-2.311936574797296,3.905207210706963,26.98540020297303,0.6637205377434888,17.65410453451181,1.77348406661676,0.4,0.4,13,25.0
112,1,6,0.00015625,0.0,10.820488136950836,8.090528125794643,-1.3369046224279504,2.3088269566760613,2.6679572495344193,-10.843393742702553,0.6323881350393254,32.9276755035974,1.3296613488507583,0,0,5.8,0.00015104166666666667,0.2,12.494950181239389,8.36552608010717,-0.6053164484259114,2.558518566592089,3.081726084244701,-31.187582995977493,0.6581173058456247,31.79912493083013,1.46879432323322,0.6,0.4,13,25.0
112,2,8,0.00020833333333333335,0.0,9.24882508602013,17.521638707033432,4.835116245321015,0.16034256249670262,4.837774162062053,-5.517664813341975,0.6168418371435833,19.303267689194428,1.9061547465328494,0,0,7.6,0.0001979166666666667,0.4,10.413468006395476,18.171465168877894,5.52953317101734,1.0292833690204042,5.676391260303513,-12.345467015421189,0.5794044162955732,20.89766874189596,1.8024085200057638,0.4,0.0,13,25.0
112,3,0,0.0,0.0,0.0,0.0,0.0,0.0,0.0,0.0,0.0,0.0,0.0,0,0,0.0,0.0,0.0,0.0,0.0,0.0,0.0,0.0,0.0,0.0,0.0,0.0,0.0,0.0,13,25.0
112,4,0,0.0,0.0,0.0,0.0,0.0,0.0,0.0,0.0,0.0,0.0,0.0,0,0,0.0,0.0,0.0,0.0,0.0,0.0,0.0,0.0,0.0,0.0,0.0,0.0,0.0,0.0,13,25.0
112,5,0,0.0,0.0,0.0,0.0,0.0,0.0,0.0,0.0,0.0,0.0,0.0,0,0,0.0,0.0,0.0,0.0,0.0,0.0,0.0,0.0,0.0,0.0,0.0,0.0,0.0,0.0,13,25.0
113,0,9,0.000234375,0.0,5.573038847496394,8.001167811084185,3.106721113174319,-2.357473368379911,3.899922660472077,-11.487670893271046,0.6558995306427009,17.299704562014092,1.8891591637470215,0,0,9.0,0.000234375,0.0,6.136017948519287,9.735610338082285,3.5628808233698983,-2.8022784112156107,4.533084556229314,24.662213760588102,0.6927605541810504,16.97950353654164,1.8159183445028808,0.4,0.4,13,25.0
113,1,6,0.00015625,0.0,10.462759805761742,7.935005995561543,-1.3382924658265702,2.2396735377737653,2.60905428841414,-8.94320827972737,0.6324529981764413,32.89943393202545,1.3296613488507583,0,0,6.0,0.00015625,0.2,11.440118767131409,8.365345816657708,-1.4103594028105328,2.468524305105246,2.8431754260062414,-29.39510323723249,0.6329637995207225,32.6902993443346,1.4682907849621472,0.6,0.4,13,25.0
113,2,8,0.00020833333333333335,0.0,9.034952945328872,17.09932935358636,4.719634400335022,0.09564557253332445,4.7206034517179,-5.346803517281462,0.6170807681013355,19.253059534737748,1.9061547465328494,0,0,8.0,0.00020833333333333335,0.4,9.564145867800969,17.725618239270254,4.8769727103359255,0.4270421951250922,4.907364886183941,-12.14716291545541,0.6193448681763098,19.523405599502933,1.8714973875050522,0.4,0.0,13,25.0
113,3,0,0.0,0.0,0.0,0.0,0.0,0.0,0.0,0.0,0.0,0.0,0.0,0,0,0.0,0.0,0.0,0.0,0.0,0.0,0.0,0.0,0.0,0.0,0.0,0.0,0.0,0.0,13,25.0
113,4,0,0.0,0.0,0.0,0.0,0.0,0.0,0.0,0.0,0.0,0.0,0.0,0,0,0.0,0.0,0.0,0.0,0.0,0.0,0.0,0.0,0.0,0.0,0.0,0.0,0.0,0.0,13,25.0
113,5,0,0.0,0.0,0.0,0.0,0.0,0.0,0.0,0.0,0.0,0.0,0.0,0,0,0.0,0.0,0.0,0.0,0.0,0.0,0.0,0.0,0.0,0.0,0.0,0.0,0.0,0.0,13,25.0
114,0,8,0.00020833333333333335,-1.0,3.307163374410746,4.767063919634748,2.390356736218024,-0.42279973639545043,2.4274605956593707,-39.607703744596314,0.4151482623203786,27.21111859211274,1.559581156254877,2,3,8.8,0.00022916666666666666,-0.2,5.613911406531741,8.698451871204917,3.336871411857701,-2.3325192289890433,4.122474330656045,-9.64482693317966,0.6252763396842116,19.114736617843796,1.7808092843624717,0.4,0.6,13,25.0
114,1,7,0.00018229166666666667,1.0,22.612821218079752,14.324756082020732,10.751023030892995,-0.000893223188549389,10.751023067998657,284.5645835661904,0.5763296663075945,25.421455861423052,1.7478680974607577,2,1,6.2,0.00016145833333333336,0.2,13.399582358278824,9.415951546075915,1.0579689301976314,1.9025022048620666,4.344240977598862,45.14919943033332,0.6212394371078742,31.463851299288827,1.5057223226470176,0.4,0.2,13,25.0
114,2,7,0.00018229166666666667,-1.0,12.57424114336506,17.804673675313776,4.006267974257809,-1.4011289404933147,4.244213164940197,61.29531746076452,0.39193309949927124,19.467875835285337,1.7478680974607577,1,2,7.8,0.00020312500000000002,-0.2,10.018218799018374,17.686981624123504,4.693658006354771,-0.06292021010205864,4.749547604587692,5.914445782407098,0.5718052566405748,19.402575968245323,1.839840057690634,0.2,0.4,13,25.0
114,3,0,0.0,0.0,0.0,0.0,0.0,0.0,0.0,0.0,0.0,0.0,0.0,0,0,0.0,0.0,0.0,0.0,0.0,0.0,0.0,0.0,0.0,0.0,0.0,0.0,0.0,0.0,13,25.0
114,4,0,0.0,0.0,0.0,0.0,0.0,0.0,0.0,0.0,0.0,0.0,0.0,0,0,0.0,0.0,0.0,0.0,0.0,0.0,0.0,0.0,0.0,0.0,0.0,0.0,0.0,0.0,13,25.0
114,5,0,0.0,0.0,0.0,0.0,0.0,0.0,0.0,0.0,0.0,0.0,0.0,0,0,0.0,0.0,0.0,0.0,0.0,0.0,0.0,0.0,0.0,0.0,0.0,0.0,0.0,0.0,13,25.0
115,0,8,0.00020833333333333335,0.0,2.8593626813845074,3.3288162122369656,2.026695666726471,0.4029020140057794,2.0663555740524835,-11.195017325655977,0.4058949989680276,27.336007294818486,1.559581156254877,0,0,8.6,0.0002239583333333333,-0.2,4.849440809682532,7.118760269472757,2.946686475072433,-1.6106850971764524,3.5139505095189376,-15.70392830472127,0.5634281317622811,21.222024397883015,1.7573279607501635,0.4,0.6,13,25.0
115,1,7,0.00018229166666666667,0.0,23.739754291006644,16.031996519375628,11.906971112223939,-0.6164290296844087,11.92291683339161,28.17332682317228,0.5838688908993228,25.364339257297257,1.5498260458732018,0,0,6.4,0.0001666666666666667,0.2,15.778009467691584,10.92663966366855,3.7249532945089796,1.2671892480798017,6.142536418140033,55.62328738696698,0.6114781901281603,29.918472126668576,1.5035454500143766,0.4,0.2,13,25.0
115,2,7,0.00018229166666666667,0.0,12.778519687898552,17.78824141723629,3.890800216096235,-1.7371432041704546,4.26098496047218,5.106963613337306,0.38948651157417324,19.79150392479686,1.7478680974607577,0,0,7.6,0.0001979166666666667,-0.2,10.621214108233284,17.621332103174463,4.476351466218864,-0.5188129901971316,4.60038642495614,9.637505232344738,0.526310308737307,19.443069651198307,1.8428400869040125,0.2,0.4,13,25.0
115,3,0,0.0,0.0,0.0,0.0,0.0,0.0,0.0,0.0,0.0,0.0,0.0,0,0,0.0,0.0,0.0,0.0,0.0,0.0,0.0,0.0,0.0,0.0,0.0,0.0,0.0,0.0,13,25.0
115,4,0,0.0,0.0,0.0,0.0,0.0,0.0,0.0,0.0,0.0,0.0,0.0,0,0,0.0,0.0,0.0,0.0,0.0,0.0,0.0,0.0,0.0,0.0,0.0,0.0,0.0,0.0,13,25.0
115,5,0,0.0,0.0,0.0,0.0,0.0,0.0,0.0,0.0,0.0,0.0,0.0,0,0,0.0,0.0,0.0,0.0,0.0,0.0,0.0,0.0,0.0,0.0,0.0,0.0,0.0,0.0,13,25.0
116,0,8,0.00020833333333333335,0.0,2.629017848207287,2.77704521539379,1.7814439955048853,0.7583023330373524,1.936121157730141,-5.758620829430502,0.3956916944797333,27.406689173594096,1.559581156254877,0,0,8.4,0.00021874999999999998,-0.2,4.0802256869452345,5.601748316950319,2.5481981782085117,-0.8585044028037082,2.936647391246175,-15.82254145192346,0.5068794436845458,23.29277462364027,1.691412359251735,0.4,0.6,13,25.0
116,1,7,0.00018229166666666667,0.0,23.014861348659387,14.733961908304028,11.335353353891106,-0.6952056847571831,11.356652085966578,-18.122323558681483,0.5887693099768232,25.40375969041541,1.5498260458732018,0,0,6.6,0.000171875,0.2,18.130136960091672,12.223249726211316,6.263630081750703,0.6471945113639368,7.861520705061082,54.9657969616502,0.6027618000799014,28.403332848951713,1.5013685773817356,0.4,0.2,13,25.0
116,2,7,0.00018229166666666667,0.0,12.489738297211714,17.497374104914073,3.9349513613366383,-1.6763011122840203,4.277128433321789,-7.219534767170915,0.3979252330965649,19.95513210511311,1.7478680974607577,0,0,7.4,0.00019270833333333336,-0.2,11.225255431964865,17.542251451616785,4.277354039469344,-0.9117170243835524,4.468140834502824,9.663655595261497,0.4826534898829856,19.554167817825494,1.8111827570895944,0.2,0.4,13,25.0
116,3,0,0.0,0.0,0.0,0.0,0.0,0.0,0.0,0.0,0.0,0.0,0.0,0,0,0.0,0.0,0.0,0.0,0.0,0.0,0.0,0.0,0.0,0.0,0.0,0.0,0.0,0.0,13,25.0
116,4,0,0.0,0.0,0.0,0.0,0.0,0.0,0.0,0.0,0.0,0.0,0.0,0,0,0.0,0.0,0.0,0.0,0.0,0.0,0.0,0.0,0.0,0.0,0.0,0.0,0.0,0.0,13,25.0
116,5,0,0.0,0.0,0.0,0.0,0.0,0.0,0.0,0.0,0.0,0.0,0.0,0,0,0.0,0.0,0.0,0.0,0.0,0.0,0.0,0.0,0.0,0.0,0.0,0.0,0.0,0.0,13,25.0
117,0,8,0.00020833333333333335,0.0,2.467082246879797,2.4972385931696173,1.6022539747464584,0.904932759970574,1.840141597719802,-4.048390033187252,0.3896363607608917,27.445453372388894,1.559581156254877,0,0,8.2,0.00021354166666666665,-0.2,3.3671329996757464,4.2742663503038605,2.1814942972740314,-0.14282719955233117,2.434000317126775,-14.419480565228218,0.45245416943434635,25.339794598985662,1.625496757753306,0.4,0.6,13,25.0
117,1,7,0.00018229166666666667,0.0,21.853340515227256,12.965019588289909,10.386897647659271,-0.6131366062429302,10.404978579548581,-29.038020835803195,0.5915748128375632,25.434189953014005,1.5498260458732018,0,0,6.8,0.00017708333333333335,0.2,20.336707435746955,13.198148018710366,8.608390535768148,0.06280179878013852,9.408924971063914,51.32687154303007,0.594599135639549,26.904635738835037,1.545401516786224,0.4,0.2,13,25.0
117,2,7,0.00018229166666666667,0.0,12.069498275254196,17.11526288428509,3.9821076960482986,-1.522530087569563,4.263247538025639,-10.506000548938008,0.4048452439520953,20.030253386039472,1.7478680974607577,0,0,7.2,0.0001875,-0.2,11.789390069811677,17.46097628706712,4.1067523296148005,-1.2482915543968054,4.353235509695541,8.66598844814229,0.440254171244688,19.699564957194504,1.7795254272751762,0.2,0.4,13,25.0
117,3,0,0.0,0.0,0.0,0.0,0.0,0.0,0.0,0.0,0.0,0.0,0.0,0,0,0.0,0.0,0.0,0.0,0.0,0.0,0.0,0.0,0.0,0.0,0.0,0.0,0.0,0.0,13,25.0
117,4,0,0.0,0.0,0.0,0.0,0.0,0.0,0.0,0.0,0.0,0.0,0.0,0,0,0.0,0.0,0.0,0.0,0.0,0.0,0.0,0.0,0.0,0.0,0.0,0.0,0.0,0.0,13,25.0
117,5,0,0.0,0.0,0.0,0.0,0.0,0.0,0.0,0.0,0.0,0.0,0.0,0,0,0.0,0.0,0.0,0.0,0.0,0.0,0.0,0.0,0.0,0.0,0.0,0.0,0.0,0.0,13,25.0
118,0,8,0.00020833333333333335,0.0,2.3314257724021683,2.3100199941353448,1.4630188356889398,0.9577487200874468,1.7486299563972256,-3.391411861940715,0.3865146829139139,27.466919744948374,1.559581156254877,0,0,8.0,0.00020833333333333335,-0.2,2.718810384656901,3.136036786914093,1.8527538417769556,0.5202172181411404,2.0037417763118044,-12.800228758962152,0.39857719988858903,27.37323763557252,1.559581156254877,0.4,0.6,13,25.0
118,1,7,0.00018229166666666667,0.0,20.67318893600008,11.396415577192302,9.446363154197574,-0.49330426066534044,9.459234955035852,-29.503789480679394,0.5930878663254696,25.427499605566798,1.5498260458732018,0,0,7.0,0.00018229166666666667,0.2,22.378793261794623,13.890429935036522,10.765321659772976,-0.48379376090768267,10.778961104388255,47.21475530283966,0.5867261092693546,25.410248873543303,1.589434456190713,0.4,0.2,13,25.0
118,2,7,0.00018229166666666667,0.0,11.632571378171454,16.711600964435448,4.001538030356372,-1.363098415233386,4.227332953293379,-10.923172427068511,0.40883664735170133,20.06084766244037,1.7478680974607577,0,0,7.0,0.00018229166666666667,-0.2,12.308913756380196,17.383430609236935,3.9631330556190703,-1.5400403519501478,4.254581410010637,7.550714666184879,0.39860534709476125,19.861122582735028,1.7478680974607577,0.2,0.4,13,25.0
118,3,0,0.0,0.0,0.0,0.0,0.0,0.0,0.0,0.0,0.0,0.0,0.0,0,0,0.0,0.0,0.0,0.0,0.0,0.0,0.0,0.0,0.0,0.0,0.0,0.0,0.0,0.0,13,25.0
118,4,0,0.0,0.0,0.0,0.0,0.0,0.0,0.0,0.0,0.0,0.0,0.0,0,0,0.0,0.0,0.0,0.0,0.0,0.0,0.0,0.0,0.0,0.0,0.0,0.0,0.0,0.0,13,25.0
118,5,0,0.0,0.0,0.0,0.0,0.0,0.0,0.0,0.0,0.0,0.0,0.0,0,0,0.0,0.0,0.0,0.0,0.0,0.0,0.0,0.0,0.0,0.0,0.0,0.0,0.0,0.0,13,25.0
119,0,8,0.00020833333333333335,0.0,3.7835805945127454,3.0652603731431447,3.1396575315624085,0.28330660095361404,3.152413685676492,4.859335537022347,0.40855341625337305,23.256247046231763,1.6674619334232945,2,2,8.0,0.00020833333333333335,0.0,2.814093828677301,2.7956760776157727,2.002614000845832,0.6614384856109533,2.1487323943152288,-3.9068209026384197,0.3972582306751879,26.582263326396323,1.5811573116885604,0.4,0.4,13,25.0
119,1,7,0.00018229166666666667,0.0,17.33787221614018,16.1412787123698,8.10417409119722,-0.0828562949013201,8.104597637516441,28.017276508665848,0.5820243985740157,25.347508024395808,1.9459101490483135,1,1,7.0,0.00018229166666666667,0.0,21.32380346140671,14.253734461106337,10.235951871833823,-0.5001863752502367,10.249676018291812,-4.09470610866524,0.5878650557226389,25.395459306137855,1.6290428665082242,0.2,0.2,13,25.0
119,2,8,0.00020833333333333335,1.0,10.002002862397912,16.649732267927334,4.018509254668447,0.15357659747522906,4.021442825796237,-5.042774100060266,0.7508657645934824,19.39766692682884,1.559581156254877,1,0,7.2,0.0001875,0.2,11.794466100186765,17.152442327759648,3.965581311701198,-1.229099244356439,4.210027342181844,-5.7169036459800795,0.47039188011360344,19.84708080104373,1.7102107092195815,0.2,0.0,13,25.0
119,3,0,0.0,0.0,0.0,0.0,0.0,0.0,0.0,0.0,0.0,0.0,0.0,0,0,0.0,0.0,0.0,0.0,0.0,0.0,0.0,0.0,0.0,0.0,0.0,0.0,0.0,0.0,13,25.0
119,4,0,0.0,0.0,0.0,0.0,0.0,0.0,0.0,0.0,0.0,0.0,0.0,0,0,0.0,0.0,0.0,0.0,0.0,0.0,0.0,0.0,0.0,0.0,0.0,0.0,0.0,0.0,13,25.0
119,5,0,0.0,0.0,0.0,0.0,0.0,0.0,0.0,0.0,0.0,0.0,0.0,0,0,0.0,0.0,0.0,0.0,0.0,0.0,0.0,0.0,0.0,0.0,0.0,0.0,0.0,0.0,13,25.0
120,0,8,0.00020833333333333335,0.0,3.807064935243454,3.5151973952762057,3.2594628010911797,0.1676270920098863,3.263770303448582,0.587108518267728,0.3916995419316054,23.096671851158135,1.9061547465328494,0,0,8.0,0.00020833333333333335,0.0,3.0036342794490904,2.8329523142236206,2.249167427718774,0.6143835012117747,2.3882153401944484,-1.5503957338536787,0.3944191392679034,25.734396237664253,1.6504720297441549,0.4,0.4,13,25.0
120,1,7,0.00018229166666666667,0.0,17.08247837102707,16.789567753132346,8.848357243293306,0.31246093318002616,8.853872471393792,-6.384846127827765,0.5791646697098554,25.41621396412092,1.7478680974607577,0,0,7.0,0.00018229166666666667,0.0,19.99234827741079,14.405248707857677,9.624229098047696,-0.3144083826773498,9.635867145892249,-11.006340698865248,0.5869242114847454,25.40583424750259,1.668651276825735,0.2,0.2,13,25.0
120,2,8,0.00020833333333333335,0.0,10.199487338183367,16.68413982855671,4.287978279696679,0.6698199891773122,4.339978864585862,4.937111894636329,0.8062564843123663,19.99430829244116,1.7328679513938632,0,0,7.4,0.00019270833333333336,0.2,11.278659630243729,16.93162201002373,4.0450169244212875,-0.7477066056868856,4.225826123004581,-5.750873989720274,0.553745874661242,19.887641674572592,1.7072106800062028,0.2,0.0,13,25.0
120,3,0,0.0,0.0,0.0,0.0,0.0,0.0,0.0,0.0,0.0,0.0,0.0,0,0,0.0,0.0,0.0,0.0,0.0,0.0,0.0,0.0,0.0,0.0,0.0,0.0,0.0,0.0,13,25.0
120,4,0,0.0,0.0,0.0,0.0,0.0,0.0,0.0,0.0,0.0,0.0,0.0,0,0,0.0,0.0,0.0,0.0,0.0,0.0,0.0,0.0,0.0,0.0,0.0,0.0,0.0,0.0,13,25.0
120,5,0,0.0,0.0,0.0,0.0,0.0,0.0,0.0,0.0,0.0,0.0,0.0,0,0,0.0,0.0,0.0,0.0,0.0,0.0,0.0,0.0,0.0,0.0,0.0,0.0,0.0,0.0,13,25.0
121,0,8,0.00020833333333333335,0.0,3.742598011001565,3.6047430477164357,3.235753099939435,0.1096041011490777,3.237608868093297,-1.6116731060472302,0.3755929699964905,23.0409363655015,1.9061547465328494,0,0,8.0,0.00020833333333333335,0.0,3.226350312007946,2.9984918806881495,2.540029248605684,0.4846438548341198,2.6485128822670796,-0.7210061891770245,0.3903993943712549,24.861245676045733,1.7197867477997495,0.4,0.4,13,25.0
121,1,7,0.00018229166666666667,0.0,16.39113101465985,16.16593335867316,8.729060327734974,0.4726004715310858,8.741844508507802,-17.283683909180485,0.5783160522519691,24.835233440413102,1.7478680974607577,0,0,7.0,0.00018229166666666667,0.0,18.667602210610887,14.691642997931504,9.10297049281647,-0.08084715141969599,9.112905630400494,-10.83861276896505,0.5848335599397746,25.292128997502125,1.7082596871432465,0.2,0.2,13,25.0
121,2,8,0.00020833333333333335,0.0,10.152705065084472,16.4915521891658,4.408780751710082,0.8435975698519389,4.488764259404743,-1.169556827472329,0.821961663070931,20.278734638269206,1.7328679513938632,0,0,7.6,0.0001979166666666667,0.2,10.811252983818282,16.730457626874077,4.139782802495977,-0.24372686925969375,4.268153288221172,-4.5408784017805575,0.6385531606561152,19.95236218120381,1.7042106507928234,0.2,0.0,13,25.0
121,3,0,0.0,0.0,0.0,0.0,0.0,0.0,0.0,0.0,0.0,0.0,0.0,0,0,0.0,0.0,0.0,0.0,0.0,0.0,0.0,0.0,0.0,0.0,0.0,0.0,0.0,0.0,13,25.0
121,4,0,0.0,0.0,0.0,0.0,0.0,0.0,0.0,0.0,0.0,0.0,0.0,0,0,0.0,0.0,0.0,0.0,0.0,0.0,0.0,0.0,0.0,0.0,0.0,0.0,0.0,0.0,13,25.0
121,5,0,0.0,0.0,0.0,0.0,0.0,0.0,0.0,0.0,0.0,0.0,0.0,0,0,0.0,0.0,0.0,0.0,0.0,0.0,0.0,0.0,0.0,0.0,0.0,0.0,0.0,0.0,13,25.0
122,0,8,0.00020833333333333335,0.0,3.6366196706207194,3.5329042542004228,3.152313975720039,0.08545646771974458,3.153472087936567,-2.64945850952113,0.3659889608454703,23.02117149855884,1.9061547465328494,0,0,8.0,0.00020833333333333335,0.0,3.4602577967561303,3.2056250128943105,2.8500412488004003,0.3207485963839539,2.9111789803104324,-0.44121988444379995,0.3856699143881706,23.976389301279724,1.7891014658553441,0.4,0.4,13,25.0
122,1,7,0.00018229166666666667,0.0,15.591062442378092,15.120241448837604,8.292754225195427,0.5317748045730527,8.30978682532081,-20.001714307043933,0.5780751441845815,24.557821634362824,1.5498260458732018,0,0,7.0,0.00018229166666666667,0.0,17.415146596041055,15.122687370041044,8.6841418083237,0.1481351307435006,8.69386727955494,-9.031351463213197,0.5821336262091783,25.11685533377189,1.7082596871432465,0.2,0.2,13,25.0
122,2,8,0.00020833333333333335,0.0,9.963443505319049,16.18763821468071,4.443579172720402,0.8767259510217074,4.529243232310388,-4.731538994135621,0.8272210913284888,20.407525779198586,1.7328679513938632,0,0,7.8,0.00020312500000000002,0.2,10.39004202983125,16.544932692953203,4.2320770978303965,0.23612433845856035,4.321352427078122,-3.3859860908200803,0.7230283301313939,20.027816659835633,1.7012106215794447,0.2,0.0,13,25.0
122,3,0,0.0,0.0,0.0,0.0,0.0,0.0,0.0,0.0,0.0,0.0,0.0,0,0,0.0,0.0,0.0,0.0,0.0,0.0,0.0,0.0,0.0,0.0,0.0,0.0,0.0,0.0,13,25.0
122,4,0,0.0,0.0,0.0,0.0,0.0,0.0,0.0,0.0,0.0,0.0,0.0,0,0,0.0,0.0,0.0,0.0,0.0,0.0,0.0,0.0,0.0,0.0,0.0,0.0,0.0,0.0,13,25.0
122,5,0,0.0,0.0,0.0,0.0,0.0,0.0,0.0,0.0,0.0,0.0,0.0,0,0,0.0,0.0,0.0,0.0,0.0,0.0,0.0,0.0,0.0,0.0,0.0,0.0,0.0,0.0,13,25.0
123,0,8,0.00020833333333333335,0.0,3.514735875774267,3.3987879319361305,3.0467184408261865,0.07746612545868714,3.0477031118965527,-3.047094871161333,0.36214300831038604,23.015678932249102,1.9061547465328494,0,0,8.0,0.00020833333333333335,0.0,3.69691981743055,3.4233786004544675,3.1667811698278494,0.14469207745820198,3.170993611410298,-0.3723564862879235,0.38079557946746506,23.08614113873987,1.8584161839109385,0.4,0.4,13,25.0
123,1,7,0.00018229166666666667,0.0,14.80555104473584,14.006397584114755,7.7665467275137985,0.5474625886767157,7.785818091675139,-19.637784941056307,0.578014061576851,24.428807458472885,1.5498260458732018,0,0,7.0,0.00018229166666666667,0.0,16.241619017788206,15.644683771425534,8.348178522986945,0.3562885006119118,8.359183906882796,-7.05815055528858,0.5791188652594546,24.917116904353104,1.7082596871432465,0.2,0.2,13,25.0
123,2,8,0.00020833333333333335,0.0,9.713901731292388,15.835703789187834,4.429186747296235,0.8541266006432537,4.510790118410632,-6.238544350666493,0.8292434973542043,20.460521717136878,1.7328679513938632,0,0,8.0,0.00020833333333333335,0.2,10.006308100455438,16.369753257903678,4.317606841218369,0.6795693416338883,4.378043860101572,-2.449060475539676,0.8071097001318946,20.107751470774936,1.6982105923660658,0.2,0.0,13,25.0
123,3,0,0.0,0.0,0.0,0.0,0.0,0.0,0.0,0.0,0.0,0.0,0.0,0,0,0.0,0.0,0.0,0.0,0.0,0.0,0.0,0.0,0.0,0.0,0.0,0.0,0.0,0.0,13,25.0
123,4,0,0.0,0.0,0.0,0.0,0.0,0.0,0.0,0.0,0.0,0.0,0.0,0,0,0.0,0.0,0.0,0.0,0.0,0.0,0.0,0.0,0.0,0.0,0.0,0.0,0.0,0.0,13,25.0
123,5,0,0.0,0.0,0.0,0.0,0.0,0.0,0.0,0.0,0.0,0.0,0.0,0,0,0.0,0.0,0.0,0.0,0.0,0.0,0.0,0.0,0.0,0.0,0.0,0.0,0.0,0.0,13,25.0
124,0,9,0.000234375,1.0,2.904418679553837,2.779049184930834,2.3933738717023108,0.6831019393857303,2.4889489246145358,-8.860466875923972,0.3897292697772361,21.17328085398607,1.8891591637470215,1,0,8.2,0.00021354166666666665,0.2,3.521087434438768,3.366136362812006,3.01752443785583,0.22465114514462522,3.0383006591979065,-3.1163169688771872,0.37703075017223764,22.66954790029073,1.9027556299756838,0.2,0.0,13,25.0
124,1,6,0.00015625,-1.0,15.53835920274122,16.583611226345205,8.509719982270825,-0.6848422392672023,8.537232752440564,37.80166932099984,0.7552480313638484,31.357005628521318,1.3296613488507583,0,1,6.8,0.00017708333333333335,-0.2,15.881716415108414,15.733150274220614,8.429287701201666,0.23589131173873534,8.445710929867621,-5.101271992821779,0.6137635918174211,26.11901642517821,1.5850099271037354,0.0,0.2,13,25.0
124,2,7,0.00018229166666666667,-1.0,9.289434147628842,10.77348058281371,2.875942881286956,0.7126969753239007,2.9629351047670545,154.55693973107302,0.6253912435514164,17.354577826881442,1.7478680974607577,1,2,7.8,0.00020312500000000002,-0.2,9.863794357501623,15.194502920880954,4.089093566542071,0.7913934172036227,4.166342315895736,29.47088229068698,0.7820147959234813,19.699133650785456,1.735867980607242,0.2,0.4,13,25.0
124,3,0,0.0,0.0,0.0,0.0,0.0,0.0,0.0,0.0,0.0,0.0,0.0,0,0,0.0,0.0,0.0,0.0,0.0,0.0,0.0,0.0,0.0,0.0,0.0,0.0,0.0,0.0,13,25.0
124,4,0,0.0,0.0,0.0,0.0,0.0,0.0,0.0,0.0,0.0,0.0,0.0,0,0,0.0,0.0,0.0,0.0,0.0,0.0,0.0,0.0,0.0,0.0,0.0,0.0,0.0,0.0,13,25.0
124,5,0,0.0,0.0,0.0,0.0,0.0,0.0,0.0,0.0,0.0,0.0,0.0,0,0,0.0,0.0,0.0,0.0,0.0,0.0,0.0,0.0,0.0,0.0,0.0,0.0,0.0,0.0,13,25.0
125,0,9,0.000234375,0.0,2.7814546150019868,2.6655037217342334,2.2284774872995055,0.9013153497746467,2.40384718132,-3.074101613796236,0.3909150819177444,21.238690420680157,1.8891591637470215,0,0,8.4,0.00021875000000000003,0.2,3.315965370390475,3.196197628103611,2.811327375097495,0.3713887966975773,2.8663160347721908,-3.84855899528998,0.3768738581694654,22.297951614195135,1.8993565134185182,0.2,0.0,13,25.0
125,1,5,0.00013020833333333333,-1.0,16.452222992928323,18.39350047738703,10.048416994809653,0.8421005607448606,10.083641081275466,-6.470203880745295,0.9283593697819694,32.93586923531113,1.6094379124291003,0,1,6.4,0.0001666666666666667,-0.4,15.755665339488667,16.05393681907155,8.669299651504934,0.34181923725170227,8.691664651843956,-5.118343543405286,0.6836025318318438,27.62294747941625,1.557323890097404,0.0,0.4,13,25.0
125,2,8,0.00020833333333333335,1.0,10.416544638065972,11.397843772890573,3.798764443940099,-1.0050883068440453,3.9294800934854166,26.972870610841404,0.8210192743071885,14.799189148332708,1.9061547465328494,1,0,7.8,0.00020312500000000002,0.0,9.907205817478145,14.137243709747727,3.9912507993907544,0.45641175799935113,4.084242561675646,33.87803403392799,0.7849673539224458,18.660109821963765,1.7705253396350393,0.4,0.4,13,25.0
125,3,0,0.0,0.0,0.0,0.0,0.0,0.0,0.0,0.0,0.0,0.0,0.0,0,0,0.0,0.0,0.0,0.0,0.0,0.0,0.0,0.0,0.0,0.0,0.0,0.0,0.0,0.0,13,25.0
125,4,0,0.0,0.0,0.0,0.0,0.0,0.0,0.0,0.0,0.0,0.0,0.0,0,0,0.0,0.0,0.0,0.0,0.0,0.0,0.0,0.0,0.0,0.0,0.0,0.0,0.0,0.0,13,25.0
125,5,0,0.0,0.0,0.0,0.0,0.0,0.0,0.0,0.0,0.0,0.0,0.0,0,0,0.0,0.0,0.0,0.0,0.0,0.0,0.0,0.0,0.0,0.0,0.0,0.0,0.0,0.0,13,25.0
126,0,9,0.000234375,0.0,2.7002380634858745,2.597202860566054,2.1114467679215267,0.985591440864574,2.330149768163362,-2.030413787902809,0.41325104916119304,21.298771001243875,2.0431918705371204,0,0,8.6,0.0002239583333333333,0.2,3.107493380887337,2.994689590673535,2.586466108693913,0.5465862646406766,2.6848242147862034,-3.9323071316610965,0.384405474002406,21.94951854134361,1.9267639382193724,0.2,0.0,13,25.0
126,1,5,0.00013020833333333333,0.0,16.086498560217393,17.77454647671494,10.021929457194227,0.8176423269762043,10.055227944698244,-9.143110817773316,0.8953026159055072,32.23532302685879,1.6094379124291003,0,0,6.0,0.00015625,-0.4,15.694738848600172,16.375659442679908,8.927873477396787,0.41082760834072596,8.954341339082045,-3.4902289251238523,0.7469998445625515,29.10296539670539,1.5296378530910726,0.0,0.4,13,25.0
126,2,8,0.00020833333333333335,0.0,10.086600557218512,10.47973741574678,3.5049597292402472,-1.1524826800424506,3.689574369950238,-8.248602021186503,0.8378035422589211,14.920813419952072,1.9061547465328494,0,0,7.8,0.00020312500000000002,0.0,9.893984915904953,12.93488075506392,3.810486594896788,0.057195708020473246,3.924404583784746,32.46222499518516,0.7881357297600438,17.588525578300338,1.8051826986628368,0.4,0.4,13,25.0
126,3,0,0.0,0.0,0.0,0.0,0.0,0.0,0.0,0.0,0.0,0.0,0.0,0,0,0.0,0.0,0.0,0.0,0.0,0.0,0.0,0.0,0.0,0.0,0.0,0.0,0.0,0.0,13,25.0
126,4,0,0.0,0.0,0.0,0.0,0.0,0.0,0.0,0.0,0.0,0.0,0.0,0,0,0.0,0.0,0.0,0.0,0.0,0.0,0.0,0.0,0.0,0.0,0.0,0.0,0.0,0.0,13,25.0
126,5,0,0.0,0.0,0.0,0.0,0.0,0.0,0.0,0.0,0.0,0.0,0.0,0,0,0.0,0.0,0.0,0.0,0.0,0.0,0.0,0.0,0.0,0.0,0.0,0.0,0.0,0.0,13,25.0
127,0,9,0.000234375,0.0,2.622197392525101,2.5206759854979826,2.0204646030105406,1.0063311100199366,2.2572061303772193,-1.951016774019326,0.4300624447835808,21.33421053638393,2.0431918705371204,0,0,8.8,0.00022916666666666666,0.2,2.9046089252682137,2.7922439369330467,2.3600962341520137,0.730761193100715,2.505571023274334,-3.792618784560736,0.3972201707900281,21.612126348908625,1.9541713630202266,0.2,0.0,13,25.0
127,1,5,0.00013020833333333333,0.0,15.565148235819231,16.849242811148148,9.69140856506154,0.8084782358243817,9.725072597813853,-13.033758109954064,0.8705265251842735,32.01025504976131,1.6094379124291003,0,0,5.6,0.00014583333333333332,-0.4,15.689556007288402,16.721459715142014,9.207604345370008,0.46616829459099174,9.237398493580653,-2.096637685705878,0.8054901207624898,30.593452079785084,1.5415602264022523,0.0,0.4,13,25.0
127,2,8,0.00020833333333333335,0.0,9.40636451584909,9.188155114374192,3.0142109068366443,-1.149552084913411,3.2259785161748606,-17.005901034235563,0.845232550267421,15.060015689526207,2.079441541671836,0,0,7.8,0.00020312500000000002,0.0,9.78256911801096,11.534984135002617,3.5246129417200365,-0.34805989916655045,3.66375164055764,30.007352587165173,0.7917380215478302,16.51902356036586,1.874497416718431,0.4,0.4,13,25.0
127,3,0,0.0,0.0,0.0,0.0,0.0,0.0,0.0,0.0,0.0,0.0,0.0,0,0,0.0,0.0,0.0,0.0,0.0,0.0,0.0,0.0,0.0,0.0,0.0,0.0,0.0,0.0,13,25.0
127,4,0,0.0,0.0,0.0,0.0,0.0,0.0,0.0,0.0,0.0,0.0,0.0,0,0,0.0,0.0,0.0,0.0,0.0,0.0,0.0,0.0,0.0,0.0,0.0,0.0,0.0,0.0,13,25.0
127,5,0,0.0,0.0,0.0,0.0,0.0,0.0,0.0,0.0,0.0,0.0,0.0,0,0,0.0,0.0,0.0,0.0,0.0,0.0,0.0,0.0,0.0,0.0,0.0,0.0,0.0,0.0,13,25.0
128,0,9,0.000234375,0.0,2.543794096501196,2.436860635930951,1.9440607497349554,0.9978141382624612,2.185178540343213,-1.9600824005976212,0.4393123248038663,21.352332843799694,2.0431918705371204,0,0,9.0,0.000234375,0.2,2.710420569413599,2.599858477732011,2.1395646959337675,0.9148307956614697,2.333066108963666,-3.575216290447993,0.41265403408872414,21.279457131218745,1.9815787878210809,0.2,0.0,13,25.0
128,1,5,0.00013020833333333333,0.0,14.973870150140797,15.874616775872367,9.250366036477853,0.8039185693315833,9.28523326981822,-14.781952141960804,0.8597365019407863,31.940750762101466,1.6094379124291003,0,0,5.2,0.00013541666666666666,-0.4,15.723219828369391,17.095103553493537,9.50436820716282,0.5174594907219653,9.53728152920927,-1.125471125886778,0.861834608835277,32.0958407405108,1.5534825997134318,0.0,0.4,13,25.0
128,2,8,0.00020833333333333335,0.0,8.701237967210657,8.000125108232922,2.5481169652350575,-1.0931138780626597,2.772687869005797,-17.628163715960817,0.8487517951602467,15.147677049825159,1.9061547465328494,0,0,7.8,0.00020312500000000002,0.0,9.580036365194616,9.967868398811635,3.148398985307801,-0.7375079949077332,3.3161311906766735,27.72942871410631,0.7956396811090387,15.456454626903518,1.9091547757462284,0.4,0.4,13,25.0
128,3,0,0.0,0.0,0.0,0.0,0.0,0.0,0.0,0.0,0.0,0.0,0.0,0,0,0.0,0.0,0.0,0.0,0.0,0.0,0.0,0.0,0.0,0.0,0.0,0.0,0.0,0.0,13,25.0
128,4,0,0.0,0.0,0.0,0.0,0.0,0.0,0.0,0.0,0.0,0.0,0.0,0,0,0.0,0.0,0.0,0.0,0.0,0.0,0.0,0.0,0.0,0.0,0.0,0.0,0.0,0.0,13,25.0
128,5,0,0.0,0.0,0.0,0.0,0.0,0.0,0.0,0.0,0.0,0.0,0.0,0,0,0.0,0.0,0.0,0.0,0.0,0.0,0.0,0.0,0.0,0.0,0.0,0.0,0.0,0.0,13,25.0
129,0,13,0.0003385416666666667,4.0,2.6506753885351397,2.627600451867041,0.7889341740679799,0.4443107611047816,0.9054441912375583,13.812379335087378,0.5673565405064337,12.287572702887594,1.73798344858105,4,0,9.8,0.0002552083333333333,0.8,2.65967191120986,2.5695687311192525,1.8186767564069015,0.8670725600052801,2.0163651622882703,0.9593529517542774,0.44817948823456366,19.50231550099905,1.9513436447878862,0.8,0.0,13,25.0
129,1,6,0.00015625,1.0,11.57574455266714,9.099469501182284,4.424093429050431,1.0604169027855932,4.5494050904135355,-77.42428848553448,0.7069234576711121,23.235908078842886,1.5607104090364068,2,1,5.2,0.00013541666666666666,0.0,14.930696898354578,15.598275208460953,8.687242896518741,0.8665113191325243,8.739715996803863,-24.17066268719364,0.8521696940967297,30.471621230575114,1.5996924117505615,0.4,0.4,13,25.0
129,2,11,0.00028645833333333333,3.0,14.048834055735126,13.553289044066824,10.490568668559241,0.17086166398233463,10.49196000268661,46.89331506464765,0.7233852115136571,12.877978020995055,1.9722469794154414,3,0,8.6,0.00022395833333333333,0.8,10.531916346815871,10.523830091062258,4.671324142762257,-0.8458750571760465,4.821936170260584,6.1967037808212355,0.8152384747014869,14.56113466572624,1.954030552137165,0.8,0.0,13,25.0
129,3,0,0.0,0.0,0.0,0.0,0.0,0.0,0.0,0.0,0.0,0.0,0.0,0,0,0.0,0.0,0.0,0.0,0.0,0.0,0.0,0.0,0.0,0.0,0.0,0.0,0.0,0.0,13,25.0
129,4,0,0.0,0.0,0.0,0.0,0.0,0.0,0.0,0.0,0.0,0.0,0.0,0,0,0.0,0.0,0.0,0.0,0.0,0.0,0.0,0.0,0.0,0.0,0.0,0.0,0.0,0.0,13,25.0
129,5,0,0.0,0.0,0.0,0.0,0.0,0.0,0.0,0.0,0.0,0.0,0.0,0,0,0.0,0.0,0.0,0.0,0.0,0.0,0.0,0.0,0.0,0.0,0.0,0.0,0.0,0.0,13,25.0
130,0,13,0.0003385416666666667,0.0,2.858996238631123,2.7815276868498873,0.7185385844912299,0.39653330951794036,0.8206926117371296,5.208021252399576,0.5843569747437287,12.768594554672218,1.73798344858105,0,0,10.6,0.0002760416666666667,0.8,2.675180235935687,2.592773524142383,1.5166889758452464,0.7661161519539388,1.6997342483716964,2.6157775249934394,0.48686786679976046,17.80829632779746,1.921108501754692,0.8,0.0,13,25.0
130,1,6,0.00015625,0.0,10.79090859013926,6.363055964998272,3.3715437072193772,1.1727373481954868,3.5696806380323665,-19.62089906319703,0.6413045744410444,25.734454521269697,1.5607104090364068,0,0,5.4,0.000140625,0.2,13.798434017796762,13.192186305983203,7.3518682390006855,0.9326386766226495,7.436923908155244,-26.800801723683993,0.7947587350285448,29.03133828776683,1.589946911072023,0.4,0.2,13,25.0
130,2,11,0.00028645833333333333,0.0,14.473880035375208,13.478375880886475,11.188372117508736,0.561453106330693,11.202450635037643,10.626149491001962,0.6796774925466872,13.366072356404457,1.9722469794154414,0,0,9.2,0.00023958333333333332,0.6,11.343383426277718,10.939936512661438,6.149245677475985,-0.5325667745410987,6.2765302785710295,2.927359556853347,0.7869701183493867,14.274511307340589,1.9672489987136834,0.6,0.0,13,25.0
130,3,0,0.0,0.0,0.0,0.0,0.0,0.0,0.0,0.0,0.0,0.0,0.0,0,0,0.0,0.0,0.0,0.0,0.0,0.0,0.0,0.0,0.0,0.0,0.0,0.0,0.0,0.0,13,25.0
130,4,0,0.0,0.0,0.0,0.0,0.0,0.0,0.0,0.0,0.0,0.0,0.0,0,0,0.0,0.0,0.0,0.0,0.0,0.0,0.0,0.0,0.0,0.0,0.0,0.0,0.0,0.0,13,25.0
130,5,0,0.0,0.0,0.0,0.0,0.0,0.0,0.0,0.0,0.0,0.0,0.0,0,0,0.0,0.0,0.0,0.0,0.0,0.0,0.0,0.0,0.0,0.0,0.0,0.0,0.0,0.0,13,25.0
131,0,13,0.0003385416666666667,0.0,2.925965620379881,2.853408217062053,0.6715757832802163,0.3663580601717765,0.7650047456985237,1.6742345437189559,0.5919559738438656,13.066700050987281,1.73798344858105,0,0,11.4,0.000296875,0.8,2.720325747314488,2.644014595441583,1.2287147789169843,0.6422694758153794,1.3867052438787286,3.356707191317793,0.522608851736295,16.161882137746144,1.860066817363478,0.8,0.0,13,25.0
131,1,6,0.00015625,0.0,10.319386329107338,5.138291517909541,2.812986748903152,1.201146395688859,3.058700232677446,-11.788056525798055,0.6297474155952762,27.026051602220154,1.5607104090364068,0,0,5.6,0.00014583333333333335,0.2,12.645011571574752,10.664935314222124,5.91007969734247,1.0093394903651807,6.037618365751084,-27.329790865288935,0.7416476949664986,27.9894840028391,1.580201410393484,0.4,0.2,13,25.0
131,2,11,0.00028645833333333333,0.0,14.284530258638863,13.070385129301563,11.144739485616759,0.7613662784158515,11.170716038471934,-4.733744418408559,0.6660633258468001,13.20109214625611,1.9722469794154414,0,0,9.8,0.0002552083333333333,0.6,12.182969366561789,11.458066055372395,7.6772016287512885,-0.1497969828494383,7.77275861227537,3.630331077408936,0.7526220750669623,13.930567052601399,1.980467445290202,0.6,0.0,13,25.0
131,3,0,0.0,0.0,0.0,0.0,0.0,0.0,0.0,0.0,0.0,0.0,0.0,0,0,0.0,0.0,0.0,0.0,0.0,0.0,0.0,0.0,0.0,0.0,0.0,0.0,0.0,0.0,13,25.0
131,4,0,0.0,0.0,0.0,0.0,0.0,0.0,0.0,0.0,0.0,0.0,0.0,0,0,0.0,0.0,0.0,0.0,0.0,0.0,0.0,0.0,0.0,0.0,0.0,0.0,0.0,0.0,13,25.0
131,5,0,0.0,0.0,0.0,0.0,0.0,0.0,0.0,0.0,0.0,0.0,0.0,0,0,0.0,0.0,0.0,0.0,0.0,0.0,0.0,0.0,0.0,0.0,0.0,0.0,0.0,0.0,13,25.0
132,0,13,0.0003385416666666667,0.0,2.9210270567133625,2.860857056896531,0.6361306801825616,0.34499931769176734,0.7236620561265552,-0.1234640916629764,0.5959331713602016,13.226572390072793,1.73798344858105,0,0,12.2,0.00031770833333333336,0.8,2.7800916801521405,2.7120508097212928,0.9518479943513884,0.5100031173497455,1.0799964290285957,3.722217727789063,0.5557829970516192,14.540354508483915,1.799025132972264,0.8,0.0,13,25.0
132,1,6,0.00015625,0.0,9.961087519085822,4.557856255432811,2.4892986971303013,1.1931335879056344,2.7604665841344986,-8.957470250537941,0.6256975684472,27.159766984997958,1.5607104090364068,0,0,5.8,0.00015104166666666667,0.2,11.524199428228071,8.206658003079056,4.469657723756223,1.0862705607814314,4.644697163015214,-26.514533293405712,0.6926819036190838,27.01938638988643,1.5704559097149455,0.4,0.2,13,25.0
132,2,11,0.00028645833333333333,0.0,13.838403596255965,12.533090525654288,10.810616814089519,0.8685342240090098,10.845450087449112,-11.153166559572446,0.660261119260179,13.07427062056948,2.019814992484946,0,0,10.4,0.0002708333333333333,0.6,13.069377182643162,12.127053137628414,9.236482810201863,0.2538202789350459,9.29665292653022,4.80087797234156,0.715627788865514,13.533418038810051,1.9685421354528239,0.6,0.0,13,25.0
132,3,0,0.0,0.0,0.0,0.0,0.0,0.0,0.0,0.0,0.0,0.0,0.0,0,0,0.0,0.0,0.0,0.0,0.0,0.0,0.0,0.0,0.0,0.0,0.0,0.0,0.0,0.0,13,25.0
132,4,0,0.0,0.0,0.0,0.0,0.0,0.0,0.0,0.0,0.0,0.0,0.0,0,0,0.0,0.0,0.0,0.0,0.0,0.0,0.0,0.0,0.0,0.0,0.0,0.0,0.0,0.0,13,25.0
132,5,0,0.0,0.0,0.0,0.0,0.0,0.0,0.0,0.0,0.0,0.0,0.0,0,0,0.0,0.0,0.0,0.0,0.0,0.0,0.0,0.0,0.0,0.0,0.0,0.0,0.0,0.0,13,25.0
133,0,13,0.0003385416666666667,0.0,2.8808575361923827,2.8314433688753557,0.6073160618585399,0.32844926718483236,0.6904431331439391,-1.0042380130244957,0.5979982438314331,13.307997311582938,1.73798344858105,0,0,13.0,0.0003385416666666667,0.8,2.847504368090378,2.7909673563101736,0.6844990567761053,0.3761301431342197,0.781049347588741,3.9133866053036876,0.5875201808571325,12.931487402040563,1.73798344858105,0.8,0.0,13,25.0
133,1,6,0.00015625,0.0,9.652813563530705,4.238429860684579,2.2802021754222395,1.1692710624178118,2.562521566388855,-7.70684888887789,0.6239204005175778,27.224964962210393,1.5607104090364068,0,0,6.0,0.00015625,0.2,10.459988110906053,5.879420620041498,3.0756249515451004,1.1593410593986768,3.3001548223293407,-25.09951264278913,0.6455186833344422,26.076229229908215,1.5607104090364068,0.4,0.2,13,25.0
133,2,11,0.00028645833333333333,0.0,13.309735970477378,11.98743114673487,10.380378398742925,0.9263060824647659,10.421626488197509,-13.216690644464661,0.6575364033921935,13.008661855975799,2.1458417525857545,0,0,11.0,0.00028645833333333333,0.6,13.991076783296506,12.924514345328806,10.802935096903436,0.657704271040531,10.826440650368562,5.683172586640792,0.6773847105119033,13.10561500004018,2.0164795366634047,0.6,0.0,13,25.0
133,3,0,0.0,0.0,0.0,0.0,0.0,0.0,0.0,0.0,0.0,0.0,0.0,0,0,0.0,0.0,0.0,0.0,0.0,0.0,0.0,0.0,0.0,0.0,0.0,0.0,0.0,0.0,13,25.0
133,4,0,0.0,0.0,0.0,0.0,0.0,0.0,0.0,0.0,0.0,0.0,0.0,0,0,0.0,0.0,0.0,0.0,0.0,0.0,0.0,0.0,0.0,0.0,0.0,0.0,0.0,0.0,13,25.0
133,5,0,0.0,0.0,0.0,0.0,0.0,0.0,0.0,0.0,0.0,0.0,0.0,0,0,0.0,0.0,0.0,0.0,0.0,0.0,0.0,0.0,0.0,0.0,0.0,0.0,0.0,0.0,13,25.0
134,0,11,0.00028645833333333333,-2.0,7.140573625023975,7.826936847271509,4.803544010177969,2.688795546205918,5.504875706772445,108.17212238339219,0.5582499748679086,19.61101650145942,1.6726254461443206,0,2,12.6,0.000328125,-0.4,3.745484015388145,3.830834635391067,1.4874210239981032,0.8250271001544469,1.7009356506957183,22.78533521496465,0.5856988677294275,14.396176161754932,1.7249118480937042,0.0,0.4,13,25.0
134,1,5,0.00013020833333333333,-1.0,10.351195024590956,4.905190637390132,1.4557562675415432,0.3115339767463108,1.4887174779500159,2.19553478243711,0.7305736013898853,38.11654903067822,1.3321790402061222,0,1,5.8,0.00015104166666666667,-0.2,10.215078205290817,5.040564847283067,2.4819575192433225,1.0095644741908203,2.6880172998366363,-9.175547989194813,0.6502487120781968,29.052357420275285,1.51500413527035,0.0,0.2,13,25.0
134,2,8,0.00020833333333333335,-3.0,14.948310076748383,14.367526793806926,12.779145385124206,-0.5529081028628557,12.79110097467582,22.942519737591983,0.6555715285720963,16.06397584754258,2.079441541671836,0,3,10.4,0.0002708333333333333,-0.6,14.170971987499158,13.087361895276825,11.260650440216429,0.5129503176714929,11.286268844766404,0.8930135212296577,0.6638219739235913,13.742814565349686,2.0379184491146836,0.0,0.6,13,25.0
134,3,0,0.0,0.0,0.0,0.0,0.0,0.0,0.0,0.0,0.0,0.0,0.0,0,0,0.0,0.0,0.0,0.0,0.0,0.0,0.0,0.0,0.0,0.0,0.0,0.0,0.0,0.0,13,25.0
134,4,0,0.0,0.0,0.0,0.0,0.0,0.0,0.0,0.0,0.0,0.0,0.0,0,0,0.0,0.0,0.0,0.0,0.0,0.0,0.0,0.0,0.0,0.0,0.0,0.0,0.0,0.0,13,25.0
134,5,0,0.0,0.0,0.0,0.0,0.0,0.0,0.0,0.0,0.0,0.0,0.0,0,0,0.0,0.0,0.0,0.0,0.0,0.0,0.0,0.0,0.0,0.0,0.0,0.0,0.0,0.0,13,25.0
135,0,11,0.00028645833333333333,0.0,7.839619007746733,8.866073155152513,5.226223628487149,2.924921907272841,5.989038451922143,17.476134568068975,0.5689338221283233,19.196286527720574,1.6417347121815211,0,0,12.2,0.00031770833333333336,-0.4,4.741608569211267,5.047743729051592,2.388958032797287,1.3307048197054272,2.734604818732721,25.238957878098528,0.5826142372063463,15.681714556364602,1.7056621008137984,0.0,0.4,13,25.0
135,1,5,0.00013020833333333333,0.0,10.344044930128389,5.743999492217476,1.4507159114597261,-0.0811519456191209,1.452983927660658,-0.17875236156418312,0.7207952578301924,41.84155590255149,1.0549201679831441,0,0,5.6,0.00014583333333333335,-0.2,10.125705473288642,4.916753552726908,2.0977919600913926,0.7587866154278988,2.2646779577622946,-5.287118648868243,0.6661468487560264,32.273777696531646,1.4138460870596974,0.0,0.2,13,25.0
135,2,8,0.00020833333333333335,0.0,15.123996175594506,14.49588671302595,12.993130825088125,-0.7133544795256612,13.012698538401423,4.3921524711530395,0.6531623750740005,16.85698289238298,2.079441541671836,0,0,9.8,0.0002552083333333333,-0.6,14.30099521554302,13.290864061704719,11.621602181732307,0.25798880050022205,11.648318425439161,-0.3537858827401269,0.6585189504290538,14.44099667254539,2.059357361565963,0.0,0.6,13,25.0
135,3,0,0.0,0.0,0.0,0.0,0.0,0.0,0.0,0.0,0.0,0.0,0.0,0,0,0.0,0.0,0.0,0.0,0.0,0.0,0.0,0.0,0.0,0.0,0.0,0.0,0.0,0.0,13,25.0
135,4,0,0.0,0.0,0.0,0.0,0.0,0.0,0.0,0.0,0.0,0.0,0.0,0,0,0.0,0.0,0.0,0.0,0.0,0.0,0.0,0.0,0.0,0.0,0.0,0.0,0.0,0.0,13,25.0
135,5,0,0.0,0.0,0.0,0.0,0.0,0.0,0.0,0.0,0.0,0.0,0.0,0,0,0.0,0.0,0.0,0.0,0.0,0.0,0.0,0.0,0.0,0.0,0.0,0.0,0.0,0.0,13,25.0
136,0,11,0.00028645833333333333,0.0,7.561715301421329,8.177951888690517,4.901876231742055,2.7216470128932526,5.6067595859024,-6.94759265813511,0.5718186274628065,19.049772239436074,1.4142790651197086,0,0,11.8,0.00030729166666666665,-0.4,5.668758505419556,6.112652463377285,3.2350181224896546,1.8017626102497224,3.7029557867734963,23.514592437727718,0.5785867679301345,16.87832899405436,1.64092122412153,0.0,0.4,13,25.0
136,1,5,0.00013020833333333333,0.0,10.251307004061118,6.151399787603141,1.4284730431977775,-0.26337205815781306,1.4525495090223264,-2.31844815168177,0.7145865683395233,43.69956688659353,1.3321790402061222,0,0,5.4,0.000140625,-0.2,10.112089608279398,5.119375206665628,1.8208892189503174,0.46588292465856435,1.943447813031271,-3.3931969740449857,0.6831146793048757,35.60848075340632,1.3681398132936404,0.0,0.2,13,25.0
136,2,8,0.00020833333333333335,0.0,14.872358690275043,14.21688972324698,12.788597075980448,-0.7467899349002163,12.81038291303753,-6.290937132986579,0.6676391935775292,17.204907977749485,2.079441541671836,0,0,9.2,0.00023958333333333335,-0.6,14.418560901870254,13.520164980493803,11.950373699805045,-0.04364244216299147,11.976251800352278,-0.6652244256557308,0.6588341239751998,15.241759838844064,2.0807962740172417,0.0,0.6,13,25.0
136,3,0,0.0,0.0,0.0,0.0,0.0,0.0,0.0,0.0,0.0,0.0,0.0,0,0,0.0,0.0,0.0,0.0,0.0,0.0,0.0,0.0,0.0,0.0,0.0,0.0,0.0,0.0,13,25.0
136,4,0,0.0,0.0,0.0,0.0,0.0,0.0,0.0,0.0,0.0,0.0,0.0,0,0,0.0,0.0,0.0,0.0,0.0,0.0,0.0,0.0,0.0,0.0,0.0,0.0,0.0,0.0,13,25.0
136,5,0,0.0,0.0,0.0,0.0,0.0,0.0,0.0,0.0,0.0,0.0,0.0,0,0,0.0,0.0,0.0,0.0,0.0,0.0,0.0,0.0,0.0,0.0,0.0,0.0,0.0,0.0,13,25.0
137,0,11,0.00028645833333333333,0.0,7.058982837501498,7.20391168318431,4.443368244866438,2.4441942104488974,5.071252971197489,-12.568311597995757,0.5729952380042347,18.992930604081742,1.4142790651197086,0,0,11.4,0.000296875,-0.4,6.496349661577183,6.981263388634841,3.99646563542643,2.2216015888011484,4.572473969787683,21.025622936461158,0.5739991812589412,18.031600636856147,1.5761803474292617,0.0,0.4,13,25.0
137,1,5,0.00013020833333333333,0.0,10.095533509876862,6.287606136159106,1.3948312908738418,-0.34349748524522095,1.4365043864780151,-3.8943373546063986,0.7110648812778648,44.622978253582524,1.3321790402061222,0,0,5.2,0.00013541666666666666,-0.2,10.138978806437606,5.465325182810887,1.6019957376990255,0.15855671002839328,1.6786553734999743,-2.3805703948586774,0.7001881418710088,39.101123007123235,1.3224335395275835,0.0,0.2,13,25.0
137,2,8,0.00020833333333333335,0.0,14.437228601059722,13.786362988497476,12.414018328517699,-0.7265491605781365,12.435261346007575,-10.878252230382996,0.6802765402374481,17.33308100083695,2.079441541671836,0,0,8.6,0.00022395833333333333,-0.6,14.538325902831005,13.77081947306244,12.271054002690681,-0.36265911908042076,12.294214052063973,-0.6102415598178409,0.6628372081706535,16.093521914897558,2.09272158385462,0.0,0.6,13,25.0
137,3,0,0.0,0.0,0.0,0.0,0.0,0.0,0.0,0.0,0.0,0.0,0.0,0,0,0.0,0.0,0.0,0.0,0.0,0.0,0.0,0.0,0.0,0.0,0.0,0.0,0.0,0.0,13,25.0
137,4,0,0.0,0.0,0.0,0.0,0.0,0.0,0.0,0.0,0.0,0.0,0.0,0,0,0.0,0.0,0.0,0.0,0.0,0.0,0.0,0.0,0.0,0.0,0.0,0.0,0.0,0.0,13,25.0
137,5,0,0.0,0.0,0.0,0.0,0.0,0.0,0.0,0.0,0.0,0.0,0.0,0,0,0.0,0.0,0.0,0.0,0.0,0.0,0.0,0.0,0.0,0.0,0.0,0.0,0.0,0.0,13,25.0
138,0,11,0.00028645833333333333,0.0,6.550938639550543,6.313366533378852,4.0117436330748895,2.1865981248459363,4.568949369066884,-12.701104948773915,0.573558671504002,18.968386626623552,1.4142790651197086,0,0,11.0,0.00028645833333333333,-0.4,7.230365882248816,7.677648021535541,4.6773511496697,2.593231360333369,5.3481752169722725,18.686249549311277,0.569111266793455,19.16367849986427,1.5114394707369936,0.0,0.4,13,25.0
138,1,5,0.00013020833333333333,0.0,9.901709421350727,6.286873739375394,1.3550508030878088,-0.37431264415727694,1.4057996423832693,-4.845602213153354,0.7091417924150024,45.07892840271676,1.3321790402061222,0,0,5.0,0.00013020833333333333,-0.2,10.18875797800161,5.87501395854905,1.4169654632321396,-0.15016003128662447,1.4473109886988569,-1.80832105971377,0.7172324202504937,42.671915695224506,1.2767272657615265,0.0,0.2,13,25.0
138,2,8,0.00020833333333333335,0.0,14.44078613274619,13.544589929425008,12.630651972518676,-0.017532116859723,12.630664140337652,-10.139873382919117,0.6710984087302744,17.567707901139187,2.079441541671836,1,1,8.0,0.00020833333333333335,-0.6,14.76453593528477,14.082251229600468,12.721108717445832,-0.5514267589453186,12.736021582492,0.005121892491268198,0.6655496092382698,17.005331123930237,2.079441541671836,0.2,0.8,13,25.0
138,3,0,0.0,0.0,0.0,0.0,0.0,0.0,0.0,0.0,0.0,0.0,0.0,0,0,0.0,0.0,0.0,0.0,0.0,0.0,0.0,0.0,0.0,0.0,0.0,0.0,0.0,0.0,13,25.0
138,4,0,0.0,0.0,0.0,0.0,0.0,0.0,0.0,0.0,0.0,0.0,0.0,0,0,0.0,0.0,0.0,0.0,0.0,0.0,0.0,0.0,0.0,0.0,0.0,0.0,0.0,0.0,13,25.0
138,5,0,0.0,0.0,0.0,0.0,0.0,0.0,0.0,0.0,0.0,0.0,0.0,0,0,0.0,0.0,0.0,0.0,0.0,0.0,0.0,0.0,0.0,0.0,0.0,0.0,0.0,0.0,13,25.0
139,0,11,0.00028645833333333333,0.0,6.461257577746574,8.659261962713108,-0.10760693676479734,-2.462223669233236,2.464573928729322,7.998499180964767,0.7366440018748432,17.973490637152103,2.019814992484946,2,2,11.0,0.00028645833333333333,0.0,7.094502672793335,7.84411304462386,3.695120960281147,1.5630275172455383,4.740114861363648,-1.3484750911742078,0.6047900721948419,18.836173327002808,1.5808773800051186,0.4,0.4,13,25.0
139,1,4,0.00010416666666666667,-1.0,10.061435102035063,4.9924257608700335,9.592883244081564,0.4248672091495614,9.602287283766893,62.025477331526375,0.11192471110579127,47.67372041817765,1.3862943611158907,0,1,4.8,0.000125,-0.2,10.130805993490432,5.89246098324503,3.044390858540144,-0.12749338480597436,3.0700249498622325,10.157667450104082,0.5935026421936749,44.58334997272439,1.2875503299434803,0.0,0.2,13,25.0
139,2,6,0.00015625,-2.0,12.863776206140273,11.986369120822514,11.636184919647599,-1.232787819200162,11.70130613612867,20.089184100445717,0.5704567514657561,22.662328904948694,1.791759469222055,1,3,7.6,0.0001979166666666667,-0.4,14.347629161163146,13.606019695003585,12.49251662435051,-0.6874027022127798,12.51806261478257,-0.5655452349379857,0.6485266538170016,18.32500173541146,2.02190512718188,0.4,0.8,13,25.0
139,3,0,0.0,0.0,0.0,0.0,0.0,0.0,0.0,0.0,0.0,0.0,0.0,0,0,0.0,0.0,0.0,0.0,0.0,0.0,0.0,0.0,0.0,0.0,0.0,0.0,0.0,0.0,13,25.0
139,4,0,0.0,0.0,0.0,0.0,0.0,0.0,0.0,0.0,0.0,0.0,0.0,0,0,0.0,0.0,0.0,0.0,0.0,0.0,0.0,0.0,0.0,0.0,0.0,0.0,0.0,0.0,13,25.0
139,5,0,0.0,0.0,0.0,0.0,0.0,0.0,0.0,0.0,0.0,0.0,0.0,0,0,0.0,0.0,0.0,0.0,0.0,0.0,0.0,0.0,0.0,0.0,0.0,0.0,0.0,0.0,13,25.0
140,0,11,0.00028645833333333333,0.0,6.511929827208945,8.625966292625693,-0.08205717273228946,-2.5240702517371223,2.5254037331288473,1.2668062365592638,0.7770704412074316,18.030802139183297,1.9722469794154416,0,0,11.0,0.00028645833333333333,0.0,6.828964836685778,7.796091672118496,2.6334648000372587,0.47322908544354575,4.047387917604988,-4.59034075747615,0.6464173960106636,18.60307644929535,1.6469798334519026,0.4,0.4,13,25.0
140,1,4,0.00010416666666666667,0.0,11.341504478093674,4.888848552248559,10.965593029550751,0.7026461335925376,10.98808181980752,32.00173440146528,0.06444123663048718,47.24581711689129,1.3862943611158907,0,0,4.6,0.00011979166666666666,-0.2,10.330297903083489,5.721430795251247,4.947366282158349,0.029266231036357327,4.977044528291605,16.593764802709977,0.46223183795373385,45.66420221559235,1.3538251685700295,0.0,0.2,13,25.0
140,2,6,0.00015625,0.0,13.080370920568667,11.992771621244755,11.73943664610446,-1.2614234632202754,11.807013251515514,5.414867860709863,0.5332041516686328,22.395840374379983,1.791759469222055,0,0,7.2,0.0001875,-0.4,13.938904110157978,13.105396676647349,12.241777788553776,-0.7970164989517026,12.276925557405388,-0.3610021570266211,0.6245350091359281,19.43277323181086,1.9643687126919231,0.4,0.8,13,25.0
140,3,0,0.0,0.0,0.0,0.0,0.0,0.0,0.0,0.0,0.0,0.0,0.0,0,0,0.0,0.0,0.0,0.0,0.0,0.0,0.0,0.0,0.0,0.0,0.0,0.0,0.0,0.0,13,25.0
140,4,0,0.0,0.0,0.0,0.0,0.0,0.0,0.0,0.0,0.0,0.0,0.0,0,0,0.0,0.0,0.0,0.0,0.0,0.0,0.0,0.0,0.0,0.0,0.0,0.0,0.0,0.0,13,25.0
140,5,0,0.0,0.0,0.0,0.0,0.0,0.0,0.0,0.0,0.0,0.0,0.0,0,0,0.0,0.0,0.0,0.0,0.0,0.0,0.0,0.0,0.0,0.0,0.0,0.0,0.0,0.0,13,25.0
141,0,11,0.00028645833333333333,0.0,6.373517827641897,8.259975056313628,-0.02397918563678739,-2.4368154576442427,2.4369334369156914,-3.4602999891762183,0.7560593750828386,18.0890327335371,1.9722469794154416,0,0,11.0,0.00028645833333333333,0.0,6.591325341929891,7.812496305643118,1.6482937165614906,-0.5584634086639534,3.413422687807647,-3.892882223684372,0.6832655455346701,18.41092854811556,1.7585734163110494,0.4,0.4,13,25.0
141,1,4,0.00010416666666666667,0.0,11.829979262521231,4.774350164356318,11.483336782949376,0.8325489186579417,11.513477379688407,12.211869610688998,0.051370327183582365,47.03475664344979,1.3862943611158907,0,0,4.4,0.00011458333333333333,-0.2,10.64603235477551,5.446020870601882,6.95833903010867,0.2484504263995083,6.989230102424822,19.49982835518413,0.3295885897225456,46.3312401669636,1.3646482327519833,0.0,0.2,13,25.0
141,2,6,0.00015625,0.0,12.887779965000474,11.664733220430179,11.507047585998086,-1.237611004880342,11.573410264300893,-4.814773889204853,0.5209112539862182,22.2683725204971,1.791759469222055,0,0,6.8,0.00017708333333333335,-0.4,13.541988365103066,12.594965376083987,11.985467890557304,-0.8951807129477277,12.029531027658061,-0.06576950827027588,0.5951894212176658,20.44546614036038,1.9068322982019672,0.4,0.8,13,25.0
141,3,0,0.0,0.0,0.0,0.0,0.0,0.0,0.0,0.0,0.0,0.0,0.0,0,0,0.0,0.0,0.0,0.0,0.0,0.0,0.0,0.0,0.0,0.0,0.0,0.0,0.0,0.0,13,25.0
141,4,0,0.0,0.0,0.0,0.0,0.0,0.0,0.0,0.0,0.0,0.0,0.0,0,0,0.0,0.0,0.0,0.0,0.0,0.0,0.0,0.0,0.0,0.0,0.0,0.0,0.0,0.0,13,25.0
141,5,0,0.0,0.0,0.0,0.0,0.0,0.0,0.0,0.0,0.0,0.0,0.0,0,0,0.0,0.0,0.0,0.0,0.0,0.0,0.0,0.0,0.0,0.0,0.0,0.0,0.0,0.0,13,25.0
142,0,11,0.00028645833333333333,0.0,6.158287780211452,7.80505790555744,0.03817241004112371,-2.3004274482955873,2.300744135657004,-5.380751185761086,0.7464102437228024,18.108463783957806,2.1458417525857545,0,0,11.0,0.00028645833333333333,0.0,6.411186330471883,7.932725550117743,0.7672545495964276,-1.5073877404128504,2.85932092069955,-2.455370141237438,0.7179485466783835,18.23403518409077,1.9048859538042584,0.4,0.4,13,25.0
142,1,4,0.00010416666666666667,0.0,11.9150426789186,4.667682661791058,11.583491899627747,0.8887127277153825,11.617533942328077,2.1265854099341897,0.04630919601529371,46.93135743356607,1.3862943611158907,0,0,4.2,0.00010937500000000002,-0.2,11.009934188583859,5.122036175728272,8.99607115185945,0.4948924689916289,9.025436013594833,20.704012908092245,0.19663745267003138,46.79291600296032,1.3754712969339369,0.0,0.2,13,25.0
142,2,6,0.00015625,0.0,12.525133155353494,11.214507534724275,11.142445294996863,-1.1926680162539762,11.206094063008436,-9.066170241174495,0.5158038025675811,22.202911112398606,1.791759469222055,0,0,6.4,0.0001666666666666667,-0.4,13.15956927596182,12.080594285329346,11.731153283853136,-0.9884044840828956,11.783697571058232,0.2966468895714243,0.5622948736836925,21.419432162672713,1.8492958837120113,0.4,0.8,13,25.0
142,3,0,0.0,0.0,0.0,0.0,0.0,0.0,0.0,0.0,0.0,0.0,0.0,0,0,0.0,0.0,0.0,0.0,0.0,0.0,0.0,0.0,0.0,0.0,0.0,0.0,0.0,0.0,13,25.0
142,4,0,0.0,0.0,0.0,0.0,0.0,0.0,0.0,0.0,0.0,0.0,0.0,0,0,0.0,0.0,0.0,0.0,0.0,0.0,0.0,0.0,0.0,0.0,0.0,0.0,0.0,0.0,13,25.0
142,5,0,0.0,0.0,0.0,0.0,0.0,0.0,0.0,0.0,0.0,0.0,0.0,0,0,0.0,0.0,0.0,0.0,0.0,0.0,0.0,0.0,0.0,0.0,0.0,0.0,0.0,0.0,13,25.0
143,0,11,0.00028645833333333333,0.0,5.919944380596954,7.348642277709263,0.09538020975967208,-2.153461042729639,2.1555722782982767,-5.9585849903624535,0.7410690793085124,18.13139290304376,2.1458417525857545,0,0,11.0,0.00028645833333333333,0.0,6.284987478681165,8.139780698983826,-0.016018135066615858,-2.3753995739279654,2.376645502545828,-1.1068661495551457,0.7514506282392857,18.06663643937481,2.0511984912974675,0.4,0.4,13,25.0
143,1,4,0.00010416666666666667,0.0,11.803195411975834,4.567024846574038,11.482159392731521,0.9081111783560755,11.51801416184005,-2.7961816735691816,0.044043595654930434,46.881430467049846,1.3862943611158907,0,0,4.0,0.00010416666666666667,-0.2,11.39023138670888,4.7780663971680015,11.021492869788192,0.7513772334942994,11.04787891748619,21.113897016009084,0.063617813318017,47.153416415826925,1.3862943611158907,0.0,0.2,13,25.0
143,2,6,0.00015625,0.0,12.100102067831415,10.732472993548049,10.734061521697214,-1.1403405238382092,10.794464009939924,-10.625777188051892,0.513440793766537,22.16840079933242,1.791759469222055,0,0,6.0,0.00015625,-0.4,12.691432462978863,11.518170898153954,11.351835193688844,-1.2129661654785928,11.416457544978687,0.19946612854486928,0.530763350690945,22.33957074231136,1.791759469222055,0.2,0.6,13,25.0
143,3,0,0.0,0.0,0.0,0.0,0.0,0.0,0.0,0.0,0.0,0.0,0.0,0,0,0.0,0.0,0.0,0.0,0.0,0.0,0.0,0.0,0.0,0.0,0.0,0.0,0.0,0.0,13,25.0
143,4,0,0.0,0.0,0.0,0.0,0.0,0.0,0.0,0.0,0.0,0.0,0.0,0,0,0.0,0.0,0.0,0.0,0.0,0.0,0.0,0.0,0.0,0.0,0.0,0.0,0.0,0.0,13,25.0
143,5,0,0.0,0.0,0.0,0.0,0.0,0.0,0.0,0.0,0.0,0.0,0.0,0,0,0.0,0.0,0.0,0.0,0.0,0.0,0.0,0.0,0.0,0.0,0.0,0.0,0.0,0.0,13,25.0
144,0,6,0.00015625,-5.0,2.548274183688912,1.7830936409189464,1.6776643255666273,0.01370493417816652,1.6777203028215861,16.987044664394514,0.7110441780480969,31.92240602510054,1.791759469222055,0,5,10.0,0.00026041666666666666,-1.0,5.502390799869632,6.764547034624994,0.3410361173996691,-1.8802138532456847,2.219274777364281,0.6908429471308036,0.7463306634739364,20.8564195169645,2.0055873866448897,0.0,1.0,13,25.0
144,1,7,0.00018229166666666667,3.0,13.882744631635914,9.027029015026407,13.63373847856818,1.3462259799258889,13.700041944863454,-4.079639432514821,0.015124995072959169,17.65427473820575,1.9459101490483135,3,0,4.6,0.00011979166666666667,0.6,12.15449329262905,5.584987047999276,11.829663916685515,0.935648987649565,11.867429849705502,7.8928736632008425,0.04425787011145057,41.14952727983255,1.4982175187023752,0.6,0.0,13,25.0
144,2,8,0.00020833333333333335,2.0,10.737979590977108,11.1648830150486,8.74239656140813,0.13726900650301288,8.743474161742975,29.563847584284158,0.6804764176777128,13.609607128231314,1.7328679513938632,2,0,6.4,0.0001666666666666667,0.4,12.266273139946232,11.353873676999171,10.77307752204095,-0.9389548003379578,10.824891150101548,2.0943988253125574,0.5527672839333364,20.529026386967885,1.7799811656564166,0.4,0.0,13,25.0
144,3,0,0.0,0.0,0.0,0.0,0.0,0.0,0.0,0.0,0.0,0.0,0.0,0,0,0.0,0.0,0.0,0.0,0.0,0.0,0.0,0.0,0.0,0.0,0.0,0.0,0.0,0.0,13,25.0
144,4,0,0.0,0.0,0.0,0.0,0.0,0.0,0.0,0.0,0.0,0.0,0.0,0,0,0.0,0.0,0.0,0.0,0.0,0.0,0.0,0.0,0.0,0.0,0.0,0.0,0.0,0.0,13,25.0
144,5,0,0.0,0.0,0.0,0.0,0.0,0.0,0.0,0.0,0.0,0.0,0.0,0,0,0.0,0.0,0.0,0.0,0.0,0.0,0.0,0.0,0.0,0.0,0.0,0.0,0.0,0.0,13,25.0
145,0,6,0.00015625,0.0,2.879701572322985,1.9965960775298055,1.6960336981853839,-0.0879667061646107,1.6983134124106305,8.285684715851842,0.6969877567156161,32.62781409948973,1.791759469222055,0,0,9.0,0.00023437500000000005,-1.0,4.775945148892441,5.4386729916058165,0.6966542915832037,-1.3929931441311827,2.0538567132206373,2.094618642989319,0.7303141265755733,23.775821909025787,1.969489884606212,0.0,1.0,13,25.0
145,1,6,0.00015625,-1.0,11.229995373134807,6.84311627645064,10.8208977768928,2.188422833497862,11.039973876605794,0.1979733755483064,0.018972201019730406,18.656358250164025,1.791759469222055,0,1,5.0,0.00013020833333333336,0.4,12.132191471637277,5.975840592839693,11.800724866153924,1.2328043276306297,11.877808261065157,1.5321214580174474,0.035164062989299215,35.4316355064871,1.579310540323608,0.6,0.2,13,25.0
145,2,9,0.000234375,1.0,13.090017969926153,12.177008352241513,11.313925812765328,0.06601454644767786,11.314118402116016,5.7210311354009695,0.6027873710227205,13.933336001412357,1.7351264569569227,1,0,7.0,0.00018229166666666667,0.6,12.26820254981773,11.390721023198523,10.687975355373124,-0.6734671984043672,10.72631218022165,2.1556314802507788,0.566683927804154,18.836525512374358,1.76865456320339,0.6,0.0,13,25.0
145,3,0,0.0,0.0,0.0,0.0,0.0,0.0,0.0,0.0,0.0,0.0,0.0,0,0,0.0,0.0,0.0,0.0,0.0,0.0,0.0,0.0,0.0,0.0,0.0,0.0,0.0,0.0,13,25.0
145,4,0,0.0,0.0,0.0,0.0,0.0,0.0,0.0,0.0,0.0,0.0,0.0,0,0,0.0,0.0,0.0,0.0,0.0,0.0,0.0,0.0,0.0,0.0,0.0,0.0,0.0,0.0,13,25.0
145,5,0,0.0,0.0,0.0,0.0,0.0,0.0,0.0,0.0,0.0,0.0,0.0,0,0,0.0,0.0,0.0,0.0,0.0,0.0,0.0,0.0,0.0,0.0,0.0,0.0,0.0,0.0,13,25.0
146,0,6,0.00015625,0.0,3.0106340327356538,2.127279298398087,1.6823532998296529,-0.1394046374009073,1.688119154081429,3.2733115103167147,0.6846282566122066,32.86158796284343,1.791759469222055,0,0,8.0,0.00020833333333333332,-1.0,4.103368389911191,4.212133840022708,1.0379207886764918,-0.9335109800825154,1.904093856653785,3.4413409428879063,0.7160279028814469,26.730332954887054,1.933392382567535,0.0,1.0,13,25.0
146,1,6,0.00015625,0.0,11.144376040894679,6.85397610701133,10.631080284757774,2.2998069668710888,10.876993155547824,-2.1404833060031527,0.026017977189922603,18.68968748534405,1.791759469222055,0,0,5.4,0.000140625,0.4,11.995070827311967,6.391765781370695,11.630273566515603,1.5262559372732594,11.75051141623704,-1.338349125320983,0.030093592990567263,29.762621674865947,1.660403561944841,0.6,0.2,13,25.0
146,2,9,0.000234375,0.0,12.984215552446203,11.97950186431216,11.223924534302478,0.14685753220622252,11.22488525939053,-2.6450604369987207,0.5873797637129337,13.621345076041708,1.7351264569569227,0,0,7.6,0.0001979166666666667,0.6,12.287489667306875,11.45367475197492,10.631350745034002,-0.3965734909870543,10.656607179239577,2.5895741706920052,0.5799776297494971,17.107120023483283,1.7573279607503636,0.6,0.0,13,25.0
146,3,0,0.0,0.0,0.0,0.0,0.0,0.0,0.0,0.0,0.0,0.0,0.0,0,0,0.0,0.0,0.0,0.0,0.0,0.0,0.0,0.0,0.0,0.0,0.0,0.0,0.0,0.0,13,25.0
146,4,0,0.0,0.0,0.0,0.0,0.0,0.0,0.0,0.0,0.0,0.0,0.0,0,0,0.0,0.0,0.0,0.0,0.0,0.0,0.0,0.0,0.0,0.0,0.0,0.0,0.0,0.0,13,25.0
146,5,0,0.0,0.0,0.0,0.0,0.0,0.0,0.0,0.0,0.0,0.0,0.0,0,0,0.0,0.0,0.0,0.0,0.0,0.0,0.0,0.0,0.0,0.0,0.0,0.0,0.0,0.0,13,25.0
147,0,6,0.00015625,0.0,3.0383922847015667,2.1760509598200195,1.653533048629402,-0.1651072739373196,1.6617556844544439,0.6939562991478218,0.6780998175643244,32.94240987556646,1.791759469222055,0,0,7.0,0.00018229166666666667,-1.0,3.4793892908092148,3.0863324508752243,1.3609929163941472,-0.506446945210862,1.7762961664132733,4.656282439869687,0.7023658176497513,29.697122173208783,1.8625759258947951,0.0,1.0,13,25.0
147,1,6,0.00015625,0.0,10.984886870567424,6.793912231426576,10.41383755542327,2.3267700205740445,10.670607825207814,-3.987229258181431,0.030859853889104616,18.727485541121574,1.791759469222055,0,0,5.8,0.00015104166666666667,0.4,11.80903966564173,6.817011695297798,11.396342697674708,1.8138673958449918,11.561126192812987,-2.561112058944107,0.027003724565329446,24.121847296377048,1.741496583566074,0.6,0.2,13,25.0
147,2,9,0.000234375,0.0,12.72188788882135,11.666243076898132,10.989532358027358,0.18824950208923769,10.991144586582745,-6.558191590621338,0.5806882732027736,13.466714267076135,1.7351264569569227,0,0,8.2,0.00021354166666666665,0.6,12.326840614000446,11.544021860409691,10.6007681576401,-0.12038998731841155,10.613617283954438,3.0911699008026368,0.5929545238765355,15.359880654418784,1.746001358297337,0.6,0.0,13,25.0
147,3,0,0.0,0.0,0.0,0.0,0.0,0.0,0.0,0.0,0.0,0.0,0.0,0,0,0.0,0.0,0.0,0.0,0.0,0.0,0.0,0.0,0.0,0.0,0.0,0.0,0.0,0.0,13,25.0
147,4,0,0.0,0.0,0.0,0.0,0.0,0.0,0.0,0.0,0.0,0.0,0.0,0,0,0.0,0.0,0.0,0.0,0.0,0.0,0.0,0.0,0.0,0.0,0.0,0.0,0.0,0.0,13,25.0
147,5,0,0.0,0.0,0.0,0.0,0.0,0.0,0.0,0.0,0.0,0.0,0.0,0,0,0.0,0.0,0.0,0.0,0.0,0.0,0.0,0.0,0.0,0.0,0.0,0.0,0.0,0.0,13,25.0
148,0,6,0.00015625,0.0,3.0148713029917507,2.1770567642470144,1.617940550430361,-0.17759324058721374,1.6276581286711185,-0.5880245427453965,0.6748108986300008,32.98552528988406,1.791759469222055,0,0,6.0,0.00015625,-1.0,2.8983746752881734,2.0520153481827745,1.6655049845282854,-0.11127338478237687,1.6707133364878417,5.730394529393099,0.6891141815140489,32.66794865057685,1.791759469222055,0.0,1.0,13,25.0
148,1,6,0.00015625,0.0,10.781268561540363,6.693699383390014,10.185304892602199,2.312362703042566,10.444494100993529,-5.090457725676516,0.03365061330737951,18.7531343622002,1.791759469222055,0,0,6.2,0.00016145833333333333,0.4,11.604654295554637,7.242346602660994,11.136971797648844,2.0947177007822892,11.346422180643684,-3.0199672693655737,0.02492512809581926,18.496188075407122,1.8225896051873067,0.6,0.2,13,25.0
148,2,9,0.000234375,0.0,12.39239118113024,11.309400459254794,10.69470686925129,0.21005133845303126,10.696769446145721,-8.237417692277765,0.5775460099309682,13.389540735813796,1.7351264569569227,0,0,8.8,0.00022916666666666666,0.6,12.38529843666021,11.65940735355104,10.592897227150917,0.14968838513983654,10.594078371195598,3.568841799957462,0.6057755671094217,13.604108641715062,1.7346747558443105,0.6,0.0,13,25.0
148,3,0,0.0,0.0,0.0,0.0,0.0,0.0,0.0,0.0,0.0,0.0,0.0,0,0,0.0,0.0,0.0,0.0,0.0,0.0,0.0,0.0,0.0,0.0,0.0,0.0,0.0,0.0,13,25.0
148,4,0,0.0,0.0,0.0,0.0,0.0,0.0,0.0,0.0,0.0,0.0,0.0,0,0,0.0,0.0,0.0,0.0,0.0,0.0,0.0,0.0,0.0,0.0,0.0,0.0,0.0,0.0,13,25.0
148,5,0,0.0,0.0,0.0,0.0,0.0,0.0,0.0,0.0,0.0,0.0,0.0,0,0,0.0,0.0,0.0,0.0,0.0,0.0,0.0,0.0,0.0,0.0,0.0,0.0,0.0,0.0,13,25.0
149,0,5,0.00013020833333333333,-1.0,2.6186729642692343,1.9238855698632238,0.48162968603884526,-0.23466768159031584,0.5357574780223329,-3.554924250354753,0.7144893842659286,36.17221164282738,1.6094379124291003,0,1,5.8,0.00015104166666666667,-0.2,2.912454431404238,2.08017373397163,1.4262980566227288,-0.16094790793607333,1.4423207715279909,1.6220007464432453,0.6898032227576152,33.51790977412221,1.7552951578634641,0.0,0.2,13,25.0
149,1,4,0.00010416666666666667,-2.0,18.88962320104671,11.251946534458394,18.70508697921773,0.7388273645913207,18.71967266740446,256.44410703952866,0.011051548153860224,31.349265235795144,1.3862943611158907,0,2,5.6,0.00014583333333333335,-0.6,12.606030009436797,7.687330106547391,12.151241497778752,1.973237977715376,12.350348325151884,49.08478202504312,0.02411043871199947,21.235186174924998,1.7106664476008224,0.0,0.6,13,25.0
149,2,7,0.00018229166666666667,-2.0,11.457833853764843,11.361347918854275,10.73849046825531,0.04153957434102308,10.738570811474244,3.8444769650344326,0.38593137172135183,19.2339334246623,1.5498260458732018,0,2,8.6,0.00022395833333333333,-0.2,12.529269289217757,11.698700334312175,10.992116008520354,0.13054249870743856,10.993097701141851,-1.5750323238924833,0.5468665579181495,14.728973901001257,1.6980663747401785,0.2,0.4,13,25.0
149,3,0,0.0,0.0,0.0,0.0,0.0,0.0,0.0,0.0,0.0,0.0,0.0,0,0,0.0,0.0,0.0,0.0,0.0,0.0,0.0,0.0,0.0,0.0,0.0,0.0,0.0,0.0,13,25.0
149,4,0,0.0,0.0,0.0,0.0,0.0,0.0,0.0,0.0,0.0,0.0,0.0,0,0,0.0,0.0,0.0,0.0,0.0,0.0,0.0,0.0,0.0,0.0,0.0,0.0,0.0,0.0,13,25.0
149,5,0,0.0,0.0,0.0,0.0,0.0,0.0,0.0,0.0,0.0,0.0,0.0,0,0,0.0,0.0,0.0,0.0,0.0,0.0,0.0,0.0,0.0,0.0,0.0,0.0,0.0,0.0,13,25.0
150,0,5,0.00013020833333333333,0.0,2.708545666870313,1.9462016991273936,0.15753674368935533,-0.1088796093555219,0.1915009006392834,2.2468175650269746,0.640144712476961,37.33869973861236,1.6094379124291003,0,0,5.6,0.00014583333333333332,-0.2,2.8782232503137037,2.0700948582911476,1.1185986657235232,-0.16513048857425558,1.1409582691737215,0.4142273162782719,0.6784346139098842,34.46008690194674,1.7188308465048732,0.0,0.2,13,25.0
150,1,4,0.00010416666666666667,0.0,20.460184285060766,12.95505303179659,20.24184415990132,0.8726604194968361,20.260646366823728,39.264027100351456,0.012276929215681909,31.954493881363256,1.3862943611158907,0,0,5.2,0.00013541666666666666,-0.4,14.452067791821989,8.90971745761658,14.035430774380458,1.710085494915171,14.194482823195472,56.897992770003746,0.02277138435118977,23.894813301164845,1.6295734259795893,0.0,0.4,13,25.0
150,2,7,0.00018229166666666667,0.0,11.67613965397875,11.297146645618568,11.054460653132319,0.09714690259139294,11.054887509709618,5.45764500534765,0.32384002939405887,19.199059153366786,1.7478680974607577,0,0,8.2,0.00021354166666666665,-0.4,12.246493626028277,11.522727992987587,10.94022297659375,0.13676896993618157,10.94125152266057,-1.627709549903147,0.49107708959241714,15.782118531392143,1.7006147028409455,0.0,0.4,13,25.0
150,3,0,0.0,0.0,0.0,0.0,0.0,0.0,0.0,0.0,0.0,0.0,0.0,0,0,0.0,0.0,0.0,0.0,0.0,0.0,0.0,0.0,0.0,0.0,0.0,0.0,0.0,0.0,13,25.0
150,4,0,0.0,0.0,0.0,0.0,0.0,0.0,0.0,0.0,0.0,0.0,0.0,0,0,0.0,0.0,0.0,0.0,0.0,0.0,0.0,0.0,0.0,0.0,0.0,0.0,0.0,0.0,13,25.0
150,5,0,0.0,0.0,0.0,0.0,0.0,0.0,0.0,0.0,0.0,0.0,0.0,0,0,0.0,0.0,0.0,0.0,0.0,0.0,0.0,0.0,0.0,0.0,0.0,0.0,0.0,0.0,13,25.0
151,0,5,0.00013020833333333333,0.0,2.7581305368252154,1.9998875267731486,-0.003558110138419446,-0.048212180094906555,0.048343297955981725,1.2396217488725587,0.6113406229003988,37.926350455899936,1.6094379124291003,0,0,5.4,0.000140625,-0.2,2.827722551131616,2.04461650396616,0.7814163837299086,-0.14689199711305545,0.8130030979486319,0.007489363989440711,0.6637770871675227,35.47303940055804,1.6823665351462822,0.0,0.2,13,25.0
151,1,4,0.00010416666666666667,0.0,19.775656900648244,11.691118462412838,19.543402088172193,0.9951273132690135,19.56872105043115,-17.113184610313013,0.013083015388651198,32.16277822836491,1.3862943611158907,0,0,4.8,0.00012500000000000003,-0.4,16.1783239637727,9.877145928696882,15.817895135063342,1.4491495641947558,15.932828402172138,53.90345250914178,0.02018439199093549,26.589431449769016,1.5484804043583564,0.0,0.4,13,25.0
151,2,7,0.00018229166666666667,0.0,11.666288277839357,11.054889130471034,11.04774654815763,0.1246284922467774,11.048449486394393,-0.24628440348481842,0.3231268561064917,19.199411824227976,1.7478680974607577,0,0,7.8,0.00020312500000000002,-0.4,11.982908171106908,11.33780544621936,10.90498737936478,0.13232316194429256,10.905964368061344,-1.1479543432003667,0.43822650807112884,16.897731881029397,1.7031630309417125,0.0,0.4,13,25.0
151,3,0,0.0,0.0,0.0,0.0,0.0,0.0,0.0,0.0,0.0,0.0,0.0,0,0,0.0,0.0,0.0,0.0,0.0,0.0,0.0,0.0,0.0,0.0,0.0,0.0,0.0,0.0,13,25.0
151,4,0,0.0,0.0,0.0,0.0,0.0,0.0,0.0,0.0,0.0,0.0,0.0,0,0,0.0,0.0,0.0,0.0,0.0,0.0,0.0,0.0,0.0,0.0,0.0,0.0,0.0,0.0,13,25.0
151,5,0,0.0,0.0,0.0,0.0,0.0,0.0,0.0,0.0,0.0,0.0,0.0,0,0,0.0,0.0,0.0,0.0,0.0,0.0,0.0,0.0,0.0,0.0,0.0,0.0,0.0,0.0,13,25.0
152,0,5,0.00013020833333333333,0.0,2.757956421520008,2.019031308054788,-0.08303438203524957,-0.019673230919572227,0.08533313901873404,-0.004352882630182497,0.5980736082588654,38.22040006253096,1.6094379124291003,0,0,5.2,0.00013541666666666666,-0.2,2.7716353784953043,2.0132125736131137,0.4341028975969784,-0.11780518850950597,0.49771858886148995,-0.13217247236616014,0.647771845306431,36.52863743795094,1.6459022237876912,0.0,0.2,13,25.0
152,1,4,0.00010416666666666667,0.0,18.585443231477036,9.980382629451878,18.350154738593908,1.0770050205843198,18.381733290000273,-29.755341729280246,0.013526617847019473,32.21490077841423,1.3862943611158907,0,0,4.4,0.00011458333333333333,-0.4,17.698435235954626,10.514440008301943,17.40515857169747,1.1991965641968112,17.475053495130627,48.74983001492202,0.016717744782518463,29.28691449722755,1.4673873827371235,0.0,0.4,13,25.0
152,2,7,0.00018229166666666667,0.0,11.50568716512443,10.767157568627049,10.888612342230399,0.13808878117456397,10.889487924179836,-4.01502781787316,0.32552783319223644,19.205031767788814,1.7478680974607577,0,0,7.4,0.00019270833333333333,-0.4,11.739668026367523,11.157988344565144,10.884803376205388,0.12229101776135783,10.885633035580762,-0.6393215886507312,0.3871944200690214,18.045395381171936,1.7057113590424795,0.0,0.4,13,25.0
152,3,0,0.0,0.0,0.0,0.0,0.0,0.0,0.0,0.0,0.0,0.0,0.0,0,0,0.0,0.0,0.0,0.0,0.0,0.0,0.0,0.0,0.0,0.0,0.0,0.0,0.0,0.0,13,25.0
152,4,0,0.0,0.0,0.0,0.0,0.0,0.0,0.0,0.0,0.0,0.0,0.0,0,0,0.0,0.0,0.0,0.0,0.0,0.0,0.0,0.0,0.0,0.0,0.0,0.0,0.0,0.0,13,25.0
152,5,0,0.0,0.0,0.0,0.0,0.0,0.0,0.0,0.0,0.0,0.0,0.0,0,0,0.0,0.0,0.0,0.0,0.0,0.0,0.0,0.0,0.0,0.0,0.0,0.0,0.0,0.0,13,25.0
153,0,5,0.00013020833333333333,0.0,2.727539842006153,2.0097496182907655,-0.12163312829179848,-0.006925996931319833,0.12183015772599887,-0.7604144878463754,0.5916531461385391,38.36665850100729,1.6094379124291003,0,0,5.0,0.00013020833333333333,-0.2,2.714169086298185,1.9797511444218638,0.08618816185254644,-0.08367173977832719,0.196552994672466,-0.16665046138635592,0.6311402948081386,37.60486408017558,1.6094379124291003,0.0,0.2,13,25.0
153,1,4,0.00010416666666666667,0.0,17.387818602405307,8.465738616122607,17.1548149124739,1.1254354682689067,17.19169217018716,-29.940615726793208,0.013759252019323154,32.206901956503,1.3862943611158907,0,0,4.0,0.00010416666666666667,-0.4,19.019745244127613,10.868847854848461,18.79906057567181,0.9618111172420791,18.824493108969357,43.779798414698675,0.012739472524907192,31.97766801608811,1.3862943611158907,0.0,0.4,13,25.0
153,2,7,0.00018229166666666667,0.0,11.270829876328449,10.4691501424141,10.660520152351621,0.14449190553449087,10.66149932370959,-5.871432219899522,0.32724017533076877,19.20966360633512,1.7478680974607577,0,0,7.0,0.00018229166666666667,-0.4,11.515355765407165,10.989938281197006,10.877966032825457,0.10917913117764974,10.878579011093535,-0.16612449417508265,0.33713325314898157,19.2094199552762,1.7082596871432465,0.0,0.4,13,25.0
153,3,0,0.0,0.0,0.0,0.0,0.0,0.0,0.0,0.0,0.0,0.0,0.0,0,0,0.0,0.0,0.0,0.0,0.0,0.0,0.0,0.0,0.0,0.0,0.0,0.0,0.0,0.0,13,25.0
153,4,0,0.0,0.0,0.0,0.0,0.0,0.0,0.0,0.0,0.0,0.0,0.0,0,0,0.0,0.0,0.0,0.0,0.0,0.0,0.0,0.0,0.0,0.0,0.0,0.0,0.0,0.0,13,25.0
153,5,0,0.0,0.0,0.0,0.0,0.0,0.0,0.0,0.0,0.0,0.0,0.0,0,0,0.0,0.0,0.0,0.0,0.0,0.0,0.0,0.0,0.0,0.0,0.0,0.0,0.0,0.0,13,25.0
154,0,7,0.00018229166666666667,2.0,6.270127697378276,8.859932810402457,3.7994393030003306,1.1272333027004695,3.963129311024389,-28.53820551616072,0.9456853322178683,31.42451717348961,1.5498260458732018,2,0,5.4,0.000140625,0.4,3.444460032919993,3.3669605925297104,0.7497500852448435,0.1887084570798299,0.8820273612728773,-5.1633067145475495,0.6773794843985266,36.655325186308026,1.5975155391179205,0.4,0.0,13,25.0
154,1,4,0.00010416666666666667,0.0,22.533711415602156,12.795766644880665,22.412171501213138,1.1711368166729699,22.442749226490886,128.64732032992117,0.004907885558070646,32.29151423815514,1.3862943611158907,0,0,4.0,0.00010416666666666667,0.0,19.7485628870387,11.177611876932916,19.54047748007089,1.048273007658409,19.56910842078664,18.22044107277718,0.011510740005749276,32.16611781656011,1.3862943611158907,0.0,0.0,13,25.0
154,2,6,0.00015625,-1.0,13.209842963246508,11.758068046134158,12.868242578427129,0.06770468414045687,12.86842068715114,6.4204394303159305,0.13765567792566957,24.032922466672414,1.3296613488507583,0,1,6.8,0.00017708333333333332,-0.2,11.865757587303499,11.069282306652982,11.30391645485982,0.1144121531375365,11.304548986228916,0.3490679988812168,0.2874781143898451,20.169217763678223,1.6642267477387578,0.0,0.2,13,25.0
154,3,0,0.0,0.0,0.0,0.0,0.0,0.0,0.0,0.0,0.0,0.0,0.0,0,0,0.0,0.0,0.0,0.0,0.0,0.0,0.0,0.0,0.0,0.0,0.0,0.0,0.0,0.0,13,25.0
154,4,0,0.0,0.0,0.0,0.0,0.0,0.0,0.0,0.0,0.0,0.0,0.0,0,0,0.0,0.0,0.0,0.0,0.0,0.0,0.0,0.0,0.0,0.0,0.0,0.0,0.0,0.0,13,25.0
154,5,0,0.0,0.0,0.0,0.0,0.0,0.0,0.0,0.0,0.0,0.0,0.0,0,0,0.0,0.0,0.0,0.0,0.0,0.0,0.0,0.0,0.0,0.0,0.0,0.0,0.0,0.0,13,25.0
155,0,7,0.00018229166666666667,0.0,6.000537596993559,8.92734825907407,3.876548853361553,0.9228601640990125,3.9848841758550058,-6.739752509617895,0.7390747622119255,31.947961842915674,1.7478680974607577,0,0,5.8,0.00015104166666666667,0.4,4.102858418944642,4.763189904519046,1.4935525071792832,0.39505641177073675,1.6407040163160218,-6.960620729476522,0.6971654943455194,35.57717760716869,1.6252015761242522,0.4,0.0,13,25.0
155,1,4,0.00010416666666666667,0.0,23.955052594955504,13.4632065440225,23.86720791970537,1.162124555855269,23.895483827823373,35.53352948383373,0.0029196559834062663,32.29606649356863,1.3862943611158907,0,0,4.0,0.00010416666666666667,0.0,20.44753654901765,11.279242579378097,20.2655502320317,1.1061658349300956,20.29607591298657,17.474341549473635,0.009639285359294147,32.23443233900118,1.3862943611158907,0.0,0.0,13,25.0
155,2,6,0.00015625,0.0,13.43823638700627,11.948787863852834,12.812458438501515,0.06345525912215859,12.812615572483198,5.709835593994032,0.42204870651260984,23.70395722507244,1.3296613488507583,0,0,6.6,0.000171875,-0.2,12.218176933909003,11.199610550299834,11.65551601193366,0.10767382444368963,11.65609459878363,0.3995061166104934,0.3071198498135553,21.07019737801935,1.580585398016758,0.0,0.2,13,25.0
155,3,0,0.0,0.0,0.0,0.0,0.0,0.0,0.0,0.0,0.0,0.0,0.0,0,0,0.0,0.0,0.0,0.0,0.0,0.0,0.0,0.0,0.0,0.0,0.0,0.0,0.0,0.0,13,25.0
155,4,0,0.0,0.0,0.0,0.0,0.0,0.0,0.0,0.0,0.0,0.0,0.0,0,0,0.0,0.0,0.0,0.0,0.0,0.0,0.0,0.0,0.0,0.0,0.0,0.0,0.0,0.0,13,25.0
155,5,0,0.0,0.0,0.0,0.0,0.0,0.0,0.0,0.0,0.0,0.0,0.0,0,0,0.0,0.0,0.0,0.0,0.0,0.0,0.0,0.0,0.0,0.0,0.0,0.0,0.0,0.0,13,25.0
156,0,7,0.00018229166666666667,0.0,5.902758767840394,8.707872224261523,3.846808151202403,0.8153079587801092,3.9322588953179873,-2.4444707288291405,0.6214730171696246,32.29549177996489,1.7478680974607577,0,0,6.2,0.00016145833333333336,0.4,4.731784065147679,6.10478684401672,2.2636257594474474,0.5677604395457398,2.4174871357884227,-7.697439225016862,0.6991919731993645,34.45100587198168,1.6528876131305836,0.4,0.0,13,25.0
156,1,4,0.00010416666666666667,0.0,23.84457083551632,12.805923699602388,23.770566496612346,1.1370331044302064,23.79774518416481,-2.762043985979634,0.0022438575637490077,32.25801334440305,1.3862943611158907,0,0,4.0,0.00010416666666666667,0.0,21.261319335991267,11.502203626816009,21.110983113719733,1.1345469931623342,21.141880739733303,20.344569674340313,0.00747145379431371,32.25347936220881,1.3862943611158907,0.0,0.0,13,25.0
156,2,6,0.00015625,0.0,13.41628026586685,11.820597429652642,12.610382180684104,0.062363866053429216,12.610536388064716,-0.5489030284855266,0.44783053468769407,23.54184486586291,1.3296613488507583,0,0,6.4,0.0001666666666666667,-0.2,12.568175331514501,11.352752210136156,11.968043138438953,0.09522089920501998,11.968511979117697,0.3389823916103518,0.3320605855297957,21.93868398634634,1.496944048294758,0.0,0.2,13,25.0
156,3,0,0.0,0.0,0.0,0.0,0.0,0.0,0.0,0.0,0.0,0.0,0.0,0,0,0.0,0.0,0.0,0.0,0.0,0.0,0.0,0.0,0.0,0.0,0.0,0.0,0.0,0.0,13,25.0
156,4,0,0.0,0.0,0.0,0.0,0.0,0.0,0.0,0.0,0.0,0.0,0.0,0,0,0.0,0.0,0.0,0.0,0.0,0.0,0.0,0.0,0.0,0.0,0.0,0.0,0.0,0.0,13,25.0
156,5,0,0.0,0.0,0.0,0.0,0.0,0.0,0.0,0.0,0.0,0.0,0.0,0,0,0.0,0.0,0.0,0.0,0.0,0.0,0.0,0.0,0.0,0.0,0.0,0.0,0.0,0.0,13,25.0
157,0,7,0.00018229166666666667,0.0,5.837442766722872,8.37917687672721,3.763466222837797,0.7399059052660097,3.8355102345175025,-1.6329000279380297,0.6363177423294377,32.48332945523172,1.7478680974607577,0,0,6.6,0.000171875,0.4,5.34768133418825,7.376815957751205,3.0329258804220567,0.7196762667828563,3.1675225548881767,-8.023148654078433,0.706840800013479,33.30359175052183,1.680573650136915,0.4,0.0,13,25.0
157,1,4,0.00010416666666666667,0.0,23.140022886456304,11.76927385935053,23.072882834485032,1.1083146770850119,23.099486654844,-17.61369872650038,0.0019647860204751177,32.206041561410444,1.3862943611158907,0,0,4.0,0.00010416666666666667,0.0,22.172235266987116,11.859981872795737,22.055528732897955,1.1408089244624726,22.085431412702047,22.772898274896285,0.005159087429004838,32.251707518808054,1.3862943611158907,0.0,0.0,13,25.0
157,2,6,0.00015625,0.0,13.231020677861416,11.587035321439064,12.342906030895326,0.06261359255480341,12.343064844255046,-4.631489700135817,0.4635896975329775,23.46140737866234,1.3296613488507583,0,0,6.2,0.00016145833333333333,-0.2,12.913242034061899,11.51672776069856,12.258901876171938,0.08012586148106787,12.259227363132739,0.21569001515782044,0.359672958397944,22.789959108521046,1.4133026985727581,0.0,0.2,13,25.0
157,3,0,0.0,0.0,0.0,0.0,0.0,0.0,0.0,0.0,0.0,0.0,0.0,0,0,0.0,0.0,0.0,0.0,0.0,0.0,0.0,0.0,0.0,0.0,0.0,0.0,0.0,0.0,13,25.0
157,4,0,0.0,0.0,0.0,0.0,0.0,0.0,0.0,0.0,0.0,0.0,0.0,0,0,0.0,0.0,0.0,0.0,0.0,0.0,0.0,0.0,0.0,0.0,0.0,0.0,0.0,0.0,13,25.0
157,5,0,0.0,0.0,0.0,0.0,0.0,0.0,0.0,0.0,0.0,0.0,0.0,0,0,0.0,0.0,0.0,0.0,0.0,0.0,0.0,0.0,0.0,0.0,0.0,0.0,0.0,0.0,13,25.0
158,0,7,0.00018229166666666667,0.0,5.71057212826811,8.054430642471564,3.6558206084357527,0.6802862592478695,3.718576840080761,-3.171765961369069,0.6345917535374617,32.58186675505952,1.7478680974607577,0,0,7.0,0.00018229166666666667,0.4,5.944287791440642,8.585752162587365,3.7884166277675675,0.8571187180186941,3.886871891359129,-8.505418948782971,0.7154285214932636,32.14663340133228,1.7082596871432465,0.4,0.0,13,25.0
158,1,4,0.00010416666666666667,0.0,22.24035860945353,10.707727549497791,22.17718661856953,1.0797189161738652,22.20345466932574,-22.49160692506932,0.0018372995521809266,32.153409044265864,1.3862943611158907,0,0,4.0,0.00010416666666666667,0.0,23.142743268396764,12.308379659470775,23.060003074117084,1.1316656140434642,23.087783912529762,24.26270003524106,0.002774696935576393,32.24100893636062,1.3862943611158907,0.0,0.0,13,25.0
158,2,6,0.00015625,0.0,12.967746201495126,11.311065856587136,12.049348914221513,0.0633554583270161,12.049515474522241,-6.581861909157226,0.4720901589748432,23.421431573779696,1.3296613488507583,0,0,6.0,0.00015625,-0.2,13.252625299095234,11.685110903533166,12.536667628545917,0.06389857203957293,12.536830593295269,0.07360407730627969,0.38864295512675884,23.632312702009962,1.3296613488507583,0.0,0.2,13,25.0
158,3,0,0.0,0.0,0.0,0.0,0.0,0.0,0.0,0.0,0.0,0.0,0.0,0,0,0.0,0.0,0.0,0.0,0.0,0.0,0.0,0.0,0.0,0.0,0.0,0.0,0.0,0.0,13,25.0
158,4,0,0.0,0.0,0.0,0.0,0.0,0.0,0.0,0.0,0.0,0.0,0.0,0,0,0.0,0.0,0.0,0.0,0.0,0.0,0.0,0.0,0.0,0.0,0.0,0.0,0.0,0.0,13,25.0
158,5,0,0.0,0.0,0.0,0.0,0.0,0.0,0.0,0.0,0.0,0.0,0.0,0,0,0.0,0.0,0.0,0.0,0.0,0.0,0.0,0.0,0.0,0.0,0.0,0.0,0.0,0.0,13,25.0
159,0,7,0.00018229166666666667,0.0,2.245678272815831,3.0948830810034083,0.454153980653187,-1.2005192433010354,1.283550658010515,-2.1608005999619233,0.5902872670165735,34.03007200416714,1.7478680974607577,1,1,7.0,0.00018229166666666667,0.0,5.139397906528153,7.432742216707555,3.1193595632981386,0.39156820881839316,3.350956160756354,-3.229937965543212,0.6443489084530045,32.66774436746779,1.7478680974607577,0.2,0.2,13,25.0
159,1,4,0.00010416666666666667,0.0,22.824819197468333,14.338321508745045,22.36668529748834,2.292199196797454,22.483833933621728,83.40101083663136,0.03514237363436423,32.114440143118884,1.3862943611158907,1,1,4.0,0.00010416666666666667,0.0,23.200964824769997,12.61689063224365,23.05090583337212,1.355878090068361,23.09600085395593,15.213438136583097,0.00882159455083511,32.20559411735337,1.3862943611158907,0.2,0.2,13,25.0
159,2,7,0.00018229166666666667,1.0,14.021615740999707,14.37966623518856,13.153086392738174,-0.25576898734947656,13.155572941902754,8.820225137051908,0.7629459028663448,18.873825431064155,1.5498260458732018,2,1,6.2,0.00016145833333333333,0.2,13.414979854645875,12.209430541344048,12.593636391408126,-0.0007961622584137573,12.59426104424559,0.5535612186534753,0.5137010001148938,22.60049329488831,1.373694288255247,0.4,0.2,13,25.0
159,3,0,0.0,0.0,0.0,0.0,0.0,0.0,0.0,0.0,0.0,0.0,0.0,0,0,0.0,0.0,0.0,0.0,0.0,0.0,0.0,0.0,0.0,0.0,0.0,0.0,0.0,0.0,13,25.0
159,4,0,0.0,0.0,0.0,0.0,0.0,0.0,0.0,0.0,0.0,0.0,0.0,0,0,0.0,0.0,0.0,0.0,0.0,0.0,0.0,0.0,0.0,0.0,0.0,0.0,0.0,0.0,13,25.0
159,5,0,0.0,0.0,0.0,0.0,0.0,0.0,0.0,0.0,0.0,0.0,0.0,0,0,0.0,0.0,0.0,0.0,0.0,0.0,0.0,0.0,0.0,0.0,0.0,0.0,0.0,0.0,13,25.0
160,0,7,0.00018229166666666667,0.0,2.3084157784270753,3.0955403134171253,0.2083968604523039,-1.1032188028550014,1.1227292542813692,1.5684376402811007,0.65909597172699,34.75929494662267,1.7478680974607577,0,0,7.0,0.00018229166666666667,0.0,4.400973542814857,6.266380627576166,2.3857291647162886,-0.013647584572409555,2.7785251764416268,-1.5682999355634133,0.6283531503560175,33.23001098820919,1.7478680974607577,0.2,0.2,13,25.0
160,1,4,0.00010416666666666667,0.0,23.422483293287463,14.587677279769338,22.935929562063617,2.552195907633493,23.077490522734156,14.94160239547832,0.035505652262668885,32.02033265305919,1.3862943611158907,0,0,4.0,0.00010416666666666667,0.0,23.09445096443639,12.841784779393018,22.864650161843773,1.6338923604240059,22.93240219293809,11.095052718912013,0.015338793806687633,32.150447349251486,1.3862943611158907,0.2,0.2,13,25.0
160,2,7,0.00018229166666666667,0.0,14.05248032969591,14.32266252013884,13.235247438093316,-0.3313947814903047,13.23939565270087,0.7716147174051411,0.8512734008070821,18.888597318609946,1.7478680974607577,0,0,6.4,0.0001666666666666667,0.2,13.537828643183804,12.68420547260125,12.678194191326487,-0.07976617038090641,12.679617060289125,-0.43408295666430285,0.5995459389737883,21.63742131359581,1.457335637977247,0.4,0.2,13,25.0
160,3,0,0.0,0.0,0.0,0.0,0.0,0.0,0.0,0.0,0.0,0.0,0.0,0,0,0.0,0.0,0.0,0.0,0.0,0.0,0.0,0.0,0.0,0.0,0.0,0.0,0.0,0.0,13,25.0
160,4,0,0.0,0.0,0.0,0.0,0.0,0.0,0.0,0.0,0.0,0.0,0.0,0,0,0.0,0.0,0.0,0.0,0.0,0.0,0.0,0.0,0.0,0.0,0.0,0.0,0.0,0.0,13,25.0
160,5,0,0.0,0.0,0.0,0.0,0.0,0.0,0.0,0.0,0.0,0.0,0.0,0,0,0.0,0.0,0.0,0.0,0.0,0.0,0.0,0.0,0.0,0.0,0.0,0.0,0.0,0.0,13,25.0
161,0,7,0.00018229166666666667,0.0,2.336946416464364,3.102889082710054,0.08813567308242452,-1.041292809981606,1.0450160826461383,0.7132659509322197,0.6932963680313344,34.98423743757015,1.7478680974607577,0,0,7.0,0.00018229166666666667,0.0,3.6878110725396502,5.1453839992658725,1.6339946690922929,-0.3849677383247526,2.201076613907257,-0.9367525996111411,0.6427178205283595,33.76776011973024,1.7478680974607577,0.2,0.2,13,25.0
161,1,4,0.00010416666666666667,0.0,23.16884459796383,14.160758959521383,22.674827466123215,2.626739000959818,22.82646618286806,-6.340967383090907,0.035600506444213975,31.946919462008694,1.3862943611158907,0,0,4.0,0.00010416666666666667,0.0,22.95930571692589,13.112751831376817,22.645502355745947,1.9318335397299282,22.738146392678736,10.37926803948976,0.02201012358278063,32.08822857277262,1.3862943611158907,0.2,0.2,13,25.0
161,2,7,0.00018229166666666667,0.0,13.888558817417747,14.069269957171784,13.087415711459878,-0.361643403804064,13.092411388131746,-4.098037806954077,0.8557100662062224,18.904814923670813,1.7478680974607577,0,0,6.6,0.000171875,0.2,13.632284353493981,13.133939978105076,12.773600897481643,-0.16456762435240507,12.775992060302531,-1.1439099123580128,0.6811218452774941,20.71001532515739,1.5409769876992467,0.4,0.2,13,25.0
161,3,0,0.0,0.0,0.0,0.0,0.0,0.0,0.0,0.0,0.0,0.0,0.0,0,0,0.0,0.0,0.0,0.0,0.0,0.0,0.0,0.0,0.0,0.0,0.0,0.0,0.0,0.0,13,25.0
161,4,0,0.0,0.0,0.0,0.0,0.0,0.0,0.0,0.0,0.0,0.0,0.0,0,0,0.0,0.0,0.0,0.0,0.0,0.0,0.0,0.0,0.0,0.0,0.0,0.0,0.0,0.0,13,25.0
161,5,0,0.0,0.0,0.0,0.0,0.0,0.0,0.0,0.0,0.0,0.0,0.0,0,0,0.0,0.0,0.0,0.0,0.0,0.0,0.0,0.0,0.0,0.0,0.0,0.0,0.0,0.0,13,25.0
162,0,7,0.00018229166666666667,0.0,2.3278209587867247,3.0769799549775056,0.02993923708645068,-0.9974076353535338,0.9978568780034773,-0.22813644194098126,0.7089847349080762,35.09681020339677,1.7478680974607577,0,0,7.0,0.00018229166666666667,0.0,2.985886710952421,4.084944614915932,0.8872892719420236,-0.7324304464486613,1.6335459426044523,-0.6557998824117315,0.6572512190440871,34.29045626936325,1.7478680974607577,0.2,0.2,13,25.0
162,1,4,0.00010416666666666667,0.0,22.55802431900689,13.497484516260306,22.066210389858178,2.617401293468542,22.22090075808215,-15.270506973923547,0.035653761269479056,31.88915223318189,1.3862943611158907,0,0,4.0,0.00010416666666666667,0.0,22.84290600343601,13.458393962758771,22.444167866820578,2.233650863006634,22.562429213326364,10.847906390005127,0.028747918632581415,32.0248507071269,1.3862943611158907,0.2,0.2,13,25.0
162,2,7,0.00018229166666666667,0.0,13.6216047227198,13.741455227774141,12.834078363869079,-0.3699414138695361,12.839409024547361,-6.67385236744871,0.8426123269656693,18.87870478690096,1.7478680974607577,0,0,6.8,0.00017708333333333332,0.2,13.710401162465658,13.564823959372092,12.871835364076393,-0.25107862563727296,12.875260896360993,-1.5523824458205913,0.7569263711640323,19.793474806805115,1.6246183374212468,0.4,0.2,13,25.0
162,3,0,0.0,0.0,0.0,0.0,0.0,0.0,0.0,0.0,0.0,0.0,0.0,0,0,0.0,0.0,0.0,0.0,0.0,0.0,0.0,0.0,0.0,0.0,0.0,0.0,0.0,0.0,13,25.0
162,4,0,0.0,0.0,0.0,0.0,0.0,0.0,0.0,0.0,0.0,0.0,0.0,0,0,0.0,0.0,0.0,0.0,0.0,0.0,0.0,0.0,0.0,0.0,0.0,0.0,0.0,0.0,13,25.0
162,5,0,0.0,0.0,0.0,0.0,0.0,0.0,0.0,0.0,0.0,0.0,0.0,0,0,0.0,0.0,0.0,0.0,0.0,0.0,0.0,0.0,0.0,0.0,0.0,0.0,0.0,0.0,13,25.0
163,0,7,0.00018229166666666667,0.0,2.296160594562053,3.02715914038853,0.002394691335378079,-0.9629342998500715,0.9629372774871368,-0.7915091056167964,0.7163219371354754,35.15251021028286,1.7478680974607577,0,0,7.0,0.00018229166666666667,0.0,2.3030044042112094,3.0794903144993246,0.15660408852194868,-1.0610745582682495,1.0824180300857271,-0.17974851126127683,0.6735972557636899,34.80458496040792,1.7478680974607577,0.2,0.2,13,25.0
163,1,4,0.00010416666666666667,0.0,21.816838843627632,12.78507101761577,21.332003359543624,2.5704729453965314,21.48631421381052,-18.52963688448136,0.03568491128950246,31.84229505429604,1.3862943611158907,0,0,4.0,0.00010416666666666667,0.0,22.75820205027083,13.873862656382368,22.275131215015396,2.531801668851167,22.419001122223325,11.640300398122719,0.03551744098004572,31.96262790913294,1.3862943611158907,0.2,0.2,13,25.0
163,2,7,0.00018229166666666667,0.0,13.30604736144169,13.385413397967621,12.533810836239976,-0.36772919071635396,12.539204075073966,-7.888934031952756,0.8321288258308223,18.869876456950568,1.7478680974607577,0,0,7.0,0.00018229166666666667,0.2,13.778061394454971,13.97969346764819,12.968727748480086,-0.33729555544594697,12.97319861647134,-1.8137968703796972,0.8289341045352282,18.883163783439286,1.7082596871432465,0.4,0.2,13,25.0
163,3,0,0.0,0.0,0.0,0.0,0.0,0.0,0.0,0.0,0.0,0.0,0.0,0,0,0.0,0.0,0.0,0.0,0.0,0.0,0.0,0.0,0.0,0.0,0.0,0.0,0.0,0.0,13,25.0
163,4,0,0.0,0.0,0.0,0.0,0.0,0.0,0.0,0.0,0.0,0.0,0.0,0,0,0.0,0.0,0.0,0.0,0.0,0.0,0.0,0.0,0.0,0.0,0.0,0.0,0.0,0.0,13,25.0
163,5,0,0.0,0.0,0.0,0.0,0.0,0.0,0.0,0.0,0.0,0.0,0.0,0,0,0.0,0.0,0.0,0.0,0.0,0.0,0.0,0.0,0.0,0.0,0.0,0.0,0.0,0.0,13,25.0
164,0,7,0.00018229166666666667,0.0,14.071325085205846,21.896337941649136,11.501457876499925,-0.19765903945476232,11.503156192140501,257.7757155112019,0.34333227152281875,36.98231069462164,1.7478680974607577,1,1,7.0,0.00018229166666666667,0.0,4.668133766689213,6.839781286628471,2.3660648676912963,-0.8605025174989949,3.1263391369117244,51.80755471097149,0.6242062566649389,35.39503269849882,1.7478680974607577,0.2,0.2,13,25.0
164,1,8,0.00020833333333333335,4.0,15.815557676775587,12.36278358923262,15.393114735176301,1.7984084529230295,15.497814497981539,-19.916170584125922,0.043533208989650074,22.519950739015677,2.079441541671836,4,0,4.8,0.00012500000000000003,0.8,21.35634974613228,13.478755072479885,20.88041710255299,2.433043520076283,21.021797235095285,-9.023135886028737,0.03719560805110289,30.043730028312304,1.5249237972270797,0.8,0.0,13,25.0
164,2,8,0.00020833333333333335,1.0,8.373328313413182,10.962574528611206,6.852149570844197,-0.8659187290168026,6.906646725183096,3.3648734370091433,0.7442089540201622,16.50442185177917,1.9061547465328494,2,1,7.2,0.0001875,0.2,12.648403908937667,13.29627512633272,11.708540384101289,-0.45932550377941217,11.723413373127407,-2.90486721038825,0.8251867147659917,18.40928306758229,1.779525427275176,0.4,0.2,13,25.0
164,3,0,0.0,0.0,0.0,0.0,0.0,0.0,0.0,0.0,0.0,0.0,0.0,0,0,0.0,0.0,0.0,0.0,0.0,0.0,0.0,0.0,0.0,0.0,0.0,0.0,0.0,0.0,13,25.0
164,4,0,0.0,0.0,0.0,0.0,0.0,0.0,0.0,0.0,0.0,0.0,0.0,0,0,0.0,0.0,0.0,0.0,0.0,0.0,0.0,0.0,0.0,0.0,0.0,0.0,0.0,0.0,13,25.0
164,5,0,0.0,0.0,0.0,0.0,0.0,0.0,0.0,0.0,0.0,0.0,0.0,0,0,0.0,0.0,0.0,0.0,0.0,0.0,0.0,0.0,0.0,0.0,0.0,0.0,0.0,0.0,13,25.0
165,0,7,0.00018229166666666667,0.0,15.236697189927124,24.391049983589017,12.489041096553754,-0.5433716207905803,12.500855979879505,29.13430261803196,0.3457528553899959,36.870112976362336,1.7478680974607577,0,0,7.0,0.00018229166666666667,0.0,7.253790048989222,11.098883220662849,4.822193714911586,-0.7485330810861106,5.401964482031351,57.32072770652165,0.5615376333975401,35.81719630444675,1.7478680974607577,0.2,0.2,13,25.0
165,1,8,0.00020833333333333335,0.0,15.457753348086749,12.127199023584836,14.970349150932403,1.7822097709177867,15.076061334724576,-8.945108217220954,0.046847767374354365,23.872283546660064,1.9061547465328494,0,0,5.6,0.00014583333333333335,0.8,19.76340375709214,12.986659421242985,19.287301020326744,2.2790462927331414,19.42151139749337,-13.800478008568593,0.03946403107343999,28.41412020703247,1.6288958743104716,0.8,0.0,13,25.0
165,2,8,0.00020833333333333335,0.0,8.406211217619433,11.039123175469703,6.794068315342255,-0.8393053731878559,6.8457138256722025,0.8220726051563068,0.6900853190328788,16.515244541297534,1.9061547465328494,0,0,7.4,0.00019270833333333333,0.2,11.51915008652237,12.639567257398891,10.420304559551077,-0.5609076221189224,10.444677007721674,-2.894775632838017,0.792949098411151,17.93461251211981,1.8111827570895944,0.4,0.2,13,25.0
165,3,0,0.0,0.0,0.0,0.0,0.0,0.0,0.0,0.0,0.0,0.0,0.0,0,0,0.0,0.0,0.0,0.0,0.0,0.0,0.0,0.0,0.0,0.0,0.0,0.0,0.0,0.0,13,25.0
165,4,0,0.0,0.0,0.0,0.0,0.0,0.0,0.0,0.0,0.0,0.0,0.0,0,0,0.0,0.0,0.0,0.0,0.0,0.0,0.0,0.0,0.0,0.0,0.0,0.0,0.0,0.0,13,25.0
165,5,0,0.0,0.0,0.0,0.0,0.0,0.0,0.0,0.0,0.0,0.0,0.0,0,0,0.0,0.0,0.0,0.0,0.0,0.0,0.0,0.0,0.0,0.0,0.0,0.0,0.0,0.0,13,25.0
166,0,7,0.00018229166666666667,0.0,14.437280011898933,22.72509634189109,11.758716551275352,-0.2471217919381508,11.761313026753758,-19.9854294507048,0.35100322274403384,36.79684275431684,1.7478680974607577,0,0,7.0,0.00018229166666666667,0.0,9.673856768076137,15.023324672499054,7.156309890550172,-0.5896988774774197,7.545223870852875,53.18098862619426,0.49307900434008,36.17971736779609,1.7478680974607577,0.2,0.2,13,25.0
166,1,8,0.00020833333333333335,0.0,15.050396597220296,11.73649399358843,14.522513512882043,1.768458530649621,14.629793037034698,-10.183918771661343,0.04937798801453874,24.575479816919128,1.9061547465328494,0,0,6.4,0.0001666666666666667,0.8,18.13971415694343,12.501806428056392,17.65683822967851,2.1073901986711023,17.7821767683267,-14.56906828628268,0.04221952738750494,26.939832278014556,1.7328679513938632,0.8,0.0,13,25.0
166,2,8,0.00020833333333333335,0.0,8.322687101961252,10.927172533344953,6.675024841159675,-0.8121314708423459,6.724248222368899,-2.0881028914545143,0.6572323513550462,16.516965175480795,2.079441541671836,0,0,7.6,0.0001979166666666667,0.2,10.405975743431073,12.011147772633525,9.137826385491037,-0.6510052355265789,9.171044374569103,-2.4927886497381047,0.7532535554409158,17.45704256248181,1.8774974459318101,0.4,0.2,13,25.0
166,3,0,0.0,0.0,0.0,0.0,0.0,0.0,0.0,0.0,0.0,0.0,0.0,0,0,0.0,0.0,0.0,0.0,0.0,0.0,0.0,0.0,0.0,0.0,0.0,0.0,0.0,0.0,13,25.0
166,4,0,0.0,0.0,0.0,0.0,0.0,0.0,0.0,0.0,0.0,0.0,0.0,0,0,0.0,0.0,0.0,0.0,0.0,0.0,0.0,0.0,0.0,0.0,0.0,0.0,0.0,0.0,13,25.0
166,5,0,0.0,0.0,0.0,0.0,0.0,0.0,0.0,0.0,0.0,0.0,0.0,0,0,0.0,0.0,0.0,0.0,0.0,0.0,0.0,0.0,0.0,0.0,0.0,0.0,0.0,0.0,13,25.0
167,0,7,0.00018229166666666667,0.0,13.261735615567991,20.336105752539588,10.711069600176932,0.13496384065625072,10.711919866117329,-29.388609908273498,0.35431431313953454,36.7780225096698,1.7478680974607577,0,0,7.0,0.00018229166666666667,0.0,11.860639699432388,18.47514983201147,9.292535963168268,-0.3632245822754628,9.488036468475645,47.34889393292775,0.42214491998637166,36.5159598290507,1.7478680974607577,0.2,0.2,13,25.0
167,1,8,0.00020833333333333335,0.0,14.623274465234134,11.29780023210647,14.078899507326161,1.7468292217799721,14.186853903084124,-10.678053299654046,0.05088728743150206,24.932376438403814,1.9061547465328494,0,0,7.2,0.0001875,0.8,16.55276418618888,12.061869571225625,16.059376053172105,1.933275784333388,16.17536739732709,-13.650577551428778,0.045266232619909544,25.548477119058944,1.8368400284772552,0.8,0.0,13,25.0
167,2,8,0.00020833333333333335,0.0,8.180337721330508,10.726900038256108,6.529721659545585,-0.7902497759078357,6.577367228569584,-3.558734515768604,0.6423490949391049,16.522006872994723,2.079441541671836,0,0,7.8,0.00020312500000000002,0.2,9.317722343153212,11.408236734729918,7.876955044626337,-0.7350669079342387,7.918636015373549,-1.8697650794020837,0.7132009090356028,16.985702979700555,1.9438121347740256,0.4,0.2,13,25.0
167,3,0,0.0,0.0,0.0,0.0,0.0,0.0,0.0,0.0,0.0,0.0,0.0,0,0,0.0,0.0,0.0,0.0,0.0,0.0,0.0,0.0,0.0,0.0,0.0,0.0,0.0,0.0,13,25.0
167,4,0,0.0,0.0,0.0,0.0,0.0,0.0,0.0,0.0,0.0,0.0,0.0,0,0,0.0,0.0,0.0,0.0,0.0,0.0,0.0,0.0,0.0,0.0,0.0,0.0,0.0,0.0,13,25.0
167,5,0,0.0,0.0,0.0,0.0,0.0,0.0,0.0,0.0,0.0,0.0,0.0,0,0,0.0,0.0,0.0,0.0,0.0,0.0,0.0,0.0,0.0,0.0,0.0,0.0,0.0,0.0,13,25.0
168,0,7,0.00018229166666666667,0.0,12.134052035464922,18.12662725639567,9.717482142312846,0.4656269919163835,9.728631336512356,-28.192089502576767,0.3561595705874582,36.77622961478376,1.7478680974607577,0,0,7.0,0.00018229166666666667,0.0,13.828217987612964,21.4950434552129,11.23555345336376,-0.07751232392217175,11.24117528028069,41.868777853535754,0.3501124466767683,36.84070370995088,1.7478680974607577,0.2,0.2,13,25.0
168,1,8,0.00020833333333333335,0.0,14.19582703663016,10.857137475682908,13.649415506651179,1.7197953839733287,13.757334038102936,-10.686185715099384,0.05171235950224673,25.108139403444206,1.9061547465328494,0,0,8.0,0.00020833333333333335,0.8,15.028561824789383,11.676282862839052,14.522858482593616,1.7631402720487472,14.629571362185576,-12.081887317552383,0.0484717222624584,24.20164598888858,1.9408121055606469,0.8,0.0,13,25.0
168,2,8,0.00020833333333333335,0.0,8.009274297265934,10.48855245644182,6.374509932322943,-0.7711790112846748,6.420988548870793,-4.276585601614341,0.6354998306273398,16.52808305931412,2.079441541671836,0,0,8.0,0.00020833333333333335,0.2,8.258367730318062,10.828864546424757,6.645094863842931,-0.8157568720479029,6.694992910132915,-1.1472953933344008,0.6738751099949064,16.51734430017327,2.010126823616241,0.4,0.2,13,25.0
168,3,0,0.0,0.0,0.0,0.0,0.0,0.0,0.0,0.0,0.0,0.0,0.0,0,0,0.0,0.0,0.0,0.0,0.0,0.0,0.0,0.0,0.0,0.0,0.0,0.0,0.0,0.0,13,25.0
168,4,0,0.0,0.0,0.0,0.0,0.0,0.0,0.0,0.0,0.0,0.0,0.0,0,0,0.0,0.0,0.0,0.0,0.0,0.0,0.0,0.0,0.0,0.0,0.0,0.0,0.0,0.0,13,25.0
168,5,0,0.0,0.0,0.0,0.0,0.0,0.0,0.0,0.0,0.0,0.0,0.0,0,0,0.0,0.0,0.0,0.0,0.0,0.0,0.0,0.0,0.0,0.0,0.0,0.0,0.0,0.0,13,25.0
169,0,8,0.00020833333333333335,1.0,11.318372425426904,16.367669609423054,8.227514855470524,1.1809369002166736,8.311835697322314,1.180238114546795,0.531566062585374,34.60210366252802,1.7328679513938632,1,0,7.2,0.0001875,0.2,13.277627455657177,20.389309788767683,10.580764849157882,0.19820686401211543,10.602911181317053,-9.450317625795261,0.3877592048892793,36.36466230353216,1.7448680682473785,0.2,0.0,13,25.0
169,1,5,0.00013020833333333333,-3.0,21.650786758977706,10.76632490794787,21.477148021529818,0.6675919188574232,21.487521171806343,58.32656526311509,0.014552054439921358,25.386405243610362,1.6094379124291003,0,3,7.4,0.00019270833333333333,-0.6,16.19560764122981,11.356991126582104,15.73966513986432,1.5369769652356262,15.827512696950535,3.5666598518958197,0.042675491352512654,24.774936889807513,1.8468113797120995,0.0,0.6,13,25.0
169,2,8,0.00020833333333333335,0.0,10.671648085946327,11.6110335208489,9.523600159779948,-0.7914597134527979,9.556430739631791,-22.564504811611478,0.6057324066603835,15.43371772771936,1.9061547465328494,1,1,8.0,0.00020833333333333335,0.0,8.718031684824691,10.958556344872298,7.179384981630081,-0.800865068935102,7.224949713022653,-6.333171043058525,0.6461798005229507,16.303203475361308,2.0101268236162415,0.2,0.2,13,25.0
169,3,0,0.0,0.0,0.0,0.0,0.0,0.0,0.0,0.0,0.0,0.0,0.0,0,0,0.0,0.0,0.0,0.0,0.0,0.0,0.0,0.0,0.0,0.0,0.0,0.0,0.0,0.0,13,25.0
169,4,0,0.0,0.0,0.0,0.0,0.0,0.0,0.0,0.0,0.0,0.0,0.0,0,0,0.0,0.0,0.0,0.0,0.0,0.0,0.0,0.0,0.0,0.0,0.0,0.0,0.0,0.0,13,25.0
169,5,0,0.0,0.0,0.0,0.0,0.0,0.0,0.0,0.0,0.0,0.0,0.0,0,0,0.0,0.0,0.0,0.0,0.0,0.0,0.0,0.0,0.0,0.0,0.0,0.0,0.0,0.0,13,25.0
170,0,8,0.00020833333333333335,0.0,11.011739293736987,15.259914697651283,8.030796950946705,1.6737865929623201,8.203368894918436,-7.665828292247971,0.3531534328815308,35.48769057276047,1.7328679513938632,0,0,7.4,0.00019270833333333333,0.2,12.432635876419146,18.563082731580135,9.689116020036472,0.6416385067626955,9.743413764324838,-16.810343807851247,0.3892393203875863,36.08817782281178,1.741868039034,0.2,0.0,13,25.0
170,1,5,0.00013020833333333333,0.0,22.470931249998834,10.665296690460762,22.316963680366854,0.5771009238450092,22.324424144580213,20.503612275528216,0.009987078164845231,25.763266156759176,1.6094379124291003,0,0,6.8,0.00017708333333333335,-0.6,17.598243221612226,11.064610659957287,17.20898804575121,1.2959551958210707,17.277185258921666,9.456403950445653,0.03530335351061083,25.153133411827337,1.7874680128913496,0.0,0.6,13,25.0
170,2,8,0.00020833333333333335,0.0,10.169385895489826,11.201148097474919,9.158883548039956,-0.6770423901280269,9.183873596940849,-12.5565547614125,0.4562395207961707,15.022188813933784,2.079441541671836,0,0,8.0,0.00020833333333333335,0.0,9.070666620398768,10.99096132927334,7.652348028169621,-0.7684124723231361,7.692581667276383,-9.008896516372285,0.599410640875609,16.00459232988856,2.0447841826440385,0.2,0.2,13,25.0
170,3,0,0.0,0.0,0.0,0.0,0.0,0.0,0.0,0.0,0.0,0.0,0.0,0,0,0.0,0.0,0.0,0.0,0.0,0.0,0.0,0.0,0.0,0.0,0.0,0.0,0.0,0.0,13,25.0
170,4,0,0.0,0.0,0.0,0.0,0.0,0.0,0.0,0.0,0.0,0.0,0.0,0,0,0.0,0.0,0.0,0.0,0.0,0.0,0.0,0.0,0.0,0.0,0.0,0.0,0.0,0.0,13,25.0
170,5,0,0.0,0.0,0.0,0.0,0.0,0.0,0.0,0.0,0.0,0.0,0.0,0,0,0.0,0.0,0.0,0.0,0.0,0.0,0.0,0.0,0.0,0.0,0.0,0.0,0.0,0.0,13,25.0
171,0,8,0.00020833333333333335,0.0,10.554222750230227,14.124970434731349,7.646340147581738,1.905966709552855,7.880306259939651,-11.437913587668975,0.29669416956123573,35.893597608005905,1.7328679513938632,0,0,7.6,0.0001979166666666667,0.2,11.656024424085405,16.84305755014819,8.866640739297749,1.0722562070608967,8.967212410962016,-15.100840635244083,0.3783775097510267,35.90752879354959,1.7388680098206208,0.2,0.0,13,25.0
171,1,5,0.00013020833333333333,0.0,22.537153650649607,10.365599628836092,22.391641756253716,0.5291534596267015,22.3978932920987,1.6555600162692756,0.00865801608853789,25.942960037880987,1.6094379124291003,0,0,6.2,0.00016145833333333333,-0.6,19.095594632298088,10.79043178700682,18.782813694425545,1.0480941816164868,18.830805309934465,11.824299708031777,0.027159359125410655,25.426629456019707,1.7281246460706001,0.0,0.6,13,25.0
171,2,8,0.00020833333333333335,0.0,9.882242421500997,10.827358456734624,8.877715971451197,-0.6100397145895076,8.898650983330908,-7.178586849720755,0.4101969546736406,14.808036177627404,1.9061547465328494,0,0,8.0,0.00020833333333333335,0.0,9.38257768430672,10.970998513951276,8.092886254227924,-0.7279941210725684,8.127462219468786,-10.026993308025533,0.550003561539328,15.662806530317877,2.010126823616241,0.2,0.2,13,25.0
171,3,0,0.0,0.0,0.0,0.0,0.0,0.0,0.0,0.0,0.0,0.0,0.0,0,0,0.0,0.0,0.0,0.0,0.0,0.0,0.0,0.0,0.0,0.0,0.0,0.0,0.0,0.0,13,25.0
171,4,0,0.0,0.0,0.0,0.0,0.0,0.0,0.0,0.0,0.0,0.0,0.0,0,0,0.0,0.0,0.0,0.0,0.0,0.0,0.0,0.0,0.0,0.0,0.0,0.0,0.0,0.0,13,25.0
171,5,0,0.0,0.0,0.0,0.0,0.0,0.0,0.0,0.0,0.0,0.0,0.0,0,0,0.0,0.0,0.0,0.0,0.0,0.0,0.0,0.0,0.0,0.0,0.0,0.0,0.0,0.0,13,25.0
172,0,8,0.00020833333333333335,0.0,10.052232767819811,13.0927857772766,7.218329377982955,2.020122657383918,7.495677058140089,-12.549749560260363,0.29402200327776107,36.098706679881246,1.7328679513938632,0,0,7.8,0.00020312500000000002,0.2,11.01412385453577,15.39439355509559,8.168092694858952,1.44928797040643,8.323963849366569,-11.733068565641455,0.3663190477786719,35.77166562759188,1.735867980607242,0.2,0.0,13,25.0
172,1,4,0.00010416666666666667,-1.0,18.65651677029334,7.780410564338923,18.48927512440555,1.0122705501886289,18.516964823986168,-2.4243993392760177,0.008561491761575835,26.947272216225933,1.3862943611158907,0,1,5.4,0.000140625,-0.8,19.902243093309927,10.086953853453313,19.664888817841423,0.9011824472982181,19.69682749411487,13.475030500107383,0.01869419999142541,25.82960861158413,1.6241525689872085,0.0,0.8,13,25.0
172,2,9,0.000234375,1.0,12.624965634156837,13.037086917837417,11.73377556267803,-0.6770013738908749,11.753289744388601,-8.625127617741567,0.3610098061682875,14.83322372962864,1.8891591637470215,1,0,8.2,0.00021354166666666665,0.2,10.271503266871985,11.433035889867536,9.133697034854416,-0.7053444406691763,9.162646722632587,-11.040271928420127,0.4937357037851644,15.325049901644661,1.9720703480312785,0.4,0.2,13,25.0
172,3,0,0.0,0.0,0.0,0.0,0.0,0.0,0.0,0.0,0.0,0.0,0.0,0,0,0.0,0.0,0.0,0.0,0.0,0.0,0.0,0.0,0.0,0.0,0.0,0.0,0.0,0.0,13,25.0
172,4,0,0.0,0.0,0.0,0.0,0.0,0.0,0.0,0.0,0.0,0.0,0.0,0,0,0.0,0.0,0.0,0.0,0.0,0.0,0.0,0.0,0.0,0.0,0.0,0.0,0.0,0.0,13,25.0
172,5,0,0.0,0.0,0.0,0.0,0.0,0.0,0.0,0.0,0.0,0.0,0.0,0,0,0.0,0.0,0.0,0.0,0.0,0.0,0.0,0.0,0.0,0.0,0.0,0.0,0.0,0.0,13,25.0
173,0,8,0.00020833333333333335,0.0,9.561080664589667,12.188036728135605,6.803152383517823,2.073285783179462,7.112059919045839,-12.278802580753627,0.292695620185496,36.20558449840196,1.7328679513938632,0,0,8.0,0.00020833333333333335,0.2,10.499529580360718,14.20667544944358,7.585226743099949,1.770819728659046,7.800649565873266,-8.550411181276829,0.3536262576982795,35.657536604315524,1.7328679513938632,0.2,0.0,13,25.0
173,1,4,0.00010416666666666667,0.0,18.402041950446804,7.6263092485185755,18.239352016861353,0.9729085049815149,18.26528162810663,-6.361870496163336,0.008346766081373302,27.004396620224682,1.3862943611158907,0,0,4.6,0.00011979166666666666,-0.8,20.74348607607326,9.440788208020445,20.58287611988346,0.7518050714998553,20.59841701211561,14.339893543894593,0.010021081307250723,26.208860054940224,1.5201804919038164,0.0,0.8,13,25.0
173,2,9,0.000234375,0.0,12.269164896815804,12.62238013828276,11.389692920306251,-0.6446131648155912,11.407919659216045,-8.89501843352577,0.3611029774200424,14.816226593163599,1.8891591637470215,0,0,8.4,0.00021875000000000003,0.2,11.123481386781958,11.859801426235723,10.136733632451078,-0.6800312713753596,10.160032944701639,-11.963958494802412,0.438856333143705,14.982678608414556,1.9340138724463156,0.4,0.2,13,25.0
173,3,0,0.0,0.0,0.0,0.0,0.0,0.0,0.0,0.0,0.0,0.0,0.0,0,0,0.0,0.0,0.0,0.0,0.0,0.0,0.0,0.0,0.0,0.0,0.0,0.0,0.0,0.0,13,25.0
173,4,0,0.0,0.0,0.0,0.0,0.0,0.0,0.0,0.0,0.0,0.0,0.0,0,0,0.0,0.0,0.0,0.0,0.0,0.0,0.0,0.0,0.0,0.0,0.0,0.0,0.0,0.0,13,25.0
173,5,0,0.0,0.0,0.0,0.0,0.0,0.0,0.0,0.0,0.0,0.0,0.0,0,0,0.0,0.0,0.0,0.0,0.0,0.0,0.0,0.0,0.0,0.0,0.0,0.0,0.0,0.0,13,25.0
174,0,9,0.000234375,1.0,8.853593205588293,12.340907072410582,6.623695699816407,1.9981930336475426,6.9185345358308314,9.980292292429102,0.28288022191674833,29.864272789858987,1.6769877743164172,1,0,8.2,0.00021354166666666665,0.2,10.006573736392998,13.401322942041082,7.264462911969124,1.9342709553452195,7.521989333574969,-6.790400345700367,0.3038890895645544,34.70997042978172,1.721691915978374,0.2,0.0,13,25.0
174,1,4,0.00010416666666666667,0.0,15.458801171848123,8.356585587762822,15.302175370271872,1.5927967640747849,15.384848799848577,7.107206024895585,0.003608023808714167,24.394814996372993,1.3862943611158907,1,1,4.4,0.00011458333333333333,-0.2,19.50508895864734,8.958840343983436,19.34788158963187,0.9368460405433277,19.37788253772406,4.09602169625069,0.007832275181009285,26.010542005492756,1.4755517816411747,0.2,0.4,13,25.0
174,2,8,0.00020833333333333335,-1.0,13.98572868691987,13.031192134599602,12.438660682555984,-1.3073730187801735,12.507178090440645,7.666328980326847,0.4450289777177848,17.600076042008403,1.7328679513938632,0,1,8.4,0.00021875000000000003,0.0,11.786297506976668,12.143833148985866,10.719745737006283,-0.7832139324408347,10.75018241486341,-5.917791736414747,0.4067156473551852,15.415950271272365,1.8993565134185182,0.2,0.2,13,25.0
174,3,0,0.0,0.0,0.0,0.0,0.0,0.0,0.0,0.0,0.0,0.0,0.0,0,0,0.0,0.0,0.0,0.0,0.0,0.0,0.0,0.0,0.0,0.0,0.0,0.0,0.0,0.0,13,25.0
174,4,0,0.0,0.0,0.0,0.0,0.0,0.0,0.0,0.0,0.0,0.0,0.0,0,0,0.0,0.0,0.0,0.0,0.0,0.0,0.0,0.0,0.0,0.0,0.0,0.0,0.0,0.0,13,25.0
174,5,0,0.0,0.0,0.0,0.0,0.0,0.0,0.0,0.0,0.0,0.0,0.0,0,0,0.0,0.0,0.0,0.0,0.0,0.0,0.0,0.0,0.0,0.0,0.0,0.0,0.0,0.0,13,25.0
175,0,9,0.000234375,0.0,8.837321467329426,12.181968900573402,6.706304127577422,2.0421712270778616,7.010347949443498,-0.40679345647169485,0.286571058635847,29.980423271309675,1.6769877743164172,0,0,8.4,0.00021875000000000003,0.2,9.571690171111486,12.785733782625508,6.999564347295269,2.0079478821683283,7.283385144479982,-5.338593378545111,0.2905726147154176,33.60851696949156,1.7105158805628846,0.2,0.0,13,25.0
175,1,4,0.00010416666666666667,0.0,15.391228973016574,8.40134301827574,15.251279848042568,1.2192463385450334,15.299937863839997,-1.6893049707886687,0.0040103147241800086,24.280776808611158,1.039720770836918,0,0,4.2,0.00010937500000000002,-0.2,18.08914850325089,8.50604960954643,17.934744823167012,1.0652751234833324,17.972985281576012,-0.3425617530126864,0.006636922492876241,25.71404413586315,1.361608353322738,0.2,0.4,13,25.0
175,2,8,0.00020833333333333335,0.0,13.99370761872796,12.963870152551689,12.081525199732749,-1.5165552758007512,12.176337341595646,0.19947329520222645,0.46636058813686165,16.183491315638634,1.9061547465328494,0,0,8.4,0.00021875000000000003,0.0,12.551161851624293,12.496377560001218,11.304274067344842,-0.9511165095753796,11.348675163794368,-3.3665861250918026,0.40873986082332336,15.648210771613336,1.864699154390721,0.2,0.2,13,25.0
175,3,0,0.0,0.0,0.0,0.0,0.0,0.0,0.0,0.0,0.0,0.0,0.0,0,0,0.0,0.0,0.0,0.0,0.0,0.0,0.0,0.0,0.0,0.0,0.0,0.0,0.0,0.0,13,25.0
175,4,0,0.0,0.0,0.0,0.0,0.0,0.0,0.0,0.0,0.0,0.0,0.0,0,0,0.0,0.0,0.0,0.0,0.0,0.0,0.0,0.0,0.0,0.0,0.0,0.0,0.0,0.0,13,25.0
175,5,0,0.0,0.0,0.0,0.0,0.0,0.0,0.0,0.0,0.0,0.0,0.0,0,0,0.0,0.0,0.0,0.0,0.0,0.0,0.0,0.0,0.0,0.0,0.0,0.0,0.0,0.0,13,25.0
176,0,9,0.000234375,0.0,8.637053145883575,11.768431733399932,6.575071766851833,2.037042691007056,6.88339390593313,-5.006708036146289,0.2877461397391834,30.047054997664898,1.6769877743164172,0,0,8.6,0.00022395833333333333,0.2,9.188256250242155,12.314426042359225,6.785310671149287,2.0341630784591684,7.084002673678677,-4.052352268240574,0.28878300875100715,32.439208447423354,1.6993398451473953,0.2,0.0,13,25.0
176,1,4,0.00010416666666666667,0.0,15.195388060751487,8.336651672421516,15.055286183972445,1.041155487128105,15.091244045130559,-4.896022806627236,0.0045689573411960005,24.261246023663237,1.039720770836918,0,0,4.0,0.00010416666666666667,-0.2,16.62079538527127,8.100260018263516,16.46747370871076,1.1676755289836132,16.511655432182387,-1.6528783175919888,0.005819110743407863,25.3777013330196,1.2476649250043015,0.2,0.4,13,25.0
176,2,8,0.00020833333333333335,0.0,13.802497173202685,12.717028721370065,11.724113526275742,-1.5987127942113741,11.832612584521517,-4.780261138131837,0.4718786111394284,15.48991191366573,1.9061547465328494,0,0,8.4,0.00021874999999999998,0.0,13.33521280196463,12.874311612928306,11.873553578309751,-1.1488511254997529,11.93546748403249,-2.8869209827740185,0.4210761921164809,15.784585918821,1.864699154390721,0.2,0.2,13,25.0
176,3,0,0.0,0.0,0.0,0.0,0.0,0.0,0.0,0.0,0.0,0.0,0.0,0,0,0.0,0.0,0.0,0.0,0.0,0.0,0.0,0.0,0.0,0.0,0.0,0.0,0.0,0.0,13,25.0
176,4,0,0.0,0.0,0.0,0.0,0.0,0.0,0.0,0.0,0.0,0.0,0.0,0,0,0.0,0.0,0.0,0.0,0.0,0.0,0.0,0.0,0.0,0.0,0.0,0.0,0.0,0.0,13,25.0
176,5,0,0.0,0.0,0.0,0.0,0.0,0.0,0.0,0.0,0.0,0.0,0.0,0,0,0.0,0.0,0.0,0.0,0.0,0.0,0.0,0.0,0.0,0.0,0.0,0.0,0.0,0.0,13,25.0
177,0,9,0.000234375,0.0,8.361390317898426,11.271801474527042,6.35844476525113,2.010144378210394,6.668620566054148,-6.891570699628713,0.2881937717740234,30.084594223307548,1.6769877743164172,0,0,8.8,0.00022916666666666666,0.2,8.850087760257878,11.950229181809311,6.613333748602924,2.0321674226244633,6.91859137526149,-2.9207164961142444,0.2876173624502596,31.236385956108613,1.6881638097319063,0.2,0.0,13,25.0
177,1,4,0.00010416666666666667,0.0,14.931037708686375,8.215940031113536,14.790593706295553,0.9443185331233145,14.820708474182663,-6.608758801627779,0.004914189898038268,24.26034670770041,1.039720770836918,0,0,4.0,0.00010416666666666667,0.0,15.875699572949873,8.187365911618437,15.727737425088758,1.1540851255705502,15.772404162221685,-2.489750210062341,0.005089650370700349,24.840316231314496,1.178350206948507,0.2,0.2,13,25.0
177,2,8,0.00020833333333333335,0.0,13.513994346927785,12.38925635616512,11.376141108716059,-1.6183605016119178,11.490677840693168,-7.212570656872531,0.4740164568505948,15.152063188122803,1.9061547465328494,0,0,8.2,0.00021354166666666665,-0.2,13.51301854451882,12.744745500593847,11.802026687517357,-1.3371229510439615,11.882945103293403,-2.6044095906002114,0.44367752225294244,15.848353810519834,1.8680982709478866,0.0,0.2,13,25.0
177,3,0,0.0,0.0,0.0,0.0,0.0,0.0,0.0,0.0,0.0,0.0,0.0,0,0,0.0,0.0,0.0,0.0,0.0,0.0,0.0,0.0,0.0,0.0,0.0,0.0,0.0,0.0,13,25.0
177,4,0,0.0,0.0,0.0,0.0,0.0,0.0,0.0,0.0,0.0,0.0,0.0,0,0,0.0,0.0,0.0,0.0,0.0,0.0,0.0,0.0,0.0,0.0,0.0,0.0,0.0,0.0,13,25.0
177,5,0,0.0,0.0,0.0,0.0,0.0,0.0,0.0,0.0,0.0,0.0,0.0,0,0,0.0,0.0,0.0,0.0,0.0,0.0,0.0,0.0,0.0,0.0,0.0,0.0,0.0,0.0,13,25.0
178,0,9,0.000234375,0.0,8.063260542644606,10.766947615300463,6.114741622148411,1.973645865488246,6.425367157446572,-7.453244381345543,0.288386255615677,30.106256366139885,1.6769877743164172,0,0,9.0,0.000234375,0.2,8.550523735868866,11.666011359242285,6.4756515963290395,2.01223943908622,6.781252822941636,-1.9556048562326276,0.2867554895362958,30.016520329656196,1.6769877743164172,0.2,0.0,13,25.0
178,1,4,0.00010416666666666667,0.0,14.634442420010675,8.068230439505042,14.494958188285757,0.8866846815651087,14.522052974861184,-7.414882216892476,0.005104807796292965,24.26401638000551,1.039720770836918,0,0,4.0,0.00010416666666666667,0.0,15.122179666862646,8.275750149815732,14.978858659373639,1.136840360887269,15.023758431572597,-2.7003525542081688,0.004441258713684282,24.292240183270664,1.1090354888927128,0.2,0.2,13,25.0
178,2,8,0.00020833333333333335,0.0,13.184238599966001,12.031493694667132,11.041001196216573,-1.6075688466618847,11.157418384716674,-8.243893674044596,0.4749860131209248,14.989905099855273,2.079441541671836,0,0,8.0,0.00020833333333333335,-0.2,13.69603328514886,12.626568211870723,11.732288342699421,-1.5297140874132202,11.832844848393531,-2.4741846387039765,0.46645412939311887,15.883089511858168,1.9061547465328494,0.0,0.2,13,25.0
178,3,0,0.0,0.0,0.0,0.0,0.0,0.0,0.0,0.0,0.0,0.0,0.0,0,0,0.0,0.0,0.0,0.0,0.0,0.0,0.0,0.0,0.0,0.0,0.0,0.0,0.0,0.0,13,25.0
178,4,0,0.0,0.0,0.0,0.0,0.0,0.0,0.0,0.0,0.0,0.0,0.0,0,0,0.0,0.0,0.0,0.0,0.0,0.0,0.0,0.0,0.0,0.0,0.0,0.0,0.0,0.0,13,25.0
178,5,0,0.0,0.0,0.0,0.0,0.0,0.0,0.0,0.0,0.0,0.0,0.0,0,0,0.0,0.0,0.0,0.0,0.0,0.0,0.0,0.0,0.0,0.0,0.0,0.0,0.0,0.0,13,25.0
179,0,7,0.00018229166666666667,-2.0,10.248856474525482,12.441049946215584,7.511377005998696,3.2960295157444848,8.202718762392427,15.607754209696449,0.3392641012403873,39.8834167705932,1.7478680974607577,0,2,8.6,0.0002239583333333333,-0.4,8.829576389656303,11.686039934003285,6.653187857565499,2.2718067355056086,7.038089668253955,-0.8301124727791581,0.2980322654010236,32.02034912580304,1.6911638389452854,0.0,0.4,13,25.0
179,1,4,0.00010416666666666667,0.0,11.340895140543557,8.887434154615788,11.18005105498001,1.4886349101457887,11.278722245346074,10.167615728895235,0.013421237598478908,21.795273374844342,1.3862943611158907,1,1,4.0,0.00010416666666666667,0.0,14.298598460601733,8.381919863186324,14.154433796315269,1.11600799010147,14.202533120672095,-2.088270613408239,0.00640390147163723,23.772331858964932,1.1090354888927128,0.2,0.2,13,25.0
179,2,7,0.00018229166666666667,-1.0,15.235080457015593,12.99109804291085,11.456115735158049,0.6665057332987772,11.475487685926728,9.439343712892901,0.6660066860566856,12.83681045550629,1.7478680974607577,1,2,7.8,0.00020312500000000002,-0.2,13.945903639168005,12.61854939353297,11.535779353219834,-1.1349383369974302,11.626506767490747,-2.119581692190766,0.510649671060899,14.930436394557745,1.9091547757462284,0.2,0.4,13,25.0
179,3,0,0.0,0.0,0.0,0.0,0.0,0.0,0.0,0.0,0.0,0.0,0.0,0,0,0.0,0.0,0.0,0.0,0.0,0.0,0.0,0.0,0.0,0.0,0.0,0.0,0.0,0.0,13,25.0
179,4,0,0.0,0.0,0.0,0.0,0.0,0.0,0.0,0.0,0.0,0.0,0.0,0,0,0.0,0.0,0.0,0.0,0.0,0.0,0.0,0.0,0.0,0.0,0.0,0.0,0.0,0.0,13,25.0
179,5,0,0.0,0.0,0.0,0.0,0.0,0.0,0.0,0.0,0.0,0.0,0.0,0,0,0.0,0.0,0.0,0.0,0.0,0.0,0.0,0.0,0.0,0.0,0.0,0.0,0.0,0.0,13,25.0
180,0,7,0.00018229166666666667,0.0,10.392453416914154,12.544318324747803,7.5182229942565,3.572643099319795,8.32390867960987,3.589923559716869,0.360492521976873,39.706616003126896,1.7478680974607577,0,0,8.2,0.00021354166666666665,-0.4,9.140602779573248,11.758509818838165,6.815571630901315,2.577901109953995,7.300801814287229,-0.030769069541445405,0.3128165580692288,33.965587672166485,1.7053399035741534,0.0,0.4,13,25.0
180,1,4,0.00010416666666666667,0.0,11.422239251077148,9.012058401535494,11.16672982237651,1.5201614254625628,11.269726957003764,2.0336027633397142,0.039188649154766386,20.358997986177762,1.3862943611158907,0,0,4.0,0.00010416666666666667,0.0,13.504800516213848,8.504062939838274,13.337523791182056,1.176191007484976,13.396490939304849,-1.3436890665825625,0.013439568357754506,22.987976094478253,1.178350206948507,0.2,0.2,13,25.0
180,2,7,0.00018229166666666667,0.0,15.186910047681673,13.280526968233234,11.569592642416898,0.9909492808521561,11.61195308243573,-1.2042602333479753,0.6601234821602061,11.903957113636514,1.5498260458732018,0,0,7.6,0.0001979166666666667,-0.2,14.184544124958748,12.68188075666928,11.433392841756664,-0.6334374256668486,11.513629915658765,-2.400328397900806,0.549402249865568,14.074529554157323,1.837889035614299,0.2,0.4,13,25.0
180,3,0,0.0,0.0,0.0,0.0,0.0,0.0,0.0,0.0,0.0,0.0,0.0,0,0,0.0,0.0,0.0,0.0,0.0,0.0,0.0,0.0,0.0,0.0,0.0,0.0,0.0,0.0,13,25.0
180,4,0,0.0,0.0,0.0,0.0,0.0,0.0,0.0,0.0,0.0,0.0,0.0,0,0,0.0,0.0,0.0,0.0,0.0,0.0,0.0,0.0,0.0,0.0,0.0,0.0,0.0,0.0,13,25.0
180,5,0,0.0,0.0,0.0,0.0,0.0,0.0,0.0,0.0,0.0,0.0,0.0,0,0,0.0,0.0,0.0,0.0,0.0,0.0,0.0,0.0,0.0,0.0,0.0,0.0,0.0,0.0,13,25.0
181,0,7,0.00018229166666666667,0.0,10.271966143425372,12.316435155468932,7.356987454327101,3.6410956397805734,8.208705248768252,-3.0121818372196194,0.3725297048302235,39.64055878278857,1.7478680974607577,0,0,7.8,0.00020312500000000002,-0.4,9.467585379081608,11.868110503251964,6.971954768396367,2.8987116997086986,7.565864082854253,0.36813617024388856,0.3297732710874368,35.88428842919122,1.7195159682030217,0.0,0.4,13,25.0
181,1,4,0.00010416666666666667,0.0,11.361981899682426,8.958091266277522,11.03592799743425,1.5245298461410792,11.140731484796143,-1.5064337848679719,0.06001685370284504,19.67979714266193,1.3862943611158907,0,0,4.0,0.00010416666666666667,0.0,12.738119284000037,8.628350858609476,12.533652153874417,1.2728658792875707,12.606388427237965,-0.6657712622307093,0.024529147630084312,22.07168631827799,1.2476649250043015,0.2,0.2,13,25.0
181,2,7,0.00018229166666666667,0.0,14.929770485536565,13.213201146513784,11.45682026532464,1.1031411332454932,11.509806729559429,-6.428489053627692,0.655547141530121,11.452285870241226,1.7478680974607577,0,0,7.4,0.00019270833333333333,-0.2,14.409998787425526,12.781115241698023,11.379934189566445,-0.09306664017547513,11.449068744666345,-2.729973980999977,0.5861359559437065,13.26700434547242,1.8062317057998807,0.2,0.4,13,25.0
181,3,0,0.0,0.0,0.0,0.0,0.0,0.0,0.0,0.0,0.0,0.0,0.0,0,0,0.0,0.0,0.0,0.0,0.0,0.0,0.0,0.0,0.0,0.0,0.0,0.0,0.0,0.0,13,25.0
181,4,0,0.0,0.0,0.0,0.0,0.0,0.0,0.0,0.0,0.0,0.0,0.0,0,0,0.0,0.0,0.0,0.0,0.0,0.0,0.0,0.0,0.0,0.0,0.0,0.0,0.0,0.0,13,25.0
181,5,0,0.0,0.0,0.0,0.0,0.0,0.0,0.0,0.0,0.0,0.0,0.0,0,0,0.0,0.0,0.0,0.0,0.0,0.0,0.0,0.0,0.0,0.0,0.0,0.0,0.0,0.0,13,25.0
182,0,7,0.00018229166666666667,0.0,10.027804375012787,11.94776010712944,7.128151658677798,3.613707919311949,7.991835270775352,-6.104044210314638,0.37814491232759706,39.56818875414404,1.7478680974607577,0,0,7.4,0.0001927083333333333,-0.4,9.80086819050448,12.003302229772444,7.1258961470817015,3.2194244079290093,7.830507023798495,0.5256414681067036,0.3477634991981516,37.78100733535852,1.7336920328318897,0.0,0.4,13,25.0
182,1,4,0.00010416666666666667,0.0,11.211996881159692,8.827073203681259,10.84724857022086,1.5098430574052755,10.951823026425938,-3.7496254630683543,0.07271543730079921,19.182636960974563,1.3862943611158907,0,0,4.0,0.00010416666666666667,0.0,11.994311118494698,8.750577493123021,11.744983126659479,1.3859707841439628,11.83261133768662,-0.09394459451882434,0.038089397110636504,21.05614436893282,1.3169796430600962,0.2,0.2,13,25.0
182,2,7,0.00018229166666666667,0.0,14.5749606182985,12.98124907269043,11.239665439736651,1.1152262172483394,11.294857622513376,-8.870246680951613,0.6518815995520577,11.236551452283367,1.7478680974607577,0,0,7.2,0.0001875,-0.2,14.622192041699666,12.899513785003085,11.352639055770563,0.45365070359657633,11.409904701030388,-3.0615091858157935,0.621708984483999,12.483901998304534,1.7745743759854622,0.2,0.4,13,25.0
182,3,0,0.0,0.0,0.0,0.0,0.0,0.0,0.0,0.0,0.0,0.0,0.0,0,0,0.0,0.0,0.0,0.0,0.0,0.0,0.0,0.0,0.0,0.0,0.0,0.0,0.0,0.0,13,25.0
182,4,0,0.0,0.0,0.0,0.0,0.0,0.0,0.0,0.0,0.0,0.0,0.0,0,0,0.0,0.0,0.0,0.0,0.0,0.0,0.0,0.0,0.0,0.0,0.0,0.0,0.0,0.0,13,25.0
182,5,0,0.0,0.0,0.0,0.0,0.0,0.0,0.0,0.0,0.0,0.0,0.0,0,0,0.0,0.0,0.0,0.0,0.0,0.0,0.0,0.0,0.0,0.0,0.0,0.0,0.0,0.0,13,25.0
183,0,7,0.00018229166666666667,0.0,9.733752603919998,11.530901443419408,6.877928411100409,3.543532397069911,7.737087376869039,-7.351294277319689,0.38081979948376465,39.5354987660215,1.7478680974607577,0,0,7.0,0.00018229166666666667,-0.4,10.134966602759558,12.156092995396232,7.278533504872101,3.5334017142453424,8.092851067682988,0.5460314889118744,0.3662502079717691,39.66685581533484,1.7478680974607577,0.0,0.4,13,25.0
183,1,4,0.00010416666666666667,0.0,11.013843303203249,8.663663638776377,10.632191934123343,1.485621035223875,10.735482065763843,-4.953839448911088,0.07969464372432233,18.950214065181342,1.3862943611158907,0,0,4.0,0.00010416666666666667,0.0,11.270191295133214,8.869664132977288,10.972429875826995,1.5057580548757161,11.075297155867151,0.3982639590774532,0.05300736429624238,19.99338390596799,1.3862943611158907,0.2,0.2,13,25.0
183,2,7,0.00018229166666666667,0.0,14.181817263317171,12.6777571316339,10.977516299449574,1.081989694555406,11.030710122372229,-9.82858387453326,0.6495012931737189,11.136845256934265,1.7478680974607577,0,0,7.0,0.00018229166666666667,-0.2,14.821707774369902,13.028766472396438,11.339942076417163,0.9915624118400345,11.384563048561498,-3.3784472259135265,0.6566120404945579,11.713290029720332,1.7082596871432465,0.2,0.4,13,25.0
183,3,0,0.0,0.0,0.0,0.0,0.0,0.0,0.0,0.0,0.0,0.0,0.0,0,0,0.0,0.0,0.0,0.0,0.0,0.0,0.0,0.0,0.0,0.0,0.0,0.0,0.0,0.0,13,25.0
183,4,0,0.0,0.0,0.0,0.0,0.0,0.0,0.0,0.0,0.0,0.0,0.0,0,0,0.0,0.0,0.0,0.0,0.0,0.0,0.0,0.0,0.0,0.0,0.0,0.0,0.0,0.0,13,25.0
183,5,0,0.0,0.0,0.0,0.0,0.0,0.0,0.0,0.0,0.0,0.0,0.0,0,0,0.0,0.0,0.0,0.0,0.0,0.0,0.0,0.0,0.0,0.0,0.0,0.0,0.0,0.0,13,25.0
184,0,6,0.00015625,-1.0,10.479053792222674,12.567867544689841,9.162857475718035,3.6194155241556225,9.851808253149297,3.1083328026677766,0.1073892219624546,42.84764167143424,1.791759469222055,0,1,6.8,0.00017708333333333335,-0.2,10.181006066298997,12.181456515091085,7.6088295988159675,3.5980789159275703,8.422668965834362,-1.9538527924938602,0.3198752321161826,40.25970079550305,1.7566463718130172,0.0,0.2,13,25.0
184,1,3,7.8125e-05,-1.0,14.965867461131312,9.551169770594905,14.714901728484444,0.5751786375473988,14.726138779192778,0.6734086405950919,0.04526327426403742,32.71756327158099,1.0986122886651097,1,2,3.8,9.895833333333334e-05,-0.2,11.995185759250765,9.002411256173112,11.679400010527882,1.3230668003560382,11.764780462636493,-1.5005774585825755,0.05937577162935408,22.177841885315317,1.3287579466257344,0.2,0.4,13,25.0
184,2,7,0.00018229166666666667,0.0,11.814485305771681,11.241134818157441,8.100099084029619,1.2463254488442346,8.195421422692933,-21.73644611064833,0.6037460845243132,15.761525746301013,1.5498260458732018,1,1,7.0,0.00018229166666666667,0.0,14.137588744121118,12.678773827445758,10.668738746191476,1.1075263549491259,10.728549795914741,-9.613605190621772,0.6441599201880834,12.298233087879277,1.668651276825735,0.2,0.2,13,25.0
184,3,0,0.0,0.0,0.0,0.0,0.0,0.0,0.0,0.0,0.0,0.0,0.0,0,0,0.0,0.0,0.0,0.0,0.0,0.0,0.0,0.0,0.0,0.0,0.0,0.0,0.0,0.0,13,25.0
184,4,0,0.0,0.0,0.0,0.0,0.0,0.0,0.0,0.0,0.0,0.0,0.0,0,0,0.0,0.0,0.0,0.0,0.0,0.0,0.0,0.0,0.0,0.0,0.0,0.0,0.0,0.0,13,25.0
184,5,0,0.0,0.0,0.0,0.0,0.0,0.0,0.0,0.0,0.0,0.0,0.0,0,0,0.0,0.0,0.0,0.0,0.0,0.0,0.0,0.0,0.0,0.0,0.0,0.0,0.0,0.0,13,25.0
185,0,6,0.00015625,0.0,10.393253306574481,12.399773056388515,9.089413023819095,3.497639737825604,9.739143332613445,-2.1450121412048753,0.14014219799118233,42.979527758363425,1.791759469222055,0,0,6.6,0.000171875,-0.2,10.181166044231063,12.152547461419228,7.923067604728487,3.5830782436287323,8.705715896435077,-3.100839932678209,0.2758051673190444,40.91428314655035,1.7654246461652765,0.0,0.2,13,25.0
185,1,3,7.8125e-05,0.0,14.743045235561725,9.62970525933337,14.580411629467234,0.31457935125384817,14.583804834573817,-5.570555639239657,0.021678804582820677,32.4601060302378,1.0986122886651097,0,0,3.6,9.375e-05,-0.2,12.659346956147681,9.125940627732687,12.362136371946026,1.0819503855142951,12.427596038150504,-3.02140913909845,0.055873802714964935,24.598063494127324,1.2712215321355784,0.2,0.4,13,25.0
185,2,7,0.00018229166666666667,0.0,11.292095575129204,10.476954098063754,7.353780350195139,1.346221374823289,7.475988057036156,-13.059743266061973,0.5851110529263379,16.629092241146235,1.5498260458732018,0,0,7.0,0.00018229166666666667,0.0,13.358625849610624,12.118059253411861,9.825576287747126,1.1785807737433525,9.901356790834825,-11.984701797164572,0.6291574343413097,13.243260113381222,1.668651276825735,0.2,0.2,13,25.0
185,3,0,0.0,0.0,0.0,0.0,0.0,0.0,0.0,0.0,0.0,0.0,0.0,0,0,0.0,0.0,0.0,0.0,0.0,0.0,0.0,0.0,0.0,0.0,0.0,0.0,0.0,0.0,13,25.0
185,4,0,0.0,0.0,0.0,0.0,0.0,0.0,0.0,0.0,0.0,0.0,0.0,0,0,0.0,0.0,0.0,0.0,0.0,0.0,0.0,0.0,0.0,0.0,0.0,0.0,0.0,0.0,13,25.0
185,5,0,0.0,0.0,0.0,0.0,0.0,0.0,0.0,0.0,0.0,0.0,0.0,0,0,0.0,0.0,0.0,0.0,0.0,0.0,0.0,0.0,0.0,0.0,0.0,0.0,0.0,0.0,13,25.0
186,0,6,0.00015625,0.0,10.17956503282529,12.080321364001533,8.891589341704956,3.3905078997977927,9.516086634752355,-5.342206843729746,0.16056382771066835,43.051452542434085,1.791759469222055,0,0,6.4,0.0001666666666666667,-0.2,10.162685822111046,12.10532470312575,8.229987982204058,3.5329606956321755,8.967192173631897,-3.566844933980234,0.2334119918951334,41.596461898479454,1.774202920517536,0.0,0.2,13,25.0
186,1,3,7.8125e-05,0.0,14.5030920378766,9.545148077202118,14.369541670049633,0.1858961747536854,14.370744072423003,-5.998829942128118,0.013186582543043945,32.3097730608685,1.0986122886651097,0,0,3.4,8.854166666666667e-05,-0.2,13.287568983786517,9.243351989917604,13.028859106469103,0.8142236512368164,13.073598555675876,-3.919888370550479,0.04650774848300472,27.12405867776864,1.2136851176454222,0.2,0.4,13,25.0
186,2,7,0.00018229166666666667,0.0,10.883380328842254,9.947982035685595,6.903815191249259,1.3602753471942373,7.036548387889367,-10.217881157173709,0.5790568801430493,17.087127055741583,1.5498260458732018,0,0,7.0,0.00018229166666666667,0.0,12.549347818271762,11.465015431246224,8.91497527293205,1.2300076165331013,9.006705122500813,-12.742580217873776,0.6138593820638955,14.370228350481293,1.6290428665082242,0.2,0.2,13,25.0
186,3,0,0.0,0.0,0.0,0.0,0.0,0.0,0.0,0.0,0.0,0.0,0.0,0,0,0.0,0.0,0.0,0.0,0.0,0.0,0.0,0.0,0.0,0.0,0.0,0.0,0.0,0.0,13,25.0
186,4,0,0.0,0.0,0.0,0.0,0.0,0.0,0.0,0.0,0.0,0.0,0.0,0,0,0.0,0.0,0.0,0.0,0.0,0.0,0.0,0.0,0.0,0.0,0.0,0.0,0.0,0.0,13,25.0
186,5,0,0.0,0.0,0.0,0.0,0.0,0.0,0.0,0.0,0.0,0.0,0.0,0,0,0.0,0.0,0.0,0.0,0.0,0.0,0.0,0.0,0.0,0.0,0.0,0.0,0.0,0.0,13,25.0
187,0,6,0.00015625,0.0,9.90806003785856,11.70582960283766,8.64307559575912,3.2919258645557066,9.248758384331255,-6.787624874168245,0.17106219788880295,43.09071779815071,1.791759469222055,0,0,6.2,0.00016145833333333336,-0.2,10.138736954680201,12.056938602267392,8.53297276962032,3.4686042846809273,9.218576796343077,-3.703561066750956,0.19199544900737459,42.30096770728079,1.7829811948697956,0.0,0.2,13,25.0
187,1,3,7.8125e-05,0.0,14.232441645414125,9.393421760511147,14.110200114810752,0.120887113010614,14.110717946798363,-6.76625981156187,0.010071109695068303,32.23559654356145,1.0986122886651097,0,0,3.2,8.333333333333333e-05,-0.2,13.891657936637404,9.356621701283583,13.681449415387082,0.5364324623578842,13.705377539750362,-4.523215240249182,0.03397888296185854,29.734650594286016,1.156148703155266,0.2,0.4,13,25.0
187,2,7,0.00018229166666666667,0.0,10.526040787292228,9.544000262672112,6.59732550737468,1.33491482608452,6.731025289148514,-8.933488538750714,0.5766815919135944,17.324931895830385,1.5498260458732018,0,0,7.0,0.00018229166666666667,0.0,11.739563852070509,10.77756566924256,7.986507286459654,1.2739453383003374,8.09393865582784,-12.755228589433596,0.5988193805362027,15.587904439190698,1.589434456190713,0.2,0.2,13,25.0
187,3,0,0.0,0.0,0.0,0.0,0.0,0.0,0.0,0.0,0.0,0.0,0.0,0,0,0.0,0.0,0.0,0.0,0.0,0.0,0.0,0.0,0.0,0.0,0.0,0.0,0.0,0.0,13,25.0
187,4,0,0.0,0.0,0.0,0.0,0.0,0.0,0.0,0.0,0.0,0.0,0.0,0,0,0.0,0.0,0.0,0.0,0.0,0.0,0.0,0.0,0.0,0.0,0.0,0.0,0.0,0.0,13,25.0
187,5,0,0.0,0.0,0.0,0.0,0.0,0.0,0.0,0.0,0.0,0.0,0.0,0,0,0.0,0.0,0.0,0.0,0.0,0.0,0.0,0.0,0.0,0.0,0.0,0.0,0.0,0.0,13,25.0
188,0,6,0.00015625,0.0,9.616531616176918,11.31888735208411,8.378549947805809,3.1990927299684855,8.968516796149402,-7.288210542041084,0.17643728620291887,43.112900091541896,1.791759469222055,0,0,6.0,0.00015625,-0.2,10.115292757131584,12.014535784000334,8.833097076961403,3.399716351260642,9.46486268019915,-3.690944319695235,0.15111894635120543,43.016447972384874,1.791759469222055,0.0,0.2,13,25.0
188,1,3,7.8125e-05,0.0,13.944230283639596,9.21407608507531,13.827736723494695,0.08769458517173438,13.828014797307395,-7.205284044363243,0.008817034197754259,32.20245262651157,1.0986122886651097,0,0,3.0,7.8125e-05,-0.2,14.477735332724672,9.466704190543371,14.320558373261353,0.256847172347456,14.323884086059072,-4.973504159339614,0.01980336105654492,32.38509830655206,1.0986122886651097,0.2,0.4,13,25.0
188,2,7,0.00018229166666666667,0.0,10.199148931990573,9.208349485025014,6.363110120816839,1.292605216500596,6.493073128755461,-8.172296382541377,0.5756174304822327,17.44992666685654,1.5498260458732018,0,0,7.0,0.00018229166666666667,0.0,10.943030185805188,10.083684139920782,7.063626050733108,1.3160684426893756,7.186411257104486,-12.423971091035218,0.5840426079979054,16.85052072117515,1.5498260458732018,0.2,0.2,13,25.0
188,3,0,0.0,0.0,0.0,0.0,0.0,0.0,0.0,0.0,0.0,0.0,0.0,0,0,0.0,0.0,0.0,0.0,0.0,0.0,0.0,0.0,0.0,0.0,0.0,0.0,0.0,0.0,13,25.0
188,4,0,0.0,0.0,0.0,0.0,0.0,0.0,0.0,0.0,0.0,0.0,0.0,0,0,0.0,0.0,0.0,0.0,0.0,0.0,0.0,0.0,0.0,0.0,0.0,0.0,0.0,0.0,13,25.0
188,5,0,0.0,0.0,0.0,0.0,0.0,0.0,0.0,0.0,0.0,0.0,0.0,0,0,0.0,0.0,0.0,0.0,0.0,0.0,0.0,0.0,0.0,0.0,0.0,0.0,0.0,0.0,13,25.0
189,0,10,0.00026041666666666666,4.0,8.367801307574645,10.851120943518906,5.636767101451055,3.056410721652841,6.412081554022483,26.546069692726064,0.4744118088907161,25.436988950294484,1.64341771978718,4,0,6.8,0.00017708333333333335,0.8,9.693042260201977,11.671186463766144,8.127879002108006,3.2871153907600856,8.776917340373787,0.9966030583164226,0.22452346373685775,39.53431742815692,1.76209111933508,0.8,0.0,13,25.0
189,1,3,7.8125e-05,0.0,15.55199103754998,9.502183174707508,15.429591301217485,-0.299452883051154,15.432496873538447,40.19401884775961,0.005725299606934242,30.897762134231243,1.0986122886651097,0,0,3.0,7.8125e-05,0.0,14.594960048008407,9.456906871365891,14.46349628780796,0.08192086822774541,14.465155704928204,2.9306178820932898,0.011895766125124285,32.021138079082114,1.0986122886651097,0.0,0.0,13,25.0
189,2,7,0.00018229166666666667,0.0,8.773540495643124,8.398196937036278,5.910798752642029,-0.6691274788887974,5.948552216904433,-17.140300227875326,0.6744086999945397,18.534387944931456,1.5498260458732018,2,2,7.0,0.00018229166666666667,0.0,10.334841223779478,9.51509656369655,6.6257659844555885,0.932977857142769,6.737037415946787,-11.504741914480618,0.5981751310919508,17.405093160901238,1.5498260458732018,0.4,0.4,13,25.0
189,3,0,0.0,0.0,0.0,0.0,0.0,0.0,0.0,0.0,0.0,0.0,0.0,0,0,0.0,0.0,0.0,0.0,0.0,0.0,0.0,0.0,0.0,0.0,0.0,0.0,0.0,0.0,13,25.0
189,4,0,0.0,0.0,0.0,0.0,0.0,0.0,0.0,0.0,0.0,0.0,0.0,0,0,0.0,0.0,0.0,0.0,0.0,0.0,0.0,0.0,0.0,0.0,0.0,0.0,0.0,0.0,13,25.0
189,5,0,0.0,0.0,0.0,0.0,0.0,0.0,0.0,0.0,0.0,0.0,0.0,0,0,0.0,0.0,0.0,0.0,0.0,0.0,0.0,0.0,0.0,0.0,0.0,0.0,0.0,0.0,13,25.0
190,0,10,0.00026041666666666666,0.0,8.578198437254333,11.521133642659025,5.458397659347433,3.4360778735531587,6.449863266821331,5.25992824199218,0.5119598541535313,25.591086879648284,1.6094379124281004,0,0,7.6,0.0001979166666666667,0.8,9.330031286337949,11.495458581020248,7.401675929213674,3.2748030179055974,8.119061327215364,2.4775911349558335,0.2988869949693275,36.05662925241389,1.725626807976289,0.8,0.0,13,25.0
190,1,3,7.8125e-05,0.0,16.17469879214542,9.532045565996231,16.042224946650403,-0.4854757684976536,16.04956908956533,15.567693864885984,0.006029403684979173,30.25785151230431,1.0986122886651097,0,0,3.0,7.8125e-05,0.0,14.881290759325145,9.437374932698464,14.755858951244594,-0.07809015572255494,14.758308555926508,7.158267782918418,0.008765885945555985,31.580687175495417,1.0986122886651097,0.0,0.0,13,25.0
190,2,7,0.00018229166666666667,0.0,8.471309097769337,7.739208930896048,5.361939072197116,-0.9467427248011813,5.444879466151481,-7.555784946844688,0.6594717372425859,18.888497685396306,1.5498260458732018,0,0,7.0,0.00018229166666666667,0.0,9.770683928307502,8.96754753026301,6.227397728855985,0.47438503721787495,6.330815697769852,-10.403950250637163,0.6130472679552004,17.856974249751254,1.5498260458732018,0.4,0.4,13,25.0
190,3,0,0.0,0.0,0.0,0.0,0.0,0.0,0.0,0.0,0.0,0.0,0.0,0,0,0.0,0.0,0.0,0.0,0.0,0.0,0.0,0.0,0.0,0.0,0.0,0.0,0.0,0.0,13,25.0
190,4,0,0.0,0.0,0.0,0.0,0.0,0.0,0.0,0.0,0.0,0.0,0.0,0,0,0.0,0.0,0.0,0.0,0.0,0.0,0.0,0.0,0.0,0.0,0.0,0.0,0.0,0.0,13,25.0
190,5,0,0.0,0.0,0.0,0.0,0.0,0.0,0.0,0.0,0.0,0.0,0.0,0,0,0.0,0.0,0.0,0.0,0.0,0.0,0.0,0.0,0.0,0.0,0.0,0.0,0.0,0.0,13,25.0
191,0,10,0.00026041666666666666,0.0,8.547182327580686,11.700461909785828,5.26921095940735,3.572848523537477,6.366304320944959,-0.7754027418411734,0.5167952631175978,25.899811689722032,1.6094379124281004,0,0,8.4,0.00021875000000000003,0.8,9.003554745289028,11.419486690177106,6.677200252754153,3.311271142653534,7.489104864453886,3.3909519553335477,0.3701332820507134,32.62630108187149,1.689162496617498,0.8,0.0,13,25.0
191,1,3,7.8125e-05,0.0,16.301299512578996,9.440961434194291,16.16421106525408,-0.5710657090720594,16.174295514987985,3.1650180108393786,0.006271011476712163,29.944669569573325,1.0986122886651097,0,0,3.0,7.8125e-05,0.0,15.240932254265624,9.416537604096899,15.114792830285484,-0.22948253248770395,15.119018844439504,8.991037373511919,0.007382771732289628,31.107666477236382,1.0986122886651097,0.0,0.0,13,25.0
191,2,7,0.00018229166666666667,0.0,8.219573154321154,7.335988646358941,5.022417790987205,-1.0723925667720222,5.135631050269547,-6.2933985862045905,0.6500906920994833,19.101874437033835,1.5498260458732018,0,0,7.0,0.00018229166666666667,0.0,9.237922493403284,8.445148852397677,5.851118248803575,-0.012148545575376878,5.950632230245887,-9.619053736443337,0.6272540303464872,18.259923726009706,1.5498260458732018,0.4,0.4,13,25.0
191,3,0,0.0,0.0,0.0,0.0,0.0,0.0,0.0,0.0,0.0,0.0,0.0,0,0,0.0,0.0,0.0,0.0,0.0,0.0,0.0,0.0,0.0,0.0,0.0,0.0,0.0,0.0,13,25.0
191,4,0,0.0,0.0,0.0,0.0,0.0,0.0,0.0,0.0,0.0,0.0,0.0,0,0,0.0,0.0,0.0,0.0,0.0,0.0,0.0,0.0,0.0,0.0,0.0,0.0,0.0,0.0,13,25.0
191,5,0,0.0,0.0,0.0,0.0,0.0,0.0,0.0,0.0,0.0,0.0,0.0,0,0,0.0,0.0,0.0,0.0,0.0,0.0,0.0,0.0,0.0,0.0,0.0,0.0,0.0,0.0,13,25.0
192,0,10,0.00026041666666666666,0.0,8.395413379481074,11.622622425755578,5.079148866558091,3.58940493585309,6.219451824894608,-3.794223702490316,0.5185621691246597,26.100413382262314,1.6957425341636347,0,0,9.2,0.00023958333333333332,0.8,8.70102541361353,11.402845254760688,5.964414906913947,3.3707669569130103,6.883243552566556,3.989632189669133,0.43963327629788473,29.2282401986938,1.6699591096058142,0.8,0.0,13,25.0
192,1,3,7.8125e-05,0.0,16.18291058368119,9.292071234701938,16.0448560547573,-0.6065839907121909,16.056318069709203,-2.9597232224451506,0.0064015819887564,29.79326467012595,1.0986122886651097,0,0,3.0,7.8125e-05,0.0,15.631026041919037,9.396267498935055,15.50172401827479,-0.37497675323226487,15.508138869021673,9.752344691335262,0.006648866191027248,30.61920010254928,1.0986122886651097,0.0,0.0,13,25.0
192,2,7,0.00018229166666666667,0.0,7.994534547113921,7.0451801871352195,4.788869304811134,-1.1220641998233436,4.918566588660508,-5.625965180180785,0.6440933653036263,19.21718278012734,1.5498260458732018,0,0,7.0,0.00018229166666666667,0.0,8.731621245367622,7.945384837290301,5.489427008290865,-0.5035443507569497,5.588140490148286,-8.957549064729353,0.6407363850244936,18.6383739028691,1.5498260458732018,0.4,0.4,13,25.0
192,3,0,0.0,0.0,0.0,0.0,0.0,0.0,0.0,0.0,0.0,0.0,0.0,0,0,0.0,0.0,0.0,0.0,0.0,0.0,0.0,0.0,0.0,0.0,0.0,0.0,0.0,0.0,13,25.0
192,4,0,0.0,0.0,0.0,0.0,0.0,0.0,0.0,0.0,0.0,0.0,0.0,0,0,0.0,0.0,0.0,0.0,0.0,0.0,0.0,0.0,0.0,0.0,0.0,0.0,0.0,0.0,13,25.0
192,5,0,0.0,0.0,0.0,0.0,0.0,0.0,0.0,0.0,0.0,0.0,0.0,0,0,0.0,0.0,0.0,0.0,0.0,0.0,0.0,0.0,0.0,0.0,0.0,0.0,0.0,0.0,13,25.0
193,0,10,0.00026041666666666666,0.0,8.189475404771725,11.419719690102685,4.8947679019861905,3.5481762643237458,6.045519631679704,-5.14844936773366,0.5193461503254106,26.207654314638074,1.834371970274624,0,0,10.0,0.00026041666666666666,0.8,8.415614171332493,11.423011722364404,5.267658497750023,3.440583663784062,6.298644119672616,4.417584424530618,0.5082150491223831,25.84719104331304,1.678481609816328,0.8,0.0,13,25.0
193,1,3,7.8125e-05,0.0,15.94584264977935,9.116568647740033,15.808793402715049,-0.6172212903698279,15.820837871965335,-5.926698347546029,0.006469020655653024,29.722272946678697,1.0986122886651097,0,0,3.0,7.8125e-05,0.0,16.031348515146988,9.376766011468002,15.897935354118863,-0.5159599283405774,15.90670348395326,10.008061830698704,0.006179263482607,30.123164166582704,1.0986122886651097,0.0,0.0,13,25.0
193,2,7,0.00018229166666666667,0.0,7.784932929186701,6.808827826496105,4.610353890860353,-1.134011709327803,4.74777269420765,-5.240040448180491,0.6405432986082411,19.277597329977443,1.5498260458732018,0,0,7.0,0.00018229166666666667,0.0,8.248778044806846,7.465480505584519,5.138875762299568,-0.9888677359226294,5.239080403238724,-8.371097877857176,0.6537215586496953,19.003908035493275,1.5498260458732018,0.4,0.4,13,25.0
193,3,0,0.0,0.0,0.0,0.0,0.0,0.0,0.0,0.0,0.0,0.0,0.0,0,0,0.0,0.0,0.0,0.0,0.0,0.0,0.0,0.0,0.0,0.0,0.0,0.0,0.0,0.0,13,25.0
193,4,0,0.0,0.0,0.0,0.0,0.0,0.0,0.0,0.0,0.0,0.0,0.0,0,0,0.0,0.0,0.0,0.0,0.0,0.0,0.0,0.0,0.0,0.0,0.0,0.0,0.0,0.0,13,25.0
193,5,0,0.0,0.0,0.0,0.0,0.0,0.0,0.0,0.0,0.0,0.0,0.0,0,0,0.0,0.0,0.0,0.0,0.0,0.0,0.0,0.0,0.0,0.0,0.0,0.0,0.0,0.0,13,25.0
194,0,12,0.0003125,2.0,10.282854970756027,16.543491185900542,3.120657173765336,7.292323272006594,7.931990916511567,140.249018539112,0.5796205023811976,23.561593524585444,1.9792045174263242,3,1,10.4,0.0002708333333333333,0.4,8.798624903968769,12.561485770840733,4.764436512212879,4.287766173854813,6.602625992170433,27.158174193807803,0.5292567878204795,25.47211195817123,1.7456389693441565,0.6,0.2,13,25.0
194,1,3,7.8125e-05,0.0,10.773496060790057,6.79305772708005,9.963557121473416,0.5719556990114877,9.979960111868952,49.1657215248578,0.103441523765605,23.39053672111611,1.0986122886651097,1,1,3.0,7.8125e-05,0.0,15.075649519795002,8.834940921942508,14.804728518170048,-0.341678211928049,14.816196131619359,11.802402366118343,0.025722508314341152,28.621719083959682,1.0986122886651097,0.2,0.2,13,25.0
194,2,5,0.00013020833333333333,-2.0,6.984538848541223,6.658713580006604,5.335176920576464,-1.143712350760861,5.456389897646125,-6.946872814411771,0.4336268605449606,28.292722491929347,1.6094379124291003,1,3,6.6,0.000171875,-0.4,7.890977715386468,7.117583834178584,5.023751395886455,-1.0837847102970422,5.140647939387063,-6.3324123951644635,0.6055651907597794,20.955574944892852,1.5617484191843816,0.2,0.6,13,25.0
194,3,0,0.0,0.0,0.0,0.0,0.0,0.0,0.0,0.0,0.0,0.0,0.0,0,0,0.0,0.0,0.0,0.0,0.0,0.0,0.0,0.0,0.0,0.0,0.0,0.0,0.0,0.0,13,25.0
194,4,0,0.0,0.0,0.0,0.0,0.0,0.0,0.0,0.0,0.0,0.0,0.0,0,0,0.0,0.0,0.0,0.0,0.0,0.0,0.0,0.0,0.0,0.0,0.0,0.0,0.0,0.0,13,25.0
194,5,0,0.0,0.0,0.0,0.0,0.0,0.0,0.0,0.0,0.0,0.0,0.0,0,0,0.0,0.0,0.0,0.0,0.0,0.0,0.0,0.0,0.0,0.0,0.0,0.0,0.0,0.0,13,25.0
195,0,12,0.0003125,0.0,10.706895335241777,17.87898614817955,2.965628034457406,7.8652921981140365,8.405817687796542,10.601009112143762,0.6029287253280997,23.79822934503999,1.9072839993133792,0,0,10.8,0.00028125,0.4,9.224364283566256,13.833056271944837,4.265882587234874,5.173609038766989,6.993816876365474,28.22639036783812,0.5474505620553931,25.11354045124957,1.8052081867212124,0.6,0.2,13,25.0
195,1,3,7.8125e-05,0.0,11.411326590908217,7.034513709126302,10.51430044412741,0.8083458710985093,10.545327727325494,15.945763252954057,0.10939492074855461,23.23754131484381,1.0986122886651097,0,0,3.0,7.8125e-05,0.0,14.122975079547562,8.335434550568522,13.69914361766545,-0.08291388400881641,13.715347859171393,11.87801624373196,0.04639561172705624,27.21765704446758,1.0986122886651097,0.2,0.2,13,25.0
195,2,5,0.00013020833333333333,0.0,6.985783399932072,6.09545994145013,5.168031643573907,-1.434521616824444,5.363432048429236,0.031113784771216048,0.4065716982625718,28.799557931653226,1.6094379124291003,0,0,6.2,0.00016145833333333333,-0.4,7.593872575819015,6.7888340362893995,4.984969910161813,-1.1813404887016947,5.1243584558426125,-4.815032648841283,0.5549851829637766,22.93778699414424,1.573670792495561,0.2,0.6,13,25.0
195,3,0,0.0,0.0,0.0,0.0,0.0,0.0,0.0,0.0,0.0,0.0,0.0,0,0,0.0,0.0,0.0,0.0,0.0,0.0,0.0,0.0,0.0,0.0,0.0,0.0,0.0,0.0,13,25.0
195,4,0,0.0,0.0,0.0,0.0,0.0,0.0,0.0,0.0,0.0,0.0,0.0,0,0,0.0,0.0,0.0,0.0,0.0,0.0,0.0,0.0,0.0,0.0,0.0,0.0,0.0,0.0,13,25.0
195,5,0,0.0,0.0,0.0,0.0,0.0,0.0,0.0,0.0,0.0,0.0,0.0,0,0,0.0,0.0,0.0,0.0,0.0,0.0,0.0,0.0,0.0,0.0,0.0,0.0,0.0,0.0,13,25.0
196,0,12,0.0003125,0.0,10.211845402941641,16.82275082399905,2.844960938775387,7.481399337509816,8.004070139026148,-12.376248307503465,0.607569958996122,23.87201351542102,1.9072839993133792,0,0,11.2,0.0002916666666666667,0.4,9.55729689863845,14.857514054787481,3.7810325831084812,5.955319201561457,7.321370039981713,25.906221254705667,0.5656055012310979,24.70798081638937,1.8647774040982683,0.6,0.2,13,25.0
196,1,3,7.8125e-05,0.0,11.590025502738603,7.084088761010514,10.66900664313072,0.9013821207649514,10.707016039905897,4.467472795759601,0.11136459979874125,23.1517712463117,1.0986122886651097,0,0,3.0,7.8125e-05,0.0,13.180720277579486,7.864060015931767,12.600102733240778,0.21157568195858573,12.621891964154974,12.138507200716003,0.06741432939146205,25.85907737981525,1.0986122886651097,0.2,0.2,13,25.0
196,2,5,0.00013020833333333333,0.0,6.894229346106394,5.7762681029061955,5.020453161166829,-1.549341749731343,5.2540850584027075,-2.28885134564196,0.39676547208231827,28.807503709785657,1.6094379124291003,0,0,5.8,0.00015104166666666667,-0.4,7.328803814176062,6.47688992759885,4.984576984197737,-1.276730325293559,5.148049257469245,-4.014123200728757,0.5043201389603437,24.878912848694604,1.5855931658067408,0.2,0.6,13,25.0
196,3,0,0.0,0.0,0.0,0.0,0.0,0.0,0.0,0.0,0.0,0.0,0.0,0,0,0.0,0.0,0.0,0.0,0.0,0.0,0.0,0.0,0.0,0.0,0.0,0.0,0.0,0.0,13,25.0
196,4,0,0.0,0.0,0.0,0.0,0.0,0.0,0.0,0.0,0.0,0.0,0.0,0,0,0.0,0.0,0.0,0.0,0.0,0.0,0.0,0.0,0.0,0.0,0.0,0.0,0.0,0.0,13,25.0
196,5,0,0.0,0.0,0.0,0.0,0.0,0.0,0.0,0.0,0.0,0.0,0.0,0,0,0.0,0.0,0.0,0.0,0.0,0.0,0.0,0.0,0.0,0.0,0.0,0.0,0.0,0.0,13,25.0
197,0,12,0.0003125,0.0,9.549261070782096,15.36399974744377,2.743475906094645,6.911643469853423,7.436227235748602,-16.564608303988607,0.6087531602529705,23.89871491350903,1.9072839993133792,0,0,11.6,0.00030208333333333335,0.4,9.788066436898655,15.60578951912512,3.313897991015792,6.619766908361522,7.564725122152512,23.352144334406006,0.5836436994567601,24.26764112263871,1.9070856971282173,0.6,0.2,13,25.0
197,1,3,7.8125e-05,0.0,11.549462802786651,7.030890626669887,10.627031335043329,0.9364019577647387,10.668207141900576,-1.014067498798769,0.11228076401064169,23.11051079023962,1.0986122886651097,0,0,3.0,7.8125e-05,0.0,12.254030721400577,7.411823894325357,11.516537789297985,0.5201728716539716,11.54426977859325,12.527638345445279,0.08859016579583912,24.522526603837985,1.0986122886651097,0.2,0.2,13,25.0
197,2,5,0.00013020833333333333,0.0,6.764808144230663,5.554667552175744,4.884384225409192,-1.5873241523103974,5.135835591793615,-3.2355300468932606,0.3918752858426152,28.814048246237796,1.6094379124291003,0,0,5.4,0.000140625,-0.4,7.082858533599411,6.178787400606955,5.003679968317349,-1.3697823157909697,5.191503058095867,-3.536036174071252,0.4538765230681414,26.798285941916696,1.5975155391179208,0.2,0.6,13,25.0
197,3,0,0.0,0.0,0.0,0.0,0.0,0.0,0.0,0.0,0.0,0.0,0.0,0,0,0.0,0.0,0.0,0.0,0.0,0.0,0.0,0.0,0.0,0.0,0.0,0.0,0.0,0.0,13,25.0
197,4,0,0.0,0.0,0.0,0.0,0.0,0.0,0.0,0.0,0.0,0.0,0.0,0,0,0.0,0.0,0.0,0.0,0.0,0.0,0.0,0.0,0.0,0.0,0.0,0.0,0.0,0.0,13,25.0
197,5,0,0.0,0.0,0.0,0.0,0.0,0.0,0.0,0.0,0.0,0.0,0.0,0,0,0.0,0.0,0.0,0.0,0.0,0.0,0.0,0.0,0.0,0.0,0.0,0.0,0.0,0.0,13,25.0
198,0,12,0.0003125,0.0,8.918916497905633,14.034715625716448,2.653421215658718,6.363935262806589,6.894948598568444,-15.758614321911613,0.6091303370809833,23.904006354499526,1.9072839993133792,0,0,12.0,0.0003125,0.4,9.933954655525435,16.12878870624787,2.865628653750298,7.182918708058092,7.73461091553026,21.230111343570414,0.6016005368078747,23.806911530611,1.9216681029359683,0.6,0.2,13,25.0
198,1,3,7.8125e-05,0.0,11.40193190714465,6.92726213126919,10.48888066422824,0.9432682130798479,10.531209451446111,-3.6882723910500363,0.11274047420026767,23.0916078958341,1.0986122886651097,0,0,3.0,7.8125e-05,0.0,11.345248572873635,6.973962591031189,10.452555241600624,0.8322707723439068,10.486344094489407,12.975323536744478,0.10984445650476204,23.196393593669068,1.0986122886651097,0.2,0.2,13,25.0
198,2,5,0.00013020833333333333,0.0,6.618858573694899,5.377133839465465,4.755867488057466,-1.5881548907246261,5.0140314638915635,-3.6487392633940905,0.3894113922440131,28.82012459121803,1.6094379124291003,0,0,5.0,0.00013020833333333333,-0.4,6.84964366250105,5.892448603200828,5.032782687756772,-1.460610952070334,5.2447548120326495,-3.2177759371139714,0.4036501417952958,28.70679139416481,1.6094379124291003,0.2,0.6,13,25.0
198,3,0,0.0,0.0,0.0,0.0,0.0,0.0,0.0,0.0,0.0,0.0,0.0,0,0,0.0,0.0,0.0,0.0,0.0,0.0,0.0,0.0,0.0,0.0,0.0,0.0,0.0,0.0,13,25.0
198,4,0,0.0,0.0,0.0,0.0,0.0,0.0,0.0,0.0,0.0,0.0,0.0,0,0,0.0,0.0,0.0,0.0,0.0,0.0,0.0,0.0,0.0,0.0,0.0,0.0,0.0,0.0,13,25.0
198,5,0,0.0,0.0,0.0,0.0,0.0,0.0,0.0,0.0,0.0,0.0,0.0,0,0,0.0,0.0,0.0,0.0,0.0,0.0,0.0,0.0,0.0,0.0,0.0,0.0,0.0,0.0,13,25.0
199,0,8,0.00020833333333333335,-4.0,7.631820260752725,10.663614568044364,6.0648521838799425,-0.38936050367743313,6.077337707757999,89.00663029905226,0.9142719721948069,32.23642377129926,1.7328679513938632,0,4,11.2,0.0002916666666666667,-0.8,9.403747713524774,14.952813382676634,3.454467655773219,5.646581952921286,7.363680273779546,10.981633695558466,0.6685308307705965,25.541877579953766,1.872400789729476,0.0,0.8,13,25.0
199,1,3,7.8125e-05,0.0,13.68107705125226,2.7613181482022076,13.423491618253356,-0.41876342784944237,13.430021966989568,-76.04618476469534,0.0187679952673806,19.578849174665226,1.0986122886651097,2,2,3.0,7.8125e-05,0.0,11.926764770966077,6.16761467525562,11.144542140956611,0.6341269469717208,11.17635646551353,-12.067057721166151,0.09290975080511717,22.434056084378888,1.0986122886651097,0.4,0.4,13,25.0
199,2,5,0.00013020833333333333,0.0,8.600189378869178,7.332487026285005,6.240445611609184,-1.2135212686984147,6.3573418423926,11.964030324859088,0.42883803651036634,21.88784209948136,1.6094379124291003,2,2,5.0,0.00013020833333333333,0.0,7.172773768566641,6.027203292456508,5.213836425963315,-1.4745727356578449,5.424945200981944,0.5644046907402,0.4026923769883769,27.425815315675216,1.6094379124291003,0.4,0.4,13,25.0
199,3,0,0.0,0.0,0.0,0.0,0.0,0.0,0.0,0.0,0.0,0.0,0.0,0,0,0.0,0.0,0.0,0.0,0.0,0.0,0.0,0.0,0.0,0.0,0.0,0.0,0.0,0.0,13,25.0
199,4,0,0.0,0.0,0.0,0.0,0.0,0.0,0.0,0.0,0.0,0.0,0.0,0,0,0.0,0.0,0.0,0.0,0.0,0.0,0.0,0.0,0.0,0.0,0.0,0.0,0.0,0.0,13,25.0
199,5,0,0.0,0.0,0.0,0.0,0.0,0.0,0.0,0.0,0.0,0.0,0.0,0,0,0.0,0.0,0.0,0.0,0.0,0.0,0.0,0.0,0.0,0.0,0.0,0.0,0.0,0.0,13,25.0
200,0,8,0.00020833333333333335,0.0,8.09263176312829,11.637328137573094,6.51624981774604,-0.559257349058668,6.540204925669487,11.520287559389164,0.9043746220168397,31.61625812310902,1.7328679513938632,0,0,10.4,0.0002708333333333333,-0.8,8.880894999102077,13.704481780555346,4.164592012430946,3.9616720434867454,6.990557721354135,11.165489385007547,0.7288200101083445,27.105483335567573,1.837517580145573,0.0,0.8,13,25.0
200,1,3,7.8125e-05,0.0,12.67448017189164,2.431646630966612,12.258744836899579,0.11663178455868428,12.259299651667767,-25.16492198401545,0.030938603101786644,21.394804613746214,1.0986122886651097,0,0,3.0,7.8125e-05,0.0,12.179395487162761,5.247041259623682,11.493431019511045,0.49578412966375585,11.519150850381985,-20.28919476856005,0.07721848727576357,22.065508744159374,1.0986122886651097,0.4,0.4,13,25.0
200,2,5,0.00013020833333333333,0.0,8.802707014878113,7.304166192862686,6.190873298839759,-1.2526575240413587,6.316333040208101,5.062940900223329,0.4295545208250421,23.01346480145121,1.6094379124291003,0,0,5.0,0.00013020833333333333,0.0,7.53615849155585,6.268944542739019,5.418404757016487,-1.4381999171012279,5.615525399337717,1.5707701138306227,0.407288941500871,26.268596689634812,1.6094379124291003,0.4,0.4,13,25.0
200,3,0,0.0,0.0,0.0,0.0,0.0,0.0,0.0,0.0,0.0,0.0,0.0,0,0,0.0,0.0,0.0,0.0,0.0,0.0,0.0,0.0,0.0,0.0,0.0,0.0,0.0,0.0,13,25.0
200,4,0,0.0,0.0,0.0,0.0,0.0,0.0,0.0,0.0,0.0,0.0,0.0,0,0,0.0,0.0,0.0,0.0,0.0,0.0,0.0,0.0,0.0,0.0,0.0,0.0,0.0,0.0,13,25.0
200,5,0,0.0,0.0,0.0,0.0,0.0,0.0,0.0,0.0,0.0,0.0,0.0,0,0,0.0,0.0,0.0,0.0,0.0,0.0,0.0,0.0,0.0,0.0,0.0,0.0,0.0,0.0,13,25.0
201,0,8,0.00020833333333333335,0.0,7.757407540146108,10.975697167363249,6.187258165648614,-0.5323103248058614,6.210114160808993,-8.380605574554574,0.860128950672548,31.327367000618587,1.7328679513938632,0,0,9.6,0.00025,-0.8,8.39000742654297,12.535071049228186,4.833051457805591,2.35893011102361,6.631766525710704,11.964617931597326,0.7793318084436297,28.59655403260708,1.8026343705616696,0.0,0.8,13,25.0
201,1,3,7.8125e-05,0.0,12.080085566302936,2.3534877750804077,11.553595160567198,0.3849901533462044,11.560007722854484,-14.859865139717613,0.03948713455158093,21.634291002100394,1.0986122886651097,0,0,3.0,7.8125e-05,0.0,12.277407499875627,4.300921062437661,11.670348722998341,0.39250573618000645,11.689749186971701,-24.154662355655496,0.06284299422633151,21.76201269531711,1.0986122886651097,0.4,0.4,13,25.0
201,2,5,0.00013020833333333333,0.0,8.804102762452619,7.21122256230206,6.09479971729502,-1.266315036441232,6.224960832443576,0.03489368936265258,0.42851681450155055,23.557996679793938,1.6094379124291003,0,0,5.0,0.00013020833333333333,0.0,7.918133174825096,6.555935434618192,5.633274068242124,-1.3815945744432057,5.809700554145891,2.0355191208315455,0.4136392099847175,25.218695283636468,1.6094379124291003,0.4,0.4,13,25.0
201,3,0,0.0,0.0,0.0,0.0,0.0,0.0,0.0,0.0,0.0,0.0,0.0,0,0,0.0,0.0,0.0,0.0,0.0,0.0,0.0,0.0,0.0,0.0,0.0,0.0,0.0,0.0,13,25.0
201,4,0,0.0,0.0,0.0,0.0,0.0,0.0,0.0,0.0,0.0,0.0,0.0,0,0,0.0,0.0,0.0,0.0,0.0,0.0,0.0,0.0,0.0,0.0,0.0,0.0,0.0,0.0,13,25.0
201,5,0,0.0,0.0,0.0,0.0,0.0,0.0,0.0,0.0,0.0,0.0,0.0,0,0,0.0,0.0,0.0,0.0,0.0,0.0,0.0,0.0,0.0,0.0,0.0,0.0,0.0,0.0,13,25.0
202,0,8,0.00020833333333333335,0.0,7.254493357555794,10.033398627358515,5.707036260704308,-0.460813230417873,5.725610160875605,-12.572854564757868,0.8337777750680141,31.18983363463329,1.7328679513938632,0,0,8.8,0.00022916666666666666,-0.8,7.931053883897709,11.468950825211135,5.425763528727524,0.8844387709693506,6.289643110736105,12.762968679443471,0.8243367314066384,30.054777776831934,1.7677511609777663,0.0,0.8,13,25.0
202,1,3,7.8125e-05,0.0,11.66282551125871,2.323241287694919,11.076558392201925,0.5125012874455798,11.088408514547625,-10.431501376105615,0.044590788621211574,21.752715959084572,1.0986122886651097,0,0,3.0,7.8125e-05,0.0,12.30008004157004,3.3593911946426673,11.76025413443006,0.3077256021161746,11.77378946150111,-26.038149131116864,0.04930499914844548,21.490453729086102,1.0986122886651097,0.4,0.4,13,25.0
202,2,5,0.00013020833333333333,0.0,8.708196531721168,7.087159288435106,5.980211473418683,-1.260243921840645,6.111558230872445,-2.3976557682862727,0.4276538040999117,23.82896035599909,1.6094379124291003,0,0,5.0,0.00013020833333333333,0.0,8.306810852323196,6.862433781870064,5.852439517844022,-1.3161785283492553,6.004845081961657,2.2030939765529425,0.4207949136361767,24.221677705588725,1.6094379124291003,0.4,0.4,13,25.0
202,3,0,0.0,0.0,0.0,0.0,0.0,0.0,0.0,0.0,0.0,0.0,0.0,0,0,0.0,0.0,0.0,0.0,0.0,0.0,0.0,0.0,0.0,0.0,0.0,0.0,0.0,0.0,13,25.0
202,4,0,0.0,0.0,0.0,0.0,0.0,0.0,0.0,0.0,0.0,0.0,0.0,0,0,0.0,0.0,0.0,0.0,0.0,0.0,0.0,0.0,0.0,0.0,0.0,0.0,0.0,0.0,13,25.0
202,5,0,0.0,0.0,0.0,0.0,0.0,0.0,0.0,0.0,0.0,0.0,0.0,0,0,0.0,0.0,0.0,0.0,0.0,0.0,0.0,0.0,0.0,0.0,0.0,0.0,0.0,0.0,13,25.0
203,0,8,0.00020833333333333335,0.0,6.761442080921308,9.169194620032409,5.245594453098855,-0.38787027018179876,5.259914876960689,-12.326281915862138,0.8198115511176467,31.12449700772083,1.7328679513938632,0,0,8.0,0.00020833333333333335,-0.8,7.499559000500845,10.495846624074327,5.944198176215552,-0.46592233562832686,5.962636366414554,13.449435160653366,0.8664729742139711,31.498875907476197,1.7328679513938632,0.0,0.8,13,25.0
203,1,3,7.8125e-05,0.0,11.327139794513258,2.2957832096535724,10.715064432617067,0.5695133090792687,10.730188777666203,-8.392142918636317,0.04740543808112374,21.81126110521664,1.0986122886651097,0,0,3.0,7.8125e-05,0.0,12.28512161904376,2.433095410319544,11.805490888107826,0.23297462131605878,11.81358532674513,-26.97892323663412,0.0362379919246167,21.23438437096261,1.0986122886651097,0.4,0.4,13,25.0
203,2,5,0.00013020833333333333,0.0,8.563803518865639,6.946929598154902,5.856645025394384,-1.2438620261904763,5.987276817859306,-3.609825321388196,0.42713234690228785,23.964905185343547,1.6094379124291003,0,0,5.0,0.00013020833333333333,0.0,8.695799841357344,7.176392933607952,6.072595025311406,-1.2473199554424252,6.199494152755205,2.2108767649541217,0.4283391045678317,23.250633824413832,1.6094379124291003,0.4,0.4,13,25.0
203,3,0,0.0,0.0,0.0,0.0,0.0,0.0,0.0,0.0,0.0,0.0,0.0,0,0,0.0,0.0,0.0,0.0,0.0,0.0,0.0,0.0,0.0,0.0,0.0,0.0,0.0,0.0,13,25.0
203,4,0,0.0,0.0,0.0,0.0,0.0,0.0,0.0,0.0,0.0,0.0,0.0,0,0,0.0,0.0,0.0,0.0,0.0,0.0,0.0,0.0,0.0,0.0,0.0,0.0,0.0,0.0,13,25.0
203,5,0,0.0,0.0,0.0,0.0,0.0,0.0,0.0,0.0,0.0,0.0,0.0,0,0,0.0,0.0,0.0,0.0,0.0,0.0,0.0,0.0,0.0,0.0,0.0,0.0,0.0,0.0,13,25.0
204,0,12,0.0003125,4.0,10.299977019617225,12.725132505239651,7.525012477695394,0.9783813118962913,7.588349147274345,11.936122473419159,0.9737091853447495,17.729418573246953,1.8200759753536213,4,0,8.8,0.00022916666666666666,0.8,8.033190352273746,10.908150211513384,6.236230234978642,-0.19237397251358196,6.264838654317822,-1.9646664044732542,0.8783604168439597,28.597474867865735,1.7503095561858149,0.8,0.0,13,25.0
204,1,4,0.00010416666666666667,1.0,6.120291288820964,4.860858147016683,5.679819230028263,1.451003934715532,5.862231563522445,-18.449089979778943,0.039702779948095346,30.531903474681826,1.3862943611158907,3,2,3.2,8.333333333333334e-05,0.2,10.772964466557502,2.853003410082439,10.256756410462808,0.6069280938290535,10.300027246051704,-15.45950427965084,0.040424948860759646,23.42499523096593,1.156148703155266,0.6,0.4,13,25.0
204,2,6,0.00015625,1.0,7.958642531905807,5.0904337232952175,5.182022679254625,0.006121792962804203,5.182026295249606,-35.46960641766913,0.590650074808787,20.726867709224834,1.791759469222055,1,0,5.2,0.00013541666666666666,0.2,8.567490471964668,6.727982273009994,5.860910438840493,-1.0033913431101813,5.9644310433266075,-7.275850583551521,0.4607015122275159,23.018438946362522,1.6459022237876912,0.2,0.0,13,25.0
204,3,0,0.0,0.0,0.0,0.0,0.0,0.0,0.0,0.0,0.0,0.0,0.0,0,0,0.0,0.0,0.0,0.0,0.0,0.0,0.0,0.0,0.0,0.0,0.0,0.0,0.0,0.0,13,25.0
204,4,0,0.0,0.0,0.0,0.0,0.0,0.0,0.0,0.0,0.0,0.0,0.0,0,0,0.0,0.0,0.0,0.0,0.0,0.0,0.0,0.0,0.0,0.0,0.0,0.0,0.0,0.0,13,25.0
204,5,0,0.0,0.0,0.0,0.0,0.0,0.0,0.0,0.0,0.0,0.0,0.0,0,0,0.0,0.0,0.0,0.0,0.0,0.0,0.0,0.0,0.0,0.0,0.0,0.0,0.0,0.0,13,25.0
205,0,12,0.0003125,0.0,10.209043149953324,12.348910287818068,7.266695309746427,1.1215642409422888,7.352738746293872,-2.2733467415975084,0.9243371308590742,17.638942031291442,1.8636799873340004,0,0,9.6,0.00025,0.8,8.456472629638752,11.050466641562378,6.38631933337872,0.1437903454866094,6.4273454184427,-4.723393264670588,0.8823529186124066,25.80201164950222,1.7764719633738424,0.8,0.0,13,25.0
205,1,4,0.00010416666666666667,0.0,5.925697267710281,4.691746965581997,5.52028377499951,1.283429984505685,5.667514929989255,-4.864850527767084,0.03574574474148351,30.6233381152788,1.3862943611158907,0,0,3.4,8.854166666666667e-05,0.2,9.42320788572123,3.3050234770055154,8.909064198082792,0.8402877338184538,8.981670301716004,-11.399489988401168,0.04138637718869902,25.27070193127245,1.213685117645422,0.6,0.4,13,25.0
205,2,6,0.00015625,0.0,7.428807510633949,4.459099354826547,4.375424686772807,0.24285756972197733,4.382159397921552,-13.245875531796434,0.6726864161377586,21.040020937713376,1.791759469222055,0,0,5.4,0.000140625,0.2,8.292710571115837,6.158968905402767,5.497820716427103,-0.7042883243575142,5.5775963148692975,-10.937613869955474,0.5093278912900592,22.623750173614958,1.6823665351462822,0.2,0.0,13,25.0
205,3,0,0.0,0.0,0.0,0.0,0.0,0.0,0.0,0.0,0.0,0.0,0.0,0,0,0.0,0.0,0.0,0.0,0.0,0.0,0.0,0.0,0.0,0.0,0.0,0.0,0.0,0.0,13,25.0
205,4,0,0.0,0.0,0.0,0.0,0.0,0.0,0.0,0.0,0.0,0.0,0.0,0,0,0.0,0.0,0.0,0.0,0.0,0.0,0.0,0.0,0.0,0.0,0.0,0.0,0.0,0.0,13,25.0
205,5,0,0.0,0.0,0.0,0.0,0.0,0.0,0.0,0.0,0.0,0.0,0.0,0,0,0.0,0.0,0.0,0.0,0.0,0.0,0.0,0.0,0.0,0.0,0.0,0.0,0.0,0.0,13,25.0
206,0,12,0.0003125,0.0,9.779548821973028,11.612349884060862,6.835490348788189,1.1536942265014556,6.932166953892503,-10.737358199507428,0.8853543154809884,17.615913774398354,1.8636799873340004,0,0,10.4,0.0002708333333333333,0.8,8.860900886004135,11.177797184901902,6.515965770006633,0.4809912557480728,6.571755977059402,-5.1947437896611595,0.8873979915740946,23.059721004258176,1.8026343705618697,0.8,0.0,13,25.0
206,1,4,0.00010416666666666667,0.0,5.774829093910556,4.554933090737955,5.383281531603661,1.2014506120823096,5.515723309030105,-3.7717043449931262,0.03478503318508819,30.664487621243506,1.3862943611158907,0,0,3.6,9.375e-05,0.2,8.162156591242754,3.745312540137025,7.675001472290086,1.0035798255656747,7.772813418951126,-9.181857829456272,0.04044595691540047,27.07674125510107,1.2712215321355782,0.6,0.4,13,25.0
206,2,6,0.00015625,0.0,7.092270320825878,4.149304848617261,3.9352912472618358,0.33848732113867513,3.9498216247505726,-8.413429745201798,0.6992957847787695,21.24775398085694,1.791759469222055,0,0,5.6,0.00014583333333333335,0.2,7.9503440827904885,5.546585362665807,5.065919022420467,-0.3833278528415328,5.122568473330697,-12.627278556868363,0.563483685345503,22.161701633827555,1.7188308465048732,0.2,0.0,13,25.0
206,3,0,0.0,0.0,0.0,0.0,0.0,0.0,0.0,0.0,0.0,0.0,0.0,0,0,0.0,0.0,0.0,0.0,0.0,0.0,0.0,0.0,0.0,0.0,0.0,0.0,0.0,0.0,13,25.0
206,4,0,0.0,0.0,0.0,0.0,0.0,0.0,0.0,0.0,0.0,0.0,0.0,0,0,0.0,0.0,0.0,0.0,0.0,0.0,0.0,0.0,0.0,0.0,0.0,0.0,0.0,0.0,13,25.0
206,5,0,0.0,0.0,0.0,0.0,0.0,0.0,0.0,0.0,0.0,0.0,0.0,0,0,0.0,0.0,0.0,0.0,0.0,0.0,0.0,0.0,0.0,0.0,0.0,0.0,0.0,0.0,13,25.0
207,0,12,0.0003125,0.0,9.25160396892047,10.818916165417525,6.375308585933477,1.1368534691275416,6.475877961801353,-13.198621326313942,0.8704173894922546,17.610994847659327,1.7917594692210552,0,0,11.2,0.0002916666666666667,0.8,9.260323008277073,11.334900692513703,6.649620235052469,0.8005245956571556,6.721809537244551,-5.319897141972374,0.8947259144589428,20.343953246863386,1.8144126741273081,0.8,0.0,13,25.0
207,1,4,0.00010416666666666667,0.0,5.639117897017486,4.437407439856566,5.257522365845288,1.1493349938684436,5.381683041158594,-3.392779922326749,0.03447470845281986,30.684373801135276,1.3862943611158907,0,0,3.8,9.895833333333334e-05,0.2,6.957415068394509,4.168145770569355,6.511194267018757,1.1309465668502476,6.631468324273321,-7.774113538700497,0.03842274088172213,28.86307282351121,1.3287579466257344,0.6,0.4,13,25.0
207,2,6,0.00015625,0.0,6.849466420872452,3.9682051568877506,3.6759463099555476,0.3794965364426068,3.6954835806491877,-6.07009749883566,0.7103007389230942,21.37159632517307,1.791759469222055,0,0,5.8,0.00015104166666666667,0.2,7.578598060620744,4.922794536356335,4.605065989727839,-0.05537976118488243,4.639353543286044,-13.36176690297824,0.6200130723101395,21.670228827662353,1.7552951578634641,0.2,0.0,13,25.0
207,3,0,0.0,0.0,0.0,0.0,0.0,0.0,0.0,0.0,0.0,0.0,0.0,0,0,0.0,0.0,0.0,0.0,0.0,0.0,0.0,0.0,0.0,0.0,0.0,0.0,0.0,0.0,13,25.0
207,4,0,0.0,0.0,0.0,0.0,0.0,0.0,0.0,0.0,0.0,0.0,0.0,0,0,0.0,0.0,0.0,0.0,0.0,0.0,0.0,0.0,0.0,0.0,0.0,0.0,0.0,0.0,13,25.0
207,5,0,0.0,0.0,0.0,0.0,0.0,0.0,0.0,0.0,0.0,0.0,0.0,0,0,0.0,0.0,0.0,0.0,0.0,0.0,0.0,0.0,0.0,0.0,0.0,0.0,0.0,0.0,13,25.0
208,0,12,0.0003125,0.0,8.718644190151482,10.068437357455176,5.938098611787001,1.0997312888409225,6.039074766134497,-13.323994469224715,0.8638248998600269,17.612166691678016,1.7917594692210552,0,0,12.0,0.0003125,0.8,9.651763430123106,11.514749239998256,6.788121066790097,1.0980449074616998,6.877641515079313,-5.5194396526448894,0.9035285842074187,17.64148718365482,1.8261909776927467,0.8,0.0,13,25.0
208,1,4,0.00010416666666666667,0.0,5.510772463270961,4.330805373534614,5.138022304372998,1.1112420849296099,5.256817684831111,-3.208635843663113,0.03435756272192558,30.69292154143195,1.3862943611158907,0,0,4.0,0.00010416666666666667,0.2,5.79414160214605,4.575150203345563,5.395785841369944,1.2392923220203158,5.536794105706302,-6.737412123705857,0.035813165809882495,30.639404910754273,1.3862943611158907,0.6,0.4,13,25.0
208,2,6,0.00015625,0.0,6.653916107354347,3.8394299071966693,3.5072879196550186,0.39458579151820333,3.529414469600599,-4.888757837952624,0.7153893682328438,21.439326113605915,1.791759469222055,0,0,6.0,0.00015625,0.2,7.196620578318486,4.301294598164689,4.135194568579967,0.2723098023568535,4.147781073634303,-13.617553406291128,0.6776644765762506,21.16511301331483,1.791759469222055,0.2,0.0,13,25.0
208,3,0,0.0,0.0,0.0,0.0,0.0,0.0,0.0,0.0,0.0,0.0,0.0,0,0,0.0,0.0,0.0,0.0,0.0,0.0,0.0,0.0,0.0,0.0,0.0,0.0,0.0,0.0,13,25.0
208,4,0,0.0,0.0,0.0,0.0,0.0,0.0,0.0,0.0,0.0,0.0,0.0,0,0,0.0,0.0,0.0,0.0,0.0,0.0,0.0,0.0,0.0,0.0,0.0,0.0,0.0,0.0,13,25.0
208,5,0,0.0,0.0,0.0,0.0,0.0,0.0,0.0,0.0,0.0,0.0,0.0,0,0,0.0,0.0,0.0,0.0,0.0,0.0,0.0,0.0,0.0,0.0,0.0,0.0,0.0,0.0,13,25.0
209,0,8,0.00020833333333333335,-4.0,4.598826451254807,7.336838143180211,1.8874987296071493,0.8014217685152424,2.0505921840577424,6.805539370941443,0.8087115455754277,35.10033037274599,1.4941751382843083,1,5,11.2,0.0002916666666666667,-0.8,8.511533316450622,10.437090367586368,5.660618317172448,1.0626529987854902,5.770090122435993,-6.545556273140432,0.8705290562535544,21.115669543554624,1.761010810278884,0.2,1.0,13,25.0
209,1,5,0.00013020833333333333,1.0,15.160038474091095,16.47913680080194,14.531425558291858,3.0913028038480803,14.85659724772994,576.3172646535095,0.02908143245262307,40.95298310967759,1.6094379124291003,3,2,4.2,0.00010937500000000002,0.2,7.602091039200076,6.898805934102614,7.166107107022663,1.5673520958468257,7.335667242547801,112.21585880295183,0.033688896310788044,32.72362083775342,1.4309230713785326,0.6,0.4,13,25.0
209,2,7,0.00018229166666666667,1.0,5.416443533769245,4.086789453457703,2.737173459193165,-0.5413599456405895,2.790195178917679,-8.368299615589029,0.556615394601578,19.08765592426614,1.7478680974607577,1,0,6.2,0.00016145833333333333,0.2,6.688180778691174,4.100565744197186,3.646224724567675,0.16281345463617475,3.669414850367918,-8.197292045875107,0.6708575405348088,20.837270656323085,1.7829811948697956,0.2,0.0,13,25.0
209,3,0,0.0,0.0,0.0,0.0,0.0,0.0,0.0,0.0,0.0,0.0,0.0,0,0,0.0,0.0,0.0,0.0,0.0,0.0,0.0,0.0,0.0,0.0,0.0,0.0,0.0,0.0,13,25.0
209,4,0,0.0,0.0,0.0,0.0,0.0,0.0,0.0,0.0,0.0,0.0,0.0,0,0,0.0,0.0,0.0,0.0,0.0,0.0,0.0,0.0,0.0,0.0,0.0,0.0,0.0,0.0,13,25.0
209,5,0,0.0,0.0,0.0,0.0,0.0,0.0,0.0,0.0,0.0,0.0,0.0,0,0,0.0,0.0,0.0,0.0,0.0,0.0,0.0,0.0,0.0,0.0,0.0,0.0,0.0,0.0,13,25.0
210,0,8,0.00020833333333333335,0.0,4.714950869866106,7.477317624460917,1.8599757592001653,0.7418124570835635,2.002447389145739,2.9031104652825177,0.8344946831257625,34.30576827773026,1.6674619334232947,0,0,10.4,0.0002708333333333333,-0.8,7.412714860433178,9.462771834914937,4.579274407063195,0.9867026420137449,4.700031851006366,-5.510264831764427,0.852560566706892,24.44903479284239,1.721767199496743,0.2,1.0,13,25.0
210,1,5,0.00013020833333333333,0.0,16.139683288245912,18.885820959201506,15.4642279167436,3.421643138514532,15.838244436437256,24.49112035387042,0.03028314455947445,41.063302469787104,1.6094379124291003,0,0,4.4,0.00011458333333333333,0.2,9.644888243307204,9.737620732826517,9.154895935371481,1.994994726648595,9.369813143837401,118.08705297927933,0.03259637627438623,34.81161370865509,1.4755517816411747,0.6,0.4,13,25.0
210,2,7,0.00018229166666666667,0.0,5.375225231311522,4.141539898467509,2.573660299517028,-0.9647409912459249,2.7485364319033954,-1.0304575614430813,0.49069170112339633,19.527130621877014,1.5498260458732018,0,0,6.4,0.0001666666666666667,0.2,6.277464322826689,4.0370538529253785,3.285871847116519,-0.07870625755740572,3.342690257164287,-5.754208451804437,0.6344585975319363,20.534692593155818,1.734594510200025,0.2,0.0,13,25.0
210,3,0,0.0,0.0,0.0,0.0,0.0,0.0,0.0,0.0,0.0,0.0,0.0,0,0,0.0,0.0,0.0,0.0,0.0,0.0,0.0,0.0,0.0,0.0,0.0,0.0,0.0,0.0,13,25.0
210,4,0,0.0,0.0,0.0,0.0,0.0,0.0,0.0,0.0,0.0,0.0,0.0,0,0,0.0,0.0,0.0,0.0,0.0,0.0,0.0,0.0,0.0,0.0,0.0,0.0,0.0,0.0,13,25.0
210,5,0,0.0,0.0,0.0,0.0,0.0,0.0,0.0,0.0,0.0,0.0,0.0,0,0,0.0,0.0,0.0,0.0,0.0,0.0,0.0,0.0,0.0,0.0,0.0,0.0,0.0,0.0,13,25.0
211,0,8,0.00020833333333333335,0.0,4.719555833063089,7.445110477426965,1.8195258370014165,0.7034920316943758,1.9507883816993543,0.11512407992454943,0.8453826481819726,33.85518739744601,1.6674619334232947,0,0,9.6,0.00025,-0.8,6.40071626265119,8.629323953588159,3.576081504705841,0.8966622030523291,3.703756136567736,-3.3397683758780317,0.8445662332470889,27.696889517451915,1.6825235887146015,0.2,1.0,13,25.0
211,1,5,0.00013020833333333333,0.0,15.197111295956768,17.405727886133914,14.553278431145381,3.198147617020116,14.900538959201873,-23.564299807228586,0.03102569785813425,41.121807136781825,1.6094379124291003,0,0,4.6,0.00011979166666666666,0.2,11.529344683716443,12.307779691905708,10.988895315279825,2.394334127636156,11.246776273871754,114.12853388683224,0.03184450920899544,36.903077611762754,1.5201804919038167,0.6,0.4,13,25.0
211,2,7,0.00018229166666666667,0.0,5.341882978891994,4.153029985528679,2.463821407964724,-1.1606823859888746,2.7235270388762625,-0.8335563104881718,0.49762866725948696,19.774920310383088,1.5498260458732018,0,0,6.6,0.000171875,0.2,5.927386854439912,4.037798880307662,2.9915778792570964,-0.3785401989829157,3.097431339989425,-4.238233764861712,0.59412517402808,20.240125859061045,1.6862078255302542,0.2,0.0,13,25.0
211,3,0,0.0,0.0,0.0,0.0,0.0,0.0,0.0,0.0,0.0,0.0,0.0,0,0,0.0,0.0,0.0,0.0,0.0,0.0,0.0,0.0,0.0,0.0,0.0,0.0,0.0,0.0,13,25.0
211,4,0,0.0,0.0,0.0,0.0,0.0,0.0,0.0,0.0,0.0,0.0,0.0,0,0,0.0,0.0,0.0,0.0,0.0,0.0,0.0,0.0,0.0,0.0,0.0,0.0,0.0,0.0,13,25.0
211,5,0,0.0,0.0,0.0,0.0,0.0,0.0,0.0,0.0,0.0,0.0,0.0,0,0,0.0,0.0,0.0,0.0,0.0,0.0,0.0,0.0,0.0,0.0,0.0,0.0,0.0,0.0,13,25.0
212,0,8,0.00020833333333333335,0.0,4.661735141659497,7.328689571532828,1.773998490897683,0.6760810108668617,1.8984615294922396,-1.4455172850898117,0.8503642832189682,33.63570366336636,1.6674619334232945,0,0,8.8,0.00022916666666666666,-0.8,5.482742497198996,7.931278634811219,2.6558194856986823,0.8045077114001933,2.7882728501059137,-0.989147567633206,0.8405556119924317,30.901831280593324,1.6576640815550494,0.2,1.0,13,25.0
212,1,5,0.00013020833333333333,0.0,13.92394594939706,15.232626400515729,13.327242422633649,2.8766413625217817,13.634165032014876,-31.829133663992696,0.03143695174709926,41.152471005756915,1.6094379124291003,0,0,4.8,0.000125,0.2,13.186310294192358,14.466823484037542,12.602839326637497,2.7397954013668238,12.89727267204301,108.44126313849904,0.03123695786785132,38.99669705268708,1.5648092021664584,0.6,0.4,13,25.0
212,2,7,0.00018229166666666667,0.0,5.273155453421803,4.123270829567127,2.381599338250844,-1.2433875898462328,2.6866388120736437,-1.7181881367547802,0.5015235458637173,19.90501521978362,1.5498260458732018,0,0,6.8,0.00017708333333333332,0.2,5.612124660949782,4.068812014843537,2.732708484916156,-0.7031170242406836,2.895662386274316,-3.367851892445535,0.5523697354162045,19.946809637983154,1.6378211408604837,0.2,0.0,13,25.0
212,3,0,0.0,0.0,0.0,0.0,0.0,0.0,0.0,0.0,0.0,0.0,0.0,0,0,0.0,0.0,0.0,0.0,0.0,0.0,0.0,0.0,0.0,0.0,0.0,0.0,0.0,0.0,13,25.0
212,4,0,0.0,0.0,0.0,0.0,0.0,0.0,0.0,0.0,0.0,0.0,0.0,0,0,0.0,0.0,0.0,0.0,0.0,0.0,0.0,0.0,0.0,0.0,0.0,0.0,0.0,0.0,13,25.0
212,5,0,0.0,0.0,0.0,0.0,0.0,0.0,0.0,0.0,0.0,0.0,0.0,0,0,0.0,0.0,0.0,0.0,0.0,0.0,0.0,0.0,0.0,0.0,0.0,0.0,0.0,0.0,13,25.0
213,0,8,0.00020833333333333335,0.0,4.57310960219174,7.173496582291062,1.7270523410606429,0.6543660418405277,1.8468634777581927,-2.2156384866939267,0.8527597293902389,33.528093150885454,1.6674619334232945,0,0,8.0,0.00020833333333333335,-0.8,4.653635579607048,7.352290479778397,1.8136102315534106,0.7154346620001142,1.949830592430653,1.2325236288729515,0.8383425778984741,34.08501657243481,1.6328045743954973,0.2,1.0,13,25.0
213,1,5,0.00013020833333333333,0.0,12.73391276014075,13.20687934690922,12.182675350572369,2.5749102249769082,12.451816789695158,-29.750829731407727,0.03165645359149949,41.16764802226245,1.6094379124291003,0,0,5.0,0.00013020833333333333,0.2,14.630938353566318,16.242038278712464,14.011769935877371,3.032529029376284,14.336272493015821,103.13282436095014,0.030696736041766103,41.09164234885317,1.6094379124291003,0.6,0.4,13,25.0
213,2,7,0.00018229166666666667,0.0,5.181680707498302,4.064967197531122,2.313906026729993,-1.2698852304772592,2.6394638847920735,-2.286868648087529,0.5030780558688812,19.971161697137934,1.5498260458732018,0,0,7.0,0.00018229166666666667,0.2,5.3176775809785735,4.113919472910428,2.494032106331151,-1.0360112286397762,2.7176722693126107,-2.847474054472517,0.509907472943412,19.65317675468956,1.589434456190713,0.2,0.0,13,25.0
213,3,0,0.0,0.0,0.0,0.0,0.0,0.0,0.0,0.0,0.0,0.0,0.0,0,0,0.0,0.0,0.0,0.0,0.0,0.0,0.0,0.0,0.0,0.0,0.0,0.0,0.0,0.0,13,25.0
213,4,0,0.0,0.0,0.0,0.0,0.0,0.0,0.0,0.0,0.0,0.0,0.0,0,0,0.0,0.0,0.0,0.0,0.0,0.0,0.0,0.0,0.0,0.0,0.0,0.0,0.0,0.0,13,25.0
213,5,0,0.0,0.0,0.0,0.0,0.0,0.0,0.0,0.0,0.0,0.0,0.0,0,0,0.0,0.0,0.0,0.0,0.0,0.0,0.0,0.0,0.0,0.0,0.0,0.0,0.0,0.0,13,25.0
214,0,10,0.00026041666666666666,2.0,5.633371176320481,8.39710868030742,2.606942001964641,2.4507009196872525,3.577999664528122,61.71510920522152,0.7703275165887938,28.166107411776107,1.7480673485390896,2,0,8.4,0.00021875000000000003,0.4,4.860544524620183,7.564344587203839,1.9574988860249092,1.0452904922345163,2.255312088524729,12.214437595728967,0.8306657721011472,32.69817198024084,1.6835830164464536,0.4,0.0,13,25.0
214,1,3,7.8125e-05,-2.0,25.747640526864824,26.00608152031149,24.925155925126262,6.224254858205654,25.69055753446689,498.2565064292305,0.008713476472516302,56.21540482105163,1.0986122886651097,0,2,4.6,0.00011979166666666666,-0.4,16.74845876412106,18.147427222614372,16.09051600924425,3.6591194402477982,16.503064550363213,87.52067271609434,0.02662314484574475,44.14412669112799,1.5072727876763021,0.0,0.4,13,25.0
214,2,8,0.00020833333333333335,1.0,7.902381983837429,5.539753298314213,1.1968668289625932,-1.8465961343306039,2.2005470887021943,81.62431845510335,0.6348371097787047,18.872530550581942,1.9061547465328494,2,1,7.2,0.0001875,0.2,5.81486527099221,4.40451224188173,2.1859707802850363,-1.2970584663777789,2.599742651269514,15.151049559665958,0.5255518159788373,19.610151679952722,1.6210917860051315,0.4,0.2,13,25.0
214,3,0,0.0,0.0,0.0,0.0,0.0,0.0,0.0,0.0,0.0,0.0,0.0,0,0,0.0,0.0,0.0,0.0,0.0,0.0,0.0,0.0,0.0,0.0,0.0,0.0,0.0,0.0,13,25.0
214,4,0,0.0,0.0,0.0,0.0,0.0,0.0,0.0,0.0,0.0,0.0,0.0,0,0,0.0,0.0,0.0,0.0,0.0,0.0,0.0,0.0,0.0,0.0,0.0,0.0,0.0,0.0,13,25.0
214,5,0,0.0,0.0,0.0,0.0,0.0,0.0,0.0,0.0,0.0,0.0,0.0,0,0,0.0,0.0,0.0,0.0,0.0,0.0,0.0,0.0,0.0,0.0,0.0,0.0,0.0,0.0,13,25.0
215,0,10,0.00026041666666666666,0.0,5.851181907438892,8.892894403636877,2.792961794258809,2.7553412937035393,3.9233329235456527,5.445268277960302,0.6700101436218147,28.096229038009078,1.7480673485390896,0,0,8.8,0.00022916666666666666,0.4,5.08779073213474,7.84745994303903,2.1440960930366377,1.4479962595585114,2.6394891954047113,12.722869158264524,0.7977688642003576,31.456264132296603,1.6997040994696124,0.4,0.0,13,25.0
215,1,3,7.8125e-05,0.0,27.907256897704016,30.104613717286348,27.05838886997,6.70001329838805,27.875555356568107,53.99040927097982,0.006574273989427781,52.8553654867778,1.0986122886651097,0,0,4.2,0.00010937500000000002,-0.4,19.10197348601268,20.39118577423134,18.409348199889532,4.314793472222502,18.910526734389382,93.42053049951622,0.021881370731735416,46.50253929452612,1.405107662923504,0.0,0.4,13,25.0
215,2,8,0.00020833333333333335,0.0,8.51671073152177,6.1132638698085815,1.202779331253906,-1.8199936364404143,2.1815258321585826,15.35821869210847,0.6505920170513847,18.57676027785488,1.9061547465328494,0,0,7.4,0.00019270833333333333,0.2,6.443162371034259,4.798857036149945,1.9117945866324118,-1.4681089954166768,2.4863405313205513,18.428784810376268,0.5575318791644349,19.420077611148294,1.692357526137061,0.4,0.2,13,25.0
215,3,0,0.0,0.0,0.0,0.0,0.0,0.0,0.0,0.0,0.0,0.0,0.0,0,0,0.0,0.0,0.0,0.0,0.0,0.0,0.0,0.0,0.0,0.0,0.0,0.0,0.0,0.0,13,25.0
215,4,0,0.0,0.0,0.0,0.0,0.0,0.0,0.0,0.0,0.0,0.0,0.0,0,0,0.0,0.0,0.0,0.0,0.0,0.0,0.0,0.0,0.0,0.0,0.0,0.0,0.0,0.0,13,25.0
215,5,0,0.0,0.0,0.0,0.0,0.0,0.0,0.0,0.0,0.0,0.0,0.0,0,0,0.0,0.0,0.0,0.0,0.0,0.0,0.0,0.0,0.0,0.0,0.0,0.0,0.0,0.0,13,25.0
216,0,10,0.00026041666666666666,0.0,5.630904148073167,8.516137571207695,2.706397771980899,2.6432853183124183,3.7830604243375703,-5.506943984143139,0.6807008173689747,28.015754410199946,1.7480673485390896,0,0,9.2,0.00023958333333333332,0.4,5.270060395136755,8.061665361795177,2.3214704800325343,1.83595491688212,3.0059436039323546,11.598455545450985,0.7648324980377581,30.28837753484739,1.7158251824927717,0.4,0.0,13,25.0
216,1,3,7.8125e-05,0.0,25.90613950499406,27.902280995494053,25.132690908229392,6.191159602779996,25.88402228239829,-50.02793481774899,0.005788011094865042,51.304895840173835,1.0986122886651097,0,0,3.8,9.895833333333334e-05,-0.4,21.24377912782014,22.49049639610337,20.525230695306334,4.913395869374478,21.107223399028662,88.12780349741215,0.016833833379081575,48.539157035204525,1.3029425381707058,0.0,0.4,13,25.0
216,2,8,0.00020833333333333335,0.0,8.454701320091853,5.899571266609226,1.4395788631349524,-1.679681823396332,2.2121750226943955,-1.5502352857478972,0.6635171788125156,18.490953102275544,1.9061547465328494,0,0,7.6,0.0001979166666666667,0.2,7.065726039274232,5.148165292366054,1.7069460776664578,-1.5719088828981682,2.384070128084178,18.285449015324325,0.5907095814750407,19.163284169526783,1.7636232662689906,0.4,0.2,13,25.0
216,3,0,0.0,0.0,0.0,0.0,0.0,0.0,0.0,0.0,0.0,0.0,0.0,0,0,0.0,0.0,0.0,0.0,0.0,0.0,0.0,0.0,0.0,0.0,0.0,0.0,0.0,0.0,13,25.0
216,4,0,0.0,0.0,0.0,0.0,0.0,0.0,0.0,0.0,0.0,0.0,0.0,0,0,0.0,0.0,0.0,0.0,0.0,0.0,0.0,0.0,0.0,0.0,0.0,0.0,0.0,0.0,13,25.0
216,5,0,0.0,0.0,0.0,0.0,0.0,0.0,0.0,0.0,0.0,0.0,0.0,0,0,0.0,0.0,0.0,0.0,0.0,0.0,0.0,0.0,0.0,0.0,0.0,0.0,0.0,0.0,13,25.0
217,0,10,0.00026041666666666666,0.0,5.318257878272371,7.989380436888967,2.557158131000854,2.4399272222729156,3.534445155456823,-7.816156745019907,0.684028187002258,27.98190035779382,1.7480673485390896,0,0,9.6,0.00025,0.4,5.40136494245933,8.193803534866404,2.478102408053169,2.188724159163331,3.3331403291252713,10.324327653464966,0.731565278794416,29.157616873732884,1.7319462655159306,0.4,0.0,13,25.0
217,1,3,7.8125e-05,0.0,23.223951414771836,24.528966723843272,22.537504644753017,5.529977869407364,23.206028760828488,-67.0547022555555,0.005463064308704579,50.598676961828765,1.0986122886651097,0,0,3.4,8.854166666666667e-05,-0.4,23.103780220895096,24.349764460768874,22.36728313973021,5.444063170751595,23.021596144791385,81.08268977909958,0.011639055891402638,50.4283982264189,1.200777413417908,0.0,0.4,13,25.0
217,2,8,0.00020833333333333335,0.0,8.189687893387106,5.554768229164968,1.6657608043510044,-1.5372500047119004,2.2666928848652708,-6.6253356676186534,0.6717838645876135,18.46945836286511,1.9061547465328494,0,0,7.8,0.00020312500000000002,0.2,7.649032527267292,5.434464772285621,1.5637783708864899,-1.6306813658713017,2.3000809426425035,17.30401950915155,0.6247616452198199,18.87617279814308,1.8348890064009198,0.4,0.2,13,25.0
217,3,0,0.0,0.0,0.0,0.0,0.0,0.0,0.0,0.0,0.0,0.0,0.0,0,0,0.0,0.0,0.0,0.0,0.0,0.0,0.0,0.0,0.0,0.0,0.0,0.0,0.0,0.0,13,25.0
217,4,0,0.0,0.0,0.0,0.0,0.0,0.0,0.0,0.0,0.0,0.0,0.0,0,0,0.0,0.0,0.0,0.0,0.0,0.0,0.0,0.0,0.0,0.0,0.0,0.0,0.0,0.0,13,25.0
217,5,0,0.0,0.0,0.0,0.0,0.0,0.0,0.0,0.0,0.0,0.0,0.0,0,0,0.0,0.0,0.0,0.0,0.0,0.0,0.0,0.0,0.0,0.0,0.0,0.0,0.0,0.0,13,25.0
218,0,10,0.00026041666666666666,0.0,5.012777082119158,7.505630233242447,2.4057496255308655,2.236851582691264,3.284986493690699,-7.637019903830305,0.6848811238626772,27.96876795066357,1.7480673485390896,0,0,10.0,0.00026041666666666666,0.4,5.4892984384448145,8.26023026505668,2.613841864947213,2.5052212673334777,3.620764932311773,9.24005137003769,0.6979895576889037,28.045751833688502,1.7480673485390896,0.4,0.0,13,25.0
218,1,3,7.8125e-05,0.0,20.74882718463298,21.34201767914508,20.139402496890423,4.925567813663496,20.732987030786326,-61.8781057534714,0.005317643709257802,50.28982323372387,1.0986122886651097,0,0,3.0,7.8125e-05,-0.4,24.70676310579354,25.97679212721605,23.95862856899382,5.914194688488911,24.67783019300962,74.65723457468684,0.006371293914954302,52.252833268711186,1.0986122886651097,0.0,0.4,13,25.0
218,2,8,0.00020833333333333335,0.0,7.877845678248965,5.245160260008398,1.8380507690195573,-1.4152474201616583,2.3197749653290973,-7.796055378453553,0.6763705984160128,18.468272675196634,1.9061547465328494,0,0,8.0,0.00020833333333333335,0.2,8.188265521417424,5.670503384781076,1.4686073193444027,-1.6597538038081816,2.2361431587499085,16.20218216307834,0.6594201537292462,18.575594993754823,1.9061547465328494,0.4,0.2,13,25.0
218,3,0,0.0,0.0,0.0,0.0,0.0,0.0,0.0,0.0,0.0,0.0,0.0,0,0,0.0,0.0,0.0,0.0,0.0,0.0,0.0,0.0,0.0,0.0,0.0,0.0,0.0,0.0,13,25.0
218,4,0,0.0,0.0,0.0,0.0,0.0,0.0,0.0,0.0,0.0,0.0,0.0,0,0,0.0,0.0,0.0,0.0,0.0,0.0,0.0,0.0,0.0,0.0,0.0,0.0,0.0,0.0,13,25.0
218,5,0,0.0,0.0,0.0,0.0,0.0,0.0,0.0,0.0,0.0,0.0,0.0,0,0,0.0,0.0,0.0,0.0,0.0,0.0,0.0,0.0,0.0,0.0,0.0,0.0,0.0,0.0,13,25.0
219,0,10,0.00026041666666666666,0.0,7.042570571335084,8.428962475431842,3.8095995035325165,3.2272750668819254,4.992830132763674,56.38315247822014,0.6704103683579826,26.17368308223697,1.834371970274624,1,1,10.0,0.00026041666666666666,0.0,5.771138317447734,8.266601024081565,2.8543733652607886,2.6605360967724123,3.9037310259588827,8.173660024637414,0.6780061280427414,27.647266967780677,1.7653282728861963,0.2,0.2,13,25.0
219,1,3,7.8125e-05,0.0,31.464056663967778,27.242396125085044,31.023171028440796,3.1228194268505125,31.179947752243,184.9800193504845,0.3527487059994062,49.06529749050062,1.0986122886651097,1,1,3.0,7.8125e-05,0.0,25.850046333214134,26.22405504817076,25.178231589656725,5.2939076022178835,25.775708236564846,12.001937158937642,0.07517833982033229,50.82281180260098,1.0986122886651097,0.2,0.2,13,25.0
219,2,8,0.00020833333333333335,0.0,13.610344976877833,16.746835055331413,-6.718952521501195,-2.606539646709772,7.20682814531172,196.23617174415745,0.7092640348666879,16.124334232746868,1.9061547465328494,1,1,8.0,0.00020833333333333335,0.0,9.329858120025506,7.911919736184518,-0.11455655074835498,-1.8117425062840151,3.237399370071813,39.124552820889164,0.6743055387468428,18.025955730187807,1.9061547465328494,0.2,0.2,13,25.0
219,3,0,0.0,0.0,0.0,0.0,0.0,0.0,0.0,0.0,0.0,0.0,0.0,0,0,0.0,0.0,0.0,0.0,0.0,0.0,0.0,0.0,0.0,0.0,0.0,0.0,0.0,0.0,13,25.0
219,4,0,0.0,0.0,0.0,0.0,0.0,0.0,0.0,0.0,0.0,0.0,0.0,0,0,0.0,0.0,0.0,0.0,0.0,0.0,0.0,0.0,0.0,0.0,0.0,0.0,0.0,0.0,13,25.0
219,5,0,0.0,0.0,0.0,0.0,0.0,0.0,0.0,0.0,0.0,0.0,0.0,0,0,0.0,0.0,0.0,0.0,0.0,0.0,0.0,0.0,0.0,0.0,0.0,0.0,0.0,0.0,13,25.0
220,0,10,0.00026041666666666666,0.0,7.277235134557809,8.626059220314628,3.8676067681240434,3.392378328888706,5.144571200707853,5.8666140805681355,0.6792212165246,26.05880559965842,1.834371970274624,0,0,10.0,0.00026041666666666666,0.0,6.0563489628715175,8.213233987417116,3.069302360033835,2.7879435038094456,4.147978681391323,8.25792918515898,0.6798483426232985,27.239782280110546,1.7825891972333032,0.2,0.2,13,25.0
220,1,4,0.00010416666666666667,1.0,26.408569145652443,26.507993622286964,25.603196525240396,1.3202843241141928,25.637215586069082,12.464159451849554,0.431457414805159,45.345677331625126,1.3862943611158907,1,0,3.2,8.333333333333334e-05,0.2,25.550308782803818,25.50473102917088,24.887193120710805,4.217961807363112,25.328040282465036,3.696687195111589,0.16015496798347853,49.320874171570445,1.156148703155266,0.4,0.2,13,25.0
220,2,7,0.00018229166666666667,-1.0,15.14849064452021,20.276434555608027,-9.898247762176695,-3.0919438398007584,10.369928903802466,22.873270625104738,0.6414848658764252,16.871078400907823,1.9459101490483135,0,1,7.8,0.00020312500000000002,-0.2,10.656214102625194,10.744553873344406,-2.3347619694344752,-2.066132546956084,4.87507998440059,40.62756320748842,0.6724841085118509,17.684819354798396,1.9141058270359423,0.2,0.4,13,25.0
220,3,0,0.0,0.0,0.0,0.0,0.0,0.0,0.0,0.0,0.0,0.0,0.0,0,0,0.0,0.0,0.0,0.0,0.0,0.0,0.0,0.0,0.0,0.0,0.0,0.0,0.0,0.0,13,25.0
220,4,0,0.0,0.0,0.0,0.0,0.0,0.0,0.0,0.0,0.0,0.0,0.0,0,0,0.0,0.0,0.0,0.0,0.0,0.0,0.0,0.0,0.0,0.0,0.0,0.0,0.0,0.0,13,25.0
220,5,0,0.0,0.0,0.0,0.0,0.0,0.0,0.0,0.0,0.0,0.0,0.0,0,0,0.0,0.0,0.0,0.0,0.0,0.0,0.0,0.0,0.0,0.0,0.0,0.0,0.0,0.0,13,25.0
221,0,10,0.00026041666666666666,0.0,7.01037912662314,8.241374514406363,3.6154846024602136,3.2941914629639557,4.891157971819301,-6.671400198366723,0.6819642538564801,26.02174691291726,1.834371970274624,0,0,10.0,0.00026041666666666666,0.0,6.332243958581512,8.158281376056848,3.251119726129698,2.918124732739753,4.369598190887669,8.025037942314265,0.6801010299207996,26.840980780654007,1.7998501215804104,0.2,0.2,13,25.0
221,1,4,0.00010416666666666667,0.0,25.61654839076777,25.44314726092718,24.554648401940476,0.9102272082334828,24.57151341927327,-19.800518872116896,0.44829038429716184,44.66866291490933,1.3862943611158907,0,0,3.4,8.854166666666667e-05,0.2,25.49239055995856,25.012904282257505,24.77158461945302,3.1617753284538095,25.06553850984003,9.742170384238008,0.24865544262393788,47.99362758651755,1.2136851176454222,0.4,0.2,13,25.0
221,2,7,0.00018229166666666667,0.0,14.27160073097029,18.71703638635886,-9.095744087260075,-3.02028521475388,9.584084895251475,-21.92224783874806,0.637300922758958,16.69503306834482,1.9459101490483135,0,0,7.6,0.0001979166666666667,-0.2,11.81959398480088,13.308046897294332,-4.441826559513481,-2.334253225227594,6.3494619589120065,36.55316069688838,0.6672408573011395,17.325635348012252,1.922056907539035,0.2,0.4,13,25.0
221,3,0,0.0,0.0,0.0,0.0,0.0,0.0,0.0,0.0,0.0,0.0,0.0,0,0,0.0,0.0,0.0,0.0,0.0,0.0,0.0,0.0,0.0,0.0,0.0,0.0,0.0,0.0,13,25.0
221,4,0,0.0,0.0,0.0,0.0,0.0,0.0,0.0,0.0,0.0,0.0,0.0,0,0,0.0,0.0,0.0,0.0,0.0,0.0,0.0,0.0,0.0,0.0,0.0,0.0,0.0,0.0,13,25.0
221,5,0,0.0,0.0,0.0,0.0,0.0,0.0,0.0,0.0,0.0,0.0,0.0,0,0,0.0,0.0,0.0,0.0,0.0,0.0,0.0,0.0,0.0,0.0,0.0,0.0,0.0,0.0,13,25.0
222,0,10,0.00026041666666666666,0.0,6.625859990938241,7.744572050549109,3.3204621672185057,3.119440562047238,4.55591685877552,-9.612978392122463,0.6831342375479094,26.004662921875166,1.834371970274624,0,0,10.0,0.00026041666666666666,0.0,6.593764381114687,8.109319698788877,3.403780533373228,3.0540274006946175,4.573892531551409,7.665673612893753,0.6799222400299298,26.445533293470277,1.817111045927517,0.2,0.2,13,25.0
222,1,4,0.00010416666666666667,0.0,24.38789707401382,23.73407354510837,23.207884676372338,0.6989152312701632,23.21840635470702,-30.716282918848584,0.453370038767114,44.371813612921066,1.3862943611158907,0,0,3.6,9.375e-05,0.2,25.725179691806954,24.853925646510525,24.905660625776886,2.195562800826369,25.06801402861574,17.00985425157939,0.3382368375156198,46.748254916736,1.2712215321355784,0.4,0.2,13,25.0
222,2,7,0.00018229166666666667,0.0,13.068422856502366,16.441161530748353,-8.001487935314072,-2.868338403772484,8.500069080750624,-30.079446861698102,0.6362545332673062,16.65072225799913,1.9459101490483135,0,0,7.4,0.00019270833333333333,-0.2,12.795340977423933,15.485325557611011,-6.375276307446495,-2.6004709050397103,7.596137198089076,31.862338458072497,0.660134991037078,16.961888127039057,1.930007988042128,0.2,0.4,13,25.0
222,3,0,0.0,0.0,0.0,0.0,0.0,0.0,0.0,0.0,0.0,0.0,0.0,0,0,0.0,0.0,0.0,0.0,0.0,0.0,0.0,0.0,0.0,0.0,0.0,0.0,0.0,0.0,13,25.0
222,4,0,0.0,0.0,0.0,0.0,0.0,0.0,0.0,0.0,0.0,0.0,0.0,0,0,0.0,0.0,0.0,0.0,0.0,0.0,0.0,0.0,0.0,0.0,0.0,0.0,0.0,0.0,13,25.0
222,5,0,0.0,0.0,0.0,0.0,0.0,0.0,0.0,0.0,0.0,0.0,0.0,0,0,0.0,0.0,0.0,0.0,0.0,0.0,0.0,0.0,0.0,0.0,0.0,0.0,0.0,0.0,13,25.0
223,0,10,0.00026041666666666666,0.0,6.2411836777682,7.278338441516117,3.0504762863353245,2.9332686633318845,4.231958249413499,-9.616907829251028,0.6836877068202636,25.995520554962233,1.834371970274624,0,0,10.0,0.00026041666666666666,0.0,6.839445700244495,8.063861340443612,3.5327258655341205,3.193310816822742,4.763286882695969,7.2696960278096086,0.6796835566214472,26.050883814330007,1.834371970274624,0.2,0.2,13,25.0
223,1,4,0.00010416666666666667,0.0,23.08091257367115,21.94268166653394,21.855499765573697,0.581455279526236,21.863233069358266,-32.67461250856689,0.45546180585869134,44.25034639407329,1.3862943611158907,0,0,3.8,9.895833333333334e-05,0.2,26.19159676961459,24.9740584439883,25.24888007951354,1.3267402939989175,25.29406323633013,22.850552900560295,0.42826566994550647,45.54035954880589,1.3287579466257344,0.4,0.2,13,25.0
223,2,7,0.00018229166666666667,0.0,11.931032304330271,14.316300677140305,-6.9852339779232935,-2.7037611458421043,7.490248197496494,-28.434763804302367,0.6359856814035924,16.650420286445662,1.9459101490483135,0,0,7.2,0.0001875,-0.2,13.605978302640192,17.29955364103739,-8.139933256835066,-2.8581736501757993,8.630231844522557,27.734596772902727,0.6520580076345939,16.598317649288862,1.9379590685452208,0.2,0.4,13,25.0
223,3,0,0.0,0.0,0.0,0.0,0.0,0.0,0.0,0.0,0.0,0.0,0.0,0,0,0.0,0.0,0.0,0.0,0.0,0.0,0.0,0.0,0.0,0.0,0.0,0.0,0.0,0.0,13,25.0
223,4,0,0.0,0.0,0.0,0.0,0.0,0.0,0.0,0.0,0.0,0.0,0.0,0,0,0.0,0.0,0.0,0.0,0.0,0.0,0.0,0.0,0.0,0.0,0.0,0.0,0.0,0.0,13,25.0
223,5,0,0.0,0.0,0.0,0.0,0.0,0.0,0.0,0.0,0.0,0.0,0.0,0,0,0.0,0.0,0.0,0.0,0.0,0.0,0.0,0.0,0.0,0.0,0.0,0.0,0.0,0.0,13,25.0
224,0,9,0.000234375,-1.0,7.086735177539037,8.392388820272288,4.560363741033792,3.735051177577345,5.894703109543147,8.697994458899384,0.5999476133570922,28.19723423225382,1.8891591637470215,1,2,9.8,0.0002552083333333333,-0.2,6.848278621485285,8.0565466094117,3.6828787130343756,3.294866038961826,4.9436614780518635,-2.267335576054543,0.665591005621269,26.455594044333377,1.8453294089691035,0.2,0.4,13,25.0
224,1,6,0.00015625,2.0,23.030429693810348,23.499159462089168,20.869425603825686,2.9281893597101405,21.073851521730308,145.7350978002166,0.39778511315888043,26.821684495065966,1.5607104090364066,4,2,4.4,0.00011458333333333333,0.6,24.504871375583104,24.225411111389125,23.218130994590517,1.2878142805708432,23.27284399022759,15.001568590506716,0.4372729513774013,41.09163694971896,1.4211775706999938,1.0,0.4,13,25.0
224,2,6,0.00015625,-1.0,16.6417115224473,20.893009067273645,-9.656732044542899,-2.2347000947259246,9.91193009930305,85.47395577501834,0.6092204751627346,25.94175112134931,1.791759469222055,1,2,6.8,0.00017708333333333335,-0.4,14.212251611754088,18.128788443425837,-8.727489161443406,-2.78380573977903,9.171252235320821,5.58215357907491,0.6320492956938033,18.56180102700935,1.9150800130830619,0.2,0.6,13,25.0
224,3,0,0.0,0.0,0.0,0.0,0.0,0.0,0.0,0.0,0.0,0.0,0.0,0,0,0.0,0.0,0.0,0.0,0.0,0.0,0.0,0.0,0.0,0.0,0.0,0.0,0.0,0.0,13,25.0
224,4,0,0.0,0.0,0.0,0.0,0.0,0.0,0.0,0.0,0.0,0.0,0.0,0,0,0.0,0.0,0.0,0.0,0.0,0.0,0.0,0.0,0.0,0.0,0.0,0.0,0.0,0.0,13,25.0
224,5,0,0.0,0.0,0.0,0.0,0.0,0.0,0.0,0.0,0.0,0.0,0.0,0,0,0.0,0.0,0.0,0.0,0.0,0.0,0.0,0.0,0.0,0.0,0.0,0.0,0.0,0.0,13,25.0
225,0,9,0.000234375,0.0,7.0569513811912925,8.546331345585928,4.816514994135163,3.8391676706368765,6.159385122882984,-0.7445949086936076,0.5033960227901061,28.206997754002263,1.8891591637470215,0,0,9.6,0.00025,-0.2,6.804221870811982,8.040601034465961,3.8726603582365997,3.3842239073114597,5.14662426248689,-3.5895773739068915,0.6304259668743702,26.885232475202145,1.8562868476635832,0.2,0.4,13,25.0
225,1,6,0.00015625,0.0,23.360172865529247,23.6722679344177,20.815990942218892,2.9948930477571643,21.03033198202166,8.243579292972504,0.3992693840968514,26.66490474592832,1.791759469222055,0,0,4.8,0.000125,0.4,23.895192119558466,23.658265973815272,22.260689877986216,1.6227360252994374,22.351467269418105,14.157452558731304,0.4308353452357398,37.35548243257959,1.5022705923212265,0.8,0.4,13,25.0
225,2,6,0.00015625,0.0,17.01816445908859,21.958657053356067,-9.89468566480324,-1.8251151354761472,10.06160273828215,9.411323416032301,0.6263454804026979,27.35200312725608,1.791759469222055,0,0,6.6,0.00017187500000000002,-0.2,14.586186374667765,18.465232942975444,-8.726776741968717,-2.5304399989141078,9.10958700221676,2.889764137260422,0.6290214185990578,20.657985972279,1.88424987711781,0.2,0.4,13,25.0
225,3,0,0.0,0.0,0.0,0.0,0.0,0.0,0.0,0.0,0.0,0.0,0.0,0,0,0.0,0.0,0.0,0.0,0.0,0.0,0.0,0.0,0.0,0.0,0.0,0.0,0.0,0.0,13,25.0
225,4,0,0.0,0.0,0.0,0.0,0.0,0.0,0.0,0.0,0.0,0.0,0.0,0,0,0.0,0.0,0.0,0.0,0.0,0.0,0.0,0.0,0.0,0.0,0.0,0.0,0.0,0.0,13,25.0
225,5,0,0.0,0.0,0.0,0.0,0.0,0.0,0.0,0.0,0.0,0.0,0.0,0,0,0.0,0.0,0.0,0.0,0.0,0.0,0.0,0.0,0.0,0.0,0.0,0.0,0.0,0.0,13,25.0
226,0,9,0.000234375,0.0,6.900702114486833,8.273073517904159,4.761132158771527,3.7700569490847817,6.0730312721598,-3.906231667611474,0.4998066229206519,28.10841404165474,1.8891591637470215,0,0,9.4,0.00024479166666666665,-0.2,6.78228646838472,8.04694083516552,4.1017898694988615,3.4793970045356253,5.382998922554989,-3.036543667755842,0.5939944406872046,27.302565900949645,1.8672442863580625,0.2,0.4,13,25.0
226,1,6,0.00015625,0.0,22.884055525163458,22.887401358831664,20.18422842980244,2.9558303065517753,20.399510045772548,-11.902933509144757,0.3995640236221881,26.087510616379873,1.791759469222055,0,0,5.2,0.00013541666666666666,0.4,23.348693546437605,23.14711679339617,21.38660588355861,2.031856644963096,21.51706659471796,15.736969631325735,0.4210900731007451,33.63925197287371,1.5833636139424594,0.8,0.4,13,25.0
226,2,6,0.00015625,0.0,16.493133791947347,21.14778241173872,-9.3757419611575,-1.6233222036553034,9.515235798396684,-13.125766678531042,0.6332210090942823,28.13223826600942,1.791759469222055,0,0,6.4,0.00016666666666666666,-0.2,15.030492986863175,18.95138214805142,-8.782776316748201,-2.2510473966943927,9.095817182845801,4.649060369303825,0.6282054358661227,22.945427011811923,1.8534197411525586,0.2,0.4,13,25.0
226,3,0,0.0,0.0,0.0,0.0,0.0,0.0,0.0,0.0,0.0,0.0,0.0,0,0,0.0,0.0,0.0,0.0,0.0,0.0,0.0,0.0,0.0,0.0,0.0,0.0,0.0,0.0,13,25.0
226,4,0,0.0,0.0,0.0,0.0,0.0,0.0,0.0,0.0,0.0,0.0,0.0,0,0,0.0,0.0,0.0,0.0,0.0,0.0,0.0,0.0,0.0,0.0,0.0,0.0,0.0,0.0,13,25.0
226,5,0,0.0,0.0,0.0,0.0,0.0,0.0,0.0,0.0,0.0,0.0,0.0,0,0,0.0,0.0,0.0,0.0,0.0,0.0,0.0,0.0,0.0,0.0,0.0,0.0,0.0,0.0,13,25.0
227,0,9,0.000234375,0.0,6.649391275706372,7.892341285350665,4.588753471677877,3.636275035441244,5.854840267437617,-6.282770969511536,0.5009670031123368,28.067315710333855,1.8891591637470215,0,0,9.2,0.00023958333333333332,-0.2,6.786992725338346,8.07649468212583,4.355448130390736,3.5827638992144264,5.642783604287409,-2.3705021832336564,0.55756099380009,27.71509645864138,1.878201725052542,0.2,0.4,13,25.0
227,1,6,0.00015625,0.0,22.088166021951583,21.749414210148608,19.344880892015546,2.871262698800333,19.55680357859613,-19.897237580296892,0.3996874717430996,25.74076921937167,1.791759469222055,0,0,5.6,0.00014583333333333335,0.4,22.888747336025155,22.750184926404216,20.614005126687253,2.46632613846913,20.784746039495783,17.90077869903607,0.4103535596959421,29.91304309416382,1.6644566355636925,0.8,0.4,13,25.0
227,2,6,0.00015625,0.0,15.672169128524919,19.739206686180697,-8.642038838208876,-1.5090082636999538,8.7727955191618,-20.52411658556083,0.6364124634375037,28.51553427522657,1.791759469222055,0,0,6.2,0.00016145833333333333,-0.2,15.551242241267683,19.610991179137887,-8.910886497327162,-1.9791813686798865,9.150362470528036,6.560126424531281,0.6282370219001622,25.318389415257407,1.8225896051873067,0.2,0.4,13,25.0
227,3,0,0.0,0.0,0.0,0.0,0.0,0.0,0.0,0.0,0.0,0.0,0.0,0,0,0.0,0.0,0.0,0.0,0.0,0.0,0.0,0.0,0.0,0.0,0.0,0.0,0.0,0.0,13,25.0
227,4,0,0.0,0.0,0.0,0.0,0.0,0.0,0.0,0.0,0.0,0.0,0.0,0,0,0.0,0.0,0.0,0.0,0.0,0.0,0.0,0.0,0.0,0.0,0.0,0.0,0.0,0.0,13,25.0
227,5,0,0.0,0.0,0.0,0.0,0.0,0.0,0.0,0.0,0.0,0.0,0.0,0,0,0.0,0.0,0.0,0.0,0.0,0.0,0.0,0.0,0.0,0.0,0.0,0.0,0.0,0.0,13,25.0
228,0,9,0.000234375,0.0,6.366138705206652,7.505833591053212,4.380940375944256,3.48373679937492,5.597236877683274,-7.081314262493014,0.5010831168813215,28.049317184221664,1.8891591637470215,0,0,9.0,0.000234375,-0.2,6.811983730826038,8.12199371203325,4.621540948312523,3.692857526423034,5.915839329941364,-1.8633834698820535,0.5210400758123017,28.125855784493268,1.8891591637470215,0.2,0.4,13,25.0
228,1,6,0.00015625,0.0,21.189668140850895,20.532068243607952,18.458185456530384,2.769312861167938,18.66477173904626,-22.462447027517214,0.39975055831903283,25.58293731885045,1.791759469222055,0,0,6.0,0.00015625,0.4,22.510498449461107,22.46806224181902,19.93454226487859,2.90389765479747,20.145053773433382,19.943211795246008,0.3992113101880105,26.179561279119252,1.7455496571849252,0.8,0.4,13,25.0
228,2,6,0.00015625,0.0,14.798657618178504,18.23311454452312,-7.895463226034817,-1.4343714733594812,8.024696946131709,-21.837787758660323,0.6379780708655083,28.690659117174153,1.791759469222055,0,0,6.0,0.00015625,-0.2,16.12476730403733,20.39435395261445,-9.092932346949468,-1.725303434183362,9.25725222025508,7.87952163365969,0.6286354997925454,27.726437181403107,1.791759469222055,0.2,0.4,13,25.0
228,3,0,0.0,0.0,0.0,0.0,0.0,0.0,0.0,0.0,0.0,0.0,0.0,0,0,0.0,0.0,0.0,0.0,0.0,0.0,0.0,0.0,0.0,0.0,0.0,0.0,0.0,0.0,13,25.0
228,4,0,0.0,0.0,0.0,0.0,0.0,0.0,0.0,0.0,0.0,0.0,0.0,0,0,0.0,0.0,0.0,0.0,0.0,0.0,0.0,0.0,0.0,0.0,0.0,0.0,0.0,0.0,13,25.0
228,5,0,0.0,0.0,0.0,0.0,0.0,0.0,0.0,0.0,0.0,0.0,0.0,0,0,0.0,0.0,0.0,0.0,0.0,0.0,0.0,0.0,0.0,0.0,0.0,0.0,0.0,0.0,13,25.0
229,0,10,0.00026041666666666666,1.0,9.326172014990702,9.838977460166632,6.69466442173875,4.939375776934109,8.319613259368374,25.98210188285266,0.5161904914948193,26.49982220557227,1.8343719702746237,2,1,9.2,0.00023958333333333332,0.2,7.25987109831637,8.411311440012119,5.0484010844535145,3.9337224462943867,6.400821359906409,1.5934380149086018,0.504288651439847,27.78637337915696,1.878201725052542,0.4,0.2,13,25.0
229,1,5,0.00013020833333333333,-1.0,25.858726128985687,22.696886994069136,22.129659485323018,2.9281907372634524,22.322547568101236,36.13827818920156,0.42103897529547063,31.94549490078804,1.3321790402061222,1,2,5.8,0.00015104166666666667,-0.2,23.076157736496175,22.307607748215013,20.186589041178056,2.9038979303081325,20.394792982707568,-1.976152126957004,0.4038620826153285,27.20432336026367,1.6998433834188684,0.2,0.4,13,25.0
229,2,9,0.000234375,3.0,10.243733242372688,12.85278121795239,-3.6769083388778014,-2.57335136825904,4.4879608060933185,-31.639924130738795,0.6348850273185306,14.442505244375,1.8891591637470215,3,0,6.6,0.000171875,0.6,14.84517164802241,18.7863083827502,-7.896967605816448,-1.793033688889985,8.172458361613133,-15.543254347491736,0.6337684102237044,25.426588006008245,1.8112394081270484,0.6,0.0,13,25.0
229,3,0,0.0,0.0,0.0,0.0,0.0,0.0,0.0,0.0,0.0,0.0,0.0,0,0,0.0,0.0,0.0,0.0,0.0,0.0,0.0,0.0,0.0,0.0,0.0,0.0,0.0,0.0,13,25.0
229,4,0,0.0,0.0,0.0,0.0,0.0,0.0,0.0,0.0,0.0,0.0,0.0,0,0,0.0,0.0,0.0,0.0,0.0,0.0,0.0,0.0,0.0,0.0,0.0,0.0,0.0,0.0,13,25.0
229,5,0,0.0,0.0,0.0,0.0,0.0,0.0,0.0,0.0,0.0,0.0,0.0,0,0,0.0,0.0,0.0,0.0,0.0,0.0,0.0,0.0,0.0,0.0,0.0,0.0,0.0,0.0,13,25.0
230,0,10,0.00026041666666666666,0.0,9.495538962114457,9.97483821662508,6.835539848292673,4.99496916959047,8.466068864753955,4.234173678093947,0.5347762655454333,26.549907398368454,1.8343719702746237,0,0,9.4,0.0002447916666666667,0.2,7.747588614501003,8.69701281421995,5.452206055285016,4.164882746085105,6.862158108280603,2.5891917322661127,0.5105646999909126,27.454955308030197,1.8672442863580625,0.4,0.2,13,25.0
230,1,5,0.00013020833333333333,0.0,25.880405628284734,22.865757405701242,21.710041777563845,2.770477789895466,21.886102009445892,0.5419874824761436,0.43453651538324634,31.175660994205394,1.6094379124291003,0,0,5.6,0.00014583333333333335,-0.2,23.58020428904727,22.14630564247172,20.365399208247048,2.859014878735793,20.565946988192415,-3.516470489056276,0.41091550887260747,28.106474609919086,1.6633790720602775,0.2,0.4,13,25.0
230,2,9,0.000234375,0.0,9.755564517818863,11.429790269249674,-3.2388310211396227,-3.102157342317449,4.484797270779404,-12.204218113845599,0.5956226864989933,14.179233868813531,1.8891591637470215,0,0,7.2,0.0001875,0.6,13.392651659768465,16.680535025928922,-6.565796677083723,-2.0484421302582456,7.0570972681125825,-19.866362653467316,0.6276238514429636,22.792034154319737,1.8307193470320418,0.6,0.0,13,25.0
230,3,0,0.0,0.0,0.0,0.0,0.0,0.0,0.0,0.0,0.0,0.0,0.0,0,0,0.0,0.0,0.0,0.0,0.0,0.0,0.0,0.0,0.0,0.0,0.0,0.0,0.0,0.0,13,25.0
230,4,0,0.0,0.0,0.0,0.0,0.0,0.0,0.0,0.0,0.0,0.0,0.0,0,0,0.0,0.0,0.0,0.0,0.0,0.0,0.0,0.0,0.0,0.0,0.0,0.0,0.0,0.0,13,25.0
230,5,0,0.0,0.0,0.0,0.0,0.0,0.0,0.0,0.0,0.0,0.0,0.0,0,0,0.0,0.0,0.0,0.0,0.0,0.0,0.0,0.0,0.0,0.0,0.0,0.0,0.0,0.0,13,25.0
231,0,10,0.00026041666666666666,0.0,9.367406579000473,9.811779823144064,6.739336042095346,4.9118863259604115,8.339381126165312,-3.2033095778496703,0.5439719350611952,26.575716253688775,1.8343719702746237,0,0,9.6,0.00025,0.2,8.240929507403731,9.00475407526793,5.847846831949779,4.393248621460231,7.315428079081707,2.7297761502184734,0.5193977624190212,27.148415750437003,1.8562868476635828,0.4,0.2,13,25.0
231,1,5,0.00013020833333333333,0.0,25.328725539594306,22.276201766648256,20.98988956949949,2.618382373551943,21.152574084349897,-13.792002217260753,0.4412045667971781,30.8934590914556,1.6094379124291003,0,0,5.4,0.000140625,-0.2,24.069138291933438,22.02406572403504,20.526531436186453,2.7915252921358267,20.716559795907884,-3.8942842306794754,0.41924361750760547,29.067664304934233,1.6269147607016865,0.2,0.4,13,25.0
231,2,9,0.000234375,0.0,9.345070057607282,10.523227829866492,-2.9033027014337085,-3.2478506741800865,4.356340273431853,-10.262361505289512,0.585574507179665,13.931895485812639,1.8891591637470215,0,0,7.8,0.00020312500000000002,0.6,11.963038912900451,14.555624109554476,-5.271308825138965,-2.373347824363202,6.025318163119617,-19.29368161881901,0.6180945510600402,19.951965598280378,1.850199285937035,0.6,0.0,13,25.0
231,3,0,0.0,0.0,0.0,0.0,0.0,0.0,0.0,0.0,0.0,0.0,0.0,0,0,0.0,0.0,0.0,0.0,0.0,0.0,0.0,0.0,0.0,0.0,0.0,0.0,0.0,0.0,13,25.0
231,4,0,0.0,0.0,0.0,0.0,0.0,0.0,0.0,0.0,0.0,0.0,0.0,0,0,0.0,0.0,0.0,0.0,0.0,0.0,0.0,0.0,0.0,0.0,0.0,0.0,0.0,0.0,13,25.0
231,5,0,0.0,0.0,0.0,0.0,0.0,0.0,0.0,0.0,0.0,0.0,0.0,0,0,0.0,0.0,0.0,0.0,0.0,0.0,0.0,0.0,0.0,0.0,0.0,0.0,0.0,0.0,13,25.0
232,0,10,0.00026041666666666666,0.0,9.11286197780748,9.518319015221842,6.544994464558807,4.7698519020867085,8.098669008481926,-6.36361502982479,0.5486209470435336,26.590754717629217,1.8343719702746237,0,0,9.8,0.0002552083333333333,0.2,8.733623647823952,9.329949621242168,6.239095030525966,4.619963994789324,7.764193827290567,2.713607338155822,0.5289285512052606,26.853103551896073,1.845329408969103,0.4,0.2,13,25.0
232,1,5,0.00013020833333333333,0.0,24.541381339345772,21.380963874816736,20.169279238415058,2.4873504135049678,20.3220751173871,-19.683605006213337,0.44462355906341133,30.78758965782813,1.6094379124291003,0,0,5.2,0.00013541666666666666,-0.2,24.559781355412277,21.950375656968664,20.691411105466358,2.7147428350767537,20.869614103666077,-3.8515577158627643,0.4282308349716678,30.07702839262552,1.5904504493430955,0.2,0.4,13,25.0
232,2,9,0.000234375,0.0,8.957369676768058,9.808644701854666,-2.6279527016433857,-3.2297461143120296,4.163819804577093,-9.69250952098064,0.5822638402719895,13.718514183485443,1.8891591637470215,0,0,8.4,0.00021874999999999998,0.6,10.62007902254908,12.569511712689268,-4.068491597825867,-2.7174953944856175,5.103523020202675,-17.127360205902974,0.6072648264269374,16.99256157993215,1.869679224842028,0.6,0.0,13,25.0
232,3,0,0.0,0.0,0.0,0.0,0.0,0.0,0.0,0.0,0.0,0.0,0.0,0,0,0.0,0.0,0.0,0.0,0.0,0.0,0.0,0.0,0.0,0.0,0.0,0.0,0.0,0.0,13,25.0
232,4,0,0.0,0.0,0.0,0.0,0.0,0.0,0.0,0.0,0.0,0.0,0.0,0,0,0.0,0.0,0.0,0.0,0.0,0.0,0.0,0.0,0.0,0.0,0.0,0.0,0.0,0.0,13,25.0
232,5,0,0.0,0.0,0.0,0.0,0.0,0.0,0.0,0.0,0.0,0.0,0.0,0,0,0.0,0.0,0.0,0.0,0.0,0.0,0.0,0.0,0.0,0.0,0.0,0.0,0.0,0.0,13,25.0
233,0,10,0.00026041666666666666,0.0,8.811714357118774,9.179641694362159,6.315405230519832,4.607057214528181,7.81724500086913,-7.528690517217699,0.5509887361429573,26.59825359253105,1.8343719702746237,0,0,10.0,0.00026041666666666666,0.2,9.222738778206377,9.664711241903955,6.6259880014410815,4.8446280778199755,8.20819545192774,2.6241320872108855,0.5389096750575877,26.56289083355795,1.8343719702746237,0.4,0.2,13,25.0
233,1,5,0.00013020833333333333,0.0,23.67708793670742,20.394981582255078,19.338980255111444,2.372348462516554,19.483947098449917,-21.607335065958754,0.4463823717897435,30.751497878081274,1.6094379124291003,0,0,5.0,0.00013020833333333333,-0.2,25.05726531458358,21.92295832469809,20.86757006518257,2.6353499553464768,21.03344917554681,-3.680535323551072,0.43755719766581,31.110740504471686,1.5539861379845046,0.2,0.4,13,25.0
233,2,9,0.000234375,0.0,8.589473554561616,9.196411780415358,-2.3939111115544867,-3.1435111687097095,3.9512621879377634,-9.197403055161015,0.5809915992374511,13.611091201441724,1.8891591637470215,0,0,9.0,0.000234375,0.6,9.378242209825702,10.762171159867716,-2.968181174929801,-3.059323333555663,4.288836068563887,-14.599283265203109,0.5958675321013259,13.976647996785667,1.8891591637470215,0.6,0.0,13,25.0
233,3,0,0.0,0.0,0.0,0.0,0.0,0.0,0.0,0.0,0.0,0.0,0.0,0,0,0.0,0.0,0.0,0.0,0.0,0.0,0.0,0.0,0.0,0.0,0.0,0.0,0.0,0.0,13,25.0
233,4,0,0.0,0.0,0.0,0.0,0.0,0.0,0.0,0.0,0.0,0.0,0.0,0,0,0.0,0.0,0.0,0.0,0.0,0.0,0.0,0.0,0.0,0.0,0.0,0.0,0.0,0.0,13,25.0
233,5,0,0.0,0.0,0.0,0.0,0.0,0.0,0.0,0.0,0.0,0.0,0.0,0,0,0.0,0.0,0.0,0.0,0.0,0.0,0.0,0.0,0.0,0.0,0.0,0.0,0.0,0.0,13,25.0
234,0,11,0.00028645833333333333,1.0,8.726686347095677,10.033897929056469,6.252719434989346,4.6941850940227665,7.818687487656672,19.691015617161852,0.5350915936118357,23.78194865643496,1.7677614722823294,1,0,10.2,0.000265625,0.2,9.102841644627372,9.703695335681925,6.5375990040912,4.795589941237707,8.108010297585398,1.3659148340727238,0.5426898954809911,26.019316123730494,1.8210498706761649,0.2,0.0,13,25.0
234,1,6,0.00015625,1.0,23.90928613809612,20.901040688360762,19.889128753825975,1.6288028615379584,19.955711998022558,-0.24180551199025402,0.36687776308312114,22.267044170059506,1.791759469222055,2,1,5.2,0.00013541666666666666,0.2,24.66737731640567,21.563789063556417,20.41946391888316,2.375472380201378,20.560082061531073,-10.956552063789434,0.4267249552233401,29.17505035832598,1.6459022237876912,0.4,0.2,13,25.0
234,2,8,0.00020833333333333335,-1.0,7.7338562063743606,8.519147907911778,-1.1989016306982716,-2.912616536385876,3.1497143057933736,-10.088163491892844,0.6440426661397071,18.13263487969039,1.9061547465328494,1,2,8.8,0.00022916666666666666,-0.2,8.876266802626036,9.895444497859595,-2.472579833293895,-3.12717636718103,4.021186768503897,-10.288931137433922,0.5976990598655612,14.714673923848745,1.892558280304187,0.2,0.4,13,25.0
234,3,0,0.0,0.0,0.0,0.0,0.0,0.0,0.0,0.0,0.0,0.0,0.0,0,0,0.0,0.0,0.0,0.0,0.0,0.0,0.0,0.0,0.0,0.0,0.0,0.0,0.0,0.0,13,25.0
234,4,0,0.0,0.0,0.0,0.0,0.0,0.0,0.0,0.0,0.0,0.0,0.0,0,0,0.0,0.0,0.0,0.0,0.0,0.0,0.0,0.0,0.0,0.0,0.0,0.0,0.0,0.0,13,25.0
234,5,0,0.0,0.0,0.0,0.0,0.0,0.0,0.0,0.0,0.0,0.0,0.0,0,0,0.0,0.0,0.0,0.0,0.0,0.0,0.0,0.0,0.0,0.0,0.0,0.0,0.0,0.0,13,25.0
235,0,11,0.00028645833333333333,0.0,8.89043367251873,10.278300452386453,6.359852983290156,4.837395486997936,7.99050217863012,4.093683135576299,0.5243163234435724,23.53972895042081,1.7677614722823294,0,0,10.4,0.0002708333333333333,0.2,8.981820586708228,9.764387782834199,6.442461631090697,4.764075204719201,8.012896960360631,1.3378167255691942,0.5405979070606188,25.417280434140963,1.807727771077706,0.2,0.0,13,25.0
235,1,6,0.00015625,0.0,23.529976419976595,21.204340971536183,19.180347701447552,1.5276042315256104,19.241083977692092,-9.48274295298817,0.387298313630812,21.053205896622377,1.791759469222055,0,0,5.4,0.000140625,0.2,24.19729147474404,21.231505776723402,19.9135251036599,2.126897668527407,20.031078455180314,-12.961498150882298,0.4172773148728532,27.150559338809376,1.6823665351462822,0.4,0.2,13,25.0
235,2,8,0.00020833333333333335,0.0,7.530046285491883,7.843269904415674,-1.1169942477774684,-2.8929056565972777,3.1010609938439586,-5.095248022061962,0.7731817648500876,17.583587614289264,1.9061547465328494,0,0,8.6,0.00022395833333333333,-0.2,8.43116315616064,9.178140424892794,-2.048212478621464,-3.085326030036996,3.744439513116808,-8.867137119077194,0.63321087553578,15.39554467294389,1.8959573968613526,0.2,0.4,13,25.0
235,3,0,0.0,0.0,0.0,0.0,0.0,0.0,0.0,0.0,0.0,0.0,0.0,0,0,0.0,0.0,0.0,0.0,0.0,0.0,0.0,0.0,0.0,0.0,0.0,0.0,0.0,0.0,13,25.0
235,4,0,0.0,0.0,0.0,0.0,0.0,0.0,0.0,0.0,0.0,0.0,0.0,0,0,0.0,0.0,0.0,0.0,0.0,0.0,0.0,0.0,0.0,0.0,0.0,0.0,0.0,0.0,13,25.0
235,5,0,0.0,0.0,0.0,0.0,0.0,0.0,0.0,0.0,0.0,0.0,0.0,0,0,0.0,0.0,0.0,0.0,0.0,0.0,0.0,0.0,0.0,0.0,0.0,0.0,0.0,0.0,13,25.0
236,0,11,0.00028645833333333333,0.0,8.798803476070544,10.185629076822293,6.283084579004506,4.8125207524658284,7.914386130322332,-2.290754911204679,0.5189153898562533,23.431517884383933,1.7677614722823294,0,0,10.6,0.0002760416666666667,0.2,8.86809996612224,9.839157633569844,6.351211338472529,4.744202090020284,7.927897961192035,1.5203276588981922,0.5355865980196304,24.788440760279997,1.7944056714792471,0.2,0.0,13,25.0
236,1,6,0.00015625,0.0,22.94504907075309,20.868220743439775,18.479284173638096,1.4478750647448821,18.535918800350345,-14.623183730587689,0.39849665168580406,20.42552004560653,1.791759469222055,0,0,5.6,0.00014583333333333335,0.2,23.7205561809758,20.949909572081708,19.411404024487627,1.8927962067659947,19.507747398380403,-13.127734453547683,0.40873573185057843,25.05697152963956,1.7188308465048732,0.4,0.2,13,25.0
236,2,8,0.00020833333333333335,0.0,7.374224444037531,7.32573888123782,-1.035614396533417,-2.8287703241804234,3.012380906404615,-3.8955460363587964,0.8558027862870823,17.403092467951794,1.9061547465328494,0,0,8.4,0.00021875000000000003,-0.2,8.03699403344669,8.53864263516706,-1.674674817641406,-3.0015099600370627,3.4756476397113607,-7.593774025291052,0.6872565313572635,16.089784069371724,1.8993565134185182,0.2,0.4,13,25.0
236,3,0,0.0,0.0,0.0,0.0,0.0,0.0,0.0,0.0,0.0,0.0,0.0,0,0,0.0,0.0,0.0,0.0,0.0,0.0,0.0,0.0,0.0,0.0,0.0,0.0,0.0,0.0,13,25.0
236,4,0,0.0,0.0,0.0,0.0,0.0,0.0,0.0,0.0,0.0,0.0,0.0,0,0,0.0,0.0,0.0,0.0,0.0,0.0,0.0,0.0,0.0,0.0,0.0,0.0,0.0,0.0,13,25.0
236,5,0,0.0,0.0,0.0,0.0,0.0,0.0,0.0,0.0,0.0,0.0,0.0,0,0,0.0,0.0,0.0,0.0,0.0,0.0,0.0,0.0,0.0,0.0,0.0,0.0,0.0,0.0,13,25.0
237,0,11,0.00028645833333333333,0.0,8.594597220182187,9.942015021651615,6.126587722539839,4.712420852139261,7.729294108109279,-5.1051563972089085,0.5162151727613085,23.381213888314175,1.7677614722823294,0,0,10.8,0.00028125,0.2,8.764447014597184,9.9238968348558,6.267529990068735,4.732715880030794,7.854022981117505,1.7720193854213686,0.5291054431631854,24.146532594416986,1.781083571880788,0.2,0.0,13,25.0
237,1,6,0.00015625,0.0,22.27841282149951,20.254088304152354,17.805247020673907,1.3840008368030194,17.85895517054367,-16.66590623133951,0.40464157324192873,20.163862019349892,1.791759469222055,0,0,5.8,0.00015104166666666667,0.2,23.26796247740655,20.72453445794883,18.938597580939394,1.6721262914256048,19.015123409011714,-12.524194698572918,0.40073933468628187,22.932226001943913,1.7552951578634641,0.4,0.2,13,25.0
237,2,8,0.00020833333333333335,0.0,7.201009115875539,6.91436038134788,-0.9568229069574297,-2.7464093871456354,2.9083112964536877,-4.33038320404978,0.8755737420832893,17.337894137387924,1.9061547465328494,0,0,8.2,0.00021354166666666665,-0.2,7.685721921268185,7.959785771065702,-1.3404488587042147,-2.9048426146037842,3.22454593808668,-6.521348761904879,0.7459185117195235,16.81366006015222,1.9027556299756838,0.2,0.4,13,25.0
237,3,0,0.0,0.0,0.0,0.0,0.0,0.0,0.0,0.0,0.0,0.0,0.0,0,0,0.0,0.0,0.0,0.0,0.0,0.0,0.0,0.0,0.0,0.0,0.0,0.0,0.0,0.0,13,25.0
237,4,0,0.0,0.0,0.0,0.0,0.0,0.0,0.0,0.0,0.0,0.0,0.0,0,0,0.0,0.0,0.0,0.0,0.0,0.0,0.0,0.0,0.0,0.0,0.0,0.0,0.0,0.0,13,25.0
237,5,0,0.0,0.0,0.0,0.0,0.0,0.0,0.0,0.0,0.0,0.0,0.0,0,0,0.0,0.0,0.0,0.0,0.0,0.0,0.0,0.0,0.0,0.0,0.0,0.0,0.0,0.0,13,25.0
238,0,11,0.00028645833333333333,0.0,8.345682603152376,9.638782908552779,5.939345934693583,4.581238871338402,7.500905260581762,-6.222865425745251,0.5148567762462668,23.357435892974355,1.7677614722823294,0,0,11.0,0.00028645833333333333,0.2,8.671240663803903,10.015725077693922,6.192318130903486,4.7275522113928385,7.790755033060032,2.0331844037158584,0.5218790511838473,23.498369054505645,1.7677614722823294,0.2,0.0,13,25.0
238,1,6,0.00015625,0.0,21.590908164584732,19.536874381677116,17.164871332832124,1.3292978822690797,17.216266747831458,-17.187616422869336,0.4079286702531386,20.052792792416003,1.791759469222055,0,0,6.0,0.00015625,0.2,22.850726522982008,20.552913017833237,18.50377579648353,1.4635161753761101,18.561587338888025,-11.640250969955037,0.3930485943789609,20.792484984810862,1.791759469222055,0.4,0.2,13,25.0
238,2,8,0.00020833333333333335,0.0,7.009013176163222,6.575298766487369,-0.8824262900139348,-2.6583532504128176,2.800985212615045,-4.799898492807938,0.880226397061266,17.310036090409525,1.9061547465328494,0,0,8.0,0.00020833333333333335,-0.2,7.369629845588507,7.435563168280103,-1.0381518943961043,-2.807811030944406,2.994490543022136,-5.641847849434264,0.8057654712842865,17.55344903794578,1.9061547465328494,0.2,0.4,13,25.0
238,3,0,0.0,0.0,0.0,0.0,0.0,0.0,0.0,0.0,0.0,0.0,0.0,0,0,0.0,0.0,0.0,0.0,0.0,0.0,0.0,0.0,0.0,0.0,0.0,0.0,0.0,0.0,13,25.0
238,4,0,0.0,0.0,0.0,0.0,0.0,0.0,0.0,0.0,0.0,0.0,0.0,0,0,0.0,0.0,0.0,0.0,0.0,0.0,0.0,0.0,0.0,0.0,0.0,0.0,0.0,0.0,13,25.0
238,5,0,0.0,0.0,0.0,0.0,0.0,0.0,0.0,0.0,0.0,0.0,0.0,0,0,0.0,0.0,0.0,0.0,0.0,0.0,0.0,0.0,0.0,0.0,0.0,0.0,0.0,0.0,13,25.0
239,0,8,0.00020833333333333335,-3.0,6.073421914840454,8.022836685875175,4.096384287500204,2.9622657129595855,5.055233168218308,7.0490888630776976,0.5545368105689157,31.828239234050386,1.7328679513938632,0,3,10.4,0.0002708333333333333,-0.6,8.14058777735286,9.613512829057663,5.761051101405657,4.381168335180202,7.238064169172359,-0.49520094710097273,0.5257680945752632,25.107627170028728,1.7607827681046362,0.0,0.6,13,25.0
239,1,5,0.00013020833333333333,-1.0,14.012689359129869,7.9451202842038064,7.951301670087377,1.7339010793976002,8.138157727758198,-24.891864047311124,0.46948842908991517,20.770274098129576,1.6094379124291003,1,2,5.8,0.00015104166666666667,-0.2,20.87140716718876,17.961728937001844,16.11621037973581,1.4845358189480384,16.19807648483515,-16.57026267701921,0.4135707275803197,20.493130970424875,1.7552951578634641,0.2,0.4,13,25.0
239,2,6,0.00015625,-2.0,11.656061909536675,7.6976407110535305,-4.52487912411904,-1.594066192988982,4.7974553792108035,109.94329770159266,0.8031965271021799,21.55608394224534,1.791759469222055,1,3,7.6,0.0001979166666666667,-0.4,8.154070986220969,7.2712617289084545,-1.7033473930802578,-2.544100962265027,3.3240387577056216,18.364444389262836,0.8375962434767811,18.23813885045677,1.8832756910706905,0.2,0.6,13,25.0
239,3,0,0.0,0.0,0.0,0.0,0.0,0.0,0.0,0.0,0.0,0.0,0.0,0,0,0.0,0.0,0.0,0.0,0.0,0.0,0.0,0.0,0.0,0.0,0.0,0.0,0.0,0.0,13,25.0
239,4,0,0.0,0.0,0.0,0.0,0.0,0.0,0.0,0.0,0.0,0.0,0.0,0,0,0.0,0.0,0.0,0.0,0.0,0.0,0.0,0.0,0.0,0.0,0.0,0.0,0.0,0.0,13,25.0
239,5,0,0.0,0.0,0.0,0.0,0.0,0.0,0.0,0.0,0.0,0.0,0.0,0,0,0.0,0.0,0.0,0.0,0.0,0.0,0.0,0.0,0.0,0.0,0.0,0.0,0.0,0.0,13,25.0
240,0,8,0.00020833333333333335,0.0,6.119405210577014,8.021699989618625,4.0916824512424705,3.10812558426917,5.138317811248557,1.1495823934139784,0.5475900146661218,31.672446816882186,1.7328679513938632,0,0,9.8,0.0002552083333333333,-0.6,7.586382084964515,9.162192736504098,5.30741699499612,4.035314354634449,6.667627295696048,-1.0840210955334368,0.5304228328197732,26.734170743321005,1.753804063926943,0.0,0.6,13,25.0
240,1,5,0.00013020833333333333,0.0,13.55926460105348,8.362347214828452,7.169117457822702,1.6506121782577374,7.356681703531219,-11.335618951909677,0.5070602047220387,20.141920957959343,1.6094379124291003,0,0,5.6,0.00014583333333333335,-0.2,18.877264803404138,15.3933301856603,13.713964331010839,1.5091374082944637,13.821196030002977,-16.94083787680351,0.4375231057985651,20.310873982692264,1.7188308465048732,0.2,0.4,13,25.0
240,2,6,0.00015625,0.0,11.825726746721108,8.60019221022976,-4.557238603315491,-0.9729748196650382,4.659946747254859,4.241620929610813,0.7954105405583762,22.345955237863368,1.791759469222055,0,0,7.2,0.0001875,-0.4,9.013207078466817,7.422646190071272,-2.3913962641878626,-2.160114794878579,3.6358159083878023,20.231818179597393,0.8420419986184389,19.19061237517159,1.8603966356085315,0.2,0.6,13,25.0
240,3,0,0.0,0.0,0.0,0.0,0.0,0.0,0.0,0.0,0.0,0.0,0.0,0,0,0.0,0.0,0.0,0.0,0.0,0.0,0.0,0.0,0.0,0.0,0.0,0.0,0.0,0.0,13,25.0
240,4,0,0.0,0.0,0.0,0.0,0.0,0.0,0.0,0.0,0.0,0.0,0.0,0,0,0.0,0.0,0.0,0.0,0.0,0.0,0.0,0.0,0.0,0.0,0.0,0.0,0.0,0.0,13,25.0
240,5,0,0.0,0.0,0.0,0.0,0.0,0.0,0.0,0.0,0.0,0.0,0.0,0,0,0.0,0.0,0.0,0.0,0.0,0.0,0.0,0.0,0.0,0.0,0.0,0.0,0.0,0.0,13,25.0
241,0,8,0.00020833333333333335,0.0,6.048805055731127,7.897606614592393,4.0216994121745575,3.1315773271075833,5.097140641334066,-1.765003871147166,0.5449215233800728,31.57859432534031,1.7328679513938632,0,0,9.2,0.00023958333333333335,-0.6,7.036382400896632,8.704588244058119,4.85513996163013,3.699125669562801,6.104178197898394,-0.9788708875219342,0.5356240595245371,28.363586031512277,1.7468253597492498,0.0,0.6,13,25.0
241,1,5,0.00013020833333333333,0.0,13.203970809129302,8.474872184312296,6.691023216351684,1.5892597808291689,6.877175171007235,-8.882344798104441,0.5567662926764614,20.008742544995282,1.6094379124291003,0,0,5.4,0.000140625,-0.2,16.929049151079376,12.914660473834806,11.356312139553559,1.537414351511321,11.489447304134355,-15.79267009030686,0.46917703399669647,20.22751848257002,1.6823665351462822,0.2,0.4,13,25.0
241,2,6,0.00015625,0.0,11.170277444580336,7.96761694667773,-4.003735329894988,-0.8078342152877029,4.084420731418205,-16.38623255351924,0.7921109320568938,22.44857598590939,1.791759469222055,0,0,6.8,0.00017708333333333335,-0.4,9.772417678575376,7.551021803159254,-2.9850204508601763,-1.7559275731000352,3.85022387339052,17.733680876165305,0.829303627772401,20.19970907876311,1.837517580146373,0.2,0.6,13,25.0
241,3,0,0.0,0.0,0.0,0.0,0.0,0.0,0.0,0.0,0.0,0.0,0.0,0,0,0.0,0.0,0.0,0.0,0.0,0.0,0.0,0.0,0.0,0.0,0.0,0.0,0.0,0.0,13,25.0
241,4,0,0.0,0.0,0.0,0.0,0.0,0.0,0.0,0.0,0.0,0.0,0.0,0,0,0.0,0.0,0.0,0.0,0.0,0.0,0.0,0.0,0.0,0.0,0.0,0.0,0.0,0.0,13,25.0
241,5,0,0.0,0.0,0.0,0.0,0.0,0.0,0.0,0.0,0.0,0.0,0.0,0,0,0.0,0.0,0.0,0.0,0.0,0.0,0.0,0.0,0.0,0.0,0.0,0.0,0.0,0.0,13,25.0
242,0,8,0.00020833333333333335,0.0,5.9240173342402676,7.716004755182343,3.92291163862567,3.096814593196235,4.9979492143376065,-3.1196930372714684,0.5437943719024414,31.535197112388687,1.7328679513938632,0,0,8.6,0.00022395833333333333,-0.6,6.502266423708248,8.259386190764264,4.414404744847296,3.3760044177741952,5.557909219144059,-0.5817782155344463,0.5411398993527637,29.994382676327184,1.7398466555715566,0.0,0.6,13,25.0
242,1,5,0.00013020833333333333,0.0,12.892682194887488,8.419843932775741,6.373104579231834,1.5378415749759948,6.556021559417755,-7.782215356045404,0.5990863531032293,19.981396394762733,1.6094379124291003,0,0,5.2,0.00013541666666666666,-0.2,15.051903025756975,10.547811599559482,9.069883651265144,1.5681824991459163,9.228860581909174,-14.015931915248041,0.5080659899689566,20.191025357652588,1.6459022237876912,0.2,0.4,13,25.0
242,2,6,0.00015625,0.0,10.394877279535736,7.069427519140882,-3.419104594298261,-0.7827226513751189,3.5075534173733085,-19.385004126115003,0.790603709787356,22.478889152149993,1.791759469222055,0,0,6.4,0.00016666666666666666,-0.4,10.411191311307416,7.582035230717854,-3.4774767883283433,-1.3631902259459319,3.9700722975744442,14.722756691752261,0.8123096213132144,21.227908081715523,1.814638524684214,0.2,0.6,13,25.0
242,3,0,0.0,0.0,0.0,0.0,0.0,0.0,0.0,0.0,0.0,0.0,0.0,0,0,0.0,0.0,0.0,0.0,0.0,0.0,0.0,0.0,0.0,0.0,0.0,0.0,0.0,0.0,13,25.0
242,4,0,0.0,0.0,0.0,0.0,0.0,0.0,0.0,0.0,0.0,0.0,0.0,0,0,0.0,0.0,0.0,0.0,0.0,0.0,0.0,0.0,0.0,0.0,0.0,0.0,0.0,0.0,13,25.0
242,5,0,0.0,0.0,0.0,0.0,0.0,0.0,0.0,0.0,0.0,0.0,0.0,0,0,0.0,0.0,0.0,0.0,0.0,0.0,0.0,0.0,0.0,0.0,0.0,0.0,0.0,0.0,13,25.0
243,0,8,0.00020833333333333335,0.0,5.776350500803629,7.511304118207839,3.813146538762158,3.0353518213254205,4.873750835372832,-3.6916708359160033,0.5432816575322068,31.515908366250773,1.7328679513938632,0,0,8.0,0.00020833333333333335,-0.6,5.988400003238498,7.833890432695275,3.989164865661011,3.066827007771599,5.032478334102273,-0.07553929756859672,0.5468248756099516,31.626077170982466,1.7328679513938632,0.0,0.6,13,25.0
243,1,5,0.00013020833333333333,0.0,12.594718050830732,8.293191517645566,6.137452757395138,1.4916989849225843,6.316129527715233,-7.449103601418857,0.625757865649202,19.975533272513406,1.6094379124291003,0,0,5.0,0.00013020833333333333,-0.2,13.252665003006175,8.299075026753172,6.8643999361777475,1.6006627196766172,7.048833137885929,-12.068229350957944,0.5516318290481694,20.175573453672065,1.6094379124291003,0.2,0.4,13,25.0
243,2,6,0.00015625,0.0,9.677924762081878,6.264391177488423,-2.921139879019107,-0.7956734573870632,3.0275657620580345,-17.923812936346504,0.7898760795264917,22.4854347300931,1.791759469222055,0,0,6.0,0.00015625,-0.4,10.944973628491146,7.519853712918065,-3.885219506129377,-0.990654267340781,4.015388407463042,12.097973803044548,0.7942395578062595,22.262987809652238,1.791759469222055,0.2,0.6,13,25.0
243,3,0,0.0,0.0,0.0,0.0,0.0,0.0,0.0,0.0,0.0,0.0,0.0,0,0,0.0,0.0,0.0,0.0,0.0,0.0,0.0,0.0,0.0,0.0,0.0,0.0,0.0,0.0,13,25.0
243,4,0,0.0,0.0,0.0,0.0,0.0,0.0,0.0,0.0,0.0,0.0,0.0,0,0,0.0,0.0,0.0,0.0,0.0,0.0,0.0,0.0,0.0,0.0,0.0,0.0,0.0,0.0,13,25.0
243,5,0,0.0,0.0,0.0,0.0,0.0,0.0,0.0,0.0,0.0,0.0,0.0,0,0,0.0,0.0,0.0,0.0,0.0,0.0,0.0,0.0,0.0,0.0,0.0,0.0,0.0,0.0,13,25.0
244,0,12,0.0003125,4.0,6.194968053256904,8.627819232334268,3.626684368109194,3.042628656186005,4.733965425024969,-4.978119106577765,0.7041703593338843,23.073982367534736,1.9792045174263242,4,0,8.8,0.00022916666666666666,0.8,6.0127092309217876,7.954886941987093,3.8952248817828092,3.0828995964168824,4.9682247854636055,-2.4809808914996894,0.5767515853629454,29.875225797679338,1.7821352646003554,0.8,0.0,13,25.0
244,1,4,0.00010416666666666667,-1.0,9.962954800496469,4.449590508646873,-0.7626297367828432,1.02163873223162,1.2748920795978382,23.160089026434736,0.9485589312521877,19.530083420622482,1.3862943611158907,0,1,4.8,0.000125,-0.2,12.442718091279493,7.599969071641785,5.121613654803704,1.458210250243421,5.676180008253857,-2.457838736208772,0.6474459294806238,19.927535318170648,1.5648092021664584,0.0,0.2,13,25.0
244,2,8,0.00020833333333333335,2.0,9.433976174290644,8.129982622758508,-7.952976734738575,-0.09766270398814608,7.953576362055206,77.43989074832908,0.2638545750599388,17.165612096799464,2.079441541671836,3,1,6.4,0.0001666666666666667,0.4,10.50055648144194,7.60632209525906,-4.5708390282532845,-0.6913735695406138,4.6466126040319224,5.597292412391832,0.6863711673978112,21.384893440563065,1.8492958837120113,0.6,0.2,13,25.0
244,3,0,0.0,0.0,0.0,0.0,0.0,0.0,0.0,0.0,0.0,0.0,0.0,0,0,0.0,0.0,0.0,0.0,0.0,0.0,0.0,0.0,0.0,0.0,0.0,0.0,0.0,0.0,13,25.0
244,4,0,0.0,0.0,0.0,0.0,0.0,0.0,0.0,0.0,0.0,0.0,0.0,0,0,0.0,0.0,0.0,0.0,0.0,0.0,0.0,0.0,0.0,0.0,0.0,0.0,0.0,0.0,13,25.0
244,5,0,0.0,0.0,0.0,0.0,0.0,0.0,0.0,0.0,0.0,0.0,0.0,0,0,0.0,0.0,0.0,0.0,0.0,0.0,0.0,0.0,0.0,0.0,0.0,0.0,0.0,0.0,13,25.0
245,0,12,0.0003125,0.0,6.246687449630574,8.547658428759236,3.4504520232621267,2.973059669775237,4.5546353273207005,1.29298490934175,0.7507081214162759,23.2258046028272,1.9792045174263242,0,0,9.6,0.00025,0.8,6.038165678732501,8.060078629815216,3.7669787961867405,3.0558864135180963,4.851488288678034,-2.4523003883141348,0.6173752067129762,28.18589735486834,1.8314025778068477,0.8,0.0,13,25.0
245,1,4,0.00010416666666666667,0.0,10.421665049268157,4.335958056356734,-1.6108661473442356,0.6896329035454193,1.7522794543999385,11.467756219292212,0.9424582977934955,18.925610728047843,1.3862943611158907,0,0,4.6,0.00011979166666666666,-0.2,11.81519818092243,6.794691239947443,3.3656169337703155,1.2660143953009575,4.555299558427601,2.102836298031606,0.7345255480949151,19.684273272188346,1.5201804919038164,0.0,0.2,13,25.0
245,2,8,0.00020833333333333335,0.0,10.21743919973667,8.758656985008697,-8.746626850003793,-0.2010604433964026,8.748937452919986,19.586575636150663,0.22070254523718313,18.133871837887416,2.079441541671836,0,0,6.8,0.00017708333333333335,0.4,10.178898972045053,7.6380150502148485,-5.408716677590945,-0.5369906942868866,5.4644107451649475,8.666283353699802,0.5714295683335727,20.542476760567872,1.9068322982019672,0.6,0.2,13,25.0
245,3,0,0.0,0.0,0.0,0.0,0.0,0.0,0.0,0.0,0.0,0.0,0.0,0,0,0.0,0.0,0.0,0.0,0.0,0.0,0.0,0.0,0.0,0.0,0.0,0.0,0.0,0.0,13,25.0
245,4,0,0.0,0.0,0.0,0.0,0.0,0.0,0.0,0.0,0.0,0.0,0.0,0,0,0.0,0.0,0.0,0.0,0.0,0.0,0.0,0.0,0.0,0.0,0.0,0.0,0.0,0.0,13,25.0
245,5,0,0.0,0.0,0.0,0.0,0.0,0.0,0.0,0.0,0.0,0.0,0.0,0,0,0.0,0.0,0.0,0.0,0.0,0.0,0.0,0.0,0.0,0.0,0.0,0.0,0.0,0.0,13,25.0
246,0,12,0.0003125,0.0,6.195336840024723,8.382402867245247,3.3096108201219216,2.8926907495200616,4.395586826923913,-1.2837652401462685,0.7560477825334013,23.18339420877123,1.9792045174263242,0,0,10.4,0.0002708333333333333,0.8,6.067472035591219,8.157037880345786,3.624561077776213,3.008109098000592,4.711177525796003,-2.3560526621139557,0.659600458543642,26.50685733155452,1.88066989101334,0.8,0.0,13,25.0
246,1,4,0.00010416666666666667,0.0,10.527034466298744,4.304520755243415,-2.0174865744969623,0.5161374423774898,2.0824624696977048,2.634235425764659,0.9446663904874197,18.661629592511723,1.3862943611158907,0,0,4.4,0.00011458333333333333,-0.2,11.279810912356318,5.960620954133666,1.6239149756005857,1.0513899276106218,3.596357018165694,4.4061523428054254,0.812105567657107,19.41485068169164,1.4755517816411747,0.0,0.2,13,25.0
246,2,8,0.00020833333333333335,0.0,10.238741546268653,8.596453934570775,-8.80019724857158,-0.24368197385869894,8.803570441482846,0.5325586632995429,0.20098015050932028,18.42332849623657,2.079441541671836,0,0,7.2,0.0001875,0.4,9.992591792382715,7.763782447793457,-6.368009061326264,-0.4241602460010858,6.408240687177876,12.050041597063558,0.45320341202405795,19.73742726263331,1.9643687126919236,0.6,0.2,13,25.0
246,3,0,0.0,0.0,0.0,0.0,0.0,0.0,0.0,0.0,0.0,0.0,0.0,0,0,0.0,0.0,0.0,0.0,0.0,0.0,0.0,0.0,0.0,0.0,0.0,0.0,0.0,0.0,13,25.0
246,4,0,0.0,0.0,0.0,0.0,0.0,0.0,0.0,0.0,0.0,0.0,0.0,0,0,0.0,0.0,0.0,0.0,0.0,0.0,0.0,0.0,0.0,0.0,0.0,0.0,0.0,0.0,13,25.0
246,5,0,0.0,0.0,0.0,0.0,0.0,0.0,0.0,0.0,0.0,0.0,0.0,0,0,0.0,0.0,0.0,0.0,0.0,0.0,0.0,0.0,0.0,0.0,0.0,0.0,0.0,0.0,13,25.0
247,0,12,0.0003125,0.0,6.082780111881849,8.177035791380002,3.1893860448154587,2.8065613988546967,4.248407963979545,-2.813918203571868,0.7503939357292866,23.10681303005224,1.8200759753536213,0,0,11.2,0.00029166666666666664,0.8,6.099224591119536,8.249244087585318,3.477855959014171,2.950058459132284,4.561269275724391,-2.2948976953740354,0.700920371309011,24.821180515087235,1.8981114958052914,0.8,0.0,13,25.0
247,1,4,0.00010416666666666667,0.0,10.453548735544715,4.2621741793267836,-2.2028827722960376,0.42228939200579396,2.242993722478799,-1.8371432688507439,0.9466435702592623,18.536926274086195,1.3862943611158907,0,0,4.2,0.00010937500000000002,-0.2,10.791984220487763,5.129087003443874,-0.09128249470498809,0.8282794910165816,2.733751450777903,5.595166760244359,0.8816170110883135,19.12595665755633,1.4309230713785326,0.0,0.2,13,25.0
247,2,8,0.00020833333333333335,0.0,9.951507514967775,8.145924168161649,-8.556117043561546,-0.25321373062841046,8.559863086317627,-7.180850782521923,0.19186956049742876,18.508695905222183,2.079441541671836,0,0,7.6,0.0001979166666666667,0.4,9.903917839469123,7.979081777597611,-7.395411551178921,-0.31825846185174417,7.418702620966741,14.490872265782173,0.33345658216607255,18.94338861324775,2.0219051271818795,0.6,0.2,13,25.0
247,3,0,0.0,0.0,0.0,0.0,0.0,0.0,0.0,0.0,0.0,0.0,0.0,0,0,0.0,0.0,0.0,0.0,0.0,0.0,0.0,0.0,0.0,0.0,0.0,0.0,0.0,0.0,13,25.0
247,4,0,0.0,0.0,0.0,0.0,0.0,0.0,0.0,0.0,0.0,0.0,0.0,0,0,0.0,0.0,0.0,0.0,0.0,0.0,0.0,0.0,0.0,0.0,0.0,0.0,0.0,0.0,13,25.0
247,5,0,0.0,0.0,0.0,0.0,0.0,0.0,0.0,0.0,0.0,0.0,0.0,0,0,0.0,0.0,0.0,0.0,0.0,0.0,0.0,0.0,0.0,0.0,0.0,0.0,0.0,0.0,13,25.0
248,0,12,0.0003125,0.0,5.941413082417088,7.9547733050503835,3.081594264348213,2.719724340290933,4.11012453548974,-3.5341757366189945,0.7413554447114952,23.069160775274273,1.7481554572406761,0,0,12.0,0.0003125,0.8,6.1322371074422275,8.337937924953826,3.3315455041313817,2.8869329629253864,4.408544015747774,-2.2633986755146336,0.7405351287448687,23.131830996891935,1.9011689969746541,0.8,0.0,13,25.0
248,1,4,0.00010416666666666667,0.0,10.293142824502613,4.201342199988148,-2.277340257872511,0.36865266099809624,2.3069857898538975,-4.010147776052514,0.9478317632488803,18.475125390806205,1.3862943611158907,0,0,4.0,0.00010416666666666667,-0.2,10.33166917522214,4.3107171399123905,-1.7742410977585181,0.603670226231684,1.9319227032056354,6.2829579253176275,0.946031790608249,18.82587508121489,1.3862943611158907,0.0,0.2,13,25.0
248,2,8,0.00020833333333333335,0.0,9.554393612469736,7.622549611355963,-8.206969526386377,-0.2487614451356152,8.210738764789719,-9.927847562450983,0.18751931410890976,18.54898438683331,2.079441541671836,0,0,8.0,0.00020833333333333335,0.4,9.879211609546696,8.250713464371119,-8.452577480652375,-0.20887605940145457,8.455337221513076,16.090065340561278,0.21298522908255615,18.15609854459579,2.079441541671836,0.6,0.2,13,25.0
248,3,0,0.0,0.0,0.0,0.0,0.0,0.0,0.0,0.0,0.0,0.0,0.0,0,0,0.0,0.0,0.0,0.0,0.0,0.0,0.0,0.0,0.0,0.0,0.0,0.0,0.0,0.0,13,25.0
248,4,0,0.0,0.0,0.0,0.0,0.0,0.0,0.0,0.0,0.0,0.0,0.0,0,0,0.0,0.0,0.0,0.0,0.0,0.0,0.0,0.0,0.0,0.0,0.0,0.0,0.0,0.0,13,25.0
248,5,0,0.0,0.0,0.0,0.0,0.0,0.0,0.0,0.0,0.0,0.0,0.0,0,0,0.0,0.0,0.0,0.0,0.0,0.0,0.0,0.0,0.0,0.0,0.0,0.0,0.0,0.0,13,25.0
249,0,10,0.00026041666666666666,-2.0,6.677322046737982,8.995883966637207,4.33156573778877,3.4938264180086733,5.5650053710630765,3.624472291684521,0.8430611662351413,23.7276121014883,1.834371970274624,1,3,11.6,0.00030208333333333335,-0.4,6.228707906138443,8.411550871814416,3.4725217780672972,2.97717251528992,4.5747520049553945,-0.5428803958621764,0.7683132901251201,23.262556943682647,1.872202487544314,0.2,0.6,13,25.0
249,1,5,0.00013020833333333333,1.0,22.76518997384437,19.953973832949423,15.860426379077989,-0.10673661136104791,15.860785530053603,-21.49035264977719,0.4250955377652682,20.509546773275552,1.3321790402061222,3,2,4.2,0.00010937500000000002,0.2,12.89211620989172,7.411593804772901,1.5503701254136484,0.3779951575131504,4.849101393296789,-2.647130409924759,0.8413391119108653,19.021767751745507,1.3754712969339369,0.6,0.4,13,25.0
249,2,7,0.00018229166666666667,-1.0,11.048993766931074,10.416301802189626,-4.369071704800295,-1.3083773860041925,4.560771748936108,14.76153546882596,0.5681464418259444,18.553004831146684,1.9459101490483135,1,2,7.8,0.00020312500000000002,-0.2,10.202215128074782,8.707977300257342,-7.735796474664719,-0.4510189958046638,7.776776298889257,3.5543942846606553,0.2738436024357573,18.43357709146523,2.0527352631471314,0.2,0.4,13,25.0
249,3,0,0.0,0.0,0.0,0.0,0.0,0.0,0.0,0.0,0.0,0.0,0.0,0,0,0.0,0.0,0.0,0.0,0.0,0.0,0.0,0.0,0.0,0.0,0.0,0.0,0.0,0.0,13,25.0
249,4,0,0.0,0.0,0.0,0.0,0.0,0.0,0.0,0.0,0.0,0.0,0.0,0,0,0.0,0.0,0.0,0.0,0.0,0.0,0.0,0.0,0.0,0.0,0.0,0.0,0.0,0.0,13,25.0
249,5,0,0.0,0.0,0.0,0.0,0.0,0.0,0.0,0.0,0.0,0.0,0.0,0,0,0.0,0.0,0.0,0.0,0.0,0.0,0.0,0.0,0.0,0.0,0.0,0.0,0.0,0.0,13,25.0
250,0,10,0.00026041666666666666,0.0,6.759233815765219,9.05344754435214,4.564825690576942,3.2710841747971005,5.615837004753547,2.0477942256809416,0.5843547076240143,23.278336483226873,1.6957425341636347,0,0,11.2,0.00029166666666666664,-0.4,6.331217179365372,8.512708694932995,3.69539651153026,3.036777416294293,4.786992340441964,-0.39191853259433823,0.7350426073666678,23.27306331976258,1.815510090891776,0.2,0.6,13,25.0
250,1,5,0.00013020833333333333,0.0,22.134289297972153,19.652816864687466,15.476460190021154,-0.23792254310438335,15.47828889605782,-15.772516896805536,0.4285285899343202,21.190276098003725,1.3321790402061222,0,0,4.4,0.00011458333333333333,0.2,15.23464105963252,10.474965566439048,4.967835392886727,0.1924840681831898,7.594303281628365,-8.095185033144308,0.7385531703390301,19.474700825736683,1.3646482327519833,0.6,0.4,13,25.0
250,2,7,0.00018229166666666667,0.0,11.102901591285994,11.215132306762534,-4.398656682319786,-1.9085511053076654,4.794866831361182,1.347695608872979,0.7408430747182752,18.147088276468363,1.9459101490483135,0,0,7.6,0.0001979166666666667,-0.2,10.379307606384646,9.19927236460811,-6.866202441127916,-0.7925171281869163,6.985962174577496,-0.09338172079488158,0.3778717083319757,18.436220379181425,2.026028984622427,0.2,0.4,13,25.0
250,3,0,0.0,0.0,0.0,0.0,0.0,0.0,0.0,0.0,0.0,0.0,0.0,0,0,0.0,0.0,0.0,0.0,0.0,0.0,0.0,0.0,0.0,0.0,0.0,0.0,0.0,0.0,13,25.0
250,4,0,0.0,0.0,0.0,0.0,0.0,0.0,0.0,0.0,0.0,0.0,0.0,0,0,0.0,0.0,0.0,0.0,0.0,0.0,0.0,0.0,0.0,0.0,0.0,0.0,0.0,0.0,13,25.0
250,5,0,0.0,0.0,0.0,0.0,0.0,0.0,0.0,0.0,0.0,0.0,0.0,0,0,0.0,0.0,0.0,0.0,0.0,0.0,0.0,0.0,0.0,0.0,0.0,0.0,0.0,0.0,13,25.0
251,0,10,0.00026041666666666666,0.0,6.732589901878084,8.933179038638304,4.60912349229186,3.1148847427977167,5.562960212702469,-0.6660978471783483,0.4890177226691844,23.086114580882498,1.6957425341636347,0,0,10.8,0.00028125000000000003,-0.4,6.438667791736044,8.622863929211608,3.955299045964248,3.081216214949824,5.020467017597675,-0.2683850540007541,0.6816365953938244,23.253607394184836,1.758817694239238,0.2,0.6,13,25.0
251,1,5,0.00013020833333333333,0.0,21.567894041419986,19.231343967238626,15.101949882264012,-0.2859372579833037,15.10465657874806,-14.159881413804168,0.4305687386644038,21.444178280904108,1.3321790402061222,0,0,4.6,0.00011979166666666666,0.2,17.442812974656768,13.46033020883809,8.391722684238921,0.03206912811103113,10.198742103438438,-11.454008401058074,0.6357336399744269,20.031210563415158,1.3538251685700298,0.6,0.4,13,25.0
251,2,7,0.00018229166666666667,0.0,10.86933446838866,11.21345413323545,-4.213581708293573,-2.1338896091791573,4.723108687784874,-5.839178072433343,0.8111603113315335,17.94919499016742,1.9459101490483135,0,0,7.4,0.00019270833333333333,-0.2,10.505426190808647,9.722672404341044,-5.948879333072315,-1.170558655251008,6.169869823837902,-1.3677290679414589,0.4999077404964183,18.34139367796759,1.9993227060977226,0.2,0.4,13,25.0
251,3,0,0.0,0.0,0.0,0.0,0.0,0.0,0.0,0.0,0.0,0.0,0.0,0,0,0.0,0.0,0.0,0.0,0.0,0.0,0.0,0.0,0.0,0.0,0.0,0.0,0.0,0.0,13,25.0
251,4,0,0.0,0.0,0.0,0.0,0.0,0.0,0.0,0.0,0.0,0.0,0.0,0,0,0.0,0.0,0.0,0.0,0.0,0.0,0.0,0.0,0.0,0.0,0.0,0.0,0.0,0.0,13,25.0
251,5,0,0.0,0.0,0.0,0.0,0.0,0.0,0.0,0.0,0.0,0.0,0.0,0,0,0.0,0.0,0.0,0.0,0.0,0.0,0.0,0.0,0.0,0.0,0.0,0.0,0.0,0.0,13,25.0
252,0,10,0.00026041666666666666,0.0,6.629919109820793,8.744466918897833,4.563120284078165,2.993686036000027,5.457492355386964,-2.5667698014323057,0.4596834307751074,23.001142280379632,1.6957425341636347,0,0,10.4,0.0002708333333333333,-0.4,6.5480955913238335,8.736350154715174,4.230045893816789,3.1186411423788902,5.262283895879159,-0.21895537357284164,0.6234944944029885,23.232473244250315,1.7339510060012409,0.2,0.6,13,25.0
252,1,5,0.00013020833333333333,0.0,21.011198707489378,18.738113114693537,14.711063956991172,-0.3032597325462941,14.714189383451227,-13.917383348265213,0.4316742979114675,21.564762180630783,1.3321790402061222,0,0,4.8,0.000125,0.2,19.5543429690457,16.35551799591144,11.774512030096364,-0.11304069679938648,12.692981235632923,-13.870056416940969,0.532739785504868,20.636777744724075,1.3430021043880758,0.6,0.4,13,25.0
252,2,7,0.00018229166666666667,0.0,10.520201733657972,10.879291738689608,-3.9521501739996503,-2.1853591836313084,4.516114010886701,-8.728318368267173,0.8263605181637235,17.86671934164263,1.9459101490483135,0,0,7.2,0.0001875,-0.2,10.619165034546688,10.269345918446636,-5.028085959159936,-1.5569877458515875,5.361120008751717,-1.6772225850905087,0.6268059320296773,18.212998365251682,1.972616427573018,0.2,0.4,13,25.0
252,3,0,0.0,0.0,0.0,0.0,0.0,0.0,0.0,0.0,0.0,0.0,0.0,0,0,0.0,0.0,0.0,0.0,0.0,0.0,0.0,0.0,0.0,0.0,0.0,0.0,0.0,0.0,13,25.0
252,4,0,0.0,0.0,0.0,0.0,0.0,0.0,0.0,0.0,0.0,0.0,0.0,0,0,0.0,0.0,0.0,0.0,0.0,0.0,0.0,0.0,0.0,0.0,0.0,0.0,0.0,0.0,13,25.0
252,5,0,0.0,0.0,0.0,0.0,0.0,0.0,0.0,0.0,0.0,0.0,0.0,0,0,0.0,0.0,0.0,0.0,0.0,0.0,0.0,0.0,0.0,0.0,0.0,0.0,0.0,0.0,13,25.0
253,0,10,0.00026041666666666666,0.0,6.48925396516468,8.529015395849012,4.475300379187258,2.8917044755939076,5.328251895145673,-3.5166286164028095,0.44836433817758325,22.962829924379058,1.6957425341636347,0,0,10.0,0.00026041666666666666,-0.4,6.657663767873352,8.8511985728749,4.508787116784598,3.153037169439485,5.505909367810345,-0.2154459495296047,0.5648962730962062,23.211207074071275,1.7234684213858327,0.2,0.6,13,25.0
253,1,5,0.00013020833333333333,0.0,20.461146214230205,18.21329189262348,14.312867512261363,-0.3061978974840274,14.316142412534544,-13.751312331479287,0.43225367732523046,21.63367709088037,1.3321790402061222,0,0,5.0,0.00013020833333333333,0.2,21.58794364699122,19.157907934438505,15.092553584123138,-0.2480108084958112,15.094812560169052,-15.818289328026324,0.429624168320138,21.26848808473891,1.3321790402061222,0.6,0.4,13,25.0
253,2,7,0.00018229166666666667,0.0,10.129966346046439,10.42958954925432,-3.677490182802974,-2.1583288072006184,4.264072851699921,-9.755884690288372,0.8221363463614229,17.831162273486434,1.9459101490483135,0,0,7.0,0.00018229166666666667,-0.2,10.734279581262028,10.830753906026306,-4.122190090443256,-1.9389012182645882,4.571786826133757,-1.6428300106579865,0.75372933848018,18.069433942582304,1.9459101490483135,0.2,0.4,13,25.0
253,3,0,0.0,0.0,0.0,0.0,0.0,0.0,0.0,0.0,0.0,0.0,0.0,0,0,0.0,0.0,0.0,0.0,0.0,0.0,0.0,0.0,0.0,0.0,0.0,0.0,0.0,0.0,13,25.0
253,4,0,0.0,0.0,0.0,0.0,0.0,0.0,0.0,0.0,0.0,0.0,0.0,0,0,0.0,0.0,0.0,0.0,0.0,0.0,0.0,0.0,0.0,0.0,0.0,0.0,0.0,0.0,13,25.0
253,5,0,0.0,0.0,0.0,0.0,0.0,0.0,0.0,0.0,0.0,0.0,0.0,0,0,0.0,0.0,0.0,0.0,0.0,0.0,0.0,0.0,0.0,0.0,0.0,0.0,0.0,0.0,13,25.0
254,0,10,0.00026041666666666666,0.0,8.555619300287017,9.485963841170392,4.602222722686653,1.5704624268515357,4.862798188632319,5.965474707777554,0.668653089156173,29.074741066162915,1.834371970274624,1,1,10.0,0.00026041666666666666,0.0,7.033323218583158,8.949214547781537,4.562918513764176,2.7683643712080572,5.3654679313241935,0.25275453368900197,0.5300146576804126,24.280632867006197,1.7234684213858327,0.2,0.2,13,25.0
254,1,3,7.8125e-05,-2.0,25.679206417510176,19.879567710750273,25.41223649912011,-0.6323999400644142,25.42010412196232,-28.330359270782335,0.03519322117355039,32.68836138751376,1.0986122886651097,1,3,4.6,0.00011979166666666666,-0.4,22.17074693572438,19.14302670999868,17.002915608131563,-0.35314347423648446,17.006676278550792,-17.186290652227353,0.35164370500179454,23.70425100758655,1.2854656898979198,0.2,0.6,13,25.0
254,2,6,0.00015625,-1.0,6.893916599412084,8.121380996007462,0.8389563427300741,-2.27142540008913,2.4214089066444533,-3.2627836512778274,0.6458230910470366,20.277419858583855,1.5607104090364066,0,1,6.8,0.00017708333333333335,-0.2,9.903264147758229,10.371769744789875,-3.080584480937182,-2.1315108210815756,4.143914257675426,-5.247693834678744,0.7692646683243984,18.41431694806974,1.868870201045932,0.0,0.2,13,25.0
254,3,0,0.0,0.0,0.0,0.0,0.0,0.0,0.0,0.0,0.0,0.0,0.0,0,0,0.0,0.0,0.0,0.0,0.0,0.0,0.0,0.0,0.0,0.0,0.0,0.0,0.0,0.0,13,25.0
254,4,0,0.0,0.0,0.0,0.0,0.0,0.0,0.0,0.0,0.0,0.0,0.0,0,0,0.0,0.0,0.0,0.0,0.0,0.0,0.0,0.0,0.0,0.0,0.0,0.0,0.0,0.0,13,25.0
254,5,0,0.0,0.0,0.0,0.0,0.0,0.0,0.0,0.0,0.0,0.0,0.0,0,0,0.0,0.0,0.0,0.0,0.0,0.0,0.0,0.0,0.0,0.0,0.0,0.0,0.0,0.0,13,25.0
255,0,10,0.00026041666666666666,0.0,8.809876175074852,9.764250045841093,4.579655434521344,1.6194482721820989,4.857556649717475,6.3564218696958426,0.9597566615125525,29.20802900887694,1.6094379124281004,0,0,10.0,0.00026041666666666666,0.0,7.443451690445085,9.091375048079327,4.565884462553056,2.438037190685057,5.213811860316978,1.1144800624919822,0.6050950484581201,25.466571372136208,1.7062074970387258,0.2,0.2,13,25.0
255,1,3,7.8125e-05,0.0,24.996117963752173,18.81277085459157,24.74937854016315,-0.40626069357915134,24.752712697307253,-17.07721134395005,0.0329244173673614,32.79232980987681,1.0986122886651097,0,0,4.2,0.00010937500000000002,-0.4,22.743112668880382,18.975017507979494,18.85749927815996,-0.38681110433143806,18.86156103880068,-17.447229541656252,0.27252287048840274,26.024661749961165,1.238752339589717,0.2,0.6,13,25.0
255,2,6,0.00015625,0.0,6.971108337574431,8.069983413728487,1.0201308555635518,-2.2953097490537533,2.5117949372060666,1.9297934540586468,0.5821293059528889,19.56297656704688,1.5607104090364066,0,0,6.6,0.000171875,-0.2,9.076905497015918,9.742739966183064,-1.996826973360514,-2.208862549830793,3.687299878844404,-5.13127426564161,0.7375219145713212,18.697494606185444,1.7918302530435508,0.0,0.2,13,25.0
255,3,0,0.0,0.0,0.0,0.0,0.0,0.0,0.0,0.0,0.0,0.0,0.0,0,0,0.0,0.0,0.0,0.0,0.0,0.0,0.0,0.0,0.0,0.0,0.0,0.0,0.0,0.0,13,25.0
255,4,0,0.0,0.0,0.0,0.0,0.0,0.0,0.0,0.0,0.0,0.0,0.0,0,0,0.0,0.0,0.0,0.0,0.0,0.0,0.0,0.0,0.0,0.0,0.0,0.0,0.0,0.0,13,25.0
255,5,0,0.0,0.0,0.0,0.0,0.0,0.0,0.0,0.0,0.0,0.0,0.0,0,0,0.0,0.0,0.0,0.0,0.0,0.0,0.0,0.0,0.0,0.0,0.0,0.0,0.0,0.0,13,25.0
256,0,10,0.00026041666666666666,0.0,8.81164310121541,9.751960999393967,4.502739044066268,1.6295356497411284,4.78853269099586,0.044173153513969686,0.957656224406564,29.21940536569838,1.6094379124281004,0,0,10.0,0.00026041666666666666,0.0,7.859262330312549,9.25513144023046,4.544607572907937,2.1409673720737397,5.058926355975657,1.2565342626304459,0.698822748805596,26.693229529099387,1.6889465726916189,0.2,0.2,13,25.0
256,1,3,7.8125e-05,0.0,24.334489217047018,18.02407969843877,24.099173824895455,-0.2867050208238376,24.100879212416544,-16.540718667628926,0.03198032765879122,32.849863218832574,1.0986122886651097,0,0,3.8,9.895833333333334e-05,-0.4,23.29643170400579,18.733564654219528,20.65694406668625,-0.38696465689954485,20.66080556553438,-17.92339699242121,0.1928051882872802,28.30579873754686,1.1920389892815146,0.2,0.6,13,25.0
256,2,6,0.00015625,0.0,6.9360701568528285,7.926672307692455,1.1143809215571376,-2.260902753032178,2.520620181026689,-0.875954518040051,0.624555180206596,19.222562460675597,1.5607104090364066,0,0,6.4,0.00016666666666666666,-0.2,8.290252634708752,9.085383601074465,-0.9312344473903721,-2.2342651786013974,3.2468021774927665,-4.138629554762952,0.7002008883463335,18.95216810028708,1.7147903050411692,0.0,0.2,13,25.0
256,3,0,0.0,0.0,0.0,0.0,0.0,0.0,0.0,0.0,0.0,0.0,0.0,0,0,0.0,0.0,0.0,0.0,0.0,0.0,0.0,0.0,0.0,0.0,0.0,0.0,0.0,0.0,13,25.0
256,4,0,0.0,0.0,0.0,0.0,0.0,0.0,0.0,0.0,0.0,0.0,0.0,0,0,0.0,0.0,0.0,0.0,0.0,0.0,0.0,0.0,0.0,0.0,0.0,0.0,0.0,0.0,13,25.0
256,5,0,0.0,0.0,0.0,0.0,0.0,0.0,0.0,0.0,0.0,0.0,0.0,0,0,0.0,0.0,0.0,0.0,0.0,0.0,0.0,0.0,0.0,0.0,0.0,0.0,0.0,0.0,13,25.0
257,0,10,0.00026041666666666666,0.0,8.699153650674075,9.617505452795903,4.4024898246117035,1.607699160507967,4.686855368635522,-2.8122362635333737,0.9456583732664524,29.229498408572546,1.6094379124281004,0,0,10.0,0.00026041666666666666,0.0,8.273109238483206,9.429739147010073,4.512481481014644,1.8637699969753274,4.904798958625369,1.2074409702102322,0.796017737303865,27.938900754737965,1.671685648344512,0.2,0.2,13,25.0
257,1,3,7.8125e-05,0.0,23.694481196985176,17.378998487263427,23.4672406185274,-0.2213438840805478,23.468284457175006,-16.00020050154604,0.03151958603034999,32.89054141872636,1.0986122886651097,0,0,3.4,8.854166666666667e-05,-0.4,23.83308820190495,18.461741728733507,22.408179398993497,-0.3705814872063956,22.41162458027913,-18.339960423077372,0.1127742459110567,30.570954585165975,1.1453256389733122,0.2,0.6,13,25.0
257,2,6,0.00015625,0.0,6.828391255565922,7.747949793090439,1.1635981109892117,-2.201295667184801,2.48991228324699,-2.6919725321726413,0.6553380757198524,19.056728224198842,1.5607104090364066,0,0,6.2,0.00016145833333333333,-0.2,7.5518905390903415,8.459115211954634,0.0919152096074003,-2.2374524753120957,2.8415618319648237,-2.9313603875440455,0.6659963998575593,19.190169876798322,1.637750357038788,0.0,0.2,13,25.0
257,3,0,0.0,0.0,0.0,0.0,0.0,0.0,0.0,0.0,0.0,0.0,0.0,0,0,0.0,0.0,0.0,0.0,0.0,0.0,0.0,0.0,0.0,0.0,0.0,0.0,0.0,0.0,13,25.0
257,4,0,0.0,0.0,0.0,0.0,0.0,0.0,0.0,0.0,0.0,0.0,0.0,0,0,0.0,0.0,0.0,0.0,0.0,0.0,0.0,0.0,0.0,0.0,0.0,0.0,0.0,0.0,13,25.0
257,5,0,0.0,0.0,0.0,0.0,0.0,0.0,0.0,0.0,0.0,0.0,0.0,0,0,0.0,0.0,0.0,0.0,0.0,0.0,0.0,0.0,0.0,0.0,0.0,0.0,0.0,0.0,13,25.0
258,0,10,0.00026041666666666666,0.0,8.533591461243429,9.427745653516615,4.293233994601209,1.57060561111908,4.57150523548625,-4.139054735766161,0.9388601812593224,29.238187034199605,1.6094379124281004,0,0,10.0,0.00026041666666666666,0.0,8.681976737698957,9.609485198543593,4.476068204097435,1.5995502240803618,4.7534496266934845,1.0829557463375619,0.8941169059202128,29.19397217670208,1.6544247239974053,0.2,0.2,13,25.0
258,1,3,7.8125e-05,0.0,23.075001122270322,16.814721608797274,22.854303096290266,-0.1835212987371063,22.855039927425043,-15.487001867871328,0.03128715763361656,32.92157189751611,1.0986122886651097,0,0,3.0,7.8125e-05,-0.4,24.355859183512973,18.182027671968264,24.116466515799278,-0.34604616745701133,24.119404083257233,-18.68709833035578,0.03258094197273391,32.82853354649312,1.0986122886651097,0.2,0.6,13,25.0
258,2,6,0.00015625,0.0,6.681200857574918,7.559549548933695,1.1888237498172443,-2.132163886137621,2.4411933035872058,-3.679759949775113,0.6699070371904721,18.97477954547098,1.5607104090364066,0,0,6.0,0.00015625,-0.2,6.862137441396037,7.885107211890508,1.0651779961314438,-2.232219491099497,2.4769859223422808,-1.7161354394413937,0.6355505380233692,19.418893331195232,1.5607104090364066,0.0,0.2,13,25.0
258,3,0,0.0,0.0,0.0,0.0,0.0,0.0,0.0,0.0,0.0,0.0,0.0,0,0,0.0,0.0,0.0,0.0,0.0,0.0,0.0,0.0,0.0,0.0,0.0,0.0,0.0,0.0,13,25.0
258,4,0,0.0,0.0,0.0,0.0,0.0,0.0,0.0,0.0,0.0,0.0,0.0,0,0,0.0,0.0,0.0,0.0,0.0,0.0,0.0,0.0,0.0,0.0,0.0,0.0,0.0,0.0,13,25.0
258,5,0,0.0,0.0,0.0,0.0,0.0,0.0,0.0,0.0,0.0,0.0,0.0,0,0,0.0,0.0,0.0,0.0,0.0,0.0,0.0,0.0,0.0,0.0,0.0,0.0,0.0,0.0,13,25.0
259,0,13,0.0003385416666666667,3.0,6.7429521687719305,8.851971776025058,3.4590407367451244,0.29519869319598163,3.4716141903913904,3.7374525541413317,0.7363959926134289,16.705427205254757,1.6977335913683922,5,2,10.6,0.00027604166666666673,0.6,8.31944331139594,9.482686785514527,4.247431806909129,1.344497477349251,4.475212827045299,0.6373513156103174,0.9076654866116639,26.720109404520446,1.6270970482161586,1.0,0.4,13,25.0
259,1,3,7.8125e-05,0.0,10.381037998154325,7.454387814815352,7.387721002810724,-0.9382823902806208,7.447066231696977,2.6784747475893766,0.7036152249070338,37.69563966860178,1.0986122886651097,2,2,3.0,7.8125e-05,0.0,21.296225499641803,15.696991692781276,20.5115634165374,-0.4072226575002526,20.524796505204165,-12.485331526681438,0.16626534271943058,33.82998920271073,1.0986122886651097,0.4,0.4,13,25.0
259,2,7,0.00018229166666666667,1.0,11.001342073183727,12.490772852172814,-3.506392369066688,-1.4915082902221835,3.8104310026098887,4.372530512948959,0.691160519759308,13.30279103500776,1.7478680974607577,1,0,6.2,0.00016145833333333333,0.2,7.683622536150365,8.758985583123579,0.19610825377209143,-2.0762360691261073,2.754790341535368,-0.1890726065960365,0.6446180237658236,18.023967566480014,1.5981419467212767,0.2,0.0,13,25.0
259,3,0,0.0,0.0,0.0,0.0,0.0,0.0,0.0,0.0,0.0,0.0,0.0,0,0,0.0,0.0,0.0,0.0,0.0,0.0,0.0,0.0,0.0,0.0,0.0,0.0,0.0,0.0,13,25.0
259,4,0,0.0,0.0,0.0,0.0,0.0,0.0,0.0,0.0,0.0,0.0,0.0,0,0,0.0,0.0,0.0,0.0,0.0,0.0,0.0,0.0,0.0,0.0,0.0,0.0,0.0,0.0,13,25.0
259,5,0,0.0,0.0,0.0,0.0,0.0,0.0,0.0,0.0,0.0,0.0,0.0,0,0,0.0,0.0,0.0,0.0,0.0,0.0,0.0,0.0,0.0,0.0,0.0,0.0,0.0,0.0,13,25.0
260,0,13,0.0003385416666666667,0.0,6.694441068622808,8.720539927941315,3.5012220844691346,0.1963278451272915,3.506722217049237,-1.2127775037280832,0.7144088722539164,16.635877088252645,1.6977335913683922,0,0,11.2,0.00029166666666666664,0.6,7.89635629010553,9.273944761934573,4.031745136898687,1.0598733919382899,4.205045940511651,-0.8764885590744675,0.8585959287599367,24.205679020395586,1.6447561840042169,1.0,0.4,13,25.0
260,1,3,7.8125e-05,0.0,10.58667140080489,7.270638085473889,7.351125516865835,-1.4454170737955863,7.491880730626709,5.1408350662642,0.7076839201520798,38.138048129956324,1.0986122886651097,0,0,3.0,7.8125e-05,0.0,18.41433618705235,13.388565138957741,17.031912811877937,-0.6150539335435397,17.072630111868058,-8.041722244638587,0.3012172432763743,34.899132866726625,1.0986122886651097,0.4,0.4,13,25.0
260,2,7,0.00018229166666666667,0.0,11.069135753350944,12.456988940669298,-3.20975912003019,-1.214203407280505,3.431740596675187,1.6948420041803918,0.6888116110044551,13.286536531105194,1.7478680974607577,0,0,6.4,0.00016666666666666666,0.2,8.503228019305668,9.63638668851174,-0.6498697413466568,-1.8600148007714576,2.938779473429192,-0.23606289657168741,0.6659544847761366,16.768679559291673,1.635573484406147,0.2,0.0,13,25.0
260,3,0,0.0,0.0,0.0,0.0,0.0,0.0,0.0,0.0,0.0,0.0,0.0,0,0,0.0,0.0,0.0,0.0,0.0,0.0,0.0,0.0,0.0,0.0,0.0,0.0,0.0,0.0,13,25.0
260,4,0,0.0,0.0,0.0,0.0,0.0,0.0,0.0,0.0,0.0,0.0,0.0,0,0,0.0,0.0,0.0,0.0,0.0,0.0,0.0,0.0,0.0,0.0,0.0,0.0,0.0,0.0,13,25.0
260,5,0,0.0,0.0,0.0,0.0,0.0,0.0,0.0,0.0,0.0,0.0,0.0,0,0,0.0,0.0,0.0,0.0,0.0,0.0,0.0,0.0,0.0,0.0,0.0,0.0,0.0,0.0,13,25.0
261,0,13,0.0003385416666666667,0.0,6.567666427590253,8.529318918509968,3.4590065981015212,0.14758892313517846,3.4621538290408274,-3.1693660258138894,0.5855658547615338,16.613303999715406,1.6977335913683922,0,0,11.8,0.00030729166666666665,0.6,7.4475609553804984,9.02941634575777,3.822998647705738,0.7634840466170998,3.9397701681206447,-1.5191963949400393,0.7841778548309307,21.684458747198995,1.6624153197922755,1.0,0.4,13,25.0
261,1,3,7.8125e-05,0.0,10.558444187066437,7.112785898628456,7.246082471851466,-1.6455798282854681,7.430588412779508,-0.705680343461338,0.7072403136172134,38.38974738011744,1.0986122886651097,0,0,3.0,7.8125e-05,0.0,15.65912718105623,11.20630637899568,13.661294541269138,-0.8868288950358657,13.738571951940648,-4.87471457980507,0.4362692404680587,36.007109698983605,1.0986122886651097,0.4,0.4,13,25.0
261,2,7,0.00018229166666666667,0.0,10.922992121936302,12.190819472867231,-2.9642694220614354,-1.0604503371250984,3.1482452452242615,-3.653590785366051,0.6898494375214266,13.27608634331022,1.7478680974607577,0,0,6.6,0.00017187500000000002,0.2,9.300612412322362,10.489216121546695,-1.4655998100703715,-1.6199243175900417,3.064304486268706,-0.7915901500368875,0.6790133362391029,15.579384335818599,1.6730050220910173,0.2,0.0,13,25.0
261,3,0,0.0,0.0,0.0,0.0,0.0,0.0,0.0,0.0,0.0,0.0,0.0,0,0,0.0,0.0,0.0,0.0,0.0,0.0,0.0,0.0,0.0,0.0,0.0,0.0,0.0,0.0,13,25.0
261,4,0,0.0,0.0,0.0,0.0,0.0,0.0,0.0,0.0,0.0,0.0,0.0,0,0,0.0,0.0,0.0,0.0,0.0,0.0,0.0,0.0,0.0,0.0,0.0,0.0,0.0,0.0,13,25.0
261,5,0,0.0,0.0,0.0,0.0,0.0,0.0,0.0,0.0,0.0,0.0,0.0,0,0,0.0,0.0,0.0,0.0,0.0,0.0,0.0,0.0,0.0,0.0,0.0,0.0,0.0,0.0,13,25.0
262,0,13,0.0003385416666666667,0.0,6.406661789316936,8.313213469146884,3.3792612088997798,0.12317949781734566,3.381505508890579,-4.025115956832912,0.5684021454128663,16.6068102030845,1.6977335913683922,0,0,12.4,0.00032291666666666666,0.6,6.989062583109072,8.768557949027969,3.618352924563353,0.4665801140789754,3.6787001961716563,-1.7617723335999471,0.7087266092602136,19.159921106101383,1.6800744555803337,1.0,0.4,13,25.0
262,1,3,7.8125e-05,0.0,10.424287758377552,6.959496259086394,7.112208524905786,-1.7179266198836813,7.316746679573341,-3.353910717222123,0.7065794940576253,38.51757442428905,1.0986122886651097,0,0,3.0,7.8125e-05,0.0,13.005088493334705,9.122405933360273,10.390288122544813,-1.1861454421964925,10.508264396420316,-2.3454566229402865,0.5712812220735138,37.13251630009614,1.0986122886651097,0.4,0.4,13,25.0
262,2,7,0.00018229166666666667,0.0,10.676596626747388,11.837817996059316,-2.7582340387930695,-0.9665459555723924,2.9226813197798482,-6.15988737972281,0.6907464083128334,13.271314146497115,1.7478680974607577,0,0,6.8,0.00017708333333333335,0.2,10.070253486558656,11.307189762140471,-2.249966240026828,-1.3729743752675598,3.1508582935752782,-1.4851731195469209,0.6860950027576991,14.422301520278253,1.7104365597758875,0.2,0.0,13,25.0
262,3,0,0.0,0.0,0.0,0.0,0.0,0.0,0.0,0.0,0.0,0.0,0.0,0,0,0.0,0.0,0.0,0.0,0.0,0.0,0.0,0.0,0.0,0.0,0.0,0.0,0.0,0.0,13,25.0
262,4,0,0.0,0.0,0.0,0.0,0.0,0.0,0.0,0.0,0.0,0.0,0.0,0,0,0.0,0.0,0.0,0.0,0.0,0.0,0.0,0.0,0.0,0.0,0.0,0.0,0.0,0.0,13,25.0
262,5,0,0.0,0.0,0.0,0.0,0.0,0.0,0.0,0.0,0.0,0.0,0.0,0,0,0.0,0.0,0.0,0.0,0.0,0.0,0.0,0.0,0.0,0.0,0.0,0.0,0.0,0.0,13,25.0
263,0,13,0.0003385416666666667,0.0,6.2307459961278795,8.092653845413423,3.2845234475894447,0.11053658414550276,3.286382907422598,-4.397894829726382,0.5670494214529671,16.606166905497133,1.6977335913683922,0,0,13.0,0.0003385416666666667,0.6,6.528493490085961,8.501539587407331,3.4166108151610004,0.17456630868425999,3.4216757305589263,-1.8135403523919913,0.6343644572989425,16.63351708036089,1.6977335913683922,1.0,0.4,13,25.0
263,1,3,7.8125e-05,0.0,10.23927875460146,6.80916752366392,6.965929254748158,-1.729662901558345,7.177458055271619,-4.625225094402315,0.7061325725386125,38.57757506855902,1.0986122886651097,0,0,3.0,7.8125e-05,0.0,10.437944019800932,7.121295116333601,7.212613354236393,-1.4953737627607402,7.372748021989631,-0.1731012682464838,0.706250305054513,38.263716934304725,1.0986122886651097,0.4,0.4,13,25.0
263,2,7,0.00018229166666666667,0.0,10.386821714652099,11.454507120828264,-2.5782822762133617,-0.9031093690779042,2.731875917451641,-7.244372802382219,0.6912679846842691,13.265511432907832,1.7478680974607577,0,0,7.0,0.00018229166666666667,0.2,10.811377657974091,12.086181276519387,-3.0033874452329488,-1.1271634718556167,3.208994816348165,-2.198095690068342,0.6903671922564584,13.280447897765622,1.7478680974607577,0.2,0.0,13,25.0
263,3,0,0.0,0.0,0.0,0.0,0.0,0.0,0.0,0.0,0.0,0.0,0.0,0,0,0.0,0.0,0.0,0.0,0.0,0.0,0.0,0.0,0.0,0.0,0.0,0.0,0.0,0.0,13,25.0
263,4,0,0.0,0.0,0.0,0.0,0.0,0.0,0.0,0.0,0.0,0.0,0.0,0,0,0.0,0.0,0.0,0.0,0.0,0.0,0.0,0.0,0.0,0.0,0.0,0.0,0.0,0.0,13,25.0
263,5,0,0.0,0.0,0.0,0.0,0.0,0.0,0.0,0.0,0.0,0.0,0.0,0,0,0.0,0.0,0.0,0.0,0.0,0.0,0.0,0.0,0.0,0.0,0.0,0.0,0.0,0.0,13,25.0
264,0,13,0.0003385416666666667,0.0,7.187223134793555,8.672796907755822,2.6942699169192164,1.1892655078488366,2.9450709385980556,0.713729653067571,0.8726670135571515,25.04429261893616,1.7326587201922075,4,4,13.0,0.0003385416666666667,0.0,6.617347683290286,8.465704613753482,3.2636566511958187,0.35337967161483097,3.3163670802002585,-2.4182849326067433,0.661618661487687,18.301290163097168,1.7047186171331554,0.8,0.8,13,25.0
264,1,4,0.00010416666666666667,1.0,15.279105189417297,15.33334811773655,12.917315079795173,-0.35401080645803973,12.922165163849009,-17.62566297297517,0.4688956117378795,21.7212721629317,1.3862943611158907,2,1,3.2,8.333333333333334e-05,0.2,11.417557458053528,8.697087176917842,8.318532169633283,-1.378519445996224,8.467767808420039,-4.233928812359393,0.6593063824206821,35.068843433170706,1.156148703155266,0.4,0.2,13,25.0
264,2,6,0.00015625,-1.0,11.421541807706944,11.312360060646945,-3.9733098497145183,-0.890515389477542,4.071880256188134,-7.546778320971362,0.7492821656525601,21.052103081387887,1.5607104090364066,0,1,6.8,0.00017708333333333335,-0.2,10.895417604878736,11.850498718214212,-3.0967709413625153,-1.0069648917066885,3.2612846670638147,-4.581957456852406,0.7019915214351088,14.830310307041652,1.7104365597758875,0.0,0.2,13,25.0
264,3,0,0.0,0.0,0.0,0.0,0.0,0.0,0.0,0.0,0.0,0.0,0.0,0,0,0.0,0.0,0.0,0.0,0.0,0.0,0.0,0.0,0.0,0.0,0.0,0.0,0.0,0.0,13,25.0
264,4,0,0.0,0.0,0.0,0.0,0.0,0.0,0.0,0.0,0.0,0.0,0.0,0,0,0.0,0.0,0.0,0.0,0.0,0.0,0.0,0.0,0.0,0.0,0.0,0.0,0.0,0.0,13,25.0
264,5,0,0.0,0.0,0.0,0.0,0.0,0.0,0.0,0.0,0.0,0.0,0.0,0,0,0.0,0.0,0.0,0.0,0.0,0.0,0.0,0.0,0.0,0.0,0.0,0.0,0.0,0.0,13,25.0
265,0,12,0.0003125,-1.0,5.43821834546117,6.831786133933607,1.0829001510973406,-0.057191767952613416,1.0844093487093278,-3.1886996552567113,0.8369228171705032,25.260060957103928,1.9072839993133792,0,1,12.8,0.0003333333333333334,-0.2,6.366103138657959,8.087953854951941,2.77999226452146,0.30267574899884997,2.8319045065322768,-2.813469362912469,0.6861214504710043,20.026126936867424,1.7466286987221527,0.8,1.0,13,25.0
265,1,4,0.00010416666666666667,0.0,15.2032397977062,14.790441076533185,12.555410580747829,-0.031058547822407467,12.555448995736766,-1.8966347927774239,0.4715498245625698,22.318738479201745,1.3862943611158907,0,0,3.4,8.854166666666667e-05,0.2,12.34087113743379,10.2010477751297,9.359389182409682,-1.095647740801588,9.48048146144205,-5.641422784167718,0.6120795633027801,31.90498150301979,1.2136851176454222,0.4,0.2,13,25.0
265,2,6,0.00015625,0.0,11.100969351860135,10.971441783619534,-4.527963823305374,-0.8262279962764655,4.602728439414305,-8.014311396170271,0.7156019239409952,21.719002210815532,1.5607104090364066,0,0,6.6,0.000171875,-0.2,10.901784324580573,11.553389286804258,-3.3604118820175515,-0.9293698095058804,3.495482235611638,-6.523788136922539,0.7073495840224169,16.51680344298372,1.6730050220910173,0.0,0.2,13,25.0
265,3,1,2.604166666666667e-05,1.0,26.429406712403466,0.0,19.291826231723793,18.064854824066845,26.429406712403466,-5.3824514963871195,1.1102230246251565e-16,0.0,-1.000088900581841e-12,1,0,0.2,5.208333333333334e-06,0.2,5.285881342480693,0.0,3.8583652463447584,3.612970964813369,5.285881342480693,-1.076490299277424,2.2204460492503132e-17,0.0,-2.000177801163682e-13,0.2,0.0,13,25.0
265,4,0,0.0,0.0,0.0,0.0,0.0,0.0,0.0,0.0,0.0,0.0,0.0,0,0,0.0,0.0,0.0,0.0,0.0,0.0,0.0,0.0,0.0,0.0,0.0,0.0,0.0,0.0,13,25.0
265,5,0,0.0,0.0,0.0,0.0,0.0,0.0,0.0,0.0,0.0,0.0,0.0,0,0,0.0,0.0,0.0,0.0,0.0,0.0,0.0,0.0,0.0,0.0,0.0,0.0,0.0,0.0,13,25.0
266,0,12,0.0003125,0.0,5.25106475825002,6.737566217986989,0.9904538022292777,-0.029987236868991,0.9909076489388253,-4.678839680278741,0.8278914604166808,25.209529816166736,1.9072839993133792,0,0,12.6,0.00032812499999999997,-0.2,6.102782804789912,7.7296033148473455,2.286281705347011,0.26716051699801613,2.3376552705118767,-3.1153640938054394,0.7345865716020338,21.74537210015769,1.7885387803111503,0.8,1.0,13,25.0
266,1,4,0.00010416666666666667,0.0,15.07018901244082,14.319348692289433,12.244082366280377,0.11149310106512378,12.244589976958935,-3.326269631634476,0.48022325000630384,22.646731990248156,1.3862943611158907,0,0,3.6,9.375e-05,0.2,13.243220102508667,11.642360333861896,10.358989161295465,-0.7442331549314698,10.443281774277935,-6.165540641802346,0.5666761505805982,28.75637842504593,1.2712215321355784,0.4,0.2,13,25.0
266,2,6,0.00015625,0.0,10.773401645561622,10.627355321744126,-4.695413791471896,-0.7779503088268503,4.759424057188882,-8.189192657462762,0.7018731281257029,21.195572987272353,1.5607104090364066,0,0,6.4,0.00016666666666666666,-0.2,10.871866229305638,11.240696456579638,-3.706640755899644,-0.8728698038462308,3.817717998004562,-7.430908511341881,0.709754322143272,18.100700771776143,1.635573484406147,0.0,0.2,13,25.0
266,3,1,2.604166666666667e-05,0.0,26.037229490334372,0.0,18.981421363320557,17.822540855905363,26.037229490334372,-9.80443055172735,0.0,0.0,-1.000088900581841e-12,0,0,0.4,1.0416666666666668e-05,0.2,10.493327240547568,0.0,7.654649519008871,7.177479135994441,10.493327240547568,-3.037376409622894,2.2204460492503132e-17,0.0,-4.000355602327364e-13,0.2,0.0,13,25.0
266,4,0,0.0,0.0,0.0,0.0,0.0,0.0,0.0,0.0,0.0,0.0,0.0,0,0,0.0,0.0,0.0,0.0,0.0,0.0,0.0,0.0,0.0,0.0,0.0,0.0,0.0,0.0,13,25.0
266,5,0,0.0,0.0,0.0,0.0,0.0,0.0,0.0,0.0,0.0,0.0,0.0,0,0,0.0,0.0,0.0,0.0,0.0,0.0,0.0,0.0,0.0,0.0,0.0,0.0,0.0,0.0,13,25.0
267,0,12,0.0003125,0.0,5.064211768426845,6.6128536236084425,0.944742892251251,-0.04471406034979012,0.9458004438845562,-4.6713247455793665,0.8230094151923659,25.17038418694383,1.9072839993133792,0,0,12.4,0.0003229166666666667,-0.2,5.834292800611894,7.389531345739657,1.7993780420173053,0.23358180536458897,1.8505142575106717,-3.24460585155473,0.7855080255579338,23.458086896929558,1.8304488619001476,0.8,1.0,13,25.0
267,1,4,0.00010416666666666667,0.0,14.838532033571674,13.899049307119848,11.945832862451851,0.17852000939700452,11.947166700577577,-5.791424471728668,0.4851850671472463,22.818177593952893,1.3862943611158907,0,0,3.8,9.895833333333334e-05,0.2,14.126068957547488,13.030270943468588,11.325714028804677,-0.3649438290753326,11.369365778478782,-6.653043392703654,0.5223972651985224,25.6164990589787,1.3287579466257344,0.4,0.2,13,25.0
267,2,6,0.00015625,0.0,10.447138715041582,10.269544852426058,-4.678273605092657,-0.7389166493460525,4.736268757026721,-8.156573263001006,0.696923364366016,20.93060159873723,1.5607104090364066,0,0,6.2,0.00016145833333333333,-0.2,10.825974646964477,10.927041827852985,-4.090648669159561,-0.8273439426009629,4.180435485453937,-7.830245687997521,0.7109897133539087,19.63255826222417,1.5981419467212767,0.0,0.2,13,25.0
267,3,1,2.604166666666667e-05,0.0,25.545376364443115,0.0,18.611348726954795,17.498112817236237,25.545376364443115,-12.296328147281432,0.0,0.0,-1.000088900581841e-12,0,0,0.6,1.5625e-05,0.2,15.602402513436193,0.0,11.376919264399827,10.677101699441689,15.602402513436193,-5.49664203907918,2.2204460492503132e-17,0.0,-6.000533403491046e-13,0.2,0.0,13,25.0
267,4,0,0.0,0.0,0.0,0.0,0.0,0.0,0.0,0.0,0.0,0.0,0.0,0,0,0.0,0.0,0.0,0.0,0.0,0.0,0.0,0.0,0.0,0.0,0.0,0.0,0.0,0.0,13,25.0
267,5,0,0.0,0.0,0.0,0.0,0.0,0.0,0.0,0.0,0.0,0.0,0.0,0,0,0.0,0.0,0.0,0.0,0.0,0.0,0.0,0.0,0.0,0.0,0.0,0.0,0.0,0.0,13,25.0
268,0,12,0.0003125,0.0,4.889040535223035,6.472508769111531,0.9171094646014585,-0.07038915063063429,0.9198067202342435,-4.3792808300952615,0.8204653285809671,25.150615127297485,1.9072839993133792,0,0,12.2,0.0003177083333333333,-0.2,5.565951708430925,7.065502330479278,1.3258952454197082,0.19739665840936155,1.377199020073001,-3.2408830516285065,0.8361912069835338,25.16697654128963,1.8723589434891448,0.8,1.0,13,25.0
268,1,4,0.00010416666666666667,0.0,14.546355589236716,13.511346572427291,11.653624334032514,0.20929622525261693,11.655503636851552,-7.30441110837396,0.4877178284763398,22.89781255610291,1.3862943611158907,0,0,4.0,0.00010416666666666667,0.2,14.987484324474542,14.370706753221262,12.26325304466155,0.022847996286859695,12.26497489479477,-7.188880595497983,0.4787143163860678,22.480546556487482,1.3862943611158907,0.4,0.2,13,25.0
268,2,6,0.00015625,0.0,10.128522991055997,9.91145156578324,-4.576071864504342,-0.7055198664109738,4.630139521764846,-7.965393099639646,0.6950062275900497,20.7937069710985,1.5607104090364066,0,0,6.0,0.00015625,-0.2,10.774314902245255,10.61843071684398,-4.490206586817758,-0.7878260420675767,4.560088206316578,-7.974449747449006,0.7117373619350648,21.1381973698623,1.5607104090364066,0.0,0.2,13,25.0
268,3,1,2.604166666666667e-05,0.0,25.001253315979746,0.0,18.209205412724998,17.131477041019398,25.001253315979746,-13.60307621158423,1.1102230246251565e-16,0.0,-1.000088900581841e-12,0,0,0.8,2.0833333333333336e-05,0.2,20.60265317663214,0.0,15.018760346944827,14.103397107645568,20.60265317663214,-8.217257281396027,4.4408920985006264e-17,0.0,-8.000711204654728e-13,0.2,0.0,13,25.0
268,4,0,0.0,0.0,0.0,0.0,0.0,0.0,0.0,0.0,0.0,0.0,0.0,0,0,0.0,0.0,0.0,0.0,0.0,0.0,0.0,0.0,0.0,0.0,0.0,0.0,0.0,0.0,13,25.0
268,5,0,0.0,0.0,0.0,0.0,0.0,0.0,0.0,0.0,0.0,0.0,0.0,0,0,0.0,0.0,0.0,0.0,0.0,0.0,0.0,0.0,0.0,0.0,0.0,0.0,0.0,0.0,13,25.0
269,0,11,0.00028645833333333333,-1.0,6.396608372217207,7.215695369621812,1.3196028536424051,-1.576054941860069,2.055553665342436,35.49258559298487,0.5740796966222521,28.056803118293374,1.9722469794154414,0,1,11.8,0.00030729166666666665,-0.4,5.407828755915655,6.774082022852477,1.050961832764346,-0.35566743153241953,1.199295565421877,3.714888136354953,0.7764737435965537,25.769478641161072,1.9202765953337917,0.0,0.4,13,25.0
269,1,4,0.00010416666666666667,0.0,11.815884805259973,14.013753824542311,7.957161958854411,0.01788304070562252,7.957182054131013,-12.004864084437207,0.47876163632993385,23.755725606685793,1.3862943611158907,1,1,4.0,0.00010416666666666667,0.0,14.294840247643076,14.106787894582414,11.271222420473396,0.09722676571959214,11.271978272851168,-6.06472081779039,0.48068752130447867,22.8874372452383,1.3862943611158907,0.2,0.2,13,25.0
269,2,7,0.00018229166666666667,1.0,9.034393890729929,10.226536224743713,-3.584924156037633,-0.9078718349293597,3.6980957901601386,10.290080369889674,0.7589056412644231,16.86606793706678,1.2770342594621393,1,0,6.2,0.00016145833333333333,0.2,10.296885318849855,10.401265949663335,-4.41252944808238,-0.7912973311579403,4.485331313110978,-4.407078009276798,0.7136620570574375,20.300990340998077,1.5039751791215532,0.2,0.0,13,25.0
269,3,1,2.604166666666667e-05,0.0,24.341999540582727,0.0,17.944234154331607,16.448021225917987,24.341999540582727,-16.481344384925478,0.0,0.0,-1.000088900581841e-12,0,0,1.0,2.604166666666667e-05,0.2,25.471053084748682,0.0,18.60760717781115,17.393001352829167,25.471053084748682,-11.513526158381122,4.4408920985006264e-17,0.0,-1.000088900581841e-12,0.2,0.0,13,25.0
269,4,0,0.0,0.0,0.0,0.0,0.0,0.0,0.0,0.0,0.0,0.0,0.0,0,0,0.0,0.0,0.0,0.0,0.0,0.0,0.0,0.0,0.0,0.0,0.0,0.0,0.0,0.0,13,25.0
269,5,0,0.0,0.0,0.0,0.0,0.0,0.0,0.0,0.0,0.0,0.0,0.0,0,0,0.0,0.0,0.0,0.0,0.0,0.0,0.0,0.0,0.0,0.0,0.0,0.0,0.0,0.0,13,25.0
270,0,12,0.0003125,1.0,7.977118152729332,8.55530313838996,2.7910153772099844,-0.18983546115475022,2.7974639118555986,2.1265129120415813,0.6277031813171687,27.379699307641317,1.8200759753536213,1,0,11.8,0.0003072916666666667,0.0,5.915608717369288,7.118785423743748,1.3925848779868748,-0.3821961701728469,1.5419064780511313,4.777930649814611,0.7346298164258869,26.193406311268554,1.9028349905418402,0.2,0.2,13,25.0
270,1,4,0.00010416666666666667,0.0,11.652400945521526,13.357640995707559,7.20328837499671,-0.22956931919447177,7.206945641926138,-4.0870964934611616,0.46429130633274274,23.328150609032644,1.3862943611158907,0,0,4.0,0.00010416666666666667,0.0,13.58467247720614,13.820227878417288,10.200797979323173,0.057524611445179286,10.202277602089044,-6.502813157927139,0.4792358176585133,23.08931967120448,1.3862943611158907,0.2,0.2,13,25.0
270,2,7,0.00018229166666666667,0.0,9.106383592357124,10.217345587684289,-3.345594019014532,-1.0363369066540558,3.5024268049681075,1.7997425406799101,0.7396951962342067,17.300328364332568,1.5498260458732018,0,0,6.4,0.00016666666666666666,0.2,9.897968166949251,10.250446710476286,-4.176055487224212,-0.8333191132334583,4.265270986221739,-2.4442672219067623,0.7184807115160796,19.417255571701485,1.5017983064889122,0.2,0.0,13,25.0
270,3,0,0.0,-1.0,0.0,0.0,0.0,0.0,0.0,0.0,0.0,0.0,0.0,0,1,0.8,2.0833333333333336e-05,-0.2,20.185171742267993,0.0,14.749241931466392,13.780030388015797,20.185171742267993,-10.437035859103698,2.2204460492503132e-17,0.0,-8.000711204654728e-13,0.0,0.2,13,25.0
270,4,0,0.0,0.0,0.0,0.0,0.0,0.0,0.0,0.0,0.0,0.0,0.0,0,0,0.0,0.0,0.0,0.0,0.0,0.0,0.0,0.0,0.0,0.0,0.0,0.0,0.0,0.0,13,25.0
270,5,0,0.0,0.0,0.0,0.0,0.0,0.0,0.0,0.0,0.0,0.0,0.0,0,0,0.0,0.0,0.0,0.0,0.0,0.0,0.0,0.0,0.0,0.0,0.0,0.0,0.0,0.0,13,25.0
271,0,12,0.0003125,0.0,7.7538949676720295,8.310671335464777,2.8193695310636575,-0.080721240854612,2.8205248574361503,-5.580579626432534,0.6327787193666541,27.186438510669017,1.8200759753536213,0,0,11.8,0.00030729166666666665,0.0,6.41617475925369,7.433406447239304,1.7583680237537507,-0.39234297096997117,1.9078299197505963,4.597582660583852,0.6956072682158816,26.588788050169008,1.8853933857498884,0.2,0.2,13,25.0
271,1,4,0.00010416666666666667,0.0,11.4708347547726,12.858779111025907,6.746722442367729,-0.3480489910403801,6.755694029077442,-4.539154768723133,0.4616664240688473,23.16597793587913,1.3862943611158907,0,0,4.0,0.00010416666666666667,0.0,12.864801625672499,13.528113962164582,9.101325994540643,-0.03438380697592149,9.104498412512745,-6.74539018534487,0.47552445247102204,23.193168860330672,1.3862943611158907,0.2,0.2,13,25.0
271,2,7,0.00018229166666666667,0.0,9.011277741546735,10.039203085371941,-3.1610759987002552,-1.0799990382600466,3.340478916592865,-2.3776462702597554,0.7320097978514202,17.514589046688492,1.5498260458732018,0,0,6.6,0.00017187500000000002,0.2,9.545543386146273,10.132816263201848,-3.8691879286698834,-0.8937288591200977,3.981481958102536,-1.281957944466161,0.7245080454612232,18.681058783584714,1.4996214338562712,0.2,0.0,13,25.0
271,3,0,0.0,0.0,0.0,0.0,0.0,0.0,0.0,0.0,0.0,0.0,0.0,0,0,0.6,1.5625000000000004e-05,-0.2,14.977725844201121,0.0,10.95295765880228,10.215522216834724,14.977725844201121,-8.476149748758228,2.2204460492503132e-17,0.0,-6.000533403491046e-13,0.0,0.2,13,25.0
271,4,0,0.0,0.0,0.0,0.0,0.0,0.0,0.0,0.0,0.0,0.0,0.0,0,0,0.0,0.0,0.0,0.0,0.0,0.0,0.0,0.0,0.0,0.0,0.0,0.0,0.0,0.0,13,25.0
271,5,0,0.0,0.0,0.0,0.0,0.0,0.0,0.0,0.0,0.0,0.0,0.0,0,0,0.0,0.0,0.0,0.0,0.0,0.0,0.0,0.0,0.0,0.0,0.0,0.0,0.0,0.0,13,25.0
272,0,12,0.0003125,0.0,7.460848838423505,8.017800506731339,2.8085940719358686,0.05642097874386106,2.8091607265793317,-7.32615323121313,0.6365852745033396,27.072099898205355,1.8200759753536213,0,0,11.8,0.00030729166666666665,0.0,6.895502173253021,7.714395823863884,2.1311382596906743,-0.3721159631512409,2.280501976289551,4.0666169634571006,0.6583224400780763,26.969131192421308,1.867951780957937,0.2,0.2,13,25.0
272,1,4,0.00010416666666666667,0.0,11.250649268995605,12.450786429926389,6.440443931525994,-0.4020992532971188,6.45298394889001,-5.504637144424879,0.46204321589405883,23.102903370317495,1.3862943611158907,0,0,4.0,0.00010416666666666667,0.0,12.147225072757283,13.238461386725891,8.000248208355472,-0.15050765951474615,8.00566186217523,-6.688032719884111,0.4708960822203845,23.250114015603593,1.3862943611158907,0.2,0.2,13,25.0
272,2,7,0.00018229166666666667,0.0,8.835878569592401,9.787456904875071,-3.008551501567647,-1.0829154346869916,3.197512779688028,-4.384979298858322,0.7283256131803412,17.617467211125412,1.5498260458732018,0,0,6.8,0.00017708333333333335,0.2,9.223291357056437,10.03639867369165,-3.535243507964882,-0.9625286161882854,3.673730762634797,-0.5276391516376243,0.7307884952240882,18.018431906062354,1.4974445612236302,0.2,0.0,13,25.0
272,3,0,0.0,0.0,0.0,0.0,0.0,0.0,0.0,0.0,0.0,0.0,0.0,0,0,0.4,1.0416666666666668e-05,-0.2,9.868650571312495,0.0,7.230687913411321,6.715899653387479,9.868650571312495,-6.016884119301942,2.2204460492503132e-17,0.0,-4.000355602327364e-13,0.0,0.2,13,25.0
272,4,0,0.0,0.0,0.0,0.0,0.0,0.0,0.0,0.0,0.0,0.0,0.0,0,0,0.0,0.0,0.0,0.0,0.0,0.0,0.0,0.0,0.0,0.0,0.0,0.0,0.0,0.0,13,25.0
272,5,0,0.0,0.0,0.0,0.0,0.0,0.0,0.0,0.0,0.0,0.0,0.0,0,0,0.0,0.0,0.0,0.0,0.0,0.0,0.0,0.0,0.0,0.0,0.0,0.0,0.0,0.0,13,25.0
273,0,12,0.0003125,0.0,7.1686303971553444,7.746090654472891,2.775032407843357,0.17493188690037784,2.7805406002494237,-7.305461031704023,0.6386403200969999,27.01536228947762,1.9792045174263242,0,0,11.8,0.0003072916666666667,0.0,7.351420145639483,7.969112200936155,2.5027228483390536,-0.32305175564503846,2.6526487522925875,3.4813809231353483,0.6219574383812829,27.342080624857335,1.882335884580526,0.2,0.2,13,25.0
273,1,4,0.00010416666666666667,0.0,11.006958123454513,12.0949508980959,6.211291492294048,-0.4240234544153093,6.225747978527457,-6.092278638527304,0.46267154255126486,23.07628300031957,1.3862943611158907,0,0,4.0,0.00010416666666666667,0.0,11.439345579600843,12.955182251859615,6.911781640007779,-0.2771715954483314,6.919710730510412,-6.445606225914782,0.4658868250353695,23.285808104446925,1.3862943611158907,0.2,0.2,13,25.0
273,2,7,0.00018229166666666667,0.0,8.625428108462561,9.507857976289307,-2.8759097792369395,-1.066671601902144,3.0673515228312436,-5.261261528246028,0.7264925623553039,17.664494849326783,1.5498260458732018,0,0,7.0,0.00018229166666666667,0.2,8.922672380537751,9.955679955792863,-3.195211090911401,-1.0347589632865195,3.3611731628480768,0.013187162641099093,0.737085762177139,17.392589481708008,1.4952676885909892,0.2,0.0,13,25.0
273,3,0,0.0,0.0,0.0,0.0,0.0,0.0,0.0,0.0,0.0,0.0,0.0,0,0,0.2,5.208333333333334e-06,-0.2,4.868399908116546,0.0,3.5888468308663213,3.2896042451835976,4.868399908116546,-3.2962688769850956,0.0,0.0,-2.000177801163682e-13,0.0,0.2,13,25.0
273,4,0,0.0,0.0,0.0,0.0,0.0,0.0,0.0,0.0,0.0,0.0,0.0,0,0,0.0,0.0,0.0,0.0,0.0,0.0,0.0,0.0,0.0,0.0,0.0,0.0,0.0,0.0,13,25.0
273,5,0,0.0,0.0,0.0,0.0,0.0,0.0,0.0,0.0,0.0,0.0,0.0,0,0,0.0,0.0,0.0,0.0,0.0,0.0,0.0,0.0,0.0,0.0,0.0,0.0,0.0,0.0,13,25.0
274,0,12,0.0003125,0.0,6.100298324090726,7.954556081967772,1.1689532188941518,-1.75071316298256,2.1051005218286845,20.984621444108857,0.6999838802458004,22.607126354828697,1.8636799873340002,1,1,12.0,0.0003125,0.2,7.292158136014187,8.116884343405347,2.472592921389403,-0.3579833998695367,2.662558123589837,0.5797880933601463,0.6471382751059925,26.252145272164398,1.8606224861642378,0.4,0.2,13,25.0
274,1,5,0.00013020833333333333,1.0,11.26900224208646,10.906507574592707,5.637600305849977,-0.34995634140402443,5.64845170373339,10.623593101418084,0.4370049396140572,26.5451025088949,1.6094379124291003,2,1,4.2,0.00010937500000000002,0.2,11.329969066966141,12.333733001869692,6.447869309406892,-0.35073947187026083,6.457964660430887,-1.9199147887437225,0.4575354856921942,23.84368348488875,1.4309230713785326,0.4,0.2,13,25.0
274,2,5,0.00013020833333333333,-2.0,5.336554768139147,5.124541219419719,3.7074906540117225,-0.3148519077155466,3.7208357493144453,-5.362713800824257,0.3210186411707865,43.38486056405448,1.6094379124291003,2,4,6.6,0.00017187500000000002,-0.4,8.183104556019593,8.935280954728066,-1.7367281289015302,-0.916154977843757,3.365721154678938,-3.1173716715016875,0.6495083621584117,22.696348007105545,1.5617484191843816,0.4,0.8,13,25.0
274,3,0,0.0,0.0,0.0,0.0,0.0,0.0,0.0,0.0,0.0,0.0,0.0,0,0,0.0,0.0,-0.2,0.0,0.0,0.0,0.0,0.0,0.0,0.0,0.0,0.0,0.0,0.2,13,25.0
274,4,0,0.0,0.0,0.0,0.0,0.0,0.0,0.0,0.0,0.0,0.0,0.0,0,0,0.0,0.0,0.0,0.0,0.0,0.0,0.0,0.0,0.0,0.0,0.0,0.0,0.0,0.0,13,25.0
274,5,0,0.0,0.0,0.0,0.0,0.0,0.0,0.0,0.0,0.0,0.0,0.0,0,0,0.0,0.0,0.0,0.0,0.0,0.0,0.0,0.0,0.0,0.0,0.0,0.0,0.0,0.0,13,25.0
275,0,12,0.0003125,0.0,6.197366724492851,8.479345846333606,1.1102787614233338,-1.920126748436994,2.2180184079783816,2.426710010053094,0.7208807780675239,22.39256602178486,1.8636799873340002,0,0,12.0,0.0003125,0.0,6.936207850366891,8.101692884994076,2.136445598232073,-0.7040416573259854,2.546669022814394,0.6398275129624487,0.6657737944560636,25.25471861499311,1.8693432885603136,0.2,0.2,13,25.0
275,1,5,0.00013020833333333333,0.0,11.540304858707241,10.733311557971245,4.866056791695764,-0.35272570926340424,4.878824051550112,6.782565415519587,0.6391896375641062,26.40993006080094,1.6094379124291003,0,0,4.4,0.00011458333333333333,0.2,11.307549849603284,11.80886711432243,5.9804229927467025,-0.3753707498840473,5.992340342355684,0.2540175930524269,0.49251515193846684,24.46003937524241,1.4755517816411745,0.4,0.2,13,25.0
275,2,5,0.00013020833333333333,0.0,5.238145536340342,5.382685295790661,3.9779572864079,-0.1951111595748726,3.9827393257752077,-2.460230794970163,0.2945149888694881,42.9392766343672,1.6094379124291003,0,0,6.2,0.00016145833333333333,-0.4,7.409456944816237,7.9683488963493385,-0.27201786781704385,-0.7479098284279202,3.461783658840358,-3.969366338631702,0.560472320685468,27.824137661112474,1.573670792495561,0.4,0.8,13,25.0
275,3,0,0.0,0.0,0.0,0.0,0.0,0.0,0.0,0.0,0.0,0.0,0.0,0,0,0.0,0.0,0.0,0.0,0.0,0.0,0.0,0.0,0.0,0.0,0.0,0.0,0.0,0.0,13,25.0
275,4,0,0.0,0.0,0.0,0.0,0.0,0.0,0.0,0.0,0.0,0.0,0.0,0,0,0.0,0.0,0.0,0.0,0.0,0.0,0.0,0.0,0.0,0.0,0.0,0.0,0.0,0.0,13,25.0
275,5,0,0.0,0.0,0.0,0.0,0.0,0.0,0.0,0.0,0.0,0.0,0.0,0,0,0.0,0.0,0.0,0.0,0.0,0.0,0.0,0.0,0.0,0.0,0.0,0.0,0.0,0.0,13,25.0
276,0,12,0.0003125,0.0,6.069031621075247,8.371149389985721,1.0883842902398981,-1.867479465130585,2.161494833656889,-3.2083775854400813,0.5695212122388125,22.29495226033664,1.8636799873340002,0,0,12.0,0.0003125,0.0,6.5992351810475345,8.113788495898266,1.790248550067321,-1.0613933021811799,2.4148630180585413,1.1142679211609394,0.6531222930304953,24.276421364926634,1.8780640909563893,0.2,0.2,13,25.0
276,1,5,0.00013020833333333333,0.0,11.60477806824812,10.473029708251502,4.430026050576453,-0.35469799137728203,4.444203131481851,1.6118302385219656,0.6993976756271753,26.401925989010277,1.6094379124291003,0,0,4.6,0.00011979166666666666,0.2,11.334338512298388,11.331717233767549,5.5170837143884475,-0.37670054995142765,5.530042162836565,1.4842145945014464,0.5400614022501324,25.107228985868637,1.5201804919038164,0.4,0.2,13,25.0
276,2,5,0.00013020833333333333,0.0,5.136088328582906,5.464297034494727,4.066732121441928,-0.13268761648697716,4.0688961833815025,-2.5514301939358917,0.2817772243560479,42.72559555021837,1.3321790402061222,0,0,5.8,0.00015104166666666667,-0.4,6.634419062223472,7.053367686173897,1.1735437562113926,-0.5584475440733063,3.6074671121980857,-4.004123123366929,0.47042580598639355,32.86633896181844,1.5301413913621453,0.4,0.8,13,25.0
276,3,0,0.0,0.0,0.0,0.0,0.0,0.0,0.0,0.0,0.0,0.0,0.0,0,0,0.0,0.0,0.0,0.0,0.0,0.0,0.0,0.0,0.0,0.0,0.0,0.0,0.0,0.0,13,25.0
276,4,0,0.0,0.0,0.0,0.0,0.0,0.0,0.0,0.0,0.0,0.0,0.0,0,0,0.0,0.0,0.0,0.0,0.0,0.0,0.0,0.0,0.0,0.0,0.0,0.0,0.0,0.0,13,25.0
276,5,0,0.0,0.0,0.0,0.0,0.0,0.0,0.0,0.0,0.0,0.0,0.0,0,0,0.0,0.0,0.0,0.0,0.0,0.0,0.0,0.0,0.0,0.0,0.0,0.0,0.0,0.0,13,25.0
277,0,12,0.0003125,0.0,5.859888203626461,8.030785744308671,1.079144338901509,-1.744110689054103,2.0509691854964456,-5.22858543621965,0.5741707278777741,22.25124298062498,1.8636799873340002,0,0,12.0,0.0003125,0.0,6.279043054088126,8.116385543413733,1.4443586034604494,-1.4214996357407728,2.2632247098419644,1.5337814801596348,0.6406393837053821,23.31224998141056,1.886784893352465,0.2,0.2,13,25.0
277,1,5,0.00013020833333333333,0.0,11.504243297773197,10.218242432053813,4.165182700772808,-0.3519934551623088,4.180029464405026,-2.5133692618731054,0.7176181965754653,26.421449588720627,1.6094379124291003,0,0,4.8,0.00012499999999999998,0.2,11.385057318053907,10.885208434193034,5.0620314682378105,-0.3666793903244657,5.075451265939567,2.0824681710118016,0.5911763983864138,25.770938229549262,1.5648092021664586,0.4,0.2,13,25.0
277,2,5,0.00013020833333333333,0.0,5.0296058178848,5.447500664318846,4.065865974227293,-0.09919911244938762,4.0670759255624915,-2.662062767452656,0.2753883126425841,42.62183803906132,1.3321790402061222,0,0,5.4,0.000140625,-0.4,5.873164511881951,6.185376438062653,2.5884272513703808,-0.36170427962578555,3.781379741372978,-3.659539817085796,0.3798383458788421,37.86721312740563,1.4866119902287296,0.4,0.8,13,25.0
277,3,0,0.0,0.0,0.0,0.0,0.0,0.0,0.0,0.0,0.0,0.0,0.0,0,0,0.0,0.0,0.0,0.0,0.0,0.0,0.0,0.0,0.0,0.0,0.0,0.0,0.0,0.0,13,25.0
277,4,0,0.0,0.0,0.0,0.0,0.0,0.0,0.0,0.0,0.0,0.0,0.0,0,0,0.0,0.0,0.0,0.0,0.0,0.0,0.0,0.0,0.0,0.0,0.0,0.0,0.0,0.0,13,25.0
277,5,0,0.0,0.0,0.0,0.0,0.0,0.0,0.0,0.0,0.0,0.0,0.0,0,0,0.0,0.0,0.0,0.0,0.0,0.0,0.0,0.0,0.0,0.0,0.0,0.0,0.0,0.0,13,25.0
278,0,12,0.0003125,0.0,5.628189602348596,7.635112984723226,1.0727519921882587,-1.6066063961729702,1.9318335717570954,-5.792465031946608,0.5765356274711548,22.232889486262792,1.8636799873340002,0,0,12.0,0.0003125,0.0,5.970954895126776,8.094190009463798,1.1039025203294297,-1.7778072923554427,2.093483304143499,1.8363806801111182,0.6282184451802131,22.355755420767593,1.8636799873340002,0.2,0.2,13,25.0
278,1,5,0.00013020833333333333,0.0,11.319409364736206,9.969939956983104,3.9867663967348532,-0.34668829063151074,4.001811973718306,-4.6208483259247926,0.724921789141221,26.438784889368304,1.6094379124291003,0,0,5.0,0.00013020833333333333,0.2,11.447547566310245,10.460206245970474,4.617126449125971,-0.35121235756770597,4.630664064977738,2.3767542335323038,0.643626447704405,26.443438607359006,1.6094379124291003,0.4,0.2,13,25.0
278,2,5,0.00013020833333333333,0.0,4.920729883254439,5.380332485749776,4.020917132165951,-0.08028854216921832,4.021718641793495,-2.721898365759018,0.2721275584435239,42.57195650091738,1.3321790402061222,0,0,5.0,0.00013020833333333333,-0.4,5.1322248668403265,5.359871339954745,3.9677926336509586,-0.1644276676792004,3.9722531651654287,-3.151667184588394,0.2889653450964861,42.848705457723746,1.4430825890953134,0.4,0.8,13,25.0
278,3,0,0.0,0.0,0.0,0.0,0.0,0.0,0.0,0.0,0.0,0.0,0.0,0,0,0.0,0.0,0.0,0.0,0.0,0.0,0.0,0.0,0.0,0.0,0.0,0.0,0.0,0.0,13,25.0
278,4,0,0.0,0.0,0.0,0.0,0.0,0.0,0.0,0.0,0.0,0.0,0.0,0,0,0.0,0.0,0.0,0.0,0.0,0.0,0.0,0.0,0.0,0.0,0.0,0.0,0.0,0.0,13,25.0
278,5,0,0.0,0.0,0.0,0.0,0.0,0.0,0.0,0.0,0.0,0.0,0.0,0,0,0.0,0.0,0.0,0.0,0.0,0.0,0.0,0.0,0.0,0.0,0.0,0.0,0.0,0.0,13,25.0
279,0,9,0.000234375,-3.0,2.1808545071860848,2.2699966071187907,-0.005881996090224495,-0.585861250324905,0.5858907769458966,-4.790173427714388,0.9276718083175395,25.310549864441327,1.6769877743164172,0,3,11.4,0.000296875,-0.6,5.187066131745848,6.957278114494002,0.8689354773325542,-1.5448369098239114,1.7896413551669408,-3.3185782942535313,0.6737560307945609,22.89644012269012,1.8263415447304836,0.0,0.6,13,25.0
279,1,7,0.00018229166666666667,2.0,25.234088072174423,19.92924972240559,-1.6360273107449663,2.8461576165583327,3.282864380353903,365.3600111224934,0.84459150932693,24.316388424278067,1.7478680974607577,2,0,5.4,0.000140625,0.4,14.240564732327837,12.26475467553305,3.162400925806983,0.28801043402476545,4.15754660030184,73.32403783774737,0.7251437616469796,25.997695790435642,1.6371239494354317,0.4,0.0,13,25.0
279,2,6,0.00015625,1.0,8.33038013389421,8.743506535073653,-3.3487614346212156,-2.6484749724412713,4.269499130536758,222.73550785244154,0.9179046108368127,22.37492953018484,1.5607104090364068,3,2,5.2,0.00013541666666666666,0.2,5.730989939991339,6.083664403085533,2.5565422159243716,-0.6311522806243454,4.081985841409891,42.46797714606477,0.4083425390296914,38.64671925094982,1.4333370884167747,0.6,0.4,13,25.0
279,3,0,0.0,0.0,0.0,0.0,0.0,0.0,0.0,0.0,0.0,0.0,0.0,0,0,0.0,0.0,0.0,0.0,0.0,0.0,0.0,0.0,0.0,0.0,0.0,0.0,0.0,0.0,13,25.0
279,4,0,0.0,0.0,0.0,0.0,0.0,0.0,0.0,0.0,0.0,0.0,0.0,0,0,0.0,0.0,0.0,0.0,0.0,0.0,0.0,0.0,0.0,0.0,0.0,0.0,0.0,0.0,13,25.0
279,5,0,0.0,0.0,0.0,0.0,0.0,0.0,0.0,0.0,0.0,0.0,0.0,0,0,0.0,0.0,0.0,0.0,0.0,0.0,0.0,0.0,0.0,0.0,0.0,0.0,0.0,0.0,13,25.0
280,0,9,0.000234375,0.0,2.1136501531575584,2.0418968369486636,0.05115231317419068,-0.37563670621032264,0.379103540204534,-1.6801088507131539,0.9199483459246367,25.44480261389811,1.6769877743164172,0,0,10.8,0.00028125000000000003,-0.6,4.370322817478789,5.6697883126170145,0.6571101876827257,-1.2359389013785773,1.4218583816121717,-4.13994206640678,0.7135695443659835,23.50688744111277,1.789003102126967,0.0,0.6,13,25.0
280,1,7,0.00018229166666666667,0.0,26.710338889443808,21.895171010164184,-3.3327639862774916,2.786735619238841,4.344330926594188,36.9062704317346,0.8329996812776305,22.761460887161633,1.7478680974607577,0,0,5.8,0.00015104166666666667,0.4,17.27457153847515,14.497126565971637,1.5226367702123311,0.9159026997252144,4.050647975310655,79.34877884099038,0.7639057703896844,25.26800195570778,1.6648099864417631,0.4,0.0,13,25.0
280,2,6,0.00015625,0.0,9.023339203815077,9.855274578965275,-3.427369753084269,-3.0246468393424557,4.571143393845924,17.323976748021725,0.8817547689572987,21.82399731975967,1.791759469222055,0,0,5.4,0.000140625,0.2,6.488028673486286,6.978182259720455,1.0754768080259374,-1.1970594165778619,4.199666655024034,46.42481865466314,0.5257904950472534,34.42366338802832,1.4698013997753656,0.6,0.4,13,25.0
280,3,0,0.0,0.0,0.0,0.0,0.0,0.0,0.0,0.0,0.0,0.0,0.0,0,0,0.0,0.0,0.0,0.0,0.0,0.0,0.0,0.0,0.0,0.0,0.0,0.0,0.0,0.0,13,25.0
280,4,0,0.0,0.0,0.0,0.0,0.0,0.0,0.0,0.0,0.0,0.0,0.0,0,0,0.0,0.0,0.0,0.0,0.0,0.0,0.0,0.0,0.0,0.0,0.0,0.0,0.0,0.0,13,25.0
280,5,0,0.0,0.0,0.0,0.0,0.0,0.0,0.0,0.0,0.0,0.0,0.0,0,0,0.0,0.0,0.0,0.0,0.0,0.0,0.0,0.0,0.0,0.0,0.0,0.0,0.0,0.0,13,25.0
281,0,9,0.000234375,0.0,2.0625625525740947,1.9342713538567993,0.07962503392976543,-0.2751883471722339,0.2864764780007291,-1.2771900145865898,0.8772800559752566,25.500416390291846,1.6769877743164172,0,0,10.2,0.000265625,-0.6,3.569029003778559,4.38241270539123,0.4553583364206991,-0.9174806777869069,1.0468547104809396,-3.7537045522360826,0.7751213131132724,24.14798026710381,1.7516646595234504,0.0,0.6,13,25.0
281,1,7,0.00018229166666666667,0.0,25.69288936032604,19.922200622195792,-3.0673310094222574,2.7249852379605786,4.102933592987636,-25.436238227944266,0.8283568294195732,21.927191621987674,1.7478680974607577,0,0,6.2,0.00016145833333333333,0.4,20.092193796890733,16.386960748760497,0.023165358212589294,1.5318393455927866,3.982394067611813,73.93916514769712,0.789697601148164,24.37305508230326,1.6924960234480946,0.4,0.0,13,25.0
281,2,6,0.00015625,0.0,8.638491641485937,9.064662623716368,-2.920904018877639,-2.8610156255034203,4.088653897907021,-9.621189058228541,0.8502844567101004,21.568459817812784,1.791759469222055,0,0,5.6,0.00014583333333333335,0.2,7.1885093360668915,7.698255377564783,-0.32205042003797574,-1.7427250183811505,4.203618197929138,45.01086688180461,0.639491941518064,30.1922362415472,1.5617174855785525,0.6,0.4,13,25.0
281,3,0,0.0,0.0,0.0,0.0,0.0,0.0,0.0,0.0,0.0,0.0,0.0,0,0,0.0,0.0,0.0,0.0,0.0,0.0,0.0,0.0,0.0,0.0,0.0,0.0,0.0,0.0,13,25.0
281,4,0,0.0,0.0,0.0,0.0,0.0,0.0,0.0,0.0,0.0,0.0,0.0,0,0,0.0,0.0,0.0,0.0,0.0,0.0,0.0,0.0,0.0,0.0,0.0,0.0,0.0,0.0,13,25.0
281,5,0,0.0,0.0,0.0,0.0,0.0,0.0,0.0,0.0,0.0,0.0,0.0,0,0,0.0,0.0,0.0,0.0,0.0,0.0,0.0,0.0,0.0,0.0,0.0,0.0,0.0,0.0,13,25.0
282,0,9,0.000234375,0.0,2.0130037267261702,1.866065192431217,0.09374756579537179,-0.2279435021864352,0.24646875315458336,-1.2389706461981074,0.854916448898559,25.53025660910012,1.6769877743164172,0,0,9.6,0.00025,-0.6,2.7996521083985004,3.1494685950157395,0.2582789817994717,-0.6142472404133735,0.685954624012567,-2.9557815942317736,0.8312704573174292,24.803782992798837,1.7143262169199338,0.0,0.6,13,25.0
282,1,7,0.00018229166666666667,0.0,24.113992807043022,17.31901677207252,-2.398464926408249,2.6333491555809276,3.561904234873435,-39.47241383207537,0.8262358679975872,21.478501436963022,1.7478680974607577,0,0,6.6,0.00017187500000000002,0.4,22.614143698744698,17.80711561676424,-1.289564167223622,2.1289078677414337,3.858769021705494,66.54735623365667,0.8114211354325883,23.38446545195174,1.720182060454426,0.4,0.0,13,25.0
282,2,6,0.00015625,0.0,8.01511419913678,7.9627272298836,-2.36149222931694,-2.5942987121269305,3.5081378759774733,-15.58443605872887,0.8366054772624291,21.450663782271445,1.791759469222055,0,0,5.8,0.00015104166666666667,0.2,7.785611012317288,8.201300690677735,-1.6075220607468226,-2.241744938316659,4.091830588012134,42.42639222354937,0.751735374442033,25.958001390189224,1.6536335713817387,0.6,0.4,13,25.0
282,3,0,0.0,0.0,0.0,0.0,0.0,0.0,0.0,0.0,0.0,0.0,0.0,0,0,0.0,0.0,0.0,0.0,0.0,0.0,0.0,0.0,0.0,0.0,0.0,0.0,0.0,0.0,13,25.0
282,4,0,0.0,0.0,0.0,0.0,0.0,0.0,0.0,0.0,0.0,0.0,0.0,0,0,0.0,0.0,0.0,0.0,0.0,0.0,0.0,0.0,0.0,0.0,0.0,0.0,0.0,0.0,13,25.0
282,5,0,0.0,0.0,0.0,0.0,0.0,0.0,0.0,0.0,0.0,0.0,0.0,0,0,0.0,0.0,0.0,0.0,0.0,0.0,0.0,0.0,0.0,0.0,0.0,0.0,0.0,0.0,13,25.0
283,0,9,0.000234375,0.0,1.963277362886842,1.8128149934059525,0.10061694145663388,-0.20632219255417647,0.22954872260252368,-1.2431590959832048,0.8436471888098198,25.54517021919621,1.6769877743164172,0,0,9.0,0.000234375,-0.6,2.06666966050615,1.9850089967522844,0.06385197165314674,-0.33419039968961467,0.34549765418165274,-2.0459204070390933,0.8846927695851623,25.46623913938552,1.6769877743164172,0.0,0.6,13,25.0
283,1,7,0.00018229166666666667,0.0,22.534639685864168,14.963075020489947,-1.745228941156333,2.522096891735536,3.0670501770189067,-39.48382802947134,0.8252093412685299,21.235573189976122,1.7478680974607577,0,0,7.0,0.00018229166666666667,0.4,24.85718976297029,18.805742629465605,-2.4359632348018594,2.702664904214843,3.6718166623656145,59.57476029294736,0.8314786458580501,22.343823112073302,1.7478680974607577,0.4,0.0,13,25.0
283,2,6,0.00015625,0.0,7.3949678679209585,6.956606368193373,-1.876036415040783,-2.339178112362264,2.9985441253904797,-15.503658280395555,0.8302659194682458,21.396918110620962,1.791759469222055,0,0,6.0,0.00015625,0.2,8.280458609250593,8.516555467166453,-2.7869127701881693,-2.693522852355268,3.887195684731531,39.87004024062206,0.8633630466469773,21.72299371212994,1.7455496571849252,0.6,0.4,13,25.0
283,3,0,0.0,0.0,0.0,0.0,0.0,0.0,0.0,0.0,0.0,0.0,0.0,0,0,0.0,0.0,0.0,0.0,0.0,0.0,0.0,0.0,0.0,0.0,0.0,0.0,0.0,0.0,13,25.0
283,4,0,0.0,0.0,0.0,0.0,0.0,0.0,0.0,0.0,0.0,0.0,0.0,0,0,0.0,0.0,0.0,0.0,0.0,0.0,0.0,0.0,0.0,0.0,0.0,0.0,0.0,0.0,13,25.0
283,5,0,0.0,0.0,0.0,0.0,0.0,0.0,0.0,0.0,0.0,0.0,0.0,0,0,0.0,0.0,0.0,0.0,0.0,0.0,0.0,0.0,0.0,0.0,0.0,0.0,0.0,0.0,13,25.0
284,0,9,0.000234375,0.0,4.794021363535357,7.468616556408409,0.25659787159485603,-3.1820710742132583,3.1924001611721127,3.480701657630073,0.7148377903975855,26.883527409511462,1.6769877743164172,1,1,9.0,0.000234375,0.0,2.589303031776004,3.0247329866102084,0.11634794519016285,-0.8534323644672852,0.866799531026896,-0.3917453899702009,0.8421259660011715,25.780834648399548,1.6769877743164172,0.2,0.2,13,25.0
284,1,5,0.00013020833333333333,-2.0,34.33523575956616,19.997437545323496,-5.717113398391058,0.6683474835018103,5.756046730940061,143.52430850759103,0.8290823586155208,35.86640201068995,1.6094379124291003,1,3,6.6,0.000171875,-0.4,26.67741930044864,18.819380194049188,-3.2521804523310776,2.2671028776035387,4.166453132482846,15.207619769966886,0.8283768157157683,24.653825829355682,1.720182060454426,0.2,0.6,13,25.0
284,2,6,0.00015625,0.0,8.06328798991822,9.335178030451472,-2.812063587610975,-4.481577485632136,5.290769167190378,27.61395733914269,0.5322311335733314,23.267642774164816,1.5607104090364068,1,1,6.0,0.00015625,0.0,8.227040180455393,8.634889766242017,-2.679573200786121,-3.0601433549934414,4.091449692062255,0.8457301379622948,0.7862283511942811,21.901536360925935,1.7455496571849252,0.2,0.2,13,25.0
284,3,0,0.0,0.0,0.0,0.0,0.0,0.0,0.0,0.0,0.0,0.0,0.0,0,0,0.0,0.0,0.0,0.0,0.0,0.0,0.0,0.0,0.0,0.0,0.0,0.0,0.0,0.0,13,25.0
284,4,0,0.0,0.0,0.0,0.0,0.0,0.0,0.0,0.0,0.0,0.0,0.0,0,0,0.0,0.0,0.0,0.0,0.0,0.0,0.0,0.0,0.0,0.0,0.0,0.0,0.0,0.0,13,25.0
284,5,0,0.0,0.0,0.0,0.0,0.0,0.0,0.0,0.0,0.0,0.0,0.0,0,0,0.0,0.0,0.0,0.0,0.0,0.0,0.0,0.0,0.0,0.0,0.0,0.0,0.0,0.0,13,25.0
285,0,9,0.000234375,0.0,4.937485027392331,7.258254080742642,0.48431986211286154,-3.2343248333605,3.2703857351281127,3.586591596424335,0.6492306864706199,27.139444678810023,1.6769877743164172,0,0,9.0,0.000234375,0.0,3.154070006622959,4.068004435369004,0.20298145497789705,-1.4251699898973207,1.4450559700116117,0.6615946994572969,0.7879824341103682,26.119763061381935,1.6769877743164172,0.2,0.2,13,25.0
285,1,5,0.00013020833333333333,0.0,34.949674972235336,21.46861337197755,-6.905807241078955,-0.10141346014101274,6.9065518416092635,15.360980316729282,0.8331810159818849,36.878355243949095,1.6094379124291003,0,0,6.2,0.00016145833333333333,-0.4,28.32528651700694,18.73406866641186,-3.96678910329137,1.689473061727568,4.678897315485861,10.898561746965822,0.8284130826566193,27.477204700713173,1.6924960234480948,0.2,0.6,13,25.0
285,2,6,0.00015625,0.0,8.152601872543798,9.715988015586834,-2.9769656359328582,-5.044971441850637,5.8578205201775875,2.2328470656394788,0.48134217646816435,23.861903293359784,1.5607104090364068,0,0,6.0,0.00015625,0.0,8.052892714201139,8.60703245356633,-2.589492377355839,-3.4642082754950776,4.348785117328588,-2.1724957985141544,0.7061458326964543,22.309117555645958,1.699339845147796,0.2,0.2,13,25.0
285,3,0,0.0,0.0,0.0,0.0,0.0,0.0,0.0,0.0,0.0,0.0,0.0,0,0,0.0,0.0,0.0,0.0,0.0,0.0,0.0,0.0,0.0,0.0,0.0,0.0,0.0,0.0,13,25.0
285,4,0,0.0,0.0,0.0,0.0,0.0,0.0,0.0,0.0,0.0,0.0,0.0,0,0,0.0,0.0,0.0,0.0,0.0,0.0,0.0,0.0,0.0,0.0,0.0,0.0,0.0,0.0,13,25.0
285,5,0,0.0,0.0,0.0,0.0,0.0,0.0,0.0,0.0,0.0,0.0,0.0,0,0,0.0,0.0,0.0,0.0,0.0,0.0,0.0,0.0,0.0,0.0,0.0,0.0,0.0,0.0,13,25.0
286,0,9,0.000234375,0.0,4.92726001154261,6.988256673798033,0.5891885782076185,-3.1875963628586166,3.2415912378336347,-0.2556253962430183,0.6332881621669599,27.2712800957775,1.6769877743164172,0,0,9.0,0.000234375,0.0,3.727009498416662,5.07880149935725,0.3048941638334676,-2.0076515930345975,2.0360789219781927,0.8659076231260112,0.7391840553487088,26.473935802479065,1.6769877743164172,0.2,0.2,13,25.0
286,1,5,0.00013020833333333333,0.0,34.04253807108995,20.596274977303388,-6.7859100577881915,-0.42135485797263394,6.798978984283455,-22.67842252863442,0.8351437195703808,37.38982894853009,1.6094379124291003,0,0,5.8,0.00015104166666666667,-0.4,29.995216259159726,18.868883537433383,-4.7105049129645575,1.0602050425409255,5.218106393745025,11.450124886827792,0.8297704606867807,30.56973216602166,1.6648099864417631,0.2,0.6,13,25.0
286,2,6,0.00015625,0.0,7.873861409539008,9.343001018953474,-2.8654537965131137,-5.073698613246487,5.826941142487261,-6.968511575119755,0.4585209953942435,24.170521232432687,1.5607104090364068,0,0,6.0,0.00015625,0.0,7.8999666678117535,8.662700132613752,-2.578402332882934,-3.906744873043691,4.696442566244636,-1.6419603018923972,0.6277931404332828,22.82952983856994,1.653130033110666,0.2,0.2,13,25.0
286,3,0,0.0,0.0,0.0,0.0,0.0,0.0,0.0,0.0,0.0,0.0,0.0,0,0,0.0,0.0,0.0,0.0,0.0,0.0,0.0,0.0,0.0,0.0,0.0,0.0,0.0,0.0,13,25.0
286,4,0,0.0,0.0,0.0,0.0,0.0,0.0,0.0,0.0,0.0,0.0,0.0,0,0,0.0,0.0,0.0,0.0,0.0,0.0,0.0,0.0,0.0,0.0,0.0,0.0,0.0,0.0,13,25.0
286,5,0,0.0,0.0,0.0,0.0,0.0,0.0,0.0,0.0,0.0,0.0,0.0,0,0,0.0,0.0,0.0,0.0,0.0,0.0,0.0,0.0,0.0,0.0,0.0,0.0,0.0,0.0,13,25.0
287,0,9,0.000234375,0.0,4.833854088359592,6.693035738904033,0.6348107770173207,-3.0966754808142,3.161073196889498,-2.3351480795754345,0.6268885505670556,27.185076246856795,1.6769877743164172,0,0,9.0,0.000234375,0.0,4.291179570743346,6.0441956086518145,0.41310680607785744,-2.5813979887601506,2.6189998107251755,0.6466721364505459,0.6935784756824082,26.8048997300304,1.6769877743164172,0.2,0.2,13,25.0
287,1,5,0.00013020833333333333,0.0,32.61438609259873,18.9864978374798,-6.222459202314172,-0.5458686455354215,6.246356626277674,-35.70379946228068,0.836117470088884,37.61895555023958,1.6094379124291003,0,0,5.4,0.000140625,-0.4,31.69529491627087,19.202379750514837,-5.475303768145741,0.4243614823176557,5.754996872025872,12.203847760786731,0.8317467811050401,33.79782298867697,1.6371239494354317,0.2,0.6,13,25.0
287,2,6,0.00015625,0.0,7.470810459627117,8.724168526708134,-2.6595874593911355,-4.898961790989194,5.574336918748512,-10.076273747797288,0.4475748357683619,24.32970803783927,1.5607104090364068,0,0,6.0,0.00015625,0.0,7.79110591990982,8.814988391978657,-2.638021378897773,-4.367677488816144,5.109682374798844,-0.5403278397060806,0.5499870121344694,23.405338689683504,1.6069202210735363,0.2,0.2,13,25.0
287,3,0,0.0,0.0,0.0,0.0,0.0,0.0,0.0,0.0,0.0,0.0,0.0,0,0,0.0,0.0,0.0,0.0,0.0,0.0,0.0,0.0,0.0,0.0,0.0,0.0,0.0,0.0,13,25.0
287,4,0,0.0,0.0,0.0,0.0,0.0,0.0,0.0,0.0,0.0,0.0,0.0,0,0,0.0,0.0,0.0,0.0,0.0,0.0,0.0,0.0,0.0,0.0,0.0,0.0,0.0,0.0,13,25.0
287,5,0,0.0,0.0,0.0,0.0,0.0,0.0,0.0,0.0,0.0,0.0,0.0,0,0,0.0,0.0,0.0,0.0,0.0,0.0,0.0,0.0,0.0,0.0,0.0,0.0,0.0,0.0,13,25.0
288,0,9,0.000234375,0.0,4.701975141169586,6.3946466727712385,0.6513606864881823,-2.9882522627866606,3.05841827256377,-3.2969736797501636,0.6237098514908821,27.14214453047481,1.6769877743164172,0,0,9.0,0.000234375,0.0,4.838919126399896,6.960561944524871,0.5232555550841671,-3.1377840028066473,3.1847737207174247,0.2359092196971541,0.6495910082186207,27.124294592286116,1.6769877743164172,0.2,0.2,13,25.0
288,1,5,0.00013020833333333333,0.0,31.074731556498307,17.26168196049435,-5.554508017940977,-0.586054101097871,5.585339625375008,-38.4913634025105,0.8366073619123596,37.70477152010088,1.6094379124291003,0,0,5.0,0.00013020833333333333,-0.4,33.4033132903977,19.662101138515716,-6.237159583502671,-0.1972687162490257,6.258654761697093,12.402340686178897,0.834026385233806,37.09166265470192,1.6094379124291003,0.2,0.6,13,25.0
288,2,6,0.00015625,0.0,7.047547618341923,8.066959252938425,-2.434141772743032,-4.65846632860269,5.25607788227473,-10.581571032129842,0.4421924321869667,24.412246728120127,1.5607104090364068,0,0,6.0,0.00015625,0.0,7.721621869994013,9.037058968927669,-2.7496424504382224,-4.8315351320642295,5.561189126175694,0.44408960994706204,0.47237231467821356,24.008404413183335,1.5607104090364068,0.2,0.2,13,25.0
288,3,0,0.0,0.0,0.0,0.0,0.0,0.0,0.0,0.0,0.0,0.0,0.0,0,0,0.0,0.0,0.0,0.0,0.0,0.0,0.0,0.0,0.0,0.0,0.0,0.0,0.0,0.0,13,25.0
288,4,0,0.0,0.0,0.0,0.0,0.0,0.0,0.0,0.0,0.0,0.0,0.0,0,0,0.0,0.0,0.0,0.0,0.0,0.0,0.0,0.0,0.0,0.0,0.0,0.0,0.0,0.0,13,25.0
288,5,0,0.0,0.0,0.0,0.0,0.0,0.0,0.0,0.0,0.0,0.0,0.0,0,0,0.0,0.0,0.0,0.0,0.0,0.0,0.0,0.0,0.0,0.0,0.0,0.0,0.0,0.0,13,25.0
289,0,11,0.00028645833333333333,2.0,5.528892565902354,8.237655645450879,0.39490394891170316,-4.271171426892212,4.289388591252431,3.0845754038648128,0.7650309536187087,20.294483991758813,1.6417347121815211,3,1,9.4,0.00024479166666666665,0.4,4.985893366873294,7.114369762333365,0.5509167705475365,-3.3556040733424384,3.4041714067334885,0.15668396894410205,0.6596296408628453,25.80648590873559,1.6699371618894379,0.6,0.2,13,25.0
289,1,5,0.00013020833333333333,0.0,31.7540210484691,22.905743982774858,-10.884366995111133,0.8001337581645618,10.91373716539019,53.342732877830784,0.8287838280506928,36.35605374319084,1.6094379124291003,1,1,5.0,0.00013020833333333333,0.0,32.887070348178284,20.243762426005986,-7.270610302846686,-0.17091146131647536,7.29019284858712,-5.633974439773152,0.8339666791208404,37.18959300120209,1.6094379124291003,0.2,0.2,13,25.0
289,2,7,0.00018229166666666667,1.0,7.979201457924041,7.861417316562518,-3.694329078443631,-0.01138539211215114,3.6943466224743604,47.400208524574026,0.8853853781353792,22.60403600883377,1.9459101490483135,1,0,6.2,0.00016145833333333333,0.2,7.704804563595178,8.742306826149877,-2.9260955486047537,-3.9374967133602317,5.241904617232491,4.401339847033329,0.5430031635906232,23.87568306011713,1.637750357038788,0.2,0.0,13,25.0
289,3,0,0.0,0.0,0.0,0.0,0.0,0.0,0.0,0.0,0.0,0.0,0.0,0,0,0.0,0.0,0.0,0.0,0.0,0.0,0.0,0.0,0.0,0.0,0.0,0.0,0.0,0.0,13,25.0
289,4,0,0.0,0.0,0.0,0.0,0.0,0.0,0.0,0.0,0.0,0.0,0.0,0,0,0.0,0.0,0.0,0.0,0.0,0.0,0.0,0.0,0.0,0.0,0.0,0.0,0.0,0.0,13,25.0
289,5,0,0.0,0.0,0.0,0.0,0.0,0.0,0.0,0.0,0.0,0.0,0.0,0,0,0.0,0.0,0.0,0.0,0.0,0.0,0.0,0.0,0.0,0.0,0.0,0.0,0.0,0.0,13,25.0
290,0,11,0.00028645833333333333,0.0,5.507634203575534,8.129087528460536,0.30872070423743064,-4.1256266876701995,4.137161350399744,-0.5314590581705332,0.8290814127622657,20.17070671387336,1.6417347121815211,0,0,9.8,0.0002552083333333333,0.4,5.099923202109936,7.2885364518769435,0.5157969389724504,-3.533864444204378,3.577526529787815,-0.6669261619748716,0.6955997861211743,24.412738315748257,1.6628865494624587,0.6,0.2,13,25.0
290,1,5,0.00013020833333333333,0.0,31.629877934445155,24.105458759547197,-12.380842137179545,1.1876386264817018,12.437674120705683,-3.1035778505985236,0.8290542386034206,36.68929028177606,1.6094379124291003,0,0,5.0,0.00013020833333333333,0.0,32.22311094062025,20.771131503519918,-8.365617282066804,0.08689895600806752,8.396417304406402,-9.326886073238715,0.8331413236451477,37.15178000876749,1.6094379124291003,0.2,0.2,13,25.0
290,2,7,0.00018229166666666667,0.0,8.080155824264661,7.893916111785742,-4.055821392795784,0.9331411086319221,4.161783211422569,2.523859158515527,0.6317882629937217,22.824190011580892,1.9459101490483135,0,0,6.4,0.00016666666666666666,0.2,7.69031535393935,8.377892445389659,-3.1418666999773395,-2.74187420326372,4.902697155481486,4.459542265608539,0.5730923808957347,23.66814040376135,1.7147903050411695,0.2,0.0,13,25.0
290,3,0,0.0,0.0,0.0,0.0,0.0,0.0,0.0,0.0,0.0,0.0,0.0,0,0,0.0,0.0,0.0,0.0,0.0,0.0,0.0,0.0,0.0,0.0,0.0,0.0,0.0,0.0,13,25.0
290,4,0,0.0,0.0,0.0,0.0,0.0,0.0,0.0,0.0,0.0,0.0,0.0,0,0,0.0,0.0,0.0,0.0,0.0,0.0,0.0,0.0,0.0,0.0,0.0,0.0,0.0,0.0,13,25.0
290,5,0,0.0,0.0,0.0,0.0,0.0,0.0,0.0,0.0,0.0,0.0,0.0,0,0,0.0,0.0,0.0,0.0,0.0,0.0,0.0,0.0,0.0,0.0,0.0,0.0,0.0,0.0,13,25.0
291,0,11,0.00028645833333333333,0.0,5.407420317052519,7.9145021350017,0.26535904131594534,-3.9780804247212966,3.986921028357458,-2.5053471630753705,0.8617635755744044,20.11651324250968,1.6417347121815211,0,0,10.2,0.00026562499999999996,0.4,5.195955263211917,7.4737855441176775,0.45103103159411573,-3.6919612565769135,3.7265924878925794,-1.116870515341342,0.7412948688026633,22.981784945094695,1.6558359370354794,0.6,0.2,13,25.0
291,1,5,0.00013020833333333333,0.0,30.770854769576932,23.681219847597436,-12.59102514383964,1.31322251152822,12.659323344380873,-21.475579121705692,0.8292408419390113,36.836865573074306,1.6094379124291003,0,0,5.0,0.00013020833333333333,0.0,31.568774280317644,21.388120477578727,-9.526640299277094,0.43381442990823826,9.568486176425886,-9.086317391852967,0.8319607481188737,37.04118733367633,1.6094379124291003,0.2,0.2,13,25.0
291,2,7,0.00018229166666666667,0.0,7.688318689248693,7.204534489126972,-4.00754827572093,1.0718504323329636,4.148410120941054,-9.795928375399246,0.5852699704886144,22.91496506745069,1.9459101490483135,0,0,6.6,0.00017187500000000002,0.2,7.653206809881287,7.950199139424358,-3.3702855958189026,-1.5127643941478301,4.5669909511722455,3.894058905552641,0.5984421759146088,23.41702917076495,1.7918302530435508,0.2,0.0,13,25.0
291,3,0,0.0,0.0,0.0,0.0,0.0,0.0,0.0,0.0,0.0,0.0,0.0,0,0,0.0,0.0,0.0,0.0,0.0,0.0,0.0,0.0,0.0,0.0,0.0,0.0,0.0,0.0,13,25.0
291,4,0,0.0,0.0,0.0,0.0,0.0,0.0,0.0,0.0,0.0,0.0,0.0,0,0,0.0,0.0,0.0,0.0,0.0,0.0,0.0,0.0,0.0,0.0,0.0,0.0,0.0,0.0,13,25.0
291,5,0,0.0,0.0,0.0,0.0,0.0,0.0,0.0,0.0,0.0,0.0,0.0,0,0,0.0,0.0,0.0,0.0,0.0,0.0,0.0,0.0,0.0,0.0,0.0,0.0,0.0,0.0,13,25.0
292,0,11,0.00028645833333333333,0.0,5.268783495984882,7.654096273297107,0.2417503356635412,-3.8325649409827975,3.8401819294981205,-3.4659205266909123,0.8935363638191847,20.091679515936345,1.6417347121815211,0,0,10.6,0.0002760416666666667,0.4,5.282941144736975,7.665997650996293,0.37241894332335984,-3.839139148610633,3.8624142344143038,-1.3430250047644376,0.794624431453089,21.563105598910603,1.6487853246085002,0.6,0.2,13,25.0
292,1,5,0.00013020833333333333,0.0,29.64152444079412,22.619290048198973,-12.258899348661938,1.3213383655215718,12.329904635349916,-28.23325821957024,0.8293803417201052,36.8837835062087,1.6094379124291003,0,0,5.0,0.00013020833333333333,0.0,30.974201949956722,22.11467891972256,-10.733928328546648,0.807255832119637,10.785195778240336,-7.592209143310879,0.8306133224451179,36.89415292487016,1.6094379124291003,0.2,0.2,13,25.0
292,2,7,0.00018229166666666667,0.0,7.181816864263564,6.440762387938597,-3.828506967215118,0.9768208721884913,3.951157376561681,-12.662545624628208,0.5702978424651285,22.949200463549825,1.9459101490483135,0,0,6.8,0.00017708333333333335,0.2,7.5954080908085775,7.49351791167045,-3.604069497383699,-0.3376078615122927,4.242355042734879,3.376804530186457,0.6229867772539621,23.14092765590706,1.8688702010459324,0.2,0.0,13,25.0
292,3,0,0.0,0.0,0.0,0.0,0.0,0.0,0.0,0.0,0.0,0.0,0.0,0,0,0.0,0.0,0.0,0.0,0.0,0.0,0.0,0.0,0.0,0.0,0.0,0.0,0.0,0.0,13,25.0
292,4,0,0.0,0.0,0.0,0.0,0.0,0.0,0.0,0.0,0.0,0.0,0.0,0,0,0.0,0.0,0.0,0.0,0.0,0.0,0.0,0.0,0.0,0.0,0.0,0.0,0.0,0.0,13,25.0
292,5,0,0.0,0.0,0.0,0.0,0.0,0.0,0.0,0.0,0.0,0.0,0.0,0,0,0.0,0.0,0.0,0.0,0.0,0.0,0.0,0.0,0.0,0.0,0.0,0.0,0.0,0.0,13,25.0
293,0,11,0.00028645833333333333,0.0,5.113248991531704,7.3804692829472005,0.22741201903225675,-3.6917837354980816,3.6987813366146014,-3.888362611329454,0.9104101361261348,20.081651502933596,1.6417347121815211,0,0,11.0,0.00028645833333333333,0.4,5.365195914809399,7.863162173031485,0.2876292098321747,-3.979845443152918,3.99048684722447,-1.4613027910802958,0.8519644883801396,20.15100699340236,1.6417347121815211,0.6,0.2,13,25.0
293,1,5,0.00013020833333333333,0.0,28.45081530066211,21.361539913692102,-11.719427761807106,1.279767632574242,11.789096329133958,-29.767728503300265,0.8294679198468877,36.88187360004774,1.6094379124291003,0,0,5.0,0.00013020833333333333,0.0,30.449418698789486,22.93465051036211,-11.966912277319873,1.1804201788540596,12.025947118992125,-5.8474821634688325,0.8291854340320235,36.72957334085953,1.6094379124291003,0.2,0.2,13,25.0
293,2,7,0.00018229166666666667,0.0,6.690371702932879,5.771049876307405,-3.617202766210436,0.8288363537333959,3.7109467192551415,-12.28612903326712,0.5639641537592011,22.958459152777927,1.9459101490483135,0,0,7.0,0.00018229166666666667,0.2,7.523972907726768,7.0343360363442455,-3.84068169607718,0.7598526749549244,3.9333288101309614,3.035892929959001,0.647341121568409,22.85017014083862,1.9459101490483135,0.2,0.0,13,25.0
293,3,0,0.0,0.0,0.0,0.0,0.0,0.0,0.0,0.0,0.0,0.0,0.0,0,0,0.0,0.0,0.0,0.0,0.0,0.0,0.0,0.0,0.0,0.0,0.0,0.0,0.0,0.0,13,25.0
293,4,0,0.0,0.0,0.0,0.0,0.0,0.0,0.0,0.0,0.0,0.0,0.0,0,0,0.0,0.0,0.0,0.0,0.0,0.0,0.0,0.0,0.0,0.0,0.0,0.0,0.0,0.0,13,25.0
293,5,0,0.0,0.0,0.0,0.0,0.0,0.0,0.0,0.0,0.0,0.0,0.0,0,0,0.0,0.0,0.0,0.0,0.0,0.0,0.0,0.0,0.0,0.0,0.0,0.0,0.0,0.0,13,25.0
294,0,10,0.00026041666666666666,-1.0,4.740341267203375,7.081251391057797,-0.19742183879661174,-3.43140444747173,3.43707897269798,-10.905976250006464,0.7116637950982971,23.259325169472287,1.6957425341636347,1,2,10.8,0.00028125,-0.2,5.207485655069602,7.631881322152869,0.16916405229051173,-3.811892047268821,3.82002492351358,-4.259413121854552,0.8412910566760573,20.743975228945054,1.6525362765779437,0.2,0.4,13,25.0
294,1,6,0.00015625,1.0,11.685549269103882,10.703045619490272,0.5399664538549391,1.4707669455781633,1.566754345611972,-15.226785164428696,0.38413927524798386,27.223983344988138,1.5607104090364066,2,1,5.2,0.00013541666666666666,0.2,26.435724342916444,20.494110837705193,-9.682045587526659,1.31454681633678,10.15655055503648,-19.561385771920726,0.7402565234714817,34.90315926121899,1.5996924117505615,0.4,0.2,13,25.0
294,2,6,0.00015625,-1.0,8.290098370749943,5.5045065474004,1.3806239390643678,-1.9610151684541908,2.3982708254125575,-13.929536882200388,0.7729082805533827,28.205483926127197,1.791759469222055,2,3,6.8,0.00017708333333333335,-0.2,7.586152290291949,6.562953882511823,-2.82569109257558,0.3699267196865164,3.6741136507186005,-9.230056151395882,0.6248457020520097,23.970459724297307,1.9150800130830619,0.4,0.6,13,25.0
294,3,0,0.0,0.0,0.0,0.0,0.0,0.0,0.0,0.0,0.0,0.0,0.0,0,0,0.0,0.0,0.0,0.0,0.0,0.0,0.0,0.0,0.0,0.0,0.0,0.0,0.0,0.0,13,25.0
294,4,0,0.0,0.0,0.0,0.0,0.0,0.0,0.0,0.0,0.0,0.0,0.0,0,0,0.0,0.0,0.0,0.0,0.0,0.0,0.0,0.0,0.0,0.0,0.0,0.0,0.0,0.0,13,25.0
294,5,0,0.0,0.0,0.0,0.0,0.0,0.0,0.0,0.0,0.0,0.0,0.0,0,0,0.0,0.0,0.0,0.0,0.0,0.0,0.0,0.0,0.0,0.0,0.0,0.0,0.0,0.0,13,25.0
295,0,10,0.00026041666666666666,0.0,4.490611287422923,6.676945162543162,-0.2314139404281629,-3.2072408454735717,3.2155786808440125,-6.243249494511311,0.6454691552058308,23.412524774158616,1.6957425341636347,0,0,10.6,0.0002760416666666667,-0.2,5.00408107183908,7.341452848969394,0.06113712335739302,-3.6282148788294952,3.635708389602434,-5.401771209122707,0.8045686051647702,21.392338841002104,1.6633378409743667,0.2,0.4,13,25.0
295,1,6,0.00015625,0.0,11.355566938602808,11.038427588870077,-0.11746255047603811,1.5766359973940844,1.5810055404846548,-8.249558262526861,0.38872162393918464,27.429512888865446,1.791759469222055,0,0,5.4,0.000140625,0.2,22.38086214374797,17.88070460356977,-7.2293696701859576,1.3923462905192563,7.985216838992277,-20.590581854306397,0.6521900005386345,33.05120378263687,1.6361567231091527,0.4,0.2,13,25.0
295,2,6,0.00015625,0.0,8.159998136795751,5.264941008450173,1.3319473654789336,-1.9142225050565633,2.332023066625049,-3.2525058488548364,0.7457622090094504,28.503116770211836,1.791759469222055,0,0,6.6,0.000171875,-0.2,7.602120752798166,6.037158861844709,-1.7481373409206362,-0.19954600305118064,3.3081616217590963,-10.385329152869954,0.6476404912551554,25.106245076023495,1.8842498771178104,0.4,0.6,13,25.0
295,3,0,0.0,0.0,0.0,0.0,0.0,0.0,0.0,0.0,0.0,0.0,0.0,0,0,0.0,0.0,0.0,0.0,0.0,0.0,0.0,0.0,0.0,0.0,0.0,0.0,0.0,0.0,13,25.0
295,4,0,0.0,0.0,0.0,0.0,0.0,0.0,0.0,0.0,0.0,0.0,0.0,0,0,0.0,0.0,0.0,0.0,0.0,0.0,0.0,0.0,0.0,0.0,0.0,0.0,0.0,0.0,13,25.0
295,5,0,0.0,0.0,0.0,0.0,0.0,0.0,0.0,0.0,0.0,0.0,0.0,0,0,0.0,0.0,0.0,0.0,0.0,0.0,0.0,0.0,0.0,0.0,0.0,0.0,0.0,0.0,13,25.0
296,0,10,0.00026041666666666666,0.0,4.305306487253263,6.368905284390694,-0.24635355811046072,-3.043318100693586,3.053272856723241,-4.6326200042415016,0.6107445274245318,23.47244639539941,1.6957425341636347,0,0,10.4,0.0002708333333333333,-0.2,4.78365830587923,7.0323334788471925,-0.0412053965278882,-3.441262414023953,3.448978755275591,-5.827225777355933,0.7543647955347959,22.063525471580054,1.6741394053707892,0.2,0.4,13,25.0
296,1,6,0.00015625,0.0,11.050317879327634,11.090054463296072,-0.44856450645944496,1.5917878877442366,1.653783176847698,-7.631226481879387,0.3924285547681564,27.537561256890587,1.791759469222055,0,0,5.6,0.00014583333333333335,0.2,18.43675476569811,15.362471526709498,-4.800877542709918,1.4480593657624599,5.784108805485641,-17.821711326341138,0.5648275431044636,31.19134291940012,1.6726210344677432,0.4,0.2,13,25.0
296,2,6,0.00015625,0.0,8.006625223068644,5.053592645948317,1.3245257733595206,-1.8601277139424015,2.283515630879329,-3.834322843177674,0.7304412849440823,28.686195644976134,1.791759469222055,0,0,6.4,0.00016666666666666666,-0.2,7.665782059562156,5.606970493208978,-0.6817225311045462,-0.7859416323062536,2.9351827237467516,-9.193008046425641,0.676674754146249,26.26049119152858,1.8534197411525586,0.4,0.6,13,25.0
296,3,0,0.0,0.0,0.0,0.0,0.0,0.0,0.0,0.0,0.0,0.0,0.0,0,0,0.0,0.0,0.0,0.0,0.0,0.0,0.0,0.0,0.0,0.0,0.0,0.0,0.0,0.0,13,25.0
296,4,0,0.0,0.0,0.0,0.0,0.0,0.0,0.0,0.0,0.0,0.0,0.0,0,0,0.0,0.0,0.0,0.0,0.0,0.0,0.0,0.0,0.0,0.0,0.0,0.0,0.0,0.0,13,25.0
296,5,0,0.0,0.0,0.0,0.0,0.0,0.0,0.0,0.0,0.0,0.0,0.0,0,0,0.0,0.0,0.0,0.0,0.0,0.0,0.0,0.0,0.0,0.0,0.0,0.0,0.0,0.0,13,25.0
297,0,10,0.00026041666666666666,0.0,4.149150216088431,6.111763409308625,-0.2525461190629889,-2.9118429515312974,2.922774181601493,-3.903906779120793,0.5927786344228098,23.503475766991837,1.6957425341636347,0,0,10.2,0.00026562499999999996,-0.2,4.559731649899939,6.723866906049496,-0.1400646874731942,-3.2571180161336537,3.265497205696265,-5.914823027841909,0.6942132496555209,22.74588472179115,1.6849409697672122,0.2,0.4,13,25.0
297,1,6,0.00015625,0.0,10.757506711708485,10.98911731091241,-0.6159795458802667,1.5646828009091862,1.6815656598550874,-7.3202791904787,0.39488583542767886,27.57298313370821,1.791759469222055,0,0,5.8,0.00015104166666666667,0.2,14.659951219880984,13.036436979252187,-2.4722935821535836,1.4967282528399826,3.6544410103866745,-13.639115520522827,0.47792864184597833,29.329182844900025,1.7090853458263342,0.4,0.2,13,25.0
297,2,6,0.00015625,0.0,7.824239675498835,4.87418221899334,1.3336112478535034,-1.804853671993947,2.2441068908836344,-4.559638689245223,0.7229373539141954,28.78351777994691,1.791759469222055,0,0,6.2,0.00016145833333333333,-0.2,7.79426662180921,5.293654459419927,0.3507011119091781,-1.3422765411427413,2.593772626611142,-7.572426659349043,0.7072026564360623,27.427354654808,1.8225896051873067,0.4,0.6,13,25.0
297,3,0,0.0,0.0,0.0,0.0,0.0,0.0,0.0,0.0,0.0,0.0,0.0,0,0,0.0,0.0,0.0,0.0,0.0,0.0,0.0,0.0,0.0,0.0,0.0,0.0,0.0,0.0,13,25.0
297,4,0,0.0,0.0,0.0,0.0,0.0,0.0,0.0,0.0,0.0,0.0,0.0,0,0,0.0,0.0,0.0,0.0,0.0,0.0,0.0,0.0,0.0,0.0,0.0,0.0,0.0,0.0,13,25.0
297,5,0,0.0,0.0,0.0,0.0,0.0,0.0,0.0,0.0,0.0,0.0,0.0,0,0,0.0,0.0,0.0,0.0,0.0,0.0,0.0,0.0,0.0,0.0,0.0,0.0,0.0,0.0,13,25.0
298,0,10,0.00026041666666666666,0.0,4.009074881919067,5.884526322495957,-0.25425809426270246,-2.798984177319311,2.8105087801645388,-3.5018833542341072,0.5836177683624724,23.51895498105853,1.6957425341636347,0,0,10.0,0.00026041666666666666,-0.2,4.338896827977412,6.424678313959246,-0.23639871013218605,-3.0785581044978994,3.0878426944062527,-5.83752717642284,0.6288547761027884,23.433345417416138,1.6957425341636347,0.2,0.4,13,25.0
298,1,6,0.00015625,0.0,10.47460912611411,10.812515757146684,-0.7007496334880424,1.5190460775823655,1.6728870358311692,-7.072439639859362,0.3963347139510911,27.58713123447453,1.791759469222055,0,0,6.0,0.00015625,0.2,11.064709984971383,10.926632147943105,-0.2685579564897706,1.5445839418416072,1.631199151726117,-9.100057747834647,0.39130200066681897,27.47023437178538,1.7455496571849252,0.4,0.2,13,25.0
298,2,6,0.00015625,0.0,7.626322085169406,4.71651004059169,1.3462964848408712,-1.7498876605321254,2.207854399542117,-4.947939758235716,0.719248214122125,28.834166605259412,1.791759469222055,0,0,6.0,0.00015625,-0.2,7.981456698256515,5.082746492276785,1.3434009621194396,-1.8580213439958455,2.293154162668537,-6.104788804342762,0.7382594685086472,28.602496145304297,1.791759469222055,0.4,0.6,13,25.0
298,3,0,0.0,0.0,0.0,0.0,0.0,0.0,0.0,0.0,0.0,0.0,0.0,0,0,0.0,0.0,0.0,0.0,0.0,0.0,0.0,0.0,0.0,0.0,0.0,0.0,0.0,0.0,13,25.0
298,4,0,0.0,0.0,0.0,0.0,0.0,0.0,0.0,0.0,0.0,0.0,0.0,0,0,0.0,0.0,0.0,0.0,0.0,0.0,0.0,0.0,0.0,0.0,0.0,0.0,0.0,0.0,13,25.0
298,5,0,0.0,0.0,0.0,0.0,0.0,0.0,0.0,0.0,0.0,0.0,0.0,0,0,0.0,0.0,0.0,0.0,0.0,0.0,0.0,0.0,0.0,0.0,0.0,0.0,0.0,0.0,13,25.0
299,0,10,0.00026041666666666666,0.0,3.669093069357018,5.804125899501624,0.27461949592826235,-2.7889857763863786,2.802473466141905,-6.4928011786752675,0.9110830141614248,28.74264974032735,1.8343719702746237,2,2,10.0,0.00026041666666666666,0.0,4.12464718840814,6.169253215648013,-0.14199044318721127,-2.950074370280829,2.960921593095038,-4.9548921621566,0.6687386199154138,24.53001033158715,1.7234684213858327,0.4,0.4,13,25.0
299,1,4,0.00010416666666666667,-2.0,14.551912342246982,11.55008997006844,-2.513690614336418,1.230924724948437,2.7988955291493793,-29.000033673104582,0.5856261066172659,44.80690920463564,1.3862943611158907,0,2,5.6,0.00014583333333333335,-0.4,11.637982599600004,11.096041018058736,-0.879289370128042,1.496615497715662,1.8776273884335986,-11.854707449569824,0.43159936694067536,30.98681954371488,1.710666447600822,0.0,0.4,13,25.0
299,2,9,0.000234375,3.0,5.8011943916618725,4.555278648866892,1.580993486515241,-2.5427797582977876,2.9942059554433746,-9.138001939345056,0.7800838892436098,16.81983503891662,1.7351264569569227,4,1,6.6,0.000171875,0.6,7.483675902438901,4.892900912570083,1.383474871609614,-1.9743742619645652,2.412341188674701,-5.146481815771695,0.7396945902466926,26.32536636786218,1.7804328667690286,0.8,0.2,13,25.0
299,3,0,0.0,0.0,0.0,0.0,0.0,0.0,0.0,0.0,0.0,0.0,0.0,0,0,0.0,0.0,0.0,0.0,0.0,0.0,0.0,0.0,0.0,0.0,0.0,0.0,0.0,0.0,13,25.0
299,4,0,0.0,0.0,0.0,0.0,0.0,0.0,0.0,0.0,0.0,0.0,0.0,0,0,0.0,0.0,0.0,0.0,0.0,0.0,0.0,0.0,0.0,0.0,0.0,0.0,0.0,0.0,13,25.0
299,5,0,0.0,0.0,0.0,0.0,0.0,0.0,0.0,0.0,0.0,0.0,0.0,0,0,0.0,0.0,0.0,0.0,0.0,0.0,0.0,0.0,0.0,0.0,0.0,0.0,0.0,0.0,13,25.0
300,0,10,0.00026041666666666666,0.0,3.5972716550955512,5.65424674557621,0.5016550114199207,-2.772475121113162,2.817494640221018,-1.79553535653666,0.8016067154220757,28.665268422081983,1.8343719702746237,0,0,10.0,0.00026041666666666666,0.0,3.9459792619426666,5.964713532254622,0.0046233471824054795,-2.863121225408747,2.8813047849704385,-4.06534933456167,0.6999661319586629,25.580559061171822,1.7511943086080304,0.4,0.4,13,25.0
300,1,4,0.00010416666666666667,0.0,14.07526687698887,12.178636687125305,-3.2177884325465436,0.7198531377920754,3.297324815152344,-11.916136631452815,0.6800574528128263,44.530878537716774,1.3862943611158907,0,0,5.2,0.00013541666666666666,-0.4,12.181922587277217,11.324082837709781,-1.4993545465421432,1.3252589257952603,2.220891243367136,-12.588023123355015,0.48986653271540376,34.407092673485145,1.6295734259795893,0.0,0.4,13,25.0
300,2,9,0.000234375,0.0,6.280038590348251,4.729642018867893,2.0551905912830732,-2.804281875815902,3.476752105849369,11.971104967159448,0.7551871857134493,16.810107549647498,1.8891591637470215,0,0,7.2,0.0001875,0.6,7.1076839931494025,4.785841114653627,1.528123516770442,-2.1523861361164327,2.641286996519565,-2.101759652568839,0.7415795855874924,23.986764523749315,1.799912805674022,0.8,0.2,13,25.0
300,3,0,0.0,0.0,0.0,0.0,0.0,0.0,0.0,0.0,0.0,0.0,0.0,0,0,0.0,0.0,0.0,0.0,0.0,0.0,0.0,0.0,0.0,0.0,0.0,0.0,0.0,0.0,13,25.0
300,4,0,0.0,0.0,0.0,0.0,0.0,0.0,0.0,0.0,0.0,0.0,0.0,0,0,0.0,0.0,0.0,0.0,0.0,0.0,0.0,0.0,0.0,0.0,0.0,0.0,0.0,0.0,13,25.0
300,5,0,0.0,0.0,0.0,0.0,0.0,0.0,0.0,0.0,0.0,0.0,0.0,0,0,0.0,0.0,0.0,0.0,0.0,0.0,0.0,0.0,0.0,0.0,0.0,0.0,0.0,0.0,13,25.0
301,0,10,0.00026041666666666666,0.0,3.5292219209447153,5.49483333264339,0.6028238131476351,-2.7207563253760862,2.786738511552858,-1.7012433537708926,0.7345734118773574,28.620451429337994,1.8343719702746237,0,0,10.0,0.00026041666666666666,0.0,3.790762348680956,5.7898991419051615,0.17445882143402464,-2.798608870345247,2.827997915936362,-3.479074004467548,0.7247319088492279,26.610160067959537,1.7789201958302283,0.4,0.4,13,25.0
301,1,4,0.00010416666666666667,0.0,13.827192961433177,12.220142538897122,-3.5405972374200676,0.4680991807326614,3.5714066753352527,-6.201847888892329,0.7747241963174478,44.43504568141074,1.3862943611158907,0,0,4.8,0.000125,-0.4,12.737297603698327,11.55010045282999,-2.1177610927342676,1.1005211843929452,2.604415943064647,-12.302147404757601,0.5663256610252619,37.78658955838918,1.5484804043583567,0.0,0.4,13,25.0
301,2,9,0.000234375,0.0,6.414547685419603,4.7415595690188805,2.2395814960685305,-2.8416108624570686,3.618076501563581,3.3627273767837775,0.7161752777271665,16.639490312198216,2.0431918705371204,0,0,7.8,0.00020312500000000002,0.6,6.789268485619592,4.723434499267739,1.7111346613122442,-2.3486827658193663,2.9081991706564154,-0.6623496085765483,0.7387263841441092,21.57742345719373,1.8501992859370346,0.8,0.2,13,25.0
301,3,0,0.0,0.0,0.0,0.0,0.0,0.0,0.0,0.0,0.0,0.0,0.0,0,0,0.0,0.0,0.0,0.0,0.0,0.0,0.0,0.0,0.0,0.0,0.0,0.0,0.0,0.0,13,25.0
301,4,0,0.0,0.0,0.0,0.0,0.0,0.0,0.0,0.0,0.0,0.0,0.0,0,0,0.0,0.0,0.0,0.0,0.0,0.0,0.0,0.0,0.0,0.0,0.0,0.0,0.0,0.0,13,25.0
301,5,0,0.0,0.0,0.0,0.0,0.0,0.0,0.0,0.0,0.0,0.0,0.0,0,0,0.0,0.0,0.0,0.0,0.0,0.0,0.0,0.0,0.0,0.0,0.0,0.0,0.0,0.0,13,25.0
302,0,10,0.00026041666666666666,0.0,3.4490387437859384,5.3306759381380395,0.6421684216819308,-2.6535236207618835,2.7301223210227628,-2.004579428969439,0.6955678391766371,28.597513109513834,1.8343719702746237,0,0,10.0,0.00026041666666666666,0.0,3.6507400542204578,5.633681647671045,0.3534017295830086,-2.746945004191365,2.7894675438206162,-3.0992085344372775,0.7452897497999935,27.62896753646394,1.806646083052426,0.4,0.4,13,25.0
302,1,4,0.00010416666666666667,0.0,13.579694134564436,12.072424323851056,-3.6715898061306698,0.3419970822865765,3.6874833842032673,-6.187470671718508,0.8132431946757801,44.39523037177658,1.3862943611158907,0,0,4.4,0.00011458333333333333,-0.4,13.301735088269515,11.766761855417721,-2.7288831447843487,0.8559840406684233,3.0055994879342833,-12.075585701005563,0.6499971328748823,41.15103900600285,1.4673873827371235,0.0,0.4,13,25.0
302,2,9,0.000234375,0.0,6.372953441859185,4.674269520811588,2.2970455974964485,-2.800352449784506,3.621932125260204,-1.0398560890104016,0.6929229118503539,16.573077241173504,2.0431918705371204,0,0,8.4,0.00021875000000000003,0.6,6.499011238891663,4.683451959631389,1.9038215312408333,-2.547782521377478,3.183764217531729,0.041606911470416105,0.7327234957313409,19.13533534943905,1.9004857662000478,0.8,0.2,13,25.0
302,3,0,0.0,0.0,0.0,0.0,0.0,0.0,0.0,0.0,0.0,0.0,0.0,0,0,0.0,0.0,0.0,0.0,0.0,0.0,0.0,0.0,0.0,0.0,0.0,0.0,0.0,0.0,13,25.0
302,4,0,0.0,0.0,0.0,0.0,0.0,0.0,0.0,0.0,0.0,0.0,0.0,0,0,0.0,0.0,0.0,0.0,0.0,0.0,0.0,0.0,0.0,0.0,0.0,0.0,0.0,0.0,13,25.0
302,5,0,0.0,0.0,0.0,0.0,0.0,0.0,0.0,0.0,0.0,0.0,0.0,0,0,0.0,0.0,0.0,0.0,0.0,0.0,0.0,0.0,0.0,0.0,0.0,0.0,0.0,0.0,13,25.0
303,0,10,0.00026041666666666666,0.0,3.3606861282359377,5.167580594182762,0.6513533470430115,-2.580448531848533,2.6613860689917543,-2.2088153887500104,0.6743471562064183,28.585294864342302,1.8343719702746237,0,0,10.0,0.00026041666666666666,0.0,3.521062303483832,5.490292502008406,0.5345240178441514,-2.7032378750972086,2.759643001586059,-2.8405949413404583,0.7634356273687827,28.642235513120692,1.8343719702746237,0.4,0.4,13,25.0
303,1,4,0.00010416666666666667,0.0,13.301604320040473,11.862842903292163,-3.7059747602997,0.27697707030253327,3.716310700338683,-6.95224536309907,0.8282348567508229,44.374613909583424,1.3862943611158907,0,0,4.0,0.00010416666666666667,-0.4,13.867134127054788,11.976827284646816,-3.3299281701466796,0.6075702392124568,3.4142842208357855,-12.051546845653506,0.7363771614348286,44.508535541024635,1.3862943611158907,0.0,0.4,13,25.0
303,2,9,0.000234375,0.0,6.248399803494529,4.567326517940745,2.294377052242711,-2.72729964940574,3.564032748938571,-3.1138409591164375,0.6806298103213082,16.54630305514998,1.8891591637470215,0,0,9.0,0.000234375,0.6,6.223426782556688,4.6536152551012,2.093437644721201,-2.743264919152201,3.45499988741102,0.4084266712942718,0.7249998149711775,16.67776263941716,1.9199657051050412,0.8,0.2,13,25.0
303,3,0,0.0,0.0,0.0,0.0,0.0,0.0,0.0,0.0,0.0,0.0,0.0,0,0,0.0,0.0,0.0,0.0,0.0,0.0,0.0,0.0,0.0,0.0,0.0,0.0,0.0,0.0,13,25.0
303,4,0,0.0,0.0,0.0,0.0,0.0,0.0,0.0,0.0,0.0,0.0,0.0,0,0,0.0,0.0,0.0,0.0,0.0,0.0,0.0,0.0,0.0,0.0,0.0,0.0,0.0,0.0,13,25.0
303,5,0,0.0,0.0,0.0,0.0,0.0,0.0,0.0,0.0,0.0,0.0,0.0,0,0,0.0,0.0,0.0,0.0,0.0,0.0,0.0,0.0,0.0,0.0,0.0,0.0,0.0,0.0,13,25.0
304,0,11,0.00028645833333333333,1.0,4.849149492854878,5.81779684953938,-0.436551966439119,-3.4694121561294238,3.496769699093791,47.94495237350518,0.5752046396598045,23.725849706992495,1.7677614722823294,1,0,10.2,0.00026562499999999996,0.2,3.757073588183404,5.493026692015956,0.3922897253706751,-2.839323151045818,2.898502248176436,8.046955769095632,0.6962599524684586,27.638875506453722,1.8210498706761649,0.2,0.0,13,25.0
304,1,5,0.00013020833333333333,1.0,13.797661946776202,12.235039550465737,-2.383350534053166,-1.2246724222185912,2.679586219906772,-3.156608273947498,0.7732861853280399,44.95457022359484,1.6094379124291003,1,0,4.2,0.00010937500000000002,0.2,13.716284047960633,12.113817200726277,-3.3038601540900294,0.11645080977905117,3.3904223589872644,-6.882861765822089,0.7739091771769834,44.53806774481647,1.4309230713785326,0.2,0.0,13,25.0
304,2,5,0.00013020833333333333,-4.0,4.867034470530249,4.702337202524383,-0.443377957055073,-1.4956120570152978,1.5599485369369914,2.058929349818217,0.7026400592533124,43.3351427963811,1.6094379124291003,0,4,8.2,0.00021354166666666665,-0.8,6.036594798330364,4.683026965832698,1.6885633560071382,-2.533831378895703,3.1681484037097434,2.647812929126926,0.7095110489731181,21.98082419091006,1.8948279961994767,0.0,0.8,13,25.0
304,3,0,0.0,0.0,0.0,0.0,0.0,0.0,0.0,0.0,0.0,0.0,0.0,0,0,0.0,0.0,0.0,0.0,0.0,0.0,0.0,0.0,0.0,0.0,0.0,0.0,0.0,0.0,13,25.0
304,4,0,0.0,0.0,0.0,0.0,0.0,0.0,0.0,0.0,0.0,0.0,0.0,0,0,0.0,0.0,0.0,0.0,0.0,0.0,0.0,0.0,0.0,0.0,0.0,0.0,0.0,0.0,13,25.0
304,5,0,0.0,0.0,0.0,0.0,0.0,0.0,0.0,0.0,0.0,0.0,0.0,0,0,0.0,0.0,0.0,0.0,0.0,0.0,0.0,0.0,0.0,0.0,0.0,0.0,0.0,0.0,13,25.0
305,0,11,0.00028645833333333333,0.0,4.953550529854933,6.126067431226729,-0.567531620876982,-3.4770322949392987,3.5230449501455556,2.6100259250013393,0.45200723520107455,23.363374098520026,1.7677614722823294,0,0,10.4,0.0002708333333333333,0.2,4.02832936313528,5.58739082914606,0.17845239891129458,-2.980234585811045,3.039612310161344,8.928068025403231,0.6263400564242584,26.57849664174133,1.807727771077706,0.2,0.0,13,25.0
305,1,5,0.00013020833333333333,0.0,14.000547423410689,12.633760746409857,-3.598696483161482,-1.482522560741553,3.8921060521299404,5.072136915862112,0.7335816490673083,47.21080288993797,1.6094379124291003,0,0,4.4,0.00011458333333333333,0.2,13.701340157244994,12.204842012583187,-3.380041764213017,-0.3240243299276745,3.5093786063827834,-3.485207056359104,0.7846140164278798,45.07405261526071,1.4755517816411747,0.2,0.0,13,25.0
305,2,5,0.00013020833333333333,0.0,5.067353779947009,4.588466126364308,-0.5144978529452109,-1.0264709860627577,1.1481945505505073,5.007982735418997,0.628170556166352,43.228610526633446,1.6094379124291003,0,0,7.4,0.0001927083333333333,-0.8,5.794057836250115,4.65479178733198,1.1746256671614814,-2.1782692009450737,2.7024368926499713,1.2551884827788362,0.6841077230636986,27.26452478630725,1.8388837459358924,0.0,0.8,13,25.0
305,3,0,0.0,0.0,0.0,0.0,0.0,0.0,0.0,0.0,0.0,0.0,0.0,0,0,0.0,0.0,0.0,0.0,0.0,0.0,0.0,0.0,0.0,0.0,0.0,0.0,0.0,0.0,13,25.0
305,4,0,0.0,0.0,0.0,0.0,0.0,0.0,0.0,0.0,0.0,0.0,0.0,0,0,0.0,0.0,0.0,0.0,0.0,0.0,0.0,0.0,0.0,0.0,0.0,0.0,0.0,0.0,13,25.0
305,5,0,0.0,0.0,0.0,0.0,0.0,0.0,0.0,0.0,0.0,0.0,0.0,0,0,0.0,0.0,0.0,0.0,0.0,0.0,0.0,0.0,0.0,0.0,0.0,0.0,0.0,0.0,13,25.0
306,0,11,0.00028645833333333333,0.0,4.690166346858162,5.7819061547161485,-0.4987209020696003,-3.2540713030535744,3.292066612861578,-6.584604574919286,0.4268402266760607,23.196958543926847,1.7677614722823294,0,0,10.6,0.0002760416666666667,0.2,4.26051824831797,5.6448053935606115,-0.04185654413215249,-3.0868975813465425,3.1406779304230876,7.951395781173552,0.5647934193839991,25.493798064659103,1.7944056714792471,0.2,0.0,13,25.0
306,1,5,0.00013020833333333333,0.0,14.25638703663968,12.396544258234538,-4.135944422472578,-1.5870481767415698,4.429983993321056,6.395990330724797,0.7493103408837916,47.83237764901775,1.6094379124291003,0,0,4.6,0.00011979166666666666,0.2,13.787178972286295,12.240122356450671,-3.4991112012235193,-0.7350538014225207,3.6810940699799444,-0.9656394124356789,0.7795312453411485,45.75351900878211,1.5201804919038167,0.2,0.0,13,25.0
306,2,5,0.00013020833333333333,0.0,5.1364552210673935,4.445510801720171,-0.5252976114053949,-0.7863944946166457,0.9457028506415653,1.7275360280096244,0.5965414889931709,43.18174236838921,1.6094379124291003,0,0,6.6,0.000171875,-0.8,5.5384393433796735,4.595582033872239,0.6216498456666963,-1.7672259273769892,2.167962162465568,0.9281502130240055,0.6601809653168995,32.57297519754545,1.7521329543142887,0.0,0.8,13,25.0
306,3,0,0.0,0.0,0.0,0.0,0.0,0.0,0.0,0.0,0.0,0.0,0.0,0,0,0.0,0.0,0.0,0.0,0.0,0.0,0.0,0.0,0.0,0.0,0.0,0.0,0.0,0.0,13,25.0
306,4,0,0.0,0.0,0.0,0.0,0.0,0.0,0.0,0.0,0.0,0.0,0.0,0,0,0.0,0.0,0.0,0.0,0.0,0.0,0.0,0.0,0.0,0.0,0.0,0.0,0.0,0.0,13,25.0
306,5,0,0.0,0.0,0.0,0.0,0.0,0.0,0.0,0.0,0.0,0.0,0.0,0,0,0.0,0.0,0.0,0.0,0.0,0.0,0.0,0.0,0.0,0.0,0.0,0.0,0.0,0.0,13,25.0
307,0,11,0.00028645833333333333,0.0,4.366612682853352,5.336871372955088,-0.3952277584230389,-3.0092820854969813,3.0351249811368826,-8.088841600120222,0.4246325356267394,23.120588001394932,1.8462202193146333,0,0,10.8,0.00028125,0.2,4.444033036131453,5.646044480524021,-0.24933578015314645,-3.1580492742935617,3.201678462445911,6.734543346943395,0.5106063586740195,24.39841304303532,1.796775321287249,0.2,0.0,13,25.0
307,1,5,0.00013020833333333333,0.0,14.221649385625307,12.150370445019504,-4.344112486513423,-1.6190032179002902,4.635998782900329,-0.86844127535932,0.7525529803595501,48.13796627523003,1.6094379124291003,0,0,4.8,0.000125,0.2,13.915570022498468,12.255711580684359,-3.63361573730007,-1.1272538614598941,3.870797149719357,0.09816646683615868,0.7673932024779025,46.5020661894728,1.5648092021664584,0.2,0.0,13,25.0
307,2,5,0.00013020833333333333,0.0,5.106643371031639,4.304681136598604,-0.5091268958050732,-0.6595213321050908,0.8331738015166963,-0.7452962508938765,0.5850820037777535,43.16129325153805,1.6094379124291003,0,0,5.8,0.00015104166666666667,-0.8,5.2851773292141635,4.521664357029643,0.06041534700639197,-1.3390597038411065,1.610210497716866,0.9870621806473107,0.6386127837023794,37.89061839961836,1.6653821626926846,0.0,0.8,13,25.0
307,3,0,0.0,0.0,0.0,0.0,0.0,0.0,0.0,0.0,0.0,0.0,0.0,0,0,0.0,0.0,0.0,0.0,0.0,0.0,0.0,0.0,0.0,0.0,0.0,0.0,0.0,0.0,13,25.0
307,4,0,0.0,0.0,0.0,0.0,0.0,0.0,0.0,0.0,0.0,0.0,0.0,0,0,0.0,0.0,0.0,0.0,0.0,0.0,0.0,0.0,0.0,0.0,0.0,0.0,0.0,0.0,13,25.0
307,5,0,0.0,0.0,0.0,0.0,0.0,0.0,0.0,0.0,0.0,0.0,0.0,0,0,0.0,0.0,0.0,0.0,0.0,0.0,0.0,0.0,0.0,0.0,0.0,0.0,0.0,0.0,13,25.0
308,0,11,0.00028645833333333333,0.0,4.065427558168232,4.938923786666694,-0.2997415901806271,-2.790694390401247,2.8067454821378086,-7.529628117128022,0.42460940766824606,23.086328123213942,1.8462202193146333,0,0,11.0,0.00028645833333333333,0.2,4.584981322117911,5.600313119020808,-0.4395547675978742,-3.2000984460041053,3.2307503450751227,5.670380801267792,0.460658808966385,23.29861969480965,1.799144971095251,0.2,0.0,13,25.0
308,1,5,0.00013020833333333333,0.0,14.041360165423987,11.898566258655407,-4.3921132744660785,-1.6154286755244605,4.679772304444721,-4.507230505033036,0.7537331124310365,48.285715597500456,1.6094379124291003,0,0,5.0,0.00013020833333333333,0.2,14.063521191575173,12.26285625175701,-3.7708434401333455,-1.505735010625293,4.063489470540564,0.5871694384493656,0.7524928536139452,47.28428652705621,1.6094379124291003,0.2,0.0,13,25.0
308,2,5,0.00013020833333333333,0.0,5.023209545698636,4.171368119543115,-0.48180677576288744,-0.5888402367337913,0.7608354576173068,-2.0858456333250883,0.5802697053408721,43.153115764139194,1.6094379124291003,0,0,5.0,0.00013020833333333333,-0.8,5.040139277654985,4.442472677350116,-0.4948214185947277,-0.9113678213067166,1.0495710394526134,1.1926612458055805,0.6185407627062921,43.2119809414162,1.6094379124291003,0.0,0.8,13,25.0
308,3,0,0.0,0.0,0.0,0.0,0.0,0.0,0.0,0.0,0.0,0.0,0.0,0,0,0.0,0.0,0.0,0.0,0.0,0.0,0.0,0.0,0.0,0.0,0.0,0.0,0.0,0.0,13,25.0
308,4,0,0.0,0.0,0.0,0.0,0.0,0.0,0.0,0.0,0.0,0.0,0.0,0,0,0.0,0.0,0.0,0.0,0.0,0.0,0.0,0.0,0.0,0.0,0.0,0.0,0.0,0.0,13,25.0
308,5,0,0.0,0.0,0.0,0.0,0.0,0.0,0.0,0.0,0.0,0.0,0.0,0,0,0.0,0.0,0.0,0.0,0.0,0.0,0.0,0.0,0.0,0.0,0.0,0.0,0.0,0.0,13,25.0
309,0,10,0.00026041666666666666,-1.0,3.3114417249638515,6.049698115146561,-0.6607370897616784,-3.002700718235009,3.0745381937903735,16.76080041882649,0.450832887586027,20.204532304060656,1.7480673485390896,1,2,10.8,0.00028125,-0.2,4.277439768539706,5.646693372142244,-0.48439179226238605,-3.106756158425222,3.146304044014439,-0.5664495896679455,0.4357844585516295,22.59435621422328,1.7952061463466031,0.2,0.4,13,25.0
309,1,7,0.00018229166666666667,2.0,7.965194029654514,5.5778725138729275,-1.243976137635329,-1.2077386900247444,1.7338135350690964,32.31521910831065,0.8592629488275713,14.411315952013185,1.7478680974607577,3,1,5.4,0.000140625,0.4,12.897027608150836,10.931422844438448,-3.542968560849778,-1.5023482641865236,3.8743349335730293,7.681534914900995,0.7696882063138515,41.17563567273988,1.6371239494354317,0.6,0.2,13,25.0
309,2,5,0.00013020833333333333,0.0,4.43012342010023,4.5932361869641625,-0.6053931061826626,0.26967268946533973,0.6627398980421824,-0.7110730905265589,0.9509082704746792,25.545963288293507,1.6094379124291003,2,2,5.0,0.00013020833333333333,0.0,4.952757067568982,4.420652474238072,-0.5272244484202456,-0.5583108720105892,0.8701293116736517,0.6386607577366252,0.6681944049505655,39.65414503979868,1.6094379124291003,0.4,0.4,13,25.0
309,3,0,0.0,0.0,0.0,0.0,0.0,0.0,0.0,0.0,0.0,0.0,0.0,0,0,0.0,0.0,0.0,0.0,0.0,0.0,0.0,0.0,0.0,0.0,0.0,0.0,0.0,0.0,13,25.0
309,4,0,0.0,0.0,0.0,0.0,0.0,0.0,0.0,0.0,0.0,0.0,0.0,0,0,0.0,0.0,0.0,0.0,0.0,0.0,0.0,0.0,0.0,0.0,0.0,0.0,0.0,0.0,13,25.0
309,5,0,0.0,0.0,0.0,0.0,0.0,0.0,0.0,0.0,0.0,0.0,0.0,0,0,0.0,0.0,0.0,0.0,0.0,0.0,0.0,0.0,0.0,0.0,0.0,0.0,0.0,0.0,13,25.0
310,0,10,0.00026041666666666666,0.0,3.456007233375407,6.396784528297033,-0.601005151934457,-3.163088414644411,3.219679411293841,3.614137710288881,0.48618063609658946,19.96136000482627,1.7480673485390896,0,0,10.6,0.0002760416666666667,-0.2,3.9779311092438006,5.700836791556305,-0.4910864984738811,-3.0439673823662448,3.085630936244096,-0.3656272326104372,0.4426191387307325,21.91395339548453,1.7912673215979553,0.2,0.4,13,25.0
310,1,7,0.00018229166666666667,0.0,8.223844953092161,5.613545025754862,-1.5965355644792205,-1.4532797299565126,2.158922829132495,6.466273085941201,0.8633099689021198,15.276698692793516,1.9459101490483135,0,0,5.8,0.00015104166666666667,0.4,11.74168711408713,9.527379700307447,-3.142536377113326,-1.4964996980295153,3.52769828897354,7.960362148916813,0.7956338702808139,34.78881483331099,1.7044183967592743,0.6,0.2,13,25.0
310,2,5,0.00013020833333333333,0.0,4.56898734277537,4.654358731604056,-0.5205089648131345,0.0332929233943565,0.521572623130263,3.4715980668784807,0.9448409600971872,25.78356110834929,1.6094379124291003,0,0,5.0,0.00013020833333333333,0.0,4.853083780134654,4.433830995286021,-0.5284266707938304,-0.3463580901191663,0.7448049261896028,0.33138382402852196,0.7315284857367326,36.16513515614185,1.6094379124291003,0.4,0.4,13,25.0
310,3,0,0.0,0.0,0.0,0.0,0.0,0.0,0.0,0.0,0.0,0.0,0.0,0,0,0.0,0.0,0.0,0.0,0.0,0.0,0.0,0.0,0.0,0.0,0.0,0.0,0.0,0.0,13,25.0
310,4,0,0.0,0.0,0.0,0.0,0.0,0.0,0.0,0.0,0.0,0.0,0.0,0,0,0.0,0.0,0.0,0.0,0.0,0.0,0.0,0.0,0.0,0.0,0.0,0.0,0.0,0.0,13,25.0
310,5,0,0.0,0.0,0.0,0.0,0.0,0.0,0.0,0.0,0.0,0.0,0.0,0,0,0.0,0.0,0.0,0.0,0.0,0.0,0.0,0.0,0.0,0.0,0.0,0.0,0.0,0.0,13,25.0
311,0,10,0.00026041666666666666,0.0,3.3937878415756395,6.220782449802446,-0.5562455681997766,-3.1031075995114676,3.1525681445906475,-1.555484794994192,0.499872269841353,19.851853501609693,1.7480673485390896,0,0,10.4,0.0002708333333333333,-0.2,3.7186554081872965,5.788612050573564,-0.5025914316999163,-3.013774641657823,3.0577312425899104,0.6401967233745817,0.45722554736379106,21.2449323870211,1.787328496849307,0.2,0.4,13,25.0
311,1,7,0.00018229166666666667,0.0,8.22063376435464,5.571530513536185,-1.7021801487252692,-1.5579277978429205,2.3075000069352267,-0.08027971843807791,0.8651960281025054,15.824023375250222,1.9459101490483135,0,0,6.2,0.00016145833333333336,0.4,10.534536459630122,8.162376951367778,-2.655783522363864,-1.4906756222497857,3.1032014916963746,6.6651081390842375,0.8188110077245566,28.387143978557482,1.7717128440831171,0.6,0.2,13,25.0
311,2,5,0.00013020833333333333,0.0,4.5785569577258265,4.607877308546383,-0.4644073011667878,-0.07886510764366213,0.4710560970634665,0.23924037376141688,0.9246324372496825,25.92145355475187,1.6094379124291003,0,0,5.0,0.00013020833333333333,0.0,4.7415041274663405,4.4663042966512645,-0.5162486087461089,-0.2048522127245696,0.649875575473983,0.03372469317888048,0.7971466753880349,32.71307739341439,1.6094379124291003,0.4,0.4,13,25.0
311,3,0,0.0,0.0,0.0,0.0,0.0,0.0,0.0,0.0,0.0,0.0,0.0,0,0,0.0,0.0,0.0,0.0,0.0,0.0,0.0,0.0,0.0,0.0,0.0,0.0,0.0,0.0,13,25.0
311,4,0,0.0,0.0,0.0,0.0,0.0,0.0,0.0,0.0,0.0,0.0,0.0,0,0,0.0,0.0,0.0,0.0,0.0,0.0,0.0,0.0,0.0,0.0,0.0,0.0,0.0,0.0,13,25.0
311,5,0,0.0,0.0,0.0,0.0,0.0,0.0,0.0,0.0,0.0,0.0,0.0,0,0,0.0,0.0,0.0,0.0,0.0,0.0,0.0,0.0,0.0,0.0,0.0,0.0,0.0,0.0,13,25.0
312,0,10,0.00026041666666666666,0.0,3.2540411724567933,5.871037956482084,-0.5209207378500377,-2.9661314140202206,3.011526852007105,-3.4936667279711613,0.5038811773801684,19.8044884618889,1.7480673485390896,0,0,10.2,0.00026562499999999996,-0.2,3.4961411061079843,5.895445367278964,-0.5277300275853161,-3.005144507362471,3.0530116167639547,1.5592316978043939,0.47307527571447683,20.581712479119894,1.7676979226941985,0.2,0.4,13,25.0
312,1,7,0.00018229166666666667,0.0,8.085196032075824,5.463858161289857,-1.6902978986642856,-1.592403001295749,2.322251989936624,-3.3859433069703795,0.8661945728824653,16.117427974822224,1.9459101490483135,0,0,6.6,0.000171875,0.4,9.307245788920225,6.825074494621847,-2.1250206047940363,-1.4853555789288773,2.6404521331036332,6.161607732762026,0.8415393262291395,21.98303631847592,1.83900729140696,0.6,0.2,13,25.0
312,2,5,0.00013020833333333333,0.0,4.521464816542332,4.518827567459985,-0.420313428379626,-0.12830144085130976,0.43945948368508003,-1.4273035295873566,0.9176745322288318,25.99059713345789,1.6094379124291003,0,0,5.0,0.00013020833333333333,0.0,4.624468416568479,4.50913358282354,-0.4984859152610195,-0.09860823447381338,0.5711327119076597,-0.10267676255981555,0.8636651810782505,29.278938169798344,1.6094379124291003,0.4,0.4,13,25.0
312,3,0,0.0,0.0,0.0,0.0,0.0,0.0,0.0,0.0,0.0,0.0,0.0,0,0,0.0,0.0,0.0,0.0,0.0,0.0,0.0,0.0,0.0,0.0,0.0,0.0,0.0,0.0,13,25.0
312,4,0,0.0,0.0,0.0,0.0,0.0,0.0,0.0,0.0,0.0,0.0,0.0,0,0,0.0,0.0,0.0,0.0,0.0,0.0,0.0,0.0,0.0,0.0,0.0,0.0,0.0,0.0,13,25.0
312,5,0,0.0,0.0,0.0,0.0,0.0,0.0,0.0,0.0,0.0,0.0,0.0,0,0,0.0,0.0,0.0,0.0,0.0,0.0,0.0,0.0,0.0,0.0,0.0,0.0,0.0,0.0,13,25.0
313,0,10,0.00026041666666666666,0.0,3.093253666595298,5.487284843962397,-0.4918226789421974,-2.809784123904294,2.8525035268105277,-4.019687646537378,0.5051246428603839,19.78615116638601,1.7480673485390896,0,0,10.0,0.00026041666666666666,-0.2,3.301706327793398,6.005117578738104,-0.5661462453376301,-3.0089624540630804,3.062163225698498,2.2612197919225223,0.4891783227529044,19.921677087754308,1.7480673485390896,0.2,0.4,13,25.0
313,1,7,0.00018229166666666667,0.0,7.889987824078197,5.322727332288,-1.6262941799923865,-1.592054806235454,2.2758451761784055,-4.880205199940646,0.8667260979331838,16.26657763038281,1.9459101490483135,0,0,7.0,0.00018229166666666667,0.4,8.076971320651067,5.509906709348367,-1.5718567858992982,-1.480680805071076,2.1596667074503704,6.087012793780504,0.8641379233295691,15.579208725052391,1.9063017387308023,0.6,0.2,13,25.0
313,2,5,0.00013020833333333333,0.0,4.432783245571125,4.411215009829471,-0.3837132152916759,-0.14714955208725308,0.41096085247740477,-2.2170392742801828,0.914761649670021,26.02400657846,1.6094379124291003,0,0,5.0,0.00013020833333333333,0.0,4.506383156542976,4.557102960880811,-0.47886720316677717,-0.010270097544505747,0.5011577908796794,-0.12891549075083444,0.9305635699440803,25.853116332662513,1.6094379124291003,0.4,0.4,13,25.0
313,3,0,0.0,0.0,0.0,0.0,0.0,0.0,0.0,0.0,0.0,0.0,0.0,0,0,0.0,0.0,0.0,0.0,0.0,0.0,0.0,0.0,0.0,0.0,0.0,0.0,0.0,0.0,13,25.0
313,4,0,0.0,0.0,0.0,0.0,0.0,0.0,0.0,0.0,0.0,0.0,0.0,0,0,0.0,0.0,0.0,0.0,0.0,0.0,0.0,0.0,0.0,0.0,0.0,0.0,0.0,0.0,13,25.0
313,5,0,0.0,0.0,0.0,0.0,0.0,0.0,0.0,0.0,0.0,0.0,0.0,0,0,0.0,0.0,0.0,0.0,0.0,0.0,0.0,0.0,0.0,0.0,0.0,0.0,0.0,0.0,13,25.0
314,0,9,0.000234375,-1.0,5.976988403799644,8.152453066543098,0.3880255102077362,-4.161826759186869,4.179876286453447,35.03247436523841,0.6020330364879503,26.262090366330508,1.8891591637470215,2,3,9.8,0.0002552083333333333,-0.2,3.834815663560556,6.425668569017413,-0.35639372534374714,-3.240787662253452,3.283230844231113,5.915554581204906,0.5194183525332889,21.133188700208276,1.776285711580676,0.4,0.6,13,25.0
314,1,6,0.00015625,-1.0,20.150406362142935,19.698547202691337,-17.797809319376995,2.343625732223343,17.951451143059217,366.0447405632146,0.32197561475349823,23.44357096874624,1.5607104090364066,1,2,6.8,0.00017708333333333335,-0.2,10.514013787148752,8.334041647112048,-4.882623422247631,-0.7704079206214586,5.403194229048394,72.83291708476129,0.7566804565147545,17.385659728399002,1.868870201045932,0.2,0.4,13,25.0
314,2,5,0.00013020833333333333,0.0,11.226597623175197,7.742702149735305,0.03886429151363959,3.580223792241759,3.5804347271928894,156.17454235415374,0.7782821404087166,25.860243976620183,1.6094379124291003,1,1,5.0,0.00013020833333333333,0.0,5.865677997157969,5.1869961534350395,-0.35001572362751676,0.6518401230107781,1.0846967567098207,31.248207598185225,0.8960383439308878,25.915972470327848,1.6094379124291003,0.2,0.2,13,25.0
314,3,0,0.0,0.0,0.0,0.0,0.0,0.0,0.0,0.0,0.0,0.0,0.0,0,0,0.0,0.0,0.0,0.0,0.0,0.0,0.0,0.0,0.0,0.0,0.0,0.0,0.0,0.0,13,25.0
314,4,0,0.0,0.0,0.0,0.0,0.0,0.0,0.0,0.0,0.0,0.0,0.0,0,0,0.0,0.0,0.0,0.0,0.0,0.0,0.0,0.0,0.0,0.0,0.0,0.0,0.0,0.0,13,25.0
314,5,0,0.0,0.0,0.0,0.0,0.0,0.0,0.0,0.0,0.0,0.0,0.0,0,0,0.0,0.0,0.0,0.0,0.0,0.0,0.0,0.0,0.0,0.0,0.0,0.0,0.0,0.0,13,25.0
315,0,9,0.000234375,0.0,6.351187888769323,8.781749480452358,0.34670672324327567,-4.302027497075986,4.315975687783698,9.354987124242001,0.5747283178753484,25.829460315543272,1.8891591637470215,0,0,9.6,0.00024999999999999995,-0.2,4.41385179463934,6.902661559448477,-0.16685135030820067,-3.468575478739768,3.502490099529085,7.06372446399553,0.5371278888890408,22.306808762351675,1.8045040746222625,0.4,0.6,13,25.0
315,1,6,0.00015625,0.0,22.095167905691355,22.323172358686083,-19.76956493401774,2.475658582551546,19.923970063662136,48.61903858871052,0.3213399296652002,23.495465902024733,1.5607104090364066,0,0,6.6,0.000171875,-0.2,13.28827837766859,11.675967113698293,-8.517229296155335,0.01537974188015312,8.956203675954322,81.26347018531514,0.6482864486673705,19.029413170245245,1.7918302530435508,0.2,0.4,13,25.0
315,2,5,0.00013020833333333333,0.0,11.814361992386631,8.896970884611692,-0.15669186082574776,4.127231939880531,4.130205300565462,14.694109230285841,0.8287951705738399,25.98414659707051,1.3321790402061222,0,0,5.0,0.00013020833333333333,0.0,7.314752927080223,6.035518584036567,-0.27725230283003943,1.470627926308013,1.8064232921968606,33.4927098308667,0.8728291860262184,25.956089568072095,1.5539861379845046,0.2,0.2,13,25.0
315,3,0,0.0,0.0,0.0,0.0,0.0,0.0,0.0,0.0,0.0,0.0,0.0,0,0,0.0,0.0,0.0,0.0,0.0,0.0,0.0,0.0,0.0,0.0,0.0,0.0,0.0,0.0,13,25.0
315,4,0,0.0,0.0,0.0,0.0,0.0,0.0,0.0,0.0,0.0,0.0,0.0,0,0,0.0,0.0,0.0,0.0,0.0,0.0,0.0,0.0,0.0,0.0,0.0,0.0,0.0,0.0,13,25.0
315,5,0,0.0,0.0,0.0,0.0,0.0,0.0,0.0,0.0,0.0,0.0,0.0,0,0,0.0,0.0,0.0,0.0,0.0,0.0,0.0,0.0,0.0,0.0,0.0,0.0,0.0,0.0,13,25.0
316,0,9,0.000234375,0.0,6.369267505900742,8.76882211527342,0.32997387972249775,-4.236502451729778,4.24933356949199,0.45199042828549163,0.566777163266505,25.56732373759185,1.8891591637470215,0,0,9.4,0.0002447916666666667,-0.2,5.00894772750436,7.412269492542672,0.010392539276254198,-3.6952544491834294,3.7218431845093534,7.465219508651467,0.5505088675740712,23.449902809548107,1.8327224376638487,0.4,0.6,13,25.0
316,1,6,0.00015625,0.0,21.320290384365922,20.375870530223885,-19.039267269511793,2.4003207566722136,19.189977537631837,-19.371938033135834,0.32101678506309084,23.572458570937073,1.5607104090364066,0,0,6.4,0.00016666666666666666,-0.2,15.908209701670847,14.636835117035833,-11.98464672031264,0.8070294527831801,12.332699182093643,77.4051385223756,0.5394506000594876,20.579100209382617,1.7147903050411692,0.2,0.4,13,25.0
316,2,5,0.00013020833333333333,0.0,11.306725395952231,8.200190601502275,-0.07943943925047332,3.7261190520717262,3.7269657651661263,-12.690914910859945,0.8783265120503584,26.019474857038052,1.6094379124291003,0,0,5.0,0.00013020833333333333,0.0,8.660386614725503,6.753981242627745,-0.20025873044677653,2.231624758251091,2.4576052258173924,30.906678773942424,0.8635680009863534,25.975693828529323,1.5539861379845046,0.2,0.2,13,25.0
316,3,0,0.0,0.0,0.0,0.0,0.0,0.0,0.0,0.0,0.0,0.0,0.0,0,0,0.0,0.0,0.0,0.0,0.0,0.0,0.0,0.0,0.0,0.0,0.0,0.0,0.0,0.0,13,25.0
316,4,0,0.0,0.0,0.0,0.0,0.0,0.0,0.0,0.0,0.0,0.0,0.0,0,0,0.0,0.0,0.0,0.0,0.0,0.0,0.0,0.0,0.0,0.0,0.0,0.0,0.0,0.0,13,25.0
316,5,0,0.0,0.0,0.0,0.0,0.0,0.0,0.0,0.0,0.0,0.0,0.0,0,0,0.0,0.0,0.0,0.0,0.0,0.0,0.0,0.0,0.0,0.0,0.0,0.0,0.0,0.0,13,25.0
317,0,9,0.000234375,0.0,6.229191114823085,8.49218343424533,0.32796781653970575,-4.086053591446837,4.099194657595735,-3.501909776941429,0.5643356020787258,25.436279297767932,1.8891591637470215,0,0,9.2,0.00023958333333333332,-0.2,5.603977715977619,7.936498588095321,0.1801702501542029,-3.919238884668753,3.9393767456270794,7.463570898857412,0.5625997525137827,24.576260976723916,1.860940800705435,0.4,0.6,13,25.0
317,1,6,0.00015625,0.0,19.908029214980512,17.679360829355396,-17.6783594322542,2.272351341475547,17.823803545682296,-35.30652923463523,0.32085060301276214,23.639379857772596,1.5607104090364066,0,0,6.2,0.00016145833333333333,-0.2,18.27277633825178,17.07993565064894,-15.182259027030625,1.5799803213374393,15.433009493242778,71.02102133684262,0.43038180608554705,22.08349058597269,1.637750357038788,0.2,0.4,13,25.0
317,2,5,0.00013020833333333333,0.0,10.579137712893047,7.193161592436266,0.04615068177092922,3.1724396173837097,3.1727752853572246,-18.189692076479666,0.9085473557904331,26.019881589146348,1.6094379124291003,0,0,5.0,0.00013020833333333333,0.0,9.871921193995647,7.288848047623001,-0.10696590841666546,2.8917729698980947,3.004268386151822,27.554201064563962,0.8617425656986738,25.98155071966702,1.5539861379845046,0.2,0.2,13,25.0
317,3,0,0.0,0.0,0.0,0.0,0.0,0.0,0.0,0.0,0.0,0.0,0.0,0,0,0.0,0.0,0.0,0.0,0.0,0.0,0.0,0.0,0.0,0.0,0.0,0.0,0.0,0.0,13,25.0
317,4,0,0.0,0.0,0.0,0.0,0.0,0.0,0.0,0.0,0.0,0.0,0.0,0,0,0.0,0.0,0.0,0.0,0.0,0.0,0.0,0.0,0.0,0.0,0.0,0.0,0.0,0.0,13,25.0
317,5,0,0.0,0.0,0.0,0.0,0.0,0.0,0.0,0.0,0.0,0.0,0.0,0,0,0.0,0.0,0.0,0.0,0.0,0.0,0.0,0.0,0.0,0.0,0.0,0.0,0.0,0.0,13,25.0
318,0,9,0.000234375,0.0,6.0260155624436464,8.122946275678139,0.33167724169286383,-3.908275739180422,3.922324444270675,-5.079388809485965,0.5634563197655671,25.377475593494268,1.8891591637470215,0,0,9.0,0.000234375,-0.2,6.190530095147288,8.463630874438469,0.3448702342812151,-4.138937207723979,4.153340929119109,7.251630666267696,0.5742660878948194,25.694525862145564,1.8891591637470215,0.4,0.6,13,25.0
318,1,6,0.00015625,0.0,18.466876959491135,15.211004739038918,-16.290548856561593,2.1393490483793713,16.430422891661127,-36.02880638723442,0.3207655358710415,23.692206089262587,1.5607104090364066,0,0,6.0,0.00015625,-0.2,20.388154165334374,19.057591131999125,-18.115109962344466,2.3262610922604043,18.263925036339323,64.79130109938389,0.32118969367311856,23.568616277748646,1.5607104090364066,0.2,0.4,13,25.0
318,2,5,0.00013020833333333333,0.0,9.87153691424203,6.281844863702574,0.1615285696459722,2.6671193224561027,2.672006167476148,-17.690019966275397,0.9222557637730621,26.007245330888072,1.6094379124291003,0,0,5.0,0.00013020833333333333,0.0,10.959671927729827,7.662974018397622,0.0020824485708641426,3.454626744806766,3.4564774491515697,24.45960492616492,0.863241388519282,25.97819847015263,1.5539861379845046,0.2,0.2,13,25.0
318,3,0,0.0,0.0,0.0,0.0,0.0,0.0,0.0,0.0,0.0,0.0,0.0,0,0,0.0,0.0,0.0,0.0,0.0,0.0,0.0,0.0,0.0,0.0,0.0,0.0,0.0,0.0,13,25.0
318,4,0,0.0,0.0,0.0,0.0,0.0,0.0,0.0,0.0,0.0,0.0,0.0,0,0,0.0,0.0,0.0,0.0,0.0,0.0,0.0,0.0,0.0,0.0,0.0,0.0,0.0,0.0,13,25.0
318,5,0,0.0,0.0,0.0,0.0,0.0,0.0,0.0,0.0,0.0,0.0,0.0,0,0,0.0,0.0,0.0,0.0,0.0,0.0,0.0,0.0,0.0,0.0,0.0,0.0,0.0,0.0,13,25.0
319,0,10,0.00026041666666666666,1.0,8.785301853103377,11.670653786708744,-3.300844753562852,-3.7882829107952496,5.024605805368888,8.897774269644678,0.6277280588049978,21.51568768160902,1.7480673485400895,3,2,9.2,0.00023958333333333332,0.2,6.7521927850080345,9.167271018471599,-0.3929038184729025,-4.064228438045655,4.322286832902196,2.0246906471489496,0.5794050923582288,24.745245325201267,1.8609408007056352,0.6,0.4,13,25.0
319,1,7,0.00018229166666666667,1.0,16.465470989042593,13.265677491314042,-13.019482979358177,-0.8343735072298762,13.046191635851605,-8.729578075800406,0.4005036512762946,19.393430759626852,1.5498260458732018,1,0,6.2,0.00016145833333333333,0.2,19.651167090714303,17.771017189723665,-17.1594446943407,1.6906612443697608,17.2828731348978,-10.163562628419118,0.3368953009776779,22.75858823592477,1.5585335364037656,0.2,0.0,13,25.0
319,2,4,0.00010416666666666667,-1.0,6.074813496951282,4.082500988984155,-2.5406345094366047,-0.9125855252065651,2.699562196237886,-9.913735728651066,0.48270558323927215,35.67650108511653,1.3862943611158907,1,2,4.8,0.000125,-0.2,9.929315102485045,6.930933786247392,-0.5138173116191848,2.556064881317101,3.2803029429605695,-8.758050690396042,0.8041260770853931,27.941449891851903,1.5093574277218629,0.2,0.4,13,25.0
319,3,0,0.0,0.0,0.0,0.0,0.0,0.0,0.0,0.0,0.0,0.0,0.0,0,0,0.0,0.0,0.0,0.0,0.0,0.0,0.0,0.0,0.0,0.0,0.0,0.0,0.0,0.0,13,25.0
319,4,0,0.0,0.0,0.0,0.0,0.0,0.0,0.0,0.0,0.0,0.0,0.0,0,0,0.0,0.0,0.0,0.0,0.0,0.0,0.0,0.0,0.0,0.0,0.0,0.0,0.0,0.0,13,25.0
319,5,0,0.0,0.0,0.0,0.0,0.0,0.0,0.0,0.0,0.0,0.0,0.0,0,0,0.0,0.0,0.0,0.0,0.0,0.0,0.0,0.0,0.0,0.0,0.0,0.0,0.0,0.0,13,25.0
320,0,10,0.00026041666666666666,0.0,8.81110713355679,11.35745941790268,-3.243059867707167,-3.7918800990021673,4.989568317073283,0.6451320113353507,0.5565800869238673,21.53859669952491,1.7480673485400895,0,0,9.4,0.0002447916666666667,0.2,7.2441766339655285,9.682413005961662,-1.110857136662991,-3.9621989584308905,4.457005358760114,0.28271962456761945,0.5757754461679326,23.887072601997595,1.8327224376642488,0.6,0.4,13,25.0
320,1,7,0.00018229166666666667,0.0,16.135936196653297,12.345908745463975,-11.881379183325578,-1.4902687482278922,11.974475864934846,-8.23836980973236,0.4653635638217839,19.511333687440615,1.9459101490483135,0,0,6.4,0.00016666666666666666,0.2,18.459320748906695,15.77556446707924,-15.581807544202269,0.8974757782138727,15.692974295152343,-21.535044308107693,0.3657000278089946,21.961761793007945,1.635573484406147,0.2,0.0,13,25.0
320,2,4,0.00010416666666666667,0.0,5.948018593220629,4.068942444148142,-2.9265382761705023,-0.7466851017406608,3.020292191668296,-3.1698725932663,0.5006419056017601,35.3657509665516,1.3862943611158907,0,0,4.6,0.00011979166666666666,-0.2,8.756046422651846,5.965328098154682,-1.0677865946881355,1.5812814729928628,3.058320321181136,-12.330847055106469,0.7384954240909771,29.817770765748115,1.5201804919038164,0.2,0.4,13,25.0
320,3,0,0.0,0.0,0.0,0.0,0.0,0.0,0.0,0.0,0.0,0.0,0.0,0,0,0.0,0.0,0.0,0.0,0.0,0.0,0.0,0.0,0.0,0.0,0.0,0.0,0.0,0.0,13,25.0
320,4,0,0.0,0.0,0.0,0.0,0.0,0.0,0.0,0.0,0.0,0.0,0.0,0,0,0.0,0.0,0.0,0.0,0.0,0.0,0.0,0.0,0.0,0.0,0.0,0.0,0.0,0.0,13,25.0
320,5,0,0.0,0.0,0.0,0.0,0.0,0.0,0.0,0.0,0.0,0.0,0.0,0,0,0.0,0.0,0.0,0.0,0.0,0.0,0.0,0.0,0.0,0.0,0.0,0.0,0.0,0.0,13,25.0
321,0,10,0.00026041666666666666,0.0,8.688145550745805,11.044675516242057,-3.1716052736987486,-3.712208133682077,4.882578134544196,-3.0740395702746355,0.5228141586717407,21.535844222354676,1.7480673485400895,0,0,9.6,0.00025,0.2,7.7079522429345415,10.13758368615539,-1.8111729673472403,-3.8573400948213505,4.5836542717705555,-0.422486375144406,0.5669828452489798,23.08077669895016,1.8045040746228622,0.6,0.4,13,25.0
321,1,7,0.00018229166666666667,0.0,15.662354619667854,11.343629870083275,-10.995312021338561,-1.6676134924121147,11.12105306194819,-11.839539424636138,0.5116572066555243,19.478367691232922,1.9459101490483135,0,0,6.6,0.00017187500000000002,0.2,17.32773359596708,13.96911633505112,-13.973016494567622,0.08388892839700719,14.079189400015613,-20.028564586407757,0.40382811212748126,21.142943617067115,1.7126134324085285,0.2,0.0,13,25.0
321,2,4,0.00010416666666666667,0.0,5.797225435001553,4.028066228365831,-3.0663822358257287,-0.6523617835860093,3.135008120064622,-3.7698289554768865,0.5108427791076633,35.22624229442023,1.3862943611158907,0,0,4.4,0.00011458333333333333,-0.2,7.654146430461708,5.130903223527393,-1.6651751540031867,0.7055853058613156,2.9399287921608357,-10.546629864029857,0.6649986775024381,31.659124253224558,1.4755517816411745,0.2,0.4,13,25.0
321,3,0,0.0,0.0,0.0,0.0,0.0,0.0,0.0,0.0,0.0,0.0,0.0,0,0,0.0,0.0,0.0,0.0,0.0,0.0,0.0,0.0,0.0,0.0,0.0,0.0,0.0,0.0,13,25.0
321,4,0,0.0,0.0,0.0,0.0,0.0,0.0,0.0,0.0,0.0,0.0,0.0,0,0,0.0,0.0,0.0,0.0,0.0,0.0,0.0,0.0,0.0,0.0,0.0,0.0,0.0,0.0,13,25.0
321,5,0,0.0,0.0,0.0,0.0,0.0,0.0,0.0,0.0,0.0,0.0,0.0,0,0,0.0,0.0,0.0,0.0,0.0,0.0,0.0,0.0,0.0,0.0,0.0,0.0,0.0,0.0,13,25.0
322,0,10,0.00026041666666666666,0.0,8.493099310161517,10.735713757394718,-3.0937918926837518,-3.5990148397771455,4.745993688593762,-4.876156014607185,0.5094314167583309,21.53330477087371,1.7480673485400895,0,0,9.8,0.0002552083333333333,0.2,8.160733882002226,10.586289750785266,-2.495524909191932,-3.7599323444874124,4.71301407797016,-0.6973356226775571,0.5560020081849008,22.300181793571316,1.7762857115814756,0.6,0.4,13,25.0
322,1,7,0.00018229166666666667,0.0,15.083496566514757,10.38575981987679,-10.271022045034746,-1.6568707598511883,10.403802889541861,-14.471451328827357,0.5359543719290372,19.450755991447203,1.9459101490483135,0,0,6.8,0.00017708333333333335,0.2,16.36282706627393,12.5103961331554,-12.491549017123731,-0.7019554918683399,12.595189268787527,-15.861549005246184,0.4468488659107363,20.305218843802034,1.7896533804109098,0.2,0.0,13,25.0
322,2,4,0.00010416666666666667,0.0,5.643776554614265,3.955982674540478,-3.0952974184791726,-0.5941748029810272,3.1518105598752872,-3.8362220096822064,0.5158895878211689,35.15931255966211,1.3862943611158907,0,0,4.2,0.00010937500000000002,-0.2,6.667074198805952,4.483467439948236,-2.293464774053207,-0.047737578211631757,2.9357358470644477,-7.675935850670365,0.5864671239085852,33.48701044732771,1.4309230713785326,0.2,0.4,13,25.0
322,3,0,0.0,0.0,0.0,0.0,0.0,0.0,0.0,0.0,0.0,0.0,0.0,0,0,0.0,0.0,0.0,0.0,0.0,0.0,0.0,0.0,0.0,0.0,0.0,0.0,0.0,0.0,13,25.0
322,4,0,0.0,0.0,0.0,0.0,0.0,0.0,0.0,0.0,0.0,0.0,0.0,0,0,0.0,0.0,0.0,0.0,0.0,0.0,0.0,0.0,0.0,0.0,0.0,0.0,0.0,0.0,13,25.0
322,5,0,0.0,0.0,0.0,0.0,0.0,0.0,0.0,0.0,0.0,0.0,0.0,0,0,0.0,0.0,0.0,0.0,0.0,0.0,0.0,0.0,0.0,0.0,0.0,0.0,0.0,0.0,13,25.0
323,0,10,0.00026041666666666666,0.0,8.267669133293705,10.435249777247442,-3.014033484365442,-3.474642162627492,4.5997321664619495,-5.63575442169529,0.503660273972327,21.531407164796434,1.7480673485400895,0,0,10.0,0.00026041666666666666,0.2,8.609064596172239,11.048750451099128,-3.1646670544035933,-3.6732056291768265,4.848495622408416,-0.808608745119422,0.5440427990262527,21.530968107831747,1.7480673485400895,0.6,0.4,13,25.0
323,1,7,0.00018229166666666667,0.0,14.471046722894569,9.535670435799634,-9.659882583082739,-1.5776949571124192,9.787872746242833,-15.311246090504799,0.5478641533204895,19.451723740104082,1.9459101490483135,0,0,7.0,0.00018229166666666667,0.2,15.563661018954614,11.375329272507543,-11.16541576242796,-1.445364292966698,11.266679239703867,-11.718036945900257,0.4922685894006259,19.457122373970336,1.866693328413291,0.2,0.0,13,25.0
323,2,4,0.00010416666666666667,0.0,5.491684204262534,3.866418190911787,-3.071059932455288,-0.5546082824898025,3.120737005218249,-3.8023087587932727,0.518391710308683,35.12725898370872,1.3862943611158907,0,0,4.0,0.00010416666666666667,-0.2,5.791103656810053,4.000382105390079,-2.9399824744734593,-0.6920830992008129,3.025482014612868,-4.898393609173941,0.5056943132157095,35.31101317789184,1.3862943611158907,0.2,0.4,13,25.0
323,3,0,0.0,0.0,0.0,0.0,0.0,0.0,0.0,0.0,0.0,0.0,0.0,0,0,0.0,0.0,0.0,0.0,0.0,0.0,0.0,0.0,0.0,0.0,0.0,0.0,0.0,0.0,13,25.0
323,4,0,0.0,0.0,0.0,0.0,0.0,0.0,0.0,0.0,0.0,0.0,0.0,0,0,0.0,0.0,0.0,0.0,0.0,0.0,0.0,0.0,0.0,0.0,0.0,0.0,0.0,0.0,13,25.0
323,5,0,0.0,0.0,0.0,0.0,0.0,0.0,0.0,0.0,0.0,0.0,0.0,0,0,0.0,0.0,0.0,0.0,0.0,0.0,0.0,0.0,0.0,0.0,0.0,0.0,0.0,0.0,13,25.0
324,0,10,0.00026041666666666666,0.0,7.588038574559886,10.50809259923608,-1.6139008324903212,-2.549093708864633,3.0170440224972195,7.130668607177387,0.5252116140639279,26.61415644554637,1.7480673485400895,4,4,10.0,0.00026041666666666666,0.0,8.369611940463539,10.816238213604596,-2.827278270189087,-3.425367788790703,4.446983265834081,-1.1620298776128803,0.5235395100780388,22.550661860619222,1.7480673485400895,0.8,0.8,13,25.0
324,1,6,0.00015625,-1.0,17.41613495621812,13.356520838825666,-12.74698847136329,-1.995553528144576,12.90224588871096,55.140450857828164,0.5518990093347003,21.188272981937544,1.5607104090364068,0,1,6.8,0.00017708333333333335,-0.2,15.75379381238972,11.39349794200987,-11.110916860828983,-1.6776002971496378,11.237890090275739,1.055968840825456,0.522547661012307,19.816090818432475,1.868870201045932,0.0,0.2,13,25.0
324,2,4,0.00010416666666666667,0.0,6.030514928033062,4.724595483417005,-1.224804272167808,-1.1924933888048193,1.7094402555993924,9.93751903832039,0.5483686967690966,35.83969501463614,1.3862943611158907,1,1,4.0,0.00010416666666666667,0.0,5.782243943026409,4.1288010042766485,-2.6768164270196997,-0.7480646719204638,2.8274576264851694,-0.9281426557796493,0.5188269359216744,35.34365196379576,1.3862943611158907,0.2,0.2,13,25.0
324,3,0,0.0,0.0,0.0,0.0,0.0,0.0,0.0,0.0,0.0,0.0,0.0,0,0,0.0,0.0,0.0,0.0,0.0,0.0,0.0,0.0,0.0,0.0,0.0,0.0,0.0,0.0,13,25.0
324,4,0,0.0,0.0,0.0,0.0,0.0,0.0,0.0,0.0,0.0,0.0,0.0,0,0,0.0,0.0,0.0,0.0,0.0,0.0,0.0,0.0,0.0,0.0,0.0,0.0,0.0,0.0,13,25.0
324,5,0,0.0,0.0,0.0,0.0,0.0,0.0,0.0,0.0,0.0,0.0,0.0,0,0,0.0,0.0,0.0,0.0,0.0,0.0,0.0,0.0,0.0,0.0,0.0,0.0,0.0,0.0,13,25.0
325,0,10,0.00026041666666666666,0.0,7.5829413369990295,10.279809443418687,-1.48815562551132,-2.333574249123676,2.7677022856358877,-0.12743093902137942,0.5455377215131956,26.730801331792712,1.6957425341636347,0,0,10.0,0.00026041666666666666,0.0,8.123978781151989,10.600708218707798,-2.4762974217499174,-3.1337066188150047,4.002610059546603,-1.3165424676842263,0.5213310369959044,23.589102787072783,1.7376023856647982,0.8,0.8,13,25.0
325,1,6,0.00015625,0.0,18.09874275794931,14.320581523686899,-13.817236461714884,-2.051676962640252,13.968729426757896,17.065195043279704,0.5215231044960772,21.44452250347985,1.5607104090364066,0,0,6.6,0.000171875,-0.2,16.14635512464892,11.788432497654451,-11.498088316506843,-1.7898819400321098,11.63674080264035,6.116681811427869,0.5337795691471656,20.202728581640322,1.7918302530435508,0.0,0.2,13,25.0
325,2,4,0.00010416666666666667,0.0,6.127780627466557,5.010971333519553,-1.762245825391318,-1.367646268444855,2.2306874870093893,2.4316424858373775,0.5053684619424215,35.80545112765423,1.3862943611158907,0,0,4.0,0.00010416666666666667,0.0,5.818196349875594,4.317206782150931,-2.443957936863863,-0.8722569052613025,2.669536685553388,0.19216036004108616,0.5197722471898066,35.43159199601629,1.3862943611158907,0.2,0.2,13,25.0
325,3,0,0.0,0.0,0.0,0.0,0.0,0.0,0.0,0.0,0.0,0.0,0.0,0,0,0.0,0.0,0.0,0.0,0.0,0.0,0.0,0.0,0.0,0.0,0.0,0.0,0.0,0.0,13,25.0
325,4,0,0.0,0.0,0.0,0.0,0.0,0.0,0.0,0.0,0.0,0.0,0.0,0,0,0.0,0.0,0.0,0.0,0.0,0.0,0.0,0.0,0.0,0.0,0.0,0.0,0.0,0.0,13,25.0
325,5,0,0.0,0.0,0.0,0.0,0.0,0.0,0.0,0.0,0.0,0.0,0.0,0,0,0.0,0.0,0.0,0.0,0.0,0.0,0.0,0.0,0.0,0.0,0.0,0.0,0.0,0.0,13,25.0
326,0,10,0.00026041666666666666,0.0,7.469651425569519,10.035481507233184,-1.4147186644290608,-2.1788622703974703,2.597858674532848,-2.832247785737752,0.5526354899556494,26.638575971309848,1.6957425341636347,0,0,10.0,0.00026041666666666666,0.0,7.880279956116732,10.398869416906024,-2.12492009989598,-2.827037446158083,3.545666167544333,-1.2681841107768497,0.5272953032526861,24.609649136863815,1.7271374227895078,0.8,0.8,13,25.0
326,1,6,0.00015625,0.0,18.013254387476945,14.246447879927752,-13.951103484624232,-2.033603197749095,14.09854000968149,-2.1372092618091365,0.5077399316757492,21.62116530416174,1.5607104090364066,0,0,6.4,0.00016666666666666666,-0.2,16.616535078210738,12.368996099623349,-12.089246609163979,-1.863079881099506,12.232238192187008,8.057147843993269,0.5329961141512106,20.63128810422608,1.7147903050411695,0.0,0.2,13,25.0
326,2,4,0.00010416666666666667,0.0,6.1248381722344165,5.078597135379278,-1.9823244077583337,-1.430596267795264,2.4446299799814626,-0.07356138080351737,0.5041363325884753,35.751644241050826,1.3862943611158907,0,0,4.0,0.00010416666666666667,0.0,5.883718897322167,4.527312963553619,-2.2271463712503836,-1.0279038021031535,2.531461057536756,0.93141387497576,0.5184309578859692,35.53667238534241,1.3862943611158907,0.2,0.2,13,25.0
326,3,0,0.0,0.0,0.0,0.0,0.0,0.0,0.0,0.0,0.0,0.0,0.0,0,0,0.0,0.0,0.0,0.0,0.0,0.0,0.0,0.0,0.0,0.0,0.0,0.0,0.0,0.0,13,25.0
326,4,0,0.0,0.0,0.0,0.0,0.0,0.0,0.0,0.0,0.0,0.0,0.0,0,0,0.0,0.0,0.0,0.0,0.0,0.0,0.0,0.0,0.0,0.0,0.0,0.0,0.0,0.0,13,25.0
326,5,0,0.0,0.0,0.0,0.0,0.0,0.0,0.0,0.0,0.0,0.0,0.0,0,0,0.0,0.0,0.0,0.0,0.0,0.0,0.0,0.0,0.0,0.0,0.0,0.0,0.0,0.0,13,25.0
327,0,10,0.00026041666666666666,0.0,7.305156159947903,9.785688000084656,-1.3676133127232326,-2.0582970521228683,2.4712249852887744,-4.112381640540438,0.5556238552201436,26.587459398117108,1.6957425341636347,0,0,10.0,0.00026041666666666666,0.0,7.642691326074008,10.20886426544401,-1.779684383903876,-2.518893888627228,3.0907124268833353,-1.1154292359635003,0.5365337909450487,25.62048006231249,1.7166724599142165,0.8,0.8,13,25.0
327,1,6,0.00015625,0.0,17.585660866455225,13.752139874330338,-13.676582746266527,-1.9816364333480685,13.819399356319641,-10.689838025543056,0.5009960855705444,21.729665614088933,1.5607104090364066,0,0,6.2,0.00016145833333333333,-0.2,17.116967938198833,13.042272110514057,-12.770358749410335,-1.928033015798882,12.915357485542563,8.81347050465013,0.5260044568795121,21.087070028754432,1.637750357038788,0.0,0.2,13,25.0
327,2,4,0.00010416666666666667,0.0,6.04778585174104,5.041281726010905,-2.0563930847358636,-1.4391384926159265,2.509954605142954,-1.926308012334449,0.5050762518266582,35.72244591241403,1.3862943611158907,0,0,4.0,0.00010416666666666667,0.0,5.964520756747522,4.744372773847706,-2.0193655045017223,-1.1968965400301332,2.40308986659029,1.3133966744453116,0.5162682906870669,35.6492990558928,1.3862943611158907,0.2,0.2,13,25.0
327,3,0,0.0,0.0,0.0,0.0,0.0,0.0,0.0,0.0,0.0,0.0,0.0,0,0,0.0,0.0,0.0,0.0,0.0,0.0,0.0,0.0,0.0,0.0,0.0,0.0,0.0,0.0,13,25.0
327,4,0,0.0,0.0,0.0,0.0,0.0,0.0,0.0,0.0,0.0,0.0,0.0,0,0,0.0,0.0,0.0,0.0,0.0,0.0,0.0,0.0,0.0,0.0,0.0,0.0,0.0,0.0,13,25.0
327,5,0,0.0,0.0,0.0,0.0,0.0,0.0,0.0,0.0,0.0,0.0,0.0,0,0,0.0,0.0,0.0,0.0,0.0,0.0,0.0,0.0,0.0,0.0,0.0,0.0,0.0,0.0,13,25.0
328,0,10,0.00026041666666666666,0.0,7.119645229750074,9.537699453838345,-1.3335451301485128,-1.957932226150843,2.3689325056537194,-4.637773254945677,0.5570151660372518,26.565457956791796,1.6957425341636347,0,0,10.0,0.00026041666666666666,0.0,7.413086545365283,10.02935420076219,-1.4435867130604902,-2.215551901331898,2.6445524947216894,-0.9158330026135777,0.5472047693580337,26.62729022071157,1.7062074970389258,0.8,0.8,13,25.0
328,1,6,0.00015625,0.0,17.02382633239811,13.116221196826992,-13.237437438558095,-1.9161259570357771,13.375398634170338,-14.045863351427831,0.4976177840664986,21.79568407493133,1.5607104090364066,0,0,6.0,0.00015625,-0.2,17.62752386009954,13.75838226271953,-13.485869720505406,-1.9957192157835535,13.632862663128066,9.066547052465523,0.5159551830287139,21.55586209571988,1.5607104090364066,0.0,0.2,13,25.0
328,2,4,0.00010416666666666667,0.0,5.931816594338747,4.95483565583447,-2.0608699830454373,-1.4217963231022526,2.503735183961113,-2.899231435057305,0.5058333510676444,35.70971299700698,1.3862943611158907,0,0,4.0,0.00010416666666666667,0.0,6.0525472347627645,4.962056266832242,-1.8173275146197518,-1.3703341481526234,2.2796895023388624,1.4940121391925048,0.5137566188388591,35.765789858552445,1.3862943611158907,0.2,0.2,13,25.0
328,3,0,0.0,0.0,0.0,0.0,0.0,0.0,0.0,0.0,0.0,0.0,0.0,0,0,0.0,0.0,0.0,0.0,0.0,0.0,0.0,0.0,0.0,0.0,0.0,0.0,0.0,0.0,13,25.0
328,4,0,0.0,0.0,0.0,0.0,0.0,0.0,0.0,0.0,0.0,0.0,0.0,0,0,0.0,0.0,0.0,0.0,0.0,0.0,0.0,0.0,0.0,0.0,0.0,0.0,0.0,0.0,13,25.0
328,5,0,0.0,0.0,0.0,0.0,0.0,0.0,0.0,0.0,0.0,0.0,0.0,0,0,0.0,0.0,0.0,0.0,0.0,0.0,0.0,0.0,0.0,0.0,0.0,0.0,0.0,0.0,13,25.0
329,0,12,0.0003125,2.0,7.3663209467898545,9.367905193827777,0.31412555283292704,-0.08194434020127354,0.32463785643947024,37.525076548065364,0.6916735949110651,18.108115147704268,1.7481554572406761,3,1,10.4,0.0002708333333333333,0.4,7.368743019811276,9.801316719680532,-1.0579814359958406,-1.7221220275992262,2.1060712615101393,5.163048585564018,0.5804971655274611,24.926081961143147,1.706225118779043,0.6,0.2,13,25.0
329,1,5,0.00013020833333333333,-1.0,13.217504872358674,9.511559549124936,-10.271759249336444,-0.8605601833575305,10.30774475360683,26.19642569561512,0.47366833682180065,27.554763972140044,1.6094379124291003,0,1,5.8,0.00015104166666666667,-0.2,16.787797843327652,12.989390004779384,-12.990823876100038,-1.7687205468261447,13.11396243610724,3.277742020022914,0.5003090485261341,22.829160293760378,1.5704559097149453,0.0,0.2,13,25.0
329,2,6,0.00015625,2.0,7.4332772545877495,5.955730917790082,-7.083776298899256,-0.39632828618708316,7.0948546682281535,32.02708685201428,0.2082462517704401,18.479687333935704,1.5607104090364068,4,2,4.4,0.00011458333333333333,0.4,6.333099700073701,5.208283353706858,-2.9891219199660415,-1.211101127629076,3.356772384864614,5.911925701931283,0.4457321298391278,32.293788322412354,1.4211775706999938,0.8,0.4,13,25.0
329,3,0,0.0,0.0,0.0,0.0,0.0,0.0,0.0,0.0,0.0,0.0,0.0,0,0,0.0,0.0,0.0,0.0,0.0,0.0,0.0,0.0,0.0,0.0,0.0,0.0,0.0,0.0,13,25.0
329,4,0,0.0,0.0,0.0,0.0,0.0,0.0,0.0,0.0,0.0,0.0,0.0,0,0,0.0,0.0,0.0,0.0,0.0,0.0,0.0,0.0,0.0,0.0,0.0,0.0,0.0,0.0,13,25.0
329,5,0,0.0,0.0,0.0,0.0,0.0,0.0,0.0,0.0,0.0,0.0,0.0,0,0,0.0,0.0,0.0,0.0,0.0,0.0,0.0,0.0,0.0,0.0,0.0,0.0,0.0,0.0,13,25.0
330,0,12,0.0003125,0.0,7.331228224875541,9.590043593821333,0.6360964472552846,0.3355847429265368,0.7191910802393651,-0.8773180478578281,0.6760282865149255,18.09967847883046,1.8200759753536213,0,0,10.8,0.00028125,0.4,7.318400397386578,9.663363549761058,-0.6331310214425196,-1.188290229189184,1.696369020430835,5.013071163796728,0.6065952785278071,23.199857390550697,1.7310918070170402,0.6,0.2,13,25.0
330,1,5,0.00013020833333333333,0.0,13.662067041223409,10.120652317902266,-11.342174660613898,-0.8932884191944058,11.377297140873962,11.114054221618295,0.42431619394836984,27.57553676344437,1.6094379124291003,0,0,5.6,0.00014583333333333332,-0.2,15.900462699982473,12.149404163622458,-12.49581151587984,-1.5370428381369752,12.595675978930453,2.0875138556906316,0.4808676664165925,24.055363145753283,1.5802014103934838,0.0,0.2,13,25.0
330,2,6,0.00015625,0.0,7.6258720749009585,6.142134952317685,-7.25657940201047,-0.5024906416319328,7.27395638305663,4.814870507830229,0.20314594617354886,18.587114965491747,1.5607104090364068,0,0,4.8,0.000125,0.4,6.632717989560582,5.434516077466484,-4.087988635289872,-1.0380700022664917,4.365426164074063,6.388571306329853,0.3852876266853534,28.850121089979858,1.4560607802840972,0.8,0.4,13,25.0
330,3,0,0.0,0.0,0.0,0.0,0.0,0.0,0.0,0.0,0.0,0.0,0.0,0,0,0.0,0.0,0.0,0.0,0.0,0.0,0.0,0.0,0.0,0.0,0.0,0.0,0.0,0.0,13,25.0
330,4,0,0.0,0.0,0.0,0.0,0.0,0.0,0.0,0.0,0.0,0.0,0.0,0,0,0.0,0.0,0.0,0.0,0.0,0.0,0.0,0.0,0.0,0.0,0.0,0.0,0.0,0.0,13,25.0
330,5,0,0.0,0.0,0.0,0.0,0.0,0.0,0.0,0.0,0.0,0.0,0.0,0,0,0.0,0.0,0.0,0.0,0.0,0.0,0.0,0.0,0.0,0.0,0.0,0.0,0.0,0.0,13,25.0
331,0,12,0.0003125,0.0,7.028038745153897,9.252747841273628,0.5938178441984733,0.41521431886998145,0.7245844068727845,-7.579736993041057,0.643838242415451,18.060595377201114,1.8200759753536213,0,0,11.2,0.0002916666666666667,0.4,7.230077861303454,9.506816816569147,-0.23142371971701287,-0.6694749113356934,1.3217141668988224,4.063573322336066,0.6248358290197673,21.484261271728947,1.7559584952550373,0.6,0.2,13,25.0
331,1,5,0.00013020833333333333,0.0,13.722360442166217,10.293721273676008,-11.706752717486538,-0.9038121198010604,11.741589991831503,1.5073350235702552,0.3958698098794847,27.597197351397217,1.6094379124291003,0,0,5.4,0.00014062500000000002,-0.2,15.042283910920327,11.358858842372108,-12.0469413624523,-1.3110846225473682,12.124285975360454,2.81642271276651,0.45849364205733967,25.25056955520038,1.589946911072023,0.0,0.2,13,25.0
331,2,6,0.00015625,0.0,7.592448165836161,6.131272552606889,-7.214230221396825,-0.5295766953773343,7.2336414870798,-0.8355977266199318,0.20168357033526751,18.69209043935915,1.791759469222055,0,0,5.2,0.00013541666666666666,0.4,6.926239988280932,5.645051160912006,-5.134369798017571,-0.8578660877829056,5.323228465493729,6.23616403716657,0.3247970742347118,25.43821032964152,1.5371538019053301,0.8,0.4,13,25.0
331,3,0,0.0,0.0,0.0,0.0,0.0,0.0,0.0,0.0,0.0,0.0,0.0,0,0,0.0,0.0,0.0,0.0,0.0,0.0,0.0,0.0,0.0,0.0,0.0,0.0,0.0,0.0,13,25.0
331,4,0,0.0,0.0,0.0,0.0,0.0,0.0,0.0,0.0,0.0,0.0,0.0,0,0,0.0,0.0,0.0,0.0,0.0,0.0,0.0,0.0,0.0,0.0,0.0,0.0,0.0,0.0,13,25.0
331,5,0,0.0,0.0,0.0,0.0,0.0,0.0,0.0,0.0,0.0,0.0,0.0,0,0,0.0,0.0,0.0,0.0,0.0,0.0,0.0,0.0,0.0,0.0,0.0,0.0,0.0,0.0,13,25.0
332,0,12,0.0003125,0.0,6.683708708591179,8.825233388298955,0.46584920662875023,0.38883993017721014,0.6068047252756472,-8.608250914067996,0.6294895583363866,18.04850997161,1.8200759753536213,0,0,11.6,0.00030208333333333335,0.4,7.1057883710321095,9.314725894212007,0.13526878415338373,-0.18004751487567763,0.9488301148961968,3.164399467630555,0.639608969643016,19.776471386427527,1.7808251834930349,0.6,0.2,13,25.0
332,1,5,0.00013020833333333333,0.0,13.57815656002224,10.251911205586111,-11.726926838933569,-0.9028711910543159,11.761632092245375,-3.605097053599411,0.37975275094901606,27.60823744281808,1.6094379124291003,0,0,5.2,0.00013541666666666666,-0.2,14.240783049633729,10.658813108623264,-11.657010180985708,-1.0953315740886178,11.712732522545602,4.233370907155239,0.43424497513303395,26.426283920946208,1.5996924117505615,0.0,0.2,13,25.0
332,2,6,0.00015625,0.0,7.456615311763971,6.02346708616112,-7.0776368050215055,-0.5376530450472443,7.0980288489582515,-3.3958213518047553,0.20109641674460876,18.751010915293595,1.791759469222055,0,0,5.6,0.00014583333333333332,0.4,7.208005880285517,5.84148823294205,-6.138618542074698,-0.6775689982691693,6.24084331425679,5.94226136927251,0.2640011072183019,22.04392333021743,1.618246823526563,0.8,0.4,13,25.0
332,3,0,0.0,0.0,0.0,0.0,0.0,0.0,0.0,0.0,0.0,0.0,0.0,0,0,0.0,0.0,0.0,0.0,0.0,0.0,0.0,0.0,0.0,0.0,0.0,0.0,0.0,0.0,13,25.0
332,4,0,0.0,0.0,0.0,0.0,0.0,0.0,0.0,0.0,0.0,0.0,0.0,0,0,0.0,0.0,0.0,0.0,0.0,0.0,0.0,0.0,0.0,0.0,0.0,0.0,0.0,0.0,13,25.0
332,5,0,0.0,0.0,0.0,0.0,0.0,0.0,0.0,0.0,0.0,0.0,0.0,0,0,0.0,0.0,0.0,0.0,0.0,0.0,0.0,0.0,0.0,0.0,0.0,0.0,0.0,0.0,13,25.0
333,0,12,0.0003125,0.0,6.361168612099708,8.436528338047978,0.3331042520812981,0.3338948372734043,0.47163991043217934,-8.063502412286738,0.6231760879630339,18.04851094277026,1.9792045174263242,0,0,12.0,0.0003125,0.4,6.954093047502036,9.094491671053934,0.46859866059934585,0.2783178978091718,0.5693715958518889,2.4792536361623427,0.6528411540281723,18.073081983623222,1.837517580145573,0.6,0.2,13,25.0
333,1,5,0.00013020833333333333,0.0,13.33297489538628,10.107789276095435,-11.581719773921872,-0.8959504202144011,11.616323001584247,-6.129541615899048,0.37104582620890947,27.611161927967846,1.6094379124291003,0,0,5.0,0.00013020833333333333,-0.2,13.502612762231365,10.05712672447695,-11.325866648058463,-0.8912964667243426,11.360917396028384,5.816635254260996,0.4089305835615161,27.58937949155351,1.6094379124291003,0.0,0.2,13,25.0
333,2,6,0.00015625,0.0,7.27487626147317,5.872365193530837,-6.89968496267106,-0.5379929474966967,6.920627789129056,-4.5434762572700516,0.2008294546838898,18.781989121501308,1.791759469222055,0,0,6.0,0.00015625,0.4,7.4766178137124015,6.024994140481323,-7.106381537999823,-0.5008083231480581,7.124221835290378,5.61341240482996,0.203000327941551,18.6583785551163,1.699339845147796,0.8,0.4,13,25.0
333,3,0,0.0,0.0,0.0,0.0,0.0,0.0,0.0,0.0,0.0,0.0,0.0,0,0,0.0,0.0,0.0,0.0,0.0,0.0,0.0,0.0,0.0,0.0,0.0,0.0,0.0,0.0,13,25.0
333,4,0,0.0,0.0,0.0,0.0,0.0,0.0,0.0,0.0,0.0,0.0,0.0,0,0,0.0,0.0,0.0,0.0,0.0,0.0,0.0,0.0,0.0,0.0,0.0,0.0,0.0,0.0,13,25.0
333,5,0,0.0,0.0,0.0,0.0,0.0,0.0,0.0,0.0,0.0,0.0,0.0,0,0,0.0,0.0,0.0,0.0,0.0,0.0,0.0,0.0,0.0,0.0,0.0,0.0,0.0,0.0,13,25.0
334,0,8,0.00020833333333333335,-4.0,7.925552471284227,9.02825461457935,-1.4485190884053922,-0.7079975204380727,1.6122865869383296,17.75087630766075,0.7881347884582393,29.388690804890715,2.079441541671836,0,4,11.2,0.0002916666666666667,-0.8,7.06593935240091,9.02656155520425,0.11606973235168208,0.153107261761812,0.8269013419516608,-1.4755864119185802,0.6721333927376072,20.32919711506051,1.9037747970318049,0.0,0.8,13,25.0
334,1,4,0.00010416666666666667,-1.0,15.515348975732744,10.790966572094169,-15.214074696569732,-0.7854475851288,15.234336112275717,23.193144257270816,0.031811685162907444,33.419018580728526,1.039720770836918,1,2,4.8,0.000125,-0.2,13.96218158290618,10.313008129070798,-12.314329737505123,-0.8762739470785965,12.346235667762162,5.215978966592135,0.32055925322973755,28.762230413271208,1.4954944841106639,0.2,0.4,13,25.0
334,2,7,0.00018229166666666667,1.0,8.58899653711394,7.295259832648355,-4.657685589908065,-1.152906214345512,4.798252577086136,19.431573242434087,0.5194635181139371,19.97061401673057,1.9459101490483135,1,0,6.2,0.00016145833333333333,0.2,7.70776167021764,6.2928999234529766,-6.6211633962015854,-0.6521239087797438,6.664901417061975,3.0943096829139214,0.26524378121025044,18.956563891675273,1.776379793150177,0.2,0.0,13,25.0
334,3,0,0.0,0.0,0.0,0.0,0.0,0.0,0.0,0.0,0.0,0.0,0.0,0,0,0.0,0.0,0.0,0.0,0.0,0.0,0.0,0.0,0.0,0.0,0.0,0.0,0.0,0.0,13,25.0
334,4,0,0.0,0.0,0.0,0.0,0.0,0.0,0.0,0.0,0.0,0.0,0.0,0,0,0.0,0.0,0.0,0.0,0.0,0.0,0.0,0.0,0.0,0.0,0.0,0.0,0.0,0.0,13,25.0
334,5,0,0.0,0.0,0.0,0.0,0.0,0.0,0.0,0.0,0.0,0.0,0.0,0,0,0.0,0.0,0.0,0.0,0.0,0.0,0.0,0.0,0.0,0.0,0.0,0.0,0.0,0.0,13,25.0
335,0,8,0.00020833333333333335,0.0,8.221595494720058,8.978391515512412,-1.426127036455177,-0.666176501033972,1.5740487459536605,7.401075585895779,0.7561932777729804,28.953639637809083,2.079441541671836,0,0,10.4,0.0002708333333333333,-0.8,7.244012806369814,8.904231139542464,-0.2963749643904102,-0.047244987030289766,0.9978728750945198,0.1800923148321411,0.6881663909892183,22.499989346856232,1.9556479102954476,0.0,0.8,13,25.0
335,1,4,0.00010416666666666667,0.0,15.732513749899812,10.888121808091466,-15.460679181460932,-1.1534917408480638,15.503649375171776,5.42911935417672,0.023367321960985787,33.893017676085385,1.039720770836918,0,0,4.6,0.00011979166666666666,-0.2,14.37627092464146,10.466502027108637,-13.138030641674527,-0.9283146114093281,13.171506114621724,4.07899199310382,0.2403694788322607,30.02572659579941,1.3815510557922273,0.2,0.4,13,25.0
335,2,7,0.00018229166666666667,0.0,8.952285140551933,7.926671480852806,-4.741493761712685,-1.4690059117988894,4.963843416271347,9.082215085949754,0.6695947774788746,19.085189347995428,1.7478680974607577,0,0,6.4,0.0001666666666666667,0.2,7.973044283347835,6.649807229160001,-6.118146268142028,-0.8454269628131353,6.202878823704919,3.947778598537826,0.35853354747131555,19.05617876817601,1.8138113308350472,0.2,0.0,13,25.0
335,3,0,0.0,0.0,0.0,0.0,0.0,0.0,0.0,0.0,0.0,0.0,0.0,0,0,0.0,0.0,0.0,0.0,0.0,0.0,0.0,0.0,0.0,0.0,0.0,0.0,0.0,0.0,13,25.0
335,4,0,0.0,0.0,0.0,0.0,0.0,0.0,0.0,0.0,0.0,0.0,0.0,0,0,0.0,0.0,0.0,0.0,0.0,0.0,0.0,0.0,0.0,0.0,0.0,0.0,0.0,0.0,13,25.0
335,5,0,0.0,0.0,0.0,0.0,0.0,0.0,0.0,0.0,0.0,0.0,0.0,0,0,0.0,0.0,0.0,0.0,0.0,0.0,0.0,0.0,0.0,0.0,0.0,0.0,0.0,0.0,13,25.0
336,0,8,0.00020833333333333335,0.0,8.274478185738143,8.851074799455874,-1.4000068636845233,-0.6270374508911045,1.5340127715191259,1.3220672754521243,0.7464961319784083,28.444954070849057,2.079441541671836,0,0,9.6,0.00025,-0.8,7.493300694486663,8.823896531178914,-0.6951399059670096,-0.25569534098250696,1.1597585480237882,1.9604531685307773,0.7086979689018097,24.576861085585826,2.007521023559091,0.0,0.8,13,25.0
336,1,4,0.00010416666666666667,0.0,15.643214148560943,10.800161756021739,-15.379243794201086,-1.3114276343073925,15.435056919930606,-2.2324900334717346,0.02033556063570352,34.12785290933479,1.039720770836918,0,0,4.4,0.00011458333333333333,-0.2,14.760441665920405,10.567790123577783,-13.872528857017437,-1.0098377143105945,13.910199500241543,3.331026981695422,0.16526262898350447,31.331857707386927,1.2676076274737909,0.2,0.4,13,25.0
336,2,7,0.00018229166666666667,0.0,9.069254334541878,8.014111531964655,-4.681677473461693,-1.6018089193949778,4.948120428988361,2.924229849748649,0.6527808315148149,18.662182905453506,1.7478680974607577,0,0,6.6,0.000171875,0.2,8.26840551708898,7.026375025031555,-5.611635718555002,-1.059873407616664,5.74577461208663,4.699744113811542,0.448752999707225,19.050197261394878,1.8050330564827877,0.2,0.0,13,25.0
336,3,0,0.0,0.0,0.0,0.0,0.0,0.0,0.0,0.0,0.0,0.0,0.0,0,0,0.0,0.0,0.0,0.0,0.0,0.0,0.0,0.0,0.0,0.0,0.0,0.0,0.0,0.0,13,25.0
336,4,0,0.0,0.0,0.0,0.0,0.0,0.0,0.0,0.0,0.0,0.0,0.0,0,0,0.0,0.0,0.0,0.0,0.0,0.0,0.0,0.0,0.0,0.0,0.0,0.0,0.0,0.0,13,25.0
336,5,0,0.0,0.0,0.0,0.0,0.0,0.0,0.0,0.0,0.0,0.0,0.0,0,0,0.0,0.0,0.0,0.0,0.0,0.0,0.0,0.0,0.0,0.0,0.0,0.0,0.0,0.0,13,25.0
337,0,8,0.00020833333333333335,0.0,8.199632408087565,8.684225677023788,-1.3722915219281127,-0.5917045490686045,1.4944223949554076,-1.8711444412644251,0.7430773000342215,28.19954529354649,2.079441541671836,0,0,8.8,0.00022916666666666666,-0.8,7.79648543438594,8.79569498892388,-1.0627680516783822,-0.4518042368316698,1.3372820819597402,3.307874463091492,0.7314155172413767,26.607068149973124,2.0593941368227338,0.0,0.8,13,25.0
337,1,4,0.00010416666666666667,0.0,15.400487966966075,10.629074522590772,-15.140700361802327,-1.3726587459347908,15.202795778364992,-6.068154539871706,0.019106640254211937,34.242385346335105,1.3862943611158907,0,0,4.2,0.00010937500000000002,-0.2,15.124907947309172,10.643222786978715,-14.55528356159119,-1.1037952252866894,14.598432237465468,2.8384154844409633,0.09313340684454363,32.658687288090334,1.222978917211149,0.2,0.4,13,25.0
337,2,7,0.00018229166666666667,0.0,8.99696400833469,7.9037654708116625,-4.561601278301979,-1.643390332455311,4.848601654808717,-1.8072581551797016,0.6405875598742637,18.45833278655059,1.7478680974607577,0,0,6.8,0.00017708333333333332,0.2,8.576475256403123,7.4024347019616625,-5.108428613211096,-1.281020865098277,5.2958891732567235,5.017456753136553,0.536651228333156,18.99166163564628,1.7962547821305281,0.2,0.0,13,25.0
337,3,0,0.0,0.0,0.0,0.0,0.0,0.0,0.0,0.0,0.0,0.0,0.0,0,0,0.0,0.0,0.0,0.0,0.0,0.0,0.0,0.0,0.0,0.0,0.0,0.0,0.0,0.0,13,25.0
337,4,0,0.0,0.0,0.0,0.0,0.0,0.0,0.0,0.0,0.0,0.0,0.0,0,0,0.0,0.0,0.0,0.0,0.0,0.0,0.0,0.0,0.0,0.0,0.0,0.0,0.0,0.0,13,25.0
337,5,0,0.0,0.0,0.0,0.0,0.0,0.0,0.0,0.0,0.0,0.0,0.0,0,0,0.0,0.0,0.0,0.0,0.0,0.0,0.0,0.0,0.0,0.0,0.0,0.0,0.0,0.0,13,25.0
338,0,8,0.00020833333333333335,0.0,8.062520033797894,8.49986491366597,-1.3440686117043954,-0.5599081643123307,1.4560280167059234,-3.427809357241786,0.7416485519477982,28.082753666794417,2.079441541671836,0,0,8.0,0.00020833333333333335,-0.8,8.136755718725578,8.808362304047478,-1.398202624435521,-0.6305648371488168,1.534159703214489,4.235013074100482,0.7551100100383294,28.613916694777952,2.079441541671836,0.0,0.8,13,25.0
338,1,4,0.00010416666666666667,0.0,15.085679906268012,10.421240441995161,-14.830173029048229,-1.3866963329844237,14.894863503618353,-7.870201517451575,0.018558557653081564,34.29629074953549,1.3862943611158907,0,0,4.0,0.00010416666666666667,-0.2,15.475448949485516,10.705913020158661,-15.20497421261646,-1.2019444078406942,15.25414033787229,2.490283504130458,0.022635953133378052,33.99571305240386,1.178350206948507,0.2,0.4,13,25.0
338,2,7,0.00018229166666666667,0.0,8.829787511668025,7.7106140079136845,-4.41952244131755,-1.6409888268140633,4.7143422594289905,-4.179412416666579,0.6350245323676094,18.360856384844002,1.7478680974607577,0,0,7.0,0.00018229166666666667,0.2,8.887457506442093,7.770084464838233,-4.612396108940394,-1.5016200409617506,4.85463206731671,5.090269521257247,0.6234902438698999,18.90743508831482,1.7874765077782686,0.2,0.0,13,25.0
338,3,0,0.0,0.0,0.0,0.0,0.0,0.0,0.0,0.0,0.0,0.0,0.0,0,0,0.0,0.0,0.0,0.0,0.0,0.0,0.0,0.0,0.0,0.0,0.0,0.0,0.0,0.0,13,25.0
338,4,0,0.0,0.0,0.0,0.0,0.0,0.0,0.0,0.0,0.0,0.0,0.0,0,0,0.0,0.0,0.0,0.0,0.0,0.0,0.0,0.0,0.0,0.0,0.0,0.0,0.0,0.0,13,25.0
338,5,0,0.0,0.0,0.0,0.0,0.0,0.0,0.0,0.0,0.0,0.0,0.0,0,0,0.0,0.0,0.0,0.0,0.0,0.0,0.0,0.0,0.0,0.0,0.0,0.0,0.0,0.0,13,25.0
339,0,10,0.00026041666666666666,2.0,9.618764745740863,9.501907662632611,-0.8335160886199041,1.5522258904356068,1.7618610288348047,-8.989236897936776,0.7576518327409333,21.65283769637316,1.8866967846510785,3,1,8.4,0.00021875000000000003,0.4,8.475398173616904,8.903092913658131,-1.2752020244784232,-0.178520154974081,1.564074591593784,-1.113009567019023,0.7490134188948684,27.066746073074444,2.0408925902676844,0.6,0.2,13,25.0
339,1,6,0.00015625,2.0,14.758265141109618,12.711993716033254,-12.448835219724453,1.4859306711256213,12.537204165492552,-32.4586150892554,0.5995860432535716,26.110686356330678,1.791759469222055,3,1,4.4,0.00011458333333333333,0.4,15.324032182560893,11.090118448946479,-14.651926317247405,-0.7476687565898098,14.714713948515657,-8.640068365174786,0.13619082475151087,32.534046607524296,1.3287579466255344,0.6,0.2,13,25.0
339,2,5,0.00013020833333333333,-2.0,11.798536980770654,8.648874655794007,-5.406665517419259,-1.0104419352445553,5.500274986012174,16.509372086616587,0.5508749967363118,38.81145989072509,1.6094379124291003,1,3,6.6,0.000171875,-0.4,9.529365595173434,8.040807429467364,-4.762192094442633,-1.4731271851415593,4.9950365491019175,4.5058292900937476,0.6297725395943748,22.675604263113723,1.7201820604544262,0.2,0.6,13,25.0
339,3,0,0.0,0.0,0.0,0.0,0.0,0.0,0.0,0.0,0.0,0.0,0.0,0,0,0.0,0.0,0.0,0.0,0.0,0.0,0.0,0.0,0.0,0.0,0.0,0.0,0.0,0.0,13,25.0
339,4,0,0.0,0.0,0.0,0.0,0.0,0.0,0.0,0.0,0.0,0.0,0.0,0,0,0.0,0.0,0.0,0.0,0.0,0.0,0.0,0.0,0.0,0.0,0.0,0.0,0.0,0.0,13,25.0
339,5,0,0.0,0.0,0.0,0.0,0.0,0.0,0.0,0.0,0.0,0.0,0.0,0,0,0.0,0.0,0.0,0.0,0.0,0.0,0.0,0.0,0.0,0.0,0.0,0.0,0.0,0.0,13,25.0
340,0,10,0.00026041666666666666,0.0,9.386151283648443,9.51940616380919,-0.7818515165003791,1.3550182747066186,1.5644060593857478,-5.815336552310494,0.7877462297786715,21.402090153086537,1.8866967846510785,0,0,8.8,0.00022916666666666666,0.4,8.708309331402582,9.011295843317487,-1.146346920487464,0.22571880017403717,1.5621460542802015,-3.7562919946602777,0.7553240092960065,25.55643617612993,2.0023436388635334,0.6,0.2,13,25.0
340,1,6,0.00015625,0.0,14.291149457361712,12.041469627539788,-11.819281509094807,1.6540296774171577,11.934455562153103,-11.677892093697656,0.6022850723413422,25.8074758565908,1.791759469222055,0,0,4.8,0.000125,0.4,15.035759324053274,11.320788012836143,-13.923646782774181,-0.18616447293676544,14.000875185911923,-12.06147065474966,0.25197437482758217,30.916938243625374,1.479165686302562,0.6,0.2,13,25.0
340,2,5,0.00013020833333333333,0.0,11.948572488758115,8.645395253984486,-5.444828771578038,-0.6420889788994193,5.482557670342201,3.7508876996865395,0.6098681142331215,38.73541550176594,1.6094379124291003,0,0,6.2,0.00016145833333333333,-0.4,10.128623064814672,8.1845521840937,-4.902859096415704,-1.3077437985616651,5.098779399916088,3.4395638128411044,0.6178272069452243,26.605649493867826,1.6924960234480946,0.2,0.6,13,25.0
340,3,0,0.0,0.0,0.0,0.0,0.0,0.0,0.0,0.0,0.0,0.0,0.0,0,0,0.0,0.0,0.0,0.0,0.0,0.0,0.0,0.0,0.0,0.0,0.0,0.0,0.0,0.0,13,25.0
340,4,0,0.0,0.0,0.0,0.0,0.0,0.0,0.0,0.0,0.0,0.0,0.0,0,0,0.0,0.0,0.0,0.0,0.0,0.0,0.0,0.0,0.0,0.0,0.0,0.0,0.0,0.0,13,25.0
340,5,0,0.0,0.0,0.0,0.0,0.0,0.0,0.0,0.0,0.0,0.0,0.0,0,0,0.0,0.0,0.0,0.0,0.0,0.0,0.0,0.0,0.0,0.0,0.0,0.0,0.0,0.0,13,25.0
341,0,10,0.00026041666666666666,0.0,9.047628214536203,9.255975571550923,-0.7959749553373185,1.1358202102970514,1.3869620325169265,-8.463076727805989,0.8103776193475083,21.27535331411258,1.8866967846510785,0,0,9.2,0.00023958333333333332,0.4,8.862939337162194,9.092275997736497,-1.0255405388180225,0.5782903324116683,1.5327359064797617,-5.713320795311899,0.7681003067698265,24.122516024782634,1.9637946874593815,0.6,0.2,13,25.0
341,1,6,0.00015625,0.0,13.852284044856631,11.551597971780126,-11.350228363232391,1.678860413925898,11.473720241794833,-10.971635312627008,0.603391650402294,25.587275727173434,1.791759469222055,0,0,5.2,0.00013541666666666666,0.4,14.67757330331241,11.47107525598782,-13.117843696580442,0.4118931367098927,13.208607850284768,-13.809299710580714,0.3685855927809003,29.208822807193098,1.6295734259795893,0.6,0.2,13,25.0
341,2,5,0.00013020833333333333,0.0,11.864918323212937,8.49293890333354,-5.356066815648797,-0.466988123131704,5.376386299443179,-2.0913541386295136,0.6408336293018557,38.709504213687744,1.6094379124291003,0,0,5.8,0.00015104166666666667,-0.4,10.687755862548883,8.280317658367476,-5.037736964853124,-1.0807796393090103,5.184432574007053,2.4364470151654722,0.6154377665026324,30.615113755514678,1.6648099864417631,0.2,0.6,13,25.0
341,3,0,0.0,0.0,0.0,0.0,0.0,0.0,0.0,0.0,0.0,0.0,0.0,0,0,0.0,0.0,0.0,0.0,0.0,0.0,0.0,0.0,0.0,0.0,0.0,0.0,0.0,0.0,13,25.0
341,4,0,0.0,0.0,0.0,0.0,0.0,0.0,0.0,0.0,0.0,0.0,0.0,0,0,0.0,0.0,0.0,0.0,0.0,0.0,0.0,0.0,0.0,0.0,0.0,0.0,0.0,0.0,13,25.0
341,5,0,0.0,0.0,0.0,0.0,0.0,0.0,0.0,0.0,0.0,0.0,0.0,0,0,0.0,0.0,0.0,0.0,0.0,0.0,0.0,0.0,0.0,0.0,0.0,0.0,0.0,0.0,13,25.0
342,0,10,0.00026041666666666666,0.0,8.685052215184161,8.903333647946656,-0.8354923228752019,0.9385425003857035,1.2565466352721053,-9.064399983801007,0.8227265712607013,21.214246503869134,1.8866967846510785,0,0,9.6,0.00025,0.4,8.960023298581513,9.13609759192107,-0.9181806990074406,0.88433974230253,1.4851607545431011,-7.151971903819216,0.7840301610151226,22.725456266847168,1.92524573605523,0.6,0.2,13,25.0
342,1,6,0.00015625,0.0,13.435025054750469,11.126564298812838,-10.951717651714793,1.651428280709655,11.075528650552489,-10.431474752654102,0.6039228141321562,25.474796751586354,1.791759469222055,0,0,5.6,0.00014583333333333335,0.4,14.284480720869288,11.570573211232233,-12.280047154562935,1.0167105420387819,12.383154424722267,-14.681963753137193,0.4855488275564891,27.455305088243353,1.7106664476008224,0.6,0.2,13,25.0
342,2,5,0.00013020833333333333,0.0,11.658563066200971,8.278815544724106,-5.21451796191317,-0.3813562849948514,5.228444337584571,-5.158881425299115,0.654852326244477,38.70207206965431,1.6094379124291003,0,0,5.4,0.000140625,-0.4,11.220075674122139,8.355327673149963,-5.1683203015753625,-0.8283728298169185,5.260401110562222,1.7661223611415893,0.618290719776675,34.66386161213542,1.6371239494354317,0.2,0.6,13,25.0
342,3,0,0.0,0.0,0.0,0.0,0.0,0.0,0.0,0.0,0.0,0.0,0.0,0,0,0.0,0.0,0.0,0.0,0.0,0.0,0.0,0.0,0.0,0.0,0.0,0.0,0.0,0.0,13,25.0
342,4,0,0.0,0.0,0.0,0.0,0.0,0.0,0.0,0.0,0.0,0.0,0.0,0,0,0.0,0.0,0.0,0.0,0.0,0.0,0.0,0.0,0.0,0.0,0.0,0.0,0.0,0.0,13,25.0
342,5,0,0.0,0.0,0.0,0.0,0.0,0.0,0.0,0.0,0.0,0.0,0.0,0,0,0.0,0.0,0.0,0.0,0.0,0.0,0.0,0.0,0.0,0.0,0.0,0.0,0.0,0.0,13,25.0
343,0,10,0.00026041666666666666,0.0,8.32731489478541,8.533896047331684,-0.8810350402558484,0.7673241610324293,1.1683360433808185,-8.943433009968826,0.8294056940032956,21.184382913160018,1.8866967846510785,0,0,10.0,0.00026041666666666666,0.4,9.012982270779016,9.142903818654213,-0.8255739847177311,1.149786207371482,1.4276223598780802,-8.255096634364625,0.8015815894262219,21.345782116120287,1.8866967846510785,0.6,0.2,13,25.0
343,1,6,0.00015625,0.0,13.03498970826081,10.734309676585596,-10.59286914116966,1.601559929807803,10.713256780769814,-10.000883662241373,0.6041873777753547,25.418968633858807,1.791759469222055,0,0,6.0,0.00015625,0.4,13.874342681267848,11.633187058150321,-11.43258637698722,1.614361794597227,11.546833080152558,-15.108100182095153,0.6026745915809437,25.679840665108014,1.791759469222055,0.6,0.2,13,25.0
343,2,5,0.00013020833333333333,0.0,11.39537999847058,8.042349991184507,-5.053917981514647,-0.3389242875017603,5.065269650920437,-6.579576693259798,0.6614882514379798,38.702596879246116,1.6094379124291003,0,0,5.0,0.00013020833333333333,-0.4,11.733194171482651,8.421674869804129,-5.295199409614782,-0.5679599219544579,5.330586588860513,1.2860895058229453,0.6235834635907492,38.73220971101584,1.6094379124291003,0.2,0.6,13,25.0
343,3,0,0.0,0.0,0.0,0.0,0.0,0.0,0.0,0.0,0.0,0.0,0.0,0,0,0.0,0.0,0.0,0.0,0.0,0.0,0.0,0.0,0.0,0.0,0.0,0.0,0.0,0.0,13,25.0
343,4,0,0.0,0.0,0.0,0.0,0.0,0.0,0.0,0.0,0.0,0.0,0.0,0,0,0.0,0.0,0.0,0.0,0.0,0.0,0.0,0.0,0.0,0.0,0.0,0.0,0.0,0.0,13,25.0
343,5,0,0.0,0.0,0.0,0.0,0.0,0.0,0.0,0.0,0.0,0.0,0.0,0,0,0.0,0.0,0.0,0.0,0.0,0.0,0.0,0.0,0.0,0.0,0.0,0.0,0.0,0.0,13,25.0
344,0,9,0.000234375,-1.0,7.019822190192446,7.773302829926073,-4.6192422658932255,-3.525053421729495,5.810628256657037,-13.423150269811707,0.4005553108417004,21.652242115282657,2.0431918705371204,1,2,9.8,0.0002552083333333333,-0.2,8.493193759669333,8.797182852112904,-1.5827192201723954,0.13433034493846155,2.2373758054425266,-9.141879308739611,0.7301622850463755,21.345662999902185,1.9179958018282868,0.2,0.4,13,25.0
344,1,4,0.00010416666666666667,-2.0,15.590501901698254,8.643537383047557,-13.936299598319017,3.4394204891042715,14.354443904065983,-54.67325899017021,0.10853054059461731,40.3580838019378,1.3862943611158907,0,2,5.6,0.00014583333333333335,-0.4,14.040790033385573,10.81949579155318,-11.730079252706133,2.0050597581929575,11.910281027867246,-19.551028962278117,0.504463491049153,28.529320154229442,1.710666447600822,0.0,0.4,13,25.0
344,2,4,0.00010416666666666667,-1.0,7.474389962280751,6.844789926052055,-2.125491166179887,-0.24160011924192978,2.1391781868573854,-35.85799814847682,0.8229001498746189,46.685860988161,1.3862943611158907,0,1,4.8,0.000125,-0.2,10.868364767784671,8.060857923855739,-4.638964539366908,-0.41419155875393276,4.658367229029555,-9.187384541195735,0.6779884942184106,40.30708993050302,1.5648092021664584,0.0,0.2,13,25.0
344,3,0,0.0,0.0,0.0,0.0,0.0,0.0,0.0,0.0,0.0,0.0,0.0,0,0,0.0,0.0,0.0,0.0,0.0,0.0,0.0,0.0,0.0,0.0,0.0,0.0,0.0,0.0,13,25.0
344,4,0,0.0,0.0,0.0,0.0,0.0,0.0,0.0,0.0,0.0,0.0,0.0,0,0,0.0,0.0,0.0,0.0,0.0,0.0,0.0,0.0,0.0,0.0,0.0,0.0,0.0,0.0,13,25.0
344,5,0,0.0,0.0,0.0,0.0,0.0,0.0,0.0,0.0,0.0,0.0,0.0,0,0,0.0,0.0,0.0,0.0,0.0,0.0,0.0,0.0,0.0,0.0,0.0,0.0,0.0,0.0,13,25.0
345,0,9,0.000234375,0.0,6.611694138983583,7.322798506044175,-4.65335272087134,-2.9955117898805343,5.5341469467438245,-10.203201280221597,0.3980122489786474,21.776323013855848,2.0431918705371204,0,0,9.6,0.00025,-0.2,7.93830233073636,8.357861320559902,-2.3570194610465878,-0.7357756679789691,3.0313239829141425,-10.01945225432183,0.6522154888863705,21.420509572056048,1.9492948190054953,0.2,0.4,13,25.0
345,1,4,0.00010416666666666667,0.0,14.692244666710895,7.694816737889628,-12.357401479776772,3.1405781977583023,12.750239321229385,-22.45643087468393,0.18244105467244298,40.68506361878006,1.039720770836918,0,0,5.2,0.00013541666666666666,-0.4,14.12100907525541,9.950165213623148,-11.837703246842526,2.3023694622611863,12.073437779682502,-21.706736718475373,0.42049468751537306,31.504837706667292,1.5602587079237948,0.0,0.4,13,25.0
345,2,4,0.00010416666666666667,0.0,6.704863763406754,6.837589903061119,-2.645635064960238,0.11122702270477342,2.647972119854537,-19.2381549718499,0.8760535661153251,47.568465537773044,1.3862943611158907,0,0,4.6,0.00011979166666666666,-0.2,9.8196230227144,7.699296853671065,-4.079125798043348,-0.26352835843309425,4.091450118932022,-13.785193075503026,0.7312255845948513,42.07369993770444,1.5201804919038164,0.0,0.2,13,25.0
345,3,0,0.0,0.0,0.0,0.0,0.0,0.0,0.0,0.0,0.0,0.0,0.0,0,0,0.0,0.0,0.0,0.0,0.0,0.0,0.0,0.0,0.0,0.0,0.0,0.0,0.0,0.0,13,25.0
345,4,0,0.0,0.0,0.0,0.0,0.0,0.0,0.0,0.0,0.0,0.0,0.0,0,0,0.0,0.0,0.0,0.0,0.0,0.0,0.0,0.0,0.0,0.0,0.0,0.0,0.0,0.0,13,25.0
345,5,0,0.0,0.0,0.0,0.0,0.0,0.0,0.0,0.0,0.0,0.0,0.0,0,0,0.0,0.0,0.0,0.0,0.0,0.0,0.0,0.0,0.0,0.0,0.0,0.0,0.0,0.0,13,25.0
346,0,9,0.000234375,0.0,6.305290623429226,7.070182064566749,-4.587601877000593,-2.674859921428307,5.310458227038682,-7.660087888858898,0.3993551117980606,22.051605333707204,2.197224577327219,0,0,9.4,0.00024479166666666665,-0.2,7.389834812514965,7.920702619163069,-3.115344845379243,-1.4979116943240407,3.816023221818493,-9.858854486532413,0.570010987376481,21.57575997597497,2.011400377540723,0.2,0.4,13,25.0
346,1,5,0.00013020833333333333,1.0,12.258794016612898,7.371201678345683,-8.183553597268684,2.558928528636121,8.57430257770491,-17.51469136754867,0.568831917675383,38.56969859172458,1.3321790402061222,1,0,5.0,0.00013020833333333336,-0.2,13.802311069606665,9.114085954936261,-11.204368293649786,2.478383085203231,11.493554246864516,-23.015347929459704,0.41358274096999087,34.101322279577516,1.4683426221206082,0.2,0.4,13,25.0
346,2,3,7.8125e-05,-1.0,6.724827696372361,7.789391218167209,-5.405853497467696,0.03155599186792801,5.405945598755734,-5.142018956494149,0.5492475573139004,37.57228482488312,1.0986122886651097,0,1,4.2,0.00010937500000000002,-0.4,8.791604897346284,7.5585873166378,-4.089083134407128,-0.16381953543316782,4.097361978794533,-14.39532603907595,0.7129083701972603,41.846256059943514,1.4180153671510183,0.0,0.4,13,25.0
346,3,0,0.0,0.0,0.0,0.0,0.0,0.0,0.0,0.0,0.0,0.0,0.0,0,0,0.0,0.0,0.0,0.0,0.0,0.0,0.0,0.0,0.0,0.0,0.0,0.0,0.0,0.0,13,25.0
346,4,0,0.0,0.0,0.0,0.0,0.0,0.0,0.0,0.0,0.0,0.0,0.0,0,0,0.0,0.0,0.0,0.0,0.0,0.0,0.0,0.0,0.0,0.0,0.0,0.0,0.0,0.0,13,25.0
346,5,0,0.0,0.0,0.0,0.0,0.0,0.0,0.0,0.0,0.0,0.0,0.0,0,0,0.0,0.0,0.0,0.0,0.0,0.0,0.0,0.0,0.0,0.0,0.0,0.0,0.0,0.0,13,25.0
347,0,9,0.000234375,0.0,6.050389958564496,6.834955058099252,-4.477336067938605,-2.4619060228519447,5.109551793515612,-6.37251662161825,0.40039158255080354,22.198251302120873,2.197224577327219,0,0,9.2,0.00023958333333333332,-0.2,6.862902361191033,7.507026901193586,-3.843713594391923,-2.1780013989715705,4.586624253467194,-9.320477814095861,0.48554398963450157,21.772560935625318,2.0735059360759514,0.2,0.4,13,25.0
347,1,5,0.00013020833333333333,0.0,11.755907226250997,7.104466489692158,-7.8179260075478165,2.4501632974013505,8.192879057048579,-12.572169759047478,0.5789642567195611,37.68342754556433,1.3321790402061222,0,0,4.8,0.000125,-0.2,13.466487503906771,8.309666393112124,-10.57760996481639,2.63813008854157,10.917024328163736,-23.44348693073838,0.4085910294874718,36.54304843837311,1.3764265363174217,0.2,0.4,13,25.0
347,2,3,7.8125e-05,0.0,6.5460029562020035,7.6505592682162025,-5.287887025627863,0.12176198917963162,5.289288721351149,-4.470618504258941,0.5651012792173329,37.534336157172554,1.0986122886651097,0,0,3.8,9.895833333333334e-05,-0.4,7.76909287534649,7.4329360613362185,-4.103756947150066,-0.06319588059827122,4.109530855547848,-14.257673454867916,0.6949581607918314,41.61270887744716,1.3158502423982203,0.0,0.4,13,25.0
347,3,0,0.0,0.0,0.0,0.0,0.0,0.0,0.0,0.0,0.0,0.0,0.0,0,0,0.0,0.0,0.0,0.0,0.0,0.0,0.0,0.0,0.0,0.0,0.0,0.0,0.0,0.0,13,25.0
347,4,0,0.0,0.0,0.0,0.0,0.0,0.0,0.0,0.0,0.0,0.0,0.0,0,0,0.0,0.0,0.0,0.0,0.0,0.0,0.0,0.0,0.0,0.0,0.0,0.0,0.0,0.0,13,25.0
347,5,0,0.0,0.0,0.0,0.0,0.0,0.0,0.0,0.0,0.0,0.0,0.0,0,0,0.0,0.0,0.0,0.0,0.0,0.0,0.0,0.0,0.0,0.0,0.0,0.0,0.0,0.0,13,25.0
348,0,9,0.000234375,0.0,5.82537894369305,6.5969323256033245,-4.349546593025822,-2.306280611894748,4.923158115042026,-5.625275371786141,0.40092945818556736,22.273534513655573,2.197224577327219,0,0,9.0,0.000234375,-0.2,6.36251517097256,7.119634156847914,-4.537415904945918,-2.792722353557006,5.3375886677994355,-8.656846286459325,0.3998487424709559,21.99039125572443,2.13561149461118,0.2,0.4,13,25.0
348,1,5,0.00013020833333333333,0.0,11.348620963711838,6.859522665372565,-7.528180620236126,2.3569053186300186,7.888504682884156,-10.182156563479015,0.5832792999041927,37.23557599412564,1.3321790402061222,0,0,4.6,0.00011979166666666666,-0.2,13.129213754996977,7.534708990869518,-9.964672260629683,2.7891991663060134,10.352073908586602,-23.479741510985907,0.40440941391323937,38.90636991042648,1.284510450514235,0.2,0.4,13,25.0
348,2,3,7.8125e-05,0.0,6.381443512378216,7.4910009424814845,-5.166703594025331,0.1638871751496136,5.1693021806325845,-4.113986095594661,0.5737055906598438,37.51990968854636,1.0986122886651097,0,0,3.4,8.854166666666667e-05,-0.4,6.7663055781280175,7.322666251595614,-4.126314069652203,0.03736641193200355,4.1303373614902785,-13.76455533533489,0.6774016286362043,41.376171439307214,1.213685117645422,0.0,0.4,13,25.0
348,3,0,0.0,0.0,0.0,0.0,0.0,0.0,0.0,0.0,0.0,0.0,0.0,0,0,0.0,0.0,0.0,0.0,0.0,0.0,0.0,0.0,0.0,0.0,0.0,0.0,0.0,0.0,13,25.0
348,4,0,0.0,0.0,0.0,0.0,0.0,0.0,0.0,0.0,0.0,0.0,0.0,0,0,0.0,0.0,0.0,0.0,0.0,0.0,0.0,0.0,0.0,0.0,0.0,0.0,0.0,0.0,13,25.0
348,5,0,0.0,0.0,0.0,0.0,0.0,0.0,0.0,0.0,0.0,0.0,0.0,0,0,0.0,0.0,0.0,0.0,0.0,0.0,0.0,0.0,0.0,0.0,0.0,0.0,0.0,0.0,13,25.0
349,0,12,0.0003125,3.0,10.563242061143155,10.966867547546434,-0.39583399169123573,2.8823475127429528,2.9094005797060163,1.2016799426538773,0.7954296080182324,17.982866290200764,2.094729047518648,5,2,9.6,0.00025,0.6,7.071199145162703,7.758347100371987,-3.69273425010552,-1.5112421666625162,4.757343132409232,-5.731880243966208,0.4788236019062622,21.256516090708054,2.1459189300074852,1.0,0.4,13,25.0
349,1,4,0.00010416666666666667,-1.0,17.542411154012964,12.541895135207218,-4.776891992428679,-5.55048170647803,7.3230146989663005,-39.85396592160234,0.5827662959806587,30.975191926408115,1.3862943611158907,1,2,4.6,0.00011979166666666666,0.0,13.519595605459921,8.31438054130145,-8.132790739451616,0.9912187271895526,8.945788067566667,-20.51588289727233,0.4992565649904477,37.02979153532054,1.284510450514235,0.4,0.4,13,25.0
349,2,3,7.8125e-05,0.0,6.356808276468061,7.452621863154127,-5.139474641297401,0.6452511993091434,5.179821299885638,-0.6158808977539106,0.44363006739255595,38.76553180696586,1.0986122886651097,0,0,3.2,8.333333333333334e-05,-0.2,6.542789240965479,7.444232639016029,-4.729110764675705,0.21473667564221816,4.738465984095928,-6.716131885190309,0.6015476121397916,39.79210560306819,1.156148703155266,0.0,0.2,13,25.0
349,3,0,0.0,0.0,0.0,0.0,0.0,0.0,0.0,0.0,0.0,0.0,0.0,0,0,0.0,0.0,0.0,0.0,0.0,0.0,0.0,0.0,0.0,0.0,0.0,0.0,0.0,0.0,13,25.0
349,4,0,0.0,0.0,0.0,0.0,0.0,0.0,0.0,0.0,0.0,0.0,0.0,0,0,0.0,0.0,0.0,0.0,0.0,0.0,0.0,0.0,0.0,0.0,0.0,0.0,0.0,0.0,13,25.0
349,5,0,0.0,0.0,0.0,0.0,0.0,0.0,0.0,0.0,0.0,0.0,0.0,0,0,0.0,0.0,0.0,0.0,0.0,0.0,0.0,0.0,0.0,0.0,0.0,0.0,0.0,0.0,13,25.0
350,0,12,0.0003125,0.0,10.643621317161406,11.164243155492162,-0.45564182289873695,3.0376232146265565,3.0716061376440598,2.009481400456244,0.8034801482373543,17.805273085015077,2.0228085294067033,0,0,10.2,0.00026562499999999996,0.6,7.877584580798266,8.526636030261585,-2.853192070510999,-0.3046151657610981,4.264834970589279,-3.28934370783064,0.5599171817580035,20.4623061049399,2.1418422617814015,1.0,0.4,13,25.0
350,1,4,0.00010416666666666667,0.0,17.224322512985452,11.646532696093525,-4.998901420895211,-5.785592715991675,7.646051169797655,-7.952216025687745,0.424614379502142,29.066976425940027,1.3862943611158907,0,0,4.6,0.00011979166666666666,0.0,14.02601117471483,9.10472373294223,-6.661090727675303,-0.7940154555604428,7.92495043728032,-17.615039927473095,0.5476912299563874,34.70617409675254,1.3538251685700295,0.4,0.4,13,25.0
350,2,3,7.8125e-05,0.0,6.34353878762673,7.3513484897477674,-5.064918469173009,0.8708531610028244,5.13923966432764,-0.33173722103328657,0.4480910596754685,39.45306728486308,1.0986122886651097,0,0,3.0,7.8125e-05,-0.2,6.470524245809474,7.546984356353358,-5.21296744551826,0.3666619033018284,5.236719492990549,-2.9348483350269854,0.5159551108518203,38.169025952486194,1.0986122886651097,0.0,0.2,13,25.0
350,3,0,0.0,0.0,0.0,0.0,0.0,0.0,0.0,0.0,0.0,0.0,0.0,0,0,0.0,0.0,0.0,0.0,0.0,0.0,0.0,0.0,0.0,0.0,0.0,0.0,0.0,0.0,13,25.0
350,4,0,0.0,0.0,0.0,0.0,0.0,0.0,0.0,0.0,0.0,0.0,0.0,0,0,0.0,0.0,0.0,0.0,0.0,0.0,0.0,0.0,0.0,0.0,0.0,0.0,0.0,0.0,13,25.0
350,5,0,0.0,0.0,0.0,0.0,0.0,0.0,0.0,0.0,0.0,0.0,0.0,0,0,0.0,0.0,0.0,0.0,0.0,0.0,0.0,0.0,0.0,0.0,0.0,0.0,0.0,0.0,13,25.0
351,0,12,0.0003125,0.0,10.491875851830338,10.985243077841119,-0.4829825697527467,3.0222271381077745,3.06057658571062,-3.793636633276659,0.787063113320154,17.75814651725072,2.0228085294067033,0,0,10.8,0.00028125,0.6,8.71490162647849,9.309648232916459,-2.0322682090614306,0.8348022461461182,3.8148586423236663,-2.516053456714192,0.6374587820624222,19.6036143416486,2.1069590521972983,1.0,0.4,13,25.0
351,1,4,0.00010416666666666667,0.0,16.607404482958692,10.562427963546922,-5.110216826933725,-5.528913380096137,7.528824555193373,-15.422950750669028,0.41662462278954326,28.119058697781334,1.3862943611158907,0,0,4.4,0.00011458333333333333,-0.2,14.89573326798399,9.742968989982478,-6.046423373608311,-2.4115838373068947,7.715854832778014,-17.196691804097167,0.5172497709792195,32.61604611796389,1.3646482327519833,0.2,0.4,13,25.0
351,2,3,7.8125e-05,0.0,6.273054970307548,7.221896855119635,-4.968359106985959,0.969591228635437,5.062084488293049,-1.7620954329795315,0.44873039352412225,39.812763018123455,1.0986122886651097,0,0,3.0,7.8125e-05,0.0,6.380169700596512,7.433485483743842,-5.125468567421912,0.5542689506553302,5.167947270898012,-2.258863630324062,0.49585167809386466,38.617121591134264,1.0986122886651097,0.0,0.0,13,25.0
351,3,0,0.0,0.0,0.0,0.0,0.0,0.0,0.0,0.0,0.0,0.0,0.0,0,0,0.0,0.0,0.0,0.0,0.0,0.0,0.0,0.0,0.0,0.0,0.0,0.0,0.0,0.0,13,25.0
351,4,0,0.0,0.0,0.0,0.0,0.0,0.0,0.0,0.0,0.0,0.0,0.0,0,0,0.0,0.0,0.0,0.0,0.0,0.0,0.0,0.0,0.0,0.0,0.0,0.0,0.0,0.0,13,25.0
351,5,0,0.0,0.0,0.0,0.0,0.0,0.0,0.0,0.0,0.0,0.0,0.0,0,0,0.0,0.0,0.0,0.0,0.0,0.0,0.0,0.0,0.0,0.0,0.0,0.0,0.0,0.0,13,25.0
352,0,12,0.0003125,0.0,10.244451054315684,10.674412048258372,-0.4988265063339979,2.940456391878728,2.9824673805360975,-6.1856199378664085,0.7740955256822313,17.740193805797002,2.0228085294067033,0,0,11.4,0.000296875,0.6,9.553713845628726,10.077539630948282,-1.2365662967405087,1.9152747290922527,3.389441759727764,-2.4786741199638236,0.7121995706887079,18.71200284238383,2.0720758426131956,1.0,0.4,13,25.0
352,1,4,0.00010416666666666667,0.0,15.862285331458146,9.558177029089629,-5.148336931443691,-5.111971240781934,7.255179055423004,-18.62797878751366,0.4163710476367193,27.63621916175662,1.3862943611158907,0,0,4.2,0.00010937500000000002,-0.2,15.717008889025418,10.233711097861972,-5.5125055583874865,-3.9240107449435513,7.528314832452898,-18.4078536097904,0.48473112916265115,30.606604441202347,1.3754712969339369,0.2,0.4,13,25.0
352,2,3,7.8125e-05,0.0,6.167653028794276,7.0748266710330885,-4.862392784210724,1.0055799133329975,4.965284941475495,-2.6350485378317985,0.44886141637455346,39.998259511775196,1.0986122886651097,0,0,3.0,7.8125e-05,0.0,6.304499715114966,7.3183389643072205,-5.040369719138485,0.7310325354860033,5.103146514922881,-1.891749637038633,0.47260370552530884,39.10990626205479,1.0986122886651097,0.0,0.0,13,25.0
352,3,0,0.0,0.0,0.0,0.0,0.0,0.0,0.0,0.0,0.0,0.0,0.0,0,0,0.0,0.0,0.0,0.0,0.0,0.0,0.0,0.0,0.0,0.0,0.0,0.0,0.0,0.0,13,25.0
352,4,0,0.0,0.0,0.0,0.0,0.0,0.0,0.0,0.0,0.0,0.0,0.0,0,0,0.0,0.0,0.0,0.0,0.0,0.0,0.0,0.0,0.0,0.0,0.0,0.0,0.0,0.0,13,25.0
352,5,0,0.0,0.0,0.0,0.0,0.0,0.0,0.0,0.0,0.0,0.0,0.0,0,0,0.0,0.0,0.0,0.0,0.0,0.0,0.0,0.0,0.0,0.0,0.0,0.0,0.0,0.0,13,25.0
353,0,12,0.0003125,0.0,9.956873889127607,10.315817202988226,-0.5087334326511056,2.8319929343094956,2.877324049438277,-7.189429129701892,0.7672253777544508,17.721735823131155,2.0228085294067033,0,0,12.0,0.0003125,0.6,10.38001283471564,10.821316606425261,-0.46840366466556527,2.9429294383331017,2.9802749466070138,-2.791504871546974,0.7854587546024845,17.801643104278945,2.0371926330290924,1.0,0.4,13,25.0
353,1,4,0.00010416666666666667,0.0,15.102781329816922,8.66970038249554,-5.140995294849226,-4.66364649176993,6.94114048423311,-18.98760004103063,0.41681928506592536,27.379077701477726,1.3862943611158907,0,0,4.0,0.00010416666666666667,-0.2,16.467840962246434,10.595746641286567,-5.035068493310106,-5.3281211070235415,7.338841992722689,-20.168942305300725,0.4514391261949977,28.63530478267277,1.3862943611158907,0.2,0.4,13,25.0
353,2,3,7.8125e-05,0.0,6.044688587247955,6.919779981419381,-4.753259232466582,1.0107099154138124,4.8595275350742275,-3.0741110386580144,0.44889799019934806,40.094260628568215,1.0986122886651097,0,0,3.0,7.8125e-05,0.0,6.237148730088914,7.2040947720948,-4.957680846826735,0.9003970835388431,5.04119158581121,-1.683774625651304,0.4476421854332096,39.62477645005916,1.0986122886651097,0.0,0.0,13,25.0
353,3,0,0.0,0.0,0.0,0.0,0.0,0.0,0.0,0.0,0.0,0.0,0.0,0,0,0.0,0.0,0.0,0.0,0.0,0.0,0.0,0.0,0.0,0.0,0.0,0.0,0.0,0.0,13,25.0
353,4,0,0.0,0.0,0.0,0.0,0.0,0.0,0.0,0.0,0.0,0.0,0.0,0,0,0.0,0.0,0.0,0.0,0.0,0.0,0.0,0.0,0.0,0.0,0.0,0.0,0.0,0.0,13,25.0
353,5,0,0.0,0.0,0.0,0.0,0.0,0.0,0.0,0.0,0.0,0.0,0.0,0,0,0.0,0.0,0.0,0.0,0.0,0.0,0.0,0.0,0.0,0.0,0.0,0.0,0.0,0.0,13,25.0
354,0,7,0.00018229166666666667,-5.0,10.383210954334832,11.893780022351978,-0.15426679980786215,4.18577164747031,4.188613437677112,-1.8932352460771134,0.807430761669491,30.994029283818236,1.7478680974607577,0,5,11.0,0.00028645833333333333,-1.0,10.344006613353972,11.00669910138637,-0.42009022628889053,3.203614265278573,3.236117518201233,-3.4104879092931726,0.7878589853327362,20.403875703002438,1.9678204430175144,0.0,1.0,13,25.0
354,1,5,0.00013020833333333333,1.0,14.338295334182737,8.148019181357535,-10.3130606263719,-4.5591312710155405,11.275854620806982,39.99820090336309,0.15684279992643002,33.66469143994809,1.6094379124291003,2,1,4.2,0.00010937500000000002,0.2,15.827017798280389,9.71697145051663,-6.142302220098751,-5.129851019931043,8.129409977090825,-4.19850894030764,0.366254426984152,29.17320468538076,1.4309230713785326,0.4,0.2,13,25.0
354,2,2,5.208333333333334e-05,-1.0,1.540052504282504,0.825114823033083,0.529178111999205,-1.43833078974939,1.5325876597963808,9.543935541751326,0.006805385072636172,57.05302474849354,0.6931471805579453,0,1,2.8,7.291666666666667e-05,-0.2,5.273797575651803,5.878593364070591,-3.823950296167413,0.4836806857271364,4.311744857793359,0.34818866224974343,0.36027724896922575,43.282275038364695,1.0175192670436768,0.0,0.2,13,25.0
354,3,0,0.0,0.0,0.0,0.0,0.0,0.0,0.0,0.0,0.0,0.0,0.0,0,0,0.0,0.0,0.0,0.0,0.0,0.0,0.0,0.0,0.0,0.0,0.0,0.0,0.0,0.0,13,25.0
354,4,0,0.0,0.0,0.0,0.0,0.0,0.0,0.0,0.0,0.0,0.0,0.0,0,0,0.0,0.0,0.0,0.0,0.0,0.0,0.0,0.0,0.0,0.0,0.0,0.0,0.0,0.0,13,25.0
354,5,0,0.0,0.0,0.0,0.0,0.0,0.0,0.0,0.0,0.0,0.0,0.0,0,0,0.0,0.0,0.0,0.0,0.0,0.0,0.0,0.0,0.0,0.0,0.0,0.0,0.0,0.0,13,25.0
355,0,7,0.00018229166666666667,0.0,10.251720975048249,11.301228566237286,0.12466917117025529,3.8287484139030328,3.8307775737055354,-3.2872494821646154,0.7690101481914919,30.571955981488465,1.7478680974607577,0,0,10.0,0.00026041666666666666,-1.0,10.265626544931342,11.034096183535397,-0.3040280274750921,3.3618393051338686,3.3879518054135276,-4.469834085817345,0.7809649853235637,22.957212282297114,1.912832356628325,0.0,1.0,13,25.0
355,1,5,0.00013020833333333333,0.0,15.101947842115209,8.044442670489456,-11.984516017033489,-3.913594125737455,12.607332911585184,19.09131269831177,0.1373022823470692,34.51644909735147,1.6094379124291003,0,0,4.4,0.00011458333333333333,0.2,15.40254286410634,8.996553445395817,-7.539425139326406,-4.755451301880198,9.12166632544833,1.2101968044922633,0.30879200755313746,30.263099219663047,1.4755517816411747,0.4,0.2,13,25.0
355,2,2,5.208333333333334e-05,0.0,1.710432435565505,1.0045362161567206,0.6198530870419936,-1.584834376035602,1.701739653701366,4.259498282075019,0.007768626778798415,57.54436536561528,0.6931471805579453,0,0,2.6,6.770833333333333e-05,-0.2,4.347176305239557,4.609230909352382,-2.686995984924413,-0.007456821680548842,3.624244855668104,1.2664357628714045,0.27221276238989167,46.90053465451514,0.936426245422244,0.0,0.2,13,25.0
355,3,0,0.0,0.0,0.0,0.0,0.0,0.0,0.0,0.0,0.0,0.0,0.0,0,0,0.0,0.0,0.0,0.0,0.0,0.0,0.0,0.0,0.0,0.0,0.0,0.0,0.0,0.0,13,25.0
355,4,0,0.0,0.0,0.0,0.0,0.0,0.0,0.0,0.0,0.0,0.0,0.0,0,0,0.0,0.0,0.0,0.0,0.0,0.0,0.0,0.0,0.0,0.0,0.0,0.0,0.0,0.0,13,25.0
355,5,0,0.0,0.0,0.0,0.0,0.0,0.0,0.0,0.0,0.0,0.0,0.0,0,0,0.0,0.0,0.0,0.0,0.0,0.0,0.0,0.0,0.0,0.0,0.0,0.0,0.0,0.0,13,25.0
356,0,7,0.00018229166666666667,0.0,10.046179871959755,10.837360868825689,0.2640217752691653,3.581381674141568,3.5911004154288615,-5.138527577212371,0.745234472495742,30.38682380333416,1.7478680974607577,0,0,9.0,0.00023437500000000005,-1.0,10.176487348957224,11.00451974173231,-0.15462715847070974,3.4736702123406267,3.4940565713571763,-4.738812274604487,0.7725992571586813,25.482947739513804,1.857844270239136,0.0,1.0,13,25.0
356,1,5,0.00013020833333333333,0.0,15.234807291823495,7.8199506535055265,-12.533138257907071,-3.484521982867915,13.008514444044087,3.321486242707126,0.12914851743255584,34.88974833177974,1.6094379124291003,0,0,4.6,0.00011979166666666666,0.2,15.128023425879302,8.448057983387537,-9.024009425521076,-4.346573022434555,10.217604303218474,4.959084203167494,0.25129678648174,31.61723714646273,1.5201804919038167,0.4,0.2,13,25.0
356,2,2,5.208333333333334e-05,0.0,1.7747903942879704,1.0811216779785793,0.6572657467512854,-1.638797286293624,1.7656881965443023,1.6089489680616382,0.008166921049825526,57.79126705721235,0.6931471805579453,0,0,2.4,6.250000000000001e-05,-0.2,3.4475233900356423,3.3810758739241704,-1.5618710141769638,-0.529134524666361,2.9649655973183546,1.9406446430796382,0.18410006789503233,50.49623546233291,0.855333223800811,0.0,0.2,13,25.0
356,3,0,0.0,0.0,0.0,0.0,0.0,0.0,0.0,0.0,0.0,0.0,0.0,0,0,0.0,0.0,0.0,0.0,0.0,0.0,0.0,0.0,0.0,0.0,0.0,0.0,0.0,0.0,13,25.0
356,4,0,0.0,0.0,0.0,0.0,0.0,0.0,0.0,0.0,0.0,0.0,0.0,0,0,0.0,0.0,0.0,0.0,0.0,0.0,0.0,0.0,0.0,0.0,0.0,0.0,0.0,0.0,13,25.0
356,5,0,0.0,0.0,0.0,0.0,0.0,0.0,0.0,0.0,0.0,0.0,0.0,0,0,0.0,0.0,0.0,0.0,0.0,0.0,0.0,0.0,0.0,0.0,0.0,0.0,0.0,0.0,13,25.0
357,0,7,0.00018229166666666667,0.0,9.806149892447236,10.441011282745057,0.3332232379504814,3.3926797441579533,3.409004777457767,-6.000749487812979,0.7320199584473992,30.3033605817832,1.7478680974607577,0,0,8.0,0.00020833333333333332,-1.0,10.088827116583534,10.957839588629648,0.011782790386186149,3.564114882796472,3.5793640507415097,-4.701838184593801,0.764184143711715,27.995581094711042,1.802856183849947,0.0,1.0,13,25.0
357,1,5,0.00013020833333333333,0.0,15.022655535890053,7.473160948233323,-12.569237222856552,-3.1550061985104243,12.959158478739347,-5.30379389833604,0.12565309692984727,35.06032734651402,1.6094379124291003,0,0,4.8,0.000125,0.2,14.960097466765683,8.031054767216277,-10.508189483803648,-3.955180013980253,11.358400187881742,7.623921181003018,0.19315319634036554,33.102058783414215,1.5648092021664584,0.4,0.2,13,25.0
357,2,2,5.208333333333334e-05,0.0,1.7865122810700602,1.1064945963483863,0.6682292226750417,-1.6469296099736517,1.7773315487676618,0.2930471695522449,0.008350517832898086,57.914511489800624,0.6931471805579453,0,0,2.2,5.7291666666666666e-05,-0.2,2.571295240490799,2.18740945898723,-0.4557466127998109,-1.0596364293276908,2.327374918776788,2.526263784556447,0.09599788818670126,54.079485857938,0.7742402021793782,0.0,0.2,13,25.0
357,3,0,0.0,0.0,0.0,0.0,0.0,0.0,0.0,0.0,0.0,0.0,0.0,0,0,0.0,0.0,0.0,0.0,0.0,0.0,0.0,0.0,0.0,0.0,0.0,0.0,0.0,0.0,13,25.0
357,4,0,0.0,0.0,0.0,0.0,0.0,0.0,0.0,0.0,0.0,0.0,0.0,0,0,0.0,0.0,0.0,0.0,0.0,0.0,0.0,0.0,0.0,0.0,0.0,0.0,0.0,0.0,13,25.0
357,5,0,0.0,0.0,0.0,0.0,0.0,0.0,0.0,0.0,0.0,0.0,0.0,0,0,0.0,0.0,0.0,0.0,0.0,0.0,0.0,0.0,0.0,0.0,0.0,0.0,0.0,0.0,13,25.0
358,0,7,0.00018229166666666667,0.0,9.553539125705608,10.085194537636845,0.36701194717875857,3.2370809180870546,3.2578199212994066,-6.315269168540668,0.7250564301874057,30.266145779475092,1.7478680974607577,0,0,7.0,0.00018229166666666667,-1.0,10.008160163899136,10.911715055559371,0.186931866352159,3.6451324795519837,3.6554632251137362,-4.527006192361556,0.7557503541983059,30.50446308597983,1.7478680974607577,0.0,1.0,13,25.0
358,1,5,0.00013020833333333333,0.0,14.652143667176901,7.086033321721337,-12.375204415438589,-2.8874793957494402,12.707604872074372,-9.262796717828788,0.12406336135615958,35.075657626612525,1.6094379124291003,0,0,5.0,0.00013020833333333333,0.2,14.869969934237679,7.7143213550614345,-11.95503130792152,-3.599946594776155,12.511693065449995,9.568881845643386,0.1346020115984124,34.64137476844117,1.6094379124291003,0.4,0.2,13,25.0
358,2,2,5.208333333333334e-05,0.0,1.7723606763099147,1.1065394216773674,0.6661442093198515,-1.6325734197102921,1.7632481613076838,-0.35379011900363716,0.008439656052193878,57.97557653582846,0.6931471805579453,0,0,2.0,5.208333333333334e-05,-0.2,1.7168296583031908,1.0247613470388273,0.6281340755574758,-1.5882930963525117,1.7081190440234788,3.0703279684873226,0.007906221357270416,57.655749039390045,0.6931471805579453,0.0,0.2,13,25.0
358,3,0,0.0,0.0,0.0,0.0,0.0,0.0,0.0,0.0,0.0,0.0,0.0,0,0,0.0,0.0,0.0,0.0,0.0,0.0,0.0,0.0,0.0,0.0,0.0,0.0,0.0,0.0,13,25.0
358,4,0,0.0,0.0,0.0,0.0,0.0,0.0,0.0,0.0,0.0,0.0,0.0,0,0,0.0,0.0,0.0,0.0,0.0,0.0,0.0,0.0,0.0,0.0,0.0,0.0,0.0,0.0,13,25.0
358,5,0,0.0,0.0,0.0,0.0,0.0,0.0,0.0,0.0,0.0,0.0,0.0,0,0,0.0,0.0,0.0,0.0,0.0,0.0,0.0,0.0,0.0,0.0,0.0,0.0,0.0,0.0,13,25.0
359,0,8,0.00020833333333333335,1.0,8.789059358282076,10.104161741983843,0.014608320850659384,3.730032960601678,3.730061566544579,8.972755874928202,0.8768138263966991,27.205679807655514,2.079441541671836,2,1,7.2,0.0001875,0.2,9.689329844688585,10.553791399485744,0.2207068904838633,3.5539847421782573,3.563752850887229,-2.353807968160493,0.7696269671437477,29.746793190747287,1.8141827863029731,0.4,0.2,13,25.0
359,1,4,0.00010416666666666667,-1.0,14.051477569352377,9.140509093219368,-12.513750222948412,-3.5046224887788977,12.995242338301976,55.928311758639204,0.06534153242330998,45.98660120631842,1.3862943611158907,1,2,4.8,0.000125,-0.2,14.812606381271607,7.9128193374338025,-12.395169227236822,-3.389044838328826,12.855570608948995,12.754904016698607,0.11630175809778838,37.10575672171523,1.5648092021664586,0.2,0.4,13,25.0
359,2,2,5.208333333333334e-05,0.0,4.36430664216045,3.8605112560044703,-2.7296597756071503,-3.338120422952979,4.312086553943862,-4.050646711914182,0.05625445722483591,63.251973717116705,0.6931471805579453,1,1,2.0,5.208333333333334e-05,0.0,2.28168048587878,1.6318406336331048,-0.0236335019637953,-1.9682510229932297,2.264018822852975,0.3514115177542211,0.017796035787710364,58.89553883311468,0.6931471805579453,0.2,0.2,13,25.0
359,3,0,0.0,0.0,0.0,0.0,0.0,0.0,0.0,0.0,0.0,0.0,0.0,0,0,0.0,0.0,0.0,0.0,0.0,0.0,0.0,0.0,0.0,0.0,0.0,0.0,0.0,0.0,13,25.0
359,4,0,0.0,0.0,0.0,0.0,0.0,0.0,0.0,0.0,0.0,0.0,0.0,0,0,0.0,0.0,0.0,0.0,0.0,0.0,0.0,0.0,0.0,0.0,0.0,0.0,0.0,0.0,13,25.0
359,5,0,0.0,0.0,0.0,0.0,0.0,0.0,0.0,0.0,0.0,0.0,0.0,0,0,0.0,0.0,0.0,0.0,0.0,0.0,0.0,0.0,0.0,0.0,0.0,0.0,0.0,0.0,13,25.0
360,0,8,0.00020833333333333335,0.0,8.697442257029119,10.226231834985217,0.31737792221223315,3.8750624707500605,3.8880377953054053,-2.2904275313239193,0.7395062803034589,26.770149711324827,2.079441541671836,0,0,7.4,0.00019270833333333333,0.2,9.378474101084759,10.338792053235329,0.25924864069225884,3.563247553547663,3.575204895207203,-2.1544435779923536,0.7637261935661409,28.98643193671456,1.880497475145189,0.4,0.2,13,25.0
360,1,4,0.00010416666666666667,0.0,14.727366853217347,9.824153057916432,-13.581468878625675,-3.3157560681776963,13.980362484740334,16.897232096624275,0.04225269034685997,44.97603654763078,1.3862943611158907,0,0,4.6,0.00011979166666666667,-0.2,14.737690183492035,8.268761414919197,-12.71455979955526,-3.269477226816875,13.130176523580024,12.316087896361108,0.09729183969774653,39.197674211771094,1.5201804919038164,0.2,0.4,13,25.0
360,2,2,5.208333333333334e-05,0.0,4.315761944211726,3.8825859916733205,-2.7531331888531523,-3.2899551236101816,4.289935555568826,-1.2136174487181135,0.031797226013378865,63.27945461665899,0.6931471805579453,0,0,2.0,5.208333333333334e-05,0.0,2.8027463876080243,2.2074505887364246,-0.6982307571428245,-2.3092751725081455,2.7816580032264673,-0.7432116284044055,0.022601755634626453,60.042556683323426,0.6931471805579453,0.2,0.2,13,25.0
360,3,0,0.0,0.0,0.0,0.0,0.0,0.0,0.0,0.0,0.0,0.0,0.0,0,0,0.0,0.0,0.0,0.0,0.0,0.0,0.0,0.0,0.0,0.0,0.0,0.0,0.0,0.0,13,25.0
360,4,0,0.0,0.0,0.0,0.0,0.0,0.0,0.0,0.0,0.0,0.0,0.0,0,0,0.0,0.0,0.0,0.0,0.0,0.0,0.0,0.0,0.0,0.0,0.0,0.0,0.0,0.0,13,25.0
360,5,0,0.0,0.0,0.0,0.0,0.0,0.0,0.0,0.0,0.0,0.0,0.0,0,0,0.0,0.0,0.0,0.0,0.0,0.0,0.0,0.0,0.0,0.0,0.0,0.0,0.0,0.0,13,25.0
361,0,8,0.00020833333333333335,0.0,8.560660824143877,10.143275433313718,0.45633562075000417,3.8826053615144858,3.9093307089611034,-3.419535822131026,0.6981474885388794,26.6298162533037,2.079441541671836,0,0,7.6,0.0001979166666666667,0.2,9.081370291521583,10.199974966132936,0.29771140978842664,3.6234922910222465,3.6388509539136513,-1.8106452269760847,0.7543087967747686,28.235030426708466,1.9468121639874045,0.4,0.2,13,25.0
361,1,4,0.00010416666666666667,0.0,14.781945616161666,9.847352313993463,-13.813712458546163,-3.134564778499807,14.164891395206848,1.3644690736079546,0.03382854120990775,44.32041703705957,1.3862943611158907,0,0,4.4,0.00011458333333333333,-0.2,14.64711784835967,8.674241747016785,-12.970674639683079,-3.199485785943253,13.361451913812576,11.924684462541274,0.07822784445321691,41.083807952827065,1.4755517816411745,0.2,0.4,13,25.0
361,2,2,5.208333333333334e-05,0.0,4.249499099732409,3.8500758204488985,-2.73598966937281,-3.231632551952898,4.23427543054964,-1.6565711119829052,0.02016432602347351,63.293894921851,0.6931471805579453,0,0,2.0,5.208333333333334e-05,0.0,3.2976881286969117,2.7612414172304884,-1.3768818403676435,-2.6278422256400007,3.2753754500275347,-1.3963156444133142,0.02500123662935605,61.14308225625116,0.6931471805579453,0.2,0.2,13,25.0
361,3,0,0.0,0.0,0.0,0.0,0.0,0.0,0.0,0.0,0.0,0.0,0.0,0,0,0.0,0.0,0.0,0.0,0.0,0.0,0.0,0.0,0.0,0.0,0.0,0.0,0.0,0.0,13,25.0
361,4,0,0.0,0.0,0.0,0.0,0.0,0.0,0.0,0.0,0.0,0.0,0.0,0,0,0.0,0.0,0.0,0.0,0.0,0.0,0.0,0.0,0.0,0.0,0.0,0.0,0.0,0.0,13,25.0
361,5,0,0.0,0.0,0.0,0.0,0.0,0.0,0.0,0.0,0.0,0.0,0.0,0,0,0.0,0.0,0.0,0.0,0.0,0.0,0.0,0.0,0.0,0.0,0.0,0.0,0.0,0.0,13,25.0
362,0,8,0.00020833333333333335,0.0,8.384666132240582,9.964144307824585,0.51949628437756,3.826196742595295,3.8613026173208618,-4.399867297582397,0.6864441098440556,26.580953700664423,2.079441541671836,0,0,7.8,0.00020312500000000002,0.2,8.797073539480254,10.104601571148843,0.3349660190738423,3.710195690709715,3.7293105218862705,-1.4904687889299684,0.7451936270540997,27.49054905048471,2.0131268528296205,0.4,0.2,13,25.0
362,1,4,0.00010416666666666667,0.0,14.532547544263107,9.561710226638995,-13.663720293886541,-2.966169726086731,13.981967497942497,-6.234951797463978,0.030234419875356466,44.00210710064666,1.3862943611158907,0,0,4.2,0.00010937500000000002,-0.2,14.549096250034278,9.091951602697918,-13.189571253889076,-3.1617184914585144,13.566013717653206,11.738452882715686,0.059144109042318746,42.872163903653586,1.4309230713785326,0.2,0.4,13,25.0
362,2,2,5.208333333333334e-05,0.0,4.172584827657306,3.7923351035468564,-2.698427072094979,-3.168568419817845,4.161890735528989,-1.9228568018775913,0.014824256360316701,63.30032286468174,0.6931471805579453,0,0,2.0,5.208333333333334e-05,0.0,3.7749026380143613,3.2984095186701827,-2.0502130993216476,-2.9321699876088387,3.7522872873798,-1.8394964386992814,0.026295984334839772,62.22024453122738,0.6931471805579453,0.2,0.2,13,25.0
362,3,0,0.0,0.0,0.0,0.0,0.0,0.0,0.0,0.0,0.0,0.0,0.0,0,0,0.0,0.0,0.0,0.0,0.0,0.0,0.0,0.0,0.0,0.0,0.0,0.0,0.0,0.0,13,25.0
362,4,0,0.0,0.0,0.0,0.0,0.0,0.0,0.0,0.0,0.0,0.0,0.0,0,0,0.0,0.0,0.0,0.0,0.0,0.0,0.0,0.0,0.0,0.0,0.0,0.0,0.0,0.0,13,25.0
362,5,0,0.0,0.0,0.0,0.0,0.0,0.0,0.0,0.0,0.0,0.0,0.0,0,0,0.0,0.0,0.0,0.0,0.0,0.0,0.0,0.0,0.0,0.0,0.0,0.0,0.0,0.0,13,25.0
363,0,8,0.00020833333333333335,0.0,8.190267635247388,9.741244678869094,0.5455178571099822,3.7408145955980086,3.780381405501958,-4.859962424829856,0.6808796983375107,26.564126710710756,2.079441541671836,0,0,8.0,0.00020833333333333335,0.2,8.524419241388609,10.035811599395291,0.37066720106008705,3.8109424262119056,3.833822818726781,-1.1994074401878059,0.7363582806841208,26.750145236731846,2.079441541671836,0.4,0.2,13,25.0
363,1,4,0.00010416666666666667,0.0,14.149872926067108,9.153496982389461,-13.34635710518372,-2.8106276322054393,13.639093652659062,-9.56686545490001,0.028567061463611987,43.84587963941345,1.3862943611158907,0,0,4.0,0.00010416666666666667,-0.2,14.448642101812322,9.505444334831544,-13.383801791838101,-3.1463481387497145,13.752311473770144,11.677639135301442,0.04004484906380923,44.626208306213776,1.3862943611158907,0.2,0.4,13,25.0
363,2,2,5.208333333333334e-05,0.0,4.089322391828412,3.72216261366166,-2.6503811935312616,-3.1028739199398876,4.080728738113735,-2.081560895722353,0.012315911532599366,63.30432838963494,0.6931471805579453,0,0,2.0,5.208333333333334e-05,0.0,4.238294981118061,3.821534157067041,-2.71351817989187,-3.2262300876547583,4.21578340274101,-2.1850505940430245,0.02707123543092087,63.28599490198868,0.6931471805579453,0.2,0.2,13,25.0
363,3,0,0.0,0.0,0.0,0.0,0.0,0.0,0.0,0.0,0.0,0.0,0.0,0,0,0.0,0.0,0.0,0.0,0.0,0.0,0.0,0.0,0.0,0.0,0.0,0.0,0.0,0.0,13,25.0
363,4,0,0.0,0.0,0.0,0.0,0.0,0.0,0.0,0.0,0.0,0.0,0.0,0,0,0.0,0.0,0.0,0.0,0.0,0.0,0.0,0.0,0.0,0.0,0.0,0.0,0.0,0.0,13,25.0
363,5,0,0.0,0.0,0.0,0.0,0.0,0.0,0.0,0.0,0.0,0.0,0.0,0,0,0.0,0.0,0.0,0.0,0.0,0.0,0.0,0.0,0.0,0.0,0.0,0.0,0.0,0.0,13,25.0
364,0,6,0.00015625,-2.0,4.226855512324861,5.2155376204099655,-3.423111561968654,-0.78736959399125,3.512498205440883,0.32559791698577145,0.5716961633882864,31.701252359709695,1.791759469222055,2,4,7.6,0.0001979166666666667,-0.4,7.6119784721971655,9.058086775080515,-0.3168767755037756,2.90746191529332,3.7903101465060423,-2.9288390317762922,0.6753347480824382,27.64925974714268,2.02190512718188,0.4,0.8,13,25.0
364,1,5,0.00013020833333333333,1.0,11.017491062438372,6.030640661765622,-10.727491531593381,-0.5984838739283465,10.744173188652535,51.030575849604475,0.02248685212017143,26.468540969724238,1.6094379124291003,2,1,4.2,0.00010937500000000002,0.2,13.841844800429522,8.883470648540795,-13.026550053567096,-2.565120415779604,13.302097643840256,10.698091953494496,0.03147391300318152,40.72259625889494,1.4309230713785328,0.4,0.2,13,25.0
364,2,2,5.208333333333334e-05,0.0,3.1641410039149567,3.0098368550925,-1.6292645597244102,-2.690589393459375,3.1454370586247733,-23.129534697836366,0.06398560616095028,66.75351570766831,0.6931471805579453,0,0,2.0,5.208333333333334e-05,0.0,3.998261853468962,3.6513992768846473,-2.4934391367153226,-3.096723881756037,3.982453503677193,-6.000828191227461,0.028617465218143744,63.986303300098996,0.6931471805579453,0.0,0.0,13,25.0
364,3,0,0.0,0.0,0.0,0.0,0.0,0.0,0.0,0.0,0.0,0.0,0.0,0,0,0.0,0.0,0.0,0.0,0.0,0.0,0.0,0.0,0.0,0.0,0.0,0.0,0.0,0.0,13,25.0
364,4,0,0.0,0.0,0.0,0.0,0.0,0.0,0.0,0.0,0.0,0.0,0.0,0,0,0.0,0.0,0.0,0.0,0.0,0.0,0.0,0.0,0.0,0.0,0.0,0.0,0.0,0.0,13,25.0
364,5,0,0.0,0.0,0.0,0.0,0.0,0.0,0.0,0.0,0.0,0.0,0.0,0,0,0.0,0.0,0.0,0.0,0.0,0.0,0.0,0.0,0.0,0.0,0.0,0.0,0.0,0.0,13,25.0
365,0,6,0.00015625,0.0,4.240764386629032,4.970354455589862,-3.386382069407123,-0.576853190785997,3.435162750689122,0.3477218576042838,0.4730757779025123,31.588895376396902,1.791759469222055,0,0,7.2,0.0001875,-0.4,6.720642898117148,8.006911299201445,-1.0576287738276469,2.0170787829861085,3.6997351375827856,-2.4012091539906515,0.6220486476022489,28.613008880157093,1.9643687126919236,0.4,0.8,13,25.0
365,1,5,0.00013020833333333333,0.0,11.56349690868755,5.973751600663071,-11.183539119190849,-0.544119258922608,11.196767971088912,13.650146156229482,0.03066494070167558,27.463728327453413,1.6094379124291003,0,0,4.4,0.00011458333333333333,0.2,13.20907081152356,8.113390357090122,-12.546964101680132,-2.0107930539285865,12.74537874110997,10.048674765415537,0.029156363074144643,37.22013461485947,1.4755517816411745,0.4,0.2,13,25.0
365,2,2,5.208333333333334e-05,0.0,2.797405718370282,2.625201127114372,-1.110198973617927,-2.4586574910616985,2.697691312840686,-9.168382138616872,0.35718348003298117,68.48251109713732,0.6931471805579453,0,0,2.0,5.208333333333334e-05,0.0,3.694590608300673,3.3999223039728577,-2.1648522936682775,-2.9304643552463405,3.664004655131565,-7.591781129207213,0.09369471602206421,65.02691459619466,0.6931471805579453,0.0,0.0,13,25.0
365,3,0,0.0,0.0,0.0,0.0,0.0,0.0,0.0,0.0,0.0,0.0,0.0,0,0,0.0,0.0,0.0,0.0,0.0,0.0,0.0,0.0,0.0,0.0,0.0,0.0,0.0,0.0,13,25.0
365,4,0,0.0,0.0,0.0,0.0,0.0,0.0,0.0,0.0,0.0,0.0,0.0,0,0,0.0,0.0,0.0,0.0,0.0,0.0,0.0,0.0,0.0,0.0,0.0,0.0,0.0,0.0,13,25.0
365,5,0,0.0,0.0,0.0,0.0,0.0,0.0,0.0,0.0,0.0,0.0,0.0,0,0,0.0,0.0,0.0,0.0,0.0,0.0,0.0,0.0,0.0,0.0,0.0,0.0,0.0,0.0,13,25.0
