path,label,split,sampled_frames,fps,width,height,people_mean,people_std,people_p90,people_trend,flow_mean,flow_std,flow_p90,flow_trend,coherence_mean,coherence_std,coherence_p90,coherence_trend,speed_mean,speed_std,speed_p90,speed_trend
/Users/harinihegde/Downloads/crowd_panic/No Panic/VID-20250924-WA0017_clip_003.mp4,No Panic,train,48,29.97,640,360,0.041666666666666664,0.19982631347136331,0.0,0.0032566217976552326,0.550598460209972,1.9139341713739078,0.5136260330677028,0.009931223469253918,0.3476459950684233,0.22807443309406222,0.7152793049812317,0.0031310800238099797,15.418554306030273,0.0,15.418554306030273,0.0
/Users/harinihegde/Downloads/crowd_panic/No Panic/VID-20250924-WA0017_clip_004.mp4,No Panic,train,48,29.97,640,360,0.3958333333333333,0.6993920971497716,1.0,0.033380373425966135,0.7908420507261094,2.0176445777810383,1.4847007274627686,0.04309176431992932,0.3439123301588474,0.22489958377028924,0.66927170753479,-0.0038249576369526242,33.922100534041725,34.51865857363625,80.48273696899415,-5.303714333297486
/Users/harinihegde/Downloads/crowd_panic/No Panic/VID-20250924-WA0017_clip_008.mp4,No Panic,train,48,29.97,640,360,0.20833333333333334,0.5384519993050035,1.0,-0.0176943117672601,5.714391885919774,2.7377118749712808,8.593780899047852,0.0753955947757319,0.5468107079888912,0.26546608964411966,0.8735849857330322,-0.013774175626793525,10.849732322352272,4.5962207610657595,14.406256103515625,0.7812988758087158
/Users/harinihegde/Downloads/crowd_panic/No Panic/VID-20250924-WA0017_clip_009.mp4,No Panic,test,48,29.97,640,360,0.0,0.0,0.0,0.0,0.2713629922017138,0.27974066909839473,0.4453338325023651,-0.008955069402341321,0.5361267274364512,0.20702417189986586,0.762728464603424,-0.002400562277444525,0.0,0.0,0.0,0.0
/Users/harinihegde/Downloads/crowd_panic/No Panic/VID-20250924-WA0017_clip_010.mp4,No Panic,test,48,29.97,640,360,0.4791666666666667,0.49956578367840826,1.0,0.031209292227529314,0.7658148276362013,1.7619374477469356,1.053373074531555,0.0117607899044643,0.49854411454276837,0.26156332501232193,0.8238383412361144,-0.010809141896995928,34.174276341091506,20.642890047063847,65.34037208557133,-0.14961058470167554
/Users/harinihegde/Downloads/crowd_panic/No Panic/VID-20250924-WA0030_clip_001.mp4,No Panic,train,48,29.97,640,360,3.7083333333333335,1.9467743977039444,6.0,-0.03864524533217548,7.911355099779494,4.431163087132257,15.104559135437011,0.26883050989597407,0.5501011117024625,0.29024757929920014,0.8460182785987854,0.0157276828903412,176.4043685373138,110.26913025405139,296.2901916503906,0.7928059898187828
/Users/harinihegde/Downloads/crowd_panic/No Panic/VID-20250924-WA0030_clip_002.mp4,No Panic,train,48,29.97,640,360,4.541666666666667,1.9786183450972943,7.300000000000004,0.010312635692574859,6.977126773367536,3.9204343564638284,12.513588333129883,-0.14163291702438133,0.5539808571338654,0.19550946817556641,0.7441874742507935,-0.012221690960000992,123.41605050912064,128.2754324054442,282.95127868652355,-0.4521494502660056
/Users/harinihegde/Downloads/crowd_panic/No Panic/VID-20250924-WA0030_clip_003.mp4,No Panic,train,48,29.97,640,360,1.8125,1.4812192331544531,4.0,0.016011723838471534,5.825080734618167,2.322864812178696,9.800410652160645,-0.12570612048463184,0.485248254493196,0.18059665508502806,0.7499089717864991,-0.004728441281721444,88.1348985749848,103.57925943734604,242.2802429199219,-4.01012703662016
/Users/harinihegde/Downloads/crowd_panic/No Panic/VID-20250924-WA0030_clip_006.mp4,No Panic,train,48,29.97,640,360,3.9583333333333335,1.1539485353438523,5.0,-0.014329135909683065,6.14684282465184,1.6132973857751707,8.422004508972169,0.10082747898203266,0.3304054683193247,0.163546828498051,0.5506189346313477,-0.009174726431746516,50.37879563916114,105.84425174583596,104.48075256347656,0.2694793428305494
/Users/harinihegde/Downloads/crowd_panic/No Panic/VID-20250924-WA0030_clip_007.mp4,No Panic,train,48,29.97,640,360,6.895833333333333,2.702156417670072,10.0,0.09829570125922704,6.174723493291976,1.1691228452972997,7.587492656707764,0.01442036680553273,0.3135066593581058,0.1338055723495632,0.4665847718715668,-0.0005426558542731287,102.1213338312113,133.81885387794674,267.0734191894531,-0.07894359352980991
/Users/harinihegde/Downloads/crowd_panic/No Panic/VID-20250924-WA0030_clip_045.mp4,No Panic,train,48,29.97,640,360,8.125,3.9928321193525447,13.0,0.04049066435084662,11.118103067925636,5.494085120855655,17.82631492614746,-0.05785009819087205,0.8185750069294838,0.1884266418465594,0.9786055445671081,0.0061653799056028075,154.95527390905676,161.62458387781774,373.16026306152344,0.09032594400824948
/Users/harinihegde/Downloads/crowd_panic/No Panic/VID-20250924-WA0030_clip_046.mp4,No Panic,train,48,29.97,640,360,4.395833333333333,1.65503755412243,7.0,-0.08798306556665234,5.6299469673887215,2.4708728190459848,8.827802085876465,-0.022551303820737955,0.6811882327211664,0.22349434346129293,0.9534556627273559,-0.008060435985906816,96.84164188196371,98.69124373359124,162.23424682617187,-0.3510059801235853
/Users/harinihegde/Downloads/crowd_panic/No Panic/VID-20250924-WA0030_clip_047.mp4,No Panic,train,48,29.97,640,360,1.8541666666666667,1.4998553170963598,4.0,-0.006024750325662202,4.9836103459622,2.040179074256673,7.719937038421631,0.08139381992607407,0.5728742980021746,0.3630141782216639,0.9702756762504577,0.02243542140539284,84.41931910037994,129.10849209313884,162.30133666992188,1.2920109477850292
/Users/harinihegde/Downloads/crowd_panic/No Panic/VID-20250924-WA0030_clip_048.mp4,No Panic,train,48,29.97,640,360,5.5625,3.121873435935544,9.0,0.19990230134607032,7.723238310915359,3.3028249780740304,13.674015617370605,-0.17112410250468782,0.6889203304940081,0.20404379053067462,0.9538776516914368,-0.012035193068219152,88.05130820368466,72.63318382611263,178.34768218994142,-0.709300224946984
/Users/harinihegde/Downloads/crowd_panic/No Panic/VID-20250924-WA0030_clip_049.mp4,No Panic,train,48,29.97,640,360,6.229166666666667,1.571087512591906,8.0,-0.09948979591836754,7.972352164856931,2.697812085554458,11.693676757812499,0.14712662737089444,0.6557256015057259,0.19302121969552358,0.852503776550293,-0.0025788735973956253,91.41145228103355,100.5900635537755,187.35583648681634,0.5200093328014238
/Users/harinihegde/Downloads/crowd_panic/No Panic/VID-20250924-WA0030_clip_050.mp4,No Panic,train,48,29.97,640,360,3.8333333333333335,2.2110831935702664,7.0,-0.021059487624837222,6.173911921521451,1.6049040374656558,8.2847279548645,-0.01439180796505892,0.4382151909806627,0.20643183352153072,0.703239643573761,-0.009971396522432781,110.41733061906064,141.01212650753772,314.0533020019532,-0.6290275902741711
/Users/harinihegde/Downloads/crowd_panic/No Panic/VID-20250924-WA0030_clip_051.mp4,No Panic,test,48,29.97,640,360,3.2291666666666665,1.3266433729110807,5.0,0.015251845419018615,7.882484603435435,2.4885705238999485,10.815667152404785,0.07832944781883915,0.404752993044701,0.17594851150090496,0.6223038792610168,-0.008770401873879969,63.03031490278244,93.93652301264864,169.53472900390628,0.984386723566348
/Users/harinihegde/Downloads/crowd_panic/No Panic/VID-20250924-WA0030_clip_052.mp4,No Panic,train,48,29.97,640,360,1.5208333333333333,1.7319255100096604,4.0,0.09395353886235348,11.128173280269541,2.61958454141376,14.308643150329589,0.07822877295473794,0.4982228132480003,0.25247344082991685,0.8273855924606323,0.0129703416029865,141.50011931525336,104.70640987624175,318.5981994628907,-1.0627698817979248
/Users/harinihegde/Downloads/crowd_panic/No Panic/VID-20250924-WA0030_clip_053.mp4,No Panic,train,48,29.97,640,360,4.416666666666667,1.2555432644432802,6.0,0.048632218844984705,8.235980054165454,1.6095027761018632,10.093069458007813,-0.08171977492860891,0.6572532286035254,0.1357554822814236,0.8090954899787903,-0.004243132843533449,73.19683137679482,74.74224456467702,114.77935333251955,0.24004606232471226
/Users/harinihegde/Downloads/crowd_panic/No Panic/VID-20250924-WA0030_clip_054.mp4,No Panic,train,48,29.97,640,360,5.875,1.2011279421166312,7.0,-0.002930959617889799,4.607715469725589,0.8981973452974309,5.631590461730957,0.01485592016569449,0.2910223575110765,0.13513563530226838,0.47134258747100827,-0.002209318613514617,63.54979615477452,93.97050615446452,130.57577514648438,-0.07749945756629596
/Users/harinihegde/Downloads/crowd_panic/No Panic/VID-20250924-WA0030_clip_055.mp4,No Panic,train,48,29.97,640,360,1.7291666666666667,1.788150619743451,5.0,-0.07365392965696918,10.432722309802442,4.83995674358046,17.365479278564454,-0.056067272317729296,0.6101782822862585,0.1621124089740004,0.8407141685485839,0.0029514414446978124,177.35608443507442,140.04606336281458,369.831253051758,3.761573082727774
/Users/harinihegde/Downloads/crowd_panic/No Panic/VID-20250924-WA0030_clip_056.mp4,No Panic,train,48,29.97,640,360,1.6666666666666667,1.2304019216861166,3.0,-0.06752062527138518,7.8761855896483075,5.618380185633668,16.812602233886718,0.19784128721062508,0.5596912232960792,0.26179542525143473,0.8859965682029723,-0.007852499508949392,78.90147220111284,85.20997498179317,136.682373046875,-0.34109410326799733
/Users/harinihegde/Downloads/crowd_panic/No Panic/VID-20250924-WA0030_clip_057.mp4,No Panic,train,48,29.97,640,360,1.8333333333333333,2.6874192494328497,7.0,-0.10204081632653066,18.867060263106165,6.732543255697163,24.22603569030762,0.26440890935645084,0.9280381526084657,0.09994839109560513,0.9880705237388611,-0.00116183105976794,266.6569108846711,214.31203071477796,598.81396484375,-4.28609587348712
/Users/harinihegde/Downloads/crowd_panic/No Panic/VID-20250924-WA0030_clip_058.mp4,No Panic,train,48,29.97,640,360,1.1666666666666667,1.0474837574980447,3.0,-0.032240555796786835,10.0420176323424,3.692518031973784,14.706275749206542,-0.16342221190816936,0.6979234660876558,0.26354978376510435,0.9518897771835327,-0.015458817461938017,181.8919519696917,111.43609892919768,278.5786071777344,-3.951682064579982
/Users/harinihegde/Downloads/crowd_panic/No Panic/VID-20250924-WA0030_clip_059.mp4,No Panic,train,48,29.97,640,360,0.8333333333333334,1.1606990230986765,3.0,-0.03213200173686498,5.056502783552129,1.7585456408050832,7.101647472381591,0.05340505991679008,0.6133723607722749,0.17397233401786602,0.8162883996963501,-0.007848296238662577,39.37865068444184,37.59483937205272,84.36593475341797,-0.5733354689485057
/Users/harinihegde/Downloads/crowd_panic/No Panic/VID-20250924-WA0030_clip_060.mp4,No Panic,train,48,29.97,640,360,1.375,1.2520816001097266,3.0,0.06089882761615285,5.279196592087441,1.4132367896570157,7.195190525054931,0.028903037144231376,0.3584134894165587,0.1541974023641764,0.5663353681564331,0.007338956209497526,35.44659860237785,45.86228793277949,112.54327011108398,-0.08450551746143749
/Users/harinihegde/Downloads/crowd_panic/No Panic/VID-20250924-WA0030_clip_061.mp4,No Panic,train,48,29.97,640,360,3.7708333333333335,1.2948549361050279,5.0,0.027627008250108442,5.489408452460107,0.9097975953663751,6.620588684082031,0.01385788008860146,0.4663657040355053,0.16084708334126552,0.6442455768585205,-0.0034896420628507865,39.53505325085157,72.7332527304005,126.66251296997076,0.10609320214709773
/Users/harinihegde/Downloads/crowd_panic/No Panic/VID-20250924-WA0030_clip_062.mp4,No Panic,train,48,29.97,640,360,3.4583333333333335,1.2068956964966866,5.0,-0.05916196265740349,5.261933275993834,0.9277371777044715,6.362489986419678,0.0005233133147978421,0.29446039483585257,0.14380769885989608,0.4943142175674438,0.003255586372903799,30.527187075217565,65.72973004501712,76.8693649291992,-0.3539869766530157
/Users/harinihegde/Downloads/crowd_panic/No Panic/VID-20250924-WA0030_clip_063.mp4,No Panic,test,48,29.97,640,360,2.6458333333333335,1.163500167120267,4.300000000000004,-0.020028224055579733,4.796167652657691,0.7732564940413069,5.917697238922119,0.017683446517595063,0.24715937688907094,0.14997884747411164,0.46134944558143615,-0.0018879558293258265,27.350307172761774,87.24818605657846,24.523255348205566,-0.1557368927114027
/Users/harinihegde/Downloads/crowd_panic/No Panic/VID-20250924-WA0030_clip_064.mp4,No Panic,train,48,29.97,640,360,2.3125,1.244257643469926,4.0,-0.062038645245332195,4.809174294167376,0.7087677265419197,5.733964633941651,0.012324788055411108,0.22231399462102575,0.12718300521474957,0.3953517496585846,-9.610966773260644e-05,30.996075851221878,37.68586949372024,87.01103591918945,0.20367946991342198
/Users/harinihegde/Downloads/crowd_panic/No Panic/VID-20250924-WA0030_clip_065.mp4,No Panic,train,48,29.97,640,360,2.2708333333333335,1.286785130556855,4.0,0.07235128093790709,6.524058321689037,1.5623233787412318,8.481642913818359,0.09126171687485224,0.5101544765081811,0.21822034047154842,0.8172815322875976,0.011855522250785918,90.40459995932049,118.38850694818952,257.3021850585938,1.4271169770679957
/Users/harinihegde/Downloads/crowd_panic/No Panic/VID-20250924-WA0030_clip_066.mp4,No Panic,train,48,29.97,640,360,2.4375,0.8875586835058663,4.0,-0.01753148067737741,5.082530356468038,1.2365109588531744,6.809735107421875,0.03451368526988955,0.33828624298280857,0.1821314651290043,0.6130619764328002,0.002035795862180814,70.08672896385193,87.50305833293017,148.23019104003907,-0.2982088866635842
/Users/harinihegde/Downloads/crowd_panic/No Panic/VID-20250924-WA0030_clip_067.mp4,No Panic,train,48,29.97,640,360,3.2291666666666665,1.4029668464444276,5.0,0.04434433347807206,7.866337558056446,3.8538696632952556,13.58863296508789,-0.044560427195930945,0.4774807542562485,0.2249158136836473,0.7755587339401245,0.0016133045014355884,108.314932009646,118.29648683783002,209.57679748535156,0.021974176336759205
/Users/harinihegde/Downloads/crowd_panic/No Panic/VID-20250924-WA0030_clip_068.mp4,No Panic,train,48,29.97,640,360,2.5416666666666665,1.274073737618388,4.0,-0.000651324359531101,5.271586494242891,1.0031821291374907,6.583435821533203,0.023518520797655422,0.5304085236597569,0.1908511225886077,0.7673564553260803,-0.009200144990775509,103.37716589655194,91.36741113533772,179.46675567626949,0.3779917506154907
/Users/harinihegde/Downloads/crowd_panic/No Panic/VID-20250924-WA0030_clip_069.mp4,No Panic,train,48,29.97,640,360,4.583333333333333,1.5920810978785667,6.0,-0.054385584020842544,7.009681478459784,1.2008232486119785,8.336680030822754,0.03706347038082016,0.35938838163905956,0.1516091319162725,0.5735808372497558,-0.0076542444635702925,68.87693477123179,94.97361242332494,182.50799255371095,-0.018573717830009173
/Users/harinihegde/Downloads/crowd_panic/No Panic/VID-20250924-WA0030_clip_070.mp4,No Panic,test,48,29.97,640,360,2.3958333333333335,0.567875548768292,3.0,5.427702996088983e-05,6.890156340091787,1.3179107943926096,8.59980354309082,0.02244893623434982,0.3918013224734905,0.17740769899611003,0.6176868081092834,0.007390731298188085,54.59050221492847,100.84981938359678,130.8116569519043,-1.1242316968937145
/Users/harinihegde/Downloads/crowd_panic/No Panic/VID-20250924-WA0030_clip_071.mp4,No Panic,test,48,29.97,640,360,3.0,1.1547005383792515,4.0,0.008250108554059861,6.632015086234884,1.5948004138708924,8.682704544067382,-0.027324918405972173,0.40914815133239363,0.2035164403208301,0.7524492979049683,-0.007904805294707561,113.48960960420789,126.57270972870873,213.19019470214843,-1.10851620720996
/Users/harinihegde/Downloads/crowd_panic/No Panic/VID-20250924-WA0030_clip_072.mp4,No Panic,train,48,29.97,640,360,2.7291666666666665,1.922883937966327,5.0,0.05378853669127224,11.731170613714989,3.9359258685184226,17.200680541992188,0.19122537058001873,0.4904196195779963,0.2466380565120512,0.8147795796394348,0.009558804804471278,170.67014540717716,119.48859168716307,310.451873779297,1.5656926198888548
/Users/harinihegde/Downloads/crowd_panic/No Panic/VID-20250924-WA0030_clip_073.mp4,No Panic,train,48,29.97,640,360,2.1458333333333335,2.0309027480955906,6.0,-0.0022253582283977757,11.004198043904406,3.189185495120819,15.376045036315917,-0.010368972934031074,0.5029918263725778,0.2025996424699992,0.744925856590271,-0.0026894567924604217,213.58518426418306,183.3311072487987,509.698974609375,3.293683869169175
/Users/harinihegde/Downloads/crowd_panic/No Panic/VID-20250924-WA0030_clip_074.mp4,No Panic,train,48,29.97,640,360,0.20833333333333334,0.4061164310337068,1.0,0.003907946157186278,5.8663059599856116,1.6473591931842821,8.265881538391113,-0.08445572345814799,0.5958497311048051,0.2002717522582769,0.8373205065727234,-0.012000837716533281,124.11985969543457,39.678792060172725,165.64999389648438,34.15745315551757
/Users/harinihegde/Downloads/crowd_panic/No Panic/VID-20250924-WA0030_clip_075.mp4,No Panic,test,48,29.97,640,360,0.6041666666666666,0.5299207225823711,1.0,0.010366912722535811,5.082238166890246,0.919387726551955,6.221896076202392,-0.024995790103538217,0.4052184595072523,0.09902165735577596,0.5168886184692383,0.0015978432509438235,91.3540559851605,63.89620290169532,183.87235412597656,3.2648229108968736
/Users/harinihegde/Downloads/crowd_panic/No Panic/VID-20250924-WA0030_clip_076.mp4,No Panic,test,48,29.97,640,360,1.0833333333333333,0.2763853991962833,1.0,-0.0009769865392965879,6.295627330211883,2.671713566911549,9.486146736145018,0.16203665521054444,0.5177372701941653,0.15879756209120582,0.7408014535903931,0.0009003174521380596,137.19386323969414,70.60798094862231,238.85035705566403,1.529684218513425
/Users/harinihegde/Downloads/crowd_panic/No Panic/VID-20250924-WA0030_clip_077.mp4,No Panic,test,48,29.97,640,360,1.0625,0.24206145913796356,1.0,0.0027681285280069393,7.509861910596807,1.8892619030397815,9.723232078552245,-0.09525131589279026,0.43483071710835114,0.18203935987653427,0.6593202471733093,0.0007255383475126187,113.44596676116294,40.244738489732896,168.65033874511718,0.23541820104424482
/Users/harinihegde/Downloads/crowd_panic/No Panic/VID-20250924-WA0030_clip_078.mp4,No Panic,train,48,29.97,640,360,2.0,1.399404635312222,3.3000000000000043,0.05243161094224924,10.667567882132023,6.3303389133595855,20.030857467651362,0.43242057791250277,0.5567884556156524,0.18566743230853766,0.7877948760986329,0.004639912310515591,210.49240390459696,154.92755646475368,367.08436889648436,3.57845342770306
/Users/harinihegde/Downloads/crowd_panic/No Panic/VID-20250924-WA0030_clip_079.mp4,No Panic,train,48,29.97,640,360,3.125,2.077909606631947,6.0,-0.045918367346938854,13.092638330256685,4.012818769768899,18.833787536621095,-0.12779052747167113,0.5097738711282294,0.25574679250164545,0.8684036612510682,-0.011052191358707518,186.732484140316,139.93466937196573,401.7779479980469,0.8192514797982755
/Users/harinihegde/Downloads/crowd_panic/No Panic/VID-20250924-WA0030_clip_080.mp4,No Panic,train,48,29.97,640,360,0.7916666666666666,0.7894706383956841,1.0,-0.01823708206686932,6.578754059811856,1.6324584521212915,9.074931526184082,0.033762648191637344,0.20075534521899324,0.12412998645999598,0.37441471219062805,-0.0011754605680476661,112.08329908309445,63.44338396912461,201.25314331054688,1.4991405333242132
/Users/harinihegde/Downloads/crowd_panic/No Panic/VID-20250924-WA0032_clip_001.mp4,No Panic,train,48,23.98,640,360,3.0833333333333335,1.5115297622680877,5.0,-0.04439861050803304,1.3714481966292604,0.8614797725978811,2.59910135269165,-0.00989535835870539,0.5351514502408656,0.18494319642526993,0.8251911520957946,-0.008586685551428662,120.05155875697984,126.19570716544759,200.26321716308578,0.6358544749570012
/Users/harinihegde/Downloads/crowd_panic/No Panic/VID-20250924-WA0032_clip_002.mp4,No Panic,train,48,23.98,640,360,7.520833333333333,2.3891210320022624,10.0,0.0013569257490229037,3.899702508398827,1.9468804689817587,6.745629119873047,-0.08001002004916305,0.30444879687212884,0.13687195758093657,0.48516594171524047,-0.00034859974909087776,124.26237670023977,117.44654287646345,257.54522705078125,-0.27607496256915054
/Users/harinihegde/Downloads/crowd_panic/No Panic/VID-20250924-WA0032_clip_003.mp4,No Panic,test,48,23.98,640,360,6.375,1.5761900266148114,8.0,-0.05080330004342172,2.311172919070467,1.8173889601424216,5.208530902862549,0.10426500205305526,0.2140708207846322,0.10421648023182466,0.36878005266189573,-0.0019110604150567093,96.01092312733333,112.08663339976117,223.32085418701172,0.1527324201857961
/Users/harinihegde/Downloads/crowd_panic/No Panic/VID-20250924-WA0032_clip_004.mp4,No Panic,train,48,23.98,640,360,4.5,1.632993161855452,6.0,0.04309596178897086,2.0956587728033673,1.3863667168640523,4.0794049263000485,-0.0678433870188513,0.3406136249925228,0.13964129666319647,0.50402352809906,0.004989120803401221,90.57471716268496,100.93180846046889,221.6188201904297,-0.1384064593253199
/Users/harinihegde/Downloads/crowd_panic/No Panic/VID-20250924-WA0032_clip_005.mp4,No Panic,train,48,23.98,640,360,9.3125,1.8045803990586473,11.0,0.05216022579244459,1.8723472661160407,0.4363229312648818,2.4114462852478025,0.0020049403350073393,0.37810126999194954,0.1543326436617936,0.5523626685142518,0.0024798962673789234,81.25519319476983,85.80581363391902,121.05194091796875,0.09146499820820701
/Users/harinihegde/Downloads/crowd_panic/No Panic/VID-20250924-WA0032_clip_006.mp4,No Panic,train,48,23.98,640,360,8.8125,2.773807927140354,13.0,-0.11902952670429885,1.369105209695532,0.47592066054305865,2.0366175174713135,-0.021130115186638765,0.20724544151032226,0.10631963969395127,0.3538593351840973,0.0036415993796005044,86.02800412075494,102.6858777312484,106.82391433715824,-0.10098585990488436
/Users/harinihegde/Downloads/crowd_panic/No Panic/VID-20250924-WA0032_clip_007.mp4,No Panic,test,48,23.98,640,360,5.125,1.033299730636437,6.0,-0.03528006947459839,0.5453103907564854,0.13417971633649398,0.740558910369873,-0.002015768399567211,0.2757199317850965,0.13993943287242913,0.47169743180274964,-0.0007489539366680645,70.41209847959753,70.08043660730088,83.64338226318361,-0.043721345581611566
/Users/harinihegde/Downloads/crowd_panic/No Panic/VID-20250924-WA0032_clip_008.mp4,No Panic,train,48,23.98,640,360,2.2708333333333335,1.3187681015082051,4.0,-0.037613981762918004,2.2596924397698106,2.492901503201912,6.016914558410644,0.09167670788998121,0.37029004651815334,0.16264534216844576,0.5538196921348572,3.9302513940705285e-05,89.69839321136475,68.87315473034562,200.4984863281254,0.0570850638759546
/Users/harinihegde/Downloads/crowd_panic/No Panic/VID-20250924-WA0032_clip_009.mp4,No Panic,train,48,23.98,640,360,0.0,0.0,0.0,0.0,0.03999907609590508,0.04686359513423436,0.06657718792557715,0.001104991161070633,0.23668149232547334,0.13332913531982138,0.3959188103675842,0.002906085843191062,0.0,0.0,0.0,0.0
/Users/harinihegde/Downloads/crowd_panic/No Panic/VID-20250924-WA0033_clip_001.mp4,No Panic,train,48,25.0,640,360,47.104166666666664,4.214259441335914,53.0,-0.13835214937038667,0.9843054832296169,0.22241285982719464,1.269002318382263,0.0035549066512811935,0.25458499060032214,0.16463286219643106,0.5354822158813476,-0.0037281118840785522,39.104671662720925,85.27593197439774,58.022993087768555,0.001254607993334991
/Users/harinihegde/Downloads/crowd_panic/No Panic/VID-20250924-WA0033_clip_002.mp4,No Panic,test,48,25.0,640,360,42.416666666666664,3.4751099103321743,46.300000000000004,0.019973947025617986,0.9666097848973376,0.1839430982858763,1.1990270853042602,0.0024510502856600587,0.1973046699855873,0.12280593681436121,0.4068325400352478,0.0015858777611973914,40.593751568196886,81.58364754578454,64.9754623413086,0.004542376891466492
/Users/harinihegde/Downloads/crowd_panic/No Panic/VID-20250924-WA0037_clip_198.mp4,No Panic,test,48,30.0,640,360,0.7291666666666666,1.0152910775842672,2.0,0.038156752062527145,2.6675335067383785,0.4822878620113855,3.407625436782837,0.022888249470391402,0.3543965350440208,0.08656430123388947,0.4712920725345611,0.003446759814594657,123.86373825073242,168.62512633587323,433.2731628417968,10.54151987007686
/Users/harinihegde/Downloads/crowd_panic/No Panic/VID-20250924-WA0037_clip_199.mp4,No Panic,train,48,30.0,640,360,1.5416666666666667,1.4282613750835509,3.0,-0.02225358228397744,3.8688712018601437,0.6494023483000269,4.885090541839599,-0.004401972401925034,0.4106387700489227,0.1633979950747701,0.6253405809402466,-0.007827728741201785,59.85542515552405,33.42800932741947,97.99673461914062,-2.4751328996477255
/Users/harinihegde/Downloads/crowd_panic/No Panic/VID-20250924-WA0037_clip_200.mp4,No Panic,test,48,30.0,640,360,2.7083333333333335,2.380111458641287,6.300000000000004,0.12244897959183675,4.103398302768139,1.2858000379421062,5.7017693519592285,-0.07670445493478449,0.6030928800080685,0.22049439862715312,0.8439933776855468,-0.0021714640128237587,80.540170135123,104.88192410846789,144.73317871093752,-0.1413472608274696
/Users/harinihegde/Downloads/crowd_panic/No Panic/VID-20250924-WA0037_clip_201.mp4,No Panic,test,48,30.0,640,360,1.7708333333333333,1.6738128048128784,5.0,-0.0759335649153279,2.014065833801919,0.34858344833304145,2.553879165649414,-0.012410485074544342,0.8333688682698189,0.05333798679585153,0.8921259999275207,-0.0034836555842334234,74.37083026568095,105.96440540726631,108.41341323852545,-1.2400099006021104
/Users/harinihegde/Downloads/crowd_panic/No Panic/VID-20250924-WA0037_clip_202.mp4,No Panic,train,48,30.0,640,360,0.4583333333333333,0.705878097754059,2.0,-0.01769431176726011,1.7749077379703522,1.2542116651910615,3.9318374633789057,0.05707329519913222,0.6787320159851237,0.11142462615142015,0.8094209551811218,0.00389146736920376,12.152734152972698,8.84582299660281,23.906420707702637,0.1388162484940367
/Users/harinihegde/Downloads/crowd_panic/No Panic/VID-20250924-WA0037_clip_203.mp4,No Panic,test,48,30.0,640,360,0.375,0.6653633092779713,1.0,0.018454190186712984,4.885608302785995,1.486226957217797,6.499296760559082,-0.03379267178455179,0.6889897832211028,0.2786716217695995,0.9464352250099182,-0.014059881118852488,19.929666731092667,11.569962894611143,31.91833724975586,-1.4265234470367436
/Users/harinihegde/Downloads/crowd_panic/No Panic/VID-20250924-WA0037_clip_204.mp4,No Panic,train,48,30.0,640,360,1.9791666666666667,1.1635001671202667,4.0,0.02263352149370386,3.982167081629976,2.0237192902700776,6.997194480895995,-0.1284865809468403,0.8505659141439073,0.0357987705897145,0.8809193015098572,0.0015100456781127138,64.41570372051663,94.01313491963946,80.0108871459961,-0.06711463577395152
/Users/harinihegde/Downloads/crowd_panic/No Panic/VID-20250924-WA0037_clip_205.mp4,No Panic,train,48,30.0,640,360,3.9791666666666665,2.428044337642037,7.300000000000004,0.12076639166304819,2.2242899422949933,0.5600616324337114,2.857642984390259,0.01922331958540496,0.8514366225993379,0.020341342741958583,0.874647068977356,0.0004146590374003506,61.86110118998597,50.051704235100885,132.02261352539062,0.03961119805116942
/Users/harinihegde/Downloads/crowd_panic/No Panic/VID-20250924-WA0037_clip_206.mp4,No Panic,train,48,30.0,640,360,7.729166666666667,1.8567397876086162,10.0,-0.007110290924880666,2.713659068371387,0.3997847686222665,3.1044725894927976,-0.0005283803988341353,0.39525298354156474,0.15948389231173388,0.6112605571746825,-0.0036131961005813062,70.54658512614276,97.99619034865218,136.55540771484374,-0.2971814247533792
/Users/harinihegde/Downloads/crowd_panic/No Panic/VID-20250924-WA0037_clip_207.mp4,No Panic,test,48,30.0,640,360,5.770833333333333,1.8284736728272089,9.0,-0.01221233174120715,1.7946871278133798,0.6125051109866271,2.469257879257202,-0.03846881747466342,0.49944986561511423,0.11797150363458785,0.6124727010726929,-0.0055664596746604076,82.86946964263916,95.20539909719045,120.57588958740234,0.04375506928766014
/Users/harinihegde/Downloads/crowd_panic/No Panic/VID-20250924-WA0037_clip_208.mp4,No Panic,train,48,30.0,640,360,2.2916666666666665,1.5540046832476262,4.0,-0.024641771602257966,4.743038322063202,1.6808341582545092,6.6124725341796875,0.08868328778970917,0.7499636956985961,0.08456743182286074,0.8457922220230103,0.0015473229040380537,72.41634661040894,140.4340880673949,97.36258392333984,-0.24486497583013203
/Users/harinihegde/Downloads/crowd_panic/No Panic/VID-20250924-WA0037_clip_209.mp4,No Panic,train,48,30.0,640,360,4.5,2.48327740429189,8.300000000000004,0.012809379070777229,2.9026475079516145,1.6423412185163546,5.344152641296387,-0.10451131907466607,0.44643293384541854,0.1696277427235338,0.6869687438011169,-0.00833731107103615,109.01363295949996,159.9820946940671,368.82071228027326,0.5963920889897507
/Users/harinihegde/Downloads/crowd_panic/No Panic/VID-20250924-WA0037_clip_210.mp4,No Panic,train,48,30.0,640,360,1.5416666666666667,0.9344858955002417,3.0,0.02442466348241423,4.1266287184776145,2.0388692720588795,7.085589408874512,0.13797773197500057,0.8418668483165984,0.07583481530732028,0.9342594265937805,0.005021021921087716,90.7860933191636,75.94989013823427,142.23007202148438,0.6039649224604952
/Users/harinihegde/Downloads/crowd_panic/No Panic/VID-20250924-WA0037_clip_213.mp4,No Panic,train,48,30.0,640,360,5.854166666666667,2.071529058181152,9.0,5.4277029960852235e-05,3.6863428734718484,1.6225610035116302,6.155537986755371,0.0604769306448629,0.7714145056744839,0.13980452091859177,0.888254177570343,-0.0012661641761729525,92.10177290831373,141.90118498268606,179.40294189453127,0.0012495549226476002
/Users/harinihegde/Downloads/crowd_panic/No Panic/VID-20250924-WA0037_clip_214.mp4,No Panic,train,48,30.0,640,360,5.0,1.8142950880897701,7.300000000000004,-0.03169778549717769,3.3715199511101903,1.5737167342231562,6.161006736755371,-0.09403010304055756,0.6197206068070645,0.23024873752381345,0.8583286166191101,-0.005538630231208652,106.85147717461157,162.27494957527279,362.02208251953147,-0.3815522481017415
/Users/harinihegde/Downloads/crowd_panic/No Panic/VID-20250924-WA0037_clip_215.mp4,No Panic,train,48,30.0,640,360,5.5,2.160246899469287,8.0,0.06567520625271378,1.830356663845955,0.3593240242649642,2.248988103866577,-0.016793298180956824,0.7733177631459338,0.14715875566722014,0.8797476172447205,-0.0012105630950228524,64.19570673303016,80.05554443926883,126.69914245605469,-0.37450173464969166
/Users/harinihegde/Downloads/crowd_panic/No Panic/VID-20250924-WA0037_clip_216.mp4,No Panic,train,48,30.0,640,360,6.895833333333333,2.074041780089195,10.0,0.11989795918367342,5.215124654008987,2.206727458330921,7.4749361038208,0.0988536360195453,0.8411835394007094,0.1580947648759017,0.9374121069908142,0.007175366905113821,95.8177052543745,91.51162742735569,136.17288208007812,0.1417364550952066
/Users/harinihegde/Downloads/crowd_panic/No Panic/VID-20251025-WA0006_clip_001.mp4,No Panic,train,48,29.97,640,360,0.3958333333333333,0.567875548768292,1.0,0.0016825879287885354,0.7323554474903776,0.6063317836464212,1.608927464485168,0.041561563784208735,0.7989976270461178,0.24541471269662127,0.9419934511184692,0.008544651948791752,27.892596116432777,81.75252407377484,10.48626937866211,7.609184983012441
/Users/harinihegde/Downloads/crowd_panic/No Panic/VID-20251025-WA0006_clip_002.mp4,No Panic,train,48,29.97,640,360,0.4791666666666667,0.9572004173050119,1.3000000000000043,0.01025835866261398,5.340543300547498,2.247106580055085,8.37973690032959,0.12516822468120672,0.890604631697878,0.017846388970256224,0.9116375327110291,-0.0005829084550860048,83.8680788675944,40.35075702616922,132.85763549804688,-7.744334348042805
/Users/harinihegde/Downloads/crowd_panic/No Panic/VID-20251025-WA0006_clip_003.mp4,No Panic,train,48,29.97,640,360,3.0416666666666665,3.041095836847121,7.0,0.18313069908814592,5.336583604203894,1.7068608114793373,7.056497859954834,-0.11057556240675506,0.8892192954712725,0.03138515399750684,0.9457101583480835,0.0014797162116401024,98.62168147068212,133.16237006845256,303.822021484375,-2.167867543546003
/Users/harinihegde/Downloads/crowd_panic/No Panic/VID-20251025-WA0006_clip_004.mp4,No Panic,train,48,29.97,640,360,5.166666666666667,2.1921577396609844,8.0,-0.09661311333043866,0.7085720671618239,0.4812964149383557,1.601761984825134,-0.016308217194830783,0.7885107632647169,0.16208261463605353,0.9415019392967224,-0.006938398363384014,49.27260933440422,110.7669901839023,158.6778686523438,0.05419483098251404
/Users/harinihegde/Downloads/crowd_panic/No Panic/VID-20251025-WA0006_clip_005.mp4,No Panic,train,48,29.97,640,360,3.75,1.920286436967152,6.300000000000004,0.0060790273556230075,1.5743662435957726,0.4907792940684468,2.0281017065048217,0.01888927776680073,0.5875997143857022,0.15191026682807995,0.7773871064186096,-0.001895587801740296,66.41499254370437,134.9611216398902,87.01486587524414,0.6678205923348584
/Users/harinihegde/Downloads/crowd_panic/No Panic/VID-20251025-WA0006_clip_006.mp4,No Panic,train,48,29.97,640,360,6.229166666666667,3.1769979496723355,11.300000000000004,0.13628962223187144,6.977160676996759,3.1255116973651527,10.76360282897949,0.18637996956113317,0.8321102819544204,0.11610877442058125,0.949549651145935,0.006889343564980128,92.09201125876848,112.55879656997396,254.3834716796874,0.3215124776723859
/Users/harinihegde/Downloads/crowd_panic/No Panic/VID-20251025-WA0006_clip_010.mp4,No Panic,train,48,29.97,640,360,2.7708333333333335,1.9920632450357147,6.0,0.062364307425097694,5.0440989758105985,4.876957586037215,11.823895072937011,0.29996830142283204,0.7517663944274822,0.18908210350199883,0.9485405206680297,0.00883241406849532,108.74496960410706,118.51177461529407,235.0372970581056,1.4010066232380611
/Users/harinihegde/Downloads/crowd_panic/No Panic/VID-20251025-WA0006_clip_030.mp4,No Panic,train,48,29.97,640,360,9.75,3.514849451493857,13.300000000000004,0.15089014329135902,3.5160220709252865,1.6686427402213546,5.580913925170897,-0.07852684810523289,0.5622731234006425,0.23103295432497462,0.8929359674453735,-0.010219045353848329,71.07704226079645,137.4541013948759,239.57530212402344,-0.004982897213485696
/Users/harinihegde/Downloads/crowd_panic/No Panic/VID-20251025-WA0006_clip_031.mp4,No Panic,train,48,29.97,640,360,13.75,4.723610906922796,20.0,0.2702996092053842,3.7865538343470146,0.7448665585179898,4.665452098846435,0.015620106987992885,0.6411051452159882,0.11469057657092566,0.789593768119812,0.0009622581709765663,66.92749060354092,136.26381521704647,157.46855926513672,-0.029967897756665
/Users/harinihegde/Downloads/crowd_panic/No Panic/VID-20251025-WA0006_clip_032.mp4,No Panic,test,48,29.97,640,360,15.416666666666666,2.539958442354695,18.300000000000004,-0.03918801563178502,2.9545270229907747,0.7716242741849231,3.8299288272857663,-0.00685298164391495,0.37971648050749557,0.15756175169033101,0.569780170917511,-0.00475870163561595,62.97103362701694,126.92866062668708,148.28892974853522,-0.0015644849470235983
/Users/harinihegde/Downloads/crowd_panic/No Panic/VID-20251025-WA0006_clip_034.mp4,No Panic,test,48,29.97,640,360,6.770833333333333,3.036167974968154,11.0,-0.0632327399044725,3.7752251878697822,0.9513918064570576,5.314474582672119,0.03538792889830587,0.29519986987430996,0.17423452279730137,0.5111368894577026,0.006674605577660315,115.18430208264554,155.67270944796323,330.92926025390636,0.20961661765405473
/Users/harinihegde/Downloads/crowd_panic/No Panic/VID-20251025-WA0006_clip_035.mp4,No Panic,test,48,29.97,640,360,5.395833333333333,1.5644432360711873,7.0,-0.050314806773773466,3.5459057067302946,1.0012130597374778,4.798666095733642,0.0015775556921628338,0.33168636944065705,0.1857445763164858,0.5924689769744873,-0.0004883225435161878,57.413355099323184,103.2626428281836,164.73406982421872,-0.01998742929609631
/Users/harinihegde/Downloads/crowd_panic/No Panic/VID-20251025-WA0006_clip_036.mp4,No Panic,train,48,29.97,640,360,6.145833333333333,1.9255906381044636,8.300000000000004,-0.04184759009986986,4.8489558595292115,1.5964168614562457,6.900446224212646,0.0555443540146569,0.46863270281477176,0.17985223305904008,0.657448410987854,0.008164827988003139,131.88319599522012,156.1906960973454,344.30368041992205,0.3597117435857063
/Users/harinihegde/Downloads/crowd_panic/No Panic/VID-20251025-WA0006_clip_037.mp4,No Panic,train,48,29.97,640,360,4.166666666666667,2.3124061542519345,7.0,-0.022253582283977454,3.393338695485541,0.8566364817667507,4.562022113800048,-0.03648454561540088,0.5839814204484859,0.17322791498951123,0.774951720237732,-0.006125803347625297,119.01532859869407,181.75054175305553,415.1821990966797,-0.4571316796871433
/Users/harinihegde/Downloads/crowd_panic/No Panic/VID-20251025-WA0006_clip_038.mp4,No Panic,train,48,29.97,640,360,9.25,4.018187817080398,15.0,0.21352583586626137,2.709450029312296,0.5397307082616677,3.3566576480865478,0.013431361780797454,0.3662180623158495,0.1823681187014992,0.6076369166374206,0.0075274129224997995,67.91253830977945,149.0917664911184,241.53519287109387,0.3203289949776795
/Users/harinihegde/Downloads/crowd_panic/No Panic/VID-20251025-WA0006_clip_039.mp4,No Panic,train,48,29.97,640,360,9.666666666666666,2.8819360776317637,13.0,-0.09965262700825024,2.9245426527997282,1.076545988633932,4.401429653167725,0.017211849660811664,0.3156169670376372,0.1409902411917462,0.47545891404151913,-0.004968161145905778,73.15478119490396,136.50662444620212,208.5014190673828,0.08683199912909483
/Users/harinihegde/Downloads/crowd_panic/No Panic/VID-20251025-WA0006_clip_045.mp4,No Panic,train,48,29.97,640,360,6.9375,2.3220523429357343,10.300000000000004,-0.008847155883630062,9.48459914390077,4.994953433506287,16.290146255493163,-0.08731645797823005,0.9210933706861861,0.0974343157803031,0.9754162430763245,-0.002548841364978093,122.5830630799363,119.18267518745867,242.91558837890625,-0.2913054613243457
/Users/harinihegde/Downloads/crowd_panic/No Panic/VID-20251025-WA0006_clip_057.mp4,No Panic,train,48,29.97,640,360,5.583333333333333,1.8689717910004835,8.0,-0.006838905775076048,7.715000893207306,2.297974257456915,10.381728172302244,-0.08201025623507678,0.8503256941095312,0.08996936409554528,0.9180375814437867,0.001970214167890668,169.55812088948375,148.66298445898101,405.44722290039067,0.12259635079494152
/Users/harinihegde/Downloads/crowd_panic/No Panic/VID-20251025-WA0006_clip_058.mp4,No Panic,test,48,29.97,640,360,9.1875,3.5393987836919423,14.300000000000004,0.15061875814155434,2.193161005669452,0.5360018443133742,2.9250185966491697,-0.0005198915477817819,0.5781449323638956,0.17228690735037844,0.7552146553993225,0.007297496145089725,72.4221743366548,136.97344143739886,264.8275238037106,-0.04454173365374281
/Users/harinihegde/Downloads/crowd_panic/No Panic/VID-20251025-WA0006_clip_059.mp4,No Panic,train,48,29.97,640,360,11.083333333333334,3.0878345522748174,15.0,0.15219279201042119,2.711660582968529,1.2820433340959434,4.749888134002686,-0.05986508437596903,0.6722008462281938,0.19119243809709074,0.8627539277076721,-0.009780902744621506,96.5553913494354,152.15451778386367,356.96153869628904,-0.18619433840806032
/Users/harinihegde/Downloads/crowd_panic/No Panic/VID-20251025-WA0006_clip_060.mp4,No Panic,train,48,29.97,640,360,12.208333333333334,4.163123493510879,17.0,-0.02301346070343045,2.396358124753262,1.097437176729148,4.434086894989013,0.04767882282209001,0.492101159818629,0.22294649302093916,0.7967830061912536,0.012615538415456823,72.72153310871813,127.80069782874295,178.149885559082,0.12130694487447291
/Users/harinihegde/Downloads/crowd_panic/No Panic/VID-20251025-WA0006_clip_061.mp4,No Panic,train,48,29.97,640,360,7.770833333333333,2.8667605362538082,12.0,-0.05205167173252292,2.793868696435969,1.272367680912033,4.592146968841552,0.030742968526512933,0.643385556467036,0.17562611336014217,0.8285463333129883,0.0034452853078206984,81.18155503612397,129.92041620438684,268.0239562988281,0.020737184605400565
/Users/harinihegde/Downloads/crowd_panic/No Panic/VID-20251025-WA0006_clip_062.mp4,No Panic,train,48,29.97,640,360,3.3541666666666665,1.6769215760500613,5.300000000000004,-0.05357142857142866,4.310993813453837,1.43213753878056,6.429777431488037,-0.03027888120709476,0.7214938497289698,0.12048589229554679,0.8840988755226135,0.004167152856451626,106.91065822273005,118.28849798836947,282.5713088989261,1.2128918485948963
/Users/harinihegde/Downloads/crowd_panic/No Panic/VID-20251025-WA0006_clip_063.mp4,No Panic,train,48,29.97,640,360,3.5,1.7320508075688772,6.0,0.021059487624837128,3.036520245227408,0.9486429962695062,4.073746204376221,-0.01805843696839054,0.5053003552429219,0.2556410297711749,0.8798525094985962,-0.016545105344727005,103.13642405563931,129.94926701005102,253.27842712402344,-0.7917227558799338
/Users/harinihegde/Downloads/crowd_panic/No Panic/VID-20251025-WA0006_clip_064.mp4,No Panic,test,48,29.97,640,360,4.083333333333333,1.7539637649874324,7.0,0.0706686930091185,4.602272327910078,1.9395252413143105,7.699911880493164,0.10578099157830062,0.6222104763096952,0.21132282927596838,0.8666781187057495,0.014314449375889902,80.07142377710667,97.53244617842039,128.26419830322266,-0.12439922372063862
/Users/harinihegde/Downloads/crowd_panic/No Panic/VID-20251025-WA0006_clip_065.mp4,No Panic,train,48,29.97,640,360,5.145833333333333,1.4998553170963598,7.0,-0.045321320017368674,3.7484343254819827,1.9786907685670534,6.480827808380127,-0.11447862293795232,0.7312338345862449,0.17398681761230342,0.9254585862159729,-0.008015834770331657,66.36513053748145,105.68127832275529,121.8554916381836,-0.17642046543684095
/Users/harinihegde/Downloads/crowd_panic/No Panic/VID-20251025-WA0006_clip_066.mp4,No Panic,train,48,29.97,640,360,5.854166666666667,2.6613716962415372,10.0,0.1548523664785063,3.853606142896287,1.7194638805607447,6.23879919052124,0.07751796114069794,0.8346717547863087,0.11687142162178547,0.9376724362373352,0.004428944372116263,61.35694638211677,111.80844386539839,85.00241088867186,0.02194049875826637
/Users/harinihegde/Downloads/crowd_panic/No Panic/VID-20251025-WA0006_clip_067.mp4,No Panic,train,48,29.97,640,360,7.229166666666667,2.053853931569191,10.0,-0.12467433782023464,4.085541649067656,1.292115288959118,6.2161589622497555,-0.025353470022870195,0.6356618898980161,0.157552083206163,0.8200504660606384,-0.007367651444359246,71.71512496689955,114.74222087826082,154.61040344238285,-0.012223161141842584
/Users/harinihegde/Downloads/crowd_panic/No Panic/VID-20251025-WA0006_clip_068.mp4,No Panic,test,48,29.97,640,360,4.145833333333333,1.63286026312385,6.300000000000004,0.06583803734259658,2.9548918135622713,0.6966321577671556,3.947089910507202,0.03659949073297464,0.40379441719739995,0.15634859842012439,0.594649612903595,0.000580038190418713,43.825844996380354,70.19360801639604,83.41923370361337,0.28695708364853284
/Users/harinihegde/Downloads/crowd_panic/No Panic/VID-20251025-WA0006_clip_069.mp4,No Panic,train,48,29.97,640,360,8.645833333333334,2.2125549271273597,12.0,0.04434433347807203,3.6428174490624285,1.764387317619169,6.1467809677124015,0.10202637405774863,0.27656451533449455,0.13408095623700347,0.45602393746376035,-0.0015366468888730698,75.7284041886223,112.55046591105929,210.01766510009782,0.2542111153982133
/Users/harinihegde/Downloads/crowd_panic/No Panic/VID-20251025-WA0006_clip_070.mp4,No Panic,train,48,29.97,640,360,5.0625,1.8974352206772875,8.300000000000004,0.044561441597915696,2.8742028424080384,1.1516757093813683,4.717849349975586,-0.005525082846023083,0.39343835738428096,0.1624441577350729,0.5697449803352356,0.00787342953470697,64.60672153379859,104.27019984570865,223.45821228027336,-0.11858976525530165
/Users/harinihegde/Downloads/crowd_panic/No Panic/VID-20251025-WA0006_clip_071.mp4,No Panic,train,48,29.97,640,360,5.6875,1.0238051979421345,7.0,0.013840642640034633,3.9255354734177286,1.3349437680066576,5.67831449508667,-0.038762033633563786,0.6910323367473927,0.21105099373235925,0.9076221585273743,0.0007397406850833795,57.78789345290372,82.28501766716484,99.48847045898441,0.013340034026233655
/Users/harinihegde/Downloads/crowd_panic/No Panic/VID-20251025-WA0006_clip_072.mp4,No Panic,train,48,29.97,640,360,8.25,1.479019945774904,10.0,0.00900998697351277,4.569878712613532,1.7197668285235082,6.608213424682617,-0.08709285312455411,0.633513295904119,0.312924777050927,0.9638602614402771,-0.013149575971301288,83.79946075126307,113.63092773103625,207.18593444824245,-0.019585105244003323
/Users/harinihegde/Downloads/crowd_panic/No Panic/VID-20251025-WA0006_clip_073.mp4,No Panic,train,48,29.97,640,360,7.854166666666667,1.8818163138013468,10.300000000000004,-0.05661094224924026,3.9323345549563142,1.307166422477018,5.76777582168579,0.045600493399772686,0.6980216344620319,0.22866184229001257,0.9652079701423645,0.009259160022207377,95.93332405973928,116.9427130310676,187.08748474121094,0.07097261197778576
/Users/harinihegde/Downloads/crowd_panic/No Panic/VID-20251025-WA0006_clip_074.mp4,No Panic,train,48,29.97,640,360,6.979166666666667,4.205599359451899,13.300000000000004,-0.15213851498046035,2.19861061775938,0.9220523537955325,3.6945604801177976,-0.052805115361107796,0.7963521861015482,0.11219749046655501,0.9115110516548157,-0.005025122194076224,66.80690892234104,123.77076635847193,143.06014099121097,-0.05917808842141786
/Users/harinihegde/Downloads/crowd_panic/No Panic/VID-20251025-WA0006_clip_075.mp4,No Panic,train,48,29.97,640,360,2.0,1.0408329997330663,3.0,-0.010855405992184104,2.2306353158139167,0.8011853558034043,3.332075023651123,-0.020265087781682505,0.6904878895333473,0.19562676358927017,0.9060677289962769,-0.01014200282678573,80.71308371505222,69.96048299465797,169.05133209228518,1.8288049702995666
/Users/harinihegde/Downloads/crowd_panic/No Panic/VID-20251025-WA0006_clip_076.mp4,No Panic,train,48,29.97,640,360,0.5833333333333334,1.0172129679778086,2.0,-0.00759878419452889,3.830247477014014,1.558625325918079,5.431423473358154,0.0682615697811204,0.9415009668532838,0.02045101871875973,0.9645110726356506,0.0006006302847893294,167.84322183782405,192.9063784287713,412.6197204589844,-2.8842895811254348
/Users/harinihegde/Downloads/crowd_panic/No Panic/VID-20251025-WA0006_clip_077.mp4,No Panic,test,48,29.97,640,360,3.7708333333333335,1.92829353891523,6.0,-0.008630047763786428,4.825746023908574,2.0803882573060513,7.15179033279419,-0.037004565677082595,0.9402668133695075,0.04466271272087671,0.973562729358673,-0.001666089528473732,101.88810878900381,145.79212699555748,206.40091247558624,-0.4480045132606485
/Users/harinihegde/Downloads/crowd_panic/No Panic/VID-20251025-WA0006_clip_078.mp4,No Panic,train,48,29.97,640,360,2.6666666666666665,2.967415635794143,6.300000000000004,0.10062961354754667,8.325347606171952,2.382929768998105,10.996089935302734,0.013094185128684044,0.8474385053553479,0.10816927585047338,0.9495675802230835,0.0009723475321810402,168.11482701301574,173.62963977681454,482.63562927246096,1.440312428466501
/Users/harinihegde/Downloads/crowd_panic/No Panic/VID-20251025-WA0006_clip_079.mp4,No Panic,train,48,29.97,640,360,4.229166666666667,4.588207635401384,11.0,0.04542987407729038,8.537835628428358,3.5083380928210253,13.53438262939453,0.10829839973290913,0.7504520577953216,0.17231635861542494,0.9188438773155212,-0.004728923904107301,129.19441683632988,158.42134408473942,384.64403076171874,0.21772203427395742
/Users/harinihegde/Downloads/crowd_panic/No Panic/VID-20251025-WA0006_clip_080.mp4,No Panic,train,48,29.97,640,360,3.5,1.9578900207451218,6.0,0.08554059921841077,11.171570752529387,4.876596550969941,17.429068756103515,-0.2195404876337129,0.8772499624719011,0.12445446445282217,0.953641390800476,-0.00213073513829851,187.4278342535,186.26205943837397,447.2979736328125,-1.8268286477818259
/Users/harinihegde/Downloads/crowd_panic/No Panic/VID-20251025-WA0006_clip_081.mp4,No Panic,train,48,29.97,640,360,4.375,1.943203969393503,7.0,0.04363873208858003,2.57422041132095,0.845476055039235,3.481066608428955,0.036247225890106705,0.37591348746989633,0.12414893293004711,0.5319180846214294,-0.00014813114595180812,61.06495598094915,73.49785111021448,124.24369049072271,0.27389211144828646
/Users/harinihegde/Downloads/crowd_panic/No Panic/VID-20251025-WA0006_clip_082.mp4,No Panic,train,48,29.97,640,360,4.354166666666667,2.487381348370656,8.0,-0.15724055579678695,4.2386092835284295,1.4490617142638569,6.234953212738037,-0.05784466209288107,0.23549503797387822,0.10962841611183162,0.38529030084609983,-0.0007612346456137146,67.20059661349357,100.15494946319667,154.77882385253906,-0.003577184915731427
/Users/harinihegde/Downloads/crowd_panic/No Panic/VID-20251025-WA0006_clip_083.mp4,No Panic,test,48,29.97,640,360,2.3541666666666665,1.163500167120267,4.0,0.01177811550151972,3.939721188646682,1.3631745882288029,5.840667152404785,0.04280998329670756,0.2539423622904306,0.12936836618555006,0.4279087483882904,0.0002576571473098839,58.315582733262666,80.80855386136653,122.06547546386713,0.5560533676435166
/Users/harinihegde/Downloads/crowd_panic/No Panic/VID-20251025-WA0006_clip_084.mp4,No Panic,train,48,29.97,640,360,1.2083333333333333,1.0598414451647422,3.0,-0.04049066435084675,3.9663245525765927,0.9558314409458236,5.366339874267578,0.050780018097156786,0.37828744048292334,0.17655425947301062,0.5654651165008545,0.004201385525988277,49.46259023414718,104.7821315581218,61.74017143249512,1.790187476884137
/Users/harinihegde/Downloads/crowd_panic/No Panic/VID-20251025-WA0006_clip_085.mp4,No Panic,train,48,29.97,640,360,3.2291666666666665,2.443013706924753,7.0,0.12456578376031263,3.9027901710347925,1.1724631235645984,5.308917331695556,0.004743023948687071,0.5630043399460772,0.18824865501572022,0.8400409936904907,0.008905442769291998,71.99121203876678,128.7395411743555,225.16835021972713,-0.382662015247464
/Users/harinihegde/Downloads/crowd_panic/No Panic/VID-20251025-WA0006_clip_086.mp4,No Panic,train,48,29.97,640,360,4.520833333333333,1.6954545031413326,7.0,0.04738384715588356,4.735596981454403,1.4235013220051884,6.229450511932373,0.06435915166089977,0.4503463827707666,0.14869631556621918,0.6132779359817504,-0.003865449298190422,115.71509764107262,120.00785877562741,266.9774566650391,0.17259574621267604
/Users/harinihegde/Downloads/crowd_panic/No Panic/VID-20251025-WA0006_clip_087.mp4,No Panic,train,48,29.97,640,360,4.916666666666667,1.3819269959814167,7.0,0.014654798089448508,4.769289676179278,1.5847487411667551,6.7953294754028315,-0.0794404461966081,0.34140884931734267,0.13070890693565101,0.5169625401496887,0.003735297659987535,107.42067864072982,136.06509349959956,291.08494873046885,-0.8568487466766684
/Users/harinihegde/Downloads/crowd_panic/No Panic/VID-20251025-WA0006_clip_088.mp4,No Panic,train,48,29.97,640,360,4.5,2.8136571693556887,8.300000000000004,-0.1593573599652628,4.196507575664114,1.2657651227132594,5.954069805145264,-0.0163478028652957,0.31682442532891925,0.15641986933647556,0.5046508312225342,-0.00618480080368202,88.07583110599045,92.7098674962663,171.47642517089844,0.27911059592019466
/Users/harinihegde/Downloads/crowd_panic/No Panic/VID-20251025-WA0006_clip_089.mp4,No Panic,train,48,29.97,640,360,6.166666666666667,2.748737083745107,9.300000000000004,0.07533651758575761,3.3596200131355447,1.5970661007641123,5.92534418106079,-0.02104930994579014,0.30311524860085326,0.1484176135139717,0.491101998090744,0.0019558230199602108,101.03884898947778,141.29538759094655,240.61115417480485,0.14005614417149229
/Users/harinihegde/Downloads/crowd_panic/No Panic/VID-20251025-WA0006_clip_090.mp4,No Panic,train,48,29.97,640,360,7.895833333333333,2.8375428288495588,12.0,0.04499565783760305,2.13623487188461,0.6708752121440218,3.0149920463562006,0.019169546491453558,0.3991491078854875,0.1623184364618774,0.643031346797943,0.00745359403628315,97.7798690343454,155.41871439375336,334.75389404296874,0.019238611217428783
/Users/harinihegde/Downloads/crowd_panic/No Panic/VID-20251025-WA0006_clip_091.mp4,No Panic,train,48,29.97,640,360,3.3125,3.4105000244343446,8.300000000000004,-0.2219387755102042,3.9950021327810084,1.8192593884578419,6.803408432006836,-0.09109303182909378,0.292370418086648,0.14488050879140485,0.4819518983364105,-0.00441094910446813,138.99507874204207,112.35680607320137,297.3923706054688,1.5511492562735167
/Users/harinihegde/Downloads/crowd_panic/No Panic/VID-20251025-WA0006_clip_092.mp4,No Panic,train,48,29.97,640,360,0.041666666666666664,0.19982631347136337,0.0,-0.002279635258358664,2.809785452294857,0.8202819753649131,4.0182530879974365,0.04000300655587751,0.4163765030655455,0.20564431504550762,0.729013204574585,-0.0028984326926110846,0.0,0.0,0.0,0.0
/Users/harinihegde/Downloads/crowd_panic/No Panic/VID-20251025-WA0006_clip_093.mp4,No Panic,train,48,29.97,640,360,2.2708333333333335,1.7997636804746215,5.0,-0.003853669127225368,2.858853078903036,0.7289130663143835,3.7466517448425294,0.023376026975678466,0.40620071298264443,0.1661803443237659,0.6123879313468933,0.005682033897617921,41.014928322333795,75.14312153721936,83.83024139404307,-0.18554433565848308
/Users/harinihegde/Downloads/crowd_panic/No Panic/VID-20251025-WA0006_clip_094.mp4,No Panic,train,48,29.97,640,360,1.5833333333333333,1.396921217853351,3.0,0.03517151541467648,2.834557449564021,1.1752856710035822,4.0216046333312985,-0.05996010924631743,0.4996786856270851,0.1877156929356808,0.7287760257720948,0.0037083502490138994,70.49161238715334,89.90326059349019,203.3793395996094,-3.26770261268888
/Users/harinihegde/Downloads/crowd_panic/No Panic/VID-20251025-WA0006_clip_095.mp4,No Panic,train,48,29.97,640,360,4.75,1.9311050377094112,7.0,0.09346504559270512,5.362591479686981,1.8599500604471724,7.909649562835693,0.015560515355887398,0.804226390858914,0.1417610414807665,0.9470403075218201,-0.008294942158995457,100.47537919911005,129.60940160733165,264.09996032714844,0.32513425255695105
/Users/harinihegde/Downloads/crowd_panic/No Panic/VID-20251025-WA0006_clip_096.mp4,No Panic,train,48,29.97,640,360,2.0208333333333335,1.7137870265065676,5.0,-0.10849978289188023,3.1710539751864495,1.155377369126706,4.63275260925293,0.009615789247706017,0.705470991895554,0.21120955624469906,0.9392093300819397,0.009318462129299784,155.4822073424304,153.61041239051235,333.7162170410156,3.0627748067247627
/Users/harinihegde/Downloads/crowd_panic/No Panic/VID-20251025-WA0006_clip_097.mp4,No Panic,train,48,29.97,640,360,0.8958333333333334,1.1768528535415501,2.3000000000000043,0.04293313069908815,8.16421121232053,3.6155930920597026,12.611921310424803,-0.1669088604271577,0.9466790138406956,0.02543305418132719,0.9721589684486389,-0.0015018451597048857,86.41444570139835,63.72743682770829,175.9407775878906,-3.1789679209391304
/Users/harinihegde/Downloads/crowd_panic/No Panic/VID-20251025-WA0006_clip_098.mp4,No Panic,train,48,29.97,640,360,6.375,1.7032444529974746,8.300000000000004,0.033651758575770685,2.8150931190937123,0.7082710447074381,3.8407444477081296,0.02060505732632038,0.37396096093381975,0.17243701814572904,0.6186749219894409,-0.008177486895975564,55.708711026887585,102.18959197670674,128.8392562866211,-0.02938885555185589
/Users/harinihegde/Downloads/crowd_panic/No Panic/VID-20251025-WA0006_clip_099.mp4,No Panic,train,48,29.97,640,360,2.3333333333333335,2.6404965862924765,6.300000000000004,-0.16456795484151113,2.786719948687452,0.8654180688280859,3.9810791492462148,-0.04089871703696185,0.6262171994498436,0.1779099738724749,0.8171879649162292,-0.004306342559595222,97.43544436049187,81.97145028670256,185.34773559570317,0.218707105078728
/Users/harinihegde/Downloads/crowd_panic/No Panic/VID-20251025-WA0006_clip_100.mp4,No Panic,train,48,29.97,640,360,0.0625,0.24206145913796356,0.0,-0.0037451150673035185,2.346586100598599,0.5009232722924084,3.0577555656433106,0.02498473585423887,0.41986915469169617,0.16041726427582956,0.6380206584930418,-0.0024718072344648056,2.0559724271297455,1.3958448469638824,3.1726483047008514,-2.791689693927765
/Users/harinihegde/Downloads/crowd_panic/No Panic/VID-20251025-WA0006_clip_101.mp4,No Panic,train,48,29.97,640,360,0.4791666666666667,0.5769742676719263,1.0,0.013189318280503688,3.1824713818570403,1.0211485617752882,4.493713474273681,-0.0274959223122645,0.24070321974602152,0.12898960387839364,0.39875074625015255,-0.0012381456802692996,21.504610816637676,13.396828310056693,41.353463935852055,1.0334722695650758
/Users/harinihegde/Downloads/crowd_panic/No Panic/VID-20251025-WA0006_clip_102.mp4,No Panic,train,48,29.97,640,360,4.145833333333333,1.9363796043705435,6.300000000000004,0.01894268345636122,3.6366181728687694,0.8441212681153113,4.610744190216065,-0.009629159641971622,0.44452817738056183,0.156501753798456,0.6448079228401183,0.0007327781054540266,83.28645495198808,97.21567776373575,161.80569458007818,0.2625851573972848
/Users/harinihegde/Downloads/crowd_panic/No Panic/VID-20251025-WA0006_clip_103.mp4,No Panic,train,48,29.97,640,360,2.0625,1.7248943204343465,4.0,0.05074902301346069,2.2148804385611354,1.193471991467686,4.581017875671387,-0.05740658747278685,0.4039415780930443,0.2119369755615191,0.717747938632965,-0.0062215753915400105,61.28317038636459,101.24719571354599,159.39106750488276,-1.8946873554918833
/Users/harinihegde/Downloads/crowd_panic/No Panic/VID-20251025-WA0006_clip_104.mp4,No Panic,train,48,29.97,640,360,3.875,1.508655582519306,6.0,-0.03788536691272252,2.7283557120789874,1.146564535212713,4.5483927726745605,0.05687432175814061,0.43909779626955375,0.17065982526392248,0.6899693965911865,-0.004137204217773604,73.75547496869531,88.78503286412227,193.6240844726564,0.5661622250596551
/Users/harinihegde/Downloads/crowd_panic/No Panic/VID-20251025-WA0006_clip_105.mp4,No Panic,train,48,29.97,640,360,0.3958333333333333,0.9069082858199548,2.0,-0.042064698219713474,3.628146392233828,0.9988854284502996,4.832480716705322,0.04659690332291414,0.3723857855979115,0.1523302487221889,0.576149582862854,-0.003609242618913613,124.13656207493374,58.29659657775934,197.65935668945312,10.733852855975808
/Users/harinihegde/Downloads/crowd_panic/No Panic/VID-20251025-WA0006_clip_106.mp4,No Panic,train,48,29.97,640,360,0.14583333333333334,0.40771637064126937,1.0,0.00993269648284846,4.592684563170088,0.7446171681098978,5.6525465965271,-0.018696400106890592,0.24522685386399004,0.1510354891529669,0.44985902309417725,-0.0018997825764009346,4.960500597953796,2.707156777381897,7.126226019859314,-5.414313554763794
/Users/harinihegde/Downloads/crowd_panic/No Panic/VID-20251025-WA0006_clip_107.mp4,No Panic,train,48,29.97,640,360,1.1458333333333333,1.0990447240924983,2.3000000000000043,0.025021710811984364,4.406011581420898,1.19600187959164,6.088771438598632,0.030470217713374607,0.24672075937640794,0.14091090410954382,0.42575274705886834,-0.0012205693084414056,163.17513910154017,179.01727139127976,319.51568603515625,3.6613658012828756
/Users/harinihegde/Downloads/crowd_panic/No Panic/VID-20251025-WA0006_clip_108.mp4,No Panic,train,48,29.97,640,360,3.25,1.2162099599438687,4.300000000000004,0.018996960486322156,4.771029781787954,1.2788692746444452,6.879400253295898,0.005269921482105635,0.2940858898961798,0.12782683917961069,0.456476628780365,-0.0015360074786333242,100.49966370500624,143.1429928643563,252.5558074951172,0.6112936228408661
/Users/harinihegde/Downloads/crowd_panic/No Panic/VID-20251025-WA0006_clip_109.mp4,No Panic,train,48,29.97,640,360,1.1041666666666667,0.8225869592666515,2.3000000000000043,-0.02067954841511074,4.7991428781062995,1.5675156184625725,7.073234939575195,-0.05938567434826127,0.2746712614960493,0.14698605158469052,0.4605404913425445,-0.0004325576990698052,120.31059730620612,100.49905822964492,272.37415924072263,-2.807530183361681
/Users/harinihegde/Downloads/crowd_panic/No Panic/VID-20251025-WA0006_clip_110.mp4,No Panic,test,48,29.97,640,360,1.8958333333333333,1.8956043817796535,5.0,0.11088797221016068,4.521415264048475,1.073690804352329,6.1339616775512695,0.03214256199392092,0.29399065356305304,0.15042116033304315,0.4706051409244537,0.0009146857072808597,85.97849165068732,166.00343377154817,290.2393280029297,-0.3613109221082151
/Users/harinihegde/Downloads/crowd_panic/No Panic/VID-20251025-WA0006_clip_111.mp4,No Panic,train,48,29.97,640,360,3.2916666666666665,0.9344858955002417,5.0,-0.02138514980460276,6.106229837904585,1.3177637772803763,8.104087257385254,0.05147394885297845,0.27562426878733837,0.1219826660107485,0.4323732554912567,-0.002307383986284729,107.35318213568793,110.55546564975461,269.44971923828126,0.6531200112185698
/Users/harinihegde/Downloads/crowd_panic/No Panic/VID-20251025-WA0006_clip_112.mp4,No Panic,test,48,29.97,640,360,1.5,1.3070322617798436,3.0,0.013894919669995643,4.8056487986382015,1.2469189969974404,6.450045871734618,-0.06253112581016608,0.23938373638752927,0.13317583605172506,0.42683182954788207,0.0022691374693744786,90.88207059181653,118.88762763506246,270.47853088378906,-4.595667090646371
/Users/harinihegde/Downloads/crowd_panic/No Panic/VID-20251025-WA0006_clip_113.mp4,No Panic,train,48,29.97,640,360,0.7916666666666666,0.9344858955002419,2.0,-0.056448111159357384,4.621771609529536,1.1453432834851476,5.868128776550292,-0.033674413798364784,0.2917226627469063,0.11586990136966299,0.44230151176452637,-0.0035949595027864236,137.77659323556082,110.4720839723352,253.03661193847657,8.617297752230774
/Users/harinihegde/Downloads/crowd_panic/No Panic/VID-20251025-WA0006_clip_114.mp4,No Panic,test,48,29.97,640,360,1.2083333333333333,1.1539485353438523,3.0,0.030720798957881015,3.8565708069091147,0.7350041397445866,4.618815612792969,-0.024093453885227527,0.32455678957890954,0.16022941444949515,0.5371354937553405,0.004754262146687311,94.4659133143723,155.2968883207324,333.5898071289063,0.7434295453677462
/Users/harinihegde/Downloads/crowd_panic/No Panic/VID-20251025-WA0006_clip_115.mp4,No Panic,train,48,29.97,640,360,8.145833333333334,3.69114697244938,12.0,0.2167281806339557,5.036805513057303,1.3477994345313478,6.536997127532959,0.08418844203282905,0.23152586211390952,0.13433021914828158,0.398100483417511,-0.0014802739487238944,82.0746432462306,120.10966741279277,196.39759826660156,-0.06496837853293486
/Users/harinihegde/Downloads/crowd_panic/No Panic/VID-20251025-WA0006_clip_117.mp4,No Panic,train,48,29.97,640,360,1.6458333333333333,1.163500167120267,3.3000000000000043,-0.015251845419018695,5.9077905644761755,1.3112809793804234,7.534462547302246,-0.0452555460195426,0.20281713317207833,0.11024381844336566,0.3454922616481781,0.0008097580215350066,153.1023568312327,119.23274840472484,322.72201538085943,-0.5324657360367643
/Users/harinihegde/Downloads/crowd_panic/No Panic/VID-20251025-WA0006_clip_118.mp4,No Panic,train,48,29.97,640,360,3.0208333333333335,1.346129998262509,5.0,0.05346287451150671,3.5141545610224947,1.2246739918998903,5.141747856140136,-0.05495819372230934,0.26901197267022536,0.13503155712720463,0.4198325574398041,0.0014579168212437233,47.20262427286271,106.09512634677799,58.34354934692384,-0.6602917527414511
/Users/harinihegde/Downloads/crowd_panic/No Panic/VID-20251025-WA0006_clip_119.mp4,No Panic,train,48,29.97,640,360,3.9583333333333335,1.4713702985841313,6.0,-0.0462440295267044,3.6597367372918637,1.5298094078902686,6.637018489837646,0.05628354800563517,0.45888377694373433,0.25263676875675567,0.7869749069213867,0.01332586810551067,107.21348363277959,137.957331707976,226.8003723144532,0.6314779827544369
/Users/harinihegde/Downloads/crowd_panic/No Panic/VID-20251025-WA0006_clip_120.mp4,No Panic,train,48,29.97,640,360,5.375,2.077909606631947,9.0,-0.06621797655232319,3.6618140961261507,1.1031572197045416,4.942851924896241,0.036680741402752216,0.46791019322390254,0.23121809628622061,0.890499210357666,-0.010538893082385032,90.09907586711878,131.5896491799195,191.13943481445327,-0.5114786184729212
/Users/harinihegde/Downloads/crowd_panic/No Panic/VID-20251025-WA0006_clip_121.mp4,No Panic,test,48,29.97,640,360,5.791666666666667,1.9786183450972943,9.0,0.10518888406426395,3.3522406994028295,0.8913156615231181,4.6511315345764155,-0.007920560464056132,0.4480266563118772,0.2502775809192152,0.7748593091964721,0.00118131981473365,45.09842250455959,101.13703682308258,66.63369750976562,0.3099261298362277
/Users/harinihegde/Downloads/crowd_panic/No Panic/VID-20251025-WA0006_clip_122.mp4,No Panic,test,48,29.97,640,360,3.9375,2.860698122836452,8.0,-0.17743161094224938,4.552816964210348,1.39527718058629,6.758959579467773,-0.0031893647290511,0.7594703004715291,0.11771918826481129,0.8845715880393982,0.001085686098498176,108.703879493995,90.71813281253182,234.6492279052735,-0.12377134090280367
/Users/harinihegde/Downloads/crowd_panic/No Panic/VID-20251025-WA0006_clip_123.mp4,No Panic,train,48,29.97,640,360,3.7083333333333335,2.101173613853828,6.0,-0.026052974381241923,4.040998020070664,3.2296882698113083,6.845084095001219,0.1821277798269768,0.39528325517126855,0.18038638275739236,0.6344141125679016,-0.002989932122768676,79.35897670836411,148.21703481405828,337.64074707031256,1.1834282536159575
/Users/harinihegde/Downloads/crowd_panic/No Panic/VID-20251025-WA0006_clip_124.mp4,No Panic,test,48,29.97,640,360,6.75,5.190134873006674,12.600000000000009,0.22329570125922713,4.579181668606211,2.8379868774771113,8.270553493499754,0.1467728601987444,0.6484347369442595,0.26702739540156123,0.9091670274734497,0.016245798337911704,110.90160111122661,149.53144147183227,305.2630004882812,0.3395009547083299
/Users/harinihegde/Downloads/crowd_panic/No Panic/VID-20251025-WA0006_clip_125.mp4,No Panic,train,48,29.97,640,360,12.020833333333334,6.863215910845941,22.0,-0.35589448545375646,3.2752738328690225,1.3755869493510944,5.282802009582519,-0.07717040069504641,0.782609003338408,0.18201443923546193,0.9302828669548034,-0.009811718838770113,116.79330403437149,161.75375697305412,372.79571533203125,-0.21815153900559234
/Users/harinihegde/Downloads/crowd_panic/No Panic/VID-20251025-WA0006_clip_126.mp4,No Panic,train,48,29.97,640,360,3.2083333333333335,2.198089448184996,6.300000000000004,-0.08250108554059937,3.1745015737858227,1.6794101773482848,5.5039238929748535,0.09981473964689838,0.48685633153357405,0.17742239716365132,0.7182411909103393,0.008223476057232918,79.93316688216649,154.61079575997897,260.564291381836,0.9894810594070634
/Users/harinihegde/Downloads/crowd_panic/No Panic/VID-20251025-WA0006_clip_127.mp4,No Panic,train,48,29.97,640,360,6.875,3.066111815747538,10.0,0.02887537993920967,6.539650044542678,1.463854853201153,8.52359275817871,-0.022963469663667573,0.46670560982633147,0.23741173464054996,0.7871579170227051,-0.01438872926333483,79.45552711103805,125.05662562462763,239.79756164550793,-0.18076943684954735
/Users/harinihegde/Downloads/crowd_panic/No Panic/VID-20251025-WA0006_clip_128.mp4,No Panic,train,48,29.97,640,360,6.291666666666667,2.1307112792575995,9.0,0.015306122448979524,5.3237685345588845,2.1122390250985643,7.900247573852539,-0.059409227087804266,0.6683423839350964,0.1847962954176033,0.876724100112915,0.007101126394263028,112.01906209297417,147.63800008336847,317.8744842529298,-0.6815303418209872
/Users/harinihegde/Downloads/crowd_panic/No Panic/VID-20251025-WA0006_clip_129.mp4,No Panic,train,48,29.97,640,360,7.916666666666667,2.8198207192814384,11.300000000000004,0.1140903169778549,2.270686552879658,0.7148271152581245,3.1674953937530517,-0.015097029458914049,0.4973938648212463,0.2380434209419731,0.8051013588905335,-0.002114062740275354,67.44213350952649,119.37533544087701,199.94297790527344,0.025094894622578336
/Users/harinihegde/Downloads/crowd_panic/No Panic/VID-20251025-WA0006_clip_130.mp4,No Panic,train,48,29.97,640,360,10.458333333333334,2.6689443397884656,14.0,-0.10138949196699992,3.3943203408667384,1.6199774946830394,5.868040084838867,-0.05882543674174779,0.6213237774815965,0.30227277167104816,0.921075165271759,-0.01635454594227421,74.00362086918403,113.57471322620222,193.99412536621094,0.002021262204737464
/Users/harinihegde/Downloads/crowd_panic/No Panic/VID-20251025-WA0006_clip_131.mp4,No Panic,train,48,29.97,640,360,10.145833333333334,2.908246775216222,15.0,-0.061712983065566836,3.180487059532328,0.794699797332009,4.634054088592529,-0.010996035576748922,0.6061426172865197,0.17478395247031217,0.8276316881179809,0.0030348361517189893,81.68913183722756,133.9823695753706,183.93399200439438,0.03971678164779592
/Users/harinihegde/Downloads/crowd_panic/No Panic/VID-20251025-WA0006_clip_132.mp4,No Panic,test,48,29.97,640,360,7.354166666666667,2.0257671729221225,10.0,-0.08776595744680867,2.91024105599586,0.9079446301883872,4.206730365753174,0.0297864261156536,0.3780307634238233,0.17462730988286218,0.595128309726715,0.0040330067638800655,67.67372434731298,113.00881542419603,141.85173645019532,-0.15781909175032413
/Users/harinihegde/Downloads/crowd_panic/No Panic/VID-20251025-WA0006_clip_133.mp4,No Panic,train,48,29.97,640,360,4.958333333333333,1.6703085210689539,7.300000000000004,-0.04309596178897097,4.340932166322749,1.3157095573754032,6.08880968093872,-0.01425559072997372,0.6631269283751224,0.14927719860590893,0.830552077293396,-0.0034757950562883744,78.52315099655635,95.52203855860492,122.93032379150395,0.4893966971837311
/Users/harinihegde/Downloads/crowd_panic/No Panic/VID-20251025-WA0006_clip_134.mp4,No Panic,train,48,29.97,640,360,4.8125,2.3686867845566524,8.300000000000004,0.02914676508901428,2.967631994409764,0.4588787654330407,3.619721698760986,-0.003048180182921853,0.22982799438165225,0.11818430257049403,0.4022705972194671,0.0003078696172586219,80.57785038228305,141.91324817073,174.76095275878913,-0.3596115913002768
/Users/harinihegde/Downloads/crowd_panic/No Panic/VID-20251025-WA0006_clip_135.mp4,No Panic,train,48,29.97,640,360,4.833333333333333,1.711886548681178,7.0,-0.039947894051237644,2.5332923975396664,0.9234887284816226,3.4515480995178223,-0.006691073883362743,0.4710574406892695,0.1857656072010213,0.7008919477462768,0.001882688629128223,64.0798202964364,113.13061285609724,241.36188964843774,0.28413253076879513
/Users/harinihegde/Downloads/crowd_panic/No Panic/VID-20251025-WA0006_clip_136.mp4,No Panic,train,48,29.97,640,360,2.3541666666666665,1.7968674516749668,5.0,-0.0901541467650891,3.262517639931212,1.356690974119108,5.483088779449463,-0.015376943112742958,0.6272433263824341,0.21253821941513631,0.8669442176818848,-0.006996183653571442,145.7599566123065,172.07132834474334,452.81125488281253,0.475900870559551
/Users/harinihegde/Downloads/crowd_panic/No Panic/VID-20251025-WA0006_clip_137.mp4,No Panic,test,48,29.97,640,360,2.5416666666666665,2.1885909977781495,6.0,0.10280069474598351,2.8983115414355662,1.043183521960659,4.113235616683959,0.06628015219724145,0.6868536751321022,0.24085234838905706,0.9233458876609802,0.013921922103783587,87.78773454801146,153.37165253016667,246.57929382324215,0.05295365939592327
/Users/harinihegde/Downloads/crowd_panic/No Panic/VID-20251025-WA0006_clip_138.mp4,No Panic,test,48,29.97,640,360,4.020833333333333,2.015456765158266,7.0,-0.1060030395136779,6.106772853973064,2.51495146474849,9.140338706970214,-0.006062514852528987,0.8271468116881999,0.09337166227124692,0.9466301321983337,0.0035005756942460687,112.62302320344108,145.31645748886277,344.64719848632814,0.6247813697504347
/Users/harinihegde/Downloads/crowd_panic/No Panic/VID-20251025-WA0006_clip_139.mp4,No Panic,test,48,29.97,640,360,3.9583333333333335,2.1209110987707356,7.0,0.0681719496309162,4.475360617992726,2.469808759394431,7.415119647979736,-0.16640272121755853,0.8699318538320825,0.06974651355353483,0.9291210293769836,-0.0030604597666989133,82.59236568341153,101.42835409243972,191.0746826171875,-1.0652308012334504
/Users/harinihegde/Downloads/crowd_panic/No Panic/VID-20251025-WA0006_clip_140.mp4,No Panic,train,48,29.97,640,360,2.0416666666666665,1.3378828631668602,4.0,0.0019539730785930725,2.44801870812761,1.0590979512386345,4.041754674911498,0.040963914910474394,0.8007323653139966,0.11606617808610632,0.9224695086479187,0.003463381837629596,63.40670213512346,84.9305177705815,111.04525756835938,-0.4838534293886763
/Users/harinihegde/Downloads/crowd_panic/No Panic/VID-20251025-WA0006_clip_141.mp4,No Panic,train,48,29.97,640,360,5.875,3.5568302836467565,10.0,0.196048632218845,2.793124586977857,0.9428175151073009,3.946304368972778,0.01821732004134332,0.7477727671887012,0.11111853077522534,0.8774992465972901,-0.0006763554565008818,94.83331077683854,167.51156474614464,329.0219421386719,0.14320794474607443
/Users/harinihegde/Downloads/crowd_panic/No Panic/VID-20251025-WA0006_clip_142.mp4,No Panic,train,48,29.97,640,360,3.9375,2.1928505991061042,8.0,-0.06203864524533222,2.591654161189465,0.8717377306833468,3.628675889968872,-0.028092036070259035,0.6203436496409964,0.13253764725666972,0.7723190903663635,-0.006330357656006888,109.69976027048271,144.50454982926905,296.7196350097656,-0.5339529680396304
/Users/harinihegde/Downloads/crowd_panic/No Panic/VID-20251025-WA0006_clip_143.mp4,No Panic,train,48,29.97,640,360,6.4375,1.9462169500512183,8.0,0.0033108988276160656,1.6695134893376777,0.44581071033948066,2.0433783531188965,0.00840896929060279,0.5610642775576166,0.21371966513114135,0.8685101866722107,0.012097714463667562,62.12786324262619,132.61394665545356,88.12149810791016,-0.1894192373750193
/Users/harinihegde/Downloads/crowd_panic/No Panic/VID-20251025-WA0006_clip_144.mp4,No Panic,train,48,29.97,640,360,7.583333333333333,2.3877581303157336,10.0,-0.08369518019973964,3.772792144024626,1.5761711570412862,5.492103576660156,0.015662333928910192,0.9207736913194048,0.03786551259031481,0.9593749880790711,0.0005365090718653203,91.7919776111738,123.44430104111972,228.46514282226562,0.028204153824731116
/Users/harinihegde/Downloads/crowd_panic/No Panic/VID-20251025-WA0006_clip_145.mp4,No Panic,test,48,29.97,640,360,5.666666666666667,1.7950549357115013,8.0,-0.058944854537559856,3.7827063469176596,1.2271062825013876,5.423426342010498,0.01783832342507771,0.880811537833924,0.07397095156250494,0.9584139347076416,0.0009406704617583413,64.38422452509403,89.49964013571413,136.99301452636715,-0.4623405372835393
/Users/harinihegde/Downloads/crowd_panic/No Panic/VID-20251025-WA0006_clip_146.mp4,No Panic,test,48,29.97,640,360,5.375,1.8888378261071894,8.0,-0.06882327399044738,4.556563636089893,1.2813605515846733,6.213160800933838,0.054386048681971985,0.8385541692693183,0.06276276459014779,0.9170223116874695,0.0015644479291401683,56.268985407363964,113.50524791234719,69.33928985595705,0.24454506268203602
/Users/harinihegde/Downloads/crowd_panic/No Panic/VID-20251025-WA0006_clip_147.mp4,No Panic,train,48,29.97,640,360,9.333333333333334,4.6651783340928015,15.0,0.21482848458532344,3.005576788110936,0.8914470921000706,4.5454480171203615,0.03184861689116757,0.3072044811350234,0.20086849195520134,0.624788999557495,-0.010054564211607163,71.63652685284615,124.32380899571379,206.75460968017575,0.09897590998377524
/Users/harinihegde/Downloads/crowd_panic/No Panic/VID-20251025-WA0006_clip_148.mp4,No Panic,train,48,29.97,640,360,7.9375,2.339927438333648,11.0,-0.03587711680416854,4.636037948283743,1.8700232664736656,7.193548202514648,0.09136522731551633,0.5317027131293682,0.2673531615635561,0.8655343770980835,0.018015777709429515,84.37670149834328,121.95410617804536,223.05538940429688,0.027941858887475884
/Users/harinihegde/Downloads/crowd_panic/No Panic/VID-20251025-WA0006_clip_149.mp4,No Panic,train,48,29.97,640,360,5.916666666666667,2.1098314835286938,8.300000000000004,0.058076422058184904,3.4443954660537397,1.210269006372645,5.099779796600342,0.06834017563263212,0.3320628194574346,0.11794376803439886,0.4527603089809417,-0.003496728847397769,93.9858117881251,130.90861632312786,291.41170043945317,0.34595648275557916
/Users/harinihegde/Downloads/crowd_panic/No Panic/VID-20251025-WA0006_clip_150.mp4,No Panic,train,48,29.97,640,360,4.979166666666667,2.462126311183531,8.300000000000004,0.1129504993486756,4.54374857151762,2.310049116550066,8.635153579711913,0.11552207738464351,0.7035208840636497,0.2684193393004968,0.9109978914260864,0.01654025328506705,123.21832572846185,134.55298441199213,288.28232421875015,0.3351130063320142
/Users/harinihegde/Downloads/crowd_panic/No Panic/VID-20251025-WA0006_clip_151.mp4,No Panic,test,48,29.97,640,360,4.291666666666667,2.3713422125220327,8.0,-0.07870169344333479,3.408714345160951,1.0145782340847398,4.685465240478516,0.013364316273573675,0.6036771745123761,0.1766406076661227,0.889133083820343,-0.005324308377079778,97.9748110961223,139.39618114313285,284.30751037597656,-0.36812205057965064
/Users/harinihegde/Downloads/crowd_panic/No Panic/VID-20251025-WA0006_clip_152.mp4,No Panic,test,48,29.97,640,360,6.208333333333333,2.130711279257599,9.0,0.01801997394702554,2.8697888775074736,0.6393713667202087,3.65176739692688,-0.010518104265289768,0.28993114638835826,0.11922961801672108,0.4275536179542541,-0.003471080896984796,77.69610104228543,145.23692168429312,365.08348083496094,-0.1452928423717941
/Users/harinihegde/Downloads/crowd_panic/No Panic/VID-20251025-WA0006_clip_153.mp4,No Panic,test,48,29.97,640,360,7.3125,2.433757811149937,10.300000000000004,-0.0023339122883197106,2.9580876624330563,0.5697211880091749,3.7499113082885738,0.0219810146297381,0.325938381571719,0.12121231170047751,0.47604788541793824,-0.0009863019397931955,77.30412618889876,143.06786527743802,211.16664276123052,0.13396813570438296
/Users/harinihegde/Downloads/crowd_panic/No Panic/VID-20251025-WA0006_clip_154.mp4,No Panic,train,48,29.97,640,360,5.1875,1.6789908923715657,7.0,-0.04184759009986988,4.469868030953915,1.7186596305405208,6.832254409790038,-0.07114067720550832,0.8283765354055039,0.09211807006966706,0.93091961145401,-0.0027837612555051115,103.93293153457954,132.98877923701951,229.53093872070326,-0.4197076136790368
/Users/harinihegde/Downloads/crowd_panic/No Panic/VID-20251025-WA0006_clip_155.mp4,No Panic,train,48,29.97,640,360,7.5,1.8708286933869707,10.0,0.008358662613981679,2.757859207214193,0.6176279359472827,3.722332239151001,0.004938827012557913,0.6632257509738841,0.16389467880878192,0.8630521297454834,0.0018963125102725137,62.31191053545811,116.95744637375017,135.18644409179694,-0.12677898300744922
/Users/harinihegde/Downloads/crowd_panic/No Panic/VID-20251025-WA0006_clip_156.mp4,No Panic,test,48,29.97,640,360,5.479166666666667,2.0815617467554395,8.0,0.02556448111159352,2.365837561323288,0.42590311912562795,3.006631803512573,-0.0021105391162065607,0.44206128634036856,0.1965621246054791,0.7240425109863281,0.0022338913869074826,64.22046810892684,130.480213744325,118.84322357177734,-0.0879880781730031
/Users/harinihegde/Downloads/crowd_panic/No Panic/VID-20251025-WA0006_clip_157.mp4,No Panic,train,48,29.97,640,360,8.3125,1.781341371925475,11.0,-0.035008684324793836,3.460547130158607,1.1394707290474317,4.71097936630249,0.05309017780034439,0.581162692067471,0.24684727949381566,0.8567339301109314,-0.0021222099148350414,67.56654811501502,103.09117406093239,157.06942138671877,0.23273600816940068
/Users/harinihegde/Downloads/crowd_panic/No Panic/VID-20251025-WA0006_clip_158.mp4,No Panic,train,48,29.97,640,360,11.5625,4.481007373720035,16.0,0.1928462874511506,4.943906451793427,2.02042264223382,7.619204902648925,-0.016636556629556726,0.6553962561995426,0.1997678123488696,0.8711809158325196,-0.0006522316240966558,125.19713976531877,156.86731699044878,342.09177246093765,-0.07603206533159629
/Users/harinihegde/Downloads/crowd_panic/No Panic/VID-20251025-WA0006_clip_159.mp4,No Panic,train,48,29.97,640,360,9.8125,2.666585285216532,14.0,-0.10296352583586642,3.573935186609309,1.4863960151966988,5.585568523406982,0.06730546554848624,0.7083967129917855,0.23720511475201816,0.8824467301368712,0.012084097193965864,101.71981138672994,125.64480419302507,255.8442382812502,0.18436014949117155
/Users/harinihegde/Downloads/crowd_panic/No Panic/VID-20251025-WA0006_clip_160.mp4,No Panic,train,48,29.97,640,360,10.0625,2.1928505991061042,13.0,-0.0291467650890144,7.783844354304861,2.4095817135604642,10.904374885559083,-0.1054401805729474,0.8329995356975718,0.1130865904462737,0.9295320868492126,0.004987612128891851,147.60000833668317,147.7578081062713,366.3240661621094,-0.32544448488686045
/Users/harinihegde/Downloads/crowd_panic/No Panic/VID-20251025-WA0006_clip_161.mp4,No Panic,train,48,29.97,640,360,13.083333333333334,4.152475834433664,18.0,0.21884498480243142,3.4126174044101796,1.6685200802242375,5.892591190338134,0.015585825646728693,0.5276266696288231,0.21883862044088717,0.83797687292099,0.00896496963527857,83.53064916237737,134.2389245656745,197.46900329589843,-0.003613379164098454
/Users/harinihegde/Downloads/crowd_panic/No Panic/VID-20251025-WA0006_clip_162.mp4,No Panic,train,48,29.97,640,360,12.145833333333334,3.0753697835472655,16.300000000000004,-0.110019539730786,5.116902305724773,1.4932766862799578,7.392309284210205,-0.054757812776353776,0.8530471680012155,0.06883637300079962,0.9193864226341247,-0.0027579010139451073,110.22951870845712,156.22646474919523,331.6157318115238,-0.0515781908325966
/Users/harinihegde/Downloads/crowd_panic/No Panic/VID-20251025-WA0006_clip_163.mp4,No Panic,train,48,29.97,640,360,8.270833333333334,3.8337295990834943,15.0,-0.22161311333043884,3.394001032443757,1.2981101706749851,5.4408714294433596,0.04104411533097229,0.423919992085467,0.18254991245093619,0.6534436106681824,-0.005039905668318162,73.73353123081569,129.41175038031344,260.77937622070317,0.1543120518190623
/Users/harinihegde/Downloads/crowd_panic/No Panic/VID-20251025-WA0006_clip_164.mp4,No Panic,test,48,29.97,640,360,7.916666666666667,2.6912925436591904,12.0,0.12223187147199298,2.506502222507558,0.6038690280362327,3.2176870346069335,-0.026344770226183013,0.24181404075724014,0.12074447347173137,0.4112959384918213,2.2214129188073482e-05,65.40394188310856,146.4161959316934,223.5033691406252,0.06622366879708518
/Users/harinihegde/Downloads/crowd_panic/No Panic/VID-20251025-WA0006_clip_165.mp4,No Panic,train,48,29.97,640,360,13.604166666666666,3.498449557383321,17.0,0.17232957012592262,2.339567298584796,0.4454126388478888,2.8703903675079343,0.00778491807469169,0.27584019430140233,0.1413329688807905,0.4587254464626312,0.0023807464003783494,57.845850409694,122.93685232373889,118.15574798583991,-0.05468786964283011
/Users/harinihegde/Downloads/crowd_panic/No Panic/VID-20251025-WA0006_clip_166.mp4,No Panic,train,48,29.97,640,360,13.791666666666666,2.3801114586412875,17.0,-0.0009769865392968064,4.556028109915713,1.9668945584703244,7.437658405303955,0.11466979940493388,0.460173184329525,0.28157575095910276,0.9089483261108398,0.01428983900411732,77.20421403023573,128.37253524279305,194.58945922851586,0.15487092546177264
/Users/harinihegde/Downloads/crowd_panic/No Panic/VID-20251025-WA0006_clip_167.mp4,No Panic,test,48,29.97,640,360,12.270833333333334,3.6613953586334023,17.0,-0.13802648719062105,3.988662714653827,1.8224351944893808,6.594390106201169,0.008880947553703456,0.5343723934381566,0.2363310124730104,0.8434652328491211,-0.011546685297479787,83.50474913479869,125.49579476020324,193.63438568115234,-0.07263987213551021
/Users/harinihegde/Downloads/crowd_panic/No Panic/VID-20251025-WA0006_clip_168.mp4,No Panic,test,48,29.97,640,360,11.166666666666666,2.8235123910162363,15.0,0.11517585757707327,3.240400600940623,1.330660651052202,5.478946685791016,0.032652392349344604,0.607900452106557,0.1663026812205025,0.8585224151611328,0.0062242145344242805,59.65881552223502,102.38458110335871,134.25949401855473,0.09012354197571347
/Users/harinihegde/Downloads/crowd_panic/No Panic/VID-20251025-WA0006_clip_169.mp4,No Panic,test,48,29.97,640,360,9.166666666666666,2.4692553983381753,13.0,-0.11506730351715175,4.195702040449102,1.6836040193961122,6.364522171020507,0.08424374560423195,0.39581412560445195,0.11190236567375685,0.5255317568778991,-0.0008187272842666739,85.30063020393882,135.2919807546322,244.6537872314457,0.2743779114926031
/Users/harinihegde/Downloads/crowd_panic/No Panic/VID-20251025-WA0006_clip_170.mp4,No Panic,train,48,29.97,640,360,12.520833333333334,4.158272795150516,18.0,0.1540924880590533,4.288061070949473,1.8806995431595603,6.949623107910156,-0.024159885384659314,0.3690476343828313,0.1431729539810131,0.5326629519462585,0.00319833462458245,103.92117586281482,148.9716517616161,299.20968017578133,0.07663510603045169
/Users/harinihegde/Downloads/crowd_panic/No Panic/VID-20251025-WA0006_clip_171.mp4,No Panic,train,48,29.97,640,360,16.0,4.15832498329155,22.0,-0.24294398610508086,3.3451790809631348,0.8390436109576177,4.375226402282714,-0.0003380998762308594,0.27187118441500563,0.1287341555329391,0.43352190852165223,-0.00020839845215441416,93.64960543576997,141.03765315671242,284.29861450195324,0.054902963585087824
/Users/harinihegde/Downloads/crowd_panic/No Panic/VID-20251025-WA0006_clip_172.mp4,No Panic,train,48,29.97,640,360,7.729166666666667,1.8679264722026816,10.300000000000004,0.0054819800260527685,5.23877407642121,1.6754554823176737,7.595307636260986,0.05610657322748634,0.37364763112619837,0.16445555001729587,0.5827784419059753,0.005313559402138767,93.43764299582811,118.24012036813568,239.96368408203125,0.02509824675003082
/Users/harinihegde/Downloads/crowd_panic/No Panic/VID-20251025-WA0006_clip_173.mp4,No Panic,train,48,29.97,640,360,7.541666666666667,2.2169642657371713,10.300000000000004,-0.0797872340425533,7.1246443961529025,2.123732951340887,10.630706596374512,0.03324012324613742,0.38014477261520446,0.16553722045560973,0.5702790737152099,0.001965253257212489,99.78386683255334,121.31147465424803,221.5764617919922,0.10591981563826446
/Users/harinihegde/Downloads/crowd_panic/No Panic/VID-20251025-WA0006_clip_174.mp4,No Panic,train,48,29.97,640,360,7.291666666666667,2.272648357215774,10.300000000000004,-0.062201476335215104,3.9164476090289178,1.2818479093978201,5.642553424835205,0.027241747815999393,0.5379206244932845,0.2352060778761136,0.8277586698532104,0.0008733675795349647,93.53672901371777,137.74051923900126,258.357537841797,0.20464310062921567
/Users/harinihegde/Downloads/crowd_panic/No Panic/VID-20251025-WA0006_clip_175.mp4,No Panic,test,48,29.97,640,360,5.375,1.5893525935633874,7.300000000000004,-0.03669127225358232,3.79709096665078,2.3842328627147924,7.5593699455261225,-0.0474418766045327,0.6063553760660455,0.25043313694687924,0.9152915120124817,-0.0018155115805600732,105.21036494856504,172.3563956397493,350.5489990234376,0.34854988976484763
/Users/harinihegde/Downloads/crowd_panic/No Panic/VID-20251025-WA0006_clip_176.mp4,No Panic,train,48,29.97,640,360,5.229166666666667,1.2288135085882188,7.0,0.03500868432479368,2.2093027754032866,0.46509439650201667,2.7684937953948974,0.005193311607363513,0.47622117796476854,0.14967385157420748,0.6477301836013794,-0.0005166608431858047,49.03916592265284,62.012684370881566,77.63127288818359,0.12994142819664078
/Users/harinihegde/Downloads/crowd_panic/No Panic/VID-20251025-WA0006_clip_177.mp4,No Panic,train,48,29.97,640,360,3.2708333333333335,1.3955223534178478,5.0,-0.04749240121580553,3.650601082659782,1.4247515726687061,5.474701595306397,0.08074858972146269,0.6092727648768019,0.2069769370382048,0.8875026822090148,0.006549869068690633,66.38563544828384,116.88333066543412,81.89024505615235,-0.17031754236579486
/Users/harinihegde/Downloads/crowd_panic/No Panic/VID-20251025-WA0006_clip_178.mp4,No Panic,test,48,29.97,640,360,8.125,4.250612700933047,14.0,0.2617238384715589,6.984810935690048,4.059628450015449,13.249545097351074,-0.11078236758653816,0.812513456699696,0.163146291740136,0.9632294654846192,-0.00962648195086199,113.34521152226277,128.97910534690263,284.6530487060547,-0.30561875008297434
/Users/harinihegde/Downloads/crowd_panic/No Panic/VID-20251025-WA0006_clip_179.mp4,No Panic,train,48,29.97,640,360,9.541666666666666,3.7302721825029814,13.300000000000004,-0.22763786365610095,2.1995088622925127,1.1094482875119824,3.7246688842773437,0.04704389502669132,0.4146584475294073,0.22586729439949013,0.8306976199150086,0.009778997965095007,66.44085501484784,101.3681643429142,141.4823455810549,0.06176559757297981
/Users/harinihegde/Downloads/crowd_panic/No Panic/VID-20251025-WA0006_clip_180.mp4,No Panic,train,48,29.97,640,360,7.083333333333333,3.200477394945253,11.300000000000004,-0.04374728614850212,2.9166709768011216,1.3592329824559402,4.990260791778564,-0.010160024040942883,0.4524352705859123,0.2500125333712023,0.8265420675277709,-0.01439518137739335,83.52519462239701,115.66276037469957,235.5000762939453,-0.02224508018040729
/Users/harinihegde/Downloads/crowd_panic/No Panic/VID-20251025-WA0006_clip_181.mp4,No Panic,train,48,29.97,640,360,4.5,1.7559422921421233,6.300000000000004,-0.055796786799826394,2.8882289617619614,1.343196394280413,4.428706455230713,0.07878474913241135,0.38724507225003646,0.20497518944023463,0.6472222328186035,0.01113497655904205,62.9697643225715,121.46619733861795,168.33620300293003,0.032786419614241766
/Users/harinihegde/Downloads/crowd_panic/No Panic/VID-20251025-WA0006_clip_182.mp4,No Panic,test,48,29.97,640,360,6.854166666666667,2.549424635525087,10.300000000000004,0.0646439426834563,4.844601514491629,1.018913095117103,6.033475112915039,-0.029636783499501572,0.37211240518917427,0.17838772540048467,0.5679073214530944,-0.003702543979591646,81.31837765130297,135.6561814330423,200.50389099121097,0.19835386542129918
/Users/harinihegde/Downloads/crowd_panic/No Panic/VID-20251025-WA0006_clip_183.mp4,No Panic,train,48,29.97,640,360,5.916666666666667,1.6180406532456333,8.0,0.029635258358662438,4.423949617020627,1.936067696530956,6.860828781127929,0.08417301854527079,0.6163474773948497,0.287711647652728,0.9308099985122681,0.01924690005182531,97.73423204214677,145.14363932600406,201.21080017089795,-0.010445542506805926
/Users/harinihegde/Downloads/crowd_panic/No Panic/VID-20251025-WA0006_clip_184.mp4,No Panic,test,48,29.97,640,360,8.041666666666666,2.2817969283488444,11.0,0.11137646547980884,3.272388645943175,1.2184529204481818,5.211046600341796,-0.027276766840558058,0.5621555899368956,0.2648673275831309,0.8969632983207703,-0.009749991580616473,83.4983228052118,126.5155202352549,263.3700439453122,-0.14564670748153713
/Users/harinihegde/Downloads/crowd_panic/No Panic/VID-20251025-WA0006_clip_185.mp4,No Panic,test,48,29.97,640,360,7.958333333333333,1.8022940628235142,11.0,-0.06241858445505885,3.432022551272778,0.6104691637214706,4.1022804260253904,0.0161583043435015,0.6440344275312221,0.16247359007744772,0.8600417494773864,0.0043267493207734846,62.70512736105246,131.81672935704253,184.02855224609368,0.1430728757355262
/Users/harinihegde/Downloads/crowd_panic/No Panic/VID-20251025-WA0006_clip_186.mp4,No Panic,train,48,29.97,640,360,12.6875,3.103467482779007,17.0,0.06453538862353436,3.4208113132639135,0.6278513846986779,4.331385803222656,0.010158943699864104,0.5262228326594576,0.16779814247692298,0.7118005990982056,0.0024211652228862076,64.45777371776438,126.98742313171356,123.73378295898448,0.02189741162258908
/Users/harinihegde/Downloads/crowd_panic/No Panic/VID-20251025-WA0006_clip_187.mp4,No Panic,train,48,29.97,640,360,7.020833333333333,2.076551461491437,10.0,-0.035877116804168635,4.8012433914428065,1.9852451745290236,7.167505359649658,0.09984472294740393,0.7810422194764969,0.1747363514579429,0.9446393370628356,0.008146858650925655,77.88901999822029,124.54917913359807,163.20924377441406,0.18497947380217575
/Users/harinihegde/Downloads/crowd_panic/No Panic/VID-20251025-WA0006_clip_188.mp4,No Panic,train,48,29.97,640,360,7.145833333333333,1.9998914901119564,10.0,-0.05899913156752063,2.584622162453672,1.1126187289856406,4.592785263061523,-0.05223064837248427,0.34640265295797207,0.16783595750234637,0.5448301911354065,-0.006953317429491287,51.97231347012603,115.21146081469216,123.0314361572268,-0.12170688598957405
/Users/harinihegde/Downloads/crowd_panic/No Panic/VID-20251025-WA0006_clip_189.mp4,No Panic,train,48,29.97,640,360,4.083333333333333,1.6180406532456333,6.0,-0.042661745549283606,3.361498274701707,1.4275445697111477,5.818901538848877,0.05677934910388704,0.6372954892985364,0.23839816770935993,0.9008539915084839,0.010038291909675928,77.98701400756836,115.18842388790158,223.82534179687497,0.8072435006328016
/Users/harinihegde/Downloads/crowd_panic/No Panic/VID-20251025-WA0006_clip_190.mp4,No Panic,train,48,29.97,640,360,4.645833333333333,2.7875435970681344,8.300000000000004,-0.11186495874945732,4.270965246444053,2.1100573509755245,7.49540433883667,0.125829944833355,0.4875714771370304,0.22097640497298918,0.8036734700202942,0.009497805162540585,109.38555087100019,145.6393078205143,304.6156311035157,0.5139856595008389
/Users/harinihegde/Downloads/crowd_panic/No Panic/VID-20251025-WA0006_clip_191.mp4,No Panic,train,48,29.97,640,360,0.3125,0.5460559342533815,1.0,-0.02502171081198438,3.092140999246151,1.5463418390220443,4.820675086975098,-0.0534976016002932,0.45419381646082757,0.2603334530593834,0.8541802287101745,-0.0020549107400250704,91.35617192586263,53.366010552367335,158.44903869628908,13.61352376937866
/Users/harinihegde/Downloads/crowd_panic/No Panic/VID-20251025-WA0006_clip_192.mp4,No Panic,train,48,29.97,640,360,3.4583333333333335,3.2593348844340753,8.0,0.21721667390360402,9.651828532523297,3.0094515154377732,12.442974281311034,0.01676084011600157,0.9130804158271627,0.04401200393361934,0.9514373302459717,-0.001642621192085197,179.0986676566741,148.2552045655421,380.10052490234375,-1.1595254379330897
/Users/harinihegde/Downloads/crowd_panic/No Panic/VID-20251025-WA0006_clip_193.mp4,No Panic,train,48,29.97,640,360,9.166666666666666,3.636237371545238,14.0,-0.18519322622666104,4.734481106413171,1.6366984217623943,7.196983814239501,-0.024907405485608387,0.8447652154780448,0.09932755253863078,0.9307154774665832,-0.00142528970659495,97.74061575025883,108.0649627429258,219.82135009765625,0.07883043919546583
/Users/harinihegde/Downloads/crowd_panic/No Panic/VID-20251025-WA0006_clip_194.mp4,No Panic,train,48,29.97,640,360,4.229166666666667,1.5307893297976118,6.0,0.05758792878853667,1.7836872136339228,0.5988080777736295,2.339185953140259,-0.025121070975291235,0.4605499139015979,0.22985416862079183,0.7513197183609008,-0.005840293766291441,40.68145523532744,92.39390350385085,55.34655380249023,0.04624593375688105
/Users/harinihegde/Downloads/crowd_panic/No Panic/VID-20251025-WA0006_clip_195.mp4,No Panic,train,48,29.97,640,360,5.270833333333333,2.148057100161808,8.0,-0.01514329135909691,4.646599452546302,2.2989222313554594,7.593056869506835,0.12894140998595963,0.7318126077347613,0.23258359988554644,0.9324768662452697,0.00691948554355386,120.47389427360736,143.98962009729385,316.9999786376952,1.0130537922794582
/Users/harinihegde/Downloads/crowd_panic/No Panic/VID-20251025-WA0006_clip_196.mp4,No Panic,train,48,29.97,640,360,6.104166666666667,1.8055422008053117,8.0,-0.027627008250108623,2.3357655114315925,1.0839262617956649,3.8980956077575684,-0.011633970856556259,0.5195898882886196,0.22576929743428692,0.8376130700111389,0.005619204450643362,61.88837647640099,110.68603926298921,127.94571685791016,-0.13643168405953324
/Users/harinihegde/Downloads/crowd_panic/No Panic/VID-20251025-WA0006_clip_197.mp4,No Panic,train,48,29.97,640,360,7.0625,1.6254005916491274,9.0,-0.001356925749023167,2.2416769900220506,0.5944239237740916,3.1729685306549067,0.008933287985781425,0.34370801748430474,0.23394017968477,0.7439543128013609,-0.01251890849809712,59.59950164939676,121.05633311099666,118.84294357299804,0.08394347223659675
/Users/harinihegde/Downloads/crowd_panic/No Panic/VID-20251025-WA0006_clip_198.mp4,No Panic,test,48,29.97,640,360,4.729166666666667,1.468269720528971,6.0,0.02610725141120272,2.9948044381243117,0.5421922621893637,3.6354027748107907,-0.014947633518321336,0.20392807691972306,0.11720721449299892,0.3670203626155853,-0.0009526333329677049,59.05446031580421,113.62129856965524,89.29365539550781,0.09948612166135969
/Users/harinihegde/Downloads/crowd_panic/No Panic/VID-20251025-WA0006_clip_199.mp4,No Panic,train,48,29.97,640,360,5.958333333333333,1.9252525086913201,9.0,0.03549717759444202,3.0453803437821407,0.5856465217517928,3.8688238143920897,0.002104386342663576,0.46400349761577364,0.2491746936146811,0.8211785674095153,-0.002828710661661725,53.05647797206425,120.51867395118494,84.24380493164071,0.22096355902144565
/Users/harinihegde/Downloads/crowd_panic/No Panic/VID-20251025-WA0006_clip_200.mp4,No Panic,train,48,29.97,640,360,4.979166666666667,2.49574290320315,8.300000000000004,-0.10111810681719507,3.057668143130363,0.620559933723579,3.8564050197601314,0.017118691708840894,0.3549541876988208,0.1603558089705458,0.5142540693283081,0.0018090177542779042,73.3160524705182,134.93886337048528,135.54335021972662,0.15994764955113008
/Users/harinihegde/Downloads/crowd_panic/No Panic/VID-20251025-WA0006_clip_201.mp4,No Panic,train,48,29.97,640,360,3.4166666666666665,1.1516895800904379,5.0,-0.006404689535388685,3.036169726797875,0.4636115194369982,3.5275100231170655,-0.008366764032873793,0.4557076703677786,0.16816662295116652,0.662074315547943,-0.004419019201961688,45.04406821994639,45.727542551535386,86.25756149291992,-0.01369964991066669
/Users/harinihegde/Downloads/crowd_panic/No Panic/VID-20251025-WA0006_clip_202.mp4,No Panic,train,48,29.97,640,360,3.7916666666666665,1.135751097536584,5.0,0.05872774641771598,4.467755916270804,1.2679002831118658,6.026844120025634,0.05919799591853158,0.5367363191982533,0.31830814174853833,0.9298179388046265,0.020450315277103365,80.44521962324778,96.16193186992108,143.32909698486327,0.5195708653704206
/Users/harinihegde/Downloads/crowd_panic/No Panic/VID-20251025-WA0006_clip_203.mp4,No Panic,train,48,29.97,640,360,1.3125,1.2103072956898178,3.0,-0.013514980460269234,5.442062616348267,1.6251562885833704,7.53088903427124,-0.019653468690019892,0.7101912955020336,0.179972615668624,0.9450177669525146,-0.010673964900980378,56.167005563393616,66.24596020412007,179.4365966796875,-4.414665311068176
/Users/harinihegde/Downloads/crowd_panic/No Panic/VID-20251025-WA0006_clip_204.mp4,No Panic,train,48,29.97,640,360,3.7083333333333335,1.719475856830279,6.0,0.033326096396005166,3.775710922606448,1.662045116108187,6.188245201110838,-0.03819701473929056,0.5543865614194186,0.22870385516492525,0.819132125377655,0.010154821628887317,58.16300156045316,92.40595008155431,108.53647613525393,0.04552045981499503
/Users/harinihegde/Downloads/crowd_panic/No Panic/VID-20251025-WA0006_clip_205.mp4,No Panic,train,48,29.97,640,360,3.2916666666666665,0.8154327412825385,5.0,-0.015414676508901463,5.09990591191231,1.4759183835374836,6.775591278076172,-0.07190977333322045,0.5209038435144627,0.0990130078444235,0.6133793115615844,-0.004545812204714508,69.20531594492223,41.139195693696614,126.57833862304688,-0.35770342510325714
/Users/harinihegde/Downloads/crowd_panic/No Panic/VID-20251025-WA0006_clip_206.mp4,No Panic,train,48,29.97,640,360,4.020833333333333,1.3615185047912086,6.0,0.01025835866261394,3.873259853809438,0.8682676401574133,5.098319721221924,-0.035997610418582536,0.42257474489668584,0.11737381223833047,0.572126042842865,-0.0008469510420288466,46.394817639378054,52.85748399492939,100.20769958496099,-0.3567997443139736
/Users/harinihegde/Downloads/crowd_panic/No Panic/VID-20251025-WA0006_clip_207.mp4,No Panic,train,48,29.97,640,360,3.4583333333333335,1.240939384319619,5.0,0.042987407729049056,2.9754349678120713,0.6017292815607032,3.765979385375976,0.0063158536707219725,0.3141501385797846,0.1410719932398718,0.508575963973999,0.0016727253198485794,36.654984361019686,78.44852014914484,58.49268798828125,0.06734819807281367
/Users/harinihegde/Downloads/crowd_panic/No Panic/VID-20251025-WA0006_clip_208.mp4,No Panic,train,48,29.97,640,360,5.604166666666667,0.9945598551900009,7.0,0.022090751194094607,2.3658470803118767,0.5392234448750693,3.0179016113281247,0.008646500540705985,0.43032101494200686,0.10390608677964715,0.5572596430778504,0.000586365515867613,41.74417337313856,77.21769103536339,55.32145385742191,0.04896297964662122
/Users/harinihegde/Downloads/crowd_panic/No Panic/VID-20251025-WA0006_clip_209.mp4,No Panic,train,48,29.97,640,360,3.7708333333333335,0.8953487061226791,5.0,-0.022633521493703946,4.317347333786335,1.4693570797110873,6.579898071289063,-0.010117285043194195,0.2934686338647883,0.09187086941986122,0.4004171073436737,-0.00032335802375112394,80.5274137865752,109.0402032732855,213.8735473632812,-0.010534148818179226
/Users/harinihegde/Downloads/crowd_panic/No Panic/VID-20251025-WA0006_clip_210.mp4,No Panic,train,48,29.97,640,360,4.8125,1.9859532765567942,7.0,0.10871689101172383,4.364654551161096,2.2808536871517564,7.762213325500488,0.06109375398430308,0.2720960782880479,0.12270800128099316,0.4285942018032074,0.002066236897824018,74.90868323952404,106.65724064826432,190.96859741210938,0.08287538277445758
/Users/harinihegde/Downloads/crowd_panic/No Panic/VID-20251025-WA0006_clip_211.mp4,No Panic,train,48,29.97,640,360,2.8541666666666665,0.9351823203109767,4.0,-0.0008141554494138362,5.242066307270781,1.5500093280385276,7.594783306121826,-0.04573692539904971,0.3377681957914474,0.12373286258426612,0.49114895462989805,0.000261325606254384,65.61196279525757,73.0710560771196,118.93933410644529,-0.8024652057608129
/Users/harinihegde/Downloads/crowd_panic/No Panic/VID-20251025-WA0006_clip_212.mp4,No Panic,train,48,29.97,640,360,2.8958333333333335,0.9183223683555913,4.0,0.020788102475032526,3.6382572397272637,0.6909864054226162,4.639182376861572,-0.025280393873729955,0.43836687568654403,0.1776239141711745,0.7201995730400085,0.00552088856545452,71.56047623977065,102.25391942634953,112.45559310913082,0.07334511474421627
/Users/harinihegde/Downloads/crowd_panic/No Panic/VID-20251025-WA0006_clip_213.mp4,No Panic,test,48,29.97,640,360,2.4375,0.6741120703068099,3.0,-0.01883412939643947,3.4250215926068894,0.8941011601369034,4.797552394866943,-0.02023135300701575,0.37532195464727724,0.16142896644048282,0.5860866069793701,-0.004012143076548247,47.17508249640465,58.70848464834423,73.29799423217776,-0.28469031334281025
/Users/harinihegde/Downloads/crowd_panic/No Panic/VID-20251025-WA0006_clip_214.mp4,No Panic,train,48,29.97,640,360,1.9166666666666667,0.6400954789890507,3.0,-0.011723838471558869,2.9365889163727457,0.9885265911029072,4.277746105194091,0.03256633967354167,0.2833601694474829,0.12752338364132942,0.4634874105453491,-0.00047023035672033684,37.94804472427864,37.184312530655305,105.204362487793,-0.634948590048869
/Users/harinihegde/Downloads/crowd_panic/No Panic/VID-20251025-WA0006_clip_215.mp4,No Panic,train,48,29.97,640,360,2.25,1.25,3.3000000000000043,0.01682587928788533,2.7931009581748474,0.5155981303654016,3.2582602500915527,0.005221870668390954,0.37952424494668524,0.18097085041792504,0.6715657472610473,0.002869472051277127,36.0938017515287,62.644641944698854,52.77401885986327,0.44585236786369
/Users/harinihegde/Downloads/crowd_panic/No Panic/VID-20251025-WA0006_clip_216.mp4,No Panic,test,48,29.97,640,360,6.270833333333333,1.6296674422170376,8.0,0.05628528006947454,2.9983447257508624,0.9270956831279562,4.11338186264038,0.027672110775022143,0.3790357236532455,0.19164222968754083,0.667229413986206,0.003064161051964175,54.24060875335426,92.23560182028835,98.20605926513677,0.08850160152232606
/Users/harinihegde/Downloads/crowd_panic/No Panic/VID-20251025-WA0006_clip_217.mp4,No Panic,train,48,29.97,640,360,4.208333333333333,1.5269568501507245,6.0,-0.001953973078593115,3.5108401420268605,1.251826602399256,5.35462188720703,0.00025524842750137693,0.4569662872781145,0.18848831020286594,0.7010394811630248,-0.0027727428151709814,71.47775231169526,144.7871912200608,168.51327209472734,-0.23992280494591176
/Users/harinihegde/Downloads/crowd_panic/No Panic/VID-20251025-WA0006_clip_218.mp4,No Panic,train,48,29.97,640,360,3.0416666666666665,1.3838101587846345,5.0,-0.04135909683022151,3.2226938541899335,1.2199089733731248,5.4174509048461905,0.02272650369276725,0.2875546814200092,0.138204790134069,0.5057912707328797,-0.001608495079506458,52.237958804766336,141.57717423545046,46.71998748779298,0.22372050835230373
/Users/harinihegde/Downloads/crowd_panic/No Panic/VID-20251025-WA0006_clip_219.mp4,No Panic,train,48,29.97,640,360,3.4166666666666665,1.5252504348102605,5.0,0.03614850195397303,2.9418686425432248,1.4032985919716174,4.994157695770263,0.08233974246819963,0.517247875874981,0.268782699089798,0.8924832701683044,0.016518389147936362,71.37964248384228,83.30177400166914,192.12554931640625,0.708656300691127
/Users/harinihegde/Downloads/crowd_panic/No Panic/VID-20251025-WA0006_clip_220.mp4,No Panic,train,48,29.97,640,360,3.9791666666666665,1.7379296031645113,6.0,-0.07278549717759453,3.8727645518931935,1.4895895888142061,5.300503540039062,0.005400100038847799,0.3219033459082563,0.1315105937884433,0.4744953155517578,-0.0029041446025149876,52.96028867929797,66.07943139526108,89.22887802124028,-0.08010653688561324
/Users/harinihegde/Downloads/crowd_panic/No Panic/VID-20251025-WA0006_clip_221.mp4,No Panic,train,48,29.97,640,360,4.291666666666667,1.2240359017973652,6.0,-0.00021710811984370973,3.7738357706272856,1.4677545665814689,6.3107103347778315,0.080880294303228,0.2694449155849028,0.14532280063967445,0.49024470448493956,-0.0007183145200549344,42.643436799672514,63.73874232113326,93.15850448608398,-0.1422524143499923
/Users/harinihegde/Downloads/crowd_panic/No Panic/VID-20251025-WA0006_clip_222.mp4,No Panic,train,48,29.97,640,360,6.604166666666667,1.65503755412243,9.0,0.095581849761181,3.353825807571411,1.7600696464746821,6.4896986961364735,-0.103236157250669,0.20395123237308035,0.09588747991880052,0.30248650908470154,0.0020467591821754527,36.65848432656285,85.54218791502848,56.35642623901367,0.04782639648453637
/Users/harinihegde/Downloads/crowd_panic/No Panic/VID-20251025-WA0006_clip_223.mp4,No Panic,test,48,29.97,640,360,6.125,3.1066125710597814,10.0,-0.07446808510638302,4.083361564798558,2.5182502051601476,8.170119857788086,0.14301875104074896,0.29153561334502187,0.1699811196418364,0.5511064648628234,0.008160492865356663,82.01376103585766,127.87384380594062,251.73418579101588,0.07523159102984352
/Users/harinihegde/Downloads/crowd_panic/No Panic/VID-20251025-WA0006_clip_224.mp4,No Panic,train,48,29.97,640,360,5.1875,2.306297989563939,8.0,-0.07007164567954849,3.917525915389365,1.5225200750954706,5.8246255874633786,0.05513294265845881,0.39123216425960367,0.16920962759205949,0.5746346116065979,-0.0020339752706396634,69.14942677190461,107.46181527225947,208.31285400390632,0.3685841410147622
/Users/harinihegde/Downloads/crowd_panic/No Panic/VID-20251025-WA0006_clip_225.mp4,No Panic,train,48,29.97,640,360,7.875,2.117634293262177,10.300000000000004,0.03137212331741203,2.616221212326212,0.6837213961555216,3.3131709575653074,-0.026538353761404752,0.5101727729148053,0.1720068708457665,0.7559211492538451,0.006230550214207139,55.14623219378633,117.42956873675149,101.5285530090332,0.08148493816772406
/Users/harinihegde/Downloads/crowd_panic/No Panic/VID-20251025-WA0006_clip_226.mp4,No Panic,train,48,29.97,640,360,5.1875,1.6413440884429646,7.300000000000004,-0.06931176726009561,3.9386786247821566,0.8672065044098722,4.918009853363037,-0.011360158559682738,0.49167941589938835,0.2462579958413584,0.8148339748382568,-0.013306326396542766,79.3080602148,129.3881666245542,150.02372131347676,-0.20791966433443881
/Users/harinihegde/Downloads/crowd_panic/No Panic/VID-20251025-WA0006_clip_227.mp4,No Panic,train,48,29.97,640,360,7.416666666666667,3.0265032995558125,11.0,0.18399913156752057,4.452273521017521,0.9750273591021668,5.525844478607177,-0.0039145906251630315,0.3416096840965304,0.19663860625416876,0.597125470638275,-0.009889363257492708,57.675543836157175,83.37682524619328,113.30932769775393,-0.07560067866793899
/Users/harinihegde/Downloads/crowd_panic/No Panic/VID-20251025-WA0006_clip_228.mp4,No Panic,test,48,29.97,640,360,6.625,2.7051263063549054,11.0,-0.14904472427268795,4.946111861695635,1.2437799366166378,6.3604413032531735,0.04888472553759564,0.2961460600032451,0.1447578871612863,0.4738904297351837,0.00040148429927536124,91.64852228007474,114.86347693563818,196.80650634765624,0.21706368011688068
/Users/harinihegde/Downloads/crowd_panic/No Panic/VID-20251025-WA0006_clip_229.mp4,No Panic,train,48,29.97,640,360,5.25,2.2407216099581255,8.0,-0.13645245332175435,5.982127590382353,1.4701891144839592,8.083628463745118,-0.011171218397218123,0.589742437956181,0.13901440271590235,0.7554213047027588,-0.0002590199754979122,105.7395304181359,98.55313579592648,190.91022033691405,0.16050873536571758
/Users/harinihegde/Downloads/crowd_panic/No Panic/VID-20251025-WA0006_clip_230.mp4,No Panic,test,48,29.97,640,360,1.8333333333333333,1.2472191289246473,3.0,-0.07240555796786802,3.6489285661819135,1.4297008683835528,5.839807415008544,0.01374257843214317,0.4278258015500738,0.23344678852338369,0.7792815327644348,0.009515644064057655,78.46827632904052,68.00824967971909,154.08611145019563,-0.10399201947968044
/Users/harinihegde/Downloads/crowd_panic/No Panic/VID-20251025-WA0006_clip_231.mp4,No Panic,train,48,29.97,640,360,4.583333333333333,3.7015387190854687,10.0,0.24869735128093792,16.090982284951718,6.307826271293028,22.981451416015624,0.06750537020866798,0.8458908479264442,0.18872642483732904,0.9673506379127502,0.007940024158173872,201.01846802567636,124.0126304409631,307.27434082031266,-0.4588466640495798
/Users/harinihegde/Downloads/crowd_panic/No Panic/VID-20251025-WA0006_clip_232.mp4,No Panic,train,48,29.97,640,360,13.0625,2.5528272725222387,17.0,0.07712765957446781,3.6310527508563184,2.5745339823471887,8.152468299865722,-0.1427852497759183,0.8784531101267389,0.15778943282779742,0.9749847769737243,-0.006891009414173952,68.69958369995092,110.08096046814128,182.86199645996092,-0.18764731817051308
/Users/harinihegde/Downloads/crowd_panic/No Panic/VID-20251025-WA0006_clip_233.mp4,No Panic,train,48,29.97,640,360,9.291666666666666,2.922315957516496,13.300000000000004,-0.1468736430742511,3.6230907643094974,4.960213906782478,12.231278228759765,0.21620840555837487,0.7122611554062113,0.2538249907451974,0.968212878704071,-0.0005039696785846142,90.04560631114182,140.54535296131297,287.7741790771486,0.30894178791339877
/Users/harinihegde/Downloads/crowd_panic/No Panic/VID-20251025-WA0006_clip_234.mp4,No Panic,train,48,29.97,640,360,3.25,1.9947848672643038,5.300000000000004,0.049934867564046866,16.87447515447089,5.729045075265785,22.63254508972168,-0.37526123447621124,0.8683078482430032,0.13549605032974646,0.9575732231140137,0.0016381196939592526,134.8442763436225,151.97537457125816,335.4396484375,-2.227839583933399
/Users/harinihegde/Downloads/crowd_panic/No Panic/VID-20251025-WA0006_clip_235.mp4,No Panic,train,48,29.97,640,360,4.666666666666667,2.0649186155606443,7.300000000000004,-0.018562744246634965,5.603786204723602,1.2710086002127199,7.425746250152588,-0.040047371034595755,0.5477865433439295,0.16748453373994002,0.7423208117485046,-0.002996366629575154,61.63184125745619,96.00911534688935,211.5038452148437,-0.38038458458115965
/Users/harinihegde/Downloads/crowd_panic/No Panic/VID-20251025-WA0006_clip_236.mp4,No Panic,train,48,29.97,640,360,0.3958333333333333,0.637036868809194,1.0,-0.01666304819800263,3.44436425351082,0.8585624419781139,4.354816055297851,-0.005147491722168655,0.27225859162021193,0.12709915922829426,0.4362014591693878,-0.0028568190840399417,63.09739250606961,126.73442197384011,117.68981628417976,24.563735993703197
/Users/harinihegde/Downloads/crowd_panic/No Panic/VID-20251025-WA0006_clip_237.mp4,No Panic,train,48,29.97,640,360,3.4166666666666665,2.744944848666768,7.300000000000004,0.11517585757707338,3.673369077925986,1.4519937266057683,5.229087829589844,0.05752980185260828,0.3137124378947502,0.13920869983912412,0.5070034027099609,0.0009549981798153031,55.796934855538744,122.19404804729224,170.44693908691409,0.819648579535389
/Users/harinihegde/Downloads/crowd_panic/No Panic/VID-20251025-WA0006_clip_238.mp4,No Panic,test,48,29.97,640,360,5.854166666666667,2.3183110171463666,9.0,-0.1222861485019542,4.000682810519604,1.4763658177211714,5.772877883911133,0.013078797563814014,0.3164671576245034,0.15250894774085968,0.48917536139488216,0.004998562741201033,66.93909528039872,123.65182922733396,206.09910278320308,0.37215946360780316
/Users/harinihegde/Downloads/crowd_panic/No Panic/VID-20251025-WA0006_clip_239.mp4,No Panic,train,48,29.97,640,360,5.520833333333333,1.2745846273285357,7.0,0.012863656100738053,2.912272389898909,1.0420040582079675,4.296443557739257,0.03208658268725184,0.20551535510953436,0.10923278119420904,0.3904906451702117,0.0036643001291414984,61.96445636471291,84.12236092174663,109.93099670410159,0.27334947927142567
/Users/harinihegde/Downloads/crowd_panic/No Panic/VID-20251025-WA0006_clip_240.mp4,No Panic,train,48,29.97,640,360,1.7083333333333333,1.0793194872490515,3.3000000000000043,-0.042987407729049076,2.720436983920158,0.6931690767770636,3.683446502685547,-0.027763620404928035,0.16600721377007505,0.08019061725154197,0.26230397224426266,0.0004926407278948724,49.94110335409641,80.48094639357105,119.93685379028324,-1.5275938729226792
/Users/harinihegde/Downloads/crowd_panic/No Panic/VID-20251025-WA0006_clip_241.mp4,No Panic,train,48,29.97,640,360,2.3125,1.340961253479508,4.0,0.05443986105080328,3.3997766159950418,0.9797516902569631,4.753990745544433,0.023798442956587455,0.29593566805124283,0.15150687052907236,0.5088718652725219,0.0046554034201912505,68.14556948741277,142.0232289989947,188.5004608154304,0.5971963710950157
/Users/harinihegde/Downloads/crowd_panic/No Panic/VID-20251025-WA0006_clip_242.mp4,No Panic,train,48,29.97,640,360,6.145833333333333,1.8026552560659572,8.0,0.041630481980026064,2.9422564861622265,0.5485919787397512,3.5915128231048583,-0.017276976943346862,0.3566285249717692,0.1567975692195913,0.5955982804298401,0.0012629796922289634,52.7472455470001,119.78465615003017,115.10458831787096,0.01795875047371924
/Users/harinihegde/Downloads/crowd_panic/No Panic/VID-20251025-WA0006_clip_243.mp4,No Panic,train,48,29.97,640,360,4.916666666666667,1.396921217853351,7.0,0.013677811550151908,1.2708216550502371,0.9172238297050929,2.2634535789489743,-0.045675603357539105,0.570032888746008,0.22286916842455806,0.766483199596405,0.011625719711591154,34.86114987995721,85.61167973782663,38.721369934082034,0.1107138459777347
/Users/harinihegde/Downloads/crowd_panic/No Panic/VID-20251025-WA0006_clip_244.mp4,No Panic,train,48,29.97,640,360,5.541666666666667,1.2068956964966866,7.0,0.0021710811984367025,0.39810749539669527,0.1649875751920909,0.6522869229316711,-0.0024113780719802716,0.5500272179438555,0.18774660795457077,0.7833567738533019,0.004187247705390417,24.91854610855197,79.67071381025094,29.89584465026856,-0.08165414388812628
/Users/harinihegde/Downloads/crowd_panic/No Panic/VID-20251025-WA0006_clip_245.mp4,No Panic,train,48,29.97,640,360,7.458333333333333,1.3686723088047368,9.0,-0.02876682587928806,0.737881453430399,0.6069673381973837,1.8287025928497314,-0.033586149663077686,0.6579475098467887,0.21267475627234048,0.8526795268058777,-0.01091632460977169,28.299477872772822,82.92464434836798,34.117474365234415,-0.029671978939378816
/Users/harinihegde/Downloads/crowd_panic/No Panic/VID-20251025-WA0006_clip_246.mp4,No Panic,train,48,29.97,640,360,5.666666666666667,1.4337208778404378,7.300000000000004,-0.03962223187147204,0.9733058696097516,0.5107982202665304,1.5601698637008667,0.032352584621814756,0.8623814709643101,0.05282706336853562,0.922370433807373,0.002090187004106576,28.058797009828243,64.33525012289554,38.773860931396484,0.1460479137462848
/Users/harinihegde/Downloads/crowd_panic/No Panic/VID-20251025-WA0006_clip_247.mp4,No Panic,test,48,29.97,640,360,5.458333333333333,1.4994211846205485,7.0,0.02496743378202333,3.034510318269121,0.8390894924651767,4.260272598266601,-0.0041827575185583365,0.37173648091389777,0.24278458275946588,0.7549162149429322,-0.01306306391525375,43.68263194678176,60.91171010917388,71.28268890380862,-0.0646357876741033
/Users/harinihegde/Downloads/crowd_panic/No Panic/VID-20251025-WA0006_clip_248.mp4,No Panic,train,48,29.97,640,360,7.354166666666667,1.1084821328685859,9.0,-0.02219930525401665,2.2520930589513575,0.6346674641653887,3.0976220607757563,-0.027202719924187442,0.442578136762406,0.18329945527304164,0.6586269974708557,-0.0033335155953035343,33.98502135016837,49.20763108063234,63.04694366455078,-0.022209225008448664
/Users/harinihegde/Downloads/crowd_panic/No Panic/VID-20251025-WA0006_clip_249.mp4,No Panic,test,48,29.97,640,360,7.895833333333333,2.5019957311891816,11.0,0.12033217542336075,2.6542962206170913,0.8426851706452924,4.014879417419434,0.045466618445270286,0.29075543130648895,0.08852889689534849,0.402549922466278,-0.00017568398272199858,72.80041449338107,116.27816487148553,143.20903625488273,0.2350560964042012
/Users/harinihegde/Downloads/crowd_panic/No Panic/VID-20251025-WA0006_clip_250.mp4,No Panic,test,48,29.97,640,360,10.833333333333334,1.4907119849998598,12.300000000000004,0.04863221884498468,3.5386233938501235,1.5365926680879785,5.655457210540772,0.025480113006873275,0.36219486150335756,0.12759063962052572,0.5022696197032928,0.0004386563503651261,90.46791847555647,139.4071323764505,286.80869140625,0.004309204405800419
/Users/harinihegde/Downloads/crowd_panic/No Panic/VID-20251025-WA0006_clip_251.mp4,No Panic,train,48,29.97,640,360,7.479166666666667,2.353982293665118,11.0,-0.12738818931828066,2.7684953187374357,1.3838231611338896,3.6810125350952148,-0.03590832638255321,0.3076807756690269,0.13284871279048727,0.47525702714920043,-0.0022066451176642613,78.43236286750692,129.2136120648102,191.45890655517593,-0.07047104999396883
/Users/harinihegde/Downloads/crowd_panic/No Panic/VID-20251025-WA0006_clip_252.mp4,No Panic,train,48,29.97,640,360,6.125,1.393810723639811,7.300000000000004,0.034845853234910976,1.8964910152110648,0.2951109682354711,2.3257301330566404,-0.009934532846376694,0.33947034552693367,0.16607259563504687,0.5446733713150024,0.0009427071057060177,29.405997156161888,53.19502921834011,45.60336151123047,0.008165153463238654
/Users/harinihegde/Downloads/crowd_panic/No Panic/VID-20251025-WA0006_clip_253.mp4,No Panic,train,48,29.97,640,360,6.75,1.8540496217739157,9.0,-0.05720798957881031,4.049263119697571,2.9489631350619105,8.184786701202391,0.10205458829680823,0.690555547146087,0.22738832082750735,0.926677131652832,0.011504839847310622,80.23458811221299,130.04468317479493,141.63797607421876,0.3041065967040224
/Users/harinihegde/Downloads/crowd_panic/No Panic/VID-20251025-WA0006_clip_254.mp4,No Panic,train,48,29.97,640,360,5.0,1.241638702145945,6.300000000000004,0.014546244029526624,4.197116712306408,3.500107749337443,10.607657051086425,0.010975514761724507,0.6950593295883625,0.23842392554505853,0.9720147252082825,0.002562306612854088,57.37380586213925,85.02090726057759,112.2821548461915,-0.35640625026432454
/Users/harinihegde/Downloads/crowd_panic/No Panic/VID-20251025-WA0006_clip_255.mp4,No Panic,train,48,29.97,640,360,4.6875,0.9388878616036458,6.0,0.017531480677377295,3.8455745412948286,1.3761883623338902,5.369398975372314,0.07341847262042858,0.6019810167081813,0.2537923677222271,0.8944177746772766,-0.005825613155809405,59.225981127023694,65.82150902367091,126.26461563110351,0.3194567482351481
/Users/harinihegde/Downloads/crowd_panic/No Panic/VID-20251025-WA0006_clip_256.mp4,No Panic,train,48,29.97,640,360,5.625,0.8809322713277489,7.0,-0.0040165002171081605,4.864730804524523,1.501064199822042,6.76567325592041,0.06724016331170689,0.31835096912022603,0.14200157520831094,0.5097898125648498,-0.0006197737779719812,53.02346980048899,70.33940272302375,92.62651748657228,0.33720592015248785
/Users/harinihegde/Downloads/crowd_panic/No Panic/VID-20251025-WA0006_clip_257.mp4,No Panic,train,48,29.97,640,360,3.7916666666666665,1.5540046832476262,6.0,-0.004559270516717453,6.814504623413086,2.2663562671920072,9.60912227630615,-0.0907418053807426,0.5533234163167629,0.2097124535173862,0.814848256111145,-0.0070040440729627115,95.50459195290293,107.12562539733757,258.0275390625,-0.042739462775058155
/Users/harinihegde/Downloads/crowd_panic/No Panic/VID-20251025-WA0006_clip_258.mp4,No Panic,train,48,29.97,640,360,4.354166666666667,1.831319917133238,7.0,-0.08689752496743386,6.22633377541887,1.7277484652760675,8.969999885559082,-0.043824914453428884,0.22071009945679218,0.11633343750395897,0.35937092304229734,-0.0012231194035121663,64.09091865982522,107.23713959530677,164.49853515625,-0.006708862087406019
/Users/harinihegde/Downloads/crowd_panic/No Panic/VID-20251025-WA0006_clip_259.mp4,No Panic,train,48,29.97,640,360,2.7708333333333335,1.7228801386696122,5.0,0.04141337386018238,4.663091517509298,1.6609833371424396,6.804632759094238,-0.09614953867381201,0.2797695988036217,0.14731729420379672,0.479104745388031,0.00045738923281541516,65.9547707274252,129.4606867634553,213.2031295776367,-1.2323986295339677
/Users/harinihegde/Downloads/crowd_panic/No Panic/VID-20251025-WA0006_clip_260.mp4,No Panic,train,48,29.97,640,360,5.395833333333333,2.635807777302603,9.300000000000004,-0.06898610508033008,3.2975978090408002,1.1537867333290093,4.6734569549560545,0.007931246071585239,0.23207798532824567,0.12855099480063692,0.3982761919498443,-0.0004250846107927196,54.07047344510331,115.0758718608224,173.6768951416018,-0.009733185429433449
/Users/harinihegde/Downloads/crowd_panic/No Panic/VID-20251025-WA0006_clip_261.mp4,No Panic,train,48,29.97,640,360,2.3541666666666665,1.8873436285483949,5.300000000000004,-0.05541684759009991,3.8454689725916436,0.6026301448924464,4.6288172721862795,0.0027547180652618547,0.22784850940583867,0.12768435970410918,0.40276867151260376,0.00044255387761684697,62.56126509315666,119.77532917400399,142.29186706542978,-0.3507800199134338
/Users/harinihegde/Downloads/crowd_panic/No Panic/VID-20251025-WA0006_clip_262.mp4,No Panic,train,48,29.97,640,360,3.0208333333333335,1.3461299982625088,5.0,0.042281806339557075,4.352828568600594,1.1031705273942032,5.579657459259034,0.02867472218651118,0.2541533148986228,0.1039946983942366,0.3873126029968261,-0.0015693480178203734,51.6456610992037,110.35661615217411,130.70462036132812,0.366046925320261
/Users/harinihegde/Downloads/crowd_panic/No Panic/VID-20251025-WA0006_clip_263.mp4,No Panic,train,48,29.97,640,360,3.875,1.8328597873268975,6.0,0.021385149804602672,6.039656989117886,2.080373848950646,8.593255424499512,-0.06308375785573546,0.3082320130172562,0.14563911587365286,0.4715220987796783,-0.00084594606915549,79.47810784485434,113.53482443178866,216.77415313720718,0.26710580093763864
/Users/harinihegde/Downloads/crowd_panic/No Panic/VID-20251025-WA0006_clip_264.mp4,No Panic,train,48,29.97,640,360,6.166666666666667,2.7411473672330877,9.0,0.1530612244897959,5.161765732663743,1.0221526029838979,6.456662368774414,0.005797847292138755,0.2777566995392454,0.1372980647034954,0.43387814760208127,0.004603251532257763,50.098064659383354,84.11350150177046,88.35525741577152,0.1886749423231527
/Users/harinihegde/Downloads/crowd_panic/No Panic/VID-20251025-WA0006_clip_265.mp4,No Panic,train,48,29.97,640,360,3.375,1.7751173670117326,6.0,-0.09476769431176733,7.8830993530598095,1.444384707472432,9.865773391723632,-0.012017315675768978,0.36182854594068325,0.14030728310614754,0.5345444202423095,-0.0006767722143068787,65.49705880408665,112.55782895131328,177.21256408691417,-1.106275405862854
/Users/harinihegde/Downloads/crowd_panic/No Panic/VID-20251025-WA0006_clip_266.mp4,No Panic,train,48,29.97,640,360,3.1875,1.4812192331544531,4.300000000000004,0.0835323491098567,4.357341441702335,0.9319283480553288,5.713673686981201,-0.04245407789752623,0.3004910888824057,0.14714132063593421,0.46102475523948666,-0.0017728408192052637,38.105061629112214,96.31029621316547,37.6989559173584,-0.3021857361388036
/Users/harinihegde/Downloads/crowd_panic/No Panic/VID-20251025-WA0006_clip_267.mp4,No Panic,train,48,29.97,640,360,4.9375,1.0879309490955758,6.0,0.018074250976986506,4.5335221899316664,1.3334036227668289,6.213982486724854,0.062389655950221654,0.28133581404356245,0.10713553240604437,0.4130747139453888,0.0005160012066185116,70.29049976629103,93.64163323267879,160.51971435546875,0.14417388988344354
/Users/harinihegde/Downloads/crowd_panic/No Panic/VID-20251025-WA0006_clip_268.mp4,No Panic,test,48,29.97,640,360,4.229166666666667,0.9183223683555913,5.0,0.003962223187147138,6.508665987785826,1.9517616900599264,9.090509223937987,-0.022272874700262256,0.3593948114108532,0.18777299175524784,0.608495795726776,0.007500266184587513,63.60394937158282,101.36493044577445,167.92914733886718,-0.8981235437712873
/Users/harinihegde/Downloads/crowd_panic/No Panic/VID-20251025-WA0006_clip_269.mp4,No Panic,train,48,29.97,640,360,3.9375,1.1069148190654359,6.0,-0.04966348241424238,3.327686279378039,0.7424521894016685,4.315923976898193,-0.019042485571922115,0.251267246743466,0.13171169880258063,0.42148499488830565,0.0004304640941066827,41.07460920738451,71.06015770063223,71.63275909423828,0.04940343686486152
/Users/harinihegde/Downloads/crowd_panic/No Panic/VID-20251025-WA0006_clip_270.mp4,No Panic,train,48,29.97,640,360,3.3333333333333335,0.7168604389202189,4.0,0.019865392965696903,3.750716097811435,1.6995467721199236,5.265288257598876,0.01551335644766098,0.5322286823883335,0.22437709957440055,0.8316272020339965,0.010889047269806768,43.28709398242209,64.99881777086864,84.4081527709961,0.11020941839785356
/Users/harinihegde/Downloads/crowd_panic/No Panic/VID-20251025-WA0006_clip_271.mp4,No Panic,train,48,29.97,640,360,2.25,0.5590169943749475,3.0,-0.023773339122883277,4.457005353684121,1.8629698692240804,7.635434150695801,-0.0554093387973848,0.4449752960750397,0.3237853177811374,0.887452244758606,-0.018390549528589137,44.39150723754143,41.33673230680876,96.08863449096678,-0.690777006686265
/Users/harinihegde/Downloads/crowd_panic/No Panic/VID-20251025-WA0006_clip_272.mp4,No Panic,train,48,29.97,640,360,2.6458333333333335,1.7852355509070008,5.0,0.0914567954841511,4.556746122684885,1.1454498400601418,6.111592674255371,0.0546866161860767,0.365670344931014,0.18102231092552246,0.5800275802612305,0.008243038720527975,59.007801352606876,115.16205273829988,60.05346794128426,-0.08076721329097615
/Users/harinihegde/Downloads/crowd_panic/No Panic/VID-20251025-WA0006_clip_273.mp4,No Panic,test,48,29.97,640,360,3.9375,1.1797995945639808,5.0,0.02143942683456359,5.217044104921057,1.251116703330851,6.696426582336426,-0.0511433782398866,0.4934465503914559,0.2538980182036293,0.8137017250061035,-0.013116449723321731,56.27721639499543,60.15087080777359,149.32268371582032,-0.03201467479597035
/Users/harinihegde/Downloads/crowd_panic/No Panic/VID-20251025-WA0006_clip_274.mp4,No Panic,train,48,29.97,640,360,4.791666666666667,1.5673535728170023,6.300000000000004,-0.07837603126356936,4.73150487656289,1.5819901025729248,6.676834678649902,-0.046319439000933396,0.3410479795742542,0.1225021236078998,0.48617663979530334,0.0043344017967692034,53.7308658007348,84.26307082075253,135.6268432617188,-0.07499224047490871
/Users/harinihegde/Downloads/crowd_panic/No Panic/VID-20251025-WA0006_clip_275.mp4,No Panic,train,48,29.97,640,360,3.9791666666666665,1.5743991358257565,6.0,-0.02111376465479813,4.688593752840732,1.9231545151531053,7.532931995391846,0.10104257108214613,0.28535691818886216,0.12858269611908127,0.4544188320636749,-0.00253499266533198,108.74161454041798,154.2748331100955,322.75950622558594,0.573709221328318
/Users/harinihegde/Downloads/crowd_panic/No Panic/VID-20251025-WA0006_clip_276.mp4,No Panic,train,48,29.97,640,360,3.3541666666666665,2.6259092340664703,7.0,0.13151324359531047,3.949767424705181,1.6276365190488655,6.346265983581542,-0.09836039007757687,0.5553694172425473,0.16995212493542994,0.747309684753418,-0.003612017181463311,66.20909553545492,124.65377104946327,177.75746459960948,-0.506790599998829
/Users/harinihegde/Downloads/crowd_panic/No Panic/VID-20251025-WA0006_clip_277.mp4,No Panic,train,48,29.97,640,360,5.854166666666667,0.9787233038788621,7.0,-0.029580981328701725,2.6511822659918605,0.49302653117240397,3.340987777709961,0.0029448993938262637,0.3187491326256001,0.11487160098868653,0.47843363881111145,-0.0016047491810037302,22.50962708978092,43.37838826435667,38.912272644042964,0.026658608801680094
/Users/harinihegde/Downloads/crowd_panic/No Panic/VID-20251025-WA0006_clip_278.mp4,No Panic,train,48,29.97,640,360,5.291666666666667,1.6196493104647343,7.300000000000004,0.05210594876248364,3.1589687479303237,0.5400610964755779,3.884785556793213,0.017558516009222282,0.3770148680406682,0.171558524788371,0.6118537545204162,0.008761679763568847,74.94698811831518,128.4804728164593,180.49929809570312,0.14697291471642024
/Users/harinihegde/Downloads/crowd_panic/No Panic/VID-20251025-WA0006_clip_279.mp4,No Panic,train,48,29.97,640,360,4.583333333333333,1.7300449576688912,7.0,0.07881024750325658,4.54438402297649,1.5874897908716659,6.265684127807617,0.018612041779958392,0.4438403743774967,0.23287656603082998,0.7346580266952515,0.0024616746406375067,102.31293092182705,149.26137705156157,364.51099853515615,-0.782979516240977
/Users/harinihegde/Downloads/crowd_panic/No Panic/VID-20251025-WA0006_clip_280.mp4,No Panic,train,48,29.97,640,360,9.083333333333334,2.0497289793748075,12.0,0.06904038211029069,4.1480457655926966,1.9238798912627921,6.175977325439453,0.1101076061200699,0.6569756892450312,0.233823463211361,0.878840672969818,0.014884974224239619,83.79788020762001,117.75145149687239,152.59261474609374,0.004757408911813528
/Users/harinihegde/Downloads/crowd_panic/No Panic/VID-20251025-WA0006_clip_281.mp4,No Panic,train,48,29.97,640,360,11.416666666666666,2.481878768639238,15.0,0.055471124620060555,7.046117118064394,1.881046674844994,9.372365951538086,-0.08094084941050605,0.8745832138873161,0.10628815734309816,0.9708174467086792,-0.0032832668706512746,97.42543838404808,126.49092551185478,238.97462463378906,-0.041798882935343784
/Users/harinihegde/Downloads/crowd_panic/No Panic/VID-20251025-WA0006_clip_282.mp4,No Panic,train,48,29.97,640,360,13.25,2.3496453633119474,16.300000000000004,-0.03148067737733407,4.257303618370218,1.181948766272849,5.734405612945556,-0.041619384184024784,0.6531319383611071,0.16879824121335396,0.8965712547302246,-0.009057291124315862,60.86430065150824,96.48759512867193,112.9253616333008,0.07092846059064778
/Users/harinihegde/Downloads/crowd_panic/No Panic/VID-20251025-WA0006_clip_283.mp4,No Panic,test,48,29.97,640,360,11.854166666666666,2.5819048469858235,15.300000000000004,0.12326313504125046,3.9547879543710263,1.043774104748211,5.185507869720459,0.013721344815041628,0.4032623048158402,0.23590860345794262,0.7626021862030027,0.0052279641707044435,60.03919429837322,78.96762544557605,107.59524536132812,0.017752966537785818
/Users/harinihegde/Downloads/crowd_panic/No Panic/VID-20251025-WA0006_clip_284.mp4,No Panic,train,48,29.97,640,360,10.208333333333334,1.9467743977039444,13.300000000000004,-0.04287885366912741,7.733999607410837,4.189754575392427,13.92621078491211,0.25643986841245014,0.7599625812566027,0.24629752315915063,0.9465674519538879,0.01400390735187264,105.81537901832105,123.01042094488271,280.3260620117189,0.36140482772271737
/Users/harinihegde/Downloads/crowd_panic/No Panic/VID-20251025-WA0006_clip_285.mp4,No Panic,train,48,29.97,640,360,7.25,1.6770509831248424,9.0,-0.04298740772904922,5.566330245200624,2.3776341858877466,8.600967979431152,-0.11023526964752248,0.532604251770263,0.2649319505775069,0.9452070474624633,-0.009947975668418641,91.93217024795187,113.30473178753536,236.19943847656242,-0.14087911815269352
/Users/harinihegde/Downloads/crowd_panic/No Panic/VID-20251025-WA0006_clip_286.mp4,No Panic,train,48,29.97,640,360,8.3125,2.5589406173909808,11.0,0.14150021710811977,5.8697552325877735,2.922788387047002,9.234391212463379,0.18712715505450886,0.797733263766512,0.24184862976143837,0.9696672558784485,0.014226168363073381,107.40284570230419,123.9722323390888,198.32232971191408,0.5429641821379133
/Users/harinihegde/Downloads/crowd_panic/No Panic/VID-20251025-WA0006_clip_287.mp4,No Panic,train,48,29.97,640,360,10.895833333333334,3.9855968986952117,17.0,-0.13889491966999581,5.397243900501982,3.2189448521103876,10.759973526000977,-0.12366953660336816,0.5275580718162212,0.19775897477329507,0.8214784741401672,-0.004212443721131741,102.17637501701337,133.4516981019748,268.68157958984386,-0.0862554118792978
/Users/harinihegde/Downloads/crowd_panic/No Panic/VID-20251025-WA0006_clip_288.mp4,No Panic,test,48,29.97,640,360,8.8125,1.7158118826569149,11.0,0.03370603560573148,2.902080591688765,0.8264420709747069,3.9624987125396722,0.018957694683992474,0.592156922167286,0.2571871614857598,0.8708621501922608,0.015137016913654575,48.980226461113936,106.09481678832562,61.23626556396484,0.10203114470206788
/Users/harinihegde/Downloads/crowd_panic/No Panic/VID-20251025-WA0006_clip_289.mp4,No Panic,train,48,29.97,640,360,9.6875,2.2836032383056386,13.0,0.09395353886235343,4.542697280011279,2.2336534525383414,8.315466880798338,0.07142412656992263,0.736268809818207,0.2565080082209706,0.9483792424201966,0.004777028074593149,79.86702133265517,126.42814921093591,156.21702575683594,0.13541517365687403
/Users/harinihegde/Downloads/crowd_panic/No Panic/VID-20251025-WA0006_clip_290.mp4,No Panic,train,48,29.97,640,360,10.895833333333334,2.2382990503703675,13.0,0.0024424663482412647,3.855943634154949,1.137382230693464,5.289065170288086,0.014802863154556912,0.3347083378503931,0.13482975554874393,0.5035359740257264,-0.0013983015898894242,89.3422670258717,133.70771624337482,252.11105957031273,0.0891368233457013
/Users/harinihegde/Downloads/crowd_panic/No Panic/VID-20251025-WA0006_clip_291.mp4,No Panic,train,48,29.97,640,360,8.25,2.3048861143232218,11.0,-0.09009986973512832,4.328230416521113,1.3392818486345641,6.28746919631958,0.00672762836161639,0.5096572659751202,0.25120524675953754,0.9174788236618041,0.007688820381044902,70.48850479810196,91.19316848420824,138.140283203125,-0.05949301220197032
/Users/harinihegde/Downloads/crowd_panic/No Panic/VID-20251025-WA0006_clip_292.mp4,No Panic,train,48,29.97,640,360,11.125,1.9751054824152219,13.300000000000004,-0.03256621797655248,6.888340630429856,3.90231264062429,14.080757904052735,0.22132120821125312,0.7487891091311232,0.21622614097619147,0.9619952201843261,0.011266307260885934,108.75216118372404,118.188404090028,245.27337951660164,0.328578272891587
/Users/harinihegde/Downloads/crowd_panic/No Panic/VID-20251025-WA0006_clip_293.mp4,No Panic,train,48,29.97,640,360,10.1875,3.212321655231099,14.300000000000004,0.12999348675640457,4.717265669335711,2.9514766249024333,9.326939582824705,-0.13824227169693667,0.5614671573994008,0.260384368604956,0.9119451999664306,-0.0064039432497955285,93.7346845086028,136.18347422554658,277.9673217773438,-0.2603669425541966
/Users/harinihegde/Downloads/crowd_panic/No Panic/VID-20251025-WA0006_clip_294.mp4,No Panic,train,48,29.97,640,360,9.166666666666666,1.9507833184532708,11.300000000000004,0.05319148936170196,6.276036227003057,2.5456580079511077,8.862640953063964,0.05278892303704119,0.7114352474504329,0.25200320126557707,0.9564207553863525,0.0015584815941427086,78.16626853343703,94.17320192751447,156.36333923339848,-0.0915958122646118
/Users/harinihegde/Downloads/crowd_panic/No Panic/VID-20251025-WA0006_clip_295.mp4,No Panic,train,48,29.97,640,360,7.0625,1.329258095079106,9.0,-0.03186061658706049,5.766552438127234,1.9055425036708251,8.347058486938476,0.02623664759354512,0.5610593849040092,0.2937883293471023,0.8975269317626953,0.01516042537229079,99.04002049931309,95.06813623986936,208.76211853027343,0.12956589271344396
/Users/harinihegde/Downloads/crowd_panic/No Panic/VID-20251025-WA0006_clip_296.mp4,No Panic,train,48,29.97,640,360,6.520833333333333,2.798731731616225,10.0,0.12087494572297,9.823559578428878,3.42753159026759,13.57604579925537,0.08600086740163818,0.8345910004795866,0.2214877929580745,0.9768592357635498,0.009431612357380046,141.96246267552576,117.28062360244806,308.5668029785156,0.04791086023860479
/Users/harinihegde/Downloads/crowd_panic/No Panic/VID-20251025-WA0006_clip_297.mp4,No Panic,train,48,29.97,640,360,4.770833333333333,2.1529009821375644,8.0,0.10437472861485014,4.263630968459109,1.4129423490961557,6.203780364990234,-0.016468713644144106,0.6966163896499796,0.17690785804925868,0.9398468852043151,-0.005860130058792752,80.77072012954288,108.54078787432039,179.1956848144531,-0.05418394035261156
/Users/harinihegde/Downloads/crowd_panic/No Panic/VID-20251025-WA0006_clip_298.mp4,No Panic,train,48,29.97,640,360,7.0625,1.7369303622578924,9.0,-0.09178245766391671,5.020362965604092,1.7688765831470674,7.354145908355712,0.002014207630439858,0.48325602028598175,0.23354849918097256,0.86484135389328,-0.0023159206397728046,62.72011593491042,111.64068766290382,159.57241058349604,0.017010356792037266
/Users/harinihegde/Downloads/crowd_panic/No Panic/VID-20251025-WA0006_clip_299.mp4,No Panic,train,48,29.97,640,360,3.9791666666666665,1.9417516075841306,6.0,-0.07897307859313948,6.074168103806516,1.5292465954217356,8.338966369628906,0.04788117018372352,0.7901215049180579,0.20136443413633906,0.9620512366294861,0.008178717085435147,86.22083258173268,133.04053119515038,219.77459716796895,0.5356242996786088
/Users/harinihegde/Downloads/crowd_panic/No Panic/VID-20251025-WA0006_clip_300.mp4,No Panic,train,48,29.97,640,360,2.9791666666666665,1.249826376830887,4.0,-0.006133304385584076,4.670969496382043,1.373574730584383,6.6023006439208975,0.031860866527883835,0.5119959325232404,0.1506207643117453,0.6866457462310791,0.000243979834440568,115.53884796662764,115.81696425995625,283.66923217773444,1.2921184747800534
/Users/harinihegde/Downloads/crowd_panic/No Panic/VID-20251025-WA0006_clip_301.mp4,No Panic,test,48,29.97,640,360,7.6875,3.222035135852287,12.0,0.1895896656534954,4.589652457135789,1.2506537761599101,6.2187676429748535,-0.04405981183713722,0.559028629292833,0.22537863685048207,0.863667368888855,-0.010957513690325632,82.71065264881635,158.3354377219023,264.58547363281315,-0.2821585578116302
/Users/harinihegde/Downloads/crowd_panic/No Panic/VID-20251025-WA0006_clip_302.mp4,No Panic,test,48,29.97,640,360,7.208333333333333,1.9360433592481572,9.300000000000004,-0.04027355623100319,5.007319470669361,1.4141837588680575,7.30148229598999,-0.0061802483343834725,0.746493843007595,0.144007517259264,0.9326732277870178,-0.0001384675206407963,58.263111741477275,111.07846888279684,142.103271484375,-0.039809321099276984
/Users/harinihegde/Downloads/crowd_panic/No Panic/VID-20251025-WA0006_clip_303.mp4,No Panic,test,48,29.97,640,360,7.0625,2.0453835214941964,9.0,-0.04315023881893193,4.7307674073158426,1.2432927287056235,6.530618953704834,-0.027281541360075247,0.6822064366746456,0.18214995027732703,0.9181722164154053,-0.005550136818971812,72.65852091999665,114.73915733500547,113.18910217285156,-0.0773068346060843
/Users/harinihegde/Downloads/crowd_panic/No Panic/VID-20251025-WA0006_clip_304.mp4,No Panic,test,48,29.97,640,360,7.520833333333333,2.3002679493678313,10.300000000000004,-0.12651975683890587,3.42565341198698,0.4773914040650449,4.004380607604981,-0.011936466413774948,0.39573327103193773,0.1951335447953176,0.6948864936828613,-0.001253054513889782,59.09065812277415,92.40971266459702,121.54966430664085,-0.05195364349283272
/Users/harinihegde/Downloads/crowd_panic/No Panic/VID-20251025-WA0006_clip_305.mp4,No Panic,train,48,29.97,640,360,6.9375,2.2211694554896075,10.0,0.12695397307859307,3.4789839145985058,0.9210876954595977,4.6648818969726555,0.023251117213140705,0.42142732203640837,0.27128437543254563,0.867453670501709,0.0024146447009876543,66.96844208446754,98.02395203650474,122.76860198974605,0.06359672331489483
/Users/harinihegde/Downloads/crowd_panic/No Panic/VID-20251025-WA0006_clip_306.mp4,No Panic,train,48,29.97,640,360,6.520833333333333,2.466353442950859,10.0,-0.012972210160660096,3.400428832845485,0.7013005195849111,4.415517711639404,-0.025051559098443955,0.27848752885264283,0.13867737954690443,0.4374753057956695,-0.0011659033534484901,76.02517601011299,126.65394262744137,219.14357910156278,0.0010380084979359798
/Users/harinihegde/Downloads/crowd_panic/No Panic/VID-20251025-WA0006_clip_307.mp4,No Panic,train,48,29.97,640,360,8.520833333333334,1.7676441871095614,11.0,0.044018671298306486,3.6247803454703473,0.9131217950438605,4.5101799964904785,0.040327009396019305,0.28605640481444117,0.13151917028912286,0.45708662867546074,-0.00238638291623061,71.35169806188196,101.60395404937854,167.37036132812497,-0.022646343470526374
/Users/harinihegde/Downloads/crowd_panic/No Panic/VID-20251025-WA0006_clip_308.mp4,No Panic,train,48,29.97,640,360,6.541666666666667,2.081248957290363,10.0,-0.06795484151107264,3.9907145500183105,1.3550275532681986,5.804170894622803,-0.0781819366339067,0.30065247614650015,0.15699077127706784,0.5265221595764159,0.0053805754551014395,93.79398935035972,135.31177548958166,258.26957702636724,-0.2984433585170924
/Users/harinihegde/Downloads/crowd_panic/No Panic/VID-20251025-WA0006_clip_309.mp4,No Panic,test,48,29.97,640,360,5.666666666666667,1.818118685772619,7.6000000000000085,-0.07197134172818073,6.906865723589633,3.656066231213752,12.487442207336425,0.2369350399770305,0.7385565378564469,0.16161914109373457,0.9085733652114868,0.006094049679582381,85.94408344010175,78.06678454379264,171.55451202392578,0.5155721874812834
/Users/harinihegde/Downloads/crowd_panic/No Panic/VID-20251025-WA0006_clip_310.mp4,No Panic,train,48,29.97,640,360,0.9166666666666666,1.0960788698304922,3.0,-0.05970473295701263,6.239193764138729,1.6451879913958836,8.677921485900878,-0.09126185003416501,0.5262163655554994,0.1409773626614092,0.7129711747169495,-0.0033199982226556585,221.0301688621784,170.0120136923072,396.85424804687483,0.40166358759838017
/Users/harinihegde/Downloads/crowd_panic/No Panic/VID-20251025-WA0006_clip_311.mp4,No Panic,train,48,29.97,640,360,0.041666666666666664,0.19982631347136334,0.0,-0.0009769865392965712,3.846481607315388,0.7270521319050228,4.844031715393067,0.03216325467543731,0.28099521816252393,0.12331675432621708,0.4348647654056549,-0.0012166918219634895,0.0,0.0,0.0,0.0
/Users/harinihegde/Downloads/crowd_panic/No Panic/VID-20251025-WA0006_clip_312.mp4,No Panic,train,48,29.97,640,360,0.08333333333333333,0.2763853991962833,0.0,-0.002388189318280506,5.270992167452548,1.1877684781848443,6.722746658325195,-0.037753978887164474,0.2512377082825975,0.12693283909199699,0.42923109531402587,0.0016225924229492342,0.0,0.0,0.0,0.0
/Users/harinihegde/Downloads/crowd_panic/No Panic/VID-20251025-WA0006_clip_313.mp4,No Panic,train,48,29.97,640,360,0.08333333333333333,0.2763853991962833,0.0,0.00010855405992184105,4.231926349883384,0.9119794803639625,5.219071388244628,0.047185936810019764,0.30030935971026723,0.14793012471160707,0.5216601729393006,-0.00023254372565477115,0.0,0.0,0.0,0.0
/Users/harinihegde/Downloads/crowd_panic/No Panic/VID-20251025-WA0006_clip_314.mp4,No Panic,train,48,29.97,640,360,0.5625,0.6741120703068099,1.3000000000000043,0.02122231871471993,2.7360527211047234,1.1584035116175162,4.411490058898925,-0.06940596376327755,0.31208304406956155,0.13930406949877372,0.48880677223205565,0.0031001174834942007,54.69565605691501,115.87114451963673,122.14034347534191,-10.87557536101604
/Users/harinihegde/Downloads/crowd_panic/No Panic/VID-20251025-WA0006_clip_315.mp4,No Panic,train,48,29.97,640,360,1.0416666666666667,0.705878097754059,2.0,0.010855405992184096,1.3719413064895791,0.26263843195735087,1.740253186225891,-0.0026499205419688392,0.4771851559585713,0.1381437921991835,0.6611571788787841,0.0008714649753919096,14.132771712083082,13.223053152513863,27.478865814209005,0.7265069765600597
/Users/harinihegde/Downloads/crowd_panic/No Panic/VID-20251025-WA0006_clip_316.mp4,No Panic,test,48,29.97,640,360,1.5416666666666667,1.1718634258687692,3.0,-0.07197134172818068,2.24484605992094,1.240814847243992,3.901803016662596,0.03540483421743416,0.41396318328507403,0.1737651194486675,0.6447021007537841,0.002437586881475363,88.81706687193068,89.4616689977462,211.60117797851572,3.5725113751220814
/Users/harinihegde/Downloads/crowd_panic/No Panic/VID-20251025-WA0006_clip_317.mp4,No Panic,train,48,29.97,640,360,0.0,0.0,0.0,0.0,3.0427015284274486,0.7902641819860612,4.147730541229248,0.014870624206994669,0.5648338174883355,0.2578306137964916,0.8829988956451416,-0.012285944482761324,0.0,0.0,0.0,0.0
/Users/harinihegde/Downloads/crowd_panic/No Panic/VID-20251025-WA0006_clip_318.mp4,No Panic,test,48,29.97,640,360,0.22916666666666666,0.6531839752746201,1.0,0.02143942683456362,2.968433489190771,0.6024585214432155,3.734654140472412,-0.02951917442373385,0.4218751983122623,0.1481476572512355,0.6399080753326416,0.0006310654257895454,14.22415542602539,6.825945175024416,21.57402114868164,-3.022494125366214
/Users/harinihegde/Downloads/crowd_panic/No Panic/VID-20251025-WA0006_clip_319.mp4,No Panic,train,48,29.97,640,360,1.4166666666666667,1.2555432644432802,3.0,0.0633955709943552,4.206907155665945,1.4889481686185768,6.0179033279418945,0.02756574421872926,0.7452115613887919,0.217874975753643,0.9018040299415588,0.004109654383463353,50.2686347594628,74.01830012893605,69.45345535278321,0.9324727623059439
/Users/harinihegde/Downloads/crowd_panic/No Panic/VID-20251025-WA0006_clip_320.mp4,No Panic,train,48,29.97,640,360,0.10416666666666667,0.3673998351780916,0.0,-0.007435953104646121,3.570217307577742,1.11421923223849,4.80148458480835,-0.010091903155099178,0.7802990307199195,0.12761704540684632,0.9150968313217163,-0.0014035803275346417,80.72046661376953,0.0,80.72046661376953,0.0
/Users/harinihegde/Downloads/crowd_panic/No Panic/VID-20251025-WA0006_clip_321.mp4,No Panic,train,48,29.97,640,360,0.0625,0.31663925319938885,0.0,0.006893182805036909,3.7273520459520055,1.09152352107815,5.30258502960205,-0.03539881567840327,0.7173184666861879,0.19935291553041626,0.9048441052436829,-0.01105862441166863,0.0,0.0,0.0,0.0
/Users/harinihegde/Downloads/crowd_panic/No Panic/VID-20251025-WA0006_clip_322.mp4,No Panic,test,48,29.97,640,360,0.1875,0.5266343608235224,1.0,-0.0009227095093356612,4.963342047752218,1.846825571630191,8.058430767059326,0.10707919827552996,0.7331782997922695,0.22592844404263843,0.9645381331443786,0.013842660682163903,61.528516133626304,9.75524165617648,71.0163070678711,11.944107055664055
/Users/harinihegde/Downloads/crowd_panic/No Panic/VID-20251025-WA0006_clip_323.mp4,No Panic,train,48,29.97,640,360,0.3958333333333333,0.6689414315834301,1.0,0.022524967433782028,4.156152243309832,1.0845768844353239,5.732812023162841,-0.05152455435429974,0.6976985126099688,0.1858599342931706,0.9244998455047607,-0.01016536365357071,438.0334332329886,288.389056325108,711.2427856445313,-111.30411968912397
/Users/harinihegde/Downloads/crowd_panic/No Panic/VID-20251025-WA0006_clip_324.mp4,No Panic,test,48,29.97,640,360,0.7916666666666666,0.7894706383956841,2.0,-0.003039513677811572,2.2510399767693055,0.6951115701826749,3.0381608009338374,0.027574410105501497,0.30550600937072264,0.14699721492816958,0.5120610117912292,-0.0017170214338036813,53.77318255106608,73.5882760876957,79.76937866210938,-0.8242895807538755
/Users/harinihegde/Downloads/crowd_panic/No Panic/VID-20251025-WA0006_clip_325.mp4,No Panic,train,48,29.97,640,360,0.22916666666666666,0.6204696921598095,1.0,-0.02480460269214071,6.956662999822738,2.9632816017375405,10.33957176208496,0.06063208651145665,0.6623771236614978,0.2451031247228842,0.8631278276443481,0.013523211376181532,46.7992799282074,16.77647280564207,64.25736351013182,-1.9962504477727971
/Users/harinihegde/Downloads/crowd_panic/No Panic/VID-20251025-WA0006_clip_326.mp4,No Panic,train,48,29.97,640,360,0.0,0.0,0.0,0.0,3.7934653010774166,2.4625212180457603,7.156976413726806,0.14035483460035955,0.7119027166924579,0.16562397190970354,0.853609848022461,0.007487366629021795,0.0,0.0,0.0,0.0
/Users/harinihegde/Downloads/crowd_panic/No Panic/VID-20251025-WA0006_clip_327.mp4,No Panic,train,48,29.97,640,360,1.0,1.567907310185565,4.0,0.0657837603126357,7.090462755649648,1.258880145142328,8.65112133026123,-0.026635600503785647,0.8480703424900136,0.022065038265095573,0.8789865970611572,0.0010433421090286666,96.54731698469682,26.62988616474929,126.26706695556642,0.23826731590818206
/Users/harinihegde/Downloads/crowd_panic/No Panic/VID-20251025-WA0006_clip_328.mp4,No Panic,train,48,29.97,640,360,4.020833333333333,1.7015872900193971,6.0,-0.0531372123317413,1.4579033103395016,1.581940425501365,4.442648601531982,-0.09381832529434889,0.778515894362267,0.21639607000437389,0.9103293538093566,-0.011274677681479049,33.619776922091845,91.32661338403622,53.52446937561034,-0.40846624433877327
/Users/harinihegde/Downloads/crowd_panic/No Panic/VID-20251025-WA0006_clip_329.mp4,No Panic,train,48,29.97,640,360,0.9583333333333334,0.19982631347136334,1.0,0.004884932696482844,0.013270870097566079,0.06515725075073693,0.0,-0.0016321906502839777,0.9189361382989173,0.26580977734214295,1.0,0.009469402788136298,8.389444689986043,55.002288707622,0.0,-1.1185783524883988
/Users/harinihegde/Downloads/crowd_panic/No Panic/WhatsApp Video 2025-09-23 at 19.11.35_1e0673ee_clip_001.mp4,No Panic,train,48,30.0,478,850,5.5,1.5811388300841898,7.0,0.026270082501085482,15.27491346318671,4.269449100645946,20.970982360839844,0.10951799645013671,0.6309189809129593,0.18596403991809085,0.8893201947212219,-0.0053816510710751435,203.786355887519,156.46500516287293,374.45099487304685,-0.03769500829879189
/Users/harinihegde/Downloads/crowd_panic/Normal/VID-20250924-WA0002_clip_001.mp4,Normal,train,48,25.0,640,360,37.770833333333336,6.318753777886551,44.90000000000001,0.10806556665219183,3.1324883555755654,0.8319464412452209,4.038715648651123,0.023580182454321367,0.334405705966848,0.1320580956589519,0.5208800435066223,0.001244776936508132,104.96526178327471,151.96302187868193,322.22500915527354,0.0003898022614722972
/Users/harinihegde/Downloads/crowd_panic/Normal/VID-20250924-WA0002_clip_002.mp4,Normal,test,48,25.0,640,360,40.666666666666664,6.101001739241042,49.0,0.22069040382110217,4.284142940602404,0.8400756513030522,5.4617938041687015,0.002390817924300208,0.3478888796365007,0.1103655422570559,0.49969034790992733,-0.0005935301140957061,97.46169148536211,127.0742754567483,281.3609313964844,-0.003453253760798164
/Users/harinihegde/Downloads/crowd_panic/Normal/VID-20250924-WA0002_clip_003.mp4,Normal,test,48,25.0,640,360,35.791666666666664,5.074274715551858,42.300000000000004,-0.008358662613982186,3.019331734231178,0.7550348057085081,3.939693069458008,-0.011560736060363055,0.4391143342202648,0.16299284102792913,0.6178513526916504,0.001558953459149744,112.9612644923382,176.2840212082874,339.05223388671897,-0.010472305304677512
/Users/harinihegde/Downloads/crowd_panic/Normal/VID-20250924-WA0006_clip_001.mp4,Normal,train,48,29.97,640,360,11.541666666666666,2.581652679109945,15.0,0.06947459834997813,2.1671648945045123,1.1319445648871764,3.7775002479553224,0.010619517448985006,0.1548536015634841,0.06548234986387695,0.24122470915317534,0.0012461116204036538,69.94563578643789,120.64644535323026,154.84530181884767,0.05920176994502916
/Users/harinihegde/Downloads/crowd_panic/Normal/VID-20250924-WA0006_clip_002.mp4,Normal,test,48,29.97,640,360,13.4375,3.194436896126348,17.300000000000004,0.05313721233174109,2.970188244860223,1.2562613205897275,4.692743301391602,0.04266277742705669,0.18138166025598,0.09459022856070663,0.32425389289855955,-0.00019479023247860792,72.59640061678246,121.33650489168578,186.3876586914067,0.008304624030890856
/Users/harinihegde/Downloads/crowd_panic/Normal/VID-20250924-WA0006_clip_003.mp4,Normal,train,48,29.97,640,360,13.5625,3.0407390137925354,17.0,-0.16570777247069057,2.0577907140584704,2.1795035496056063,4.946080875396728,0.06397680021912053,0.10838392902007128,0.09083093185883316,0.2578827619552612,0.004158588284393988,42.477774297745306,96.76367299030233,94.161003112793,-0.024439736100201507
/Users/harinihegde/Downloads/crowd_panic/Normal/VID-20250924-WA0006_clip_004.mp4,Normal,train,48,29.97,640,360,10.958333333333334,2.730677062968491,14.0,-0.001194094659140366,1.2029523139304303,0.6480931211269584,2.3183055877685548,-0.028091904406576218,0.1114508925560624,0.05094512474827686,0.18456991612911225,0.0006386301609248991,60.310021186946486,109.65218110939097,125.82339477539062,0.02966616502262711
/Users/harinihegde/Downloads/crowd_panic/Normal/VID-20250924-WA0006_clip_005.mp4,Normal,test,48,29.97,640,360,12.75,2.222048604328897,15.300000000000004,0.008141554494138024,0.9485017454370539,0.21405406425215004,1.255691623687744,-0.007916069073493986,0.15414191325730148,0.057940152303789,0.22627390027046204,-0.0005978371648727009,63.13438403267109,115.1354544020044,124.2608764648438,0.0169871915545102
/Users/harinihegde/Downloads/crowd_panic/Normal/VID-20250924-WA0006_clip_006.mp4,Normal,train,48,29.97,640,360,10.9375,1.962208046224117,13.300000000000004,-0.04705818497611816,0.8296578361632976,0.23146441196671608,1.0497297286987304,0.009745500871530852,0.0647330473305935,0.033070169630720826,0.10005191415548324,0.00011177311152685964,67.90879836236277,128.53687865517327,152.42352600097684,-0.04248794220371262
/Users/harinihegde/Downloads/crowd_panic/Normal/VID-20250924-WA0006_clip_007.mp4,Normal,train,48,29.97,640,360,10.625,3.545096378567631,16.0,0.08640903169778534,1.8858478525851636,0.5310431354301015,2.5888031959533686,0.009037220345725646,0.14914435778368026,0.14647781603560506,0.44229301214218136,-0.004842644160403203,69.69824297612621,119.35807808981114,147.23531341552743,-0.0380102204473433
/Users/harinihegde/Downloads/crowd_panic/Normal/VID-20250924-WA0006_clip_008.mp4,Normal,train,48,29.97,640,360,17.6875,3.001084873286103,21.300000000000004,0.13107902735562293,1.6653789389640727,1.195613713614032,3.5598480224609377,-0.07837007002117567,0.22249960304891808,0.057419846290821426,0.28203516006469725,0.00011888553520232138,53.52976319029143,115.79133643516013,121.29401931762698,-0.020147305466219276
/Users/harinihegde/Downloads/crowd_panic/Normal/VID-20250924-WA0006_clip_009.mp4,Normal,train,48,29.97,640,360,15.125,3.585997071945263,19.0,-0.12624837168910144,1.5102973180882475,1.414337028378312,4.046782302856445,0.07182260873924794,0.23385663441521057,0.06481706006790447,0.31721500754356385,-0.00021874056276102749,61.468744427204896,119.04470063851991,150.84161071777353,0.03580672175052803
/Users/harinihegde/Downloads/crowd_panic/Normal/VID-20250924-WA0006_clip_010.mp4,Normal,test,48,29.97,640,360,12.229166666666666,2.382571993782256,15.0,-0.04586409031697806,1.409418521409339,0.8991162887457746,2.7245602130889894,-0.049579958060099814,0.1648958019436674,0.06649272227751331,0.24934781789779661,-0.003145011054880912,65.16139452786496,110.37564911524406,152.9083282470705,-0.09809994529560637
/Users/harinihegde/Downloads/crowd_panic/Normal/VID-20250924-WA0006_clip_011.mp4,Normal,test,48,29.97,640,360,11.8125,3.2381595209830745,16.0,-0.17048415110725168,1.4498565596468904,1.0568187038279688,2.593614912033081,-0.013941537444096359,0.08810517774458895,0.05387304683252699,0.17276585102081296,-0.0014891886789003635,53.337482799837986,103.9459111207738,131.309440612793,-0.060839763793873555
/Users/harinihegde/Downloads/crowd_panic/Normal/VID-20250924-WA0006_clip_012.mp4,Normal,train,48,29.97,640,360,12.416666666666666,3.167762968124702,17.0,-0.1454624402952674,2.409580927579961,1.3065207505883003,4.128341770172119,0.040029328795465245,0.12455179050881812,0.07346425495600035,0.24224902987480162,0.0028804646564559687,60.92209239384371,104.50364374415398,142.23934936523438,0.07655566479950043
/Users/harinihegde/Downloads/crowd_panic/Normal/VID-20250924-WA0006_clip_013.mp4,Normal,train,48,29.97,640,360,9.729166666666666,1.9551170396906905,12.0,-0.0989470256187582,4.067361441064389,1.8367766729427308,6.4391921043395985,-0.03384200900544946,0.2618474801804157,0.098407749228431,0.41189369559288025,0.003064678091069925,79.80514395993373,97.92483174809298,183.78883514404293,-0.03688014640501271
/Users/harinihegde/Downloads/crowd_panic/Normal/VID-20250924-WA0006_clip_014.mp4,Normal,test,48,29.97,640,360,10.229166666666666,1.7705882183299675,12.300000000000004,-0.01698871037776816,2.4650449194806687,0.8105672498091,3.632175254821777,0.04797013408601781,0.1714002437731053,0.07262942623662962,0.2734967291355133,0.0037861645039064173,55.94664040339242,78.47805041606327,108.19416046142578,0.03471164005704419
/Users/harinihegde/Downloads/crowd_panic/Normal/VID-20250924-WA0006_clip_015.mp4,Normal,train,48,29.97,640,360,11.5625,2.6841063845036643,15.0,0.0058076422058182765,1.8956817585103056,0.9364759003791867,3.0437766551971435,-0.02339499828704631,0.2344267506231653,0.10579749284518618,0.4113385081291199,0.003987495757287903,68.26961059976927,127.97259325722237,199.2885848999023,0.08472725262535337
/Users/harinihegde/Downloads/crowd_panic/Normal/VID-20250924-WA0006_clip_016.mp4,Normal,train,48,29.97,640,360,11.291666666666666,3.439708886260903,15.300000000000004,-0.000434216239687269,2.655264268530176,1.502760343429762,4.344951820373535,0.02532169680480711,0.16084689092128834,0.09521282891482483,0.28025445342063904,-0.0021622702345824073,93.87196816073524,148.1892660376631,297.2423950195313,0.042244928116775916
/Users/harinihegde/Downloads/crowd_panic/Normal/VID-20250924-WA0006_clip_017.mp4,Normal,train,48,29.97,640,360,16.0,4.546060565661952,22.0,0.2761615284411636,0.9471480763973074,0.36396112095838024,1.359868264198303,-0.014766823155779625,0.1341977229520203,0.0643233280627759,0.2256420761346817,-0.00044852777067175444,55.80531640826645,120.34119510178533,121.78404922485355,-0.03807097091517622
/Users/harinihegde/Downloads/crowd_panic/Normal/VID-20250924-WA0006_clip_018.mp4,Normal,train,48,29.97,640,360,15.770833333333334,2.3384430658500586,19.0,0.07224272687798507,0.42302511442214885,0.338181449217357,1.0541873931884764,-0.016774319401777642,0.08532935388861819,0.043956401629750584,0.13408161252737041,-0.0012605847365668283,41.499761069610166,107.94130187487873,80.10025329589845,-0.015113222562233616
/Users/harinihegde/Downloads/crowd_panic/Normal/VID-20250924-WA0006_clip_019.mp4,Normal,train,48,29.97,640,360,13.416666666666666,4.050891534245545,18.300000000000004,-0.09248805905340883,0.907848949128009,0.6480185728532956,1.8557007789611815,-0.030552058857172087,0.13649946710768532,0.07790178049942466,0.25613232254981994,-0.0013051867294646487,68.77684384695392,131.79185706673664,213.91563720703124,-0.07744899392663705
/Users/harinihegde/Downloads/crowd_panic/Normal/VID-20250924-WA0006_clip_020.mp4,Normal,train,48,29.97,640,360,15.3125,5.6204842985280195,22.300000000000004,0.2769756838905775,0.6789020857912429,0.5390313812015278,1.358465242385864,0.03169409373635556,0.09637875426956947,0.0659385452155577,0.19421169757843018,3.389177639743806e-05,60.887329031362476,127.74767604085746,168.78305053710938,0.021049764512639662
/Users/harinihegde/Downloads/crowd_panic/Normal/VID-20250924-WA0006_clip_021.mp4,Normal,train,48,29.97,640,360,9.833333333333334,3.9965262694272665,17.0,-0.16966999565783775,1.0905706318134958,0.5097439001245457,1.957532119750976,-0.021458005227637873,0.14706726106715964,0.07529428587647236,0.23815976083278653,0.0013396736629872454,47.096125345785644,86.70239493266502,92.32187500000006,-0.034445888395263524
/Users/harinihegde/Downloads/crowd_panic/Normal/VID-20250924-WA0006_clip_022.mp4,Normal,train,48,29.97,640,360,8.520833333333334,1.5810015724920143,11.0,0.046081198436821486,0.973786952013665,0.5721131810858181,1.640039825439453,0.03408191584319455,0.2021418313713784,0.12883175760334414,0.39046283364295953,-0.0009132638055862199,35.373048890932026,69.44163732104428,67.45905609130858,0.02354709780809283
/Users/harinihegde/Downloads/crowd_panic/Normal/VID-20250924-WA0006_clip_023.mp4,Normal,train,48,29.97,640,360,12.75,1.4648663192705789,14.300000000000004,-0.0312635692574904,1.1156658194166549,0.651077677034021,2.034504890441894,-0.03741341753484581,0.2073984458408457,0.14057908109138448,0.40663032531738275,0.0004785101995161603,48.89343002457545,110.0992213966781,96.70498046874995,0.050879881662538644
/Users/harinihegde/Downloads/crowd_panic/Normal/VID-20250924-WA0007_clip_001.mp4,Normal,train,48,29.97,640,360,10.5625,4.949352861738593,16.300000000000004,-0.018182805036908677,4.692508306909115,1.4865972044614926,6.513499355316162,-0.04122616600152182,0.1504595936077865,0.09582668769541032,0.27377970814704894,-0.0022548626942812513,256.9739351522818,183.430201779403,546.0239135742189,-0.2757653267191268
/Users/harinihegde/Downloads/crowd_panic/Normal/VID-20250924-WA0027_clip_001.mp4,Normal,train,48,29.0,640,360,18.354166666666668,5.035249014585961,26.0,-0.2972752930959619,1.1184885096042714,0.5932366564519896,2.133257436752319,-0.015586448428423523,0.1049158550957416,0.06122986591652703,0.18661285638809202,-0.002181125435612881,82.32757615745845,155.3273997482402,289.93602905273434,0.027924574011934433
/Users/harinihegde/Downloads/crowd_panic/Normal/VID-20250924-WA0027_clip_002.mp4,Normal,train,48,29.0,640,360,17.270833333333332,3.232256586177664,22.0,5.427702996060787e-05,0.7230695026352051,0.40763446172839596,1.2091216325759886,0.010487232408955854,0.09939141311940361,0.04672158728195906,0.15334850549697873,0.00026429162990081407,68.8930595973287,134.85005634366277,208.8388214111328,-0.04269004359286752
/Users/harinihegde/Downloads/crowd_panic/Normal/VID-20250924-WA0027_clip_003.mp4,Normal,test,48,29.0,640,360,17.5625,3.233330648624315,22.0,0.012212331741206924,1.7173523991665942,0.7633195752828078,2.8232772827148436,0.007923885463124407,0.11005675158602127,0.04562056838754409,0.16945356130599976,-0.0005540797033732299,75.6631317945751,143.01898493032775,232.87637329101568,0.004165290663748025
/Users/harinihegde/Downloads/crowd_panic/Normal/VID-20250924-WA0027_clip_004.mp4,Normal,train,48,29.0,640,360,19.270833333333332,3.8608050937883696,24.0,0.06768345636126762,2.350872179295154,0.7670966315889449,3.24223027229309,0.0350005144768573,0.16780578345060349,0.07426678473816804,0.2645433843135834,0.002990376090098459,75.098004977644,128.45601311553338,207.8694427490234,-0.020897929272805617
/Users/harinihegde/Downloads/crowd_panic/Normal/VID-20250924-WA0027_clip_005.mp4,Normal,train,48,29.0,640,360,12.875,3.364180187405742,18.0,0.0006513243595309788,2.021026570746239,0.6728464703645717,3.03765287399292,-0.022243984588090192,0.12843107968132864,0.07326722246504255,0.2284665018320083,-0.0006762693227319598,83.7734914847543,139.97221777713145,280.8757568359375,0.062398693491510525
/Users/harinihegde/Downloads/crowd_panic/Normal/VID-20250924-WA0027_clip_006.mp4,Normal,train,48,29.0,640,360,16.020833333333332,5.6439111118876495,24.300000000000004,0.3436278766825879,3.4136088858259486,1.3832977595720044,4.719732284545898,-0.014696841048047441,0.1505029212406024,0.08341095327334742,0.26521697640419006,-0.0010594565288450572,88.00509917401234,144.49281485129907,251.84322509765613,-0.1423050221489683
/Users/harinihegde/Downloads/crowd_panic/Normal/VID-20250924-WA0027_clip_007.mp4,Normal,test,48,29.0,640,360,15.1875,4.221256971171818,20.0,-0.22932045158488967,0.7857229877659615,0.2976341212215004,1.1314294815063477,-0.0005658176881808138,0.07943500707203403,0.040155386587608366,0.12657402902841566,0.0007012121021406426,59.75390614744909,133.1686617900643,170.67931365966797,-0.049367157123840065
/Users/harinihegde/Downloads/crowd_panic/Normal/VID-20250924-WA0027_clip_008.mp4,Normal,train,48,29.0,640,360,11.875,2.9270647982805804,16.300000000000004,0.13786365610073806,1.2383911596967818,0.4994016734805546,1.877904987335205,0.014072411847847912,0.14213290929477265,0.05527859970929351,0.21961316466331482,0.001325954216817579,55.92560839561969,109.61927104374057,129.07945251464844,0.06587767348131875
/Users/harinihegde/Downloads/crowd_panic/Normal/VID-20250924-WA0027_clip_009.mp4,Normal,train,48,29.0,640,360,18.145833333333332,2.6139815044402197,21.0,-0.008738601823708359,1.2361241382487276,0.5693779305170321,2.126501512527466,-0.023221407306210844,0.123617473771756,0.06434448651679714,0.21226866841316222,-0.0029826594075527475,70.62011128178585,133.76653199051512,189.21985778808605,0.009460054293010252
/Users/harinihegde/Downloads/crowd_panic/Normal/VID-20250924-WA0027_clip_010.mp4,Normal,train,48,29.0,640,360,16.8125,2.5385055478896765,20.0,0.060084672166738747,1.0442768373387925,0.43914974582931765,1.4554333686828613,-0.006331980118147215,0.12398339776282614,0.06045502580377073,0.20879477858543397,0.0028312255819668447,67.4521005709576,121.29836101969441,210.81664733886723,-0.03055408934890313
/Users/harinihegde/Downloads/crowd_panic/Normal/VID-20250924-WA0027_clip_011.mp4,Normal,train,48,29.0,640,360,18.479166666666668,3.4033658788845425,23.300000000000004,0.1591945288753797,1.8956532110559179,0.9737057771766024,3.080272674560547,0.04263041054039064,0.2453044370767918,0.05685671530402402,0.3248612821102142,0.0013172579989540292,72.81978135129408,140.81623023254193,201.29183349609366,0.04462362173041018
/Users/harinihegde/Downloads/crowd_panic/Normal/VID-20250924-WA0027_clip_012.mp4,Normal,train,48,29.0,640,360,18.666666666666668,2.7411473672330877,22.0,-0.008684324793747637,0.8718450608405661,0.40330689558758315,1.3546825170516967,0.01884139125872056,0.12872784693745223,0.05853346270173029,0.2117976427078247,-0.00317794077172031,61.147552793074134,128.32386783192766,173.86561737060546,0.02763494913059434
/Users/harinihegde/Downloads/crowd_panic/Normal/VID-20250924-WA0027_clip_013.mp4,Normal,train,48,29.0,640,360,18.375,3.8709656418005056,23.0,-0.20115067303517195,1.8803387474506459,0.5635104102043555,2.5771028518676755,0.027707670211350885,0.12299150188869619,0.061902670658881956,0.21023498177528382,0.0011050184278866976,69.44569233487266,127.0605980890182,152.49488830566406,0.0009729265017700172
/Users/harinihegde/Downloads/crowd_panic/Normal/VID-20250924-WA0027_clip_014.mp4,Normal,train,48,29.0,640,360,12.875,3.276335605520289,17.0,-0.10171515414676537,2.364432903046304,0.7123016548071346,3.159769344329834,-0.006989605014904234,0.20432161698316006,0.05157148412181202,0.26414166092872615,0.0011737677522837616,79.63166196617958,150.28737659462433,230.3955627441406,0.011925529669729087
/Users/harinihegde/Downloads/crowd_panic/Normal/VID-20250924-WA0027_clip_015.mp4,Normal,train,48,29.0,640,360,14.625,4.085671099505359,20.300000000000004,0.0776161528441163,1.0033715658999505,0.30111801168419017,1.2866062641143798,-0.002795624585475889,0.11670035528058702,0.05122196028351745,0.17334915995597838,-0.0009867335692527064,53.84490395734708,111.60203869388705,130.39749755859384,0.01792181813608676
/Users/harinihegde/Downloads/crowd_panic/Normal/VID-20250924-WA0027_clip_016.mp4,Normal,train,48,29.0,640,360,14.8125,2.6821652478299445,19.0,0.003202344767694098,1.822986697896998,0.8329658133729688,2.8889192581176757,-0.011951838953422238,0.08791544165541516,0.04975455874792752,0.14657309055328369,-0.0015866119413706409,66.60077638235319,123.65564536650267,180.07112884521484,-0.015194493535757508
/Users/harinihegde/Downloads/crowd_panic/Normal/VID-20250924-WA0027_clip_017.mp4,Normal,train,48,29.0,640,360,17.791666666666668,3.6168490737411507,21.300000000000004,0.015197568389057387,1.6426080249725503,0.5315429005303779,2.264036464691162,0.02079965489865676,0.11051050621144315,0.043378085688529786,0.16108129620552064,-7.352403819106036e-05,68.31241604536771,130.69477350251253,175.2956909179688,-0.010124508893425534
/Users/harinihegde/Downloads/crowd_panic/Normal/VID-20250924-WA0027_clip_018.mp4,Normal,train,48,29.0,640,360,15.645833333333334,3.4247237317612775,20.0,0.15213851498046024,0.9009544494304251,0.41862762900279243,1.4634298801422116,0.021747445396451796,0.0727915387957337,0.043964636649065636,0.14234738051891324,0.001640607034063844,68.08778117226888,131.78345446311909,222.77165679931642,0.0017067089203176684
/Users/harinihegde/Downloads/crowd_panic/Normal/VID-20250924-WA0027_clip_019.mp4,Normal,test,48,29.0,640,360,14.895833333333334,3.658549253309143,19.60000000000001,-0.08157837603126357,2.187304453646883,0.5208218525674274,2.9422735691070554,0.015424441673709346,0.1318847158170761,0.047452213196566125,0.186163991689682,0.0009206178594659753,58.19704934763909,116.21344009403842,129.04150085449223,0.040604867905092684
/Users/harinihegde/Downloads/crowd_panic/Normal/VID-20250924-WA0027_clip_020.mp4,Normal,train,48,29.0,640,360,18.3125,2.534398761705295,21.0,-0.02719279201042135,1.499466764166,0.4556952469076064,1.9982272386550903,0.004147496718868543,0.09917555672136392,0.05550545282917497,0.18515794873237607,0.0007381103762703767,56.81328555255319,114.02244965690349,112.9556243896486,0.03314979084238807
/Users/harinihegde/Downloads/crowd_panic/Normal/VID-20250924-WA0027_clip_021.mp4,Normal,train,48,29.0,640,360,16.604166666666668,2.6039999946663253,20.0,0.05737082066869309,2.104170246327177,0.9885841871194032,3.450673246383667,0.05445345466358589,0.1314379971949978,0.05919604889914491,0.20756116211414335,-0.0013924972821892023,71.77434513774625,125.81590673370657,200.76834106445312,0.008226854924339132
/Users/harinihegde/Downloads/crowd_panic/Normal/VID-20250924-WA0027_clip_022.mp4,Normal,train,48,29.0,640,360,12.604166666666666,3.251535427900008,17.0,-0.15843465045592722,1.4418549987863987,0.7207503155347752,2.400182008743286,-0.044022264836095795,0.12384126059948763,0.06217075141577138,0.21256822049617768,0.0011476034112877737,45.01226775230922,91.6989191170607,118.100341796875,-0.018418720989912485
/Users/harinihegde/Downloads/crowd_panic/Normal/VID-20250924-WA0027_clip_023.mp4,Normal,train,48,29.0,640,360,15.875,1.953895681282226,18.0,0.01834563612679099,0.5259160091902347,0.2626760386909973,0.9724212884902954,-0.006764171365906961,0.08144235533681955,0.04652819964054005,0.1344848275184631,0.00021156458813907363,35.46111319856322,91.68765621091661,69.71366119384766,0.015307249701313159
/Users/harinihegde/Downloads/crowd_panic/Normal/VID-20250924-WA0027_clip_024.mp4,Normal,train,48,29.0,640,360,16.916666666666668,2.44807180359473,20.0,0.005970473295701115,1.0589927092511604,0.3932771072130217,1.6472182512283322,-0.019633141969167777,0.11876855128781592,0.05487957723476235,0.17859967350959777,-0.000172274140468785,57.78026727044748,111.09541807003464,126.2520637512207,-0.021127089038607924
/Users/harinihegde/Downloads/crowd_panic/Normal/VID-20250924-WA0027_clip_025.mp4,Normal,train,48,29.0,640,360,15.541666666666666,2.1790511441654803,18.0,-0.04168475900998734,0.8596022033945043,0.4895124119070523,1.4268637895584106,0.0027853388694234708,0.07623179161802252,0.033196651414983805,0.1150423318147659,9.065864661107152e-05,36.00537688761461,92.26290013074451,55.12687683105469,0.025615677758636324
/Users/harinihegde/Downloads/crowd_panic/Normal/VID-20250924-WA0027_clip_026.mp4,Normal,train,48,29.0,640,360,18.625,3.527422335549478,24.0,-0.02344767694311787,1.508454568842624,0.5199815790490641,2.29969744682312,-0.026500755009498993,0.10103014072878881,0.06601087874334312,0.1847840905189514,-0.003504515913774748,51.384224826546564,118.371061520435,129.76625518798858,0.03919447319253416
/Users/harinihegde/Downloads/crowd_panic/Normal/VID-20250924-WA0027_clip_027.mp4,Normal,train,48,29.0,640,360,18.208333333333332,4.296114200323617,24.0,0.1580547112462004,1.0029518578914887,0.5100965140382013,1.5180857658386229,0.015131245481813542,0.0652080505214473,0.031531648486610254,0.1046212911605835,0.0004006060689798012,55.64479175437438,114.22281255135842,171.14642791748057,0.014801477993391472
/Users/harinihegde/Downloads/crowd_panic/Normal/VID-20250924-WA0027_clip_028.mp4,Normal,train,48,29.0,640,360,19.9375,2.313062994530557,23.0,0.04868649587494534,1.4403415677395273,0.47730083010717134,2.0071976661682127,-0.007675889428019168,0.07302055460341433,0.03482255676368539,0.11801597326993937,0.00046529703335035247,69.26445191673125,128.70317208652705,224.9406799316406,-0.024467492115511448
/Users/harinihegde/Downloads/crowd_panic/Normal/VID-20250924-WA0027_clip_029.mp4,Normal,train,48,29.0,640,360,14.875,3.545096378567631,19.0,0.01063829787234031,2.0841457514052695,0.6245145845436141,2.9075045108795163,0.014911164532206242,0.1140704553851739,0.06832577705701323,0.21514418125152585,0.00012874074901000136,95.57078584201359,151.0855442198472,325.0964294433598,0.04723350917903389
/Users/harinihegde/Downloads/crowd_panic/Normal/VID-20250924-WA0027_clip_030.mp4,Normal,train,48,29.0,640,360,13.25,2.3496453633119474,17.0,0.048415110725140986,1.9743182785967563,0.8497377513280535,3.0939207553863524,-0.023234772100479466,0.17354776424930451,0.055256982979903134,0.24507272839546204,0.0011818166658502838,79.20308586784928,132.42173182345874,204.7751434326172,-0.06030682919392384
/Users/harinihegde/Downloads/crowd_panic/Normal/VID-20250924-WA0027_clip_031.mp4,Normal,test,48,29.0,640,360,14.145833333333334,3.4700479303446072,19.0,-0.15648067737733426,3.127554010837636,0.6200644746394689,3.8287837505340576,0.007566901873263041,0.1620909466725239,0.11438907394684888,0.3025701820850372,-0.006876750872825823,77.84020188728283,115.5242749680563,181.1856140136719,0.047690811461293635
/Users/harinihegde/Downloads/crowd_panic/Normal/VID-20250924-WA0027_clip_032.mp4,Normal,train,48,29.0,640,360,10.354166666666666,2.704083203642636,15.0,-0.10068389057750773,1.610729419170542,0.5399087056970003,2.555493974685669,0.010310336568364404,0.07664072434318826,0.04667585556640071,0.14295924901962279,0.0013708911065501578,66.32113669690303,111.70224174186691,161.1054092407226,0.044861742083945215
/Users/harinihegde/Downloads/crowd_panic/Normal/VID-20250924-WA0027_clip_033.mp4,Normal,train,48,29.0,640,360,10.458333333333334,2.6375362030164102,14.0,-0.013569257490230278,1.313808149479805,0.5277179108726265,2.085304546356201,0.030087964931480544,0.08192512412565424,0.05915259727431619,0.17840709090232848,0.0029150277460471045,61.827695414354956,110.63214708469549,145.50068817138686,0.04212772212754198
/Users/harinihegde/Downloads/crowd_panic/Normal/VID-20250924-WA0027_clip_034.mp4,Normal,train,48,29.0,640,360,9.020833333333334,2.57786720091543,13.0,0.041304819800260434,1.7281134902162756,0.8451840580508619,3.0165883064270016,0.024941234988100983,0.16367688891973267,0.08236200267847704,0.26831246018409727,0.0039583789064074225,52.44497408921428,103.27664405789733,138.85407409667974,-0.019832833884307975
/Users/harinihegde/Downloads/crowd_panic/Normal/VID-20250924-WA0027_clip_035.mp4,Normal,train,48,29.0,640,360,9.75,2.5124689052802225,12.300000000000004,0.131784628745115,0.6219808804862043,0.40365463636728144,1.150020384788513,-0.014819888535897342,0.07815788567383239,0.0444515438336086,0.13702126145362853,-0.0017615245594009821,49.23014758630908,94.51168696871954,122.78645629882823,-0.02491769374946063
/Users/harinihegde/Downloads/crowd_panic/Normal/VID-20250924-WA0027_clip_036.mp4,Normal,train,48,29.0,640,360,16.020833333333332,3.520710057013437,20.0,-0.07083152409900148,1.1967743229358754,0.4708631822567899,1.6983391284942626,0.026092622763409228,0.10636640978144839,0.06082569841811598,0.20350557565689084,0.003527403770360982,80.6331377357703,125.53613070082277,197.17131500244153,0.061674094131302995
/Users/harinihegde/Downloads/crowd_panic/Normal/VID-20250924-WA0027_clip_037.mp4,Normal,train,48,29.0,640,360,15.291666666666666,2.9927574613092562,19.0,-0.014220581849761483,2.8027887674088174,0.7557293825332007,3.640064573287964,-0.010940464625305617,0.2236011824075212,0.04577084863989021,0.29152315855026245,0.0011019391368705853,103.08490749403123,144.64778826605547,319.4005371093748,-0.07068238959729943
/Users/harinihegde/Downloads/crowd_panic/Normal/VID-20250924-WA0027_clip_038.mp4,Normal,train,48,29.0,640,360,14.166666666666666,3.8747759791875565,19.0,-0.13135041250542792,2.1309859448290887,0.5110288148643907,2.7174145221710204,0.014219393135219919,0.2924292743840116,0.06427411037372022,0.3670372605323791,-0.003235886557498096,77.8029455038098,126.21279403771854,244.53130340576172,0.06291926950935192
/Users/harinihegde/Downloads/crowd_panic/Normal/VID-20250924-WA0027_clip_039.mp4,Normal,train,48,29.0,640,360,11.5,2.715695122800054,15.0,-0.1122448979591839,1.3610061559271305,0.7653058758377241,2.4088461875915526,-0.02989451652332436,0.11387528062976421,0.05212752174201799,0.1761143684387207,-0.00136622210131453,65.91431993029222,114.64403902304664,171.82330322265625,-0.06900272388924374
/Users/harinihegde/Downloads/crowd_panic/Normal/VID-20250924-WA0027_clip_040.mp4,Normal,train,48,29.0,640,360,9.708333333333334,1.7790251700174329,12.0,0.04222752930959611,0.8997047429389142,0.21774538431155818,1.2029700040817262,-0.005232081720114409,0.10139434685573932,0.046804380497726374,0.154539093375206,0.0009547233558712213,43.08155892616437,79.73694105254856,118.66575622558597,0.029265643589408894
/Users/harinihegde/Downloads/crowd_panic/Normal/VID-20250924-WA0027_clip_041.mp4,Normal,train,48,29.0,640,360,14.333333333333334,2.6087459737497545,18.0,0.0033651758575767112,0.5420608796337818,0.2063829751144505,0.7328102588653564,-0.012906491570346994,0.0840530676291661,0.03822221534941546,0.1338905245065689,-0.0011563007605660998,50.029567204293656,108.30418332760321,107.14572296142582,-0.021035083604710215
/Users/harinihegde/Downloads/crowd_panic/Normal/VID-20250924-WA0027_clip_042.mp4,Normal,train,48,29.0,640,360,12.791666666666666,1.7906974122453583,15.0,-0.02279635258358674,1.6232964853022962,0.7522291090344269,2.698510122299194,0.014254211459333008,0.09895092684854852,0.06653244339799674,0.19512350261211395,0.001006819808788453,61.71208767911825,134.59691837676192,159.63862609863293,0.07657047412504908
/Users/harinihegde/Downloads/crowd_panic/Normal/VID-20250924-WA0027_clip_043.mp4,Normal,test,48,29.0,640,360,16.125,3.9031237489989987,21.0,0.1111593573599652,1.7417693518577737,0.3305233748605695,2.081880044937134,-0.009625200564722344,0.08208544078738765,0.03519309494663762,0.13202558457851407,-0.00022708634304435796,78.04192970148817,134.4487328575375,210.19301910400415,-0.02049259680324311
/Users/harinihegde/Downloads/crowd_panic/Normal/VID-20250924-WA0027_clip_044.mp4,Normal,train,48,29.0,640,360,15.645833333333334,4.15576699365539,20.0,-0.012646547980894794,1.5537596661993798,0.4733409408853015,2.211203908920288,0.029672546706797354,0.12222818859872665,0.06050205260087026,0.20649630427360535,-0.00026231749215017514,83.58434824989028,132.5817699706419,222.26970825195318,0.054124202407353994
/Users/harinihegde/Downloads/crowd_panic/Normal/VID-20250924-WA0027_clip_045.mp4,Normal,train,48,29.0,640,360,14.854166666666666,3.558965107849315,20.0,-0.129993486756405,3.028844691337423,0.9949975740447868,4.227177429199219,-0.028529606587240557,0.10782099138707557,0.060044525766924275,0.20014675259590148,0.001174157431304359,114.3854100778192,163.09623495889696,368.10891418457084,-0.021578043940928097
/Users/harinihegde/Downloads/crowd_panic/Normal/VID-20250924-WA0027_clip_046.mp4,Normal,train,48,29.0,640,360,15.375,4.2555111326373005,20.300000000000004,0.1882327399044722,1.4846729788374393,0.6392471966256794,2.2718411445617677,-0.011237443361869024,0.15164258981004675,0.076447380964986,0.24782795608043667,-0.004265722029503851,86.32416868212223,150.0562288852941,274.03052978515626,0.0677115117029047
/Users/harinihegde/Downloads/crowd_panic/Normal/VID-20250924-WA0027_clip_047.mp4,Normal,train,48,29.0,640,360,17.583333333333332,5.122797629767894,25.300000000000004,0.2577073382544504,1.3654151622285233,0.49601556118503054,1.8947026968002318,0.01202288225196669,0.08782736885737866,0.05375467460740966,0.1576380133628845,0.0011589396850504913,82.20320728043494,140.69541319463784,248.88158264160228,0.05093940804822293
/Users/harinihegde/Downloads/crowd_panic/Normal/VID-20250924-WA0027_clip_048.mp4,Normal,train,48,29.0,640,360,14.5625,4.358450842902785,19.300000000000004,-0.248100303951368,1.5915027007143547,0.6628833062606386,2.4377880096435547,-0.024654562306779055,0.12658410769035208,0.07265463996535555,0.21561766266822815,-0.0019673557857707974,72.03132181327706,112.58066270264689,172.89748077392585,-0.08048725505297474
/Users/harinihegde/Downloads/crowd_panic/Normal/VID-20250924-WA0027_clip_049.mp4,Normal,train,48,29.0,640,360,14.0625,3.2685767162482207,18.0,0.11642422926617442,1.026710922413684,0.7742421754800892,2.1459533691406247,0.049703210044331744,0.08775007183802255,0.04697510534046935,0.1494693011045456,0.0016955861909647557,70.53749313524791,132.87117429580596,170.4264633178711,0.003762403423384215
/Users/harinihegde/Downloads/crowd_panic/Normal/VID-20250924-WA0027_clip_050.mp4,Normal,train,48,29.0,640,360,13.270833333333334,3.5280990120586027,18.300000000000004,-0.1042661745549286,0.7622251326733447,0.6257594011973702,1.8078050613403318,-0.034629100125548366,0.06062373412931536,0.03164153857316262,0.09861490577459335,0.0002578067936060933,69.2324836844195,133.37197603884053,161.42930908203118,0.03769777813221684
/Users/harinihegde/Downloads/crowd_panic/Normal/VID-20250924-WA0027_clip_051.mp4,Normal,test,48,29.0,640,360,10.75,3.003470215156683,14.300000000000004,0.007598784194528787,1.2994268542908607,0.6925596156448554,2.3412029266357415,-0.0018011160353396773,0.11524022251684615,0.07040917118752656,0.25161975622177124,0.00011842129028348057,89.49078822781058,149.05313913943652,194.87764892578124,-0.029051390979285455
/Users/harinihegde/Downloads/crowd_panic/Normal/VID-20250924-WA0027_clip_052.mp4,Normal,train,48,29.0,640,360,12.9375,3.7439186801175763,16.300000000000004,0.1004667824576638,1.5405674082167604,0.5837775543721545,2.2681148529052733,-0.009530925287569606,0.20467455469151127,0.08359657672433368,0.299871426820755,0.003090702987079588,82.14144474420358,141.87998789607028,247.40906219482434,-0.059465399515382586
/Users/harinihegde/Downloads/crowd_panic/Normal/VID-20250924-WA0027_clip_053.mp4,Normal,train,48,29.0,640,360,16.375,2.6741431649533403,19.300000000000004,0.004016500217107916,1.571583090944493,0.333496182916876,2.088411045074463,0.00729397956581715,0.2295418121713273,0.04838738430258189,0.2995604515075683,-0.0018260901523314637,75.34971728470843,138.33880817341895,224.62892761230466,0.026840568394596552
/Users/harinihegde/Downloads/crowd_panic/Normal/VID-20250924-WA0027_clip_054.mp4,Normal,test,48,29.0,640,360,14.875,3.7059917700933984,20.0,0.03690838037342584,1.0354978429510238,0.3727851230052223,1.4653507709503173,0.0069573504073161185,0.18315518156011054,0.046722663632287297,0.24047383069992065,0.0021885691277827544,62.60003204126597,117.24576328884913,148.71566619873104,0.026479851490196712
/Users/harinihegde/Downloads/crowd_panic/Normal/VID-20250924-WA0027_clip_055.mp4,Normal,train,48,29.0,640,360,15.979166666666666,2.9614859961775197,20.300000000000004,0.05292010421189742,1.3043825398100184,0.6262328194659456,2.041507053375244,-0.025306959556386337,0.12754872778153165,0.08378774991371783,0.2305142790079117,-0.004990164857791955,65.55137569078657,131.9564981381825,191.56527709960938,-0.07734458350558097
/Users/harinihegde/Downloads/crowd_panic/Normal/VID-20250924-WA0027_clip_056.mp4,Normal,test,48,29.0,640,360,12.5,2.598076211353316,16.0,-0.09020842379505015,1.1963639094474467,0.7028695904094964,2.0592545270919795,0.03828574323838889,0.09784948528605572,0.04868024847568027,0.16213952004909515,0.0011397801672610758,56.78202949292385,125.69244344270908,187.98663482666043,-0.015387745303693027
/Users/harinihegde/Downloads/crowd_panic/Normal/VID-20250924-WA0027_clip_057.mp4,Normal,train,48,29.0,640,360,15.041666666666666,2.516266524480708,18.0,0.024750325662179787,1.4676601950158463,0.39755073680752806,2.0945508003234865,-0.0018444540639038173,0.0945949775186625,0.058335472001746054,0.18636975884437562,5.578937329469081e-05,66.13854766816519,126.43462169769259,169.03606567382806,0.03397626773130351
/Users/harinihegde/Downloads/crowd_panic/Normal/VID-20250924-WA0027_clip_058.mp4,Normal,train,48,29.0,640,360,16.166666666666668,2.330355242351594,19.0,0.05742509769865374,1.4605520633941,0.4642150259505849,1.9205409288406372,0.018240412754057533,0.11243453201778392,0.05850538487450245,0.18412733674049375,0.001838482493770747,69.83548064789932,133.15926394910565,212.87534790039075,-0.03598076052767584
/Users/harinihegde/Downloads/crowd_panic/Normal/VID-20250924-WA0027_clip_059.mp4,Normal,train,48,29.0,640,360,19.083333333333332,2.998842369241097,23.0,0.05449413808076392,1.9830119330832299,0.8944026674265156,2.942359733581543,0.018833838534178745,0.1251861267980743,0.07721474765746858,0.23826330006122587,0.0015141787698835303,76.53901143209843,142.92265951483012,245.68719177246095,0.04415784608587536
/Users/harinihegde/Downloads/crowd_panic/Normal/VID-20250924-WA0027_clip_060.mp4,Normal,train,48,29.0,640,360,12.875,2.912795049432761,16.300000000000004,0.022362136343899133,1.1482790251995654,0.22604572655515318,1.4923859357833862,-0.010634945738271472,0.1223212965427244,0.06062215223439842,0.20208678841590882,-0.0005723537139940894,63.06437276320863,124.01123181418691,168.6328765869141,0.05727698122116118
/Users/harinihegde/Downloads/crowd_panic/Normal/VID-20250924-WA0027_clip_061.mp4,Normal,train,48,29.0,640,360,16.729166666666668,2.2149076667487115,20.0,-0.02447894051237532,1.8555752774502368,0.7674212569705003,2.9368299961090085,0.013565675147863382,0.16742491821183803,0.07657939647810516,0.26949836015701295,0.0018112544208561706,58.63540212263246,109.00447554062903,149.5866165161133,-0.013631206547059077
/Users/harinihegde/Downloads/crowd_panic/Normal/VID-20250924-WA0027_clip_062.mp4,Normal,train,48,29.0,640,360,15.729166666666666,2.6199521571119493,19.0,-0.08440078158923149,0.9817014304881401,0.43975201012482895,1.641340374946594,-0.004589945532788169,0.08074585436546106,0.041955405196900664,0.13759523928165435,0.0004061709315784002,72.5132789495592,136.9635336516773,192.39468994140637,0.05485421241674401
/Users/harinihegde/Downloads/crowd_panic/Normal/VID-20250924-WA0027_clip_063.mp4,Normal,test,48,29.0,640,360,9.520833333333334,2.621939353269297,14.0,-0.04510421189752515,1.3550908850862624,0.5728352448154056,2.1041319370269775,-0.015342163575070521,0.09988561427181071,0.05346465852741199,0.16905782818794252,-0.0011728563771137733,73.2782537147129,130.4912974390469,177.73602294921875,-0.06887602303354343
/Users/harinihegde/Downloads/crowd_panic/Normal/VID-20250924-WA0027_clip_064.mp4,Normal,train,48,29.0,640,360,7.8125,2.962658223622833,12.300000000000004,0.1253256621797654,1.933391349112734,1.0399083941155667,3.1996990203857423,0.06949723736968007,0.28771677169393983,0.12640404128197466,0.4241768479347229,0.007501635600095075,66.09601806151639,115.9715953153894,191.26942291259766,0.23017949505445945
/Users/harinihegde/Downloads/crowd_panic/Normal/VID-20250924-WA0027_clip_065.mp4,Normal,train,48,29.0,640,360,16.208333333333332,3.054766312211496,21.0,0.12310030395136758,3.111953783542552,0.6322075359060483,3.782470226287842,-0.013906246638761166,0.16196714539794213,0.09268773449292926,0.3004454612731934,-0.00443893562481979,88.77591976325317,135.8601752113272,215.67160186767575,0.008973844164431486
/Users/harinihegde/Downloads/crowd_panic/Normal/VID-20250924-WA0027_clip_066.mp4,Normal,test,48,29.0,640,360,13.083333333333334,3.4930486525224476,18.300000000000004,-0.16217976552323074,2.1777471341985337,0.9659118846657517,3.5398104667663572,0.0049304105306973165,0.0777090626986737,0.04182229557533708,0.13808864653110503,0.0010750795616341839,94.82802936657151,138.63046496470002,262.35496520996094,-0.053339404087129026
/Users/harinihegde/Downloads/crowd_panic/Normal/VID-20250924-WA0027_clip_067.mp4,Normal,train,48,29.0,640,360,9.8125,2.666585285216532,13.0,-0.05758792878853699,2.8166307540650064,0.8959134809319222,3.92227144241333,0.0417062262767559,0.10576832052716549,0.05214213805260194,0.17524518370628356,0.0018384592444140552,97.10482022621876,142.26848819816607,259.84271850585924,0.18057284259489204
/Users/harinihegde/Downloads/crowd_panic/Normal/VID-20250924-WA0027_clip_068.mp4,Normal,train,48,29.0,640,360,11.25,2.7726341266023544,16.0,0.0733825445071643,3.218489979175811,0.8407594634605116,4.502730846405029,-0.02932145058502212,0.19449554621539217,0.06809378443848586,0.2812409460544586,0.0008323241385332295,112.65422666267632,154.9989875523147,298.8560668945312,-0.20170152261844104
/Users/harinihegde/Downloads/crowd_panic/Normal/VID-20250924-WA0027_clip_069.mp4,Normal,train,48,29.0,640,360,12.5,2.362907813126304,16.0,0.04950065132435935,2.234331118299606,0.712814447419582,3.100470542907715,0.006487632974996054,0.2230480227698671,0.08550249274198805,0.34530115127563477,-1.2233976540080238e-05,79.37346132637481,115.4582335749881,142.02170410156253,-0.06574827867585104
/Users/harinihegde/Downloads/crowd_panic/Normal/VID-20250924-WA0027_clip_070.mp4,Normal,train,48,29.0,640,360,13.375,2.394655507583502,16.0,0.03148067737733366,1.0652869572030736,0.4775752478695234,1.6014166831970211,-0.002184657057769617,0.07021580256046132,0.030921771152650965,0.10779713690280913,0.0006264862268439446,54.51478969777936,115.84683413751593,138.1710754394535,-0.06480518919737374
/Users/harinihegde/Downloads/crowd_panic/Normal/VID-20250924-WA0027_clip_071.mp4,Normal,train,48,29.0,640,360,14.645833333333334,2.593980076810323,18.0,0.038156752062526965,1.1283958135767187,2.878432924638073,1.0939546346664428,0.04089820443908448,0.1484804385084104,0.21105472192735747,0.4016536772251128,0.005172297527589712,27.976503872151216,71.31633965533555,45.536698913574234,0.01124604517582794
/Users/harinihegde/Downloads/crowd_panic/Normal/VID-20250924-WA0029_clip_001.mp4,Normal,test,48,25.0,640,360,23.5625,10.093121110439526,32.300000000000004,0.4874620060790273,3.8217261182718705,1.9735512100242385,6.056211280822754,0.09947653323982972,0.5756536785592424,0.2082195935644542,0.8229114532470703,0.004727057407883234,112.94040548102355,165.31005473892122,394.14912719726556,-0.010026117851611522
/Users/harinihegde/Downloads/crowd_panic/Normal/VID-20250924-WA0029_clip_002.mp4,Normal,train,48,25.0,640,360,29.979166666666668,6.517571068955742,37.300000000000004,0.20533000434216214,4.815775219430315,1.4286623809579384,6.879985332489014,-0.031522663556569956,0.2841318879435037,0.12181370203007763,0.44420769214630124,-0.005296267049988448,85.92428798025085,146.08938427199186,292.6523071289061,-0.007522960881395976
/Users/harinihegde/Downloads/crowd_panic/Normal/VID-20250924-WA0029_clip_003.mp4,Normal,train,48,25.0,640,360,34.916666666666664,6.40908643169125,43.300000000000004,-0.2012592270950932,3.889715732412135,2.1719630336216444,6.256967544555662,0.12636472727279774,0.2675860514666172,0.13266722265670197,0.46779305338859556,-0.004031371895592592,82.71951304791453,149.13206141506922,306.73431396484375,0.04123376176991172
/Users/harinihegde/Downloads/crowd_panic/Normal/VID-20250924-WA0029_clip_004.mp4,Normal,test,48,25.0,640,360,25.8125,8.10518416920101,36.60000000000001,0.3082392531480675,8.801890210902437,2.177247488650228,12.154777908325196,-0.07751841968568132,0.2922435601023918,0.12504666692436678,0.45051682591438286,0.005941732291211477,135.7471122758574,172.3482994874943,417.54285888671876,-0.0856746481581682
/Users/harinihegde/Downloads/crowd_panic/Normal/VID-20250924-WA0029_clip_006.mp4,Normal,train,48,25.0,640,360,13.9375,5.512887363563066,22.300000000000004,-0.33244680851063857,2.3772694024633854,0.7635858134921905,3.2928802013397216,0.012454442590282108,0.2364853100573763,0.08468705135042595,0.34827393889427183,0.0026258452649846006,104.84130628030378,159.22613282704202,359.0318298339844,-0.0251422002517357
/Users/harinihegde/Downloads/crowd_panic/Normal/VID-20250924-WA0029_clip_007.mp4,Normal,train,48,25.0,640,360,9.270833333333334,2.9632441634502924,14.0,0.09948979591836725,2.48160002459871,1.0590704124542598,4.236226272583008,-0.023596238231184747,0.17242391173668364,0.09483882060677744,0.3123510301113128,-0.003019690918964469,85.43273193333607,129.25723643589137,266.0229949951172,-0.07207491177479255
/Users/harinihegde/Downloads/crowd_panic/Normal/VID-20250924-WA0029_clip_008.mp4,Normal,train,48,25.0,640,360,17.729166666666668,2.8412114738063567,21.0,0.051508901432913305,0.8436530221332895,0.804994823232068,1.8603954315185547,-0.039180981031482036,0.17010536964269393,0.08844026228561186,0.2827382385730743,0.0039370886461979875,32.274336077768304,90.07032528967584,53.26530685424799,-0.05910214283765693
/Users/harinihegde/Downloads/crowd_panic/Normal/VID-20250924-WA0029_clip_009.mp4,Normal,train,48,25.0,640,360,15.979166666666666,2.4280443376420364,19.0,0.08440078158923123,0.6327213692538282,0.718993066012532,0.9644832849502558,0.027667676519936825,0.230506254796018,0.05847038773905784,0.2924925923347473,-4.624785333320166e-05,27.982144565110865,85.94558783615634,38.34177780151383,0.00665639342407567
/Users/harinihegde/Downloads/crowd_panic/Normal/VID-20250924-WA0029_clip_010.mp4,Normal,train,48,25.0,640,360,9.770833333333334,2.607997182812044,13.0,-0.06768345636126807,3.6989638627843653,2.06478059216646,6.813443183898925,0.09657695077559557,0.44420656407291587,0.21913510809042835,0.7660521149635314,0.006179841496541438,74.6505298920051,92.80300730890858,137.4312744140625,0.12126807030149683
/Users/harinihegde/Downloads/crowd_panic/Normal/VID-20250924-WA0029_clip_011.mp4,Normal,test,48,25.0,640,360,8.645833333333334,2.69636779864238,12.300000000000004,0.05585106382978722,5.263184841642988,1.9577543308715293,8.190553855895995,-0.03647969242712609,0.2867151608968035,0.1686227452483604,0.5267131090164184,-0.004023567365463497,102.45870931988802,123.72457639968022,236.07135620117185,-0.12546512033583795
/Users/harinihegde/Downloads/crowd_panic/Normal/VID-20250924-WA0029_clip_012.mp4,Normal,train,48,25.0,640,360,10.25,2.358495283014151,14.0,-0.0702344767694313,4.117792000161841,1.6941630819767832,5.663639640808105,-0.06255985176144212,0.3459496844480646,0.12655958161341782,0.5129216432571411,-6.935423736311582e-05,75.8502586384139,109.67051375713837,180.70120849609376,-0.154695239172566
/Users/harinihegde/Downloads/crowd_panic/Normal/VID-20250924-WA0029_clip_013.mp4,Normal,train,48,25.0,640,360,9.0625,1.919269066598011,12.0,-0.025130264871906297,4.615639493820515,1.8574441670327422,7.18728084564209,-0.06414769991033059,0.3215860573852316,0.12562937498039642,0.4928307056427002,-0.0014857023559807084,76.32681700730706,112.36347566588783,179.89167480468748,0.03615656552307438
/Users/harinihegde/Downloads/crowd_panic/Normal/VID-20250924-WA0029_clip_014.mp4,Normal,test,48,25.0,640,360,9.208333333333334,1.8022940628235142,11.0,-0.032566217976552514,2.1422054691517607,1.597040396300177,5.264070796966553,0.09015099561594903,0.22045878392267734,0.11055149536424588,0.3654080510139465,0.005126826963529584,58.878431960672216,97.48305377135907,105.87692413330073,0.09683931847960968
/Users/harinihegde/Downloads/crowd_panic/Normal/VID-20250924-WA0029_clip_015.mp4,Normal,train,48,25.0,640,360,8.041666666666666,2.6454231965583292,12.0,-0.048740772904906776,3.4830340070927397,1.3797648665532654,5.1766216278076165,0.025991808957352258,0.25889372841474856,0.10038058404925657,0.3742997646331787,-0.0006345464674812769,64.95870023858116,94.1678270532248,144.1901947021485,-0.018459052738379694
/Users/harinihegde/Downloads/crowd_panic/Normal/VID-20250924-WA0029_clip_016.mp4,Normal,train,48,25.0,640,360,17.75,12.314456274368485,33.300000000000004,0.735128093790708,2.8564595237691353,1.6351707179876496,5.394009590148926,-0.06796631274208986,0.1444453976731351,0.09840783119772373,0.30332120060920714,-0.002811970672105799,101.94867495761565,155.32640567344208,325.22694091796893,-0.01405653659930894
/Users/harinihegde/Downloads/crowd_panic/Normal/VID-20250924-WA0029_clip_017.mp4,Normal,train,48,25.0,640,360,31.0,5.996526772502007,39.0,0.1788970907511936,0.963074450797223,0.3160162642874672,1.5176979541778564,-0.017689081534371126,0.1507043920932932,0.05500107193497875,0.2115151584148407,-0.0020729651951181954,100.25058888752622,160.0367315597685,342.09392089843755,-0.03045589783797155
/Users/harinihegde/Downloads/crowd_panic/Normal/VID-20250924-WA0029_clip_018.mp4,Normal,train,48,25.0,640,360,27.166666666666668,11.85912681814681,41.300000000000004,-0.5612244897959187,2.1652798430716738,1.570095866053284,4.466579627990723,0.10343114119867394,0.12505616311063159,0.06755495133252354,0.2134291261434555,0.0022873861097474826,91.59310172833676,164.09832263330932,337.35280761718764,0.041885387280778306
/Users/harinihegde/Downloads/crowd_panic/Normal/VID-20250924-WA0029_clip_019.mp4,Normal,train,48,25.0,640,360,22.458333333333332,12.982292962167953,39.300000000000004,0.23046026921406815,5.872827078433747,2.4360408911470603,8.921039390563966,-0.012861662253971782,0.2003454750086716,0.08567059272033363,0.29784252047538756,-0.0012695167358416743,69.45331605305475,146.58230647062823,276.6723968505863,-0.0738053232136007
/Users/harinihegde/Downloads/crowd_panic/Normal/VID-20250924-WA0029_clip_020.mp4,Normal,train,48,25.0,640,360,15.1875,10.104982784910291,27.300000000000004,0.036419887103777554,4.810467466394952,1.9246589770446787,7.68244924545288,-0.015163673585923427,0.15851733984148247,0.08645833401582353,0.265891033411026,-0.0008099396335293596,66.32778641790927,134.20878013022386,240.09456634521484,0.005093295531634283
/Users/harinihegde/Downloads/crowd_panic/Normal/VID-20250924-WA0029_clip_026.mp4,Normal,train,48,25.0,640,360,27.625,16.471724509999955,51.0,1.0547112462006079,4.788812759074759,1.8631633306662125,6.7897780418395985,-0.1052489046500194,0.37382174865838064,0.09467750267692632,0.45042966604232787,-0.004614768464292267,85.6940210104126,131.63748852645494,279.65813598632815,-0.031585688974027644
/Users/harinihegde/Downloads/crowd_panic/Normal/VID-20250924-WA0030_clip_008.mp4,Normal,train,48,29.97,640,360,8.604166666666666,2.587949504702302,12.0,-0.08081849761181091,8.603549597111154,3.0353210234704235,12.750082778930663,0.0411647627411013,0.5859318756042643,0.26300604053962573,0.9087011098861695,-0.005132744883106994,153.02970084466963,158.62373848376737,390.1625061035156,0.16495022576209098
/Users/harinihegde/Downloads/crowd_panic/Normal/VID-20250924-WA0030_clip_009.mp4,Normal,train,48,29.97,640,360,8.104166666666666,2.0024941045828046,10.300000000000004,0.010041250542770185,6.054095217522154,1.2952286338258545,7.49576711654663,-0.01086637496286569,0.29250996813495106,0.13997230106797176,0.48152841329574586,0.002312671263063817,93.50201815730188,118.52921325310275,196.81287689208992,-0.08452471190573181
/Users/harinihegde/Downloads/crowd_panic/Normal/VID-20250924-WA0030_clip_010.mp4,Normal,train,48,29.97,640,360,10.270833333333334,4.5995451918882395,15.0,0.28566000868432473,12.682850254342911,7.458812079371269,24.263318252563476,0.38993777140327135,0.6100389871825563,0.25327615107030566,0.9715524792671203,0.009994687395347812,179.8941593158275,158.39395202205586,418.5381774902344,0.27726329779657777
/Users/harinihegde/Downloads/crowd_panic/Normal/VID-20250924-WA0030_clip_011.mp4,Normal,train,48,29.97,640,360,15.833333333333334,3.760171390892826,19.300000000000004,-0.1406860616587062,10.682997607170268,7.802686625818638,22.846695709228516,-0.4652955353701149,0.6089616771391098,0.22087049042710305,0.8578919768333435,-0.00733428212549541,131.323107046218,143.73243901902117,326.71224975585926,-0.24289159638068575
/Users/harinihegde/Downloads/crowd_panic/Normal/VID-20250924-WA0030_clip_012.mp4,Normal,train,48,29.97,640,360,6.604166666666667,2.9064553392214525,11.0,0.09807859313938333,10.899583471582291,2.667790763131881,14.889829635620115,-0.003348830560089529,0.528761273527399,0.27004052640398135,0.9172644972801208,0.010743274908275048,142.11216665094253,142.58763014913546,324.16033935546875,-0.4489551892327069
/Users/harinihegde/Downloads/crowd_panic/Normal/VID-20250924-WA0030_clip_013.mp4,Normal,train,48,29.97,640,360,5.708333333333333,3.1021385992390615,10.0,-0.20299609205384292,7.740471626849884,1.960331997857244,11.312269401550292,-0.06253201916303824,0.41215756107518015,0.2381920339085163,0.846184480190277,-0.007151170028933602,97.45236107454461,89.96456778470949,185.17767333984375,-0.03727221540387495
/Users/harinihegde/Downloads/crowd_panic/Normal/VID-20250924-WA0030_clip_015.mp4,Normal,train,48,29.97,640,360,10.25,7.151631515488849,20.0,0.4247720364741641,4.529698633133097,2.2133821524628314,7.3552224159240716,0.05883836070770036,0.5229233419324489,0.1947215828840303,0.6834153175354004,0.010054939365312527,143.60763811788607,180.34821127993163,432.52982482910164,0.05584385276065254
/Users/harinihegde/Downloads/crowd_panic/Normal/VID-20250924-WA0030_clip_016.mp4,Normal,train,48,29.97,640,360,7.145833333333333,3.303972251531312,11.0,-0.038048198002605504,4.925051389856542,1.5255008985969882,6.647436332702637,-0.002023573940711078,0.5352497742848193,0.1899984599118661,0.736177670955658,0.0005760656740381964,102.23840472044631,109.81374467707535,186.82618713378912,-0.09533319391801716
/Users/harinihegde/Downloads/crowd_panic/Normal/VID-20250924-WA0030_clip_017.mp4,Normal,train,48,29.97,640,360,10.020833333333334,3.591016472470651,14.0,-0.07137429439861068,9.273863538782647,3.4357605589293105,13.618682479858398,0.05879464337497151,0.5840279891135844,0.19882144315223624,0.80699462890625,-0.0013328019502011734,120.15447815140682,120.01331057982061,238.8746002197266,-0.029117189502123567
/Users/harinihegde/Downloads/crowd_panic/Normal/VID-20250924-WA0030_clip_018.mp4,Normal,train,48,29.97,640,360,8.8125,2.1665665040950546,12.0,-0.03153495440729487,7.91690472339062,1.5823983586498267,9.963431167602538,-0.010426628214688729,0.5109237803423659,0.11386994525105133,0.6546328663825989,0.0020821356041413864,150.6212917296456,146.68131341478784,344.1176574707029,0.0019226047740205604
/Users/harinihegde/Downloads/crowd_panic/Normal/VID-20250924-WA0030_clip_019.mp4,Normal,test,48,29.97,640,360,12.229166666666666,3.885011708119066,18.0,0.21108336951801987,5.493147951491336,1.7316439901070215,7.763140678405762,-0.050266435667941305,0.34044054023762965,0.15580516480632722,0.576793110370636,0.003925512741241439,94.7714841521199,120.64555235728521,225.90406799316406,-0.04422921187717768
/Users/harinihegde/Downloads/crowd_panic/Normal/VID-20250924-WA0030_clip_020.mp4,Normal,test,48,29.97,640,360,14.583333333333334,2.8999521068842196,18.300000000000004,0.10692574902301336,5.126149207987684,1.3944724442305017,7.522118663787841,-0.07433315132857476,0.24046562374272246,0.11239172325660528,0.402359926700592,-0.0011394905696634234,104.15450874482325,137.04426921925386,265.00555419921847,0.015385057941046179
/Users/harinihegde/Downloads/crowd_panic/Normal/VID-20250924-WA0030_clip_021.mp4,Normal,train,48,29.97,640,360,10.729166666666666,4.106598264446567,15.300000000000004,-0.21683673469387754,9.428320894850062,5.032775762375232,15.871842193603513,0.27427303352695614,0.5134393740841683,0.25977625173693775,0.8492585062980652,0.008118021642232695,174.35548597704755,177.39220807435436,435.4291687011719,0.4606094209447346
/Users/harinihegde/Downloads/crowd_panic/Normal/VID-20250924-WA0030_clip_022.mp4,Normal,test,48,29.97,640,360,8.166666666666666,2.6246692913372702,11.0,0.009227095093356442,9.078541329566468,1.7701503356261559,11.360422134399414,-0.03656714410278999,0.46880626091931726,0.21285798167423023,0.7742830753326416,0.0007480867172588863,121.01640599660384,135.82346884885635,304.9008453369141,0.13219802534480704
/Users/harinihegde/Downloads/crowd_panic/Normal/VID-20250924-WA0030_clip_023.mp4,Normal,train,48,29.97,640,360,8.270833333333334,4.070931421540885,13.300000000000004,-0.19447459834997846,10.558536367213472,3.026928375250905,14.64435691833496,0.0017683022447916076,0.57156756504419,0.22569518636553257,0.8589010834693909,-0.0008664183778676287,154.32604053830062,134.4562839510879,328.5775146484375,0.28039792052994483
/Users/harinihegde/Downloads/crowd_panic/Normal/VID-20250924-WA0030_clip_024.mp4,Normal,train,48,29.97,640,360,6.75,2.883140648667699,10.300000000000004,0.11387320885801124,9.493637602379982,3.804152392759118,14.302404975891113,-0.16139109315528125,0.47699575744410777,0.23147150111487155,0.7423067092895508,0.000922761529263638,188.25538040442297,173.97739948475493,449.3155517578125,-0.4902685646117908
/Users/harinihegde/Downloads/crowd_panic/Normal/VID-20250924-WA0030_clip_025.mp4,Normal,train,48,29.97,640,360,12.479166666666666,3.0549794280085676,17.0,0.05194311767260084,6.6150235267395665,1.9991824907166396,9.251272773742674,-0.020183315357601723,0.4029741897544962,0.1946148561017448,0.6696125507354737,-0.0002380945977378352,146.39855164339144,149.75139041548283,389.6287841796877,0.1388651236339222
/Users/harinihegde/Downloads/crowd_panic/Normal/VID-20250924-WA0030_clip_026.mp4,Normal,train,48,29.97,640,360,12.145833333333334,5.012441119077831,20.0,0.20630699088145887,6.181431364505849,3.0650199548201487,11.60916805267334,0.08970472872753485,0.37595938716797117,0.18305889581301837,0.5922171711921692,0.0047776272759930535,136.07064073435365,159.3620196370217,379.71128234863266,0.19377141101142942
/Users/harinihegde/Downloads/crowd_panic/Normal/VID-20250924-WA0030_clip_027.mp4,Normal,train,48,29.97,640,360,8.020833333333334,3.87023676780748,12.300000000000004,-0.17070125922709525,8.272789802957089,2.7551403726335604,12.52931900024414,0.11020444577540874,0.5487411745051121,0.2034157623228135,0.768890917301178,0.001036491805031061,155.08755289238343,145.07879125657334,381.0767517089844,0.017982283701320007
/Users/harinihegde/Downloads/crowd_panic/Normal/VID-20250924-WA0030_clip_028.mp4,Normal,test,48,29.97,640,360,7.583333333333333,3.801498242652348,13.0,-0.01899696048632227,5.974637594628842,2.323337929133726,9.620707130432129,-0.027690599352865584,0.5367564761892278,0.11721057838753701,0.6697925686836242,0.0017672212627284742,166.10351078666775,156.36639026158878,393.33744506835956,-0.2502075498954041
/Users/harinihegde/Downloads/crowd_panic/Normal/VID-20250924-WA0030_clip_029.mp4,Normal,train,48,29.97,640,360,10.229166666666666,5.817500835601334,17.300000000000004,-0.29955492835432074,9.004462861000224,2.5051467998147476,12.016474342346191,0.07875997158909825,0.47868900793664,0.16731301709744686,0.7120024800300597,-0.00844893122917243,120.82430064956863,152.8774550172138,301.57868652343774,-0.10398279210313999
/Users/harinihegde/Downloads/crowd_panic/Normal/VID-20250924-WA0030_clip_030.mp4,Normal,train,48,29.97,640,360,5.854166666666667,3.813296820192324,11.0,-0.2003365175857579,8.510631064151196,2.4408290172657874,11.394575500488282,-0.10361518383467226,0.4428463481525157,0.1452082615993858,0.6075660228729248,-0.0013009086914643052,92.31429958028416,131.4351713386647,254.50686950683595,0.3824169051485287
/Users/harinihegde/Downloads/crowd_panic/Normal/VID-20250924-WA0030_clip_031.mp4,Normal,train,48,29.97,640,360,2.0416666666666665,2.9008499712249094,7.0,0.14806773773339124,12.258869840743694,4.736336466619562,17.966154861450196,-0.16778933558058223,0.5530208107480343,0.1949428028185144,0.7956504106521607,-0.009152919442154243,194.52467304376455,179.78630459691286,499.819140625,1.2020811509054443
/Users/harinihegde/Downloads/crowd_panic/Normal/VID-20250924-WA0030_clip_032.mp4,Normal,test,48,29.97,640,360,8.020833333333334,3.5501736068661334,12.300000000000004,0.09330221450282238,8.429505764169896,3.0345851433503386,12.57033805847168,-0.012017954950747308,0.4581790536325029,0.20265757614876562,0.6956545829772949,-0.00127081033859012,123.03495650245739,150.46699301925875,295.93393554687503,0.0006147974185144962
/Users/harinihegde/Downloads/crowd_panic/Normal/VID-20250924-WA0030_clip_033.mp4,Normal,train,48,29.97,640,360,14.479166666666666,4.387432731361499,20.0,-0.05541684759010001,6.116707000326603,4.567720593049097,14.547389602661129,0.20728695497371663,0.45736192372885154,0.1785696796150554,0.6773474454879761,0.005000798776056572,134.0182287407773,168.72882568784857,401.42837524414074,0.10075756703512544
/Users/harinihegde/Downloads/crowd_panic/Normal/VID-20250924-WA0030_clip_034.mp4,Normal,train,48,29.97,640,360,10.979166666666666,3.5443004912425558,16.0,-0.02165653495440762,12.608685463032824,5.79430977232843,21.150786209106446,0.19640803905023024,0.7170278677280914,0.20616809966589245,0.9594590902328491,0.010996356399714347,195.972180417814,176.919232770086,468.0948059082031,0.189158029129037
/Users/harinihegde/Downloads/crowd_panic/Normal/VID-20250924-WA0030_clip_035.mp4,Normal,train,48,29.97,640,360,11.479166666666666,2.282082230235264,14.300000000000004,0.03544290056448101,14.34140760340589,5.664379677817196,22.362432861328124,-0.09832569827204168,0.6281587329316647,0.2169431935967143,0.9401813983917237,0.0022631592972757286,215.58476343878374,174.86833494718522,474.8931884765625,-0.1762371658748743
/Users/harinihegde/Downloads/crowd_panic/Normal/VID-20250924-WA0030_clip_036.mp4,Normal,train,48,29.97,640,360,12.083333333333334,2.628635049264584,16.0,0.03506296135475446,8.171461709002232,2.888408370638921,11.789978981018066,-0.11745429609684241,0.5896501357102409,0.2812077281486347,0.9339635729789734,-0.010604457411973007,113.19953973174836,147.38817576690585,271.94516601562503,-0.1852196809125902
/Users/harinihegde/Downloads/crowd_panic/Normal/VID-20250924-WA0030_clip_037.mp4,Normal,train,48,29.97,640,360,18.375,4.5763203923385145,24.0,0.1805254016500216,4.70718488794692,3.1196676058813906,7.725079441070555,-0.0183682115567601,0.5627900109963214,0.21556591034403594,0.7907065391540528,0.004083203307760473,120.85691314342886,169.5776217335447,399.0664947509766,-0.0132234890939317
/Users/harinihegde/Downloads/crowd_panic/Normal/VID-20250924-WA0030_clip_038.mp4,Normal,test,48,29.97,640,360,16.6875,3.565787956398978,22.0,0.14616804168475894,12.2703918903432,6.2360468331707635,22.65308494567871,-0.2406587111078732,0.7985337420980981,0.15739001324592553,0.947847330570221,-0.0025967368192688126,161.65549685503984,157.03995904166771,396.17254638671875,-0.09235335338758328
/Users/harinihegde/Downloads/crowd_panic/Normal/VID-20250924-WA0030_clip_039.mp4,Normal,train,48,29.97,640,360,20.9375,4.892197231306195,28.0,0.19425749023013447,4.83796955676789,0.9982144582131658,6.1492596626281735,0.016414843148152974,0.5304404268873498,0.1571344145157433,0.728288996219635,-0.006118446461008612,89.62103245634927,131.15335696919493,243.16607666015625,-0.0375790539011337
/Users/harinihegde/Downloads/crowd_panic/Normal/VID-20250924-WA0030_clip_040.mp4,Normal,train,48,29.97,640,360,20.0625,5.363480873773424,26.300000000000004,-0.18503039513677816,7.783326458423696,5.922327935185549,17.36784515380859,0.3038917599895506,0.5230407183791729,0.2756269478879141,0.8814047574996948,0.006402284124905769,112.00437338705144,154.70844574825657,306.8462341308595,0.1030767932065917
/Users/harinihegde/Downloads/crowd_panic/Normal/VID-20250924-WA0030_clip_041.mp4,Normal,train,48,29.97,640,360,12.479166666666666,3.747163278920321,17.300000000000004,0.14367129830655656,9.403165624496785,4.674014051923457,16.20558967590332,-0.2304835308491355,0.5757020573983801,0.2606242096012851,0.9270010113716125,-0.011017581199835995,177.45451070006175,170.54018884993545,418.490008544922,-0.15759786502164042
/Users/harinihegde/Downloads/crowd_panic/Normal/VID-20250924-WA0030_clip_042.mp4,Normal,train,48,29.97,640,360,10.875,2.5789613542406307,15.0,-0.08977420755536265,6.177759043713833,1.7645630168851096,8.280249786376952,0.08419095833030273,0.4513407160944127,0.26334139539587864,0.8376258134841919,0.015210938141969872,132.9369364555323,148.96967612495826,317.6094909667969,0.2642793782729201
/Users/harinihegde/Downloads/crowd_panic/Normal/VID-20250924-WA0030_clip_043.mp4,Normal,train,48,29.97,640,360,6.020833333333333,2.5778672009154304,9.300000000000004,0.059216239687364204,5.892140956635171,1.5390867165418731,8.05056552886963,0.020285920893892417,0.5574447682246249,0.20825400235618713,0.8048504233360291,0.0035929320350799425,131.67703608873254,132.82716062772974,286.950927734375,0.27554750386225707
/Users/harinihegde/Downloads/crowd_panic/Normal/VID-20250924-WA0030_clip_044.mp4,Normal,test,48,29.97,640,360,6.458333333333333,1.9467743977039444,9.0,-0.005319148936170268,10.719106248084534,4.51609289748178,16.97165641784668,0.1511093489998035,0.6832244117209252,0.19768204188669375,0.9124409317970276,0.004880584907355302,152.88255207152235,139.024875672376,275.234313964844,0.41948907744307096
/Users/harinihegde/Downloads/crowd_panic/Normal/VID-20250924-WA0031_clip_001.mp4,Normal,train,48,25.0,640,360,4.458333333333333,2.0202963204001096,8.0,-0.09520191055145477,1.4626019267325705,0.7721236318032481,2.33172435760498,0.012702177999804802,0.7005510190699963,0.0675470382186644,0.7787476539611816,-0.0007739698481603773,42.111495183759864,64.06535193954602,102.53237228393562,0.1006539574711366
/Users/harinihegde/Downloads/crowd_panic/Normal/VID-20250924-WA0031_clip_002.mp4,Normal,train,48,25.0,640,360,4.791666666666667,1.9574466077577242,7.300000000000004,-0.011723838471558858,1.8866163492202759,0.8360131085614761,2.9832175254821776,0.019306861884223467,0.6948392727273576,0.13893191586595469,0.8572242140769958,0.003735948509082663,74.87745470076464,107.9921767343432,191.3004379272461,0.6306969855234041
/Users/harinihegde/Downloads/crowd_panic/Normal/VID-20250924-WA0031_clip_003.mp4,Normal,train,48,25.0,640,360,3.7916666666666665,2.1307112792575995,7.0,0.00043421623968728783,0.7124757551132365,0.22531208628804292,0.9864605665206908,-0.0043636533215462734,0.7364130016971142,0.17583677837238482,0.8603048205375672,0.005262496368571862,65.59277935503246,140.00438020775724,98.43606109619137,-0.15197707958899345
/Users/harinihegde/Downloads/crowd_panic/Normal/VID-20250924-WA0034_clip_001.mp4,Normal,test,48,30.0,640,360,4.104166666666667,7.13920975824511,16.300000000000004,0.22356708640903156,0.24931753498125583,0.21525694708196233,0.6103845596313475,-0.0047146063922602005,0.06804008482697796,0.04270376328843362,0.12032245397567748,-0.0008235460054215506,80.52406191614503,147.5417710368936,293.63616943359375,0.10519751130991041
/Users/harinihegde/Downloads/crowd_panic/Normal/VID-20250924-WA0034_clip_002.mp4,Normal,train,48,30.0,640,360,19.979166666666668,3.3196986769216807,24.0,-0.08852583586626171,0.6992011314376871,0.709077004831974,1.2989961385726927,-0.0160370321856479,0.10552987775349236,0.06168903847550341,0.18299415707588196,0.0007855619988158686,53.76790138410681,119.29636815739683,163.93224334716797,-0.02163894081146796
/Users/harinihegde/Downloads/crowd_panic/Normal/VID-20250924-WA0034_clip_003.mp4,Normal,train,48,30.0,640,360,21.6875,5.152492317639429,28.300000000000004,0.1348784194528873,1.512003019452095,3.358509593640272,6.169108009338374,0.14911107582993854,0.10316029220740212,0.047803124088834754,0.15385632514953612,0.0003716228538426302,67.35490710127596,139.14822352946626,234.76629180908208,0.07570224902655846
/Users/harinihegde/Downloads/crowd_panic/Normal/VID-20250924-WA0034_clip_004.mp4,Normal,test,48,30.0,640,360,32.229166666666664,7.263606723858946,41.0,0.11490447242726842,4.521073501160804,1.7838699005426688,6.693333625793455,0.07689837424927133,0.6421464212397312,0.20548650170302488,0.8922008514404297,0.013305236300269179,126.00260644129212,168.0182264201359,382.29273681640626,0.031838541007785603
/Users/harinihegde/Downloads/crowd_panic/Normal/VID-20250924-WA0034_clip_005.mp4,Normal,train,48,30.0,640,360,26.854166666666668,10.222502921115856,39.300000000000004,-0.657783326096397,5.72735728608801,2.3785502696264214,9.135752487182614,0.1139250426354175,0.5057589135905529,0.16319996935644474,0.6579250931739807,-0.0001016957805966685,130.54894508682773,166.43585694090163,366.8352905273439,0.0520813766877361
/Users/harinihegde/Downloads/crowd_panic/Normal/VID-20250924-WA0034_clip_006.mp4,Normal,test,48,30.0,640,360,18.166666666666668,3.8206311287825496,22.0,0.1721667390360397,4.495511090501826,4.710072694752205,10.197614288330078,-0.22923526852964574,0.2519782189121272,0.2181927741027686,0.5785587430000305,-0.008761619368247571,92.48724003532993,148.56807224859085,288.250732421875,-0.20191178151849018
/Users/harinihegde/Downloads/crowd_panic/Normal/VID-20250924-WA0034_clip_007.mp4,Normal,train,48,30.0,640,360,16.6875,3.12354132623,20.300000000000004,-0.12695397307859344,0.8216210369099962,0.24141795730079058,1.0898132085800172,-0.011913883941770148,0.1433195818928962,0.11167317340590657,0.3144616544246672,-0.003775586415027076,46.44212215178821,87.61995190443139,99.1664794921875,-0.03404392691780235
/Users/harinihegde/Downloads/crowd_panic/Normal/VID-20250924-WA0034_clip_008.mp4,Normal,train,48,30.0,640,360,13.875,1.844191331360894,16.0,-0.001845419018671495,0.794859490496047,0.14174705730054463,0.9894386410713195,0.004969939761808036,0.12393007086629564,0.055656630906174544,0.19152589738368986,-0.001359336623520513,41.20625112171935,72.60813723120367,81.1513412475586,-0.009953442823590954
/Users/harinihegde/Downloads/crowd_panic/Normal/VID-20250924-WA0034_clip_009.mp4,Normal,train,48,30.0,640,360,11.145833333333334,1.89285480308331,14.0,-0.07680199739470271,0.8303546157289059,0.16383593053142742,1.092146110534668,-0.002025896640258397,0.1712602647615874,0.125639218507127,0.3888885080814361,0.005689761610757681,31.455756192789696,50.74977212962192,57.847496795654294,-0.0047470247895409585
/Users/harinihegde/Downloads/crowd_panic/Normal/VID-20250924-WA0034_clip_010.mp4,Normal,test,48,30.0,640,360,28.729166666666668,12.091215101836907,41.0,0.7618866695614415,2.4131768903833755,3.2858623828387357,6.518539905548095,-0.07665087157217688,0.7565044787652949,0.295991121203813,0.9679563522338868,0.016111755240484592,85.10644008377975,149.80722434496008,317.6319885253906,-0.02754970671815511
/Users/harinihegde/Downloads/crowd_panic/Normal/VID-20250924-WA0034_clip_011.mp4,Normal,train,48,30.0,640,360,44.208333333333336,4.14808356017839,49.300000000000004,0.07837603126356861,1.1710060302247391,0.15358540939446774,1.4791941404342652,7.166189661079989e-05,0.886634959819469,0.026889665118793978,0.9109346985816955,-0.001482360058091051,74.74014472843396,141.87795402664378,269.4147888183594,-0.010030884391622146
/Users/harinihegde/Downloads/crowd_panic/Normal/VID-20250924-WA0034_clip_012.mp4,Normal,train,48,30.0,640,360,50.25,5.006246098625197,57.0,0.28158923143725534,1.7069944270113682,0.2871979121574387,2.0987380027770994,0.009697845283203058,0.5606141703877043,0.15328230860320344,0.7552735686302184,-0.006416734359696653,65.30810689901939,129.22162002239997,204.59514617919922,-0.005798787365152179
/Users/harinihegde/Downloads/crowd_panic/Normal/VID-20250924-WA0034_clip_013.mp4,Normal,train,48,30.0,640,360,40.166666666666664,14.533486237727763,60.0,0.3425966131133301,3.2707098164456956,3.167915483574642,7.697175312042234,-0.03887911686789203,0.57263690201526,0.20596914093526433,0.8192247748374939,0.006868536347156318,142.59053650850802,190.72721591910343,478.81667480468747,0.10269105274306567
/Users/harinihegde/Downloads/crowd_panic/Normal/VID-20250924-WA0034_clip_014.mp4,Normal,train,48,30.0,640,360,37.354166666666664,15.569052614258696,59.300000000000004,-0.47248154580981433,2.434282089801545,3.170721095958293,7.687204265594481,-0.08037799864897124,0.5011802921269802,0.17679104237116822,0.6087451338768005,0.00025974985756580714,117.84209858607828,183.4489410125052,432.8987243652346,-0.08616593091579827
/Users/harinihegde/Downloads/crowd_panic/Normal/VID-20250924-WA0034_clip_015.mp4,Normal,train,48,30.0,640,360,23.25,8.184080074551243,34.0,-0.2672600955275731,0.8785115860878153,0.20547926227642738,1.1391058921813966,-0.0018912359217490124,0.44614795928305767,0.10524304797047625,0.5678405284881591,-0.004228463077660958,80.04351410892275,165.9169161769326,316.0754028320315,0.011679589197040968
/Users/harinihegde/Downloads/crowd_panic/Normal/VID-20250924-WA0034_clip_016.mp4,Normal,train,48,30.0,640,360,23.666666666666668,8.377383574574795,34.300000000000004,0.2476118106817193,0.7381542578656622,0.15987561983261162,0.949791419506073,-0.002223511549551993,0.21496694326955587,0.10370468049825074,0.35452755093574523,-0.0012835790212571967,83.10154573411442,167.31248337648537,333.35862731933594,0.010089756029440376
/Users/harinihegde/Downloads/crowd_panic/Normal/VID-20250924-WA0034_clip_017.mp4,Normal,train,48,30.0,640,360,21.6875,6.258847903834486,30.300000000000004,-0.00027138514980465595,0.6961281724432682,0.14194067344916997,0.9011738777160645,0.0018340465780709502,0.3404327787934466,0.11665068588652666,0.4898919641971588,-0.0010293504286981265,85.48311537493332,170.69755774534468,353.5613464355469,-0.02380391076117644
/Users/harinihegde/Downloads/crowd_panic/Normal/VID-20250924-WA0034_clip_018.mp4,Normal,train,48,30.0,640,360,32.208333333333336,18.24138875987486,55.60000000000001,0.9398610508032997,2.234279711829855,4.34577482147601,6.012750148773186,0.00527925385811835,0.42113293239727934,0.2395760811667197,0.7197118043899535,0.006978805533159702,91.19644763301461,171.0481234448072,381.07439575195315,0.010996816333865869
/Users/harinihegde/Downloads/crowd_panic/Normal/VID-20250924-WA0034_clip_019.mp4,Normal,train,48,30.0,640,360,76.02083333333333,11.660991923455263,93.0,0.09406209292227424,0.6478230731284365,0.1517749274457971,0.8316385507583618,-0.0034936423018009405,0.555299311559251,0.15150418270795785,0.7305281639099122,-0.004005397083263612,68.91834263667226,143.698457546165,272.82705688476585,0.0014385295643040167
/Users/harinihegde/Downloads/crowd_panic/Normal/VID-20250924-WA0034_clip_020.mp4,Normal,train,48,30.0,640,360,62.458333333333336,7.297140802320378,71.30000000000001,0.1415544941380792,0.5779544933045164,0.12992011932699124,0.726014506816864,0.0008224701228018338,0.47224559809299227,0.16803077179473563,0.6741447687149048,0.0032456301593813655,65.17572209732937,139.56581285387531,256.22999877929686,-0.002629710518260653
/Users/harinihegde/Downloads/crowd_panic/Normal/VID-20250924-WA0034_clip_021.mp4,Normal,test,48,30.0,640,360,68.0625,10.067286646195521,82.0,0.3251736864958744,0.6416973579437175,0.17843646479240052,0.9441735982894897,0.0017101779704177709,0.579759824307675,0.16132770514248937,0.7462982535362244,0.00051112858376963,77.90447611248659,155.7519848416017,305.8496826171882,-0.0010610772678495588
/Users/harinihegde/Downloads/crowd_panic/Normal/VID-20250924-WA0034_clip_022.mp4,Normal,train,48,30.0,640,360,42.229166666666664,31.76622917458448,87.60000000000001,-1.8605623100303972,2.1243192921293543,2.576279343825019,5.744485187530516,0.0038224212570283117,0.29516554893331326,0.19396369486294465,0.604526698589325,-0.006310058945478058,67.18878290036243,129.68908856671646,232.89992370605472,0.021534290280983994
/Users/harinihegde/Downloads/crowd_panic/Normal/VID-20250924-WA0034_clip_023.mp4,Normal,train,48,30.0,640,360,13.875,2.185415673657226,16.300000000000004,-0.08369518019973972,1.948766513073698,0.6106408772038091,2.729381799697876,-0.004407159315558314,0.2589698168350027,0.1298354166223148,0.4304551184177398,-0.0004330308798607475,73.95916702589479,120.28386897488272,138.0727416992188,0.011230687654690218
/Users/harinihegde/Downloads/crowd_panic/Normal/VID-20250924-WA0034_clip_024.mp4,Normal,train,48,30.0,640,360,11.625,1.9751054824152219,14.0,0.061984368215371205,1.5823540808038508,1.0355130633871061,2.7762368202209466,-0.03882416137162455,0.16558387193908083,0.10922714904638084,0.24773809313774106,-0.004008027386337269,66.18521956946134,123.22354854216994,159.3432388305664,-0.17812089897284797
/Users/harinihegde/Downloads/crowd_panic/Normal/VID-20250924-WA0034_clip_025.mp4,Normal,test,48,30.0,640,360,14.770833333333334,3.0085959026688105,17.0,-0.017422926617455658,1.1154092727823461,1.1960030537020994,1.8090318441390987,0.060325427130760695,0.16748560485529138,0.07675065270654807,0.26891626119613643,0.003357429647513224,52.474901624383115,110.83938626189395,128.20126342773497,0.17771495637978485
/Users/harinihegde/Downloads/crowd_panic/Normal/VID-20250924-WA0034_clip_026.mp4,Normal,train,48,30.0,640,360,7.895833333333333,1.2288135085882188,9.0,-0.004396439426834689,1.3658029567053978,3.474367666273914,3.6257829725742226,-0.1330503682337984,0.1211999903650994,0.13498195724555723,0.22691128253936765,-0.003725292986675846,39.44897060653968,92.81975273421317,50.59208564758322,-0.3254669207436704
/Users/harinihegde/Downloads/crowd_panic/Normal/VID-20250924-WA0034_clip_027.mp4,Normal,train,48,30.0,640,360,9.916666666666666,1.4695993407123664,12.0,-0.026487190620929427,0.5634262745684766,0.2863709599189008,0.9854741930961608,0.0125575537253154,0.11268253148870265,0.049505442727599984,0.1711040109395981,0.0008085158405434356,30.93879043772107,66.47343592326195,48.39761734008789,0.052193871851551915
/Users/harinihegde/Downloads/crowd_panic/Normal/VID-20250924-WA0034_clip_028.mp4,Normal,train,48,30.0,640,360,9.375,1.5360257159305635,12.0,0.08651758575770725,0.7203205424420377,0.25615686820424244,0.9817145824432373,0.0003329299900346521,0.12238150058274573,0.06426243786250106,0.1858264863491058,0.0004256936985565126,34.982472102697436,61.204042329658066,70.28746185302734,0.01783482421625208
/Users/harinihegde/Downloads/crowd_panic/Normal/VID-20250924-WA0034_clip_029.mp4,Normal,train,48,30.0,640,360,9.854166666666666,2.2078419264571956,12.300000000000004,-0.09829570125922707,1.1049559918489862,2.3581217210144723,2.5296154499053918,0.09066331974307383,0.12824507707611044,0.06255861896887752,0.21608655750751496,0.0016325172941501112,49.37542144423824,102.2341024971567,91.24838867187506,0.012092289605085089
/Users/harinihegde/Downloads/crowd_panic/Normal/VID-20250924-WA0034_clip_030.mp4,Normal,test,48,30.0,640,360,3.4583333333333335,0.6109532624422992,4.0,-0.0058619192357794855,2.6304374844469924,3.127829588303747,3.236184692382812,-0.04296933603193009,0.6455932383207564,0.16591171238678398,0.8135431170463562,0.0017940942111884354,41.23146898468335,45.840613130333566,60.27742347717282,-0.2297203960807187
/Users/harinihegde/Downloads/crowd_panic/Normal/VID-20250924-WA0034_clip_031.mp4,Normal,train,48,30.0,640,360,5.1875,0.9499177595981665,6.300000000000004,-0.0022253582283977805,4.602195516545722,1.6664787585033651,6.710529136657715,-0.07607915346871688,0.47566056188116684,0.20370593136714596,0.7367538809776306,0.001375800766271372,77.65837899089924,79.02793047253529,152.82566528320316,-0.2318215017561003
/Users/harinihegde/Downloads/crowd_panic/Normal/VID-20250924-WA0034_clip_032.mp4,Normal,train,48,30.0,640,360,5.229166666666667,0.8953487061226791,6.0,-0.0025510204081634013,3.2080712648148233,0.9823702168777168,4.4136584281921385,0.012452605736134355,0.4217356151722847,0.23635862619874043,0.7355463624000549,-0.0025454394365975234,49.81388196570384,41.70003538504294,87.6392288208008,0.04346081180585273
/Users/harinihegde/Downloads/crowd_panic/Normal/VID-20250924-WA0034_clip_033.mp4,Normal,train,48,30.0,640,360,4.354166666666667,1.406674318699566,6.0,0.041956144159791486,7.1572120417939855,2.9513789336989475,10.56176471710205,0.06790616008333326,0.5076669436740748,0.19607241764660802,0.7257482171058655,0.002914239629839486,107.7132518172264,108.28683264523313,205.27814636230468,0.49788332611464137
/Users/harinihegde/Downloads/crowd_panic/Normal/VID-20250924-WA0034_clip_034.mp4,Normal,train,48,30.0,640,360,8.5625,0.910728874766433,9.300000000000004,0.036745549283543115,0.7888565532704617,0.16387911726093624,1.004800033569336,0.001533664283958663,0.2583904537431737,0.13760745446168324,0.40698451995849605,-0.0023532453338571636,27.157018629213173,52.921102772959316,42.83095741271973,-0.028957643411816898
/Users/harinihegde/Downloads/crowd_panic/Normal/VID-20250924-WA0034_clip_035.mp4,Normal,train,48,30.0,640,360,19.104166666666668,11.574468280323819,33.60000000000001,0.6180525401650021,3.294832835806177,3.0266844038572716,5.277501583099364,0.05870949456969643,0.5784471196697113,0.32464316432462453,0.9047412157058716,0.019412092847282642,120.80851924370747,163.0078877708723,397.6913696289064,0.15935962259597383
/Users/harinihegde/Downloads/crowd_panic/Normal/VID-20250924-WA0034_clip_036.mp4,Normal,train,48,30.0,640,360,20.854166666666668,8.522004809446086,30.300000000000004,-0.3245223621363445,3.208692007876457,0.8302043742739794,4.333806896209716,0.019222465491096352,0.7605528590526986,0.051934490019891554,0.8299472093582153,-0.0031644048980823958,142.02484606387569,174.63702392276969,433.49191284179693,0.04034698544622916
/Users/harinihegde/Downloads/crowd_panic/Normal/VID-20250924-WA0034_clip_037.mp4,Normal,train,48,30.0,640,360,29.375,19.36558911230605,54.300000000000004,0.8875379939209723,3.6244449209659657,4.028096730550673,7.394306755065917,-0.06837858179727156,0.41195430226148444,0.24815840352781424,0.7510679960250854,-0.014231667041461511,162.35527205498457,179.97553912684018,459.5883972167969,0.002386397979410499
/Users/harinihegde/Downloads/crowd_panic/Normal/VID-20250924-WA0034_clip_038.mp4,Normal,test,48,30.0,640,360,25.375,5.618514780022682,31.60000000000001,0.11029092488058995,1.583933467560626,0.2465990464964689,1.8718293905258179,0.011307361774374032,0.21595016977888473,0.1303840682763829,0.39575906991958615,-0.00023293574612025673,187.31141430308767,184.43597228565415,476.6131896972656,0.07594320264250193
/Users/harinihegde/Downloads/crowd_panic/Normal/VID-20250924-WA0034_clip_039.mp4,Normal,train,48,30.0,640,360,32.25,10.6936507641996,47.0,0.5613330438558402,2.0955819525617234,0.3276153355446923,2.444490432739258,0.0012544044237463357,0.3240687327182039,0.1574724180274843,0.5589247703552246,-0.0001437850529112638,219.96759562877932,195.41296966557042,527.1128723144533,-0.07042929047961612
/Users/harinihegde/Downloads/crowd_panic/Normal/VID-20250924-WA0034_clip_040.mp4,Normal,train,48,30.0,640,360,10.395833333333334,13.816867082382394,31.300000000000004,-0.6825336517585766,3.8410113770911036,3.031969358224179,8.487622261047363,-0.05707869895843303,0.24034476993565865,0.15107597710121629,0.38176453709602354,-0.0035809283351541186,154.43418976647894,175.2051885379434,437.27825622558606,-0.26941649367894543
/Users/harinihegde/Downloads/crowd_panic/Normal/VID-20250924-WA0034_clip_044.mp4,Normal,train,48,30.0,640,360,9.979166666666666,4.858367281184996,16.300000000000004,0.014057750759878267,2.95382503499376,3.505059310064941,5.943051099777211,-0.13877408687545675,0.09730927912676905,0.12473607590188851,0.1503932237625122,-0.0025895453891398115,330.3669811638308,218.29692793683162,638.4146911621094,-0.15307004974113306
/Users/harinihegde/Downloads/crowd_panic/Normal/VID-20250924-WA0034_clip_045.mp4,Normal,test,48,30.0,640,360,7.729166666666667,4.0349493147030016,13.300000000000004,0.09775293095961782,1.4983252882957458,0.42833056281613635,1.9713191270828248,-0.007737849434970383,0.07528735808235534,0.045395627407896585,0.13127897977828978,-8.956420323212544e-05,259.71235180119857,209.05685616408385,576.4034301757813,-0.10583910793716204
/Users/harinihegde/Downloads/crowd_panic/Normal/VID-20250924-WA0034_clip_046.mp4,Normal,train,48,30.0,640,360,6.166666666666667,3.842380627799501,11.300000000000004,-0.04678679982631352,1.4034507578991828,0.3766741599753725,1.8549425125122068,-0.006364335370604128,0.0793480573796687,0.036384740208785925,0.1331021100282669,0.0004053214760596298,337.58589888566377,216.2684796708572,634.343017578125,0.07544783052063223
/Users/harinihegde/Downloads/crowd_panic/Normal/VID-20250924-WA0034_clip_047.mp4,Normal,train,48,30.0,640,360,10.833333333333334,5.157249482255267,16.300000000000004,0.2717108119843682,2.8147848387981984,2.621993101891483,6.082233333587645,0.0035936265053515466,0.16815937528426342,0.12908501338018694,0.2562424302101135,0.0032865375559949337,107.58472905033132,136.78753124854393,325.29180908203153,-0.3883657232091779
/Users/harinihegde/Downloads/crowd_panic/Normal/VID-20250924-WA0034_clip_048.mp4,Normal,train,48,30.0,640,360,11.8125,2.877037321620976,15.0,-0.014383412939644095,1.8300049317643998,1.3776492299767178,3.0823483467102046,0.03400303626727662,0.13470888601497133,0.07296654835126745,0.24413128197193143,0.001135153269264278,72.7883104876072,98.48218757697757,183.5826416015625,-0.06648619440157573
/Users/harinihegde/Downloads/crowd_panic/Normal/VID-20250924-WA0035_clip_001.mp4,Normal,test,48,29.97,640,360,5.375,1.8554536731843598,8.0,0.001519756838905592,0.8683904111385345,0.5509976019825462,1.6536048650741577,0.006377616252794958,0.14355761526112862,0.052613370035432636,0.20522954165935514,0.0006976482414474212,63.648060104121335,110.4119593449094,147.02926940917968,0.22822570051908855
/Users/harinihegde/Downloads/crowd_panic/Normal/VID-20250924-WA0035_clip_002.mp4,Normal,train,48,29.97,640,360,8.791666666666666,1.989119710380002,12.0,0.02887537993920965,0.2858721357076726,0.07275620083967965,0.36069936156272886,-0.0016500038473033743,0.10013568904647167,0.04687173974444028,0.15096092224121094,-0.0013580636453455542,29.693545744839927,86.8359289349169,47.746826171875,-0.039668557956198475
/Users/harinihegde/Downloads/crowd_panic/Normal/VID-20250924-WA0035_clip_003.mp4,Normal,train,48,29.97,640,360,9.208333333333334,1.8022940628235142,11.300000000000004,0.056231003039513505,0.6112414569930827,0.5643641608107693,1.5263757705688477,0.03603819978598309,0.09846575256991894,0.047692884913329604,0.16370854973793028,0.0013601293018006767,31.56189364513632,79.94353295373922,77.50248107910159,0.04479064354501242
/Users/harinihegde/Downloads/crowd_panic/Normal/VID-20250924-WA0035_clip_004.mp4,Normal,test,48,29.97,640,360,11.25,1.8200274723201295,13.0,-0.01411202778983944,0.7860359238817337,0.26675041774943714,1.148156976699829,-0.016722376955454258,0.13515855554253497,0.05872352864585867,0.19403815269470215,-0.0004119286801498896,54.24522741447235,115.80730969380315,81.4967247009277,-0.043728580453469716
/Users/harinihegde/Downloads/crowd_panic/Normal/VID-20250924-WA0035_clip_005.mp4,Normal,train,48,29.97,640,360,15.083333333333334,3.2199465143936097,18.300000000000004,0.1580547112462004,1.712609922632258,1.4849543485616414,3.7296804904937746,-0.030989750371996038,0.17643865927102717,0.062346641604241936,0.26343610882759094,-0.00023903279969335895,46.87090269633979,109.89695658263756,128.53384399414062,-0.014687301033385974
/Users/harinihegde/Downloads/crowd_panic/Normal/VID-20250924-WA0035_clip_006.mp4,Normal,train,48,29.97,640,360,12.916666666666666,2.1682686385429477,15.0,-0.027572731220148052,0.4537665653736033,0.10367795677342406,0.5830003499984742,-0.005145202863833942,0.1654725249935972,0.06446843667392228,0.2479225546121597,-0.0014470675697414055,48.54137754215281,101.58162709225537,104.33520507812501,0.03807624891586812
/Users/harinihegde/Downloads/crowd_panic/Normal/VID-20250924-WA0035_clip_007.mp4,Normal,test,48,29.97,640,360,13.333333333333334,2.6796558651355875,17.0,-0.05937907077724727,0.5432240880550222,0.4109340820608418,1.0886289119720456,0.010968657272499988,0.10992324114479918,0.054740643840889516,0.18825474381446838,0.0017183980086920016,51.80937183069165,106.50502665729083,117.9942596435546,-0.025114077254483447
/Users/harinihegde/Downloads/crowd_panic/Normal/VID-20250924-WA0035_clip_008.mp4,Normal,test,48,29.97,640,360,12.4375,2.745498209190213,16.0,-0.10676291793313092,1.285294140272952,0.9773089697488331,2.368563508987426,-0.02017052025016426,0.11440196530298984,0.05770288501177632,0.19282180368900295,0.0008966680004448399,49.5270825332152,109.20694596710948,146.63423004150403,-0.09228243257986393
/Users/harinihegde/Downloads/crowd_panic/Normal/VID-20250924-WA0035_clip_009.mp4,Normal,train,48,29.97,640,360,7.166666666666667,2.257702864024011,10.300000000000004,0.031046461137646503,0.3347279898663785,0.08587059741276037,0.41988433003425596,0.004093556531345703,0.0639327990505448,0.038569732521372906,0.11811630576848983,-0.0012543001980025402,36.8935517974802,90.91579609525179,41.73981857299805,0.058565906225861934
/Users/harinihegde/Downloads/crowd_panic/Normal/VID-20250924-WA0035_clip_010.mp4,Normal,train,48,29.97,640,360,4.395833333333333,1.4250670062218906,6.0,0.008195831524098952,1.178206425397954,0.8880689277432728,2.397772884368896,0.0599963728521126,0.10014447617404004,0.04818473075387451,0.16349194645881654,0.0019552317143406695,58.051155132055285,75.14957881239971,126.62161407470703,0.4399532483154061
/Users/harinihegde/Downloads/crowd_panic/Normal/VID-20250924-WA0035_clip_011.mp4,Normal,train,48,29.97,640,360,4.729166666666667,1.3028747594795473,6.0,-0.027518454190186822,0.3705422316301376,0.4704572508278942,1.1889372110366818,-0.0245079322960176,0.09771545554332911,0.051068919444431,0.15182201266288756,-0.0014726229990504258,18.765353695811847,67.28409845382586,17.360316848754913,-0.2686639896491312
/Users/harinihegde/Downloads/crowd_panic/Normal/VID-20250924-WA0035_clip_012.mp4,Normal,train,48,29.97,640,360,6.9375,2.085727790644471,10.0,0.06692357794181494,0.09404510227923697,0.02319697845267665,0.11708669811487198,0.000484252519988275,0.08203810633734819,0.050405989626928493,0.14610237479209898,-0.0006503713893153583,23.438327697872303,92.48645787254466,25.368244743347145,0.012706885516307928
/Users/harinihegde/Downloads/crowd_panic/Normal/VID-20250924-WA0035_clip_013.mp4,Normal,train,48,29.97,640,360,6.291666666666667,2.362540417055806,9.0,0.06165870603560568,0.45911552646058673,0.188032940069704,0.7008486986160278,0.009081326407844774,0.09015640749179936,0.0465266081521881,0.13165467679500578,0.000962246272921438,33.934095480084416,98.86848965841406,50.464889907836906,0.1933018819812462
/Users/harinihegde/Downloads/crowd_panic/Normal/VID-20250924-WA0035_clip_014.mp4,Normal,train,48,29.97,640,360,5.0625,4.5387509753969395,12.300000000000004,-0.23203430308293546,0.9238001079635417,1.010460588779642,2.33501968383789,0.05164739714416778,0.08955455660582223,0.0453380605425128,0.15826379656791686,0.000466107276990272,63.90975765626468,134.33052333574733,158.2144775390625,0.40280479988748946
/Users/harinihegde/Downloads/crowd_panic/Normal/VID-20250924-WA0035_clip_015.mp4,Normal,train,48,29.97,640,360,6.5625,2.75307593126912,11.0,0.15843465045592703,0.753081167631961,0.2982850919541783,1.0502649307250975,-0.01942672524997527,0.12683296665311494,0.055817507372177354,0.18934211134910583,-0.002471532344828454,47.95981094827802,85.74537740934454,82.38100128173829,0.009979192707778342
/Users/harinihegde/Downloads/crowd_panic/Normal/VID-20250924-WA0035_clip_016.mp4,Normal,train,48,29.97,640,360,10.229166666666666,2.6239250444494195,14.0,0.04586409031697787,0.4987272277791449,0.11608637697913524,0.669744861125946,-0.0003421098703757948,0.10303241434566518,0.043904295605181054,0.15624350309371945,-0.0004955877439669429,55.64485066749155,126.03654166728965,92.0679901123048,0.02737362536374026
/Users/harinihegde/Downloads/crowd_panic/Normal/VID-20250924-WA0035_clip_017.mp4,Normal,train,48,29.97,640,360,10.958333333333334,2.5491692546570714,14.0,0.0714285714285712,0.8683148457648906,0.9336425769668337,2.4333756923675534,0.03074712260427242,0.09354492399762286,0.04426867897964196,0.15508747100830075,0.00029195698902569317,54.84318523272349,121.24450732619985,178.08700561523438,0.006534978642432869
/Users/harinihegde/Downloads/crowd_panic/Normal/VID-20250924-WA0035_clip_018.mp4,Normal,train,48,29.97,640,360,16.4375,4.2568878009644555,21.0,0.23778766825879283,0.20325386429086645,0.08259715935105658,0.29307538866996763,-0.004099200733839967,0.07425556785645003,0.04288586716482854,0.12206614911556243,0.00030159680638031696,43.54792980941541,111.2662372470504,83.3158645629883,-0.05825934713296596
/Users/harinihegde/Downloads/crowd_panic/Normal/VID-20250924-WA0035_clip_019.mp4,Normal,test,48,29.97,640,360,15.666666666666666,1.96143371598997,18.0,0.011289622231871363,0.10394146483629307,0.02902358613835571,0.13839899003505707,-0.0008207994627798184,0.06954000315609131,0.034733864189974276,0.10483185052871702,0.000889578152053356,21.30523930925539,74.12869903020292,37.87121391296387,0.033125787745070905
/Users/harinihegde/Downloads/crowd_panic/Normal/VID-20250924-WA0035_clip_020.mp4,Normal,train,48,29.97,640,360,16.791666666666668,1.9144008346100239,19.0,0.021710811984368004,0.09796968609728712,0.023079601248139434,0.13082359731197357,0.0005675653119767084,0.0787869060927249,0.039491564911795,0.13077832758426663,0.0009128947084929858,34.27098890563697,107.89839711183234,40.13633003234862,0.003583780848062242
/Users/harinihegde/Downloads/crowd_panic/Normal/VID-20250924-WA0035_clip_021.mp4,Normal,train,48,29.97,640,360,17.979166666666668,4.175771302672385,23.0,0.07126574033868834,0.5699819366031504,1.3206032346338126,1.542911386489867,0.010375640093143016,0.11133240093972455,0.06821741384301719,0.20379151403903958,0.0014838922176954655,29.514772321802955,93.67086976054114,33.63433685302735,-0.014573304198888259
/Users/harinihegde/Downloads/crowd_panic/Normal/VID-20250924-WA0035_clip_022.mp4,Normal,train,48,29.97,640,360,19.166666666666668,4.758034141206732,27.0,0.18866695614415965,0.4937715024707165,0.20541927097426105,0.7051495432853698,0.013556769302943647,0.13256808505096335,0.06942279689144633,0.21055942475795744,0.002209702039707822,39.35238777161401,106.51733283189958,70.23698577880843,0.005412108376675229
/Users/harinihegde/Downloads/crowd_panic/Normal/VID-20250924-WA0035_clip_023.mp4,Normal,train,48,29.97,640,360,17.645833333333332,2.6730879719073135,21.0,-0.10622014763352183,0.6626920218163348,0.1667739464163856,0.8573038816452027,-0.010485106974040653,0.14059148376133848,0.06488921401170353,0.22747986614704133,-0.0030838986115649045,38.04279679398556,98.80894478824047,60.03289260864258,0.03685645328024251
/Users/harinihegde/Downloads/crowd_panic/Normal/VID-20250924-WA0035_clip_024.mp4,Normal,test,48,29.97,640,360,17.6875,2.8878787630369804,21.0,-0.04542987407729075,0.34865865967375165,0.07247469209560706,0.4587261199951172,-0.002643369856763496,0.08534258017514615,0.04341688482551336,0.1396333277225494,-0.0011382930330323885,42.411424254214936,103.38855478084115,63.36733779907227,-0.025262532050105778
/Users/harinihegde/Downloads/crowd_panic/Normal/VID-20250924-WA0035_clip_025.mp4,Normal,train,48,29.97,640,360,14.25,3.2691742076555053,19.0,0.0660008684324792,1.1778650714996013,0.7732298523750176,2.3058072090148927,0.05266114026583753,0.09337801285127693,0.06816316730323883,0.19091016054153442,0.003439538434658727,41.936525552114624,96.86312137134156,85.29054946899414,0.0356728065009806
/Users/harinihegde/Downloads/crowd_panic/Normal/VID-20250924-WA0035_clip_026.mp4,Normal,train,48,29.97,640,360,8.5625,1.5930349703213256,10.300000000000004,-0.005373425966131158,0.4301955243374439,0.19083952615565528,0.6711641311645508,-0.005535685959565871,0.15045393793348302,0.0729320513914414,0.2514694631099701,-0.0014763576220669305,44.780354174647826,122.45383329165304,46.44027404785154,-0.04950117713587763
/Users/harinihegde/Downloads/crowd_panic/Normal/VID-20250924-WA0035_clip_027.mp4,Normal,train,48,29.97,640,360,5.895833333333333,1.636046853105239,8.0,-0.03088363004776389,0.5659012788153709,0.1738760808299093,0.7827921986579894,-0.003780179377042167,0.1663497860761399,0.04142905348781774,0.22625924944877623,0.0005412336859324838,29.235811014010125,72.71705066188575,47.457207489013676,0.1762853193157916
/Users/harinihegde/Downloads/crowd_panic/Normal/VID-20250924-WA0036_clip_001.mp4,Normal,test,48,23.98,640,360,12.979166666666666,3.332226378697715,18.0,-0.14529960920538434,0.37849329126642106,0.11751750927174433,0.49038587212562557,0.0018186290661402068,0.09923661413027886,0.051114299818109644,0.17460722327232361,0.0004511157939836026,63.723379095093804,141.3084793007768,209.34055786132882,0.12489391153158573
/Users/harinihegde/Downloads/crowd_panic/Normal/VID-20250924-WA0036_clip_002.mp4,Normal,train,48,23.98,640,360,12.416666666666666,3.9095680352466333,17.0,0.16055145462440282,0.35026202144774987,0.09279889756456931,0.47493637204170225,-0.0008487972921099937,0.0751139406075186,0.040099835677382296,0.12511907368898392,-0.0007667948835840399,54.74846477926362,135.1577386714117,186.7661880493164,0.021795775938686358
/Users/harinihegde/Downloads/crowd_panic/Normal/VID-20250924-WA0036_clip_003.mp4,Normal,train,48,23.98,640,360,11.354166666666666,2.4705733421392067,15.0,0.018725575336517426,0.4393665349863945,0.20707084266478654,0.7728945016860962,-0.006610701725603695,0.05188505696330933,0.030236207526801173,0.08742147386074066,-0.0002201125131287604,60.86598572235831,130.94944030205244,196.2018661499024,0.10566481180042933
/Users/harinihegde/Downloads/crowd_panic/Normal/VID-20250924-WA0036_clip_004.mp4,Normal,train,48,23.98,640,360,16.8125,3.956304304524615,21.300000000000004,0.08776595744680828,0.186064989801417,0.07512631649428156,0.3046589374542236,-6.938723814531346e-05,0.05299854574308909,0.028317272941489238,0.0915111169219017,-9.828639054321122e-05,57.477498310746796,135.00191062625225,172.2576843261724,0.0023691194414204157
/Users/harinihegde/Downloads/crowd_panic/Normal/VID-20250924-WA0036_clip_005.mp4,Normal,train,48,23.98,640,360,15.770833333333334,5.378350054203943,23.0,-0.3023773339122885,0.1948379783871326,0.0873647765100825,0.3457270383834839,-0.00012164133033136942,0.054384778858103014,0.03333761029246325,0.10114707201719284,0.00014102436295408135,52.15235957055819,115.28153246782361,157.7831573486328,0.00766554671853889
/Users/harinihegde/Downloads/crowd_panic/Normal/VID-20250924-WA0036_clip_006.mp4,Normal,train,48,23.98,640,360,14.604166666666666,3.3957055190670205,19.0,0.046732522796352406,0.2621623212669758,0.1014858629803015,0.4125848054885864,0.003107600766135023,0.05587468912547573,0.037050686858756246,0.0890105739235878,0.00048473622532738906,78.00103376818694,150.29893791285033,279.78409423828106,-0.004472724017717331
/Users/harinihegde/Downloads/crowd_panic/Normal/VID-20250924-WA0036_clip_007.mp4,Normal,train,48,23.98,640,360,15.75,4.230346715499018,21.0,-0.03831958315241022,0.27224045643147005,0.10349498911532373,0.43411024808883664,-0.0015301405229053457,0.05925081133287638,0.03459015832748463,0.10771455913782119,0.0002996316001940936,95.83189710671287,167.4307805510068,383.22161865234386,0.04339477391695773
/Users/harinihegde/Downloads/crowd_panic/Normal/VID-20250924-WA0036_clip_008.mp4,Normal,train,48,23.98,640,360,13.479166666666666,3.529574946867619,18.0,0.045212765957446666,0.42914440213365757,0.17953319827968106,0.6574055075645446,-0.004555446630779729,0.05356368775221896,0.02520908321097522,0.09392434060573578,-0.00020122825726780563,89.90181336602897,160.11089701577308,356.32896423339844,-0.025303311766111874
/Users/harinihegde/Downloads/crowd_panic/Normal/VID-20250924-WA0036_clip_009.mp4,Normal,train,48,23.98,640,360,11.645833333333334,3.90773582852725,17.0,0.08212114633087263,0.22608499577704896,0.10646856343614926,0.3760431051254272,0.0002536934134477179,0.061068804776097864,0.030305158806759703,0.10298557579517365,0.0002522621451119767,89.33049524363544,161.99133814169133,391.1944335937502,0.11116852925292474
/Users/harinihegde/Downloads/crowd_panic/Normal/VID-20250924-WA0036_clip_010.mp4,Normal,train,48,23.98,640,360,13.0,3.8188130791298667,18.300000000000004,0.17422926617455475,0.23610017527925206,0.09403258249517801,0.34400132298469543,-0.0020792918446905398,0.060599284325825405,0.027943947084948177,0.10485637634992599,-0.00027939168371046437,88.88833749632121,160.98359872013157,322.99900512695314,-0.15083962195538075
/Users/harinihegde/Downloads/crowd_panic/Normal/VID-20250924-WA0036_clip_011.mp4,Normal,train,48,23.98,640,360,18.166666666666668,2.981423969999719,21.0,0.01606600086843219,0.22787394707507275,0.08965317311015478,0.35948943495750424,0.0027807556716492625,0.06011900816984633,0.03559712980635174,0.10669784247875212,-0.0002330802204423378,59.789637533769486,133.80567587406333,173.30470275878906,-0.01355052022430153
/Users/harinihegde/Downloads/crowd_panic/Normal/VID-20250924-WA0036_clip_012.mp4,Normal,train,48,23.98,640,360,12.895833333333334,2.987749873325335,17.0,0.01850846721667368,0.3202963690174387,0.1104068716652905,0.48906283378601073,0.0023581488462893884,0.060203441577230364,0.03887664251557652,0.11604800522327421,0.001073478089305629,66.3654305371957,136.18325843911376,185.16065979003906,0.0028426586792268944
/Users/harinihegde/Downloads/crowd_panic/Normal/VID-20250924-WA0036_clip_013.mp4,Normal,test,48,23.98,640,360,9.5625,2.423033996872516,13.300000000000004,-0.11870386452453334,0.6171279172313974,0.38521654187281074,1.1132100820541382,0.022786272641454004,0.09526425084852158,0.05756773385770253,0.18490063548088073,0.002343604444318506,49.75943244592354,105.84909031445048,102.95069885253908,0.08715541197853185
/Users/harinihegde/Downloads/crowd_panic/Normal/VID-20250924-WA0036_clip_014.mp4,Normal,test,48,23.98,640,360,11.979166666666666,4.049123276161835,17.300000000000004,0.16321102909248786,1.4896886307508388,1.0078713427769854,2.7457973957061768,-0.053512903599793916,0.16069707111950884,0.07857045257076303,0.25962718725204464,-0.004215378594687284,74.96111764380088,141.0868360099867,232.5167938232424,-0.21596172552719395
/Users/harinihegde/Downloads/crowd_panic/Normal/VID-20250924-WA0036_clip_015.mp4,Normal,train,48,23.98,640,360,17.895833333333332,4.2731700924359295,25.0,-0.146493703864525,0.14185102941825034,0.06897792667839185,0.26434690356254575,0.00037388179225504277,0.06872156848932834,0.04240958962582813,0.1266171172261238,0.0009636925707875336,34.168916355227736,106.37890224604922,33.42776489257814,0.00919847864677434
/Users/harinihegde/Downloads/crowd_panic/Normal/VID-20250924-WA0036_clip_016.mp4,Normal,train,48,23.98,640,360,11.875,4.176446855083078,17.0,0.016934433347806917,1.1961466689059075,1.2297463517775875,3.3899615764617916,-0.018631388122262393,0.05739565871338895,0.029372462748524127,0.09329910278320312,0.00023652578281474804,78.09590297354029,157.37705933408424,253.4595855712894,0.003853577645529526
/Users/harinihegde/Downloads/crowd_panic/Normal/VID-20250924-WA0036_clip_017.mp4,Normal,train,48,23.98,640,360,12.833333333333334,4.043169823569401,18.300000000000004,-0.17325227963525855,0.4420520717159231,0.20669623028803716,0.6734357714653014,-0.00488935283641094,0.0717976001547055,0.04169960298922392,0.12423903346061706,-0.0005606234986976879,75.99281897679681,157.90447500188324,240.3965087890624,0.038582266939090615
/Users/harinihegde/Downloads/crowd_panic/Normal/VID-20250924-WA0036_clip_018.mp4,Normal,train,48,23.98,640,360,13.083333333333334,2.4902587995806558,17.0,0.08651758575770718,0.33686132950985687,0.1308239405712879,0.511850368976593,-0.005077116858217583,0.060628921863563515,0.03492737540505452,0.10778878927230832,0.0003218102734320549,59.04520687689719,126.95528691375986,205.2193450927734,0.004558066222369196
/Users/harinihegde/Downloads/crowd_panic/Normal/VID-20250924-WA0036_clip_019.mp4,Normal,train,48,23.98,640,360,15.25,3.43693177121688,19.300000000000004,0.017260095527572482,0.1959828127254831,0.08070834124611838,0.2894488036632537,0.0015421404781562665,0.06310037111348295,0.03793645031287579,0.11280131191015243,-0.0008446447142881443,53.95359446267738,124.86954234541554,149.2148010253906,0.01155140669196171
/Users/harinihegde/Downloads/crowd_panic/Normal/VID-20250924-WA0036_clip_020.mp4,Normal,train,48,23.98,640,360,17.291666666666668,4.344336990714335,24.0,0.051346070343030466,0.16972091508672593,0.07578806437785522,0.2718360066413879,-0.00010128092678965074,0.0800512337343807,0.0448674161985306,0.14632188379764557,-0.00037139131432135523,52.1397261318247,124.4698670675884,168.13228759765644,-0.003456097043879252
/Users/harinihegde/Downloads/crowd_panic/Normal/VID-20250924-WA0036_clip_021.mp4,Normal,train,48,23.98,640,360,11.333333333333334,3.6533850361304956,16.0,0.12462006079027345,0.2006845569356959,0.08619554998560522,0.32383828759193417,0.0023593274311306416,0.07719344740852396,0.05066938017888013,0.14146094918251037,0.0017633963124068406,59.73689741927586,126.50684082707912,210.63438415527358,0.035439321883480895
/Users/harinihegde/Downloads/crowd_panic/Normal/VID-20250924-WA0036_clip_022.mp4,Normal,train,48,23.98,640,360,11.791666666666666,4.020563462445974,17.0,-0.1580547112462009,0.348633053137901,0.11858006594056153,0.5184752941131592,0.0033015459844847727,0.07117814288296281,0.041648751720152824,0.10935671925544738,0.0012167359114397117,71.29642952603592,144.77211032076434,250.8906921386718,-0.011507996289686342
/Users/harinihegde/Downloads/crowd_panic/Normal/VID-20250924-WA0036_clip_023.mp4,Normal,train,48,23.98,640,360,9.708333333333334,3.3909090062826643,13.300000000000004,0.05666521927920094,0.4966997675439145,0.17937039825534298,0.7518900275230407,-0.007365443832503768,0.07586466251535619,0.03849373255456723,0.11922719329595563,-6.686060889266421e-05,72.01419966019104,148.1710941639374,239.74417114257812,-0.09914017084590362
/Users/harinihegde/Downloads/crowd_panic/Normal/VID-20250924-WA0036_clip_024.mp4,Normal,test,48,23.98,640,360,12.958333333333334,3.2848029705837085,17.0,0.1356925749023012,0.25871312269505037,0.08855715325749335,0.3826845288276672,-0.0011961535084561846,0.07541836320640559,0.04749455505145279,0.14181882739067075,0.0013220752103712543,49.43853564671958,114.07405717826917,97.84962463378906,0.04414327834330068
/Users/harinihegde/Downloads/crowd_panic/Normal/VID-20250924-WA0036_clip_025.mp4,Normal,train,48,23.98,640,360,15.770833333333334,2.7706766873014175,19.0,-0.0320777247069043,0.3037408688601027,0.10933264406991029,0.4516559600830078,0.0025432271216061252,0.06926279388704991,0.042493803576650245,0.12949213683605193,0.0012581092794404255,63.60426308108557,131.3276874509027,228.4364013671875,-0.070968896213674
/Users/harinihegde/Downloads/crowd_panic/Normal/VID-20250924-WA0036_clip_026.mp4,Normal,train,48,23.98,640,360,11.333333333333334,3.525699300217697,15.300000000000004,-0.19029526704298766,0.34108220421253366,0.14362752565356116,0.5307135462760925,0.006398924699640741,0.10573718504623529,0.057195115603095516,0.1879233479499817,0.00030595623387521837,52.1031879190526,110.28663288522733,95.49102478027342,0.06984560264161602
/Users/harinihegde/Downloads/crowd_panic/Normal/VID-20250924-WA0036_clip_027.mp4,Normal,train,48,23.98,640,360,5.833333333333333,1.863389981249825,8.0,-0.005427702996092198,0.648928924443874,0.18484558652851407,0.8758362293243408,0.0053741316777153395,0.08080198055014332,0.038470099003854466,0.1330307215452194,-0.0013879381481404732,45.55814646655302,94.79152190237774,73.25743255615235,0.027308030831619912
/Users/harinihegde/Downloads/crowd_panic/Normal/VID-20250924-WA0036_clip_028.mp4,Normal,train,48,23.98,640,360,7.8125,2.315313603668698,10.300000000000004,0.05259444203213189,0.3510439865132596,0.26620509158604555,0.5988982200622559,-0.011564660374554184,0.049147927895822424,0.030792983365827115,0.07957009971141812,-7.196595178525924e-05,50.31242405536113,106.93091353750546,143.30633392334005,0.05586540960784664
/Users/harinihegde/Downloads/crowd_panic/Normal/VID-20250924-WA0036_clip_029.mp4,Normal,train,48,23.98,640,360,7.5625,2.3708845922988324,10.0,-0.07734476769431199,0.18798504008891734,0.10460004429841316,0.2964187443256378,0.0021060382271879934,0.07139037678295627,0.0401472661929134,0.12322396039962766,8.672311799523128e-05,40.82729485322002,114.01389936236535,52.56311798095688,-0.18798152171929433
/Users/harinihegde/Downloads/crowd_panic/Normal/VID-20250924-WA0036_clip_030.mp4,Normal,train,48,23.98,640,360,5.9375,1.9727967668600164,9.0,0.04542987407729041,0.3738739490509033,0.18129319469513286,0.5494643449783325,0.006432266482027122,0.06917799836856887,0.037827769901592284,0.12333195656538007,0.00012865803059307728,32.49969424352114,75.3548743935544,47.768388366699234,0.04283611222230307
/Users/harinihegde/Downloads/crowd_panic/Normal/VID-20250924-WA0036_clip_031.mp4,Normal,train,48,23.98,640,360,7.0,2.140872096444188,9.300000000000004,0.0523230568823273,0.604588454391094,0.22178058492229286,0.9007039427757263,-0.011441817362409403,0.1239246130782239,0.053807193581310184,0.20035056769847867,0.0006190700685669171,49.299427604309486,120.55314000415672,79.46468200683594,0.06190024472869436
/Users/harinihegde/Downloads/crowd_panic/Normal/VID-20250924-WA0036_clip_032.mp4,Normal,train,48,23.98,640,360,6.3125,2.246814875180715,10.0,-0.06985453755970485,0.3904428310850833,0.17129652071416904,0.6359425544738769,0.004023464972103342,0.05770160198370193,0.035780547370203294,0.0965869292616844,-0.0001901276398856783,41.49188816287215,86.06065228807323,70.3793899536133,-0.13717711386781237
/Users/harinihegde/Downloads/crowd_panic/Normal/VID-20250924-WA0036_clip_033.mp4,Normal,train,48,23.98,640,360,5.708333333333333,2.8281202041088864,9.600000000000009,0.08597481545809806,0.4123235972637826,0.14548917482472096,0.655761182308197,-0.0015780633189659424,0.05195003978293786,0.03297418666609562,0.08904477208852767,-0.0004612321357850576,35.97906046138521,95.79676574814334,56.566802215576196,-0.0486933926005556
/Users/harinihegde/Downloads/crowd_panic/Normal/VID-20250924-WA0036_clip_034.mp4,Normal,train,48,23.98,640,360,5.458333333333333,1.3222193043852024,7.0,0.02627008250108551,0.2125715101335911,0.10333956525565982,0.3374981760978698,-0.0007817230870556097,0.07586998520220847,0.039089823499444926,0.1252815008163452,-0.0001567486254886052,40.43308660483252,95.77800840662677,70.62943878173833,0.21802492735373016
/Users/harinihegde/Downloads/crowd_panic/Normal/VID-20250924-WA0036_clip_035.mp4,Normal,train,48,23.98,640,360,8.708333333333334,3.3538431521001226,13.0,0.14253148067737725,0.32502035574710114,0.17617579071558473,0.5508269667625427,0.008978432619032709,0.07362610375151989,0.046772147468435964,0.14487144351005554,0.0009682486255917707,54.34090241714686,132.32003154453233,100.79847106933605,-0.031393538391063285
/Users/harinihegde/Downloads/crowd_panic/Normal/VID-20250924-WA0036_clip_036.mp4,Normal,train,48,23.98,640,360,11.708333333333334,3.8888640872225,16.0,-0.11810681719496323,0.302595447669638,0.11091164252029255,0.45324393510818484,-0.004232882579769607,0.061607724006109414,0.03399041316385699,0.10635018199682235,0.0002429906696586893,38.90977545143358,104.9486061203407,59.48789291381842,0.024478269615010602
/Users/harinihegde/Downloads/crowd_panic/Normal/VID-20250924-WA0036_clip_037.mp4,Normal,train,48,23.98,640,360,5.583333333333333,2.8855482821967975,8.300000000000004,-0.015197568389057838,0.21243253556337763,0.09626811251220613,0.338575154542923,0.0014247978967679108,0.07407796533500895,0.041598248201128674,0.13465096950531005,0.000591650303663423,107.79317507731221,199.21338379352252,481.54547119140625,-0.06641634759342895
/Users/harinihegde/Downloads/crowd_panic/Normal/VID-20250924-WA0036_clip_038.mp4,Normal,train,48,23.98,640,360,9.5,4.73462423711393,14.0,0.10768562744246633,0.2955128685274023,0.11343353464609869,0.43166974782943723,0.0014818882221609372,0.08969994475866885,0.046004256752497225,0.14934268593788147,0.0008769189059272568,80.99411347225822,150.2943132509009,244.97133636474632,0.14488119488706858
/Users/harinihegde/Downloads/crowd_panic/Normal/VID-20250924-WA0036_clip_039.mp4,Normal,train,48,23.98,640,360,17.625,6.303520841561484,24.0,-0.23284845853234964,0.23452044072303366,0.12144598855271724,0.4258494794368744,0.005627559640967769,0.0780092005796255,0.04368234841649619,0.1424432575702667,-7.370626812354461e-05,47.65066759575734,116.18455178046882,88.89883422851562,0.056290168609418725
/Users/harinihegde/Downloads/crowd_panic/Normal/VID-20250924-WA0036_clip_040.mp4,Normal,test,48,23.98,640,360,7.208333333333333,3.0410958368471204,10.300000000000004,-0.035822839774207686,0.6014736751292614,0.3428658813945641,0.9840710163116454,0.01872054661842103,0.08599494007029669,0.04287449507203204,0.12964056730270385,0.001816581188787032,73.6945715394628,146.45211240992762,148.4020233154297,0.20014536122591864
/Users/harinihegde/Downloads/crowd_panic/Normal/VID-20250924-WA0036_clip_041.mp4,Normal,train,48,23.98,640,360,7.5,3.8890872965260113,14.0,0.05514546244029526,0.9381308756927227,0.6638142577243844,1.8500623941421508,-0.03897647809574964,0.09673108699473928,0.05147670315679427,0.1609381377696991,-0.0019037702552040317,61.899570089445184,133.94537147962953,208.0172485351565,-0.06896248734594974
/Users/harinihegde/Downloads/crowd_panic/Normal/VID-20250924-WA0036_clip_042.mp4,Normal,train,48,23.98,640,360,11.333333333333334,5.987254982228686,19.300000000000004,-0.3376031263569261,0.8657944979185753,0.7081661690107012,1.7905395746231079,0.044168206500397815,0.09565506320684514,0.05215649221649533,0.1641092985868454,0.0025492027205062705,49.16360208577211,123.57629391154131,135.5674316406251,0.03698941396291782
/Users/harinihegde/Downloads/crowd_panic/Normal/VID-20250924-WA0036_clip_043.mp4,Normal,train,48,23.98,640,360,4.083333333333333,2.2251716538031148,7.0,0.09910985670864089,1.9140028814052015,1.2167699475356797,3.358230352401733,-0.0548676976608414,0.15082233181183644,0.07085174890852702,0.2502550661563873,0.000650420279442837,90.81874460940594,142.39191872560446,245.70359497070305,-0.3183630715070219
/Users/harinihegde/Downloads/crowd_panic/Normal/VID-20250924-WA0036_clip_044.mp4,Normal,train,48,23.98,640,360,8.041666666666666,3.9997829802239133,14.0,-0.17607468519322642,0.9535052804870808,0.4300420427358839,1.4960672616958615,0.011158794900411054,0.1526416164842692,0.06978682212314438,0.23539957404136655,7.312534554455841e-05,65.8548619648161,141.88390774912432,185.14299316406314,0.11962400385607852
/Users/harinihegde/Downloads/crowd_panic/Normal/VID-20250924-WA0036_clip_045.mp4,Normal,train,48,23.98,640,360,6.166666666666667,2.2484562605386738,9.0,0.034845853234910816,0.616053912867891,0.4277819622103101,1.1183940887451167,-0.0063546147287084935,0.1307028960040275,0.051942851785189634,0.19327214062213896,0.001100549169804878,51.51991791782043,119.83441900971552,142.2959747314453,0.026407447671778626
/Users/harinihegde/Downloads/crowd_panic/Normal/VID-20250924-WA0036_clip_046.mp4,Normal,train,48,23.98,640,360,6.3125,1.697501227294598,8.0,0.021330872774641716,0.22953040850289325,0.1480293376365523,0.4635250866413116,-0.0064950476109354345,0.10866125875172462,0.052900293549426644,0.1800304025411605,-0.0009943178325467613,58.41832526874542,141.32304691818396,110.69939193725585,-0.2695102921845571
/Users/harinihegde/Downloads/crowd_panic/Normal/VID-20250924-WA0036_clip_047.mp4,Normal,test,48,23.98,640,360,7.770833333333333,2.434471052519531,11.300000000000004,-0.11512158054711255,0.11015711804019644,0.056958293675885445,0.19562389254570003,-0.0014495467228658153,0.08708696861929716,0.05141891095394337,0.1416699558496475,0.00042311374085570255,30.49377677429832,93.3690522125198,34.95378417968751,-0.03504560935030038
/Users/harinihegde/Downloads/crowd_panic/Normal/VID-20250924-WA0036_clip_048.mp4,Normal,test,48,23.98,640,360,3.7708333333333335,1.571087512591906,6.0,-0.024696048632218897,0.10364749306376944,0.0557605726318121,0.18030027747154231,0.0013987855915976117,0.08362801511712531,0.04643304367548218,0.12927548587322235,0.0010278956048366359,22.890786947288984,62.780828708153585,31.08958988189698,0.09127080649947075
/Users/harinihegde/Downloads/crowd_panic/Normal/VID-20250924-WA0036_clip_049.mp4,Normal,train,48,23.98,640,360,3.8958333333333335,2.2752251109627712,7.300000000000004,0.09493052540165,0.12321112304925919,0.062073563038367016,0.230615884065628,-0.0007539359649348656,0.07266827615255371,0.04082331069746282,0.12762422263622283,0.0003438414769957086,26.75508630802842,69.90789425759468,31.105976486206053,-0.05509759511200688
/Users/harinihegde/Downloads/crowd_panic/Normal/VID-20250924-WA0036_clip_050.mp4,Normal,train,48,23.98,640,360,5.583333333333333,2.4650332429581736,9.300000000000004,0.11561007381676068,0.1418549359795895,0.061718074577415225,0.2293014496564865,0.0016884977940494115,0.07405749335885048,0.03788616297648447,0.12628126591444014,0.0006284126818049129,41.133314547206965,120.9734680776491,46.75931396484383,0.1101533623635036
/Users/harinihegde/Downloads/crowd_panic/Normal/VID-20250924-WA0036_clip_051.mp4,Normal,train,48,23.98,640,360,5.333333333333333,1.96143371598997,8.0,-0.02453321754233621,0.13586910544557773,0.0700333897987936,0.24301517307758322,-0.0007983173745978107,0.07903279722767308,0.03846316886322707,0.12518808543682097,0.0006144200454902852,44.29615487711331,118.73470845281595,59.9978515625,-0.13672257612158908
/Users/harinihegde/Downloads/crowd_panic/Normal/VID-20250924-WA0036_clip_052.mp4,Normal,train,48,23.98,640,360,3.5625,1.6571341979453564,6.0,-0.041087711680416944,0.184470192152769,0.11886106726055298,0.35103182792663573,0.006102359288085208,0.1010964829870995,0.0529348165149862,0.17610721588134765,0.002271002637537733,42.3994541988923,98.35501936587369,109.01890411376957,0.009760777859190113
/Users/harinihegde/Downloads/crowd_panic/Normal/VID-20250924-WA0036_clip_053.mp4,Normal,train,48,23.98,640,360,3.3958333333333335,2.1673676750585926,6.0,0.062147199305253975,0.2942165182308948,0.12372447400101273,0.42927293181419374,-0.0023424066439491475,0.12613804271801354,0.059752558919932176,0.19394979476928711,-0.000847826801325737,39.69470543127794,78.12585518418577,66.76339569091799,-0.12162647951683446
/Users/harinihegde/Downloads/crowd_panic/Normal/VID-20250924-WA0036_clip_054.mp4,Normal,train,48,23.98,640,360,4.541666666666667,1.6196493104647343,6.0,-0.07305688232739906,0.17222520027388918,0.07347023484926198,0.2625985085964203,-0.0018207986135239068,0.06837969451667146,0.04051198181357435,0.13752046525478362,-5.434918416376246e-05,54.008326725398796,130.68560046700676,66.16247253417936,-0.15754399232111815
/Users/harinihegde/Downloads/crowd_panic/Normal/VID-20250924-WA0036_clip_055.mp4,Normal,train,48,23.98,640,360,3.4375,1.9029171684547912,6.300000000000004,-0.08613764654798099,0.17942781889058174,0.08017294731026042,0.3061096668243408,0.00010143489655276076,0.07024837953058329,0.03847160724723683,0.1229370519518852,0.00038077642292104865,57.21684944949811,144.89452314296028,116.99456481933534,0.2729742234678971
/Users/harinihegde/Downloads/crowd_panic/Normal/VID-20250924-WA0036_clip_056.mp4,Normal,test,48,23.98,640,360,3.75,1.8540496217739157,6.300000000000004,0.09661311333043851,0.5233725499599537,0.17055259319812763,0.7085540056228637,0.004460218278941018,0.1047547633581339,0.05852265269269674,0.18472394347190857,-0.0004124270285118729,62.84470980337688,88.70724557209296,146.26289825439466,0.34486098807972315
/Users/harinihegde/Downloads/crowd_panic/Normal/VID-20250924-WA0036_clip_057.mp4,Normal,train,48,23.98,640,360,5.9375,2.0757152381769517,8.300000000000004,0.08201259227095095,0.3850294275486723,0.16290778396531294,0.5949012160301207,-0.005513731317868618,0.12944130023862135,0.07199363649981111,0.23806777298450468,0.0017234492289060935,57.49517111768242,119.79210404796869,155.33614959716832,0.012632673256949088
/Users/harinihegde/Downloads/crowd_panic/Normal/VID-20250924-WA0036_clip_058.mp4,Normal,test,48,23.98,640,360,7.395833333333333,1.7046454095272197,9.0,-0.04206469821971363,0.2871187854003399,0.0988931396742915,0.44292805194854734,0.0012856980098220198,0.08448728895250787,0.04128424843334012,0.13701002299785614,-0.0007103259809173914,55.93078119146863,131.08961248359665,130.3938446044922,0.017628720646704624
/Users/harinihegde/Downloads/crowd_panic/Normal/VID-20250924-WA0036_clip_059.mp4,Normal,train,48,23.98,640,360,5.104166666666667,1.6487316252872153,7.0,-0.014166304819800291,0.21618204952237455,0.13397845954437299,0.4097057223320007,-0.006866029854415881,0.08416682648214888,0.05201566200292963,0.13461161255836485,0.0003698738742013244,29.1014874922992,83.45553070956797,44.27703857421875,-0.07354342306238948
/Users/harinihegde/Downloads/crowd_panic/Normal/VID-20250924-WA0036_clip_060.mp4,Normal,train,48,23.98,640,360,6.333333333333333,3.0776975521032313,11.0,0.173469387755102,0.1361502398677329,0.07014080017477925,0.23392474055290222,0.0014564017144916635,0.07395322803170123,0.03086751189122834,0.11805696040391922,-0.0004767121499013179,37.41143685873644,89.37751836867776,57.80186920166017,0.16823450643843732
/Users/harinihegde/Downloads/crowd_panic/Normal/VID-20250924-WA0036_clip_061.mp4,Normal,train,48,23.98,640,360,7.979166666666667,3.2754744143236545,11.600000000000009,0.01405775075987825,0.18701908563045747,0.16795295044308517,0.41106306314468377,0.006023845493200751,0.0644639838546356,0.041638765468553475,0.11444242894649505,0.0013858045651219874,46.03590022654402,109.64072712207472,56.98259124755859,0.13714219685456097
/Users/harinihegde/Downloads/crowd_panic/Normal/VID-20250924-WA0036_clip_062.mp4,Normal,train,48,23.98,640,360,6.583333333333333,3.5872072083384805,11.300000000000004,-0.15295267042987426,1.1822114031999669,0.7000308127424154,2.1121819972991944,-0.04290571056347714,0.12651691044819482,0.0761727073142656,0.22773917615413666,-0.002939032340529101,78.89269774482865,141.24841610862586,212.44564056396484,-0.18292880669268252
/Users/harinihegde/Downloads/crowd_panic/Normal/VID-20250924-WA0036_clip_063.mp4,Normal,train,48,23.98,640,360,6.895833333333333,2.7404347536274036,11.0,0.09872991749891442,0.42805005578284566,0.21605930488396324,0.639552104473114,0.006390560707844156,0.11012099176011186,0.045107235368536495,0.16384021043777466,0.000765169024291713,61.52786389599318,117.02407007779694,150.1113327026368,-0.11145787368369206
/Users/harinihegde/Downloads/crowd_panic/Normal/VID-20250924-WA0036_clip_064.mp4,Normal,test,48,23.98,640,360,7.583333333333333,3.639100926816342,13.0,-0.1103994789405125,0.24188696862535275,0.10533987598216224,0.3793538749217987,0.0008528454093112674,0.09617288423543598,0.04740426980467793,0.1584586888551712,0.0008931618520820293,77.1117808967306,150.59032072789654,254.11799621582028,-0.15659878349248244
/Users/harinihegde/Downloads/crowd_panic/Normal/VID-20250924-WA0036_clip_065.mp4,Normal,train,48,23.98,640,360,3.6666666666666665,2.3033791601808757,6.0,0.10801128962223186,0.16459943853477213,0.08452657847707135,0.2710121929645538,-0.0031571091655865783,0.07957102494571913,0.04334712685664016,0.1234193429350853,-0.0002838713439212887,37.52479104364096,101.36706841329824,56.34513130187989,0.25918199463282066
/Users/harinihegde/Downloads/crowd_panic/Normal/VID-20250924-WA0036_clip_066.mp4,Normal,train,48,23.98,640,360,6.791666666666667,3.227217153455211,11.300000000000004,-0.11517585757707356,0.09548132708098026,0.049578176123262256,0.16077181696891785,-8.823857560863967e-05,0.0529672970519738,0.028163338816711417,0.08947942852973938,0.0002815666640604695,42.38931061173307,109.99085610621195,83.53010559082031,-0.08400543594986565
/Users/harinihegde/Downloads/crowd_panic/Normal/VID-20250924-WA0036_clip_067.mp4,Normal,test,48,23.98,640,360,6.270833333333333,1.7764616438927756,8.0,0.028821102909248743,0.11792151606146326,0.04929989134538683,0.19915436804294584,-0.00021739078816595053,0.0701640211045742,0.036339111077871016,0.12004089951515197,0.0003496416059135707,36.363806094603326,108.18416084634352,51.06304931640625,-0.03743054617026011
/Users/harinihegde/Downloads/crowd_panic/Normal/VID-20250924-WA0036_clip_068.mp4,Normal,train,48,23.98,640,360,8.208333333333334,3.4092908190544393,12.0,-0.06762917933130706,0.12979231798585425,0.09498052181981619,0.27702534198760986,0.002276288912348126,0.07490464955806098,0.045753954496281515,0.13812051117420196,0.00087097210081158,59.359507896483706,137.66614399067035,198.76725616455124,0.006690184758652199
/Users/harinihegde/Downloads/crowd_panic/Normal/VID-20250924-WA0036_clip_069.mp4,Normal,test,48,23.98,640,360,6.104166666666667,2.1912665984666395,9.0,-0.0061333043855840855,0.20480144935402464,0.10181385619519479,0.3433477222919464,0.0021736476437690944,0.08721145435652518,0.04983390644306113,0.14775572419166563,-0.0011674641917681923,35.046450794581325,81.70494469464697,74.50917205810542,0.06182022345564223
/Users/harinihegde/Downloads/crowd_panic/Normal/VID-20250924-WA0036_clip_070.mp4,Normal,test,48,23.98,640,360,5.833333333333333,2.0548046676563256,8.300000000000004,-0.02453321754233619,0.1738711524199932,0.08371266717942982,0.27157219052314757,-0.002101406020824823,0.07384435676949773,0.05015743089380612,0.1460633724927902,-0.00010745196946130568,48.804602056131536,114.67245638149541,111.84742279052739,-0.08761429030802753
/Users/harinihegde/Downloads/crowd_panic/Normal/VID-20250924-WA0036_clip_071.mp4,Normal,test,48,23.98,640,360,5.395833333333333,2.2706421937906076,8.300000000000004,0.035551454624402894,0.12745675222670777,0.05728395196725778,0.2155264288187027,-0.00030349400308014033,0.05570667268747979,0.036045594464699335,0.10100649595260619,0.0007426307556477001,42.57898315252031,95.81634500956346,80.61688232421875,-0.16510903282550413
/Users/harinihegde/Downloads/crowd_panic/Normal/VID-20250924-WA0036_clip_072.mp4,Normal,train,48,23.98,640,360,6.895833333333333,1.8623415294253152,10.0,0.06648936170212764,0.10800063562520007,0.06251222011566959,0.21319138407707208,-0.0005292194351815819,0.05917835144444983,0.03189493831876578,0.10070078521966933,0.00031096809063361857,41.59110916157564,93.31277549754715,128.56160049438483,0.06870983201324118
/Users/harinihegde/Downloads/crowd_panic/Normal/VID-20250924-WA0036_clip_073.mp4,Normal,train,48,23.98,640,360,4.4375,2.1880951571324925,7.0,-0.02024533217542347,0.11208749063154484,0.08445876045305516,0.17568955421447754,0.0017480630032153013,0.07416963397941374,0.044456509523597657,0.13479171991348265,0.0010334716704445764,38.93070992370325,87.93294922383468,97.34562377929694,0.016461403434046482
/Users/harinihegde/Downloads/crowd_panic/Normal/VID-20250924-WA0036_clip_074.mp4,Normal,train,48,23.98,640,360,6.208333333333333,3.3226390949899383,11.300000000000004,0.09498480243161088,0.8300766884646518,0.42540463118996247,1.3461867809295653,0.015845063686108947,0.11902092405139132,0.05068994335858326,0.18541842103004455,-0.0003854115769287743,83.63564776670222,141.61228668807587,277.4443634033203,0.19854653260036817
/Users/harinihegde/Downloads/crowd_panic/Normal/VID-20250924-WA0036_clip_075.mp4,Normal,test,48,23.98,640,360,7.354166666666667,2.4280443376420364,10.300000000000004,0.020136778115501425,0.31894666812521344,0.1614525255777481,0.5267699241638183,-0.007356052892584139,0.1050294431501088,0.04432046036819124,0.15868743360042573,0.000524769180366437,65.25680404635611,127.21998255323008,201.17202453613294,-0.2450537233385597
/Users/harinihegde/Downloads/crowd_panic/Normal/VID-20250924-WA0036_clip_076.mp4,Normal,train,48,23.98,640,360,8.708333333333334,2.4745229618835403,12.300000000000004,-0.08803734259661337,0.3512596854187073,0.2583338142682416,0.6693251132965088,0.01104907012242173,0.08573198820801174,0.04976706013925875,0.13916095793247218,-0.0003132861575295252,57.94092984322491,119.80119045474714,142.14769897460928,0.11465753532383778
/Users/harinihegde/Downloads/crowd_panic/Normal/VID-20250924-WA0036_clip_077.mp4,Normal,test,48,23.98,640,360,5.8125,2.855230945125105,9.0,-0.07137429439861057,0.40518714519257243,0.1839614538033065,0.7162595629692077,-0.009505091345318482,0.07393009519759328,0.04334470372814205,0.13233564496040343,0.0005584126505824144,65.26073624717968,138.62725766363943,208.4971160888672,-0.364047173432701
/Users/harinihegde/Downloads/crowd_panic/Normal/VID-20250924-WA0036_clip_078.mp4,Normal,train,48,23.98,640,360,10.25,3.3322915038553673,14.0,0.1221233174120711,0.19239292642537584,0.08286314387088929,0.32977157831192017,-0.0016832996735299329,0.08026866859538441,0.040762506340387104,0.13733189105987548,6.921896259761251e-05,62.483400669338096,129.7380009470803,179.85241851806643,-0.09580334758102735
/Users/harinihegde/Downloads/crowd_panic/Normal/VID-20250924-WA0036_clip_079.mp4,Normal,train,48,23.98,640,360,8.5,4.911720676097125,16.0,-0.2646547980894489,0.1814961740945248,0.0835098730158037,0.2988100171089172,-0.00220846054191588,0.09139482212312361,0.056403018663688076,0.15991820991039274,0.001164085402305925,57.54341270387746,129.49195069447256,184.3805831909186,-0.03419520643689089
/Users/harinihegde/Downloads/crowd_panic/Normal/VID-20250924-WA0036_clip_080.mp4,Normal,train,48,23.98,640,360,7.729166666666667,3.120761013848314,11.0,-0.07452236213634393,0.16282894272119441,0.08043469300918102,0.29746631383895866,-0.0005886413055324739,0.08423101361048349,0.04986485955005331,0.1520645350217819,0.0010335840225378255,55.86634096722539,129.49692466486593,135.54829101562495,-0.0899366770747031
/Users/harinihegde/Downloads/crowd_panic/Normal/VID-20250924-WA0036_clip_081.mp4,Normal,train,48,23.98,640,360,2.25,1.3307266185559425,4.0,-0.04222752930959624,0.19631937653460402,0.08537090290486497,0.32076684236526487,0.004153322505141771,0.07328824829706486,0.04353335716509499,0.11801858097314834,-3.89535876058175e-05,30.534138038754463,90.22718909490888,36.360610580444366,0.14797371643644755
/Users/harinihegde/Downloads/crowd_panic/Normal/VID-20250924-WA0036_clip_082.mp4,Normal,test,48,23.98,640,360,4.3125,2.237523277346331,7.300000000000004,0.11490447242726874,0.31483698366804325,0.12031456062974483,0.4799863696098327,0.004394503084599812,0.07727906399188524,0.045682590741062484,0.14513799250125883,0.0016125875701145666,26.760435852739548,54.40677482352278,48.85359268188477,0.17749508579110315
/Users/harinihegde/Downloads/crowd_panic/Normal/VID-20250924-WA0036_clip_083.mp4,Normal,train,48,23.98,640,360,3.9375,1.8864235340983213,7.0,-0.03555145462440307,0.30474038659892183,0.1620201284967347,0.5565286159515379,-0.007445487298009355,0.08112816693895358,0.04397392959891843,0.1442604511976242,-0.0011896752989502008,43.034395137303314,95.73506059030775,86.26843338012706,-0.003492654994323157
/Users/harinihegde/Downloads/crowd_panic/Normal/VID-20250924-WA0036_clip_084.mp4,Normal,test,48,23.98,640,360,2.8333333333333335,2.2110831935702664,7.0,-0.04222752930959625,0.16213587980638158,0.10484346024341512,0.2739357829093933,-0.0028705245157863994,0.08085290003726457,0.05010461593988338,0.1482517957687378,-0.00010865500970475632,43.34792765827462,104.98163885240632,171.15542602539062,-0.37473174451809704
/Users/harinihegde/Downloads/crowd_panic/Normal/VID-20250924-WA0036_clip_085.mp4,Normal,test,48,23.98,640,360,4.6875,1.9165534386844876,7.0,-0.031860616587060464,0.14868818413704,0.08394208520766,0.2582103431224823,0.0023562235587124046,0.0735526134636491,0.04534877948701336,0.12180585563182829,0.0010657859275851548,54.05436747819185,120.61344474678137,260.8933166503906,0.12965022016203934
/Users/harinihegde/Downloads/crowd_panic/Normal/VID-20250924-WA0036_clip_086.mp4,Normal,test,48,23.98,640,360,3.4166666666666665,1.8800856954464131,5.300000000000004,-0.019322622666087787,0.2537911635764102,0.36885921376346875,0.3593533098697662,0.009802652121444858,0.11494661134449725,0.07752407891161023,0.241468870639801,0.0024858974045268317,55.8170174844563,139.9090766590169,71.57910842895508,-0.6233314105063275
/Users/harinihegde/Downloads/crowd_panic/Normal/VID-20250924-WA0036_clip_087.mp4,Normal,train,48,23.98,640,360,4.145833333333333,1.399249550850582,6.0,0.0023339122883195224,1.373051196970838,0.9723263000132266,2.8794455528259273,-0.028357141147213428,0.11643623945085292,0.05951907964401072,0.20100560188293456,-0.002101885747581471,71.03049324382872,124.64545305427565,166.79928588867207,-0.21133248651955355
/Users/harinihegde/Downloads/crowd_panic/Normal/VID-20250924-WA0036_clip_088.mp4,Normal,train,48,23.98,640,360,8.708333333333334,2.5327713192381887,13.0,-0.020625271385149923,0.17834004109844248,0.09699560636521103,0.2826549828052521,-0.0038042602514388045,0.06888732641063472,0.042813901613303916,0.12642205655574795,0.0006028808677908484,52.5691922544161,119.53942452302185,152.8658889770508,0.07781924809970599
/Users/harinihegde/Downloads/crowd_panic/Normal/VID-20250924-WA0036_clip_089.mp4,Normal,train,48,23.98,640,360,8.125,2.315032397181517,11.0,-0.05254016500217125,0.16692182389979668,0.08586990383100855,0.29137163758277895,0.001654043588632242,0.05628787377413283,0.02744976633744423,0.09777236729860306,-0.0003255032522864055,72.82778480187201,160.5640677687046,340.58818359375005,-0.06321593813038369
/Users/harinihegde/Downloads/crowd_panic/Normal/VID-20250924-WA0036_clip_090.mp4,Normal,train,48,23.98,640,360,10.479166666666666,3.7748597288140684,15.300000000000004,0.10176943117672586,0.18804716826119322,0.08744265041526147,0.3131249964237213,-0.0006773313507437671,0.049003659777264015,0.03259268124060697,0.08803698569536209,-0.0005128313645127743,44.14656648808674,103.39816701572074,117.76752471923855,0.02591295881751816
/Users/harinihegde/Downloads/crowd_panic/Normal/VID-20250924-WA0037_clip_002.mp4,Normal,train,48,30.0,640,360,6.625,3.42554740151118,13.0,-0.14915327833260986,9.483910139570845,3.8915145870767938,14.806465339660644,-0.09151263588782695,0.5421547594856708,0.1938819681981843,0.7670153260231017,-0.0031328529746691212,134.03172759492267,146.4907426603148,286.83036499023444,-0.22778872984487158
/Users/harinihegde/Downloads/crowd_panic/Normal/VID-20250924-WA0037_clip_003.mp4,Normal,test,48,30.0,640,360,3.3958333333333335,1.3955223534178478,5.0,0.060193226226660866,6.838495755449254,4.037588869600933,12.058846282958983,-0.19325316861395914,0.7330197492178451,0.13185677365501874,0.860200572013855,0.0020750673792766993,74.33378390674173,85.17870707524054,194.4536346435547,-1.3460216073487872
/Users/harinihegde/Downloads/crowd_panic/Normal/VID-20250924-WA0037_clip_007.mp4,Normal,train,48,30.0,640,360,8.229166666666666,4.722462207954189,17.0,-0.20022796352583605,6.443544210271632,4.268711106040244,14.586756134033202,0.14203349056340941,0.5178484644027467,0.1488066055630483,0.6777795314788818,0.00034604842923616403,128.49546323258892,150.84924547007864,367.01080322265625,0.05624444226113579
/Users/harinihegde/Downloads/crowd_panic/Normal/VID-20250924-WA0037_clip_008.mp4,Normal,train,48,30.0,640,360,3.0208333333333335,2.4280443376420364,6.6000000000000085,-0.11968085106382992,6.906789572315013,7.332866730666829,16.848355102539063,-0.47535772730874637,0.6364939453754019,0.1317397312191055,0.7824249863624573,0.004932635304389676,140.89081963646078,141.1365583366197,299.95528564453133,-2.053986663352538
/Users/harinihegde/Downloads/crowd_panic/Normal/VID-20250924-WA0037_clip_009.mp4,Normal,test,48,30.0,640,360,4.25,1.7853571071357126,7.300000000000004,0.04103343465045588,6.259453708821154,5.374352986765633,12.756800079345703,-0.21411312958372067,0.6480889715095783,0.2936152347922802,0.9230047702789307,-0.01666025068803891,70.09371185629833,122.33479925081957,164.39721069335974,-0.351671006323738
/Users/harinihegde/Downloads/crowd_panic/Normal/VID-20250924-WA0037_clip_010.mp4,Normal,train,48,30.0,640,360,14.9375,9.372846974994667,31.900000000000013,0.5021168041684758,3.1370931077510753,2.5647453818592387,5.049010753631592,0.07543045652136003,0.44324864431264555,0.2127565646852993,0.7266145706176758,-0.0032708669998006666,95.55417402141235,151.8344915277935,287.24348754882817,0.14046931155926018
/Users/harinihegde/Downloads/crowd_panic/Normal/VID-20250924-WA0037_clip_013.mp4,Normal,train,48,30.0,640,360,15.479166666666666,6.471056016773632,27.300000000000004,0.2757815892314372,9.34411166576629,4.589701714341117,15.640713691711426,-0.2187653452185543,0.6051810596217501,0.24255095427115345,0.8773991227149963,0.012329237035903856,147.32200629709183,151.47527408963873,357.36302185058594,-0.11298363902930282
/Users/harinihegde/Downloads/crowd_panic/Normal/VID-20250924-WA0037_clip_016.mp4,Normal,train,48,30.0,640,360,9.895833333333334,2.87401855228683,13.600000000000009,-0.16277681285280102,3.118220825144585,1.4761156779177877,5.13772382736206,0.10372002065788258,0.3802576667450844,0.15556703636831803,0.5960100173950195,0.0013950230169500308,59.60819106569565,91.1248324864974,115.33943786621089,0.18621696306556038
/Users/harinihegde/Downloads/crowd_panic/Normal/VID-20250924-WA0037_clip_017.mp4,Normal,train,48,30.0,640,360,6.895833333333333,3.6812564846198312,10.300000000000004,0.12272036474164126,5.502183508365713,1.8517517204318805,8.148231887817381,-0.03582059438310213,0.6499676098848911,0.21402982510534616,0.8992889761924744,0.012742715220033412,146.1827533184214,183.2879956140938,473.06500244140625,0.14823571253071124
/Users/harinihegde/Downloads/crowd_panic/Normal/VID-20250924-WA0037_clip_018.mp4,Normal,test,48,30.0,640,360,14.791666666666666,4.14808356017839,21.0,-0.1169127225358232,3.6979567750971367,1.498208135056339,5.292661476135254,0.006644452009677487,0.6155791079744379,0.24445334472292946,0.8699117660522461,0.007689514141409186,96.96453155773796,147.77595457462155,293.12049865722656,0.0325952605720781
/Users/harinihegde/Downloads/crowd_panic/Normal/VID-20250924-WA0037_clip_019.mp4,Normal,train,48,30.0,640,360,10.729166666666666,3.930328566276475,15.0,-0.17211246200607913,3.0511615732882884,0.5875368368746421,3.8825151920318604,0.016144848470881983,0.7752264338604947,0.10942686290529652,0.8924411654472351,-0.006001813924775759,105.45446000633045,152.4971358141523,313.6441833496097,0.18429360197450154
/Users/harinihegde/Downloads/crowd_panic/Normal/VID-20250924-WA0037_clip_020.mp4,Normal,train,48,30.0,640,360,10.6875,3.577453994579572,16.60000000000001,0.01590316977854954,4.492702927995236,1.9459580370849283,7.112116813659667,0.10347489633569007,0.6095030559821332,0.1636096487401639,0.8235366106033325,0.0015732364937539123,105.2592692560886,149.52393043944676,294.8998840332033,0.14495032746903766
/Users/harinihegde/Downloads/crowd_panic/Normal/VID-20250924-WA0037_clip_021.mp4,Normal,train,48,30.0,640,360,17.020833333333332,5.966886343721396,25.60000000000001,0.16169127225358196,4.185770067762821,2.7465796656655357,8.10273723602295,0.12985305179334372,0.4839186903010023,0.258381374222408,0.8190208196640014,0.015625029688599374,118.81269485515413,158.45549258610416,345.3350097656248,0.14825638087425858
/Users/harinihegde/Downloads/crowd_panic/Normal/VID-20250924-WA0037_clip_022.mp4,Normal,train,48,30.0,640,360,13.104166666666666,4.487202094723268,19.0,-0.009498480243161304,5.057618506411289,2.112663283475799,8.384208679199219,0.020456010274154945,0.7068158530808509,0.19375103218962586,0.8870879411697388,0.0031952055310701362,144.27064350748483,169.54229157957383,435.6374694824221,0.01850179549183905
/Users/harinihegde/Downloads/crowd_panic/Normal/VID-20250924-WA0037_clip_023.mp4,Normal,train,48,30.0,640,360,11.125,4.662014049742879,16.300000000000004,0.0233391228831956,8.959762644260488,2.4453504834969317,12.461822509765625,-0.09647051346291002,0.8207828199609797,0.12355626417877272,0.9347414374351501,-0.007004580171873554,161.0498139417624,152.45883287862588,395.4461120605469,-0.07399632578475016
/Users/harinihegde/Downloads/crowd_panic/Normal/VID-20250924-WA0037_clip_024.mp4,Normal,train,48,30.0,640,360,8.375,2.4462982238476156,11.0,0.05308293530178009,4.4141509431473755,1.545906557814836,6.431128025054932,-0.03205468514580946,0.7292718278600815,0.14854778938625848,0.8582031607627869,-0.002335853013145375,173.11428948541135,177.69808376718376,451.5284118652345,0.36220698387083544
/Users/harinihegde/Downloads/crowd_panic/Normal/VID-20250924-WA0037_clip_025.mp4,Normal,train,48,30.0,640,360,6.604166666666667,2.713696612658747,10.300000000000004,0.034248805905340796,4.432378997194006,0.8876993525756952,5.3780412673950195,-0.035422113954083505,0.650428370592442,0.19149583852090934,0.9160163760185241,-0.013142225559142642,159.50734885551714,176.98795460592845,467.1766784667969,-0.027478254569433546
/Users/harinihegde/Downloads/crowd_panic/Normal/VID-20250924-WA0037_clip_026.mp4,Normal,train,48,30.0,640,360,5.5625,2.100657139246352,8.0,-0.08906860616587071,9.051469473128623,7.422709088011168,20.50627784729004,0.48554970369528666,0.6981569972444088,0.2239408943569838,0.9688083052635192,0.012898691891107598,128.69344854843922,144.43955983446185,295.9707885742187,1.3811526384878252
/Users/harinihegde/Downloads/crowd_panic/Normal/VID-20250924-WA0037_clip_027.mp4,Normal,train,48,30.0,640,360,8.208333333333334,2.0202963204001096,10.0,-0.026704298740773062,9.842177441779603,3.726915162126398,15.207857704162597,-0.04829190353019498,0.7390591919105104,0.22467714872825778,0.9175140738487244,-0.00287358306872139,162.9605836264695,158.0309880689567,388.9156951904297,-0.4576202702891357
/Users/harinihegde/Downloads/crowd_panic/Normal/VID-20250924-WA0037_clip_028.mp4,Normal,train,48,30.0,640,360,11.583333333333334,3.673289473422365,15.300000000000004,0.1660877116804168,9.953107874444191,4.674649517261106,17.02704620361328,0.06129380352071443,0.7718885280984513,0.1475786891620222,0.9190106272697449,0.000979417633475479,180.4862240704237,161.9676346378921,407.2819702148437,-0.014830708000791098
/Users/harinihegde/Downloads/crowd_panic/Normal/VID-20250924-WA0037_clip_029.mp4,Normal,train,48,30.0,640,360,8.3125,4.0934716826511295,12.300000000000004,-0.17428354320451606,11.453091895326654,3.1753948275988506,15.27619647979736,-0.0885077113359752,0.6385256109085489,0.2327565935577177,0.9457250475883484,-0.011002380087296232,180.19401453710665,144.65283601044194,398.0915893554686,0.20895572203670565
/Users/harinihegde/Downloads/crowd_panic/Normal/VID-20250924-WA0037_clip_030.mp4,Normal,test,48,30.0,640,360,9.145833333333334,2.5082329714141167,13.0,0.05074902301346057,11.15827234755171,2.8736667901647324,15.32720489501953,-0.0016293324991908831,0.8255555693139421,0.1284699485889588,0.9560027956962586,0.003174392218726529,175.44306658815455,124.79567756692514,308.17075805664064,0.08645353214367311
/Users/harinihegde/Downloads/crowd_panic/Normal/VID-20250924-WA0037_clip_031.mp4,Normal,test,48,30.0,640,360,25.5625,9.342791896251713,38.60000000000001,0.20543855840208428,7.0169693054036895,4.868491861131115,14.067103195190429,-0.3248251753201869,0.7278258014232555,0.11951377649592484,0.8739646911621094,-0.006264600589195957,188.23253541080575,187.91433616928816,499.92503967285165,-0.08054011440479797
/Users/harinihegde/Downloads/crowd_panic/Normal/VID-20250924-WA0037_clip_032.mp4,Normal,train,48,30.0,640,360,21.875,9.200600071009863,32.90000000000001,-0.4816543638732092,5.840786358143421,6.176154315782256,15.525084495544434,0.3743617449035036,0.6726973088497811,0.15387096074811576,0.8615739941596985,0.009072429932150775,127.34116528264012,167.42372444490556,405.6218841552735,0.08703997323332824
/Users/harinihegde/Downloads/crowd_panic/Normal/VID-20250924-WA0037_clip_033.mp4,Normal,train,48,30.0,640,360,3.5416666666666665,1.6703085210689537,5.300000000000004,0.019322622666087676,8.960950607949115,2.743605588129687,13.335706710815428,-0.14775141260339417,0.793919804248404,0.10719523502138342,0.9410748481750488,-0.005777057318859465,97.13895650667565,117.37346907969554,199.59945678710946,-1.7098377517203063
/Users/harinihegde/Downloads/crowd_panic/Normal/VID-20250924-WA0037_clip_034.mp4,Normal,train,48,30.0,640,360,2.7708333333333335,2.732821979606835,7.0,0.08787451150673037,14.808965754001699,5.779224592738528,21.531896591186523,0.21764073156295946,0.9041685339737129,0.1775942304497981,0.974806261062622,0.004660534017239455,178.1887203832952,143.1024900852753,383.4578369140628,1.2453905370982998
/Users/harinihegde/Downloads/crowd_panic/Normal/VID-20250924-WA0037_clip_035.mp4,Normal,test,48,30.0,640,360,13.770833333333334,7.206014800536809,26.300000000000004,0.31366695614415974,9.689368521913568,5.162801493430381,16.18073501586914,-0.3468449101141491,0.7623938176226108,0.15013799913885809,0.886033546924591,-0.0069099859774774276,157.56747524798965,159.48602398213956,406.0507507324219,-0.36101439383652406
/Users/harinihegde/Downloads/crowd_panic/Normal/VID-20250924-WA0037_clip_036.mp4,Normal,train,48,30.0,640,360,15.729166666666666,5.566789856421344,21.0,0.028278332609639488,3.66948043539169,0.9036374863027351,4.899918079376221,0.0059825195745667956,0.48850128831381495,0.2624030994318313,0.8456461668014527,-0.016380840288276997,114.653159003,151.93474718401973,338.10341796875,0.051187268347170224
/Users/harinihegde/Downloads/crowd_panic/Normal/VID-20250924-WA0037_clip_037.mp4,Normal,train,48,30.0,640,360,44.708333333333336,11.31363177272837,60.0,0.3537776812852793,3.5696727367157632,0.905558155908174,4.5742161750793455,0.0009104998215385598,0.6461062304517056,0.2633903869347249,0.9671928763389588,0.004833964979022767,98.61210423651949,147.10122230848887,283.9630249023439,-0.013637042947940986
/Users/harinihegde/Downloads/crowd_panic/Normal/VID-20250924-WA0037_clip_038.mp4,Normal,train,48,30.0,640,360,48.833333333333336,7.553512795749773,59.0,0.0861919235779414,3.9358387551409133,1.311648224732392,5.679275703430176,-0.0507053823850422,0.4974316724358087,0.23466348271551138,0.856183123588562,-0.014183563455098431,101.80338301682896,152.88548502510065,304.1754150390625,-0.000971274885843431
/Users/harinihegde/Downloads/crowd_panic/Normal/VID-20250924-WA0037_clip_039.mp4,Normal,train,48,30.0,640,360,36.354166666666664,8.23733771548119,48.0,0.15800043421623913,6.30140548564018,2.3765896428723736,10.06246337890625,0.13682775495782373,0.6086880564689636,0.2952757415233776,0.9388676881790161,0.018554690163875488,128.44392405069246,161.83334732491042,377.31581726074205,0.02815558846949348
/Users/harinihegde/Downloads/crowd_panic/Normal/VID-20250924-WA0037_clip_040.mp4,Normal,train,48,30.0,640,360,37.270833333333336,11.479582569598174,54.60000000000001,-0.6669018671298319,9.749979181492582,3.261522896499149,13.222471046447753,0.0710156205404037,0.7241749782511528,0.2519208221106404,0.938574492931366,-0.008332338938825552,146.63538708061213,152.15233715991997,368.0095794677735,0.044572577804799056
/Users/harinihegde/Downloads/crowd_panic/Normal/VID-20250924-WA0037_clip_041.mp4,Normal,train,48,30.0,640,360,80.64583333333333,31.598054781461187,110.70000000000005,1.9913699522362132,8.073920866276355,4.675826697136701,15.692384910583495,-0.31915884853015886,0.8728390906719451,0.09567205168944293,0.9742584466934204,-0.006258519592106511,143.2140833364495,154.22509150473323,384.8570190429687,-0.026513168476920344
/Users/harinihegde/Downloads/crowd_panic/Normal/VID-20250924-WA0037_clip_042.mp4,Normal,test,48,30.0,640,360,92.25,16.751243734919107,113.30000000000001,-0.9525618758141581,2.7456950012673724,1.4211105227186498,4.187314987182616,0.0792214095413299,0.7641615753478193,0.08494619320856972,0.8591044068336486,0.001855391909081458,113.81146346650034,148.84788824703242,338.1746032714843,0.01209985577563089
/Users/harinihegde/Downloads/crowd_panic/Normal/VID-20250924-WA0037_clip_043.mp4,Normal,train,48,30.0,640,360,54.125,19.751186673210295,77.0,-1.3203430308293547,11.69551195996873,2.366186015020966,14.37414093017578,0.02126222562172369,0.9508301679124224,0.020339689767392505,0.9773773789405823,7.417121907277584e-05,142.2323002222959,142.4159172870873,337.94303588867234,-0.00039937275804253055
/Users/harinihegde/Downloads/crowd_panic/Normal/VID-20250924-WA0037_clip_044.mp4,Normal,train,48,30.0,640,360,25.916666666666668,4.590902840279774,32.300000000000004,0.06654363873208828,5.786327047550932,1.9806386466178703,9.038661575317382,-0.11062219838209437,0.7981844607819902,0.1790127742509399,0.9706075668334961,0.0004973592103961355,113.90198113649122,136.11027865764652,282.35661926269535,-0.01615839697040808
/Users/harinihegde/Downloads/crowd_panic/Normal/VID-20250924-WA0037_clip_045.mp4,Normal,test,48,30.0,640,360,43.1875,14.163709863003172,61.0,0.9453430308293527,7.357449582282533,2.657168303732913,10.449790954589844,0.13291207275712633,0.9489327161870105,0.04822299062070394,0.9809511065483093,0.0023386782167908525,131.83382882041624,141.26906928937524,323.9892211914063,0.01464949393188074
/Users/harinihegde/Downloads/crowd_panic/Normal/VID-20250924-WA0037_clip_046.mp4,Normal,test,48,30.0,640,360,66.41666666666667,17.751564876245574,87.60000000000001,0.28408597481545755,2.9590103157023164,2.0205311867951408,5.645748710632324,-0.0853397658544486,0.7201670259237289,0.27334018029815926,0.9433638691902161,-0.016615060227858473,97.02879694496247,149.44854384545036,300.66253662109375,-0.004080766191342723
/Users/harinihegde/Downloads/crowd_panic/Normal/VID-20250924-WA0037_clip_053.mp4,Normal,test,48,30.0,640,360,23.291666666666668,9.75952170389968,38.300000000000004,-0.5976986539296568,1.9028120789122074,1.7394104323111377,2.45272421836853,-0.01684729259368117,0.5327349964608538,0.10059568009518903,0.6647013425827026,-0.0015796869062748723,83.06018276747076,140.5673723931879,249.67093200683593,-0.06400487906382855
/Users/harinihegde/Downloads/crowd_panic/Normal/VID-20250924-WA0037_clip_054.mp4,Normal,train,48,30.0,640,360,14.166666666666666,2.710575994548432,17.0,-0.06806339557099454,4.838390863956289,4.839645661559814,12.918992233276366,0.28817894057500815,0.4681444731640055,0.14600053879288188,0.6327232956886292,0.006110446701200197,95.56184049907175,137.1825931568064,251.8348663330077,0.2479649378522368
/Users/harinihegde/Downloads/crowd_panic/Normal/VID-20250924-WA0037_clip_055.mp4,Normal,train,48,30.0,640,360,19.625,12.467666515163668,39.90000000000001,0.7704081632653063,9.932955270117901,5.808237148574116,16.816037750244142,-0.38820559206822747,0.5996052686204302,0.1123001134154427,0.736950409412384,0.0022156364547224906,154.18569101825315,186.4430641076499,476.05043334960965,-0.2904965287457262
/Users/harinihegde/Downloads/crowd_panic/Normal/VID-20250924-WA0037_clip_056.mp4,Normal,train,48,30.0,640,360,30.708333333333332,7.958115180256078,41.0,-0.3398827616152847,3.285694813474696,1.5124024443517872,5.001206874847412,0.04467718662292621,0.5062613281163764,0.20420020684023135,0.7533992409706116,-0.006893542399638559,85.60868495070424,152.21337103120743,277.2910461425781,0.025850932513572053
/Users/harinihegde/Downloads/crowd_panic/Normal/VID-20250924-WA0037_clip_057.mp4,Normal,train,48,30.0,640,360,43.020833333333336,8.675851503198723,54.300000000000004,0.4734585323491095,0.436458058179693,0.0781501387113676,0.5353522658348083,-0.0016747094745938108,0.4325663822286941,0.14744723213562955,0.6180422306060791,-0.003975548333454801,81.98309696134275,153.60690902005572,314.32241210937497,-0.0010473511776146881
/Users/harinihegde/Downloads/crowd_panic/Normal/VID-20250924-WA0037_clip_058.mp4,Normal,train,48,30.0,640,360,23.0625,8.921897803531863,36.300000000000004,-0.5192683456361273,4.773692461404394,3.47769296000691,8.280414199829101,0.19242005676003548,0.466398316019393,0.09625893442198619,0.5742523670196533,-0.002700241954581921,108.93349621048179,163.43434406614472,347.86090087890597,0.13573798758037584
/Users/harinihegde/Downloads/crowd_panic/Normal/VID-20250924-WA0037_clip_059.mp4,Normal,train,48,30.0,640,360,11.0,4.523088915037303,18.0,-0.23979591836734696,9.57039355724416,2.7104512543984542,12.843385124206543,-0.09595358266971593,0.5160135075132898,0.1812744833099231,0.8095532178878784,0.005663126672615509,172.2589825965956,146.1559766327706,362.57142944335936,-0.08843534321090232
/Users/harinihegde/Downloads/crowd_panic/Normal/VID-20250924-WA0037_clip_060.mp4,Normal,test,48,30.0,640,360,7.166666666666667,1.404358295529393,9.0,0.035171515414676426,3.31361242304457,2.0652767290636076,4.73087086677551,-0.0613629506430506,0.6098252490479895,0.2275480956661758,0.8699565649032592,0.006320099481601178,54.32011643938116,85.18794521005927,92.14822006225586,-0.2133141895107386
/Users/harinihegde/Downloads/crowd_panic/Normal/VID-20250924-WA0037_clip_061.mp4,Normal,train,48,30.0,640,360,7.208333333333333,1.4994211846205485,9.0,0.053734259661311234,2.0215048891432743,0.45043646368050955,2.73476243019104,0.013841200575136017,0.35190580785274506,0.11589707098158934,0.5035674870014191,-0.000824318142482021,42.41362702450483,63.7343530450335,73.78557586669922,0.0269646679235919
/Users/harinihegde/Downloads/crowd_panic/Normal/VID-20250924-WA0037_clip_062.mp4,Normal,train,48,30.0,640,360,10.666666666666666,2.452323161593694,14.300000000000004,0.09096830221450267,1.507161980613749,2.0266233432888354,2.3078271389007567,-0.052905323209583924,0.7521934997528157,0.09857900080842613,0.8361695647239685,-0.00010473740172539729,41.6848745393055,93.27923421808177,65.68379516601563,-0.04917607889351588
/Users/harinihegde/Downloads/crowd_panic/Normal/VID-20250924-WA0037_clip_063.mp4,Normal,train,48,30.0,640,360,8.041666666666666,5.070167376154581,15.0,-0.3327181936604433,7.932634441142387,5.814059778844334,15.460821533203125,0.3459765029369848,0.6642060203755156,0.22956985519503284,0.8299580097198487,-0.012904666116070013,92.68939642491385,117.91795101969053,234.51733703613277,0.26152938191058495
/Users/harinihegde/Downloads/crowd_panic/Normal/VID-20250924-WA0037_clip_064.mp4,Normal,train,48,30.0,640,360,6.375,3.2185982973959333,10.0,0.13580112896222318,9.112324800897152,5.148788965207053,16.937094879150386,-0.3460516849951432,0.6412228767145821,0.18141310834914645,0.7721058845520019,0.008837859854911987,112.10008351955008,126.28665214595489,224.0195068359375,-0.5437926349756118
/Users/harinihegde/Downloads/crowd_panic/Normal/VID-20250924-WA0037_clip_065.mp4,Normal,train,48,30.0,640,360,6.854166666666667,2.0102817312229866,10.0,0.03403169778549716,5.565808633540539,2.657506761240016,7.827651596069335,0.06301948900966046,0.6952537824498847,0.24135516662643394,0.9315408825874328,0.0036871331855034507,101.56899497991623,129.70281470473506,216.12470550537128,-0.017073818383825327
/Users/harinihegde/Downloads/crowd_panic/Normal/VID-20250924-WA0037_clip_066.mp4,Normal,train,48,30.0,640,360,7.125,2.488515286939852,10.0,0.09053408597481534,2.610208269129408,1.9582159183396184,3.862675428390502,-0.0666113273963456,0.6694765442863424,0.15750367279717548,0.8522597432136536,0.007515615708677998,74.07456126445678,141.93990726575748,164.34287719726623,-0.10401647150098733
/Users/harinihegde/Downloads/crowd_panic/Normal/VID-20250924-WA0037_clip_067.mp4,Normal,train,48,30.0,640,360,10.458333333333334,7.100347213732266,20.300000000000004,-0.30351715154146786,10.457679978076447,4.424433327742449,14.471283340454102,0.2010711845661842,0.4616208946768274,0.17752252340169997,0.7037333369255065,-0.010653477421445658,149.97824589510512,147.91968609465113,307.59124755859375,0.3326036271874311
/Users/harinihegde/Downloads/crowd_panic/Normal/VID-20250924-WA0037_clip_068.mp4,Normal,train,48,30.0,640,360,6.333333333333333,4.972144630058766,14.0,0.2542336083369518,5.963657944760424,2.353235181399478,8.95675277709961,0.040429660352593176,0.5572889180893593,0.18536584345307192,0.7924798965454101,0.004216635277517192,130.6618380973433,146.1430799931933,311.0475646972661,0.003169489956803845
/Users/harinihegde/Downloads/crowd_panic/Normal/VID-20250924-WA0037_clip_069.mp4,Normal,train,48,30.0,640,360,5.854166666666667,2.3978252589007027,9.0,0.05519973947025611,11.964673514061786,3.9525130338865515,16.560052490234376,-0.05975948658726147,0.45110766391487833,0.17833573654778798,0.6714573860168457,0.0001437365035220625,155.56394091461385,153.08948540090464,334.435986328125,0.21606985575949644
/Users/harinihegde/Downloads/crowd_panic/Normal/VID-20250924-WA0037_clip_070.mp4,Normal,train,48,30.0,640,360,4.854166666666667,2.8722057677370927,8.300000000000004,-0.14312852800694756,4.853228457430576,2.241910949099153,7.780362510681152,0.04993412488594195,0.6849700561229218,0.168483759990823,0.8332553148269654,0.0033267077151599945,103.81052001904358,146.92095729989725,283.7734680175781,-0.0616700556211056
/Users/harinihegde/Downloads/crowd_panic/Normal/VID-20250924-WA0037_clip_071.mp4,Normal,train,48,30.0,640,360,1.625,1.0532687216470449,3.0,-0.02507598784194531,9.104511098658785,3.1627306113559253,13.411337852478027,-0.10045601464773521,0.7913199536343838,0.130530294428716,0.9483399391174316,0.003271049896563567,140.24734206277816,77.13811159508008,250.98585510253906,-0.926139673387355
/Users/harinihegde/Downloads/crowd_panic/Normal/VID-20250924-WA0037_clip_072.mp4,Normal,train,48,30.0,640,360,4.395833333333333,2.2242937393448936,6.300000000000004,0.08201259227095091,8.705457606214159,2.6421295659350177,11.866170883178711,-0.1665827435106177,0.6827293735869387,0.12464772790441608,0.7998696804046631,0.0012491424942766515,117.08893526258645,102.84453582211218,183.4012847900391,-0.05947128895873798
/Users/harinihegde/Downloads/crowd_panic/Normal/VID-20250924-WA0037_clip_073.mp4,Normal,train,48,30.0,640,360,5.270833333333333,2.0385818532063467,8.0,0.026432913590968228,3.7047069529269603,2.169439724749785,5.424506855010986,-0.07735701849568671,0.7870602480908657,0.08506069532797012,0.8912922382354737,0.0027100895561629405,51.69587022361189,75.24576539961433,78.51949081420898,-0.23780396610346582
/Users/harinihegde/Downloads/crowd_panic/Normal/VID-20250924-WA0037_clip_074.mp4,Normal,train,48,30.0,640,360,5.708333333333333,1.5540046832476262,8.0,-0.012049500651324386,1.8985967147857585,0.8098896068915837,2.993960332870483,0.02600941431745682,0.6092743736077496,0.2121556900991943,0.8168845891952514,-0.0065455923570280315,36.032734104201324,90.83393469471017,41.446594619751004,-0.10729934313045776
/Users/harinihegde/Downloads/crowd_panic/Normal/VID-20250924-WA0037_clip_075.mp4,Normal,train,48,30.0,640,360,5.3125,2.678278753851685,9.0,-0.11371037776812873,3.6847603435211993,2.2049851813913337,6.27727689743042,-0.03345690362989401,0.697453887380184,0.2134028580531618,0.9137045979499817,-0.004257021913827007,71.048909394252,106.41696761249632,119.45415191650389,-0.05941819094209297
/Users/harinihegde/Downloads/crowd_panic/Normal/VID-20250924-WA0037_clip_076.mp4,Normal,train,48,30.0,640,360,3.2916666666666665,1.2576156893988808,5.0,-0.034303082935301855,4.864887597713064,2.6167089693104937,8.666393280029295,0.054405190457247884,0.7241126368654535,0.15822685136448641,0.8881736755371094,0.0018563569419148135,102.09979420094217,149.7896638675045,291.87532348632834,-0.631630393778021
/Users/harinihegde/Downloads/crowd_panic/Normal/VID-20250924-WA0037_clip_077.mp4,Normal,train,48,30.0,640,360,4.0,2.0207259421636903,7.0,0.03821102909248801,11.050607374373902,6.969520608837847,17.722642517089845,-0.33546304395362037,0.7021251891521697,0.2035394191637713,0.9437390804290772,0.006652942104790642,110.80273429527404,155.13420520682982,371.5476257324219,-1.6990989037899857
/Users/harinihegde/Downloads/crowd_panic/Normal/VID-20250924-WA0037_clip_078.mp4,Normal,train,48,30.0,640,360,4.375,0.5636562191028618,5.0,-0.00575336517585764,1.6985927664853158,0.8225283711123624,2.4879623413085934,0.0310051864535168,0.7483517635375896,0.21716499288673213,0.9878410816192627,0.005754588028824411,21.823336893692613,20.896366875692863,37.16359596252441,0.08198429507690015
/Users/harinihegde/Downloads/crowd_panic/Normal/VID-20250924-WA0037_clip_079.mp4,Normal,train,48,30.0,640,360,2.875,2.097865979195684,6.0,0.01574033868866689,7.145191570545765,4.562810241974974,15.323816108703612,0.25405858526011516,0.7409314075683026,0.1947969503802599,0.940038800239563,0.00993496139260711,133.81828925633195,146.94119399288172,279.99237060546875,2.5678201523671396
/Users/harinihegde/Downloads/crowd_panic/Normal/VID-20250924-WA0037_clip_080.mp4,Normal,train,48,30.0,640,360,8.0625,6.70635969932024,19.0,0.3985562310030395,10.383045349983458,5.777934168684666,16.860820007324218,-0.3896211633987716,0.6478259593565413,0.2346186138931009,0.8804696083068848,-0.0024973267963316246,159.1574066314664,182.67090884625952,459.67620849609375,-0.7846419152267817
/Users/harinihegde/Downloads/crowd_panic/Normal/VID-20250924-WA0037_clip_081.mp4,Normal,train,48,30.0,640,360,25.541666666666668,7.656583042643036,35.0,0.12603126356925737,3.0611781845701502,1.4215819695915257,4.325428581237793,0.08758249402625158,0.8204607583106832,0.13551195705924698,0.9666811943054199,0.008981140170187783,110.36689818849601,157.2372890956814,349.4947021484379,0.09840196978465539
/Users/harinihegde/Downloads/crowd_panic/Normal/VID-20250924-WA0037_clip_082.mp4,Normal,test,48,30.0,640,360,16.5625,11.284034167058044,29.300000000000004,-0.417770299609206,11.538494231853079,3.3670838623439896,16.200777435302733,0.09898771278070813,0.5846008596585152,0.30000309800709846,0.9417707085609436,-0.011103101495987663,183.8338969460822,167.2184087075638,448.03554077148436,0.04061608922514197
/Users/harinihegde/Downloads/crowd_panic/Normal/VID-20250924-WA0037_clip_083.mp4,Normal,train,48,30.0,640,360,5.458333333333333,1.9786183450972943,8.0,0.03224055579678673,10.802225944843698,5.46038524083183,17.312873077392577,-0.3859243872097309,0.5844300566835606,0.11232371395934006,0.7278378129005432,-0.0003515354337844423,134.72403961069443,119.57054694534463,296.50250244140625,-0.4956021777284731
/Users/harinihegde/Downloads/crowd_panic/Normal/VID-20250924-WA0037_clip_084.mp4,Normal,train,48,30.0,640,360,9.729166666666666,3.6670809425057542,14.0,-0.1805796786799829,12.6773842091256,4.864653282017825,17.680745315551757,0.29992428816213984,0.6841313550446896,0.1867897884570518,0.8764922499656677,-0.006920885727167898,149.32034175943258,131.12516727835234,325.25433349609364,0.31953393705137745
/Users/harinihegde/Downloads/crowd_panic/Normal/VID-20250924-WA0037_clip_085.mp4,Normal,train,48,30.0,640,360,7.604166666666667,3.2834152908552734,11.600000000000009,-0.015577507598784311,11.409456577706845,4.010202210476014,16.94317054748535,0.018439422924137184,0.6407022992981241,0.17379746257130227,0.8315545320510864,-0.0007767245383669518,171.6417737268422,164.0118459643229,454.2287658691409,-0.24009119686147187
/Users/harinihegde/Downloads/crowd_panic/Normal/VID-20250924-WA0037_clip_086.mp4,Normal,test,48,30.0,640,360,9.395833333333334,3.1340840191176893,13.0,0.07169995657837601,11.328675310662453,2.5563142158389596,14.138776779174805,-0.08104310925639857,0.4904082239942348,0.16428821543541278,0.6869210720062255,0.0033499137097823244,170.59725256291588,151.04256390916234,393.59942626953125,-0.21626726032549884
/Users/harinihegde/Downloads/crowd_panic/Normal/VID-20250924-WA0037_clip_087.mp4,Normal,test,48,30.0,640,360,7.333333333333333,3.050500869620521,11.300000000000004,0.16966999565783758,10.118106324621971,3.4607715049446246,14.837744903564452,-0.19104971139106777,0.34702611175623344,0.14809926193885964,0.5410219073295593,0.0026007294241308047,135.73348932853642,122.80828621803212,270.34608459472656,-0.047854576794923
/Users/harinihegde/Downloads/crowd_panic/Normal/VID-20250924-WA0037_clip_088.mp4,Normal,train,48,30.0,640,360,9.291666666666666,2.5897098722100553,12.0,-0.034085974815458255,8.947467981500829,4.484473336521564,13.710683250427246,0.009614202639331052,0.7670522034168243,0.17204067908537768,0.9165728211402893,-0.0010055928223117608,135.47582394940326,136.6897791059475,293.7987915039063,-0.011426856251794815
/Users/harinihegde/Downloads/crowd_panic/Normal/VID-20250924-WA0037_clip_089.mp4,Normal,train,48,30.0,640,360,6.229166666666667,2.583921304056212,10.0,-0.13683239253148083,6.496621246033526,2.997725043698197,10.302208137512206,0.20177983218988377,0.8676223044699811,0.03814063208576268,0.9209392309188843,0.0015618124568385302,102.11311334008757,118.01806298678936,245.98359069824212,0.35939981854535485
/Users/harinihegde/Downloads/crowd_panic/Normal/VID-20250924-WA0037_clip_090.mp4,Normal,train,48,30.0,640,360,2.9166666666666665,1.1873172373979173,5.0,-0.020299609205384303,12.95462577900988,2.939245517361735,16.66734046936035,0.14973403269444013,0.716385969773252,0.1517262097956485,0.9081740140914917,-0.0074083892547566,98.02985197810803,90.81394652275321,177.1217590332031,0.2395958923107687
/Users/harinihegde/Downloads/crowd_panic/Normal/VID-20250924-WA0037_clip_091.mp4,Normal,train,48,30.0,640,360,8.4375,3.1084980966162203,13.0,0.10100955275727307,5.899202965675516,2.700498731484792,9.38328685760498,-0.08673441818089082,0.567064827426951,0.11823198436458753,0.6942367076873779,-0.001563703346649436,93.48702319213963,121.2681311875793,196.52243957519528,-0.10129039763819114
/Users/harinihegde/Downloads/crowd_panic/Normal/VID-20250924-WA0037_clip_092.mp4,Normal,train,48,30.0,640,360,7.833333333333333,2.896357866163794,12.300000000000004,0.12483716891011715,12.581240367382131,6.093462061426802,19.914144897460936,-0.3060640598010618,0.7205264999511394,0.1599520724182198,0.8677456974983215,-0.004501886238498234,131.35014902310283,126.02393107849844,288.02524719238284,0.014141116923946715
/Users/harinihegde/Downloads/crowd_panic/Normal/VID-20250924-WA0037_clip_093.mp4,Normal,test,48,30.0,640,360,10.625,2.990436144333019,14.0,-0.058076422058185015,9.313448728399074,4.678188140294885,15.183316421508788,0.31161925637755106,0.6395005203307943,0.21182674309659755,0.8287553429603577,-0.012193004206980844,141.72448443637953,157.36685418087563,326.7654052734378,0.2925255145570446
/Users/harinihegde/Downloads/crowd_panic/Normal/VID-20250924-WA0037_clip_094.mp4,Normal,train,48,30.0,640,360,5.9375,1.8303716608018894,9.0,0.06431828050369078,9.408993350698593,4.170155387720327,15.236962890625,-0.2457271486824028,0.31371080764430637,0.1616607694467751,0.5566983461380003,0.008035823372843143,170.79218540333827,165.02757774843838,425.9291900634768,-0.6381539848077158
/Users/harinihegde/Downloads/crowd_panic/Normal/VID-20250924-WA0037_clip_095.mp4,Normal,train,48,30.0,640,360,4.25,2.358495283014151,7.0,-0.09465914025184548,6.880844998866953,1.859227232177991,9.394852828979491,0.028561772239307497,0.752379224655476,0.07577410910682454,0.8431398749351502,-0.0020915828748613837,98.58936058458431,123.3445320026865,123.08282928466797,-0.47557877200340776
/Users/harinihegde/Downloads/crowd_panic/Normal/VID-20250924-WA0037_clip_096.mp4,Normal,train,48,30.0,640,360,6.958333333333333,3.662639834266476,11.300000000000004,-0.06404689535388629,5.528301746287244,2.1483724231604424,7.633935165405273,-0.060425470718402215,0.7569723978955695,0.15728142352836721,0.8854855895042419,-0.0006181122312989052,79.56464155687802,85.12660823135565,136.1265869140625,0.24902504134339074
/Users/harinihegde/Downloads/crowd_panic/Normal/VID-20250924-WA0037_clip_097.mp4,Normal,train,48,30.0,640,360,2.0,1.399404635312222,4.0,-0.06100738167607475,2.166383854886319,1.0264699445401948,3.2528671741485593,-0.0640938480786986,0.4819030634900357,0.18299394404251984,0.7144188165664672,0.0070604943100855844,88.49850684849184,111.49289874459772,191.44955444335938,-1.8964799343802248
/Users/harinihegde/Downloads/crowd_panic/Normal/VID-20250924-WA0037_clip_098.mp4,Normal,train,48,30.0,640,360,5.354166666666667,5.46385693799617,14.0,0.2947785497177595,3.230887969757648,3.9545723512987547,9.555081558227538,0.23147369397047715,0.7254266185646362,0.16718151877656862,0.8497536182403564,0.0019982393760368533,106.57322256126214,138.4705430233252,242.08421325683594,0.35843740355550957
/Users/harinihegde/Downloads/crowd_panic/Normal/VID-20250924-WA0037_clip_099.mp4,Normal,train,48,30.0,640,360,7.854166666666667,3.3787915944741087,12.300000000000004,-0.018399913156752108,15.415934867047248,1.9723403746329915,17.634724807739257,-0.0067881646804737955,0.6388208742471452,0.17368021972147069,0.8441338062286377,-0.0008418992158304617,268.8579120312097,182.96100401109348,589.4326416015625,0.3200159359104961
/Users/harinihegde/Downloads/crowd_panic/Normal/VID-20250924-WA0037_clip_100.mp4,Normal,test,48,30.0,640,360,8.604166666666666,4.419368277505534,15.0,0.23355405992184108,11.354387062661191,6.902089898362334,17.784565353393553,-0.39074686144812043,0.7468325806424972,0.18196830981278656,0.9268038272857666,-0.008377929334421039,115.29068286855657,137.18700622938977,259.28574829101564,-0.4019455805169034
/Users/harinihegde/Downloads/crowd_panic/Normal/VID-20250924-WA0037_clip_101.mp4,Normal,train,48,30.0,640,360,4.8125,5.603779416608045,14.0,-0.33070994355188904,12.36377519242307,3.6153878379761233,17.263487243652342,0.1350387207453832,0.8054705477775411,0.12836822798322875,0.9176146149635315,0.0016028390340955083,126.14285104363053,139.39596472709633,273.7474914550784,0.6383790688979271
/Users/harinihegde/Downloads/crowd_panic/Normal/VID-20250924-WA0037_clip_102.mp4,Normal,train,48,30.0,640,360,3.875,1.653594569415369,6.0,-0.045592705167173356,10.973033478919495,2.804986162776837,14.63162727355957,0.14648867441921964,0.7113809788480718,0.20026723570999025,0.9310038208961486,-0.009987132942560742,142.68167821466923,151.42276474237318,334.19283752441396,1.0826481625474411
/Users/harinihegde/Downloads/crowd_panic/Normal/VID-20250924-WA0037_clip_103.mp4,Normal,train,48,30.0,640,360,3.5208333333333335,1.7076980526102643,5.300000000000004,0.04846938775510203,4.46340644486407,4.145318587301996,11.21395435333252,-0.2064626649035887,0.7000861050600701,0.14265005165000688,0.8749675989151,0.004796849822179248,94.40238662499648,138.48711750299827,205.53936920166035,-0.19752702750258944
/Users/harinihegde/Downloads/crowd_panic/Normal/VID-20250924-WA0037_clip_104.mp4,Normal,train,48,30.0,640,360,4.666666666666667,2.2016408022704845,8.0,0.03549717759444199,11.755407363810438,3.3758440633317073,15.759968376159668,0.09399314013815503,0.7134614333193353,0.2651450566894833,0.947279977798462,-0.01686556241324276,134.2111421948985,130.48452642554173,272.06091613769536,0.8595823289798621
/Users/harinihegde/Downloads/crowd_panic/Normal/VID-20250924-WA0037_clip_105.mp4,Normal,train,48,30.0,640,360,9.416666666666666,4.795107460271933,15.300000000000004,0.256838905775076,6.590695396382758,4.064001123159851,12.630821990966798,-0.2566862193993349,0.4342934966404387,0.17317958602291686,0.622230327129364,-0.008340214862454612,79.19143770655103,115.97241018856674,199.951025390625,-0.29500741949523723
/Users/harinihegde/Downloads/crowd_panic/Normal/VID-20250924-WA0037_clip_106.mp4,Normal,test,48,30.0,640,360,11.708333333333334,1.9574466077577244,15.0,-0.0704515848892749,5.430190598711055,1.442196712250401,7.663387775421143,0.043830026116887244,0.397045705229678,0.17137007533094575,0.5635266423225402,0.001667487747781155,117.21791537803027,159.15558154131605,358.5334167480469,-0.11519754250308901
/Users/harinihegde/Downloads/crowd_panic/Normal/VID-20250924-WA0037_clip_107.mp4,Normal,test,48,30.0,640,360,11.604166666666666,1.9657439572730615,14.0,0.0415219279201039,8.267040323703847,2.6147424290160686,11.92458553314209,0.04380758132899286,0.8051645911120354,0.2552970190832946,0.9592525959014893,0.014165407536029273,128.11320467486823,118.9911091768117,235.91413879394537,-0.10570647720705315
/Users/harinihegde/Downloads/crowd_panic/Normal/VID-20250924-WA0037_clip_108.mp4,Normal,test,48,30.0,640,360,10.395833333333334,2.0487758879118254,13.0,0.1218519322622665,6.121460711702388,1.5329963873042567,8.40411376953125,-0.031076239172117624,0.7324594107080014,0.1416685632655347,0.8778074026107788,-0.008270509699557688,71.02388320388667,94.60827484246181,116.5774200439453,0.017117436895827953
/Users/harinihegde/Downloads/crowd_panic/Normal/VID-20250924-WA0037_clip_109.mp4,Normal,train,48,30.0,640,360,17.208333333333332,2.9008499712249094,20.0,0.11485019539730762,4.543734291766552,0.8317058528529729,5.461824893951416,-0.021866282884110796,0.6571732765816628,0.1820464150810076,0.8691153407096863,0.0016612997183801986,95.30929352359826,137.27622039352394,243.83596191406247,0.00962978838844469
/Users/harinihegde/Downloads/crowd_panic/Normal/VID-20250924-WA0037_clip_110.mp4,Normal,train,48,30.0,640,360,25.5625,6.741989845982664,35.0,0.3547003907946157,3.976520036129241,1.8085911535492756,6.3280518531799315,0.08119257876544393,0.8489504038019383,0.1334045349360015,0.955385160446167,0.004941800779815521,108.22031450430099,151.52265375973374,323.3020812988282,0.03041326223882288
/Users/harinihegde/Downloads/crowd_panic/Normal/VID-20250924-WA0037_clip_111.mp4,Normal,train,48,30.0,640,360,35.479166666666664,4.448733824234586,41.300000000000004,-0.03468302214502908,6.80429052799306,4.44709545537957,13.464831352233887,0.2875431891286076,0.9449714942181364,0.0439969284264301,0.9848631858825684,0.002324898013023189,122.15671938133498,147.69610959649364,332.3312896728515,0.055549005681616255
/Users/harinihegde/Downloads/crowd_panic/Normal/VID-20250924-WA0037_clip_112.mp4,Normal,train,48,30.0,640,360,18.833333333333332,6.548960901462833,28.0,-0.3639817629179334,10.011390239634412,3.0051812875580004,14.092875480651855,-0.18258595819499734,0.9719223747862146,0.018688805135577385,0.9874475598335266,-0.0008935632595962897,147.91117024132504,137.90658699734905,335.3577453613281,-0.026330804142722264
/Users/harinihegde/Downloads/crowd_panic/Normal/VID-20250924-WA0037_clip_113.mp4,Normal,train,48,30.0,640,360,15.6875,2.9801863056974587,19.0,-0.04206469821971367,7.499609987786475,2.2221643025793716,10.558148765563965,0.06950962267795391,0.8601219438491984,0.068423921005737,0.9712270021438598,-0.004218265062730474,165.72643705751258,154.97706946984155,388.3190612792969,0.13537662813181384
/Users/harinihegde/Downloads/crowd_panic/Normal/VID-20250924-WA0037_clip_114.mp4,Normal,train,48,30.0,640,360,23.8125,9.047689046565058,35.300000000000004,0.4953864524533216,11.971157784157612,1.6329289873853112,14.028761291503907,-0.03758149837366839,0.9348008404386804,0.048761449543622916,0.9728431105613708,0.0021312769905601175,159.7311845868029,161.54472590109722,397.31284179687503,-0.07109027388278889
/Users/harinihegde/Downloads/crowd_panic/Normal/VID-20250924-WA0037_clip_115.mp4,Normal,test,48,30.0,640,360,24.958333333333332,4.247343941283253,29.300000000000004,0.005102040816326314,5.355528344499304,2.85440831426096,10.255580711364745,-0.17078202075146603,0.5719658526334357,0.2931765802286945,0.9576759457588195,-0.017688902231083208,102.46275532003762,145.14499252458344,304.794482421875,-0.09779770741697075
/Users/harinihegde/Downloads/crowd_panic/Normal/VID-20250924-WA0037_clip_116.mp4,Normal,train,48,30.0,640,360,17.25,5.666053888436525,24.300000000000004,-0.3505210594876253,6.735772279982871,2.276061195195786,9.746195030212402,-0.012810428477789201,0.7018201110210824,0.19377713955831682,0.9207722306251526,-0.0002164691652168759,100.00227094098352,127.7840298787914,216.78440856933594,0.005578874465190832
/Users/harinihegde/Downloads/crowd_panic/Normal/VID-20250924-WA0037_clip_117.mp4,Normal,train,48,30.0,640,360,12.145833333333334,2.1888884482515065,15.0,0.0740881458966565,6.514943528682627,4.18726653666174,11.628228950500487,0.23407728018912874,0.6962912339479366,0.25993954418614196,0.9543484568595886,0.016965062153300795,95.42662015313768,102.52309822421805,169.39973602294918,0.2782413662874382
/Users/harinihegde/Downloads/crowd_panic/Normal/VID-20250924-WA0037_clip_118.mp4,Normal,train,48,30.0,640,360,21.958333333333332,3.685321861414851,27.0,0.05992184107685598,6.705502043379114,1.4817836772369353,8.351464462280273,-0.022075680369695636,0.8401219400953739,0.11301670106860745,0.9652648448944092,-0.006309547060954128,124.94763148063188,149.418729331591,345.4449035644532,-0.018624652026412187
/Users/harinihegde/Downloads/crowd_panic/Normal/VID-20250924-WA0037_clip_119.mp4,Normal,train,48,30.0,640,360,25.395833333333332,13.108107515537432,50.300000000000004,0.7141228831958315,6.894272012913481,2.3075043315385617,9.844605827331543,0.10556364602561802,0.7149261743464368,0.1970684496292782,0.9126729846000672,0.012375481261300562,121.20670084906207,143.29552763973152,332.1295776367189,0.07039141160996877
/Users/harinihegde/Downloads/crowd_panic/Normal/VID-20250924-WA0037_clip_120.mp4,Normal,test,48,30.0,640,360,45.25,8.161137584103498,55.0,0.3227312201476333,4.496604523760207,1.0769126678706242,6.025326538085937,-0.0472082772208627,0.8455479626959943,0.0852747654374275,0.930346667766571,-0.00022584181296174781,116.82399813431601,156.566842580631,345.14967346191406,-0.021595837686512784
/Users/harinihegde/Downloads/crowd_panic/Normal/VID-20250924-WA0037_clip_121.mp4,Normal,train,48,30.0,640,360,31.729166666666668,12.156513314771724,48.300000000000004,-0.7816435084672175,8.743487672602877,1.6114848125109829,10.556231689453124,0.006732943706441883,0.8595163226127625,0.032305164644773454,0.9045614242553711,-0.0004882193571103023,134.8294315795597,133.1662446543004,292.41927490234383,0.023240823867521996
/Users/harinihegde/Downloads/crowd_panic/Normal/VID-20250924-WA0037_clip_122.mp4,Normal,test,48,30.0,640,360,24.229166666666668,9.154324076935204,41.0,0.4299283543204511,8.79137244884004,5.77360977256661,16.08689785003662,0.38189029704631205,0.8412033129245677,0.04932501719616893,0.911830461025238,0.0024637519748094056,147.77399549521655,149.7371715723846,338.7603942871095,0.1430583467144242
/Users/harinihegde/Downloads/crowd_panic/Normal/VID-20250924-WA0037_clip_123.mp4,Normal,train,48,30.0,640,360,28.020833333333332,10.976280455549999,42.60000000000001,-0.6339014329135918,11.624001005862622,5.010607388973095,18.305625915527344,-0.3492125105681407,0.914419616790528,0.06927786665218068,0.9870389342308045,0.0006427966285700282,193.72345975786448,158.01842062004488,450.18169860839845,-0.035639586228401396
/Users/harinihegde/Downloads/crowd_panic/Normal/VID-20250924-WA0037_clip_124.mp4,Normal,train,48,30.0,640,360,24.875,5.815299505041279,33.300000000000004,0.1008467216673902,4.758811849228879,1.3152016342476827,6.5583240509033205,-0.05699249669206462,0.533107246331712,0.2591376170092209,0.8328414916992187,-0.017917192273124504,120.89463543577561,155.51151504072226,353.60032653808594,-0.07531114752122041
/Users/harinihegde/Downloads/crowd_panic/Normal/VID-20250924-WA0037_clip_125.mp4,Normal,train,48,30.0,640,360,31.791666666666668,13.869868921114175,50.60000000000001,0.8687581415544938,7.269445480184352,3.031066789773707,11.521895217895509,-0.17908155909850562,0.6773055056308178,0.1716179184833117,0.8861379981040954,0.0034746527120429723,130.8795297246604,160.47453113873743,383.92571105957063,0.011875352491883519
/Users/harinihegde/Downloads/crowd_panic/Normal/VID-20250924-WA0037_clip_126.mp4,Normal,train,48,30.0,640,360,26.4375,11.891709734797038,42.0,-0.6094767694311779,9.188423983594204,3.8767701988842016,13.940997886657714,-0.07255604485468543,0.7677632525880286,0.24814627591308056,0.9826216578483582,-0.00925521130926017,146.8882654072582,162.24635198726273,412.2332946777345,-0.006881248167068682
/Users/harinihegde/Downloads/crowd_panic/Normal/VID-20250924-WA0037_clip_127.mp4,Normal,train,48,30.0,640,360,35.145833333333336,17.340931327513974,55.90000000000001,1.116858445505862,10.26068950713949,4.291726779419086,16.48267478942871,0.2232166712588453,0.7591437193307471,0.203506562613795,0.95645592212677,0.01276450560261926,159.30231180709706,162.17496506404416,411.8950927734375,0.060915339126908705
/Users/harinihegde/Downloads/crowd_panic/Normal/VID-20250924-WA0037_clip_141.mp4,Normal,train,48,30.0,640,360,9.916666666666666,3.121386800054674,13.300000000000004,-0.11452453321754233,7.827499318630137,2.0874401203176967,10.425007438659668,0.10138720858438945,0.462894099823972,0.16111137924429622,0.6778405189514161,-0.0008670164136066164,116.40073068920897,138.8012016122502,267.93074340820317,0.0038159745244145432
/Users/harinihegde/Downloads/crowd_panic/Normal/VID-20250924-WA0037_clip_142.mp4,Normal,train,48,30.0,640,360,12.9375,7.400468031370268,21.900000000000013,0.4812744246634825,10.193558094349314,2.6508889210931903,12.925522422790527,-0.11551332523379472,0.6380141959228414,0.18382688153371948,0.8254039525985718,0.006239596879235524,123.68090406933942,127.70537371532251,261.62183227539066,-0.025779893111068306
/Users/harinihegde/Downloads/crowd_panic/Normal/VID-20250924-WA0037_clip_143.mp4,Normal,train,48,30.0,640,360,19.645833333333332,3.682671037741794,24.0,-0.028169778549718232,5.829809914243982,2.061102963544209,8.423724365234374,-0.10962529514918827,0.46104158857401384,0.1880316160741091,0.699460220336914,-0.0035735637528492726,103.79418134424925,145.94771064123557,299.8869384765629,-0.07733513378043366
/Users/harinihegde/Downloads/crowd_panic/Normal/VID-20250924-WA0037_clip_144.mp4,Normal,train,48,30.0,640,360,19.5,3.685557397915997,24.300000000000004,0.0029309596178893668,4.111664863342934,1.8047083587105408,6.258967781066893,0.04421023783255907,0.49601547705366256,0.15484642193734233,0.7332424044609069,0.003620745012817507,94.74121728988749,146.61075277011943,312.538330078125,0.04692849839741914
/Users/harinihegde/Downloads/crowd_panic/Normal/VID-20250924-WA0037_clip_145.mp4,Normal,train,48,30.0,640,360,16.291666666666668,3.168584945295858,20.0,-0.054494138080764594,9.04252150718202,2.4257857778749923,11.919982719421386,-0.03365039957771688,0.7509111127954848,0.12949998947203692,0.8981045246124267,-0.004305677597000015,141.53251839594077,142.26088488857508,344.87590332031255,0.04105294029335529
/Users/harinihegde/Downloads/crowd_panic/Normal/VID-20250924-WA0037_clip_146.mp4,Normal,train,48,30.0,640,360,11.208333333333334,2.7306770629684904,14.0,0.07642205818497604,6.575502852176098,1.790328852019118,9.482475280761719,-0.057077918308515524,0.7316419520276658,0.14015854941541248,0.8954180836677551,-0.006597664744819788,114.01710486855617,142.91091485917275,291.3173614501955,0.044120234236194524
/Users/harinihegde/Downloads/crowd_panic/Normal/VID-20250924-WA0037_clip_147.mp4,Normal,train,48,30.0,640,360,16.4375,5.780377186366532,24.60000000000001,-0.07148284845853262,8.276030307120465,1.4296581188774722,9.900289916992186,-0.042204143381251044,0.6738703716942605,0.20057399845118076,0.902825403213501,-0.010539047883532302,153.6375735476028,167.81037828801635,415.06064453124986,-0.03553042930212177
/Users/harinihegde/Downloads/crowd_panic/Normal/VID-20250924-WA0037_clip_148.mp4,Normal,test,48,30.0,640,360,27.75,10.421332288468047,44.0,0.19181502388189292,5.152359734190271,1.6954939419288575,7.469045829772949,-0.07286262983640615,0.6566295588904238,0.22150709563623971,0.8830990314483642,0.002914337244894528,126.90567324880841,163.2610871836493,370.98585815429675,-0.025331564989822676
/Users/harinihegde/Downloads/crowd_panic/Normal/VID-20250924-WA0037_clip_149.mp4,Normal,train,48,30.0,640,360,24.1875,4.922974414247278,31.0,0.08016717325227939,4.401320244403595,0.8164480158792213,5.4828270912170405,0.004807168802213709,0.46689718454442125,0.15134525397993642,0.661288571357727,-0.005840487598986892,121.71434588932621,166.27456160152641,390.1441711425781,0.040340297144926256
/Users/harinihegde/Downloads/crowd_panic/Normal/VID-20250924-WA0037_clip_155.mp4,Normal,train,48,30.0,640,360,5.979166666666667,1.8426609307074255,8.0,-0.10285497177594452,0.977090392658051,1.6924787193389519,2.2651773452758786,-0.054679688846797525,0.5414142595168124,0.2073507366771327,0.7746121764183044,-0.005268749602614561,46.8752830152195,92.21879674228552,85.72447967529297,-0.29003759182079764
/Users/harinihegde/Downloads/crowd_panic/Normal/VID-20250924-WA0037_clip_156.mp4,Normal,train,48,30.0,640,360,5.770833333333333,1.2622662049750923,7.0,0.015251845419018651,0.5956832690441862,0.10903101682779788,0.6923404932022095,-0.00313612783911821,0.8181008899465521,0.039642344956107654,0.8585401177406311,-0.0010123403465494094,37.05857242371174,86.91790608180489,62.24777679443359,-0.01823559279748136
/Users/harinihegde/Downloads/crowd_panic/Normal/VID-20250924-WA0037_clip_157.mp4,Normal,train,48,30.0,640,360,18.979166666666668,8.945412193161115,28.60000000000001,0.23637646547980884,4.478874198933865,4.3253774524891355,11.087261772155761,0.2354783599474274,0.5603094002667893,0.17342851173202686,0.7882062673568725,0.0007841471103636053,90.79419003450681,135.19749032394662,222.93739318847656,0.12121020197939913
/Users/harinihegde/Downloads/crowd_panic/Normal/VID-20250924-WA0037_clip_158.mp4,Normal,train,48,30.0,640,360,8.083333333333334,3.0878345522748174,13.0,-0.04950065132435967,11.79217913810243,3.1629364925915806,15.703043937683105,-0.15889273100049256,0.3875607295714794,0.17762494883653518,0.6301739692687988,-0.0032686993473697926,146.59040805810096,125.11644196278634,297.97271728515625,-0.39509754397210123
/Users/harinihegde/Downloads/crowd_panic/Normal/VID-20250924-WA0037_clip_159.mp4,Normal,train,48,30.0,640,360,13.729166666666666,8.962281106888407,28.0,0.3811875814155449,4.370075403375829,3.0702851236736652,9.31944236755371,-0.17973018095765705,0.4753884297022794,0.1442783364492401,0.6341744303703308,-0.0012295878096849797,92.36409495410464,143.37056679906092,285.9127502441408,-0.1392823118285076
/Users/harinihegde/Downloads/crowd_panic/Normal/VID-20250924-WA0037_clip_160.mp4,Normal,test,48,30.0,640,360,25.166666666666668,5.394184110894086,32.0,0.1095310464611373,3.2737272140827587,1.3471919352335897,5.072187137603759,0.08109751331320968,0.6815834299046942,0.11626586382446033,0.8139700770378112,0.005983991174511519,95.01159760678613,135.6193022270958,288.510986328125,0.0407525916301075
/Users/harinihegde/Downloads/crowd_panic/Normal/VID-20250924-WA0037_clip_161.mp4,Normal,train,48,30.0,640,360,44.25,9.67923034130297,55.300000000000004,0.0009769865392967312,3.890901874988637,1.0436758238277868,5.141488647460937,0.03503257405636598,0.5424703086151722,0.2414838350967138,0.8140679478645325,-0.005589705844091852,119.11832195899761,159.800133595179,365.32218322753914,0.01681876968610329
/Users/harinihegde/Downloads/crowd_panic/Normal/VID-20250924-WA0037_clip_162.mp4,Normal,train,48,30.0,640,360,26.3125,4.826818526041075,32.300000000000004,-0.17135258358662625,5.171065954451866,1.0103579205845283,6.569821739196777,0.01937828074441151,0.45784306637150174,0.13966556729116805,0.5907706260681153,-0.00463237164750571,123.44175873352086,148.00374208171147,323.8247924804688,-0.006521721016294484
/Users/harinihegde/Downloads/crowd_panic/Normal/VID-20250924-WA0037_clip_163.mp4,Normal,train,48,30.0,640,360,20.166666666666668,2.756305901423538,23.300000000000004,-0.00857577073382552,6.291245556892233,1.6688603475485801,8.630216026306151,-0.007280638601689479,0.46325473455672567,0.21830441427778136,0.7092578768730163,0.014356916081970157,102.68291238791087,129.3123380823784,253.74352722167978,-0.048473679432750515
/Users/harinihegde/Downloads/crowd_panic/Normal/VID-20250924-WA0037_clip_164.mp4,Normal,train,48,30.0,640,360,21.520833333333332,4.0103490254035945,27.300000000000004,0.0708315240990011,9.199686872198226,2.492254866442126,12.637927627563476,0.006051450443973674,0.8584008407085499,0.09405284935179756,0.96310476064682,0.005520125459896876,181.86055330221993,165.7441103661458,440.15518188476574,0.00747839202453894
/Users/harinihegde/Downloads/crowd_panic/Normal/VID-20250924-WA0037_clip_165.mp4,Normal,train,48,30.0,640,360,13.145833333333334,3.006864253485496,18.0,0.0020082501085538452,9.943495948263939,5.29090444475134,17.716000747680663,0.1793558448690932,0.8917368587027205,0.07155637901336225,0.9659292459487915,-0.0005347796135980849,136.16299692923187,122.62479326602592,268.2940368652344,0.1496383225769871
/Users/harinihegde/Downloads/crowd_panic/Normal/VID-20250924-WA0037_clip_166.mp4,Normal,train,48,30.0,640,360,23.125,7.909975242270568,32.300000000000004,0.3713634389926182,8.152516983925029,2.3486127290984604,10.631317901611327,0.05823492915623723,0.7118811524928884,0.11415149205645743,0.8480423569679261,0.003788289699314044,133.90684679709966,142.53425306567476,329.70032348632816,-0.04949852286380931
/Users/harinihegde/Downloads/crowd_panic/Normal/VID-20250924-WA0037_clip_167.mp4,Normal,train,48,30.0,640,360,24.25,4.120578438358706,29.300000000000004,-0.1816109422492406,6.540797882891716,2.990528449105852,11.657684516906738,-0.12992400372061422,0.7263999735104277,0.22264444827197968,0.947620403766632,-0.011650439193274112,129.25000227098502,159.49220574469672,407.65252990722644,-0.06814084561816647
/Users/harinihegde/Downloads/crowd_panic/Normal/VID-20250924-WA0037_clip_168.mp4,Normal,train,48,30.0,640,360,24.229166666666668,9.755852054308509,36.60000000000001,0.5821211463308729,7.573042468821749,2.573966715493529,11.370356559753416,-0.08156866207374228,0.4115826679354018,0.191696088259227,0.6647771954536438,0.004063060633824393,138.22438568183424,155.17749705317377,379.8755157470702,0.024056034071217407
/Users/harinihegde/Downloads/crowd_panic/Normal/VID-20250924-WA0037_clip_169.mp4,Normal,train,48,30.0,640,360,51.979166666666664,10.740285500809039,64.60000000000001,-0.13259878419452983,5.906137243230292,1.5136112630334757,7.889529705047607,-0.024366174000043945,0.7622290757742334,0.17685396595189484,0.906397569179535,0.0013109768390186928,128.48484521418402,146.41907726251844,325.8922241210939,0.006251274350268931
/Users/harinihegde/Downloads/crowd_panic/Normal/VID-20250924-WA0037_clip_170.mp4,Normal,train,48,30.0,640,360,21.333333333333332,7.8986637407151905,31.60000000000001,-0.39383412939643986,3.6579440045864025,1.119869077047287,5.377348327636719,-0.04269034231458957,0.5479638037925705,0.2704676200080161,0.8669175028800964,-0.010144698992285399,128.73338898822485,164.3540421130514,389.3407043457033,-0.024561030290267214
/Users/harinihegde/Downloads/crowd_panic/Normal/VID-20250924-WA0037_clip_171.mp4,Normal,train,48,30.0,640,360,27.083333333333332,9.418141477430083,39.300000000000004,0.1728180633955705,9.199099510274035,2.9749232915988566,13.803108024597169,0.04217391070340323,0.8924260164829011,0.050628733219734094,0.9606890439987182,0.002975654680623043,152.14017012614454,144.23244063994923,350.0432067871094,-0.04351461917042532
/Users/harinihegde/Downloads/crowd_panic/Normal/VID-20250924-WA0037_clip_172.mp4,Normal,test,48,30.0,640,360,20.020833333333332,4.661408868452636,26.0,0.10003256621797618,16.105487174176154,2.7549128715539744,19.963004302978515,-0.07910613501987207,0.8681096282411129,0.07023439369468898,0.9379857778549194,-0.0025705794677152085,223.26803782630532,150.44438717995587,473.0291015625,0.013344916873889187
/Users/harinihegde/Downloads/crowd_panic/Normal/VID-20250924-WA0037_clip_173.mp4,Normal,train,48,30.0,640,360,17.166666666666668,3.5609767698702495,22.300000000000004,-0.1110508033000436,8.093243629374403,1.9179142574710528,10.114921760559081,-0.06970357393137742,0.768755740941839,0.1420450356234969,0.9054969072341919,-0.0074256564474127875,148.75756114479293,155.85521124864238,365.1865478515625,-0.11865835712060027
/Users/harinihegde/Downloads/crowd_panic/Normal/VID-20250924-WA0037_clip_174.mp4,Normal,test,48,30.0,640,360,19.1875,4.931430869095365,25.60000000000001,0.14388840642640008,5.76800289052598,1.2858797848488215,7.458100986480712,-0.01857745570236602,0.621760773690457,0.1915995660111925,0.7893400669097901,-0.006110917894853747,155.81797109284682,167.44373512932123,436.2942932128907,0.057948178184459215
/Users/harinihegde/Downloads/crowd_panic/Normal/VID-20250924-WA0037_clip_175.mp4,Normal,train,48,30.0,640,360,18.979166666666668,4.7674660605911905,24.0,-0.06844333478072147,10.797682396909023,6.0682775994980185,17.640937423706056,0.3934667898371308,0.6332903268965001,0.32040761690025743,0.913353168964386,0.02010220555100973,156.33397214131222,152.78895831406643,351.79896240234376,0.10917264157910857
/Users/harinihegde/Downloads/crowd_panic/Normal/VID-20250924-WA0037_clip_176.mp4,Normal,train,48,30.0,640,360,24.458333333333332,5.619750637014264,33.0,0.24815458098132853,7.3072165529778665,1.9392459076340944,9.871753692626953,-0.11629215414936515,0.8621750321794064,0.029453828456561873,0.9006488084793091,-0.0004044248964585846,131.73243042291264,147.97739510861987,334.4750244140626,-0.03364270188997489
/Users/harinihegde/Downloads/crowd_panic/Normal/VID-20250924-WA0037_clip_177.mp4,Normal,train,48,30.0,640,360,13.395833333333334,12.97552115737767,33.60000000000001,-0.8567629179331308,13.486693656190912,4.7682881029086,19.966779708862305,0.06453422381853655,0.8377266247221764,0.09473862625393596,0.9276025533676148,-0.0014496554347456319,166.91293026713396,150.54981768937526,385.788589477539,0.11762315032728395
/Users/harinihegde/Downloads/crowd_panic/Normal/VID-20250924-WA0037_clip_178.mp4,Normal,train,48,30.0,640,360,10.770833333333334,4.801213315981238,17.0,0.21260312635692566,9.22742354108932,6.885876250042488,19.29192771911621,-0.4640563778530988,0.7514189006166255,0.10751356217520978,0.8599950075149536,0.001521161971932533,156.45863244203056,157.19036193225256,375.1169830322265,-0.48346995718215097
/Users/harinihegde/Downloads/crowd_panic/Normal/VID-20250924-WA0037_clip_179.mp4,Normal,train,48,30.0,640,360,12.625,3.9823830805184977,18.0,-0.034194528875380076,4.884946711519931,1.0057971828195973,6.316289329528808,-0.013782044867472273,0.8080450410538531,0.08445956401205101,0.8973825216293335,-0.0029827129512777027,101.53065064325777,151.63688732172568,328.3923583984375,0.022614470035154852
/Users/harinihegde/Downloads/crowd_panic/Normal/VID-20250924-WA0037_clip_180.mp4,Normal,train,48,30.0,640,360,10.291666666666666,2.4320630245854145,13.300000000000004,0.01432913590968296,4.205848632974828,1.058946715959434,5.705204391479492,0.03856352216992305,0.5017169206700427,0.1793616999635072,0.7714031219482421,-0.0030870312785214503,104.79916394954876,144.96369898327703,253.29766540527356,0.18089048308682876
/Users/harinihegde/Downloads/crowd_panic/Normal/VID-20250924-WA0037_clip_181.mp4,Normal,train,48,30.0,640,360,24.208333333333332,5.511194415813044,31.0,-0.11995223621363477,9.29753558686439,5.340086141248528,16.995289611816407,0.3380952315899535,0.5805396087309147,0.19849929041486805,0.8062325835227966,-0.004046320385376303,163.2275556970254,154.77402976863374,410.2125305175782,0.1340980366145357
/Users/harinihegde/Downloads/crowd_panic/Normal/VID-20250924-WA0037_clip_182.mp4,Normal,train,48,30.0,640,360,14.25,3.085584763595603,18.0,0.0999782891880155,8.664310115448972,4.495198423888089,15.392037773132323,-0.1443292104900158,0.7880019412395802,0.21286270984683378,0.9685940861701965,0.012428720136217016,141.14847041927607,133.864208382681,315.42291259765653,-0.07760314085093571
/Users/harinihegde/Downloads/crowd_panic/Normal/VID-20250924-WA0037_clip_183.mp4,Normal,train,48,30.0,640,360,12.6875,2.0530084632071053,15.0,0.03566000868432468,8.586569882453755,3.4800087303403027,13.690105628967284,-0.21851447938659707,0.723475345430222,0.24121973240373923,0.963639235496521,-0.014625737299689466,149.9053907893642,157.60388285147846,407.4249572753906,-0.12100684178180031
/Users/harinihegde/Downloads/crowd_panic/Normal/VID-20250924-WA0037_clip_184.mp4,Normal,train,48,30.0,640,360,17.666666666666668,3.1710495984067415,21.0,0.1292878853669125,7.981912389714667,3.6647116198586045,12.527955436706543,0.045606999183340775,0.8505670732640206,0.11809087172823933,0.9395032048225402,-0.0032824979858967394,118.23377697502913,117.55014157988157,211.86580200195306,-0.02514672641157573
/Users/harinihegde/Downloads/crowd_panic/Normal/VID-20250924-WA0037_clip_185.mp4,Normal,train,48,30.0,640,360,18.3125,3.9378306739455757,23.0,-0.15116152844116423,7.619974734935354,1.238126130408264,8.59233283996582,0.05611376019124078,0.811064212880236,0.16945492399236656,0.9403227210044861,0.007950304139829369,93.89920725890303,111.08416403349372,181.0551391601564,0.0523680044944394
/Users/harinihegde/Downloads/crowd_panic/Normal/VID-20250924-WA0037_clip_186.mp4,Normal,train,48,30.0,640,360,25.229166666666668,5.304241947619744,31.0,0.28120929222752905,9.239985861676805,2.839557763365961,13.07175998687744,-0.14576228259339782,0.8959382861218554,0.050214855372371414,0.9513741970062256,-0.000307712638466361,124.8436279659058,132.19180113499272,277.3584106445313,-0.053558481201024216
/Users/harinihegde/Downloads/crowd_panic/Normal/VID-20250924-WA0037_clip_187.mp4,Normal,train,48,30.0,640,360,26.333333333333332,6.712343521867424,31.60000000000001,0.14383412939643916,6.7832871295036155,2.050525921641462,9.053130531311034,0.07667149304240867,0.5310292865367646,0.2284764675909355,0.8053221821784973,0.0019221484512917826,136.48100952384317,158.1428572136123,361.17077636718756,0.06952373976967458
/Users/harinihegde/Downloads/crowd_panic/Normal/VID-20250924-WA0037_clip_188.mp4,Normal,train,48,30.0,640,360,24.729166666666668,6.372923136642678,34.0,-0.2045701259227097,6.8408732414245605,1.453063420698821,8.48727626800537,-0.04050495831862729,0.7573354231550339,0.11566446068377689,0.9261809110641479,-0.0031961300492176366,138.50262320368603,169.1830962952216,432.5254608154299,-0.09210049237266496
/Users/harinihegde/Downloads/crowd_panic/Normal/VID-20250924-WA0037_clip_189.mp4,Normal,train,48,30.0,640,360,16.520833333333332,4.462760652207206,22.0,-0.14529960920538468,6.5893985312035745,2.099189526170025,9.592927932739258,0.0895930354403303,0.8042927748979406,0.14658012426500577,0.9142907500267029,-0.003981070432753388,123.11505193892297,139.57929028099832,334.2391296386717,0.05610223990853257
/Users/harinihegde/Downloads/crowd_panic/Normal/VID-20250924-WA0037_clip_190.mp4,Normal,train,48,30.0,640,360,22.1875,12.042729912690062,42.60000000000001,0.7411528441163697,6.3612252093376,1.36184089333859,8.17159366607666,-0.005955738121441988,0.7104871266699851,0.22638000928596733,0.9330641269683838,0.008840718650354722,137.55020380796387,154.4412381874948,387.26045227050787,0.1455832022246815
/Users/harinihegde/Downloads/crowd_panic/Normal/VID-20250924-WA0037_clip_195.mp4,Normal,train,48,30.0,640,360,15.958333333333334,3.168584945295858,19.0,-0.08825445071645703,3.3527456395169524,1.2471169200236958,4.925454807281494,0.07691177683059651,0.7011637161386773,0.2375115627952938,0.9261759877204895,0.003848051335266301,100.61649885546507,146.15153757345587,341.05633544921875,0.08611443188296357
/Users/harinihegde/Downloads/crowd_panic/Normal/VID-20250924-WA0037_clip_196.mp4,Normal,train,48,30.0,640,360,8.166666666666666,3.636237371545238,13.300000000000004,-0.2148284845853237,6.407622733014695,2.5777805834615886,9.517954063415527,0.12798412925771382,0.6861416764081792,0.18530997055217863,0.8599094152450562,0.0025773421532985473,97.93522801395423,100.88426055583406,198.6025939941407,0.17856291424651463
/Users/harinihegde/Downloads/crowd_panic/Normal/VID-20250924-WA0037_clip_197.mp4,Normal,train,48,30.0,640,360,9.020833333333334,4.095167799438205,13.300000000000004,-0.07528224055579694,4.111957623603496,2.0508372923204163,5.242769336700439,-0.021490544673472372,0.5306572076329525,0.15444006368952354,0.6936737775802613,-0.00015767207489823806,98.94509627791736,143.87513984731987,229.81556701660148,-0.24425216451041837
/Users/harinihegde/Downloads/crowd_panic/Normal/VID-20251025-WA0004_clip_001.mp4,Normal,train,48,25.0,640,360,3.8958333333333335,2.575846004498112,7.0,-0.1188124185844551,0.886230550777598,1.1953723604771518,2.449715542793272,-0.053753893913179134,0.3593691770542175,0.09238363016877352,0.4583488643169403,0.0028867452361454687,100.88228500568846,162.205911980071,445.7961059570314,-0.6494883938439853
/Users/harinihegde/Downloads/crowd_panic/Normal/VID-20251025-WA0004_clip_002.mp4,Normal,train,48,25.0,640,360,10.25,6.523994175349944,17.60000000000001,0.4115284411636995,2.1709234378439315,1.7070564934580932,4.772622203826904,-0.08349667618759353,0.335023266520906,0.10614038181347044,0.4184491217136383,0.0028627026036974488,151.34663418023894,184.1046180492291,470.0313323974609,-0.14019013978849582
/Users/harinihegde/Downloads/crowd_panic/Normal/VID-20251025-WA0004_clip_003.mp4,Normal,test,48,25.0,640,360,22.645833333333332,5.629126572766171,31.0,0.22953755970473264,0.3334953323640722,0.257276638974414,0.6619191527366637,-0.0019427008821760762,0.3188368229472891,0.10426370533456658,0.413185042142868,-0.004134132014199828,83.21286371252052,158.4465452657912,320.2054809570311,0.04251739286216957
/Users/harinihegde/Downloads/crowd_panic/Normal/VID-20251025-WA0004_clip_004.mp4,Normal,test,48,25.0,640,360,18.625,5.688530126491377,27.300000000000004,-0.2616152844116374,0.1994760919441568,0.07825087051282058,0.33326085209846495,-0.002746383404526364,0.27250160562231185,0.060556956196203486,0.3383257031440735,0.0013981572025826873,98.12819558492838,171.87307485901744,376.34190979003915,0.0039026940979456914
/Users/harinihegde/Downloads/crowd_panic/Normal/VID-20251025-WA0004_clip_005.mp4,Normal,test,48,25.0,640,360,19.166666666666668,4.487637339278753,25.0,-0.19105514546244048,0.3396020576040796,0.14566871989879476,0.5331553459167481,0.005024854383266823,0.34304010582731126,0.07003028894191711,0.43863962292671205,0.0009367896018206966,68.98150184806822,129.88697388214482,250.74569702148438,0.07091969966065341
/Users/harinihegde/Downloads/crowd_panic/Normal/VID-20251025-WA0004_clip_006.mp4,Normal,test,48,25.0,640,360,9.208333333333334,3.194776552784595,13.300000000000004,-0.13493269648284859,0.2782182921754553,0.10657792303368624,0.41468889713287355,0.0011323823763279878,0.37624712573721053,0.042600901724339446,0.4227940082550049,0.0016094177106703792,92.2189027929306,186.24560854347428,388.170904541016,-0.0687160011983894
/Users/harinihegde/Downloads/crowd_panic/Normal/VID-20251025-WA0006_clip_007.mp4,Normal,test,48,29.97,640,360,8.708333333333334,2.6767387910581704,12.300000000000004,0.1295049934867563,2.9236892436413053,1.5537473161929494,5.280783748626707,-0.056228311344719305,0.6113927443610861,0.21624529148174051,0.9038585662841797,-0.00673166673309983,92.09883998496092,151.732412314584,333.73663330078125,0.010317102543833046
/Users/harinihegde/Downloads/crowd_panic/Normal/VID-20251025-WA0006_clip_008.mp4,Normal,test,48,29.97,640,360,8.5,3.1688588903052572,12.0,-0.1866044290056451,3.5003391757924507,1.7164908535982109,5.953289794921875,0.10307825503527955,0.39712205089311653,0.18548966690567412,0.667820155620575,0.0011378406604302196,78.46173647922627,104.49291582111009,229.63918609619142,0.3179790907810606
/Users/harinihegde/Downloads/crowd_panic/Normal/VID-20251025-WA0006_clip_009.mp4,Normal,train,48,29.97,640,360,7.0625,3.078191094891067,12.0,-0.04271602257924457,4.797567453790219,3.2021312610084687,10.080696487426758,0.09155050346026479,0.6986309996944793,0.27034497330201385,0.9459044575691223,0.016126100013547754,137.78956462430955,162.6861627900044,377.57651062011706,0.12909576252705815
/Users/harinihegde/Downloads/crowd_panic/Normal/VID-20251025-WA0006_clip_011.mp4,Normal,train,48,29.97,640,360,5.458333333333333,2.0712147536060943,8.300000000000004,0.037559704732956944,5.647020309529406,2.1155353992626256,9.158709716796874,-0.08313826873388469,0.9024666256092965,0.07849791192488517,0.9514623999595642,-0.003606162889482342,130.06824457519932,156.11879801529307,358.28629150390617,0.2516835605736793
/Users/harinihegde/Downloads/crowd_panic/Normal/VID-20251025-WA0006_clip_012.mp4,Normal,train,48,29.97,640,360,6.041666666666667,1.4994211846205485,8.0,-0.011398176291793407,5.241189454464203,1.212487838264517,6.868999576568603,-0.010409208715899378,0.28554416638105473,0.16064338622116434,0.5109213590621948,-0.006112190995582485,97.7148373798162,115.9253865537953,180.14144134521487,-0.01121126048555162
/Users/harinihegde/Downloads/crowd_panic/Normal/VID-20251025-WA0006_clip_013.mp4,Normal,train,48,29.97,640,360,4.583333333333333,1.3819269959814167,6.300000000000004,0.051237516283108936,3.4525600747859224,0.8955524042347023,4.791502571105957,-0.02010087284305154,0.36802249005500304,0.1448399582262899,0.5398035168647766,0.0018102169204003656,63.83354349003898,102.79746044101105,106.48588867187483,0.15530001595612478
/Users/harinihegde/Downloads/crowd_panic/Normal/VID-20251025-WA0006_clip_014.mp4,Normal,train,48,29.97,640,360,5.166666666666667,1.247219128924647,7.0,0.026487190620929163,2.768945130896061,0.6628418613398943,3.679886102676391,-0.014644387720030372,0.35411159472262604,0.15611095491169968,0.5478449702262879,0.0024936822321434825,46.29343505155209,108.61795848127176,58.94320297241209,0.07049038179261774
/Users/harinihegde/Downloads/crowd_panic/Normal/VID-20251025-WA0006_clip_015.mp4,Normal,train,48,29.97,640,360,5.25,1.75,7.0,-0.013677811550152038,4.625024161440261,1.7905890010475605,6.884041595458984,0.08490256169788497,0.5014998884277141,0.25360614563831935,0.914518642425537,0.012332493136055375,58.818563256615946,83.45829229881306,137.6161590576171,0.2713869272526481
/Users/harinihegde/Downloads/crowd_panic/Normal/VID-20251025-WA0006_clip_016.mp4,Normal,train,48,29.97,640,360,5.229166666666667,1.7468970506459607,8.0,0.07169995657837598,6.2244684188923936,3.0228734384017026,10.253348541259765,0.017436947070482645,0.7951028362273219,0.2404862240593141,0.9780394077301026,0.001968354280739958,94.97610298626086,107.3699015052135,162.3520965576172,-0.07155643757314618
/Users/harinihegde/Downloads/crowd_panic/Normal/VID-20251025-WA0006_clip_017.mp4,Normal,train,48,29.97,640,360,6.604166666666667,2.571798846246641,9.0,-0.12749674337820258,4.981348316720191,1.6787708101135088,7.699743747711182,-0.0883502183855958,0.5448780938031825,0.1405773007178215,0.7097711443901061,-0.006419176649333252,69.2261333228054,94.25824818145318,126.4932975769043,0.07578728454448862
/Users/harinihegde/Downloads/crowd_panic/Normal/VID-20251025-WA0006_clip_018.mp4,Normal,train,48,29.97,640,360,6.0,1.8596594670351165,8.0,0.03256621797655226,3.604421224999935,0.875738025069458,4.901519107818603,0.019887730520594272,0.3681129287096097,0.1665575425350802,0.5779322981834412,-0.006446491045232048,91.68485456527547,133.41122763460302,237.291796875,0.07513723696957085
/Users/harinihegde/Downloads/crowd_panic/Normal/VID-20251025-WA0006_clip_019.mp4,Normal,train,48,29.97,640,360,6.354166666666667,1.587576551085193,8.0,-0.027735562310030513,4.340600414479033,0.9416771366176789,5.662215995788574,-0.021187111390728663,0.2859421447712056,0.11574335948154581,0.4193723797798157,0.0012607130891437576,76.9394987008151,108.26770219899706,178.6265747070312,-0.2769097395492317
/Users/harinihegde/Downloads/crowd_panic/Normal/VID-20251025-WA0006_clip_020.mp4,Normal,test,48,29.97,640,360,5.354166666666667,1.7259005298362038,8.0,0.03761398176291793,4.481715197258807,1.5550812027531902,6.580770111083984,-0.04231148530883331,0.3100732664795632,0.1240227665225117,0.4480613589286804,0.0012560755369373248,90.49773187140178,123.9527528913962,194.44631652832055,0.007710774457054434
/Users/harinihegde/Downloads/crowd_panic/Normal/VID-20251025-WA0006_clip_021.mp4,Normal,train,48,29.97,640,360,7.666666666666667,2.0138409955990952,10.0,-0.06263569257490241,4.411080172721376,0.9379940346559961,5.442940807342529,-0.03656341743403069,0.23433721160635035,0.11064376874110478,0.3643088817596435,-0.0007115339000505141,78.58430102667552,113.70693071780524,171.15576477050783,-0.026625867317606525
/Users/harinihegde/Downloads/crowd_panic/Normal/VID-20251025-WA0006_clip_022.mp4,Normal,train,48,29.97,640,360,8.895833333333334,2.6079971828120434,13.300000000000004,-0.11077941815023885,3.236389748593594,1.076666407653325,4.709919452667236,0.007732071857778861,0.3275213896277103,0.1463353478428445,0.5010916113853454,0.005790509412773333,81.65127229515734,128.5930356997552,238.33864898681645,-0.00826677615343438
/Users/harinihegde/Downloads/crowd_panic/Normal/VID-20251025-WA0006_clip_023.mp4,Normal,train,48,29.97,640,360,8.958333333333334,2.8792239502260943,13.300000000000004,0.05872774641771598,3.599044528413326,1.254596566890898,5.034571647644043,0.06999499915265908,0.30986093151125504,0.13687346032101075,0.4911557018756866,0.001999798190765342,95.69594760618958,124.60803244752589,252.58780517578163,0.06636781702555447
/Users/harinihegde/Downloads/crowd_panic/Normal/VID-20251025-WA0006_clip_024.mp4,Normal,train,48,29.97,640,360,6.208333333333333,2.7306770629684904,9.300000000000004,-0.1519756838905775,4.3109821106525175,1.3164180907090302,5.587349891662598,-0.0010529216740772969,0.43354274855649216,0.1439424543374791,0.6177306652069092,0.0008819284224253799,56.60085608617243,80.07101375179941,104.7058334350586,0.010280939070238967
/Users/harinihegde/Downloads/crowd_panic/Normal/VID-20251025-WA0006_clip_025.mp4,Normal,train,48,29.97,640,360,4.3125,1.8946882989030147,7.0,0.07604211897524965,3.6920912367232304,1.0990729570734683,5.173865509033202,0.04940251034239067,0.5199543381942079,0.27146913014294,0.8293874979019165,0.009600281197608735,72.06672460389284,113.45301449970025,115.87237091064459,0.5925820189672381
/Users/harinihegde/Downloads/crowd_panic/Normal/VID-20251025-WA0006_clip_026.mp4,Normal,train,48,29.97,640,360,7.854166666666667,3.2595346250994512,12.0,-0.10090099869735147,3.898422601375174,1.5147655658686316,6.007005786895752,0.04207880975580349,0.5414009661750591,0.19728399972930016,0.7998744606971739,0.0015957547053625887,76.96529857254932,133.88913948010293,196.64737548828134,-0.08967399406230703
/Users/harinihegde/Downloads/crowd_panic/Normal/VID-20251025-WA0006_clip_027.mp4,Normal,train,48,29.97,640,360,5.541666666666667,2.406227452996818,9.0,0.034303082935301786,3.600705035189365,0.6974442449278714,4.788404273986816,0.019870502379732365,0.29508866999853167,0.14299534033664257,0.4869293391704559,-0.0029136055833199163,75.37921997535666,103.13752343958598,177.49784851074241,0.039318813464666195
/Users/harinihegde/Downloads/crowd_panic/Normal/VID-20251025-WA0006_clip_028.mp4,Normal,test,48,29.97,640,360,5.854166666666667,1.5544235712600631,8.0,-0.08440078158923156,3.5951793701090713,0.7907943568582577,4.4917762756347654,-0.04439866545573081,0.2691905692893457,0.14628654106335318,0.49277137517929076,-0.004185978854682452,42.32485298030689,103.70413101064865,54.05940628051758,0.11318360419352247
/Users/harinihegde/Downloads/crowd_panic/Normal/VID-20251025-WA0006_clip_029.mp4,Normal,test,48,29.97,640,360,4.625,1.562916611125921,6.0,0.008575770733825368,2.9062064581728997,0.8777385902625806,4.333399200439453,-0.0062478845809809174,0.3293270509927831,0.17863558757206985,0.5794897198677063,0.005852466750249035,65.70490975754166,111.24150087666148,192.56710815429688,0.12198083040705668
/Users/harinihegde/Downloads/crowd_panic/Normal/VID-20251025-WA0006_clip_033.mp4,Normal,test,48,29.97,640,360,11.875,3.072899011248716,16.0,-0.17683456361267938,4.7637066486033985,1.65669880879008,7.006696701049805,0.03305191077312644,0.2677389491111674,0.11929217789836861,0.45008378624916073,-0.0031103594383702156,78.11965519559286,110.27157001778555,198.1511077880859,0.09157293879587375
/Users/harinihegde/Downloads/crowd_panic/Normal/VID-20251025-WA0006_clip_040.mp4,Normal,test,48,29.97,640,360,7.833333333333333,2.0548046676563256,10.0,-0.09183673469387775,2.9697485654912095,1.4349607283034846,4.961749458312988,0.07437385888864992,0.6396008137851319,0.26066734318337237,0.8845880270004273,0.015941833793362267,72.69608079783524,112.86735959317848,130.22799682617188,0.2506955556273279
/Users/harinihegde/Downloads/crowd_panic/Normal/VID-20251025-WA0006_clip_041.mp4,Normal,test,48,29.97,640,360,7.083333333333333,2.4734703466093046,10.300000000000004,-0.031046461137646728,5.140732818461479,3.300518571713181,9.789890480041503,0.13535280835838043,0.7317396313586133,0.1478799710540548,0.8924102544784546,0.0014543146184481113,144.27584803407842,176.56070263542188,449.57260131835926,0.19245086971011238
/Users/harinihegde/Downloads/crowd_panic/Normal/VID-20251025-WA0006_clip_042.mp4,Normal,train,48,29.97,640,360,10.625,2.4292059745247347,13.300000000000004,-0.02442466348241441,4.1859190464019775,1.4043462846198103,6.422176647186279,0.06062824010959277,0.45128233231445575,0.24527272988891327,0.8516691446304321,-0.01125849700109838,89.33706820479166,118.98542590390772,212.07508850097665,0.11047622079295509
/Users/harinihegde/Downloads/crowd_panic/Normal/VID-20251025-WA0006_clip_043.mp4,Normal,train,48,29.97,640,360,7.208333333333333,2.879223950226095,10.300000000000004,0.10594876248371685,4.214728555780776,3.411434190591653,10.493306159973143,0.11072199454636183,0.695061965508664,0.21374342881519376,0.9076121687889099,0.004189672942766991,94.94149920355112,127.21269799529743,217.2619232177735,0.3425320063028068
/Users/harinihegde/Downloads/crowd_panic/Normal/VID-20251025-WA0006_clip_044.mp4,Normal,test,48,29.97,640,360,8.145833333333334,2.79127795801294,11.300000000000004,-0.042173252279635504,5.53101466564422,4.783843166804493,13.294200706481933,-0.28037293620621234,0.74049467038601,0.22721932635811645,0.931792938709259,-0.010273077846552136,110.60944560477108,136.20563729033404,242.74066162109375,-0.42942203397821677
/Users/harinihegde/Downloads/crowd_panic/Normal/VID-20251025-WA0006_clip_046.mp4,Normal,train,48,29.97,640,360,9.145833333333334,2.783804226633443,13.0,-0.050097698653929795,5.137610460849518,1.896066541234182,7.192213439941406,-0.016071974955478453,0.5090862866094772,0.18896406347454003,0.7770154833793639,-0.009385718784840374,106.73412658373515,128.51448353357213,249.3481094360352,0.015117981528077695
/Users/harinihegde/Downloads/crowd_panic/Normal/VID-20251025-WA0006_clip_047.mp4,Normal,train,48,29.97,640,360,4.708333333333333,2.48292781923993,8.0,-0.08608336951802004,5.812395351998349,3.2614786355320207,10.568471908569336,0.1648881497976408,0.5753047417135949,0.27556470012311673,0.9217183113098144,0.012223773817708382,104.69211186888468,116.25894220414682,252.48060607910156,0.39199567170384686
/Users/harinihegde/Downloads/crowd_panic/Normal/VID-20251025-WA0006_clip_048.mp4,Normal,test,48,29.97,640,360,4.854166666666667,1.3383693955290852,6.300000000000004,0.03815675206252699,4.715257806980864,1.8110616691677068,6.895347499847411,-0.10420773698707957,0.6461023992680489,0.1339595973045254,0.8258325219154358,-0.00105568861363112,79.63745365490266,103.84480823364478,131.42742919921884,-0.19323211441451035
/Users/harinihegde/Downloads/crowd_panic/Normal/VID-20251025-WA0006_clip_049.mp4,Normal,train,48,29.97,640,360,7.458333333333333,1.802294062823514,10.0,-0.00021710811984378492,2.3886488752162203,0.5308808043967617,3.025770664215088,-0.01721175147304922,0.3600343272407004,0.20222983802481914,0.646341073513031,-0.004897866809911251,68.41422153978931,109.92008670245541,129.57300872802733,0.011240222463491767
/Users/harinihegde/Downloads/crowd_panic/Normal/VID-20251025-WA0006_clip_050.mp4,Normal,test,48,29.97,640,360,6.3125,1.7696074187984934,8.300000000000004,0.03142640034737292,5.022582634966424,1.771240302126306,7.199347877502441,0.09018431399896344,0.4440702300598013,0.19775254591459926,0.6880534291267395,-0.002921898874293092,150.3504417660845,161.29540733116,398.2618408203128,0.5348129233243553
/Users/harinihegde/Downloads/crowd_panic/Normal/VID-20251025-WA0006_clip_051.mp4,Normal,train,48,29.97,640,360,8.708333333333334,2.3359360484016296,11.300000000000004,0.05514546244029516,4.953891180931254,1.8197201326394263,6.8048089981079105,0.04554242215478569,0.47802280872426134,0.2074273708630984,0.76352459192276,0.00280043350792836,130.59798112042932,160.42711945342475,396.1900207519538,-0.15915647414650216
/Users/harinihegde/Downloads/crowd_panic/Normal/VID-20251025-WA0006_clip_052.mp4,Normal,train,48,29.97,640,360,7.020833333333333,2.5453354668665757,10.0,-0.1362896222318717,7.866253284697837,2.243916683779707,11.571811485290526,-0.06224402992070327,0.6932682734220585,0.2601738672941901,0.9189168334007263,-0.016712509193884117,137.36023280907955,140.11941874793663,285.6856506347656,-0.13140913382641048
/Users/harinihegde/Downloads/crowd_panic/Normal/VID-20251025-WA0006_clip_053.mp4,Normal,test,48,29.97,640,360,5.020833333333333,1.8084245368705754,7.0,-0.0722427268779853,4.55382227897644,1.4524620813220932,6.319815158843994,-0.05530545788159753,0.45919789548249956,0.18745291942748063,0.6991358995437622,0.001591289253986402,85.69359500209491,110.57913301048679,177.99036712646492,-0.20441941373939326
/Users/harinihegde/Downloads/crowd_panic/Normal/VID-20251025-WA0006_clip_054.mp4,Normal,train,48,29.97,640,360,4.354166666666667,1.6006454861155928,6.0,-0.08005861919235784,4.294121762539478,1.6462646015403186,6.906436157226563,-0.049965752759098835,0.6542868284468956,0.18675881611530204,0.8808879852294922,-0.003548386817751494,103.12739556421063,128.88693282956936,230.10339355468753,-0.5299092628388046
/Users/harinihegde/Downloads/crowd_panic/Normal/VID-20251025-WA0006_clip_055.mp4,Normal,train,48,29.97,640,360,3.375,1.3169567191065923,5.0,-0.02236213634389932,4.092719623383055,3.110587119704224,6.1408066749572745,0.13317143455299377,0.6071294045194666,0.24296889645805805,0.9386243343353271,0.005038446637351243,62.117244978449236,87.91740019893211,106.70734558105471,0.09861333798921575
/Users/harinihegde/Downloads/crowd_panic/Normal/VID-20251025-WA0006_clip_056.mp4,Normal,train,48,29.97,640,360,4.291666666666667,1.790697412245358,7.0,-0.020842379504993597,7.627332712741608,5.278213818202372,18.15075340270996,-0.30651005088014777,0.6370990587041733,0.24773942385362493,0.9563120126724243,-0.01495211929854808,109.5866830133449,97.85083044600356,234.7678131103516,-0.6169699935290549
/Users/harinihegde/Downloads/crowd_panic/Normal/VID-20251025-WA0006_clip_116.mp4,Normal,train,48,29.97,640,360,6.5,3.2596012026013246,10.300000000000004,-0.18996960486322198,8.480026863990947,1.974660146622165,10.929571151733398,0.0025384079296208446,0.23863706618864486,0.12137034547248021,0.3726979374885559,0.001332368286435084,108.74139473088516,123.29337637629973,287.2737457275391,0.21610307191011888
/Users/harinihegde/Downloads/crowd_panic/Crowdy/VID-20250923-WA0008_clip_001.mp4,Crowdy,train,48,30.0,478,850,99.22916666666667,28.80772435717353,133.9,-0.562147199305256,13.66363805405637,3.923913739968902,18.477867889404298,-0.08508781897150493,0.5106298600898144,0.24160204267448662,0.7585888862609863,-0.006743068612550251,178.55751584150835,172.87860755718611,434.2426696777344,0.020751836707617228
/Users/harinihegde/Downloads/crowd_panic/Crowdy/VID-20250923-WA0008_clip_002.mp4,Crowdy,train,48,30.0,478,850,43.354166666666664,38.470491712985535,112.90000000000006,-2.18915544941381,9.97743104366546,4.286214644308208,15.593735885620116,-0.18032066748717876,0.3597537321930236,0.25413322249006143,0.7516842126846314,0.011056608482540538,174.44288997727165,156.98818801648085,420.47426147460965,0.03137128723678421
/Users/harinihegde/Downloads/crowd_panic/Crowdy/VID-20250923-WA0010_clip_001.mp4,Crowdy,train,48,30.0,478,850,23.854166666666668,17.026926693883688,43.0,1.1203321754233608,6.250031831416678,2.205718422288587,8.476522064208984,0.06363920169941925,0.501036035649954,0.27277479190505227,0.8472532391548157,0.017419508047734462,190.4518664923666,195.65549668683337,502.7913665771484,-0.023604480044221984
/Users/harinihegde/Downloads/crowd_panic/Crowdy/VID-20250923-WA0010_clip_002.mp4,Crowdy,train,48,30.0,478,850,35.0625,6.4562832767777465,43.300000000000004,0.29000217108119825,6.12554725180281,3.46550505028926,11.070819282531739,-0.17914369523139262,0.7930209598642715,0.0817155641462639,0.8759894490242004,-0.0030875456804594003,158.67374710212678,193.34068177184838,408.55679321289057,-0.06900518800583458
/Users/harinihegde/Downloads/crowd_panic/Crowdy/VID-20250923-WA0011_clip_001.mp4,Crowdy,train,48,30.0,478,850,76.0625,30.398332088290633,115.30000000000001,1.5586734693877544,8.814609239710139,4.712838387500418,14.333954429626464,-0.19521559803134078,0.41962593631382955,0.2745382283884796,0.7418620347976684,0.005018041170418446,202.27667288115813,217.3038491919668,534.6399902343754,-0.06740820007215959
/Users/harinihegde/Downloads/crowd_panic/Crowdy/VID-20250923-WA0011_clip_002.mp4,Crowdy,train,48,30.0,478,850,97.3125,39.25140987382916,130.3,0.7322514112027771,6.427278268844523,3.9638260953908397,11.942574310302735,0.11597789570372159,0.3597344573032349,0.20557757874770405,0.646026861667633,-0.003166774442896702,171.05587276727405,209.89479803899937,484.1982208251954,0.011317815511843823
/Users/harinihegde/Downloads/crowd_panic/Crowdy/VID-20250923-WA0011_clip_003.mp4,Crowdy,train,48,30.0,478,850,77.6875,27.8681092006018,108.30000000000001,-1.8621906209292232,10.944818978613995,4.2398069699057785,17.078999710083007,0.16964131538565805,0.46588264033198357,0.24280013502727296,0.7073369264602661,-0.015922007004055817,206.70005682084826,203.64096746238783,511.86995849609383,0.057571190521902224
/Users/harinihegde/Downloads/crowd_panic/Crowdy/VID-20250923-WA0012_clip_001.mp4,Crowdy,test,48,30.0,478,850,287.625,21.57894903990152,300.0,-1.0510204081632684,11.87927477410499,4.08320127009604,15.854717063903808,-0.1420533713315174,0.9105677579311614,0.2143264890434202,0.9928002953529358,-0.008228337262980261,113.40706713663207,152.52759723597504,267.7928344726562,-0.0075507672851765125
/Users/harinihegde/Downloads/crowd_panic/Crowdy/VID-20250923-WA0012_clip_002.mp4,Crowdy,train,48,30.0,478,850,206.70833333333334,79.65445120784037,300.0,1.9978289188015603,11.65567954550398,4.87406121007255,18.024029541015626,0.21690801054818246,0.9500809933276887,0.054422714839546846,0.9844541311264038,0.001932326232140855,91.63665801968955,123.07439812008299,201.47776031494138,0.004681334805082412
/Users/harinihegde/Downloads/crowd_panic/Crowdy/VID-20250923-WA0012_clip_003.mp4,Crowdy,train,48,30.0,478,850,300.0,0.0,300.0,-4.812208637950848e-15,10.798666659821855,3.095926913298844,15.228166770935058,-0.1514780180637314,0.987996202834109,0.009698515421642141,0.9938868284225464,-0.0002866278330999513,215.628066389181,233.31553671788816,537.8525695800781,0.0006611772354611393
/Users/harinihegde/Downloads/crowd_panic/Crowdy/VID-20250923-WA0013_clip_001.mp4,Crowdy,test,48,30.0,478,850,186.89583333333334,103.78146903938207,300.0,-5.37879939209727,2.5073622439769987,1.8242623880799824,3.824149751663208,-0.03248789488828145,0.4599510998405675,0.20364876300011425,0.6856950879096985,0.004098767719888905,114.78484773320838,177.77795641741344,353.1068542480469,0.0037922889169232413
/Users/harinihegde/Downloads/crowd_panic/Crowdy/VID-20250923-WA0013_clip_002.mp4,Crowdy,test,48,30.0,478,850,179.35416666666666,44.77745414051088,237.60000000000002,-0.6306448111159368,5.6372517296608455,3.6838795245927356,11.073169326782226,0.07772764253406812,0.36718493525652174,0.14949648642715088,0.5402379989624023,0.002513710457218208,117.24699683759951,166.4641616759294,348.00827026367205,0.001221287772487513
/Users/harinihegde/Downloads/crowd_panic/Crowdy/VID-20250923-WA0013_clip_003.mp4,Crowdy,train,48,30.0,478,850,264.1458333333333,48.00997708086889,300.0,2.434270516717322,6.839200045200104,3.7079818378834584,12.064542198181153,0.053658972036827624,0.5074769747542575,0.34004848013776817,0.9752622604370117,0.004931574326377301,106.49522365604209,159.8706842459642,327.1215789794922,-0.0030573637341044894
/Users/harinihegde/Downloads/crowd_panic/Crowdy/VID-20250923-WA0014_clip_001.mp4,Crowdy,train,48,30.0,478,850,32.416666666666664,32.0434817431287,88.20000000000002,0.17835432045158434,4.085108650491593,2.3949173922123093,5.389508819580078,-0.026680392925657707,0.6050595913795714,0.12787288316680948,0.7460430860519409,0.0020970744490072155,218.80254867728257,245.32414162466978,618.3446655273438,-0.043316920701238826
/Users/harinihegde/Downloads/crowd_panic/Crowdy/VID-20250923-WA0014_clip_002.mp4,Crowdy,train,48,30.0,478,850,62.979166666666664,42.18238652137748,113.30000000000001,0.7385475466782455,1.7025120118831067,0.440078989159815,2.293177366256714,-0.011028651420326845,0.46299453333337254,0.11309051040711021,0.6050272464752198,0.0012629984186188598,136.28031861840074,183.3292797770223,425.0197814941406,-0.0005972237202095358
/Users/harinihegde/Downloads/crowd_panic/Crowdy/VID-20250923-WA0014_clip_003.mp4,Crowdy,train,48,30.0,478,850,85.5,37.462759286167554,130.50000000000003,-1.524641771602261,1.6192326203305671,0.4610311076279092,2.1755239009857177,0.01512360130329026,0.4486376906329013,0.07515084184171324,0.5274837136268615,-0.0007853609295243114,119.20860855875019,171.89062768970172,377.92111206054693,0.018056825455816394
/Users/harinihegde/Downloads/crowd_panic/Crowdy/VID-20250923-WA0015_clip_001.mp4,Crowdy,test,48,30.0,478,850,237.3125,61.15831786233169,300.0,0.7781697785497146,4.315216797463437,1.8966113137173137,6.110083770751952,-0.08848423045559346,0.1869657962246144,0.07356216336045605,0.2637083947658539,-0.0039140148239966656,96.21431231924248,154.60905701919452,259.13569335937495,-0.0022257611804118315
/Users/harinihegde/Downloads/crowd_panic/Crowdy/VID-20250923-WA0015_clip_002.mp4,Crowdy,train,48,30.0,478,850,143.89583333333334,149.73048559318914,300.0,7.8664242292661735,3.187241092641303,1.5913770440673818,3.9338635921478273,0.03161550511043459,0.6879494534210956,0.2512968835407514,0.9648719429969788,0.010165029635289334,96.87076545071407,178.32171297342802,322.72407226562495,0.0036310714697861857
/Users/harinihegde/Downloads/crowd_panic/Crowdy/VID-20250923-WA0015_clip_003.mp4,Crowdy,train,48,30.0,478,850,81.5,126.79412446955104,293.0,6.928137212331742,5.345151213889427,2.7411970352336805,8.410626411437988,0.10091815103159034,0.2664160608769731,0.1433872145587425,0.4249896645545959,-0.00048464397528483536,79.98653848280537,126.7280869775676,194.18078308105467,0.001311059257027075
/Users/harinihegde/Downloads/crowd_panic/Crowdy/VID-20250923-WA0015_clip_004.mp4,Crowdy,train,48,30.0,478,850,71.72916666666667,81.32464253004059,161.20000000000067,-4.757110290924883,3.578008377805669,1.409357521636834,6.072879886627197,-0.014477803986123213,0.3014290899513884,0.24114170685318842,0.6434530258178711,0.011834452930272705,132.9287367570247,196.22960345975685,422.2010559082033,0.028621200559053324
/Users/harinihegde/Downloads/crowd_panic/Crowdy/VID-20250923-WA0017_clip_001.mp4,Crowdy,train,48,30.0,478,850,16.1875,4.662153695807693,21.300000000000004,-0.1405232305688237,5.237961398794296,3.3359797221241005,9.782624053955077,0.1822944146328564,0.4636557433516421,0.22509521605965974,0.6753398537635803,-0.007408186524527476,215.98502044416963,229.1472042973509,598.4100524902344,0.31992598331733285
/Users/harinihegde/Downloads/crowd_panic/Crowdy/VID-20250923-WA0017_clip_002.mp4,Crowdy,train,48,30.0,478,850,7.125,6.700823954310892,18.0,-0.41055145462440307,7.741931357282273,4.240851806422597,13.548730850219727,-0.14235757524276857,0.39386446678892095,0.3210917849588165,0.8632551074028015,0.013517340241132736,371.88636223538464,233.378636501617,713.7175903320312,-0.7254290645919961
/Users/harinihegde/Downloads/crowd_panic/Crowdy/VID-20250923-WA0018_clip_001.mp4,Crowdy,train,48,30.0,478,850,99.91666666666667,128.46186745057418,300.0,-0.40197568389057736,13.663419424853426,5.276633509491145,20.296925735473632,0.11388647662791036,0.48888478142784,0.2881000602551896,0.8617877960205078,-0.006305953238769382,145.27618356532264,178.88616726232794,416.07260131835926,0.02539146426517344
/Users/harinihegde/Downloads/crowd_panic/Crowdy/VID-20250923-WA0018_clip_002.mp4,Crowdy,train,48,30.0,478,850,160.5,84.5330310194384,280.3,-3.2620495006513277,3.346589203844679,2.7345574611554166,7.022670078277588,-0.13995519549922736,0.8699326185469932,0.09139401709775898,0.9309946417808532,-0.002403967110069669,177.40089411893925,268.8429393124208,580.0611450195316,0.006197424379277225
/Users/harinihegde/Downloads/crowd_panic/Crowdy/VID-20250923-WA0019_clip_001.mp4,Crowdy,train,48,30.0,478,850,177.45833333333334,14.570172633004578,193.60000000000002,0.6221233174120709,3.9557403731853404,2.6640105621802426,8.040336036682127,0.07523938710219767,0.5535359430978907,0.23607513368546124,0.759205949306488,-0.003335663801960295,100.72653171524033,165.263447013733,282.20384826660165,0.005622939498306103
/Users/harinihegde/Downloads/crowd_panic/Crowdy/VID-20250923-WA0019_clip_002.mp4,Crowdy,train,48,30.0,478,850,210.02083333333334,10.619340813136922,223.0,0.1052431610942215,3.655792956656598,1.9082022118877338,6.594609546661376,0.06866247239320176,0.5979722343543743,0.24907070908161597,0.8592232584953308,0.007350608237797638,112.5775335739972,168.9123283414019,329.23299560546866,0.005226705069048055
/Users/harinihegde/Downloads/crowd_panic/Crowdy/VID-20250923-WA0019_clip_003.mp4,Crowdy,train,48,30.0,478,850,203.625,14.726145965594664,220.3,-0.19767694311767534,1.9211601348633462,0.42790960103826703,2.5103564262390137,0.004536670683491179,0.6901595871499244,0.12303186943841665,0.8002981901168823,-0.0023533456323876867,110.47781570540991,175.19326467698548,335.0406890869145,0.0017633319146136842
/Users/harinihegde/Downloads/crowd_panic/Crowdy/VID-20250923-WA0019_clip_004.mp4,Crowdy,train,48,30.0,478,850,204.29166666666666,8.855220525518016,214.3,-0.061224489795921475,1.727859154660651,0.3890664544548483,2.266599178314209,-0.02015952706667804,0.4851920595194431,0.17665539808983544,0.7158679723739624,-0.012286057837038653,104.44278348599599,174.48681561704734,316.72197875976576,-0.00043520325799258005
/Users/harinihegde/Downloads/crowd_panic/Crowdy/VID-20250923-WA0019_clip_005.mp4,Crowdy,train,48,30.0,478,850,191.5625,11.213656573571352,206.0,0.19089231437255555,2.0354045629501343,0.2856784711673828,2.384788179397583,0.008364102872955269,0.4871129466498152,0.07840977604127483,0.559919273853302,0.001609799266895359,94.99479980970776,149.8060923384518,292.5058349609376,-0.000678571214955591
/Users/harinihegde/Downloads/crowd_panic/Crowdy/VID-20250923-WA0019_clip_006.mp4,Crowdy,train,48,30.0,478,850,190.52083333333334,17.658790992181643,214.9,-0.977583586626142,3.5766618721028594,4.839093596313347,10.173956680297847,0.2264372817172594,0.5378698681263213,0.2259153796559884,0.7973965883255005,-0.0027767069343560178,137.74388855411993,220.82850426212175,416.9551727294925,0.01167556746964298
/Users/harinihegde/Downloads/crowd_panic/Crowdy/VID-20250923-WA0020_clip_001.mp4,Crowdy,train,48,30.0,478,850,130.97916666666666,36.38651855617529,163.60000000000002,1.1700499348675633,4.933906004783955,2.6259221045385153,8.550232887268066,0.05945486860017224,0.307240403237495,0.23003883442101286,0.6756770730018615,-0.002295809698004225,146.33815793710968,199.23738101940117,426.70982055664064,0.0006942878907626378
/Users/harinihegde/Downloads/crowd_panic/Crowdy/VID-20250923-WA0020_clip_002.mp4,Crowdy,test,48,30.0,478,850,89.10416666666667,63.958723533011685,163.3,-4.186984368215375,8.909346134104627,3.863706487770788,11.799903869628906,0.09575455716426012,0.2673530276280214,0.2386835202279246,0.6718800902366637,-0.002978119081578489,163.40426313168743,184.21041904436672,446.6562042236328,0.04368055064134182
/Users/harinihegde/Downloads/crowd_panic/Crowdy/VID-20250923-WA0020_clip_003.mp4,Crowdy,train,48,30.0,478,850,124.16666666666667,57.31613114027227,187.0,2.8292444637429437,14.967674321316657,6.455904414624667,23.343584060668945,-0.249874410449521,0.6447951243595874,0.2960046716468376,0.9233102917671203,0.003377053720375165,229.61427744666804,202.97155343192105,522.5197143554688,-0.021928174759587547
/Users/harinihegde/Downloads/crowd_panic/Crowdy/VID-20250923-WA0021_clip_001.mp4,Crowdy,test,48,29.99,478,850,40.020833333333336,5.516979787186303,46.0,0.22150455927051635,5.374373359883085,2.627930651668709,8.458677673339842,-0.14622298569507222,0.6884475661085007,0.14857177046828995,0.8731582164764404,-0.00883561499919966,84.25266119252142,124.38195296470575,137.80223693847657,-0.003582036692363981
/Users/harinihegde/Downloads/crowd_panic/Crowdy/VID-20250923-WA0021_clip_002.mp4,Crowdy,train,48,29.99,478,850,48.791666666666664,4.605062130115318,53.300000000000004,0.09324793747286125,1.874597520270246,0.5065780268297299,2.4447418689727782,-0.00710627127862659,0.3136098202952045,0.15234605045387442,0.4827150285243988,-0.00175671353221119,96.88814608761793,181.98199165812463,179.82575988769537,-0.011792284832101686
/Users/harinihegde/Downloads/crowd_panic/Crowdy/VID-20250923-WA0022_clip_001.mp4,Crowdy,train,48,30.0,478,850,17.479166666666668,15.213740477133017,41.0,-0.6925206252713856,4.857113718986511,3.569635711927553,8.238101196289062,0.2003399231104968,0.3710581604787644,0.10875520129145853,0.5350855827331542,-0.0008307507073818583,144.4836593574863,226.1900992121054,485.4287536621094,0.5770363170566624
/Users/harinihegde/Downloads/crowd_panic/Crowdy/VID-20250923-WA0022_clip_002.mp4,Crowdy,test,48,30.0,478,850,2.0208333333333335,6.83584176520265,2.6000000000000085,0.1553951367781155,10.379620760045153,4.454177147321761,14.983151435852049,0.0719450414456449,0.6129575412958226,0.23015093648240184,0.8694679617881775,0.005504642877724304,371.7753501399871,274.60782399141124,755.802978515625,16.375257628194756
/Users/harinihegde/Downloads/crowd_panic/Crowdy/VID-20250923-WA0022_clip_003.mp4,Crowdy,train,48,30.0,478,850,244.89583333333334,94.99084157243207,300.0,5.217922275293096,13.348074770988301,1.97919490668499,15.291153717041015,-0.022300623060926606,0.7176918213037734,0.2248061281599666,0.8862988710403442,-0.011454405070081775,167.579164350379,183.8425482665286,414.9643646240236,-0.004848281456963361
/Users/harinihegde/Downloads/crowd_panic/Crowdy/VID-20250923-WA0022_clip_004.mp4,Crowdy,train,48,30.0,478,850,147.22916666666666,68.91850246950298,238.0,-4.569528875379943,6.416809619741237,1.86573670535717,8.52160530090332,-0.03879345593686237,0.7052166948610163,0.2657087807520788,0.9031863212585449,-0.011580308988883353,119.0317760081792,177.81123760754244,345.38722534179686,0.02644380839522557
/Users/harinihegde/Downloads/crowd_panic/Crowdy/VID-20250923-WA0022_clip_005.mp4,Crowdy,train,48,30.0,478,850,73.75,18.85746978432331,96.30000000000001,0.5331089882761604,6.766832777794371,2.63130054080758,10.910156249999998,0.07559619646839913,0.39390930961421194,0.23582118933760654,0.7138689994812012,0.005447740429645334,189.6248881582026,206.63959471502054,511.68458251953126,0.00916203990490585
/Users/harinihegde/Downloads/crowd_panic/Crowdy/VID-20250923-WA0022_clip_006.mp4,Crowdy,test,48,30.0,478,850,80.16666666666667,37.58675150753107,122.60000000000001,1.42574902301346,8.986682044698837,2.972609071615304,13.459585762023924,-0.055572435411449586,0.45648777532450696,0.26177564907432116,0.8139038562774658,0.014611906495210646,178.6551742227865,175.03240472275635,450.3054382324219,-0.040321066089004286
/Users/harinihegde/Downloads/crowd_panic/Crowdy/VID-20250923-WA0022_clip_007.mp4,Crowdy,train,48,30.0,478,850,73.375,38.39033352724789,131.3,-2.1125705601389515,11.174987290767913,3.338463919427102,15.650002670288085,0.018778304249792675,0.5172018383411651,0.2716216401879797,0.8031180620193481,-0.0009262868178238084,266.99292931456887,244.53513780655288,607.7116455078128,0.05578278044612319
/Users/harinihegde/Downloads/crowd_panic/Crowdy/VID-20250923-WA0026_clip_001.mp4,Crowdy,train,48,30.0,478,850,103.29166666666667,11.441806262804642,118.0,0.592922275293094,4.5682089937494155,3.9416632901474187,9.563145637512205,-0.19575209724031925,0.7627080526757748,0.1328891523310948,0.8832714676856994,-0.0031122423632623354,147.4834555185286,194.2688206070166,434.99119873046914,-0.01696383591092789
/Users/harinihegde/Downloads/crowd_panic/Crowdy/VID-20250923-WA0026_clip_002.mp4,Crowdy,train,48,30.0,478,850,102.5625,7.726863987629997,112.30000000000001,-0.2845744680851072,2.1414458662905593,2.048886653764291,3.427388191223144,0.022981192058539882,0.6285849869885343,0.17203080246546593,0.8403609991073608,0.0006749386262496665,134.3597981411472,206.36641942138596,434.2847991943359,0.006459544355476717
/Users/harinihegde/Downloads/crowd_panic/Crowdy/VID-20250923-WA0026_clip_003.mp4,Crowdy,train,48,30.0,478,850,105.77083333333333,11.85896212317456,121.60000000000001,-0.186115935735998,3.7670454471669297,1.9356717618198076,6.547084045410156,0.014767903913842901,0.6741103365858818,0.18796887872939363,0.8389209628105163,0.0032165844181240625,123.83321233086905,165.60589508861617,371.7055419921875,0.001879899601988597
/Users/harinihegde/Downloads/crowd_panic/Crowdy/VID-20250923-WA0026_clip_004.mp4,Crowdy,train,48,30.0,478,850,81.39583333333333,11.512202915698724,94.30000000000001,-0.5852692140686071,2.7969455617539425,1.179144241473456,4.555628299713135,0.0007586657421992929,0.8222323960446297,0.05108939235881253,0.8744857430458068,0.0011407970127741897,173.35822251644802,258.02203209649423,567.7826843261719,0.007298759970051646
/Users/harinihegde/Downloads/crowd_panic/Crowdy/VID-20250923-WA0027_clip_001.mp4,Crowdy,test,48,30.0,478,850,227.52083333333334,88.1041026247107,300.0,-5.0180742509769924,5.612784067366985,2.41512157110682,8.48485507965088,0.12573535737618602,0.8441454952067518,0.12221013532706068,0.9341699361801148,-0.002540085016716203,121.78270153308323,177.18730932040134,386.45892944335947,0.00693018770631225
/Users/harinihegde/Downloads/crowd_panic/Crowdy/VID-20250923-WA0027_clip_002.mp4,Crowdy,train,48,30.0,478,850,57.125,87.39341722921698,212.30000000000004,4.245657837603127,13.776833366840444,5.4192925739687965,20.110412216186525,-0.1397936110635469,0.7794429273047345,0.11481822904173201,0.9070314168930054,0.0012763818066005598,163.76258007401964,204.24086270941334,506.8456970214845,-0.04516284587876406
/Users/harinihegde/Downloads/crowd_panic/Crowdy/VID-20250923-WA0028_clip_001.mp4,Crowdy,test,48,30.0,478,850,35.708333333333336,15.77439688933375,52.0,-0.39220581849761216,13.355739765978875,5.554743268500554,20.229218673706054,0.11784780632004933,0.5916675316922843,0.3122985840061129,0.9041773915290833,-0.007753811644607336,212.94276788856862,177.51966388883093,488.0332092285159,0.08879426058638598
/Users/harinihegde/Downloads/crowd_panic/Crowdy/VID-20250923-WA0028_clip_002.mp4,Crowdy,train,48,30.0,478,850,31.520833333333332,31.437762313904525,86.60000000000001,-1.2839231437255765,11.38161843888303,4.587660101825229,18.21370277404785,-0.09152235045243352,0.3832623130305016,0.3128497919393784,0.8884362697601318,0.004332622139698291,212.6072731038051,161.94777219141045,482.10869140624993,0.007482771303233622
/Users/harinihegde/Downloads/crowd_panic/Crowdy/VID-20250923-WA0029_clip_001.mp4,Crowdy,train,48,29.97,478,850,119.97916666666667,45.5761677411805,159.3,-2.256024750325665,5.618629861385264,1.207011068574108,7.048299503326415,0.044397736841831695,0.13931008206403,0.0565285187164171,0.216070955991745,0.0020103772462903083,159.8722178075971,205.9486544385058,484.8696594238281,0.013356585183778127
/Users/harinihegde/Downloads/crowd_panic/Crowdy/VID-20250923-WA0029_clip_002.mp4,Crowdy,train,48,29.97,478,850,143.54166666666666,50.47770065968624,224.30000000000004,2.700716456795485,4.8185312519682215,3.8447890368083626,10.347517967224121,0.14670337186600743,0.2727100801594714,0.1614846901566377,0.5329503178596496,0.0007966553265096196,189.697270621711,225.5768860715307,542.4404052734376,0.00442569539819152
/Users/harinihegde/Downloads/crowd_panic/Crowdy/VID-20250923-WA0030_clip_001.mp4,Crowdy,test,48,30.0,478,850,12.5625,6.010082674140182,21.300000000000004,-0.1831849761181073,9.238631654292979,1.8285843460298277,11.640344619750977,0.002554650939690932,0.3286485784548394,0.18702813944971694,0.6048002123832702,-0.006795100206517849,345.8748937719009,234.97905609495982,717.5007812500002,0.27751216680745633
/Users/harinihegde/Downloads/crowd_panic/Crowdy/VID-20250923-WA0030_clip_002.mp4,Crowdy,train,48,30.0,478,850,8.8125,3.1202046540785324,13.0,-0.025673035171515573,8.752502624024736,1.5697888958002828,10.921499443054199,-0.01422455038437676,0.2920590236465982,0.1376271170876777,0.49519604444503784,0.0012907044700140972,284.92362530383997,228.41422587678468,641.7543945312506,-0.17623588192687378
/Users/harinihegde/Downloads/crowd_panic/Crowdy/VID-20250923-WA0030_clip_003.mp4,Crowdy,test,48,30.0,478,850,10.020833333333334,4.80229798869481,17.0,0.20283326096395995,7.885945462165995,2.0105194770979464,9.941656303405761,0.03135656659852352,0.26765568942782725,0.17972155841654072,0.566284430027008,0.006298403375826013,378.8286431435256,243.69779837993863,740.2188110351562,-0.1903391855787013
/Users/harinihegde/Downloads/crowd_panic/Crowdy/VID-20250923-WA0030_clip_004.mp4,Crowdy,train,48,30.0,478,850,25.541666666666668,13.283696670062222,46.0,-0.32631350412505494,6.036480091987772,2.5035280630863963,9.458429718017578,0.14356638994291915,0.546618641373959,0.1421771779605754,0.7047258257865906,0.0070283839291273515,226.42381830457057,238.77889505757133,618.531072998047,0.007344182770771432
/Users/harinihegde/Downloads/crowd_panic/Crowdy/VID-20250923-WA0030_clip_005.mp4,Crowdy,train,48,30.0,478,850,23.166666666666668,10.54619467970425,38.300000000000004,0.03191489361702097,10.667566116819991,2.9828390378697054,14.798377799987794,0.05596255191931795,0.39868190591322616,0.1922350278408774,0.6485781311988831,-0.007150783492157453,255.23076303171024,191.2662322271316,559.3151000976563,0.13156582464680183
/Users/harinihegde/Downloads/crowd_panic/Crowdy/VID-20250923-WA0030_clip_006.mp4,Crowdy,test,48,30.0,478,850,24.729166666666668,19.11014083252368,50.90000000000001,0.8963851498046026,8.020414793745001,2.20139747378414,10.879615974426267,-0.044171698770514224,0.5577070085292167,0.20338414579505967,0.7682561278343201,0.010526472256345735,288.41986849728755,271.25493832888793,705.5944763183594,0.00845164023879328
/Users/harinihegde/Downloads/crowd_panic/Crowdy/VID-20250923-WA0031_clip_001.mp4,Crowdy,train,48,30.0,478,850,36.0625,27.570671502220133,73.9,-1.8787993920972654,4.645865212095544,1.3437072792233076,6.155213737487792,0.0600986667907867,0.4553698399599562,0.12516398865035,0.5694801330566406,0.0005239587066958729,155.6362138928765,201.14699117061951,431.6211059570313,0.05213757112773207
/Users/harinihegde/Downloads/crowd_panic/Crowdy/VID-20250923-WA0031_clip_002.mp4,Crowdy,test,48,30.0,478,850,24.4375,14.241819654922377,42.300000000000004,0.22725792444637402,4.585489927454198,1.672152740166269,5.837755489349364,0.010707394818703841,0.40118148526612746,0.17617422729955604,0.6262362241744995,0.0047344471725129554,159.26516973834956,185.9683460399594,475.2504455566408,-0.053914881638263495
/Users/harinihegde/Downloads/crowd_panic/Crowdy/VID-20250923-WA0031_clip_003.mp4,Crowdy,test,48,30.0,478,850,9.354166666666666,4.125578663115704,17.0,0.07484802431610929,2.995911425732552,0.964437945495203,4.37328405380249,-0.0034157076194041196,0.6389050318839702,0.11020837849858742,0.7829873442649841,-0.00011647692523985945,150.33634489108636,232.23946160178315,341.8149780273431,0.303478871406
/Users/harinihegde/Downloads/crowd_panic/Crowdy/VID-20250923-WA0032_clip_001.mp4,Crowdy,train,48,30.0,478,850,208.85416666666666,10.422310970807876,224.3,0.28164350846721375,4.946257378192658,1.846000099108392,7.3943133354187,-0.04893452965694925,0.8581329704599178,0.08669676909442892,0.9209706544876098,-0.002148438169242712,119.48301111744529,171.3171111574233,336.23309326171875,-0.004648388345074326
/Users/harinihegde/Downloads/crowd_panic/Crowdy/VID-20250923-WA0032_clip_002.mp4,Crowdy,train,48,30.0,478,850,170.83333333333334,19.955506062794353,198.0,-0.9732957012592311,4.600480810124823,1.8117511994525841,6.8176370620727536,0.015637214734088963,0.6160079678322407,0.17132945930776122,0.8259081959724426,-0.000936030690229999,124.81335509202859,178.11107092667663,353.46038208007826,-0.001225341764813055
/Users/harinihegde/Downloads/crowd_panic/Crowdy/VID-20250923-WA0032_clip_003.mp4,Crowdy,train,48,30.0,478,850,96.72916666666667,75.02992169331883,176.0,-3.7976009552757297,5.394980506694063,2.0732772877282812,7.79043025970459,0.04126356562787357,0.6967261119725856,0.14876493552309591,0.815986168384552,0.002188805254670789,112.33149213740597,154.96368766405817,318.01655273437547,0.009931175866627935
/Users/harinihegde/Downloads/crowd_panic/Crowdy/VID-20250923-WA0032_clip_004.mp4,Crowdy,train,48,30.0,478,850,93.04166666666667,37.00110264873497,140.10000000000002,-0.7867998263135051,7.667548133971843,3.07639884777625,11.92537612915039,0.14209659658131177,0.5990691540089059,0.24739570678961478,0.8265341997146607,-0.005382411645864929,122.63073621565546,149.52188621806076,345.9161071777344,0.018329730900695118
/Users/harinihegde/Downloads/crowd_panic/Crowdy/VID-20250923-WA0033_clip_001.mp4,Crowdy,train,48,30.0,478,850,15.291666666666666,5.431230421266335,22.0,0.23795049934867563,5.961049681014203,5.488451667964019,15.759715843200683,0.17968628501087072,0.44891258091368574,0.19931637902913682,0.7407604575157165,0.007820868019486721,224.15219755885528,239.20569258496772,614.3823303222656,0.13843041613457444
/Users/harinihegde/Downloads/crowd_panic/Crowdy/VID-20250923-WA0033_clip_002.mp4,Crowdy,train,48,30.0,478,850,21.375,7.666553441192898,31.0,-0.22199305254016524,5.921447812242711,6.190742028742634,17.040192794799804,-0.3159178324477965,0.47023079425413555,0.18196267086243734,0.7280000805854797,-0.0025768099618932584,195.94915677969902,225.95933717001628,522.7427978515625,-0.17749010265772103
/Users/harinihegde/Downloads/crowd_panic/Crowdy/VID-20250923-WA0034_clip_001.mp4,Crowdy,train,48,30.0,478,850,278.2916666666667,72.42149724970403,300.0,1.0743595310464553,7.482662043672927,3.2913429160929644,11.513239288330078,0.18510745767638384,0.6832685077444036,0.13454844616468378,0.8239006161689758,-0.006502185085793534,158.17112536305038,204.9088889917283,450.26048889160177,0.0034736497278610346
/Users/harinihegde/Downloads/crowd_panic/Crowdy/VID-20250923-WA0034_clip_002.mp4,Crowdy,train,48,30.0,478,850,74.27083333333333,65.7082375554153,161.20000000000002,1.9819257490230122,5.348390016149967,3.5032611963473057,9.99761333465576,-0.07164182612512196,0.6564995407107028,0.3035864537321389,0.9480805635452271,0.0028411805626284087,174.91505181589903,221.34527723249886,525.5497070312504,-0.0017032285476415178
/Users/harinihegde/Downloads/crowd_panic/Crowdy/VID-20250923-WA0034_clip_003.mp4,Crowdy,train,48,30.0,478,850,143.66666666666666,133.6812647888834,300.0,-6.158054711246205,7.056439283046316,4.189620310837575,11.985960960388184,-0.20936989344511728,0.4043390177031781,0.2051140371660959,0.6946171879768371,0.011833259606670168,193.00118903814501,208.96270861444717,504.8552124023436,-0.011865310448698489
/Users/harinihegde/Downloads/crowd_panic/Crowdy/VID-20250923-WA0034_clip_004.mp4,Crowdy,train,48,30.0,478,850,31.291666666666668,20.75246805937924,62.300000000000004,-0.7380590534085979,7.796086131258214,4.429416391389191,12.66303596496582,-0.12271905167305726,0.639792043477931,0.179406055334676,0.8282628655433655,-0.005235202512277377,215.65898415152256,196.6136003448936,497.83164672851575,0.07744278185000512
/Users/harinihegde/Downloads/crowd_panic/Crowdy/VID-20250923-WA0034_clip_005.mp4,Crowdy,train,48,30.0,478,850,41.9375,22.717840135379653,70.0,0.679494138080764,3.81785708412211,2.913714815352236,7.560940074920652,0.03795122675025604,0.6250310581415257,0.21032982644097178,0.8379284262657165,-0.0014820826773175855,140.06275402845407,202.4594346886192,409.1221374511719,-0.09395123289764024
/Users/harinihegde/Downloads/crowd_panic/Crowdy/VID-20250923-WA0034_clip_006.mp4,Crowdy,train,48,30.0,478,850,186.66666666666666,133.76087702397223,300.0,6.209400781589232,8.550519679455046,2.0544197752507913,10.332611465454102,0.005610024895963613,0.4573312633215113,0.19446504267066916,0.6966782808303833,-0.0001370910551678084,209.50271128782273,209.21599489653153,527.0731079101563,-0.00462952314041857
/Users/harinihegde/Downloads/crowd_panic/Crowdy/VID-20250923-WA0034_clip_007.mp4,Crowdy,test,48,30.0,478,850,25.125,47.212121060168435,146.0,-2.035171515414679,6.351210657586443,3.6836870215053854,11.04804458618164,0.06372835008112185,0.44308088355241937,0.2010412449620404,0.7156824111938475,-0.0031998334702355866,137.43341714307053,186.7324490532792,424.72274169921934,0.19185170374725036
/Users/harinihegde/Downloads/crowd_panic/Crowdy/VID-20250923-WA0034_clip_008.mp4,Crowdy,train,48,30.0,478,850,108.85416666666667,135.97150277161836,300.0,5.356654363873209,6.437437683977979,2.9335516308254554,10.391397666931152,0.04278448706528972,0.3493370634919785,0.18952052437065017,0.608433711528778,-0.001898747597451455,173.09375362957937,177.7665088091502,438.4410827636728,0.00391457325303143
/Users/harinihegde/Downloads/crowd_panic/Crowdy/VID-20250924-WA0001_clip_001.mp4,Crowdy,train,48,29.07,288,640,16.979166666666668,4.18573760591315,21.900000000000013,0.06496960486322162,10.798782008759519,9.67901287227346,23.310287475585938,-0.27905169145913167,0.7605427446517539,0.20548380151930495,0.9689739584922791,-0.004847672680921844,150.02262430313755,156.4576974541249,369.17362365722664,-0.10428459268941058
/Users/harinihegde/Downloads/crowd_panic/Crowdy/VID-20250924-WA0001_clip_002.mp4,Crowdy,train,48,29.07,288,640,17.333333333333332,4.810289896553937,22.0,-0.06328701693443341,6.939999243046375,5.639262212405558,13.680741882324218,0.23695682507494223,0.6704678113790269,0.2717707845420439,0.9776734709739685,-0.00015384480391630997,114.24896883708358,136.25760952208185,337.2021545410159,0.16595518608839344
/Users/harinihegde/Downloads/crowd_panic/Crowdy/VID-20250924-WA0001_clip_003.mp4,Crowdy,train,48,29.07,288,640,12.583333333333334,6.760280237452357,22.0,0.30981328701693445,15.834825211382928,5.258897345284678,23.355367279052732,-0.07678402561925259,0.6687976905006043,0.2907810740524914,0.9439552426338196,0.010543199414585501,201.7946109389409,132.37263117470616,395.8158508300781,-0.2023654226799609
/Users/harinihegde/Downloads/crowd_panic/Crowdy/VID-20250924-WA0003_clip_001.mp4,Crowdy,train,48,29.88,360,640,66.97916666666667,28.709384051889533,101.20000000000002,0.6868758141554485,7.452097141996343,3.326797107363679,11.252254676818847,0.026720714654556447,0.8905620378382663,0.15130103508767317,0.9766616225242615,0.0034666844642790976,170.3882731699817,178.61246727978937,470.1104919433596,0.004023437138012465
/Users/harinihegde/Downloads/crowd_panic/Crowdy/VID-20250924-WA0003_clip_002.mp4,Crowdy,train,48,29.88,360,640,44.270833333333336,20.460062299649913,66.80000000000003,-0.41950716456795534,8.288965045137608,2.821688451796827,11.563486671447754,0.03279158435796396,0.9132237345614331,0.040296403415539146,0.9654409050941467,-0.0014909883749143122,152.42665317894108,153.24360791461092,420.97250366210943,0.015125478283422268
/Users/harinihegde/Downloads/crowd_panic/Crowdy/VID-20250924-WA0003_clip_003.mp4,Crowdy,train,48,29.88,360,640,63.854166666666664,44.24458045123217,118.60000000000005,-0.08450933564915418,6.446623955635315,4.894728415303295,15.18645133972168,0.261970615016157,0.6654540406579667,0.3059397508924157,0.9241582036018372,-0.009525233623808613,177.79675715898662,216.78807406602016,539.2660400390627,0.06063502227255188
/Users/harinihegde/Downloads/crowd_panic/Crowdy/VID-20250924-WA0004_clip_001.mp4,Crowdy,train,48,30.0,360,640,164.0625,33.91804230420736,202.0,-0.9555471124620093,6.2475224606534265,2.578996033706579,9.289780616760254,0.07150296498844735,0.6951617497078916,0.09920520059620778,0.8104090452194214,0.0011720147111369554,98.36010182208382,118.14833576138136,262.30773315429707,0.003371374638787897
/Users/harinihegde/Downloads/crowd_panic/Crowdy/VID-20250924-WA0004_clip_002.mp4,Crowdy,train,48,30.0,360,640,32.0625,50.87419378968084,127.50000000000003,-2.8528549717759466,8.564758863854916,3.1675781872085778,13.600382423400879,0.0061020360403211795,0.4444439499936205,0.21050987247638125,0.7032264947891235,-0.008407989503069672,128.0684404517736,148.62202695946877,341.44256286621123,0.038988061975943906
/Users/harinihegde/Downloads/crowd_panic/Crowdy/VID-20250924-WA0005_clip_001.mp4,Crowdy,train,48,29.97,640,360,47.8125,5.706926529811529,55.300000000000004,-0.13607251411202845,0.9934720079949562,0.3798236057084071,1.5381848335266113,0.023241073141265646,0.12466528528231255,0.047358234381344615,0.18327156901359556,0.0012770699501678578,70.30736313489676,112.24431343778889,219.71609497070312,0.0031130373572538536
/Users/harinihegde/Downloads/crowd_panic/Crowdy/VID-20250924-WA0005_clip_002.mp4,Crowdy,test,48,29.97,640,360,41.583333333333336,5.904917912685624,48.300000000000004,0.04298740772904866,1.2077811918360122,0.30171222325227787,1.6553288221359252,-0.007099699997493882,0.08831554163802177,0.03827724949687849,0.1425579011440277,0.0006434829911229159,62.07907343663025,99.3195226703246,189.47941894531252,-0.007912554630550635
/Users/harinihegde/Downloads/crowd_panic/Crowdy/VID-20250924-WA0008_clip_001.mp4,Crowdy,train,48,30.0,640,360,289.1875,11.0597925123696,300.0,-0.005156317846292599,1.6945049255452258,1.157377203536465,3.1183547019958486,-0.018076544236409007,0.8112743826622658,0.15886541400155946,0.9424817681312561,-0.004510397424061573,80.68082128444064,132.6634780145588,261.24818725585953,0.0002894151365057968
/Users/harinihegde/Downloads/crowd_panic/Crowdy/VID-20250924-WA0008_clip_002.mp4,Crowdy,train,48,30.0,640,360,268.4166666666667,11.465225200094801,282.90000000000003,-0.40240990013026645,1.3821791283627773,0.4740385376683529,2.129443073272705,0.011775463812611487,0.6949723984332795,0.16538665614378392,0.874930465221405,0.004184867724927902,83.4531405590693,139.9565617903149,279.39727172851565,0.0008984665086412545
/Users/harinihegde/Downloads/crowd_panic/Crowdy/VID-20250924-WA0008_clip_003.mp4,Crowdy,test,48,30.0,640,360,226.1875,18.25131987236357,252.20000000000002,-1.0401107251411232,3.669205020082758,2.86969825560506,6.386362648010252,0.0705035352229962,0.7394111191338681,0.17018141043744278,0.8848360300064086,0.0010882880535255956,111.20227157827509,147.85869844331577,331.03277587890625,0.0064995104251328265
/Users/harinihegde/Downloads/crowd_panic/Crowdy/VID-20250924-WA0008_clip_004.mp4,Crowdy,test,48,30.0,640,360,203.70833333333334,19.417516075841306,229.9,0.5935735996526222,1.8481054902076721,0.507664900028802,2.563062906265259,-0.004190367318269374,0.44447048420601704,0.17583024054533083,0.6618729472160338,0.005798168157319523,102.37156765302018,144.83755890527726,317.4079895019531,-0.0010809816904054524
/Users/harinihegde/Downloads/crowd_panic/Crowdy/VID-20250924-WA0008_clip_005.mp4,Crowdy,test,48,30.0,640,360,196.83333333333334,14.141153496876493,214.0,-0.6530612244897964,1.732893558258706,0.682208672153593,2.5934513092041014,0.0031212597575373106,0.5967184609555184,0.17448053610801087,0.7967328786849975,-5.801339615670542e-05,100.93116787096,148.4437993851212,324.10875244140624,0.0003080442117686938
/Users/harinihegde/Downloads/crowd_panic/Crowdy/VID-20250924-WA0008_clip_006.mp4,Crowdy,train,48,30.0,640,360,160.125,16.085222255225446,180.60000000000002,-0.34889274858880054,1.8805425978721457,0.7012834066782448,2.910605955123901,-0.02382024383787534,0.6393320002454392,0.16750643656971367,0.8406036496162415,-0.003229312405720776,83.23451020306258,123.8932923604826,262.0979309082032,-0.0017804580364092766
/Users/harinihegde/Downloads/crowd_panic/Crowdy/VID-20250924-WA0008_clip_007.mp4,Crowdy,test,48,30.0,640,360,119.375,41.26975537040816,148.60000000000002,-2.087820234476774,2.9616012256196202,3.378137801267617,6.993246364593503,0.15092123092378767,0.6265483910733081,0.20779882948681574,0.8587349653244019,-0.0006005453164659034,85.91419006367309,129.6900983614007,284.89803771972663,0.0025581820746450328
/Users/harinihegde/Downloads/crowd_panic/Crowdy/VID-20250924-WA0013_clip_002.mp4,Crowdy,test,48,25.0,360,640,27.416666666666668,17.267302111859347,49.50000000000002,0.5544941380807641,8.718162118120397,5.841581324051085,17.2342586517334,0.04544235090488206,0.7661389156858972,0.16586583500867208,0.9003013134002685,-0.0023317443625613657,188.45595437569096,182.24337818588327,493.90338745117185,0.020381379005616273
/Users/harinihegde/Downloads/crowd_panic/Crowdy/VID-20250924-WA0013_clip_003.mp4,Crowdy,train,48,25.0,360,640,27.666666666666668,24.29963419935004,67.0,0.10236647850629578,9.028852691041662,5.287808165976472,16.717486572265624,0.10896067784463337,0.6571071510143737,0.2447617332657164,0.8560378551483154,-0.002565914561246598,162.11432589806986,175.78706361265688,436.3208465576172,-0.025780468216239263
/Users/harinihegde/Downloads/crowd_panic/Crowdy/VID-20250924-WA0013_clip_004.mp4,Crowdy,train,48,25.0,360,640,41.0625,43.42685720937371,114.50000000000003,-1.7501628310898836,8.175594305738489,5.657724274505965,16.753926467895507,0.16937026591018658,0.7067951949194391,0.21732080731612874,0.9041518330574035,0.005765952671310296,124.36153159979577,170.57565782313685,405.439111328125,0.029756104504973693
/Users/harinihegde/Downloads/crowd_panic/Crowdy/VID-20250924-WA0013_clip_005.mp4,Crowdy,train,48,25.0,360,640,28.1875,18.08389736063551,55.30000000000005,0.5030937907077722,7.747543588597724,5.751132140351875,16.69224510192871,0.10781979848950358,0.7534223240106663,0.19806633532004014,0.9056625723838806,0.00024563141311902673,167.78006431979819,176.78014364968584,456.3619384765625,0.051715794471936506
/Users/harinihegde/Downloads/crowd_panic/Crowdy/VID-20250924-WA0013_clip_006.mp4,Crowdy,test,48,25.0,360,640,27.083333333333332,24.63130911845509,59.300000000000004,0.4691706469821967,9.896165170568102,5.1853801668413695,17.001650238037108,0.04219889354088264,0.6306050053619324,0.23093558647585283,0.8564141988754272,-0.0009138883779878228,173.5920551317059,179.71918861534067,461.02070922851567,0.06355027979733437
/Users/harinihegde/Downloads/crowd_panic/Crowdy/VID-20250924-WA0013_clip_007.mp4,Crowdy,train,48,25.0,360,640,24.75,40.46989621928873,111.40000000000003,-1.8404255319148948,12.457496810466685,5.724885134586762,19.281509017944334,0.30063773971481755,0.5796757345979519,0.20343509990036138,0.8235089778900146,-0.0005403382197077563,102.11401385147727,130.79769264241264,305.89506530761724,0.13702828529545094
/Users/harinihegde/Downloads/crowd_panic/Crowdy/VID-20250924-WA0013_clip_008.mp4,Crowdy,train,48,25.0,360,640,7.479166666666667,3.1753581381563176,11.600000000000009,-0.1336843247937474,14.71215658999504,4.407125095985646,20.407050323486327,0.046163811052871304,0.7100793349933117,0.19636742622659764,0.8816835641860962,-0.003766891153686085,207.1400358574731,156.30443724773835,432.3799438476562,0.2603459109142068
/Users/harinihegde/Downloads/crowd_panic/Crowdy/VID-20250924-WA0017_clip_015.mp4,Crowdy,train,48,29.97,640,360,39.75,22.03453728430287,59.300000000000004,0.942357794181502,0.6136763066643517,1.4845857207035327,0.8698728680610655,0.003254328775643865,0.07592854351597897,0.04505039989708225,0.13837542235851288,-0.0012257369138234933,73.50801998233744,145.05442308570048,270.2145690917969,0.013980057440967118
/Users/harinihegde/Downloads/crowd_panic/Crowdy/VID-20250924-WA0017_clip_016.mp4,Crowdy,train,48,29.97,640,360,57.854166666666664,9.425120652042368,69.30000000000001,0.36143074250976936,0.553064356775994,0.3504863879679437,1.0254928231239318,-0.011958839494138817,0.07649296020811543,0.04253072344168549,0.13444142341613768,-0.0001618525253050547,64.44491363576806,139.13055146063812,229.98901214599593,-0.0036833969807189043
/Users/harinihegde/Downloads/crowd_panic/Crowdy/VID-20250924-WA0017_clip_017.mp4,Crowdy,train,48,29.97,640,360,30.020833333333332,31.85938479169922,74.30000000000001,-2.088851498046028,0.9631012754237398,1.4442330862590083,1.6071456432342528,0.00950143294310702,0.18199819312529994,0.1193893120788354,0.29716249704360964,0.003386845285694093,52.16058831031863,114.63988433499203,187.58104858398428,0.0020733853883100053
/Users/harinihegde/Downloads/crowd_panic/Crowdy/VID-20250924-WA0037_clip_005.mp4,Crowdy,train,48,30.0,640,360,56.3125,20.267128815317346,78.30000000000001,1.2868541033434646,2.9499500140230706,2.1476367694198433,4.811911773681641,0.06433148377477628,0.5672374580134737,0.16874211662819966,0.7813938736915589,8.384170739547504e-05,119.7124606722532,166.31140039650816,396.1946105957031,0.003559897650232819
/Users/harinihegde/Downloads/crowd_panic/Crowdy/VID-20250924-WA0037_clip_006.mp4,Crowdy,train,48,30.0,640,360,29.6875,13.309076242048757,46.0,-0.6054602692140694,3.3302965861685734,3.5094115928568725,8.11499843597412,0.1790142399047835,0.45135685230823275,0.1278288291822459,0.5953528881072998,-0.0022391040898190957,95.76139882293262,155.31801248483538,329.0639587402346,0.033493157802212854
/Users/harinihegde/Downloads/crowd_panic/Crowdy/VID-20250924-WA0037_clip_011.mp4,Crowdy,train,48,30.0,640,360,79.35416666666667,48.270284847984435,133.8,2.396493703864525,4.642831685695242,1.4252657619833382,5.8830112457275385,0.02791266919395423,0.5936606076169522,0.3020459553803108,0.9084728002548218,0.017862230316183565,108.37280808500455,137.24145387450704,290.13116455078125,0.0026689734276255745
/Users/harinihegde/Downloads/crowd_panic/Crowdy/VID-20250924-WA0037_clip_012.mp4,Crowdy,test,48,30.0,640,360,21.770833333333332,10.243370993259765,26.0,-0.2653603994789411,5.860679296737022,1.872967257552491,7.9907505989074705,0.02333919534409744,0.273594783183108,0.15764804340653593,0.5310745239257811,-0.003680276696524559,124.79683787780895,163.46526949615824,388.77671508789115,-0.012714393122755603
/Users/harinihegde/Downloads/crowd_panic/Crowdy/VID-20250924-WA0037_clip_014.mp4,Crowdy,train,48,30.0,640,360,60.229166666666664,28.273397083457958,91.9,1.6587603126356922,4.317473048859454,2.690761149764663,7.170874786376952,-0.15936336811773208,0.598781329401313,0.2810996223212083,0.9017623782157898,-0.01763766387754932,96.55107852660898,147.76370722311745,313.5224914550781,-0.003866544615253308
/Users/harinihegde/Downloads/crowd_panic/Crowdy/VID-20250924-WA0037_clip_015.mp4,Crowdy,train,48,30.0,640,360,11.8125,9.015394819418615,15.0,-0.15865175857577113,3.3584392159543137,1.8264093773960497,4.632037162780762,-0.06365548724189721,0.4360006112367549,0.17044495398232726,0.6547327995300293,-0.007509554377054852,87.86706458171601,138.46271829097708,224.95602416992188,-0.015745947395382102
/Users/harinihegde/Downloads/crowd_panic/Crowdy/VID-20250924-WA0037_clip_047.mp4,Crowdy,train,48,30.0,640,360,34.791666666666664,6.27481186083606,44.60000000000001,-0.05840208423795107,1.4959108512452308,0.4111191803024991,1.9621704816818237,0.022077499641575956,0.5918413595633304,0.17158150415935428,0.7406813621520996,0.006489737024815081,96.8212665738397,149.81150433187207,334.19820861816413,0.04661182752528461
/Users/harinihegde/Downloads/crowd_panic/Crowdy/VID-20250924-WA0037_clip_048.mp4,Crowdy,train,48,30.0,640,360,46.875,8.368156407875434,55.300000000000004,0.34335649153278275,1.9696912816230288,1.4354126014017177,2.5579387187957763,0.006156761995297035,0.5979336512849686,0.12348410961129369,0.7690744996070862,-0.004205803180959465,86.87470151524448,160.506644089327,338.5031341552735,-0.021907523455029217
/Users/harinihegde/Downloads/crowd_panic/Crowdy/VID-20250924-WA0037_clip_049.mp4,Crowdy,train,48,30.0,640,360,43.604166666666664,5.028003179416479,51.300000000000004,-0.18372774641771697,1.6701855507302792,0.4436024301149924,2.3903074264526367,0.024543587266571777,0.4926643693383704,0.1608358300421476,0.6698131918907165,0.006489845415772002,72.59106533963771,146.13983091629458,249.68679809570312,0.0013149170485244445
/Users/harinihegde/Downloads/crowd_panic/Crowdy/VID-20250924-WA0037_clip_050.mp4,Crowdy,train,48,30.0,640,360,70.60416666666667,16.47186943364016,88.0,0.8392857142857136,3.6444724646020443,2.1484484359776963,4.812762355804443,-0.02897389297899991,0.5129372957856098,0.19882828777295583,0.7901183009147644,-0.0041394758879945365,118.14707493449468,164.7269801242044,401.5292236328128,-0.00865949159646777
/Users/harinihegde/Downloads/crowd_panic/Crowdy/VID-20250924-WA0037_clip_051.mp4,Crowdy,train,48,30.0,640,360,68.66666666666667,20.377002287437232,92.0,-0.9622231871472003,3.047657943786459,1.873227805690767,4.660029125213622,-0.031164703795912074,0.40117926213969574,0.1453672487901757,0.612052834033966,0.002337356228088474,102.85713021778872,159.62951795176505,363.0859252929688,0.0028368453657178112
/Users/harinihegde/Downloads/crowd_panic/Crowdy/VID-20250924-WA0037_clip_052.mp4,Crowdy,train,48,30.0,640,360,33.1875,4.715472095488779,39.0,-0.02882110290924936,1.2968466814528121,0.205575650686292,1.5669994592666625,0.002993916577481206,0.5354765409484823,0.12319518683645816,0.6496186971664428,-0.0002326035336225096,88.73886170946116,150.5389805962078,311.7440887451172,9.912039608750974e-05
/Users/harinihegde/Downloads/crowd_panic/Crowdy/VID-20250924-WA0037_clip_128.mp4,Crowdy,train,48,30.0,640,360,75.70833333333333,17.73174922435899,101.30000000000001,1.008467216673903,10.53629571833509,3.085903161306314,14.460823822021483,-0.1974382516303402,0.9603804096262506,0.02110043008223395,0.9778284072875977,-0.0008627968141593747,151.95170627795196,149.38843452305358,363.63055419921875,-0.011840030746103928
/Users/harinihegde/Downloads/crowd_panic/Crowdy/VID-20250924-WA0037_clip_129.mp4,Crowdy,train,48,30.0,640,360,106.77083333333333,22.462227167081085,134.30000000000004,1.1873100303951352,6.455760519555274,1.4317058123932358,8.25872459411621,0.05672987360958702,0.925439492185065,0.03510713565746929,0.9681673526763916,0.0014189239126129703,129.66305750415836,145.115278245804,337.7027465820315,2.5935978140762524e-05
/Users/harinihegde/Downloads/crowd_panic/Crowdy/VID-20250924-WA0037_clip_130.mp4,Crowdy,train,48,30.0,640,360,115.0,25.0099980007996,152.3,-1.6462223187147231,11.962416760464931,3.707672303957633,15.346550941467283,0.21228466504817756,0.9686395411795758,0.0386658150643411,0.9904769897460938,0.001456593165896101,141.69356239666217,139.17431268622303,320.75615844726565,0.012038568972035412
/Users/harinihegde/Downloads/crowd_panic/Crowdy/VID-20250924-WA0037_clip_131.mp4,Crowdy,train,48,30.0,640,360,43.1875,12.487754418496012,65.30000000000001,-0.666359096830222,8.356383673688198,3.2897676536561082,12.387627601623535,0.1246414953475745,0.8703268221084107,0.13043540326993314,0.9668536901473999,0.002770467055659958,142.04376969617164,146.98371836150312,344.11340332031244,0.023049071324977032
/Users/harinihegde/Downloads/crowd_panic/Crowdy/VID-20250924-WA0037_clip_132.mp4,Crowdy,train,48,30.0,640,360,20.625,11.283514892680088,34.300000000000004,-0.03180633955709976,12.226707209932043,5.237348023954363,19.14592170715332,0.012813287102216775,0.7695917734440337,0.12785473164056205,0.9084800958633423,-0.00413015353166869,176.9511793178848,158.8316576143895,431.3651062011719,0.02891177502638852
/Users/harinihegde/Downloads/crowd_panic/Crowdy/VID-20250924-WA0037_clip_133.mp4,Crowdy,train,48,30.0,640,360,25.145833333333332,5.780677524208464,32.300000000000004,0.026867129830655298,9.132239012008018,3.5729769458700575,12.916660499572753,0.1813623438710752,0.7711363789883066,0.19811484536471344,0.9392035365104675,0.009948010524522925,141.02776899103546,141.56460725037306,329.87890625000034,0.07618828710125969
/Users/harinihegde/Downloads/crowd_panic/Crowdy/VID-20250924-WA0037_clip_134.mp4,Crowdy,train,48,30.0,640,360,52.1875,9.033862799673976,64.0,0.28446591402518373,8.81013801250052,5.521680509078785,15.656411743164062,-0.3581148572920872,0.7933004092662892,0.16171404420577182,0.9683562278747558,-0.010287661942809289,136.65935318524237,156.12429177980215,379.91440124511723,-0.03229476817920256
/Users/harinihegde/Downloads/crowd_panic/Crowdy/VID-20250924-WA0037_clip_135.mp4,Crowdy,train,48,30.0,640,360,42.020833333333336,9.62957593245356,57.300000000000004,-0.5043964394268353,7.6586812506330775,4.8157427094144305,15.094218254089355,0.2779543212340124,0.8831906990802034,0.09592149181168871,0.9748420000076294,0.00437485527981221,139.22441735649207,158.0542666569879,378.69094238281247,0.04390254233017137
/Users/harinihegde/Downloads/crowd_panic/Crowdy/VID-20250924-WA0037_clip_136.mp4,Crowdy,train,48,30.0,640,360,40.5625,13.78239554951654,62.60000000000001,0.17981980026052943,9.788218599684695,5.777349457445609,18.38272171020508,-0.3971409680774982,0.9371476908947559,0.06692125785784604,0.9776075124740601,-0.003284071078463674,165.66118327774154,160.43985425541936,412.1934204101563,-0.04092760147116852
/Users/harinihegde/Downloads/crowd_panic/Crowdy/VID-20250924-WA0037_clip_137.mp4,Crowdy,train,48,30.0,640,360,76.875,30.425198575084657,118.60000000000001,1.9953321754233602,2.840401555629487,0.9163618214018338,4.213671588897705,-0.028445691270038636,0.5921269106738111,0.20936237575565755,0.8377725601196289,0.011681384397506945,104.95267704221419,151.1115768028253,326.4291748046876,-0.006422170402693294
/Users/harinihegde/Downloads/crowd_panic/Crowdy/VID-20250924-WA0037_clip_138.mp4,Crowdy,train,48,30.0,640,360,67.5625,30.236502670613213,104.30000000000001,-2.0401107251411226,8.534393143146596,3.123764555790489,12.747607231140137,-0.029636838500087283,0.937189907469648,0.037508753457128306,0.9697742700576782,0.0012174570841661382,153.14767178762042,149.13387037787916,384.1944702148437,0.018652380001710163
/Users/harinihegde/Downloads/crowd_panic/Crowdy/VID-20250924-WA0037_clip_139.mp4,Crowdy,test,48,30.0,640,360,41.5,9.282600210429546,53.0,0.1963742943986105,10.587958249639957,3.999460693515182,14.336592483520509,-0.24427750932740225,0.879646693296889,0.1769463280025361,0.9743649244308472,-0.006645372006473554,176.9237366022464,161.07247567751844,422.84286804199263,-0.07744702154827773
/Users/harinihegde/Downloads/crowd_panic/Crowdy/VID-20250924-WA0037_clip_140.mp4,Crowdy,train,48,30.0,640,360,23.5625,12.476488304673982,42.300000000000004,-0.835811984368216,9.012558155871453,3.2859450765652536,12.296669387817383,0.1537070539568885,0.8847932924932622,0.2011045020822697,0.9803839206695557,0.006881050831852801,153.25085444284846,159.03017531385572,387.9002868652345,0.11281881577581891
/Users/harinihegde/Downloads/crowd_panic/Crowdy/VID-20250924-WA0037_clip_150.mp4,Crowdy,test,48,30.0,640,360,91.41666666666667,37.7468725709679,129.50000000000003,2.5805471124620056,4.463193746323281,0.7832428783979591,5.191971302032471,0.0009085944303200553,0.6923707558753642,0.1577952530879251,0.8528760075569153,0.00023836502245353007,107.89420274195075,141.15697703234108,299.690966796875,-0.003967289713370981
/Users/harinihegde/Downloads/crowd_panic/Crowdy/VID-20250924-WA0037_clip_151.mp4,Crowdy,train,48,30.0,640,360,100.375,14.704909894317613,118.30000000000001,-0.49250976986539385,3.7916939562939582,1.2453160533914271,5.2728095054626465,-0.05995862372047255,0.6861603618302243,0.18592956868666397,0.9172275543212891,-0.011809953813209343,105.14370072382883,139.5892826215021,299.3723266601563,-0.0028173705992022412
/Users/harinihegde/Downloads/crowd_panic/Crowdy/VID-20250924-WA0037_clip_152.mp4,Crowdy,train,48,30.0,640,360,49.875,10.919449390880477,64.20000000000002,-0.5078158923143736,1.6777967265311708,0.8120092385923253,2.4457791805267326,0.0196251589787657,0.5217180009535018,0.1624182626130569,0.7166661381721496,0.004430040522417356,136.1071000686643,181.947368311216,450.5586578369139,0.03001767356692391
/Users/harinihegde/Downloads/crowd_panic/Crowdy/VID-20250924-WA0037_clip_153.mp4,Crowdy,train,48,30.0,640,360,31.0625,15.274442502101346,60.90000000000001,-0.6406317846287454,2.884332438732715,1.5645677440807015,3.695354604721069,-0.006984806868569047,0.5148611927920199,0.1567393490274462,0.715265142917633,-0.0034789365598247805,106.46467020174278,151.44102608483914,315.96601257324215,-0.08828475702775304
/Users/harinihegde/Downloads/crowd_panic/Crowdy/VID-20250924-WA0037_clip_154.mp4,Crowdy,train,48,30.0,640,360,9.270833333333334,5.718171267012635,21.300000000000004,-0.2593899261832396,3.4627275872737804,2.0312457103926773,5.334303951263427,0.016245135187992425,0.6923018148604859,0.1432444501532825,0.855355954170227,0.007552839874201194,65.08572942462374,100.84868912537819,118.93515014648438,-0.11752467593498717
/Users/harinihegde/Downloads/crowd_panic/Crowdy/VID-20250924-WA0037_clip_191.mp4,Crowdy,train,48,30.0,640,360,40.854166666666664,19.200683129484972,68.9,0.6140360399478936,3.1937558194424245,1.152137926519027,4.862702941894531,0.006081438638014916,0.6174120888748067,0.23910955834710138,0.8946858644485474,0.0011214800213466183,141.61912553881996,172.08679658273348,434.08884277343753,-0.015954090869087254
/Users/harinihegde/Downloads/crowd_panic/Crowdy/VID-20250924-WA0037_clip_192.mp4,Crowdy,train,48,30.0,640,360,78.58333333333333,12.615852021255726,93.30000000000001,-0.06426400347373176,3.1682521155539978,1.0505988851205055,4.76911277770996,-0.05445290036382324,0.6557525233068364,0.24894659329237048,0.9163030743598938,-0.01659586838085573,105.10004377340016,156.4218465373007,339.728369140625,-0.012567838048739285
/Users/harinihegde/Downloads/crowd_panic/Crowdy/VID-20250924-WA0037_clip_193.mp4,Crowdy,train,48,30.0,640,360,62.229166666666664,12.878016771701388,75.60000000000001,0.22226443768996848,2.311347411033955,1.491311670843919,3.3547434806823726,0.07053189160204071,0.5060060690058038,0.19593051598015643,0.7509255290031432,0.008370600320281639,103.23682339494734,162.00837233076317,372.7937255859378,0.0005682502633129822
/Users/harinihegde/Downloads/crowd_panic/Crowdy/VID-20250924-WA0037_clip_194.mp4,Crowdy,test,48,30.0,640,360,42.3125,23.0986618028693,70.30000000000001,-1.4623860182370834,9.617076112868938,3.1885873946499785,13.648268508911132,-0.1680752978790258,0.9553269820010408,0.02709222591345377,0.9804368853569031,0.000520554842439451,150.2591295927693,145.56967667247972,365.25020141601556,-0.0002866604631823385
/Users/harinihegde/Downloads/crowd_panic/Crowdy/WhatsApp Video 2025-09-23 at 18.49.03_90b78793_clip_072.mp4,Crowdy,train,48,29.97,720,1280,14.333333333333334,3.83152131085755,18.300000000000004,-0.14654798089448573,3.182997183596834,1.6056901359033366,4.67749490737915,0.047138332410833574,0.7140333830042088,0.16516068442824564,0.8989173531532287,0.00454366335664272,389.56227423928,734.4161943745269,1370.8543457031296,0.1467592858151895
/Users/harinihegde/Downloads/crowd_panic/Crowdy/WhatsApp Video 2025-09-23 at 18.49.04_ad5c6978_clip_001.mp4,Crowdy,train,48,30.0,480,854,13.541666666666666,9.453743379682406,27.300000000000004,-0.5252930959617894,8.612102542785887,4.659426858037813,15.258534049987793,0.2109827322680349,0.5542321972390438,0.278141431756918,0.8548623919487,-0.014016694194576067,219.26185724391775,226.9280654152934,574.2695495605469,0.6556866001024663
/Users/harinihegde/Downloads/crowd_panic/Crowdy/WhatsApp Video 2025-09-23 at 18.49.04_d6799d0a_clip_001.mp4,Crowdy,train,48,30.0,480,848,2.6875,2.01200822148751,5.300000000000004,0.037831089882761605,10.814898795269904,3.6603040964580944,15.766130447387695,0.16251481238280485,0.45488431146170233,0.23343403648976394,0.7262542486190796,0.0021083200967265017,299.36320756765514,214.2040987579862,623.0148559570314,-2.5179400534896588
/Users/harinihegde/Downloads/crowd_panic/Crowdy/WhatsApp Video 2025-09-23 at 18.49.04_d6799d0a_clip_002.mp4,Crowdy,train,48,30.0,480,848,4.520833333333333,3.1819123137230263,9.0,0.08581198436821538,9.931240376005782,3.6887229784880575,15.055032348632812,-0.06790086789664886,0.43771179052109416,0.23784104719327626,0.7158815503120423,-0.008260397735903873,304.26574436939546,213.3475339039091,621.7397705078125,1.2918785695972506
/Users/harinihegde/Downloads/crowd_panic/Crowdy/WhatsApp Video 2025-09-23 at 18.49.04_d6799d0a_clip_003.mp4,Crowdy,train,48,30.0,480,848,3.0833333333333335,2.44807180359473,7.0,0.012592270950933538,8.54642716367194,2.9337847225691855,12.969539833068847,0.038489921985126935,0.40959258349810507,0.2234928150475623,0.7029974818229675,0.002348318053099303,294.42307293267896,252.2524569371919,719.9552612304688,-0.2690196892325678
/Users/harinihegde/Downloads/crowd_panic/Crowdy/WhatsApp Video 2025-09-23 at 18.49.36_79697ff5_clip_001.mp4,Crowdy,test,48,60.0,364,850,11.145833333333334,2.5657161389279906,14.300000000000004,-0.06746634824142447,1.4576009413960607,0.79800028698907,2.4801357269287108,0.031117565521574513,0.5764981669948456,0.1223381785209976,0.7130002975463867,0.004167070888003519,114.33659043709108,204.5385798465069,415.0075744628908,0.27343499532372595
/Users/harinihegde/Downloads/crowd_panic/Crowdy/WhatsApp Video 2025-09-23 at 18.49.36_79697ff5_clip_002.mp4,Crowdy,train,48,60.0,364,850,7.416666666666667,1.3359349618234497,9.0,-0.01823708206686944,1.2097955320743805,0.7157540870211732,2.1169892311096192,0.030266849198322624,0.5822944878897769,0.15564692327271903,0.7423964977264405,0.003373183022278201,51.16697511478651,94.03925324482641,85.98202667236328,0.11047052818319578
/Users/harinihegde/Downloads/crowd_panic/Crowdy/WhatsApp Video 2025-09-23 at 18.49.36_79697ff5_clip_003.mp4,Crowdy,test,48,60.0,364,850,12.3125,3.4166031498161056,17.0,0.12315458098132852,1.4112935776406146,0.6295868656943656,2.450293970108032,-0.023589124408560043,0.6657338210559905,0.10044575356556859,0.7551452279090881,-0.000251560573613445,96.43990900535546,190.16105010092832,243.8960418701172,-0.09835526210568891
/Users/harinihegde/Downloads/crowd_panic/Crowdy/WhatsApp Video 2025-09-23 at 18.49.36_79697ff5_clip_004.mp4,Crowdy,test,48,60.0,364,850,13.25,3.939648884524271,19.60000000000001,0.1085540599218409,0.8040413393619212,0.3262873444911907,1.0995901107788086,-0.0005810093427564484,0.5031343723865266,0.14870337161850308,0.6741167664527893,0.00018521327315162053,69.45655836710782,160.7344153906703,106.64434051513672,0.02054303453512899
/Users/harinihegde/Downloads/crowd_panic/Crowdy/WhatsApp Video 2025-09-23 at 18.49.36_79697ff5_clip_005.mp4,Crowdy,train,48,60.0,364,850,13.25,4.289036410819257,19.300000000000004,-0.19724272687798544,1.211665725454371,0.5514507834784013,1.6907363891601561,0.019015862972619476,0.7126874961751573,0.10269370026782586,0.8193261623382568,-0.00394834729323333,111.41477389548668,214.8409339063633,434.4866638183594,0.1297608804562393
/Users/harinihegde/Downloads/crowd_panic/Crowdy/WhatsApp Video 2025-09-23 at 18.49.36_79697ff5_clip_006.mp4,Crowdy,train,48,60.0,364,850,10.375,2.912795049432761,14.0,-0.05688232739904495,1.381790097723616,0.5906361805064821,2.2419099330902097,-0.024787523265959028,0.7007674359260722,0.0891531602067101,0.8251598834991455,0.00015288410806524482,80.3399787198873,175.12637850186607,132.8018798828125,0.09836162235769072
/Users/harinihegde/Downloads/crowd_panic/Crowdy/WhatsApp Video 2025-09-23 at 18.49.36_79697ff5_clip_007.mp4,Crowdy,train,48,60.0,364,850,14.583333333333334,6.58544270004345,26.300000000000004,-0.32414242292661766,0.6542320295851282,0.3907799713935114,1.1691683053970336,0.012796662861582974,0.4718407880752645,0.11696241504667636,0.616559612751007,0.002541814519783394,96.4503813040373,209.18034133904573,394.7827453613282,0.03655911934437023
/Users/harinihegde/Downloads/crowd_panic/Crowdy/WhatsApp Video 2025-09-23 at 18.49.36_79697ff5_clip_008.mp4,Crowdy,train,48,60.0,364,850,9.541666666666666,3.552923287785551,14.300000000000004,-0.032566217976552625,0.4973203764950975,0.13948853543202364,0.6304133534431458,-0.004901757801535714,0.5709784260772645,0.13591804177794822,0.7003614068031311,-0.004575711357942283,63.47939933643525,158.97850968126085,95.4958587646485,-0.08666314157362719
/Users/harinihegde/Downloads/crowd_panic/Crowdy/WhatsApp Video 2025-09-23 at 18.49.36_79697ff5_clip_009.mp4,Crowdy,train,48,60.0,364,850,6.895833333333333,1.3729466992162838,9.0,0.028278332609639505,0.4976466884638401,0.15563032217870798,0.6845878958702087,0.005416469190142203,0.47060527034262395,0.12430728732914348,0.6032108902931214,-0.0005593137035041229,47.50742605730736,141.6695783207305,45.065274810791,-0.08023477136254287
/Users/harinihegde/Downloads/crowd_panic/Crowdy/WhatsApp Video 2025-09-23 at 18.49.36_79697ff5_clip_010.mp4,Crowdy,train,48,60.0,364,850,5.833333333333333,2.257702864024011,8.0,-0.0701259227095094,1.6016837605770597,1.0759931434984271,3.345220708847046,0.06786139299757056,0.603829396214891,0.10686233239034035,0.7256480813026428,-0.0005450181156451991,63.7425440257197,148.03315443866705,95.84673767089843,0.49132434554856
/Users/harinihegde/Downloads/crowd_panic/Crowdy/WhatsApp Video 2025-09-23 at 18.49.36_79697ff5_clip_011.mp4,Crowdy,test,48,60.0,364,850,2.75,2.520747243709029,6.0,0.10399478940512374,1.5839030374871923,0.5000879998025337,2.088911008834839,0.0028499023959550653,0.3433603916237963,0.14236307482882568,0.47085795402526853,-0.006425565498072057,112.94813832574421,161.64395217256987,196.61004943847675,-0.44597821496771933
/Users/harinihegde/Downloads/crowd_panic/Crowdy/WhatsApp Video 2025-09-23 at 18.49.36_79697ff5_clip_012.mp4,Crowdy,test,48,60.0,364,850,2.6875,1.6221930885892304,5.0,-0.05042336083369521,6.7319587291555205,5.231897366142076,14.906461334228513,0.26788620748638997,0.5689456057041249,0.24418752662188828,0.8389485597610473,0.016202748629930507,171.5935636065727,223.10125437727612,453.4745635986328,-1.180840828439089
/Users/harinihegde/Downloads/crowd_panic/Crowdy/WhatsApp Video 2025-09-23 at 18.49.36_79697ff5_clip_013.mp4,Crowdy,train,48,60.0,364,850,2.8541666666666665,1.258133262240354,4.300000000000004,-0.02024533217542345,10.103338556086763,5.7759206564060905,18.061651611328124,0.35425242365343945,0.5857229797922551,0.22211397770159666,0.8003487706184387,-0.008869094797388514,195.94159861907218,223.6463280570129,532.8166381835937,1.902655950236949
/Users/harinihegde/Downloads/crowd_panic/Crowdy/WhatsApp Video 2025-09-23 at 18.49.36_79697ff5_clip_014.mp4,Crowdy,train,48,60.0,364,850,0.7708333333333334,1.2622662049750926,2.3000000000000043,-0.02002822405557969,4.773027978044875,4.334887455493233,12.021035957336423,-0.2577492501259291,0.7136167341724355,0.17180961480001386,0.9119165658950805,-0.008382530822646917,157.361108984266,145.7206587090996,371.8512878417969,-4.622672481660719
/Users/harinihegde/Downloads/crowd_panic/Crowdy/WhatsApp Video 2025-09-23 at 18.49.36_79697ff5_clip_015.mp4,Crowdy,train,48,60.0,364,850,2.25,3.788689307223102,9.300000000000004,0.2080981328701694,4.459510714449781,4.438941395648788,11.670678329467773,0.23174339557664467,0.48755629646017196,0.1973373153302984,0.6755591630935669,-0.003006473168124215,284.46567129159905,238.2246743014226,681.0304443359378,-2.2518987980567826
/Users/harinihegde/Downloads/crowd_panic/Crowdy/WhatsApp Video 2025-09-23 at 18.49.36_79697ff5_clip_016.mp4,Crowdy,train,48,60.0,364,850,11.729166666666666,3.4140615068012794,16.0,-0.10144376899696067,1.980759265575003,0.7218094528434376,3.190093946456909,-0.03816455719815039,0.3967523650920137,0.17714447190393826,0.6138330459594726,-0.0055316175824370655,128.7529001264284,202.40371498421064,405.81521606445324,-0.164612213039302
/Users/harinihegde/Downloads/crowd_panic/Crowdy/WhatsApp Video 2025-09-23 at 18.49.36_79697ff5_clip_017.mp4,Crowdy,train,48,60.0,364,850,9.979166666666666,2.2683472629991104,13.0,0.04315023881893165,1.6474651110933183,0.3011649132062078,1.980173897743225,-0.003633221544180605,0.49428668935248193,0.13494337304317502,0.6675494313240051,-0.003998463871741495,69.25465913860141,141.72467368999108,104.13400421142582,0.03965277876420148
/Users/harinihegde/Downloads/crowd_panic/Crowdy/WhatsApp Video 2025-09-23 at 18.49.36_79697ff5_clip_018.mp4,Crowdy,train,48,60.0,364,850,7.375,6.802649606342125,15.300000000000004,-0.36810681719496335,5.510970067470632,3.6419245419860515,9.711606979370117,0.118670072851084,0.43573168791989064,0.2345833775954128,0.7289186358451843,-0.008270327655717405,157.26581581338306,201.69347241738186,475.27484130859375,1.0088068658890903
/Users/harinihegde/Downloads/crowd_panic/Panic/VID-20250923-WA0009_clip_001.mp4,Panic,train,48,30.0,478,850,170.10416666666666,11.418624375943404,185.0,-0.22932045158489164,4.158150005847849,1.6488737840621241,6.845619487762451,-0.05554784448415897,0.5649559961116695,0.18172266151284838,0.7713363528251648,-0.007465844430291302,120.06539241937226,165.49549676086045,363.92088623046897,-0.002299141779949089
/Users/harinihegde/Downloads/crowd_panic/Panic/VID-20250923-WA0009_clip_002.mp4,Panic,train,48,30.0,478,850,166.75,9.150364291473137,179.0,0.20831524099000875,1.5925356986674857,0.309758356427345,1.9996291637420653,-0.0016671190319184504,0.35113447833251443,0.12970600391713177,0.5445799231529235,0.0014546333702761922,127.63805485150215,229.41841296656952,450.93328857421875,-3.0036680779979016e-05
/Users/harinihegde/Downloads/crowd_panic/Panic/VID-20250923-WA0016_clip_001.mp4,Panic,train,48,30.0,478,850,64.85416666666667,45.746579828138216,114.60000000000001,-0.041847590099870144,9.53091064412543,2.998916809506309,12.758913040161131,0.04890086924335008,0.36027576092709884,0.3273239809151216,0.8469886541366577,-0.016926695253686237,201.69649375642666,185.41950136196718,493.1572845458985,0.07794270212285576
/Users/harinihegde/Downloads/crowd_panic/Panic/VID-20250923-WA0023_clip_001.mp4,Panic,train,48,29.99,478,850,137.60416666666666,19.123218417381757,163.0,-0.12999348675640576,2.3261850666492543,0.8562817471489271,3.4319883823394775,-0.00027632076468985455,0.5636679501609599,0.17427867689222912,0.7441805839538574,0.0040484857051930525,157.17065414379366,217.18285210778924,495.6499328613281,0.002467649437128979
/Users/harinihegde/Downloads/crowd_panic/Panic/VID-20250923-WA0023_clip_002.mp4,Panic,train,48,29.99,478,850,142.52083333333334,27.600565802876016,177.50000000000003,-0.2059813287016944,3.8131268658536546,1.6275616218569273,6.33718729019165,0.009113853268332195,0.8033266111891321,0.1843209352938187,0.9307009696960449,0.0033406022622505913,171.4731984898448,217.8370313297529,517.4446044921876,0.001018669003777396
/Users/harinihegde/Downloads/crowd_panic/Panic/VID-20250923-WA0023_clip_003.mp4,Panic,test,48,29.99,478,850,97.35416666666667,44.96132114724339,148.30000000000004,-2.5683347807208023,4.791023586658722,3.6908457842680016,8.876857948303222,0.06833022384870727,0.7077556701099619,0.2556248747909922,0.9259620547294617,0.013609825617958565,186.98207150223345,226.42368215664627,549.6079711914062,0.03057748815546791
/Users/harinihegde/Downloads/crowd_panic/Panic/VID-20250923-WA0023_clip_004.mp4,Panic,train,48,29.99,478,850,71.875,20.4283554975268,96.9,0.17238384715588267,3.3564195024206285,1.498640424245045,5.505704307556152,-0.03414022937678938,0.8573420326760475,0.0939956921268537,0.9311083197593689,-0.0023585946250027955,182.55198235914955,235.82198178335773,583.9303100585936,-0.010501122886246337
/Users/harinihegde/Downloads/crowd_panic/Panic/VID-20250923-WA0023_clip_005.mp4,Panic,train,48,29.99,478,850,70.97916666666667,21.9691920494486,107.0,0.4402409900130258,1.1583023489789759,0.4417993138290431,1.68280131816864,0.015011529566566786,0.5282953062907179,0.1630728594270167,0.7066981196403503,0.00768200999037962,149.1626459126289,226.961383398325,525.1254394531245,0.010539267668047313
/Users/harinihegde/Downloads/crowd_panic/Panic/VID-20250923-WA0023_clip_006.mp4,Panic,train,48,29.99,478,850,38.395833333333336,19.590324549946132,65.50000000000003,-0.25309379070777255,2.116134502786271,1.32546988651452,3.100911140441894,0.014310869999112755,0.6124015534494786,0.2155739920673655,0.8210926175117492,-0.005223161210094907,193.8365508316202,248.48581532051983,612.2417602539062,-0.011317729819366294
/Users/harinihegde/Downloads/crowd_panic/Panic/VID-20250923-WA0023_clip_007.mp4,Panic,train,48,29.99,478,850,41.9375,23.300041353682904,67.30000000000001,-0.03142640034737373,2.366197795309919,1.00867494290796,3.3935418128967285,-0.0063907281529230545,0.7166392727893718,0.2265157570714932,0.8853132843971252,0.005218320412028873,201.8256416900529,254.008798002746,633.1583618164062,-0.017454156794527796
/Users/harinihegde/Downloads/crowd_panic/Panic/VID-20250923-WA0023_clip_008.mp4,Panic,test,48,29.99,478,850,35.229166666666664,18.714120764070703,61.300000000000004,0.483554059921841,2.1903000435930617,0.9307582089212106,3.4456745624542235,-0.0476170519950983,0.7503316332685187,0.13944595239313365,0.8804682850837707,-0.005091514596913714,195.3333667363551,246.7095270822545,625.8813720703126,-0.037333165294110654
/Users/harinihegde/Downloads/crowd_panic/Panic/VID-20250923-WA0023_clip_009.mp4,Panic,train,48,29.99,478,850,62.604166666666664,16.474398804576214,85.60000000000001,0.23073165436387294,2.757526623441818,1.48847708047214,4.679605007171631,0.07868324815675577,0.7646603115061497,0.11656860394171183,0.901373314857483,0.0061606121534666086,211.19498297938307,246.13247785336472,622.2587829589849,0.0020713441856937244
/Users/harinihegde/Downloads/crowd_panic/Panic/VID-20250923-WA0023_clip_010.mp4,Panic,train,48,29.99,478,850,49.270833333333336,26.209682993864863,83.60000000000001,-0.9758467216673917,2.9733451680934175,2.037903165404977,5.966577243804931,-0.1037706752117313,0.7345636404575185,0.21293072558179463,0.9268998980522156,-0.012734115444240912,203.9103891505541,246.8660872989681,635.5105773925782,-0.03899106539308975
/Users/harinihegde/Downloads/crowd_panic/Panic/VID-20250923-WA0023_clip_011.mp4,Panic,train,48,29.99,478,850,39.1875,19.410753301971564,61.20000000000002,0.2516825879287879,1.3632510291769149,0.34036163447302253,1.8200318574905396,0.017279873310030884,0.5579828943343873,0.10651610650054966,0.6711853861808776,0.00603676959527631,203.36750133769422,256.26175821128663,637.7270324707038,0.020928162622400444
/Users/harinihegde/Downloads/crowd_panic/Panic/VID-20250923-WA0023_clip_012.mp4,Panic,train,48,29.99,478,850,38.916666666666664,20.57995923762295,72.40000000000003,0.5426617455492831,1.565199319352495,0.4836231201962054,2.175024175643921,0.012850986419729786,0.6283547827538024,0.11921859627756844,0.7772906184196472,0.0020920670798925513,214.73681815042596,255.09115436623765,634.8216918945313,-0.02687138419989355
/Users/harinihegde/Downloads/crowd_panic/Panic/VID-20250923-WA0023_clip_013.mp4,Panic,train,48,29.99,478,850,25.291666666666668,17.14273210106513,47.800000000000026,0.3283760312635691,1.920647586913819,0.7642496598611943,2.942798328399658,0.011300496550261383,0.6911321916478745,0.1273992314626422,0.857098376750946,0.0017107875257813296,229.97472911682286,280.85448810273897,689.1676818847657,0.04241411821079742
/Users/harinihegde/Downloads/crowd_panic/Panic/VID-20250923-WA0023_clip_014.mp4,Panic,train,48,29.99,478,850,29.541666666666668,13.68386874713759,51.60000000000001,-0.5018454190186721,1.2891547794037677,0.336554881888915,1.7314844369888305,0.012377138715668161,0.5094692326606588,0.15338347784537096,0.6718739151954651,0.008619996971492965,204.403232088089,270.26728518140726,692.3192443847657,0.05148884196358217
/Users/harinihegde/Downloads/crowd_panic/Panic/VID-20250923-WA0023_clip_015.mp4,Panic,train,48,29.99,478,850,27.416666666666668,16.644360072475667,51.60000000000001,0.7597698653929654,1.3436142041328105,0.3282493715784981,1.7716351747512817,0.007392367680628588,0.5394369462069045,0.12103663236029696,0.6760880827903748,0.0007678892301476577,202.6740853091923,254.45522177342218,629.6101257324224,-0.0023303458331413347
/Users/harinihegde/Downloads/crowd_panic/Panic/VID-20250923-WA0023_clip_016.mp4,Panic,train,48,29.99,478,850,50.0625,24.982832647306697,83.40000000000003,-1.1666847590099885,1.0995088308415515,0.23130499372028782,1.3417565822601318,0.002347510952457697,0.43140801977603993,0.12319073350678098,0.6080271005630493,-0.000529542573961142,191.60878110752773,250.75505375423052,618.0287780761719,0.02087817326705061
/Users/harinihegde/Downloads/crowd_panic/Panic/VID-20250923-WA0023_clip_017.mp4,Panic,train,48,29.99,478,850,69.16666666666667,24.711108613109385,101.20000000000002,0.8137212331741197,4.561717981987811,3.2947691892986444,8.734149932861328,0.15535464601644644,0.7813155536955976,0.08112242159953524,0.866558063030243,0.0018779133393960847,190.42151998168688,213.75956877381347,541.254150390625,0.02089040064618681
/Users/harinihegde/Downloads/crowd_panic/Panic/VID-20250923-WA0023_clip_018.mp4,Panic,train,48,29.99,478,850,177.4375,25.792365028240432,200.20000000000002,0.5495549283543181,2.3483035767332034,1.1047487269117564,3.608395671844482,-0.027132786514028975,0.8454292048799231,0.032064138992378616,0.8812292337417602,-0.0012412652180329314,182.10931463940062,267.7146917845608,601.2634765625005,-0.003043685927002281
/Users/harinihegde/Downloads/crowd_panic/Panic/VID-20250923-WA0024_clip_001.mp4,Panic,train,48,25.05,848,478,300.0,0.0,300.0,-4.812208637950848e-15,5.546303504324974,3.3630406534408013,10.328256988525391,0.2050739849790945,0.9043929462737226,0.0712687827542433,0.9556947231292725,0.003067496223211509,144.95351708185765,195.54244774743938,423.5123596191406,0.008295365589554063
/Users/harinihegde/Downloads/crowd_panic/Panic/VID-20250923-WA0024_clip_002.mp4,Panic,train,48,25.05,848,478,263.6041666666667,30.943321562262117,300.0,-0.845581849761184,4.252384764082889,1.7363054621787761,6.454151153564452,-0.036369782261667635,0.7732435357063374,0.19324466201096502,0.9101269602775574,-0.000614148825682717,162.97851499844785,213.2520294054434,492.6120117187503,-0.001399481480225875
/Users/harinihegde/Downloads/crowd_panic/Panic/VID-20250923-WA0024_clip_003.mp4,Panic,train,48,25.05,848,478,177.66666666666666,97.21225345717598,300.0,-6.234042553191495,6.388343387461723,3.354191657455003,11.097571563720702,0.022831628986468143,0.737664909438884,0.18933143503345679,0.9318573117256165,-0.008379320035947895,148.27438426154583,186.25782869517022,448.3006286621094,0.011990294062314229
/Users/harinihegde/Downloads/crowd_panic/Panic/VID-20250923-WA0024_clip_004.mp4,Panic,test,48,25.05,848,478,103.60416666666667,28.57719048423449,140.0,-0.9660768562744256,3.645972533428923,1.04443783506063,5.001408386230468,0.03009663354071284,0.5171391371082752,0.12461579613693503,0.6658648490905762,0.0024311386951685627,187.32800180333896,233.35970823236445,574.9296386718751,0.010103857904380384
/Users/harinihegde/Downloads/crowd_panic/Panic/VID-20250923-WA0025_clip_001.mp4,Panic,train,48,30.0,478,850,7.520833333333333,3.013784880437812,11.0,-0.08896005210594887,10.671417723310755,2.9028762530191146,15.078367233276367,-0.022031563559028404,0.35733578702870833,0.2080866571603357,0.6425772666931152,-0.005243324443773739,355.16034720523425,234.17769145863525,728.60546875,1.1529978931392988
/Users/harinihegde/Downloads/crowd_panic/Panic/VID-20250924-WA0009_clip_001.mp4,Panic,train,48,30.0,360,640,4.479166666666667,2.0614475429227452,7.0,-0.03023230568823281,7.58082170182086,2.643531774889577,10.467428779602049,0.1201540711409069,0.3404220830094307,0.137910715629569,0.5172244191169739,-0.0014570506606647316,163.02436332867063,141.2122188771352,382.90689697265617,0.2026653615316436
/Users/harinihegde/Downloads/crowd_panic/Panic/VID-20250924-WA0009_clip_002.mp4,Panic,test,48,30.0,360,640,5.291666666666667,3.4997519753389503,9.0,0.19300911854103342,8.004667206013456,3.3369003595659663,12.58592529296875,-0.13284031885514969,0.43468796303297613,0.14833157966622687,0.6123876214027405,0.0012579486816501233,152.94601086469797,130.41793624517865,345.3512634277344,-0.6548716897202776
/Users/harinihegde/Downloads/crowd_panic/Panic/VID-20250924-WA0009_clip_003.mp4,Panic,train,48,30.0,360,640,3.8333333333333335,3.2553374974374347,8.0,-0.09889274858879735,6.684022578787296,3.091136759454791,10.574625778198241,0.13175976874649697,0.4070113057944369,0.20641585283983127,0.6808339357376099,-0.0007679613688779684,216.23585533287564,210.5303495313972,537.2931823730469,2.468036909191755
/Users/harinihegde/Downloads/crowd_panic/Panic/VID-20250924-WA0010_clip_001.mp4,Panic,train,48,25.0,360,640,20.75,8.305369748943551,30.0,-0.36485019539730845,2.57971678832744,2.235084417795134,6.195456981658934,0.10276194008465282,0.6772987062626696,0.09172616473927724,0.7552648544311523,-0.001953906411517003,138.80875825244675,191.6665298079888,476.89296875,0.12695454580471943
/Users/harinihegde/Downloads/crowd_panic/Panic/VID-20250924-WA0010_clip_002.mp4,Panic,train,48,25.0,360,640,16.416666666666668,9.340399111149136,27.200000000000017,-0.09259661311333077,1.9949696888314916,1.4973644226623226,3.3331166267395016,-0.010786103289729428,0.46123096521230456,0.17990013645535102,0.7380205631256104,-0.007928436671131248,147.28755215846974,192.2400924832913,481.5390747070314,0.03484146562571414
/Users/harinihegde/Downloads/crowd_panic/Panic/VID-20250924-WA0010_clip_003.mp4,Panic,train,48,25.0,360,640,8.1875,4.46120429368573,13.300000000000004,0.12532566217976543,3.9970310850346342,1.956424352375321,6.820781707763671,0.01843884394303394,0.3331908666865623,0.16054933687180073,0.5454654216766357,0.002358509000618215,222.18806450045298,210.18886685396328,575.6306823730469,-0.0165991768606127
/Users/harinihegde/Downloads/crowd_panic/Panic/VID-20250924-WA0010_clip_004.mp4,Panic,train,48,25.0,360,640,14.083333333333334,6.2210440352796805,21.300000000000004,0.1640251845419017,2.7696362873341176,1.0829443901690379,4.137432289123535,-0.009572901658775812,0.41572309967051163,0.13487139238025925,0.6134516358375549,0.0005244689491283668,176.37173302410955,206.52844582339856,533.7089355468751,-0.06956463073620855
/Users/harinihegde/Downloads/crowd_panic/Panic/VID-20250924-WA0010_clip_005.mp4,Panic,test,48,25.0,360,640,10.4375,6.140393072380085,16.300000000000004,-0.20272470690403843,2.3194049951878,0.9714634370005529,3.535838556289673,-0.01555828354515265,0.32144153007167453,0.16896827802153672,0.5790765643119812,0.0016868151082492747,148.50799741521914,195.21293602629376,509.06586303710975,0.09782362997571674
/Users/harinihegde/Downloads/crowd_panic/Panic/VID-20250924-WA0010_clip_006.mp4,Panic,train,48,25.0,360,640,12.208333333333334,6.445147830388032,21.60000000000001,0.07826747720364723,3.1671305320998457,1.746537857735128,5.889115333557128,0.0773228045663246,0.3253029485015159,0.1438574517977184,0.4884572207927704,9.507624730536536e-05,170.75456034245394,177.21715871741495,470.85101318359375,0.3858289055910618
/Users/harinihegde/Downloads/crowd_panic/Panic/VID-20250924-WA0010_clip_007.mp4,Panic,train,48,25.0,360,640,16.854166666666668,10.265211443132685,34.300000000000004,0.4177702996092052,3.9263015909397856,1.7665843737855682,5.283213424682617,0.05128125219186297,0.37490095103040655,0.16007272656765087,0.6021483063697814,0.006979250167319891,184.75300258705767,159.0893192070563,449.9193359375,-0.007848414237594014
/Users/harinihegde/Downloads/crowd_panic/Panic/VID-20250924-WA0011_clip_001.mp4,Panic,train,48,25.0,640,360,3.875,4.289643536083933,9.300000000000004,0.22210160660008688,0.9712567447507238,1.1116323785356281,2.6667550086975096,0.05000466259154764,0.2566276003230125,0.18096247203632299,0.5248164534568787,0.009595829480440528,155.1001340784468,180.45671141386939,449.8157653808594,-0.6449960473839881
/Users/harinihegde/Downloads/crowd_panic/Panic/VID-20250924-WA0011_clip_002.mp4,Panic,train,48,25.0,640,360,6.6875,4.047407863888524,12.600000000000009,0.19523447676943112,2.135666840888084,1.18669856312675,3.4824880123138424,0.03047274481798082,0.44288345743367014,0.1731873136148069,0.640926170349121,0.008818566381317892,159.69926775769986,183.0482365362386,501.99637145996104,-0.2660644458892569
/Users/harinihegde/Downloads/crowd_panic/Panic/VID-20250924-WA0011_clip_003.mp4,Panic,test,48,25.0,640,360,15.5625,6.406072152002869,24.300000000000004,0.009281372123317068,2.808920814635906,0.9793147104961979,4.1343385696411135,-0.04645934601716701,0.54712032288947,0.173540074734899,0.7292786359786987,-0.009313985898360176,135.28237158222225,158.0271698943624,408.4256225585938,-0.06775811923915999
/Users/harinihegde/Downloads/crowd_panic/Panic/VID-20250924-WA0011_clip_004.mp4,Panic,train,48,25.0,640,360,1.875,4.09585664625444,7.900000000000013,-0.1894268345636128,0.5860478199542837,0.8115942996029363,1.9034079790115355,-0.03812392251212821,0.37884863521507445,0.1033947211945637,0.4726602017879486,0.004196141883954893,120.53364351249877,150.67810253315517,383.649639892578,-0.8902639755987477
/Users/harinihegde/Downloads/crowd_panic/Panic/VID-20250924-WA0012_clip_001.mp4,Panic,train,48,30.0,360,640,36.125,20.031875640255624,62.300000000000004,0.8797221016066,11.244829051038051,3.9448954326790893,17.39259567260742,-0.020738168599757727,0.5398928125170951,0.21213390804359256,0.7555193543434143,0.004406674147327673,226.37223469207908,165.72158778826963,482.21318969726565,-0.06293799132921937
/Users/harinihegde/Downloads/crowd_panic/Panic/VID-20250924-WA0012_clip_002.mp4,Panic,train,48,30.0,360,640,47.4375,42.503385281841574,109.10000000000008,-1.5495549283543208,10.80491979578708,3.0545123752154226,14.354465675354003,0.049660469264922374,0.49204237854227106,0.20078107891912347,0.7005308508872986,-0.004476639538638077,158.27234553791465,128.89151283346933,343.73496704101575,0.01683961478410793
/Users/harinihegde/Downloads/crowd_panic/Panic/VID-20250924-WA0012_clip_003.mp4,Panic,train,48,30.0,360,640,79.625,67.68081492072427,180.40000000000003,1.2102692140686055,10.003750846741047,2.993064123149886,13.282869911193847,-0.04095598556287412,0.3762952155096734,0.2743507674650434,0.8021436214447021,0.0024365295878302213,146.3428691347004,142.3071328105285,374.5461303710936,-0.017044998128625137
/Users/harinihegde/Downloads/crowd_panic/Panic/VID-20250924-WA0014_clip_001.mp4,Panic,train,48,29.97,270,480,58.291666666666664,26.205882238323685,86.30000000000001,-1.529743812418585,7.739571436922601,5.445025572556391,16.87920570373535,0.3843573539015544,0.7242541820444959,0.08068561301940451,0.7910704493522644,-0.0003349460303011474,120.56382505715693,117.33892801820548,305.40768127441424,0.04913841185245565
/Users/harinihegde/Downloads/crowd_panic/Panic/VID-20250924-WA0014_clip_002.mp4,Panic,train,48,29.97,270,480,16.75,3.875671984744495,21.0,0.016825879287885172,11.03537818726073,7.278693798081039,20.58803024291992,-0.4114026520728623,0.5286813606607154,0.19471049615183492,0.7406660079956054,-0.0029342934699465397,182.02345481665827,145.21817377529857,405.69802246093747,-0.32862111961437923
/Users/harinihegde/Downloads/crowd_panic/Panic/VID-20250924-WA0014_clip_003.mp4,Panic,train,48,29.97,270,480,18.0,8.689073598491383,31.0,0.302540165002171,14.934604604193504,3.974303027884799,20.45082015991211,0.00436738841959334,0.5798511040654588,0.1908524777286198,0.7652459979057312,0.002877920626505016,183.75828115016617,101.88961490784496,345.0212463378907,-0.09781172366042398
/Users/harinihegde/Downloads/crowd_panic/Panic/VID-20250924-WA0014_clip_004.mp4,Panic,train,48,29.97,270,480,53.833333333333336,26.136128677029085,90.30000000000001,-0.022145028224056288,8.77458233275312,6.115981871355317,18.9534122467041,0.23196339652727982,0.667534702952872,0.13151560592399464,0.7853633761405945,-0.00018330195282864275,113.43598724492259,107.86906090026527,291.1512451171875,0.02163864142416825
/Users/harinihegde/Downloads/crowd_panic/Panic/VID-20250924-WA0015_clip_001.mp4,Panic,train,48,25.0,360,640,50.520833333333336,17.888531688549012,73.20000000000002,0.20967216673903558,1.3546137816094337,1.1333007808468079,2.985881185531615,-0.029457048250226152,0.5016592902706024,0.17350144588042518,0.6996754884719848,-0.007303140338968619,139.04657722720506,187.74467779846375,461.1072326660156,0.011873296959573044
/Users/harinihegde/Downloads/crowd_panic/Panic/VID-20250924-WA0015_clip_002.mp4,Panic,test,48,25.0,360,640,32.958333333333336,19.608627282114597,65.30000000000001,-0.2504342162396877,2.1226620661451463,1.063650904449027,3.431761932373047,0.01971783262921308,0.32993048619716725,0.15075746388814265,0.5079549670219421,0.0007146046523635425,185.5152657802399,200.44935227999565,513.7422119140625,-0.01359352614870043
/Users/harinihegde/Downloads/crowd_panic/Panic/VID-20250924-WA0015_clip_003.mp4,Panic,train,48,25.0,360,640,47.354166666666664,13.814982180187165,68.60000000000001,-0.10600303951367805,1.6144788594956094,0.5226728463201274,2.3482335567474366,-0.006108988948324873,0.4309809962485699,0.1199944167793077,0.5793330788612365,0.002854120220634038,151.89489649621532,185.4887063685224,468.881365966797,0.007759132354426231
/Users/harinihegde/Downloads/crowd_panic/Panic/VID-20250924-WA0015_clip_004.mp4,Panic,train,48,25.0,360,640,43.9375,16.549680573453173,64.50000000000003,-0.18687581415545018,1.2431962160353964,0.5787396630744769,2.0214165687561034,-0.009057621682660638,0.3167641647160053,0.15641096354037556,0.5329800367355346,0.002700572098096169,127.72104930367149,186.76922226087612,451.57732849121106,-0.017893640741543024
/Users/harinihegde/Downloads/crowd_panic/Panic/VID-20250924-WA0015_clip_005.mp4,Panic,train,48,25.0,360,640,38.208333333333336,16.04805067774761,56.800000000000026,0.013460703430307747,1.1612608315462762,0.5706013011654562,1.8536204576492308,0.002698226879237982,0.34359424482000633,0.16848872493035494,0.6066002964973449,-0.0018900692761013292,144.71301780814662,196.90098646555538,492.74012451171905,0.053535558065845784
/Users/harinihegde/Downloads/crowd_panic/Panic/VID-20250924-WA0015_clip_006.mp4,Panic,test,48,25.0,360,640,45.416666666666664,22.47019631027335,74.10000000000002,-0.054385584020843,1.9765103332539822,0.7633962391020759,3.2523104190826415,-0.03168683591454697,0.3480283542674907,0.13177599017897926,0.5182835698127747,-0.0019483038109695285,137.97727307094624,160.6923558761413,408.13226318359375,0.0033780964859323574
/Users/harinihegde/Downloads/crowd_panic/Panic/VID-20250924-WA0015_clip_007.mp4,Panic,train,48,25.0,360,640,45.083333333333336,27.3090593434161,80.80000000000003,-1.233608336951803,1.8600852096334417,1.08055463386901,3.273248863220214,0.014291540353415094,0.4463013454954675,0.18386178844232282,0.6764119744300843,-7.500418631581482e-05,193.30695493437432,241.0429563296797,589.8679687499999,0.04636718903817276
/Users/harinihegde/Downloads/crowd_panic/Panic/VID-20250924-WA0016_clip_001.mp4,Panic,train,48,25.0,640,360,12.041666666666666,3.719085535749645,16.300000000000004,0.14296569691706468,3.5112606253019196,1.5181096780800303,5.44158411026001,0.04142144686680515,0.3480146305358156,0.12056226832819314,0.4964937329292297,0.005045242105316889,142.40481598519617,166.04362556384578,391.1197021484375,0.0893210631111029
/Users/harinihegde/Downloads/crowd_panic/Panic/VID-20250924-WA0016_clip_002.mp4,Panic,train,48,25.0,640,360,16.208333333333332,5.435064908127184,23.0,0.04993486756404669,5.9975036306584135,2.1046966888097316,8.667825889587402,-0.010815313521851787,0.42519061647831125,0.10125998675808888,0.5530869126319885,0.0013830935983995326,216.650468106189,192.61520563857573,537.1047424316407,-0.015632840228354598
/Users/harinihegde/Downloads/crowd_panic/Panic/VID-20250924-WA0016_clip_003.mp4,Panic,train,48,25.0,640,360,14.875,4.2555111326373005,20.0,-0.13623534520191097,2.690338723202969,0.8048136775310055,3.877224159240723,-0.006944645978475916,0.17499648399175483,0.10227478461665884,0.3247102856636047,-0.0015831880915865206,134.4724931386705,166.64669898728516,410.10172729492274,-0.041473716885163214
/Users/harinihegde/Downloads/crowd_panic/Panic/VID-20250924-WA0016_clip_004.mp4,Panic,train,48,25.0,640,360,11.0,2.865018906278514,14.300000000000004,0.019214068606165792,1.6604782406319962,0.7613766525042126,2.660088777542114,0.009543258586517665,0.21728684039826088,0.05626830932019413,0.29367491602897644,0.0010232917213197326,105.10082814910034,175.50421994598662,389.7341491699215,0.16479448692559376
/Users/harinihegde/Downloads/crowd_panic/Panic/VID-20250924-WA0016_clip_005.mp4,Panic,train,48,25.0,640,360,10.041666666666666,3.8403468448681672,13.0,-0.13145896656534978,3.175637336487466,2.0541306418312284,4.8950153350830075,0.008485807259252657,0.3051892613318372,0.1084477782047351,0.4106654107570648,0.004385369418449114,159.64833110275492,185.44505419251664,463.1234130859376,-0.03508310767340135
/Users/harinihegde/Downloads/crowd_panic/Panic/VID-20250924-WA0016_clip_006.mp4,Panic,train,48,25.0,640,360,7.9375,3.184639239118512,11.300000000000004,0.05378853669127218,1.9755598075212317,0.914296563705304,3.2538406372070314,-0.034196282482803333,0.3708642856713305,0.21602020738560884,0.6782017946243286,0.010629735494620075,105.37468477890089,153.51717805034707,245.81538848876957,-0.49368689835322727
/Users/harinihegde/Downloads/crowd_panic/Panic/VID-20250924-WA0016_clip_007.mp4,Panic,train,48,25.0,640,360,7.083333333333333,2.5725581734055223,10.0,0.03213200173686485,1.743350808924817,1.5377211426761292,2.5176523685455323,0.03058222774330056,0.4914921704441943,0.22688942400222384,0.7101645827293396,-0.014200152004797573,73.90415610753706,115.57241028534395,171.62068481445314,0.5571291294109514
/Users/harinihegde/Downloads/crowd_panic/Panic/VID-20250924-WA0016_clip_008.mp4,Panic,train,48,25.0,640,360,7.604166666666667,3.516269231096441,12.0,-0.0914567954841511,2.5335297533806336,1.7970854675132228,3.457172918319702,0.010663025749711182,0.19992251896319238,0.10117875081761772,0.30840613842010495,-0.004864965532979584,118.7489958806116,141.21120056875327,290.2273284912112,-0.05791153019682435
/Users/harinihegde/Downloads/crowd_panic/Panic/VID-20250924-WA0016_clip_009.mp4,Panic,test,48,25.0,640,360,10.25,2.3935677693908453,13.0,0.0360399478940511,2.9237787150480647,1.7206475422318195,5.058658790588378,0.07671899147974424,0.2484168671269683,0.15436328423887477,0.45912446379661553,0.009106284074199273,120.85657885624217,153.12603100401347,346.5756225585938,0.3007480593228727
/Users/harinihegde/Downloads/crowd_panic/Panic/VID-20250924-WA0016_clip_010.mp4,Panic,train,48,25.0,640,360,16.416666666666668,5.361255035488944,24.300000000000004,0.12179765523230562,5.22371793114283,1.8715255387149934,7.116173553466797,0.04083232810913785,0.3936260905354581,0.11369876868367737,0.5003360986709595,0.0006099727588889266,192.09585777817162,190.8204681639808,517.6440246582035,0.02872747970565139
/Users/harinihegde/Downloads/crowd_panic/Panic/VID-20250924-WA0016_clip_011.mp4,Panic,train,48,25.0,640,360,12.4375,5.400255588087166,20.0,-0.22801780286582735,5.014053428922086,2.2867426727661995,8.235520553588866,-0.07373824872521921,0.4111837605212597,0.159561393034363,0.5579110860824584,-0.007250331563635565,188.9471659897081,184.46500324077311,528.5172729492188,-0.12997194437883347
/Users/harinihegde/Downloads/crowd_panic/Panic/VID-20250924-WA0016_clip_012.mp4,Panic,train,48,25.0,640,360,11.854166666666666,3.899730670899666,16.300000000000004,0.01709726443768979,4.972968265731284,1.7708140491851436,7.1220458984374995,-0.015514713783544297,0.3335102581161451,0.13208347889772556,0.46355177760124205,-0.00220731718450178,207.37739550474427,217.10643228747205,587.6911193847657,0.0630085482091
/Users/harinihegde/Downloads/crowd_panic/Panic/VID-20250924-WA0016_clip_013.mp4,Panic,train,48,25.0,640,360,12.083333333333334,3.534551676741416,16.300000000000004,0.04960920538428135,3.5631038564495108,1.239879970898273,5.131342315673828,-0.006112553369879338,0.20272593572735786,0.11094273999764959,0.3818692624568939,-0.005090778349372355,159.54410115922013,181.47308181788566,482.9114074707031,0.030840542170569894
/Users/harinihegde/Downloads/crowd_panic/Panic/VID-20250924-WA0016_clip_014.mp4,Panic,train,48,25.0,640,360,12.895833333333334,4.109134049759011,18.300000000000004,-0.046515414676509076,4.152878255920207,1.276621388674356,6.1027810096740716,0.021213188209156564,0.20907123481973688,0.12195533931158224,0.35713275671005246,0.00012629852172721552,162.83055229471879,181.42094042077483,483.13621826171874,0.12732012423021552
/Users/harinihegde/Downloads/crowd_panic/Panic/VID-20250924-WA0016_clip_015.mp4,Panic,train,48,25.0,640,360,4.9375,5.864463068630694,15.0,-0.27838688666956174,2.0009153307752405,2.964565084752355,4.6443827629089345,-0.11829611655603833,0.24467980663510078,0.08613518287271768,0.35719267725944515,0.00025077275785373736,122.83393375170714,169.25107955211,360.8398071289064,-1.1602548580829992
/Users/harinihegde/Downloads/crowd_panic/Panic/VID-20250924-WA0016_clip_016.mp4,Panic,train,48,25.0,640,360,2.5416666666666665,1.059841445164742,3.3000000000000043,-0.02930959617889711,0.6771819490067502,0.22490982019235672,0.9600953698158264,0.0016509472779330026,0.2276132598994894,0.10961864777503708,0.3716978132724762,0.0029272911268924816,71.35688531462182,121.06082150860163,131.1549057006836,-0.29941969074894836
/Users/harinihegde/Downloads/crowd_panic/Panic/VID-20250924-WA0016_clip_017.mp4,Panic,train,48,25.0,640,360,2.2291666666666665,1.103773514912467,4.0,0.028929656969170624,1.437315931979646,2.1620936131876967,2.776684999465938,-0.050045347149646695,0.2380646657436452,0.08662290262557858,0.3489468991756439,0.0005857553815505349,88.35902406924811,161.10916027179545,172.50937652587882,-2.4024201733134483
/Users/harinihegde/Downloads/crowd_panic/Panic/VID-20250924-WA0016_clip_018.mp4,Panic,train,48,25.0,640,360,3.6458333333333335,2.883065377722507,8.300000000000004,0.12814806773773338,1.757404921219704,1.7730773746166502,5.223336315155029,0.09996358661720262,0.21547620180756488,0.09425803734605351,0.3290892541408539,-0.001983072055601943,84.69535029965236,112.05031089510737,245.17666931152343,0.3058468804279196
/Users/harinihegde/Downloads/crowd_panic/Panic/VID-20250924-WA0016_clip_019.mp4,Panic,train,48,25.0,640,360,10.104166666666666,4.052980299181771,16.0,-0.25059704732957033,4.832442948158751,2.47551826715129,6.9486589431762695,-0.006301677442060065,0.6213128235428891,0.2807909614756339,0.9052776336669922,0.010423883169400096,78.82867866768362,116.35125167979311,137.81906127929688,-0.03675848905486031
/Users/harinihegde/Downloads/crowd_panic/Panic/VID-20250924-WA0017_clip_020.mp4,Panic,train,48,29.97,640,360,9.229166666666666,6.259125282781578,18.60000000000001,-0.14182587928788543,4.359088292464297,3.1416868490186176,9.289043235778808,0.17700082980523663,0.5736733938943832,0.26241862937298854,0.895571517944336,-0.006340913492221311,150.87735829870897,195.56185570871344,499.89495849609375,0.48690694428552495
/Users/harinihegde/Downloads/crowd_panic/Panic/VID-20250924-WA0017_clip_021.mp4,Panic,test,48,29.97,640,360,15.9375,11.249826387549277,34.60000000000001,0.5313178462874512,4.297334690994405,2.796060509911351,7.82017068862915,-0.15214694507426949,0.4281364079327025,0.23401959497806019,0.713529622554779,-0.010542746262399136,129.4257616926826,170.8880575527667,396.20660400390625,-0.13259109310993214
/Users/harinihegde/Downloads/crowd_panic/Panic/VID-20250924-WA0017_clip_022.mp4,Panic,train,48,29.97,640,360,58.520833333333336,17.63754232611663,77.9,0.4797546678245763,5.235660402064628,4.420742417632646,12.136535263061523,-0.10083260712498976,0.40586659993897095,0.11524816077945389,0.51019047498703,0.0035056269509678214,170.36182905202566,184.78960767642937,477.7096160888672,-0.03111507086308581
/Users/harinihegde/Downloads/crowd_panic/Panic/VID-20250924-WA0017_clip_023.mp4,Panic,train,48,29.97,640,360,25.854166666666668,22.733959164772763,68.30000000000001,0.5074359531046458,2.3559386876035244,1.894665261732863,3.2697593212127685,-0.018655387800148967,0.12066178937303892,0.09841390235532373,0.20470899641513823,-0.0021147129750938897,100.84398769932295,161.06463659322367,363.44419555664064,-0.014346556674017148
/Users/harinihegde/Downloads/crowd_panic/Panic/VID-20250924-WA0017_clip_024.mp4,Panic,train,48,29.97,640,360,73.97916666666667,34.109193276479324,113.30000000000001,-0.8538319583152422,2.5941927989429616,2.298958940514164,6.324938201904296,0.07772776024772768,0.2708270588215995,0.1602896372138892,0.5016218006610871,0.005960738672775793,134.15113046345658,168.19589765603226,411.03080749511724,0.02145285238728073
/Users/harinihegde/Downloads/crowd_panic/Panic/VID-20250924-WA0017_clip_026.mp4,Panic,train,48,29.97,640,360,3.3333333333333335,4.317277948996206,11.0,0.20690403821102912,2.8118002303737275,5.335870537973822,11.822810745239256,0.23124182274156732,0.2895378921418748,0.2563924857555323,0.7973339557647705,0.012710295281149827,143.56912495692572,167.14711126229653,385.547869873047,1.9769831309761872
/Users/harinihegde/Downloads/crowd_panic/Panic/VID-20250924-WA0017_clip_027.mp4,Panic,train,48,29.97,640,360,3.1458333333333335,2.637783028521405,7.0,-0.14790490664350864,4.547658654920598,5.23185379010927,11.596787261962888,-0.27067283725333247,0.3730157307804899,0.24934585419050828,0.7244704604148864,-0.014934298824467217,167.28936037342106,161.91576013464697,391.46007690429684,-0.4584065211458553
/Users/harinihegde/Downloads/crowd_panic/Panic/VID-20250924-WA0017_clip_029.mp4,Panic,train,48,29.97,640,360,1.7291666666666667,1.1317314046284224,3.0,-0.022742075553625708,3.080349674250217,3.295515543561346,6.406341648101806,-0.13978619920391377,0.4538463717128368,0.27005931058428884,0.7634642124176025,-0.016426143384212066,76.33050758308835,76.81504332162707,186.3520568847658,-2.721886017767513
/Users/harinihegde/Downloads/crowd_panic/Panic/VID-20250924-WA0018_clip_005.mp4,Panic,test,48,15.0,640,360,1.5,2.254624876411447,4.300000000000004,-0.09585323491098571,7.493481223174232,4.350382818014086,12.965431213378906,-0.053586084433985444,0.5300406763686779,0.21506729741308195,0.7482815265655518,-0.00126864418781997,202.26334300556698,156.80175157381436,420.4760559082031,-3.420896542417095
/Users/harinihegde/Downloads/crowd_panic/Panic/VID-20250924-WA0018_clip_006.mp4,Panic,train,48,15.0,640,360,0.7083333333333334,0.789470638395684,2.0,0.012592270950933562,3.7337277082409313,3.1523921487631794,8.285479164123535,0.10334230561029502,0.464022658923839,0.20158751034192196,0.6669906973838806,-0.006338224273733272,124.81276943133427,134.67345789673777,262.77872009277354,6.245573707989294
/Users/harinihegde/Downloads/crowd_panic/Panic/VID-20250924-WA0018_clip_007.mp4,Panic,train,48,15.0,640,360,5.729166666666667,6.948439822882704,17.900000000000013,0.10383195831524096,4.4112735455657575,3.3654721109702073,10.080410194396972,-0.14504675817362284,0.3867807744982395,0.23121623337870137,0.7207092523574828,-0.0007830400805606724,124.87903792639167,152.47601125781904,324.53424072265625,-0.5635333661635478
/Users/harinihegde/Downloads/crowd_panic/Panic/VID-20250924-WA0018_clip_008.mp4,Panic,train,48,15.0,640,360,1.8333333333333333,1.247219128924647,2.6000000000000085,-0.01541467650890145,2.1378517013756517,1.7031098133562792,4.5470915794372555,0.03692902468237942,0.3235968933936129,0.1169943003502756,0.4624392211437225,0.0030016128105610283,49.52838631967703,77.35807638494069,190.74422912597674,-1.0547623873579395
/Users/harinihegde/Downloads/crowd_panic/Panic/VID-20250924-WA0018_clip_009.mp4,Panic,train,48,15.0,640,360,2.2083333333333335,1.790697412245358,4.0,0.05731654363873207,2.165162507107759,2.120895952849768,5.640734863281249,-0.053180119091542334,0.34078308143355746,0.15143601563723727,0.5116568803787231,0.00742593202951031,80.60814729077475,131.78364756131725,191.79210510253918,0.26814136197691973
/Users/harinihegde/Downloads/crowd_panic/Panic/VID-20250924-WA0018_clip_010.mp4,Panic,train,48,15.0,640,360,2.2291666666666665,1.9174590753274385,5.0,-0.007327399044724277,1.6368458477007424,1.5574689865083822,3.089536237716674,0.02018069767579049,0.39765602278899637,0.17325366648013577,0.5756880283355713,-0.0009946082201747607,125.00475988170457,167.95389946981732,343.69950561523456,1.413493605353478
/Users/harinihegde/Downloads/crowd_panic/Panic/VID-20250924-WA0018_clip_011.mp4,Panic,test,48,15.0,640,360,1.3541666666666667,1.2498263768308868,2.3000000000000043,-0.004613547546678258,2.192362958411785,1.7908818983189239,4.964393138885497,-0.030109868843666704,0.3195456971037895,0.14830482996702393,0.4958090305328369,-0.005489213764322894,167.00674514112802,144.02600243162618,333.1040771484374,-0.21494133249292455
/Users/harinihegde/Downloads/crowd_panic/Panic/VID-20250924-WA0018_clip_012.mp4,Panic,train,48,15.0,640,360,2.3125,1.340961253479508,4.0,0.001139817629179307,1.8254880597616763,0.9915458949364173,3.5089238643646237,0.002623355185512253,0.28092594995619136,0.10090124971031808,0.3786186814308167,-0.0021173385218316494,77.26615669247177,91.13087521996836,179.1779373168945,0.8334270603885311
/Users/harinihegde/Downloads/crowd_panic/Panic/VID-20250924-WA0018_clip_013.mp4,Panic,train,48,15.0,640,360,1.875,1.3169567191065923,4.0,-0.06306990881458972,0.5634768848899415,0.7445283568382323,1.6121043682098388,-0.02445572486056983,0.12854802992908246,0.09181086080034753,0.26888938546180724,-0.003878744721634936,105.78601500543498,181.23061449319826,257.3733337402348,0.32584078161427926
/Users/harinihegde/Downloads/crowd_panic/Panic/VID-20250924-WA0018_clip_014.mp4,Panic,train,48,15.0,640,360,5.125,6.713248716778884,11.300000000000004,0.19485453755970472,4.51166348197303,7.085392001507347,16.41818141937256,0.33723976175991777,0.32802080529484345,0.37271646497318284,0.954790997505188,0.01985196117720947,181.17535634594827,181.04150535426112,499.85181274414066,0.42097937396281726
/Users/harinihegde/Downloads/crowd_panic/Panic/VID-20250924-WA0018_clip_015.mp4,Panic,test,48,15.0,640,360,17.708333333333332,12.108809350588063,35.60000000000001,0.07197134172818037,4.6624422301637365,3.3830460660266604,9.585950088500976,-0.044270186162072095,0.7805573401298929,0.2186536991182427,0.953095269203186,-0.0028648166318495515,143.156598229146,176.75625405472502,421.4265258789063,-0.03943860537123414
/Users/harinihegde/Downloads/crowd_panic/Panic/VID-20250924-WA0018_clip_016.mp4,Panic,train,48,15.0,640,360,4.791666666666667,3.6340882243311348,8.600000000000009,0.055471124620060784,5.524538633056936,4.891922787766325,11.261928176879882,-0.10181003027797171,0.587931537743103,0.228843967601175,0.8793777108192443,-0.009257171301526123,159.18306383737334,188.01816218553807,491.53008422851576,-0.4296717604311028
/Users/harinihegde/Downloads/crowd_panic/Panic/VID-20250924-WA0018_clip_017.mp4,Panic,train,48,15.0,640,360,9.458333333333334,4.596005209841357,15.600000000000009,-0.18323925314806785,4.312431208789349,3.737311467235619,10.13593635559082,0.11873691251318802,0.5135222137608426,0.1866802655992225,0.6696741104125976,0.0013229854466957035,130.94227562148797,157.45618582996403,331.774993896484,0.19356283207870958
/Users/harinihegde/Downloads/crowd_panic/Panic/VID-20250924-WA0018_clip_018.mp4,Panic,train,48,15.0,640,360,2.2708333333333335,2.4642407834643287,6.0,-0.10350629613547555,2.9900494340727937,2.0295718382032955,5.754879283905029,0.03555510915035277,0.30912833002970574,0.18319456942696677,0.5762233257293701,-0.0015574886087090375,101.94034915406313,140.49434979794785,280.01513061523434,1.410739141321114
/Users/harinihegde/Downloads/crowd_panic/Panic/VID-20250924-WA0018_clip_019.mp4,Panic,train,48,15.0,640,360,1.6458333333333333,2.4873813483706564,6.0,-0.10502605297438132,3.395644476369737,2.707224381447128,6.730848503112793,0.08221097136682909,0.36657447161826684,0.18648260897080893,0.5939934253692627,0.0003468530531714238,93.78376026356474,155.49873452019088,235.34314880371073,3.4453179148421262
/Users/harinihegde/Downloads/crowd_panic/Panic/VID-20250924-WA0018_clip_020.mp4,Panic,train,48,15.0,640,360,2.3333333333333335,2.1826334756181325,5.0,0.11506730351715153,3.9343197478892957,2.955876878394229,7.86482982635498,-0.03083930895913641,0.31856985073140326,0.19695142652070372,0.5591750621795655,0.005673131825373088,102.63071153845105,151.24549585192827,222.1193328857422,-2.0703730410889065
/Users/harinihegde/Downloads/crowd_panic/Panic/VID-20250924-WA0018_clip_021.mp4,Panic,train,48,15.0,640,360,3.5833333333333335,2.32588095615881,6.0,-0.10193226226660893,4.06086611048259,3.0821157839699516,8.388363647460936,0.13577577033172564,0.3599433141978497,0.1834293495387177,0.5705385088920594,-0.0010068320189357102,107.37129636561691,156.83494069573374,334.2250061035156,2.2292558132097158
/Users/harinihegde/Downloads/crowd_panic/Panic/VID-20250924-WA0018_clip_022.mp4,Panic,train,48,15.0,640,360,1.25,1.2162099599438687,3.0,-0.007273122014763382,5.000897717553171,3.0348794590774943,8.525326538085938,0.04312727842579029,0.28884591610032195,0.22453642851532868,0.6247528791427612,0.003065486333895545,200.2936027360999,180.73999854759487,439.58554687500003,-3.267276108029332
/Users/harinihegde/Downloads/crowd_panic/Panic/VID-20250924-WA0018_clip_023.mp4,Panic,train,48,15.0,640,360,27.104166666666668,27.820286051229274,58.20000000000006,0.5406534954407295,5.512376262905433,4.654299331573432,10.929629707336424,0.0271036769991446,0.44295733394299414,0.2946660240447701,0.818067443370819,0.01027513709165687,131.2880756617358,169.5481949845074,409.6269165039063,0.004690266333508736
/Users/harinihegde/Downloads/crowd_panic/Panic/VID-20250924-WA0018_clip_024.mp4,Panic,train,48,15.0,640,360,31.270833333333332,6.900300667764815,39.300000000000004,0.24679765523230518,4.352200915442502,3.267458751391471,7.598231029510498,-0.00486173401573785,0.4892962726744566,0.20943338453869448,0.7742492914199829,0.002911754005918565,132.44822315040162,167.20799034045817,383.2020935058594,-0.017138746230391046
/Users/harinihegde/Downloads/crowd_panic/Panic/VID-20250924-WA0018_clip_025.mp4,Panic,test,48,15.0,640,360,29.520833333333332,5.4961713315321195,35.0,0.03880807642205761,4.687364414017251,3.4788556181482146,8.65317859649658,-0.02634297776881132,0.6046273430928271,0.2241470548302451,0.8440810561180114,-0.008563613748241626,125.39523361113112,157.2418037147489,378.8452056884769,0.009898715761750897
/Users/harinihegde/Downloads/crowd_panic/Panic/VID-20250924-WA0018_clip_026.mp4,Panic,train,48,15.0,640,360,36.541666666666664,7.176229085591464,46.20000000000002,-0.13352149370386562,3.927030063610762,3.1917766279386464,7.457556438446044,0.0044131039772751885,0.43717207109674494,0.2322645421610534,0.758691132068634,-1.8795666170273555e-05,125.89969760699093,171.91254578632504,403.4722595214844,0.027593480802398214
/Users/harinihegde/Downloads/crowd_panic/Panic/VID-20250924-WA0018_clip_027.mp4,Panic,train,48,15.0,640,360,11.375,14.34925230340127,27.300000000000004,-0.3721233174120717,3.7417783851913633,3.136021515821282,8.287581443786621,-0.059771381896876564,0.4495902359485626,0.21076147595834535,0.6548945784568787,-0.001924576616443683,121.6396295219405,173.6316972670637,413.8452453613281,-0.3116501029363491
/Users/harinihegde/Downloads/crowd_panic/Panic/VID-20250924-WA0018_clip_028.mp4,Panic,train,48,15.0,640,360,25.625,31.37051760809821,66.50000000000003,1.263460703430308,2.7638127307328295,2.7467306905505438,6.235833835601807,-0.03132079255001039,0.5408056657365028,0.24753311167740688,0.7611534357070923,0.0037049302063661836,100.47730119857523,165.7430189062526,345.32458496093767,-0.043200529885370924
/Users/harinihegde/Downloads/crowd_panic/Panic/VID-20250924-WA0018_clip_029.mp4,Panic,test,48,15.0,640,360,56.229166666666664,39.24402267826557,106.60000000000001,-1.5224164133738616,3.5877223906919675,4.094378365106853,9.450705146789549,-0.08072352391895112,0.5832886523071755,0.2563918491447981,0.8728126168251038,-0.00412026457884844,130.29068441369134,169.2916065094497,404.4075469970703,-0.007951214602880338
/Users/harinihegde/Downloads/crowd_panic/Panic/VID-20250924-WA0018_clip_030.mp4,Panic,train,48,15.0,640,360,2.4583333333333335,1.7435396627423063,5.0,-0.07957012592270954,3.7885323148617087,3.508452588901617,7.988000297546386,-0.08860046723874757,0.5918437912663881,0.2895874469107097,1.0,-0.0015782245150943789,49.267590059323254,62.80854867864897,105.49831085205078,-0.7863332738103532
/Users/harinihegde/Downloads/crowd_panic/Panic/VID-20250924-WA0020_clip_001.mp4,Panic,train,48,23.98,640,360,25.354166666666668,16.479140328676802,47.0,-1.0159031697785508,2.5241257345422787,1.8446045750889808,4.203576469421386,0.039949810444261075,0.5290177951150752,0.15426236899091197,0.6798410534858703,-0.0018048366604098867,122.06316337222049,174.32474422681315,411.92841796874995,0.07474500727072143
/Users/harinihegde/Downloads/crowd_panic/Panic/VID-20250924-WA0020_clip_002.mp4,Panic,train,48,23.98,640,360,3.7291666666666665,3.2193398866158196,9.300000000000004,-0.09851280937907086,4.681071616233663,2.232791034026675,7.713052654266358,0.01849762306210076,0.3624854713202791,0.18333122062301097,0.619138491153717,0.003619114014989492,161.3324465933647,183.46871317135586,486.1478576660156,1.017587001196555
/Users/harinihegde/Downloads/crowd_panic/Panic/VID-20250924-WA0020_clip_003.mp4,Panic,train,48,23.98,640,360,18.75,11.693124760587594,29.20000000000006,0.590099869735128,2.6823345872950046,2.4916557464689872,6.259310626983642,-0.09177951847619195,0.3748075159940314,0.15702610443028922,0.5756336927413941,-0.00378634152842632,144.26992241791226,177.46115770486728,458.14224548339854,0.04696688540901081
/Users/harinihegde/Downloads/crowd_panic/Panic/VID-20250924-WA0020_clip_004.mp4,Panic,train,48,23.98,640,360,22.854166666666668,16.634539347561013,45.60000000000001,-1.0946048632218859,4.284598181856439,2.0883964281926284,7.1867670059204105,0.10178768862242175,0.34755731905077364,0.18826212280391016,0.5945059776306152,0.00036024914496164104,161.06656800268445,188.11410953762825,491.30056457519544,0.012437176024000468
/Users/harinihegde/Downloads/crowd_panic/Panic/VID-20250924-WA0020_clip_005.mp4,Panic,test,48,23.98,640,360,7.583333333333333,5.555902766927762,14.300000000000004,0.1298306556665219,2.8165584212922035,3.049407856078737,7.683261203765869,-0.055721462279503024,0.389997365151314,0.17424516355470654,0.628014314174652,0.002499745738288522,155.3765635044604,196.52924087116742,475.34324951171874,0.25262635321806
/Users/harinihegde/Downloads/crowd_panic/Panic/VID-20250924-WA0020_clip_006.mp4,Panic,train,48,23.98,640,360,6.895833333333333,7.97454174057809,19.60000000000001,-0.028603994789405222,6.776188642420667,1.7920531993660598,9.366697120666505,0.021772835455373125,0.31122800253054245,0.17989812617439183,0.5523455619812011,0.001176089928338993,218.79160472914137,189.04915958115268,507.2658569335938,0.036915735774002145
/Users/harinihegde/Downloads/crowd_panic/Panic/VID-20250924-WA0020_clip_007.mp4,Panic,train,48,23.98,640,360,27.604166666666668,37.1296936333382,68.50000000000003,0.4425206252713851,4.884527830367393,2.9040612955514153,9.17837028503418,-0.025519079846656474,0.33287492053622897,0.14125030715617884,0.47725414633750907,-0.0015362317059585341,171.81852414632638,188.96029365882254,474.89959716796875,-0.03938285897014972
/Users/harinihegde/Downloads/crowd_panic/Panic/VID-20250924-WA0020_clip_008.mp4,Panic,train,48,23.98,640,360,123.85416666666667,48.88463868441246,169.3,-0.3869409465914034,2.447287012922003,1.5061172019178786,4.245375156402588,-0.04563159734065835,0.4721053740445604,0.1383742012032786,0.6610160350799561,0.004166041741235514,119.36902317512398,148.0650946048612,331.78450927734383,-0.013418110899297002
/Users/harinihegde/Downloads/crowd_panic/Panic/VID-20250924-WA0020_clip_009.mp4,Panic,train,48,23.98,640,360,45.833333333333336,38.297265640715864,93.20000000000002,-1.6630481980026077,3.4865327731091926,2.397190631780179,6.963590908050537,0.11255353557550725,0.4907929624648804,0.1263029942842297,0.6469316482543945,0.0030199891847112917,168.89920253092,188.73501541481198,488.8860473632814,0.0272549844298526
/Users/harinihegde/Downloads/crowd_panic/Panic/VID-20250924-WA0020_clip_010.mp4,Panic,train,48,23.98,640,360,64.66666666666667,28.63952203201412,115.30000000000001,1.8110073816760743,4.298523811583824,2.5225694820145836,7.719037628173828,0.01205253052446823,0.34584464893696154,0.17620997059689672,0.5865761756896972,-3.020487257058171e-05,180.2981453133539,178.83165421223256,466.5271667480471,-0.013012511159594892
/Users/harinihegde/Downloads/crowd_panic/Panic/VID-20250924-WA0020_clip_011.mp4,Panic,train,48,23.98,640,360,55.270833333333336,62.28688317753764,152.60000000000002,-3.7169452887538,5.95227257241594,2.1185503925610556,9.56946849822998,0.044007945843695745,0.4714344024975249,0.14940901890544883,0.6224299430847168,-0.0031496074333249367,160.16540684832117,157.9696382899881,394.96480407714864,0.016244367754123527
/Users/harinihegde/Downloads/crowd_panic/Panic/VID-20250924-WA0020_clip_012.mp4,Panic,train,48,23.98,640,360,3.6875,4.2776368573469785,11.300000000000004,-0.003962223187147241,6.57837515688957,2.8478394795384347,10.333428955078123,-0.028312517221496684,0.3891258767627655,0.2042176161691052,0.6903687953948975,0.011938522506942911,244.55279006380024,200.22311461534457,511.7556396484375,-0.7310283966276762
/Users/harinihegde/Downloads/crowd_panic/Panic/VID-20250924-WA0020_clip_013.mp4,Panic,train,48,23.98,640,360,60.666666666666664,66.35866350539486,150.9,-0.8406426400347379,3.961853471208126,1.7321516031719753,6.329896450042724,0.040821731049191866,0.5031415190785489,0.15516355277744875,0.683066213130951,-0.002441683936619457,116.8331041401087,151.53284565251514,329.6098266601567,0.017970142269664882
/Users/harinihegde/Downloads/crowd_panic/Panic/VID-20250924-WA0020_clip_014.mp4,Panic,train,48,23.98,640,360,12.979166666666666,8.125293798106968,24.0,-0.1490990013026491,6.547647805924111,1.6518700372323107,8.54427490234375,-0.04558096317424462,0.24317378832146208,0.12700285974121245,0.4164172410964965,-0.0022634810470406434,239.0712481463721,193.16742831277475,528.9793090820312,-0.38498811288924195
/Users/harinihegde/Downloads/crowd_panic/Panic/VID-20250924-WA0020_clip_015.mp4,Panic,train,48,23.98,640,360,11.666666666666666,9.278858885780203,27.300000000000004,0.21613113330438546,2.572393387556076,2.7809919206406,7.679779434204101,-0.11304118399138699,0.29969254405574597,0.11880052746948827,0.43711142539978026,-0.0036068699614702237,126.40081388414453,119.55981622874098,312.72784423828125,0.07254698345993658
/Users/harinihegde/Downloads/crowd_panic/Panic/VID-20250924-WA0020_clip_016.mp4,Panic,test,48,23.98,640,360,8.833333333333334,9.950572289516261,24.0,0.5680633955709945,2.9535906505077443,2.3280662572870003,6.355634689331055,0.1389327497289591,0.33685645318411767,0.11685973173684341,0.4841074407100677,0.002010634354213176,102.84347427727883,108.95290423793374,239.20639801025393,0.0650939183288214
/Users/harinihegde/Downloads/crowd_panic/Panic/VID-20250924-WA0021_clip_001.mp4,Panic,train,48,30.0,640,352,30.875,7.160729129541674,38.0,-0.14958749457229742,3.3731015210456037,1.6070921086840002,4.7569091796875,-0.01921845880181119,0.8095874773695114,0.14466060129479952,0.9400281786918641,-0.0027134432203233796,165.67110628880695,190.27114846685228,487.9047485351563,-0.0015766252537132493
/Users/harinihegde/Downloads/crowd_panic/Panic/VID-20250924-WA0021_clip_002.mp4,Panic,train,48,30.0,640,352,16.895833333333332,8.590788631176741,27.0,-0.12358879722101632,2.756269612210862,1.2977424392102048,4.825710678100585,0.0029664595820747455,0.5646647709877567,0.2099009411745252,0.7959779024124145,0.006154944226800517,175.66785195755358,197.54805046189915,513.1312744140625,-0.04808069837992244
/Users/harinihegde/Downloads/crowd_panic/Panic/VID-20250924-WA0021_clip_003.mp4,Panic,train,48,30.0,640,352,18.604166666666668,7.09970534404226,28.300000000000004,-0.1858988276161531,1.9221899661612003,0.7660753357037929,2.682542514801025,-0.0056689900727761545,0.591405433226139,0.17316607089179395,0.772283411026001,0.0008936220302723041,161.1884593091742,197.17034855511503,514.7904174804688,-0.03163376851524209
/Users/harinihegde/Downloads/crowd_panic/Panic/VID-20250924-WA0021_clip_004.mp4,Panic,train,48,30.0,640,352,4.125,9.328774928503028,15.300000000000004,0.2735562310030395,6.308285205922228,2.6434887459355614,10.514401435852049,0.00013197442925049052,0.8128233957797923,0.10852220992743256,0.8823508501052857,0.0030665013260250343,193.54477274561503,184.90104302165858,484.5324340820312,2.2885855113893014
/Users/harinihegde/Downloads/crowd_panic/Panic/VID-20250924-WA0021_clip_005.mp4,Panic,train,48,30.0,640,352,102.70833333333333,111.72883064465601,300.0,-2.7927702996092068,6.478263477061657,3.5228141190839084,11.530930900573729,0.20797092300063488,0.9276324573983538,0.054728411488325975,0.9741834759712219,0.0012568569260543512,147.53631165850217,181.53956565451043,458.252914428711,0.00034940954246382073
/Users/harinihegde/Downloads/crowd_panic/Panic/VID-20250924-WA0021_clip_006.mp4,Panic,train,48,30.0,640,352,47.25,71.86605016742375,186.3,0.006187581415544261,4.670230549700717,4.620074924180118,11.696299362182616,-0.29043176065816795,0.7997753055805855,0.17563954039567603,0.9449771285057068,-0.008319868124628585,135.43289447722287,182.01578313255555,444.5107421875,-0.066826823411264
/Users/harinihegde/Downloads/crowd_panic/Panic/VID-20250924-WA0021_clip_007.mp4,Panic,train,48,30.0,640,352,16.104166666666668,9.817585377214138,29.60000000000001,-0.020028224055579837,1.9468968865719247,1.4010992097360282,3.7046055793762207,0.02170899975614126,0.7221058851226847,0.20829707875171877,0.9447407841682434,7.082352364758387e-05,135.60886243129158,184.21358416442976,447.0714111328125,0.19254604765220024
/Users/harinihegde/Downloads/crowd_panic/Panic/VID-20250924-WA0021_clip_008.mp4,Panic,test,48,30.0,640,352,20.645833333333332,14.835893388633153,43.0,0.2065240990013023,1.431964265539291,0.41065698492350255,1.8899523258209228,-0.007924062367890516,0.4629170517338083,0.1693677767125017,0.675856351852417,-0.00017587011412930213,121.84671457231222,171.0669129123809,390.3184997558594,0.07097152897130156
/Users/harinihegde/Downloads/crowd_panic/Panic/VID-20250924-WA0021_clip_009.mp4,Panic,train,48,30.0,640,352,9.895833333333334,8.362215573970547,19.300000000000004,-0.23930742509769912,1.0551365861233244,1.1225566505196463,1.7626404047012327,-0.008825193370359037,0.4854667619504827,0.20753299600485808,0.7489993333816528,0.0042602709209362145,81.53447987154226,129.92899411410593,245.31215820312505,-0.06863253663127805
/Users/harinihegde/Downloads/crowd_panic/Panic/VID-20250924-WA0021_clip_010.mp4,Panic,test,48,30.0,640,352,11.833333333333334,14.84690390470537,33.60000000000001,0.7051671732522798,0.9898380484986813,1.1026727456614869,1.3613149404525755,0.00864063140614843,0.4999896104031421,0.19491080809936942,0.7289723515510559,0.002119736590876725,93.0500767685826,158.6842655602182,300.1097717285156,0.04003166881209985
/Users/harinihegde/Downloads/crowd_panic/Panic/VID-20250924-WA0021_clip_011.mp4,Panic,train,48,30.0,640,352,37.125,15.486048828972914,56.10000000000003,0.6565349544072946,0.8256326996265574,0.2272797584931043,1.10405695438385,-0.0035522032070777485,0.5503764415675021,0.23522785678151364,0.8523353576660156,-0.0073398571120270074,118.75796837398823,174.18612845964915,395.0618957519533,0.0023521779134377686
/Users/harinihegde/Downloads/crowd_panic/Panic/VID-20250924-WA0021_clip_012.mp4,Panic,train,48,30.0,640,352,32.6875,16.970754562383686,53.90000000000001,0.2659031697785495,0.7963111102581024,0.27223746108583413,1.1415286540985108,-0.010312541623175091,0.5285691289191551,0.17486381724742128,0.7357346057891845,5.082027412861528e-05,113.60074165767344,166.48156575314235,359.66161499023457,-0.03654968875105968
/Users/harinihegde/Downloads/crowd_panic/Panic/VID-20250924-WA0021_clip_013.mp4,Panic,test,48,30.0,640,352,25.9375,16.554715151581437,49.60000000000001,-0.12206904038211054,1.0180973493038339,2.105788135811496,0.9828269600868225,0.01243866746426732,0.5079806033284107,0.2005588213397795,0.7305170655250549,-0.00013427336413368574,114.08158120012538,172.0536915222857,397.2402709960938,-0.05952981358184873
/Users/harinihegde/Downloads/crowd_panic/Panic/VID-20250924-WA0021_clip_014.mp4,Panic,train,48,30.0,640,352,15.916666666666666,14.978920373496734,41.60000000000001,-0.8550803300043426,0.8970824847830102,0.30313925321499896,1.2170669555664062,0.009550354757951877,0.6014515345400953,0.19834123624950362,0.8454740285873413,0.005035802971823258,103.66990233937355,166.92159743595715,373.44183349609403,0.01797311023504493
/Users/harinihegde/Downloads/crowd_panic/Panic/VID-20250924-WA0021_clip_015.mp4,Panic,train,48,30.0,640,352,5.166666666666667,5.624845676895402,10.300000000000004,-0.02062527138514979,0.834857406134301,0.24152902521769748,1.100072431564331,-0.00028537765186655077,0.49407823431365033,0.15687457718886685,0.6841082453727723,0.0008538464578790431,107.66471805314349,187.5282134522155,404.0196166992188,0.10042770201022858
/Users/harinihegde/Downloads/crowd_panic/Panic/VID-20250924-WA0021_clip_016.mp4,Panic,test,48,30.0,640,352,11.854166666666666,7.354107648488399,22.300000000000004,0.22237299174989142,1.1537297241231228,2.240227504530323,1.1804384231567382,0.03960875998303694,0.5522435972308541,0.19931715872736586,0.7861324191093445,-0.0033706977819570674,127.9768862867824,192.51381267221268,471.507623291016,0.02222257118891009
/Users/harinihegde/Downloads/crowd_panic/Panic/VID-20250924-WA0021_clip_017.mp4,Panic,train,48,30.0,640,352,0.6458333333333334,1.0305658505026363,2.0,-0.009389926183239262,0.6183767521635015,0.1661194856718152,0.7997841358184814,0.00031245312723266616,0.5208240954324286,0.18166758255905252,0.7465675711631775,-0.0007614375662427227,148.8719047989164,226.65347767766215,521.8871582031251,12.682817634645398
/Users/harinihegde/Downloads/crowd_panic/Panic/VID-20250924-WA0021_clip_018.mp4,Panic,train,48,30.0,640,352,4.770833333333333,6.7769203408005,17.0,0.3068280503690839,0.8443375559563332,0.7382789398942873,1.1717225551605224,0.009973842402528996,0.5378859418820827,0.17746217934920017,0.7627717852592468,0.0028089696479397836,75.94073521254992,143.97379381703706,258.5183456420901,-0.11945969840651018
/Users/harinihegde/Downloads/crowd_panic/Panic/VID-20250924-WA0021_clip_019.mp4,Panic,train,48,30.0,640,352,8.583333333333334,10.80284170433358,23.900000000000013,-0.4483282674772037,0.8892711946304809,1.7772807349978326,0.9215383648872374,-0.0011370379501862312,0.535531424303004,0.16548729710512844,0.7129047870635986,-0.002098396641032545,110.25438345240765,170.6031551238051,390.59636840820315,-0.060455139827024655
/Users/harinihegde/Downloads/crowd_panic/Panic/VID-20250924-WA0021_clip_020.mp4,Panic,train,48,30.0,640,352,6.104166666666667,10.346576695001858,24.60000000000001,0.560301780286583,0.9060024755432251,2.0948374614514034,0.971530520915985,0.024351409595945603,0.5119717396954273,0.19211302622742604,0.7378333091735839,-0.00042685873248199255,99.38347259582358,154.8628006326058,329.6920654296875,0.056041786708537135
/Users/harinihegde/Downloads/crowd_panic/Panic/VID-20250924-WA0021_clip_021.mp4,Panic,train,48,30.0,640,352,38.770833333333336,10.14938336249493,51.0,-0.19968519322622733,0.7018759846687317,0.21046087675531838,0.920481538772583,-0.004517498354631697,0.5581850729724194,0.20847576885056204,0.7951699137687682,-0.006339302198628821,90.49367282303892,155.4709182655323,314.4382019042969,-0.004571070403671176
/Users/harinihegde/Downloads/crowd_panic/Panic/VID-20250924-WA0021_clip_022.mp4,Panic,test,48,30.0,640,352,38.3125,10.712446518730754,53.60000000000001,-0.17895136778115595,1.0160383778683684,0.4519593236588006,1.6927972078323361,-0.0077838442571785,0.6022874674105898,0.2130650608177223,0.8149481415748596,0.0005416917372546642,104.03460969813338,170.04158515636138,368.6883422851562,0.02044534159908044
/Users/harinihegde/Downloads/crowd_panic/Panic/VID-20250924-WA0021_clip_023.mp4,Panic,train,48,30.0,640,352,14.083333333333334,17.280568727780793,35.800000000000026,-0.711354754667825,0.8956222997066823,1.3934229341321835,1.3424786806106566,-0.01403236966045998,0.5444034903924516,0.19636905805941698,0.7905386090278625,-0.008067289316487408,107.11041805610479,172.9083529226004,356.86403808593775,-0.04463634427499879
/Users/harinihegde/Downloads/crowd_panic/Panic/VID-20250924-WA0021_clip_024.mp4,Panic,train,48,30.0,640,352,0.8333333333333334,1.7240134054647667,3.0,0.007598784194528873,1.1677098064980609,1.3328559974859735,2.1542246341705313,-0.03877661174557806,0.5508206702293234,0.18334067985093974,0.7998780727386474,-0.006312745448398322,85.32265855868657,150.16342318096773,233.31208953857436,-1.823365718956702
/Users/harinihegde/Downloads/crowd_panic/Panic/VID-20250924-WA0021_clip_025.mp4,Panic,train,48,30.0,640,352,1.2708333333333333,1.0750888206200555,3.0,-0.02762700825010856,0.8169815825655106,1.0819186058685386,0.952163004875183,-0.014106383287002368,0.3765198666047543,0.1345805256572005,0.5507807493209839,0.0032409746311846226,91.27770867218842,114.44819533436299,225.12085571289052,-1.6196723556337684
/Users/harinihegde/Downloads/crowd_panic/Panic/VID-20250924-WA0021_clip_026.mp4,Panic,train,48,30.0,640,352,13.770833333333334,16.127408842471322,33.300000000000004,1.005373425966131,0.8829243633341282,0.38121669534261843,1.287070059776306,0.012925340402027065,0.4706004001992814,0.14286017179372884,0.6709041118621826,0.0039190945717799954,133.44978879070283,190.87213200298234,458.40448608398447,-0.011378862624718735
/Users/harinihegde/Downloads/crowd_panic/Panic/VID-20250924-WA0021_clip_027.mp4,Panic,test,48,30.0,640,352,34.0,13.92838827718412,55.300000000000004,-0.38438992618323997,1.0383822334573625,0.3286288356704282,1.4712816953659056,0.0030995161375108474,0.3916976147509636,0.20422153742085997,0.673156189918518,0.003131460832650746,112.55606853109626,167.51585787706665,390.30510253906294,0.003316637842548425
/Users/harinihegde/Downloads/crowd_panic/Panic/VID-20250924-WA0021_clip_028.mp4,Panic,train,48,30.0,640,352,11.0,9.800085033644692,24.10000000000003,-0.30460269214068636,2.3868282272460615,1.3411233724091722,4.072526693344115,-0.006972369768076929,0.7306751025483963,0.1928850141377846,0.9153960466384887,-0.0017539557417601353,122.27883641376086,175.98480760153697,406.6549530029297,0.11523411886923812
/Users/harinihegde/Downloads/crowd_panic/Panic/VID-20250924-WA0021_clip_029.mp4,Panic,train,48,30.0,640,352,16.3125,15.08470009921753,37.50000000000002,-0.8504667824576643,0.951352485316865,0.6550487924609198,1.15783793926239,0.008490819931995205,0.45806614999124345,0.1945960773226727,0.7004094958305359,-0.0028786182168364575,130.55277528530442,196.81373233658,491.21624755859347,0.01892662828754639
/Users/harinihegde/Downloads/crowd_panic/Panic/VID-20250924-WA0021_clip_032.mp4,Panic,train,48,30.0,640,352,1.7291666666666667,2.138336418548047,3.3000000000000043,-0.007761615284411687,1.242471289127431,1.216670988623772,1.7053231954574581,-0.0006923781265052353,0.6521332924987407,0.1916860606803649,0.860197913646698,-0.00675902984154157,161.66680082908044,242.0502412870227,657.2410278320312,-0.706494437323676
/Users/harinihegde/Downloads/crowd_panic/Panic/VID-20250924-WA0021_clip_033.mp4,Panic,train,48,30.0,640,352,19.458333333333332,24.10736257983348,54.300000000000004,1.370386452453322,0.9071210096491144,0.6869244040262218,1.1077638387680053,-0.0006081917970187061,0.5085315027452529,0.17414808193717782,0.6891378045082093,0.0008307411158793369,108.6632566396707,167.38189892844028,382.2000793457031,-0.03439888604446659
/Users/harinihegde/Downloads/crowd_panic/Panic/VID-20250924-WA0021_clip_034.mp4,Panic,train,48,30.0,640,352,51.395833333333336,14.294141549561095,71.30000000000001,0.15105297438124132,0.6794589174554703,0.20953576315579353,0.9271660447120667,0.005060544177186815,0.5882074956564193,0.15633268574016485,0.7568847894668579,3.927838915371366e-05,104.19813582986411,168.91220886437844,379.6461181640625,-0.003336409668402117
/Users/harinihegde/Downloads/crowd_panic/Panic/VID-20250924-WA0021_clip_035.mp4,Panic,train,48,30.0,640,352,17.541666666666668,29.475949471089514,69.0,-1.561224489795919,0.8387534054035836,1.0829765618740632,1.0555295467376706,-0.008137572043257437,0.5350901306943691,0.1900410694879604,0.7399804949760437,0.0007961022923463634,95.18082948476291,158.0674085031317,342.2627014160157,-0.026833148033103094
/Users/harinihegde/Downloads/crowd_panic/Panic/VID-20250924-WA0021_clip_036.mp4,Panic,test,48,30.0,640,352,35.604166666666664,21.07994661533932,61.0,0.663862353452019,0.9499508281971546,0.8698843701830404,1.3150303602218627,-0.011757973647029402,0.5470592104928925,0.21113004936044683,0.8011387825012207,0.0033350394800508686,109.78988998026298,167.31122175461795,382.6701599121098,0.02190084378782412
/Users/harinihegde/Downloads/crowd_panic/Panic/VID-20250924-WA0021_clip_037.mp4,Panic,train,48,30.0,640,352,52.541666666666664,12.900191105388926,65.60000000000001,-0.2667173252279642,0.8164826580818664,0.2796128311231804,1.1679539203643798,5.956304972090362e-05,0.4962351319003612,0.13861354779147678,0.6386957764625549,0.0011989692929067332,112.7221505362254,163.84956999298853,374.700521850586,0.009331503757278611
/Users/harinihegde/Downloads/crowd_panic/Panic/VID-20250924-WA0021_clip_038.mp4,Panic,train,48,30.0,640,352,18.291666666666668,12.29999717705478,32.800000000000026,-0.137972210160661,1.0757790188840095,1.5166910194817051,1.4001724481582642,-0.024856508601798034,0.5535358095422704,0.13058022534176472,0.6929786801338196,0.00016998068173652996,147.02713547979698,196.83269315238175,510.0986328125,-0.02121580849884097
/Users/harinihegde/Downloads/crowd_panic/Panic/VID-20250924-WA0021_clip_039.mp4,Panic,train,48,30.0,640,352,2.7916666666666665,2.4491353349475995,7.0,-0.004450716456795542,0.738873522966466,1.1238798058774864,0.9140288829803467,0.014251338912451526,0.47949362118193445,0.16064872639955133,0.6629414916038513,0.0014291557205098372,71.23582288447548,120.76287794279523,290.82850036621096,0.15173463119815947
/Users/harinihegde/Downloads/crowd_panic/Panic/VID-20250924-WA0021_clip_040.mp4,Panic,train,48,30.0,640,352,0.4791666666666667,0.7634784250753623,2.0,-0.02219930525401652,0.5406283704524345,0.13816126259842107,0.7058667182922364,0.0014508261856218977,0.5001119861894465,0.16855682988229637,0.6806592226028442,-0.000907572466194297,88.94601408640544,137.6724111292036,263.977324295044,6.088163829349973
/Users/harinihegde/Downloads/crowd_panic/Panic/VID-20250924-WA0021_clip_041.mp4,Panic,train,48,30.0,640,352,20.354166666666668,17.46006107202632,42.0,0.6241315675206254,1.0465888818527789,1.813863605040523,1.4684966802597044,0.005143468012338872,0.4909045918785194,0.1707986161527807,0.6747758150100708,-0.0007988666003323486,82.94737787374103,156.37787552111914,298.8000946044922,-0.037731059875994157
/Users/harinihegde/Downloads/crowd_panic/Panic/VID-20250924-WA0021_clip_042.mp4,Panic,train,48,30.0,640,352,16.5625,11.150310627212738,29.300000000000004,-0.28728831958315254,1.9413726875122557,2.381685090116747,4.402004575729368,-0.0654690372624075,0.7288668406136493,0.17487875110717854,0.9186580777168274,-0.005377177023272832,128.75404855177837,184.0188167154437,450.033935546875,-0.018310641096771493
/Users/harinihegde/Downloads/crowd_panic/Panic/VID-20250924-WA0022_clip_001.mp4,Panic,train,48,29.83,360,360,4.104166666666667,2.103960385928299,6.300000000000004,-0.08505210594876263,9.434087668060068,3.446135470176128,14.412309265136718,0.11981156245527694,0.5625977074291478,0.22066225888657287,0.821888267993927,0.004006938839539764,119.7091789410274,93.39486439410008,270.03687744140626,0.8866781623742089
/Users/harinihegde/Downloads/crowd_panic/Panic/VID-20250924-WA0022_clip_002.mp4,Panic,train,48,29.83,360,360,2.75,1.773649721149397,5.0,0.06752062527138515,9.588020994308147,2.9476467659516565,13.42442760467529,-0.13601168419452417,0.5682933658678481,0.19698678328471647,0.8000628471374511,0.0003055357481943193,131.19618573126854,106.12476401834826,321.9387207031252,-0.971814968851853
/Users/harinihegde/Downloads/crowd_panic/Panic/VID-20250924-WA0022_clip_003.mp4,Panic,test,48,29.83,360,360,6.083333333333333,2.3078970706877047,9.0,-0.02833260963960062,5.153599434710563,3.1617121689635437,8.828223991394044,0.07785689108466574,0.42104991041916484,0.18490295665675305,0.6488447427749634,-0.00489665574767212,82.71517218530705,86.59319004880084,201.9329071044922,0.16717957193796684
/Users/harinihegde/Downloads/crowd_panic/Panic/VID-20250924-WA0022_clip_004.mp4,Panic,train,48,29.83,360,360,3.375,2.185415673657226,6.0,0.0028224055579678035,13.254936068616015,6.465865306046216,22.990959930419923,0.09210576503007771,0.49193252678564253,0.25994522473804793,0.8205610275268553,-0.001487850828421933,200.64281995097795,117.55234015084828,350.5840759277344,0.9518995282770306
/Users/harinihegde/Downloads/crowd_panic/Panic/VID-20250924-WA0022_clip_005.mp4,Panic,train,48,29.83,360,360,4.291666666666667,3.4275740530131347,8.300000000000004,0.20462440295267043,9.71752376759306,4.690374072376765,16.51394920349121,-0.25473403817630264,0.5869240031597462,0.2267635655226401,0.8692723393440246,0.0012042315454531569,84.74484765223967,71.2376586252778,171.75450134277344,-0.17505982422756786
/Users/harinihegde/Downloads/crowd_panic/Panic/VID-20250924-WA0022_clip_006.mp4,Panic,test,48,29.83,360,360,3.4375,2.3620810916082737,7.0,-0.10893399913156755,7.666437641103217,5.546570113044453,14.855404663085936,-0.2713154839708451,0.7493721044602546,0.22078416141188634,0.8988724470138549,0.00552437612726582,112.60987382872491,81.84294850302652,237.91133117675787,-0.12869508290494866
/Users/harinihegde/Downloads/crowd_panic/Panic/VID-20250924-WA0022_clip_007.mp4,Panic,train,48,29.83,360,360,17.041666666666668,4.577837614225981,21.300000000000004,-0.008033000434216321,0.3253107558826896,1.6695689251790724,0.11328970789909362,-0.030541214636620913,0.19593737004919254,0.11483434936845871,0.23402505815029143,-0.004052934764085763,23.34531646684595,68.31635754311912,62.84209442138686,0.05506487315998798
/Users/harinihegde/Downloads/crowd_panic/Panic/VID-20250924-WA0022_clip_008.mp4,Panic,test,48,29.83,360,360,13.458333333333334,3.98412649007143,18.300000000000004,-0.13341293964394274,0.18323863614746866,0.0638134280274801,0.26845827102661135,0.002544602155202964,0.12193210740038689,0.027385327503514002,0.1587451785802841,-8.090345962636406e-05,48.08932594568743,89.2737940220151,206.42833557128907,0.05597117709758303
/Users/harinihegde/Downloads/crowd_panic/Panic/VID-20250924-WA0022_clip_009.mp4,Panic,test,48,29.83,360,360,13.833333333333334,3.7211855936276845,18.300000000000004,-0.06534954407294848,0.19470743565483295,0.04745038402381842,0.2442673772573471,-0.0001698096905672123,0.12493126332125765,0.027825986570922695,0.15175517797470092,-5.0607347597301045e-05,47.912431628526754,93.3082289426079,202.48193969726563,0.06821262354121195
/Users/harinihegde/Downloads/crowd_panic/Panic/VID-20250924-WA0022_clip_010.mp4,Panic,train,48,29.83,360,360,7.270833333333333,3.4079538297276795,12.0,0.006024750325662137,0.20160355006760738,0.13195942073473882,0.26401926279067994,-0.001090222948112772,0.11065718452347086,0.032795152318813955,0.15426280200481415,-0.0005766124952201969,44.942386181190095,96.66066690340524,193.6269989013672,-0.07059979859424909
/Users/harinihegde/Downloads/crowd_panic/Panic/VID-20250924-WA0022_clip_011.mp4,Panic,train,48,29.83,360,360,3.5,2.92261298612503,8.0,0.04613547546678242,0.11721696664995336,0.033463165597110385,0.161030238866806,-0.0012249997248364802,0.15005860541095126,0.036016474018718846,0.18880839943885802,0.0010409616218202658,27.752395289865408,74.54766765191883,32.63263320922858,0.17537189376821466
/Users/harinihegde/Downloads/crowd_panic/Panic/VID-20250924-WA0022_clip_012.mp4,Panic,train,48,29.83,360,360,6.395833333333333,3.504399516639366,10.300000000000004,0.11859531046461139,0.10539793587745504,0.027118876635106204,0.13937046229839326,1.8253448616567797e-06,0.13421343488896148,0.02981774386847154,0.16982388496398926,-0.0006476938965748443,22.619001952748672,69.10104043398921,27.675851440429668,-0.0003701305649475643
/Users/harinihegde/Downloads/crowd_panic/Panic/VID-20250924-WA0022_clip_013.mp4,Panic,train,48,29.83,360,360,1.8541666666666667,1.399249550850582,4.0,0.022633521493703835,0.09375409544148344,0.030750359086610026,0.13341993391513823,-0.000594829403856471,0.13534563407301903,0.03467369706187049,0.17842385768890381,0.0006559026189782529,25.03292510292509,67.1334338795208,72.92988891601561,-0.8021953009761477
/Users/harinihegde/Downloads/crowd_panic/Panic/VID-20250924-WA0022_clip_014.mp4,Panic,train,48,29.83,360,360,4.25,2.75,9.0,-0.030829353017802964,0.0913896715228862,0.03034932169037425,0.13565323948860167,-0.0013603485558978058,0.1429331752055503,0.03693018149413806,0.18690671026706696,-0.00018289482486360883,20.72670142602369,61.26059956640748,18.52350997924807,-0.0030138219249033543
/Users/harinihegde/Downloads/crowd_panic/Panic/VID-20250924-WA0022_clip_015.mp4,Panic,train,48,29.83,360,360,1.1666666666666667,1.1960583412006103,2.0,-0.06404689535388627,0.052298510328252265,0.018495290005652962,0.07455261498689651,-0.0003212303038217838,0.14188354747726561,0.030370909192280186,0.18619847893714903,-0.00021478277695719281,13.059231418777596,67.76467998251582,5.270420217514039,1.2260799572260297
/Users/harinihegde/Downloads/crowd_panic/Panic/VID-20250924-WA0023_clip_001.mp4,Panic,test,48,25.0,640,360,20.875,9.67304028386801,31.300000000000004,0.2945071645679548,0.9768279112162541,0.5129138079962934,1.4394387960433959,-0.00432096489598717,0.2511580488149156,0.13320329451707438,0.3234031856060027,-0.006688537835992121,88.58891961194632,166.1520895560772,375.067138671875,-0.031050345950416728
/Users/harinihegde/Downloads/crowd_panic/Panic/VID-20250924-WA0023_clip_002.mp4,Panic,train,48,25.0,640,360,35.854166666666664,8.698633952459943,46.60000000000001,0.17916847590099855,0.6441008340805134,0.28209074176916643,1.0171958446502685,-0.013584004134408412,0.11929907764684647,0.04759911428773027,0.1713853508234024,-0.002096224541127144,86.7112923002152,172.2303745208571,380.1176025390625,-0.0026388548340404772
/Users/harinihegde/Downloads/crowd_panic/Panic/VID-20250924-WA0023_clip_003.mp4,Panic,test,48,25.0,640,360,14.5,11.163556780883054,30.300000000000004,-0.6018237082066873,3.041723205688152,1.6977868783115122,4.836284828186035,0.11301305758440307,0.31490911337289407,0.15394469281417028,0.4992168605327606,0.01083658530508667,111.12384824451661,185.19500957574263,421.015087890625,0.08353527260492102
/Users/harinihegde/Downloads/crowd_panic/Panic/VID-20250924-WA0023_clip_004.mp4,Panic,train,48,25.0,640,360,4.791666666666667,2.9997106341927195,8.0,0.051237516283108915,3.7233077566674413,0.9282495253145632,4.702821826934814,-0.0366079302764843,0.4504016872416151,0.05528617465500843,0.5115227580070496,-0.0025726828989499585,153.9584226335798,178.82772958057845,409.65330200195314,1.0164852432954508
/Users/harinihegde/Downloads/crowd_panic/Panic/VID-20250924-WA0023_clip_005.mp4,Panic,test,48,25.0,640,360,3.625,2.8550029188543165,7.0,0.039947894051237484,3.67157810799619,0.9105938443325466,4.886006832122803,0.029081946964290378,0.38897127864208625,0.07045726629532802,0.4619988739490509,0.0016222879580057516,222.00831193583352,189.0316225073509,460.76393432617186,1.8676504375795333
/Users/harinihegde/Downloads/crowd_panic/Panic/VID-20250924-WA0023_clip_006.mp4,Panic,train,48,25.0,640,360,4.520833333333333,3.4580195640793527,9.0,0.0041793313069908205,3.688739908502457,0.7911220811412871,4.618916893005371,-0.006211853683491013,0.4004624967879437,0.04661936095363491,0.4436291933059692,0.00029042327671443836,196.8166591051583,163.80326785408727,403.60996093750003,-0.9610120763473008
/Users/harinihegde/Downloads/crowd_panic/Panic/VID-20250924-WA0023_clip_007.mp4,Panic,train,48,25.0,640,360,4.333333333333333,2.710575994548432,9.0,-0.030612244897959235,2.4970040853987348,0.8923582214934696,3.7499950408935545,-0.0480197192782279,0.32335490559009794,0.05766136808191235,0.38338398933410645,-0.003331044955897617,116.97968059705525,152.73769801773355,284.6017395019531,-0.09619186113585684
/Users/harinihegde/Downloads/crowd_panic/Panic/VID-20250924-WA0023_clip_008.mp4,Panic,train,48,25.0,640,360,2.7291666666666665,2.97727212487464,7.0,0.10383195831524099,1.7348896880099114,0.582331139481264,2.412914514541626,0.024173259038984745,0.2834048309224717,0.05156319460497887,0.3518581748008728,0.0009234758364476096,151.45745650774393,201.33056738393884,514.5049041748046,0.4736546499176007
/Users/harinihegde/Downloads/crowd_panic/Panic/VID-20250924-WA0023_clip_009.mp4,Panic,train,48,25.0,640,360,2.7083333333333335,1.8479530717947237,5.300000000000004,-0.019648284845853268,1.5278109426194049,0.4896314467401405,2.081242227554321,-0.02133385756438134,0.21443234019457025,0.06063946480693471,0.2986352682113647,-0.0028184785246573346,74.18289600951331,120.27310720119132,149.30308380126954,0.7366209972833945
/Users/harinihegde/Downloads/crowd_panic/Panic/VID-20250924-WA0023_clip_010.mp4,Panic,train,48,25.0,640,360,10.208333333333334,3.3163630514298177,14.0,0.04027355623100293,2.451426795188417,0.7867419247615929,3.8101833343505858,0.016925107608450216,0.6456741189703028,0.11941506881540975,0.8086104035377503,0.0007413866396418018,98.35848851849262,153.15614717841927,287.9319763183592,-0.08104890601119795
/Users/harinihegde/Downloads/crowd_panic/Panic/VID-20250924-WA0023_clip_011.mp4,Panic,test,48,25.0,640,360,10.979166666666666,2.0050933408586133,13.300000000000004,-0.017640034737299293,3.434200421292731,1.1247276033124967,5.10781192779541,-0.01787966502198013,0.6902745343903278,0.14256980313720122,0.8401022315025329,0.0011498462839550129,87.77789787842426,130.76890617974146,197.43957214355487,-0.05177098135345833
/Users/harinihegde/Downloads/crowd_panic/Panic/VID-20250924-WA0023_clip_012.mp4,Panic,test,48,25.0,640,360,6.4375,5.827042739103029,14.0,-0.36110508033000455,2.0813507396490016,1.9142755408171577,4.501470565795898,-0.1104955674337773,0.5684352967333286,0.20743033051934023,0.8165716052055358,-0.009510321751112853,104.01662331772602,147.41421499190858,268.92764129638704,-0.12194743536347578
/Users/harinihegde/Downloads/crowd_panic/Panic/VID-20250924-WA0023_clip_013.mp4,Panic,train,48,25.0,640,360,0.0,0.0,0.0,0.0,0.4452127712045578,0.2748207500554376,0.8398840904235839,0.013204166100504332,0.575502005029232,0.11311032068195308,0.6988313078880309,0.003857195122334613,0.0,0.0,0.0,0.0
/Users/harinihegde/Downloads/crowd_panic/Panic/VID-20250924-WA0023_clip_014.mp4,Panic,train,48,25.0,640,360,1.5208333333333333,1.2414639096199651,3.0,-0.0068931828050369185,5.752141646882321,4.567670671172233,11.44242725372314,0.18516885607083788,0.21373387396414864,0.2014087792944487,0.4699527382850645,-0.010277889677233799,97.04078552570749,138.17460634290094,280.6884948730468,-4.41334920013315
/Users/harinihegde/Downloads/crowd_panic/Panic/VID-20250924-WA0023_clip_016.mp4,Panic,train,48,25.0,640,360,1.2083333333333333,1.2903218806001684,3.0,-0.05525401650021713,5.7331083023801765,4.20627547553358,11.794818305969239,0.15179392110959566,0.558505514914051,0.16799646930247691,0.7348574757575987,-0.005205256702028607,139.9426095349448,152.5506312648919,333.83102416992193,8.384314265772073
/Users/harinihegde/Downloads/crowd_panic/Panic/VID-20250924-WA0024_clip_001.mp4,Panic,train,48,25.0,640,360,105.9375,45.31206896346712,189.8,2.2838145896656536,3.9444110596433597,3.024467469233701,8.939979743957519,0.120064187550247,0.6969349701353844,0.14392451458478364,0.8275192856788636,0.005653965453187373,121.85920858827562,159.7765403269514,356.70500488281255,0.008388778528299367
/Users/harinihegde/Downloads/crowd_panic/Panic/VID-20250924-WA0024_clip_002.mp4,Panic,train,48,25.0,640,360,59.541666666666664,61.428128170696816,146.90000000000006,-3.279526704298742,9.423076421656507,4.12263801088428,14.600691032409667,0.1833783117132425,0.795544739733351,0.048342412518304206,0.8328065156936646,-0.00022144366148772667,166.3101701898864,167.36593194893044,426.9285461425781,0.06964802311705484
/Users/harinihegde/Downloads/crowd_panic/Panic/VID-20250924-WA0024_clip_003.mp4,Panic,train,48,25.0,640,360,206.39583333333334,88.72399609259543,300.0,3.6970798957881015,4.744508154848789,2.332263256344342,8.277006912231444,-0.005588133408447611,0.5414375200510976,0.27982441621917764,0.835223913192749,-0.014872713298467906,145.03201790635768,165.38536300453927,413.8093566894531,-0.008988529110576871
/Users/harinihegde/Downloads/crowd_panic/Panic/VID-20250924-WA0024_clip_004.mp4,Panic,train,48,25.0,640,360,71.04166666666667,45.178792191568036,139.0,-3.1241858445505875,6.406353483808801,2.488050499866756,9.40562286376953,0.09498861942106,0.5547916832122397,0.18648542784569996,0.7923042058944703,0.00396519034384138,149.9696546130976,156.39428325633207,386.5523986816406,0.006031160186973691
/Users/harinihegde/Downloads/crowd_panic/Panic/VID-20250924-WA0024_clip_005.mp4,Panic,test,48,25.0,640,360,31.9375,63.49586805782457,58.90000000000061,2.3844442032132007,8.214326620101929,2.7773577410428265,12.110066413879395,0.025008954983084065,0.5037383093161786,0.183424190145156,0.7262710332870483,0.002482782752975953,152.49013152940083,148.7625018620632,359.8669616699219,0.018066605328314667
/Users/harinihegde/Downloads/crowd_panic/Panic/VID-20250924-WA0024_clip_006.mp4,Panic,train,48,25.0,640,360,119.9375,49.05244058233325,190.40000000000003,-3.190240990013029,4.190604671518853,1.0862067774175206,5.8126274108886715,-0.005772822301328227,0.388190691458418,0.17056657104966208,0.6543701767921447,-0.006667453899056026,135.46620031885075,157.43665774205095,376.6907165527344,-0.0049448463915784105
/Users/harinihegde/Downloads/crowd_panic/Panic/VID-20250924-WA0024_clip_007.mp4,Panic,train,48,25.0,640,360,15.583333333333334,15.870351462886873,46.90000000000001,-0.7433782023447681,5.717167930400118,2.4105796548513787,8.591421318054199,0.08565981979727415,0.47756426686302145,0.18175651980138677,0.7127380490303039,-0.00147376399208118,96.13171802156296,127.98862398875082,226.323974609375,0.120719421986905
/Users/harinihegde/Downloads/crowd_panic/Panic/VID-20250924-WA0024_clip_008.mp4,Panic,test,48,25.0,640,360,8.083333333333334,2.4902587995806558,12.0,-0.049174989144594144,5.950383992905312,2.218085012038257,8.79734477996826,-0.04454770234864036,0.4213519820824583,0.1530590004510914,0.6223453283309937,-0.005754247056208306,118.53107908841605,119.05533621985742,272.7754211425781,-0.1070269189906463
/Users/harinihegde/Downloads/crowd_panic/Panic/VID-20250924-WA0025_clip_005.mp4,Panic,train,48,29.97,480,360,2.0625,4.775834351189329,3.0,0.10480894485453754,1.3987750074964889,1.6142029316950848,1.9607326984405515,0.014310976853947421,0.09718022562880466,0.09831275157462596,0.1507109135389328,0.0003286640788277712,89.27365001042683,132.3618295026572,257.7857696533204,1.749916489742224
/Users/harinihegde/Downloads/crowd_panic/Panic/VID-20250924-WA0025_clip_006.mp4,Panic,train,48,29.97,480,360,20.0,19.976027299407324,57.0,0.7342596613113329,1.0592974950658514,1.0932968283025755,1.8226173639297478,0.025704238288083863,0.08324351694751927,0.07026742030453834,0.20990839004516598,0.0035348167652858704,115.65671924111389,156.46107321053904,384.06397094726566,-0.0056956010433570365
/Users/harinihegde/Downloads/crowd_panic/Panic/VID-20250924-WA0025_clip_007.mp4,Panic,train,48,29.97,480,360,64.14583333333333,24.240109308861534,98.30000000000001,-0.4337277464177174,1.7217605291528906,1.1210568108053343,3.178363418579101,0.0003173453293940915,0.214960718408544,0.05825264034628339,0.2783648371696472,-0.0005795475384987237,111.20646328804024,146.34361337212096,361.4526367187501,0.006128938918196239
/Users/harinihegde/Downloads/crowd_panic/Panic/VID-20250924-WA0025_clip_008.mp4,Panic,train,48,29.97,480,360,55.5625,26.78145055350811,92.9,0.8819474598349971,1.4989680457622447,0.9744603220286501,3.2446431636810305,-0.0006734104301507865,0.17483258881467453,0.054221355137580265,0.25494157075881957,-0.00028930600494780353,101.3436625285572,141.31797676042757,343.85723571777345,-0.0030333994359665784
/Users/harinihegde/Downloads/crowd_panic/Panic/VID-20250924-WA0025_clip_009.mp4,Panic,train,48,29.97,480,360,14.520833333333334,20.95529923365978,50.300000000000004,-0.8431936604429016,1.9585797247734476,1.8164181614540098,4.222255992889404,0.0010373597339168106,0.1679061292175283,0.06523615353099615,0.24719811379909515,0.0007972036415985024,119.81779481634635,160.07947217991824,416.9911804199219,0.07015694032988924
/Users/harinihegde/Downloads/crowd_panic/Panic/VID-20250924-WA0025_clip_010.mp4,Panic,train,48,29.97,480,360,3.8958333333333335,4.6063343313552725,11.300000000000004,-0.2580872774641773,1.5412069651040625,1.5682158856542003,3.1201484203338623,-0.004962331669665287,0.14499534206821563,0.07548522473183744,0.21795455217361448,0.001135697985924334,170.92395131871814,193.50845634636372,487.70908813476564,-1.055356434942304
/Users/harinihegde/Downloads/crowd_panic/Panic/VID-20250924-WA0025_clip_011.mp4,Panic,test,48,29.97,480,360,1.2083333333333333,2.0408161493764094,3.0,0.022796352583586622,1.298421211699222,1.2211575201758456,2.124164009094238,-0.010466920596157128,0.10614276126502677,0.0934985346503,0.14460845887660978,-0.002365299875294024,34.3628125242565,63.44774895355881,42.75355377197266,-3.407798681570137
/Users/harinihegde/Downloads/crowd_panic/Panic/VID-20250924-WA0025_clip_012.mp4,Panic,train,48,29.97,480,360,10.458333333333334,10.95437190754855,24.900000000000013,-0.4103343465045594,1.7253122570666861,2.3216171410142694,4.881660366058348,0.059212626448240616,0.1039014037579615,0.08615007305398209,0.23019979596138,0.0019218065915069277,106.60360348138585,162.37599975591672,416.4154357910156,0.15558424260846201
/Users/harinihegde/Downloads/crowd_panic/Panic/VID-20250924-WA0025_clip_013.mp4,Panic,test,48,29.97,480,360,44.395833333333336,24.197744026504253,73.80000000000003,1.065295267042987,1.1122155785560608,1.2115839497298242,1.6565329790115353,-0.03559664611004218,0.1708230935829751,0.044065244127699944,0.22583870887756347,-0.0007032798715176999,104.49162954611377,142.35489170961256,346.3282836914063,-0.0012323611211960167
/Users/harinihegde/Downloads/crowd_panic/Panic/VID-20250924-WA0025_clip_014.mp4,Panic,train,48,29.97,480,360,50.833333333333336,34.437947415928,104.50000000000003,1.014437689969604,0.6902779588039886,0.4067841310101378,1.3423053026199339,0.003317799767226015,0.14713031594502798,0.048647329881241326,0.2119218349456787,0.00015315265581270187,95.82923010006516,137.0619340967082,319.1211700439453,-0.008633323213564604
/Users/harinihegde/Downloads/crowd_panic/Panic/VID-20250924-WA0025_clip_015.mp4,Panic,train,48,29.97,480,360,12.604166666666666,22.486792033818922,45.30000000000009,-1.0556339557099441,1.2029629793572933,1.197634095012664,2.584881353378295,0.029227020141429975,0.17000347502688143,0.04706532614150082,0.23171330988407135,0.00044487217556647316,109.15321675400925,147.34248339591937,356.7814147949219,0.11548836029767402
/Users/harinihegde/Downloads/crowd_panic/Panic/VID-20250924-WA0025_clip_016.mp4,Panic,test,48,29.97,480,360,1.1041666666666667,1.5973882763922977,3.0,-0.0757164567954842,0.9784434044614752,0.79241564447807,1.827477717399597,0.014970528749295898,0.17810396588546165,0.06937296224593449,0.26233815550804135,-0.002182422508205614,27.700150650281174,82.1673370297139,33.225242614746094,-3.1292041800979873
/Users/harinihegde/Downloads/crowd_panic/Panic/VID-20250924-WA0025_clip_017.mp4,Panic,train,48,29.97,480,360,0.5416666666666666,0.840593375076334,2.0,0.01443768996960486,0.9910914612577316,0.5454961165509846,1.746570634841919,0.020336146115788045,0.11342086763854356,0.07732613908554622,0.17440637946128845,-0.001147598558675005,57.176167249679565,95.9363852965585,131.00325660705562,-23.685277291706615
/Users/harinihegde/Downloads/crowd_panic/Panic/VID-20250924-WA0025_clip_018.mp4,Panic,train,48,29.97,480,360,14.104166666666666,10.828664859477778,29.200000000000017,0.3235453755970474,0.7261516169664708,0.9301679273862329,1.2338214874267575,-0.0018744099950702077,0.11068934357744899,0.04317357977674852,0.17043170034885405,0.00016703369824136566,97.1547158133884,149.92029788960966,369.73261718750024,0.018996943554081245
/Users/harinihegde/Downloads/crowd_panic/Panic/VID-20250924-WA0025_clip_019.mp4,Panic,train,48,29.97,480,360,44.666666666666664,23.40079533311255,72.40000000000003,0.8729917498914459,0.6702302275819981,0.3666213483446297,1.2543497800827026,-0.008386634028310799,0.1564265381782613,0.043914442255027365,0.21216520071029663,-0.0011463160467205728,105.96914312937575,145.19939893358682,349.6657043457031,0.004098342669419047
/Users/harinihegde/Downloads/crowd_panic/Panic/VID-20250924-WA0025_clip_020.mp4,Panic,train,48,29.97,480,360,35.6875,26.561372525091144,74.60000000000001,-0.27263352149370434,1.6223732061842655,3.4683880626234935,1.725776934623718,0.11318478078532286,0.1475628075843796,0.04784761175904606,0.20342170894145964,-0.00011847527834667024,109.16188964768658,145.68095380239254,358.9149108886719,0.003038597298684449
/Users/harinihegde/Downloads/crowd_panic/Panic/VID-20250924-WA0025_clip_021.mp4,Panic,train,48,29.97,480,360,2.2083333333333335,5.7153241863918405,4.0,-0.025835866261398218,1.7715980607144377,2.1644899631511523,3.3250353813171385,-0.061772282349908905,0.1783752389093663,0.07397410579315837,0.24479924738407136,0.0003065965625144749,131.01757049042246,174.44999873843847,437.0784912109375,-1.7693386422091684
/Users/harinihegde/Downloads/crowd_panic/Panic/VID-20250924-WA0025_clip_022.mp4,Panic,train,48,29.97,480,360,0.8541666666666666,1.2908263395549724,2.3000000000000043,-0.06453538862353457,1.0808746440613524,0.8560592749124646,1.9955837011337278,-0.002180910370313493,0.18090736168496152,0.06216443068693829,0.24735868871212005,-0.0008188106376371019,41.09293702363968,89.71425533458793,150.49072265625023,2.527646267780891
/Users/harinihegde/Downloads/crowd_panic/Panic/VID-20250924-WA0025_clip_023.mp4,Panic,test,48,29.97,480,360,0.5,0.9354143466934853,2.0,0.016174554928354314,0.8490352611592475,0.4332426101049398,1.484090805053711,0.007514152186513498,0.10569949142951915,0.06764809089427869,0.17382341921329494,-0.0011237705547266072,19.30530493600028,14.111180294311518,39.59904022216797,5.298122542245047
/Users/harinihegde/Downloads/crowd_panic/Panic/VID-20250924-WA0025_clip_024.mp4,Panic,test,48,29.97,480,360,10.666666666666666,10.510576683618375,25.0,0.16131133304385586,0.8510989194854777,0.8687543514918572,1.5735445499420166,-0.0031104104646811435,0.09618916871779143,0.047030630564267296,0.14950746297836304,-0.00021071757168821838,98.91825245928727,150.13016505828364,357.69712829589844,0.3031599652873065
/Users/harinihegde/Downloads/crowd_panic/Panic/VID-20250924-WA0025_clip_025.mp4,Panic,train,48,29.97,480,360,42.854166666666664,22.35414725069054,72.20000000000002,0.7761072514112024,0.6956962727485819,0.40022237628239515,1.3488832235336303,-0.0029256649549695432,0.15069630393322478,0.04207257094898527,0.20248128473758698,0.00025697915309094395,100.45436971402978,143.14708852656844,334.51341247558594,-0.008103571249214406
/Users/harinihegde/Downloads/crowd_panic/Panic/VID-20250924-WA0025_clip_026.mp4,Panic,test,48,29.97,480,360,39.4375,26.6621659613393,80.60000000000001,0.30031480677377287,0.645443284765203,0.3854581418331723,1.2295999288558959,0.0040154715622607254,0.1440959946906313,0.0367733034876135,0.19547248184680938,0.00016110033575690127,98.53687993909502,136.54859446624326,326.7103485107422,-0.020218343839244736
/Users/harinihegde/Downloads/crowd_panic/Panic/VID-20250924-WA0025_clip_027.mp4,Panic,test,48,29.97,480,360,20.75,31.039289618159756,67.60000000000001,-1.740121580547114,1.1417512760517445,1.0333886660272693,2.1434173583984375,0.026283662790341264,0.16205084323883057,0.04988904964367728,0.23772672414779664,0.0007630700566853293,97.42792421240148,133.1359858667858,316.28145446777353,0.0044915679824506375
/Users/harinihegde/Downloads/crowd_panic/Panic/VID-20250924-WA0025_clip_029.mp4,Panic,test,48,29.97,480,360,0.5,0.7359800721939872,1.3000000000000043,0.00770733825445071,1.1264931702233376,1.5684640397752425,1.805505013465881,0.04665449286305332,0.10786666608157944,0.05620567253016727,0.1620999157428741,0.0008602411155377855,16.743180486891006,15.166092044206332,42.021862792968754,-2.379516824086506
/Users/harinihegde/Downloads/crowd_panic/Panic/VID-20251025-WA0002_clip_001.mp4,Panic,train,48,25.0,360,640,116.4375,100.38818536270423,263.80000000000007,-6.35068389057751,1.9283057660498517,1.2664599606083942,3.7909516334533686,0.06806047444441164,0.5754660057260635,0.16631343847555494,0.740311598777771,-0.0014255400591983917,68.81582399056092,137.56287864414935,249.738494873047,0.027767701173817806
/Users/harinihegde/Downloads/crowd_panic/Panic/VID-20251025-WA0002_clip_002.mp4,Panic,train,48,25.0,360,640,30.145833333333332,24.312196513387175,63.60000000000001,0.6356382978723403,2.018985645568117,0.5812107687002783,2.8097379207611084,-0.013346323293739729,0.38174395096745894,0.20342587989207014,0.6506618380546569,0.004392832482300846,141.3536762775738,189.1221324765957,462.91339111328125,-0.03477072135905843
/Users/harinihegde/Downloads/crowd_panic/Panic/VID-20251025-WA0002_clip_003.mp4,Panic,test,48,25.0,360,640,32.708333333333336,33.41965385650918,83.20000000000006,-1.6594659140251862,1.405776490556433,0.18086841900875034,1.7441073656082153,0.0013437018032762369,0.3148018419742584,0.0543181443735055,0.3725507616996765,0.00335694863620343,97.69535410283933,148.99361680926395,343.1529174804688,-0.006405824918268932
/Users/harinihegde/Downloads/crowd_panic/Panic/VID-20251025-WA0002_clip_004.mp4,Panic,train,48,25.0,360,640,2.3541666666666665,4.380304324156282,8.200000000000017,-0.11371037776812862,1.6944759805151757,0.38153100597307765,2.3175500869750976,-0.01737086914624471,0.45261303985372503,0.11861046142827354,0.5948767900466919,-0.001455189892806794,82.75854872361474,112.49014643887394,222.5075225830078,-2.09861381540613
/Users/harinihegde/Downloads/crowd_panic/Panic/VID-20251025-WA0003_clip_001.mp4,Panic,test,48,29.97,360,450,210.97916666666666,91.39052868125279,300.0,-2.5874402952670468,15.613586605863368,5.258976445853118,22.849451828002927,-0.075255643111153,0.7811087033850082,0.19921950728286816,0.9689131617546082,-0.0005238167803724154,133.81943708425908,127.65908345963898,338.6484436035157,-0.003966939909645378
/Users/harinihegde/Downloads/crowd_panic/Panic/VID-20251025-WA0003_clip_002.mp4,Panic,train,48,29.97,360,450,99.85416666666667,99.63014720775479,262.90000000000003,-2.336463308727748,9.800979122202447,4.725450367141999,15.501465988159175,-0.11864065737993379,0.46490761479164694,0.3070725725663244,0.8817489981651306,-0.014871131080382825,130.49246968198304,112.20201450167536,312.3460998535156,-0.0016621317451349263
/Users/harinihegde/Downloads/crowd_panic/Panic/VID-20251025-WA0003_clip_003.mp4,Panic,test,48,29.97,360,450,0.0,0.0,0.0,0.0,0.16832152334179223,0.1910974732597093,0.4447489798068999,-0.010416363066807295,0.15065476730307367,0.08595516379467563,0.20944074392318726,0.0028856253812725376,0.0,0.0,0.0,0.0
/Users/harinihegde/Downloads/crowd_panic/Panic/VID-20251025-WA0005_clip_002.mp4,Panic,test,48,25.0,640,360,2.6875,3.0832629496471213,6.0,0.09503907946157186,4.774974330965283,3.5969087491118743,9.22546272277832,0.15174270864855727,0.4554355078713691,0.2555177027042868,1.0,-0.00845636043501164,173.48198863438196,197.80644782659277,486.4877532958985,-1.4077753625822502
/Users/harinihegde/Downloads/crowd_panic/Panic/VID-20251025-WA0005_clip_003.mp4,Panic,train,48,25.0,640,360,3.25,2.203217344400381,7.0,0.018888406426400293,4.080757597659496,2.296772500360133,7.291063976287842,0.03954319515292236,0.398574931348892,0.13958762963794039,0.5537684559822083,0.0019365017932118603,209.05036843478024,202.718682707002,586.0445556640625,-0.08096193476720977
/Users/harinihegde/Downloads/crowd_panic/Panic/VID-20251025-WA0005_clip_004.mp4,Panic,train,48,25.0,640,360,3.1458333333333335,1.7910609441209853,5.300000000000004,0.002008250108553986,5.6059874879552964,2.8646728146428746,9.721763801574705,0.06493731575029851,0.3771678832300166,0.12573567017925033,0.5112012386322021,-0.00043225060686620525,208.58812524110843,190.00235495785358,545.5170104980468,-2.051919556201927
/Users/harinihegde/Downloads/crowd_panic/Panic/VID-20251025-WA0005_clip_005.mp4,Panic,train,48,25.0,640,360,3.5833333333333335,2.4734703466093046,7.0,0.05384281372123314,4.692334085068804,2.9382655892912717,8.775221061706542,-0.06235319668225507,0.2788546025118929,0.11332007844171242,0.454558652639389,0.0011651253406988803,183.39221511946783,188.08462018429196,523.0116149902343,-0.45279388266376547
/Users/harinihegde/Downloads/crowd_panic/Panic/VID-20251025-WA0005_clip_006.mp4,Panic,train,48,25.0,640,360,3.7916666666666665,2.7610258761715527,7.0,0.0014112027789838877,4.182682491363363,2.344278097503323,7.356283092498779,-0.002013108790416998,0.36965230503614915,0.11516561729636425,0.4950475454330444,-0.000260982156716536,150.55719316693452,154.2342559073343,326.7130920410156,-0.44067198882855235
/Users/harinihegde/Downloads/crowd_panic/Panic/VID-20251025-WA0005_clip_007.mp4,Panic,train,48,25.0,640,360,4.145833333333333,2.597992681325762,7.300000000000004,0.03370603560573156,5.731250844103225,3.0138782423973995,9.763342475891113,0.08578287643982681,0.4499877066688335,0.13769720821477263,0.5704325556755065,0.0032009952068397813,222.26425426618187,194.86432167900603,555.4700561523437,0.4778344808156899
/Users/harinihegde/Downloads/crowd_panic/Panic/VID-20251025-WA0005_clip_008.mp4,Panic,test,48,25.0,640,360,4.6875,2.476188687613823,9.0,0.037831089882761564,5.06908644513881,2.5747027527020814,8.617313385009766,-0.10342391751961615,0.32430514661555593,0.13753895290364215,0.49139852523803706,-0.0006901322382396287,213.40565904996075,183.7673036457968,476.433837890625,-0.951736071495686
/Users/harinihegde/Downloads/crowd_panic/Panic/VID-20251025-WA0005_clip_009.mp4,Panic,train,48,25.0,640,360,5.375,2.7051263063549054,9.300000000000004,0.0348458532349109,4.939964087719613,2.9239308329616542,9.067287063598632,0.02255480867447842,0.4300444848993991,0.14149500035999762,0.5783118724822998,-0.000752122857358911,161.9251173390365,177.35456936982504,462.5869140625,0.9727778515072973
/Users/harinihegde/Downloads/crowd_panic/Panic/VID-20251025-WA0005_clip_010.mp4,Panic,train,48,25.0,640,360,2.3333333333333335,2.1147629234082532,5.300000000000004,-0.007707338254450745,4.11929200177497,2.3150190835059017,7.534410667419433,0.030972096328102355,0.38483944265766346,0.14237931822572103,0.5503737807273865,0.0036857613361510424,180.4688980441827,184.0535457730117,481.4360137939452,-0.4162360385593362
/Users/harinihegde/Downloads/crowd_panic/Panic/VID-20251025-WA0005_clip_011.mp4,Panic,test,48,25.0,640,360,2.8333333333333335,2.4181030214244847,5.0,-0.03918801563178471,5.112377862981025,2.7651076897095037,8.411377429962156,0.0631021781653083,0.3657151219692636,0.1106242651505324,0.48899032473564147,0.0010726356751369086,211.36308327843162,192.6782629497138,542.2987182617189,-0.002045780701297408
/Users/harinihegde/Downloads/crowd_panic/Panic/VID-20251025-WA0005_clip_012.mp4,Panic,test,48,25.0,640,360,2.4791666666666665,1.89285480308331,5.0,0.03793964394268342,4.374717007292078,3.030355882699816,8.305102729797362,-0.11574726338798977,0.22572041191953293,0.1009388945645299,0.34760633707046507,0.002499243322067192,167.47077427892123,165.72229397077805,417.78399658203125,-2.605867578486669
/Users/harinihegde/Downloads/crowd_panic/Panic/VID-20251025-WA0005_clip_013.mp4,Panic,train,48,25.0,640,360,2.9583333333333335,3.0615786595952237,7.0,-0.0172600955275728,4.341456971269973,2.326887457871885,7.920197677612305,-0.029224645680679784,0.35299630946618443,0.12001657909293383,0.5021347463130951,-0.0020762037646945473,200.756085560872,206.89795211826714,569.5265319824218,-1.62674363954462
/Users/harinihegde/Downloads/crowd_panic/Panic/VID-20251025-WA0005_clip_014.mp4,Panic,train,48,25.0,640,360,3.1458333333333335,2.449401145631769,6.300000000000004,-0.048903603994789456,4.4796477784501745,2.252838684125368,7.6734045982360835,0.0408293643034134,0.38859085580135916,0.12806287973489286,0.4912566065788269,0.000663642088342443,175.3428461134434,183.07835854073645,506.0404083251954,1.2407683371212128
/Users/harinihegde/Downloads/crowd_panic/Panic/VID-20251025-WA0005_clip_015.mp4,Panic,train,48,25.0,640,360,2.6666666666666665,2.6404965862924765,6.0,0.04808944854537556,5.015636365464393,2.6868722416295125,9.303646087646484,-0.09799042240708766,0.25280070384132103,0.10809405768093867,0.39188180565834047,-0.00308864198325272,214.09838892353906,158.5073175743699,464.79518432617186,-1.559326876029378
/Users/harinihegde/Downloads/crowd_panic/Panic/VID-20251025-WA0005_clip_016.mp4,Panic,train,48,25.0,640,360,4.270833333333333,3.998643433160246,10.300000000000004,0.019268345636126796,4.884726083025019,3.2990410646062553,9.214973449707031,0.11772416690562636,0.3387995714400994,0.115499165814266,0.4770445227622986,0.0026286028192665503,153.52259737758314,190.8428473200074,505.86371154785155,1.7388925575180927
/Users/harinihegde/Downloads/crowd_panic/Panic/VID-20251025-WA0005_clip_017.mp4,Panic,train,48,25.0,640,360,3.2708333333333335,2.5473808717103053,7.0,0.03663699522362133,4.2052610897003335,2.4788999031609644,8.240300750732422,0.034475893078580386,0.3629116714793317,0.14519923089480777,0.5164170503616333,0.0018186595408929993,214.13397663759898,187.89016663046522,554.0545654296874,0.2598919318588193
/Users/harinihegde/Downloads/crowd_panic/Panic/VID-20251025-WA0005_clip_018.mp4,Panic,train,48,25.0,640,360,2.5625,2.0807275370248104,5.0,0.011561007381676048,5.1675170000563275,2.7122155951853943,8.89443302154541,0.05219233932040781,0.36136928628733817,0.123640583537789,0.4957017660140991,0.000706370199697091,212.474552495139,189.92438434180605,509.1909545898438,-1.8140162518430933
/Users/harinihegde/Downloads/crowd_panic/Panic/VID-20251025-WA0005_clip_019.mp4,Panic,test,48,25.0,640,360,2.6041666666666665,2.196015172736493,5.0,0.06258141554494137,4.5583337824395365,2.9297501181288625,9.052214431762694,-0.1226646519721822,0.2379632903698911,0.11114899698751946,0.3781370043754577,0.0004970044419720814,156.78823651352974,170.24120360503906,462.9173461914059,-1.264037288590211
/Users/harinihegde/Downloads/crowd_panic/Panic/VID-20251025-WA0005_clip_020.mp4,Panic,train,48,25.0,640,360,3.8333333333333335,3.6817870057290865,11.0,0.010855405992184049,4.710464038747422,2.9006972277662073,8.44611930847168,-0.005210747888913084,0.36014287807839984,0.1135178173806095,0.4952219486236572,0.0009768864761945002,249.7943540679084,229.08398202176213,618.9095703125,-0.21936648940332196
/Users/harinihegde/Downloads/crowd_panic/Panic/VID-20251025-WA0005_clip_021.mp4,Panic,train,48,25.0,640,360,3.6041666666666665,2.6982987181226292,7.0,0.016771602257924425,4.541314241733957,2.4696687836891047,8.33658332824707,0.0677146861031583,0.39592766508143,0.14035427032614192,0.5475531458854676,0.0024780533952805635,205.79762395840245,191.40980442040805,548.4050781249999,0.7081560510399835
/Users/harinihegde/Downloads/crowd_panic/Panic/VID-20251025-WA0005_clip_022.mp4,Panic,train,48,25.0,640,360,2.3541666666666665,2.6417291002085905,5.300000000000004,0.028061224489795894,5.513455251429943,2.513898240811743,9.34342918395996,-0.06895357750831763,0.2683670897670883,0.12199520957616491,0.4400071620941162,-0.00652391616828829,170.4257045715086,134.08479434965986,318.54046630859375,0.0020261211308317557
/Users/harinihegde/Downloads/crowd_panic/Panic/VID-20251025-WA0005_clip_023.mp4,Panic,train,48,25.0,640,360,3.3958333333333335,3.173717479374761,7.0,-0.03327181936604431,4.301717053068445,3.3021691777339877,8.593950462341308,0.11935267035024902,0.3341368370233698,0.10072538156276177,0.465145206451416,0.0025870321227184174,155.35513614804557,193.84664640680435,511.9343017578126,0.22201146589966841
/Users/harinihegde/Downloads/crowd_panic/Panic/VID-20251025-WA0005_clip_024.mp4,Panic,train,48,25.0,640,360,3.4583333333333335,3.240102450369261,7.300000000000004,0.05633955709943551,4.194128487972503,2.5638612741456672,7.8354715347290025,-0.009166610023139472,0.3700796075640841,0.1356852590398428,0.5332158207893372,0.001209835089384737,189.9796191573143,198.2276479508625,565.9562805175786,1.0197244499638454
/Users/harinihegde/Downloads/crowd_panic/Panic/VID-20251025-WA0005_clip_025.mp4,Panic,train,48,25.0,640,360,3.3541666666666665,2.585936188737499,7.300000000000004,0.032511940946591364,5.105640081649131,2.63621344078353,8.301373100280761,0.06340651667636374,0.3702022506201521,0.1042116028602342,0.4790193557739258,0.001838340592001127,220.14912404453054,177.93508795824775,508.196325683594,-1.6156141259881376
/Users/harinihegde/Downloads/crowd_panic/Panic/VID-20251025-WA0005_clip_026.mp4,Panic,train,48,25.0,640,360,3.2083333333333335,2.715375460021853,7.300000000000004,0.08043855840208422,4.425804259929251,3.129297988492597,8.308643913269043,-0.11597866386478416,0.24997379270164258,0.09964494597949083,0.3572706937789917,-0.0009929384253522812,145.5049516655678,148.2745567770942,291.1836242675781,-1.1395697223582901
/Users/harinihegde/Downloads/crowd_panic/Panic/VID-20251025-WA0005_clip_027.mp4,Panic,test,48,25.0,640,360,4.208333333333333,3.9049025453766304,10.0,-0.02149370386452461,4.738903574486996,2.7762181742824885,8.814607429504395,-0.013929295385468277,0.34797300382497465,0.11582822038438313,0.48892607688903805,0.001058642734376291,205.44591224086176,198.01617281529968,503.05035400390625,0.3143177465456911
/Users/harinihegde/Downloads/crowd_panic/Panic/VID-20251025-WA0005_clip_028.mp4,Panic,train,48,25.0,640,360,4.25,3.3008837200563934,8.0,0.04678679982631348,3.8025589496531387,2.397126969139969,6.979748630523679,0.0510715083266496,0.37093678433844385,0.14801670915918308,0.5445158004760742,0.0029510155089275355,220.46599180330105,199.1015776341788,571.369287109375,0.06776237157523139
/Users/harinihegde/Downloads/crowd_panic/Panic/VID-20251025-WA0005_clip_029.mp4,Panic,train,48,25.0,640,360,2.5208333333333335,2.4831900126427877,6.300000000000004,0.008087277464177112,5.436231907377851,2.7273037907709314,8.098209190368651,-0.07255337907692315,0.29427205073706647,0.111055084721731,0.43363224267959594,-0.006098674742072459,215.69307794705244,157.42919575430685,444.9879150390625,0.8490028939096812
/Users/harinihegde/Downloads/crowd_panic/Panic/VID-20251025-WA0005_clip_030.mp4,Panic,train,48,25.0,640,360,3.8333333333333335,3.6419622305686925,10.300000000000004,0.013786365610073771,4.351879606855676,3.2722021429944106,8.531980895996094,0.12309830969373572,0.3135273684846594,0.11072003240026278,0.4374289453029632,0.002735132801240516,146.852296027602,185.1775332901514,379.52192993164056,1.1425283232297907
/Users/harinihegde/Downloads/crowd_panic/Panic/VID-20251025-WA0005_clip_031.mp4,Panic,test,48,25.0,640,360,4.3125,3.52465276067492,10.0,0.009607034303082934,4.328817687136062,2.653058423763495,8.602894592285157,0.0226809900877765,0.38411465334765454,0.1378833297765262,0.5371547818183899,0.0028110318855967525,234.2727601509968,205.0341234692413,577.1477661132812,1.1158043564081837
/Users/harinihegde/Downloads/crowd_panic/Panic/VID-20251025-WA0005_clip_032.mp4,Panic,train,48,25.0,640,360,3.2916666666666665,3.1882488227168775,7.0,0.041359096830221403,4.959908432148873,2.608911479872399,8.004460906982422,0.06786327782215405,0.36655616173718836,0.1161260425803602,0.5037060022354126,0.0018160799070227789,221.1814038380083,198.32964934181933,517.43515625,-0.21873566077541257
/Users/harinihegde/Downloads/crowd_panic/Panic/VID-20251025-WA0005_clip_033.mp4,Panic,train,48,25.0,640,360,2.7291666666666665,2.069013284689642,5.300000000000004,0.0423903603994789,5.072271740182917,3.0281659189925465,10.195796966552734,-0.11453718019375418,0.27289816130824546,0.12421470242825451,0.44296680092811586,-0.003540349759163196,168.15191000263866,169.1701294844573,450.23490295410215,0.41918505185383287
/Users/harinihegde/Downloads/crowd_panic/Panic/VID-20251025-WA0005_clip_034.mp4,Panic,train,48,25.0,640,360,3.9791666666666665,3.262728812751001,9.0,0.00027138514980455257,4.60806609087802,2.892427562097492,8.424568557739256,0.02084953900319798,0.35731107329434536,0.1205216806751308,0.5064180970191955,0.001580144380366609,214.5418886343638,202.7402838747162,513.8604064941406,0.4314252893378705
/Users/harinihegde/Downloads/crowd_panic/Panic/VID-20251025-WA0005_clip_035.mp4,Panic,train,48,25.0,640,360,4.104166666666667,3.489505596149052,8.0,0.049120712114633064,4.06080668657384,2.5080702637150396,7.635760021209716,0.07013775146360428,0.3537186989758877,0.14438055135742262,0.522654128074646,0.003646358257464576,230.08166656323843,205.5077176575511,589.8799499511721,0.7822057707046519
/Users/harinihegde/Downloads/crowd_panic/Panic/VID-20251025-WA0005_clip_036.mp4,Panic,test,48,25.0,640,360,2.6666666666666665,2.4608038433722337,6.300000000000004,-0.04363873208858015,5.399897335691655,2.670810524890397,8.91023941040039,-0.03824592876583194,0.30354818987085463,0.12815382412496185,0.4545439720153808,-0.006415994403664983,198.65628460737375,164.89161320019403,406.50111999511716,0.2531785203210652
/Users/harinihegde/Downloads/crowd_panic/Panic/VID-20251025-WA0005_clip_037.mp4,Panic,train,48,25.0,640,360,3.2916666666666665,2.557328793009525,6.300000000000004,0.010421189752496722,4.003227119750165,2.5586001297502574,7.573194789886474,0.07874833136989938,0.3092222773331277,0.1126873008998973,0.45583335757255555,0.004149710203828523,157.98718620582324,195.5687435355652,507.66601257324254,1.8192509858439652
/Users/harinihegde/Downloads/crowd_panic/Panic/VID-20251025-WA0005_clip_038.mp4,Panic,train,48,25.0,640,360,4.125,3.301672555942922,8.0,0.0006513243595309788,4.344662203433666,2.6252939339234658,7.993231964111328,-0.014961863755077045,0.35292670562704825,0.14532124339054964,0.5275365829467773,0.001099933898136723,217.17491325196767,195.48354478633485,577.7881835937501,0.32381187825931596
/Users/harinihegde/Downloads/crowd_panic/Panic/VID-20251025-WA0005_clip_039.mp4,Panic,train,48,25.0,640,360,3.5416666666666665,3.175153102170386,8.0,0.04537559704732953,4.988789402424021,2.407766372082111,8.263134765624999,0.05883210496313595,0.3753817583969299,0.10474426938961964,0.5012541890144349,0.0010883654437607731,234.20091150731457,191.0803041932243,531.5309997558593,0.31513221907065175
/Users/harinihegde/Downloads/crowd_panic/Panic/VID-20251025-WA0005_clip_040.mp4,Panic,train,48,25.0,640,360,2.75,2.4706611800622658,6.300000000000004,0.05340859748154576,5.245342330729708,3.361360379773737,10.244853019714352,-0.13734695789551532,0.2626463157580571,0.1197787419383357,0.3961992561817169,-0.0034768182446596003,179.2271815572466,160.4929010304949,356.0803985595704,-1.5871598900714967
/Users/harinihegde/Downloads/crowd_panic/Panic/VID-20251025-WA0005_clip_041.mp4,Panic,train,48,25.0,640,360,4.25,3.5910769044025406,10.300000000000004,-0.01769431176726023,4.383676027998011,2.999505454225942,8.238711643218993,0.04068033956163577,0.34009648447341106,0.11164483565363893,0.48811037540435787,0.002882597466567182,170.68048599846344,194.2844660069884,477.3705078125001,0.48825568115893975
/Users/harinihegde/Downloads/crowd_panic/Panic/VID-20251025-WA0005_clip_042.mp4,Panic,train,48,25.0,640,360,3.0208333333333335,2.08656000126737,5.300000000000004,-0.026324359531046514,4.2268377187404225,2.23149716087166,7.453371810913085,0.011776514351368029,0.38607165296661095,0.13121038346156444,0.5203893899917602,0.0014375502831206932,182.94629472732544,178.86079695563828,503.1032836914065,0.5360223399524482
/Users/harinihegde/Downloads/crowd_panic/Panic/VID-20251025-WA0005_clip_043.mp4,Panic,train,48,25.0,640,360,3.6666666666666665,3.1644729243412546,7.0,0.0034737299174988573,3.6659664258043816,2.5448870804815567,7.465215969085693,0.030857979052051395,0.2792610194771848,0.11586305806943262,0.4461557805538177,0.005128490356047822,175.07201557500022,166.93212253631674,447.329345703125,-1.4769614565566738
/Users/harinihegde/Downloads/crowd_panic/Panic/VID-20251025-WA0005_clip_044.mp4,Panic,train,48,25.0,640,360,4.1875,3.6666074805829254,9.300000000000004,0.07050586191923579,4.555398324702648,2.640622077447174,7.624486923217773,0.003963450857271879,0.34711739801345987,0.13773075123998693,0.5001123368740081,-0.00047905056390163623,191.6336861760163,181.80513971316398,479.2757568359375,0.6564837072264147
/Users/harinihegde/Downloads/crowd_panic/Panic/VID-20251025-WA0005_clip_045.mp4,Panic,test,48,25.0,640,360,3.25,2.6339134382131846,6.0,0.038211029092488046,4.527545908664135,2.484807526242315,7.772702026367187,0.015105795518432335,0.3762391726387308,0.12351027658212586,0.4973107576370239,-0.0006124365301139364,234.14362745285035,205.87401053911614,616.9976257324219,0.12455747781423765
/Users/harinihegde/Downloads/crowd_panic/Panic/VID-20251025-WA0005_clip_046.mp4,Panic,test,48,25.0,640,360,2.625,2.16626598859266,5.0,-0.029852366478506344,5.193914375406631,2.765476703052813,9.866264152526856,-0.07160872633152819,0.2758225158173987,0.1166830603701094,0.44614980220794676,-0.005433127924172716,243.19249219894408,180.81262303585268,561.1336791992188,1.6726844524700102
/Users/harinihegde/Downloads/crowd_panic/Panic/VID-20251025-WA0005_clip_047.mp4,Panic,train,48,25.0,640,360,3.1458333333333335,2.254528621587128,5.300000000000004,0.003528006947459785,4.34117572992406,2.7150810696756973,8.042707347869873,0.054212821511401846,0.3303068149438564,0.11805885543603886,0.49603254199028013,0.0031574007496754726,127.56926824766047,151.6004000232825,310.7796142578125,1.3546351048870424
/Users/harinihegde/Downloads/crowd_panic/Panic/VID-20251025-WA0005_clip_048.mp4,Panic,train,48,25.0,640,360,3.5625,3.155063720962436,8.300000000000004,-0.03848241424229275,4.342096669876829,2.5644704006371675,8.338399696350097,0.017844446596175196,0.3805576952848029,0.14221182287359674,0.53787841796875,0.0016457567837478712,233.76612511594246,220.989506134546,608.4512023925781,-0.920463289613564
/Users/harinihegde/Downloads/crowd_panic/Panic/VID-20251025-WA0005_clip_049.mp4,Panic,train,48,25.0,640,360,2.5833333333333335,2.187400791401114,4.300000000000004,-0.036039947894051266,5.230325998143947,2.705003132075207,9.009239768981933,0.03083562726890682,0.3320794344106887,0.12195500493247331,0.4699229061603546,-0.0035936100361911773,226.88417304189582,192.71296545731715,548.2076171875,-0.3831591315611941
/Users/harinihegde/Downloads/crowd_panic/Panic/VID-20251025-WA0005_clip_050.mp4,Panic,train,48,25.0,640,360,3.2916666666666665,3.0954155168930426,8.0,0.018345636126791093,3.469557186390491,2.2609584151649513,7.065132427215576,0.021109627103165992,0.2668856699415978,0.10958167462048071,0.4039824426174164,0.004040084893416329,139.54654532490355,165.40802054686026,343.3665832519533,-0.6775357116352413
