path,label,fps,frames,width,height,duration_seconds,split
/Users/harinihegde/Downloads/crowd_panic/No Panic/VID-20250924-WA0017_clip_003.mp4,No Panic,29.97,150,640,360,5.005005005005005,train
/Users/harinihegde/Downloads/crowd_panic/No Panic/VID-20250924-WA0017_clip_004.mp4,No Panic,29.97,150,640,360,5.005005005005005,train
/Users/harinihegde/Downloads/crowd_panic/No Panic/VID-20250924-WA0017_clip_008.mp4,No Panic,29.97,150,640,360,5.005005005005005,train
/Users/harinihegde/Downloads/crowd_panic/No Panic/VID-20250924-WA0017_clip_009.mp4,No Panic,29.97,150,640,360,5.005005005005005,test
/Users/harinihegde/Downloads/crowd_panic/No Panic/VID-20250924-WA0017_clip_010.mp4,No Panic,29.97,150,640,360,5.005005005005005,test
/Users/harinihegde/Downloads/crowd_panic/No Panic/VID-20250924-WA0030_clip_001.mp4,No Panic,29.97,150,640,360,5.005005005005005,train
/Users/harinihegde/Downloads/crowd_panic/No Panic/VID-20250924-WA0030_clip_002.mp4,No Panic,29.97,150,640,360,5.005005005005005,train
/Users/harinihegde/Downloads/crowd_panic/No Panic/VID-20250924-WA0030_clip_003.mp4,No Panic,29.97,150,640,360,5.005005005005005,train
/Users/harinihegde/Downloads/crowd_panic/No Panic/VID-20250924-WA0030_clip_006.mp4,No Panic,29.97,150,640,360,5.005005005005005,train
/Users/harinihegde/Downloads/crowd_panic/No Panic/VID-20250924-WA0030_clip_007.mp4,No Panic,29.97,150,640,360,5.005005005005005,train
/Users/harinihegde/Downloads/crowd_panic/No Panic/VID-20250924-WA0030_clip_045.mp4,No Panic,29.97,150,640,360,5.005005005005005,train
/Users/harinihegde/Downloads/crowd_panic/No Panic/VID-20250924-WA0030_clip_046.mp4,No Panic,29.97,150,640,360,5.005005005005005,train
/Users/harinihegde/Downloads/crowd_panic/No Panic/VID-20250924-WA0030_clip_047.mp4,No Panic,29.97,150,640,360,5.005005005005005,train
/Users/harinihegde/Downloads/crowd_panic/No Panic/VID-20250924-WA0030_clip_048.mp4,No Panic,29.97,150,640,360,5.005005005005005,train
/Users/harinihegde/Downloads/crowd_panic/No Panic/VID-20250924-WA0030_clip_049.mp4,No Panic,29.97,150,640,360,5.005005005005005,train
/Users/harinihegde/Downloads/crowd_panic/No Panic/VID-20250924-WA0030_clip_050.mp4,No Panic,29.97,150,640,360,5.005005005005005,train
/Users/harinihegde/Downloads/crowd_panic/No Panic/VID-20250924-WA0030_clip_051.mp4,No Panic,29.97,150,640,360,5.005005005005005,test
/Users/harinihegde/Downloads/crowd_panic/No Panic/VID-20250924-WA0030_clip_052.mp4,No Panic,29.97,150,640,360,5.005005005005005,train
/Users/harinihegde/Downloads/crowd_panic/No Panic/VID-20250924-WA0030_clip_053.mp4,No Panic,29.97,150,640,360,5.005005005005005,train
/Users/harinihegde/Downloads/crowd_panic/No Panic/VID-20250924-WA0030_clip_054.mp4,No Panic,29.97,150,640,360,5.005005005005005,train
/Users/harinihegde/Downloads/crowd_panic/No Panic/VID-20250924-WA0030_clip_055.mp4,No Panic,29.97,150,640,360,5.005005005005005,train
/Users/harinihegde/Downloads/crowd_panic/No Panic/VID-20250924-WA0030_clip_056.mp4,No Panic,29.97,150,640,360,5.005005005005005,train
/Users/harinihegde/Downloads/crowd_panic/No Panic/VID-20250924-WA0030_clip_057.mp4,No Panic,29.97,150,640,360,5.005005005005005,train
/Users/harinihegde/Downloads/crowd_panic/No Panic/VID-20250924-WA0030_clip_058.mp4,No Panic,29.97,150,640,360,5.005005005005005,train
/Users/harinihegde/Downloads/crowd_panic/No Panic/VID-20250924-WA0030_clip_059.mp4,No Panic,29.97,150,640,360,5.005005005005005,train
/Users/harinihegde/Downloads/crowd_panic/No Panic/VID-20250924-WA0030_clip_060.mp4,No Panic,29.97,150,640,360,5.005005005005005,train
/Users/harinihegde/Downloads/crowd_panic/No Panic/VID-20250924-WA0030_clip_061.mp4,No Panic,29.97,150,640,360,5.005005005005005,train
/Users/harinihegde/Downloads/crowd_panic/No Panic/VID-20250924-WA0030_clip_062.mp4,No Panic,29.97,150,640,360,5.005005005005005,train
/Users/harinihegde/Downloads/crowd_panic/No Panic/VID-20250924-WA0030_clip_063.mp4,No Panic,29.97,150,640,360,5.005005005005005,test
/Users/harinihegde/Downloads/crowd_panic/No Panic/VID-20250924-WA0030_clip_064.mp4,No Panic,29.97,150,640,360,5.005005005005005,train
/Users/harinihegde/Downloads/crowd_panic/No Panic/VID-20250924-WA0030_clip_065.mp4,No Panic,29.97,150,640,360,5.005005005005005,train
/Users/harinihegde/Downloads/crowd_panic/No Panic/VID-20250924-WA0030_clip_066.mp4,No Panic,29.97,150,640,360,5.005005005005005,train
/Users/harinihegde/Downloads/crowd_panic/No Panic/VID-20250924-WA0030_clip_067.mp4,No Panic,29.97,150,640,360,5.005005005005005,train
/Users/harinihegde/Downloads/crowd_panic/No Panic/VID-20250924-WA0030_clip_068.mp4,No Panic,29.97,150,640,360,5.005005005005005,train
/Users/harinihegde/Downloads/crowd_panic/No Panic/VID-20250924-WA0030_clip_069.mp4,No Panic,29.97,150,640,360,5.005005005005005,train
/Users/harinihegde/Downloads/crowd_panic/No Panic/VID-20250924-WA0030_clip_070.mp4,No Panic,29.97,150,640,360,5.005005005005005,test
/Users/harinihegde/Downloads/crowd_panic/No Panic/VID-20250924-WA0030_clip_071.mp4,No Panic,29.97,150,640,360,5.005005005005005,test
/Users/harinihegde/Downloads/crowd_panic/No Panic/VID-20250924-WA0030_clip_072.mp4,No Panic,29.97,150,640,360,5.005005005005005,train
/Users/harinihegde/Downloads/crowd_panic/No Panic/VID-20250924-WA0030_clip_073.mp4,No Panic,29.97,150,640,360,5.005005005005005,train
/Users/harinihegde/Downloads/crowd_panic/No Panic/VID-20250924-WA0030_clip_074.mp4,No Panic,29.97,150,640,360,5.005005005005005,train
/Users/harinihegde/Downloads/crowd_panic/No Panic/VID-20250924-WA0030_clip_075.mp4,No Panic,29.97,150,640,360,5.005005005005005,test
/Users/harinihegde/Downloads/crowd_panic/No Panic/VID-20250924-WA0030_clip_076.mp4,No Panic,29.97,150,640,360,5.005005005005005,test
/Users/harinihegde/Downloads/crowd_panic/No Panic/VID-20250924-WA0030_clip_077.mp4,No Panic,29.97,150,640,360,5.005005005005005,test
/Users/harinihegde/Downloads/crowd_panic/No Panic/VID-20250924-WA0030_clip_078.mp4,No Panic,29.97,150,640,360,5.005005005005005,train
/Users/harinihegde/Downloads/crowd_panic/No Panic/VID-20250924-WA0030_clip_079.mp4,No Panic,29.97,180,640,360,6.0060060060060065,train
/Users/harinihegde/Downloads/crowd_panic/No Panic/VID-20250924-WA0030_clip_080.mp4,No Panic,29.97,120,640,360,4.004004004004004,train
/Users/harinihegde/Downloads/crowd_panic/No Panic/VID-20250924-WA0032_clip_001.mp4,No Panic,23.98,120,640,360,5.004170141784821,train
/Users/harinihegde/Downloads/crowd_panic/No Panic/VID-20250924-WA0032_clip_002.mp4,No Panic,23.98,120,640,360,5.004170141784821,train
/Users/harinihegde/Downloads/crowd_panic/No Panic/VID-20250924-WA0032_clip_003.mp4,No Panic,23.98,120,640,360,5.004170141784821,test
/Users/harinihegde/Downloads/crowd_panic/No Panic/VID-20250924-WA0032_clip_004.mp4,No Panic,23.98,120,640,360,5.004170141784821,train
/Users/harinihegde/Downloads/crowd_panic/No Panic/VID-20250924-WA0032_clip_005.mp4,No Panic,23.98,120,640,360,5.004170141784821,train
/Users/harinihegde/Downloads/crowd_panic/No Panic/VID-20250924-WA0032_clip_006.mp4,No Panic,23.98,120,640,360,5.004170141784821,train
/Users/harinihegde/Downloads/crowd_panic/No Panic/VID-20250924-WA0032_clip_007.mp4,No Panic,23.98,120,640,360,5.004170141784821,test
/Users/harinihegde/Downloads/crowd_panic/No Panic/VID-20250924-WA0032_clip_008.mp4,No Panic,23.98,144,640,360,6.005004170141785,train
/Users/harinihegde/Downloads/crowd_panic/No Panic/VID-20250924-WA0032_clip_009.mp4,No Panic,23.98,96,640,360,4.0033361134278564,train
/Users/harinihegde/Downloads/crowd_panic/No Panic/VID-20250924-WA0033_clip_001.mp4,No Panic,25.0,150,640,360,6.0,train
/Users/harinihegde/Downloads/crowd_panic/No Panic/VID-20250924-WA0033_clip_002.mp4,No Panic,25.0,175,640,360,7.0,test
/Users/harinihegde/Downloads/crowd_panic/No Panic/VID-20250924-WA0037_clip_198.mp4,No Panic,30.0,150,640,360,5.0,test
/Users/harinihegde/Downloads/crowd_panic/No Panic/VID-20250924-WA0037_clip_199.mp4,No Panic,30.0,150,640,360,5.0,train
/Users/harinihegde/Downloads/crowd_panic/No Panic/VID-20250924-WA0037_clip_200.mp4,No Panic,30.0,150,640,360,5.0,test
/Users/harinihegde/Downloads/crowd_panic/No Panic/VID-20250924-WA0037_clip_201.mp4,No Panic,30.0,150,640,360,5.0,test
/Users/harinihegde/Downloads/crowd_panic/No Panic/VID-20250924-WA0037_clip_202.mp4,No Panic,30.0,150,640,360,5.0,train
/Users/harinihegde/Downloads/crowd_panic/No Panic/VID-20250924-WA0037_clip_203.mp4,No Panic,30.0,150,640,360,5.0,test
/Users/harinihegde/Downloads/crowd_panic/No Panic/VID-20250924-WA0037_clip_204.mp4,No Panic,30.0,150,640,360,5.0,train
/Users/harinihegde/Downloads/crowd_panic/No Panic/VID-20250924-WA0037_clip_205.mp4,No Panic,30.0,150,640,360,5.0,train
/Users/harinihegde/Downloads/crowd_panic/No Panic/VID-20250924-WA0037_clip_206.mp4,No Panic,30.0,150,640,360,5.0,train
/Users/harinihegde/Downloads/crowd_panic/No Panic/VID-20250924-WA0037_clip_207.mp4,No Panic,30.0,150,640,360,5.0,test
/Users/harinihegde/Downloads/crowd_panic/No Panic/VID-20250924-WA0037_clip_208.mp4,No Panic,30.0,150,640,360,5.0,train
/Users/harinihegde/Downloads/crowd_panic/No Panic/VID-20250924-WA0037_clip_209.mp4,No Panic,30.0,150,640,360,5.0,train
/Users/harinihegde/Downloads/crowd_panic/No Panic/VID-20250924-WA0037_clip_210.mp4,No Panic,30.0,150,640,360,5.0,train
/Users/harinihegde/Downloads/crowd_panic/No Panic/VID-20250924-WA0037_clip_213.mp4,No Panic,30.0,150,640,360,5.0,train
/Users/harinihegde/Downloads/crowd_panic/No Panic/VID-20250924-WA0037_clip_214.mp4,No Panic,30.0,150,640,360,5.0,train
/Users/harinihegde/Downloads/crowd_panic/No Panic/VID-20250924-WA0037_clip_215.mp4,No Panic,30.0,150,640,360,5.0,train
/Users/harinihegde/Downloads/crowd_panic/No Panic/VID-20250924-WA0037_clip_216.mp4,No Panic,30.0,150,640,360,5.0,train
/Users/harinihegde/Downloads/crowd_panic/No Panic/VID-20251025-WA0006_clip_001.mp4,No Panic,29.97,150,640,360,5.005005005005005,train
/Users/harinihegde/Downloads/crowd_panic/No Panic/VID-20251025-WA0006_clip_002.mp4,No Panic,29.97,150,640,360,5.005005005005005,train
/Users/harinihegde/Downloads/crowd_panic/No Panic/VID-20251025-WA0006_clip_003.mp4,No Panic,29.97,150,640,360,5.005005005005005,train
/Users/harinihegde/Downloads/crowd_panic/No Panic/VID-20251025-WA0006_clip_004.mp4,No Panic,29.97,150,640,360,5.005005005005005,train
/Users/harinihegde/Downloads/crowd_panic/No Panic/VID-20251025-WA0006_clip_005.mp4,No Panic,29.97,150,640,360,5.005005005005005,train
/Users/harinihegde/Downloads/crowd_panic/No Panic/VID-20251025-WA0006_clip_006.mp4,No Panic,29.97,150,640,360,5.005005005005005,train
/Users/harinihegde/Downloads/crowd_panic/No Panic/VID-20251025-WA0006_clip_010.mp4,No Panic,29.97,150,640,360,5.005005005005005,train
/Users/harinihegde/Downloads/crowd_panic/No Panic/VID-20251025-WA0006_clip_030.mp4,No Panic,29.97,150,640,360,5.005005005005005,train
/Users/harinihegde/Downloads/crowd_panic/No Panic/VID-20251025-WA0006_clip_031.mp4,No Panic,29.97,150,640,360,5.005005005005005,train
/Users/harinihegde/Downloads/crowd_panic/No Panic/VID-20251025-WA0006_clip_032.mp4,No Panic,29.97,150,640,360,5.005005005005005,test
/Users/harinihegde/Downloads/crowd_panic/No Panic/VID-20251025-WA0006_clip_034.mp4,No Panic,29.97,150,640,360,5.005005005005005,test
/Users/harinihegde/Downloads/crowd_panic/No Panic/VID-20251025-WA0006_clip_035.mp4,No Panic,29.97,150,640,360,5.005005005005005,test
/Users/harinihegde/Downloads/crowd_panic/No Panic/VID-20251025-WA0006_clip_036.mp4,No Panic,29.97,150,640,360,5.005005005005005,train
/Users/harinihegde/Downloads/crowd_panic/No Panic/VID-20251025-WA0006_clip_037.mp4,No Panic,29.97,150,640,360,5.005005005005005,train
/Users/harinihegde/Downloads/crowd_panic/No Panic/VID-20251025-WA0006_clip_038.mp4,No Panic,29.97,150,640,360,5.005005005005005,train
/Users/harinihegde/Downloads/crowd_panic/No Panic/VID-20251025-WA0006_clip_039.mp4,No Panic,29.97,150,640,360,5.005005005005005,train
/Users/harinihegde/Downloads/crowd_panic/No Panic/VID-20251025-WA0006_clip_045.mp4,No Panic,29.97,150,640,360,5.005005005005005,train
/Users/harinihegde/Downloads/crowd_panic/No Panic/VID-20251025-WA0006_clip_057.mp4,No Panic,29.97,150,640,360,5.005005005005005,train
/Users/harinihegde/Downloads/crowd_panic/No Panic/VID-20251025-WA0006_clip_058.mp4,No Panic,29.97,150,640,360,5.005005005005005,test
/Users/harinihegde/Downloads/crowd_panic/No Panic/VID-20251025-WA0006_clip_059.mp4,No Panic,29.97,150,640,360,5.005005005005005,train
/Users/harinihegde/Downloads/crowd_panic/No Panic/VID-20251025-WA0006_clip_060.mp4,No Panic,29.97,150,640,360,5.005005005005005,train
/Users/harinihegde/Downloads/crowd_panic/No Panic/VID-20251025-WA0006_clip_061.mp4,No Panic,29.97,150,640,360,5.005005005005005,train
/Users/harinihegde/Downloads/crowd_panic/No Panic/VID-20251025-WA0006_clip_062.mp4,No Panic,29.97,150,640,360,5.005005005005005,train
/Users/harinihegde/Downloads/crowd_panic/No Panic/VID-20251025-WA0006_clip_063.mp4,No Panic,29.97,150,640,360,5.005005005005005,train
/Users/harinihegde/Downloads/crowd_panic/No Panic/VID-20251025-WA0006_clip_064.mp4,No Panic,29.97,150,640,360,5.005005005005005,test
/Users/harinihegde/Downloads/crowd_panic/No Panic/VID-20251025-WA0006_clip_065.mp4,No Panic,29.97,150,640,360,5.005005005005005,train
/Users/harinihegde/Downloads/crowd_panic/No Panic/VID-20251025-WA0006_clip_066.mp4,No Panic,29.97,150,640,360,5.005005005005005,train
/Users/harinihegde/Downloads/crowd_panic/No Panic/VID-20251025-WA0006_clip_067.mp4,No Panic,29.97,150,640,360,5.005005005005005,train
/Users/harinihegde/Downloads/crowd_panic/No Panic/VID-20251025-WA0006_clip_068.mp4,No Panic,29.97,150,640,360,5.005005005005005,test
/Users/harinihegde/Downloads/crowd_panic/No Panic/VID-20251025-WA0006_clip_069.mp4,No Panic,29.97,150,640,360,5.005005005005005,train
/Users/harinihegde/Downloads/crowd_panic/No Panic/VID-20251025-WA0006_clip_070.mp4,No Panic,29.97,150,640,360,5.005005005005005,train
/Users/harinihegde/Downloads/crowd_panic/No Panic/VID-20251025-WA0006_clip_071.mp4,No Panic,29.97,150,640,360,5.005005005005005,train
/Users/harinihegde/Downloads/crowd_panic/No Panic/VID-20251025-WA0006_clip_072.mp4,No Panic,29.97,150,640,360,5.005005005005005,train
/Users/harinihegde/Downloads/crowd_panic/No Panic/VID-20251025-WA0006_clip_073.mp4,No Panic,29.97,150,640,360,5.005005005005005,train
/Users/harinihegde/Downloads/crowd_panic/No Panic/VID-20251025-WA0006_clip_074.mp4,No Panic,29.97,150,640,360,5.005005005005005,train
/Users/harinihegde/Downloads/crowd_panic/No Panic/VID-20251025-WA0006_clip_075.mp4,No Panic,29.97,150,640,360,5.005005005005005,train
/Users/harinihegde/Downloads/crowd_panic/No Panic/VID-20251025-WA0006_clip_076.mp4,No Panic,29.97,150,640,360,5.005005005005005,train
/Users/harinihegde/Downloads/crowd_panic/No Panic/VID-20251025-WA0006_clip_077.mp4,No Panic,29.97,150,640,360,5.005005005005005,test
/Users/harinihegde/Downloads/crowd_panic/No Panic/VID-20251025-WA0006_clip_078.mp4,No Panic,29.97,150,640,360,5.005005005005005,train
/Users/harinihegde/Downloads/crowd_panic/No Panic/VID-20251025-WA0006_clip_079.mp4,No Panic,29.97,150,640,360,5.005005005005005,train
/Users/harinihegde/Downloads/crowd_panic/No Panic/VID-20251025-WA0006_clip_080.mp4,No Panic,29.97,150,640,360,5.005005005005005,train
/Users/harinihegde/Downloads/crowd_panic/No Panic/VID-20251025-WA0006_clip_081.mp4,No Panic,29.97,150,640,360,5.005005005005005,train
/Users/harinihegde/Downloads/crowd_panic/No Panic/VID-20251025-WA0006_clip_082.mp4,No Panic,29.97,150,640,360,5.005005005005005,train
/Users/harinihegde/Downloads/crowd_panic/No Panic/VID-20251025-WA0006_clip_083.mp4,No Panic,29.97,150,640,360,5.005005005005005,test
/Users/harinihegde/Downloads/crowd_panic/No Panic/VID-20251025-WA0006_clip_084.mp4,No Panic,29.97,150,640,360,5.005005005005005,train
/Users/harinihegde/Downloads/crowd_panic/No Panic/VID-20251025-WA0006_clip_085.mp4,No Panic,29.97,150,640,360,5.005005005005005,train
/Users/harinihegde/Downloads/crowd_panic/No Panic/VID-20251025-WA0006_clip_086.mp4,No Panic,29.97,150,640,360,5.005005005005005,train
/Users/harinihegde/Downloads/crowd_panic/No Panic/VID-20251025-WA0006_clip_087.mp4,No Panic,29.97,150,640,360,5.005005005005005,train
/Users/harinihegde/Downloads/crowd_panic/No Panic/VID-20251025-WA0006_clip_088.mp4,No Panic,29.97,150,640,360,5.005005005005005,train
/Users/harinihegde/Downloads/crowd_panic/No Panic/VID-20251025-WA0006_clip_089.mp4,No Panic,29.97,150,640,360,5.005005005005005,train
/Users/harinihegde/Downloads/crowd_panic/No Panic/VID-20251025-WA0006_clip_090.mp4,No Panic,29.97,150,640,360,5.005005005005005,train
/Users/harinihegde/Downloads/crowd_panic/No Panic/VID-20251025-WA0006_clip_091.mp4,No Panic,29.97,150,640,360,5.005005005005005,train
/Users/harinihegde/Downloads/crowd_panic/No Panic/VID-20251025-WA0006_clip_092.mp4,No Panic,29.97,150,640,360,5.005005005005005,train
/Users/harinihegde/Downloads/crowd_panic/No Panic/VID-20251025-WA0006_clip_093.mp4,No Panic,29.97,150,640,360,5.005005005005005,train
/Users/harinihegde/Downloads/crowd_panic/No Panic/VID-20251025-WA0006_clip_094.mp4,No Panic,29.97,150,640,360,5.005005005005005,train
/Users/harinihegde/Downloads/crowd_panic/No Panic/VID-20251025-WA0006_clip_095.mp4,No Panic,29.97,150,640,360,5.005005005005005,train
/Users/harinihegde/Downloads/crowd_panic/No Panic/VID-20251025-WA0006_clip_096.mp4,No Panic,29.97,150,640,360,5.005005005005005,train
/Users/harinihegde/Downloads/crowd_panic/No Panic/VID-20251025-WA0006_clip_097.mp4,No Panic,29.97,150,640,360,5.005005005005005,train
/Users/harinihegde/Downloads/crowd_panic/No Panic/VID-20251025-WA0006_clip_098.mp4,No Panic,29.97,150,640,360,5.005005005005005,train
/Users/harinihegde/Downloads/crowd_panic/No Panic/VID-20251025-WA0006_clip_099.mp4,No Panic,29.97,150,640,360,5.005005005005005,train
/Users/harinihegde/Downloads/crowd_panic/No Panic/VID-20251025-WA0006_clip_100.mp4,No Panic,29.97,150,640,360,5.005005005005005,train
/Users/harinihegde/Downloads/crowd_panic/No Panic/VID-20251025-WA0006_clip_101.mp4,No Panic,29.97,150,640,360,5.005005005005005,train
/Users/harinihegde/Downloads/crowd_panic/No Panic/VID-20251025-WA0006_clip_102.mp4,No Panic,29.97,150,640,360,5.005005005005005,train
/Users/harinihegde/Downloads/crowd_panic/No Panic/VID-20251025-WA0006_clip_103.mp4,No Panic,29.97,150,640,360,5.005005005005005,train
/Users/harinihegde/Downloads/crowd_panic/No Panic/VID-20251025-WA0006_clip_104.mp4,No Panic,29.97,150,640,360,5.005005005005005,train
/Users/harinihegde/Downloads/crowd_panic/No Panic/VID-20251025-WA0006_clip_105.mp4,No Panic,29.97,150,640,360,5.005005005005005,train
/Users/harinihegde/Downloads/crowd_panic/No Panic/VID-20251025-WA0006_clip_106.mp4,No Panic,29.97,150,640,360,5.005005005005005,train
/Users/harinihegde/Downloads/crowd_panic/No Panic/VID-20251025-WA0006_clip_107.mp4,No Panic,29.97,150,640,360,5.005005005005005,train
/Users/harinihegde/Downloads/crowd_panic/No Panic/VID-20251025-WA0006_clip_108.mp4,No Panic,29.97,150,640,360,5.005005005005005,train
/Users/harinihegde/Downloads/crowd_panic/No Panic/VID-20251025-WA0006_clip_109.mp4,No Panic,29.97,150,640,360,5.005005005005005,train
/Users/harinihegde/Downloads/crowd_panic/No Panic/VID-20251025-WA0006_clip_110.mp4,No Panic,29.97,150,640,360,5.005005005005005,test
/Users/harinihegde/Downloads/crowd_panic/No Panic/VID-20251025-WA0006_clip_111.mp4,No Panic,29.97,150,640,360,5.005005005005005,train
/Users/harinihegde/Downloads/crowd_panic/No Panic/VID-20251025-WA0006_clip_112.mp4,No Panic,29.97,150,640,360,5.005005005005005,test
/Users/harinihegde/Downloads/crowd_panic/No Panic/VID-20251025-WA0006_clip_113.mp4,No Panic,29.97,150,640,360,5.005005005005005,train
/Users/harinihegde/Downloads/crowd_panic/No Panic/VID-20251025-WA0006_clip_114.mp4,No Panic,29.97,150,640,360,5.005005005005005,test
/Users/harinihegde/Downloads/crowd_panic/No Panic/VID-20251025-WA0006_clip_115.mp4,No Panic,29.97,150,640,360,5.005005005005005,train
/Users/harinihegde/Downloads/crowd_panic/No Panic/VID-20251025-WA0006_clip_117.mp4,No Panic,29.97,150,640,360,5.005005005005005,train
/Users/harinihegde/Downloads/crowd_panic/No Panic/VID-20251025-WA0006_clip_118.mp4,No Panic,29.97,150,640,360,5.005005005005005,train
/Users/harinihegde/Downloads/crowd_panic/No Panic/VID-20251025-WA0006_clip_119.mp4,No Panic,29.97,150,640,360,5.005005005005005,train
/Users/harinihegde/Downloads/crowd_panic/No Panic/VID-20251025-WA0006_clip_120.mp4,No Panic,29.97,150,640,360,5.005005005005005,train
/Users/harinihegde/Downloads/crowd_panic/No Panic/VID-20251025-WA0006_clip_121.mp4,No Panic,29.97,150,640,360,5.005005005005005,test
/Users/harinihegde/Downloads/crowd_panic/No Panic/VID-20251025-WA0006_clip_122.mp4,No Panic,29.97,150,640,360,5.005005005005005,test
/Users/harinihegde/Downloads/crowd_panic/No Panic/VID-20251025-WA0006_clip_123.mp4,No Panic,29.97,150,640,360,5.005005005005005,train
/Users/harinihegde/Downloads/crowd_panic/No Panic/VID-20251025-WA0006_clip_124.mp4,No Panic,29.97,150,640,360,5.005005005005005,test
/Users/harinihegde/Downloads/crowd_panic/No Panic/VID-20251025-WA0006_clip_125.mp4,No Panic,29.97,150,640,360,5.005005005005005,train
/Users/harinihegde/Downloads/crowd_panic/No Panic/VID-20251025-WA0006_clip_126.mp4,No Panic,29.97,150,640,360,5.005005005005005,train
/Users/harinihegde/Downloads/crowd_panic/No Panic/VID-20251025-WA0006_clip_127.mp4,No Panic,29.97,150,640,360,5.005005005005005,train
/Users/harinihegde/Downloads/crowd_panic/No Panic/VID-20251025-WA0006_clip_128.mp4,No Panic,29.97,150,640,360,5.005005005005005,train
/Users/harinihegde/Downloads/crowd_panic/No Panic/VID-20251025-WA0006_clip_129.mp4,No Panic,29.97,150,640,360,5.005005005005005,train
/Users/harinihegde/Downloads/crowd_panic/No Panic/VID-20251025-WA0006_clip_130.mp4,No Panic,29.97,150,640,360,5.005005005005005,train
/Users/harinihegde/Downloads/crowd_panic/No Panic/VID-20251025-WA0006_clip_131.mp4,No Panic,29.97,150,640,360,5.005005005005005,train
/Users/harinihegde/Downloads/crowd_panic/No Panic/VID-20251025-WA0006_clip_132.mp4,No Panic,29.97,150,640,360,5.005005005005005,test
/Users/harinihegde/Downloads/crowd_panic/No Panic/VID-20251025-WA0006_clip_133.mp4,No Panic,29.97,150,640,360,5.005005005005005,train
/Users/harinihegde/Downloads/crowd_panic/No Panic/VID-20251025-WA0006_clip_134.mp4,No Panic,29.97,150,640,360,5.005005005005005,train
/Users/harinihegde/Downloads/crowd_panic/No Panic/VID-20251025-WA0006_clip_135.mp4,No Panic,29.97,150,640,360,5.005005005005005,train
/Users/harinihegde/Downloads/crowd_panic/No Panic/VID-20251025-WA0006_clip_136.mp4,No Panic,29.97,150,640,360,5.005005005005005,train
/Users/harinihegde/Downloads/crowd_panic/No Panic/VID-20251025-WA0006_clip_137.mp4,No Panic,29.97,150,640,360,5.005005005005005,test
/Users/harinihegde/Downloads/crowd_panic/No Panic/VID-20251025-WA0006_clip_138.mp4,No Panic,29.97,150,640,360,5.005005005005005,test
/Users/harinihegde/Downloads/crowd_panic/No Panic/VID-20251025-WA0006_clip_139.mp4,No Panic,29.97,150,640,360,5.005005005005005,test
/Users/harinihegde/Downloads/crowd_panic/No Panic/VID-20251025-WA0006_clip_140.mp4,No Panic,29.97,150,640,360,5.005005005005005,train
/Users/harinihegde/Downloads/crowd_panic/No Panic/VID-20251025-WA0006_clip_141.mp4,No Panic,29.97,150,640,360,5.005005005005005,train
/Users/harinihegde/Downloads/crowd_panic/No Panic/VID-20251025-WA0006_clip_142.mp4,No Panic,29.97,150,640,360,5.005005005005005,train
/Users/harinihegde/Downloads/crowd_panic/No Panic/VID-20251025-WA0006_clip_143.mp4,No Panic,29.97,150,640,360,5.005005005005005,train
/Users/harinihegde/Downloads/crowd_panic/No Panic/VID-20251025-WA0006_clip_144.mp4,No Panic,29.97,150,640,360,5.005005005005005,train
/Users/harinihegde/Downloads/crowd_panic/No Panic/VID-20251025-WA0006_clip_145.mp4,No Panic,29.97,150,640,360,5.005005005005005,test
/Users/harinihegde/Downloads/crowd_panic/No Panic/VID-20251025-WA0006_clip_146.mp4,No Panic,29.97,150,640,360,5.005005005005005,test
/Users/harinihegde/Downloads/crowd_panic/No Panic/VID-20251025-WA0006_clip_147.mp4,No Panic,29.97,150,640,360,5.005005005005005,train
/Users/harinihegde/Downloads/crowd_panic/No Panic/VID-20251025-WA0006_clip_148.mp4,No Panic,29.97,150,640,360,5.005005005005005,train
/Users/harinihegde/Downloads/crowd_panic/No Panic/VID-20251025-WA0006_clip_149.mp4,No Panic,29.97,150,640,360,5.005005005005005,train
/Users/harinihegde/Downloads/crowd_panic/No Panic/VID-20251025-WA0006_clip_150.mp4,No Panic,29.97,150,640,360,5.005005005005005,train
/Users/harinihegde/Downloads/crowd_panic/No Panic/VID-20251025-WA0006_clip_151.mp4,No Panic,29.97,150,640,360,5.005005005005005,test
/Users/harinihegde/Downloads/crowd_panic/No Panic/VID-20251025-WA0006_clip_152.mp4,No Panic,29.97,150,640,360,5.005005005005005,test
/Users/harinihegde/Downloads/crowd_panic/No Panic/VID-20251025-WA0006_clip_153.mp4,No Panic,29.97,150,640,360,5.005005005005005,test
/Users/harinihegde/Downloads/crowd_panic/No Panic/VID-20251025-WA0006_clip_154.mp4,No Panic,29.97,150,640,360,5.005005005005005,train
/Users/harinihegde/Downloads/crowd_panic/No Panic/VID-20251025-WA0006_clip_155.mp4,No Panic,29.97,150,640,360,5.005005005005005,train
/Users/harinihegde/Downloads/crowd_panic/No Panic/VID-20251025-WA0006_clip_156.mp4,No Panic,29.97,150,640,360,5.005005005005005,test
/Users/harinihegde/Downloads/crowd_panic/No Panic/VID-20251025-WA0006_clip_157.mp4,No Panic,29.97,150,640,360,5.005005005005005,train
/Users/harinihegde/Downloads/crowd_panic/No Panic/VID-20251025-WA0006_clip_158.mp4,No Panic,29.97,150,640,360,5.005005005005005,train
/Users/harinihegde/Downloads/crowd_panic/No Panic/VID-20251025-WA0006_clip_159.mp4,No Panic,29.97,150,640,360,5.005005005005005,train
/Users/harinihegde/Downloads/crowd_panic/No Panic/VID-20251025-WA0006_clip_160.mp4,No Panic,29.97,150,640,360,5.005005005005005,train
/Users/harinihegde/Downloads/crowd_panic/No Panic/VID-20251025-WA0006_clip_161.mp4,No Panic,29.97,150,640,360,5.005005005005005,train
/Users/harinihegde/Downloads/crowd_panic/No Panic/VID-20251025-WA0006_clip_162.mp4,No Panic,29.97,150,640,360,5.005005005005005,train
/Users/harinihegde/Downloads/crowd_panic/No Panic/VID-20251025-WA0006_clip_163.mp4,No Panic,29.97,150,640,360,5.005005005005005,train
/Users/harinihegde/Downloads/crowd_panic/No Panic/VID-20251025-WA0006_clip_164.mp4,No Panic,29.97,150,640,360,5.005005005005005,test
/Users/harinihegde/Downloads/crowd_panic/No Panic/VID-20251025-WA0006_clip_165.mp4,No Panic,29.97,150,640,360,5.005005005005005,train
/Users/harinihegde/Downloads/crowd_panic/No Panic/VID-20251025-WA0006_clip_166.mp4,No Panic,29.97,150,640,360,5.005005005005005,train
/Users/harinihegde/Downloads/crowd_panic/No Panic/VID-20251025-WA0006_clip_167.mp4,No Panic,29.97,150,640,360,5.005005005005005,test
/Users/harinihegde/Downloads/crowd_panic/No Panic/VID-20251025-WA0006_clip_168.mp4,No Panic,29.97,150,640,360,5.005005005005005,test
/Users/harinihegde/Downloads/crowd_panic/No Panic/VID-20251025-WA0006_clip_169.mp4,No Panic,29.97,150,640,360,5.005005005005005,test
/Users/harinihegde/Downloads/crowd_panic/No Panic/VID-20251025-WA0006_clip_170.mp4,No Panic,29.97,150,640,360,5.005005005005005,train
/Users/harinihegde/Downloads/crowd_panic/No Panic/VID-20251025-WA0006_clip_171.mp4,No Panic,29.97,150,640,360,5.005005005005005,train
/Users/harinihegde/Downloads/crowd_panic/No Panic/VID-20251025-WA0006_clip_172.mp4,No Panic,29.97,150,640,360,5.005005005005005,train
/Users/harinihegde/Downloads/crowd_panic/No Panic/VID-20251025-WA0006_clip_173.mp4,No Panic,29.97,150,640,360,5.005005005005005,train
/Users/harinihegde/Downloads/crowd_panic/No Panic/VID-20251025-WA0006_clip_174.mp4,No Panic,29.97,150,640,360,5.005005005005005,train
/Users/harinihegde/Downloads/crowd_panic/No Panic/VID-20251025-WA0006_clip_175.mp4,No Panic,29.97,150,640,360,5.005005005005005,test
/Users/harinihegde/Downloads/crowd_panic/No Panic/VID-20251025-WA0006_clip_176.mp4,No Panic,29.97,150,640,360,5.005005005005005,train
/Users/harinihegde/Downloads/crowd_panic/No Panic/VID-20251025-WA0006_clip_177.mp4,No Panic,29.97,150,640,360,5.005005005005005,train
/Users/harinihegde/Downloads/crowd_panic/No Panic/VID-20251025-WA0006_clip_178.mp4,No Panic,29.97,150,640,360,5.005005005005005,test
/Users/harinihegde/Downloads/crowd_panic/No Panic/VID-20251025-WA0006_clip_179.mp4,No Panic,29.97,150,640,360,5.005005005005005,train
/Users/harinihegde/Downloads/crowd_panic/No Panic/VID-20251025-WA0006_clip_180.mp4,No Panic,29.97,150,640,360,5.005005005005005,train
/Users/harinihegde/Downloads/crowd_panic/No Panic/VID-20251025-WA0006_clip_181.mp4,No Panic,29.97,150,640,360,5.005005005005005,train
/Users/harinihegde/Downloads/crowd_panic/No Panic/VID-20251025-WA0006_clip_182.mp4,No Panic,29.97,150,640,360,5.005005005005005,test
/Users/harinihegde/Downloads/crowd_panic/No Panic/VID-20251025-WA0006_clip_183.mp4,No Panic,29.97,150,640,360,5.005005005005005,train
/Users/harinihegde/Downloads/crowd_panic/No Panic/VID-20251025-WA0006_clip_184.mp4,No Panic,29.97,150,640,360,5.005005005005005,test
/Users/harinihegde/Downloads/crowd_panic/No Panic/VID-20251025-WA0006_clip_185.mp4,No Panic,29.97,150,640,360,5.005005005005005,test
/Users/harinihegde/Downloads/crowd_panic/No Panic/VID-20251025-WA0006_clip_186.mp4,No Panic,29.97,150,640,360,5.005005005005005,train
/Users/harinihegde/Downloads/crowd_panic/No Panic/VID-20251025-WA0006_clip_187.mp4,No Panic,29.97,150,640,360,5.005005005005005,train
/Users/harinihegde/Downloads/crowd_panic/No Panic/VID-20251025-WA0006_clip_188.mp4,No Panic,29.97,150,640,360,5.005005005005005,train
/Users/harinihegde/Downloads/crowd_panic/No Panic/VID-20251025-WA0006_clip_189.mp4,No Panic,29.97,150,640,360,5.005005005005005,train
/Users/harinihegde/Downloads/crowd_panic/No Panic/VID-20251025-WA0006_clip_190.mp4,No Panic,29.97,150,640,360,5.005005005005005,train
/Users/harinihegde/Downloads/crowd_panic/No Panic/VID-20251025-WA0006_clip_191.mp4,No Panic,29.97,150,640,360,5.005005005005005,train
/Users/harinihegde/Downloads/crowd_panic/No Panic/VID-20251025-WA0006_clip_192.mp4,No Panic,29.97,150,640,360,5.005005005005005,train
/Users/harinihegde/Downloads/crowd_panic/No Panic/VID-20251025-WA0006_clip_193.mp4,No Panic,29.97,150,640,360,5.005005005005005,train
/Users/harinihegde/Downloads/crowd_panic/No Panic/VID-20251025-WA0006_clip_194.mp4,No Panic,29.97,150,640,360,5.005005005005005,train
/Users/harinihegde/Downloads/crowd_panic/No Panic/VID-20251025-WA0006_clip_195.mp4,No Panic,29.97,150,640,360,5.005005005005005,train
/Users/harinihegde/Downloads/crowd_panic/No Panic/VID-20251025-WA0006_clip_196.mp4,No Panic,29.97,150,640,360,5.005005005005005,train
/Users/harinihegde/Downloads/crowd_panic/No Panic/VID-20251025-WA0006_clip_197.mp4,No Panic,29.97,150,640,360,5.005005005005005,train
/Users/harinihegde/Downloads/crowd_panic/No Panic/VID-20251025-WA0006_clip_198.mp4,No Panic,29.97,150,640,360,5.005005005005005,test
/Users/harinihegde/Downloads/crowd_panic/No Panic/VID-20251025-WA0006_clip_199.mp4,No Panic,29.97,150,640,360,5.005005005005005,train
/Users/harinihegde/Downloads/crowd_panic/No Panic/VID-20251025-WA0006_clip_200.mp4,No Panic,29.97,150,640,360,5.005005005005005,train
/Users/harinihegde/Downloads/crowd_panic/No Panic/VID-20251025-WA0006_clip_201.mp4,No Panic,29.97,150,640,360,5.005005005005005,train
/Users/harinihegde/Downloads/crowd_panic/No Panic/VID-20251025-WA0006_clip_202.mp4,No Panic,29.97,150,640,360,5.005005005005005,train
/Users/harinihegde/Downloads/crowd_panic/No Panic/VID-20251025-WA0006_clip_203.mp4,No Panic,29.97,150,640,360,5.005005005005005,train
/Users/harinihegde/Downloads/crowd_panic/No Panic/VID-20251025-WA0006_clip_204.mp4,No Panic,29.97,150,640,360,5.005005005005005,train
/Users/harinihegde/Downloads/crowd_panic/No Panic/VID-20251025-WA0006_clip_205.mp4,No Panic,29.97,150,640,360,5.005005005005005,train
/Users/harinihegde/Downloads/crowd_panic/No Panic/VID-20251025-WA0006_clip_206.mp4,No Panic,29.97,150,640,360,5.005005005005005,train
/Users/harinihegde/Downloads/crowd_panic/No Panic/VID-20251025-WA0006_clip_207.mp4,No Panic,29.97,150,640,360,5.005005005005005,train
/Users/harinihegde/Downloads/crowd_panic/No Panic/VID-20251025-WA0006_clip_208.mp4,No Panic,29.97,150,640,360,5.005005005005005,train
/Users/harinihegde/Downloads/crowd_panic/No Panic/VID-20251025-WA0006_clip_209.mp4,No Panic,29.97,150,640,360,5.005005005005005,train
/Users/harinihegde/Downloads/crowd_panic/No Panic/VID-20251025-WA0006_clip_210.mp4,No Panic,29.97,150,640,360,5.005005005005005,train
/Users/harinihegde/Downloads/crowd_panic/No Panic/VID-20251025-WA0006_clip_211.mp4,No Panic,29.97,150,640,360,5.005005005005005,train
/Users/harinihegde/Downloads/crowd_panic/No Panic/VID-20251025-WA0006_clip_212.mp4,No Panic,29.97,150,640,360,5.005005005005005,train
/Users/harinihegde/Downloads/crowd_panic/No Panic/VID-20251025-WA0006_clip_213.mp4,No Panic,29.97,150,640,360,5.005005005005005,test
/Users/harinihegde/Downloads/crowd_panic/No Panic/VID-20251025-WA0006_clip_214.mp4,No Panic,29.97,150,640,360,5.005005005005005,train
/Users/harinihegde/Downloads/crowd_panic/No Panic/VID-20251025-WA0006_clip_215.mp4,No Panic,29.97,150,640,360,5.005005005005005,train
/Users/harinihegde/Downloads/crowd_panic/No Panic/VID-20251025-WA0006_clip_216.mp4,No Panic,29.97,150,640,360,5.005005005005005,test
/Users/harinihegde/Downloads/crowd_panic/No Panic/VID-20251025-WA0006_clip_217.mp4,No Panic,29.97,150,640,360,5.005005005005005,train
/Users/harinihegde/Downloads/crowd_panic/No Panic/VID-20251025-WA0006_clip_218.mp4,No Panic,29.97,150,640,360,5.005005005005005,train
/Users/harinihegde/Downloads/crowd_panic/No Panic/VID-20251025-WA0006_clip_219.mp4,No Panic,29.97,150,640,360,5.005005005005005,train
/Users/harinihegde/Downloads/crowd_panic/No Panic/VID-20251025-WA0006_clip_220.mp4,No Panic,29.97,150,640,360,5.005005005005005,train
/Users/harinihegde/Downloads/crowd_panic/No Panic/VID-20251025-WA0006_clip_221.mp4,No Panic,29.97,150,640,360,5.005005005005005,train
/Users/harinihegde/Downloads/crowd_panic/No Panic/VID-20251025-WA0006_clip_222.mp4,No Panic,29.97,150,640,360,5.005005005005005,train
/Users/harinihegde/Downloads/crowd_panic/No Panic/VID-20251025-WA0006_clip_223.mp4,No Panic,29.97,150,640,360,5.005005005005005,test
/Users/harinihegde/Downloads/crowd_panic/No Panic/VID-20251025-WA0006_clip_224.mp4,No Panic,29.97,150,640,360,5.005005005005005,train
/Users/harinihegde/Downloads/crowd_panic/No Panic/VID-20251025-WA0006_clip_225.mp4,No Panic,29.97,150,640,360,5.005005005005005,train
/Users/harinihegde/Downloads/crowd_panic/No Panic/VID-20251025-WA0006_clip_226.mp4,No Panic,29.97,150,640,360,5.005005005005005,train
/Users/harinihegde/Downloads/crowd_panic/No Panic/VID-20251025-WA0006_clip_227.mp4,No Panic,29.97,150,640,360,5.005005005005005,train
/Users/harinihegde/Downloads/crowd_panic/No Panic/VID-20251025-WA0006_clip_228.mp4,No Panic,29.97,150,640,360,5.005005005005005,test
/Users/harinihegde/Downloads/crowd_panic/No Panic/VID-20251025-WA0006_clip_229.mp4,No Panic,29.97,150,640,360,5.005005005005005,train
/Users/harinihegde/Downloads/crowd_panic/No Panic/VID-20251025-WA0006_clip_230.mp4,No Panic,29.97,150,640,360,5.005005005005005,test
/Users/harinihegde/Downloads/crowd_panic/No Panic/VID-20251025-WA0006_clip_231.mp4,No Panic,29.97,150,640,360,5.005005005005005,train
/Users/harinihegde/Downloads/crowd_panic/No Panic/VID-20251025-WA0006_clip_232.mp4,No Panic,29.97,150,640,360,5.005005005005005,train
/Users/harinihegde/Downloads/crowd_panic/No Panic/VID-20251025-WA0006_clip_233.mp4,No Panic,29.97,150,640,360,5.005005005005005,train
/Users/harinihegde/Downloads/crowd_panic/No Panic/VID-20251025-WA0006_clip_234.mp4,No Panic,29.97,150,640,360,5.005005005005005,train
/Users/harinihegde/Downloads/crowd_panic/No Panic/VID-20251025-WA0006_clip_235.mp4,No Panic,29.97,150,640,360,5.005005005005005,train
/Users/harinihegde/Downloads/crowd_panic/No Panic/VID-20251025-WA0006_clip_236.mp4,No Panic,29.97,150,640,360,5.005005005005005,train
/Users/harinihegde/Downloads/crowd_panic/No Panic/VID-20251025-WA0006_clip_237.mp4,No Panic,29.97,150,640,360,5.005005005005005,train
/Users/harinihegde/Downloads/crowd_panic/No Panic/VID-20251025-WA0006_clip_238.mp4,No Panic,29.97,150,640,360,5.005005005005005,test
/Users/harinihegde/Downloads/crowd_panic/No Panic/VID-20251025-WA0006_clip_239.mp4,No Panic,29.97,150,640,360,5.005005005005005,train
/Users/harinihegde/Downloads/crowd_panic/No Panic/VID-20251025-WA0006_clip_240.mp4,No Panic,29.97,150,640,360,5.005005005005005,train
/Users/harinihegde/Downloads/crowd_panic/No Panic/VID-20251025-WA0006_clip_241.mp4,No Panic,29.97,150,640,360,5.005005005005005,train
/Users/harinihegde/Downloads/crowd_panic/No Panic/VID-20251025-WA0006_clip_242.mp4,No Panic,29.97,150,640,360,5.005005005005005,train
/Users/harinihegde/Downloads/crowd_panic/No Panic/VID-20251025-WA0006_clip_243.mp4,No Panic,29.97,150,640,360,5.005005005005005,train
/Users/harinihegde/Downloads/crowd_panic/No Panic/VID-20251025-WA0006_clip_244.mp4,No Panic,29.97,150,640,360,5.005005005005005,train
/Users/harinihegde/Downloads/crowd_panic/No Panic/VID-20251025-WA0006_clip_245.mp4,No Panic,29.97,150,640,360,5.005005005005005,train
/Users/harinihegde/Downloads/crowd_panic/No Panic/VID-20251025-WA0006_clip_246.mp4,No Panic,29.97,150,640,360,5.005005005005005,train
/Users/harinihegde/Downloads/crowd_panic/No Panic/VID-20251025-WA0006_clip_247.mp4,No Panic,29.97,150,640,360,5.005005005005005,test
/Users/harinihegde/Downloads/crowd_panic/No Panic/VID-20251025-WA0006_clip_248.mp4,No Panic,29.97,150,640,360,5.005005005005005,train
/Users/harinihegde/Downloads/crowd_panic/No Panic/VID-20251025-WA0006_clip_249.mp4,No Panic,29.97,150,640,360,5.005005005005005,test
/Users/harinihegde/Downloads/crowd_panic/No Panic/VID-20251025-WA0006_clip_250.mp4,No Panic,29.97,150,640,360,5.005005005005005,test
/Users/harinihegde/Downloads/crowd_panic/No Panic/VID-20251025-WA0006_clip_251.mp4,No Panic,29.97,150,640,360,5.005005005005005,train
/Users/harinihegde/Downloads/crowd_panic/No Panic/VID-20251025-WA0006_clip_252.mp4,No Panic,29.97,150,640,360,5.005005005005005,train
/Users/harinihegde/Downloads/crowd_panic/No Panic/VID-20251025-WA0006_clip_253.mp4,No Panic,29.97,150,640,360,5.005005005005005,train
/Users/harinihegde/Downloads/crowd_panic/No Panic/VID-20251025-WA0006_clip_254.mp4,No Panic,29.97,150,640,360,5.005005005005005,train
/Users/harinihegde/Downloads/crowd_panic/No Panic/VID-20251025-WA0006_clip_255.mp4,No Panic,29.97,150,640,360,5.005005005005005,train
/Users/harinihegde/Downloads/crowd_panic/No Panic/VID-20251025-WA0006_clip_256.mp4,No Panic,29.97,150,640,360,5.005005005005005,train
/Users/harinihegde/Downloads/crowd_panic/No Panic/VID-20251025-WA0006_clip_257.mp4,No Panic,29.97,150,640,360,5.005005005005005,train
/Users/harinihegde/Downloads/crowd_panic/No Panic/VID-20251025-WA0006_clip_258.mp4,No Panic,29.97,150,640,360,5.005005005005005,train
/Users/harinihegde/Downloads/crowd_panic/No Panic/VID-20251025-WA0006_clip_259.mp4,No Panic,29.97,150,640,360,5.005005005005005,train
/Users/harinihegde/Downloads/crowd_panic/No Panic/VID-20251025-WA0006_clip_260.mp4,No Panic,29.97,150,640,360,5.005005005005005,train
/Users/harinihegde/Downloads/crowd_panic/No Panic/VID-20251025-WA0006_clip_261.mp4,No Panic,29.97,150,640,360,5.005005005005005,train
/Users/harinihegde/Downloads/crowd_panic/No Panic/VID-20251025-WA0006_clip_262.mp4,No Panic,29.97,150,640,360,5.005005005005005,train
/Users/harinihegde/Downloads/crowd_panic/No Panic/VID-20251025-WA0006_clip_263.mp4,No Panic,29.97,150,640,360,5.005005005005005,train
/Users/harinihegde/Downloads/crowd_panic/No Panic/VID-20251025-WA0006_clip_264.mp4,No Panic,29.97,150,640,360,5.005005005005005,train
/Users/harinihegde/Downloads/crowd_panic/No Panic/VID-20251025-WA0006_clip_265.mp4,No Panic,29.97,150,640,360,5.005005005005005,train
/Users/harinihegde/Downloads/crowd_panic/No Panic/VID-20251025-WA0006_clip_266.mp4,No Panic,29.97,150,640,360,5.005005005005005,train
/Users/harinihegde/Downloads/crowd_panic/No Panic/VID-20251025-WA0006_clip_267.mp4,No Panic,29.97,150,640,360,5.005005005005005,train
/Users/harinihegde/Downloads/crowd_panic/No Panic/VID-20251025-WA0006_clip_268.mp4,No Panic,29.97,150,640,360,5.005005005005005,test
/Users/harinihegde/Downloads/crowd_panic/No Panic/VID-20251025-WA0006_clip_269.mp4,No Panic,29.97,150,640,360,5.005005005005005,train
/Users/harinihegde/Downloads/crowd_panic/No Panic/VID-20251025-WA0006_clip_270.mp4,No Panic,29.97,150,640,360,5.005005005005005,train
/Users/harinihegde/Downloads/crowd_panic/No Panic/VID-20251025-WA0006_clip_271.mp4,No Panic,29.97,150,640,360,5.005005005005005,train
/Users/harinihegde/Downloads/crowd_panic/No Panic/VID-20251025-WA0006_clip_272.mp4,No Panic,29.97,150,640,360,5.005005005005005,train
/Users/harinihegde/Downloads/crowd_panic/No Panic/VID-20251025-WA0006_clip_273.mp4,No Panic,29.97,150,640,360,5.005005005005005,test
/Users/harinihegde/Downloads/crowd_panic/No Panic/VID-20251025-WA0006_clip_274.mp4,No Panic,29.97,150,640,360,5.005005005005005,train
/Users/harinihegde/Downloads/crowd_panic/No Panic/VID-20251025-WA0006_clip_275.mp4,No Panic,29.97,150,640,360,5.005005005005005,train
/Users/harinihegde/Downloads/crowd_panic/No Panic/VID-20251025-WA0006_clip_276.mp4,No Panic,29.97,150,640,360,5.005005005005005,train
/Users/harinihegde/Downloads/crowd_panic/No Panic/VID-20251025-WA0006_clip_277.mp4,No Panic,29.97,150,640,360,5.005005005005005,train
/Users/harinihegde/Downloads/crowd_panic/No Panic/VID-20251025-WA0006_clip_278.mp4,No Panic,29.97,150,640,360,5.005005005005005,train
/Users/harinihegde/Downloads/crowd_panic/No Panic/VID-20251025-WA0006_clip_279.mp4,No Panic,29.97,150,640,360,5.005005005005005,train
/Users/harinihegde/Downloads/crowd_panic/No Panic/VID-20251025-WA0006_clip_280.mp4,No Panic,29.97,150,640,360,5.005005005005005,train
/Users/harinihegde/Downloads/crowd_panic/No Panic/VID-20251025-WA0006_clip_281.mp4,No Panic,29.97,150,640,360,5.005005005005005,train
/Users/harinihegde/Downloads/crowd_panic/No Panic/VID-20251025-WA0006_clip_282.mp4,No Panic,29.97,150,640,360,5.005005005005005,train
/Users/harinihegde/Downloads/crowd_panic/No Panic/VID-20251025-WA0006_clip_283.mp4,No Panic,29.97,150,640,360,5.005005005005005,test
/Users/harinihegde/Downloads/crowd_panic/No Panic/VID-20251025-WA0006_clip_284.mp4,No Panic,29.97,150,640,360,5.005005005005005,train
/Users/harinihegde/Downloads/crowd_panic/No Panic/VID-20251025-WA0006_clip_285.mp4,No Panic,29.97,150,640,360,5.005005005005005,train
/Users/harinihegde/Downloads/crowd_panic/No Panic/VID-20251025-WA0006_clip_286.mp4,No Panic,29.97,150,640,360,5.005005005005005,train
/Users/harinihegde/Downloads/crowd_panic/No Panic/VID-20251025-WA0006_clip_287.mp4,No Panic,29.97,150,640,360,5.005005005005005,train
/Users/harinihegde/Downloads/crowd_panic/No Panic/VID-20251025-WA0006_clip_288.mp4,No Panic,29.97,150,640,360,5.005005005005005,test
/Users/harinihegde/Downloads/crowd_panic/No Panic/VID-20251025-WA0006_clip_289.mp4,No Panic,29.97,150,640,360,5.005005005005005,train
/Users/harinihegde/Downloads/crowd_panic/No Panic/VID-20251025-WA0006_clip_290.mp4,No Panic,29.97,150,640,360,5.005005005005005,train
/Users/harinihegde/Downloads/crowd_panic/No Panic/VID-20251025-WA0006_clip_291.mp4,No Panic,29.97,150,640,360,5.005005005005005,train
/Users/harinihegde/Downloads/crowd_panic/No Panic/VID-20251025-WA0006_clip_292.mp4,No Panic,29.97,150,640,360,5.005005005005005,train
/Users/harinihegde/Downloads/crowd_panic/No Panic/VID-20251025-WA0006_clip_293.mp4,No Panic,29.97,150,640,360,5.005005005005005,train
/Users/harinihegde/Downloads/crowd_panic/No Panic/VID-20251025-WA0006_clip_294.mp4,No Panic,29.97,150,640,360,5.005005005005005,train
/Users/harinihegde/Downloads/crowd_panic/No Panic/VID-20251025-WA0006_clip_295.mp4,No Panic,29.97,150,640,360,5.005005005005005,train
/Users/harinihegde/Downloads/crowd_panic/No Panic/VID-20251025-WA0006_clip_296.mp4,No Panic,29.97,150,640,360,5.005005005005005,train
/Users/harinihegde/Downloads/crowd_panic/No Panic/VID-20251025-WA0006_clip_297.mp4,No Panic,29.97,150,640,360,5.005005005005005,train
/Users/harinihegde/Downloads/crowd_panic/No Panic/VID-20251025-WA0006_clip_298.mp4,No Panic,29.97,150,640,360,5.005005005005005,train
/Users/harinihegde/Downloads/crowd_panic/No Panic/VID-20251025-WA0006_clip_299.mp4,No Panic,29.97,150,640,360,5.005005005005005,train
/Users/harinihegde/Downloads/crowd_panic/No Panic/VID-20251025-WA0006_clip_300.mp4,No Panic,29.97,150,640,360,5.005005005005005,train
/Users/harinihegde/Downloads/crowd_panic/No Panic/VID-20251025-WA0006_clip_301.mp4,No Panic,29.97,150,640,360,5.005005005005005,test
/Users/harinihegde/Downloads/crowd_panic/No Panic/VID-20251025-WA0006_clip_302.mp4,No Panic,29.97,150,640,360,5.005005005005005,test
/Users/harinihegde/Downloads/crowd_panic/No Panic/VID-20251025-WA0006_clip_303.mp4,No Panic,29.97,150,640,360,5.005005005005005,test
/Users/harinihegde/Downloads/crowd_panic/No Panic/VID-20251025-WA0006_clip_304.mp4,No Panic,29.97,150,640,360,5.005005005005005,test
/Users/harinihegde/Downloads/crowd_panic/No Panic/VID-20251025-WA0006_clip_305.mp4,No Panic,29.97,150,640,360,5.005005005005005,train
/Users/harinihegde/Downloads/crowd_panic/No Panic/VID-20251025-WA0006_clip_306.mp4,No Panic,29.97,150,640,360,5.005005005005005,train
/Users/harinihegde/Downloads/crowd_panic/No Panic/VID-20251025-WA0006_clip_307.mp4,No Panic,29.97,150,640,360,5.005005005005005,train
/Users/harinihegde/Downloads/crowd_panic/No Panic/VID-20251025-WA0006_clip_308.mp4,No Panic,29.97,150,640,360,5.005005005005005,train
/Users/harinihegde/Downloads/crowd_panic/No Panic/VID-20251025-WA0006_clip_309.mp4,No Panic,29.97,150,640,360,5.005005005005005,test
/Users/harinihegde/Downloads/crowd_panic/No Panic/VID-20251025-WA0006_clip_310.mp4,No Panic,29.97,150,640,360,5.005005005005005,train
/Users/harinihegde/Downloads/crowd_panic/No Panic/VID-20251025-WA0006_clip_311.mp4,No Panic,29.97,150,640,360,5.005005005005005,train
/Users/harinihegde/Downloads/crowd_panic/No Panic/VID-20251025-WA0006_clip_312.mp4,No Panic,29.97,150,640,360,5.005005005005005,train
/Users/harinihegde/Downloads/crowd_panic/No Panic/VID-20251025-WA0006_clip_313.mp4,No Panic,29.97,150,640,360,5.005005005005005,train
/Users/harinihegde/Downloads/crowd_panic/No Panic/VID-20251025-WA0006_clip_314.mp4,No Panic,29.97,150,640,360,5.005005005005005,train
/Users/harinihegde/Downloads/crowd_panic/No Panic/VID-20251025-WA0006_clip_315.mp4,No Panic,29.97,150,640,360,5.005005005005005,train
/Users/harinihegde/Downloads/crowd_panic/No Panic/VID-20251025-WA0006_clip_316.mp4,No Panic,29.97,150,640,360,5.005005005005005,test
/Users/harinihegde/Downloads/crowd_panic/No Panic/VID-20251025-WA0006_clip_317.mp4,No Panic,29.97,150,640,360,5.005005005005005,train
/Users/harinihegde/Downloads/crowd_panic/No Panic/VID-20251025-WA0006_clip_318.mp4,No Panic,29.97,150,640,360,5.005005005005005,test
/Users/harinihegde/Downloads/crowd_panic/No Panic/VID-20251025-WA0006_clip_319.mp4,No Panic,29.97,150,640,360,5.005005005005005,train
/Users/harinihegde/Downloads/crowd_panic/No Panic/VID-20251025-WA0006_clip_320.mp4,No Panic,29.97,150,640,360,5.005005005005005,train
/Users/harinihegde/Downloads/crowd_panic/No Panic/VID-20251025-WA0006_clip_321.mp4,No Panic,29.97,150,640,360,5.005005005005005,train
/Users/harinihegde/Downloads/crowd_panic/No Panic/VID-20251025-WA0006_clip_322.mp4,No Panic,29.97,150,640,360,5.005005005005005,test
/Users/harinihegde/Downloads/crowd_panic/No Panic/VID-20251025-WA0006_clip_323.mp4,No Panic,29.97,150,640,360,5.005005005005005,train
/Users/harinihegde/Downloads/crowd_panic/No Panic/VID-20251025-WA0006_clip_324.mp4,No Panic,29.97,150,640,360,5.005005005005005,test
/Users/harinihegde/Downloads/crowd_panic/No Panic/VID-20251025-WA0006_clip_325.mp4,No Panic,29.97,150,640,360,5.005005005005005,train
/Users/harinihegde/Downloads/crowd_panic/No Panic/VID-20251025-WA0006_clip_326.mp4,No Panic,29.97,150,640,360,5.005005005005005,train
/Users/harinihegde/Downloads/crowd_panic/No Panic/VID-20251025-WA0006_clip_327.mp4,No Panic,29.97,150,640,360,5.005005005005005,train
/Users/harinihegde/Downloads/crowd_panic/No Panic/VID-20251025-WA0006_clip_328.mp4,No Panic,29.97,150,640,360,5.005005005005005,train
/Users/harinihegde/Downloads/crowd_panic/No Panic/VID-20251025-WA0006_clip_329.mp4,No Panic,29.97,150,640,360,5.005005005005005,train
/Users/harinihegde/Downloads/crowd_panic/No Panic/WhatsApp Video 2025-09-23 at 19.11.35_1e0673ee_clip_001.mp4,No Panic,30.0,150,478,850,5.0,train
/Users/harinihegde/Downloads/crowd_panic/Normal/VID-20250924-WA0002_clip_001.mp4,Normal,25.0,125,640,360,5.0,train
/Users/harinihegde/Downloads/crowd_panic/Normal/VID-20250924-WA0002_clip_002.mp4,Normal,25.0,150,640,360,6.0,test
/Users/harinihegde/Downloads/crowd_panic/Normal/VID-20250924-WA0002_clip_003.mp4,Normal,25.0,100,640,360,4.0,test
/Users/harinihegde/Downloads/crowd_panic/Normal/VID-20250924-WA0006_clip_001.mp4,Normal,29.97,150,640,360,5.005005005005005,train
/Users/harinihegde/Downloads/crowd_panic/Normal/VID-20250924-WA0006_clip_002.mp4,Normal,29.97,150,640,360,5.005005005005005,test
/Users/harinihegde/Downloads/crowd_panic/Normal/VID-20250924-WA0006_clip_003.mp4,Normal,29.97,150,640,360,5.005005005005005,train
/Users/harinihegde/Downloads/crowd_panic/Normal/VID-20250924-WA0006_clip_004.mp4,Normal,29.97,150,640,360,5.005005005005005,train
/Users/harinihegde/Downloads/crowd_panic/Normal/VID-20250924-WA0006_clip_005.mp4,Normal,29.97,150,640,360,5.005005005005005,test
/Users/harinihegde/Downloads/crowd_panic/Normal/VID-20250924-WA0006_clip_006.mp4,Normal,29.97,150,640,360,5.005005005005005,train
/Users/harinihegde/Downloads/crowd_panic/Normal/VID-20250924-WA0006_clip_007.mp4,Normal,29.97,150,640,360,5.005005005005005,train
/Users/harinihegde/Downloads/crowd_panic/Normal/VID-20250924-WA0006_clip_008.mp4,Normal,29.97,150,640,360,5.005005005005005,train
/Users/harinihegde/Downloads/crowd_panic/Normal/VID-20250924-WA0006_clip_009.mp4,Normal,29.97,150,640,360,5.005005005005005,train
/Users/harinihegde/Downloads/crowd_panic/Normal/VID-20250924-WA0006_clip_010.mp4,Normal,29.97,150,640,360,5.005005005005005,test
/Users/harinihegde/Downloads/crowd_panic/Normal/VID-20250924-WA0006_clip_011.mp4,Normal,29.97,150,640,360,5.005005005005005,test
/Users/harinihegde/Downloads/crowd_panic/Normal/VID-20250924-WA0006_clip_012.mp4,Normal,29.97,150,640,360,5.005005005005005,train
/Users/harinihegde/Downloads/crowd_panic/Normal/VID-20250924-WA0006_clip_013.mp4,Normal,29.97,150,640,360,5.005005005005005,train
/Users/harinihegde/Downloads/crowd_panic/Normal/VID-20250924-WA0006_clip_014.mp4,Normal,29.97,150,640,360,5.005005005005005,test
/Users/harinihegde/Downloads/crowd_panic/Normal/VID-20250924-WA0006_clip_015.mp4,Normal,29.97,150,640,360,5.005005005005005,train
/Users/harinihegde/Downloads/crowd_panic/Normal/VID-20250924-WA0006_clip_016.mp4,Normal,29.97,150,640,360,5.005005005005005,train
/Users/harinihegde/Downloads/crowd_panic/Normal/VID-20250924-WA0006_clip_017.mp4,Normal,29.97,150,640,360,5.005005005005005,train
/Users/harinihegde/Downloads/crowd_panic/Normal/VID-20250924-WA0006_clip_018.mp4,Normal,29.97,150,640,360,5.005005005005005,train
/Users/harinihegde/Downloads/crowd_panic/Normal/VID-20250924-WA0006_clip_019.mp4,Normal,29.97,150,640,360,5.005005005005005,train
/Users/harinihegde/Downloads/crowd_panic/Normal/VID-20250924-WA0006_clip_020.mp4,Normal,29.97,150,640,360,5.005005005005005,train
/Users/harinihegde/Downloads/crowd_panic/Normal/VID-20250924-WA0006_clip_021.mp4,Normal,29.97,150,640,360,5.005005005005005,train
/Users/harinihegde/Downloads/crowd_panic/Normal/VID-20250924-WA0006_clip_022.mp4,Normal,29.97,180,640,360,6.0060060060060065,train
/Users/harinihegde/Downloads/crowd_panic/Normal/VID-20250924-WA0006_clip_023.mp4,Normal,29.97,150,640,360,5.005005005005005,train
/Users/harinihegde/Downloads/crowd_panic/Normal/VID-20250924-WA0007_clip_001.mp4,Normal,29.97,150,640,360,5.005005005005005,train
/Users/harinihegde/Downloads/crowd_panic/Normal/VID-20250924-WA0027_clip_001.mp4,Normal,29.0,145,640,360,5.0,train
/Users/harinihegde/Downloads/crowd_panic/Normal/VID-20250924-WA0027_clip_002.mp4,Normal,29.0,145,640,360,5.0,train
/Users/harinihegde/Downloads/crowd_panic/Normal/VID-20250924-WA0027_clip_003.mp4,Normal,29.0,145,640,360,5.0,test
/Users/harinihegde/Downloads/crowd_panic/Normal/VID-20250924-WA0027_clip_004.mp4,Normal,29.0,145,640,360,5.0,train
/Users/harinihegde/Downloads/crowd_panic/Normal/VID-20250924-WA0027_clip_005.mp4,Normal,29.0,145,640,360,5.0,train
/Users/harinihegde/Downloads/crowd_panic/Normal/VID-20250924-WA0027_clip_006.mp4,Normal,29.0,145,640,360,5.0,train
/Users/harinihegde/Downloads/crowd_panic/Normal/VID-20250924-WA0027_clip_007.mp4,Normal,29.0,145,640,360,5.0,test
/Users/harinihegde/Downloads/crowd_panic/Normal/VID-20250924-WA0027_clip_008.mp4,Normal,29.0,145,640,360,5.0,train
/Users/harinihegde/Downloads/crowd_panic/Normal/VID-20250924-WA0027_clip_009.mp4,Normal,29.0,145,640,360,5.0,train
/Users/harinihegde/Downloads/crowd_panic/Normal/VID-20250924-WA0027_clip_010.mp4,Normal,29.0,145,640,360,5.0,train
/Users/harinihegde/Downloads/crowd_panic/Normal/VID-20250924-WA0027_clip_011.mp4,Normal,29.0,145,640,360,5.0,train
/Users/harinihegde/Downloads/crowd_panic/Normal/VID-20250924-WA0027_clip_012.mp4,Normal,29.0,145,640,360,5.0,train
/Users/harinihegde/Downloads/crowd_panic/Normal/VID-20250924-WA0027_clip_013.mp4,Normal,29.0,145,640,360,5.0,train
/Users/harinihegde/Downloads/crowd_panic/Normal/VID-20250924-WA0027_clip_014.mp4,Normal,29.0,145,640,360,5.0,train
/Users/harinihegde/Downloads/crowd_panic/Normal/VID-20250924-WA0027_clip_015.mp4,Normal,29.0,145,640,360,5.0,train
/Users/harinihegde/Downloads/crowd_panic/Normal/VID-20250924-WA0027_clip_016.mp4,Normal,29.0,145,640,360,5.0,train
/Users/harinihegde/Downloads/crowd_panic/Normal/VID-20250924-WA0027_clip_017.mp4,Normal,29.0,145,640,360,5.0,train
/Users/harinihegde/Downloads/crowd_panic/Normal/VID-20250924-WA0027_clip_018.mp4,Normal,29.0,145,640,360,5.0,train
/Users/harinihegde/Downloads/crowd_panic/Normal/VID-20250924-WA0027_clip_019.mp4,Normal,29.0,145,640,360,5.0,test
/Users/harinihegde/Downloads/crowd_panic/Normal/VID-20250924-WA0027_clip_020.mp4,Normal,29.0,145,640,360,5.0,train
/Users/harinihegde/Downloads/crowd_panic/Normal/VID-20250924-WA0027_clip_021.mp4,Normal,29.0,145,640,360,5.0,train
/Users/harinihegde/Downloads/crowd_panic/Normal/VID-20250924-WA0027_clip_022.mp4,Normal,29.0,145,640,360,5.0,train
/Users/harinihegde/Downloads/crowd_panic/Normal/VID-20250924-WA0027_clip_023.mp4,Normal,29.0,145,640,360,5.0,train
/Users/harinihegde/Downloads/crowd_panic/Normal/VID-20250924-WA0027_clip_024.mp4,Normal,29.0,145,640,360,5.0,train
/Users/harinihegde/Downloads/crowd_panic/Normal/VID-20250924-WA0027_clip_025.mp4,Normal,29.0,145,640,360,5.0,train
/Users/harinihegde/Downloads/crowd_panic/Normal/VID-20250924-WA0027_clip_026.mp4,Normal,29.0,145,640,360,5.0,train
/Users/harinihegde/Downloads/crowd_panic/Normal/VID-20250924-WA0027_clip_027.mp4,Normal,29.0,145,640,360,5.0,train
/Users/harinihegde/Downloads/crowd_panic/Normal/VID-20250924-WA0027_clip_028.mp4,Normal,29.0,145,640,360,5.0,train
/Users/harinihegde/Downloads/crowd_panic/Normal/VID-20250924-WA0027_clip_029.mp4,Normal,29.0,145,640,360,5.0,train
/Users/harinihegde/Downloads/crowd_panic/Normal/VID-20250924-WA0027_clip_030.mp4,Normal,29.0,145,640,360,5.0,train
/Users/harinihegde/Downloads/crowd_panic/Normal/VID-20250924-WA0027_clip_031.mp4,Normal,29.0,145,640,360,5.0,test
/Users/harinihegde/Downloads/crowd_panic/Normal/VID-20250924-WA0027_clip_032.mp4,Normal,29.0,145,640,360,5.0,train
/Users/harinihegde/Downloads/crowd_panic/Normal/VID-20250924-WA0027_clip_033.mp4,Normal,29.0,145,640,360,5.0,train
/Users/harinihegde/Downloads/crowd_panic/Normal/VID-20250924-WA0027_clip_034.mp4,Normal,29.0,145,640,360,5.0,train
/Users/harinihegde/Downloads/crowd_panic/Normal/VID-20250924-WA0027_clip_035.mp4,Normal,29.0,145,640,360,5.0,train
/Users/harinihegde/Downloads/crowd_panic/Normal/VID-20250924-WA0027_clip_036.mp4,Normal,29.0,145,640,360,5.0,train
/Users/harinihegde/Downloads/crowd_panic/Normal/VID-20250924-WA0027_clip_037.mp4,Normal,29.0,145,640,360,5.0,train
/Users/harinihegde/Downloads/crowd_panic/Normal/VID-20250924-WA0027_clip_038.mp4,Normal,29.0,145,640,360,5.0,train
/Users/harinihegde/Downloads/crowd_panic/Normal/VID-20250924-WA0027_clip_039.mp4,Normal,29.0,145,640,360,5.0,train
/Users/harinihegde/Downloads/crowd_panic/Normal/VID-20250924-WA0027_clip_040.mp4,Normal,29.0,145,640,360,5.0,train
/Users/harinihegde/Downloads/crowd_panic/Normal/VID-20250924-WA0027_clip_041.mp4,Normal,29.0,145,640,360,5.0,train
/Users/harinihegde/Downloads/crowd_panic/Normal/VID-20250924-WA0027_clip_042.mp4,Normal,29.0,145,640,360,5.0,train
/Users/harinihegde/Downloads/crowd_panic/Normal/VID-20250924-WA0027_clip_043.mp4,Normal,29.0,145,640,360,5.0,test
/Users/harinihegde/Downloads/crowd_panic/Normal/VID-20250924-WA0027_clip_044.mp4,Normal,29.0,145,640,360,5.0,train
/Users/harinihegde/Downloads/crowd_panic/Normal/VID-20250924-WA0027_clip_045.mp4,Normal,29.0,145,640,360,5.0,train
/Users/harinihegde/Downloads/crowd_panic/Normal/VID-20250924-WA0027_clip_046.mp4,Normal,29.0,145,640,360,5.0,train
/Users/harinihegde/Downloads/crowd_panic/Normal/VID-20250924-WA0027_clip_047.mp4,Normal,29.0,145,640,360,5.0,train
/Users/harinihegde/Downloads/crowd_panic/Normal/VID-20250924-WA0027_clip_048.mp4,Normal,29.0,145,640,360,5.0,train
/Users/harinihegde/Downloads/crowd_panic/Normal/VID-20250924-WA0027_clip_049.mp4,Normal,29.0,145,640,360,5.0,train
/Users/harinihegde/Downloads/crowd_panic/Normal/VID-20250924-WA0027_clip_050.mp4,Normal,29.0,145,640,360,5.0,train
/Users/harinihegde/Downloads/crowd_panic/Normal/VID-20250924-WA0027_clip_051.mp4,Normal,29.0,145,640,360,5.0,test
/Users/harinihegde/Downloads/crowd_panic/Normal/VID-20250924-WA0027_clip_052.mp4,Normal,29.0,145,640,360,5.0,train
/Users/harinihegde/Downloads/crowd_panic/Normal/VID-20250924-WA0027_clip_053.mp4,Normal,29.0,145,640,360,5.0,train
/Users/harinihegde/Downloads/crowd_panic/Normal/VID-20250924-WA0027_clip_054.mp4,Normal,29.0,145,640,360,5.0,test
/Users/harinihegde/Downloads/crowd_panic/Normal/VID-20250924-WA0027_clip_055.mp4,Normal,29.0,145,640,360,5.0,train
/Users/harinihegde/Downloads/crowd_panic/Normal/VID-20250924-WA0027_clip_056.mp4,Normal,29.0,145,640,360,5.0,test
/Users/harinihegde/Downloads/crowd_panic/Normal/VID-20250924-WA0027_clip_057.mp4,Normal,29.0,145,640,360,5.0,train
/Users/harinihegde/Downloads/crowd_panic/Normal/VID-20250924-WA0027_clip_058.mp4,Normal,29.0,145,640,360,5.0,train
/Users/harinihegde/Downloads/crowd_panic/Normal/VID-20250924-WA0027_clip_059.mp4,Normal,29.0,145,640,360,5.0,train
/Users/harinihegde/Downloads/crowd_panic/Normal/VID-20250924-WA0027_clip_060.mp4,Normal,29.0,145,640,360,5.0,train
/Users/harinihegde/Downloads/crowd_panic/Normal/VID-20250924-WA0027_clip_061.mp4,Normal,29.0,145,640,360,5.0,train
/Users/harinihegde/Downloads/crowd_panic/Normal/VID-20250924-WA0027_clip_062.mp4,Normal,29.0,145,640,360,5.0,train
/Users/harinihegde/Downloads/crowd_panic/Normal/VID-20250924-WA0027_clip_063.mp4,Normal,29.0,145,640,360,5.0,test
/Users/harinihegde/Downloads/crowd_panic/Normal/VID-20250924-WA0027_clip_064.mp4,Normal,29.0,145,640,360,5.0,train
/Users/harinihegde/Downloads/crowd_panic/Normal/VID-20250924-WA0027_clip_065.mp4,Normal,29.0,145,640,360,5.0,train
/Users/harinihegde/Downloads/crowd_panic/Normal/VID-20250924-WA0027_clip_066.mp4,Normal,29.0,145,640,360,5.0,test
/Users/harinihegde/Downloads/crowd_panic/Normal/VID-20250924-WA0027_clip_067.mp4,Normal,29.0,145,640,360,5.0,train
/Users/harinihegde/Downloads/crowd_panic/Normal/VID-20250924-WA0027_clip_068.mp4,Normal,29.0,145,640,360,5.0,train
/Users/harinihegde/Downloads/crowd_panic/Normal/VID-20250924-WA0027_clip_069.mp4,Normal,29.0,145,640,360,5.0,train
/Users/harinihegde/Downloads/crowd_panic/Normal/VID-20250924-WA0027_clip_070.mp4,Normal,29.0,174,640,360,6.0,train
/Users/harinihegde/Downloads/crowd_panic/Normal/VID-20250924-WA0027_clip_071.mp4,Normal,29.0,174,640,360,6.0,train
/Users/harinihegde/Downloads/crowd_panic/Normal/VID-20250924-WA0029_clip_001.mp4,Normal,25.0,125,640,360,5.0,test
/Users/harinihegde/Downloads/crowd_panic/Normal/VID-20250924-WA0029_clip_002.mp4,Normal,25.0,125,640,360,5.0,train
/Users/harinihegde/Downloads/crowd_panic/Normal/VID-20250924-WA0029_clip_003.mp4,Normal,25.0,125,640,360,5.0,train
/Users/harinihegde/Downloads/crowd_panic/Normal/VID-20250924-WA0029_clip_004.mp4,Normal,25.0,125,640,360,5.0,test
/Users/harinihegde/Downloads/crowd_panic/Normal/VID-20250924-WA0029_clip_006.mp4,Normal,25.0,125,640,360,5.0,train
/Users/harinihegde/Downloads/crowd_panic/Normal/VID-20250924-WA0029_clip_007.mp4,Normal,25.0,125,640,360,5.0,train
/Users/harinihegde/Downloads/crowd_panic/Normal/VID-20250924-WA0029_clip_008.mp4,Normal,25.0,125,640,360,5.0,train
/Users/harinihegde/Downloads/crowd_panic/Normal/VID-20250924-WA0029_clip_009.mp4,Normal,25.0,125,640,360,5.0,train
/Users/harinihegde/Downloads/crowd_panic/Normal/VID-20250924-WA0029_clip_010.mp4,Normal,25.0,125,640,360,5.0,train
/Users/harinihegde/Downloads/crowd_panic/Normal/VID-20250924-WA0029_clip_011.mp4,Normal,25.0,125,640,360,5.0,test
/Users/harinihegde/Downloads/crowd_panic/Normal/VID-20250924-WA0029_clip_012.mp4,Normal,25.0,125,640,360,5.0,train
/Users/harinihegde/Downloads/crowd_panic/Normal/VID-20250924-WA0029_clip_013.mp4,Normal,25.0,125,640,360,5.0,train
/Users/harinihegde/Downloads/crowd_panic/Normal/VID-20250924-WA0029_clip_014.mp4,Normal,25.0,125,640,360,5.0,test
/Users/harinihegde/Downloads/crowd_panic/Normal/VID-20250924-WA0029_clip_015.mp4,Normal,25.0,125,640,360,5.0,train
/Users/harinihegde/Downloads/crowd_panic/Normal/VID-20250924-WA0029_clip_016.mp4,Normal,25.0,125,640,360,5.0,train
/Users/harinihegde/Downloads/crowd_panic/Normal/VID-20250924-WA0029_clip_017.mp4,Normal,25.0,125,640,360,5.0,train
/Users/harinihegde/Downloads/crowd_panic/Normal/VID-20250924-WA0029_clip_018.mp4,Normal,25.0,125,640,360,5.0,train
/Users/harinihegde/Downloads/crowd_panic/Normal/VID-20250924-WA0029_clip_019.mp4,Normal,25.0,125,640,360,5.0,train
/Users/harinihegde/Downloads/crowd_panic/Normal/VID-20250924-WA0029_clip_020.mp4,Normal,25.0,125,640,360,5.0,train
/Users/harinihegde/Downloads/crowd_panic/Normal/VID-20250924-WA0029_clip_026.mp4,Normal,25.0,150,640,360,6.0,train
/Users/harinihegde/Downloads/crowd_panic/Normal/VID-20250924-WA0030_clip_008.mp4,Normal,29.97,150,640,360,5.005005005005005,train
/Users/harinihegde/Downloads/crowd_panic/Normal/VID-20250924-WA0030_clip_009.mp4,Normal,29.97,150,640,360,5.005005005005005,train
/Users/harinihegde/Downloads/crowd_panic/Normal/VID-20250924-WA0030_clip_010.mp4,Normal,29.97,150,640,360,5.005005005005005,train
/Users/harinihegde/Downloads/crowd_panic/Normal/VID-20250924-WA0030_clip_011.mp4,Normal,29.97,150,640,360,5.005005005005005,train
/Users/harinihegde/Downloads/crowd_panic/Normal/VID-20250924-WA0030_clip_012.mp4,Normal,29.97,150,640,360,5.005005005005005,train
/Users/harinihegde/Downloads/crowd_panic/Normal/VID-20250924-WA0030_clip_013.mp4,Normal,29.97,150,640,360,5.005005005005005,train
/Users/harinihegde/Downloads/crowd_panic/Normal/VID-20250924-WA0030_clip_015.mp4,Normal,29.97,150,640,360,5.005005005005005,train
/Users/harinihegde/Downloads/crowd_panic/Normal/VID-20250924-WA0030_clip_016.mp4,Normal,29.97,150,640,360,5.005005005005005,train
/Users/harinihegde/Downloads/crowd_panic/Normal/VID-20250924-WA0030_clip_017.mp4,Normal,29.97,150,640,360,5.005005005005005,train
/Users/harinihegde/Downloads/crowd_panic/Normal/VID-20250924-WA0030_clip_018.mp4,Normal,29.97,150,640,360,5.005005005005005,train
/Users/harinihegde/Downloads/crowd_panic/Normal/VID-20250924-WA0030_clip_019.mp4,Normal,29.97,150,640,360,5.005005005005005,test
/Users/harinihegde/Downloads/crowd_panic/Normal/VID-20250924-WA0030_clip_020.mp4,Normal,29.97,150,640,360,5.005005005005005,test
/Users/harinihegde/Downloads/crowd_panic/Normal/VID-20250924-WA0030_clip_021.mp4,Normal,29.97,150,640,360,5.005005005005005,train
/Users/harinihegde/Downloads/crowd_panic/Normal/VID-20250924-WA0030_clip_022.mp4,Normal,29.97,150,640,360,5.005005005005005,test
/Users/harinihegde/Downloads/crowd_panic/Normal/VID-20250924-WA0030_clip_023.mp4,Normal,29.97,150,640,360,5.005005005005005,train
/Users/harinihegde/Downloads/crowd_panic/Normal/VID-20250924-WA0030_clip_024.mp4,Normal,29.97,150,640,360,5.005005005005005,train
/Users/harinihegde/Downloads/crowd_panic/Normal/VID-20250924-WA0030_clip_025.mp4,Normal,29.97,150,640,360,5.005005005005005,train
/Users/harinihegde/Downloads/crowd_panic/Normal/VID-20250924-WA0030_clip_026.mp4,Normal,29.97,150,640,360,5.005005005005005,train
/Users/harinihegde/Downloads/crowd_panic/Normal/VID-20250924-WA0030_clip_027.mp4,Normal,29.97,150,640,360,5.005005005005005,train
/Users/harinihegde/Downloads/crowd_panic/Normal/VID-20250924-WA0030_clip_028.mp4,Normal,29.97,150,640,360,5.005005005005005,test
/Users/harinihegde/Downloads/crowd_panic/Normal/VID-20250924-WA0030_clip_029.mp4,Normal,29.97,150,640,360,5.005005005005005,train
/Users/harinihegde/Downloads/crowd_panic/Normal/VID-20250924-WA0030_clip_030.mp4,Normal,29.97,150,640,360,5.005005005005005,train
/Users/harinihegde/Downloads/crowd_panic/Normal/VID-20250924-WA0030_clip_031.mp4,Normal,29.97,150,640,360,5.005005005005005,train
/Users/harinihegde/Downloads/crowd_panic/Normal/VID-20250924-WA0030_clip_032.mp4,Normal,29.97,150,640,360,5.005005005005005,test
/Users/harinihegde/Downloads/crowd_panic/Normal/VID-20250924-WA0030_clip_033.mp4,Normal,29.97,150,640,360,5.005005005005005,train
/Users/harinihegde/Downloads/crowd_panic/Normal/VID-20250924-WA0030_clip_034.mp4,Normal,29.97,150,640,360,5.005005005005005,train
/Users/harinihegde/Downloads/crowd_panic/Normal/VID-20250924-WA0030_clip_035.mp4,Normal,29.97,150,640,360,5.005005005005005,train
/Users/harinihegde/Downloads/crowd_panic/Normal/VID-20250924-WA0030_clip_036.mp4,Normal,29.97,150,640,360,5.005005005005005,train
/Users/harinihegde/Downloads/crowd_panic/Normal/VID-20250924-WA0030_clip_037.mp4,Normal,29.97,150,640,360,5.005005005005005,train
/Users/harinihegde/Downloads/crowd_panic/Normal/VID-20250924-WA0030_clip_038.mp4,Normal,29.97,150,640,360,5.005005005005005,test
/Users/harinihegde/Downloads/crowd_panic/Normal/VID-20250924-WA0030_clip_039.mp4,Normal,29.97,150,640,360,5.005005005005005,train
/Users/harinihegde/Downloads/crowd_panic/Normal/VID-20250924-WA0030_clip_040.mp4,Normal,29.97,150,640,360,5.005005005005005,train
/Users/harinihegde/Downloads/crowd_panic/Normal/VID-20250924-WA0030_clip_041.mp4,Normal,29.97,150,640,360,5.005005005005005,train
/Users/harinihegde/Downloads/crowd_panic/Normal/VID-20250924-WA0030_clip_042.mp4,Normal,29.97,150,640,360,5.005005005005005,train
/Users/harinihegde/Downloads/crowd_panic/Normal/VID-20250924-WA0030_clip_043.mp4,Normal,29.97,150,640,360,5.005005005005005,train
/Users/harinihegde/Downloads/crowd_panic/Normal/VID-20250924-WA0030_clip_044.mp4,Normal,29.97,150,640,360,5.005005005005005,test
/Users/harinihegde/Downloads/crowd_panic/Normal/VID-20250924-WA0031_clip_001.mp4,Normal,25.0,125,640,360,5.0,train
/Users/harinihegde/Downloads/crowd_panic/Normal/VID-20250924-WA0031_clip_002.mp4,Normal,25.0,150,640,360,6.0,train
/Users/harinihegde/Downloads/crowd_panic/Normal/VID-20250924-WA0031_clip_003.mp4,Normal,25.0,125,640,360,5.0,train
/Users/harinihegde/Downloads/crowd_panic/Normal/VID-20250924-WA0034_clip_001.mp4,Normal,30.0,150,640,360,5.0,test
/Users/harinihegde/Downloads/crowd_panic/Normal/VID-20250924-WA0034_clip_002.mp4,Normal,30.0,150,640,360,5.0,train
/Users/harinihegde/Downloads/crowd_panic/Normal/VID-20250924-WA0034_clip_003.mp4,Normal,30.0,150,640,360,5.0,train
/Users/harinihegde/Downloads/crowd_panic/Normal/VID-20250924-WA0034_clip_004.mp4,Normal,30.0,150,640,360,5.0,test
/Users/harinihegde/Downloads/crowd_panic/Normal/VID-20250924-WA0034_clip_005.mp4,Normal,30.0,150,640,360,5.0,train
/Users/harinihegde/Downloads/crowd_panic/Normal/VID-20250924-WA0034_clip_006.mp4,Normal,30.0,150,640,360,5.0,test
/Users/harinihegde/Downloads/crowd_panic/Normal/VID-20250924-WA0034_clip_007.mp4,Normal,30.0,150,640,360,5.0,train
/Users/harinihegde/Downloads/crowd_panic/Normal/VID-20250924-WA0034_clip_008.mp4,Normal,30.0,150,640,360,5.0,train
/Users/harinihegde/Downloads/crowd_panic/Normal/VID-20250924-WA0034_clip_009.mp4,Normal,30.0,150,640,360,5.0,train
/Users/harinihegde/Downloads/crowd_panic/Normal/VID-20250924-WA0034_clip_010.mp4,Normal,30.0,150,640,360,5.0,test
/Users/harinihegde/Downloads/crowd_panic/Normal/VID-20250924-WA0034_clip_011.mp4,Normal,30.0,150,640,360,5.0,train
/Users/harinihegde/Downloads/crowd_panic/Normal/VID-20250924-WA0034_clip_012.mp4,Normal,30.0,150,640,360,5.0,train
/Users/harinihegde/Downloads/crowd_panic/Normal/VID-20250924-WA0034_clip_013.mp4,Normal,30.0,150,640,360,5.0,train
/Users/harinihegde/Downloads/crowd_panic/Normal/VID-20250924-WA0034_clip_014.mp4,Normal,30.0,150,640,360,5.0,train
/Users/harinihegde/Downloads/crowd_panic/Normal/VID-20250924-WA0034_clip_015.mp4,Normal,30.0,150,640,360,5.0,train
/Users/harinihegde/Downloads/crowd_panic/Normal/VID-20250924-WA0034_clip_016.mp4,Normal,30.0,150,640,360,5.0,train
/Users/harinihegde/Downloads/crowd_panic/Normal/VID-20250924-WA0034_clip_017.mp4,Normal,30.0,150,640,360,5.0,train
/Users/harinihegde/Downloads/crowd_panic/Normal/VID-20250924-WA0034_clip_018.mp4,Normal,30.0,150,640,360,5.0,train
/Users/harinihegde/Downloads/crowd_panic/Normal/VID-20250924-WA0034_clip_019.mp4,Normal,30.0,150,640,360,5.0,train
/Users/harinihegde/Downloads/crowd_panic/Normal/VID-20250924-WA0034_clip_020.mp4,Normal,30.0,150,640,360,5.0,train
/Users/harinihegde/Downloads/crowd_panic/Normal/VID-20250924-WA0034_clip_021.mp4,Normal,30.0,150,640,360,5.0,test
/Users/harinihegde/Downloads/crowd_panic/Normal/VID-20250924-WA0034_clip_022.mp4,Normal,30.0,150,640,360,5.0,train
/Users/harinihegde/Downloads/crowd_panic/Normal/VID-20250924-WA0034_clip_023.mp4,Normal,30.0,150,640,360,5.0,train
/Users/harinihegde/Downloads/crowd_panic/Normal/VID-20250924-WA0034_clip_024.mp4,Normal,30.0,150,640,360,5.0,train
/Users/harinihegde/Downloads/crowd_panic/Normal/VID-20250924-WA0034_clip_025.mp4,Normal,30.0,150,640,360,5.0,test
/Users/harinihegde/Downloads/crowd_panic/Normal/VID-20250924-WA0034_clip_026.mp4,Normal,30.0,150,640,360,5.0,train
/Users/harinihegde/Downloads/crowd_panic/Normal/VID-20250924-WA0034_clip_027.mp4,Normal,30.0,150,640,360,5.0,train
/Users/harinihegde/Downloads/crowd_panic/Normal/VID-20250924-WA0034_clip_028.mp4,Normal,30.0,150,640,360,5.0,train
/Users/harinihegde/Downloads/crowd_panic/Normal/VID-20250924-WA0034_clip_029.mp4,Normal,30.0,150,640,360,5.0,train
/Users/harinihegde/Downloads/crowd_panic/Normal/VID-20250924-WA0034_clip_030.mp4,Normal,30.0,150,640,360,5.0,test
/Users/harinihegde/Downloads/crowd_panic/Normal/VID-20250924-WA0034_clip_031.mp4,Normal,30.0,150,640,360,5.0,train
/Users/harinihegde/Downloads/crowd_panic/Normal/VID-20250924-WA0034_clip_032.mp4,Normal,30.0,150,640,360,5.0,train
/Users/harinihegde/Downloads/crowd_panic/Normal/VID-20250924-WA0034_clip_033.mp4,Normal,30.0,150,640,360,5.0,train
/Users/harinihegde/Downloads/crowd_panic/Normal/VID-20250924-WA0034_clip_034.mp4,Normal,30.0,150,640,360,5.0,train
/Users/harinihegde/Downloads/crowd_panic/Normal/VID-20250924-WA0034_clip_035.mp4,Normal,30.0,150,640,360,5.0,train
/Users/harinihegde/Downloads/crowd_panic/Normal/VID-20250924-WA0034_clip_036.mp4,Normal,30.0,150,640,360,5.0,train
/Users/harinihegde/Downloads/crowd_panic/Normal/VID-20250924-WA0034_clip_037.mp4,Normal,30.0,150,640,360,5.0,train
/Users/harinihegde/Downloads/crowd_panic/Normal/VID-20250924-WA0034_clip_038.mp4,Normal,30.0,150,640,360,5.0,test
/Users/harinihegde/Downloads/crowd_panic/Normal/VID-20250924-WA0034_clip_039.mp4,Normal,30.0,150,640,360,5.0,train
/Users/harinihegde/Downloads/crowd_panic/Normal/VID-20250924-WA0034_clip_040.mp4,Normal,30.0,150,640,360,5.0,train
/Users/harinihegde/Downloads/crowd_panic/Normal/VID-20250924-WA0034_clip_044.mp4,Normal,30.0,150,640,360,5.0,train
/Users/harinihegde/Downloads/crowd_panic/Normal/VID-20250924-WA0034_clip_045.mp4,Normal,30.0,150,640,360,5.0,test
/Users/harinihegde/Downloads/crowd_panic/Normal/VID-20250924-WA0034_clip_046.mp4,Normal,30.0,150,640,360,5.0,train
/Users/harinihegde/Downloads/crowd_panic/Normal/VID-20250924-WA0034_clip_047.mp4,Normal,30.0,180,640,360,6.0,train
/Users/harinihegde/Downloads/crowd_panic/Normal/VID-20250924-WA0034_clip_048.mp4,Normal,30.0,180,640,360,6.0,train
/Users/harinihegde/Downloads/crowd_panic/Normal/VID-20250924-WA0035_clip_001.mp4,Normal,29.97,150,640,360,5.005005005005005,test
/Users/harinihegde/Downloads/crowd_panic/Normal/VID-20250924-WA0035_clip_002.mp4,Normal,29.97,150,640,360,5.005005005005005,train
/Users/harinihegde/Downloads/crowd_panic/Normal/VID-20250924-WA0035_clip_003.mp4,Normal,29.97,150,640,360,5.005005005005005,train
/Users/harinihegde/Downloads/crowd_panic/Normal/VID-20250924-WA0035_clip_004.mp4,Normal,29.97,150,640,360,5.005005005005005,test
/Users/harinihegde/Downloads/crowd_panic/Normal/VID-20250924-WA0035_clip_005.mp4,Normal,29.97,150,640,360,5.005005005005005,train
/Users/harinihegde/Downloads/crowd_panic/Normal/VID-20250924-WA0035_clip_006.mp4,Normal,29.97,150,640,360,5.005005005005005,train
/Users/harinihegde/Downloads/crowd_panic/Normal/VID-20250924-WA0035_clip_007.mp4,Normal,29.97,150,640,360,5.005005005005005,test
/Users/harinihegde/Downloads/crowd_panic/Normal/VID-20250924-WA0035_clip_008.mp4,Normal,29.97,150,640,360,5.005005005005005,test
/Users/harinihegde/Downloads/crowd_panic/Normal/VID-20250924-WA0035_clip_009.mp4,Normal,29.97,150,640,360,5.005005005005005,train
/Users/harinihegde/Downloads/crowd_panic/Normal/VID-20250924-WA0035_clip_010.mp4,Normal,29.97,150,640,360,5.005005005005005,train
/Users/harinihegde/Downloads/crowd_panic/Normal/VID-20250924-WA0035_clip_011.mp4,Normal,29.97,150,640,360,5.005005005005005,train
/Users/harinihegde/Downloads/crowd_panic/Normal/VID-20250924-WA0035_clip_012.mp4,Normal,29.97,150,640,360,5.005005005005005,train
/Users/harinihegde/Downloads/crowd_panic/Normal/VID-20250924-WA0035_clip_013.mp4,Normal,29.97,150,640,360,5.005005005005005,train
/Users/harinihegde/Downloads/crowd_panic/Normal/VID-20250924-WA0035_clip_014.mp4,Normal,29.97,150,640,360,5.005005005005005,train
/Users/harinihegde/Downloads/crowd_panic/Normal/VID-20250924-WA0035_clip_015.mp4,Normal,29.97,150,640,360,5.005005005005005,train
/Users/harinihegde/Downloads/crowd_panic/Normal/VID-20250924-WA0035_clip_016.mp4,Normal,29.97,150,640,360,5.005005005005005,train
/Users/harinihegde/Downloads/crowd_panic/Normal/VID-20250924-WA0035_clip_017.mp4,Normal,29.97,150,640,360,5.005005005005005,train
/Users/harinihegde/Downloads/crowd_panic/Normal/VID-20250924-WA0035_clip_018.mp4,Normal,29.97,150,640,360,5.005005005005005,train
/Users/harinihegde/Downloads/crowd_panic/Normal/VID-20250924-WA0035_clip_019.mp4,Normal,29.97,150,640,360,5.005005005005005,test
/Users/harinihegde/Downloads/crowd_panic/Normal/VID-20250924-WA0035_clip_020.mp4,Normal,29.97,150,640,360,5.005005005005005,train
/Users/harinihegde/Downloads/crowd_panic/Normal/VID-20250924-WA0035_clip_021.mp4,Normal,29.97,150,640,360,5.005005005005005,train
/Users/harinihegde/Downloads/crowd_panic/Normal/VID-20250924-WA0035_clip_022.mp4,Normal,29.97,150,640,360,5.005005005005005,train
/Users/harinihegde/Downloads/crowd_panic/Normal/VID-20250924-WA0035_clip_023.mp4,Normal,29.97,150,640,360,5.005005005005005,train
/Users/harinihegde/Downloads/crowd_panic/Normal/VID-20250924-WA0035_clip_024.mp4,Normal,29.97,150,640,360,5.005005005005005,test
/Users/harinihegde/Downloads/crowd_panic/Normal/VID-20250924-WA0035_clip_025.mp4,Normal,29.97,150,640,360,5.005005005005005,train
/Users/harinihegde/Downloads/crowd_panic/Normal/VID-20250924-WA0035_clip_026.mp4,Normal,29.97,150,640,360,5.005005005005005,train
/Users/harinihegde/Downloads/crowd_panic/Normal/VID-20250924-WA0035_clip_027.mp4,Normal,29.97,150,640,360,5.005005005005005,train
/Users/harinihegde/Downloads/crowd_panic/Normal/VID-20250924-WA0036_clip_001.mp4,Normal,23.98,120,640,360,5.004170141784821,test
/Users/harinihegde/Downloads/crowd_panic/Normal/VID-20250924-WA0036_clip_002.mp4,Normal,23.98,120,640,360,5.004170141784821,train
/Users/harinihegde/Downloads/crowd_panic/Normal/VID-20250924-WA0036_clip_003.mp4,Normal,23.98,120,640,360,5.004170141784821,train
/Users/harinihegde/Downloads/crowd_panic/Normal/VID-20250924-WA0036_clip_004.mp4,Normal,23.98,120,640,360,5.004170141784821,train
/Users/harinihegde/Downloads/crowd_panic/Normal/VID-20250924-WA0036_clip_005.mp4,Normal,23.98,120,640,360,5.004170141784821,train
/Users/harinihegde/Downloads/crowd_panic/Normal/VID-20250924-WA0036_clip_006.mp4,Normal,23.98,120,640,360,5.004170141784821,train
/Users/harinihegde/Downloads/crowd_panic/Normal/VID-20250924-WA0036_clip_007.mp4,Normal,23.98,120,640,360,5.004170141784821,train
/Users/harinihegde/Downloads/crowd_panic/Normal/VID-20250924-WA0036_clip_008.mp4,Normal,23.98,120,640,360,5.004170141784821,train
/Users/harinihegde/Downloads/crowd_panic/Normal/VID-20250924-WA0036_clip_009.mp4,Normal,23.98,120,640,360,5.004170141784821,train
/Users/harinihegde/Downloads/crowd_panic/Normal/VID-20250924-WA0036_clip_010.mp4,Normal,23.98,120,640,360,5.004170141784821,train
/Users/harinihegde/Downloads/crowd_panic/Normal/VID-20250924-WA0036_clip_011.mp4,Normal,23.98,120,640,360,5.004170141784821,train
/Users/harinihegde/Downloads/crowd_panic/Normal/VID-20250924-WA0036_clip_012.mp4,Normal,23.98,120,640,360,5.004170141784821,train
/Users/harinihegde/Downloads/crowd_panic/Normal/VID-20250924-WA0036_clip_013.mp4,Normal,23.98,120,640,360,5.004170141784821,test
/Users/harinihegde/Downloads/crowd_panic/Normal/VID-20250924-WA0036_clip_014.mp4,Normal,23.98,120,640,360,5.004170141784821,test
/Users/harinihegde/Downloads/crowd_panic/Normal/VID-20250924-WA0036_clip_015.mp4,Normal,23.98,120,640,360,5.004170141784821,train
/Users/harinihegde/Downloads/crowd_panic/Normal/VID-20250924-WA0036_clip_016.mp4,Normal,23.98,120,640,360,5.004170141784821,train
/Users/harinihegde/Downloads/crowd_panic/Normal/VID-20250924-WA0036_clip_017.mp4,Normal,23.98,120,640,360,5.004170141784821,train
/Users/harinihegde/Downloads/crowd_panic/Normal/VID-20250924-WA0036_clip_018.mp4,Normal,23.98,120,640,360,5.004170141784821,train
/Users/harinihegde/Downloads/crowd_panic/Normal/VID-20250924-WA0036_clip_019.mp4,Normal,23.98,120,640,360,5.004170141784821,train
/Users/harinihegde/Downloads/crowd_panic/Normal/VID-20250924-WA0036_clip_020.mp4,Normal,23.98,120,640,360,5.004170141784821,train
/Users/harinihegde/Downloads/crowd_panic/Normal/VID-20250924-WA0036_clip_021.mp4,Normal,23.98,120,640,360,5.004170141784821,train
/Users/harinihegde/Downloads/crowd_panic/Normal/VID-20250924-WA0036_clip_022.mp4,Normal,23.98,120,640,360,5.004170141784821,train
/Users/harinihegde/Downloads/crowd_panic/Normal/VID-20250924-WA0036_clip_023.mp4,Normal,23.98,120,640,360,5.004170141784821,train
/Users/harinihegde/Downloads/crowd_panic/Normal/VID-20250924-WA0036_clip_024.mp4,Normal,23.98,120,640,360,5.004170141784821,test
/Users/harinihegde/Downloads/crowd_panic/Normal/VID-20250924-WA0036_clip_025.mp4,Normal,23.98,120,640,360,5.004170141784821,train
/Users/harinihegde/Downloads/crowd_panic/Normal/VID-20250924-WA0036_clip_026.mp4,Normal,23.98,120,640,360,5.004170141784821,train
/Users/harinihegde/Downloads/crowd_panic/Normal/VID-20250924-WA0036_clip_027.mp4,Normal,23.98,120,640,360,5.004170141784821,train
/Users/harinihegde/Downloads/crowd_panic/Normal/VID-20250924-WA0036_clip_028.mp4,Normal,23.98,120,640,360,5.004170141784821,train
/Users/harinihegde/Downloads/crowd_panic/Normal/VID-20250924-WA0036_clip_029.mp4,Normal,23.98,120,640,360,5.004170141784821,train
/Users/harinihegde/Downloads/crowd_panic/Normal/VID-20250924-WA0036_clip_030.mp4,Normal,23.98,120,640,360,5.004170141784821,train
/Users/harinihegde/Downloads/crowd_panic/Normal/VID-20250924-WA0036_clip_031.mp4,Normal,23.98,120,640,360,5.004170141784821,train
/Users/harinihegde/Downloads/crowd_panic/Normal/VID-20250924-WA0036_clip_032.mp4,Normal,23.98,120,640,360,5.004170141784821,train
/Users/harinihegde/Downloads/crowd_panic/Normal/VID-20250924-WA0036_clip_033.mp4,Normal,23.98,120,640,360,5.004170141784821,train
/Users/harinihegde/Downloads/crowd_panic/Normal/VID-20250924-WA0036_clip_034.mp4,Normal,23.98,120,640,360,5.004170141784821,train
/Users/harinihegde/Downloads/crowd_panic/Normal/VID-20250924-WA0036_clip_035.mp4,Normal,23.98,120,640,360,5.004170141784821,train
/Users/harinihegde/Downloads/crowd_panic/Normal/VID-20250924-WA0036_clip_036.mp4,Normal,23.98,120,640,360,5.004170141784821,train
/Users/harinihegde/Downloads/crowd_panic/Normal/VID-20250924-WA0036_clip_037.mp4,Normal,23.98,120,640,360,5.004170141784821,train
/Users/harinihegde/Downloads/crowd_panic/Normal/VID-20250924-WA0036_clip_038.mp4,Normal,23.98,120,640,360,5.004170141784821,train
/Users/harinihegde/Downloads/crowd_panic/Normal/VID-20250924-WA0036_clip_039.mp4,Normal,23.98,120,640,360,5.004170141784821,train
/Users/harinihegde/Downloads/crowd_panic/Normal/VID-20250924-WA0036_clip_040.mp4,Normal,23.98,120,640,360,5.004170141784821,test
/Users/harinihegde/Downloads/crowd_panic/Normal/VID-20250924-WA0036_clip_041.mp4,Normal,23.98,120,640,360,5.004170141784821,train
/Users/harinihegde/Downloads/crowd_panic/Normal/VID-20250924-WA0036_clip_042.mp4,Normal,23.98,120,640,360,5.004170141784821,train
/Users/harinihegde/Downloads/crowd_panic/Normal/VID-20250924-WA0036_clip_043.mp4,Normal,23.98,120,640,360,5.004170141784821,train
/Users/harinihegde/Downloads/crowd_panic/Normal/VID-20250924-WA0036_clip_044.mp4,Normal,23.98,120,640,360,5.004170141784821,train
/Users/harinihegde/Downloads/crowd_panic/Normal/VID-20250924-WA0036_clip_045.mp4,Normal,23.98,120,640,360,5.004170141784821,train
/Users/harinihegde/Downloads/crowd_panic/Normal/VID-20250924-WA0036_clip_046.mp4,Normal,23.98,120,640,360,5.004170141784821,train
/Users/harinihegde/Downloads/crowd_panic/Normal/VID-20250924-WA0036_clip_047.mp4,Normal,23.98,120,640,360,5.004170141784821,test
/Users/harinihegde/Downloads/crowd_panic/Normal/VID-20250924-WA0036_clip_048.mp4,Normal,23.98,120,640,360,5.004170141784821,test
/Users/harinihegde/Downloads/crowd_panic/Normal/VID-20250924-WA0036_clip_049.mp4,Normal,23.98,120,640,360,5.004170141784821,train
/Users/harinihegde/Downloads/crowd_panic/Normal/VID-20250924-WA0036_clip_050.mp4,Normal,23.98,120,640,360,5.004170141784821,train
/Users/harinihegde/Downloads/crowd_panic/Normal/VID-20250924-WA0036_clip_051.mp4,Normal,23.98,120,640,360,5.004170141784821,train
/Users/harinihegde/Downloads/crowd_panic/Normal/VID-20250924-WA0036_clip_052.mp4,Normal,23.98,120,640,360,5.004170141784821,train
/Users/harinihegde/Downloads/crowd_panic/Normal/VID-20250924-WA0036_clip_053.mp4,Normal,23.98,120,640,360,5.004170141784821,train
/Users/harinihegde/Downloads/crowd_panic/Normal/VID-20250924-WA0036_clip_054.mp4,Normal,23.98,120,640,360,5.004170141784821,train
/Users/harinihegde/Downloads/crowd_panic/Normal/VID-20250924-WA0036_clip_055.mp4,Normal,23.98,120,640,360,5.004170141784821,train
/Users/harinihegde/Downloads/crowd_panic/Normal/VID-20250924-WA0036_clip_056.mp4,Normal,23.98,120,640,360,5.004170141784821,test
/Users/harinihegde/Downloads/crowd_panic/Normal/VID-20250924-WA0036_clip_057.mp4,Normal,23.98,120,640,360,5.004170141784821,train
/Users/harinihegde/Downloads/crowd_panic/Normal/VID-20250924-WA0036_clip_058.mp4,Normal,23.98,120,640,360,5.004170141784821,test
/Users/harinihegde/Downloads/crowd_panic/Normal/VID-20250924-WA0036_clip_059.mp4,Normal,23.98,120,640,360,5.004170141784821,train
/Users/harinihegde/Downloads/crowd_panic/Normal/VID-20250924-WA0036_clip_060.mp4,Normal,23.98,120,640,360,5.004170141784821,train
/Users/harinihegde/Downloads/crowd_panic/Normal/VID-20250924-WA0036_clip_061.mp4,Normal,23.98,120,640,360,5.004170141784821,train
/Users/harinihegde/Downloads/crowd_panic/Normal/VID-20250924-WA0036_clip_062.mp4,Normal,23.98,120,640,360,5.004170141784821,train
/Users/harinihegde/Downloads/crowd_panic/Normal/VID-20250924-WA0036_clip_063.mp4,Normal,23.98,120,640,360,5.004170141784821,train
/Users/harinihegde/Downloads/crowd_panic/Normal/VID-20250924-WA0036_clip_064.mp4,Normal,23.98,120,640,360,5.004170141784821,test
/Users/harinihegde/Downloads/crowd_panic/Normal/VID-20250924-WA0036_clip_065.mp4,Normal,23.98,120,640,360,5.004170141784821,train
/Users/harinihegde/Downloads/crowd_panic/Normal/VID-20250924-WA0036_clip_066.mp4,Normal,23.98,120,640,360,5.004170141784821,train
/Users/harinihegde/Downloads/crowd_panic/Normal/VID-20250924-WA0036_clip_067.mp4,Normal,23.98,120,640,360,5.004170141784821,test
/Users/harinihegde/Downloads/crowd_panic/Normal/VID-20250924-WA0036_clip_068.mp4,Normal,23.98,120,640,360,5.004170141784821,train
/Users/harinihegde/Downloads/crowd_panic/Normal/VID-20250924-WA0036_clip_069.mp4,Normal,23.98,120,640,360,5.004170141784821,test
/Users/harinihegde/Downloads/crowd_panic/Normal/VID-20250924-WA0036_clip_070.mp4,Normal,23.98,120,640,360,5.004170141784821,test
/Users/harinihegde/Downloads/crowd_panic/Normal/VID-20250924-WA0036_clip_071.mp4,Normal,23.98,120,640,360,5.004170141784821,test
/Users/harinihegde/Downloads/crowd_panic/Normal/VID-20250924-WA0036_clip_072.mp4,Normal,23.98,120,640,360,5.004170141784821,train
/Users/harinihegde/Downloads/crowd_panic/Normal/VID-20250924-WA0036_clip_073.mp4,Normal,23.98,120,640,360,5.004170141784821,train
/Users/harinihegde/Downloads/crowd_panic/Normal/VID-20250924-WA0036_clip_074.mp4,Normal,23.98,120,640,360,5.004170141784821,train
/Users/harinihegde/Downloads/crowd_panic/Normal/VID-20250924-WA0036_clip_075.mp4,Normal,23.98,120,640,360,5.004170141784821,test
/Users/harinihegde/Downloads/crowd_panic/Normal/VID-20250924-WA0036_clip_076.mp4,Normal,23.98,120,640,360,5.004170141784821,train
/Users/harinihegde/Downloads/crowd_panic/Normal/VID-20250924-WA0036_clip_077.mp4,Normal,23.98,120,640,360,5.004170141784821,test
/Users/harinihegde/Downloads/crowd_panic/Normal/VID-20250924-WA0036_clip_078.mp4,Normal,23.98,120,640,360,5.004170141784821,train
/Users/harinihegde/Downloads/crowd_panic/Normal/VID-20250924-WA0036_clip_079.mp4,Normal,23.98,120,640,360,5.004170141784821,train
/Users/harinihegde/Downloads/crowd_panic/Normal/VID-20250924-WA0036_clip_080.mp4,Normal,23.98,120,640,360,5.004170141784821,train
/Users/harinihegde/Downloads/crowd_panic/Normal/VID-20250924-WA0036_clip_081.mp4,Normal,23.98,120,640,360,5.004170141784821,train
/Users/harinihegde/Downloads/crowd_panic/Normal/VID-20250924-WA0036_clip_082.mp4,Normal,23.98,120,640,360,5.004170141784821,test
/Users/harinihegde/Downloads/crowd_panic/Normal/VID-20250924-WA0036_clip_083.mp4,Normal,23.98,120,640,360,5.004170141784821,train
/Users/harinihegde/Downloads/crowd_panic/Normal/VID-20250924-WA0036_clip_084.mp4,Normal,23.98,120,640,360,5.004170141784821,test
/Users/harinihegde/Downloads/crowd_panic/Normal/VID-20250924-WA0036_clip_085.mp4,Normal,23.98,120,640,360,5.004170141784821,test
/Users/harinihegde/Downloads/crowd_panic/Normal/VID-20250924-WA0036_clip_086.mp4,Normal,23.98,120,640,360,5.004170141784821,test
/Users/harinihegde/Downloads/crowd_panic/Normal/VID-20250924-WA0036_clip_087.mp4,Normal,23.98,120,640,360,5.004170141784821,train
/Users/harinihegde/Downloads/crowd_panic/Normal/VID-20250924-WA0036_clip_088.mp4,Normal,23.98,120,640,360,5.004170141784821,train
/Users/harinihegde/Downloads/crowd_panic/Normal/VID-20250924-WA0036_clip_089.mp4,Normal,23.98,120,640,360,5.004170141784821,train
/Users/harinihegde/Downloads/crowd_panic/Normal/VID-20250924-WA0036_clip_090.mp4,Normal,23.98,144,640,360,6.005004170141785,train
/Users/harinihegde/Downloads/crowd_panic/Normal/VID-20250924-WA0037_clip_002.mp4,Normal,30.0,150,640,360,5.0,train
/Users/harinihegde/Downloads/crowd_panic/Normal/VID-20250924-WA0037_clip_003.mp4,Normal,30.0,150,640,360,5.0,test
/Users/harinihegde/Downloads/crowd_panic/Normal/VID-20250924-WA0037_clip_007.mp4,Normal,30.0,150,640,360,5.0,train
/Users/harinihegde/Downloads/crowd_panic/Normal/VID-20250924-WA0037_clip_008.mp4,Normal,30.0,150,640,360,5.0,train
/Users/harinihegde/Downloads/crowd_panic/Normal/VID-20250924-WA0037_clip_009.mp4,Normal,30.0,150,640,360,5.0,test
/Users/harinihegde/Downloads/crowd_panic/Normal/VID-20250924-WA0037_clip_010.mp4,Normal,30.0,150,640,360,5.0,train
/Users/harinihegde/Downloads/crowd_panic/Normal/VID-20250924-WA0037_clip_013.mp4,Normal,30.0,150,640,360,5.0,train
/Users/harinihegde/Downloads/crowd_panic/Normal/VID-20250924-WA0037_clip_016.mp4,Normal,30.0,150,640,360,5.0,train
/Users/harinihegde/Downloads/crowd_panic/Normal/VID-20250924-WA0037_clip_017.mp4,Normal,30.0,150,640,360,5.0,train
/Users/harinihegde/Downloads/crowd_panic/Normal/VID-20250924-WA0037_clip_018.mp4,Normal,30.0,150,640,360,5.0,test
/Users/harinihegde/Downloads/crowd_panic/Normal/VID-20250924-WA0037_clip_019.mp4,Normal,30.0,150,640,360,5.0,train
/Users/harinihegde/Downloads/crowd_panic/Normal/VID-20250924-WA0037_clip_020.mp4,Normal,30.0,150,640,360,5.0,train
/Users/harinihegde/Downloads/crowd_panic/Normal/VID-20250924-WA0037_clip_021.mp4,Normal,30.0,150,640,360,5.0,train
/Users/harinihegde/Downloads/crowd_panic/Normal/VID-20250924-WA0037_clip_022.mp4,Normal,30.0,150,640,360,5.0,train
/Users/harinihegde/Downloads/crowd_panic/Normal/VID-20250924-WA0037_clip_023.mp4,Normal,30.0,150,640,360,5.0,train
/Users/harinihegde/Downloads/crowd_panic/Normal/VID-20250924-WA0037_clip_024.mp4,Normal,30.0,150,640,360,5.0,train
/Users/harinihegde/Downloads/crowd_panic/Normal/VID-20250924-WA0037_clip_025.mp4,Normal,30.0,150,640,360,5.0,train
/Users/harinihegde/Downloads/crowd_panic/Normal/VID-20250924-WA0037_clip_026.mp4,Normal,30.0,150,640,360,5.0,train
/Users/harinihegde/Downloads/crowd_panic/Normal/VID-20250924-WA0037_clip_027.mp4,Normal,30.0,150,640,360,5.0,train
/Users/harinihegde/Downloads/crowd_panic/Normal/VID-20250924-WA0037_clip_028.mp4,Normal,30.0,150,640,360,5.0,train
/Users/harinihegde/Downloads/crowd_panic/Normal/VID-20250924-WA0037_clip_029.mp4,Normal,30.0,150,640,360,5.0,train
/Users/harinihegde/Downloads/crowd_panic/Normal/VID-20250924-WA0037_clip_030.mp4,Normal,30.0,150,640,360,5.0,test
/Users/harinihegde/Downloads/crowd_panic/Normal/VID-20250924-WA0037_clip_031.mp4,Normal,30.0,150,640,360,5.0,test
/Users/harinihegde/Downloads/crowd_panic/Normal/VID-20250924-WA0037_clip_032.mp4,Normal,30.0,150,640,360,5.0,train
/Users/harinihegde/Downloads/crowd_panic/Normal/VID-20250924-WA0037_clip_033.mp4,Normal,30.0,150,640,360,5.0,train
/Users/harinihegde/Downloads/crowd_panic/Normal/VID-20250924-WA0037_clip_034.mp4,Normal,30.0,150,640,360,5.0,train
/Users/harinihegde/Downloads/crowd_panic/Normal/VID-20250924-WA0037_clip_035.mp4,Normal,30.0,150,640,360,5.0,test
/Users/harinihegde/Downloads/crowd_panic/Normal/VID-20250924-WA0037_clip_036.mp4,Normal,30.0,150,640,360,5.0,train
/Users/harinihegde/Downloads/crowd_panic/Normal/VID-20250924-WA0037_clip_037.mp4,Normal,30.0,150,640,360,5.0,train
/Users/harinihegde/Downloads/crowd_panic/Normal/VID-20250924-WA0037_clip_038.mp4,Normal,30.0,150,640,360,5.0,train
/Users/harinihegde/Downloads/crowd_panic/Normal/VID-20250924-WA0037_clip_039.mp4,Normal,30.0,150,640,360,5.0,train
/Users/harinihegde/Downloads/crowd_panic/Normal/VID-20250924-WA0037_clip_040.mp4,Normal,30.0,150,640,360,5.0,train
/Users/harinihegde/Downloads/crowd_panic/Normal/VID-20250924-WA0037_clip_041.mp4,Normal,30.0,150,640,360,5.0,train
/Users/harinihegde/Downloads/crowd_panic/Normal/VID-20250924-WA0037_clip_042.mp4,Normal,30.0,150,640,360,5.0,test
/Users/harinihegde/Downloads/crowd_panic/Normal/VID-20250924-WA0037_clip_043.mp4,Normal,30.0,150,640,360,5.0,train
/Users/harinihegde/Downloads/crowd_panic/Normal/VID-20250924-WA0037_clip_044.mp4,Normal,30.0,150,640,360,5.0,train
/Users/harinihegde/Downloads/crowd_panic/Normal/VID-20250924-WA0037_clip_045.mp4,Normal,30.0,150,640,360,5.0,test
/Users/harinihegde/Downloads/crowd_panic/Normal/VID-20250924-WA0037_clip_046.mp4,Normal,30.0,150,640,360,5.0,test
/Users/harinihegde/Downloads/crowd_panic/Normal/VID-20250924-WA0037_clip_053.mp4,Normal,30.0,150,640,360,5.0,test
/Users/harinihegde/Downloads/crowd_panic/Normal/VID-20250924-WA0037_clip_054.mp4,Normal,30.0,150,640,360,5.0,train
/Users/harinihegde/Downloads/crowd_panic/Normal/VID-20250924-WA0037_clip_055.mp4,Normal,30.0,150,640,360,5.0,train
/Users/harinihegde/Downloads/crowd_panic/Normal/VID-20250924-WA0037_clip_056.mp4,Normal,30.0,150,640,360,5.0,train
/Users/harinihegde/Downloads/crowd_panic/Normal/VID-20250924-WA0037_clip_057.mp4,Normal,30.0,150,640,360,5.0,train
/Users/harinihegde/Downloads/crowd_panic/Normal/VID-20250924-WA0037_clip_058.mp4,Normal,30.0,150,640,360,5.0,train
/Users/harinihegde/Downloads/crowd_panic/Normal/VID-20250924-WA0037_clip_059.mp4,Normal,30.0,150,640,360,5.0,train
/Users/harinihegde/Downloads/crowd_panic/Normal/VID-20250924-WA0037_clip_060.mp4,Normal,30.0,150,640,360,5.0,test
/Users/harinihegde/Downloads/crowd_panic/Normal/VID-20250924-WA0037_clip_061.mp4,Normal,30.0,150,640,360,5.0,train
/Users/harinihegde/Downloads/crowd_panic/Normal/VID-20250924-WA0037_clip_062.mp4,Normal,30.0,150,640,360,5.0,train
/Users/harinihegde/Downloads/crowd_panic/Normal/VID-20250924-WA0037_clip_063.mp4,Normal,30.0,150,640,360,5.0,train
/Users/harinihegde/Downloads/crowd_panic/Normal/VID-20250924-WA0037_clip_064.mp4,Normal,30.0,150,640,360,5.0,train
/Users/harinihegde/Downloads/crowd_panic/Normal/VID-20250924-WA0037_clip_065.mp4,Normal,30.0,150,640,360,5.0,train
/Users/harinihegde/Downloads/crowd_panic/Normal/VID-20250924-WA0037_clip_066.mp4,Normal,30.0,150,640,360,5.0,train
/Users/harinihegde/Downloads/crowd_panic/Normal/VID-20250924-WA0037_clip_067.mp4,Normal,30.0,150,640,360,5.0,train
/Users/harinihegde/Downloads/crowd_panic/Normal/VID-20250924-WA0037_clip_068.mp4,Normal,30.0,150,640,360,5.0,train
/Users/harinihegde/Downloads/crowd_panic/Normal/VID-20250924-WA0037_clip_069.mp4,Normal,30.0,150,640,360,5.0,train
/Users/harinihegde/Downloads/crowd_panic/Normal/VID-20250924-WA0037_clip_070.mp4,Normal,30.0,150,640,360,5.0,train
/Users/harinihegde/Downloads/crowd_panic/Normal/VID-20250924-WA0037_clip_071.mp4,Normal,30.0,150,640,360,5.0,train
/Users/harinihegde/Downloads/crowd_panic/Normal/VID-20250924-WA0037_clip_072.mp4,Normal,30.0,150,640,360,5.0,train
/Users/harinihegde/Downloads/crowd_panic/Normal/VID-20250924-WA0037_clip_073.mp4,Normal,30.0,150,640,360,5.0,train
/Users/harinihegde/Downloads/crowd_panic/Normal/VID-20250924-WA0037_clip_074.mp4,Normal,30.0,150,640,360,5.0,train
/Users/harinihegde/Downloads/crowd_panic/Normal/VID-20250924-WA0037_clip_075.mp4,Normal,30.0,150,640,360,5.0,train
/Users/harinihegde/Downloads/crowd_panic/Normal/VID-20250924-WA0037_clip_076.mp4,Normal,30.0,150,640,360,5.0,train
/Users/harinihegde/Downloads/crowd_panic/Normal/VID-20250924-WA0037_clip_077.mp4,Normal,30.0,150,640,360,5.0,train
/Users/harinihegde/Downloads/crowd_panic/Normal/VID-20250924-WA0037_clip_078.mp4,Normal,30.0,150,640,360,5.0,train
/Users/harinihegde/Downloads/crowd_panic/Normal/VID-20250924-WA0037_clip_079.mp4,Normal,30.0,150,640,360,5.0,train
/Users/harinihegde/Downloads/crowd_panic/Normal/VID-20250924-WA0037_clip_080.mp4,Normal,30.0,150,640,360,5.0,train
/Users/harinihegde/Downloads/crowd_panic/Normal/VID-20250924-WA0037_clip_081.mp4,Normal,30.0,150,640,360,5.0,train
/Users/harinihegde/Downloads/crowd_panic/Normal/VID-20250924-WA0037_clip_082.mp4,Normal,30.0,150,640,360,5.0,test
/Users/harinihegde/Downloads/crowd_panic/Normal/VID-20250924-WA0037_clip_083.mp4,Normal,30.0,150,640,360,5.0,train
/Users/harinihegde/Downloads/crowd_panic/Normal/VID-20250924-WA0037_clip_084.mp4,Normal,30.0,150,640,360,5.0,train
/Users/harinihegde/Downloads/crowd_panic/Normal/VID-20250924-WA0037_clip_085.mp4,Normal,30.0,150,640,360,5.0,train
/Users/harinihegde/Downloads/crowd_panic/Normal/VID-20250924-WA0037_clip_086.mp4,Normal,30.0,150,640,360,5.0,test
/Users/harinihegde/Downloads/crowd_panic/Normal/VID-20250924-WA0037_clip_087.mp4,Normal,30.0,150,640,360,5.0,test
/Users/harinihegde/Downloads/crowd_panic/Normal/VID-20250924-WA0037_clip_088.mp4,Normal,30.0,150,640,360,5.0,train
/Users/harinihegde/Downloads/crowd_panic/Normal/VID-20250924-WA0037_clip_089.mp4,Normal,30.0,150,640,360,5.0,train
/Users/harinihegde/Downloads/crowd_panic/Normal/VID-20250924-WA0037_clip_090.mp4,Normal,30.0,150,640,360,5.0,train
/Users/harinihegde/Downloads/crowd_panic/Normal/VID-20250924-WA0037_clip_091.mp4,Normal,30.0,150,640,360,5.0,train
/Users/harinihegde/Downloads/crowd_panic/Normal/VID-20250924-WA0037_clip_092.mp4,Normal,30.0,150,640,360,5.0,train
/Users/harinihegde/Downloads/crowd_panic/Normal/VID-20250924-WA0037_clip_093.mp4,Normal,30.0,150,640,360,5.0,test
/Users/harinihegde/Downloads/crowd_panic/Normal/VID-20250924-WA0037_clip_094.mp4,Normal,30.0,150,640,360,5.0,train
/Users/harinihegde/Downloads/crowd_panic/Normal/VID-20250924-WA0037_clip_095.mp4,Normal,30.0,150,640,360,5.0,train
/Users/harinihegde/Downloads/crowd_panic/Normal/VID-20250924-WA0037_clip_096.mp4,Normal,30.0,150,640,360,5.0,train
/Users/harinihegde/Downloads/crowd_panic/Normal/VID-20250924-WA0037_clip_097.mp4,Normal,30.0,150,640,360,5.0,train
/Users/harinihegde/Downloads/crowd_panic/Normal/VID-20250924-WA0037_clip_098.mp4,Normal,30.0,150,640,360,5.0,train
/Users/harinihegde/Downloads/crowd_panic/Normal/VID-20250924-WA0037_clip_099.mp4,Normal,30.0,150,640,360,5.0,train
/Users/harinihegde/Downloads/crowd_panic/Normal/VID-20250924-WA0037_clip_100.mp4,Normal,30.0,150,640,360,5.0,test
/Users/harinihegde/Downloads/crowd_panic/Normal/VID-20250924-WA0037_clip_101.mp4,Normal,30.0,150,640,360,5.0,train
/Users/harinihegde/Downloads/crowd_panic/Normal/VID-20250924-WA0037_clip_102.mp4,Normal,30.0,150,640,360,5.0,train
/Users/harinihegde/Downloads/crowd_panic/Normal/VID-20250924-WA0037_clip_103.mp4,Normal,30.0,150,640,360,5.0,train
/Users/harinihegde/Downloads/crowd_panic/Normal/VID-20250924-WA0037_clip_104.mp4,Normal,30.0,150,640,360,5.0,train
/Users/harinihegde/Downloads/crowd_panic/Normal/VID-20250924-WA0037_clip_105.mp4,Normal,30.0,150,640,360,5.0,train
/Users/harinihegde/Downloads/crowd_panic/Normal/VID-20250924-WA0037_clip_106.mp4,Normal,30.0,150,640,360,5.0,test
/Users/harinihegde/Downloads/crowd_panic/Normal/VID-20250924-WA0037_clip_107.mp4,Normal,30.0,150,640,360,5.0,test
/Users/harinihegde/Downloads/crowd_panic/Normal/VID-20250924-WA0037_clip_108.mp4,Normal,30.0,150,640,360,5.0,test
/Users/harinihegde/Downloads/crowd_panic/Normal/VID-20250924-WA0037_clip_109.mp4,Normal,30.0,150,640,360,5.0,train
/Users/harinihegde/Downloads/crowd_panic/Normal/VID-20250924-WA0037_clip_110.mp4,Normal,30.0,150,640,360,5.0,train
/Users/harinihegde/Downloads/crowd_panic/Normal/VID-20250924-WA0037_clip_111.mp4,Normal,30.0,150,640,360,5.0,train
/Users/harinihegde/Downloads/crowd_panic/Normal/VID-20250924-WA0037_clip_112.mp4,Normal,30.0,150,640,360,5.0,train
/Users/harinihegde/Downloads/crowd_panic/Normal/VID-20250924-WA0037_clip_113.mp4,Normal,30.0,150,640,360,5.0,train
/Users/harinihegde/Downloads/crowd_panic/Normal/VID-20250924-WA0037_clip_114.mp4,Normal,30.0,150,640,360,5.0,train
/Users/harinihegde/Downloads/crowd_panic/Normal/VID-20250924-WA0037_clip_115.mp4,Normal,30.0,150,640,360,5.0,test
/Users/harinihegde/Downloads/crowd_panic/Normal/VID-20250924-WA0037_clip_116.mp4,Normal,30.0,150,640,360,5.0,train
/Users/harinihegde/Downloads/crowd_panic/Normal/VID-20250924-WA0037_clip_117.mp4,Normal,30.0,150,640,360,5.0,train
/Users/harinihegde/Downloads/crowd_panic/Normal/VID-20250924-WA0037_clip_118.mp4,Normal,30.0,150,640,360,5.0,train
/Users/harinihegde/Downloads/crowd_panic/Normal/VID-20250924-WA0037_clip_119.mp4,Normal,30.0,150,640,360,5.0,train
/Users/harinihegde/Downloads/crowd_panic/Normal/VID-20250924-WA0037_clip_120.mp4,Normal,30.0,150,640,360,5.0,test
/Users/harinihegde/Downloads/crowd_panic/Normal/VID-20250924-WA0037_clip_121.mp4,Normal,30.0,150,640,360,5.0,train
/Users/harinihegde/Downloads/crowd_panic/Normal/VID-20250924-WA0037_clip_122.mp4,Normal,30.0,150,640,360,5.0,test
/Users/harinihegde/Downloads/crowd_panic/Normal/VID-20250924-WA0037_clip_123.mp4,Normal,30.0,150,640,360,5.0,train
/Users/harinihegde/Downloads/crowd_panic/Normal/VID-20250924-WA0037_clip_124.mp4,Normal,30.0,150,640,360,5.0,train
/Users/harinihegde/Downloads/crowd_panic/Normal/VID-20250924-WA0037_clip_125.mp4,Normal,30.0,150,640,360,5.0,train
/Users/harinihegde/Downloads/crowd_panic/Normal/VID-20250924-WA0037_clip_126.mp4,Normal,30.0,150,640,360,5.0,train
/Users/harinihegde/Downloads/crowd_panic/Normal/VID-20250924-WA0037_clip_127.mp4,Normal,30.0,150,640,360,5.0,train
/Users/harinihegde/Downloads/crowd_panic/Normal/VID-20250924-WA0037_clip_141.mp4,Normal,30.0,150,640,360,5.0,train
/Users/harinihegde/Downloads/crowd_panic/Normal/VID-20250924-WA0037_clip_142.mp4,Normal,30.0,150,640,360,5.0,train
/Users/harinihegde/Downloads/crowd_panic/Normal/VID-20250924-WA0037_clip_143.mp4,Normal,30.0,150,640,360,5.0,train
/Users/harinihegde/Downloads/crowd_panic/Normal/VID-20250924-WA0037_clip_144.mp4,Normal,30.0,150,640,360,5.0,train
/Users/harinihegde/Downloads/crowd_panic/Normal/VID-20250924-WA0037_clip_145.mp4,Normal,30.0,150,640,360,5.0,train
/Users/harinihegde/Downloads/crowd_panic/Normal/VID-20250924-WA0037_clip_146.mp4,Normal,30.0,150,640,360,5.0,train
/Users/harinihegde/Downloads/crowd_panic/Normal/VID-20250924-WA0037_clip_147.mp4,Normal,30.0,150,640,360,5.0,train
/Users/harinihegde/Downloads/crowd_panic/Normal/VID-20250924-WA0037_clip_148.mp4,Normal,30.0,150,640,360,5.0,test
/Users/harinihegde/Downloads/crowd_panic/Normal/VID-20250924-WA0037_clip_149.mp4,Normal,30.0,150,640,360,5.0,train
/Users/harinihegde/Downloads/crowd_panic/Normal/VID-20250924-WA0037_clip_155.mp4,Normal,30.0,150,640,360,5.0,train
/Users/harinihegde/Downloads/crowd_panic/Normal/VID-20250924-WA0037_clip_156.mp4,Normal,30.0,150,640,360,5.0,train
/Users/harinihegde/Downloads/crowd_panic/Normal/VID-20250924-WA0037_clip_157.mp4,Normal,30.0,150,640,360,5.0,train
/Users/harinihegde/Downloads/crowd_panic/Normal/VID-20250924-WA0037_clip_158.mp4,Normal,30.0,150,640,360,5.0,train
/Users/harinihegde/Downloads/crowd_panic/Normal/VID-20250924-WA0037_clip_159.mp4,Normal,30.0,150,640,360,5.0,train
/Users/harinihegde/Downloads/crowd_panic/Normal/VID-20250924-WA0037_clip_160.mp4,Normal,30.0,150,640,360,5.0,test
/Users/harinihegde/Downloads/crowd_panic/Normal/VID-20250924-WA0037_clip_161.mp4,Normal,30.0,150,640,360,5.0,train
/Users/harinihegde/Downloads/crowd_panic/Normal/VID-20250924-WA0037_clip_162.mp4,Normal,30.0,150,640,360,5.0,train
/Users/harinihegde/Downloads/crowd_panic/Normal/VID-20250924-WA0037_clip_163.mp4,Normal,30.0,150,640,360,5.0,train
/Users/harinihegde/Downloads/crowd_panic/Normal/VID-20250924-WA0037_clip_164.mp4,Normal,30.0,150,640,360,5.0,train
/Users/harinihegde/Downloads/crowd_panic/Normal/VID-20250924-WA0037_clip_165.mp4,Normal,30.0,150,640,360,5.0,train
/Users/harinihegde/Downloads/crowd_panic/Normal/VID-20250924-WA0037_clip_166.mp4,Normal,30.0,150,640,360,5.0,train
/Users/harinihegde/Downloads/crowd_panic/Normal/VID-20250924-WA0037_clip_167.mp4,Normal,30.0,150,640,360,5.0,train
/Users/harinihegde/Downloads/crowd_panic/Normal/VID-20250924-WA0037_clip_168.mp4,Normal,30.0,150,640,360,5.0,train
/Users/harinihegde/Downloads/crowd_panic/Normal/VID-20250924-WA0037_clip_169.mp4,Normal,30.0,150,640,360,5.0,train
/Users/harinihegde/Downloads/crowd_panic/Normal/VID-20250924-WA0037_clip_170.mp4,Normal,30.0,150,640,360,5.0,train
/Users/harinihegde/Downloads/crowd_panic/Normal/VID-20250924-WA0037_clip_171.mp4,Normal,30.0,150,640,360,5.0,train
/Users/harinihegde/Downloads/crowd_panic/Normal/VID-20250924-WA0037_clip_172.mp4,Normal,30.0,150,640,360,5.0,test
/Users/harinihegde/Downloads/crowd_panic/Normal/VID-20250924-WA0037_clip_173.mp4,Normal,30.0,150,640,360,5.0,train
/Users/harinihegde/Downloads/crowd_panic/Normal/VID-20250924-WA0037_clip_174.mp4,Normal,30.0,150,640,360,5.0,test
/Users/harinihegde/Downloads/crowd_panic/Normal/VID-20250924-WA0037_clip_175.mp4,Normal,30.0,150,640,360,5.0,train
/Users/harinihegde/Downloads/crowd_panic/Normal/VID-20250924-WA0037_clip_176.mp4,Normal,30.0,150,640,360,5.0,train
/Users/harinihegde/Downloads/crowd_panic/Normal/VID-20250924-WA0037_clip_177.mp4,Normal,30.0,150,640,360,5.0,train
/Users/harinihegde/Downloads/crowd_panic/Normal/VID-20250924-WA0037_clip_178.mp4,Normal,30.0,150,640,360,5.0,train
/Users/harinihegde/Downloads/crowd_panic/Normal/VID-20250924-WA0037_clip_179.mp4,Normal,30.0,150,640,360,5.0,train
/Users/harinihegde/Downloads/crowd_panic/Normal/VID-20250924-WA0037_clip_180.mp4,Normal,30.0,150,640,360,5.0,train
/Users/harinihegde/Downloads/crowd_panic/Normal/VID-20250924-WA0037_clip_181.mp4,Normal,30.0,150,640,360,5.0,train
/Users/harinihegde/Downloads/crowd_panic/Normal/VID-20250924-WA0037_clip_182.mp4,Normal,30.0,150,640,360,5.0,train
/Users/harinihegde/Downloads/crowd_panic/Normal/VID-20250924-WA0037_clip_183.mp4,Normal,30.0,150,640,360,5.0,train
/Users/harinihegde/Downloads/crowd_panic/Normal/VID-20250924-WA0037_clip_184.mp4,Normal,30.0,150,640,360,5.0,train
/Users/harinihegde/Downloads/crowd_panic/Normal/VID-20250924-WA0037_clip_185.mp4,Normal,30.0,150,640,360,5.0,train
/Users/harinihegde/Downloads/crowd_panic/Normal/VID-20250924-WA0037_clip_186.mp4,Normal,30.0,150,640,360,5.0,train
/Users/harinihegde/Downloads/crowd_panic/Normal/VID-20250924-WA0037_clip_187.mp4,Normal,30.0,150,640,360,5.0,train
/Users/harinihegde/Downloads/crowd_panic/Normal/VID-20250924-WA0037_clip_188.mp4,Normal,30.0,150,640,360,5.0,train
/Users/harinihegde/Downloads/crowd_panic/Normal/VID-20250924-WA0037_clip_189.mp4,Normal,30.0,150,640,360,5.0,train
/Users/harinihegde/Downloads/crowd_panic/Normal/VID-20250924-WA0037_clip_190.mp4,Normal,30.0,150,640,360,5.0,train
/Users/harinihegde/Downloads/crowd_panic/Normal/VID-20250924-WA0037_clip_195.mp4,Normal,30.0,150,640,360,5.0,train
/Users/harinihegde/Downloads/crowd_panic/Normal/VID-20250924-WA0037_clip_196.mp4,Normal,30.0,150,640,360,5.0,train
/Users/harinihegde/Downloads/crowd_panic/Normal/VID-20250924-WA0037_clip_197.mp4,Normal,30.0,150,640,360,5.0,train
/Users/harinihegde/Downloads/crowd_panic/Normal/VID-20251025-WA0004_clip_001.mp4,Normal,25.0,125,640,360,5.0,train
/Users/harinihegde/Downloads/crowd_panic/Normal/VID-20251025-WA0004_clip_002.mp4,Normal,25.0,125,640,360,5.0,train
/Users/harinihegde/Downloads/crowd_panic/Normal/VID-20251025-WA0004_clip_003.mp4,Normal,25.0,125,640,360,5.0,test
/Users/harinihegde/Downloads/crowd_panic/Normal/VID-20251025-WA0004_clip_004.mp4,Normal,25.0,125,640,360,5.0,test
/Users/harinihegde/Downloads/crowd_panic/Normal/VID-20251025-WA0004_clip_005.mp4,Normal,25.0,150,640,360,6.0,test
/Users/harinihegde/Downloads/crowd_panic/Normal/VID-20251025-WA0004_clip_006.mp4,Normal,25.0,100,640,360,4.0,test
/Users/harinihegde/Downloads/crowd_panic/Normal/VID-20251025-WA0006_clip_007.mp4,Normal,29.97,150,640,360,5.005005005005005,test
/Users/harinihegde/Downloads/crowd_panic/Normal/VID-20251025-WA0006_clip_008.mp4,Normal,29.97,150,640,360,5.005005005005005,test
/Users/harinihegde/Downloads/crowd_panic/Normal/VID-20251025-WA0006_clip_009.mp4,Normal,29.97,150,640,360,5.005005005005005,train
/Users/harinihegde/Downloads/crowd_panic/Normal/VID-20251025-WA0006_clip_011.mp4,Normal,29.97,150,640,360,5.005005005005005,train
/Users/harinihegde/Downloads/crowd_panic/Normal/VID-20251025-WA0006_clip_012.mp4,Normal,29.97,150,640,360,5.005005005005005,train
/Users/harinihegde/Downloads/crowd_panic/Normal/VID-20251025-WA0006_clip_013.mp4,Normal,29.97,150,640,360,5.005005005005005,train
/Users/harinihegde/Downloads/crowd_panic/Normal/VID-20251025-WA0006_clip_014.mp4,Normal,29.97,150,640,360,5.005005005005005,train
/Users/harinihegde/Downloads/crowd_panic/Normal/VID-20251025-WA0006_clip_015.mp4,Normal,29.97,150,640,360,5.005005005005005,train
/Users/harinihegde/Downloads/crowd_panic/Normal/VID-20251025-WA0006_clip_016.mp4,Normal,29.97,150,640,360,5.005005005005005,train
/Users/harinihegde/Downloads/crowd_panic/Normal/VID-20251025-WA0006_clip_017.mp4,Normal,29.97,150,640,360,5.005005005005005,train
/Users/harinihegde/Downloads/crowd_panic/Normal/VID-20251025-WA0006_clip_018.mp4,Normal,29.97,150,640,360,5.005005005005005,train
/Users/harinihegde/Downloads/crowd_panic/Normal/VID-20251025-WA0006_clip_019.mp4,Normal,29.97,150,640,360,5.005005005005005,train
/Users/harinihegde/Downloads/crowd_panic/Normal/VID-20251025-WA0006_clip_020.mp4,Normal,29.97,150,640,360,5.005005005005005,test
/Users/harinihegde/Downloads/crowd_panic/Normal/VID-20251025-WA0006_clip_021.mp4,Normal,29.97,150,640,360,5.005005005005005,train
/Users/harinihegde/Downloads/crowd_panic/Normal/VID-20251025-WA0006_clip_022.mp4,Normal,29.97,150,640,360,5.005005005005005,train
/Users/harinihegde/Downloads/crowd_panic/Normal/VID-20251025-WA0006_clip_023.mp4,Normal,29.97,150,640,360,5.005005005005005,train
/Users/harinihegde/Downloads/crowd_panic/Normal/VID-20251025-WA0006_clip_024.mp4,Normal,29.97,150,640,360,5.005005005005005,train
/Users/harinihegde/Downloads/crowd_panic/Normal/VID-20251025-WA0006_clip_025.mp4,Normal,29.97,150,640,360,5.005005005005005,train
/Users/harinihegde/Downloads/crowd_panic/Normal/VID-20251025-WA0006_clip_026.mp4,Normal,29.97,150,640,360,5.005005005005005,train
/Users/harinihegde/Downloads/crowd_panic/Normal/VID-20251025-WA0006_clip_027.mp4,Normal,29.97,150,640,360,5.005005005005005,train
/Users/harinihegde/Downloads/crowd_panic/Normal/VID-20251025-WA0006_clip_028.mp4,Normal,29.97,150,640,360,5.005005005005005,test
/Users/harinihegde/Downloads/crowd_panic/Normal/VID-20251025-WA0006_clip_029.mp4,Normal,29.97,150,640,360,5.005005005005005,test
/Users/harinihegde/Downloads/crowd_panic/Normal/VID-20251025-WA0006_clip_033.mp4,Normal,29.97,150,640,360,5.005005005005005,test
/Users/harinihegde/Downloads/crowd_panic/Normal/VID-20251025-WA0006_clip_040.mp4,Normal,29.97,150,640,360,5.005005005005005,test
/Users/harinihegde/Downloads/crowd_panic/Normal/VID-20251025-WA0006_clip_041.mp4,Normal,29.97,150,640,360,5.005005005005005,test
/Users/harinihegde/Downloads/crowd_panic/Normal/VID-20251025-WA0006_clip_042.mp4,Normal,29.97,150,640,360,5.005005005005005,train
/Users/harinihegde/Downloads/crowd_panic/Normal/VID-20251025-WA0006_clip_043.mp4,Normal,29.97,150,640,360,5.005005005005005,train
/Users/harinihegde/Downloads/crowd_panic/Normal/VID-20251025-WA0006_clip_044.mp4,Normal,29.97,150,640,360,5.005005005005005,test
/Users/harinihegde/Downloads/crowd_panic/Normal/VID-20251025-WA0006_clip_046.mp4,Normal,29.97,150,640,360,5.005005005005005,train
/Users/harinihegde/Downloads/crowd_panic/Normal/VID-20251025-WA0006_clip_047.mp4,Normal,29.97,150,640,360,5.005005005005005,train
/Users/harinihegde/Downloads/crowd_panic/Normal/VID-20251025-WA0006_clip_048.mp4,Normal,29.97,150,640,360,5.005005005005005,test
/Users/harinihegde/Downloads/crowd_panic/Normal/VID-20251025-WA0006_clip_049.mp4,Normal,29.97,150,640,360,5.005005005005005,train
/Users/harinihegde/Downloads/crowd_panic/Normal/VID-20251025-WA0006_clip_050.mp4,Normal,29.97,150,640,360,5.005005005005005,test
/Users/harinihegde/Downloads/crowd_panic/Normal/VID-20251025-WA0006_clip_051.mp4,Normal,29.97,150,640,360,5.005005005005005,train
/Users/harinihegde/Downloads/crowd_panic/Normal/VID-20251025-WA0006_clip_052.mp4,Normal,29.97,150,640,360,5.005005005005005,train
/Users/harinihegde/Downloads/crowd_panic/Normal/VID-20251025-WA0006_clip_053.mp4,Normal,29.97,150,640,360,5.005005005005005,test
/Users/harinihegde/Downloads/crowd_panic/Normal/VID-20251025-WA0006_clip_054.mp4,Normal,29.97,150,640,360,5.005005005005005,train
/Users/harinihegde/Downloads/crowd_panic/Normal/VID-20251025-WA0006_clip_055.mp4,Normal,29.97,150,640,360,5.005005005005005,train
/Users/harinihegde/Downloads/crowd_panic/Normal/VID-20251025-WA0006_clip_056.mp4,Normal,29.97,150,640,360,5.005005005005005,train
/Users/harinihegde/Downloads/crowd_panic/Normal/VID-20251025-WA0006_clip_116.mp4,Normal,29.97,150,640,360,5.005005005005005,train
/Users/harinihegde/Downloads/crowd_panic/Crowdy/VID-20250923-WA0008_clip_001.mp4,Crowdy,30.0,180,478,850,6.0,train
/Users/harinihegde/Downloads/crowd_panic/Crowdy/VID-20250923-WA0008_clip_002.mp4,Crowdy,30.0,210,478,850,7.0,train
/Users/harinihegde/Downloads/crowd_panic/Crowdy/VID-20250923-WA0010_clip_001.mp4,Crowdy,30.0,150,478,850,5.0,train
/Users/harinihegde/Downloads/crowd_panic/Crowdy/VID-20250923-WA0010_clip_002.mp4,Crowdy,30.0,150,478,850,5.0,train
/Users/harinihegde/Downloads/crowd_panic/Crowdy/VID-20250923-WA0011_clip_001.mp4,Crowdy,30.0,150,478,850,5.0,train
/Users/harinihegde/Downloads/crowd_panic/Crowdy/VID-20250923-WA0011_clip_002.mp4,Crowdy,30.0,150,478,850,5.0,train
/Users/harinihegde/Downloads/crowd_panic/Crowdy/VID-20250923-WA0011_clip_003.mp4,Crowdy,30.0,150,478,850,5.0,train
/Users/harinihegde/Downloads/crowd_panic/Crowdy/VID-20250923-WA0012_clip_001.mp4,Crowdy,30.0,150,478,850,5.0,test
/Users/harinihegde/Downloads/crowd_panic/Crowdy/VID-20250923-WA0012_clip_002.mp4,Crowdy,30.0,180,478,850,6.0,train
/Users/harinihegde/Downloads/crowd_panic/Crowdy/VID-20250923-WA0012_clip_003.mp4,Crowdy,30.0,120,478,850,4.0,train
/Users/harinihegde/Downloads/crowd_panic/Crowdy/VID-20250923-WA0013_clip_001.mp4,Crowdy,30.0,150,478,850,5.0,test
/Users/harinihegde/Downloads/crowd_panic/Crowdy/VID-20250923-WA0013_clip_002.mp4,Crowdy,30.0,180,478,850,6.0,test
/Users/harinihegde/Downloads/crowd_panic/Crowdy/VID-20250923-WA0013_clip_003.mp4,Crowdy,30.0,180,478,850,6.0,train
/Users/harinihegde/Downloads/crowd_panic/Crowdy/VID-20250923-WA0014_clip_001.mp4,Crowdy,30.0,150,478,850,5.0,train
/Users/harinihegde/Downloads/crowd_panic/Crowdy/VID-20250923-WA0014_clip_002.mp4,Crowdy,30.0,180,478,850,6.0,train
/Users/harinihegde/Downloads/crowd_panic/Crowdy/VID-20250923-WA0014_clip_003.mp4,Crowdy,30.0,180,478,850,6.0,train
/Users/harinihegde/Downloads/crowd_panic/Crowdy/VID-20250923-WA0015_clip_001.mp4,Crowdy,30.0,150,478,850,5.0,test
/Users/harinihegde/Downloads/crowd_panic/Crowdy/VID-20250923-WA0015_clip_002.mp4,Crowdy,30.0,150,478,850,5.0,train
/Users/harinihegde/Downloads/crowd_panic/Crowdy/VID-20250923-WA0015_clip_003.mp4,Crowdy,30.0,180,478,850,6.0,train
/Users/harinihegde/Downloads/crowd_panic/Crowdy/VID-20250923-WA0015_clip_004.mp4,Crowdy,30.0,150,478,850,5.0,train
/Users/harinihegde/Downloads/crowd_panic/Crowdy/VID-20250923-WA0017_clip_001.mp4,Crowdy,30.0,150,478,850,5.0,train
/Users/harinihegde/Downloads/crowd_panic/Crowdy/VID-20250923-WA0017_clip_002.mp4,Crowdy,30.0,150,478,850,5.0,train
/Users/harinihegde/Downloads/crowd_panic/Crowdy/VID-20250923-WA0018_clip_001.mp4,Crowdy,30.0,180,478,850,6.0,train
/Users/harinihegde/Downloads/crowd_panic/Crowdy/VID-20250923-WA0018_clip_002.mp4,Crowdy,30.0,120,478,850,4.0,train
/Users/harinihegde/Downloads/crowd_panic/Crowdy/VID-20250923-WA0019_clip_001.mp4,Crowdy,30.0,150,478,850,5.0,train
/Users/harinihegde/Downloads/crowd_panic/Crowdy/VID-20250923-WA0019_clip_002.mp4,Crowdy,30.0,150,478,850,5.0,train
/Users/harinihegde/Downloads/crowd_panic/Crowdy/VID-20250923-WA0019_clip_003.mp4,Crowdy,30.0,150,478,850,5.0,train
/Users/harinihegde/Downloads/crowd_panic/Crowdy/VID-20250923-WA0019_clip_004.mp4,Crowdy,30.0,150,478,850,5.0,train
/Users/harinihegde/Downloads/crowd_panic/Crowdy/VID-20250923-WA0019_clip_005.mp4,Crowdy,30.0,180,478,850,6.0,train
/Users/harinihegde/Downloads/crowd_panic/Crowdy/VID-20250923-WA0019_clip_006.mp4,Crowdy,30.0,120,478,850,4.0,train
/Users/harinihegde/Downloads/crowd_panic/Crowdy/VID-20250923-WA0020_clip_001.mp4,Crowdy,30.0,150,478,850,5.0,train
/Users/harinihegde/Downloads/crowd_panic/Crowdy/VID-20250923-WA0020_clip_002.mp4,Crowdy,30.0,180,478,850,6.0,test
/Users/harinihegde/Downloads/crowd_panic/Crowdy/VID-20250923-WA0020_clip_003.mp4,Crowdy,30.0,150,478,850,5.0,train
/Users/harinihegde/Downloads/crowd_panic/Crowdy/VID-20250923-WA0021_clip_001.mp4,Crowdy,29.99,180,478,850,6.002000666888963,test
/Users/harinihegde/Downloads/crowd_panic/Crowdy/VID-20250923-WA0021_clip_002.mp4,Crowdy,29.99,120,478,850,4.001333777925976,train
/Users/harinihegde/Downloads/crowd_panic/Crowdy/VID-20250923-WA0022_clip_001.mp4,Crowdy,30.0,150,478,850,5.0,train
/Users/harinihegde/Downloads/crowd_panic/Crowdy/VID-20250923-WA0022_clip_002.mp4,Crowdy,30.0,150,478,850,5.0,test
/Users/harinihegde/Downloads/crowd_panic/Crowdy/VID-20250923-WA0022_clip_003.mp4,Crowdy,30.0,150,478,850,5.0,train
/Users/harinihegde/Downloads/crowd_panic/Crowdy/VID-20250923-WA0022_clip_004.mp4,Crowdy,30.0,150,478,850,5.0,train
/Users/harinihegde/Downloads/crowd_panic/Crowdy/VID-20250923-WA0022_clip_005.mp4,Crowdy,30.0,150,478,850,5.0,train
/Users/harinihegde/Downloads/crowd_panic/Crowdy/VID-20250923-WA0022_clip_006.mp4,Crowdy,30.0,180,478,850,6.0,test
/Users/harinihegde/Downloads/crowd_panic/Crowdy/VID-20250923-WA0022_clip_007.mp4,Crowdy,30.0,120,478,850,4.0,train
/Users/harinihegde/Downloads/crowd_panic/Crowdy/VID-20250923-WA0026_clip_001.mp4,Crowdy,30.0,150,478,850,5.0,train
/Users/harinihegde/Downloads/crowd_panic/Crowdy/VID-20250923-WA0026_clip_002.mp4,Crowdy,30.0,150,478,850,5.0,train
/Users/harinihegde/Downloads/crowd_panic/Crowdy/VID-20250923-WA0026_clip_003.mp4,Crowdy,30.0,180,478,850,6.0,train
/Users/harinihegde/Downloads/crowd_panic/Crowdy/VID-20250923-WA0026_clip_004.mp4,Crowdy,30.0,120,478,850,4.0,train
/Users/harinihegde/Downloads/crowd_panic/Crowdy/VID-20250923-WA0027_clip_001.mp4,Crowdy,30.0,180,478,850,6.0,test
/Users/harinihegde/Downloads/crowd_panic/Crowdy/VID-20250923-WA0027_clip_002.mp4,Crowdy,30.0,180,478,850,6.0,train
/Users/harinihegde/Downloads/crowd_panic/Crowdy/VID-20250923-WA0028_clip_001.mp4,Crowdy,30.0,180,478,850,6.0,test
/Users/harinihegde/Downloads/crowd_panic/Crowdy/VID-20250923-WA0028_clip_002.mp4,Crowdy,30.0,210,478,850,7.0,train
/Users/harinihegde/Downloads/crowd_panic/Crowdy/VID-20250923-WA0029_clip_001.mp4,Crowdy,29.97,150,478,850,5.005005005005005,train
/Users/harinihegde/Downloads/crowd_panic/Crowdy/VID-20250923-WA0029_clip_002.mp4,Crowdy,29.97,150,478,850,5.005005005005005,train
/Users/harinihegde/Downloads/crowd_panic/Crowdy/VID-20250923-WA0030_clip_001.mp4,Crowdy,30.0,150,478,850,5.0,test
/Users/harinihegde/Downloads/crowd_panic/Crowdy/VID-20250923-WA0030_clip_002.mp4,Crowdy,30.0,150,478,850,5.0,train
/Users/harinihegde/Downloads/crowd_panic/Crowdy/VID-20250923-WA0030_clip_003.mp4,Crowdy,30.0,150,478,850,5.0,test
/Users/harinihegde/Downloads/crowd_panic/Crowdy/VID-20250923-WA0030_clip_004.mp4,Crowdy,30.0,150,478,850,5.0,train
/Users/harinihegde/Downloads/crowd_panic/Crowdy/VID-20250923-WA0030_clip_005.mp4,Crowdy,30.0,180,478,850,6.0,train
/Users/harinihegde/Downloads/crowd_panic/Crowdy/VID-20250923-WA0030_clip_006.mp4,Crowdy,30.0,120,478,850,4.0,test
/Users/harinihegde/Downloads/crowd_panic/Crowdy/VID-20250923-WA0031_clip_001.mp4,Crowdy,30.0,150,478,850,5.0,train
/Users/harinihegde/Downloads/crowd_panic/Crowdy/VID-20250923-WA0031_clip_002.mp4,Crowdy,30.0,180,478,850,6.0,test
/Users/harinihegde/Downloads/crowd_panic/Crowdy/VID-20250923-WA0031_clip_003.mp4,Crowdy,30.0,120,478,850,4.0,test
/Users/harinihegde/Downloads/crowd_panic/Crowdy/VID-20250923-WA0032_clip_001.mp4,Crowdy,30.0,150,478,850,5.0,train
/Users/harinihegde/Downloads/crowd_panic/Crowdy/VID-20250923-WA0032_clip_002.mp4,Crowdy,30.0,150,478,850,5.0,train
/Users/harinihegde/Downloads/crowd_panic/Crowdy/VID-20250923-WA0032_clip_003.mp4,Crowdy,30.0,180,478,850,6.0,train
/Users/harinihegde/Downloads/crowd_panic/Crowdy/VID-20250923-WA0032_clip_004.mp4,Crowdy,30.0,210,478,850,7.0,train
/Users/harinihegde/Downloads/crowd_panic/Crowdy/VID-20250923-WA0033_clip_001.mp4,Crowdy,30.0,150,478,850,5.0,train
/Users/harinihegde/Downloads/crowd_panic/Crowdy/VID-20250923-WA0033_clip_002.mp4,Crowdy,30.0,150,478,850,5.0,train
/Users/harinihegde/Downloads/crowd_panic/Crowdy/VID-20250923-WA0034_clip_001.mp4,Crowdy,30.0,150,478,850,5.0,train
/Users/harinihegde/Downloads/crowd_panic/Crowdy/VID-20250923-WA0034_clip_002.mp4,Crowdy,30.0,150,478,850,5.0,train
/Users/harinihegde/Downloads/crowd_panic/Crowdy/VID-20250923-WA0034_clip_003.mp4,Crowdy,30.0,150,478,850,5.0,train
/Users/harinihegde/Downloads/crowd_panic/Crowdy/VID-20250923-WA0034_clip_004.mp4,Crowdy,30.0,150,478,850,5.0,train
/Users/harinihegde/Downloads/crowd_panic/Crowdy/VID-20250923-WA0034_clip_005.mp4,Crowdy,30.0,150,478,850,5.0,train
/Users/harinihegde/Downloads/crowd_panic/Crowdy/VID-20250923-WA0034_clip_006.mp4,Crowdy,30.0,150,478,850,5.0,train
/Users/harinihegde/Downloads/crowd_panic/Crowdy/VID-20250923-WA0034_clip_007.mp4,Crowdy,30.0,180,478,850,6.0,test
/Users/harinihegde/Downloads/crowd_panic/Crowdy/VID-20250923-WA0034_clip_008.mp4,Crowdy,30.0,180,478,850,6.0,train
/Users/harinihegde/Downloads/crowd_panic/Crowdy/VID-20250924-WA0001_clip_001.mp4,Crowdy,29.07,146,288,640,5.022359821121431,train
/Users/harinihegde/Downloads/crowd_panic/Crowdy/VID-20250924-WA0001_clip_002.mp4,Crowdy,29.07,175,288,640,6.019951840385277,train
/Users/harinihegde/Downloads/crowd_panic/Crowdy/VID-20250924-WA0001_clip_003.mp4,Crowdy,29.07,175,288,640,6.019951840385277,train
/Users/harinihegde/Downloads/crowd_panic/Crowdy/VID-20250924-WA0003_clip_001.mp4,Crowdy,29.88,150,360,640,5.020080321285141,train
/Users/harinihegde/Downloads/crowd_panic/Crowdy/VID-20250924-WA0003_clip_002.mp4,Crowdy,29.88,180,360,640,6.024096385542169,train
/Users/harinihegde/Downloads/crowd_panic/Crowdy/VID-20250924-WA0003_clip_003.mp4,Crowdy,29.88,120,360,640,4.016064257028113,train
/Users/harinihegde/Downloads/crowd_panic/Crowdy/VID-20250924-WA0004_clip_001.mp4,Crowdy,30.0,180,360,640,6.0,train
/Users/harinihegde/Downloads/crowd_panic/Crowdy/VID-20250924-WA0004_clip_002.mp4,Crowdy,30.0,150,360,640,5.0,train
/Users/harinihegde/Downloads/crowd_panic/Crowdy/VID-20250924-WA0005_clip_001.mp4,Crowdy,29.97,180,640,360,6.0060060060060065,train
/Users/harinihegde/Downloads/crowd_panic/Crowdy/VID-20250924-WA0005_clip_002.mp4,Crowdy,29.97,210,640,360,7.007007007007007,test
/Users/harinihegde/Downloads/crowd_panic/Crowdy/VID-20250924-WA0008_clip_001.mp4,Crowdy,30.0,150,640,360,5.0,train
/Users/harinihegde/Downloads/crowd_panic/Crowdy/VID-20250924-WA0008_clip_002.mp4,Crowdy,30.0,150,640,360,5.0,train
/Users/harinihegde/Downloads/crowd_panic/Crowdy/VID-20250924-WA0008_clip_003.mp4,Crowdy,30.0,150,640,360,5.0,test
/Users/harinihegde/Downloads/crowd_panic/Crowdy/VID-20250924-WA0008_clip_004.mp4,Crowdy,30.0,150,640,360,5.0,test
/Users/harinihegde/Downloads/crowd_panic/Crowdy/VID-20250924-WA0008_clip_005.mp4,Crowdy,30.0,150,640,360,5.0,test
/Users/harinihegde/Downloads/crowd_panic/Crowdy/VID-20250924-WA0008_clip_006.mp4,Crowdy,30.0,180,640,360,6.0,train
/Users/harinihegde/Downloads/crowd_panic/Crowdy/VID-20250924-WA0008_clip_007.mp4,Crowdy,30.0,180,640,360,6.0,test
/Users/harinihegde/Downloads/crowd_panic/Crowdy/VID-20250924-WA0013_clip_002.mp4,Crowdy,25.0,125,360,640,5.0,test
/Users/harinihegde/Downloads/crowd_panic/Crowdy/VID-20250924-WA0013_clip_003.mp4,Crowdy,25.0,125,360,640,5.0,train
/Users/harinihegde/Downloads/crowd_panic/Crowdy/VID-20250924-WA0013_clip_004.mp4,Crowdy,25.0,125,360,640,5.0,train
/Users/harinihegde/Downloads/crowd_panic/Crowdy/VID-20250924-WA0013_clip_005.mp4,Crowdy,25.0,125,360,640,5.0,train
/Users/harinihegde/Downloads/crowd_panic/Crowdy/VID-20250924-WA0013_clip_006.mp4,Crowdy,25.0,125,360,640,5.0,test
/Users/harinihegde/Downloads/crowd_panic/Crowdy/VID-20250924-WA0013_clip_007.mp4,Crowdy,25.0,150,360,640,6.0,train
/Users/harinihegde/Downloads/crowd_panic/Crowdy/VID-20250924-WA0013_clip_008.mp4,Crowdy,25.0,125,360,640,5.0,train
/Users/harinihegde/Downloads/crowd_panic/Crowdy/VID-20250924-WA0017_clip_015.mp4,Crowdy,29.97,150,640,360,5.005005005005005,train
/Users/harinihegde/Downloads/crowd_panic/Crowdy/VID-20250924-WA0017_clip_016.mp4,Crowdy,29.97,150,640,360,5.005005005005005,train
/Users/harinihegde/Downloads/crowd_panic/Crowdy/VID-20250924-WA0017_clip_017.mp4,Crowdy,29.97,150,640,360,5.005005005005005,train
/Users/harinihegde/Downloads/crowd_panic/Crowdy/VID-20250924-WA0037_clip_005.mp4,Crowdy,30.0,150,640,360,5.0,train
/Users/harinihegde/Downloads/crowd_panic/Crowdy/VID-20250924-WA0037_clip_006.mp4,Crowdy,30.0,150,640,360,5.0,train
/Users/harinihegde/Downloads/crowd_panic/Crowdy/VID-20250924-WA0037_clip_011.mp4,Crowdy,30.0,150,640,360,5.0,train
/Users/harinihegde/Downloads/crowd_panic/Crowdy/VID-20250924-WA0037_clip_012.mp4,Crowdy,30.0,150,640,360,5.0,test
/Users/harinihegde/Downloads/crowd_panic/Crowdy/VID-20250924-WA0037_clip_014.mp4,Crowdy,30.0,150,640,360,5.0,train
/Users/harinihegde/Downloads/crowd_panic/Crowdy/VID-20250924-WA0037_clip_015.mp4,Crowdy,30.0,150,640,360,5.0,train
/Users/harinihegde/Downloads/crowd_panic/Crowdy/VID-20250924-WA0037_clip_047.mp4,Crowdy,30.0,150,640,360,5.0,train
/Users/harinihegde/Downloads/crowd_panic/Crowdy/VID-20250924-WA0037_clip_048.mp4,Crowdy,30.0,150,640,360,5.0,train
/Users/harinihegde/Downloads/crowd_panic/Crowdy/VID-20250924-WA0037_clip_049.mp4,Crowdy,30.0,150,640,360,5.0,train
/Users/harinihegde/Downloads/crowd_panic/Crowdy/VID-20250924-WA0037_clip_050.mp4,Crowdy,30.0,150,640,360,5.0,train
/Users/harinihegde/Downloads/crowd_panic/Crowdy/VID-20250924-WA0037_clip_051.mp4,Crowdy,30.0,150,640,360,5.0,train
/Users/harinihegde/Downloads/crowd_panic/Crowdy/VID-20250924-WA0037_clip_052.mp4,Crowdy,30.0,150,640,360,5.0,train
/Users/harinihegde/Downloads/crowd_panic/Crowdy/VID-20250924-WA0037_clip_128.mp4,Crowdy,30.0,150,640,360,5.0,train
/Users/harinihegde/Downloads/crowd_panic/Crowdy/VID-20250924-WA0037_clip_129.mp4,Crowdy,30.0,150,640,360,5.0,train
/Users/harinihegde/Downloads/crowd_panic/Crowdy/VID-20250924-WA0037_clip_130.mp4,Crowdy,30.0,150,640,360,5.0,train
/Users/harinihegde/Downloads/crowd_panic/Crowdy/VID-20250924-WA0037_clip_131.mp4,Crowdy,30.0,150,640,360,5.0,train
/Users/harinihegde/Downloads/crowd_panic/Crowdy/VID-20250924-WA0037_clip_132.mp4,Crowdy,30.0,150,640,360,5.0,train
/Users/harinihegde/Downloads/crowd_panic/Crowdy/VID-20250924-WA0037_clip_133.mp4,Crowdy,30.0,150,640,360,5.0,train
/Users/harinihegde/Downloads/crowd_panic/Crowdy/VID-20250924-WA0037_clip_134.mp4,Crowdy,30.0,150,640,360,5.0,train
/Users/harinihegde/Downloads/crowd_panic/Crowdy/VID-20250924-WA0037_clip_135.mp4,Crowdy,30.0,150,640,360,5.0,train
/Users/harinihegde/Downloads/crowd_panic/Crowdy/VID-20250924-WA0037_clip_136.mp4,Crowdy,30.0,150,640,360,5.0,train
/Users/harinihegde/Downloads/crowd_panic/Crowdy/VID-20250924-WA0037_clip_137.mp4,Crowdy,30.0,150,640,360,5.0,train
/Users/harinihegde/Downloads/crowd_panic/Crowdy/VID-20250924-WA0037_clip_138.mp4,Crowdy,30.0,150,640,360,5.0,train
/Users/harinihegde/Downloads/crowd_panic/Crowdy/VID-20250924-WA0037_clip_139.mp4,Crowdy,30.0,150,640,360,5.0,test
/Users/harinihegde/Downloads/crowd_panic/Crowdy/VID-20250924-WA0037_clip_140.mp4,Crowdy,30.0,150,640,360,5.0,train
/Users/harinihegde/Downloads/crowd_panic/Crowdy/VID-20250924-WA0037_clip_150.mp4,Crowdy,30.0,150,640,360,5.0,test
/Users/harinihegde/Downloads/crowd_panic/Crowdy/VID-20250924-WA0037_clip_151.mp4,Crowdy,30.0,150,640,360,5.0,train
/Users/harinihegde/Downloads/crowd_panic/Crowdy/VID-20250924-WA0037_clip_152.mp4,Crowdy,30.0,150,640,360,5.0,train
/Users/harinihegde/Downloads/crowd_panic/Crowdy/VID-20250924-WA0037_clip_153.mp4,Crowdy,30.0,150,640,360,5.0,train
/Users/harinihegde/Downloads/crowd_panic/Crowdy/VID-20250924-WA0037_clip_154.mp4,Crowdy,30.0,150,640,360,5.0,train
/Users/harinihegde/Downloads/crowd_panic/Crowdy/VID-20250924-WA0037_clip_191.mp4,Crowdy,30.0,150,640,360,5.0,train
/Users/harinihegde/Downloads/crowd_panic/Crowdy/VID-20250924-WA0037_clip_192.mp4,Crowdy,30.0,150,640,360,5.0,train
/Users/harinihegde/Downloads/crowd_panic/Crowdy/VID-20250924-WA0037_clip_193.mp4,Crowdy,30.0,150,640,360,5.0,train
/Users/harinihegde/Downloads/crowd_panic/Crowdy/VID-20250924-WA0037_clip_194.mp4,Crowdy,30.0,150,640,360,5.0,test
/Users/harinihegde/Downloads/crowd_panic/Crowdy/WhatsApp Video 2025-09-23 at 18.49.03_90b78793_clip_072.mp4,Crowdy,29.97,60,720,1280,2.002002002002002,train
/Users/harinihegde/Downloads/crowd_panic/Crowdy/WhatsApp Video 2025-09-23 at 18.49.04_ad5c6978_clip_001.mp4,Crowdy,30.0,150,480,854,5.0,train
/Users/harinihegde/Downloads/crowd_panic/Crowdy/WhatsApp Video 2025-09-23 at 18.49.04_d6799d0a_clip_001.mp4,Crowdy,30.0,150,480,848,5.0,train
/Users/harinihegde/Downloads/crowd_panic/Crowdy/WhatsApp Video 2025-09-23 at 18.49.04_d6799d0a_clip_002.mp4,Crowdy,30.0,150,480,848,5.0,train
/Users/harinihegde/Downloads/crowd_panic/Crowdy/WhatsApp Video 2025-09-23 at 18.49.04_d6799d0a_clip_003.mp4,Crowdy,30.0,150,480,848,5.0,train
/Users/harinihegde/Downloads/crowd_panic/Crowdy/WhatsApp Video 2025-09-23 at 18.49.36_79697ff5_clip_001.mp4,Crowdy,60.0,300,364,850,5.0,test
/Users/harinihegde/Downloads/crowd_panic/Crowdy/WhatsApp Video 2025-09-23 at 18.49.36_79697ff5_clip_002.mp4,Crowdy,60.0,300,364,850,5.0,train
/Users/harinihegde/Downloads/crowd_panic/Crowdy/WhatsApp Video 2025-09-23 at 18.49.36_79697ff5_clip_003.mp4,Crowdy,60.0,300,364,850,5.0,test
/Users/harinihegde/Downloads/crowd_panic/Crowdy/WhatsApp Video 2025-09-23 at 18.49.36_79697ff5_clip_004.mp4,Crowdy,60.0,300,364,850,5.0,test
/Users/harinihegde/Downloads/crowd_panic/Crowdy/WhatsApp Video 2025-09-23 at 18.49.36_79697ff5_clip_005.mp4,Crowdy,60.0,300,364,850,5.0,train
/Users/harinihegde/Downloads/crowd_panic/Crowdy/WhatsApp Video 2025-09-23 at 18.49.36_79697ff5_clip_006.mp4,Crowdy,60.0,300,364,850,5.0,train
/Users/harinihegde/Downloads/crowd_panic/Crowdy/WhatsApp Video 2025-09-23 at 18.49.36_79697ff5_clip_007.mp4,Crowdy,60.0,300,364,850,5.0,train
/Users/harinihegde/Downloads/crowd_panic/Crowdy/WhatsApp Video 2025-09-23 at 18.49.36_79697ff5_clip_008.mp4,Crowdy,60.0,300,364,850,5.0,train
/Users/harinihegde/Downloads/crowd_panic/Crowdy/WhatsApp Video 2025-09-23 at 18.49.36_79697ff5_clip_009.mp4,Crowdy,60.0,300,364,850,5.0,train
/Users/harinihegde/Downloads/crowd_panic/Crowdy/WhatsApp Video 2025-09-23 at 18.49.36_79697ff5_clip_010.mp4,Crowdy,60.0,300,364,850,5.0,train
/Users/harinihegde/Downloads/crowd_panic/Crowdy/WhatsApp Video 2025-09-23 at 18.49.36_79697ff5_clip_011.mp4,Crowdy,60.0,300,364,850,5.0,test
/Users/harinihegde/Downloads/crowd_panic/Crowdy/WhatsApp Video 2025-09-23 at 18.49.36_79697ff5_clip_012.mp4,Crowdy,60.0,300,364,850,5.0,test
/Users/harinihegde/Downloads/crowd_panic/Crowdy/WhatsApp Video 2025-09-23 at 18.49.36_79697ff5_clip_013.mp4,Crowdy,60.0,300,364,850,5.0,train
/Users/harinihegde/Downloads/crowd_panic/Crowdy/WhatsApp Video 2025-09-23 at 18.49.36_79697ff5_clip_014.mp4,Crowdy,60.0,300,364,850,5.0,train
/Users/harinihegde/Downloads/crowd_panic/Crowdy/WhatsApp Video 2025-09-23 at 18.49.36_79697ff5_clip_015.mp4,Crowdy,60.0,300,364,850,5.0,train
/Users/harinihegde/Downloads/crowd_panic/Crowdy/WhatsApp Video 2025-09-23 at 18.49.36_79697ff5_clip_016.mp4,Crowdy,60.0,300,364,850,5.0,train
/Users/harinihegde/Downloads/crowd_panic/Crowdy/WhatsApp Video 2025-09-23 at 18.49.36_79697ff5_clip_017.mp4,Crowdy,60.0,300,364,850,5.0,train
/Users/harinihegde/Downloads/crowd_panic/Crowdy/WhatsApp Video 2025-09-23 at 18.49.36_79697ff5_clip_018.mp4,Crowdy,60.0,360,364,850,6.0,train
/Users/harinihegde/Downloads/crowd_panic/Panic/VID-20250923-WA0009_clip_001.mp4,Panic,30.0,180,478,850,6.0,train
/Users/harinihegde/Downloads/crowd_panic/Panic/VID-20250923-WA0009_clip_002.mp4,Panic,30.0,120,478,850,4.0,train
/Users/harinihegde/Downloads/crowd_panic/Panic/VID-20250923-WA0016_clip_001.mp4,Panic,30.0,180,478,850,6.0,train
/Users/harinihegde/Downloads/crowd_panic/Panic/VID-20250923-WA0023_clip_001.mp4,Panic,29.99,150,478,850,5.00166722240747,train
/Users/harinihegde/Downloads/crowd_panic/Panic/VID-20250923-WA0023_clip_002.mp4,Panic,29.99,150,478,850,5.00166722240747,train
/Users/harinihegde/Downloads/crowd_panic/Panic/VID-20250923-WA0023_clip_003.mp4,Panic,29.99,150,478,850,5.00166722240747,test
/Users/harinihegde/Downloads/crowd_panic/Panic/VID-20250923-WA0023_clip_004.mp4,Panic,29.99,150,478,850,5.00166722240747,train
/Users/harinihegde/Downloads/crowd_panic/Panic/VID-20250923-WA0023_clip_005.mp4,Panic,29.99,150,478,850,5.00166722240747,train
/Users/harinihegde/Downloads/crowd_panic/Panic/VID-20250923-WA0023_clip_006.mp4,Panic,29.99,150,478,850,5.00166722240747,train
/Users/harinihegde/Downloads/crowd_panic/Panic/VID-20250923-WA0023_clip_007.mp4,Panic,29.99,150,478,850,5.00166722240747,train
/Users/harinihegde/Downloads/crowd_panic/Panic/VID-20250923-WA0023_clip_008.mp4,Panic,29.99,150,478,850,5.00166722240747,test
/Users/harinihegde/Downloads/crowd_panic/Panic/VID-20250923-WA0023_clip_009.mp4,Panic,29.99,150,478,850,5.00166722240747,train
/Users/harinihegde/Downloads/crowd_panic/Panic/VID-20250923-WA0023_clip_010.mp4,Panic,29.99,150,478,850,5.00166722240747,train
/Users/harinihegde/Downloads/crowd_panic/Panic/VID-20250923-WA0023_clip_011.mp4,Panic,29.99,150,478,850,5.00166722240747,train
/Users/harinihegde/Downloads/crowd_panic/Panic/VID-20250923-WA0023_clip_012.mp4,Panic,29.99,150,478,850,5.00166722240747,train
/Users/harinihegde/Downloads/crowd_panic/Panic/VID-20250923-WA0023_clip_013.mp4,Panic,29.99,150,478,850,5.00166722240747,train
/Users/harinihegde/Downloads/crowd_panic/Panic/VID-20250923-WA0023_clip_014.mp4,Panic,29.99,150,478,850,5.00166722240747,train
/Users/harinihegde/Downloads/crowd_panic/Panic/VID-20250923-WA0023_clip_015.mp4,Panic,29.99,150,478,850,5.00166722240747,train
/Users/harinihegde/Downloads/crowd_panic/Panic/VID-20250923-WA0023_clip_016.mp4,Panic,29.99,150,478,850,5.00166722240747,train
/Users/harinihegde/Downloads/crowd_panic/Panic/VID-20250923-WA0023_clip_017.mp4,Panic,29.99,180,478,850,6.002000666888963,train
/Users/harinihegde/Downloads/crowd_panic/Panic/VID-20250923-WA0023_clip_018.mp4,Panic,29.99,120,478,850,4.001333777925976,train
/Users/harinihegde/Downloads/crowd_panic/Panic/VID-20250923-WA0024_clip_001.mp4,Panic,25.05,126,848,478,5.029940119760479,train
/Users/harinihegde/Downloads/crowd_panic/Panic/VID-20250923-WA0024_clip_002.mp4,Panic,25.05,126,848,478,5.029940119760479,train
/Users/harinihegde/Downloads/crowd_panic/Panic/VID-20250923-WA0024_clip_003.mp4,Panic,25.05,151,848,478,6.0279441117764465,train
/Users/harinihegde/Downloads/crowd_panic/Panic/VID-20250923-WA0024_clip_004.mp4,Panic,25.05,126,848,478,5.029940119760479,test
/Users/harinihegde/Downloads/crowd_panic/Panic/VID-20250923-WA0025_clip_001.mp4,Panic,30.0,150,478,850,5.0,train
/Users/harinihegde/Downloads/crowd_panic/Panic/VID-20250924-WA0009_clip_001.mp4,Panic,30.0,150,360,640,5.0,train
/Users/harinihegde/Downloads/crowd_panic/Panic/VID-20250924-WA0009_clip_002.mp4,Panic,30.0,180,360,640,6.0,test
/Users/harinihegde/Downloads/crowd_panic/Panic/VID-20250924-WA0009_clip_003.mp4,Panic,30.0,120,360,640,4.0,train
/Users/harinihegde/Downloads/crowd_panic/Panic/VID-20250924-WA0010_clip_001.mp4,Panic,25.0,125,360,640,5.0,train
/Users/harinihegde/Downloads/crowd_panic/Panic/VID-20250924-WA0010_clip_002.mp4,Panic,25.0,125,360,640,5.0,train
/Users/harinihegde/Downloads/crowd_panic/Panic/VID-20250924-WA0010_clip_003.mp4,Panic,25.0,125,360,640,5.0,train
/Users/harinihegde/Downloads/crowd_panic/Panic/VID-20250924-WA0010_clip_004.mp4,Panic,25.0,125,360,640,5.0,train
/Users/harinihegde/Downloads/crowd_panic/Panic/VID-20250924-WA0010_clip_005.mp4,Panic,25.0,125,360,640,5.0,test
/Users/harinihegde/Downloads/crowd_panic/Panic/VID-20250924-WA0010_clip_006.mp4,Panic,25.0,150,360,640,6.0,train
/Users/harinihegde/Downloads/crowd_panic/Panic/VID-20250924-WA0010_clip_007.mp4,Panic,25.0,175,360,640,7.0,train
/Users/harinihegde/Downloads/crowd_panic/Panic/VID-20250924-WA0011_clip_001.mp4,Panic,25.0,125,640,360,5.0,train
/Users/harinihegde/Downloads/crowd_panic/Panic/VID-20250924-WA0011_clip_002.mp4,Panic,25.0,125,640,360,5.0,train
/Users/harinihegde/Downloads/crowd_panic/Panic/VID-20250924-WA0011_clip_003.mp4,Panic,25.0,150,640,360,6.0,test
/Users/harinihegde/Downloads/crowd_panic/Panic/VID-20250924-WA0011_clip_004.mp4,Panic,25.0,175,640,360,7.0,train
/Users/harinihegde/Downloads/crowd_panic/Panic/VID-20250924-WA0012_clip_001.mp4,Panic,30.0,150,360,640,5.0,train
/Users/harinihegde/Downloads/crowd_panic/Panic/VID-20250924-WA0012_clip_002.mp4,Panic,30.0,180,360,640,6.0,train
/Users/harinihegde/Downloads/crowd_panic/Panic/VID-20250924-WA0012_clip_003.mp4,Panic,30.0,180,360,640,6.0,train
/Users/harinihegde/Downloads/crowd_panic/Panic/VID-20250924-WA0014_clip_001.mp4,Panic,29.97,150,270,480,5.005005005005005,train
/Users/harinihegde/Downloads/crowd_panic/Panic/VID-20250924-WA0014_clip_002.mp4,Panic,29.97,150,270,480,5.005005005005005,train
/Users/harinihegde/Downloads/crowd_panic/Panic/VID-20250924-WA0014_clip_003.mp4,Panic,29.97,180,270,480,6.0060060060060065,train
/Users/harinihegde/Downloads/crowd_panic/Panic/VID-20250924-WA0014_clip_004.mp4,Panic,29.97,180,270,480,6.0060060060060065,train
/Users/harinihegde/Downloads/crowd_panic/Panic/VID-20250924-WA0015_clip_001.mp4,Panic,25.0,125,360,640,5.0,train
/Users/harinihegde/Downloads/crowd_panic/Panic/VID-20250924-WA0015_clip_002.mp4,Panic,25.0,125,360,640,5.0,test
/Users/harinihegde/Downloads/crowd_panic/Panic/VID-20250924-WA0015_clip_003.mp4,Panic,25.0,125,360,640,5.0,train
/Users/harinihegde/Downloads/crowd_panic/Panic/VID-20250924-WA0015_clip_004.mp4,Panic,25.0,125,360,640,5.0,train
/Users/harinihegde/Downloads/crowd_panic/Panic/VID-20250924-WA0015_clip_005.mp4,Panic,25.0,125,360,640,5.0,train
/Users/harinihegde/Downloads/crowd_panic/Panic/VID-20250924-WA0015_clip_006.mp4,Panic,25.0,150,360,640,6.0,test
/Users/harinihegde/Downloads/crowd_panic/Panic/VID-20250924-WA0015_clip_007.mp4,Panic,25.0,100,360,640,4.0,train
/Users/harinihegde/Downloads/crowd_panic/Panic/VID-20250924-WA0016_clip_001.mp4,Panic,25.0,125,640,360,5.0,train
/Users/harinihegde/Downloads/crowd_panic/Panic/VID-20250924-WA0016_clip_002.mp4,Panic,25.0,125,640,360,5.0,train
/Users/harinihegde/Downloads/crowd_panic/Panic/VID-20250924-WA0016_clip_003.mp4,Panic,25.0,125,640,360,5.0,train
/Users/harinihegde/Downloads/crowd_panic/Panic/VID-20250924-WA0016_clip_004.mp4,Panic,25.0,125,640,360,5.0,train
/Users/harinihegde/Downloads/crowd_panic/Panic/VID-20250924-WA0016_clip_005.mp4,Panic,25.0,125,640,360,5.0,train
/Users/harinihegde/Downloads/crowd_panic/Panic/VID-20250924-WA0016_clip_006.mp4,Panic,25.0,125,640,360,5.0,train
/Users/harinihegde/Downloads/crowd_panic/Panic/VID-20250924-WA0016_clip_007.mp4,Panic,25.0,125,640,360,5.0,train
/Users/harinihegde/Downloads/crowd_panic/Panic/VID-20250924-WA0016_clip_008.mp4,Panic,25.0,125,640,360,5.0,train
/Users/harinihegde/Downloads/crowd_panic/Panic/VID-20250924-WA0016_clip_009.mp4,Panic,25.0,125,640,360,5.0,test
/Users/harinihegde/Downloads/crowd_panic/Panic/VID-20250924-WA0016_clip_010.mp4,Panic,25.0,125,640,360,5.0,train
/Users/harinihegde/Downloads/crowd_panic/Panic/VID-20250924-WA0016_clip_011.mp4,Panic,25.0,125,640,360,5.0,train
/Users/harinihegde/Downloads/crowd_panic/Panic/VID-20250924-WA0016_clip_012.mp4,Panic,25.0,125,640,360,5.0,train
/Users/harinihegde/Downloads/crowd_panic/Panic/VID-20250924-WA0016_clip_013.mp4,Panic,25.0,125,640,360,5.0,train
/Users/harinihegde/Downloads/crowd_panic/Panic/VID-20250924-WA0016_clip_014.mp4,Panic,25.0,125,640,360,5.0,train
/Users/harinihegde/Downloads/crowd_panic/Panic/VID-20250924-WA0016_clip_015.mp4,Panic,25.0,125,640,360,5.0,train
/Users/harinihegde/Downloads/crowd_panic/Panic/VID-20250924-WA0016_clip_016.mp4,Panic,25.0,125,640,360,5.0,train
/Users/harinihegde/Downloads/crowd_panic/Panic/VID-20250924-WA0016_clip_017.mp4,Panic,25.0,125,640,360,5.0,train
/Users/harinihegde/Downloads/crowd_panic/Panic/VID-20250924-WA0016_clip_018.mp4,Panic,25.0,125,640,360,5.0,train
/Users/harinihegde/Downloads/crowd_panic/Panic/VID-20250924-WA0016_clip_019.mp4,Panic,25.0,125,640,360,5.0,train
/Users/harinihegde/Downloads/crowd_panic/Panic/VID-20250924-WA0017_clip_020.mp4,Panic,29.97,150,640,360,5.005005005005005,train
/Users/harinihegde/Downloads/crowd_panic/Panic/VID-20250924-WA0017_clip_021.mp4,Panic,29.97,150,640,360,5.005005005005005,test
/Users/harinihegde/Downloads/crowd_panic/Panic/VID-20250924-WA0017_clip_022.mp4,Panic,29.97,150,640,360,5.005005005005005,train
/Users/harinihegde/Downloads/crowd_panic/Panic/VID-20250924-WA0017_clip_023.mp4,Panic,29.97,150,640,360,5.005005005005005,train
/Users/harinihegde/Downloads/crowd_panic/Panic/VID-20250924-WA0017_clip_024.mp4,Panic,29.97,150,640,360,5.005005005005005,train
/Users/harinihegde/Downloads/crowd_panic/Panic/VID-20250924-WA0017_clip_026.mp4,Panic,29.97,150,640,360,5.005005005005005,train
/Users/harinihegde/Downloads/crowd_panic/Panic/VID-20250924-WA0017_clip_027.mp4,Panic,29.97,150,640,360,5.005005005005005,train
/Users/harinihegde/Downloads/crowd_panic/Panic/VID-20250924-WA0017_clip_029.mp4,Panic,29.97,150,640,360,5.005005005005005,train
/Users/harinihegde/Downloads/crowd_panic/Panic/VID-20250924-WA0018_clip_005.mp4,Panic,15.0,75,640,360,5.0,test
/Users/harinihegde/Downloads/crowd_panic/Panic/VID-20250924-WA0018_clip_006.mp4,Panic,15.0,75,640,360,5.0,train
/Users/harinihegde/Downloads/crowd_panic/Panic/VID-20250924-WA0018_clip_007.mp4,Panic,15.0,75,640,360,5.0,train
/Users/harinihegde/Downloads/crowd_panic/Panic/VID-20250924-WA0018_clip_008.mp4,Panic,15.0,75,640,360,5.0,train
/Users/harinihegde/Downloads/crowd_panic/Panic/VID-20250924-WA0018_clip_009.mp4,Panic,15.0,75,640,360,5.0,train
/Users/harinihegde/Downloads/crowd_panic/Panic/VID-20250924-WA0018_clip_010.mp4,Panic,15.0,75,640,360,5.0,train
/Users/harinihegde/Downloads/crowd_panic/Panic/VID-20250924-WA0018_clip_011.mp4,Panic,15.0,75,640,360,5.0,test
/Users/harinihegde/Downloads/crowd_panic/Panic/VID-20250924-WA0018_clip_012.mp4,Panic,15.0,75,640,360,5.0,train
/Users/harinihegde/Downloads/crowd_panic/Panic/VID-20250924-WA0018_clip_013.mp4,Panic,15.0,75,640,360,5.0,train
/Users/harinihegde/Downloads/crowd_panic/Panic/VID-20250924-WA0018_clip_014.mp4,Panic,15.0,75,640,360,5.0,train
/Users/harinihegde/Downloads/crowd_panic/Panic/VID-20250924-WA0018_clip_015.mp4,Panic,15.0,75,640,360,5.0,test
/Users/harinihegde/Downloads/crowd_panic/Panic/VID-20250924-WA0018_clip_016.mp4,Panic,15.0,75,640,360,5.0,train
/Users/harinihegde/Downloads/crowd_panic/Panic/VID-20250924-WA0018_clip_017.mp4,Panic,15.0,75,640,360,5.0,train
/Users/harinihegde/Downloads/crowd_panic/Panic/VID-20250924-WA0018_clip_018.mp4,Panic,15.0,75,640,360,5.0,train
/Users/harinihegde/Downloads/crowd_panic/Panic/VID-20250924-WA0018_clip_019.mp4,Panic,15.0,75,640,360,5.0,train
/Users/harinihegde/Downloads/crowd_panic/Panic/VID-20250924-WA0018_clip_020.mp4,Panic,15.0,75,640,360,5.0,train
/Users/harinihegde/Downloads/crowd_panic/Panic/VID-20250924-WA0018_clip_021.mp4,Panic,15.0,75,640,360,5.0,train
/Users/harinihegde/Downloads/crowd_panic/Panic/VID-20250924-WA0018_clip_022.mp4,Panic,15.0,75,640,360,5.0,train
/Users/harinihegde/Downloads/crowd_panic/Panic/VID-20250924-WA0018_clip_023.mp4,Panic,15.0,75,640,360,5.0,train
/Users/harinihegde/Downloads/crowd_panic/Panic/VID-20250924-WA0018_clip_024.mp4,Panic,15.0,75,640,360,5.0,train
/Users/harinihegde/Downloads/crowd_panic/Panic/VID-20250924-WA0018_clip_025.mp4,Panic,15.0,75,640,360,5.0,test
/Users/harinihegde/Downloads/crowd_panic/Panic/VID-20250924-WA0018_clip_026.mp4,Panic,15.0,75,640,360,5.0,train
/Users/harinihegde/Downloads/crowd_panic/Panic/VID-20250924-WA0018_clip_027.mp4,Panic,15.0,75,640,360,5.0,train
/Users/harinihegde/Downloads/crowd_panic/Panic/VID-20250924-WA0018_clip_028.mp4,Panic,15.0,75,640,360,5.0,train
/Users/harinihegde/Downloads/crowd_panic/Panic/VID-20250924-WA0018_clip_029.mp4,Panic,15.0,75,640,360,5.0,test
/Users/harinihegde/Downloads/crowd_panic/Panic/VID-20250924-WA0018_clip_030.mp4,Panic,15.0,90,640,360,6.0,train
/Users/harinihegde/Downloads/crowd_panic/Panic/VID-20250924-WA0020_clip_001.mp4,Panic,23.98,120,640,360,5.004170141784821,train
/Users/harinihegde/Downloads/crowd_panic/Panic/VID-20250924-WA0020_clip_002.mp4,Panic,23.98,120,640,360,5.004170141784821,train
/Users/harinihegde/Downloads/crowd_panic/Panic/VID-20250924-WA0020_clip_003.mp4,Panic,23.98,120,640,360,5.004170141784821,train
/Users/harinihegde/Downloads/crowd_panic/Panic/VID-20250924-WA0020_clip_004.mp4,Panic,23.98,120,640,360,5.004170141784821,train
/Users/harinihegde/Downloads/crowd_panic/Panic/VID-20250924-WA0020_clip_005.mp4,Panic,23.98,120,640,360,5.004170141784821,test
/Users/harinihegde/Downloads/crowd_panic/Panic/VID-20250924-WA0020_clip_006.mp4,Panic,23.98,120,640,360,5.004170141784821,train
/Users/harinihegde/Downloads/crowd_panic/Panic/VID-20250924-WA0020_clip_007.mp4,Panic,23.98,120,640,360,5.004170141784821,train
/Users/harinihegde/Downloads/crowd_panic/Panic/VID-20250924-WA0020_clip_008.mp4,Panic,23.98,120,640,360,5.004170141784821,train
/Users/harinihegde/Downloads/crowd_panic/Panic/VID-20250924-WA0020_clip_009.mp4,Panic,23.98,120,640,360,5.004170141784821,train
/Users/harinihegde/Downloads/crowd_panic/Panic/VID-20250924-WA0020_clip_010.mp4,Panic,23.98,120,640,360,5.004170141784821,train
/Users/harinihegde/Downloads/crowd_panic/Panic/VID-20250924-WA0020_clip_011.mp4,Panic,23.98,120,640,360,5.004170141784821,train
/Users/harinihegde/Downloads/crowd_panic/Panic/VID-20250924-WA0020_clip_012.mp4,Panic,23.98,120,640,360,5.004170141784821,train
/Users/harinihegde/Downloads/crowd_panic/Panic/VID-20250924-WA0020_clip_013.mp4,Panic,23.98,120,640,360,5.004170141784821,train
/Users/harinihegde/Downloads/crowd_panic/Panic/VID-20250924-WA0020_clip_014.mp4,Panic,23.98,120,640,360,5.004170141784821,train
/Users/harinihegde/Downloads/crowd_panic/Panic/VID-20250924-WA0020_clip_015.mp4,Panic,23.98,144,640,360,6.005004170141785,train
/Users/harinihegde/Downloads/crowd_panic/Panic/VID-20250924-WA0020_clip_016.mp4,Panic,23.98,168,640,360,7.005838198498749,test
/Users/harinihegde/Downloads/crowd_panic/Panic/VID-20250924-WA0021_clip_001.mp4,Panic,30.0,150,640,352,5.0,train
/Users/harinihegde/Downloads/crowd_panic/Panic/VID-20250924-WA0021_clip_002.mp4,Panic,30.0,150,640,352,5.0,train
/Users/harinihegde/Downloads/crowd_panic/Panic/VID-20250924-WA0021_clip_003.mp4,Panic,30.0,150,640,352,5.0,train
/Users/harinihegde/Downloads/crowd_panic/Panic/VID-20250924-WA0021_clip_004.mp4,Panic,30.0,150,640,352,5.0,train
/Users/harinihegde/Downloads/crowd_panic/Panic/VID-20250924-WA0021_clip_005.mp4,Panic,30.0,150,640,352,5.0,train
/Users/harinihegde/Downloads/crowd_panic/Panic/VID-20250924-WA0021_clip_006.mp4,Panic,30.0,150,640,352,5.0,train
/Users/harinihegde/Downloads/crowd_panic/Panic/VID-20250924-WA0021_clip_007.mp4,Panic,30.0,150,640,352,5.0,train
/Users/harinihegde/Downloads/crowd_panic/Panic/VID-20250924-WA0021_clip_008.mp4,Panic,30.0,150,640,352,5.0,test
/Users/harinihegde/Downloads/crowd_panic/Panic/VID-20250924-WA0021_clip_009.mp4,Panic,30.0,150,640,352,5.0,train
/Users/harinihegde/Downloads/crowd_panic/Panic/VID-20250924-WA0021_clip_010.mp4,Panic,30.0,150,640,352,5.0,test
/Users/harinihegde/Downloads/crowd_panic/Panic/VID-20250924-WA0021_clip_011.mp4,Panic,30.0,150,640,352,5.0,train
/Users/harinihegde/Downloads/crowd_panic/Panic/VID-20250924-WA0021_clip_012.mp4,Panic,30.0,150,640,352,5.0,train
/Users/harinihegde/Downloads/crowd_panic/Panic/VID-20250924-WA0021_clip_013.mp4,Panic,30.0,150,640,352,5.0,test
/Users/harinihegde/Downloads/crowd_panic/Panic/VID-20250924-WA0021_clip_014.mp4,Panic,30.0,150,640,352,5.0,train
/Users/harinihegde/Downloads/crowd_panic/Panic/VID-20250924-WA0021_clip_015.mp4,Panic,30.0,150,640,352,5.0,train
/Users/harinihegde/Downloads/crowd_panic/Panic/VID-20250924-WA0021_clip_016.mp4,Panic,30.0,150,640,352,5.0,test
/Users/harinihegde/Downloads/crowd_panic/Panic/VID-20250924-WA0021_clip_017.mp4,Panic,30.0,150,640,352,5.0,train
/Users/harinihegde/Downloads/crowd_panic/Panic/VID-20250924-WA0021_clip_018.mp4,Panic,30.0,150,640,352,5.0,train
/Users/harinihegde/Downloads/crowd_panic/Panic/VID-20250924-WA0021_clip_019.mp4,Panic,30.0,150,640,352,5.0,train
/Users/harinihegde/Downloads/crowd_panic/Panic/VID-20250924-WA0021_clip_020.mp4,Panic,30.0,150,640,352,5.0,train
/Users/harinihegde/Downloads/crowd_panic/Panic/VID-20250924-WA0021_clip_021.mp4,Panic,30.0,150,640,352,5.0,train
/Users/harinihegde/Downloads/crowd_panic/Panic/VID-20250924-WA0021_clip_022.mp4,Panic,30.0,150,640,352,5.0,test
/Users/harinihegde/Downloads/crowd_panic/Panic/VID-20250924-WA0021_clip_023.mp4,Panic,30.0,150,640,352,5.0,train
/Users/harinihegde/Downloads/crowd_panic/Panic/VID-20250924-WA0021_clip_024.mp4,Panic,30.0,150,640,352,5.0,train
/Users/harinihegde/Downloads/crowd_panic/Panic/VID-20250924-WA0021_clip_025.mp4,Panic,30.0,150,640,352,5.0,train
/Users/harinihegde/Downloads/crowd_panic/Panic/VID-20250924-WA0021_clip_026.mp4,Panic,30.0,150,640,352,5.0,train
/Users/harinihegde/Downloads/crowd_panic/Panic/VID-20250924-WA0021_clip_027.mp4,Panic,30.0,150,640,352,5.0,test
/Users/harinihegde/Downloads/crowd_panic/Panic/VID-20250924-WA0021_clip_028.mp4,Panic,30.0,150,640,352,5.0,train
/Users/harinihegde/Downloads/crowd_panic/Panic/VID-20250924-WA0021_clip_029.mp4,Panic,30.0,150,640,352,5.0,train
/Users/harinihegde/Downloads/crowd_panic/Panic/VID-20250924-WA0021_clip_032.mp4,Panic,30.0,150,640,352,5.0,train
/Users/harinihegde/Downloads/crowd_panic/Panic/VID-20250924-WA0021_clip_033.mp4,Panic,30.0,150,640,352,5.0,train
/Users/harinihegde/Downloads/crowd_panic/Panic/VID-20250924-WA0021_clip_034.mp4,Panic,30.0,150,640,352,5.0,train
/Users/harinihegde/Downloads/crowd_panic/Panic/VID-20250924-WA0021_clip_035.mp4,Panic,30.0,150,640,352,5.0,train
/Users/harinihegde/Downloads/crowd_panic/Panic/VID-20250924-WA0021_clip_036.mp4,Panic,30.0,150,640,352,5.0,test
/Users/harinihegde/Downloads/crowd_panic/Panic/VID-20250924-WA0021_clip_037.mp4,Panic,30.0,150,640,352,5.0,train
/Users/harinihegde/Downloads/crowd_panic/Panic/VID-20250924-WA0021_clip_038.mp4,Panic,30.0,150,640,352,5.0,train
/Users/harinihegde/Downloads/crowd_panic/Panic/VID-20250924-WA0021_clip_039.mp4,Panic,30.0,150,640,352,5.0,train
/Users/harinihegde/Downloads/crowd_panic/Panic/VID-20250924-WA0021_clip_040.mp4,Panic,30.0,150,640,352,5.0,train
/Users/harinihegde/Downloads/crowd_panic/Panic/VID-20250924-WA0021_clip_041.mp4,Panic,30.0,150,640,352,5.0,train
/Users/harinihegde/Downloads/crowd_panic/Panic/VID-20250924-WA0021_clip_042.mp4,Panic,30.0,150,640,352,5.0,train
/Users/harinihegde/Downloads/crowd_panic/Panic/VID-20250924-WA0022_clip_001.mp4,Panic,29.83,150,360,360,5.0284948038887025,train
/Users/harinihegde/Downloads/crowd_panic/Panic/VID-20250924-WA0022_clip_002.mp4,Panic,29.83,150,360,360,5.0284948038887025,train
/Users/harinihegde/Downloads/crowd_panic/Panic/VID-20250924-WA0022_clip_003.mp4,Panic,29.83,150,360,360,5.0284948038887025,test
/Users/harinihegde/Downloads/crowd_panic/Panic/VID-20250924-WA0022_clip_004.mp4,Panic,29.83,150,360,360,5.0284948038887025,train
/Users/harinihegde/Downloads/crowd_panic/Panic/VID-20250924-WA0022_clip_005.mp4,Panic,29.83,150,360,360,5.0284948038887025,train
/Users/harinihegde/Downloads/crowd_panic/Panic/VID-20250924-WA0022_clip_006.mp4,Panic,29.83,150,360,360,5.0284948038887025,test
/Users/harinihegde/Downloads/crowd_panic/Panic/VID-20250924-WA0022_clip_007.mp4,Panic,29.83,150,360,360,5.0284948038887025,train
/Users/harinihegde/Downloads/crowd_panic/Panic/VID-20250924-WA0022_clip_008.mp4,Panic,29.83,150,360,360,5.0284948038887025,test
/Users/harinihegde/Downloads/crowd_panic/Panic/VID-20250924-WA0022_clip_009.mp4,Panic,29.83,150,360,360,5.0284948038887025,test
/Users/harinihegde/Downloads/crowd_panic/Panic/VID-20250924-WA0022_clip_010.mp4,Panic,29.83,150,360,360,5.0284948038887025,train
/Users/harinihegde/Downloads/crowd_panic/Panic/VID-20250924-WA0022_clip_011.mp4,Panic,29.83,150,360,360,5.0284948038887025,train
/Users/harinihegde/Downloads/crowd_panic/Panic/VID-20250924-WA0022_clip_012.mp4,Panic,29.83,150,360,360,5.0284948038887025,train
/Users/harinihegde/Downloads/crowd_panic/Panic/VID-20250924-WA0022_clip_013.mp4,Panic,29.83,150,360,360,5.0284948038887025,train
/Users/harinihegde/Downloads/crowd_panic/Panic/VID-20250924-WA0022_clip_014.mp4,Panic,29.83,179,360,360,6.000670465973852,train
/Users/harinihegde/Downloads/crowd_panic/Panic/VID-20250924-WA0022_clip_015.mp4,Panic,29.83,120,360,360,4.022795843110963,train
/Users/harinihegde/Downloads/crowd_panic/Panic/VID-20250924-WA0023_clip_001.mp4,Panic,25.0,125,640,360,5.0,test
/Users/harinihegde/Downloads/crowd_panic/Panic/VID-20250924-WA0023_clip_002.mp4,Panic,25.0,125,640,360,5.0,train
/Users/harinihegde/Downloads/crowd_panic/Panic/VID-20250924-WA0023_clip_003.mp4,Panic,25.0,125,640,360,5.0,test
/Users/harinihegde/Downloads/crowd_panic/Panic/VID-20250924-WA0023_clip_004.mp4,Panic,25.0,125,640,360,5.0,train
/Users/harinihegde/Downloads/crowd_panic/Panic/VID-20250924-WA0023_clip_005.mp4,Panic,25.0,125,640,360,5.0,test
/Users/harinihegde/Downloads/crowd_panic/Panic/VID-20250924-WA0023_clip_006.mp4,Panic,25.0,125,640,360,5.0,train
/Users/harinihegde/Downloads/crowd_panic/Panic/VID-20250924-WA0023_clip_007.mp4,Panic,25.0,125,640,360,5.0,train
/Users/harinihegde/Downloads/crowd_panic/Panic/VID-20250924-WA0023_clip_008.mp4,Panic,25.0,125,640,360,5.0,train
/Users/harinihegde/Downloads/crowd_panic/Panic/VID-20250924-WA0023_clip_009.mp4,Panic,25.0,125,640,360,5.0,train
/Users/harinihegde/Downloads/crowd_panic/Panic/VID-20250924-WA0023_clip_010.mp4,Panic,25.0,125,640,360,5.0,train
/Users/harinihegde/Downloads/crowd_panic/Panic/VID-20250924-WA0023_clip_011.mp4,Panic,25.0,125,640,360,5.0,test
/Users/harinihegde/Downloads/crowd_panic/Panic/VID-20250924-WA0023_clip_012.mp4,Panic,25.0,125,640,360,5.0,test
/Users/harinihegde/Downloads/crowd_panic/Panic/VID-20250924-WA0023_clip_013.mp4,Panic,25.0,125,640,360,5.0,train
/Users/harinihegde/Downloads/crowd_panic/Panic/VID-20250924-WA0023_clip_014.mp4,Panic,25.0,125,640,360,5.0,train
/Users/harinihegde/Downloads/crowd_panic/Panic/VID-20250924-WA0023_clip_016.mp4,Panic,25.0,150,640,360,6.0,train
/Users/harinihegde/Downloads/crowd_panic/Panic/VID-20250924-WA0024_clip_001.mp4,Panic,25.0,125,640,360,5.0,train
/Users/harinihegde/Downloads/crowd_panic/Panic/VID-20250924-WA0024_clip_002.mp4,Panic,25.0,125,640,360,5.0,train
/Users/harinihegde/Downloads/crowd_panic/Panic/VID-20250924-WA0024_clip_003.mp4,Panic,25.0,125,640,360,5.0,train
/Users/harinihegde/Downloads/crowd_panic/Panic/VID-20250924-WA0024_clip_004.mp4,Panic,25.0,125,640,360,5.0,train
/Users/harinihegde/Downloads/crowd_panic/Panic/VID-20250924-WA0024_clip_005.mp4,Panic,25.0,125,640,360,5.0,test
/Users/harinihegde/Downloads/crowd_panic/Panic/VID-20250924-WA0024_clip_006.mp4,Panic,25.0,125,640,360,5.0,train
/Users/harinihegde/Downloads/crowd_panic/Panic/VID-20250924-WA0024_clip_007.mp4,Panic,25.0,125,640,360,5.0,train
/Users/harinihegde/Downloads/crowd_panic/Panic/VID-20250924-WA0024_clip_008.mp4,Panic,25.0,150,640,360,6.0,test
/Users/harinihegde/Downloads/crowd_panic/Panic/VID-20250924-WA0025_clip_005.mp4,Panic,29.97,150,480,360,5.005005005005005,train
/Users/harinihegde/Downloads/crowd_panic/Panic/VID-20250924-WA0025_clip_006.mp4,Panic,29.97,150,480,360,5.005005005005005,train
/Users/harinihegde/Downloads/crowd_panic/Panic/VID-20250924-WA0025_clip_007.mp4,Panic,29.97,150,480,360,5.005005005005005,train
/Users/harinihegde/Downloads/crowd_panic/Panic/VID-20250924-WA0025_clip_008.mp4,Panic,29.97,150,480,360,5.005005005005005,train
/Users/harinihegde/Downloads/crowd_panic/Panic/VID-20250924-WA0025_clip_009.mp4,Panic,29.97,150,480,360,5.005005005005005,train
/Users/harinihegde/Downloads/crowd_panic/Panic/VID-20250924-WA0025_clip_010.mp4,Panic,29.97,150,480,360,5.005005005005005,train
/Users/harinihegde/Downloads/crowd_panic/Panic/VID-20250924-WA0025_clip_011.mp4,Panic,29.97,150,480,360,5.005005005005005,test
/Users/harinihegde/Downloads/crowd_panic/Panic/VID-20250924-WA0025_clip_012.mp4,Panic,29.97,150,480,360,5.005005005005005,train
/Users/harinihegde/Downloads/crowd_panic/Panic/VID-20250924-WA0025_clip_013.mp4,Panic,29.97,150,480,360,5.005005005005005,test
/Users/harinihegde/Downloads/crowd_panic/Panic/VID-20250924-WA0025_clip_014.mp4,Panic,29.97,150,480,360,5.005005005005005,train
/Users/harinihegde/Downloads/crowd_panic/Panic/VID-20250924-WA0025_clip_015.mp4,Panic,29.97,150,480,360,5.005005005005005,train
/Users/harinihegde/Downloads/crowd_panic/Panic/VID-20250924-WA0025_clip_016.mp4,Panic,29.97,150,480,360,5.005005005005005,test
/Users/harinihegde/Downloads/crowd_panic/Panic/VID-20250924-WA0025_clip_017.mp4,Panic,29.97,150,480,360,5.005005005005005,train
/Users/harinihegde/Downloads/crowd_panic/Panic/VID-20250924-WA0025_clip_018.mp4,Panic,29.97,150,480,360,5.005005005005005,train
/Users/harinihegde/Downloads/crowd_panic/Panic/VID-20250924-WA0025_clip_019.mp4,Panic,29.97,150,480,360,5.005005005005005,train
/Users/harinihegde/Downloads/crowd_panic/Panic/VID-20250924-WA0025_clip_020.mp4,Panic,29.97,150,480,360,5.005005005005005,train
/Users/harinihegde/Downloads/crowd_panic/Panic/VID-20250924-WA0025_clip_021.mp4,Panic,29.97,150,480,360,5.005005005005005,train
/Users/harinihegde/Downloads/crowd_panic/Panic/VID-20250924-WA0025_clip_022.mp4,Panic,29.97,150,480,360,5.005005005005005,train
/Users/harinihegde/Downloads/crowd_panic/Panic/VID-20250924-WA0025_clip_023.mp4,Panic,29.97,150,480,360,5.005005005005005,test
/Users/harinihegde/Downloads/crowd_panic/Panic/VID-20250924-WA0025_clip_024.mp4,Panic,29.97,150,480,360,5.005005005005005,test
/Users/harinihegde/Downloads/crowd_panic/Panic/VID-20250924-WA0025_clip_025.mp4,Panic,29.97,150,480,360,5.005005005005005,train
/Users/harinihegde/Downloads/crowd_panic/Panic/VID-20250924-WA0025_clip_026.mp4,Panic,29.97,150,480,360,5.005005005005005,test
/Users/harinihegde/Downloads/crowd_panic/Panic/VID-20250924-WA0025_clip_027.mp4,Panic,29.97,150,480,360,5.005005005005005,test
/Users/harinihegde/Downloads/crowd_panic/Panic/VID-20250924-WA0025_clip_029.mp4,Panic,29.97,120,480,360,4.004004004004004,test
/Users/harinihegde/Downloads/crowd_panic/Panic/VID-20251025-WA0002_clip_001.mp4,Panic,25.0,125,360,640,5.0,train
/Users/harinihegde/Downloads/crowd_panic/Panic/VID-20251025-WA0002_clip_002.mp4,Panic,25.0,125,360,640,5.0,train
/Users/harinihegde/Downloads/crowd_panic/Panic/VID-20251025-WA0002_clip_003.mp4,Panic,25.0,150,360,640,6.0,test
/Users/harinihegde/Downloads/crowd_panic/Panic/VID-20251025-WA0002_clip_004.mp4,Panic,25.0,175,360,640,7.0,train
/Users/harinihegde/Downloads/crowd_panic/Panic/VID-20251025-WA0003_clip_001.mp4,Panic,29.97,150,360,450,5.005005005005005,test
/Users/harinihegde/Downloads/crowd_panic/Panic/VID-20251025-WA0003_clip_002.mp4,Panic,29.97,180,360,450,6.0060060060060065,train
/Users/harinihegde/Downloads/crowd_panic/Panic/VID-20251025-WA0003_clip_003.mp4,Panic,29.97,120,360,450,4.004004004004004,test
/Users/harinihegde/Downloads/crowd_panic/Panic/VID-20251025-WA0005_clip_002.mp4,Panic,25.0,125,640,360,5.0,test
/Users/harinihegde/Downloads/crowd_panic/Panic/VID-20251025-WA0005_clip_003.mp4,Panic,25.0,125,640,360,5.0,train
/Users/harinihegde/Downloads/crowd_panic/Panic/VID-20251025-WA0005_clip_004.mp4,Panic,25.0,125,640,360,5.0,train
/Users/harinihegde/Downloads/crowd_panic/Panic/VID-20251025-WA0005_clip_005.mp4,Panic,25.0,125,640,360,5.0,train
/Users/harinihegde/Downloads/crowd_panic/Panic/VID-20251025-WA0005_clip_006.mp4,Panic,25.0,125,640,360,5.0,train
/Users/harinihegde/Downloads/crowd_panic/Panic/VID-20251025-WA0005_clip_007.mp4,Panic,25.0,125,640,360,5.0,train
/Users/harinihegde/Downloads/crowd_panic/Panic/VID-20251025-WA0005_clip_008.mp4,Panic,25.0,125,640,360,5.0,test
/Users/harinihegde/Downloads/crowd_panic/Panic/VID-20251025-WA0005_clip_009.mp4,Panic,25.0,125,640,360,5.0,train
/Users/harinihegde/Downloads/crowd_panic/Panic/VID-20251025-WA0005_clip_010.mp4,Panic,25.0,125,640,360,5.0,train
/Users/harinihegde/Downloads/crowd_panic/Panic/VID-20251025-WA0005_clip_011.mp4,Panic,25.0,125,640,360,5.0,test
/Users/harinihegde/Downloads/crowd_panic/Panic/VID-20251025-WA0005_clip_012.mp4,Panic,25.0,125,640,360,5.0,test
/Users/harinihegde/Downloads/crowd_panic/Panic/VID-20251025-WA0005_clip_013.mp4,Panic,25.0,125,640,360,5.0,train
/Users/harinihegde/Downloads/crowd_panic/Panic/VID-20251025-WA0005_clip_014.mp4,Panic,25.0,125,640,360,5.0,train
/Users/harinihegde/Downloads/crowd_panic/Panic/VID-20251025-WA0005_clip_015.mp4,Panic,25.0,125,640,360,5.0,train
/Users/harinihegde/Downloads/crowd_panic/Panic/VID-20251025-WA0005_clip_016.mp4,Panic,25.0,125,640,360,5.0,train
/Users/harinihegde/Downloads/crowd_panic/Panic/VID-20251025-WA0005_clip_017.mp4,Panic,25.0,125,640,360,5.0,train
/Users/harinihegde/Downloads/crowd_panic/Panic/VID-20251025-WA0005_clip_018.mp4,Panic,25.0,125,640,360,5.0,train
/Users/harinihegde/Downloads/crowd_panic/Panic/VID-20251025-WA0005_clip_019.mp4,Panic,25.0,125,640,360,5.0,test
/Users/harinihegde/Downloads/crowd_panic/Panic/VID-20251025-WA0005_clip_020.mp4,Panic,25.0,125,640,360,5.0,train
/Users/harinihegde/Downloads/crowd_panic/Panic/VID-20251025-WA0005_clip_021.mp4,Panic,25.0,125,640,360,5.0,train
/Users/harinihegde/Downloads/crowd_panic/Panic/VID-20251025-WA0005_clip_022.mp4,Panic,25.0,125,640,360,5.0,train
/Users/harinihegde/Downloads/crowd_panic/Panic/VID-20251025-WA0005_clip_023.mp4,Panic,25.0,125,640,360,5.0,train
/Users/harinihegde/Downloads/crowd_panic/Panic/VID-20251025-WA0005_clip_024.mp4,Panic,25.0,125,640,360,5.0,train
/Users/harinihegde/Downloads/crowd_panic/Panic/VID-20251025-WA0005_clip_025.mp4,Panic,25.0,125,640,360,5.0,train
/Users/harinihegde/Downloads/crowd_panic/Panic/VID-20251025-WA0005_clip_026.mp4,Panic,25.0,125,640,360,5.0,train
/Users/harinihegde/Downloads/crowd_panic/Panic/VID-20251025-WA0005_clip_027.mp4,Panic,25.0,125,640,360,5.0,test
/Users/harinihegde/Downloads/crowd_panic/Panic/VID-20251025-WA0005_clip_028.mp4,Panic,25.0,125,640,360,5.0,train
/Users/harinihegde/Downloads/crowd_panic/Panic/VID-20251025-WA0005_clip_029.mp4,Panic,25.0,125,640,360,5.0,train
/Users/harinihegde/Downloads/crowd_panic/Panic/VID-20251025-WA0005_clip_030.mp4,Panic,25.0,125,640,360,5.0,train
/Users/harinihegde/Downloads/crowd_panic/Panic/VID-20251025-WA0005_clip_031.mp4,Panic,25.0,125,640,360,5.0,test
/Users/harinihegde/Downloads/crowd_panic/Panic/VID-20251025-WA0005_clip_032.mp4,Panic,25.0,125,640,360,5.0,train
/Users/harinihegde/Downloads/crowd_panic/Panic/VID-20251025-WA0005_clip_033.mp4,Panic,25.0,125,640,360,5.0,train
/Users/harinihegde/Downloads/crowd_panic/Panic/VID-20251025-WA0005_clip_034.mp4,Panic,25.0,125,640,360,5.0,train
/Users/harinihegde/Downloads/crowd_panic/Panic/VID-20251025-WA0005_clip_035.mp4,Panic,25.0,125,640,360,5.0,train
/Users/harinihegde/Downloads/crowd_panic/Panic/VID-20251025-WA0005_clip_036.mp4,Panic,25.0,125,640,360,5.0,test
/Users/harinihegde/Downloads/crowd_panic/Panic/VID-20251025-WA0005_clip_037.mp4,Panic,25.0,125,640,360,5.0,train
/Users/harinihegde/Downloads/crowd_panic/Panic/VID-20251025-WA0005_clip_038.mp4,Panic,25.0,125,640,360,5.0,train
/Users/harinihegde/Downloads/crowd_panic/Panic/VID-20251025-WA0005_clip_039.mp4,Panic,25.0,125,640,360,5.0,train
/Users/harinihegde/Downloads/crowd_panic/Panic/VID-20251025-WA0005_clip_040.mp4,Panic,25.0,125,640,360,5.0,train
/Users/harinihegde/Downloads/crowd_panic/Panic/VID-20251025-WA0005_clip_041.mp4,Panic,25.0,125,640,360,5.0,train
/Users/harinihegde/Downloads/crowd_panic/Panic/VID-20251025-WA0005_clip_042.mp4,Panic,25.0,125,640,360,5.0,train
/Users/harinihegde/Downloads/crowd_panic/Panic/VID-20251025-WA0005_clip_043.mp4,Panic,25.0,125,640,360,5.0,train
/Users/harinihegde/Downloads/crowd_panic/Panic/VID-20251025-WA0005_clip_044.mp4,Panic,25.0,125,640,360,5.0,train
/Users/harinihegde/Downloads/crowd_panic/Panic/VID-20251025-WA0005_clip_045.mp4,Panic,25.0,125,640,360,5.0,test
/Users/harinihegde/Downloads/crowd_panic/Panic/VID-20251025-WA0005_clip_046.mp4,Panic,25.0,125,640,360,5.0,test
/Users/harinihegde/Downloads/crowd_panic/Panic/VID-20251025-WA0005_clip_047.mp4,Panic,25.0,125,640,360,5.0,train
/Users/harinihegde/Downloads/crowd_panic/Panic/VID-20251025-WA0005_clip_048.mp4,Panic,25.0,125,640,360,5.0,train
/Users/harinihegde/Downloads/crowd_panic/Panic/VID-20251025-WA0005_clip_049.mp4,Panic,25.0,125,640,360,5.0,train
/Users/harinihegde/Downloads/crowd_panic/Panic/VID-20251025-WA0005_clip_050.mp4,Panic,25.0,125,640,360,5.0,train
