frame_idx,zone_id,count,density,delta_count,speed_mean,speed_std,flow_x,flow_y,flow_magnitude,accel_mean,flow_divergence,compression,spatial_entropy,zone_inflow,zone_outflow,count_sm,density_sm,delta_count_sm,speed_mean_sm,speed_std_sm,flow_x_sm,flow_y_sm,flow_magnitude_sm,accel_mean_sm,flow_divergence_sm,compression_sm,spatial_entropy_sm,zone_inflow_sm,zone_outflow_sm,vid_id,fps
0,0,1,6.944444444444444e-05,0.0,0.0,0.0,0.0,0.0,0.0,0.0,0.0,0.0,-1.000088900581841e-12,1,0,1.0,6.944444444444444e-05,0.0,0.0,0.0,0.0,0.0,0.0,0.0,0.0,0.0,-1.000088900581841e-12,1.0,0.0,Train005,10.0
0,1,2,0.0001388888888888889,0.0,0.0,0.0,0.0,0.0,0.0,0.0,0.0,76.77564718060017,0.6931471805579453,2,0,2.0,0.0001388888888888889,0.0,0.0,0.0,0.0,0.0,0.0,0.0,0.0,76.77564718060017,0.6931471805579453,2.0,0.0,Train005,10.0
0,2,2,0.0001388888888888889,0.0,0.0,0.0,0.0,0.0,0.0,0.0,0.0,67.8122407829147,0.6931471805579453,2,0,2.0,0.0001388888888888889,0.0,0.0,0.0,0.0,0.0,0.0,0.0,0.0,67.8122407829147,0.6931471805579453,2.0,0.0,Train005,10.0
0,3,3,0.00020833333333333335,0.0,0.0,0.0,0.0,0.0,0.0,0.0,0.0,34.32393863300501,1.0986122886651097,3,0,3.0,0.00020833333333333335,0.0,0.0,0.0,0.0,0.0,0.0,0.0,0.0,34.32393863300501,1.0986122886651097,3.0,0.0,Train005,10.0
0,4,1,6.944444444444444e-05,0.0,0.0,0.0,0.0,0.0,0.0,0.0,0.0,0.0,-1.000088900581841e-12,1,0,1.0,6.944444444444444e-05,0.0,0.0,0.0,0.0,0.0,0.0,0.0,0.0,0.0,-1.000088900581841e-12,1.0,0.0,Train005,10.0
0,5,2,0.0001388888888888889,0.0,0.0,0.0,0.0,0.0,0.0,0.0,0.0,23.08679276123039,0.6931471805579453,2,0,2.0,0.0001388888888888889,0.0,0.0,0.0,0.0,0.0,0.0,0.0,0.0,23.08679276123039,0.6931471805579453,2.0,0.0,Train005,10.0
1,0,1,6.944444444444444e-05,0.0,0.0,0.0,0.0,0.0,0.0,0.0,0.0,0.0,-1.000088900581841e-12,0,0,1.0,6.944444444444444e-05,0.0,0.0,0.0,0.0,0.0,0.0,0.0,0.0,0.0,-1.000088900581841e-12,0.5,0.0,Train005,10.0
1,1,2,0.0001388888888888889,0.0,0.0,0.0,0.0,0.0,0.0,0.0,0.0,76.77564718060017,0.6931471805579453,0,0,2.0,0.0001388888888888889,0.0,0.0,0.0,0.0,0.0,0.0,0.0,0.0,76.77564718060017,0.6931471805579453,1.0,0.0,Train005,10.0
1,2,2,0.0001388888888888889,0.0,0.0,0.0,0.0,0.0,0.0,0.0,0.0,67.8122407829147,0.6931471805579453,0,0,2.0,0.0001388888888888889,0.0,0.0,0.0,0.0,0.0,0.0,0.0,0.0,67.8122407829147,0.6931471805579453,1.0,0.0,Train005,10.0
1,3,3,0.00020833333333333335,0.0,0.0,0.0,0.0,0.0,0.0,0.0,0.0,34.32393863300501,1.0986122886651097,0,0,3.0,0.00020833333333333335,0.0,0.0,0.0,0.0,0.0,0.0,0.0,0.0,34.32393863300501,1.0986122886651097,1.5,0.0,Train005,10.0
1,4,1,6.944444444444444e-05,0.0,0.0,0.0,0.0,0.0,0.0,0.0,0.0,0.0,-1.000088900581841e-12,0,0,1.0,6.944444444444444e-05,0.0,0.0,0.0,0.0,0.0,0.0,0.0,0.0,0.0,-1.000088900581841e-12,0.5,0.0,Train005,10.0
1,5,2,0.0001388888888888889,0.0,0.0,0.0,0.0,0.0,0.0,0.0,0.0,23.08679276123039,0.6931471805579453,0,0,2.0,0.0001388888888888889,0.0,0.0,0.0,0.0,0.0,0.0,0.0,0.0,23.08679276123039,0.6931471805579453,1.0,0.0,Train005,10.0
2,0,1,6.944444444444444e-05,0.0,0.0,0.0,0.0,0.0,0.0,0.0,0.0,0.0,-1.000088900581841e-12,0,0,1.0,6.944444444444444e-05,0.0,0.0,0.0,0.0,0.0,0.0,0.0,0.0,0.0,-1.000088900581841e-12,0.3333333333333333,0.0,Train005,10.0
2,1,2,0.0001388888888888889,0.0,0.0,0.0,0.0,0.0,0.0,0.0,0.0,76.77564718060017,0.6931471805579453,0,0,2.0,0.0001388888888888889,0.0,0.0,0.0,0.0,0.0,0.0,0.0,0.0,76.77564718060017,0.6931471805579453,0.6666666666666666,0.0,Train005,10.0
2,2,2,0.0001388888888888889,0.0,0.0,0.0,0.0,0.0,0.0,0.0,0.0,67.8122407829147,0.6931471805579453,0,0,2.0,0.0001388888888888889,0.0,0.0,0.0,0.0,0.0,0.0,0.0,0.0,67.8122407829147,0.6931471805579453,0.6666666666666666,0.0,Train005,10.0
2,3,3,0.00020833333333333335,0.0,0.0,0.0,0.0,0.0,0.0,0.0,0.0,34.32393863300501,1.0986122886651097,0,0,3.0,0.00020833333333333335,0.0,0.0,0.0,0.0,0.0,0.0,0.0,0.0,34.32393863300501,1.0986122886651097,1.0,0.0,Train005,10.0
2,4,1,6.944444444444444e-05,0.0,0.0,0.0,0.0,0.0,0.0,0.0,0.0,0.0,-1.000088900581841e-12,0,0,1.0,6.944444444444444e-05,0.0,0.0,0.0,0.0,0.0,0.0,0.0,0.0,0.0,-1.000088900581841e-12,0.3333333333333333,0.0,Train005,10.0
2,5,2,0.0001388888888888889,0.0,0.0,0.0,0.0,0.0,0.0,0.0,0.0,23.08679276123039,0.6931471805579453,0,0,2.0,0.0001388888888888889,0.0,0.0,0.0,0.0,0.0,0.0,0.0,0.0,23.08679276123039,0.6931471805579453,0.6666666666666666,0.0,Train005,10.0
3,0,1,6.944444444444444e-05,0.0,0.0,0.0,0.0,0.0,0.0,0.0,0.0,0.0,-1.000088900581841e-12,0,0,1.0,6.944444444444444e-05,0.0,0.0,0.0,0.0,0.0,0.0,0.0,0.0,0.0,-1.000088900581841e-12,0.25,0.0,Train005,10.0
3,1,2,0.0001388888888888889,0.0,0.0,0.0,0.0,0.0,0.0,0.0,0.0,76.77564718060017,0.6931471805579453,0,0,2.0,0.0001388888888888889,0.0,0.0,0.0,0.0,0.0,0.0,0.0,0.0,76.77564718060017,0.6931471805579453,0.5,0.0,Train005,10.0
3,2,2,0.0001388888888888889,0.0,0.0,0.0,0.0,0.0,0.0,0.0,0.0,67.8122407829147,0.6931471805579453,0,0,2.0,0.0001388888888888889,0.0,0.0,0.0,0.0,0.0,0.0,0.0,0.0,67.8122407829147,0.6931471805579453,0.5,0.0,Train005,10.0
3,3,3,0.00020833333333333335,0.0,0.0,0.0,0.0,0.0,0.0,0.0,0.0,34.32393863300501,1.0986122886651097,0,0,3.0,0.00020833333333333335,0.0,0.0,0.0,0.0,0.0,0.0,0.0,0.0,34.32393863300501,1.0986122886651097,0.75,0.0,Train005,10.0
3,4,1,6.944444444444444e-05,0.0,0.0,0.0,0.0,0.0,0.0,0.0,0.0,0.0,-1.000088900581841e-12,0,0,1.0,6.944444444444444e-05,0.0,0.0,0.0,0.0,0.0,0.0,0.0,0.0,0.0,-1.000088900581841e-12,0.25,0.0,Train005,10.0
3,5,2,0.0001388888888888889,0.0,0.0,0.0,0.0,0.0,0.0,0.0,0.0,23.08679276123039,0.6931471805579453,0,0,2.0,0.0001388888888888889,0.0,0.0,0.0,0.0,0.0,0.0,0.0,0.0,23.08679276123039,0.6931471805579453,0.5,0.0,Train005,10.0
4,0,1,6.944444444444444e-05,0.0,5.6274584159306285,0.0,-5.6274584159306285,0.0,5.6274584159306285,56.274584159306286,0.0,0.0,-1.000088900581841e-12,0,0,1.0,6.944444444444444e-05,0.0,1.1254916831861257,0.0,-1.1254916831861257,0.0,1.1254916831861257,11.254916831861257,0.0,0.0,-1.000088900581841e-12,0.2,0.0,Train005,10.0
4,1,2,0.0001388888888888889,0.0,14.103730162804887,0.03508412297831498,-14.068646039826572,-0.7034323019913286,14.08622086996412,141.03730162804885,0.0012414730752009495,76.74357563246635,0.6931471805579453,0,0,2.0,0.0001388888888888889,0.0,2.8207460325609772,0.007016824595662996,-2.8137292079653142,-0.1406864603982657,2.817244173992824,28.20746032560977,0.0002482946150401899,76.76923287097341,0.6931471805579453,0.4,0.0,Train005,10.0
4,2,3,0.00020833333333333335,1.0,5.6274584159306285,4.594800555920315,-5.6274584159306285,0.0,5.6274584159306285,84.41187623895942,0.6666666666666667,32.75356311610582,1.0986122886651097,1,0,2.2,0.00015277777777777777,0.2,1.1254916831861257,0.9189601111840631,-1.1254916831861257,0.0,1.1254916831861257,16.882375247791884,0.13333333333333336,60.80050524955293,0.7742402021793782,0.6,0.0,Train005,10.0
4,3,2,0.0001388888888888889,-1.0,12.688796620034854,5.654473600121567,12.661781435843913,0.7034323019913286,12.681306168237024,126.88796620034853,0.0007366499511799462,73.70175746687134,0.6931471805579453,0,1,2.8,0.00019444444444444446,-0.2,2.537759324006971,1.1308947200243133,2.5323562871687826,0.1406864603982657,2.5362612336474046,25.377593240069707,0.00014732999023598926,42.19950239977827,1.0175192670436768,0.6,0.2,Train005,10.0
4,4,1,6.944444444444444e-05,0.0,5.6274584159306285,0.0,-5.6274584159306285,0.0,5.6274584159306285,56.274584159306286,0.0,0.0,-1.000088900581841e-12,0,0,1.0,6.944444444444444e-05,0.0,1.1254916831861257,0.0,-1.1254916831861257,0.0,1.1254916831861257,11.254916831861257,0.0,0.0,-1.000088900581841e-12,0.2,0.0,Train005,10.0
4,5,2,0.0001388888888888889,0.0,10.305924960292721,5.233402492997911,-5.627458415930628,2.1102969059739856,6.010128222791243,103.05924960292721,0.6671434539289707,28.250596096321463,0.6931471805579453,0,0,2.0,0.0001388888888888889,0.0,2.061184992058544,1.0466804985995821,-1.1254916831861255,0.42205938119479713,1.2020256445582487,20.611849920585442,0.13342869078579414,24.119553428248604,0.6931471805579453,0.4,0.0,Train005,10.0
5,0,1,6.944444444444444e-05,0.0,5.374215679332293,0.0,-5.374215679332293,0.0,5.374215679332293,-2.532427365983354,0.0,0.0,-1.000088900581841e-12,0,0,1.0,6.944444444444444e-05,0.0,2.200334819052584,0.0,-2.200334819052584,0.0,2.200334819052584,10.748431358664586,0.0,0.0,-1.000088900581841e-12,0.0,0.0,Train005,10.0
5,1,2,0.0001388888888888889,0.0,13.469044491461199,0.03350529313054018,-13.435539198330659,-0.671776959916533,13.452323138913753,-6.346856713436875,0.0012414730752009495,76.73430001404587,0.6931471805579453,0,0,2.0,0.0001388888888888889,0.0,5.514554930853217,0.013717883221771032,-5.500837047631446,-0.2750418523815723,5.507708801775574,26.938088982922398,0.0004965892300803798,76.76096343766255,0.6931471805579453,0.0,0.0,Train005,10.0
5,2,3,0.00020833333333333335,0.0,5.374215679332283,4.388028727342994,-5.374215679332283,0.0,5.374215679332283,-2.5324273659834518,0.6666666666666667,32.763438975457284,1.0986122886651097,0,0,2.4,0.00016666666666666666,0.2,2.2003348190525824,1.796565856652662,-2.2003348190525824,0.0,2.2003348190525824,16.375889774595194,0.2666666666666667,53.79074488806144,0.855333223800811,0.2,0.0,Train005,10.0
5,3,2,0.0001388888888888889,0.0,12.117784745277834,5.400015146112505,12.091985278497594,0.671776959916533,12.110631373271884,-5.710118747570183,0.0007366499511799462,74.64732326375338,0.6931471805579453,0,0,2.6,0.00018055555555555555,-0.2,4.961316273062538,2.210897749246814,4.9507533428683015,0.2750418523815723,4.958387508301781,24.23556949055567,0.0002946599804719785,50.26417932592794,0.936426245422244,0.0,0.2,Train005,10.0
5,4,1,6.944444444444444e-05,0.0,5.374215679332264,0.0,-5.374215679332264,0.0,5.374215679332264,-2.532427365983647,0.0,0.0,-1.000088900581841e-12,0,0,1.0,6.944444444444444e-05,0.0,2.2003348190525784,0.0,-2.2003348190525784,0.0,2.2003348190525784,10.748431358664527,0.0,0.0,-1.000088900581841e-12,0.0,0.0,Train005,10.0
5,5,2,0.0001388888888888889,0.0,9.842145319961018,4.997892770652265,-5.374215679332263,2.015330879749599,5.739664861544882,-4.637796403317029,0.6671434539289707,29.8284982483459,0.6931471805579453,0,0,2.0,0.0001388888888888889,0.0,4.0296140560507485,2.046259052730035,-2.200334819052578,0.8251255571447169,2.3499586168672253,19.684290639922036,0.2668573815715883,25.46789452567171,0.6931471805579453,0.0,0.0,Train005,10.0
6,0,1,6.944444444444444e-05,0.0,4.4712056606291135,0.0,-4.4712056606291135,0.0,4.4712056606291135,-9.030100187031795,0.0,0.0,-1.000088900581841e-12,0,0,1.0,6.944444444444444e-05,0.0,3.094575951178407,0.0,-3.094575951178407,0.0,3.094575951178407,8.942411321258227,0.0,0.0,-1.000088900581841e-12,0.0,0.0,Train005,10.0
6,1,2,0.0001388888888888889,0.0,11.205889671508077,0.027875519935388837,-11.178014151572688,-0.55890070757863,11.1919779473376,-22.631548199531224,0.0012414730752008385,76.73175897261252,0.6931471805579453,0,0,2.0,0.0001388888888888889,0.0,7.755732865154831,0.0192929872088488,-7.736439877945983,-0.38682199389729827,7.746104391243094,22.41177934301615,0.0007448838451205475,76.75218579606502,0.6931471805579453,0.0,0.0,Train005,10.0
6,2,3,0.00020833333333333335,0.0,4.471205660629089,3.650724134528366,-4.471205660629089,0.0,4.471205660629089,-9.030100187031943,0.6666666666666667,32.76623699149287,1.0986122886651097,0,0,2.6,0.00018055555555555555,0.2,3.0945759511784,2.5267106835583353,-3.0945759511784,0.0,3.0945759511784,14.569869737188805,0.4,46.781544129777075,0.9364262454222441,0.2,0.0,Train005,10.0
6,3,2,0.0001388888888888889,0.0,10.08167721212536,4.492670136339016,10.060212736415417,0.55890070757863,10.075725795339354,-20.36107533152474,0.0007366499511799462,74.90960924691723,0.6931471805579453,0,0,2.4,0.00016666666666666666,-0.2,6.97765171548761,3.1094317765146178,6.962795890151385,0.38682199389729827,6.973532667369652,20.16335442425072,0.00044198997070796773,58.38131344871039,0.855333223800811,0.0,0.2,Train005,10.0
6,4,1,6.944444444444444e-05,0.0,4.471205660629084,0.0,-4.471205660629084,0.0,4.471205660629084,-9.030100187031795,0.0,0.0,-1.000088900581841e-12,0,0,1.0,6.944444444444444e-05,0.0,3.0945759511783955,0.0,-3.0945759511783955,0.0,3.0945759511783955,8.942411321258168,0.0,0.0,-1.000088900581841e-12,0.0,0.0,Train005,10.0
6,5,2,0.0001388888888888889,0.0,8.188405247035323,4.158114928899562,-4.471205660629083,1.6767021227359011,4.7752497388124775,-16.53740072925695,0.6671434539289718,30.26754779800095,0.6931471805579453,0,0,2.0,0.0001388888888888889,0.0,5.6672951054578125,2.8778820385099477,-3.0945759511783946,1.1604659816918972,3.3050085646297207,16.376810494070646,0.40028607235738267,26.904045533025815,0.6931471805579453,0.0,0.0,Train005,10.0
7,0,1,6.944444444444444e-05,0.0,3.6742949252387462,0.0,-3.6742949252387462,0.0,3.6742949252387462,-7.969107353903673,0.0,0.0,-1.000088900581841e-12,0,0,1.0,6.944444444444444e-05,0.0,3.829434936226156,0.0,-3.829434936226156,0.0,3.829434936226156,7.3485898504774925,0.0,0.0,-1.000088900581841e-12,0.0,0.0,Train005,10.0
7,1,2,0.0001388888888888889,0.0,9.208644530793954,0.022907217697182958,-9.185737313096752,-0.45928686565483406,9.197212317337302,-19.972451407141225,0.0012414730752009495,76.73133794871069,0.6931471805579453,0,0,2.0,0.0001388888888888889,0.0,9.597461771313624,0.02387443074828539,-9.573587340565334,-0.4786793670282651,9.585546854710554,18.417289061587905,0.0009931784601607374,76.74332394968712,0.6931471805579453,0.0,0.0,Train005,10.0
7,2,3,0.00020833333333333335,0.0,3.6742949252387214,3.000049243777531,-3.6742949252387214,0.0,3.6742949252387214,-7.969107353903673,0.6666666666666667,32.76670459083845,1.0986122886651097,0,0,2.8,0.00019444444444444446,0.2,3.829434936226144,3.126720532313841,-3.829434936226144,0.0,3.829434936226144,12.976048266408071,0.5333333333333334,39.77243689136183,1.0175192670436768,0.2,0.0,Train005,10.0
7,3,2,0.0001388888888888889,0.0,8.284802406784188,3.6919337502358216,8.267163581787074,0.4592868656548248,8.279911721328284,-17.96874805341172,0.0007366499511798352,74.95320578851077,0.6931471805579453,0,0,2.2,0.00015277777777777777,-0.2,8.634612196844447,3.847818526561782,8.6162286065088,0.47867936702826325,8.62951501163531,16.56960481356838,0.0005893199609439348,66.50716687981154,0.7742402021793782,0.0,0.2,Train005,10.0
7,4,1,6.944444444444444e-05,0.0,3.67429492523868,0.0,-3.67429492523868,0.0,3.67429492523868,-7.969107353904041,0.0,0.0,-1.000088900581841e-12,0,0,1.0,6.944444444444444e-05,0.0,3.8294349362261313,0.0,-3.8294349362261313,0.0,3.8294349362261313,7.34858985047736,0.0,0.0,-1.000088900581841e-12,0.0,0.0,Train005,10.0
7,5,2,0.0001388888888888889,0.0,6.7289715858757395,3.417006897344394,-3.674294925238681,1.3778605969645041,3.9241487003300604,-14.59433661159583,0.6671434539289754,30.3405789085001,0.6931471805579453,0,0,2.0,0.0001388888888888889,0.0,7.0130894226329605,3.5612834179788266,-3.829434936226131,1.436038101084798,4.089838304695733,13.45794317175148,0.5337147631431777,28.35480276247976,0.6931471805579453,0.0,0.0,Train005,10.0
8,0,1,6.944444444444444e-05,0.0,3.054886659400683,0.0,-3.054886659400683,0.0,3.054886659400683,-6.194082658380631,0.0,0.0,-1.000088900581841e-12,0,0,1.0,6.944444444444444e-05,0.0,4.440412268106293,0.0,-4.440412268106293,0.0,4.440412268106293,6.109773318801366,0.0,0.0,-1.000088900581841e-12,0.0,0.0,Train005,10.0
8,1,2,0.0001388888888888889,0.0,7.656262194700519,0.019045546198914298,-7.637216648501578,-0.3818608324250741,7.646757210183285,-15.523823360934351,0.0012414730752008385,76.7315576483803,0.6931471805579453,0,0,2.0,0.0001388888888888889,0.0,11.128714210253728,0.027683539988068252,-11.101030670265649,-0.55505153351328,11.114898296747212,15.312524389401034,0.001241473075200905,76.73450604324314,0.6931471805579453,0.0,0.0,Train005,10.0
8,2,3,0.00020833333333333335,0.0,3.054886659400653,2.4943045125223806,-3.054886659400653,0.0,3.054886659400653,-6.194082658380686,0.6666666666666667,32.7664604440101,1.0986122886651097,0,0,3.0,0.00020833333333333335,0.2,4.440412268106275,3.6255814348183173,-4.440412268106275,0.0,4.440412268106275,11.737231734731933,0.6666666666666667,32.76328082358091,1.0986122886651097,0.2,0.0,Train005,10.0
8,3,2,0.0001388888888888889,0.0,6.8881602765219,3.0695519522711243,6.8734949836514065,0.38186083242505686,6.8840940569999045,-13.966421302622884,0.0007366499511797242,74.93045119857022,0.6931471805579453,0,0,2.0,0.0001388888888888889,-0.2,10.012244252148827,4.461728917016007,9.990927603239081,0.5550515335132746,10.00633382303529,13.7763205530438,0.0007366499511798797,74.62846939292459,0.6931471805579453,0.0,0.2,Train005,10.0
8,4,1,6.944444444444444e-05,0.0,3.054886659400633,0.0,-3.054886659400633,0.0,3.054886659400633,-6.194082658380471,0.0,0.0,-1.000088900581841e-12,0,0,1.0,6.944444444444444e-05,0.0,4.440412268106258,0.0,-4.440412268106258,0.0,4.440412268106258,6.109773318801266,0.0,0.0,-1.000088900581841e-12,0.0,0.0,Train005,10.0
8,5,2,0.0001388888888888889,0.0,5.594609563858615,2.8409719410586303,-3.054886659400601,1.1455824972752324,3.2626203824299145,-11.343620220171246,0.6671434539289725,30.30245949983592,0.6931471805579453,0,0,2.0,0.0001388888888888889,0.0,8.132011335404684,4.129477806190552,-4.440412268106251,1.6651546005398443,4.7423623811817155,11.18921912771723,0.6671434539289722,29.79793611020087,0.6931471805579453,0.0,0.0,Train005,10.0
9,0,1,6.944444444444444e-05,0.0,5.160707067172671,0.0,-5.064065174233415,-0.9940529886692415,5.160707067172671,21.058204077719882,0.0,0.0,-1.000088900581841e-12,0,0,1.0,6.944444444444444e-05,0.0,4.347061998354701,0.0,-4.327733619766851,-0.1988105977338483,4.347061998354701,-0.9335026975159139,0.0,0.0,-1.000088900581841e-12,0.0,0.0,Train005,10.0
9,1,2,0.0001388888888888889,0.0,10.92336294269506,0.0027927372827791785,-10.920570205412254,0.17465990651459498,10.921966841841332,32.6710074799454,0.00012780871168649455,76.78759504281456,0.6931471805579453,0,0,2.0,0.0001388888888888889,0.0,10.492640766231762,0.02122526284896109,-10.471415503382785,-0.3794330918120952,10.482047491122655,-6.360734440219654,0.0010187402024980142,76.74330992531279,0.6931471805579453,0.0,0.0,Train005,10.0
9,2,2,0.0001388888888888889,-1.0,8.265744094382077,1.1025086288263743,-8.145569233694136,1.2646429232705512,8.243155940796143,52.108574349813935,0.002782310794291143,40.8354792410337,0.6931471805579453,0,1,2.8,0.00019444444444444443,-0.2,4.968069403796564,2.927123049399529,-4.9440344316589755,0.2529285846541102,4.963551773079378,5.276571356902837,0.5338897954921916,34.37966404856648,1.0175192670436768,0.0,0.2,Train005,10.0
9,3,1,6.944444444444444e-05,-1.0,11.915545174996952,0.0,11.860716743663197,1.1417596699746517,11.915545174996952,19.578329462039274,0.0,0.0,-1.000088900581841e-12,0,1,1.8,0.000125,-0.2,9.857593963141246,3.330834196991694,9.830714664802937,0.6427170071099393,9.853181624387275,-7.68560679461805,0.0005893199609438904,59.88811789955032,0.5545177444461562,0.0,0.2,Train005,10.0
9,4,1,6.944444444444444e-05,0.0,7.5491976459064825,0.0,-7.5491976459064825,0.0,7.5491976459064825,44.9431098650585,0.0,0.0,-1.000088900581841e-12,0,0,1.0,6.944444444444444e-05,0.0,4.824760114101428,0.0,-4.824760114101428,0.0,4.824760114101428,3.8434784599517093,0.0,0.0,-1.000088900581841e-12,0.0,0.0,Train005,10.0
9,5,1,6.944444444444444e-05,-1.0,10.590893056122747,0.0,-10.571250392383018,0.6447331756400515,10.590893056122747,21.55311551205502,0.0,0.0,-1.000088900581841e-12,0,1,1.8,0.000125,-0.2,8.189004954570688,3.0827973075909703,-5.429170663396729,1.3720418544730575,5.658515347848016,-5.112007690457207,0.533714763143178,24.147816890936575,0.5545177444461562,0.0,0.2,Train005,10.0
10,0,1,6.944444444444444e-05,0.0,5.329662983274263,0.0,-5.194038295572957,-1.1946856069299108,5.329662983274263,1.6895591610159144,1.1102230246251565e-16,0.0,-1.000088900581841e-12,0,0,1.0,6.944444444444444e-05,0.0,4.338151459143096,0.0,-4.291698143014983,-0.4377477191198304,4.338151459143096,-0.08910539211606014,2.2204460492503132e-17,0.0,-1.000088900581841e-12,0.0,0.0,Train005,10.0
10,1,2,0.0001388888888888889,0.0,10.903871047026763,0.009475120221782873,-10.894395926804961,0.3214272686839467,10.899136575850315,-0.19491895668296344,0.00043420127877868975,76.80995382964618,0.6931471805579453,0,0,2.0,0.0001388888888888889,0.0,9.979606077344874,0.01641922826720963,-9.963186849077648,-0.1807922460919993,9.971410178509966,-5.130346888868873,0.0008572858432135622,76.75844068843286,0.6931471805579453,0.0,0.0,Train005,10.0
10,2,2,0.0001388888888888889,0.0,8.307272278689721,1.4770816912866902,-8.177689754053311,1.35993359481587,8.289995723512607,0.41528184307644267,0.002147659331800167,40.19747885992677,0.6931471805579453,0,0,2.6,0.00018055555555555555,-0.2,5.554680723668052,2.3449336421882685,-5.504729246603182,0.5249153036172842,5.546707781915442,5.866113198714816,0.40098599402521834,35.866472025460375,0.936426245422244,0.0,0.2,Train005,10.0
10,3,1,6.944444444444444e-05,0.0,11.413204973428604,0.0,11.355203528561152,1.1491738730269714,11.413204973428604,-5.02340201568348,0.0,0.0,-1.000088900581841e-12,0,0,1.6,0.00011111111111111112,-0.2,9.7166780087714,2.2508311677691926,9.68335831481565,0.738196389732027,9.713696344418619,-7.548263448240709,0.00044198997070790116,44.95865324679964,0.4158883083343671,0.0,0.2,Train005,10.0
10,4,1,6.944444444444444e-05,0.0,8.180752312897704,0.0,-8.180752312897704,0.0,8.180752312897704,6.315546669912218,0.0,0.0,-1.000088900581841e-12,0,0,1.0,6.944444444444444e-05,0.0,5.386067440814517,0.0,-5.386067440814517,0.0,5.386067440814517,5.613073267130882,0.0,0.0,-1.000088900581841e-12,0.0,0.0,Train005,10.0
10,5,1,6.944444444444444e-05,0.0,10.266382926263475,0.0,-10.251541389437016,0.5518310695620172,10.266382926263475,-3.2451012985927186,1.1102230246251565e-16,0.0,-1.000088900581841e-12,0,0,1.6,0.00011111111111111112,-0.2,8.27385247583118,2.0832187534605175,-6.404635805417679,1.0793418924355414,6.563858960791734,-4.833468669512345,0.4002860723573839,18.182117241267395,0.4158883083343671,0.0,0.2,Train005,10.0
11,0,1,6.944444444444444e-05,0.0,4.937473545738626,0.0,-4.800283866032087,-1.1558199774968405,4.937473545738626,-3.9218943753563718,0.0,0.0,-1.000088900581841e-12,0,0,1.0,6.944444444444444e-05,0.0,4.431405036164998,0.0,-4.357513784095578,-0.6689117146191986,4.431405036164998,0.9325357702190246,2.2204460492503132e-17,0.0,-1.000088900581841e-12,0.0,0.0,Train005,10.0
11,1,2,0.0001388888888888889,0.0,9.989533477855353,0.011508773394666605,-9.978024704460672,0.3390682484621852,9.983784066171639,-9.143375691714102,0.0005755443264529037,76.81831590919693,0.6931471805579453,0,0,2.0,0.0001388888888888889,0.0,9.736334838614331,0.013145878959065183,-9.723188959655243,-0.001198454883836253,9.729771402276773,-2.4327123873054477,0.0007241000934639751,76.77575207574974,0.6931471805579453,0.0,0.0,Train005,10.0
11,2,2,0.0001388888888888889,0.0,7.382299414147279,1.2220241576115507,-7.266268565980193,1.2222249201949746,7.3683439542747635,-9.249728645424424,0.0019437058570392907,40.000094021940946,0.6931471805579453,0,0,2.4,0.0001666666666666667,-0.2,6.13689947437169,1.8591936468049053,-6.063741827673403,0.7693602876562792,6.126135440644577,5.822187507036318,0.2680414018632928,37.31324343154999,0.855333223800811,0.0,0.2,Train005,10.0
11,3,1,6.944444444444444e-05,0.0,10.309439177144283,0.0,10.255255168681296,1.055593469320895,10.309439177144283,-11.037657962843213,1.1102230246251565e-16,0.0,-1.000088900581841e-12,0,0,1.4,9.722222222222222e-05,-0.2,9.762230401775184,1.352297140501389,9.722366801268825,0.8375349420804798,9.760439020779605,-5.683579974504404,0.00029465998047193407,29.9767313974162,0.27725887222257806,0.0,0.2,Train005,10.0
11,4,1,6.944444444444444e-05,0.0,7.689833809774153,0.0,-7.689833809774153,0.0,7.689833809774153,-4.9091850312355145,0.0,0.0,-1.000088900581841e-12,0,0,1.0,6.944444444444444e-05,0.0,6.02979307064353,0.0,-6.02979307064353,0.0,6.02979307064353,6.43725629829014,0.0,0.0,-1.000088900581841e-12,0.0,0.0,Train005,10.0
11,5,1,6.944444444444444e-05,0.0,9.312148096990487,0.0,-9.299888207536245,0.47768348057247,9.312148096990487,-9.542348292729876,0.0,0.0,-1.000088900581841e-12,0,0,1.4,9.722222222222222e-05,-0.2,8.498601045822213,1.2515957676806049,-7.370372314799113,0.839538164002855,7.471238632427337,-3.43445818220693,0.2668573815715896,12.128607681667201,0.27725887222257806,0.0,0.2,Train005,10.0
12,0,1,6.944444444444444e-05,0.0,4.429197923842533,0.0,-4.302135877538018,-1.053290624552973,4.429197923842533,-5.082756218960922,0.0,0.0,-1.000088900581841e-12,0,0,1.0,6.944444444444444e-05,0.0,4.582385635885755,0.0,-4.483081974555432,-0.8795698395297931,4.582385635885755,1.5098059972075748,2.2204460492503132e-17,0.0,-1.000088900581841e-12,0.0,0.0,Train005,10.0
12,1,2,0.0001388888888888889,0.0,8.923415788330416,0.011334687453117276,-8.912081100877284,0.31803164775704745,8.917753847106855,-10.661176895249378,0.0006345048237206274,76.82123745199534,0.6931471805579453,0,0,2.0,0.0001388888888888889,0.0,9.679289090121623,0.010831372910252046,-9.66845771721135,0.15426524779854006,9.673879708230686,-0.5704574849270785,0.0006027064431679107,76.79373197640666,0.6931471805579453,0.0,0.0,Train005,10.0
12,2,2,0.0001388888888888889,0.0,6.400996819773651,0.9311846334442637,-6.300990269484604,1.0586093958662692,6.389298257958852,-9.813025943736275,0.0018671665709882879,39.9474442133531,0.6931471805579453,0,0,2.2,0.00015277777777777777,-0.2,6.682239853278676,1.445420724738252,-6.58908089652258,0.9810821668295329,6.669136107188604,5.453403789069799,0.13508150184415713,38.749391356052925,0.7742402021793782,0.0,0.2,Train005,10.0
12,3,1,6.944444444444444e-05,0.0,9.159235998168176,0.0,9.110472463440967,0.9438726413153696,9.159235998168176,-11.502031789761062,0.0,0.0,-1.000088900581841e-12,0,0,1.2,8.333333333333333e-05,-0.2,9.937117120051983,0.6139103904542249,9.891028577599604,0.934452097212589,9.936303876147583,-4.390236721774273,0.00014732999023596703,14.986090239714045,0.13862943611078898,0.0,0.2,Train005,10.0
12,4,1,6.944444444444444e-05,0.0,6.935362438920426,0.0,-6.935362438920426,0.0,6.935362438920426,-7.5447137085372695,0.0,0.0,-1.000088900581841e-12,0,0,1.0,6.944444444444444e-05,0.0,6.68200657337988,0.0,-6.68200657337988,0.0,6.68200657337988,6.522135027363492,0.0,0.0,-1.000088900581841e-12,0.0,0.0,Train005,10.0
12,5,1,6.944444444444444e-05,0.0,8.28652818487838,0.0,-8.276017805363088,0.41722732903886717,8.28652818487838,-10.256199121121075,0.0,0.0,-1.000088900581841e-12,0,0,1.2,8.333333333333333e-05,-0.2,8.810112365622741,0.5681943882117261,-8.290716890823992,0.6474115104177277,8.343714529337001,-2.566830684111979,0.1334286907857945,6.060491899967184,0.13862943611078898,0.0,0.2,Train005,10.0
13,0,1,6.944444444444444e-05,0.0,3.9385281973201143,0.0,-3.82411011302909,-0.942436313240459,3.9385281973201143,-4.906697265224191,0.0,0.0,-1.000088900581841e-12,0,0,1.0,6.944444444444444e-05,0.0,4.759113943469641,0.0,-4.636926665281114,-1.0680571021778849,4.759113943469641,1.7672830758388627,2.2204460492503132e-17,0.0,-1.000088900581841e-12,0.0,0.0,Train005,10.0
13,1,2,0.0001388888888888889,0.0,7.921461869569472,0.010450135167579866,-7.911011734401874,0.28771574037924447,7.916241975148695,-10.019539187609432,0.0006589570958122071,76.82210854379065,0.6931471805579453,0,0,2.0,0.0001388888888888889,0.0,9.732329025095414,0.00911229070398516,-9.72321673439141,0.28818056235940376,9.727776661223768,0.5303993497379054,0.00048620324729018447,76.81184215548873,0.6931471805579453,0.0,0.0,Train005,10.0
13,2,2,0.0001388888888888889,0.0,5.546688293276645,0.7028022312539117,-5.460791534562873,0.9134614986200171,5.5366647084155876,-8.543085264970065,0.0018366428548862723,39.941071504044075,0.6931471805579453,0,0,2.0,0.0001388888888888889,-0.2,7.180600180053874,1.0871202684845582,-7.070261871555023,1.1637744665535366,7.165491716991591,4.983603267751922,0.002115497081801032,40.18431356805972,0.6931471805579453,0.0,0.2,Train005,10.0
13,3,1,6.944444444444444e-05,0.0,8.113008026247016,0.0,8.069589918607331,0.838222989102194,8.113008026247016,-10.462279719211605,0.0,0.0,-1.000088900581841e-12,0,0,1.0,6.944444444444444e-05,-0.2,10.182086669997007,0.0,10.130247564590789,1.0257245285480163,10.182086669997007,-3.689408405092017,2.2204460492503132e-17,0.0,-1.000088900581841e-12,0.0,0.2,Train005,10.0
13,4,1,6.944444444444444e-05,0.0,6.180200896130201,0.0,-6.180200896130201,0.0,6.180200896130201,-7.551615427902245,0.0,0.0,-1.000088900581841e-12,0,0,1.0,6.944444444444444e-05,0.0,7.307069420725793,0.0,-7.307069420725793,0.0,7.307069420725793,6.250628473459138,0.0,0.0,-1.000088900581841e-12,0.0,0.0,Train005,10.0
13,5,1,6.944444444444444e-05,0.0,7.344755285556205,0.0,-7.335580253643245,0.3670048324819485,7.344755285556205,-9.417728993221752,0.0,0.0,-1.000088900581841e-12,0,0,1.0,6.944444444444444e-05,-0.2,9.160141509962259,0.0,-9.146855609672523,0.4916959774590709,9.160141509962259,-2.18165243872208,2.2204460492503132e-17,0.0,-1.000088900581841e-12,0.0,0.2,Train005,10.0
14,0,2,0.0001388888888888889,1.0,7.559242652238861,2.3142396639274025,-7.5247968004583505,-0.340334423890373,7.532489257096423,16.240225512102782,0.003905897855620788,15.222803802386707,0.6931471805579453,1,0,1.2,8.333333333333333e-05,0.2,5.238821060482879,0.46284793278548053,-5.129072990526101,-0.9373133892221113,5.233470381454391,0.8036873627154428,0.0007811795711241798,3.0445607604773413,0.13862943611078898,0.2,0.0,Train005,10.0
14,1,1,6.944444444444444e-05,-1.0,10.590279689563557,0.0,-10.584292923027007,-0.3560438494663394,10.590279689563557,26.792679551616647,0.0,0.0,-1.000088900581841e-12,0,1,1.8,0.00012499999999999998,-0.2,9.665712374469113,0.008553743247429324,-9.655961277914361,0.18203981116321694,9.661439230768213,-0.6452662359278456,0.00046064150495288557,61.45432314692582,0.5545177444461563,0.0,0.2,Train005,10.0
14,2,2,0.0001388888888888889,0.0,7.80468136406446,0.674399245100429,-7.761487347662394,0.43623994840006775,7.773737269840261,22.579930707878148,0.003994698228221405,40.242961629155424,0.6931471805579453,0,0,2.0,0.0001388888888888889,0.0,7.088387633990351,1.0014983917393692,-6.993445494348675,0.9980938715794399,7.071607982800414,-0.9221254606352346,0.0023579745685870846,40.06581004568407,0.6931471805579453,0.0,0.0,Train005,10.0
14,3,2,0.0001388888888888889,1.0,13.226999188089643,0.19339938267801404,-1.0261218462257622,-0.30273947153266345,1.0698491626980147,0.0,0.9204403207462355,18.641804155359328,0.6931471805579453,2,1,1.2,8.333333333333334e-05,0.2,10.444377472615544,0.03867987653560281,7.552879846612997,0.7368247002465533,8.012947467537218,-7.605074297499871,0.1840880641492471,3.7283608310718654,0.13862943611078898,0.4,0.2,Train005,10.0
14,4,2,0.0001388888888888889,1.0,10.60202065077655,0.12156849252407831,0.11912405261224635,-0.16188636141900123,0.20099187526924744,34.55416189587942,0.9849019937828973,64.38631277310063,0.6931471805579453,1,0,1.2,8.333333333333333e-05,0.2,7.917634021699807,0.024313698504815663,-5.773405081022047,-0.032377272283800246,5.837428266598346,4.172838879623321,0.19698039875657947,12.877262554620126,0.13862943611078898,0.2,0.0,Train005,10.0
14,5,2,0.0001388888888888889,1.0,9.44080934967139,0.0778175405884971,-8.800036610366853,2.542542475960528,9.159976341992397,20.182365235266893,0.029748761083907338,46.2675328669684,0.6931471805579453,1,0,1.2,8.333333333333334e-05,0.2,8.930124768671988,0.01556350811769942,-8.79261285326929,0.8712578375231661,8.87395816713619,-2.4558024940797054,0.0059497522167814895,9.25350657339368,0.13862943611078898,0.2,0.0,Train005,10.0
15,0,2,0.0001388888888888889,0.0,7.576909915106194,2.259149269837634,-7.550474453154654,-0.36833919846987306,7.559453567082114,0.17667262867332667,0.0025289749807761996,14.84878637286657,0.6931471805579453,0,0,1.4,9.722222222222222e-05,0.2,5.688270446849266,0.9146777867530073,-5.60036022204244,-0.7720441075301038,5.679428498215962,0.5011100562469253,0.0012869745672793975,6.014318035050655,0.27725887222257806,0.2,0.0,Train005,10.0
15,1,1,6.944444444444444e-05,0.0,10.741968341445913,0.0,-10.732610579301143,-0.4482789329194785,10.741968341445913,1.5168865188235614,0.0,0.0,-1.000088900581841e-12,0,0,1.6,0.00011111111111111112,-0.2,9.633331833352942,0.006658719203072749,-9.623604208413596,0.028098570842531857,9.630005583887332,-0.30290514082654063,0.0003738012491971476,46.09233238099658,0.4158883083343672,0.0,0.2,Train005,10.0
15,2,2,0.0001388888888888889,0.0,7.931283971177403,0.5234784962408972,-7.891790243230459,0.2436631205947432,7.895550959843489,1.2660260711294313,0.004525081820188737,40.37800292533565,0.6931471805579453,0,0,2.0,0.0001388888888888889,0.0,7.013189972487888,0.8107777527302105,-6.936265592184105,0.7748397767352144,6.992719030066591,-0.7519766150246369,0.0028334590662647983,40.10191485876584,0.6931471805579453,0.0,0.0,Train005,10.0
15,3,2,0.0001388888888888889,0.0,12.705373022496676,0.43464696343743814,-1.048536635084095,-0.5392188210732085,1.1790614963236894,-5.2162616559296815,0.9136848924149842,19.892938841098587,0.6931471805579453,0,0,1.4,9.722222222222222e-05,0.2,10.70281108242916,0.12560926922309043,5.0721318138839475,0.3991461614265173,5.9661187721162365,-7.643646225549114,0.36682504263224397,7.706948599291583,0.27725887222257806,0.4,0.2,Train005,10.0
15,4,2,0.0001388888888888889,0.0,11.020299936891746,0.14901032439943318,-0.15973137939838544,-0.3412283001522271,0.3767636744556053,4.182792861151947,0.968596487331466,61.568368500228345,0.6931471805579453,0,0,1.4,9.722222222222222e-05,0.2,8.485543546498615,0.054115763384702295,-4.169200894322183,-0.10062293231424566,4.2766305389099255,3.7462881178712673,0.39069969622287265,25.190936254665793,0.27725887222257806,0.2,0.0,Train005,10.0
15,5,2,0.0001388888888888889,0.0,9.289975028385687,0.09094988654601632,-8.653271749352184,2.475311393138268,9.000348796637647,-1.508343212857035,0.031179248582476782,46.66938002354963,0.6931471805579453,0,0,1.4,9.722222222222222e-05,0.2,8.734843189096429,0.03375348542690269,-8.472958925252323,1.2559539022384165,8.620751341211022,-2.1084508769325687,0.012185601933276825,18.587382578103607,0.27725887222257806,0.2,0.0,Train005,10.0
16,0,2,0.0001388888888888889,0.0,7.076516873504785,2.0898300698325887,-7.054030645112033,-0.3529861560879431,7.062856898491532,-5.003930416014093,0.002114955336641966,14.721945113197341,0.6931471805579453,0,0,1.6,0.00011111111111111112,0.2,6.116079112402497,1.332643800719525,-6.051109577858429,-0.6114773432483241,6.1045051687665435,0.284702848115381,0.0017099656346077907,8.958707057690123,0.4158883083343672,0.2,0.0,Train005,10.0
16,1,2,0.0001388888888888889,1.0,8.53987259236957,1.5341285490307324,-8.523503585386559,-0.5063930671226494,8.538533088799703,-5.350143158216398,0.00016208399812167595,47.65842152222296,0.6931471805579453,1,0,1.6,0.00011111111111111112,0.0,9.343399656255786,0.3111826743302859,-9.332699984598772,-0.1409936922744351,9.340955388412945,0.45574136587300007,0.00029110918353090207,40.26035350360179,0.4158883083343672,0.2,0.2,Train005,10.0
16,2,1,6.944444444444444e-05,-1.0,7.786277459412023,0.0,-7.736086249708044,0.8826586044592093,7.786277459412023,-6.68485008006277,0.0,0.0,-1.000088900581841e-12,0,1,1.8,0.000125,-0.2,7.093985581540837,0.5663729212079003,-7.030229128929674,0.7069265135880614,7.076305731094043,-0.23900090195230597,0.00244471789485694,32.10189605437765,0.5545177444461562,0.0,0.2,Train005,10.0
16,3,2,0.0001388888888888889,0.0,11.710794697924893,0.4801523747362273,-0.9860531057376805,-0.5761353082412288,1.1420300437103839,-9.945783245717834,0.9114440617901083,20.33653024306843,0.6931471805579453,0,0,1.6,0.00011111111111111112,0.2,10.983082186585282,0.22163974417033588,2.823870159000152,0.07280040591409256,4.132636945429455,-7.4252712821240365,0.5491138549902657,11.77425464790527,0.4158883083343672,0.4,0.2,Train005,10.0
16,4,2,0.0001388888888888889,0.0,10.423181746351851,0.22743620789475383,-0.24145765703954591,-0.3778392866346677,0.4484019699640286,-5.97118190539895,0.9629159671948568,60.577822710101344,0.6931471805579453,0,0,1.6,0.00011111111111111112,0.2,9.032213133814155,0.09960300496365307,-2.6795256637752627,-0.17619078964117924,2.8283441709479016,3.5338887430385797,0.583282889661844,37.306500796686066,0.4158883083343672,0.2,0.0,Train005,10.0
16,5,2,0.0001388888888888889,0.0,8.628364586275227,0.13116752048883917,-8.034750574967983,2.291394467114953,8.355100562283697,-6.616104421104607,0.03167787125157728,46.806477882296825,0.6931471805579453,0,0,1.6,0.00011111111111111112,0.2,8.59808648695338,0.05998698952467052,-8.219931398738671,1.6186960995469128,8.429341834269666,-1.5232021026075149,0.01852117618359228,27.94867815456297,0.4158883083343672,0.2,0.0,Train005,10.0
17,0,2,0.0001388888888888889,0.0,6.446858186057023,1.8966642330306525,-6.427100059341434,-0.32478618217706856,6.435301176861874,-6.296586874477623,0.001962687632526605,14.687673925644182,0.6931471805579453,0,0,1.8,0.000125,0.2,6.519611164845395,1.7119766473256555,-6.4761024142191115,-0.4657764547731434,6.5057258193704115,0.04193671701204078,0.002102503161113112,11.896241842818961,0.5545177444461562,0.2,0.0,Train005,10.0
17,1,2,0.0001388888888888889,0.0,7.803043298145665,1.3893551482168554,-7.7868255132367405,-0.4803074423379957,7.801624626496708,-7.368292942239041,0.00018776321768754212,47.67540100236,0.6931471805579453,0,0,1.6,0.00011111111111111112,0.0,9.119325158218837,0.5867867664830335,-9.107648867070663,-0.3006615102934437,9.117729544290915,1.1143181564750677,0.00020176086232428502,34.43118621367472,0.4158883083343672,0.2,0.2,Train005,10.0
17,2,1,6.944444444444444e-05,0.0,6.995324574781871,0.0,-6.952080936638847,0.7766186689553002,6.995324574781871,-7.909528846301521,1.1102230246251565e-16,0.0,-1.000088900581841e-12,0,0,1.6,0.00011111111111111112,-0.2,7.21285113254248,0.38013599451904756,-7.160447262360523,0.6505283682058675,7.197510994458646,0.1416985175346447,0.002071284580659305,24.11240721170703,0.4158883083343672,0.0,0.2,Train005,10.0
17,3,2,0.0001388888888888889,0.0,10.608856486685132,0.4693196473372261,-0.8998757645715202,-0.5560467212778777,1.0578111116390563,-11.019382112397595,0.9105531595010335,20.448878628754258,0.6931471805579453,0,0,1.8,0.000125,0.2,11.273006284288673,0.3155036736377811,0.8218005133976547,-0.2271834666045569,2.512351968123632,-7.328741346651343,0.7312244868904723,15.86403037365612,0.5545177444461562,0.4,0.2,Train005,10.0
17,4,2,0.0001388888888888889,0.0,9.542584938268073,0.2386243584266481,-0.25299592205299604,-0.3653846187364174,0.4444241849681482,-8.805968080837774,0.9606976897021403,60.27345603339028,0.6931471805579453,0,0,1.8,0.000125,0.2,9.553657633683684,0.14732787664898267,-1.3430523604017766,-0.2492677133884627,1.5301565201574463,3.2816378685784797,0.7754224276022721,49.36119200336412,0.5545177444461562,0.2,0.0,Train005,10.0
17,5,2,0.0001388888888888889,0.0,7.8437127959118005,0.13567095962762332,-7.303229201566932,2.080367728340514,7.593753133710671,-7.84651790363426,0.031877212385307496,46.85141209811682,0.6931471805579453,0,0,1.8,0.000125,0.2,8.509523409160062,0.08712118145019518,-8.02537367797944,1.951324179407242,8.290786824036124,-1.041265859110152,0.02489661866065378,37.318960574186335,0.5545177444461562,0.2,0.0,Train005,10.0
18,0,2,0.0001388888888888889,0.0,5.821493032754295,1.7100138744211213,-5.803911238494431,-0.29446583164809786,5.811376411000252,-6.253651533027278,0.0019020661823256901,14.687159414269548,0.6931471805579453,0,0,2.0,0.0001388888888888889,0.2,6.896204131932231,2.05397942220988,-6.872062639312181,-0.33618235845467115,6.880295462106439,-0.22745413654857655,0.0024829163975782498,14.83367372567287,0.6931471805579453,0.2,0.0,Train005,10.0
18,1,2,0.0001388888888888889,0.0,7.054638353169128,1.2515155168176242,-7.039497741012158,-0.44072533875247555,7.053280603374132,-7.484049449765369,0.0001987165889592024,47.67163899428508,0.6931471805579453,0,0,1.6,0.00011111111111111112,0.0,8.945960454938767,0.8349998428130423,-8.933346068392721,-0.4463497261197877,8.945137269936001,1.62141610404388,0.0001097127609536841,28.601092303773605,0.4158883083343672,0.2,0.2,Train005,10.0
18,2,1,6.944444444444444e-05,0.0,6.2413500902666605,0.0,-6.203423353632187,0.6870150252232008,6.2413500902666605,-7.539744845152105,0.0,0.0,-1.000088900581841e-12,0,0,1.4,9.722222222222222e-05,-0.2,7.351783491940483,0.23957554826826524,-7.308973626174387,0.6052390735265043,7.338448070828861,0.3423666014982366,0.0017039560096820505,16.124192910898216,0.2772588722225781,0.0,0.2,Train005,10.0
18,3,2,0.0001388888888888889,0.0,9.54984865492801,0.43950892131044217,-0.8121122290207877,-0.5174541184078114,0.9629564046115057,-10.590078317571221,0.9101854789113534,20.43316264571123,0.6931471805579453,0,0,2.0,0.0001388888888888889,0.2,11.56037441002487,0.40340545789986954,-0.9545399161279692,-0.498318888106558,1.0823416437965299,-7.354301066323266,0.9132615826727429,19.950662902798367,0.6931471805579453,0.4,0.2,Train005,10.0
18,4,2,0.0001388888888888889,0.0,8.634242693182657,0.2270636980372034,-0.2406552900080987,-0.3377605885179538,0.4147254317797217,-9.08342245085417,0.9597922272073235,60.22264822498913,0.6931471805579453,0,0,2.0,0.0001388888888888889,0.2,10.044465993094175,0.19274061625642336,-0.15514323917735595,-0.31681983109205347,0.37706142728735026,2.9752764639880938,0.9673808730437369,61.40572164836194,0.6931471805579453,0.2,0.0,Train005,10.0
18,5,2,0.0001388888888888889,0.0,7.07524398785195,0.1298319510299346,-6.587488005883836,1.8752435489380805,6.8491997047463355,-7.684688080598514,0.031959559507378166,46.864878536007666,0.6931471805579453,0,0,2.0,0.0001388888888888889,0.2,8.45562114961921,0.1130875716561821,-7.875755228427559,2.252971922698469,8.19167570787415,-0.6946576765855044,0.031288530562129414,46.69193628138787,0.6931471805579453,0.2,0.0,Train005,10.0
19,0,2,0.0001388888888888889,0.0,8.388219842860284,1.2412067626918573,-8.383781224895909,-0.26560773529447357,8.387987547437431,25.667268101059904,2.831298031702456e-05,15.113289553887109,0.6931471805579453,0,0,2.0,0.0001388888888888889,0.0,7.061999570056517,1.8393728419627706,-7.043859524199692,-0.3212370207354912,7.051395120174641,1.6579543812428477,0.0017073994225174972,14.81177087597295,0.6931471805579453,0.0,0.0,Train005,10.0
19,1,2,0.0001388888888888889,0.0,9.658100385169309,0.6571609975295125,-9.657189013439368,0.07410162705938202,9.657473307880633,26.0346203200018,6.522960943655676e-05,46.68982369883648,0.6931471805579453,0,0,1.8,0.000125,0.2,8.759524594059917,0.9664320423189448,-8.747925286475194,-0.3603206308146434,8.758575993599418,1.4698042577209107,0.00012275868284099544,37.9390570435409,0.5545177444461562,0.2,0.0,Train005,10.0
19,2,2,0.0001388888888888889,1.0,5.258123372320498,2.6811929575397313,-3.368601239168148,-1.1785494582003562,3.5688167694558843,16.97966239593569,0.47927081373300584,21.914646667985114,0.6931471805579453,1,0,1.4,9.722222222222222e-05,0.0,6.842471893591691,0.6409342907561257,-6.430396404475536,0.28228119220641945,6.497463970751985,-0.7776870608902549,0.09675917911063894,12.458529918664151,0.27725887222257806,0.2,0.2,Train005,10.0
19,3,2,0.0001388888888888889,0.0,8.927972628124783,0.248421192803443,-0.8804599566714055,-0.15384051132019128,0.8937989920698451,-6.218760268032275,0.9037950842273487,23.15488328053317,0.6931471805579453,0,0,2.0,0.0001388888888888889,0.0,10.700569098031899,0.41440981992495535,-0.9254075382170978,-0.4685390960640635,1.047131609670896,-8.598053119929721,0.9099325353689656,20.853278727833136,0.6931471805579453,0.0,0.0,Train005,10.0
19,4,2,0.0001388888888888889,0.0,11.0859815125897,1.8327000862680114,1.8309763666735686,-0.14921532561059603,1.8370464525194288,24.517388194070456,0.9884488769036225,54.19192882659794,0.6931471805579453,0,0,2.0,0.0001388888888888889,0.0,10.141258165456806,0.53496693500521,0.18722722363490849,-0.31428562393037246,0.7042723427373865,0.9679217236263014,0.9680902496678818,59.3668448590614,0.6931471805579453,0.0,0.0,Train005,10.0
19,5,2,0.0001388888888888889,0.0,7.902422537459024,2.6992765061341233,-6.870700060629397,2.3203426058604744,7.251931406991118,8.271785496070741,0.093746863848997,53.325165299568326,0.6931471805579453,0,0,2.0,0.0001388888888888889,0.0,8.147943787176738,0.6373793647653073,-7.489887918480067,2.208531948678458,7.810066720873894,-3.0767736244247343,0.04408815111514734,48.10346276790786,0.6931471805579453,0.0,0.0,Train005,10.0
20,0,2,0.0001388888888888889,0.0,8.743567542230306,1.0004017947044628,-8.738340286567615,-0.23923257239329282,8.741614449719485,3.553476993700202,0.00022633809857564025,15.296437031908646,0.6931471805579453,0,0,2.0,0.0001388888888888889,0.0,7.295331095481339,1.5876233469361365,-7.281432690882285,-0.29541569552017516,7.2878272967021145,2.3333152542482223,0.0012468720460773852,14.901301007781365,0.6931471805579453,0.0,0.0,Train005,10.0
20,1,2,0.0001388888888888889,0.0,9.949561631778222,0.40907562595758407,-9.945208139334824,0.2445546492250183,9.94821450870201,2.914612466089128,0.00013562449937798426,46.31192621109614,0.6931471805579453,0,0,2.0,0.0001388888888888889,0.2,8.601043252126377,1.0482471675104617,-8.59044479848193,-0.2217539143857441,8.599825227050637,1.7493494471740234,0.0001498835827165923,47.20144228576013,0.6931471805579453,0.2,0.0,Train005,10.0
20,2,2,0.0001388888888888889,0.0,5.238554782007301,2.751216656649614,-3.436454329443267,-1.2757648359748834,3.6656233133069462,-0.195685903131968,0.45662994292692227,22.7448853119008,0.6931471805579453,0,0,1.4,9.722222222222222e-05,0.0,6.303926055757671,1.086481922837869,-5.5393292217180985,-0.021604399107505844,5.651478441444676,-1.0700294557425347,0.18718015133198565,8.931906395977183,0.27725887222257806,0.2,0.2,Train005,10.0
20,3,2,0.0001388888888888889,0.0,8.2479128390115,0.1810724682121041,-0.8493428761979185,-0.023004577574455176,0.8496543602768903,-6.800597891132831,0.8993277638859909,24.205824857465053,0.6931471805579453,0,0,2.0,0.0001388888888888889,0.0,9.809077061334865,0.36369492087988853,-0.8855687864398625,-0.3652962473643129,0.9812501824615362,-8.914920366970351,0.9070611096631669,21.715855931106425,0.6931471805579453,0.0,0.0,Train005,10.0
20,4,2,0.0001388888888888889,0.0,11.231316391187438,2.4217141549994183,2.4212933763567603,-0.07579397473896769,2.422479378858745,1.4533487859773686,0.9944484748295866,52.0190660240611,0.6931471805579453,0,0,2.0,0.0001388888888888889,0.0,10.183461456315943,0.989507701125207,0.7034321747859377,-0.26119875884772054,1.1134154836180143,0.4220329085913857,0.973260647167506,57.45698436382795,0.6931471805579453,0.0,0.0,Train005,10.0
20,5,2,0.0001388888888888889,0.0,7.820463009229904,3.2757674017442344,-6.53840280031832,2.326427376879819,6.9399550084353105,-0.8195952822911945,0.1384445003121445,55.76771148402416,0.6931471805579453,0,0,2.0,0.0001388888888888889,0.0,7.8540413833455816,1.2743428678049509,-7.066914128673294,2.178755145426768,7.397987963233428,-2.9390240383115662,0.06554120146108089,49.92312906000276,0.6931471805579453,0.0,0.0,Train005,10.0
21,0,2,0.0001388888888888889,0.0,8.325650845204589,0.8562399676305636,-8.320099596515036,-0.21546623988227928,8.322889101535516,-4.179166970257175,0.0003352616340449588,15.375140344186791,0.6931471805579453,0,0,2.0,0.0001388888888888889,0.0,7.5451578898213,1.3409053264957316,-7.534646481162885,-0.2679117122790424,7.539833737310912,2.4982679433996062,0.0008909333055579838,15.031940053979255,0.6931471805579453,0.0,0.0,Train005,10.0
21,1,2,0.0001388888888888889,0.0,9.435692526618457,0.29882621777493856,-9.429776480543088,0.28764393171523345,9.43416257568504,-5.138691051597641,0.00016230786409776599,46.165095749857386,0.6931471805579453,0,0,2.0,0.0001388888888888889,0.0,8.780207238976157,0.8011867012593029,-8.771699377513237,-0.06294651461816748,8.778951124427705,1.7916398684977746,0.0001499283559118103,46.90277713128702,0.6931471805579453,0.0,0.0,Train005,10.0
21,2,2,0.0001388888888888889,0.0,4.89707509924352,2.589148503227255,-3.2314684051552875,-1.2304933573459367,3.4578175134019626,-3.414796827637814,0.44861679329366355,23.035584067246145,0.6931471805579453,0,0,1.6,0.00011111111111111112,0.2,5.72608558372397,1.60431162348332,-4.638405652807547,-0.44423479146853506,4.785786452242665,-0.41601880525754353,0.27690350999071833,13.539023209426412,0.4158883083343672,0.2,0.0,Train005,10.0
21,3,2,0.0001388888888888889,0.0,7.516930204500758,0.1505047849832688,-0.7865395754862967,0.021383679601728822,0.786830201224809,-7.309826345107413,0.8972377512113165,24.565957924966284,0.6931471805579453,0,0,2.0,0.0001388888888888889,0.0,8.970304162650036,0.2977654029292968,-0.8456660803895858,-0.24579244979572135,0.9102102139644213,-8.387728986848268,0.9042198475474086,22.561741467485998,0.6931471805579453,0.0,0.0,Train005,10.0
21,4,2,0.0001388888888888889,0.0,10.588025368188521,2.4735270196196977,2.4733646250858055,-0.04605538339807192,2.4737933759644903,-6.432910229989179,0.9964739513086157,51.270126316932085,0.6931471805579453,0,0,2.0,0.0001388888888888889,0.0,10.216430180683279,1.4387258634701958,1.246396631211008,-0.1948419782004014,1.5184937648181067,0.32968724367333985,0.9799722439902577,55.595445085194115,0.6931471805579453,0.0,0.0,Train005,10.0
21,5,2,0.0001388888888888889,0.0,7.333808892716544,3.246488273469579,-6.021436573870284,2.1844747998114205,6.4054374217655,-4.866541165133604,0.16032733280394074,56.667714662449434,0.6931471805579453,0,0,2.0,0.0001388888888888889,0.0,7.595130244633845,1.8974070184010992,-6.664251328453754,2.1573712119660615,7.008055335129787,-2.5891113871173657,0.09127109377155358,51.89537641603329,0.6931471805579453,0.0,0.0,Train005,10.0
22,0,2,0.0001388888888888889,0.0,7.673146201622972,0.7544606587199456,-7.667777167197044,-0.19414437975569512,7.670234593933816,-6.525046435816155,0.00038315921542553255,15.411624133368012,0.6931471805579453,0,0,2.0,0.0001388888888888889,0.0,7.79041549293449,1.1124646116335903,-7.782781902734007,-0.24178335179476776,7.7868204207253005,2.4525760311319,0.0005750276221377692,15.176730095524022,0.6931471805579453,0.0,0.0,Train005,10.0
22,1,2,0.0001388888888888889,0.0,8.682447212006975,0.24275524174900376,-8.676274590644104,0.2847947881698945,8.680947462323754,-7.532453146114824,0.00017286866872090467,46.10696503084776,0.6931471805579453,0,0,2.0,0.0001388888888888889,0.0,8.95608802174842,0.5718667199657326,-8.949589192994708,0.09007393148341056,8.954815691593113,1.7588078277226185,0.00014694944611848282,46.589089936984564,0.6931471805579453,0.0,0.0,Train005,10.0
22,2,2,0.0001388888888888889,0.0,4.469718139026761,2.367152912140995,-2.9546974960590533,-1.1377460761582137,3.166181205653121,-4.273569602167589,0.44541120192212635,23.1189780367818,0.6931471805579453,0,0,1.8,0.000125,0.2,5.220964296572949,2.077742205911519,-3.8389289646915885,-0.8271077404912377,4.019957778416915,0.3111730435692429,0.36598575037514364,18.16281881678277,0.5545177444461562,0.2,0.0,Train005,10.0
22,3,2,0.0001388888888888889,0.0,6.806363449434761,0.1323114308033655,-0.7170036225425469,0.034087498371025315,0.7178134522871035,-7.105667550659982,0.8963253684624322,24.659803407304167,0.6931471805579453,0,0,2.0,0.0001388888888888889,0.0,8.20980555519996,0.2303637596225247,-0.8090916519837912,-0.12776560586594074,0.8422106820940307,-7.604986074500744,0.9013742893396882,23.40392642319598,0.6931471805579453,0.0,0.0,Train005,10.0
22,4,2,0.0001388888888888889,0.0,9.719898394553622,2.3399312709222193,2.339840666540318,-0.0330554867385802,2.3400741462610464,-8.681269736348977,0.9972590316921879,51.05144707528457,0.6931471805579453,0,0,2.0,0.0001388888888888889,0.0,10.251892871940388,1.8589872459693102,1.7649639489296707,-0.12837615180083395,1.8976237570766863,0.35462691257109924,0.9872845123882673,53.75104329357297,0.6931471805579453,0.0,0.0,Train005,10.0
22,5,2,0.0001388888888888889,0.0,6.722063792410884,3.034161609381684,-5.475920106596601,2.0018807822448323,5.830371144288339,-6.117451003056598,0.1699922046568043,56.97952247251427,0.6931471805579453,0,0,2.0,0.0001388888888888889,0.0,7.3708004439336605,2.477105148351911,-6.298789509459687,2.141673822746925,6.655378937245321,-2.243298007001833,0.11889409222585294,53.920998490912766,0.6931471805579453,0.0,0.0,Train005,10.0
23,0,2,0.0001388888888888889,0.0,6.982898326976749,0.6736750933494138,-6.977911338658268,-0.17502801364527001,6.980106120664373,-6.902478746462228,0.00040362094412560445,15.431080933479954,0.6931471805579453,0,0,2.0,0.0001388888888888889,0.0,8.02269655177898,0.9051968554192487,-8.017581922766775,-0.21789578819420216,8.020566362658125,2.3228105884449093,0.00027533857449775213,15.325514399366103,0.6931471805579453,0.0,0.0,Train005,10.0
23,1,2,0.0001388888888888889,0.0,7.8962927897089745,0.20875261670391865,-7.890394916842986,0.2665097396499663,7.894894513865903,-7.861544222980008,0.00017720389943931547,46.08302048524022,0.6931471805579453,0,0,2.0,0.0001388888888888889,0.0,9.124418909056388,0.3633141399429915,-9.119768628160873,0.23152094716389895,9.12313847369147,1.6833088730796901,0.00014264690821450544,46.2713662351756,0.6931471805579453,0.0,0.0,Train005,10.0
23,2,2,0.0001388888888888889,0.0,4.043335109310922,2.142035408806927,-2.674234457229227,-1.0349743272799756,2.8675253774571443,-4.263830297158391,0.4440862943549564,23.125888118684152,0.6931471805579453,0,0,2.0,0.0001388888888888889,0.2,4.781361300381801,2.5061492876729043,-3.133091185410996,-1.1715056109918731,3.345192835855012,0.9663559531679858,0.45480300924613487,22.7879964405196,0.6931471805579453,0.2,0.0,Train005,10.0
23,3,2,0.0001388888888888889,0.0,6.147471165370742,0.11891133595796033,-0.6496093624999819,0.035528519772868083,0.6505802022540218,-6.588922840640183,0.8959343740399678,24.65534162166809,0.6931471805579453,0,0,2.0,0.0001388888888888889,0.0,7.529330057288509,0.16624424255202835,-0.77659107867963,-0.017169078229804846,0.7797354416225339,-6.804754979114537,0.8985240683654112,24.248362218387353,0.6931471805579453,0.0,0.0,Train005,10.0
23,4,2,0.0001388888888888889,0.0,8.831259308982933,2.151883296362614,2.1518189469316704,-0.026584861026161498,2.151983163319338,-8.8863908557069,0.9975794779453246,51.02803578946247,0.6931471805579453,0,0,2.0,0.0001388888888888889,0.0,10.291296195100443,2.243951165634392,2.2434587963176247,-0.06614100630247548,2.24507530338461,0.3940332316005534,0.9948419625358674,51.912120806467634,0.6931471805579453,0.0,0.0,Train005,10.0
23,5,2,0.0001388888888888889,0.0,6.103999536665737,2.776496662531442,-4.955857727872816,1.8173297489507587,5.278561663496803,-6.180642557451472,0.1741411963322691,57.06918227159411,0.6931471805579453,0,0,2.0,0.0001388888888888889,0.0,7.176551553696418,3.0064380906522126,-5.9724634538574835,2.130091062749461,6.341251328995414,-1.9424889023724248,0.14733041959083112,55.96185923803006,0.6931471805579453,0.0,0.0,Train005,10.0
24,0,2,0.0001388888888888889,0.0,8.740073826302673,1.506275619123394,-8.736102591519574,-0.006808147292177463,8.73610524435372,17.571754993259248,0.0004679699006847615,13.87691010285006,0.6931471805579453,0,0,2.0,0.0001388888888888889,0.0,8.093067348467457,0.9582106267055559,-8.088046196091508,-0.16613587059374296,8.090189902041383,0.7037079668847781,0.00036326995857129953,15.078238509158691,0.6931471805579453,0.0,0.0,Train005,10.0
24,1,2,0.0001388888888888889,0.0,9.566031534360267,1.4028354065740762,-9.56042655625841,-0.20909019468472537,9.562712724280926,16.697387446512913,0.00035456336933747945,48.700292429250474,0.6931471805579453,0,0,2.0,0.0001388888888888889,0.0,9.106005138894579,0.5124490217519042,-9.100416136724682,0.17488258281507746,9.104186356971528,-0.18413770161808712,0.00020051366019468997,46.6734599812584,0.6931471805579453,0.0,0.0,Train005,10.0
24,2,2,0.0001388888888888889,0.0,5.467338330295373,3.8471768979532803,-4.898939249961326,-0.6240302382833494,4.938524021719811,14.240032209844514,0.20290444321632606,25.420461922398893,0.6931471805579453,0,0,2.0,0.0001388888888888889,0.0,4.823204291976776,2.7393460757556145,-3.4391587875696317,-1.0606017670084718,3.619134286307797,0.4184299159497506,0.39952973514279894,23.489159491402358,0.6931471805579453,0.0,0.0,Train005,10.0
24,3,2,0.0001388888888888889,0.0,6.797194034515533,0.8878765240565998,-1.0355183153379555,-0.2708219063839761,1.070346993445494,6.497228691447905,0.9112977097469542,29.555649243209412,0.6931471805579453,0,0,2.0,0.0001388888888888889,0.0,7.103174338566658,0.2941353088026597,-0.8076027504129399,-0.04056535724256181,0.8150450418976638,-4.261557187218501,0.9000245934693323,25.5285154109226,0.6931471805579453,0.0,0.0,Train005,10.0
24,4,2,0.0001388888888888889,0.0,10.409089044815444,1.3528946777340582,1.3528506627052161,-0.022753068264888456,1.3530419866720358,15.778297358325108,0.9980655379760467,46.5816091217806,0.6931471805579453,0,0,2.0,0.0001388888888888889,0.0,10.155917701545592,2.147990083927602,2.147833655523954,-0.040848554833333967,2.148274410215131,-1.3537849355485156,0.9967652947503524,50.39005686550417,0.6931471805579453,0.0,0.0,Train005,10.0
24,5,2,0.0001388888888888889,0.0,6.896044000407553,3.2592086837488132,-4.172445203713384,1.7952724094600965,4.542279383983274,7.9204446374181625,0.4793968000346176,62.27249056669076,0.6931471805579453,0,0,2.0,0.0001388888888888889,0.0,6.975275846286124,3.1184245261751506,-5.432812482474281,2.025077023469385,5.799320924393845,-2.012757074102941,0.22446040682795526,57.751324291454544,0.6931471805579453,0.0,0.0,Train005,10.0
25,0,2,0.0001388888888888889,0.0,8.825649398042138,1.705866031429335,-8.81630225678422,0.05154974914700877,8.816452963613862,0.8557557173946506,0.0010824735477722447,13.339602544508248,0.6931471805579453,0,0,2.0,0.0001388888888888889,0.0,8.109483719629825,1.0993034740505305,-8.103638590134828,-0.10797940628568262,8.105157604820258,0.16416371162366783,0.0005344970484106204,14.686871611678612,0.6931471805579453,0.0,0.0,Train005,10.0
25,1,2,0.0001388888888888889,0.0,9.570724033310192,1.7311828558272264,-9.560675253702113,-0.36034847855926744,9.567463735638194,0.04692498949926183,0.00035217796529951606,49.68840687046473,0.6931471805579453,0,0,2.0,0.0001388888888888889,0.0,9.030237619200973,0.7768704677258327,-9.023509559598141,0.053901957258220314,9.028036202358765,-0.7576751969360604,0.00024382435337899633,47.34875611313212,0.6931471805579453,0.0,0.0,Train005,10.0
25,2,2,0.0001388888888888889,0.0,5.740741687864463,4.077353082536573,-5.357235471022646,-0.44548906831856494,5.375726220890957,2.7340335756908916,0.13308615155794123,26.284335221691865,0.6931471805579453,0,0,2.0,0.0001388888888888889,0.0,4.923641673148208,3.004573360933006,-3.823315015885508,-0.894546613477208,3.9611548678245994,1.0043738117143224,0.3348209768690027,24.197049473360572,0.6931471805579453,0.0,0.0,Train005,10.0
25,3,2,0.0001388888888888889,0.0,6.919796749827807,1.0769122522707266,-1.106920826352067,-0.36022207031426445,1.1640591289764612,1.2260271531227396,0.9353490707169636,31.577345439660515,0.6931471805579453,0,0,2.0,0.0001388888888888889,0.0,6.83755112072992,0.4733032656143842,-0.8591183404437694,-0.10800885579052366,0.877925995637578,-2.656232178367387,0.907228854835527,27.00281952736169,0.6931471805579453,0.0,0.0,Train005,10.0
25,4,2,0.0001388888888888889,0.0,10.326531556150453,0.9962857891311891,0.9962502337829164,-0.02006453213910448,0.996452263664686,-0.8255748866499069,0.998227953076505,44.988622815959495,0.6931471805579453,0,0,2.0,0.0001388888888888889,0.0,9.974960734538195,1.8629044107539556,1.8628250270091855,-0.029702666313361326,1.863068987176319,-1.8095696700739707,0.9975211903997361,48.98396822388385,0.6931471805579453,0.0,0.0,Train005,10.0
25,5,2,0.0001388888888888889,0.0,6.989147781642485,2.9946562007231083,-3.65200560618747,1.679525187853319,4.0196952377336315,0.9310378123493201,0.5753949203953002,64.21680645008527,0.6931471805579453,0,0,2.0,0.0001388888888888889,0.0,6.80901280076864,3.0622022859709253,-4.855533043648111,1.8956965856640853,5.2152689702535096,-1.6626304551748377,0.3118504908445864,59.44114328466676,0.6931471805579453,0.0,0.0,Train005,10.0
26,0,2,0.0001388888888888889,0.0,8.326897694893322,1.6727750791618683,-8.315686018929565,0.06859102749252244,8.315968896915928,-4.987517031488173,0.0013677006090746513,13.152102804873477,0.6931471805579453,0,0,2.0,0.0001388888888888889,0.0,8.10973308956757,1.2626104963567912,-8.102755874617735,-0.05116795281072227,8.10377356389634,0.0024936993774682392,0.0007409848434165589,14.24226410381595,0.6931471805579453,0.0,0.0,Train005,10.0
26,1,2,0.0001388888888888889,0.0,8.999357246602564,1.7407713391400792,-8.987876952586877,-0.3909316619204725,8.99637480761747,-5.713667867076273,0.00034428995822788355,50.05306598859418,0.6931471805579453,0,0,2.0,0.0001388888888888889,0.0,8.942970563197793,1.065259491998861,-8.935129654006897,-0.08181316146892088,8.94047864874525,-0.8726705600317868,0.00028022077220501984,48.12635016087947,0.6931471805579453,0.0,0.0,Train005,10.0
26,2,2,0.0001388888888888889,0.0,5.4975275267844514,3.8929768752289506,-5.186701598560207,-0.3572832672407435,5.1989926721969155,-2.4321416108001137,0.11226769304839046,26.586720722299063,0.6931471805579453,0,0,2.0,0.0001388888888888889,0.0,5.043732158656394,3.265339035333345,-4.214361654566492,-0.7199045954561695,4.30938989958359,1.2009048550818624,0.2675511568199481,24.907276804371154,0.6931471805579453,0.0,0.0,Train005,10.0
26,3,2,0.0001388888888888889,0.0,6.5792332349153035,1.071108474971703,-1.0656008472984788,-0.3696586402836859,1.1278974581492855,-3.4056351491250325,0.9455619016711714,32.32274664343025,0.6931471805579453,0,0,2.0,0.0001388888888888889,0.0,6.65001172681283,0.6574240036120711,-0.9149305948062061,-0.1862173197676066,0.9461394470224732,-1.8753939391709107,0.9168936849274978,28.55417727105449,0.6931471805579453,0.0,0.0,Train005,10.0
26,4,2,0.0001388888888888889,0.0,9.679279152213423,0.8135776497455272,0.8135469946109337,-0.017934854273237145,0.8137446598523919,-6.472524039370295,0.9982907533372132,44.44729568921355,0.6931471805579453,0,0,2.0,0.0001388888888888889,0.0,9.793211491343175,1.5309145367791217,1.5308615009142108,-0.024078560488394365,1.5310592439538997,-1.817492431950194,0.9978845508054555,47.61940209834014,0.6931471805579453,0.0,0.0,Train005,10.0
26,5,2,0.0001388888888888889,0.0,6.621229218733893,2.7052240082861623,-3.253842475504767,1.5388494856409227,3.5993816961884333,-3.6791856290859193,0.6071234259630893,64.91480440231264,0.6931471805579453,0,0,2.0,0.0001388888888888889,0.0,6.6664968659721096,2.953949432934242,-4.302014223975007,1.7665715228299859,4.654057825138096,-1.4251593479653006,0.4012097094764161,61.090561232639416,0.6931471805579453,0.0,0.0,Train005,10.0
27,0,2,0.0001388888888888889,0.0,7.657333484130151,1.5614596829294078,-7.646070847549195,0.07037845312291005,7.64639474081777,-6.695642107631707,0.001490556464362136,13.091002827577071,0.6931471805579453,0,0,2.0,0.0001388888888888889,0.0,8.106570546069007,1.424010301198684,-8.098414610688163,0.0017366137649987567,8.09900559327313,-0.03162543498564219,0.0009624642932038796,13.778139842657762,0.6931471805579453,0.0,0.0,Train005,10.0
27,1,2,0.0001388888888888889,0.0,8.264540271427391,1.6401015410513957,-8.253182067468897,-0.3781402597434466,8.261840248687275,-7.348169751751743,0.00034009572224347195,50.17998724929921,0.6931471805579453,0,0,2.0,0.0001388888888888889,0.0,8.859389175081878,1.3447287518593392,-8.850511149371858,-0.21440017105158912,8.856657206017953,-0.8358138811591707,0.0003136661829095333,48.94095460456976,0.6931471805579453,0.0,0.0,Train005,10.0
27,2,2,0.0001388888888888889,0.0,5.081950928490187,3.591229079729225,-4.813147934079402,-0.30543355441959513,4.822829324317646,-4.155765982942646,0.10473798973357984,26.675069987971106,0.6931471805579453,0,0,2.0,0.0001388888888888889,0.0,5.166178716549079,3.510154268850991,-4.586051742170562,-0.5534420911084458,4.640719523316495,1.2244655789268508,0.19941651438223879,25.618495194609018,0.6931471805579453,0.0,0.0,Train005,10.0
27,3,2,0.0001388888888888889,0.0,6.072268433296104,1.0043342822803245,-0.9879019444851846,-0.35099167066415893,1.0484013567299626,-5.06964801619199,0.9497778001597674,32.564584805176764,0.6931471805579453,0,0,2.0,0.0001388888888888889,0.0,6.503192723585099,0.8318285739074629,-0.9691102591947335,-0.26323315357464344,1.0122570279110452,-1.4681900322773123,0.9275841712669649,30.135133550629007,0.6931471805579453,0.0,0.0,Train005,10.0
27,4,2,0.0001388888888888889,0.0,8.877572395172276,0.7018850022686474,0.7018578487714953,-0.01612808208830594,0.7020431289557632,-8.017067570411482,0.9983163863800231,44.29732587286737,0.6931471805579453,0,0,2.0,0.0001388888888888889,0.0,9.624746291466906,1.203305283048407,1.2032649373604465,-0.020693079558339517,1.203453040492843,-1.6846519987626951,0.9980960217430225,46.2685778578567,0.6931471805579453,0.0,0.0,Train005,10.0
27,5,2,0.0001388888888888889,0.0,6.100737171083219,2.4416022205036474,-2.9220864947849443,1.3982691808457215,3.2394052208866255,-5.204920476506743,0.6192123213510712,65.13932463862292,0.6931471805579453,0,0,2.0,0.0001388888888888889,0.0,6.5422315417065775,2.8354375551586344,-3.791247501612676,1.6458492025501634,4.135864640457753,-1.2426532426553298,0.4910537328152695,62.722521665861144,0.6931471805579453,0.0,0.0,Train005,10.0
28,0,2,0.0001388888888888889,0.0,6.969666216837062,1.4299524729944406,-6.959045462467814,0.06680280649398646,6.959366089210234,-6.8766726729308925,0.0015428432841595452,13.07643371988904,0.6931471805579453,0,0,2.0,0.0001388888888888889,0.0,8.10392412404107,1.575265777127689,-8.094641435450075,0.05010277779285005,8.094857586982304,-0.026464220279375006,0.0011903087612106678,13.307210399939578,0.6931471805579453,0.0,0.0,Train005,10.0
28,1,2,0.0001388888888888889,0.0,7.518138618386767,1.507583256168128,-7.507488811508027,-0.35118797310456484,7.5156983206733035,-7.4640165304062345,0.0003381890543860955,50.21698836941017,0.6931471805579453,0,0,2.0,0.0001388888888888889,0.0,8.783758340817435,1.6044948797521812,-8.773929928304863,-0.33793971360249536,8.780817967379432,-0.7563083426444159,0.0003458632138988893,49.767748181403746,0.6931471805579453,0.0,0.0,Train005,10.0
28,2,2,0.0001388888888888889,0.0,4.632340158577,3.270057854932019,-4.3939367571196755,-0.26924645442213574,4.402178310653291,-4.496107699131871,0.10175606650381153,26.683962936681233,0.6931471805579453,0,0,2.0,0.0001388888888888889,0.0,5.283979726402295,3.7357587580760097,-4.929992202148652,-0.4002965165368777,4.947650109955724,1.1780100985321549,0.13095046881200983,26.330110158208434,0.6931471805579453,0.0,0.0,Train005,10.0
28,3,2,0.0001388888888888889,0.0,5.535365748421195,0.9214386870598332,-0.9023314074512157,-0.32374781948433196,0.9586525019493515,-5.369026848749092,0.9515384417070006,32.61537603212028,0.6931471805579453,0,0,2.0,0.0001388888888888889,0.0,6.380771640195189,0.9923340441278373,-1.0196546681849803,-0.33508842142608347,1.073871487850111,-1.224210833899094,0.9387049848003715,31.727140432719445,0.6931471805579453,0.0,0.0,Train005,10.0
28,4,2,0.0001388888888888889,0.0,8.071513894062427,0.621459169202061,0.6214348405257093,-0.01454262480795811,0.621604978226139,-8.060585011098471,0.9983270803841108,44.291128874448255,0.6931471805579453,0,0,2.0,0.0001388888888888889,0.0,9.472797208482806,0.8972204576162965,0.8971881160792542,-0.01828463231469884,0.8973774034742033,-1.5194908298410095,0.9982455422307798,44.92119647485386,0.6931471805579453,0.0,0.0,Train005,10.0
28,5,2,0.0001388888888888889,0.0,5.557555464107979,2.204781282738393,-2.633380685867585,1.2663090549007912,2.9220254035898052,-5.431817069752389,0.6241118989403545,65.18646937242937,0.6931471805579453,0,0,2.0,0.0001388888888888889,0.0,6.432942727195027,2.721094479200025,-3.32675209321163,1.5356450637401702,3.6645573884763536,-1.0928881451155132,0.5810478733368865,64.3459790860282,0.6931471805579453,0.0,0.0,Train005,10.0
29,0,2,0.0001388888888888889,0.0,7.959709508128573,1.1601293194012294,-7.942791572000621,0.21024554660537115,7.945573682630568,9.900432912915115,0.0018145022690058132,13.513909178627545,0.6931471805579453,0,0,2.0,0.0001388888888888889,0.0,7.947851260406249,1.5060365171832564,-7.935979231546282,0.09351351657235976,7.936751274637672,-1.5607286363482018,0.001459615234874878,13.234610215095078,0.6931471805579453,0.0,0.0,Train005,10.0
29,1,2,0.0001388888888888889,0.0,9.78747215168935,1.6625218680691365,-9.776196524836866,-0.4696353279013333,9.78747034904553,22.69333533302583,1.8965071846288595e-07,50.857958814613134,0.6931471805579453,0,0,2.0,0.0001388888888888889,0.0,8.828046464283252,1.656432172051193,-8.817083922020556,-0.3900487402458169,8.825769492332356,0.44288123465816726,0.000274988470175086,50.199281458476285,0.6931471805579453,0.0,0.0,Train005,10.0
29,2,2,0.0001388888888888889,0.0,6.163622268986716,3.10003845613667,-6.087190286811245,-0.24066080912968763,6.091945765754987,15.312821104097157,0.015597973789511776,26.66530069590151,0.6931471805579453,0,0,2.0,0.0001388888888888889,0.0,5.423236514140564,3.5863310697126876,-5.167642409518635,-0.3236226307061454,5.17833445876276,1.3925678773826835,0.09348917492664696,26.579077912908957,0.6931471805579453,0.0,0.0,Train005,10.0
29,3,2,0.0001388888888888889,0.0,7.503773359579014,0.06588805206232928,-0.07253098280926729,0.0026048166810448414,0.07257774133451712,19.6840761115782,0.9959438756907427,38.13896732875942,0.6931471805579453,0,0,2.0,0.0001388888888888889,0.0,6.522087505207885,0.8279363497289832,-0.8270572016792427,-0.2804030768130793,0.8743176374279157,1.4131586501269653,0.9556342179891292,33.44380404982944,0.6931471805579453,0.0,0.0,Train005,10.0
29,4,2,0.0001388888888888889,0.0,10.897359781428785,0.03714856657241228,-0.037939871663231095,-0.0131295230428215,0.040147456172893774,28.258458873663564,0.998602859612954,37.273611774987806,0.6931471805579453,0,0,2.0,0.0001388888888888889,0.0,9.570451355805472,0.6340712353839674,0.6190300092055647,-0.01635992327028545,0.6347984973743748,0.9765414732266819,0.9983530065581613,43.05959700549529,0.6931471805579453,0.0,0.0,Train005,10.0
29,5,2,0.0001388888888888889,0.0,8.079307613705703,1.3288947381462655,-1.4834450437613418,1.1453291230782547,1.8741366006861115,25.217521495977238,0.8341724450754677,72.34455413545084,0.6931471805579453,0,0,2.0,0.0001388888888888889,0.0,6.669595449854656,2.335031690079515,-2.7889520612212215,1.4056564064638017,3.1309288318169215,2.3665272265963018,0.6520030023450565,66.36039179978022,0.6931471805579453,0.0,0.0,Train005,10.0
30,0,2,0.0001388888888888889,0.0,7.830568818980737,0.9983105856562506,-7.8117768600048,0.2474100028880587,7.815693790063395,-1.2914068914783616,0.0019310259067406577,13.686862592916972,0.6931471805579453,0,0,2.0,0.0001388888888888889,0.0,7.7488351445939685,1.3645254280286394,-7.7350741521904,0.13268556732056974,7.736599439927579,-1.9901611581228043,0.0016293257066685607,13.304062224776823,0.6931471805579453,0.0,0.0,Train005,10.0
30,1,2,0.0001388888888888889,0.0,9.992904378287479,1.6171618609533969,-9.981068031898545,-0.48275170827807723,9.992735775013392,2.0543222659812876,1.7326060180122838e-05,51.09154727472453,0.6931471805579453,0,0,2.0,0.0001388888888888889,0.0,8.91248253327871,1.6336279730764272,-8.901162477659842,-0.4145293861895789,8.910823900207394,0.8443606899545724,0.00020801808915120733,50.47990953932824,0.6931471805579453,0.0,0.0,Train005,10.0
30,2,2,0.0001388888888888889,0.0,6.361137734866366,2.8173211992627913,-6.307063958452587,-0.21643494935943214,6.310776486559783,1.9751546587965052,0.00985856649234551,26.63782524166077,0.6931471805579453,0,0,2.0,0.0001388888888888889,0.0,5.547315723540944,3.334324693057931,-5.357608107004623,-0.27781180691431884,5.365344511896525,1.2407920940038062,0.06884365791352783,26.64977591690274,0.6931471805579453,0.0,0.0,Train005,10.0
30,3,2,0.0001388888888888889,0.0,7.79979219348011,0.24440582991509707,0.2183829834775861,0.11526090083561447,0.24693359984823654,2.960188339010954,0.9954794646980123,40.2460573373466,0.6931471805579453,0,0,2.0,0.0001388888888888889,0.0,6.698086593938345,0.6614350652578574,-0.561996439713312,-0.1853064825831035,0.6908925316022707,1.759990887304608,0.9676602967853389,35.17754642936666,0.6931471805579453,0.0,0.0,Train005,10.0
30,4,2,0.0001388888888888889,0.0,11.233614753253011,0.26243980824800417,-0.2638930608359997,-0.0118610913418703,0.2641594841099082,3.362549718242267,0.997320446362153,34.75585417456883,0.6931471805579453,0,0,2.0,0.0001388888888888889,0.0,9.751867995225984,0.4873020392073304,0.3670013502817815,-0.01471923511083861,0.4883399414634192,1.8141663942051163,0.9981715052152907,41.013043277217164,0.6931471805579453,0.0,0.0,Train005,10.0
30,5,2,0.0001388888888888889,0.0,8.53223186416984,0.8872781836121515,-0.9976799675812598,1.0354419264845398,1.43788222773458,4.529242504641355,0.8666648750138549,75.02040494816761,0.6931471805579453,0,0,2.0,0.0001388888888888889,0.0,6.978212266360126,1.913556086657324,-2.2580869334999796,1.276839754190046,2.614566229817111,3.0861681650547093,0.7102569932687676,68.52111149939668,0.6931471805579453,0.0,0.0,Train005,10.0
31,0,2,0.0001388888888888889,0.0,7.321758780259593,0.8831568133771017,-7.303348743898591,0.24561283622592317,7.307477577134539,-5.088100387211436,0.001979341739920981,13.757446523731295,0.6931471805579453,0,0,2.0,0.0001388888888888889,0.0,7.547807361667223,1.206601774871686,-7.532606697184204,0.1680899290672499,7.534901175971301,-2.010277829267457,0.0017516539328378267,13.425130968548384,0.6931471805579453,0.0,0.0,Train005,10.0
31,1,2,0.0001388888888888889,0.0,9.471778176390972,1.5055701977252345,-9.460354760922547,-0.45867711453251814,9.47146751553875,-5.211262018965077,3.364876621747559e-05,51.16953913084547,0.6931471805579453,0,0,2.0,0.0001388888888888889,0.0,9.006966719236392,1.5865877447934582,-8.995658039326978,-0.428078476711988,9.005842441791648,0.9448418595768115,0.00014588985074912575,50.70320416777851,0.6931471805579453,0.0,0.0,Train005,10.0
31,2,2,0.0001388888888888889,0.0,6.051282547117974,2.5495108308783574,-6.006519638214057,-0.1951810706236015,6.009689993217695,-3.098551877483926,0.008362986251831517,26.609026200623774,0.6931471805579453,0,0,2.0,0.0001388888888888889,0.0,5.658066727607649,3.0656314841878123,-5.521571714935393,-0.24539136759089045,5.52748397610068,1.1075100406670437,0.04806271655421603,26.654237012567684,0.6931471805579453,0.0,0.0,Train005,10.0
31,3,2,0.0001388888888888889,0.0,7.444593367715731,0.33683516165402105,0.30586256408116963,0.14735169532674308,0.3395061563830219,-3.551988257643788,0.9942849045767657,41.00177411163889,0.6931471805579453,0,0,2.0,0.0001388888888888889,0.0,6.871158620498432,0.514580402594321,-0.28770375743738236,-0.0819044154610177,0.533214271249018,1.7307202656008571,0.9774048973664577,36.91335192300839,0.6931471805579453,0.0,0.0,Train005,10.0
31,4,2,0.0001388888888888889,0.0,10.684615334328342,0.32480309196675794,-0.32648938461783406,-0.01071878451842867,0.3266652883452487,-5.489994189246685,0.9967386209397829,33.87390956923795,0.6931471805579453,0,0,2.0,0.0001388888888888889,0.0,9.952935231648969,0.38954712765157656,0.13899407443602793,-0.013276021159876916,0.3909240671619906,2.0106723642298383,0.9978610787358047,38.89836605322205,0.6931471805579453,0.0,0.0,Train005,10.0
31,5,2,0.0001388888888888889,0.0,8.186196538440118,0.6788801227135535,-0.770484441518251,0.935991328637724,1.21232258162038,-3.460353257297202,0.8768798256034386,75.98308155035441,0.6931471805579453,0,0,2.0,0.0001388888888888889,0.0,7.291205730301371,1.508287309542802,-1.7614153267026762,1.1562681227894063,2.1371544069035004,3.129934639412452,0.7642082731968374,70.73476692900503,0.6931471805579453,0.0,0.0,Train005,10.0
32,0,2,0.0001388888888888889,0.0,6.711995147506187,0.7909836286387497,-6.694795464501822,0.23044750445797949,6.69876050951406,-6.097636327534066,0.001999586143265897,13.788302162213853,0.6931471805579453,0,0,2.0,0.0001388888888888889,0.0,7.358739694342431,1.0525065640135545,-7.342351620574729,0.20010373933426379,7.345374329710559,-1.8906766732479283,0.0018534598686185788,13.564590835475741,0.6931471805579453,0.0,0.0,Train005,10.0
32,1,2,0.0001388888888888889,0.0,8.7304457241547,1.3777664606505629,-8.71982908139347,-0.42317926005729345,8.73009163152701,-7.413324522362714,4.15942746271325e-05,51.18889037657974,0.6931471805579453,0,0,2.0,0.0001388888888888889,0.0,9.100147809781854,1.5341207287132916,-9.088987442111891,-0.43708627677475737,9.099492718359596,0.9318109054546173,8.618956122585786e-05,50.90498479323461,0.6931471805579453,0.0,0.0,Train005,10.0
32,2,2,0.0001388888888888889,0.0,5.583984018581593,2.3046834514077137,-5.5449207251365,-0.17623535709457144,5.547720680526241,-4.6729852853638,0.00783283184476935,26.58153859567413,0.6931471805579453,0,0,2.0,0.0001388888888888889,0.0,5.758473345625929,2.8083223585235104,-5.667926273146813,-0.2195517281258857,5.672462247342399,1.004066180182813,0.028681684976453937,26.635530734108283,0.6931471805579453,0.0,0.0,Train005,10.0
32,3,2,0.0001388888888888889,0.0,6.881083940767511,0.34864250099185057,0.3178656645953746,0.1496852596007261,0.3513463500171817,-5.6350942694822015,0.9936694989434761,41.239436178388836,0.6931471805579453,0,0,2.0,0.0001388888888888889,0.0,7.032921721992713,0.38344204633662626,-0.026550235621270523,0.018230970591959307,0.39380326990646175,1.6176310149428148,0.9861832371231994,38.648322197650806,0.6931471805579453,0.0,0.0,Train005,10.0
32,4,2,0.0001388888888888889,0.0,9.861865056001337,0.32716039234336236,-0.32884135292169603,-0.009688425836677061,0.32898404366559214,-8.22750278327006,0.9964904560779368,33.597437815553086,0.6931471805579453,0,0,2.0,0.0001388888888888889,0.0,10.14979376381478,0.31460220566651953,-0.06714576590261032,-0.01198808990955114,0.31631225010395636,1.9685853216581226,0.9974958926753874,36.75838844175918,0.6931471805579453,0.0,0.0,Train005,10.0
32,5,2,0.0001388888888888889,0.0,7.581882762326814,0.5662362937862122,-0.6462533943348046,0.8461047427842903,1.064676798587875,-6.043137761133046,0.8807496830215887,76.29464560174944,0.6931471805579453,0,0,2.0,0.0001388888888888889,0.0,7.5874348485500915,1.1332141241993152,-1.3062487066126482,1.04583523517712,1.7022087224437503,2.962291182487192,0.8165157455309409,72.96583112163033,0.6931471805579453,0.0,0.0,Train005,10.0
33,0,2,0.0001388888888888889,0.0,6.103654919259905,0.7122546688078666,-6.087890232769695,0.21156030774299225,6.0915650903577285,-6.083402282462815,0.002008124714084625,13.803549324444408,0.6931471805579453,0,0,2.0,0.0001388888888888889,0.0,7.185537434826999,0.9089670031762396,-7.168120574635106,0.22905523958406496,7.171814129940058,-1.732022595154313,0.0019465161546035948,13.710013956386813,0.6931471805579453,0.0,0.0,Train005,10.0
33,1,2,0.0001388888888888889,0.0,7.957113003235202,1.2519779595662297,-7.947402045900811,-0.3858454408210739,7.9567629085822835,-7.733327209194982,4.511458369471644e-05,51.18675517906365,0.6931471805579453,0,0,2.0,0.0001388888888888889,0.0,9.18794268675154,1.482999669392912,-9.176970088990448,-0.4440177703180592,9.187705635941393,0.877948769696868,2.757466708758205e-05,51.09893815516531,0.6931471805579453,0.0,0.0,Train005,10.0
33,2,2,0.0001388888888888889,0.0,5.090468217689731,2.08282016596098,-5.055671115675688,-0.15922537616082347,5.0581778488197715,-4.935158008918627,0.007623676075619867,26.556176830409328,0.6931471805579453,0,0,2.0,0.0001388888888888889,0.0,5.850098957448476,2.570874820729302,-5.800273144858015,-0.19754751247362323,5.8036621549756955,0.916256118225462,0.009855206890815604,26.6099735128539,0.6931471805579453,0.0,0.0,Train005,10.0
33,3,2,0.0001388888888888889,0.0,6.278623506838407,0.331962689070616,0.3030931027067547,0.1415979489893361,0.33453760336678745,-6.024604339291035,0.9933926853184017,41.282783588611125,0.6931471805579453,0,0,2.0,0.0001388888888888889,0.0,7.181573273676155,0.2655468467387828,0.21453466641032354,0.11130012428669292,0.26898029018994896,1.4865155168344257,0.9945540858454797,40.38180370894897,0.6931471805579453,0.0,0.0,Train005,10.0
33,4,2,0.0001388888888888889,0.0,8.993397928316734,0.30862180821972096,-0.3102036546472515,-0.00875826968158444,0.3103272702234315,-8.684671276846032,0.996385231056811,33.54527142159153,0.6931471805579453,0,0,2.0,0.0001388888888888889,0.0,10.334170570665643,0.25203473347005156,-0.25347346493720246,-0.010831218884276406,0.2540567085034149,1.8437680685086106,0.9971075228099275,34.60921695118784,0.6931471805579453,0.0,0.0,Train005,10.0
33,5,2,0.0001388888888888889,0.0,6.92395859121212,0.4937201131237008,-0.5650373101651174,0.764893975469483,0.9509626467891056,-6.579241711146948,0.8823174670379434,76.36198799973673,0.6931471805579453,0,0,2.0,0.0001388888888888889,0.0,7.86071547397092,0.7910018902763767,-0.8925800314721549,0.9455522192908583,1.3079961710836103,2.7328062542082803,0.8681568591504586,75.2009348470918,0.6931471805579453,0.0,0.0,Train005,10.0
34,0,2,0.0001388888888888889,0.0,8.482020935893322,0.9351186191970164,-8.473190660558842,0.3402842449263972,8.480020833554994,23.783660166334172,0.00023870661413394334,13.082337642151076,0.6931471805579453,0,0,2.0,0.0001388888888888889,0.0,7.2899997203799485,0.8639648631353971,-7.274200392346751,0.25506297924827015,7.278703560124944,1.0446228555294987,0.0016313570236292207,13.62369964909152,0.6931471805579453,0.0,0.0,Train005,10.0
34,1,2,0.0001388888888888889,0.0,10.01926554463043,0.6944431091773264,-10.01763917944671,0.0932295647929295,10.018072992414123,20.62152541395229,0.00011960050486459206,50.18645980645341,0.6931471805579453,0,0,2.0,0.0001388888888888889,0.0,9.234301365339757,1.28938391761455,-9.225258619912417,-0.3314447917792066,9.233826164615111,0.4635867858821605,5.145683791680788e-05,50.96463835353336,0.6931471805579453,0.0,0.0,Train005,10.0
34,2,2,0.0001388888888888889,0.0,8.446884167122978,0.7244798927647365,-8.44181507000619,-0.29247313282005427,8.446880028129035,33.56415949433247,4.936337710814698e-07,24.288717295917518,0.6931471805579453,0,0,2.0,0.0001388888888888889,0.0,6.306751337075728,2.0957631080549155,-6.271198101497005,-0.20790997721169657,6.274649007450504,4.566523796272525,0.0067357108596674655,26.134656832857104,0.6931471805579453,0.0,0.0,Train005,10.0
34,3,2,0.0001388888888888889,0.0,7.842103542399357,0.41789044172766054,-0.45869919365933676,0.13039494031478083,0.4768729293254346,15.634800355609494,0.9706640226946105,45.82310344945913,0.6931471805579453,0,0,2.0,0.0001388888888888889,0.0,7.249239310240223,0.33594732467184907,0.13730102424030965,0.13685814901344012,0.3498393277881324,0.6766603656406847,0.9894981152462533,41.91863093308892,0.6931471805579453,0.0,0.0,Train005,10.0
34,4,2,0.0001388888888888889,0.0,11.390266684119592,1.1898208668876995,1.1923504237002103,0.1398576207109326,1.2005247548338993,23.96868755802859,0.9858795115866027,29.53487635040072,0.6931471805579453,0,0,2.0,0.0001388888888888889,0.0,10.432751951203802,0.482569193533109,-0.007415405864514213,0.019766209866474416,0.48613216823561595,0.9858138053816162,0.9945628532046573,33.06146986627042,0.6931471805579453,0.0,0.0,Train005,10.0
34,5,2,0.0001388888888888889,0.0,9.278048275078707,0.9939799934402505,-1.0942946302372647,0.9871600245538249,1.4737590209539753,23.540896838665873,0.8820439269852731,82.83529201025505,0.6931471805579453,0,0,2.0,0.0001388888888888889,0.0,8.100463606245519,0.7240189413351736,-0.8147499487673395,0.9139183995859724,1.2279206551371833,2.3974813227460072,0.8777311555324199,77.29908242205263,0.6931471805579453,0.0,0.0,Train005,10.0
35,0,2,0.0001388888888888889,0.0,8.80776961168701,0.9562926075282823,-8.799594101981288,0.36480894793166535,8.807152884338667,3.257486757936894,7.085613083579467e-05,12.812356573372607,0.6931471805579453,0,0,2.0,0.0001388888888888889,0.0,7.485439878921204,0.8555612675098032,-7.471763840742048,0.27854276825699154,7.476995378979998,1.9544015854125498,0.001259323068448248,13.44879844518265,0.6931471805579453,0.0,0.0,Train005,10.0
35,1,2,0.0001388888888888889,0.0,10.148553209336532,0.462441365624219,-10.143579142301085,0.25380974131322254,10.146754022883925,1.2928766470610142,0.0001776539276778788,49.80065062304215,0.6931471805579453,0,0,2.0,0.0001388888888888889,0.0,9.265431131549567,1.0584398185487145,-9.257760841992924,-0.1841325018609467,9.264629814189218,0.31129766209810583,8.352241141635907e-05,50.70645902319689,0.6931471805579453,0.0,0.0,Train005,10.0
35,2,2,0.0001388888888888889,0.0,9.122105712021007,0.20674167641645802,-9.114391037408526,-0.3212616317412227,9.12005115220424,6.7522154489802855,0.00022534443956023775,23.450433126421473,0.6931471805579453,0,0,2.0,0.0001388888888888889,0.0,6.858944932506657,1.5736472034856492,-6.832663517288192,-0.22887531368805467,6.836503940579396,5.5219359543092805,0.004809066449110411,25.497178409809244,0.6931471805579453,0.0,0.0,Train005,10.0
35,3,2,0.0001388888888888889,0.0,7.931213735115451,0.6578075928250691,-0.6958012739381827,0.11878613996738074,0.7058679478927685,0.8911019271609355,0.9676102010016435,47.518727100831825,0.6931471805579453,0,0,2.0,0.0001388888888888889,0.0,7.275523618567291,0.4186276772538434,-0.04553582724284411,0.13756319683979337,0.44162619739703884,0.262843083270681,0.9839242625069795,43.373164885785954,0.6931471805579453,0.0,0.0,Train005,10.0
35,4,2,0.0001388888888888889,0.0,11.55564211389187,1.6426460810415229,1.6428252838720452,0.18311846279068986,1.6529994811687303,1.6537542977227826,0.9838508198758809,28.382529480993544,0.6931471805579453,0,0,2.0,0.0001388888888888889,0.0,10.497157423331576,0.7586104480918128,0.37392826307709476,0.058762120692986454,0.7639001676473803,0.6440547212777193,0.9918689279074029,31.78680492755537,0.6931471805579453,0.0,0.0,Train005,10.0
35,5,2,0.0001388888888888889,0.0,9.546107169004143,1.1087777915251724,-1.2132175541425791,1.0058817714764197,1.5759742928957445,2.680588939254367,0.8818795750293441,85.24393377227034,0.6931471805579453,0,0,2.0,0.0001388888888888889,0.0,8.30323866721238,0.7683188629177778,-0.8578574660796032,0.9080063685843485,1.255539068169416,2.0277506096686095,0.8807740955355176,79.34378818687318,0.6931471805579453,0.0,0.0,Train005,10.0
36,0,2,0.0001388888888888889,0.0,8.400876952040276,0.9070994771292749,-8.393213807001043,0.35177317025874144,8.400582263947353,-4.06892659646735,3.549206221653556e-05,12.714856385681223,0.6931471805579453,0,0,2.0,0.0001388888888888889,0.0,7.70126351327734,0.8603498002602379,-7.689736853362538,0.2997748350635551,7.69561631634256,2.1582363435613674,0.000870553132907359,13.240280417572631,0.6931471805579453,0.0,0.0,Train005,10.0
36,1,2,0.0001388888888888889,0.0,9.594823467579143,0.3549953560164605,-9.588335284711206,0.29450443715806185,9.592857050719754,-5.5372974175738765,0.00020522656392873984,49.65045347143318,0.6931471805579453,0,0,2.0,0.0001388888888888889,0.0,9.290040189787202,0.8283248502069597,-9.283356946750658,-0.03349619152283069,9.288907721225419,0.24609058237634596,0.00011783797095861192,50.402641891314424,0.6931471805579453,0.0,0.0,Train005,10.0
36,2,2,0.0001388888888888889,0.0,8.816941865511025,0.014997382080604638,-8.807966477035196,-0.31220828559316516,8.813498027126847,-3.051638465099824,0.00039059442636413255,23.13416441268179,0.6931471805579453,0,0,2.0,0.0001388888888888889,0.0,7.412076796185266,1.0667445137260985,-7.392952885052419,-0.2522807566819674,7.3972655473612265,5.531318636786102,0.003214588084016934,24.802206052220846,0.6931471805579453,0.0,0.0,Train005,10.0
36,3,2,0.0001388888888888889,0.0,7.494667367661725,0.7025285384128974,-0.7369973905448388,0.10773106573195601,0.744829602119602,-4.36546367453726,0.966838992725437,48.11341506567409,0.6931471805579453,0,0,2.0,0.0001388888888888889,0.0,7.28553841855649,0.49176635260561874,-0.2541078181680458,0.12963907092083596,0.5226908865443549,0.10014799989198657,0.9784350801367138,44.795493076593004,0.6931471805579453,0.0,0.0,Train005,10.0
36,4,2,0.0001388888888888889,0.0,10.931370579606844,1.7029022360020942,1.7020273652853728,0.1873070187378908,1.712302856228636,-6.242715342850271,0.9834061671905645,28.036761772238208,0.6931471805579453,0,0,2.0,0.0001388888888888889,0.0,10.546508472387277,1.03423027689888,0.7796316130577361,0.09836728134425035,1.0410276812240578,0.49351049055700213,0.9892024371575591,30.61937536815542,0.6931471805579453,0.0,0.0,Train005,10.0
36,5,2,0.0001388888888888889,0.0,9.07537942750205,1.0831664364429363,-1.1828692934677285,0.9529713958793238,1.5189911937838976,-4.707277415020927,0.8818119814597964,86.09810504253933,0.6931471805579453,0,0,2.0,0.0001388888888888889,0.0,8.481075245024767,0.8491761256636543,-0.9403344364694988,0.9114023820326682,1.3168727906021194,1.7783657781238644,0.8817605267067892,81.36679288531018,0.6931471805579453,0.0,0.0,Train005,10.0
37,0,2,0.0001388888888888889,0.0,7.763982358170849,0.8364939291555897,-7.7569232707907885,0.3264911005520914,7.763791281820717,-6.368945938694277,2.4899649155196713e-05,12.68295052154593,0.6931471805579453,0,0,2.0,0.0001388888888888889,0.0,7.911660955410272,0.8694518603636059,-7.902162414620331,0.3189835542823775,7.908622470803893,2.1039744213293248,0.000475615834085219,13.019210089439047,0.6931471805579453,0.0,0.0,Train005,10.0
37,1,2,0.0001388888888888889,0.0,8.83660439745039,0.2968264838917811,-8.829884464004664,0.2912358639726839,8.834686071170545,-7.582190701287539,0.00021733387292199868,49.590813290554564,0.6931471805579453,0,0,2.0,0.0001388888888888889,0.0,9.31127192444634,0.6121368548552033,-9.305368023272896,0.10938683328316479,9.309826609154126,0.21231734659138118,0.00015298589061758517,50.08302647410939,0.6931471805579453,0.0,0.0,Train005,10.0
37,2,2,0.0001388888888888889,0.0,8.18988935823397,0.05246978124712243,-8.180907648815781,-0.2906015053285017,8.186067382654002,-6.27052507277055,0.00046668914922054494,23.013690465771358,0.6931471805579453,0,0,2.0,0.0001388888888888889,0.0,7.933257864115743,0.6163017796939803,-7.920150269788276,-0.27515398632875343,7.924934887786779,5.211810679304752,0.0017413595449071728,24.088636426240292,0.6931471805579453,0.0,0.0,Train005,10.0
37,3,2,0.0001388888888888889,0.0,6.900968699562317,0.6766571234146896,-0.7078324253740638,0.09752705080097113,0.7145196064831705,-5.936986680994076,0.9665817689003507,48.28937192925946,0.6931471805579453,0,0,2.0,0.0001388888888888889,0.0,7.289515370315452,0.5573692770901866,-0.4592474361619335,0.11920742916088496,0.5953255378375526,0.0397695175896116,0.9730175341280887,46.20548022676713,0.6931471805579453,0.0,0.0,Train005,10.0
37,4,2,0.0001388888888888889,0.0,10.069806947208765,1.623321318745572,1.6221064816050745,0.1777049212298275,1.6318114096593679,-8.615636323980782,0.9832722649654483,27.947971653194145,0.6931471805579453,0,0,2.0,0.0001388888888888889,0.0,10.588096850628762,1.2934624621793218,1.1698211799630902,0.13584595075755126,1.301593154422813,0.4158837824148577,0.9865587989350615,29.489482135683623,0.6931471805579453,0.0,0.0,Train005,10.0
37,5,2,0.0001388888888888889,0.0,8.376481165848798,1.0103898074181408,-1.1025648053610775,0.878371460136023,1.409675697457539,-6.988982616532522,0.8817839163179314,86.36230925747346,0.6931471805579453,0,0,2.0,0.0001388888888888889,0.0,8.639994925729162,0.9380068283900401,-1.0315967186747534,0.9178557255030148,1.3858725703760524,1.5891968070439693,0.8819673733660578,83.38032561645498,0.6931471805579453,0.0,0.0,Train005,10.0
38,0,2,0.0001388888888888889,0.0,7.085020105294415,0.7626515661416229,-7.078583135620954,0.29845968338966133,7.084872432902827,-6.789622528764343,2.108724363591996e-05,12.675685122099104,0.6931471805579453,0,0,2.0,0.0001388888888888889,0.0,8.107933992617175,0.8795312398303572,-8.100300995190583,0.3363634294117114,8.10728393931291,1.9627303720690186,7.820833999547805e-05,12.79363724896999,0.6931471805579453,0.0,0.0,Train005,10.0
38,1,2,0.0001388888888888889,0.0,8.052288408097464,0.25914577562458074,-8.04587089768123,0.27291959117631553,8.050498345158616,-7.84315989352927,0.0002225353852044476,49.56610439332639,0.6931471805579453,0,0,2.0,0.0001388888888888889,0.0,9.330307005418792,0.41357041806687356,-9.32506179362898,0.2411398396826427,9.328573696469395,0.19035080972452328,0.00018847005091953138,49.758896316961945,0.6931471805579453,0.0,0.0,Train005,10.0
38,2,2,0.0001388888888888889,0.0,7.488563543140401,0.07285701420963253,-7.480095753858764,-0.26593479999146513,7.484821561316102,-7.013258150935684,0.0004997401870013851,22.96764387813741,0.6931471805579453,0,0,2.0,0.0001388888888888889,0.0,8.412876929205876,0.21430914934371081,-8.40503519742489,-0.2964958710948818,8.410263630286044,4.79619065090134,0.0003165723671834764,23.37092983578591,0.6931471805579453,0.0,0.0,Train005,10.0
38,3,2,0.0001388888888888889,0.0,6.287840728307241,0.6278006378455938,-0.6559881897319477,0.08822507000226132,0.6618943783147745,-6.131279712550759,0.9664837940151532,48.30945954980283,0.6931471805579453,0,0,2.0,0.0001388888888888889,0.0,7.291358814609218,0.616536866845182,-0.651063694649674,0.10853285336347,0.66079689282715,0.018434442937666874,0.967635755867439,47.61081541900547,0.6931471805579453,0.0,0.0,Train005,10.0
38,4,2,0.0001388888888888889,0.0,9.17688945489256,1.499949039050121,1.4986843022163971,0.16389014487031806,1.5076188567723154,-8.929174923162059,0.9832241389635243,27.947601794940947,0.6931471805579453,0,0,2.0,0.0001388888888888889,0.0,10.624795155943925,1.5317279083454018,1.5315987713358201,0.17037563366793176,1.5410514717325898,0.3669830531516524,0.9839265805164041,28.36994821035351,0.6931471805579453,0.0,0.0,Train005,10.0
38,5,2,0.0001388888888888889,0.0,7.63985018883165,0.9255591743423204,-1.0096844264650207,0.8006692163184216,1.2886170241797805,-7.366309770171489,0.8817721308345173,86.40621657550072,0.6931471805579453,0,0,2.0,0.0001388888888888889,0.0,8.783173245253069,1.024374640633764,-1.120526141934734,0.9250107736728026,1.4534034458541876,1.431783195239061,0.8818583061253724,85.38917133160778,0.6931471805579453,0.0,0.0,Train005,10.0
39,0,2,0.0001388888888888889,0.0,8.796690604538808,0.9936840444961006,-8.785074003322462,0.41858876531955336,8.795040750235549,17.116704992443943,0.00018997836877820973,12.24484583968639,0.6931471805579453,0,0,2.0,0.0001388888888888889,0.0,8.170867926346272,0.8912443248901741,-8.162677663743306,0.35202433349034257,8.17028792264902,0.6293393372909726,6.846269092433132e-05,12.626138888477051,0.6931471805579453,0.0,0.0,Train005,10.0
39,1,2,0.0001388888888888889,0.0,9.806652149430361,0.9627883506812775,-9.806109821124437,0.10301239141401256,9.80665087462269,17.54363741332898,1.3125935094393526e-07,51.1973083070636,0.6931471805579453,0,0,2.0,0.0001388888888888889,0.0,9.287784326378778,0.4672394663676638,-9.282755921964524,0.24309640500685928,9.286289272911105,-0.42522679040013855,0.00016457620181680176,49.96106601708398,0.6931471805579453,0.0,0.0,Train005,10.0
39,2,2,0.0001388888888888889,0.0,9.158688464021292,1.098896744565569,-9.158030867297484,-0.09398968989584212,9.158513166894517,16.7012492088089,1.941955138107243e-05,25.312839433518633,0.6931471805579453,0,0,2.0,0.0001388888888888889,0.0,8.55523778858554,0.2891925197038773,-8.54827835688315,-0.25679918251003936,8.552590258039142,1.4236085937966252,0.00032035755070547456,23.575754263306134,0.6931471805579453,0.0,0.0,Train005,10.0
39,3,2,0.0001388888888888889,0.0,8.472185599870729,0.4747838711681225,-0.4515537064231472,-0.21518657680768483,0.5002059701989686,21.843448715634878,0.9813879883969177,54.181051963233195,0.6931471805579453,0,0,2.0,0.0001388888888888889,0.0,7.417375226103493,0.6279155527332745,-0.649634597202436,0.03941654993897688,0.6654635010018569,1.2601641149427436,0.9697805490079003,49.28240512176028,0.6931471805579453,0.0,0.0,Train005,10.0
39,4,3,0.00020833333333333335,1.0,10.796296206783792,0.9141538632751652,-2.761255162570786,0.13122792547490056,2.7643716901401416,18.232334491307608,0.666421804075175,43.30801341817979,1.0986122886651097,1,0,2.2,0.00015277777777777777,0.2,10.506001060476766,1.476594507622895,0.7408776540816208,0.16864969462072535,1.853820858793838,-0.7802875601925443,0.9200350390141185,31.124575623909323,0.7742402021793782,0.2,0.0,Train005,10.0
39,5,1,6.944444444444444e-05,-1.0,8.11784547733416,0.0,8.003426356826273,1.3581538001026288,8.11784547733416,14.035544628448315,0.0,0.0,-1.000088900581841e-12,0,1,1.8,0.00012499999999999998,-0.2,8.551132685704161,0.8255786419457138,0.6990180554779734,0.9992095287825634,2.7822207371302246,-0.46928724680445094,0.7054495207283179,68.82211292955677,0.5545177444461562,0.0,0.2,Train005,10.0
40,0,2,0.0001388888888888889,0.0,8.872043287608424,1.0154252909273418,-8.859007814372635,0.4355777435471569,8.869709545739875,0.7535268306961473,0.00026653636736284625,12.093098847960785,0.6931471805579453,0,0,2.0,0.0001388888888888889,0.0,8.183722661530556,0.903070861569986,-8.174560406221577,0.3661780926134409,8.182799254929265,0.12854735184282334,0.00010759873822974164,12.482287343394686,0.6931471805579453,0.0,0.0,Train005,10.0
40,1,2,0.0001388888888888889,0.0,9.838665958885546,1.1518131560001539,-9.838479270984958,0.03799703266100961,9.838552644575916,0.3201380945518473,1.167728607309737e-05,51.81324795505891,0.6931471805579453,0,0,2.0,0.0001388888888888889,0.0,9.225806876288582,0.6051138244428508,-9.2217359477013,0.1999338632764167,9.224648997249504,-0.619774500901972,0.00013138087349584548,50.36358548348733,0.6931471805579453,0.0,0.0,Train005,10.0
40,2,2,0.0001388888888888889,0.0,9.199262940539024,1.4423555226744913,-9.199217702098988,-0.028819085355750305,9.199262843852877,0.4057447651773227,1.077509204083782e-08,26.21319181846547,0.6931471805579453,0,0,2.0,0.0001388888888888889,0.0,8.570669234289142,0.536315288955484,-8.56524368982124,-0.19831067323294488,8.568432596368869,0.15431445703603258,0.00027529081781183515,24.128306001714936,0.6931471805579453,0.0,0.0,Train005,10.0
40,3,2,0.0001388888888888889,0.0,8.738853545254797,0.3854281260172048,-0.3540736882849975,-0.3077463528613576,0.4691225793278435,2.6666794538406746,0.9693672761841019,56.37982674864782,0.6931471805579453,0,0,2.0,0.0001388888888888889,0.0,7.5789031881313615,0.5734396593717016,-0.581289080071799,-0.045889948626770795,0.6181144272888719,1.6152796202786917,0.970131964044392,51.05462505132348,0.6931471805579453,0.0,0.0,Train005,10.0
40,4,3,0.00020833333333333335,0.0,10.79215507601937,0.7420320310821965,-2.912528969575055,0.11898533702362517,2.91495840605669,-0.041411307644221296,0.6664601592743179,42.98073352465451,1.0986122886651097,0,0,2.4,0.0001666666666666667,0.2,10.353303652902266,1.2964716976310298,-0.17019319660779927,0.15582306946731242,2.10621264377143,-1.119320681265945,0.856556906893806,34.04421643264152,0.855333223800811,0.2,0.0,Train005,10.0
40,5,1,6.944444444444444e-05,0.0,8.130790288866411,0.0,8.037205429060634,1.2300730110861673,8.130790288866411,0.12944811532250355,1.1102230246251565e-16,0.0,-1.000088900581841e-12,0,0,1.6,0.00011111111111111112,-0.2,8.268069309676614,0.6038230836406795,2.549102652118616,1.0440477767045129,4.093183936324358,-0.9795154115908236,0.5290736057224491,51.7733261751027,0.4158883083343671,0.0,0.2,Train005,10.0
41,0,2,0.0001388888888888889,0.0,8.375136981338123,0.9631196596497427,-8.362346673837836,0.4157907609045398,8.372677221193964,-4.969063062702994,0.00029763452238873445,12.041440264577567,0.6931471805579453,0,0,2.0,0.0001388888888888889,0.0,8.178574667390125,0.9142748980740795,-8.168386979588934,0.37898161074260056,8.177218246378585,-0.05147994140430541,0.00016002723026418142,12.347604119173955,0.6931471805579453,0.0,0.0,Train005,10.0
41,1,2,0.0001388888888888889,0.0,9.269867588654556,1.1496450156737188,-9.269650710691746,0.013201492125448334,9.269660111224269,-5.687983702309891,2.2731554152000122e-05,52.040298382853756,0.6931471805579453,0,0,2.0,0.0001388888888888889,0.0,9.160815700503663,0.7640437563743024,-9.157999032897406,0.143673274269894,9.160009609350407,-0.6499117578491749,9.488187154049754e-05,50.841554465771445,0.6931471805579453,0.0,0.0,Train005,10.0
41,2,2,0.0001388888888888889,0.0,8.67064935973941,1.4764675484029985,-8.670631672668502,-0.004517390089808684,8.670632849446193,-5.286135807996124,1.9610214730958475e-06,26.548702731489566,0.6931471805579453,0,0,2.0,0.0001388888888888889,0.0,8.54141073313482,0.8286093222199629,-8.537776728947904,-0.1367724941322736,8.539859560832738,-0.2925850115432274,0.00019756413683362782,24.811213665476487,0.6931471805579453,0.0,0.0,Train005,10.0
41,3,2,0.0001388888888888889,0.0,8.316800012069514,0.3310348448036491,-0.2994174252727331,-0.3217122531527925,0.43948784782471423,-4.220535331852817,0.9652142359746579,57.161185752083426,0.6931471805579453,0,0,2.0,0.0001388888888888889,0.0,7.743329717012919,0.49914092064985194,-0.4937730870173779,-0.1317786124037205,0.5570460764298943,1.6442652888155798,0.9698070126942362,52.86417918860534,0.6931471805579453,0.0,0.0,Train005,10.0
41,4,3,0.00020833333333333335,0.0,10.154436180827785,0.6388350923373788,-2.7932920566463646,0.1077229526198985,2.7953684458841606,-6.377188951915838,0.6664736134415372,42.89578738980532,1.0986122886651097,0,0,2.6,0.00018055555555555557,0.2,10.197916773146455,1.0836582688980867,-1.0692570809941468,0.13990625624371394,2.3228257617025347,-1.1462154030790583,0.7931703961440005,37.01602155615494,0.936426245422244,0.2,0.0,Train005,10.0
41,5,1,6.944444444444444e-05,0.0,7.656378262029976,0.0,7.575031986788906,1.1131120745055585,7.656378262029976,-4.7441202683643535,0.0,0.0,-1.000088900581841e-12,0,0,1.4,9.722222222222222e-05,-0.2,7.984269076582199,0.3871897963520922,4.300682908169943,1.0760759124297599,5.320661349973574,-0.9868839822595088,0.3527112094304898,34.55370516659484,0.27725887222257806,0.0,0.2,Train005,10.0
42,0,2,0.0001388888888888889,0.0,7.709036761005304,0.8882002506181359,-7.6970812170140155,0.3844153293344847,7.70667466594622,-6.661002203328201,0.00031052877032522463,12.0266967258671,0.6931471805579453,0,0,2.0,0.0001388888888888889,0.0,8.167585547957014,0.9246161623665887,-8.156418568833582,0.39056645649907923,8.165794923203688,-0.10989119433109025,0.000217153054498187,12.21635336003819,0.6931471805579453,0.0,0.0,Train005,10.0
42,1,2,0.0001388888888888889,0.0,8.526099372504778,1.0811442770757025,-8.525862596604007,0.00382067746361308,8.525863452680175,-7.437682161497787,2.8122507243932837e-05,52.118982500452795,0.6931471805579453,0,0,2.0,0.0001388888888888889,0.0,9.098714695514541,0.9209073150110868,-9.097194659417275,0.08619023696807984,9.098245085652334,-0.6210100498912245,5.7039598404884374e-05,51.3471883077511,0.6931471805579453,0.0,0.0,Train005,10.0
42,2,2,0.0001388888888888889,0.0,7.975812480291513,1.4011725621485969,-7.975780722377102,0.004177786134076877,7.975781816558122,-6.948368794478985,3.967023708750794e-06,26.6671575068048,0.6931471805579453,0,0,2.0,0.0001388888888888889,0.0,8.498595357546327,1.0983498784002577,-8.496751343660168,-0.07781663583975787,8.497802447613562,-0.4281537558849145,0.000105019711731269,25.541907073683173,0.6931471805579453,0.0,0.0,Train005,10.0
42,3,2,0.0001388888888888889,0.0,7.680150039953562,0.29258124274687436,-0.2628284690350777,-0.30759285350514776,0.40458888722104336,-6.366499721159533,0.96358847359114,57.403067293667355,0.6931471805579453,0,0,2.0,0.0001388888888888889,0.0,7.899165985091169,0.4223257445162889,-0.4047722957495806,-0.21280259326494427,0.49505993257746883,1.5583626807824886,0.9692083536323942,54.68691826148692,0.6931471805579453,0.0,0.0,Train005,10.0
42,4,3,0.00020833333333333335,0.0,9.33459023086102,0.5654244782311535,-2.5872616675328195,0.09746539008726514,2.5890968383877744,-8.198459499667651,0.6664789035650285,42.8756539403181,1.0986122886651097,0,0,2.8,0.00019444444444444443,0.2,10.050873429876905,0.872078900795203,-1.9111307108217255,0.12385835001520147,2.514282847448216,-1.0627800382164323,0.7298117238639167,40.00155801357973,1.0175192670436768,0.2,0.0,Train005,10.0
42,5,1,6.944444444444444e-05,0.0,7.040495897417913,0.0,6.9681208098526355,1.006913531966435,7.040495897417913,-6.158823646120624,0.0,0.0,-1.000088900581841e-12,0,0,1.2,8.333333333333333e-05,-0.2,7.717072022896022,0.18511183486846408,5.9148200312126855,1.1017843267958423,6.446825389965648,-0.8208521881771291,0.1763544261669035,17.281243315100145,0.13862943611078898,0.0,0.2,Train005,10.0
43,0,2,0.0001388888888888889,0.0,7.023545068820488,0.8098547522412582,-7.012583183440082,0.3508712861651515,7.0213555360857365,-6.854916921848155,0.0003159430672532437,12.02551365772174,0.6931471805579453,0,0,2.0,0.0001388888888888889,0.0,8.155290540662229,0.9340567995865158,-8.143218578397406,0.4010487770541772,8.153091543840269,-0.12295007294785272,0.0002761242192216518,12.086319067162716,0.6931471805579453,0.0,0.0,Train005,10.0
43,1,2,0.0001388888888888889,0.0,7.7655038242647985,0.9936562395974144,-7.7652707460404145,0.0003407448149003005,7.76527075351646,-7.6059554823997955,3.0513208705174044e-05,52.14154071760985,0.6931471805579453,0,0,2.0,0.0001388888888888889,0.0,9.041357778748008,1.0678094078056535,-9.041074629089113,0.031674467695796786,9.041199567323904,-0.5735691676653296,1.8635163105029662e-05,51.86227557260779,0.6931471805579453,0.0,0.0,Train005,10.0
43,2,2,0.0001388888888888889,0.0,7.264392413441103,1.2923844126674378,-7.264353956404059,0.006947407192816021,7.264357278547774,-7.114200668504096,4.99467672132603e-06,26.703143470252794,0.6931471805579453,0,0,2.0,0.0001388888888888889,0.0,8.453761131606466,1.3422553580918186,-8.453602984169226,-0.02324019440290164,8.453709591059896,-0.4483422593985969,6.0706096752571884e-06,26.28900699210625,0.6931471805579453,0.0,0.0,Train005,10.0
43,3,2,0.0001388888888888889,0.0,7.006557813562386,0.2619970811020518,-0.23465869480395352,-0.284564110529186,0.36883795364409255,-6.735922263911758,0.9629211937813295,57.44329481088307,0.6931471805579453,0,0,2.0,0.0001388888888888889,0.0,8.042909402142197,0.3491650331675805,-0.3205063967639818,-0.28736042937123374,0.4364486476433324,1.437434170510289,0.9684958335856294,56.513685313702965,0.6931471805579453,0.0,0.0,Train005,10.0
43,4,3,0.00020833333333333335,0.0,8.499941816769532,0.5066361140811135,-2.3632802132758752,0.08816167600781466,2.364924068036387,-8.346484140914878,0.6664810782780581,42.87607904198236,1.0986122886651097,0,0,3.0,0.00020833333333333335,0.2,9.9154839022523,0.6734163158014015,-2.68352361392018,0.10871265624270081,2.6857438897010306,-0.9462418817669962,0.6664631117268234,42.98725346298802,1.0986122886651097,0.2,0.0,Train005,10.0
43,5,1,6.944444444444444e-05,0.0,6.411826714820933,0.0,6.346819566056641,0.9107157716938828,6.411826714820933,-6.286691825969806,0.0,0.0,-1.000088900581841e-12,0,0,1.0,6.944444444444444e-05,-0.2,7.471467328093878,0.0,7.386120829717018,1.1237936378709343,7.47146732809388,-0.6049285993367925,2.2204460492503132e-17,0.0,-1.000088900581841e-12,0.0,0.2,Train005,10.0
44,0,1,6.944444444444444e-05,-1.0,9.165274047647,0.0,-9.150865690848192,0.5137173118837152,9.165274047647,13.318742265852528,0.0,0.0,-1.000088900581841e-12,0,1,1.8,0.000125,-0.2,8.22900722928387,0.7353199906872957,-8.216376915902552,0.42007448636700967,8.227138203322559,-0.882542618266136,0.0002381285454660098,9.637349899225438,0.5545177444461563,0.0,0.2,Train005,10.0
44,1,2,0.0001388888888888889,0.0,9.697599904910101,1.197810823512249,-9.695827356718915,-0.14822625485902177,9.696960304854734,19.320960806453023,6.697631069474408e-05,52.78441550190491,0.6931471805579453,0,0,2.0,0.0001388888888888889,0.0,9.019547329843956,1.1148139023718477,-9.019018136208008,-0.01857326155881008,9.01926145337031,-0.2181044890405211,3.200417337378969e-05,52.179697011576046,0.6931471805579453,0.0,0.0,Train005,10.0
44,2,2,0.0001388888888888889,0.0,8.950456696726551,0.8864289469051814,-8.947768565093229,0.15492119713336372,8.949109613352144,16.860642832854488,0.00015199537018661946,25.990304006474812,0.6931471805579453,0,0,2.0,0.0001388888888888889,0.0,8.41211477814752,1.2997617985597412,-8.411550523728376,0.02654198300293953,8.411828880351422,-0.41646353458947943,3.2585773436366595e-05,26.424499906697484,0.6931471805579453,0.0,0.0,Train005,10.0
44,3,2,0.0001388888888888889,0.0,9.451798555727715,0.24543310856754452,0.2311054270848114,0.18225525552681054,0.29432413525770545,24.45240742165329,0.9828072310093643,64.11757273295217,0.6931471805579453,0,0,2.0,0.0001388888888888889,0.0,8.238831993313594,0.3032948806474649,-0.1839745700623901,-0.2078720629043347,0.3952722806550798,1.9592259117139719,0.9687796821081187,58.50098946764676,0.6931471805579453,0.0,0.0,Train005,10.0
44,4,3,0.00020833333333333335,0.0,10.659857800521273,0.7824933795731348,-3.128547055884224,0.17796402322894267,3.1336046136112445,21.59915983751742,0.6665382439739125,42.45790568977222,1.0986122886651097,0,0,3.0,0.00020833333333333335,0.0,9.888196220999795,0.6470842190609953,-2.7569819925828676,0.11805987579350923,2.759590474395251,-0.27287681252503404,0.6664863997065709,42.8172319173065,1.0986122886651097,0.0,0.0,Train005,10.0
44,5,1,6.944444444444444e-05,0.0,9.32989333898756,0.0,9.293464874617758,0.8236627593441317,9.32989333898756,29.180666241666273,0.0,0.0,-1.000088900581841e-12,0,0,1.0,6.944444444444444e-05,0.0,7.713876900424559,0.0,7.644128533275316,1.016895429719235,7.713876900424557,2.424095723306799,2.2204460492503132e-17,0.0,-1.000088900581841e-12,0.0,0.0,Train005,10.0
45,0,1,6.944444444444444e-05,0.0,9.08774951203164,0.0,-9.075817741157953,0.46553573731116926,9.08774951203164,-0.7752453561535866,0.0,0.0,-1.000088900581841e-12,0,0,1.6,0.00011111111111111112,-0.2,8.272148474168512,0.5322349325018274,-8.259738901259615,0.42606608511981203,8.270746196580912,-1.1882970556360828,0.00018482127199344057,7.218730129633281,0.4158883083343672,0.0,0.2,Train005,10.0
45,1,2,0.0001388888888888889,0.0,9.797543165485894,1.1970309642772143,-9.794306587002687,-0.19104080293943088,9.796169563078825,0.999432605757935,0.00014232328590790821,53.02199303247427,0.6931471805579453,0,0,2.0,0.0001388888888888889,0.0,9.011322771164027,1.1238574640272598,-9.010183599411553,-0.06438082867889817,9.010784837070892,-0.08224558679930354,5.813337334075186e-05,52.42144602705912,0.6931471805579453,0.0,0.0,Train005,10.0
45,2,2,0.0001388888888888889,0.0,9.008576645246386,0.6941263739356831,-9.00428582044665,0.19712276489793462,9.006443278050309,0.5811994851983382,0.00023822965351816272,25.71305707815436,0.6931471805579453,0,0,2.0,0.0001388888888888889,0.0,8.373977519088992,1.1501159688119795,-8.37256414739791,0.07173035305367652,8.37326496719091,-0.38137259058527634,8.022954912159097e-05,26.324472958635265,0.6931471805579453,0.0,0.0,Train005,10.0
45,3,2,0.0001388888888888889,0.0,9.748242994978414,0.40396733929481243,0.37906516009489355,0.33348533385922363,0.5048790582871953,2.9644443925069908,0.9689069788027724,66.60758282522056,0.6931471805579453,0,0,2.0,0.0001388888888888889,0.0,8.440709883258318,0.30700272330298645,-0.037346800386411874,-0.07962572556021844,0.4024235764469502,2.018778899447235,0.9686876226318528,60.546540682961314,0.6931471805579453,0.0,0.0,Train005,10.0
45,4,3,0.00020833333333333335,0.0,10.782623272392334,0.9476448888660448,-3.2097106568547944,0.1986359887833491,3.215851171426808,1.2276547187106068,0.6665578356772285,41.95032850529777,1.0986122886651097,0,0,3.0,0.00020833333333333335,0.0,9.886289860274388,0.6882067906177651,-2.8164183300388155,0.133990006145454,2.819769027469275,-0.019063607254068415,0.6665059349871529,42.611150913435154,1.0986122886651097,0.0,0.0,Train005,10.0
45,5,1,6.944444444444444e-05,0.0,9.796551000464346,0.0,9.768188698574068,0.7449168099518342,9.796551000464346,4.666576614767859,0.0,0.0,-1.000088900581841e-12,0,0,1.0,6.944444444444444e-05,0.0,8.047029042744146,0.0,7.990325187178001,0.9198641894923684,8.047029042744146,3.3315214231958707,0.0,0.0,-1.000088900581841e-12,0.0,0.0,Train005,10.0
46,0,1,6.944444444444444e-05,0.0,8.525387815095122,0.0,-8.514967543780381,0.42138477207784364,8.525387815095122,-5.623616969365184,0.0,0.0,-1.000088900581841e-12,0,0,1.4,9.722222222222222e-05,-0.2,8.30219864091991,0.3396110005718788,-8.290263075248125,0.42718488735447285,8.301288315361145,-1.3192078369685207,0.00012529436751569368,4.810442076717767,0.27725887222257806,0.0,0.2,Train005,10.0
46,1,2,0.0001388888888888889,0.0,9.254987410699623,1.1261198991359365,-9.25132985216015,-0.19463947918366226,9.25337714352584,-5.425557547862709,0.00017660403184693862,53.10446633825092,0.6931471805579453,0,0,2.0,0.0001388888888888889,0.0,9.008346735573038,1.1191524407197033,-9.006519427705236,-0.10594902294072028,9.007528243531207,-0.029760355909867187,8.890786887973955e-05,52.63427961813854,0.6931471805579453,0.0,0.0,Train005,10.0
46,2,2,0.0001388888888888889,0.0,8.497815240009984,0.5865589794461492,-8.493125898418766,0.20014398311423415,8.495483808493098,-5.1076140523640134,0.0002756701637769421,25.603156647431575,0.6931471805579453,0,0,2.0,0.0001388888888888889,0.0,8.339410695143107,0.9721342550206096,-8.337062992547962,0.11266262769448507,8.33823515900029,-0.3456682394588542,0.00013497137758236021,26.13536374182367,0.6931471805579453,0.0,0.0,Train005,10.0
46,3,2,0.0001388888888888889,0.0,9.277123683703689,0.4348386023632047,0.40805038846037434,0.3663059527520284,0.5483476730544533,-4.711193112747258,0.9639506500545773,67.4921537886401,0.6931471805579453,0,0,2.0,0.0001388888888888889,0.0,8.632774617585152,0.32776347481489754,0.10414676236020962,0.05797791562074576,0.424195541492898,1.9206473432683466,0.9684349054478366,62.61273429027265,0.6931471805579453,0.0,0.0,Train005,10.0
46,4,3,0.00020833333333333335,0.0,10.189991092646448,0.954039769765734,-3.0487352194152906,0.19410390564157007,3.0549079796760674,-5.926321797458869,0.6665655071168148,41.82224902833759,1.0986122886651097,0,0,3.0,0.00020833333333333335,0.0,9.89340084263812,0.751247726103436,-2.867506962592601,0.1512661967497883,2.8716769342276565,0.07110982363732532,0.6665243137222084,42.396443241141604,1.0986122886651097,0.0,0.0,Train005,10.0
46,5,1,6.944444444444444e-05,0.0,9.38150755793627,0.0,9.357286847494079,0.6736964548887716,9.38150755793627,-4.1504344252807535,0.0,0.0,-1.000088900581841e-12,0,0,1.0,6.944444444444444e-05,0.0,8.392054901925405,0.0,8.346776159319038,0.8319810655690111,8.392054901925405,3.4502585918125903,0.0,0.0,-1.000088900581841e-12,0.0,0.0,Train005,10.0
47,0,1,6.944444444444444e-05,0.0,7.827912327704988,0.0,-7.818623355700689,0.38123513994308494,7.827912327704988,-6.974754873901343,0.0,0.0,-1.000088900581841e-12,0,0,1.2,8.333333333333333e-05,-0.2,8.325973754259849,0.16197095044825166,-8.31457150298546,0.42654884947619287,8.325535847712898,-1.3819583710831491,6.318861345064875e-05,2.405102731544348,0.13862943611078898,0.0,0.2,Train005,10.0
47,1,2,0.0001388888888888889,0.0,8.521400845689694,1.0351450437679341,-8.517798549800492,-0.18441934428503076,8.519794752781893,-7.335865650099285,0.00019130074447060164,53.12819143055437,0.6931471805579453,0,0,2.0,0.0001388888888888889,0.0,9.007407030210022,1.1099525940581496,-9.004906618344531,-0.14359702729044904,9.00631450355155,-0.009397053630166675,0.00012154351632507333,52.83612140415886,0.6931471805579453,0.0,0.0,Train005,10.0
47,2,2,0.0001388888888888889,0.0,7.819757837435164,0.5146608788015641,-7.815193070433809,0.18939534406351272,7.817487660656048,-6.780574025748205,0.00029157612201813343,25.557783711206312,0.6931471805579453,0,0,2.0,0.0001388888888888889,0.0,8.308199766571837,0.7948319183512031,-8.304945462159303,0.14970613928037227,8.306576327819874,-0.3121092857126982,0.00019249319724423675,25.913488982703974,0.6931471805579453,0.0,0.0,Train005,10.0
47,3,2,0.0001388888888888889,0.0,8.567050710064764,0.41987346917913015,0.39405283208988173,0.3561086219003128,0.5311223823845089,-7.100729736389235,0.9619873559697933,67.76669658697158,0.6931471805579453,0,0,2.0,0.0001388888888888889,0.0,8.810154751607394,0.35322192010134873,0.2355230225852015,0.19071821070183786,0.4495022405255911,1.7738013402224062,0.9681146819235673,64.6854601489335,0.6931471805579453,0.0,0.0,Train005,10.0
47,4,3,0.00020833333333333335,0.0,9.383941897483055,0.9005524172417253,-2.8132352677531482,0.18109400160607989,2.8190579471071238,-8.060491951633928,0.666568663072918,41.789403724827565,1.0986122886651097,0,0,3.0,0.00020833333333333335,0.0,9.903271175962526,0.8182733139055504,-2.9127016826366665,0.16799191905355126,2.9176691559715264,0.09870333324406992,0.6665422656237864,42.1791931980435,1.0986122886651097,0.0,0.0,Train005,10.0
47,5,1,6.944444444444444e-05,0.0,8.68472975669561,0.0,8.66333084609205,0.609286138020717,8.68472975669561,-6.967778012406605,0.0,0.0,-1.000088900581841e-12,0,0,1.0,6.944444444444444e-05,0.0,8.720901673780943,0.0,8.685818166566921,0.7524555867798675,8.720901673780945,3.288467718555394,0.0,0.0,-1.000088900581841e-12,0.0,0.0,Train005,10.0
48,0,1,6.944444444444444e-05,0.0,7.124661956154272,0.0,-7.116311756313426,0.3448405086809528,7.124661956154272,-7.032503715507161,0.0,0.0,-1.000088900581841e-12,0,0,1.0,6.944444444444444e-05,-0.2,8.346197131726605,0.0,-8.335317217560128,0.4253426939793531,8.346197131726605,-1.4174757298149503,0.0,0.0,-1.000088900581841e-12,0.0,0.2,Train005,10.0
48,1,2,0.0001388888888888889,0.0,7.76476002172047,0.9425829712079525,-7.7613870005976935,-0.17000680657102954,7.76324870703801,-7.566408239692248,0.00019754904450108857,53.13012310872819,0.6931471805579453,0,0,2.0,0.0001388888888888889,0.0,9.007258269701158,1.0997379403802574,-9.004129869255987,-0.177666537567635,9.00591009425586,-0.00148760508865724,0.00015495068348425622,53.033837882382535,0.6931471805579453,0.0,0.0,Train005,10.0
48,2,2,0.0001388888888888889,0.0,7.123643687797349,0.45937230689931363,-7.119389084453496,0.17450371692770628,7.12152739818202,-6.9611414963781515,0.0002983203727235928,25.53747476875571,0.6931471805579453,0,0,2.0,0.0001388888888888889,0.0,8.280050021443088,0.6282294971975783,-8.27595248776919,0.1832174012273503,8.278010351746724,-0.2814974512875093,0.0002511583364446901,25.680355242404556,0.6931471805579453,0.0,0.0,Train005,10.0
48,3,2,0.0001388888888888889,0.0,7.815872250443803,0.38992661267979534,0.3659697855617092,0.33158668810216463,0.49384574076390053,-7.5117845962096075,0.9611776664720502,67.81327579675813,0.6931471805579453,0,0,2.0,0.0001388888888888889,0.0,8.972017638983676,0.3788078264168974,0.35564871865833403,0.31394837042810797,0.47450379794955266,1.6186288737628363,0.9677659764617115,66.75945634610851,0.6931471805579453,0.0,0.0,Train005,10.0
48,4,3,0.00020833333333333335,0.0,8.551335995049305,0.829000845053796,-2.5657584855624536,0.16590934656816883,2.571116978574567,-8.326059024337487,0.6665699852865586,41.78597343302762,1.0986122886651097,0,0,3.0,0.00020833333333333335,0.0,9.913550011618483,0.882746260100087,-2.953197337093982,0.1835414531656221,2.958907738079162,0.10278835655954807,0.6665600470254864,41.96117207625255,1.0986122886651097,0.0,0.0,Train005,10.0
48,5,1,6.944444444444444e-05,0.0,7.931234896484409,0.0,7.912069688121218,0.5510356009601132,7.931234896484409,-7.534948602112008,0.0,0.0,-1.000088900581841e-12,0,0,1.0,6.944444444444444e-05,0.0,9.024783310113639,0.0,8.998868190979834,0.6805195526331135,9.024783310113637,3.0388163633269536,0.0,0.0,-1.000088900581841e-12,0.0,0.0,Train005,10.0
49,0,1,6.944444444444444e-05,0.0,7.514724870818136,0.0,-7.5101002139033675,-0.26359943327186003,7.514724870818136,0.0,0.0,0.0,-1.000088900581841e-12,1,1,1.0,6.944444444444444e-05,0.0,8.016087296360833,0.0,-8.007164122171165,0.2698793449482381,8.016087296360832,-4.081224182985456,0.0,0.0,-1.000088900581841e-12,0.2,0.2,Train005,10.0
49,1,2,0.0001388888888888889,0.0,9.84451649044901,0.41508028918477535,-9.840256052617601,0.28690119443457074,9.844437590662318,20.797564687285394,8.028865893683346e-06,52.155625325038635,0.6931471805579453,0,0,2.0,0.0001388888888888889,0.0,9.036641586808937,0.9431918335147624,-9.033015608435726,-0.09064104770891653,9.035405551417377,0.2938331710778172,0.00014316119452404408,52.908079847009276,0.6931471805579453,0.0,0.0,Train005,10.0
49,2,2,0.0001388888888888889,0.0,9.851639619604999,0.3264956854028478,-9.84682600519188,0.3063718567487138,9.851591043640147,27.279959318076493,4.936170889480174e-06,24.058133206328467,0.6931471805579453,0,0,2.0,0.0001388888888888889,0.0,8.460286606018776,0.5162428448971116,-8.455763975788921,0.21350753315042031,8.458506637804323,1.8023658457568914,0.00022174649658526224,25.293921082375284,0.6931471805579453,0.0,0.0,Train005,10.0
49,3,2,0.0001388888888888889,0.0,9.140828873448838,0.2475179955124478,-0.25451773227163077,0.15623696898903297,0.29864572074545714,13.24956623005034,0.9817121202549017,72.15481214470535,0.6931471805579453,0,0,2.0,0.0001388888888888889,0.0,8.909823702527902,0.3792248038058781,0.25852408678704564,0.30874471312055246,0.47536811504710297,-0.6219393645577543,0.9675469543108189,68.36690422845915,0.6931471805579453,0.0,0.0,Train005,10.0
49,4,3,0.00020833333333333335,0.0,11.392375932736003,1.0902406107492333,-2.819700930900682,0.15086504224575933,2.823733981927828,28.410399376866987,0.6668313081510209,40.96988759109012,1.0986122886651097,0,0,3.0,0.00020833333333333335,0.0,10.06005363806143,0.9442957063353067,-2.8914281120972736,0.17812165696898546,2.896933611742479,1.4650362644294617,0.6666186598609081,41.66356845651613,1.0986122886651097,0.0,0.0,Train005,10.0
49,5,1,6.944444444444444e-05,0.0,10.482348279401956,0.0,10.425778544739156,1.0875510042006535,10.482348279401956,25.511133829175463,1.1102230246251565e-16,0.0,-1.000088900581841e-12,0,0,1.0,6.944444444444444e-05,0.0,9.25527429819652,0.0,9.225330925004116,0.7332972016044179,9.25527429819652,2.3049098808287916,2.2204460492503132e-17,0.0,-1.000088900581841e-12,0.0,0.0,Train005,10.0
50,0,1,6.944444444444444e-05,0.0,7.17428548947951,0.0,-7.169029268307372,-0.274575371635019,7.17428548947951,-3.404393813386264,0.0,0.0,-1.000088900581841e-12,0,0,1.0,6.944444444444444e-05,0.0,7.633394491850406,0.0,-7.625806427601047,0.12185712315900048,7.633394491850405,-4.607053874431991,0.0,0.0,-1.000088900581841e-12,0.2,0.2,Train005,10.0
50,1,2,0.0001388888888888889,0.0,9.991479720320186,0.20403084680977912,-9.98188317755336,0.4285486592535952,9.991078306352664,1.4696322987117583,4.0192387918080996e-05,51.781694061420815,0.6931471805579453,0,0,2.0,0.0001388888888888889,0.0,9.075428897775797,0.7445918100212755,-9.07053092654586,0.03327684472968869,9.074387300072145,0.38787310966858185,0.00012273501492607864,52.660020052798586,0.6931471805579453,0.0,0.0,Train005,10.0
50,2,2,0.0001388888888888889,0.0,10.218472564043996,0.5804380748748779,-10.212993592719895,0.33407613795658364,10.218456096245147,3.6683294443899683,1.6167881385920069e-06,23.50296806232524,0.6931471805579453,0,0,2.0,0.0001388888888888889,0.0,8.702265789778298,0.4935051850849505,-8.69750553024357,0.24089820776215012,8.700909201443292,2.419791837595217,0.0001744239235093481,24.851903279209463,0.6931471805579453,0.0,0.0,Train005,10.0
50,3,2,0.0001388888888888889,0.0,9.06463510251469,0.4517170508801538,-0.4548425839146102,0.0861844936459117,0.4629357872179698,-0.7619377093414847,0.9888110404474272,73.75536735698763,0.6931471805579453,0,0,2.0,0.0001388888888888889,0.0,8.773102124035157,0.3887747461229464,0.09174253798514487,0.2592845450778901,0.4669794608332579,-1.3672157849274496,0.9715277666397499,69.79646113481256,0.6931471805579453,0.0,0.0,Train005,10.0
50,4,3,0.00020833333333333335,0.0,11.708437212754221,1.238536661553302,-2.741692997675058,0.13675604623381196,2.7451015845833378,3.160612800182173,0.6669998142453655,40.99745277192675,1.0986122886651097,0,0,3.0,0.00020833333333333335,0.0,10.245216426133807,1.002474060872758,-2.7978245802613264,0.165745668459078,2.8027836943737845,1.851627880723775,0.6667070555745356,41.472993309841925,1.0986122886651097,0.0,0.0,Train005,10.0
50,5,1,6.944444444444444e-05,0.0,10.752052759875674,0.0,10.683790826452377,1.2096495888322998,10.752052759875674,2.6970448047371853,0.0,0.0,-1.000088900581841e-12,0,0,1.0,6.944444444444444e-05,0.0,9.446374650078784,0.0,9.408451350579776,0.826243757380511,9.446374650078784,1.9110035188226568,2.2204460492503132e-17,0.0,-1.000088900581841e-12,0.0,0.0,Train005,10.0
51,0,1,6.944444444444444e-05,0.0,6.650122271076949,0.0,-6.644949497573131,-0.26224491410936734,6.650122271076949,-5.241632184025606,0.0,0.0,-1.000088900581841e-12,0,0,1.0,6.944444444444444e-05,0.0,7.258341383046772,0.0,-7.2518028183595975,-0.014868814078441728,7.258341383046771,-4.530656917364075,0.0,0.0,-1.000088900581841e-12,0.2,0.2,Train005,10.0
51,1,2,0.0001388888888888889,0.0,9.454307785756708,0.118481034809089,-9.442942478495105,0.4524537866867751,9.453775810820483,-5.371719345634789,5.627683279096907e-05,51.63771008380264,0.6931471805579453,0,0,2.0,0.0001388888888888889,0.0,9.115292972787213,0.543064037155906,-9.10885345181285,0.16269549790377616,9.114467033531074,0.39864075011416594,9.866957511488472e-05,52.36666880190893,0.6931471805579453,0.0,0.0,Train005,10.0
51,2,2,0.0001388888888888889,0.0,9.743727564217693,0.6343997976547495,-9.738278935582205,0.3240050137684795,9.743667475655725,-4.74744999826302,6.193150356659238e-06,23.29600364868146,0.6931471805579453,0,0,2.0,0.0001388888888888889,0.0,8.951448254619839,0.5030733487266705,-8.946536137676256,0.26567041389299917,8.950545934875816,2.491824648415416,0.00012052852082529153,24.390472679459435,0.6931471805579453,0.0,0.0,Train005,10.0
51,3,2,0.0001388888888888889,0.0,8.504457114236438,0.49566656482217386,-0.4975643060047199,0.05679791207834048,0.5007956084336378,-5.601779882782525,0.9915794414927585,74.30530146046921,0.6931471805579453,0,0,2.0,0.0001388888888888889,0.0,8.618568810141706,0.4009403386147402,-0.08938040090787398,0.1973829369431525,0.4574690479090949,-1.5453331389345029,0.9770535249273861,71.15909066917837,0.6931471805579453,0.0,0.0,Train005,10.0
51,4,3,0.00020833333333333335,0.0,11.128433358675922,1.2249062208233765,-2.5530953630239863,0.12380302620819472,2.556095288128533,-5.800038540782992,0.6670699987707611,41.03845829036964,1.0986122886651097,0,0,3.0,0.00020833333333333335,0.0,10.432904879339702,1.0566473510842866,-2.6986966089830657,0.15168549257240294,2.703021156064278,1.8768845320589507,0.6668079539053249,41.31623516224834,1.0986122886651097,0.0,0.0,Train005,10.0
51,5,1,6.944444444444444e-05,0.0,10.212366404084928,0.0,10.14387765447255,1.1807513296096692,10.212366404084928,-5.396863557907459,0.0,0.0,-1.000088900581841e-12,0,0,1.0,6.944444444444444e-05,0.0,9.612546419308515,0.0,9.56576951197547,0.9276547323246905,9.612546419308515,1.6617176922973158,2.2204460492503132e-17,0.0,-1.000088900581841e-12,0.0,0.0,Train005,10.0
52,0,1,6.944444444444444e-05,0.0,6.075723781182139,0.0,-6.070881970466986,-0.24251096033184483,6.075723781182139,-5.743984898948096,0.0,0.0,-1.000088900581841e-12,0,0,1.0,6.944444444444444e-05,0.0,6.907903673742202,0.0,-6.902254541312857,-0.1396180341334277,6.907903673742202,-4.2845029223734254,0.0,0.0,-1.000088900581841e-12,0.2,0.2,Train005,10.0
52,1,2,0.0001388888888888889,0.0,8.71097291161949,0.08177619486408716,-8.699599072219929,0.43409322970113207,8.710422547123773,-7.433348741372177,6.318616879674721e-05,51.58193116303988,0.6931471805579453,0,0,2.0,0.0001388888888888889,0.0,9.153207385973172,0.3523902673751366,-9.145213556296738,0.28639801270100873,9.152592592399449,0.37914413185958756,7.304665998011383e-05,52.057416748406034,0.6931471805579453,0.0,0.0,Train005,10.0
52,2,2,0.0001388888888888889,0.0,9.004898622699331,0.6157578530207939,-8.999773572978436,0.30142003038488835,9.004819731654724,-7.388289415183618,8.802060594392813e-06,23.22122164745337,0.6931471805579453,0,0,2.0,0.0001388888888888889,0.0,9.188476411672674,0.5232927435705166,-9.183452238185183,0.28807535115727434,9.188012349075553,2.3702815705283333,6.397370854054341e-05,23.92316026670885,0.6931471805579453,0.0,0.0,Train005,10.0
52,3,2,0.0001388888888888889,0.0,7.809074229724064,0.4816746197717814,-0.48307853099935283,0.04325409891478675,0.48501111758950727,-6.953828845123731,0.9927135454568955,74.45759002979993,0.6931471805579453,0,0,2.0,0.0001388888888888889,0.0,8.466973514073567,0.4133005687332704,-0.2648066735257209,0.1348120323460473,0.4482467949500945,-1.515952960681402,0.9831987628248064,72.49726935774405,0.6931471805579453,0.0,0.0,Train005,10.0
52,4,3,0.00020833333333333335,0.0,10.271557969423244,1.1489037087123177,-2.3372357766575065,0.11201439211044208,2.339918438691334,-8.568753892526786,0.6670992771469495,41.05077819823135,1.0986122886651097,0,0,3.0,0.00020833333333333335,0.0,10.610428093727739,1.106317609378405,-2.6034967107639373,0.13786957067327538,2.6071932543811203,1.775232143880379,0.6669140767201311,41.168510056929094,1.0986122886651097,0.0,0.0,Train005,10.0
52,5,1,6.944444444444444e-05,0.0,9.423455711160438,0.0,9.358897632426878,1.1011596823153604,9.423455711160438,-7.889106929244907,1.1102230246251565e-16,0.0,-1.000088900581841e-12,0,0,1.0,6.944444444444444e-05,0.0,9.760291610201481,0.0,9.704882869242436,1.0260294411836193,9.760291610201481,1.4774519089296554,4.4408920985006264e-17,0.0,-1.000088900581841e-12,0.0,0.0,Train005,10.0
53,0,1,6.944444444444444e-05,0.0,5.515625097147162,0.0,-5.511185001008285,-0.22126928603164836,5.515625097147162,-5.600986840349771,1.1102230246251565e-16,0.0,-1.000088900581841e-12,0,0,1.0,6.944444444444444e-05,0.0,6.586096301940779,0.0,-6.581229190251828,-0.2528399930759479,6.586096301940779,-3.9981995473419483,2.2204460492503132e-17,0.0,-1.000088900581841e-12,0.2,0.2,Train005,10.0
53,1,2,0.0001388888888888889,0.0,7.939842081820811,0.06421575115435996,-7.929125675319662,0.402147989953633,7.939317160867,-7.711308297986781,6.611659124566849e-05,51.56003657342148,0.6931471805579453,0,0,2.0,0.0001388888888888889,0.0,9.188223797993242,0.17671682336441813,-9.178761291241132,0.40082897200594125,9.187806283165248,0.3501641202006812,4.676016932902982e-05,51.743399441344685,0.6931471805579453,0.0,0.0,Train005,10.0
53,2,2,0.0001388888888888889,0.0,8.217972033174343,0.5730159579709233,-8.2132600352927,0.27582390433447246,8.217890193567845,-7.869265895249877,1.000726777466987e-05,23.19658911723495,0.6931471805579453,0,0,2.0,0.0001388888888888889,0.0,9.407342080748073,0.5460214737848385,-9.402226428353023,0.30833938863862753,9.407284908152718,2.188656690753988,6.311087550758821e-06,23.4549831364047,0.6931471805579453,0.0,0.0,Train005,10.0
53,3,2,0.0001388888888888889,0.0,7.107710240776262,0.4484373603710594,-0.44959405789625384,0.03600587625626864,0.451033524275748,-7.013639889478016,0.9931876651550022,74.46283129237526,0.6931471805579453,0,0,2.0,0.0001388888888888889,0.0,8.325341112140057,0.42500271827152325,-0.4279194422173135,0.0756958699768681,0.43968435165246406,-1.4163240193350837,0.9896007625613971,73.82718045686747,0.6931471805579453,0.0,0.0,Train005,10.0
53,4,3,0.00020833333333333335,0.0,9.369080537573936,1.054969993083957,-2.1246349797180706,0.10132442025033599,2.1270497020945873,-9.02477431849307,0.667111596783966,41.04874188569222,1.0986122886651097,0,0,3.0,0.00020833333333333335,0.0,10.773977002232666,1.1515114389844372,-2.5152720095950607,0.12495258540970881,2.5183797990851238,1.6354890850492627,0.6670223990196126,41.021063747462016,1.0986122886651097,0.0,0.0,Train005,10.0
53,5,1,6.944444444444444e-05,0.0,8.59452597299718,0.0,8.535131386659373,1.0086668989241125,8.59452597299718,-8.289297381632572,0.0,0.0,-1.000088900581841e-12,0,0,1.0,6.944444444444444e-05,0.0,9.892949825504036,0.0,9.829495208950068,1.117555700776419,9.892949825504036,1.3265821530255426,4.4408920985006264e-17,0.0,-1.000088900581841e-12,0.0,0.0,Train005,10.0
54,0,0,0.0,-1.0,0.0,0.0,0.0,0.0,0.0,0.0,0.0,0.0,0.0,0,1,0.8,5.555555555555556e-05,-0.2,5.083151327777152,0.0,-5.079209147471156,-0.2001201064215759,5.083151327777152,-3.9981995473419483,2.2204460492503132e-17,0.0,-8.000711204654728e-13,0.0,0.2,Train005,10.0
54,1,2,0.0001388888888888889,0.0,9.712494073383194,1.0919298432731948,-9.698412356298459,-0.07447233274457296,9.698698281787461,17.72651991562384,0.0014386131917866196,53.88038099622715,0.6931471805579453,0,0,2.0,0.0001388888888888889,0.0,9.161819314580077,0.312086734182102,-9.150392551977301,0.32855426657011255,9.158658421390276,-0.26404483413163005,0.00033287703450761706,52.088350575582396,0.6931471805579453,0.0,0.0,Train005,10.0
54,2,2,0.0001388888888888889,0.0,9.686385593126111,0.10120338477093682,-9.665803300672948,0.3979774718908937,9.673992945802304,14.68413559951768,0.0012795279529054238,24.4421368596026,0.6931471805579453,0,0,2.0,0.0001388888888888889,0.0,9.374291275452295,0.5009630136584563,-9.366021887449238,0.3266605116670635,9.371765288585149,-0.33050805295777436,0.0002612294439539475,23.531783867059524,0.6931471805579453,0.0,0.0,Train005,10.0
54,3,2,0.0001388888888888889,0.0,8.659092018898118,0.026049530954724176,0.03037009727752782,-0.1159124781359458,0.11982506163679874,15.51381778121856,0.986492835044325,79.27754183536345,0.6931471805579453,0,0,2.0,0.0001388888888888889,0.0,8.228993741229914,0.3807090253599785,-0.37094187630748177,0.021265980551872354,0.4039202198307323,-0.9634737091014394,0.9905569055192818,75.2517263949991,0.6931471805579453,0.0,0.0,Train005,10.0
54,4,3,0.00020833333333333335,0.0,10.763636179450481,0.8438557477905456,-2.8093778958982494,0.2880203249318075,2.824103374442143,13.945556418765447,0.6658209793016805,41.836178100937765,1.0986122886651097,0,0,3.0,0.00020833333333333335,0.0,10.64822905157556,1.1022344663926997,-2.513207402594574,0.15238364194691845,2.518453677587987,-1.2574795065710465,0.6668203332497444,41.194321849431546,1.0986122886651097,0.0,0.0,Train005,10.0
54,5,1,6.944444444444444e-05,0.0,9.851174802041463,0.0,9.80838856869169,0.917147025255407,9.851174802041463,12.566488290442823,1.1102230246251565e-16,0.0,-1.000088900581841e-12,0,0,1.0,6.944444444444444e-05,0.0,9.766715130031937,0.0,9.706017213740573,1.0834749049873698,9.766715130031937,-1.2623469547209858,4.4408920985006264e-17,0.0,-1.000088900581841e-12,0.0,0.0,Train005,10.0
55,0,0,0.0,0.0,0.0,0.0,0.0,0.0,0.0,0.0,0.0,0.0,0.0,0,0,0.6,4.1666666666666665e-05,-0.2,3.6482942298812504,0.0,-3.64540329380968,-0.14520503209457208,3.6482942298812504,-3.3173207846646955,2.2204460492503132e-17,0.0,-6.000533403491046e-13,0.0,0.2,Train005,10.0
55,1,2,0.0001388888888888889,0.0,9.763297988397287,1.3918881957866267,-9.741037308516505,-0.23548122119772458,9.743883171069285,0.5080391501409132,0.0020298474704888436,54.761399916769186,0.6931471805579453,0,0,2.0,0.0001388888888888889,0.0,9.116182968195497,0.5496582039774716,-9.102223378169933,0.19574829047984857,9.109219394333602,-0.45636346384579907,0.0007308080510217696,52.68429174665207,0.6931471805579453,0.0,0.0,Train005,10.0
55,2,2,0.0001388888888888889,0.0,9.62941452192356,0.06686963989361239,-9.600392985915306,0.41692013505825337,9.609441600999967,-0.5697107120255218,0.0020742574835267424,24.920331675150887,0.6931471805579453,0,0,2.0,0.0001388888888888889,0.0,9.256479667028206,0.3982493266622032,-9.243501766088318,0.3432293110873975,9.249962389536112,-1.1781160842408724,0.0006757575830315776,23.815256589624653,0.6931471805579453,0.0,0.0,Train005,10.0
55,3,2,0.0001388888888888889,0.0,8.688168988959042,0.1884914305680372,0.19513402630479515,-0.16180231627555752,0.2534901926585248,0.2907697006092391,0.9804867943936232,81.05670900451044,0.6931471805579453,0,0,2.0,0.0001388888888888889,0.0,8.153700518518786,0.3280639012975552,-0.24094655426360073,-0.028331381432421487,0.36203110091884333,-0.7529322271112949,0.988892056308521,76.71199472450365,0.6931471805579453,0.0,0.0,Train005,10.0
55,4,3,0.00020833333333333335,0.0,10.615823408082798,0.7453815326472093,-2.881491083286424,0.3358395146287097,2.900996215551688,-1.4781277136768385,0.665102343011728,42.17153357536365,1.0986122886651097,0,0,3.0,0.00020833333333333335,0.0,10.429706290641276,1.003603440611481,-2.5411670197168474,0.19220033562589797,2.549632603781657,-2.185227609342849,0.666440839003017,41.429138010118926,1.0986122886651097,0.0,0.0,Train005,10.0
55,5,1,6.944444444444444e-05,0.0,9.708062427978792,0.0,9.67239999631774,0.831356973126508,9.708062427978792,-1.4311237406267097,1.1102230246251565e-16,0.0,-1.000088900581841e-12,0,0,1.0,6.944444444444444e-05,0.0,9.557917063652559,0.0,9.503739047713646,1.0078163818462114,9.557917063652559,-2.087980663793765,6.661338147750939e-17,0.0,-1.000088900581841e-12,0.0,0.0,Train005,10.0
56,0,0,0.0,0.0,0.0,0.0,0.0,0.0,0.0,0.0,0.0,0.0,0.0,0,0,0.4,2.777777777777778e-05,-0.2,2.3182697756658603,0.0,-2.316413394295054,-0.09275604927269863,2.3182697756658603,-2.268994347859574,2.2204460492503132e-17,0.0,-4.000355602327364e-13,0.0,0.2,Train005,10.0
56,1,2,0.0001388888888888889,0.0,9.206472582663354,1.4146711987570413,-9.181972457647044,-0.2774820131165697,9.186164296407512,-5.568254057339326,0.0022592744362018857,55.08818481743066,0.6931471805579453,0,0,2.0,0.0001388888888888889,0.0,9.066615927576827,0.808896236767062,-9.05002937400032,0.04976113051917956,9.055697091451005,-0.49567040618670644,0.001171407571703953,53.37438669337767,0.6931471805579453,0.0,0.0,Train005,10.0
56,2,2,0.0001388888888888889,0.0,9.042807345987022,0.12103640403490967,-9.012098692532438,0.3989315130456157,9.020923965761254,-5.866071759365363,0.0024204105355217775,25.101102102039036,0.6931471805579453,0,0,2.0,0.0001388888888888889,0.0,9.116295623382074,0.29557664793823524,-9.098265717478366,0.3582146109428247,9.10541368755722,-1.401840436461341,0.0011586010600646013,24.17627628029617,0.6931471805579453,0.0,0.0,Train005,10.0
56,3,2,0.0001388888888888889,0.0,8.186520070455874,0.23367678532643854,0.2408127914015541,-0.16819500363587142,0.293735186436149,-5.0164891850316895,0.9782509876380192,81.6764825235645,0.6931471805579453,0,0,2.0,0.0001388888888888889,0.0,8.090113109762672,0.27566594539840816,-0.09327113478234592,-0.07332996457526386,0.32061901651934555,-0.6358740875611278,0.9862263655375729,78.18623093712272,0.6931471805579453,0.0,0.0,Train005,10.0
56,4,3,0.00020833333333333335,0.0,9.939421957193893,0.6715458231416302,-2.7367635878485417,0.33264900195456143,2.7569059277158856,-6.7640145088890336,0.6647881277463448,42.29209438098906,1.0986122886651097,0,0,3.0,0.00020833333333333335,0.0,10.19190401034487,0.8929313610751318,-2.5779006646817586,0.23396953077517132,2.589794731699128,-2.3780228029640567,0.6659844647981338,41.679865228242804,1.0986122886651097,0.0,0.0,Train005,10.0
56,5,1,6.944444444444444e-05,0.0,9.086615837219398,0.0,9.05539430292823,0.7526097207061245,9.086615837219398,-6.21446590759394,0.0,0.0,-1.000088900581841e-12,0,0,1.0,6.944444444444444e-05,0.0,9.332766950279455,0.0,9.286042377404783,0.9221880600655025,9.332766950279455,-2.251501133731061,6.661338147750939e-17,0.0,-1.000088900581841e-12,0.0,0.0,Train005,10.0
57,0,0,0.0,0.0,0.0,0.0,0.0,0.0,0.0,0.0,0.0,0.0,0.0,0,0,0.2,1.388888888888889e-05,-0.2,1.1031250194294324,0.0,-1.102237000201657,-0.04425385720632967,1.1031250194294324,-1.1201973680699548,2.2204460492503132e-17,0.0,-2.000177801163682e-13,0.0,0.2,Train005,10.0
57,1,2,0.0001388888888888889,0.0,8.470976610199472,1.3393292265696277,-8.44704803159727,-0.27571047400871307,8.451546409598034,-7.3549597246388165,0.0023526166082451505,55.20300362664028,0.6931471805579453,0,0,2.0,0.0001388888888888889,0.0,9.018616667292823,1.06040684310817,-8.999519165875787,-0.09219961022278945,9.003921863945859,-0.4799926028400344,0.0016292936595936336,54.09860118609775,0.6931471805579453,0.0,0.0,Train005,10.0
57,2,2,0.0001388888888888889,0.0,8.306573482216109,0.1326682052585051,-8.277021917733613,0.3691871634504804,8.285251413704911,-7.362338637709129,0.00256754676869575,25.16762070614927,0.6931471805579453,0,0,2.0,0.0001388888888888889,0.0,8.976630595285428,0.19895871838577744,-8.9537153864294,0.3717680375559431,8.961500023967256,-1.3966502809664434,0.0016703500016848726,24.565556092035347,0.6931471805579453,0.0,0.0,Train005,10.0
57,3,2,0.0001388888888888889,0.0,7.530174130473434,0.23557833815930795,0.24247649371256186,-0.16050488873257046,0.2907862949146553,-6.563459399824385,0.9773508556345459,81.85726129158459,0.6931471805579453,0,0,2.0,0.0001388888888888889,0.0,8.034333089912547,0.22644668907591345,0.051839870160037015,-0.11408176210473531,0.28177405198437516,-0.5578001985012587,0.9831538275731031,79.66616518947964,0.6931471805579453,0.0,0.0,Train005,10.0
57,4,3,0.00020833333333333335,0.0,9.119198493017713,0.6070561298390731,-2.525315218175127,0.31194521016944315,2.5445091403440756,-8.20223464176181,0.664654087119501,42.326454211328866,1.0986122886651097,0,0,3.0,0.00020833333333333335,0.0,9.961432115063765,0.784561845300483,-2.6155165529852824,0.27395569438697154,2.630712872029676,-2.3047189528110623,0.6654954267926441,41.93500043086232,1.0986122886651097,0.0,0.0,Train005,10.0
57,5,1,6.944444444444444e-05,0.0,8.335678691079982,0.0,8.307818726192394,0.6809458522172545,8.335678691079982,-7.5093714613941565,0.0,0.0,-1.000088900581841e-12,0,0,1.0,6.944444444444444e-05,0.0,9.115211546263364,0.0,9.075826596157885,0.8381452940458812,9.115211546263364,-2.175554040160911,4.4408920985006264e-17,0.0,-1.000088900581841e-12,0.0,0.0,Train005,10.0
58,0,0,0.0,0.0,0.0,0.0,0.0,0.0,0.0,0.0,0.0,0.0,0.0,0,0,0.0,0.0,-0.2,0.0,0.0,0.0,0.0,0.0,0.0,0.0,0.0,0.0,0.0,0.2,Train005,10.0
58,1,2,0.0001388888888888889,0.0,7.716728966985724,1.2342971586532068,-7.694394157828227,-0.25885348756403415,7.698747078846351,-7.542476432137479,0.0023915037946442563,55.237449021667786,0.6931471805579453,0,0,2.0,0.0001388888888888889,0.0,8.973994044325806,1.2944231246079394,-8.952572862377501,-0.22439990572632285,8.95580784754173,-0.4462262296701741,0.002094371100273351,54.83408367574701,0.6931471805579453,0.0,0.0,Train005,10.0
58,2,2,0.0001388888888888889,0.0,7.561739142250884,0.12888205923699836,-7.534319787630594,0.3371158675112092,7.541857978668768,-7.4483433996522574,0.0026299437100389955,25.190521089080434,0.6931471805579453,0,0,2.0,0.0001388888888888889,0.0,8.845384017100738,0.11013193863899247,-8.81792733689698,0.38402643019129046,8.826293580987441,-1.3124657818469194,0.002194337290137738,24.964342486404444,0.6931471805579453,0.0,0.0,Train005,10.0
58,3,2,0.0001388888888888889,0.0,6.858802487524042,0.22235753780227085,0.22876852874046882,-0.14838083672898683,0.27267547093655664,-6.713716429493921,0.976977179709812,81.87503195241226,0.6931471805579453,0,0,2.0,0.0001388888888888889,0.0,7.984551539262102,0.18123072456215575,0.18751238748738155,-0.1509591047017864,0.24610244131653686,-0.49781550650443973,0.9799117304840651,81.14860532148705,0.6931471805579453,0.0,0.0,Train005,10.0
58,4,3,0.00020833333333333335,0.0,8.297353730512613,0.5490274754671618,-2.303170663011207,0.2863837205329492,2.3209073092956074,-8.218447625050983,0.6645971457513756,42.328380200107965,1.0986122886651097,0,0,3.0,0.00020833333333333335,0.0,9.7470867536515,0.6833733417771239,-2.6512236896439094,0.31096755444349417,2.6694843934698804,-2.1434536141226443,0.664992536586126,42.190928093745455,1.0986122886651097,0.0,0.0,Train005,10.0
58,5,1,6.944444444444444e-05,0.0,7.584030850625781,0.0,7.558975769653387,0.6159620581144525,7.584030850625781,-7.516478404542015,0.0,0.0,-1.000088900581841e-12,0,0,1.0,6.944444444444444e-05,0.0,8.913112521789083,0.0,8.880595472756688,0.7596043258839493,8.913112521789083,-2.0209902447427996,4.4408920985006264e-17,0.0,-1.000088900581841e-12,0.0,0.0,Train005,10.0
59,0,0,0.0,0.0,0.0,0.0,0.0,0.0,0.0,0.0,0.0,0.0,0.0,0,0,0.0,0.0,0.0,0.0,0.0,0.0,0.0,0.0,0.0,0.0,0.0,0.0,0.0,0.0,Train005,10.0
59,1,2,0.0001388888888888889,0.0,9.929999984855442,1.4101182356489241,-9.925435828338227,-0.23775464468172214,9.928283016389484,22.13271017869717,0.00017646606051635594,55.855828003043776,0.6931471805579453,0,0,2.0,0.0001388888888888889,0.0,9.017495226620255,1.3580608030830852,-8.997977556785454,-0.2570563681137527,9.001724794462135,0.43501182294449237,0.0018419416740192984,55.22917307711034,0.6931471805579453,0.0,0.0,Train005,10.0
59,2,2,0.0001388888888888889,0.0,9.207134003096215,0.12520534962159768,-9.18919147504385,0.45340603024208487,9.200370481305548,16.453948608453317,0.0007347317012441623,25.081430364921605,0.6931471805579453,0,0,2.0,0.0001388888888888889,0.0,8.749533699094759,0.11493233160912464,-8.72260497177116,0.39511214186152877,8.73156908808809,-0.9585031800597917,0.0020853780398054854,25.092201187468245,0.6931471805579453,0.0,0.0,Train005,10.0
59,3,2,0.0001388888888888889,0.0,7.9885828685831175,1.6775358206005784,1.6832965879808919,-0.13543238445337724,1.6887360166310303,11.29780381059075,0.9751394556838635,85.68057761350182,0.6931471805579453,0,0,2.0,0.0001388888888888889,0.0,7.850449709199102,0.5115279824913266,0.5180976856280544,-0.1548630859652727,0.5598846323153832,-1.3410183006300016,0.9776410546119727,82.42921247711472,0.6931471805579453,0.0,0.0,Train005,10.0
59,4,3,0.00020833333333333335,0.0,10.560472448514169,0.8741094601991468,-2.7776864596252864,0.0642752746122766,2.778430020517368,22.63118718001554,0.6667590961981461,44.13926202412742,1.0986122886651097,0,0,3.0,0.00020833333333333335,0.0,9.706454007464238,0.6894240842588443,-2.644885402389317,0.26621854437958803,2.660349722684925,-0.40632746187262614,0.6651801599654192,42.65154487838339,1.0986122886651097,0.0,0.0,Train005,10.0
59,5,0,0.0,-1.0,0.0,0.0,0.0,0.0,0.0,0.0,0.0,0.0,0.0,0,1,0.8,5.555555555555556e-05,-0.2,6.94287756138079,0.0,6.918917759018351,0.5761749208328679,6.94287756138079,-4.534287902831364,2.2204460492503132e-17,0.0,-8.000711204654728e-13,0.0,0.2,Train005,10.0
60,0,0,0.0,0.0,0.0,0.0,0.0,0.0,0.0,0.0,0.0,0.0,0.0,0,0,0.0,0.0,0.0,0.0,0.0,0.0,0.0,0.0,0.0,0.0,0.0,0.0,0.0,0.0,Train005,10.0
60,1,2,0.0001388888888888889,0.0,10.11741609839017,1.3889863159658633,-10.114951339541772,-0.21642676633474214,10.117266485888567,1.874161135347272,1.5071687362699926e-05,56.08419410790366,0.6931471805579453,0,0,2.0,0.0001388888888888889,0.0,9.088318848618831,1.3574804271189325,-9.072760362990508,-0.2532454771411562,9.076401457425991,0.7082362199857641,0.0014389865173940696,55.49373191533723,0.6931471805579453,0.0,0.0,Train005,10.0
60,2,2,0.0001388888888888889,0.0,9.23772138150871,0.11703302218964406,-9.22212045948755,0.4670504320986323,9.233939672502869,0.30587378412494814,0.00040944255110031413,25.039063767362652,0.6931471805579453,0,0,2.0,0.0001388888888888889,0.0,8.67119507101179,0.12496500806833097,-8.64695046648561,0.40513820126960454,8.65646870238867,-0.7833862808296981,0.0017524150533201998,25.1159476059106,0.6931471805579453,0.0,0.0,Train005,10.0
60,3,2,0.0001388888888888889,0.0,7.910071844015652,2.0837162072439046,2.0888861033319563,-0.12296066912315953,2.0925019662701825,-0.7851102456746517,0.9748974598281845,87.07949419305191,0.6931471805579453,0,0,2.0,0.0001388888888888889,0.0,7.694830280210423,0.8905729378265,0.8968481010334866,-0.1470947565347931,0.9276869870377148,-1.5561942898867798,0.9765231876988851,83.63376951482302,0.6931471805579453,0.0,0.0,Train005,10.0
60,4,3,0.00020833333333333335,0.0,10.727033072412928,1.0226292515429007,-2.7787209465401372,-0.01658783228187174,2.77877045740031,1.6656062389875952,0.6666939230380422,44.92714009828603,1.0986122886651097,0,0,3.0,0.00020833333333333335,0.0,9.728695940330264,0.7448736280379825,-2.6243313750400596,0.19573307499747172,2.6359045710546494,0.22241932866026098,0.6654984759706819,43.20266618296787,1.0986122886651097,0.0,0.0,Train005,10.0
60,5,0,0.0,0.0,0.0,0.0,0.0,0.0,0.0,0.0,0.0,0.0,0.0,0,0,0.6,4.1666666666666665e-05,-0.2,5.0012650757850325,0.0,4.984437759754802,0.4099035262075663,5.0012650757850325,-4.248063154706022,0.0,0.0,-6.000533403491046e-13,0.0,0.2,Train005,10.0
61,0,0,0.0,0.0,0.0,0.0,0.0,0.0,0.0,0.0,0.0,0.0,0.0,0,0,0.0,0.0,0.0,0.0,0.0,0.0,0.0,0.0,0.0,0.0,0.0,0.0,0.0,0.0,Train005,10.0
61,1,2,0.0001388888888888889,0.0,9.586860635470032,1.2999278912731507,-9.584848807300087,-0.1962758646459813,9.586858237913214,-5.305554629201357,2.5477201515133885e-07,56.16205638306147,0.6931471805579453,0,0,2.0,0.0001388888888888889,0.0,9.164396459180168,1.3345317656221547,-9.153335632921117,-0.23700424744703855,9.15654024572713,0.760776105613358,0.0009871825845567228,55.7085062284634,0.6931471805579453,0.0,0.0,Train005,10.0
61,2,2,0.0001388888888888889,0.0,8.704345485600534,0.10735253088074614,-8.690266410498019,0.44427109516849284,8.701615200147174,-5.333758959081765,0.0003137169686975305,25.021602553771633,0.6931471805579453,0,0,2.0,0.0001388888888888889,0.0,8.603502698934491,0.12222823343749827,-8.582584010078726,0.4142061176941799,8.592606949265853,-0.6769237207729784,0.0013310763399553504,25.100047696257118,0.6931471805579453,0.0,0.0,Train005,10.0
61,3,2,0.0001388888888888889,0.0,7.416849189297558,2.10191997051159,2.1065783321366123,-0.1113891193296866,2.1095212265659984,-4.932226547180942,0.9748453133500896,87.55952791033836,0.6931471805579453,0,0,2.0,0.0001388888888888889,0.0,7.540896103978762,1.2642215748635304,1.2700012091804982,-0.13573357967355612,1.2908441950636846,-1.5393417623166303,0.9758420528412991,84.81037859217778,0.6931471805579453,0.0,0.0,Train005,10.0
61,4,3,0.00020833333333333335,0.0,10.153224314819042,1.0183985479606186,-2.6153863112739093,-0.04367200900507878,2.6157509058718658,-5.738087575938866,0.6666077470956091,45.21963671522254,1.0986122886651097,0,0,3.0,0.00020833333333333335,0.0,9.771456411855294,0.8142441730017801,-2.6000559197251336,0.12046887280554368,2.6076735666858455,0.42760471525029453,0.6658623998405349,43.788174649814565,1.0986122886651097,0.0,0.0,Train005,10.0
61,5,0,0.0,0.0,0.0,0.0,0.0,0.0,0.0,0.0,0.0,0.0,0.0,0,0,0.4,2.777777777777778e-05,-0.2,3.183941908341153,0.0,3.1733588991691564,0.2593815820663414,3.183941908341153,-3.0051699731872343,0.0,0.0,-4.000355602327364e-13,0.0,0.2,Train005,10.0
62,0,0,0.0,0.0,0.0,0.0,0.0,0.0,0.0,0.0,0.0,0.0,0.0,0,0,0.0,0.0,0.0,0.0,0.0,0.0,0.0,0.0,0.0,0.0,0.0,0.0,0.0,0.0,Train005,10.0
62,1,2,0.0001388888888888889,0.0,8.838044897142517,1.1924582540184043,-8.83625178709488,-0.17772050953044932,8.838038822297921,-7.488157383275156,7.000964019621136e-07,56.182857374953684,0.6931471805579453,0,0,2.0,0.0001388888888888889,0.0,9.237810116568777,1.3051575711119097,-9.231176384020639,-0.2174062545513858,9.233838728267107,0.7341365738860899,0.0005167992821880852,55.904476978126084,0.6931471805579453,0.0,0.0,Train005,10.0
62,2,2,0.0001388888888888889,0.0,8.006505761995724,0.09767524346078815,-7.99375514085566,0.41019403385625686,8.004272633872958,-6.9783972360480995,0.00027895571872538216,25.013701030461306,0.6931471805579453,0,0,2.0,0.0001388888888888889,0.0,8.543489154890413,0.11522964107795489,-8.525930654703135,0.4224074917753352,8.536411193299463,-0.6001354404407724,0.000873358129961277,25.069263761119526,0.6931471805579453,0.0,0.0,Train005,10.0
62,3,2,0.0001388888888888889,0.0,6.808765833019133,1.9844135383524586,1.988619731765815,-0.10081163859459541,1.9911733787002248,-6.080833562784251,0.9748303965916789,87.692237421873,0.6931471805579453,0,0,2.0,0.0001388888888888889,0.0,7.3966144444879,1.6139886149021607,1.6192298567911485,-0.1237949296459611,1.6309216118207985,-1.4428165949086036,0.9753379610327257,85.97737381823548,0.6931471805579453,0.0,0.0,Train005,10.0
62,4,3,0.00020833333333333335,0.0,9.35602019500464,0.9574290440912147,-2.404634166016263,-0.05049815329625532,2.4051643469540833,-7.9720411981440025,0.6665644273178857,45.31244701414375,1.0986122886651097,0,0,3.0,0.00020833333333333335,0.0,9.818820752252678,0.8843187558522085,-2.5759197092933603,0.04798020011240399,2.579804608007847,0.473643403973856,0.6662444678802117,44.385373210377544,1.0986122886651097,0.0,0.0,Train005,10.0
62,5,0,0.0,0.0,0.0,0.0,0.0,0.0,0.0,0.0,0.0,0.0,0.0,0,0,0.2,1.388888888888889e-05,-0.2,1.516806170125156,0.0,1.5117951539306773,0.12319241162289049,1.516806170125156,-1.503295680908403,0.0,0.0,-2.000177801163682e-13,0.0,0.2,Train005,10.0
63,0,0,0.0,0.0,0.0,0.0,0.0,0.0,0.0,0.0,0.0,0.0,0.0,0,0,0.0,0.0,0.0,0.0,0.0,0.0,0.0,0.0,0.0,0.0,0.0,0.0,0.0,0.0,Train005,10.0
63,1,2,0.0001388888888888889,0.0,8.05755273788174,1.0849188569324473,-8.055932541483305,-0.16081195220885589,8.057537439993864,-7.8049215926077675,1.9336334764474827e-06,56.182595573244626,0.6931471805579453,0,0,2.0,0.0001388888888888889,0.0,9.30597487074798,1.2752819107677578,-9.303484060751654,-0.19779794748035012,9.30559680049661,0.6816475417920327,3.888524995452336e-05,56.09350628844144,0.6931471805579453,0.0,0.0,Train005,10.0
63,2,2,0.0001388888888888889,0.0,7.292680629155571,0.08856339465794116,-7.281137716447425,0.3742039972932042,7.2907472235336375,-7.138251328401535,0.00026515501493273863,25.009565559929495,0.6931471805579453,0,0,2.0,0.0001388888888888889,0.0,8.489677452271351,0.10716590816214344,-8.4752942404665,0.42982511773173426,8.486189042272438,-0.5381170261906278,0.00040040039094002555,25.033072655289338,0.6931471805579453,0.0,0.0,Train005,10.0
63,3,2,0.0001388888888888889,0.0,6.196645592391409,1.8267349788141711,1.8305364414887264,-0.09120224815157786,1.832807003938525,-6.12120240627724,0.9748252495730855,87.69657803823063,0.6931471805579453,0,0,2.0,0.0001388888888888889,0.0,7.264183065461374,1.9348641031045404,1.9395834393408002,-0.11235921193047933,1.9429479184211922,-1.3243137902652673,0.9749075750053804,87.14168303539915,0.6931471805579453,0.0,0.0,Train005,10.0
63,4,3,0.00020833333333333335,0.0,8.528220335377993,0.8799386384211315,-2.1898426084886506,-0.04989217035841668,2.1904108926444485,-8.27799859626647,0.6665450421615715,45.32921338644936,1.0986122886651097,0,0,3.0,0.00020833333333333335,0.0,9.864994073225755,0.9505009884430023,-2.5532540983888494,-0.019274978065869187,2.553705324677615,0.46173320973075926,0.6666340471622509,44.985539847645825,1.0986122886651097,0.0,0.0,Train005,10.0
63,5,0,0.0,0.0,0.0,0.0,0.0,0.0,0.0,0.0,0.0,0.0,0.0,0,0,0.0,0.0,-0.2,0.0,0.0,0.0,0.0,0.0,0.0,0.0,0.0,0.0,0.0,0.2,Train005,10.0
64,0,1,6.944444444444444e-05,1.0,5.611564076224844,0.0,-4.9887181250152794,2.569502451978052,5.611564076224844,0.0,0.0,0.0,-1.000088900581841e-12,1,0,0.2,1.388888888888889e-05,0.2,1.1223128152449688,0.0,-0.9977436250030559,0.5139004903956104,1.1223128152449688,0.0,0.0,0.0,-2.000177801163682e-13,0.2,0.0,Train005,10.0
64,1,3,0.00020833333333333335,1.0,9.759230055360542,1.0681303082345217,-9.755557932579963,-0.22890602847621552,9.758243107537165,19.271135555015434,0.000106410010811131,44.69525633296278,1.0986122886651097,1,0,2.2,0.00015277777777777777,0.2,9.271820884849001,1.2068843252848775,-9.269508481600003,-0.19602822423924882,9.271588818726146,0.10933261705568498,2.487404001347837e-05,53.861391954425244,0.7742402021793782,0.2,0.0,Train005,10.0
64,2,1,6.944444444444444e-05,-1.0,10.063403228148609,0.0,-10.051660119616061,0.48601787213215164,10.063403228148609,28.59285993650979,0.0,0.0,-1.000088900581841e-12,0,1,1.8,0.00012499999999999998,-0.2,8.660931297281829,0.0821248382378239,-8.647787969380943,0.4363474861097475,8.658795591641049,1.8896652394206668,0.00025345405069119307,20.01678658230502,0.5545177444461562,0.0,0.2,Train005,10.0
64,3,1,6.944444444444444e-05,-1.0,9.058010549000366,0.0,9.050491802959586,0.36898947188676007,9.058010549000366,10.346299777947863,0.0,0.0,-1.000088900581841e-12,0,1,1.8,0.000125,-0.2,7.478068601544824,1.5993569389844249,3.4130224823365394,-0.011474840662451857,3.416802824895059,-1.5146145967938451,0.7798796838686076,70.00556751269878,0.5545177444461563,0.0,0.2,Train005,10.0
64,4,3,0.00020833333333333335,0.0,11.370491321392107,0.911179401833357,-3.06630658199212,0.149621573192705,3.0699548319043486,28.422709860141122,0.6665246021583677,43.267880123995326,1.0986122886651097,0,0,3.0,0.00020833333333333335,0.0,10.026997847801344,0.9579149767698445,-2.610978122862216,-0.0022057183497835088,2.612010286955011,1.6200377457558752,0.6665871483542952,44.811263467619405,1.0986122886651097,0.0,0.0,Train005,10.0
64,5,0,0.0,0.0,0.0,0.0,0.0,0.0,0.0,0.0,0.0,0.0,0.0,0,0,0.0,0.0,0.0,0.0,0.0,0.0,0.0,0.0,0.0,0.0,0.0,0.0,0.0,0.0,Train005,10.0
65,0,1,6.944444444444444e-05,0.0,5.333397610420916,0.0,-4.70434855437799,2.512814109671716,5.333397610420916,-2.7816646580392757,0.0,0.0,-1.000088900581841e-12,0,0,0.4,2.777777777777778e-05,0.2,2.188992337329152,0.0,-1.9386133358786537,1.0164633123299534,2.188992337329152,-0.5563329316078558,0.0,0.0,-4.000355602327364e-13,0.2,0.0,Train005,10.0
65,1,3,0.00020833333333333335,0.0,9.856117932104432,1.075296162094849,-9.849068215376107,-0.28206855443563345,9.853106483771162,0.9688787674389054,0.000325220388903702,44.94228679457502,1.0986122886651097,0,0,2.4,0.00016666666666666666,0.2,9.219561251591852,1.1441462945106744,-9.216331856766868,-0.20915658185942707,9.218756818302666,-0.07172385652598763,8.690378032167878e-05,51.633010491759514,0.855333223800811,0.2,0.0,Train005,10.0
65,2,1,6.944444444444444e-05,0.0,10.463885948231702,0.0,-10.454648781135292,0.43957707027009546,10.463885948231702,4.004827200830938,1.1102230246251565e-16,0.0,-1.000088900581841e-12,0,0,1.6,0.00011111111111111112,-0.2,8.906164210626429,0.05871823379989509,-8.894293633710491,0.4308528137440402,8.904784846786814,2.629455922761865,0.00017156554047115247,15.00897382883249,0.4158883083343671,0.0,0.2,Train005,10.0
65,3,1,6.944444444444444e-05,0.0,8.885150014516952,0.0,8.873912144315337,0.44673709879903645,8.885150014516952,-1.7286053448341399,0.0,0.0,-1.000088900581841e-12,0,0,1.6,0.00011111111111111112,-0.2,7.673084235645083,1.1826136975356438,4.770027690533215,0.10246471292198733,4.775332434544413,-1.7033136166257425,0.5849001919029708,52.5896686740884,0.4158883083343672,0.0,0.2,Train005,10.0
65,4,3,0.00020833333333333335,0.0,11.688315124177592,0.8703783066292576,-3.189826951466559,0.21004355163542018,3.196734939572886,3.178238027854855,0.6663412154456902,42.39744832138033,1.0986122886651097,0,0,3.0,0.00020833333333333335,0.0,10.219254258154274,0.9274647877871158,-2.6931993238475007,0.04312055843367488,2.6956031833895264,1.922564103529328,0.6665166068358248,44.305325112238265,1.0986122886651097,0.0,0.0,Train005,10.0
65,5,0,0.0,0.0,0.0,0.0,0.0,0.0,0.0,0.0,0.0,0.0,0.0,0,0,0.0,0.0,0.0,0.0,0.0,0.0,0.0,0.0,0.0,0.0,0.0,0.0,0.0,0.0,Train005,10.0
66,0,1,6.944444444444444e-05,0.0,4.931535936439982,0.0,-4.336535948988895,2.348297820874932,4.931535936439982,-4.018616739809344,1.1102230246251565e-16,0.0,-1.000088900581841e-12,0,0,0.6,4.1666666666666665e-05,0.2,3.1752995246171483,0.0,-2.805920525676433,1.4861228765049401,3.1752995246171483,-1.3600562795697246,2.2204460492503132e-17,0.0,-6.000533403491046e-13,0.2,0.0,Train005,10.0
66,1,3,0.00020833333333333335,0.0,9.309452177360255,1.0170539117137467,-9.301317240339825,-0.2839006915739857,9.30564892998436,-5.466657547441785,0.00043633001379839165,45.03287141104945,1.0986122886651097,0,0,2.6,0.00018055555555555557,0.2,9.164079559969897,1.0875714985987937,-9.159625543374815,-0.22668154724502793,9.162514956716894,-0.10394444017407327,0.00017411882867832685,49.40717349735711,0.9364262454222441,0.2,0.0,Train005,10.0
66,2,1,6.944444444444444e-05,0.0,9.986534649620436,0.0,-9.978617928271143,0.39756578028712664,9.986534649620436,-4.77351298611266,0.0,0.0,-1.000088900581841e-12,0,0,1.4,9.722222222222222e-05,-0.2,9.162602043430407,0.03724772762374586,-9.151963937265117,0.421511750767767,9.16176873668147,2.7415051173556853,0.00010882214673164636,10.004653318078159,0.27725887222257806,0.0,0.2,Train005,10.0
66,3,1,6.944444444444444e-05,0.0,8.301943690170424,0.0,8.289879484340291,0.4474004580624102,8.301943690170424,-5.832063243465289,0.0,0.0,-1.000088900581841e-12,0,0,1.4,9.722222222222222e-05,-0.2,7.850103135819657,0.762229703433326,6.006687920973951,0.21422262840040668,6.013816927265298,-1.8832809558826118,0.3899311292329529,35.077763092020724,0.27725887222257806,0.0,0.2,Train005,10.0
66,4,3,0.00020833333333333335,0.0,11.11017995666461,0.8052206911315458,-3.0447815416093125,0.21863795513587392,3.0526213639347377,-5.781351675129833,0.6662585567441421,42.098795847210546,1.0986122886651097,0,0,3.0,0.00020833333333333335,0.0,10.410645386523388,0.8848292164213014,-2.779078369914581,0.0955825512618654,2.782977275002101,1.9139112836911345,0.6664467687655314,43.681156938635866,1.0986122886651097,0.0,0.0,Train005,10.0
66,5,0,0.0,0.0,0.0,0.0,0.0,0.0,0.0,0.0,0.0,0.0,0.0,0,0,0.0,0.0,0.0,0.0,0.0,0.0,0.0,0.0,0.0,0.0,0.0,0.0,0.0,0.0,Train005,10.0
67,0,1,6.944444444444444e-05,0.0,4.4938927982559544,0.0,-3.9465310052444345,2.149410502175209,4.4938927982559544,-4.376431381840273,1.1102230246251565e-16,0.0,-1.000088900581841e-12,0,0,0.8,5.555555555555556e-05,0.2,4.074078084268339,0.0,-3.5952267267253197,1.9160049769399818,4.074078084268339,-2.2353425559377795,4.4408920985006264e-17,0.0,-8.000711204654728e-13,0.2,0.0,Train005,10.0
67,1,3,0.00020833333333333335,0.0,8.571379696512048,0.9372792573784564,-8.563301489181633,-0.2678120845532715,8.567488296300915,-7.38072480848205,0.0004855180148245486,45.06362291218803,1.0986122886651097,0,0,2.8,0.00019444444444444446,0.2,9.110746519843804,1.0365356992708041,-9.105035483792166,-0.2446998622495924,9.108404851517493,-0.08245792521545212,0.00027108241236284414,47.18332660480398,1.0175192670436768,0.2,0.0,Train005,10.0
67,2,1,6.944444444444444e-05,0.0,9.232594652830459,0.0,-9.225590275581062,0.35956653150387324,9.232594652830459,-7.539399967899776,1.1102230246251565e-16,0.0,-1.000088900581841e-12,0,0,1.2,8.333333333333333e-05,-0.2,9.407819821597355,0.017712678931588233,-9.398330964210198,0.41138625029729026,9.40743314047297,2.62930457098535,5.3031002986592135e-05,5.001913111985899,0.13862943611078898,0.0,0.2,Train005,10.0
67,3,1,6.944444444444444e-05,0.0,7.6105248868881885,0.0,7.598856275688868,0.42127467923954603,7.6105248868881885,-6.91418803282235,0.0,0.0,-1.000088900581841e-12,0,0,1.2,8.333333333333333e-05,-0.2,8.010454946593468,0.36534699576283425,7.128735229758561,0.31863989196723497,7.137687228902891,-2.0499518498902316,0.1949650499146171,17.539315607646124,0.13862943611078898,0.0,0.2,Train005,10.0
67,4,3,0.00020833333333333335,0.0,10.255078609708262,0.7352157816237151,-2.815081969294456,0.2087406608614697,2.8228105068076452,-8.551013469563475,0.666223320243962,42.0070026298958,1.0986122886651097,0,0,3.0,0.00020833333333333335,0.0,10.590457069464112,0.8403865639278015,-2.861167930570219,0.14743031409341043,2.8665065069728133,1.7981168294072396,0.6663785473507468,43.020068061786276,1.0986122886651097,0.0,0.0,Train005,10.0
67,5,0,0.0,0.0,0.0,0.0,0.0,0.0,0.0,0.0,0.0,0.0,0.0,0,0,0.0,0.0,0.0,0.0,0.0,0.0,0.0,0.0,0.0,0.0,0.0,0.0,0.0,0.0,Train005,10.0
68,0,1,6.944444444444444e-05,0.0,4.069727926564573,0.0,-3.572043094250482,1.9501778198607986,4.069727926564573,-4.241648716913815,1.1102230246251565e-16,0.0,-1.000088900581841e-12,0,0,1.0,6.944444444444444e-05,0.2,4.888023669581254,0.0,-4.309635345575416,2.3060405409121416,4.888023669581254,-3.0836722993205425,6.661338147750939e-17,0.0,-1.000088900581841e-12,0.2,0.0,Train005,10.0
68,1,3,0.00020833333333333335,0.0,7.810325293954534,0.8544344118442867,-7.802735629349084,-0.24645234593484489,7.806626804217712,-7.610544025575135,0.0005066829589568389,45.07177022149383,1.0986122886651097,0,0,3.0,0.00020833333333333335,0.2,9.061301031058363,0.9904388102531719,-9.054396101365324,-0.2618279409947902,9.058222724362263,-0.043582411808925595,0.00037203227745892243,44.96116153445382,1.0986122886651097,0.2,0.0,Train005,10.0
68,2,1,6.944444444444444e-05,0.0,8.427076163665962,0.0,-8.4207991823221,0.3251980922921983,8.427076163665962,-8.055184891644966,1.1102230246251565e-16,0.0,-1.000088900581841e-12,0,0,1.0,6.944444444444444e-05,-0.2,9.634698928499432,0.0,-9.62626325738513,0.4015850692970891,9.634698928499434,2.4459178583366645,6.661338147750939e-17,0.0,-1.000088900581841e-12,0.0,0.2,Train005,10.0
68,3,1,6.944444444444444e-05,0.0,6.92226104541938,0.0,6.911412721972146,0.387391491249059,6.92226104541938,-6.882638414688085,1.1102230246251565e-16,0.0,-1.000088900581841e-12,0,0,1.0,6.944444444444444e-05,-0.2,8.155578037199062,0.0,8.144910485855245,0.4143586398473623,8.15557803719906,-2.2022390515724006,2.2204460492503132e-17,0.0,-1.000088900581841e-12,0.0,0.2,Train005,10.0
68,4,3,0.00020833333333333335,0.0,9.354223206722947,0.6676179922797276,-2.5695368475454377,0.1930093472886282,2.5767755468869478,-9.008554029853139,0.6662083769636571,41.991104872182504,1.0986122886651097,0,0,3.0,0.00020833333333333335,0.0,10.755657643733104,0.7979224346995206,-2.937106778381577,0.1960106176228194,2.943779437821313,1.6520057426899055,0.6663112143111638,42.3524463589329,1.0986122886651097,0.0,0.0,Train005,10.0
68,5,0,0.0,0.0,0.0,0.0,0.0,0.0,0.0,0.0,0.0,0.0,0.0,0,0,0.0,0.0,0.0,0.0,0.0,0.0,0.0,0.0,0.0,0.0,0.0,0.0,0.0,0.0,Train005,10.0
69,0,1,6.944444444444444e-05,0.0,7.363586838575357,0.0,-7.149296979850661,1.7635089518169318,7.363586838575357,32.93858912010784,1.1102230246251565e-16,0.0,-1.000088900581841e-12,0,0,1.0,6.944444444444444e-05,0.0,5.238428222051356,0.0,-4.741751116542493,2.1448418408799172,5.238428222051356,3.504045524701026,8.881784197001253e-17,0.0,-1.000088900581841e-12,0.0,0.0,Train005,10.0
69,1,3,0.00020833333333333335,0.0,9.343086570589064,1.0027403044441032,-9.337329978356777,-0.12634004225975037,9.33818466999868,15.327612766345297,0.0005669521502239538,44.97139181941851,1.0986122886651097,0,0,3.0,0.00020833333333333335,0.0,8.978072334104066,0.9773608094950884,-8.970750510520684,-0.24131474375149714,8.974211036854566,-0.8322869695429531,0.00046414070534148697,45.01638863174497,1.0986122886651097,0.0,0.0,Train005,10.0
69,2,1,6.944444444444444e-05,0.0,10.607259483025372,0.0,-10.590912760444224,0.588660038469886,10.607259483025372,21.801833193594096,1.1102230246251565e-16,0.0,-1.000088900581841e-12,0,0,1.0,6.944444444444444e-05,0.0,9.743470179474787,0.0,-9.734113785550765,0.4221135025646359,9.743470179474787,1.0877125097535256,8.881784197001253e-17,0.0,-1.000088900581841e-12,0.0,0.0,Train005,10.0
69,3,1,6.944444444444444e-05,0.0,8.923592426439846,0.0,8.916615122790605,0.35281233713756693,8.923592426439846,20.013313810204664,0.0,0.0,-1.000088900581841e-12,0,0,1.0,6.944444444444444e-05,0.0,8.128694412686958,0.0,8.11813514982145,0.4111232128975237,8.128694412686958,-0.2688362451210402,2.2204460492503132e-17,0.0,-1.000088900581841e-12,0.0,0.0,Train005,10.0
69,4,3,0.00020833333333333335,0.0,10.848647657655214,0.739864059101441,-2.9220477873915622,0.274361867167297,2.934899948201889,14.944244509322667,0.665684545484697,40.33295844832309,1.0986122886651097,0,0,3.0,0.00020833333333333335,0.0,10.651288910985725,0.7636593661531375,-2.9082550194614654,0.2209586764177378,2.916768461080821,-1.0436873274737846,0.6661432029764297,41.765462023798456,1.0986122886651097,0.0,0.0,Train005,10.0
69,5,0,0.0,0.0,0.0,0.0,0.0,0.0,0.0,0.0,0.0,0.0,0.0,0,0,0.0,0.0,0.0,0.0,0.0,0.0,0.0,0.0,0.0,0.0,0.0,0.0,0.0,0.0,Train005,10.0
70,0,1,6.944444444444444e-05,0.0,8.112004581124566,0.0,-7.954063609012412,1.5929502277128373,8.112004581124566,7.484177425492087,0.0,0.0,-1.000088900581841e-12,0,0,1.0,6.944444444444444e-05,0.0,5.794149616192087,0.0,-5.391694127469377,1.9608690644881421,5.794149616192087,5.557213941407298,8.881784197001253e-17,0.0,-1.000088900581841e-12,0.0,0.0,Train005,10.0
70,1,3,0.00020833333333333335,0.0,9.325605935546726,1.0142303227564418,-9.319818781737576,-0.07721553672721478,9.32013864508144,-0.17480635042338952,0.0006349605848708917,44.931053083790175,1.0986122886651097,0,0,3.0,0.00020833333333333335,0.0,8.871969934792524,0.965147641627407,-8.86490062379298,-0.20034414020981345,8.86761746911662,-1.0610239931154122,0.0005260887445349249,45.014141889588004,1.0986122886651097,0.0,0.0,Train005,10.0
70,2,1,6.944444444444444e-05,0.0,10.739504952608254,0.0,-10.720093850409395,0.6454103078754736,10.739504952608254,1.3224546958288208,0.0,0.0,-1.000088900581841e-12,0,0,1.0,6.944444444444444e-05,0.0,9.798593980350097,0.0,-9.787202799405586,0.46328015008571155,9.798593980350097,0.5512380087531021,6.661338147750939e-17,0.0,-1.000088900581841e-12,0.0,0.0,Train005,10.0
70,3,1,6.944444444444444e-05,0.0,9.092834167163819,0.0,9.08720060422783,0.32002870193639077,9.092834167163819,1.6924174072397236,0.0,0.0,-1.000088900581841e-12,0,0,1.0,6.944444444444444e-05,0.0,8.170231243216332,0.0,8.160792841803948,0.38578153352499456,8.170231243216332,0.4153683052937325,2.2204460492503132e-17,0.0,-1.000088900581841e-12,0.0,0.0,Train005,10.0
70,4,3,0.00020833333333333335,0.0,10.728589720839281,0.7736165746257949,-2.8722429425336387,0.2864308177108481,2.8864895867244695,-1.2005793681593246,0.6654948619834974,39.791451745338335,1.0986122886651097,0,0,3.0,0.00020833333333333335,0.0,10.459343830318062,0.7443070197524448,-2.844738217674881,0.2362361296328234,2.854719390511138,-1.9194508066766205,0.6659739322839912,41.24426270859006,1.0986122886651097,0.0,0.0,Train005,10.0
70,5,0,0.0,0.0,0.0,0.0,0.0,0.0,0.0,0.0,0.0,0.0,0.0,0,0,0.0,0.0,0.0,0.0,0.0,0.0,0.0,0.0,0.0,0.0,0.0,0.0,0.0,0.0,Train005,10.0
71,0,1,6.944444444444444e-05,0.0,7.887077443934792,0.0,-7.754776336643782,1.4385529448910184,7.887077443934792,-2.249271371897743,0.0,0.0,-1.000088900581841e-12,0,0,1.0,6.944444444444444e-05,0.0,6.385257917691048,0.0,-6.0753422050003545,1.778920089291359,6.385257917691048,5.911083014989619,6.661338147750939e-17,0.0,-1.000088900581841e-12,0.0,0.0,Train005,10.0
71,1,3,0.00020833333333333335,0.0,8.770289957225893,0.9604127913160811,-8.764720925321742,-0.05561942093780142,8.764897399214567,-5.553159783208322,0.0006665417394223772,44.91342696933043,1.0986122886651097,0,0,3.0,0.00020833333333333335,0.0,8.764137490765654,0.9538194175478738,-8.757581360789363,-0.15468788608257658,8.759467162962663,-1.0783244402687195,0.0005721310896597221,44.9902530012442,1.0986122886651097,0.0,0.0,Train005,10.0
71,2,1,6.944444444444444e-05,0.0,10.152796667012545,0.0,-10.133412377088034,0.627083533175694,10.152796667012545,-5.8670828559570865,0.0,0.0,-1.000088900581841e-12,0,0,1.0,6.944444444444444e-05,0.0,9.831846383828518,0.0,-9.818161689168964,0.509183700663425,9.831846383828518,0.3325240347842168,6.661338147750939e-17,0.0,-1.000088900581841e-12,0.0,0.0,Train005,10.0
71,3,1,6.944444444444444e-05,0.0,8.61595547587251,0.0,8.611080365501625,0.2897994152684287,8.61595547587251,-4.768786912913079,0.0,0.0,-1.000088900581841e-12,0,0,1.0,6.944444444444444e-05,0.0,8.233033600356748,0.0,8.225033018036216,0.3542613249661983,8.233033600356748,0.6280235714041744,2.2204460492503132e-17,0.0,-1.000088900581841e-12,0.0,0.0,Train005,10.0
71,4,3,0.00020833333333333335,0.0,10.05496338658768,0.7447902145709695,-2.6857586593218943,0.27374570608875154,2.6996733668584,-6.736263342516017,0.6654201382402405,39.61340811739145,1.0986122886651097,0,0,3.0,0.00020833333333333335,0.0,10.248300516302676,0.7322209244403296,-2.772933641217398,0.2472576798233989,2.78412979109587,-2.1104331401538574,0.6658062485832108,40.74718516262623,1.0986122886651097,0.0,0.0,Train005,10.0
71,5,0,0.0,0.0,0.0,0.0,0.0,0.0,0.0,0.0,0.0,0.0,0.0,0,0,0.0,0.0,0.0,0.0,0.0,0.0,0.0,0.0,0.0,0.0,0.0,0.0,0.0,0.0,Train005,10.0
72,0,1,6.944444444444444e-05,0.0,7.338238724185963,0.0,-7.222309481993593,1.299227970545538,7.338238724185963,-5.488387197488285,0.0,0.0,-1.000088900581841e-12,0,0,1.0,6.944444444444444e-05,0.0,6.95412710287705,0.0,-6.730497900350185,1.6088835829654247,6.95412710287705,5.688691851860016,4.4408920985006264e-17,0.0,-1.000088900581841e-12,0.0,0.0,Train005,10.0
72,1,3,0.00020833333333333335,0.0,8.060948935339164,0.8854223069117555,-8.055767792297528,-0.04484854338886895,8.05589263305205,-7.093410218867291,0.0006802360584466927,44.90464830286022,1.0986122886651097,0,0,3.0,0.00020833333333333335,0.0,8.662051338531075,0.9434480274545336,-8.656074621412541,-0.11009517784969607,8.657148030312891,-1.0208615223457678,0.0006110746983841508,44.95845807937863,1.0986122886651097,0.0,0.0,Train005,10.0
72,2,1,6.944444444444444e-05,0.0,9.35111068425192,0.0,-9.332870332219992,0.5837828287114124,9.35111068425192,-8.016859827606257,0.0,0.0,-1.000088900581841e-12,0,0,1.0,6.944444444444444e-05,0.0,9.85554959011281,0.0,-9.839617700496749,0.5540269601049329,9.855549590112812,0.2370320628429205,4.4408920985006264e-17,0.0,-1.000088900581841e-12,0.0,0.0,Train005,10.0
72,3,1,6.944444444444444e-05,0.0,7.942915408661249,0.0,7.938585312926368,0.2622373324644233,7.942915408661249,-6.7304006721126175,0.0,0.0,-1.000088900581841e-12,0,0,1.0,6.944444444444444e-05,0.0,8.29951170471136,0.0,8.292978825483715,0.32245385561117373,8.29951170471136,0.664781043546121,2.2204460492503132e-17,0.0,-1.000088900581841e-12,0.0,0.0,Train005,10.0
72,4,3,0.00020833333333333335,0.0,9.228878002987537,0.6915549221516757,-2.4628288853403437,0.2532175970432541,2.4758120425264756,-8.260853836001415,0.6653894245383916,39.56211771103719,1.0986122886651097,0,0,3.0,0.00020833333333333335,0.0,10.043060394958532,0.7234887525459218,-2.7024830244265754,0.25615306705975577,2.7147300982396363,-2.0524012134414455,0.6656394694420967,40.25820817885451,1.0986122886651097,0.0,0.0,Train005,10.0
72,5,0,0.0,0.0,0.0,0.0,0.0,0.0,0.0,0.0,0.0,0.0,0.0,0,0,0.0,0.0,0.0,0.0,0.0,0.0,0.0,0.0,0.0,0.0,0.0,0.0,0.0,0.0,Train005,10.0
73,0,1,6.944444444444444e-05,0.0,6.711041379382811,0.0,-6.607626255263478,1.1736062655512247,6.711041379382811,-6.27197344803152,0.0,0.0,-1.000088900581841e-12,0,0,1.0,6.944444444444444e-05,0.0,7.4823897934406975,0.0,-7.337614532552784,1.45356927210351,7.4823897934406975,5.282626905636475,2.2204460492503132e-17,0.0,-1.000088900581841e-12,0.0,0.0,Train005,10.0
73,1,3,0.00020833333333333335,0.0,7.339930704622396,0.8072791646668618,-7.335186943180194,-0.03846879505683304,7.335287815729818,-7.210182307167682,0.0006860875746576012,44.89944706445408,1.0986122886651097,0,0,3.0,0.00020833333333333335,0.0,8.567972420664649,0.9340169780190486,-8.562564884178762,-0.06849846767409369,8.56288023261531,-0.9407891786642771,0.0006469556215243033,44.92399344797068,1.0986122886651097,0.0,0.0,Train005,10.0
73,2,1,6.944444444444444e-05,0.0,8.522042782622691,0.0,-8.50527282126723,0.5343663768094458,8.522042782622691,-8.290679016292284,0.0,0.0,-1.000088900581841e-12,0,0,1.0,6.944444444444444e-05,0.0,9.874542913904156,0.0,-9.856512428285773,0.5958606170083823,9.874542913904156,0.189933237913457,2.2204460492503132e-17,0.0,-1.000088900581841e-12,0.0,0.0,Train005,10.0
73,3,1,6.944444444444444e-05,0.0,7.241446173625574,0.0,7.237559479934821,0.2372244926690093,7.241446173625574,-7.014692350356748,0.0,0.0,-1.000088900581841e-12,0,0,1.0,6.944444444444444e-05,0.0,8.3633487303526,0.0,8.35820817707625,0.2924204558951638,8.363348730352602,0.6383702564123883,0.0,0.0,-1.000088900581841e-12,0.0,0.0,Train005,10.0
73,4,3,0.00020833333333333335,0.0,8.398543948613252,0.6324368568591113,-2.2403842132101,0.23117706673002578,2.2522797914519717,-8.303340543742857,0.6653765679985951,39.55648809799367,1.0986122886651097,0,0,3.0,0.00020833333333333335,0.0,9.851924543336592,0.7164525254617985,-2.6366524975595076,0.2637866109480353,2.6498309471526413,-1.9113585162193893,0.6654731076490844,39.771284824016746,1.0986122886651097,0.0,0.0,Train005,10.0
73,5,0,0.0,0.0,0.0,0.0,0.0,0.0,0.0,0.0,0.0,0.0,0.0,0,0,0.0,0.0,0.0,0.0,0.0,0.0,0.0,0.0,0.0,0.0,0.0,0.0,0.0,0.0,Train005,10.0
74,0,1,6.944444444444444e-05,0.0,8.491203423600714,0.0,-8.38193364416584,1.3578379747853742,8.491203423600714,17.80162044217903,0.0,0.0,-1.000088900581841e-12,0,0,1.0,6.944444444444444e-05,0.0,7.70791311044577,0.0,-7.5841418654158215,1.3724350766971984,7.70791311044577,2.2552331700507127,0.0,0.0,-1.000088900581841e-12,0.0,0.0,Train005,10.0
74,1,3,0.00020833333333333335,0.0,9.503190110268145,0.992846005261656,-9.500284127680736,-0.03398870383685787,9.500344927351376,21.632594056457492,0.00031984382303495984,43.80770095778528,1.0986122886651097,0,0,3.0,0.00020833333333333335,0.0,8.599993128600465,0.9320381181825592,-8.595155714043555,-0.05002819998951519,8.59531228408585,0.3202070793581619,0.0005975339560865045,44.69125527564403,1.0986122886651097,0.0,0.0,Train005,10.0
74,2,1,6.944444444444444e-05,0.0,9.790908879364117,0.0,-9.77885241757941,0.48573869437431694,9.790908879364117,12.688660967414265,0.0,0.0,-1.000088900581841e-12,0,0,1.0,6.944444444444444e-05,0.0,9.711272793171906,0.0,-9.694100359712811,0.5752763481892685,9.711272793171904,-1.6327012073225091,0.0,0.0,-1.000088900581841e-12,0.0,0.0,Train005,10.0
74,3,1,6.944444444444444e-05,0.0,10.10474186019535,0.0,10.10246345542673,0.2145697857379248,10.10474186019535,28.63295686569776,0.0,0.0,-1.000088900581841e-12,0,0,1.0,6.944444444444444e-05,0.0,8.599578617103699,0.0,8.595377843603476,0.26477194561523537,8.599578617103699,2.362298867511007,0.0,0.0,-1.000088900581841e-12,0.0,0.0,Train005,10.0
74,4,3,0.00020833333333333335,0.0,10.5585065848259,0.6084859452243444,-3.0130265818474675,0.013547134372093456,3.013057036925974,21.599626362126457,0.6666661252271147,38.559628696573405,1.0986122886651097,0,0,3.0,0.00020833333333333335,0.0,9.79389632877073,0.6901769026863792,-2.6548482564506886,0.2116236643889946,2.6654623648974582,-0.5802821456586316,0.6656694235975679,39.41661887366681,1.0986122886651097,0.0,0.0,Train005,10.0
74,5,0,0.0,0.0,0.0,0.0,0.0,0.0,0.0,0.0,0.0,0.0,0.0,0,0,0.0,0.0,0.0,0.0,0.0,0.0,0.0,0.0,0.0,0.0,0.0,0.0,0.0,0.0,Train005,10.0
75,0,1,6.944444444444444e-05,0.0,8.603212185296453,0.0,-8.498066624655392,1.3409412918362518,8.603212185296453,1.1200876169573881,0.0,0.0,-1.000088900581841e-12,0,0,1.0,6.944444444444444e-05,0.0,7.806154631280147,0.0,-7.692942468544418,1.3220332895218814,7.806154631280147,0.9824152083437727,0.0,0.0,-1.000088900581841e-12,0.0,0.0,Train005,10.0
75,1,3,0.00020833333333333335,0.0,9.694297417990963,1.1094364813885844,-9.691975095699727,-0.030431759913526608,9.69202287180933,1.9110730772281788,0.0002506662090911993,43.39315153786532,1.0986122886651097,0,0,3.0,0.00020833333333333335,0.0,8.673731425089311,0.9510793499089878,-8.669586976835983,-0.04067144462677756,8.669689129431429,0.7373829648884755,0.000520675080930566,44.38367496645906,1.0986122886651097,0.0,0.0,Train005,10.0
75,2,1,6.944444444444444e-05,0.0,9.654797028337226,0.0,-9.644754334338911,0.440249348256335,9.654797028337226,-1.3611185102689127,0.0,0.0,-1.000088900581841e-12,0,0,1.0,6.944444444444444e-05,0.0,9.4943312083177,0.0,-9.479032456498715,0.5342441562654409,9.4943312083177,-2.169415848542056,0.0,0.0,-1.000088900581841e-12,0.0,0.0,Train005,10.0
75,3,1,6.944444444444444e-05,0.0,10.503324186615353,0.0,10.501531154552152,0.19406797548704352,10.503324186615353,3.9858232642000324,0.0,0.0,-1.000088900581841e-12,0,0,1.0,6.944444444444444e-05,0.0,8.881676620994009,0.0,8.87824395366834,0.2395798003253659,8.881676620994007,2.820980038903069,0.0,0.0,-1.000088900581841e-12,0.0,0.0,Train005,10.0
75,4,3,0.00020833333333333335,0.0,10.688898363532232,0.659261730121511,-3.1036586249014557,-0.06277388780981098,3.1042933851226038,1.3039177870633327,0.6664681762775959,38.299591957321624,1.0986122886651097,0,0,3.0,0.00020833333333333335,0.0,9.785958057309319,0.6673059337855224,-2.7011313929242524,0.14178272328486277,2.709023124577085,-0.0793827146140997,0.6658640864563876,39.11824691606346,1.0986122886651097,0.0,0.0,Train005,10.0
75,5,0,0.0,0.0,0.0,0.0,0.0,0.0,0.0,0.0,0.0,0.0,0.0,0,0,0.0,0.0,0.0,0.0,0.0,0.0,0.0,0.0,0.0,0.0,0.0,0.0,0.0,0.0,Train005,10.0
76,0,1,6.944444444444444e-05,0.0,8.13181199494782,0.0,-8.03429631643015,1.2555672108549818,8.13181199494782,-4.714001903486338,0.0,0.0,-1.000088900581841e-12,0,0,1.0,6.944444444444444e-05,0.0,7.855101541482751,0.0,-7.748846464501691,1.285436142714674,7.855101541482751,0.4894691020260538,0.0,0.0,-1.000088900581841e-12,0.0,0.0,Train005,10.0
76,1,3,0.00020833333333333335,0.0,9.189555864397597,1.0924895164922526,-9.187553193914862,-0.02740470808280136,9.18759406531657,-5.047415535933644,0.00022816664122149444,43.23801451780063,1.0986122886651097,0,0,3.0,0.00020833333333333335,0.0,8.757584606523654,0.977494694944222,-8.75415343055461,-0.03502850205577754,8.75422846265183,0.8385318143434111,0.0004330000612903895,44.048592476153104,1.0986122886651097,0.0,0.0,Train005,10.0
76,2,1,6.944444444444444e-05,0.0,9.038847096590148,0.0,-9.030057121510707,0.39852881676223467,9.038847096590148,-6.159499317470782,0.0,0.0,-1.000088900581841e-12,0,0,1.0,6.944444444444444e-05,0.0,9.27154129423322,0.0,-9.25836140538325,0.48853321298274893,9.27154129423322,-2.2278991408447952,0.0,0.0,-1.000088900581841e-12,0.0,0.0,Train005,10.0
76,3,1,6.944444444444444e-05,0.0,10.022921153064612,0.0,10.021384176555285,0.17552101423304955,10.022921153064612,-4.8040303355074165,0.0,0.0,-1.000088900581841e-12,0,0,1.0,6.944444444444444e-05,0.0,9.163069756432428,0.0,9.16030471587907,0.21672412011829012,9.163069756432428,2.8139313543842013,0.0,0.0,-1.000088900581841e-12,0.0,0.0,Train005,10.0
76,4,3,0.00020833333333333335,0.0,10.10476883188334,0.6467113847986663,-2.9522771966282604,-0.08556123580244496,2.9535167801797337,-5.84129531648891,0.6663343168985498,38.22641169540895,1.0986122886651097,0,0,3.0,0.00020833333333333335,0.0,9.795919146368451,0.6476901678310618,-2.7544351003855256,0.06992133490662347,2.759791807241352,0.09961089059132178,0.6660469221880494,38.84084763166697,1.0986122886651097,0.0,0.0,Train005,10.0
76,5,0,0.0,0.0,0.0,0.0,0.0,0.0,0.0,0.0,0.0,0.0,0.0,0,0,0.0,0.0,0.0,0.0,0.0,0.0,0.0,0.0,0.0,0.0,0.0,0.0,0.0,0.0,Train005,10.0
77,0,1,6.944444444444444e-05,0.0,7.486875718910752,0.0,-7.397774235650527,1.1516268444077933,7.486875718910752,-6.449362760370674,1.1102230246251565e-16,0.0,-1.000088900581841e-12,0,0,1.0,6.944444444444444e-05,0.0,7.88482894042771,0.0,-7.783939415233078,1.255915917487125,7.88482894042771,0.297273989449576,2.2204460492503132e-17,0.0,-1.000088900581841e-12,0.0,0.0,Train005,10.0
77,1,3,0.00020833333333333335,0.0,8.473054299816004,1.0231701740806123,-8.471277931662899,-0.024739863279948964,8.471314057235391,-7.165015645815958,0.00021956119949095854,43.18203732324537,1.0986122886651097,0,0,3.0,0.00020833333333333335,0.0,8.84000567941902,1.0050442683779934,-8.837255458427682,-0.03100676603399355,8.837312747488497,0.8242107289536778,0.00034086508949924264,43.704070280230134,1.0986122886651097,0.0,0.0,Train005,10.0
77,2,1,6.944444444444444e-05,0.0,8.29263419666239,0.0,-8.284791391594865,0.36057387233425964,8.29263419666239,-7.462128999277571,0.0,0.0,-1.000088900581841e-12,0,0,1.0,6.944444444444444e-05,0.0,9.059845996715314,0.0,-9.048745617258223,0.4438914217073184,9.059845996715314,-2.116952975179058,0.0,0.0,-1.000088900581841e-12,0.0,0.0,Train005,10.0
77,3,1,6.944444444444444e-05,0.0,9.265772883964305,0.0,9.26441294185086,0.1587450159043434,9.265772883964305,-7.571482691003073,0.0,0.0,-1.000088900581841e-12,0,0,1.0,6.944444444444444e-05,0.0,9.42764125149304,0.0,9.42547024166397,0.1960256568062741,9.42764125149304,2.6457149506061106,0.0,0.0,-1.000088900581841e-12,0.0,0.0,Train005,10.0
77,4,3,0.00020833333333333335,0.0,9.306841371110712,0.6052812844571419,-2.7258288242107285,-0.08842869644238031,2.7272628060479502,-7.9792746077262855,0.6662715951672135,38.20701034647187,1.0986122886651097,0,0,3.0,0.00020833333333333335,0.0,9.811511819993088,0.6304354402921549,-2.8070350881596022,0.0015920762094965956,2.810081959945647,0.15592673624634762,0.6662233563138138,38.569826158753905,1.0986122886651097,0.0,0.0,Train005,10.0
77,5,0,0.0,0.0,0.0,0.0,0.0,0.0,0.0,0.0,0.0,0.0,0.0,0,0,0.0,0.0,0.0,0.0,0.0,0.0,0.0,0.0,0.0,0.0,0.0,0.0,0.0,0.0,Train005,10.0
78,0,1,6.944444444444444e-05,0.0,6.820395299950754,0.0,-6.739480907523774,1.0474679683469459,6.820395299950754,-6.664804189599973,0.0,0.0,-1.000088900581841e-12,0,0,1.0,6.944444444444444e-05,0.0,7.906699724541298,0.0,-7.810310345685137,1.2306882580462692,7.906699724541298,0.21870784113588543,2.2204460492503132e-17,0.0,-1.000088900581841e-12,0.0,0.0,Train005,10.0
78,1,3,0.00020833333333333335,0.0,7.725272921199445,0.9389714386568919,-7.723679339690307,-0.022357697110654884,7.723711698981195,-7.477813786165572,0.00021606247701311254,43.16376849444455,1.0986122886651097,0,0,3.0,0.00020833333333333335,0.0,8.91707412273443,1.0313827231759993,-8.914953937729706,-0.027784546444757918,8.914997524138773,0.7706844331540994,0.00024686006997034495,43.356934566228226,1.0986122886651097,0.0,0.0,Train005,10.0
78,2,1,6.944444444444444e-05,0.0,7.545170941632441,0.0,-7.538118012533816,0.3261615666626132,7.545170941632441,-7.474632550299498,0.0,0.0,-1.000088900581841e-12,0,0,1.0,6.944444444444444e-05,0.0,8.864471628517263,0.0,-8.855314655511542,0.40225045967795187,8.864471628517265,-1.9537436819805005,0.0,0.0,-1.000088900581841e-12,0.0,0.0,Train005,10.0
78,3,1,6.944444444444444e-05,0.0,8.457187954087534,0.0,8.455969206251385,0.1435718415692906,8.457187954087534,-8.085849298767709,1.1102230246251565e-16,0.0,-1.000088900581841e-12,0,0,1.0,6.944444444444444e-05,0.0,9.67078960758543,0.0,9.669152186927283,0.17729512658633037,9.67078960758543,2.431483560923918,2.2204460492503132e-17,0.0,-1.000088900581841e-12,0.0,0.0,Train005,10.0
78,4,3,0.00020833333333333335,0.0,8.481691596602813,0.5553930526687896,-2.4866701889540486,-0.08421454395374946,2.488095801621413,-8.251497745079007,0.6662440935266338,38.20530124473991,1.0986122886651097,0,0,3.0,0.00020833333333333335,0.0,9.828141349591,0.6150266794540906,-2.856292283308392,-0.06148624592725845,2.857245161979535,0.16629529597911769,0.6663968614194216,38.29958878810315,1.0986122886651097,0.0,0.0,Train005,10.0
78,5,0,0.0,0.0,0.0,0.0,0.0,0.0,0.0,0.0,0.0,0.0,0.0,0,0,0.0,0.0,0.0,0.0,0.0,0.0,0.0,0.0,0.0,0.0,0.0,0.0,0.0,0.0,Train005,10.0
79,0,1,6.944444444444444e-05,0.0,7.913671130783521,0.0,-7.886616673360684,0.6538105334619376,7.913671130783521,10.932758308327664,0.0,0.0,-1.000088900581841e-12,0,0,1.0,6.944444444444444e-05,0.0,7.79119326597786,0.0,-7.711246951524106,1.0898827697815823,7.79119326597786,-1.1550645856343877,2.2204460492503132e-17,0.0,-1.000088900581841e-12,0.0,0.0,Train005,10.0
79,1,3,0.00020833333333333335,0.0,10.053878441209536,0.44393087572111745,-10.05287479595937,-0.02021395873998783,10.052895118689099,23.2860552001009,0.00010096256400971004,44.2477288373339,1.0986122886651097,0,0,3.0,0.00020833333333333335,0.0,9.02721178892271,0.9215996972678917,-9.025472071385433,-0.02502959742538391,9.025507562406318,1.101376661882781,0.00020308381816529496,43.44494014213795,1.0986122886651097,0.0,0.0,Train005,10.0
79,2,1,6.944444444444444e-05,0.0,10.66401795100814,0.0,-10.664017941021012,0.0004615255238034355,10.66401795100814,31.188470093756983,0.0,0.0,-1.000088900581841e-12,0,0,1.0,6.944444444444444e-05,0.0,9.039093442846069,0.0,-9.032347760199864,0.3051950259078492,9.03909344284607,1.7462181432880428,0.0,0.0,-1.000088900581841e-12,0.0,0.0,Train005,10.0
79,3,2,0.0001388888888888889,1.0,10.014151171111923,0.8632209199543421,-0.8636419685130843,0.085679325121412,0.8678815567405589,14.167456153046754,0.9909969553683242,24.95995956825019,0.6931471805579453,1,0,1.2,8.333333333333333e-05,0.2,9.652671469768745,0.17264418399086842,7.47593110213932,0.15151703446302783,7.823417546894473,-0.4616165816062832,0.19819939107366485,4.991991913650038,0.13862943611078898,0.2,0.0,Train005,10.0
79,4,1,6.944444444444444e-05,-2.0,13.177416979167871,0.0,13.160139639104404,-0.6745686934143083,13.177416979167871,41.805998463999146,1.1102230246251565e-16,0.0,-1.000088900581841e-12,0,2,2.6,0.00018055555555555555,-0.4,10.351923428459395,0.4933294904092218,0.378340960881982,-0.1991094114845388,4.890117150427915,4.207569716353655,0.5330636363739986,30.587663048788464,0.8788898309318878,0.0,0.4,Train005,10.0
79,5,0,0.0,0.0,0.0,0.0,0.0,0.0,0.0,0.0,0.0,0.0,0.0,0,0,0.0,0.0,0.0,0.0,0.0,0.0,0.0,0.0,0.0,0.0,0.0,0.0,0.0,0.0,Train005,10.0
80,0,1,6.944444444444444e-05,0.0,7.832935935365247,0.0,-7.818293768310252,0.4787148628748855,7.832935935365247,-0.8073519541827423,0.0,0.0,-1.000088900581841e-12,0,0,1.0,6.944444444444444e-05,0.0,7.637138015991619,0.0,-7.5752923802550765,0.9174374839893089,7.637138015991619,-1.5405524998624138,2.2204460492503132e-17,0.0,-1.000088900581841e-12,0.0,0.0,Train005,10.0
80,1,3,0.00020833333333333335,0.0,10.269768986677997,0.4915396059772227,-10.268960202133735,-0.018279246348983272,10.268976471092609,2.15890545468462,7.955575612306198e-05,44.660447540343654,1.0986122886651097,0,0,3.0,0.00020833333333333335,0.0,9.142306102660116,0.7980203221856194,-9.140869092672235,-0.02259909471247524,9.140898282262974,1.1509431373740693,0.0001688617275716675,43.69839934263362,1.0986122886651097,0.0,0.0,Train005,10.0
80,2,1,6.944444444444444e-05,0.0,11.121147612076827,0.0,-11.120577652678481,-0.1125916531101333,11.121147612076827,4.571296610686879,0.0,0.0,-1.000088900581841e-12,0,0,1.0,6.944444444444444e-05,0.0,9.33236355959399,0.0,-9.327512423867777,0.19462682563455552,9.33236355959399,2.9327011674792014,0.0,0.0,-1.000088900581841e-12,0.0,0.0,Train005,10.0
80,3,2,0.0001388888888888889,0.0,9.915884645787735,1.063264120302886,-1.0636215193898284,0.07748971542583939,1.066440524598491,-0.9826652532418834,0.9916572867344386,24.102536767596142,0.6931471805579453,0,0,1.4,9.722222222222222e-05,0.2,9.535183561603223,0.3852970080514456,5.162900567350923,0.128201382450787,5.9360408144911005,-1.4553142850946663,0.3965308484205526,9.812499267169267,0.27725887222257806,0.2,0.0,Train005,10.0
80,4,1,6.944444444444444e-05,0.0,13.851972254915868,0.0,13.832987411484774,-0.7249790511888952,13.851972254915868,6.745552757479967,0.0,0.0,-1.000088900581841e-12,0,0,2.2,0.00015277777777777777,-0.4,10.984538206736122,0.36147714438491957,3.765670168159228,-0.3315504441603556,7.0396529243865675,5.295896710436982,0.39977000111847943,22.927744657324148,0.6591673731986658,0.0,0.4,Train005,10.0
80,5,0,0.0,0.0,0.0,0.0,0.0,0.0,0.0,0.0,0.0,0.0,0.0,0,0,0.0,0.0,0.0,0.0,0.0,0.0,0.0,0.0,0.0,0.0,0.0,0.0,0.0,0.0,Train005,10.0
81,0,1,6.944444444444444e-05,0.0,7.3432559338836105,0.0,-7.3329062711428445,0.38973494730495906,7.3432559338836105,-4.89680001481636,0.0,0.0,-1.000088900581841e-12,0,0,1.0,6.944444444444444e-05,0.0,7.479426803778777,0.0,-7.4350143711976155,0.7442710312793043,7.479426803778777,-1.5771121221284183,2.2204460492503132e-17,0.0,-1.000088900581841e-12,0.0,0.0,Train005,10.0
81,1,3,0.00020833333333333335,0.0,9.739714229945529,0.5139658594231882,-9.739014681774764,-0.01653104316906918,9.739028711694646,-5.300547567324673,7.258332104020937e-05,44.81590335482366,1.0986122886651097,0,0,3.0,0.00020833333333333335,0.0,9.252337775769703,0.6823155907718065,-9.251161390244215,-0.020424361729728804,9.251185211538587,1.100316731095863,0.00013774506353541048,44.013977110038226,1.0986122886651097,0.0,0.0,Train005,10.0
81,2,1,6.944444444444444e-05,0.0,10.624906867616595,0.0,-10.62391478889218,-0.14519126655668982,10.624906867616595,-4.962407444602324,1.1102230246251565e-16,0.0,-1.000088900581841e-12,0,0,1.0,6.944444444444444e-05,0.0,9.64957551379928,0.0,-9.646283957344071,0.08588280897077062,9.64957551379928,3.1721195420528936,2.2204460492503132e-17,0.0,-1.000088900581841e-12,0.0,0.0,Train005,10.0
81,3,2,0.0001388888888888889,0.0,9.297651652576898,1.070047711373535,-1.0703627052249338,0.07008288853113492,1.0726546191581454,-6.18232993210837,0.9919078137671254,23.831716835144825,0.6931471805579453,0,0,1.6,0.00011111111111111112,0.2,9.390129661505679,0.5993065503261527,2.94455119099488,0.10711375731040407,4.1459875077098065,-1.730974204414857,0.5949124111739776,14.57884263419823,0.4158883083343672,0.2,0.0,Train005,10.0
81,4,1,6.944444444444444e-05,0.0,13.270060221635026,0.0,13.251597156263212,-0.6997650276606784,13.270060221635026,-5.819120332808421,0.0,0.0,-1.000088900581841e-12,0,0,1.8,0.000125,-0.4,11.617596484686459,0.23213486742518627,7.006445038737522,-0.4543912025320023,9.102961612677626,5.30033170717308,0.26650313773876944,15.282462318242356,0.43944491546544384,0.0,0.4,Train005,10.0
81,5,0,0.0,0.0,0.0,0.0,0.0,0.0,0.0,0.0,0.0,0.0,0.0,0,0,0.0,0.0,0.0,0.0,0.0,0.0,0.0,0.0,0.0,0.0,0.0,0.0,0.0,0.0,Train005,10.0
82,0,1,6.944444444444444e-05,0.0,6.740116586630016,0.0,-6.731742758118308,0.33587354746507225,6.740116586630016,-6.031393472535944,0.0,0.0,-1.000088900581841e-12,0,0,1.0,6.944444444444444e-05,0.0,7.33007497732263,0.0,-7.301808075691173,0.58112037189076,7.33007497732263,-1.4935182645614724,0.0,0.0,-1.000088900581841e-12,0.0,0.0,Train005,10.0
82,1,3,0.00020833333333333335,0.0,8.982017645187204,0.49482309086623644,-8.981396415159098,-0.014950548186051868,8.981408858588042,-7.5769658475832635,6.991353705443348e-05,44.872923064721455,1.0986122886651097,0,0,3.0,0.00020833333333333335,0.0,9.354130444843943,0.5766461741289314,-9.353185086943455,-0.018466498710949387,9.353204171809118,1.0179266907424023,0.00010781553104810548,44.35215425833344,1.0986122886651097,0.0,0.0,Train005,10.0
82,2,1,6.944444444444444e-05,0.0,9.826831756838525,0.0,-9.825717930589496,-0.14795109226424216,9.826831756838525,-7.980751107780701,0.0,0.0,-1.000088900581841e-12,0,0,1.0,6.944444444444444e-05,0.0,9.956415025834506,0.0,-9.954469265142997,-0.01582218394892973,9.956415025834506,3.0683951203522675,2.2204460492503132e-17,0.0,-1.000088900581841e-12,0.0,0.0,Train005,10.0
82,3,2,0.0001388888888888889,0.0,8.535395814690805,1.0093664288189794,-1.0096482608106951,0.06338403444902262,1.0116358763809716,-7.622558378860935,0.9920094261736229,23.7586798070634,0.6931471805579453,0,0,1.8,0.000125,0.2,9.244054247650979,0.8011798360899485,0.8897389504625688,0.0880415610193399,2.4951601061931403,-1.7411893419864295,0.7933142964087023,19.33057859561091,0.5545177444461562,0.2,0.0,Train005,10.0
82,4,1,6.944444444444444e-05,0.0,12.28639908682985,0.0,12.269204205787997,-0.6497927958415071,12.28639908682985,-9.836611348051765,0.0,0.0,-1.000088900581841e-12,0,0,1.4,9.722222222222222e-05,-0.4,12.213508027830285,0.11107861053375792,10.005451644737267,-0.5666640224118276,11.014788868834007,4.928864359107984,0.1332488187053268,7.641060248947982,0.21972245773222188,0.0,0.4,Train005,10.0
82,5,0,0.0,0.0,0.0,0.0,0.0,0.0,0.0,0.0,0.0,0.0,0.0,0,0,0.0,0.0,0.0,0.0,0.0,0.0,0.0,0.0,0.0,0.0,0.0,0.0,0.0,0.0,Train005,10.0
83,0,1,6.944444444444444e-05,0.0,6.133247272131637,0.0,-6.126033823625599,0.2973746675580888,6.133247272131637,-6.06869314498379,1.1102230246251565e-16,0.0,-1.000088900581841e-12,0,0,1.0,6.944444444444444e-05,0.0,7.192645371758806,0.0,-7.179118658911537,0.43110171173298867,7.192645371758806,-1.3742960556382358,2.2204460492503132e-17,0.0,-1.000088900581841e-12,0.0,0.0,Train005,10.0
83,1,3,0.00020833333333333335,0.0,8.189958059932193,0.4594584674605493,-8.189400484144274,-0.013521357416002444,8.189411646559773,-7.920595852550096,6.882748865655319e-05,44.89242377166041,1.0986122886651097,0,0,3.0,0.00020833333333333335,0.0,9.447067472590492,0.48074357988966276,-9.446329315834248,-0.016699230772018896,9.446344161324834,0.9293702774654976,7.836853337679361e-05,44.69788531377662,1.0986122886651097,0.0,0.0,Train005,10.0
83,2,1,6.944444444444444e-05,0.0,8.970997673715512,0.0,-8.969902180643306,-0.1401931934852667,8.970997673715512,-8.558340831230122,0.0,0.0,-1.000088900581841e-12,0,0,1.0,6.944444444444444e-05,0.0,10.24158037225112,0.0,-10.240826098764895,-0.10909313597850571,10.241580372251118,2.851653464166142,2.2204460492503132e-17,0.0,-1.000088900581841e-12,0.0,0.0,Train005,10.0
83,3,2,0.0001388888888888889,0.0,7.768063950963108,0.9288479135833496,-0.9291016524045053,0.05732548633404952,0.9308684611072702,-7.67331863727696,0.9920517375928088,23.75578242402541,0.6931471805579453,0,0,2.0,0.0001388888888888889,0.2,9.106229447026093,0.9869494188066185,-0.9872752212686094,0.0707922899722917,0.9898962075970875,-1.6586832096882798,0.991724643927264,24.081735080415992,0.6931471805579453,0.2,0.0,Train005,10.0
83,4,1,6.944444444444444e-05,0.0,11.2212669372817,0.0,11.205525000226132,-0.5941726575992312,11.2212669372817,-10.6513214954815,0.0,0.0,-1.000088900581841e-12,0,0,1.0,6.944444444444444e-05,-0.4,12.761423095966062,0.0,12.743890682573305,-0.668655645140924,12.761423095966062,4.448899609027486,2.2204460492503132e-17,0.0,-1.000088900581841e-12,0.0,0.4,Train005,10.0
83,5,0,0.0,0.0,0.0,0.0,0.0,0.0,0.0,0.0,0.0,0.0,0.0,0,0,0.0,0.0,0.0,0.0,0.0,0.0,0.0,0.0,0.0,0.0,0.0,0.0,0.0,0.0,Train005,10.0
84,0,1,6.944444444444444e-05,0.0,7.918579700753462,0.0,-7.914094592563982,0.2664793746883887,7.918579700753462,17.853324286218246,0.0,0.0,-1.000088900581841e-12,0,0,1.0,6.944444444444444e-05,0.0,7.193627085752794,0.0,-7.184614242752197,0.3536354799782789,7.193627085752794,0.009817139939880804,2.2204460492503132e-17,0.0,-1.000088900581841e-12,0.0,0.0,Train005,10.0
84,1,4,0.0002777777777777778,1.0,10.11862711979395,1.293801701262059,-10.113849548958068,0.032153781756257785,10.113900660212188,17.33409156415927,0.000531556038755765,34.99941476407838,1.3862943611158907,1,0,3.2,0.00022222222222222223,0.2,9.460017208307374,0.6507177449978512,-9.458524266433988,-0.006225682672769775,9.458545269629452,-0.26102244972282873,0.0001644872283260046,42.84822249912551,1.156148703155266,0.2,0.0,Train005,10.0
84,2,0,0.0,-1.0,0.0,0.0,0.0,0.0,0.0,0.0,0.0,0.0,0.0,0,1,0.8,5.555555555555556e-05,-0.2,8.108776782049492,0.0,-8.108022510560692,-0.1091854410832664,8.108776782049492,-3.3860405545852545,2.2204460492503132e-17,0.0,-8.000711204654728e-13,0.0,0.2,Train005,10.0
84,3,0,0.0,-2.0,0.0,0.0,0.0,0.0,0.0,0.0,0.0,0.0,0.0,0,2,1.6,0.00011111111111111109,-0.4,7.1033992128037085,0.81430523481575,-0.8145468275659926,0.0536564249480093,0.8163198962489755,-4.49217444029763,0.7935252528535991,19.089743166765953,0.5545177444463563,0.0,0.4,Train005,10.0
84,4,2,0.0001388888888888889,1.0,12.493921546451414,0.2509879526942358,-0.25192168494737643,0.0345566469832794,0.25428074484209806,10.2166665647548,0.9967346312616016,19.980196335677892,0.6931471805579453,1,0,1.2,8.333333333333333e-05,0.2,12.62472400942277,0.05019759053884716,10.061478417762947,-0.5268305770614065,10.176795849100909,-1.8689667708213833,0.1993469262523203,3.996039267135578,0.13862943611078898,0.2,0.0,Train005,10.0
84,5,0,0.0,0.0,0.0,0.0,0.0,0.0,0.0,0.0,0.0,0.0,0.0,0,0,0.0,0.0,0.0,0.0,0.0,0.0,0.0,0.0,0.0,0.0,0.0,0.0,0.0,0.0,Train005,10.0
85,0,1,6.944444444444444e-05,0.0,8.071204272684943,0.0,-8.067633849243544,0.24004684115289168,8.071204272684943,1.5262457193148116,0.0,0.0,-1.000088900581841e-12,0,0,1.0,6.944444444444444e-05,0.0,7.241280753216733,0.0,-7.234482258938856,0.3059018756338801,7.241280753216733,0.4765366746393916,2.2204460492503132e-17,0.0,-1.000088900581841e-12,0.0,0.0,Train005,10.0
85,1,4,0.0002777777777777778,0.0,10.12538940982023,1.505314730238169,-10.118172805533728,0.05709961891619367,10.118333918641085,0.0676229002627915,0.0008054722055849117,34.98201803403409,1.3862943611158907,0,0,3.4,0.00023611111111111112,0.2,9.431141292935822,0.8534727698500404,-9.428366787113987,0.008850090380265614,9.428416759139147,-0.6792789606071945,0.0003096705182183745,40.9125365978636,1.2136851176454222,0.2,0.0,Train005,10.0
85,2,0,0.0,0.0,0.0,0.0,0.0,0.0,0.0,0.0,0.0,0.0,0.0,0,0,0.6,4.1666666666666665e-05,-0.2,5.884547259634127,0.0,-5.883906980024996,-0.08666711046123973,5.884547259634126,-4.30029987672263,2.2204460492503132e-17,0.0,-6.000533403491046e-13,0.0,0.2,Train005,10.0
85,3,0,0.0,0.0,0.0,0.0,0.0,0.0,0.0,0.0,0.0,0.0,0.0,0,0,1.2,8.333333333333334e-05,-0.4,5.120222283646163,0.6016524107551728,-0.6018225236880268,0.03815848186284141,0.6030317913292774,-4.295641389649253,0.5951937955067115,14.269235813246727,0.41588830833476714,0.0,0.4,Train005,10.0
85,4,2,0.0001388888888888889,0.0,12.121593188938604,0.22836696713504612,-0.235589601636776,0.18229023460065089,0.29787948910614026,-3.723283575128118,0.9842186738016444,21.168379796124032,0.6931471805579453,0,0,1.4,9.722222222222222e-05,0.2,12.27864819622732,0.09587098396585639,7.247763015138638,-0.3453767199034973,7.465977295938963,-3.962734037343,0.3961906610126492,8.229715226360385,0.27725887222257806,0.2,0.0,Train005,10.0
85,5,0,0.0,0.0,0.0,0.0,0.0,0.0,0.0,0.0,0.0,0.0,0.0,0,0,0.0,0.0,0.0,0.0,0.0,0.0,0.0,0.0,0.0,0.0,0.0,0.0,0.0,0.0,Train005,10.0
86,0,1,6.944444444444444e-05,0.0,7.648288030229926,0.0,-7.645216854961511,0.2167234042986313,7.648288030229926,-4.229162424550168,1.1102230246251565e-16,0.0,-1.000088900581841e-12,0,0,1.0,6.944444444444444e-05,0.0,7.302287172485997,0.0,-7.296944375702589,0.27129956703261454,7.302287172485997,0.61006419269263,4.4408920985006264e-17,0.0,-1.000088900581841e-12,0.0,0.0,Train005,10.0
86,1,4,0.0002777777777777778,0.0,9.531407201496929,1.490784154325714,-9.523623402134888,0.06239277379787182,9.523827778992723,-5.939822083233015,0.000924549812034603,34.97826909240286,1.3862943611158907,0,0,3.6,0.00025,0.2,9.389479887246102,1.0488364288305456,-9.385288531186012,0.024634853773653813,9.385376572598762,-0.8071338637888626,0.0004800638164172533,38.94500974537944,1.2712215321355784,0.2,0.0,Train005,10.0
86,2,0,0.0,0.0,0.0,0.0,0.0,0.0,0.0,0.0,0.0,0.0,0.0,0,0,0.4,2.777777777777778e-05,-0.2,3.7595658861108077,0.0,-3.75912402224656,-0.05762885714990178,3.7595658861108077,-3.3078183878021656,0.0,0.0,-4.000355602327364e-13,0.0,0.2,Train005,10.0
86,3,0,0.0,0.0,0.0,0.0,0.0,0.0,0.0,0.0,0.0,0.0,0.0,0,0,0.8,5.555555555555556e-05,-0.4,3.2606919531307823,0.3876428684804658,-0.38774998264304006,0.02414190415661443,0.38850086749764834,-3.05917540322758,0.3968122327532863,9.502892446217762,0.2772588722231781,0.0,0.4,Train005,10.0
86,4,2,0.0001388888888888889,0.0,11.291283955927767,0.21796474577329406,-0.22797638916618546,0.2227795398629051,0.31875375668183076,-8.303092330108361,0.9793976159760814,21.599152376212494,0.6931471805579453,0,0,1.6,0.00011111111111111112,0.2,11.882892943085867,0.1394639331205152,4.551848306052758,-0.16086780639878057,4.875716002948324,-4.459528436802988,0.5920701842078655,12.549545701602884,0.4158883083343672,0.2,0.0,Train005,10.0
86,5,0,0.0,0.0,0.0,0.0,0.0,0.0,0.0,0.0,0.0,0.0,0.0,0,0,0.0,0.0,0.0,0.0,0.0,0.0,0.0,0.0,0.0,0.0,0.0,0.0,0.0,0.0,Train005,10.0
87,0,1,6.944444444444444e-05,0.0,7.050684448206369,0.0,-7.047963667597842,0.19585537623440202,7.050684448206369,-5.976035820235568,0.0,0.0,-1.000088900581841e-12,0,0,1.0,6.944444444444444e-05,0.0,7.364400744801268,0.0,-7.360188557598495,0.24329593278648048,7.364400744801268,0.6211357231527053,4.4408920985006264e-17,0.0,-1.000088900581841e-12,0.0,0.0,Train005,10.0
87,1,4,0.0002777777777777778,0.0,8.763817325632436,1.398001720595353,-8.756274521156104,0.06055414570527906,8.756483900197022,-7.675898758644919,0.0009751765871552909,34.97802755263075,1.3862943611158907,0,0,3.8,0.0002638888888888889,0.2,9.34583982333515,1.229472154776369,-9.340264152385412,0.03973579255192,9.340391580920558,-0.8269204460011939,0.0006611164264374248,36.9660306429613,1.3287579466257344,0.2,0.0,Train005,10.0
87,2,0,0.0,0.0,0.0,0.0,0.0,0.0,0.0,0.0,0.0,0.0,0.0,0,0,0.2,1.388888888888889e-05,-0.2,1.7941995347431026,0.0,-1.793980436128661,-0.028038638697053347,1.7941995347431026,-1.7116681662460251,0.0,0.0,-2.000177801163682e-13,0.0,0.2,Train005,10.0
87,3,0,0.0,0.0,0.0,0.0,0.0,0.0,0.0,0.0,0.0,0.0,0.0,0,0,0.4,2.777777777777778e-05,-0.4,1.5536127901926216,0.18576958271666993,-0.18582033048090105,0.011465097266809905,0.18617369222145402,-1.5346637274553927,0.19841034751856176,4.751156484805081,0.13862943611158907,0.0,0.4,Train005,10.0
87,4,2,0.0001388888888888889,0.0,10.337607265045865,0.2008319225099484,-0.2113713783608926,0.2237100933763241,0.30777274971742913,-9.536766908819025,0.9774355950755423,21.721935240495576,0.6931471805579453,0,0,1.8,0.000125,0.2,11.49313457872907,0.17963031762250486,2.0557331892229804,0.013832771444785657,2.4799907355258393,-4.399559548956441,0.787557303222974,16.893932749701996,0.5545177444461562,0.2,0.0,Train005,10.0
87,5,0,0.0,0.0,0.0,0.0,0.0,0.0,0.0,0.0,0.0,0.0,0.0,0,0,0.0,0.0,0.0,0.0,0.0,0.0,0.0,0.0,0.0,0.0,0.0,0.0,0.0,0.0,Train005,10.0
88,0,1,6.944444444444444e-05,0.0,6.427748276031769,0.0,-6.42530885563837,0.17707063473233675,6.427748276031769,-6.229361721746001,0.0,0.0,-1.000088900581841e-12,0,0,1.0,6.944444444444444e-05,0.0,7.4233009455812935,0.0,-7.42004356400105,0.21923512622133012,7.4233009455812935,0.5890020078002631,2.2204460492503132e-17,0.0,-1.000088900581841e-12,0.0,0.0,Train005,10.0
88,1,4,0.0002777777777777778,0.0,7.9811815812340425,1.283460465806462,-7.974163555756049,0.0563489229561592,7.9743626463226684,-7.826357443983934,0.0009966510004513207,34.978809832256225,1.3862943611158907,0,0,4.0,0.0002777777777777778,0.2,9.304084527595517,1.3942725544455514,-9.297216766707768,0.05370984862635233,9.297381780873136,-0.8080727642879614,0.0008466811287963782,34.98330785508046,1.3862943611158907,0.2,0.0,Train005,10.0
88,2,0,0.0,0.0,0.0,0.0,0.0,0.0,0.0,0.0,0.0,0.0,0.0,0,0,0.0,0.0,-0.2,0.0,0.0,0.0,0.0,0.0,0.0,0.0,0.0,0.0,0.0,0.2,Train005,10.0
88,3,0,0.0,0.0,0.0,0.0,0.0,0.0,0.0,0.0,0.0,0.0,0.0,0,0,0.0,0.0,-0.4,0.0,0.0,0.0,0.0,0.0,0.0,0.0,0.0,0.0,0.0,0.4,Train005,10.0
88,4,2,0.0001388888888888889,0.0,9.395273152553937,0.18060060778428877,-0.19072626944467963,0.21090979404601956,0.2843579629284521,-9.423341124919276,0.9766176899053165,21.72663786730367,0.6931471805579453,0,0,2.0,0.0001388888888888889,0.2,11.127935821783518,0.21575043917936262,-0.22351706471118202,0.1748492617738358,0.29260894065519005,-4.153963474843995,0.9828808412040372,21.239260323162732,0.6931471805579453,0.2,0.0,Train005,10.0
88,5,0,0.0,0.0,0.0,0.0,0.0,0.0,0.0,0.0,0.0,0.0,0.0,0,0,0.0,0.0,0.0,0.0,0.0,0.0,0.0,0.0,0.0,0.0,0.0,0.0,0.0,0.0,Train005,10.0
89,0,2,0.0001388888888888889,1.0,9.837303089133194,0.7052542973938882,-9.807352799415703,0.5161365238557362,9.820924897557505,19.51278360270649,0.0016735152452332924,67.62122847891142,0.6931471805579453,1,0,1.2,8.333333333333333e-05,0.2,7.80704562325724,0.14105085947877766,-7.798695205371393,0.2691665560547996,7.803769984942102,0.9208938710979122,0.00033470304904668067,13.524245695782284,0.13862943611078898,0.2,0.0,Train005,10.0
89,1,3,0.00020833333333333335,-1.0,9.177852852313137,0.5484121532071525,-9.173442958153394,-0.12363226377279675,9.174276028283632,16.510444712321874,0.0003748336598882185,27.023303249322908,1.0986122886651097,0,1,3.8,0.00026388888888888886,-0.2,9.115929674099355,1.24519464483457,-9.109135448546834,0.022552639520541425,9.109456854487425,-0.9728021346554406,0.0008153366530228689,33.38808555212937,1.3287579466257344,0.0,0.2,Train005,10.0
89,2,0,0.0,0.0,0.0,0.0,0.0,0.0,0.0,0.0,0.0,0.0,0.0,0,0,0.0,0.0,0.0,0.0,0.0,0.0,0.0,0.0,0.0,0.0,0.0,0.0,0.0,0.0,Train005,10.0
89,3,2,0.0001388888888888889,2.0,10.924609677949093,0.6780547500394754,-0.6886545501231263,0.200976992735939,0.7173819352440282,0.0,0.978515082139326,24.173300018465568,0.6931471805579453,2,0,0.4,2.777777777777778e-05,0.4,2.1849219355898186,0.13561095000789508,-0.13773091002462526,0.0401953985471878,0.14347638704880564,0.0,0.1957030164278652,4.834660003693114,0.13862943611158907,0.4,0.0,Train005,10.0
89,4,2,0.0001388888888888889,0.0,10.417564778918365,1.1530259975292978,1.1532389557839027,0.047723137705279625,1.1542259687816694,10.22291626364428,0.9949178993194554,23.584745457264248,0.6931471805579453,0,0,2.0,0.0001388888888888889,0.0,10.712664468276907,0.396158048146375,0.0575150634350738,0.17748255991823586,0.4725979854431044,-4.1527135350661,0.982517494815608,21.960170147480007,0.6931471805579453,0.0,0.0,Train005,10.0
89,5,0,0.0,0.0,0.0,0.0,0.0,0.0,0.0,0.0,0.0,0.0,0.0,0,0,0.0,0.0,0.0,0.0,0.0,0.0,0.0,0.0,0.0,0.0,0.0,0.0,0.0,0.0,Train005,10.0
90,0,2,0.0001388888888888889,0.0,9.939973303150202,0.3973593387155745,-9.896614214427132,0.636371205455901,9.917053051200973,1.0267021401700749,0.0023095616617246906,68.16768604059844,0.6931471805579453,0,0,1.4,9.722222222222222e-05,0.2,8.18079942935029,0.22052272722189253,-8.16449127840811,0.3484314289154014,8.172939740645308,0.8209851552689649,0.0007966153813916188,27.15778290390197,0.27725887222257806,0.2,0.0,Train005,10.0
90,1,3,0.00020833333333333335,0.0,9.214042774736091,0.45772614680279017,-9.207715548832956,-0.18684873185510498,9.209611179458992,0.36189922422953086,0.00048174815212798094,27.336692916263758,1.0986122886651097,0,0,3.6,0.00025,-0.2,8.933660347082528,1.0356769281474945,-8.92704399720668,-0.026237030633718305,8.927712306651006,-0.9139468698620927,0.0007505918423314828,31.859020528575297,1.2712215321355784,0.0,0.2,Train005,10.0
90,2,0,0.0,0.0,0.0,0.0,0.0,0.0,0.0,0.0,0.0,0.0,0.0,0,0,0.0,0.0,0.0,0.0,0.0,0.0,0.0,0.0,0.0,0.0,0.0,0.0,0.0,0.0,Train005,10.0
90,3,2,0.0001388888888888889,0.0,10.511272451579618,0.6231922336801388,-0.6341103212321046,0.19890494713969578,0.6645743581343837,-4.133372263694737,0.9779994110610316,24.681736964930728,0.6931471805579453,0,0,0.8,5.555555555555556e-05,0.4,4.287176425905742,0.26024939674392283,-0.2645529742710462,0.07997638797512696,0.27639125867568237,-0.826674452738948,0.39130289864007156,9.77100739667926,0.27725887222317813,0.4,0.0,Train005,10.0
90,4,2,0.0001388888888888889,0.0,10.163362254934055,1.5531700461396678,1.5532526809785576,-0.01177765577534308,1.5532973328190065,-2.5420252398430954,0.9980202110007144,24.40238798874982,0.6931471805579453,0,0,2.0,0.0001388888888888889,0.0,10.321018281475997,0.6611186639472993,0.4152835199581405,0.13866898184303705,0.7236815541856776,-3.9164618680090952,0.985277802255422,22.606971786005158,0.6931471805579453,0.0,0.0,Train005,10.0
90,5,0,0.0,0.0,0.0,0.0,0.0,0.0,0.0,0.0,0.0,0.0,0.0,0,0,0.0,0.0,0.0,0.0,0.0,0.0,0.0,0.0,0.0,0.0,0.0,0.0,0.0,0.0,Train005,10.0
91,0,2,0.0001388888888888889,0.0,9.390390207405003,0.26676430331418644,-9.344492916512847,0.6405905050026275,9.366424294353651,-5.495830957451986,0.002554238329817826,68.37892876739895,0.6931471805579453,0,0,1.6,0.00011111111111111112,0.2,8.529219864785308,0.2738755878847298,-8.50434649071838,0.43320484905620066,8.516566993470054,0.5676514486886013,0.001307463047355162,40.83356865738176,0.4158883083343672,0.2,0.0,Train005,10.0
91,1,3,0.00020833333333333335,0.0,8.684200119620453,0.44224315351730925,-8.677193324282642,-0.1977793801181962,8.679447025598762,-5.298426551156379,0.0005571502961898567,27.45759890821506,1.0986122886651097,0,0,3.4,0.00023611111111111112,-0.2,8.764218930707232,0.8259687279858132,-8.757757981636228,-0.0782714614169319,8.758836155972215,-0.7856677634467657,0.0006771119391625335,30.354886491737737,1.213685117645422,0.0,0.2,Train005,10.0
91,2,0,0.0,0.0,0.0,0.0,0.0,0.0,0.0,0.0,0.0,0.0,0.0,0,0,0.0,0.0,0.0,0.0,0.0,0.0,0.0,0.0,0.0,0.0,0.0,0.0,0.0,0.0,Train005,10.0
91,3,2,0.0001388888888888889,0.0,9.770872905738727,0.5695132622189218,-0.5799075279142798,0.18674593376041088,0.6092345892246261,-7.403995458408907,0.9778166082065436,24.871943900164016,0.6931471805579453,0,0,1.2,8.333333333333333e-05,0.4,6.241351007053487,0.37415204918770717,-0.38053447985390215,0.11732557472720913,0.3982381765206076,-2.3074735444207297,0.5868662202813802,14.745396176712063,0.4158883083347672,0.4,0.0,Train005,10.0
91,4,2,0.0001388888888888889,0.0,9.475981804283768,1.6019878549959348,1.6017083669712626,-0.031785573916751714,1.6020237250224998,-6.8738045065028786,0.9988521496693985,24.682153202822803,0.6931471805579453,0,0,2.0,0.0001388888888888889,0.0,9.957957851147198,0.9379232857918275,0.7812204711856301,0.08775595908710569,0.9803355478538114,-3.630604303287998,0.9891687089940854,23.223571951327223,0.6931471805579453,0.0,0.0,Train005,10.0
91,5,0,0.0,0.0,0.0,0.0,0.0,0.0,0.0,0.0,0.0,0.0,0.0,0,0,0.0,0.0,0.0,0.0,0.0,0.0,0.0,0.0,0.0,0.0,0.0,0.0,0.0,0.0,Train005,10.0
92,0,2,0.0001388888888888889,0.0,8.646486341009364,0.20573787891495954,-8.602355407306655,0.6043079194254821,8.623555334958917,-7.439038663956392,0.002653565008855052,68.4611205463765,0.6931471805579453,0,0,1.8,0.000125,0.2,8.848380243345906,0.31502316366772176,-8.815224838660141,0.5148953576944166,8.831141170820564,0.2750508799444365,0.0018381760491261723,54.52579276665706,0.5545177444461562,0.2,0.0,Train005,10.0
92,1,3,0.00020833333333333335,0.0,7.988808294560418,0.416914068388487,-7.981925698511368,-0.18992163713244878,7.9841848729101494,-6.953918250600335,0.0005925474704669975,27.503742614352294,1.0986122886651097,0,0,3.2,0.00022222222222222223,-0.2,8.609217124492828,0.6297511975444401,-8.602888217107282,-0.1283666179844775,8.60437635051484,-0.6412716618378488,0.0006005861158248748,28.860029504082046,1.156148703155266,0.0,0.2,Train005,10.0
92,2,0,0.0,0.0,0.0,0.0,0.0,0.0,0.0,0.0,0.0,0.0,0.0,0,0,0.0,0.0,0.0,0.0,0.0,0.0,0.0,0.0,0.0,0.0,0.0,0.0,0.0,0.0,Train005,10.0
92,3,2,0.0001388888888888889,0.0,8.937366892411914,0.5172487906002985,-0.5268492789234758,0.17151231709242748,0.5540637486937761,-8.335060133268142,0.9777418421619811,24.921029340737153,0.6931471805579453,0,0,1.6,0.00011111111111111112,0.4,8.02882438553587,0.4776018073077669,-0.4859043356385973,0.15162803814569464,0.5090509262593628,-3.974485571074358,0.7824145887137764,19.729602044859494,0.5545177444463563,0.4,0.0,Train005,10.0
92,4,2,0.0001388888888888889,0.0,8.678502080627112,1.5254167697956755,1.5249885742407123,-0.03688969639575526,1.5254346925597606,-7.974797236566551,0.9991344686048478,24.743461994515652,0.6931471805579453,0,0,2.0,0.0001388888888888889,0.0,9.626136814263447,1.202840255248973,1.128492461705951,0.03563600113268982,1.2238679364222775,-3.3182103688375038,0.9935084836999465,23.827877302131235,0.6931471805579453,0.0,0.0,Train005,10.0
92,5,0,0.0,0.0,0.0,0.0,0.0,0.0,0.0,0.0,0.0,0.0,0.0,0,0,0.0,0.0,0.0,0.0,0.0,0.0,0.0,0.0,0.0,0.0,0.0,0.0,0.0,0.0,Train005,10.0
93,0,2,0.0001388888888888889,0.0,7.878941892945326,0.17247742684237588,-7.838015598822219,0.5561109862605197,7.857719004674325,-7.675444480640388,0.002694914808423654,68.49365052702073,0.6931471805579453,0,0,2.0,0.0001388888888888889,0.2,9.138618966728618,0.3495186490361969,-9.09776618729691,0.5907034280000533,9.117135316549074,-0.014165671834440906,0.002377159010810903,68.22452287206121,0.6931471805579453,0.2,0.0,Train005,10.0
93,1,3,0.00020833333333333335,0.0,7.276886766759169,0.3844234674056271,-7.27044472089469,-0.1760067455540183,7.272574840733231,-7.119215278012493,0.0006080662013323579,27.52110425464123,1.0986122886651097,0,0,3.0,0.00020833333333333335,-0.2,8.468358161597854,0.4499437978642732,-8.46214445013501,-0.174837751686513,8.464018789396954,-0.4998432286435605,0.0005228691560010823,27.36848838855905,1.0986122886651097,0.0,0.2,Train005,10.0
93,2,0,0.0,0.0,0.0,0.0,0.0,0.0,0.0,0.0,0.0,0.0,0.0,0,0,0.0,0.0,0.0,0.0,0.0,0.0,0.0,0.0,0.0,0.0,0.0,0.0,0.0,0.0,Train005,10.0
93,3,2,0.0001388888888888889,0.0,8.11748471334572,0.4683929855891886,-0.47714831173038696,0.1560442869250568,0.5020162655423707,-8.198821790661945,0.977710505519641,24.913748676333245,0.6931471805579453,0,0,2.0,0.0001388888888888889,0.4,9.652321328205014,0.5712804044256046,-0.5813339979846747,0.18283689553070598,0.609454179367837,-5.614249929206747,0.9779566898177047,24.71235178012614,0.6931471805579453,0.4,0.0,Train005,10.0
93,4,2,0.0001388888888888889,0.0,7.889935521285257,1.4095858536778847,1.4091252323306542,-0.036509239678912064,1.4095981147025036,-7.885665593418554,0.9992426518442901,24.723583324107558,0.6931471805579453,0,0,2.0,0.0001388888888888889,0.0,9.325069288009711,1.4486373044276921,1.448462762061018,-0.013847805612296505,1.4489159667770881,-3.010675262537359,0.9980334760877412,24.427266393492015,0.6931471805579453,0.0,0.0,Train005,10.0
93,5,0,0.0,0.0,0.0,0.0,0.0,0.0,0.0,0.0,0.0,0.0,0.0,0,0,0.0,0.0,0.0,0.0,0.0,0.0,0.0,0.0,0.0,0.0,0.0,0.0,0.0,0.0,Train005,10.0
94,0,2,0.0001388888888888889,0.0,10.21079739749049,0.9212016916835655,-10.203935145219177,0.35929564312022955,10.210258851126365,23.318555045451642,5.317565837592575e-05,66.76944819903845,0.6931471805579453,0,0,2.0,0.0001388888888888889,0.0,9.213317828400077,0.39270812789413234,-9.177082656457605,0.559335251852952,9.195002107262846,0.7469886167145894,0.0020530910934394297,68.05416681608662,0.6931471805579453,0.0,0.0,Train005,10.0
94,1,3,0.00020833333333333335,0.0,9.640799374855453,0.4223374346557945,-9.638872131152246,0.035553145040054,9.63893770012161,23.639126080962836,0.000199479205518438,27.11911929448353,1.0986122886651097,0,0,3.0,0.00020833333333333335,0.0,8.560947466106317,0.4247288541540016,-8.55523028473478,-0.14300066992394284,8.55695112376455,0.9258930450846314,0.0004877982651271262,27.387651597591173,1.0986122886651097,0.0,0.0,Train005,10.0
94,2,0,0.0,0.0,0.0,0.0,0.0,0.0,0.0,0.0,0.0,0.0,0.0,0,0,0.0,0.0,0.0,0.0,0.0,0.0,0.0,0.0,0.0,0.0,0.0,0.0,0.0,0.0,Train005,10.0
94,3,2,0.0001388888888888889,0.0,10.305032177239664,1.6156719210175234,-1.6170240445704192,0.1414213134722539,1.6231964602669309,21.87547463893943,0.9846611870891191,27.47867279473965,0.6931471805579453,0,0,2.0,0.0001388888888888889,0.0,9.528405828063129,0.7588038386212143,-0.7670078968741333,0.17092575967796897,0.7906170843724175,-1.239155001418861,0.9791859108076633,25.37342633538096,0.6931471805579453,0.0,0.0,Train005,10.0
94,4,2,0.0001388888888888889,0.0,10.695578529220365,1.5722180895879632,1.5761893981882276,0.40800220517480834,1.628139680245056,28.056430079351074,0.9600121252273224,31.130340164001993,0.6931471805579453,0,0,2.0,0.0001388888888888889,0.0,9.380672038070113,1.532475722839425,1.533052850541883,0.058208007881609236,1.5436987090697654,0.5560275006040001,0.9910523212693146,25.936385334839564,0.6931471805579453,0.0,0.0,Train005,10.0
94,5,1,6.944444444444444e-05,1.0,0.0,0.0,0.0,0.0,0.0,0.0,0.0,0.0,-1.000088900581841e-12,1,0,0.2,1.388888888888889e-05,0.2,0.0,0.0,0.0,0.0,0.0,0.0,0.0,0.0,-2.000177801163682e-13,0.2,0.0,Train005,10.0
95,0,2,0.0001388888888888889,0.0,10.427569614773052,1.1189408602141686,-10.42381116891874,0.2698344648850767,10.427303099254134,2.1677221728256235,2.5856468072960048e-05,66.1204485626795,0.6931471805579453,0,0,2.0,0.0001388888888888889,0.0,9.310837090724647,0.5370244321938512,-9.282522047355927,0.48602790373878707,9.297052116873479,0.9751926232456991,0.0015963500547090837,67.64471932050283,0.6931471805579453,0.0,0.0,Train005,10.0
95,1,3,0.00020833333333333335,0.0,9.896637775186067,0.6329946148760401,-9.892960775011984,0.10687529521063167,9.893538053934602,2.5583840033061556,0.00032554577003141016,26.972320893442276,1.0986122886651097,0,0,3.0,0.00020833333333333335,0.0,8.697466466196312,0.45978254776865163,-8.692279329970585,-0.0842558645107955,8.693736498659671,1.3651900008999571,0.00045655778870781207,27.314777193026877,1.0986122886651097,0.0,0.0,Train005,10.0
95,2,0,0.0,0.0,0.0,0.0,0.0,0.0,0.0,0.0,0.0,0.0,0.0,0,0,0.0,0.0,0.0,0.0,0.0,0.0,0.0,0.0,0.0,0.0,0.0,0.0,0.0,0.0,Train005,10.0
95,3,2,0.0001388888888888889,0.0,10.456199048904203,1.9167952977920102,-1.9164549306551102,0.12797093786688052,1.920722796806143,1.5116687166454046,0.9880564872011768,28.73951132799774,0.6931471805579453,0,0,2.0,0.0001388888888888889,0.0,9.517391147528047,1.0175244514435886,-1.0234768187587344,0.1567389578234059,1.0418467721067695,-0.11014680535083272,0.9811973260356923,26.184981207994362,0.6931471805579453,0.0,0.0,Train005,10.0
95,4,2,0.0001388888888888889,0.0,11.041725685256278,1.5400093253738918,1.5423296229045835,0.5381502340145896,1.6335196172862303,3.461471560359124,0.9501770268623309,33.66372946606417,0.6931471805579453,0,0,2.0,0.0001388888888888889,0.0,9.556344724134556,1.52984357868627,1.5308682389270882,0.16819358583959576,1.55974316596321,1.7567268606444437,0.981483684441638,27.78865363030244,0.6931471805579453,0.0,0.0,Train005,10.0
95,5,1,6.944444444444444e-05,0.0,0.0,0.0,0.0,0.0,0.0,0.0,0.0,0.0,-1.000088900581841e-12,0,0,0.4,2.777777777777778e-05,0.2,0.0,0.0,0.0,0.0,0.0,0.0,0.0,0.0,-4.000355602327364e-13,0.2,0.0,Train005,10.0
96,0,2,0.0001388888888888889,0.0,9.889437398590262,1.1208373005869312,-9.886025988294548,0.2228949345879936,9.888538415413079,-5.3813221618278995,9.208629264934043e-05,65.8809771179911,0.6931471805579453,0,0,2.0,0.0001388888888888889,0.0,9.4106465289617,0.7078390316484001,-9.390828661712266,0.4024887896558603,9.401474941085365,0.9980943823705164,0.0011039196472753866,67.14512899062126,0.6931471805579453,0.0,0.0,Train005,10.0
96,1,3,0.00020833333333333335,0.0,9.402711017829562,0.6717771580729046,-9.398353223642554,0.1253299579701377,9.399188843443735,-4.939267573565059,0.0003883522962234709,26.91846032388879,1.0986122886651097,0,0,3.0,0.00020833333333333335,0.0,8.841168645838135,0.5056893486797707,-8.836511309842567,-0.019633996893128714,8.837684862228667,1.4370217964182213,0.0004227981887145349,27.20694947616163,1.0986122886651097,0.0,0.0,Train005,10.0
96,2,0,0.0,0.0,0.0,0.0,0.0,0.0,0.0,0.0,0.0,0.0,0.0,0,0,0.0,0.0,0.0,0.0,0.0,0.0,0.0,0.0,0.0,0.0,0.0,0.0,0.0,0.0,Train005,10.0
96,3,2,0.0001388888888888889,0.0,9.889826513520926,1.9075187396260307,-1.9067537700100665,0.11573248973270246,1.910262795697841,-5.6637253538327625,0.9894525943735957,29.21109253412609,0.6931471805579453,0,0,2.0,0.0001388888888888889,0.0,9.541181869084486,1.2851255469250102,-1.2888460671778916,0.14253626901786426,1.3020524134014124,0.23790721556439626,0.9835245232691028,27.052810934786777,0.6931471805579453,0.0,0.0,Train005,10.0
96,4,2,0.0001388888888888889,0.0,10.511137953104933,1.438979994413378,1.4403104236719848,0.551573614438744,1.542312409560136,-5.305877321513437,0.9466936214226414,34.578840190943566,0.6931471805579453,0,0,2.0,0.0001388888888888889,0.0,9.76337595389879,1.4972420065697587,1.4985886502672325,0.2848654235106949,1.5478009028707373,2.070312297642332,0.9710519787922864,29.767991027926588,0.6931471805579453,0.0,0.0,Train005,10.0
96,5,1,6.944444444444444e-05,0.0,0.0,0.0,0.0,0.0,0.0,0.0,0.0,0.0,-1.000088900581841e-12,0,0,0.6,4.1666666666666665e-05,0.2,0.0,0.0,0.0,0.0,0.0,0.0,0.0,0.0,-6.000533403491046e-13,0.2,0.0,Train005,10.0
97,0,2,0.0001388888888888889,0.0,9.120226411691968,1.0553733283079776,-9.117004836713916,0.19347569493292416,9.119057519129633,-7.692109868982939,0.0001299044764958568,65.79744982203384,0.6931471805579453,0,0,2.0,0.0001388888888888889,0.0,9.50539454309822,0.8777661215270036,-9.49375854759372,0.3203223447573488,9.500575377919507,0.947480141365207,0.0005991875408035474,66.61239484575273,0.6931471805579453,0.0,0.0,Train005,10.0
97,1,3,0.00020833333333333335,0.0,8.677441362510402,0.6459071338289083,-8.673066220159845,0.12435114532336505,8.673957624211742,-7.252696553191598,0.00041564319326681254,26.899352194445626,1.0986122886651097,0,0,3.0,0.00020833333333333335,0.0,8.97889525942813,0.5514879617678549,-8.974739414172264,0.04322055959803405,8.975639412488984,1.3772661358999685,0.0003874173332744979,27.086071392180294,1.0986122886651097,0.0,0.0,Train005,10.0
97,2,0,0.0,0.0,0.0,0.0,0.0,0.0,0.0,0.0,0.0,0.0,0.0,0,0,0.0,0.0,0.0,0.0,0.0,0.0,0.0,0.0,0.0,0.0,0.0,0.0,0.0,0.0,Train005,10.0
97,3,2,0.0001388888888888889,0.0,9.10850388643545,1.7914323917635246,-1.7905868908121931,0.10464432878378375,1.7936420627023346,-7.813226270854763,0.9900337388508229,29.3505706945119,0.6931471805579453,0,0,2.0,0.0001388888888888889,0.0,9.575409267889194,1.5399622671576556,-1.5415935895556352,0.1291626713561355,1.549968076203124,0.3422739880470722,0.9859829026068712,27.938719205541723,0.6931471805579453,0.0,0.0,Train005,10.0
97,4,2,0.0001388888888888889,0.0,9.707473274051432,1.3195727303684688,1.3204430452199682,0.5237149004729298,1.4205094623574859,-8.03664679053501,0.9453172703490342,34.866380749754626,0.6931471805579453,0,0,2.0,0.0001388888888888889,0.0,9.969170192583652,1.4560731986843174,1.4576795444630837,0.3969863428844319,1.5268158568302823,2.05794238684864,0.9602885391411238,31.79257477897438,0.6931471805579453,0.0,0.0,Train005,10.0
97,5,1,6.944444444444444e-05,0.0,0.0,0.0,0.0,0.0,0.0,0.0,0.0,0.0,-1.000088900581841e-12,0,0,0.8,5.555555555555556e-05,0.2,0.0,0.0,0.0,0.0,0.0,0.0,0.0,0.0,-8.000711204654728e-13,0.2,0.0,Train005,10.0
98,0,2,0.0001388888888888889,0.0,8.316033677213316,0.9704827066652468,-8.31304770490459,0.1718691930391082,8.314824181155931,-8.041927344786517,0.00014744971132585327,65.772918540332,0.6931471805579453,0,0,2.0,0.0001388888888888889,0.0,9.592812899951818,1.037367177491578,-9.588764968810194,0.24347398611306642,9.591996413215828,0.8741835685359813,8.969452138398725e-05,66.06824844841498,0.6931471805579453,0.0,0.0,Train005,10.0
98,1,3,0.00020833333333333335,0.0,7.9145825772366925,0.5989118733184381,-7.910453511099932,0.11668609405929044,7.911314075159704,-7.628587852737108,0.0004272862115377585,26.893331973109696,1.0986122886651097,0,0,3.0,0.00020833333333333335,0.0,9.106434421523634,0.5943856429504171,-9.102741172213312,0.1017591275206958,9.103387259374278,1.2753916209550455,0.000351261335315578,26.960516935873983,1.0986122886651097,0.0,0.0,Train005,10.0
98,2,0,0.0,0.0,0.0,0.0,0.0,0.0,0.0,0.0,0.0,0.0,0.0,0,0,0.0,0.0,0.0,0.0,0.0,0.0,0.0,0.0,0.0,0.0,0.0,0.0,0.0,0.0,Train005,10.0
98,3,2,0.0001388888888888889,0.0,8.299227642472555,1.6452880032565083,-1.6444679283245769,0.09461477273361306,1.6471875189265972,-8.092762439628949,0.9902780927907125,29.362959272605035,0.6931471805579453,0,0,2.0,0.0001388888888888889,0.0,9.611757853714561,1.7753412706911196,-1.7750575128744732,0.11687676851784674,1.7790023268799693,0.3634858582536712,0.9884964200610854,28.828561324796084,0.6931471805579453,0.0,0.0,Train005,10.0
98,4,2,0.0001388888888888889,0.0,8.856465324879226,1.200673898766508,1.2013271122623914,0.4831792498606088,1.2948548251261827,-8.510079491722063,0.9447502282998287,34.91782808742539,0.6931471805579453,0,0,2.0,0.0001388888888888889,0.0,10.162476153302446,1.414290807702042,1.4161199204494312,0.5009240407923361,1.503867198915018,1.9330596071879385,0.9493900544322316,33.83142373163795,0.6931471805579453,0.0,0.0,Train005,10.0
98,5,1,6.944444444444444e-05,0.0,0.0,0.0,0.0,0.0,0.0,0.0,0.0,0.0,-1.000088900581841e-12,0,0,1.0,6.944444444444444e-05,0.2,0.0,0.0,0.0,0.0,0.0,0.0,0.0,0.0,-1.000088900581841e-12,0.2,0.0,Train005,10.0
99,0,1,6.944444444444444e-05,-1.0,11.08051535901074,0.0,-11.076360743489142,0.30340286973852754,11.08051535901074,17.93998975132176,0.0,0.0,-1.000088900581841e-12,0,1,1.8,0.000125,-0.2,9.766756492255869,0.853126839154865,-9.763250088464186,0.23229543143672604,9.766047714792704,-0.20152949028999528,7.905938970880211e-05,52.71435880860729,0.5545177444461563,0.0,0.2,Train005,10.0
99,1,3,0.00020833333333333335,0.0,9.646238404546748,1.152848678565843,-9.634346547237973,0.1071522899237863,9.634942397622943,17.316558273100547,0.0012740436934651767,25.988947120856025,1.0986122886651097,0,0,3.0,0.00020833333333333335,0.0,9.107522227461894,0.7404878917324268,-9.101836055430457,0.11607895649744226,9.102588198874546,0.01087805938258768,0.0005661742329049257,26.734482501148484,1.0986122886651097,0.0,0.0,Train005,10.0
99,2,1,6.944444444444444e-05,1.0,6.42656834915082,0.0,-6.096778056619446,-2.0322593522064816,6.42656834915082,64.2656834915082,0.0,0.0,-1.000088900581841e-12,1,0,0.2,1.388888888888889e-05,0.2,1.285313669830164,0.0,-1.219355611323889,-0.4064518704412963,1.285313669830164,12.85313669830164,0.0,0.0,-2.000177801163682e-13,0.2,0.0,Train005,10.0
99,3,1,6.944444444444444e-05,-1.0,10.80649297447878,0.0,-10.796638334362322,0.46140121850424975,10.80649297447878,8.619773287497168,0.0,0.0,-1.000088900581841e-12,0,1,1.8,0.00012499999999999998,-0.2,9.712050013162383,1.4522068864876148,-3.6109803708328543,0.18087274952424592,3.6156616297223394,-2.2876544120347817,0.7915641826432616,23.332826765848154,0.5545177444461563,0.0,0.2,Train005,10.0
99,4,3,0.00020833333333333335,1.0,10.318687045310886,1.1412074133316579,3.5237365043832347,0.39392194109905015,3.54568659754387,21.963969489860528,0.6646715193018068,47.41377136722087,1.0986122886651097,1,0,2.2,0.00015277777777777777,0.2,10.087097856520552,1.328088672450781,1.8056293416884324,0.4981079879771844,1.887376582374781,0.7145674892898292,0.8903219332471284,37.08810997228172,0.7742402021793782,0.2,0.0,Train005,10.0
99,5,0,0.0,-1.0,0.0,0.0,0.0,0.0,0.0,0.0,0.0,0.0,0.0,0,1,0.8,5.555555555555556e-05,-0.2,0.0,0.0,0.0,0.0,0.0,0.0,0.0,0.0,-8.000711204654728e-13,0.0,0.2,Train005,10.0
100,0,1,6.944444444444444e-05,0.0,11.050486354931618,0.0,-11.047055507805787,0.27534212897354016,11.050486354931618,-0.3002900407912179,1.1102230246251565e-16,0.0,-1.000088900581841e-12,0,0,1.6,0.00011111111111111112,-0.2,9.891339840287582,0.6293386671120311,-9.887898956241596,0.23339696425441875,9.8906843659282,-0.6951319330133628,7.38880960942323e-05,39.49026909607139,0.4158883083343672,0.0,0.2,Train005,10.0
100,1,3,0.00020833333333333335,0.0,9.679702452541859,1.3180765666125076,-9.665032343275284,0.09753160820345026,9.665524435391806,0.33464047995111673,0.0016168657758472982,25.660567682868106,1.0986122886651097,0,0,3.0,0.00020833333333333335,0.0,9.064135162933052,0.8775042820797203,-9.056250369083116,0.11421021909600597,9.056985475165984,-0.43387064528842006,0.0008244382340681034,26.472131859033652,1.0986122886651097,0.0,0.0,Train005,10.0
100,2,1,6.944444444444444e-05,0.0,6.712011449537806,0.0,-6.367573158500335,-2.122524386166778,6.712011449537806,2.8544310038698573,0.0,0.0,-1.000088900581841e-12,0,0,0.4,2.777777777777778e-05,0.2,2.627715959737725,0.0,-2.492870243023956,-0.8309567476746519,2.627715959737725,13.424022899075613,0.0,0.0,-4.000355602327364e-13,0.2,0.0,Train005,10.0
100,3,1,6.944444444444444e-05,0.0,10.468639834728213,0.0,-10.455142945674877,0.5314188317731969,10.468639834728213,-3.378531397505675,1.1102230246251565e-16,0.0,-1.000088900581841e-12,0,0,1.6,0.00011111111111111112,-0.2,9.714538170327184,1.0688478269292125,-5.318717973836807,0.2615623283055092,5.325245037306753,-3.265694434864997,0.5939528852030262,17.584924500248604,0.4158883083343672,0.0,0.2,Train005,10.0
100,4,3,0.00020833333333333335,0.0,10.472914340389108,0.9834647503958868,3.4909824137866594,0.3946216061024996,3.513215681590108,1.5422729507822315,0.6647974527578365,48.06995641483957,1.0986122886651097,0,0,2.4,0.00016666666666666666,0.2,9.973335587547115,1.21677975745518,2.195359899864848,0.46940226239476646,2.2633157952355565,0.3307277673744507,0.8332460184262296,39.9693553620368,0.855333223800811,0.2,0.0,Train005,10.0
100,5,0,0.0,0.0,0.0,0.0,0.0,0.0,0.0,0.0,0.0,0.0,0.0,0,0,0.6,4.1666666666666665e-05,-0.2,0.0,0.0,0.0,0.0,0.0,0.0,0.0,0.0,-6.000533403491046e-13,0.0,0.2,Train005,10.0
101,0,1,6.944444444444444e-05,0.0,10.389110476302587,0.0,-10.386116886128296,0.24938427476657055,10.389110476302587,-6.613758786290305,1.1102230246251565e-16,0.0,-1.000088900581841e-12,0,0,1.4,9.722222222222222e-05,-0.2,9.991274455830046,0.4051712069946449,-9.987917135808347,0.2386948322901341,9.9907987781061,-0.9416192579058439,5.547083756438642e-05,26.31407367247317,0.27725887222257806,0.0,0.2,Train005,10.0
101,1,3,0.00020833333333333335,0.0,9.12118245549381,1.2997818576922038,-9.106325450008278,0.08844752072166912,9.106754974489556,-5.58519997048047,0.0017554921853624172,25.54150610777056,1.0986122886651097,0,0,3.0,0.00020833333333333335,0.0,9.007829450465902,1.00310522200358,-8.997844814356261,0.10683373164631224,8.998498701375151,-0.5630571246715023,0.0010978662118958926,26.196741015810005,1.0986122886651097,0.0,0.0,Train005,10.0
101,2,1,6.944444444444444e-05,0.0,5.9025172746599175,0.0,-5.599619554924495,-1.8665398516415168,5.9025172746599175,-8.094941748778881,1.1102230246251565e-16,0.0,-1.000088900581841e-12,0,0,0.6,4.1666666666666665e-05,0.2,3.8082194146697086,0.0,-3.612794154008855,-1.2042647180029553,3.8082194146697086,11.805034549319835,2.2204460492503132e-17,0.0,-6.000533403491046e-13,0.2,0.0,Train005,10.0
101,3,1,6.944444444444444e-05,0.0,9.733750787470287,0.0,-9.719618215886301,0.5243339870632299,9.733750787470287,-7.348890472579264,1.1102230246251565e-16,0.0,-1.000088900581841e-12,0,0,1.4,9.722222222222222e-05,-0.2,9.683323025117057,0.6873440790040066,-6.881290863012055,0.34328262777161467,6.889942635661242,-3.602727458614298,0.39606236632830716,11.742705993423389,0.27725887222257806,0.0,0.2,Train005,10.0
101,4,3,0.00020833333333333335,0.0,9.90903139638143,0.8729094579227957,3.2737450638267873,0.3715922705138938,3.294766692565033,-5.638829440076798,0.6648482004267247,48.29997687598249,1.0986122886651097,0,0,2.6,0.00018055555555555555,0.2,9.852914276202416,1.1035656501570634,2.5620468278958084,0.4334059936097964,2.613806651836536,0.2641373436617783,0.7768769342270463,42.71358269904459,0.9364262454222441,0.2,0.0,Train005,10.0
101,5,0,0.0,0.0,0.0,0.0,0.0,0.0,0.0,0.0,0.0,0.0,0.0,0,0,0.4,2.7777777777777772e-05,-0.2,0.0,0.0,0.0,0.0,0.0,0.0,0.0,0.0,-4.000355602327364e-13,0.0,0.2,Train005,10.0
102,0,1,6.944444444444444e-05,0.0,9.547588622586503,0.0,-9.544920881915479,0.22568532100486133,9.547588622586503,-8.415218537160847,1.1102230246251565e-16,0.0,-1.000088900581841e-12,0,0,1.2,8.333333333333333e-05,-0.2,10.076746898008953,0.19409654133304938,-10.073500344848659,0.24513675750452152,10.076504998797475,-1.0862409915414255,2.9489942265237266e-05,13.1545837080664,0.13862943611078898,0.0,0.2,Train005,10.0
102,1,3,0.00020833333333333335,0.0,8.390056327865048,1.2170920245080439,-8.375997397016548,0.0800847776135694,8.3763802424695,-7.311261276287618,0.0018129977368188666,25.5005324619208,1.0986122886651097,0,0,3.0,0.00020833333333333335,0.0,8.950352443536833,1.1173422001394073,-8.938431049727601,0.09798045810435312,8.9389832250267,-0.5747700692907062,0.0013773371206063033,25.91697706930504,1.0986122886651097,0.0,0.0,Train005,10.0
102,2,1,6.944444444444444e-05,0.0,5.0298349809400555,0.0,-4.771720438368048,-1.5905734794560398,5.0298349809400555,-8.72682293719862,0.0,0.0,-1.000088900581841e-12,0,0,0.8,5.555555555555556e-05,0.2,4.81418641085772,0.0,-4.567138241682465,-1.522379413894163,4.81418641085772,10.059669961880111,2.2204460492503132e-17,0.0,-8.000711204654728e-13,0.2,0.0,Train005,10.0
102,3,1,6.944444444444444e-05,0.0,8.9045769688469,0.0,-8.891033078759552,0.490939697439609,8.9045769688469,-8.291738186233868,1.1102230246251565e-16,0.0,-1.000088900581841e-12,0,0,1.2,8.333333333333333e-05,-0.2,9.642537641599349,0.32905760065130163,-8.301380100601525,0.42054170150277975,8.312129616890156,-3.6984298416901185,0.19805561855814258,5.872591854521007,0.13862943611078898,0.0,0.2,Train005,10.0
102,4,3,0.00020833333333333335,0.0,9.129282565690353,0.7837178224364453,3.0053610206548513,0.3416947612198835,3.0247231566404027,-7.797488306910765,0.6648691621086122,48.3647490655699,1.0986122886651097,0,0,2.8,0.00019444444444444446,0.2,9.737276134530202,0.9963946685706588,2.899030422982785,0.3970019657591871,2.934649390693119,0.3119690403866272,0.7207873125789618,45.41325636220765,1.0175192670436768,0.2,0.0,Train005,10.0
102,5,0,0.0,0.0,0.0,0.0,0.0,0.0,0.0,0.0,0.0,0.0,0.0,0,0,0.2,1.388888888888889e-05,-0.2,0.0,0.0,0.0,0.0,0.0,0.0,0.0,0.0,-2.000177801163682e-13,0.0,0.2,Train005,10.0
103,0,1,6.944444444444444e-05,0.0,8.693122796508813,0.0,-8.690724944508744,0.20416633923025684,8.693122796508813,-8.544658260776892,0.0,0.0,-1.000088900581841e-12,0,0,1.0,6.944444444444444e-05,-0.2,10.152164721868052,0.0,-10.14903579276949,0.2515961867427513,10.152164721868052,-1.1867871747395005,6.661338147750939e-17,0.0,-1.000088900581841e-12,0.0,0.2,Train005,10.0
103,1,3,0.00020833333333333335,0.0,7.6420909661347025,1.1167313764365123,-7.629135295425083,0.07246499824008346,7.629479440425193,-7.479653617303467,0.0018371566201468292,25.48884853818572,1.0986122886651097,0,0,3.0,0.00020833333333333335,0.0,8.895854121316434,1.2209061007630222,-8.882167406592632,0.08913623894051173,8.8826162980798,-0.5449832222039779,0.0016593112023281175,25.636080382320245,1.0986122886651097,0.0,0.0,Train005,10.0
103,2,1,6.944444444444444e-05,0.0,4.287115131274048,0.0,-4.067114521859319,-1.3557048406197925,4.287115131274048,-7.427198496660079,0.0,0.0,-1.000088900581841e-12,0,0,1.0,6.944444444444444e-05,0.2,5.671609437112529,0.0,-5.380561146054329,-1.7935203820181218,5.671609437112529,8.574230262548095,2.2204460492503132e-17,0.0,-1.000088900581841e-12,0.2,0.0,Train005,10.0
103,3,1,6.944444444444444e-05,0.0,8.09172759642853,0.0,-8.079182948257579,0.45039802773436344,8.09172759642853,-8.128493724183699,0.0,0.0,-1.000088900581841e-12,0,0,1.0,6.944444444444444e-05,-0.2,9.601037632390542,0.0,-9.588323104588127,0.4916983525029298,9.601037632390542,-3.7055760986010684,6.661338147750939e-17,0.0,-1.000088900581841e-12,0.0,0.2,Train005,10.0
103,4,3,0.00020833333333333335,0.0,8.320653168240897,0.7068594800384378,2.7350816403800446,0.3111801225016735,2.7527267659875276,-8.08629397449455,0.6648779501185835,48.36789378417898,1.0986122886651097,0,0,3.0,0.00020833333333333335,0.2,9.630113703202534,0.8976317848250448,3.205781328606315,0.36260214028740007,3.2262237788653882,0.3967261438321298,0.6648128569427127,48.10326950155836,1.0986122886651097,0.2,0.0,Train005,10.0
103,5,0,0.0,0.0,0.0,0.0,0.0,0.0,0.0,0.0,0.0,0.0,0.0,0,0,0.0,0.0,-0.2,0.0,0.0,0.0,0.0,0.0,0.0,0.0,0.0,0.0,0.0,0.2,Train005,10.0
104,0,3,0.00020833333333333335,2.0,7.044803972331624,4.988619245497031,-7.028758738490338,0.3022929499620128,7.035256244906864,15.461567855251399,0.667000545947263,26.012369232577186,1.0986122886651097,2,0,1.4,9.722222222222223e-05,0.4,9.345022444532228,0.9977238490994061,-9.339515391769728,0.2513742027874483,9.343112899047277,-1.6824715539535724,0.13340010918945266,5.202473846515437,0.21972245773222188,0.4,0.0,Train005,10.0
104,1,3,0.00020833333333333335,0.0,9.280886389297129,0.6079374836240623,-9.276884927712599,-0.03262944421051497,9.276942311055443,16.387954231624246,0.00044181293880074524,25.979753610171457,1.0986122886651097,0,0,3.0,0.00020833333333333335,0.0,8.82278371826651,1.111923861774666,-8.810675082687558,0.06117989211365147,8.8110162807663,-0.7307040304992384,0.0014928650513952313,25.63424168018333,1.0986122886651097,0.0,0.0,Train005,10.0
104,2,0,0.0,-1.0,0.0,0.0,0.0,0.0,0.0,0.0,0.0,0.0,0.0,0,1,0.8,5.555555555555556e-05,-0.2,4.386295767282365,0.0,-4.161205534730439,-1.3870685115768253,4.386295767282365,-4.2789064357535445,2.2204460492503132e-17,0.0,-8.000711204654728e-13,0.0,0.2,Train005,10.0
104,3,1,6.944444444444444e-05,0.0,10.565173621223597,0.0,-10.564548639610237,0.11491600370883828,10.565173621223597,24.734460247950665,1.1102230246251565e-16,0.0,-1.000088900581841e-12,0,0,1.0,6.944444444444444e-05,0.0,9.552773761739505,0.0,-9.54190516563771,0.4224013095438475,9.552773761739505,-0.48263870651036883,8.881784197001253e-17,0.0,-1.000088900581841e-12,0.0,0.0,Train005,10.0
104,4,3,0.00020833333333333335,0.0,10.203572259361204,0.7772209264526794,3.9537352077089754,0.2822902439172557,3.9637999286654715,18.82919091120307,0.6649527185127693,49.632719793697014,1.0986122886651097,0,0,3.0,0.00020833333333333335,0.0,9.607090746012599,0.824834487449249,3.291781069271464,0.34027580085104125,3.3098464450897085,-0.23022957189936194,0.6648690967849052,48.54705918685359,1.0986122886651097,0.0,0.0,Train005,10.0
104,5,0,0.0,0.0,0.0,0.0,0.0,0.0,0.0,0.0,0.0,0.0,0.0,0,0,0.0,0.0,0.0,0.0,0.0,0.0,0.0,0.0,0.0,0.0,0.0,0.0,0.0,0.0,Train005,10.0
105,0,3,0.00020833333333333335,0.0,6.895133155449826,4.877519125449084,-6.877716200618029,0.27065155867875307,6.883039474131972,-1.4967081688179817,0.6673450886941015,26.066818904804496,1.0986122886651097,0,0,1.8,0.000125,0.4,8.51395180463587,1.9732276741892227,-8.505647530332178,0.2504360887284909,8.509623522887349,-1.9217551795589252,0.2668691269282729,10.415837627476336,0.43944491546544384,0.4,0.0,Train005,10.0
105,1,3,0.00020833333333333335,0.0,9.304720477363638,0.4314345852538578,-9.30220471504632,-0.06717766781485096,9.302447280134569,0.23834088066510736,0.0002468704720465231,26.173824550011307,1.0986122886651097,0,0,3.0,0.00020833333333333335,0.0,8.747787323230865,0.9345954655029359,-8.738109557041765,0.028238036909991226,8.738400849714854,-0.7499639503564403,0.0012188659906350763,25.736893053611972,1.0986122886651097,0.0,0.0,Train005,10.0
105,2,0,0.0,0.0,0.0,0.0,0.0,0.0,0.0,0.0,0.0,0.0,0.0,0,0,0.6,4.1666666666666665e-05,-0.2,3.0438934773748043,0.0,-2.8876909030303723,-0.9625636343434698,3.0438934773748043,-4.849792636527516,2.2204460492503132e-17,0.0,-6.000533403491046e-13,0.0,0.2,Train005,10.0
105,3,1,6.944444444444444e-05,0.0,10.803884490658591,0.0,-10.803881345006324,-0.008244423423371602,10.803884490658591,2.387108694349944,0.0,0.0,-1.000088900581841e-12,0,0,1.0,6.944444444444444e-05,0.0,9.619822692925581,0.0,-9.611652845503999,0.3144686585045338,9.619822692925581,0.6704893118607551,6.661338147750939e-17,0.0,-1.000088900581841e-12,0.0,0.0,Train005,10.0
105,4,3,0.00020833333333333335,0.0,10.256929888815566,0.870756542987748,4.143538742779725,0.2556242003170277,4.1514162697450985,0.5335762945436192,0.6649343220032257,49.99799117576004,1.0986122886651097,0,0,3.0,0.00020833333333333335,0.0,9.56389385569789,0.8022928459676212,3.4222923350700767,0.3124763196939468,3.437486562720707,-0.4319689031470836,0.664896470633983,48.93266613903769,1.0986122886651097,0.0,0.0,Train005,10.0
105,5,0,0.0,0.0,0.0,0.0,0.0,0.0,0.0,0.0,0.0,0.0,0.0,0,0,0.0,0.0,0.0,0.0,0.0,0.0,0.0,0.0,0.0,0.0,0.0,0.0,0.0,0.0,Train005,10.0
106,0,3,0.00020833333333333335,0.0,6.444276672106458,4.557724797775445,-6.427314179889533,0.24405130940248046,6.431945942607892,-4.5085648334336765,0.6674799597013984,26.089985720236797,1.0986122886651097,0,0,2.2,0.00015277777777777777,0.4,7.724985043796646,2.884772633744312,-7.713886989084425,0.2493694956556729,7.7181906161484095,-1.5007163889875996,0.40036511886855264,15.633834771523695,0.6591673731986658,0.4,0.0,Train005,10.0
106,1,3,0.00020833333333333335,0.0,8.765048610189814,0.3580553939426417,-8.763009432813176,-0.07520940377175249,8.763332172980116,-5.396718671738252,0.00019560482581360006,26.249663628772236,1.0986122886651097,0,0,3.0,0.00020833333333333335,0.0,8.676560554170067,0.7462501727530235,-8.669446353602746,-0.004493347988693092,8.669716289412964,-0.7122676906079967,0.0009068885187253128,25.878524557812305,1.0986122886651097,0.0,0.0,Train005,10.0
106,2,0,0.0,0.0,0.0,0.0,0.0,0.0,0.0,0.0,0.0,0.0,0.0,0,0,0.4,2.7777777777777772e-05,-0.2,1.863390022442821,0.0,-1.7677669920454733,-0.5892556640151664,1.863390022442821,-3.2308042867717397,0.0,0.0,-4.000355602327364e-13,0.0,0.2,Train005,10.0
106,3,1,6.944444444444444e-05,0.0,10.250142140131286,0.0,-10.250017800551166,-0.050487436847432496,10.250142140131286,-5.537423505273047,0.0,0.0,-1.000088900581841e-12,0,0,1.0,6.944444444444444e-05,0.0,9.723100963457782,0.0,-9.71773276243697,0.19950437372240132,9.72310096345778,1.0327827053219985,4.4408920985006264e-17,0.0,-1.000088900581841e-12,0.0,0.0,Train005,10.0
106,4,3,0.00020833333333333335,0.0,9.671169370134129,0.86062933403972,3.965206610889861,0.23130502870613556,3.971947316285729,-5.857605186814372,0.6649226508911279,49.73519516576416,1.0986122886651097,0,0,3.0,0.00020833333333333335,0.0,9.51632145044843,0.7998368211910061,3.5605846444826916,0.2844188713323952,3.572922687464846,-0.47572405249459837,0.6649113607268637,49.21970979699402,1.0986122886651097,0.0,0.0,Train005,10.0
106,5,0,0.0,0.0,0.0,0.0,0.0,0.0,0.0,0.0,0.0,0.0,0.0,0,0,0.0,0.0,0.0,0.0,0.0,0.0,0.0,0.0,0.0,0.0,0.0,0.0,0.0,0.0,Train005,10.0
107,0,3,0.00020833333333333335,0.0,5.907887515928555,4.178108117960401,-5.8920684386185345,0.220426494911407,5.896190153397665,-5.363891561779024,0.6675353979850265,26.09322031480963,1.0986122886651097,0,0,2.6,0.00018055555555555557,0.4,6.997044822465055,3.7203942573363924,-6.983316500425036,0.248317730436982,6.9879109223106415,-0.890450993911235,0.5338721984655578,20.852478834485623,0.8788898309318878,0.4,0.0,Train005,10.0
107,1,3,0.00020833333333333335,0.0,8.06145603579656,0.31451648569499346,-8.05967673673083,-0.07356611889769206,8.060012473591453,-7.0359257439325225,0.00017804636928808737,26.2794917351042,1.0986122886651097,0,0,3.0,0.00020833333333333335,0.0,8.610840495756369,0.5657350649904135,-8.606182221545602,-0.03522352729094538,8.606442735637355,-0.6572005841369777,0.000579898245219157,26.03431641244898,1.0986122886651097,0.0,0.0,Train005,10.0
107,2,0,0.0,0.0,0.0,0.0,0.0,0.0,0.0,0.0,0.0,0.0,0.0,0,0,0.2,1.388888888888889e-05,-0.2,0.8574230262548095,0.0,-0.8134229043718639,-0.2711409681239585,0.8574230262548095,-1.4854396993320158,0.0,0.0,-2.000177801163682e-13,0.0,0.2,Train005,10.0
107,3,1,6.944444444444444e-05,0.0,9.453888991471937,0.0,-9.453684583931802,-0.06216792263291828,9.453888991471937,-7.962531486593498,0.0,0.0,-1.000088900581841e-12,0,0,1.0,6.944444444444444e-05,0.0,9.832963367982789,0.0,-9.830263063471422,0.08888284970789588,9.832963367982789,1.0986240452500724,2.2204460492503132e-17,0.0,-1.000088900581841e-12,0.0,0.0,Train005,10.0
107,4,3,0.00020833333333333335,0.0,8.898068305975922,0.8074208686346623,3.669665851584807,0.20923511470636322,3.675626041304233,-7.731010641582067,0.6649171946937047,49.65481981470453,1.0986122886651097,0,0,3.0,0.00020833333333333335,0.0,9.470078598505543,0.8045774304306494,3.6934456106686824,0.25792694202969113,3.703103264397612,-0.46242851942885893,0.6649209672438822,49.477723946820944,1.0986122886651097,0.0,0.0,Train005,10.0
107,5,0,0.0,0.0,0.0,0.0,0.0,0.0,0.0,0.0,0.0,0.0,0.0,0,0,0.0,0.0,0.0,0.0,0.0,0.0,0.0,0.0,0.0,0.0,0.0,0.0,0.0,0.0,Train005,10.0
108,0,3,0.00020833333333333335,0.0,5.372340147335474,3.799254323808642,-5.357854104879157,0.1991094588786053,5.361552497717929,-5.355473685930813,0.6675586154717571,26.0869975968956,1.0986122886651097,0,0,3.0,0.00020833333333333335,0.4,6.332888292630388,4.48024512209812,-6.3167423324991185,0.2473063543666517,6.321596862552465,-0.2526140789420193,0.6673839215599092,26.069878353864745,1.0986122886651097,0.4,0.0,Train005,10.0
108,1,3,0.00020833333333333335,0.0,7.342404965139342,0.2814321913483173,-7.3408167728584575,-0.06866216511534008,7.341137880846428,-7.190510706572181,0.00017126531181554938,26.291521353543015,1.0986122886651097,0,0,3.0,0.00020833333333333335,0.0,8.550903295557296,0.3986752279727745,-8.548518517032276,-0.0634489599620301,8.5487744237216,-0.5993720019907205,0.000246719983552901,26.194850975520446,1.0986122886651097,0.0,0.0,Train005,10.0
108,2,0,0.0,0.0,0.0,0.0,0.0,0.0,0.0,0.0,0.0,0.0,0.0,0,0,0.0,0.0,-0.2,0.0,0.0,0.0,0.0,0.0,0.0,0.0,0.0,0.0,0.0,0.2,Train005,10.0
108,3,1,6.944444444444444e-05,0.0,8.620439716431001,0.0,-8.620212733253915,-0.06255667884454744,8.620439716431001,-8.334492750409357,0.0,0.0,-1.000088900581841e-12,0,0,1.0,6.944444444444444e-05,0.0,9.938705791983283,0.0,-9.938469020470688,-0.013708091607886308,9.938705791983281,1.0574242400049407,2.2204460492503132e-17,0.0,-1.000088900581841e-12,0.0,0.0,Train005,10.0
108,4,3,0.00020833333333333335,0.0,8.105519678053845,0.7415448518869651,3.350882026310662,0.18924720774772,3.356221813273395,-7.9254862792207765,0.664914800561498,49.64226661148998,1.0986122886651097,0,0,3.0,0.00020833333333333335,0.0,9.427051900468134,0.8115145048003549,3.816605687854806,0.2335403590789004,3.8238022738547857,-0.43026698037410416,0.664928337332465,49.73259851228314,1.0986122886651097,0.0,0.0,Train005,10.0
108,5,0,0.0,0.0,0.0,0.0,0.0,0.0,0.0,0.0,0.0,0.0,0.0,0,0,0.0,0.0,0.0,0.0,0.0,0.0,0.0,0.0,0.0,0.0,0.0,0.0,0.0,0.0,Train005,10.0
109,0,2,0.0001388888888888889,-1.0,10.402968308805036,0.6786300819834539,-10.383604600830507,0.12253864514903093,10.384327625125444,23.444580878018257,0.0017995267860430042,66.04638104510296,0.6931471805579453,0,1,2.8,0.00019444444444444443,-0.2,7.004521159925069,3.6182472893954056,-6.987711504967152,0.21135549340405535,6.99141113859618,1.3439885256113526,0.5343437177276653,34.07668071636989,1.0175192670436768,0.0,0.2,Train005,10.0
109,1,3,0.00020833333333333335,0.0,9.51260751695409,0.08143778179591225,-9.506175150827426,-0.2592782883925591,9.509710365149962,21.702025518147476,0.00030272851049995,26.28676122285509,1.0986122886651097,0,0,3.0,0.00020833333333333335,0.0,8.597247521088688,0.2933752876071445,-8.594376561655242,-0.10877872879843893,8.595328034540504,0.46344225531392524,0.00021890309789274198,26.256252498057172,1.0986122886651097,0.0,0.0,Train005,10.0
109,2,1,6.944444444444444e-05,1.0,10.970841610669908,0.0,-10.968932011110917,-0.20468556869624385,10.970841610669908,0.0,0.0,0.0,-1.000088900581841e-12,1,0,0.2,1.388888888888889e-05,0.2,2.1941683221339816,0.0,-2.1937864022221834,-0.04093711373924877,2.1941683221339816,0.0,0.0,0.0,-2.000177801163682e-13,0.2,0.0,Train005,10.0
109,3,1,6.944444444444444e-05,0.0,11.948382405584727,0.0,-11.94823671179007,-0.05900499231991399,11.948382405584727,33.27942689153726,0.0,0.0,-1.000088900581841e-12,0,0,1.0,6.944444444444444e-05,0.0,10.215347548855508,0.0,-10.215206634906655,-0.04849229081363676,10.215347548855508,2.76641756872226,0.0,0.0,-1.000088900581841e-12,0.0,0.0,Train005,10.0
109,4,3,0.00020833333333333335,0.0,10.302757407357532,1.6338876235413422,3.828274848036092,0.2693555465034609,3.8377390117799752,21.972377293036875,0.6644508702730978,49.167352439937126,1.0986122886651097,0,0,3.0,0.00020833333333333335,0.0,9.446888930067399,0.9828478442180874,3.791513615920229,0.23095341959614143,3.798590090477686,0.19837029599265676,0.6648279676845308,49.63952504153117,1.0986122886651097,0.0,0.0,Train005,10.0
109,5,0,0.0,0.0,0.0,0.0,0.0,0.0,0.0,0.0,0.0,0.0,0.0,0,0,0.0,0.0,0.0,0.0,0.0,0.0,0.0,0.0,0.0,0.0,0.0,0.0,0.0,0.0,Train005,10.0
110,0,2,0.0001388888888888889,0.0,10.60261689068472,0.900257785510604,-10.584419878692103,0.054083205513287935,10.584558052255709,1.9964858187968293,0.0017156229178637572,65.4498733659387,0.6931471805579453,0,0,2.6,0.00018055555555555557,-0.2,7.746017906972048,2.8227950214077095,-7.729052240581967,0.1680418227709623,7.731714854220928,2.0426273231343144,0.4012178245724177,41.953291608596736,0.936426245422244,0.0,0.2,Train005,10.0
110,1,3,0.00020833333333333335,0.0,9.707612810224752,0.14946926176237962,-9.697610833619143,-0.31015304715198483,9.702569288234175,1.9500529327066236,0.0005163600339567198,26.28823195764477,1.0986122886651097,0,0,3.0,0.00020833333333333335,0.0,8.677825987660912,0.23698222290884888,-8.673457785369807,-0.1573738046658657,8.675352436160427,0.8057846657222292,0.00027280101027478133,26.27913397958386,1.0986122886651097,0.0,0.0,Train005,10.0
110,2,1,6.944444444444444e-05,0.0,10.599233275367448,0.0,-10.59838855416974,-0.1338136035700854,10.599233275367448,-3.7160833530245974,1.1102230246251565e-16,0.0,-1.000088900581841e-12,0,0,0.4,2.777777777777778e-05,0.2,4.314014977207471,0.0,-4.313464113056131,-0.06769983445326586,4.314014977207471,-0.7432166706049195,2.2204460492503132e-17,0.0,-4.000355602327364e-13,0.2,0.0,Train005,10.0
110,3,1,6.944444444444444e-05,0.0,12.399052362901472,0.0,-12.398933481854883,-0.05429558463197516,12.399052362901472,4.506699573167445,0.0,0.0,-1.000088900581841e-12,0,0,1.0,6.944444444444444e-05,0.0,10.534381123304083,0.0,-10.534217062276365,-0.05770252305535747,10.534381123304083,3.1903357444857603,0.0,0.0,-1.000088900581841e-12,0.0,0.0,Train005,10.0
110,4,3,0.00020833333333333335,0.0,10.458287743690912,1.9594176215380747,3.7683977510092728,0.28128387847507136,3.7788810817623943,1.5553033633337954,0.6643423586210278,49.01876894745735,1.0986122886651097,0,0,3.0,0.00020833333333333335,0.0,9.487160501042469,1.200580059928153,3.716485417566139,0.23608535522775015,3.724083052881145,0.402715709750692,0.6647095750080912,49.44368059587063,1.0986122886651097,0.0,0.0,Train005,10.0
110,5,0,0.0,0.0,0.0,0.0,0.0,0.0,0.0,0.0,0.0,0.0,0.0,0,0,0.0,0.0,0.0,0.0,0.0,0.0,0.0,0.0,0.0,0.0,0.0,0.0,0.0,0.0,Train005,10.0
111,0,2,0.0001388888888888889,0.0,10.045938054253934,0.9255553385446458,-10.029139828171022,0.0270575626282874,10.029176327331255,-5.5667883643078575,0.0016828040750999085,65.22788862908753,0.6931471805579453,0,0,2.4,0.0001666666666666667,-0.2,8.466350183401545,2.0963611295615494,-8.449417370238264,0.12464307341612373,8.4511609311656,1.8309826169594785,0.26805839344715804,49.78087219036688,0.855333223800811,0.0,0.2,Train005,10.0
111,1,3,0.00020833333333333335,0.0,9.203647328169899,0.1715788916474271,-9.192768993325915,-0.309537104712338,9.197978853196394,-5.03965482054855,0.0006126154015715368,26.289656251975902,1.0986122886651097,0,0,3.0,0.00020833333333333335,0.0,8.765545731256928,0.19968692244980596,-8.759409697472353,-0.20423934485398282,8.762281772203682,0.8771974359601697,0.00035620312542636865,26.287132504224598,1.0986122886651097,0.0,0.0,Train005,10.0
111,2,1,6.944444444444444e-05,0.0,9.804511972558497,0.0,-9.803964770396233,-0.10358475212343768,9.804511972558497,-7.947213028089504,1.1102230246251565e-16,0.0,-1.000088900581841e-12,0,0,0.6,4.1666666666666665e-05,0.2,6.274917371719171,0.0,-6.274257067135378,-0.08841678487795339,6.274917371719171,-2.33265927622282,4.4408920985006264e-17,0.0,-6.000533403491046e-13,0.2,0.0,Train005,10.0
111,3,1,6.944444444444444e-05,0.0,11.824828632660783,0.0,-11.824725184521734,-0.04946213027877993,11.824828632660783,-5.742237302406892,0.0,0.0,-1.000088900581841e-12,0,0,1.0,6.944444444444444e-05,0.0,10.849318421809983,0.0,-10.849158539070482,-0.05749746174162697,10.849318421809983,3.1493729850589913,0.0,0.0,-1.000088900581841e-12,0.0,0.0,Train005,10.0
111,4,3,0.00020833333333333335,0.0,9.896121492067957,1.9610017352253604,3.525608523390682,0.26885086444416323,3.5358444885935523,-5.621662516229558,0.6643051564029199,48.97881112088631,1.0986122886651097,0,0,3.0,0.00020833333333333335,0.0,9.532150925429233,1.4206545401652808,3.6285658000663035,0.24359452237535573,3.63686248734271,0.4499042438676549,0.6645860761104496,49.292403786895065,1.0986122886651097,0.0,0.0,Train005,10.0
111,5,0,0.0,0.0,0.0,0.0,0.0,0.0,0.0,0.0,0.0,0.0,0.0,0,0,0.0,0.0,0.0,0.0,0.0,0.0,0.0,0.0,0.0,0.0,0.0,0.0,0.0,0.0,Train005,10.0
112,0,2,0.0001388888888888889,0.0,9.259959174384143,0.8808200651203633,-9.244626724406924,0.016023978374612446,9.24464061180864,-7.859788798697904,0.001669397056336841,65.14885723618065,0.6931471805579453,0,0,2.2,0.00015277777777777777,-0.2,9.136764515092661,1.4369035189935417,-9.119929027395944,0.0837625701087648,9.120851022847797,1.3318031695757024,0.13488519326142012,57.59199957464109,0.7742402021793782,0.0,0.2,Train005,10.0
112,1,3,0.00020833333333333335,0.0,8.486613768349306,0.16949443137637216,-8.476041169428278,-0.29108889264715837,8.481038064368397,-7.170335598205906,0.0006537624782944063,26.29066284227366,1.0986122886651097,0,0,3.0,0.00020833333333333335,0.0,8.850577277767476,0.1706825115860817,-8.842682584011843,-0.24774389960387605,8.84648689035907,0.8503154651054927,0.00045134634722763243,26.28936672565849,1.0986122886651097,0.0,0.0,Train005,10.0
112,2,1,6.944444444444444e-05,0.0,8.908781363178155,0.0,-8.908359041916473,-0.08674420565924279,8.908781363178155,-8.957306093803421,1.1102230246251565e-16,0.0,-1.000088900581841e-12,0,0,0.8,5.555555555555556e-05,0.2,8.056673644354802,0.0,-8.055928875518672,-0.10576562600980195,8.056673644354802,-4.124120494983504,6.661338147750939e-17,0.0,-8.000711204654728e-13,0.2,0.0,Train005,10.0
112,3,1,6.944444444444444e-05,0.0,10.928838552743594,0.0,-10.92874643980991,-0.04487055021843525,10.928838552743594,-8.959900799171887,0.0,0.0,-1.000088900581841e-12,0,0,1.0,6.944444444444444e-05,0.0,11.144308334064316,0.0,-11.144170910246102,-0.05403798725873036,11.144308334064315,2.9498991225433135,0.0,0.0,-1.000088900581841e-12,0.0,0.0,Train005,10.0
112,4,3,0.00020833333333333335,0.0,9.11802771799551,1.8464883399143541,3.233651505867236,0.2486970369853898,3.243200930809369,-7.780937740724474,0.6642906616687011,48.97714987805043,1.0986122886651097,0,0,3.0,0.00020833333333333335,0.0,9.576142807833152,1.628468034421219,3.5413629309227885,0.25148690683116104,3.550377465243737,0.4399188240391732,0.664460769505449,49.156869799564234,1.0986122886651097,0.0,0.0,Train005,10.0
112,5,0,0.0,0.0,0.0,0.0,0.0,0.0,0.0,0.0,0.0,0.0,0.0,0,0,0.0,0.0,0.0,0.0,0.0,0.0,0.0,0.0,0.0,0.0,0.0,0.0,0.0,0.0,Train005,10.0
113,0,2,0.0001388888888888889,0.0,8.440993256768255,0.8141271067544036,-8.42707240342857,0.011206258640538064,8.427079854425262,-8.189659176158886,0.001663803632104499,65.12410907824774,0.6931471805579453,0,0,2.0,0.0001388888888888889,-0.2,9.750495136979218,0.8398780755826941,-9.733772687105825,0.04618193006115136,9.733956494189261,0.7649660715300879,0.001706230893489602,65.39942187091152,0.6931471805579453,0.0,0.2,Train005,10.0
113,1,3,0.00020833333333333335,0.0,7.737853609123646,0.15882495453897044,-7.7280052272849495,-0.26753920182541086,7.732634869011783,-7.487601592256612,0.0006712373216262169,26.291419159066436,1.0986122886651097,0,0,3.0,0.00020833333333333335,0.0,8.929667006564339,0.14616106422421232,-8.92012027489714,-0.28751930694589023,8.924786287992143,0.7908972879686067,0.000551340749189766,26.28934628676317,1.0986122886651097,0.0,0.0,Train005,10.0
113,2,1,6.944444444444444e-05,0.0,8.03972271564698,0.0,-8.039368011336085,-0.07552034690150876,8.03972271564698,-8.690586475311761,0.0,0.0,-1.000088900581841e-12,0,0,1.0,6.944444444444444e-05,0.2,9.664618187484198,0.0,-9.66380247778589,-0.1208696953901037,9.664618187484198,-5.862237790045857,6.661338147750939e-17,0.0,-1.000088900581841e-12,0.2,0.0,Train005,10.0
113,3,1,6.944444444444444e-05,0.0,9.974009545554008,0.0,-9.973926775928417,-0.04063352335998583,9.974009545554008,-9.54829007189586,0.0,0.0,-1.000088900581841e-12,0,0,1.0,6.944444444444444e-05,0.0,11.415022299888916,0.0,-11.414913718781003,-0.04965335616181803,11.415022299888916,2.707139658246013,0.0,0.0,-1.000088900581841e-12,0.0,0.0,Train005,10.0
113,4,3,0.00020833333333333335,0.0,8.310849224778478,1.6980573333299294,2.941834453552308,0.22705159246732354,2.9505833961691974,-8.071784932170322,0.6642847254368194,48.98865617460468,1.0986122886651097,0,0,3.0,0.00020833333333333335,0.0,9.617208717178078,1.8197705307098122,3.4595534163711177,0.25904778377508175,3.469249781822897,0.41065909344926405,0.6643347544805132,49.02614771218718,1.0986122886651097,0.0,0.0,Train005,10.0
113,5,0,0.0,0.0,0.0,0.0,0.0,0.0,0.0,0.0,0.0,0.0,0.0,0,0,0.0,0.0,0.0,0.0,0.0,0.0,0.0,0.0,0.0,0.0,0.0,0.0,0.0,0.0,Train005,10.0
114,0,3,0.00020833333333333335,1.0,8.795684602530383,1.5515308444533127,-8.783599744679494,-0.08840305363040145,8.784044602267501,12.759107435362731,0.0015065049878164594,25.207154310892367,1.0986122886651097,1,0,2.2,0.00015277777777777777,0.2,9.429038395724287,1.0144582280766659,-9.413771715875622,0.003993590305264879,9.413899889617673,-1.372128617001017,0.0016476265338442931,57.231576524069396,0.7742402021793782,0.2,0.0,Train005,10.0
114,1,3,0.00020833333333333335,0.0,9.769652460500602,0.953050619159106,-9.762248636799212,-0.1454250934852088,9.763331752250522,20.317988513769567,0.0006283567310737537,24.999520762225302,1.0986122886651097,0,0,3.0,0.00020833333333333335,0.0,8.981075995273642,0.32048363169685107,-8.9713349720915,-0.2647486679644201,8.975510565412254,0.514089887093025,0.0006164663933045267,26.03189819463721,1.0986122886651097,0.0,0.0,Train005,10.0
114,2,0,0.0,-1.0,0.0,0.0,0.0,0.0,0.0,0.0,0.0,0.0,0.0,0,1,0.8,5.555555555555556e-05,-0.2,7.470449865350216,0.0,-7.470016075563706,-0.07993258165085491,7.470449865350216,-5.862237790045857,6.661338147750939e-17,0.0,-8.000711204654728e-13,0.0,0.2,Train005,10.0
114,3,1,6.944444444444444e-05,0.0,10.827549262369956,0.0,-10.822477843206467,-0.33135534151915036,10.827549262369956,8.535397168159484,0.0,0.0,-1.000088900581841e-12,0,0,1.0,6.944444444444444e-05,0.0,11.190855671245961,0.0,-11.189761945064282,-0.10412342600166531,11.190855671245963,-2.2416662864295427,0.0,0.0,-1.000088900581841e-12,0.0,0.0,Train005,10.0
114,4,3,0.00020833333333333335,0.0,10.582887471325305,1.298977793335904,3.550989137776893,0.3043452951999798,3.5640075638696174,22.72038246546828,0.6650041035629535,46.71181182553412,1.0986122886651097,0,0,3.0,0.00020833333333333335,0.0,9.673234729971634,1.7527885646687245,3.4040962743192784,0.2660457335143855,3.4145034922408257,0.5602601279355447,0.6644454011384843,48.53503958930658,1.0986122886651097,0.0,0.0,Train005,10.0
114,5,1,6.944444444444444e-05,1.0,9.472659845515501,0.0,-9.432377326513596,0.8726640356483122,9.472659845515501,14.32937129868522,0.0,0.0,-1.000088900581841e-12,1,0,0.2,1.388888888888889e-05,0.2,1.8945319691031002,0.0,-1.8864754653027191,0.17453280712966243,1.8945319691031002,2.865874259737044,0.0,0.0,-2.000177801163682e-13,0.2,0.0,Train005,10.0
115,0,3,0.00020833333333333335,0.0,8.57352449996028,1.6711113837174498,-8.562824846529146,-0.049702113108340905,8.562969090939447,-2.221601025701032,0.0014471421778977644,25.203831702259397,1.0986122886651097,0,0,2.4,0.0001666666666666667,0.2,9.0232199175794,1.1686289477180352,-9.009452709443032,-0.016763473419060888,9.009582097354421,-2.2157459859005892,0.0015939303858510945,49.18236819133354,0.855333223800811,0.2,0.0,Train005,10.0
115,1,3,0.00020833333333333335,0.0,9.900358815445147,1.2298860727817522,-9.893099178760043,-0.09448164022576488,9.89355033044874,1.3070635494454546,0.0006746869569302927,24.525439144369532,1.0986122886651097,0,0,3.0,0.00020833333333333335,0.0,9.01962519631772,0.5365669939007256,-9.01043264111968,-0.22161438657917615,9.013706773855167,0.38549201044079123,0.0006481317778992413,25.679339631982167,1.0986122886651097,0.0,0.0,Train005,10.0
115,2,0,0.0,0.0,0.0,0.0,0.0,0.0,0.0,0.0,0.0,0.0,0.0,0,0,0.6,4.1666666666666665e-05,-0.2,5.350603210276726,0.0,-5.350338364729758,-0.05316986093683784,5.350603210276726,-5.119021119440937,4.4408920985006264e-17,0.0,-6.000533403491046e-13,0.0,0.2,Train005,10.0
115,3,1,6.944444444444444e-05,0.0,10.487444365278204,0.0,-10.479320307044222,-0.41271687289971054,10.487444365278204,-3.401048970917522,1.1102230246251565e-16,0.0,-1.000088900581841e-12,0,0,1.0,6.944444444444444e-05,0.0,10.808534071721308,0.0,-10.805839310102149,-0.1758076836552124,10.808534071721308,-3.823215995246536,2.2204460492503132e-17,0.0,-1.000088900581841e-12,0.0,0.0,Train005,10.0
115,4,3,0.00020833333333333335,0.0,10.748789441213114,1.088073948260766,3.553176398500089,0.31323891629163425,3.566956845482942,1.6590196988780903,0.6651693517405459,45.89963882120036,1.0986122886651097,0,0,3.0,0.00020833333333333335,0.0,9.731335069476073,1.5785198300132628,3.3610520038174414,0.2724367410776981,3.3721186449849356,0.5810033950444045,0.6646107997623879,47.91121356405519,1.0986122886651097,0.0,0.0,Train005,10.0
115,5,1,6.944444444444444e-05,0.0,9.392574715442775,0.0,-9.322885429902602,1.1420451156082616,9.392574715442775,-0.8008513007272633,0.0,0.0,-1.000088900581841e-12,0,0,0.4,2.777777777777778e-05,0.2,3.7730469121916554,0.0,-3.7510525512832396,0.40294183025131475,3.7730469121916554,2.7057039995915915,0.0,0.0,-4.000355602327364e-13,0.2,0.0,Train005,10.0
116,0,3,0.00020833333333333335,0.0,7.9605099942382695,1.652424920610251,-7.95090080472274,-0.03080864166964568,7.9509604941127865,-6.130145057220109,0.0014360713947356718,25.20166023379502,1.0986122886651097,0,0,2.6,0.00018055555555555555,0.2,8.606134305576266,1.314002864131156,-8.593804904753375,-0.028336714278647507,8.593938930710726,-2.32841732448304,0.001544583849778247,41.177122512275034,0.936426245422244,0.2,0.0,Train005,10.0
116,1,3,0.00020833333333333335,0.0,9.36261036449126,1.253937245465664,-9.355716800856696,-0.0712371931255138,9.355988007448312,-5.37748450953887,0.0006974550691810633,24.352299842138947,1.0986122886651097,0,0,3.0,0.00020833333333333335,0.0,9.051417803581993,0.753038664664373,-9.043022202625835,-0.1739544042618113,9.04530860470555,0.31792607264272715,0.0006650997114211465,25.291868350014774,1.0986122886651097,0.0,0.0,Train005,10.0
116,2,0,0.0,0.0,0.0,0.0,0.0,0.0,0.0,0.0,0.0,0.0,0.0,0,0,0.4,2.7777777777777772e-05,-0.2,3.389700815765026,0.0,-3.3895454106505114,-0.03245291051215031,3.389700815765026,-3.5295785138230364,2.2204460492503132e-17,0.0,-4.000355602327364e-13,0.0,0.2,Train005,10.0
116,3,1,6.944444444444444e-05,0.0,9.75176106550847,0.0,-9.742856809412194,-0.41663541623026185,9.75176106550847,-7.356832997697342,1.1102230246251565e-16,0.0,-1.000088900581841e-12,0,0,1.0,6.944444444444444e-05,0.0,10.393920558290846,0.0,-10.389465635080242,-0.24924234084550875,10.393920558290848,-4.146135134304626,4.4408920985006264e-17,0.0,-1.000088900581841e-12,0.0,0.0,Train005,10.0
116,4,3,0.00020833333333333335,0.0,10.173232429568943,0.9516216755060122,3.3446106605107158,0.2978722513433634,3.3578487679647355,-5.755570116441717,0.6652275015927567,45.61333640161149,1.0986122886651097,0,0,3.0,0.00020833333333333335,0.0,9.78675725697627,1.3766438180693932,3.3248524312414482,0.2782410184575382,3.336519500859172,0.5542218750019728,0.6647952688003553,47.23811862020021,1.0986122886651097,0.0,0.0,Train005,10.0
116,5,1,6.944444444444444e-05,0.0,8.790100084695407,0.0,-8.71268731558229,1.1640185736721074,8.790100084695407,-6.024746307473681,0.0,0.0,-1.000088900581841e-12,0,0,0.6,4.1666666666666665e-05,0.2,5.531066929130736,0.0,-5.493590014399698,0.6357455449857362,5.531066929130736,1.5007547380968553,0.0,0.0,-6.000533403491046e-13,0.2,0.0,Train005,10.0
117,0,3,0.00020833333333333335,0.0,7.254800685739909,1.5784607588214508,-7.246200572109825,-0.02046650379395169,7.24622947532179,-7.05709308498361,0.0014333292630065442,25.200770966097163,1.0986122886651097,0,0,2.8,0.00019444444444444443,0.2,8.205102607847419,1.4535310028713737,-8.194119674293955,-0.03563481071236033,8.194256703413359,-2.167878181740181,0.0014973702911121878,33.18750525825834,1.0175192670436768,0.2,0.0,Train005,10.0
117,1,3,0.00020833333333333335,0.0,8.624473216551117,1.1884573655437685,-8.618097538679613,-0.058974293022022645,8.618299319090342,-7.381371479401447,0.0007074250245606706,24.291930575218014,1.0986122886651097,0,0,3.0,0.00020833333333333335,0.0,9.078989693222356,0.9568312514978523,-9.071433476476102,-0.12753148433678416,9.07276085564994,0.2757188964036191,0.0006758322206743995,24.892121896603648,1.0986122886651097,0.0,0.0,Train005,10.0
117,2,0,0.0,0.0,0.0,0.0,0.0,0.0,0.0,0.0,0.0,0.0,0.0,0,0,0.2,1.388888888888889e-05,-0.2,1.607944543129396,0.0,-1.607873602267217,-0.015104069380301751,1.607944543129396,-1.7381172950623522,0.0,0.0,-2.000177801163682e-13,0.0,0.2,Train005,10.0
117,3,1,6.944444444444444e-05,0.0,8.921987262938869,0.0,-8.91330769013244,-0.3934497948523175,8.921987262938869,-8.297738025696013,1.1102230246251565e-16,0.0,-1.000088900581841e-12,0,0,1.0,6.944444444444444e-05,0.0,9.992550300329901,0.0,-9.986377885144748,-0.3189581897722852,9.9925503003299,-4.013702579609451,6.661338147750939e-17,0.0,-1.000088900581841e-12,0.0,0.0,Train005,10.0
117,4,3,0.00020833333333333335,0.0,9.374202559778196,0.8483719877990359,3.0751987847049373,0.2749920103742266,3.087469541747802,-7.99029869790747,0.6652504797638128,45.52067398806463,1.0986122886651097,0,0,3.0,0.00020833333333333335,0.0,9.837992225332808,1.1770205476463294,3.2931618870089885,0.2835000131353055,3.305373223046859,0.5123496835653736,0.6649872324193776,46.54682344220306,1.0986122886651097,0.0,0.0,Train005,10.0
117,5,1,6.944444444444444e-05,0.0,8.047846129319804,0.0,-7.972236418948539,1.1005788484240215,8.047846129319804,-7.422539553756025,0.0,0.0,-1.000088900581841e-12,0,0,0.8,5.555555555555556e-05,0.2,7.140636154994698,0.0,-7.0880372981894055,0.8558613146705405,7.140636154994698,0.016246827345650416,0.0,0.0,-8.000711204654728e-13,0.2,0.0,Train005,10.0
118,0,3,0.00020833333333333335,0.0,6.565245127239258,1.4814212670265134,-6.557558385023242,-0.014255399101985311,6.557573879827217,-6.895555585006505,0.0014324819169772018,25.20052316132393,1.0986122886651097,0,0,3.0,0.00020833333333333335,0.2,7.829952981941619,1.5869898349257956,-7.820216870612889,-0.040727142260865004,7.820355508493748,-1.9090574635097048,0.0014511059480867283,25.202788074873574,1.0986122886651097,0.2,0.0,Train005,10.0
118,1,3,0.00020833333333333335,0.0,7.860266064652232,1.0957292236729421,-7.854443375317239,-0.05124465581784119,7.854610541001683,-7.642071518988845,0.0007116970091186614,24.273968714387788,1.0986122886651097,0,0,3.0,0.00020833333333333335,0.0,9.103472184328073,1.1442121053246466,-9.09672110608256,-0.08427257513527024,9.09715599004792,0.24482491105717247,0.0006839241581728883,24.488631807667918,1.0986122886651097,0.0,0.0,Train005,10.0
118,2,0,0.0,0.0,0.0,0.0,0.0,0.0,0.0,0.0,0.0,0.0,0.0,0,0,0.0,0.0,-0.2,0.0,0.0,0.0,0.0,0.0,0.0,0.0,0.0,0.0,0.0,0.2,Train005,10.0
118,3,1,6.944444444444444e-05,0.0,8.108428838564077,0.0,-8.100334029598828,-0.3622248458910355,8.108428838564077,-8.135584243747918,1.1102230246251565e-16,0.0,-1.000088900581841e-12,0,0,1.0,6.944444444444444e-05,0.0,9.619434158931915,0.0,-9.61165933587883,-0.38327645427849516,9.619434158931915,-3.731161413979863,8.881784197001253e-17,0.0,-1.000088900581841e-12,0.0,0.0,Train005,10.0
118,4,3,0.00020833333333333335,0.0,8.54468593528168,0.7626007834813389,2.800544764009605,0.25085230403446795,2.811757075862176,-8.295166244965149,0.66525995073757,45.49982582855447,1.0986122886651097,0,0,3.0,0.00020833333333333335,0.0,9.884759567433447,0.9899292376766112,3.264903949100448,0.2882601554487344,3.2776079589854548,0.4676734210064083,0.6651822774795277,45.849057372993016,1.0986122886651097,0.0,0.0,Train005,10.0
118,5,1,6.944444444444444e-05,0.0,7.30520220026585,0.0,-7.234752734006541,1.0120929130044765,7.30520220026585,-7.426439290539548,0.0,0.0,-1.000088900581841e-12,0,0,1.0,6.944444444444444e-05,0.2,8.601676595047866,0.0,-8.534987844990713,1.0582798972714358,8.601676595047866,-1.4690410307622592,0.0,0.0,-1.000088900581841e-12,0.2,0.0,Train005,10.0
119,0,3,0.00020833333333333335,0.0,8.913512939159371,1.4823674707227161,-8.902866818683597,0.1861065616552627,8.904811802812485,23.482678119201143,0.0010843506505887612,25.501341690555396,1.0986122886651097,0,0,3.0,0.00020833333333333335,0.0,7.853518649267417,1.5731571601796763,-7.84407028541371,0.014174780796267824,7.844508948602746,0.23565667325797718,0.0013666750806411887,25.26162555080618,1.0986122886651097,0.0,0.0,Train005,10.0
119,1,3,0.00020833333333333335,0.0,9.197709319422131,1.195849052698455,-9.188549017455907,-0.24190624122223522,9.191732789617646,13.374432547698992,0.000691336375381435,24.395614902007953,1.0986122886651097,0,0,3.0,0.00020833333333333335,0.0,8.989083556112377,1.1927717920325165,-8.9819811822139,-0.10356880468267553,8.982836197521346,-1.1438862821569427,0.0006965200870344245,24.367850635624446,1.0986122886651097,0.0,0.0,Train005,10.0
119,2,1,6.944444444444444e-05,1.0,0.0,0.0,0.0,0.0,0.0,0.0,0.0,0.0,-1.000088900581841e-12,1,0,0.2,1.388888888888889e-05,0.2,0.0,0.0,0.0,0.0,0.0,0.0,0.0,0.0,-2.000177801163682e-13,0.2,0.0,Train005,10.0
119,3,1,6.944444444444444e-05,0.0,10.586311557830609,0.0,-10.581165318149157,-0.3300498590446137,10.586311557830609,24.778827192665318,0.0,0.0,-1.000088900581841e-12,0,0,1.0,6.944444444444444e-05,0.0,9.571186618024047,0.0,-9.563396830867369,-0.38301535778358786,9.571186618024045,-0.48247540907869607,8.881784197001253e-17,0.0,-1.000088900581841e-12,0.0,0.0,Train005,10.0
119,4,2,0.0001388888888888889,-1.0,9.860894457286417,0.01477927419829772,-0.025693482939124657,0.3604848066591434,0.36139929565180823,17.63668453648327,0.9633808697380818,27.358310071939677,0.6931471805579453,0,1,2.8,0.00019444444444444446,-0.2,9.74036096462567,0.7330895338490901,2.5495674249572446,0.2994880577405671,2.6370863053418927,-0.5490661647905938,0.7248576307145533,41.978357022274125,1.017519267043677,0.0,0.2,Train005,10.0
119,5,1,6.944444444444444e-05,0.0,11.80055863755597,0.0,11.795876283273852,-0.33239564993280263,11.80055863755597,23.6095283898711,1.1102230246251565e-16,0.0,-1.000088900581841e-12,1,1,1.0,6.944444444444444e-05,0.0,9.067256353455962,0.0,-4.289337123033223,0.817267960155213,9.067256353455962,0.386990387474917,2.2204460492503132e-17,0.0,-1.000088900581841e-12,0.2,0.2,Train005,10.0
120,0,3,0.00020833333333333335,0.0,9.174756394010766,1.4440626548988744,-9.16141086617565,0.24539238017405007,9.164696747799612,2.612434548513951,0.0011767901568368044,25.6217304922143,1.0986122886651097,0,0,3.0,0.00020833333333333335,0.0,7.973765028077516,1.5277474144159613,-7.9637874893430105,0.07319367945274602,7.964854479974778,1.202463788100974,0.0013126046764289968,25.345205308797166,1.0986122886651097,0.0,0.0,Train005,10.0
120,1,3,0.00020833333333333335,0.0,9.124378515917295,1.1632920275894592,-9.110230305403483,-0.29382014327232886,9.114967169117211,-0.7333080350483634,0.0010512664362396507,24.455439250581026,1.0986122886651097,0,0,3.0,0.00020833333333333335,0.0,8.833887496206806,1.1794529829940577,-8.825407407542588,-0.14343650529198831,8.827119565255039,-1.5519605990557062,0.0007718359828962962,24.353850656866747,1.0986122886651097,0.0,0.0,Train005,10.0
120,2,1,6.944444444444444e-05,0.0,0.0,0.0,0.0,0.0,0.0,0.0,0.0,0.0,-1.000088900581841e-12,0,0,0.4,2.777777777777778e-05,0.2,0.0,0.0,0.0,0.0,0.0,0.0,0.0,0.0,-4.000355602327364e-13,0.2,0.0,Train005,10.0
120,3,1,6.944444444444444e-05,0.0,10.822855147854826,0.0,-10.818711972397141,-0.2994408284761536,10.822855147854826,2.365435900242172,0.0,0.0,-1.000088900581841e-12,0,0,1.0,6.944444444444444e-05,0.0,9.63826877453937,0.0,-9.631275163937952,-0.36036014889887646,9.63826877453937,0.6708215651532428,6.661338147750939e-17,0.0,-1.000088900581841e-12,0.0,0.0,Train005,10.0
120,4,2,0.0001388888888888889,0.0,9.896213019838498,0.16297942872358107,0.14626585906027678,0.38254284865614235,0.4095518680028172,0.35318562552080657,0.9620281505723446,25.93044898137762,0.6931471805579453,0,0,2.6,0.00018055555555555555,-0.2,9.569845680350747,0.5480706299416532,1.868185317069282,0.31334884421346876,2.005605309845868,-0.8102329794620505,0.7842293904809132,37.98451905430957,0.936426245422244,0.0,0.2,Train005,10.0
120,5,1,6.944444444444444e-05,0.0,11.93171983990696,0.0,11.920132530055822,-0.52571741832886,11.93171983990696,1.3116120235098983,0.0,0.0,-1.000088900581841e-12,0,0,1.0,6.944444444444444e-05,0.0,9.575085378348797,0.0,-0.040733531041539095,0.4837154533677886,9.575085378348797,0.8094830523223493,2.2204460492503132e-17,0.0,-1.000088900581841e-12,0.2,0.2,Train005,10.0
121,0,3,0.00020833333333333335,0.0,8.707904515661497,1.3701916876402727,-8.694196674978606,0.2520292137601627,8.69784884599621,-4.668518783492696,0.0012278800795945122,25.66766343930414,1.0986122886651097,0,0,3.0,0.00020833333333333335,0.0,8.123243932362161,1.4713007678219654,-8.112446663394184,0.1297612505387077,8.114232150351464,1.494789042846457,0.0012709664134007647,25.438405949898986,1.0986122886651097,0.0,0.0,Train005,10.0
121,1,3,0.00020833333333333335,0.0,8.561900829517738,1.0838978018732395,-8.546378873023508,-0.29452696147683205,8.55145238964115,-5.624776863995571,0.0012276831372030061,24.48257010003969,1.0986122886651097,0,0,3.0,0.00020833333333333335,0.0,8.673745589212102,1.145445094275573,-8.663539821975949,-0.18809445896225196,8.666212441693606,-1.6014190699470465,0.0008778815965006847,24.379904708446894,1.0986122886651097,0.0,0.0,Train005,10.0
121,2,1,6.944444444444444e-05,0.0,0.0,0.0,0.0,0.0,0.0,0.0,0.0,0.0,-1.000088900581841e-12,0,0,0.6,4.1666666666666665e-05,0.2,0.0,0.0,0.0,0.0,0.0,0.0,0.0,0.0,-6.000533403491046e-13,0.2,0.0,Train005,10.0
121,3,1,6.944444444444444e-05,0.0,10.267387513932915,0.0,-10.263805754170596,-0.2711785425141405,10.267387513932915,-5.554676339219107,0.0,0.0,-1.000088900581841e-12,0,0,1.0,6.944444444444444e-05,0.0,9.74139406422426,0.0,-9.735464952889632,-0.33126877415565215,9.741394064224258,1.0312528968488899,4.4408920985006264e-17,0.0,-1.000088900581841e-12,0.0,0.0,Train005,10.0
121,4,2,0.0001388888888888889,0.0,9.325909977583738,0.21513987037975024,0.19731648536354296,0.36766131170731914,0.4172632688394316,-5.703030422547597,0.9616531514793721,25.46009260511826,0.6931471805579453,0,0,2.4,0.00016666666666666666,-0.2,9.400381189953706,0.4007742689164008,1.2387264820398474,0.3273066562862599,1.417488210020807,-0.7997250406832265,0.8435145204582362,33.95387029501093,0.855333223800811,0.0,0.2,Train005,10.0
121,5,1,6.944444444444444e-05,0.0,11.27505844552411,0.0,11.26105163086162,-0.5618354893146192,11.27505844552411,-6.5666139438284965,0.0,0.0,-1.000088900581841e-12,0,0,1.0,6.944444444444444e-05,0.0,10.07207705051454,0.0,3.9540142582472426,0.1385446407704432,10.07207705051454,0.7011095250513861,2.2204460492503132e-17,0.0,-1.000088900581841e-12,0.2,0.2,Train005,10.0
122,0,3,0.00020833333333333335,0.0,8.02198840366631,1.2789207023237208,-8.008939419017889,0.2398627220520514,8.0125304831201,-6.859161119951881,0.0012508489738637385,25.684240510340175,1.0986122886651097,0,0,3.0,0.00020833333333333335,0.0,8.27668147594744,1.4113927565224196,-8.264994432775797,0.1818270957079083,8.267492351911125,1.5343754358528026,0.0012344703555722037,25.53509985874759,1.0986122886651097,0.0,0.0,Train005,10.0
122,1,3,0.00020833333333333335,0.0,7.862402452409967,0.9925596897398081,-7.847251330663937,-0.277422010056617,7.852153616573658,-6.994983771077706,0.00130517404091679,24.495692918657397,1.0986122886651097,0,0,3.0,0.00020833333333333335,0.0,8.521331436383871,1.1062655591147807,-8.509370580372813,-0.23178400236917085,8.51298330119027,-1.5241415282822983,0.0009974313997719087,24.42065717713477,1.0986122886651097,0.0,0.0,Train005,10.0
122,2,1,6.944444444444444e-05,0.0,0.0,0.0,0.0,0.0,0.0,0.0,0.0,0.0,-1.000088900581841e-12,0,0,0.8,5.555555555555556e-05,0.2,0.0,0.0,0.0,0.0,0.0,0.0,0.0,0.0,-8.000711204654728e-13,0.2,0.0,Train005,10.0
122,3,1,6.944444444444444e-05,0.0,9.469775559326285,0.0,-9.466595486951327,-0.2453956610175352,9.469775559326285,-7.9761195460663,0.0,0.0,-1.000088900581841e-12,0,0,1.0,6.944444444444444e-05,0.0,9.850951723501742,0.0,-9.846122512253409,-0.30165794738869567,9.85095172350174,1.0955765927748324,2.2204460492503132e-17,0.0,-1.000088900581841e-12,0.0,0.0,Train005,10.0
122,4,2,0.0001388888888888889,0.0,8.578671896611176,0.2205722164886792,0.2034039571635926,0.34083789560747996,0.39691767518207605,-7.472380809725614,0.9615212805956246,25.331376113484584,0.6931471805579453,0,0,2.2,0.00015277777777777777,-0.2,9.241275057320301,0.27521431465432944,0.6643675165315786,0.34047583333291054,0.8793778367076618,-0.6961414630468553,0.9027686806245987,29.91601072009492,0.7742402021793782,0.0,0.2,Train005,10.0
122,5,1,6.944444444444444e-05,0.0,10.383076859301793,0.0,10.368958933743848,-0.5412722942309445,10.383076859301793,-8.919815862223164,1.1102230246251565e-16,0.0,-1.000088900581841e-12,0,0,1.0,6.944444444444444e-05,0.0,10.539123196510936,0.0,7.62225332878572,-0.18982558776054997,10.539123196510936,0.4016542633579583,4.4408920985006264e-17,0.0,-1.000088900581841e-12,0.2,0.2,Train005,10.0
123,0,3,0.00020833333333333335,0.0,7.303883552312096,1.182150332707795,-7.2918326108791325,0.22178576378943748,7.295204709266221,-7.181048513542135,0.0012608035070844625,25.68943775539465,1.0986122886651097,0,0,3.0,0.00020833333333333335,0.0,8.424409160962009,1.351538569658676,-8.411849277946974,0.22903532828619286,8.415018517798925,1.4772768501456768,0.0012001346735936557,25.63288277756173,1.0986122886651097,0.0,0.0,Train005,10.0
123,1,3,0.00020833333333333335,0.0,7.156504532239995,0.9024027573582541,-7.142364389894294,-0.2551435639889317,7.1469201280184365,-7.058979201699724,0.0013384309657530347,24.503040348296327,1.0986122886651097,0,0,3.0,0.00020833333333333335,0.0,8.380579129901424,1.067600265851843,-8.366954783288225,-0.27256378400338893,8.371445218593621,-1.407523064824474,0.0011227781910987833,24.466471503916477,1.0986122886651097,0.0,0.0,Train005,10.0
123,2,1,6.944444444444444e-05,0.0,0.0,0.0,0.0,0.0,0.0,0.0,0.0,0.0,-1.000088900581841e-12,0,0,1.0,6.944444444444444e-05,0.2,0.0,0.0,0.0,0.0,0.0,0.0,0.0,0.0,-1.000088900581841e-12,0.2,0.0,Train005,10.0
123,3,1,6.944444444444444e-05,0.0,8.635120950032066,0.0,-8.632266985973775,-0.22199212722511863,8.635120950032066,-8.34654609294219,0.0,0.0,-1.000088900581841e-12,0,0,1.0,6.944444444444444e-05,0.0,9.95629014579534,0.0,-9.9525091035284,-0.2736114036555123,9.95629014579534,1.0533842229359778,0.0,0.0,-1.000088900581841e-12,0.0,0.0,Train005,10.0
123,4,2,0.0001388888888888889,0.0,7.814004569608115,0.209461830619456,0.19353090923549976,0.3114507013726082,0.3666820860295862,-7.646673270030622,0.9614697197916277,25.326213540264764,0.6931471805579453,0,0,2.0,0.0001388888888888889,-0.2,9.09513878418559,0.16458652408195285,0.14296474557675748,0.3525955128005386,0.39036283874114386,-0.5664428680599499,0.96201063443541,25.881288262436982,0.6931471805579453,0.0,0.2,Train005,10.0
123,5,1,6.944444444444444e-05,0.0,9.461896956708518,0.0,9.4485574724676,-0.5022506434506425,9.461896956708518,-9.211799025932752,1.1102230246251565e-16,0.0,-1.000088900581841e-12,0,0,1.0,6.944444444444444e-05,0.0,10.97046214779947,0.0,10.95891537008055,-0.4926942990515738,10.97046214779947,0.044582316279317524,6.661338147750939e-17,0.0,-1.000088900581841e-12,0.2,0.2,Train005,10.0
124,0,3,0.00020833333333333335,0.0,9.314988926218563,1.8392359218023762,-9.288881237562407,-0.0054300985109977384,9.288882824727027,20.11105373906467,0.0032921777410221953,26.606317982076373,1.0986122886651097,0,0,3.0,0.00020833333333333335,0.0,8.504704358373846,1.4229122598746078,-8.489052161722736,0.19072799625294076,8.491832722181835,0.8029519741183819,0.0016417000916803426,25.853878035865925,1.0986122886651097,0.0,0.0,Train005,10.0
124,1,3,0.00020833333333333335,0.0,9.328099751079884,0.27586255432024015,-9.324262345752851,-0.13420082159811222,9.325228048307562,21.715952188398887,0.0003144268542384365,24.91654646942567,1.0986122886651097,0,0,3.0,0.00020833333333333335,0.0,8.406657216232976,0.8836029661762002,-8.394097448947615,-0.2510227000785643,8.398144270331604,0.26078086331550454,0.0010473962868701836,24.570657817400022,1.0986122886651097,0.0,0.0,Train005,10.0
124,2,1,6.944444444444444e-05,0.0,16.384598708878897,0.0,-16.258074817651853,2.0322593522064816,16.384598708878897,163.84598708878897,1.1102230246251565e-16,0.0,-1.000088900581841e-12,0,0,1.0,6.944444444444444e-05,0.0,3.2769197417757794,0.0,-3.2516149635303706,0.4064518704412963,3.2769197417757794,32.769197417757795,2.2204460492503132e-17,0.0,-1.000088900581841e-12,0.0,0.0,Train005,10.0
124,3,1,6.944444444444444e-05,0.0,11.964208941994665,0.0,-11.957905909443722,0.3883064107067725,11.964208941994665,33.290879919625986,0.0,0.0,-1.000088900581841e-12,0,0,1.0,6.944444444444444e-05,0.0,10.23186962262815,0.0,-10.227857221787312,-0.1299401497052351,10.231869622628151,2.755794768328111,0.0,0.0,-1.000088900581841e-12,0.0,0.0,Train005,10.0
124,4,2,0.0001388888888888889,0.0,9.445577349493295,0.696238711553379,-0.7049278321095516,0.135632032098287,0.7178574347415947,16.315727798851796,0.9814386734252193,21.81608850371822,0.6931471805579453,0,0,2.0,0.0001388888888888889,0.0,9.012075362626964,0.3008784115529691,0.007117875742672109,0.3076249578883673,0.4616544665591011,-0.8306342155862445,0.9656221951728376,24.77284394879269,0.6931471805579453,0.0,0.0,Train005,10.0
124,5,2,0.0001388888888888889,1.0,11.980556322718186,0.12764318065762215,0.12809481518726606,0.02716956744716799,0.13094451906485455,26.463025466672914,0.99756108525875,52.50014696122903,0.6931471805579453,1,0,1.2,8.333333333333333e-05,0.2,11.006461684831914,0.02552863613152443,8.62535907646323,-0.42078125557557966,8.636539324101246,0.6152817316396799,0.19951221705175004,10.500029392245805,0.13862943611078898,0.2,0.0,Train005,10.0
125,0,3,0.00020833333333333335,0.0,9.46366503882843,1.9741268143403548,-9.426237121096229,-0.08200856279689024,9.426593852898538,1.4867611260986517,0.004529733521866142,26.952288950612456,1.0986122886651097,0,0,3.0,0.00020833333333333335,0.0,8.56248608733738,1.528925091762904,-8.542017412706853,0.1252478076587527,8.54421214320162,0.5778172896353221,0.00231228876468621,26.119989727545555,1.0986122886651097,0.0,0.0,Train005,10.0
125,1,3,0.00020833333333333335,0.0,9.535918681003148,0.0715728141058706,-9.532153942694272,-0.08432507004081323,9.53252692126591,2.078189299232639,0.0003575832420120717,25.09178903084046,1.0986122886651097,0,0,3.0,0.00020833333333333335,0.0,8.488965249250146,0.6652591234794825,-8.478482176405773,-0.2091236854322612,8.481656220761343,0.8230803301717053,0.0009086596480246678,24.69792777345191,1.0986122886651097,0.0,0.0,Train005,10.0
125,2,1,6.944444444444444e-05,0.0,17.112338678325553,0.0,-16.980195089334046,2.122524386166778,17.112338678325553,7.27739969446656,0.0,0.0,-1.000088900581841e-12,0,0,1.0,6.944444444444444e-05,0.0,6.699387477440891,0.0,-6.64765398139718,0.8309567476746519,6.699387477440891,34.22467735665111,2.2204460492503132e-17,0.0,-1.000088900581841e-12,0.0,0.0,Train005,10.0
125,3,1,6.944444444444444e-05,0.0,12.420961195079107,0.0,-12.407541869711661,0.577218988784174,12.420961195079107,4.567522530844421,0.0,0.0,-1.000088900581841e-12,0,0,1.0,6.944444444444444e-05,0.0,10.551490832073007,0.0,-10.545623201250217,0.045391813746830434,10.551490832073007,3.196212094448561,0.0,0.0,-1.000088900581841e-12,0.0,0.0,Train005,10.0
125,4,2,0.0001388888888888889,0.0,9.456063691368511,0.9698452321531104,-0.9751910250150546,0.066628581955464,0.9774645278491229,0.10486341875216354,0.9870502654151169,20.70043848451809,0.6931471805579453,0,0,2.0,0.0001388888888888889,0.0,8.924045496932965,0.462251572238875,-0.21717350107239417,0.24444210454823168,0.5752369985283623,-0.8802986569399731,0.9706266181413922,23.726841849420783,0.6931471805579453,0.0,0.0,Train005,10.0
125,5,2,0.0001388888888888889,0.0,11.893852442347656,0.42264617662739035,0.4231457383578565,0.059003070837598856,0.4272396028678548,-0.8670388037053112,0.9947434538813339,50.669481521888365,0.6931471805579453,0,0,1.4,9.722222222222222e-05,0.2,10.998888205320052,0.11005787145700249,6.325961718123638,-0.3038371577422879,6.3356432766934265,0.17955156619663803,0.3984609078280168,20.63392569662348,0.27725887222257806,0.2,0.0,Train005,10.0
126,0,3,0.00020833333333333335,0.0,8.953363712435298,1.912042136559674,-8.913496812363162,-0.10274712759001121,8.914088982966025,-5.103013263931307,0.005048435948844077,27.079639019028416,1.0986122886651097,0,0,3.0,0.00020833333333333335,0.0,8.611577926692139,1.6372951815467842,-8.585877440183765,0.05429253938871794,8.587460170595582,0.4909183935475999,0.003076399938536123,26.402384843490417,1.0986122886651097,0.0,0.0,Train005,10.0
126,1,3,0.00020833333333333335,0.0,9.046628635679056,0.07966638423697936,-9.042769584285196,-0.06204945352667277,9.042982466485071,-4.892900453240922,0.00040484304473098476,25.161130311586266,1.0986122886651097,0,0,3.0,0.00020833333333333335,0.0,8.58591081048241,0.46441283995223054,-8.577760318658111,-0.16262818384222935,8.579962236130127,0.9694556123226352,0.0007440916295302635,24.833639815761224,1.0986122886651097,0.0,0.0,Train005,10.0
126,2,1,6.944444444444444e-05,0.0,15.04852538140459,0.0,-14.932318813131879,1.8665398516415168,15.04852538140459,-20.63813296920964,0.0,0.0,-1.000088900581841e-12,0,0,1.0,6.944444444444444e-05,0.0,9.709092553721808,0.0,-9.634117744023555,1.2042647180029553,9.709092553721808,30.097050762809182,2.2204460492503132e-17,0.0,-1.000088900581841e-12,0.0,0.0,Train005,10.0
126,3,1,6.944444444444444e-05,0.0,11.848302924021155,0.0,-11.832653059419314,0.6087723341143213,11.848302924021155,-5.7265827105795175,0.0,0.0,-1.000088900581841e-12,0,0,1.0,6.944444444444444e-05,0.0,10.867673914090656,0.0,-10.85939266229996,0.22138198907252277,10.867673914090656,3.161830820176479,0.0,0.0,-1.000088900581841e-12,0.0,0.0,Train005,10.0
126,4,2,0.0001388888888888889,0.0,8.902725762776113,1.0076858539669993,-1.011533196105856,0.03875756618441023,1.012275434731411,-5.533379285923989,0.9891148349038624,20.3411030029363,0.6931471805579453,0,0,2.0,0.0001388888888888889,0.0,8.839408653971443,0.6207607689563248,-0.45894343736627397,0.17866135544364986,0.6942394317067582,-0.8463684296152516,0.9761189548262902,22.703043928984393,0.6931471805579453,0.0,0.0,Train005,10.0
126,5,2,0.0001388888888888889,0.0,11.172809800004167,0.49074039301055183,0.49111252986171916,0.06745448263669103,0.4957233343458442,-7.210426423434884,0.9937188325940712,50.03308255242804,0.6931471805579453,0,0,1.6,0.00011111111111111112,0.2,10.978438476216065,0.20820595005911285,4.171973897923658,-0.17797916335202585,4.179776254457773,0.050789070275360615,0.5972046743468311,30.640542207109085,0.4158883083343672,0.2,0.0,Train005,10.0
127,0,3,0.00020833333333333335,0.0,8.24547925603683,1.7826997256483192,-8.207058394457556,-0.10328481228139208,8.207708282004438,-7.0788445639846715,0.005265199040768609,27.123571392097585,1.0986122886651097,0,0,3.0,0.00020833333333333335,0.0,8.656276097166245,1.7380509862117037,-8.625501235271697,-0.014336967477970758,8.62649573037245,0.44698170474104176,0.003879269951917097,26.690251019841895,1.0986122886651097,0.0,0.0,Train005,10.0
127,1,3,0.00020833333333333335,0.0,8.343952221866184,0.0958215541534992,-8.340242179256142,-0.05066400060868057,8.340396060715637,-7.026764138128705,0.0004283073063062748,25.18785905254316,1.0986122886651097,0,0,3.0,0.00020833333333333335,0.0,8.682220764373653,0.2850652128349687,-8.676358488376552,-0.11727658195264208,8.677610724958523,0.9630995389124355,0.0005687182826081605,24.972073042538376,1.0986122886651097,0.0,0.0,Train005,10.0
127,2,1,6.944444444444444e-05,0.0,12.823613358982387,0.0,-12.724587835648062,1.5905734794560398,12.823613358982387,-22.249120224222025,1.1102230246251565e-16,0.0,-1.000088900581841e-12,0,0,1.0,6.944444444444444e-05,0.0,12.273815225518286,0.0,-12.179035311153168,1.522379413894163,12.273815225518286,25.647226717964777,4.4408920985006264e-17,0.0,-1.000088900581841e-12,0.0,0.0,Train005,10.0
127,3,1,6.944444444444444e-05,0.0,10.951672730608106,0.0,-10.936098184477965,0.583859655913114,10.951672730608106,-8.966301934130492,0.0,0.0,-1.000088900581841e-12,0,0,1.0,6.944444444444444e-05,0.0,11.16405334834702,0.0,-11.153293201805287,0.3872330524586526,11.16405334834702,2.9637943425636406,0.0,0.0,-1.000088900581841e-12,0.0,0.0,Train005,10.0
127,4,2,0.0001388888888888889,0.0,8.186261703998635,0.961459773855001,-0.9645576649848908,0.026802389594843795,0.9649299752671686,-7.164640587774769,0.9899427329706952,20.240464582983552,0.6931471805579453,0,0,2.0,0.0001388888888888889,0.0,8.760926615448934,0.7689382804295891,-0.6925357617959707,0.11585425424112261,0.8078418917237767,-0.7848203852250826,0.9818032453013043,21.684861622884185,0.6931471805579453,0.0,0.0,Train005,10.0
127,5,2,0.0001388888888888889,0.0,10.262743032387212,0.48717486242376573,0.4874632669725898,0.06637213142128479,0.49196107211546186,-9.100667676169563,0.9933220405470464,49.854280863331475,0.6931471805579453,0,0,1.8,0.000125,0.2,10.954371710833147,0.305640922543866,2.1956747645694064,-0.05645027822158,2.201553097020507,0.01461870748608085,0.7958690824562403,40.61139837977538,0.5545177444461562,0.2,0.0,Train005,10.0
128,0,3,0.00020833333333333335,0.0,7.51166383167201,1.63619444034498,-7.476026080305595,-0.09698180579247528,7.476655095967996,-7.338154243648208,0.005356386553317494,27.13593873713069,1.0986122886651097,0,0,3.0,0.00020833333333333335,0.0,8.697832153038226,1.828859807739141,-8.662339929156989,-0.0780904813943533,8.662785807712805,0.41556055871982717,0.004698386561163703,26.979551216189105,1.0986122886651097,0.0,0.0,Train005,10.0
128,1,3,0.00020833333333333335,0.0,7.608580537290791,0.09681267951720578,-7.605133893846147,-0.043728408900769095,7.605259608788673,-7.353716845753934,0.00043877611315101817,25.19797251516403,1.0986122886651097,0,0,3.0,0.00020833333333333335,0.0,8.772635965383813,0.12394719726675903,-8.768912389166921,-0.07499355093500956,8.769278621112571,0.9041520101015935,0.0003887873120877572,25.11105947591192,1.0986122886651097,0.0,0.0,Train005,10.0
128,2,1,6.944444444444444e-05,0.0,10.930041855692519,0.0,-10.845638724958084,1.3557048406197925,10.930041855692519,-18.93571503289868,0.0,0.0,-1.000088900581841e-12,0,0,1.0,6.944444444444444e-05,0.0,14.45982359665679,0.0,-14.348163056144784,1.7935203820181218,14.45982359665679,21.860083711385037,4.4408920985006264e-17,0.0,-1.000088900581841e-12,0.0,0.0,Train005,10.0
128,3,1,6.944444444444444e-05,0.0,9.995375935259672,0.0,-9.980734154449715,0.5408195867099298,9.995375935259672,-9.562967953484343,0.0,0.0,-1.000088900581841e-12,0,0,1.0,6.944444444444444e-05,0.0,11.436104345392542,0.0,-11.422986635500475,0.5397953952456623,11.43610434539254,2.7205099704552103,0.0,0.0,-1.000088900581841e-12,0.0,0.0,Train005,10.0
128,4,2,0.0001388888888888889,0.0,7.455387223062014,0.8887808928727496,-0.8914358069492629,0.02107468737585827,0.8916848884887945,-7.308744809366212,0.9902858952868404,20.232132593534903,0.6931471805579453,0,0,2.0,0.0001388888888888889,0.0,8.689203146139715,0.9048020928802479,-0.9095291050329232,0.057779051441772644,0.9128424522156182,-0.7172346930922007,0.9875664804003469,20.666045433538212,0.6931471805579453,0.0,0.0,Train005,10.0
128,5,2,0.0001388888888888889,0.0,9.339249490399144,0.4603568311540389,0.460596349994538,0.06204605395643862,0.46475661419699693,-9.234935419880674,0.9931604203757269,49.84766945632538,0.6931471805579453,0,0,2.0,0.0001388888888888889,0.2,10.929842217571274,0.3977122887746738,0.39808254007479393,0.05640906125983623,0.4021250285182025,0.009991428696496385,0.9945011665313856,50.58093227104045,0.6931471805579453,0.2,0.0,Train005,10.0
129,0,3,0.00020833333333333335,0.0,9.06942599428248,1.4976807021731264,-9.055414286066211,0.10968802755732504,9.056078585993028,15.577621626104694,0.0016391301072447018,26.543074709749778,1.0986122886651097,0,0,3.0,0.00020833333333333335,0.0,8.648719566651009,1.760548763813291,-8.615646538857751,-0.05506685618068875,8.616224959966004,-0.49112586387216767,0.004367777034408204,26.96690256172378,1.0986122886651097,0.0,0.0,Train005,10.0
129,1,3,0.00020833333333333335,0.0,9.461182536939882,0.6110220065531178,-9.454739001490134,0.05943576467739295,9.454925816547767,18.52601999649092,0.0006710424747329302,24.32690390062523,1.0986122886651097,0,0,3.0,0.00020833333333333335,0.0,8.799252522555811,0.19097908771333455,-8.795007720314379,-0.03626623367990852,8.795218174760612,0.2661655717199999,0.0004601104361866559,24.99313096215183,1.0986122886651097,0.0,0.0,Train005,10.0
129,2,1,6.944444444444444e-05,0.0,12.478375534449016,0.0,-12.475606793793798,0.2628518696563181,12.478375534449016,15.483336787564976,0.0,0.0,-1.000088900581841e-12,0,0,1.0,6.944444444444444e-05,0.0,13.678578961770814,0.0,-13.591669451373173,1.439638885508089,13.678578961770814,-7.812446348859763,2.2204460492503132e-17,0.0,-1.000088900581841e-12,0.0,0.0,Train005,10.0
129,3,1,6.944444444444444e-05,0.0,10.563448129442653,0.0,-10.533973272166522,0.7885705324870065,10.563448129442653,5.680721941829816,0.0,0.0,-1.000088900581841e-12,0,0,1.0,6.944444444444444e-05,0.0,11.155952182882137,0.0,-11.138200108045035,0.6198482196017091,11.155952182882139,-2.801521625104024,0.0,0.0,-1.000088900581841e-12,0.0,0.0,Train005,10.0
129,4,1,6.944444444444444e-05,-1.0,8.892369388469623,0.0,8.883370923193576,0.39994297337311147,8.892369388469623,23.257630582803586,1.1102230246251565e-16,0.0,-1.000088900581841e-12,0,1,1.8,0.00012499999999999998,-0.2,8.578561553934978,0.7655543505695721,1.0081306460277024,0.11064123969673753,2.5477448429612237,0.6711458636981575,0.791278745715303,16.30282773279457,0.5545177444461563,0.0,0.2,Train005,10.0
129,5,2,0.0001388888888888889,0.0,10.980288473955895,1.155127450545356,1.154797808050522,-0.23903306862400456,1.179277230075311,16.410389835567507,0.9782555970937771,45.1474792393398,0.6931471805579453,0,0,2.0,0.0001388888888888889,0.0,10.729788647818815,0.6032091427522206,0.6034231386474451,0.0031685340456017288,0.6117915707202937,-2.0005356975245845,0.9906400688983912,49.11039872666261,0.6931471805579453,0.0,0.0,Train005,10.0
130,0,3,0.00020833333333333335,0.0,9.076333005864921,1.3869097566833275,-9.066220899010224,0.17483425912077918,9.067906506344894,0.06907011582441669,0.0010306289294919058,26.31536703036535,1.0986122886651097,0,0,3.0,0.00020833333333333335,0.0,8.571253160058308,1.6431053522818853,-8.54364329444055,-0.003698291797154868,8.544487490655275,-0.7746640659270148,0.0036679561159333575,26.839518177674364,1.0986122886651097,0.0,0.0,Train005,10.0
130,1,3,0.00020833333333333335,0.0,9.547187017603186,0.8153337553493489,-9.539630489343613,0.09173500838644233,9.540071550307049,0.8600448066330321,0.0007618948200684983,24.00659199731976,1.0986122886651097,0,0,3.0,0.00020833333333333335,0.0,8.80150618987582,0.33973127596203023,-8.796503029644246,-0.0010542179944574097,8.796727100568841,0.02253667320007844,0.0005409727517979412,24.77609155544769,1.0986122886651097,0.0,0.0,Train005,10.0
130,2,1,6.944444444444444e-05,0.0,11.929231691599524,0.0,-11.928892177289248,-0.09000096927156268,11.929231691599524,-5.491438428494924,0.0,0.0,-1.000088900581841e-12,0,0,1.0,6.944444444444444e-05,0.0,12.641957564425606,0.0,-12.581408868964214,0.9971338144204209,12.641957564425606,-10.366213973452059,2.2204460492503132e-17,0.0,-1.000088900581841e-12,0.0,0.0,Train005,10.0
130,3,1,6.944444444444444e-05,0.0,10.139285557261891,0.0,-10.105413159523813,0.8280920764157194,10.139285557261891,-4.2416257218076225,1.1102230246251565e-16,0.0,-1.000088900581841e-12,0,0,1.0,6.944444444444444e-05,0.0,10.699617055318695,0.0,-10.677774366007466,0.6700228371280181,10.699617055318694,-4.5633512756344325,2.2204460492503132e-17,0.0,-1.000088900581841e-12,0.0,0.0,Train005,10.0
130,4,1,6.944444444444444e-05,0.0,9.176336766714597,0.0,9.16920432281293,0.361729930565271,9.176336766714597,2.8396737824497364,1.1102230246251565e-16,0.0,-1.000088900581841e-12,0,0,1.6,0.00011111111111111112,-0.2,8.522616169004197,0.57158530413895,3.0370097155932996,0.16966150941869892,4.187519290734319,1.2181079364376721,0.5938686926322797,12.162740035890952,0.4158883083343672,0.0,0.2,Train005,10.0
130,5,2,0.0001388888888888889,0.0,10.901974849787662,1.3304836041018238,1.3303656337235417,-0.3292924568091261,1.3705131307302498,-0.7831362416823318,0.9696117578222437,43.46637120603645,0.6931471805579453,0,0,2.0,0.0001388888888888889,0.0,10.531413129306817,0.7847766282471073,0.7848671177205822,-0.07449057148374327,0.8004462762927727,-1.9837551851199895,0.985613729686573,47.669776663492236,0.6931471805579453,0.0,0.0,Train005,10.0
131,0,3,0.00020833333333333335,0.0,8.542247912653394,1.2729279822884456,-8.53367146494292,0.18713433211542754,8.535723046692489,-5.340850932115269,0.0008475963159823019,26.22765611449339,1.0986122886651097,0,0,3.0,0.00020833333333333335,0.0,8.489030000101927,1.5152825214276398,-8.4676782249565,0.05427800014393288,8.468814303400569,-0.8222315995638072,0.0028277881893610025,26.66912159676736,1.0986122886651097,0.0,0.0,Train005,10.0
131,1,3,0.00020833333333333335,0.0,9.014666906647458,0.8382547238630699,-9.007121599119408,0.09753964851960695,9.007649720340856,-5.32520110955728,0.0007981517802692073,23.889173350448406,1.0986122886651097,0,0,3.0,0.00020833333333333335,0.0,8.7951138440695,0.4914489438872483,-8.78937343261109,0.030863602414798536,8.789660551339997,-0.06392345806319319,0.0006196344989055858,24.521700163220117,1.0986122886651097,0.0,0.0,Train005,10.0
131,2,1,6.944444444444444e-05,0.0,10.827108199828439,0.0,-10.825391365315085,-0.19280497543843853,10.827108199828439,-11.02123491771085,0.0,0.0,-1.000088900581841e-12,0,0,1.0,6.944444444444444e-05,0.0,11.797674128110376,0.0,-11.760023379400854,0.5852648490044299,11.797674128110376,-8.4428343631523,2.2204460492503132e-17,0.0,-1.000088900581841e-12,0.0,0.0,Train005,10.0
131,3,1,6.944444444444444e-05,0.0,9.394921087374632,0.0,-9.36139165992811,0.7930248592730117,9.394921087374632,-7.443644698872589,1.1102230246251565e-16,0.0,-1.000088900581841e-12,0,0,1.0,6.944444444444444e-05,0.0,10.208940687989392,0.0,-10.183522086109225,0.7068733421597563,10.20894068798939,-4.906763673293047,4.4408920985006264e-17,0.0,-1.000088900581841e-12,0.0,0.0,Train005,10.0
131,4,1,6.944444444444444e-05,0.0,8.734375243758423,0.0,8.72824594650153,0.3271598938739364,8.734375243758423,-4.419615229561735,1.1102230246251565e-16,0.0,-1.000088900581841e-12,0,0,1.4,9.722222222222222e-05,-0.2,8.48894606520066,0.37004813334555015,4.984965544114777,0.2273419749566042,5.731939252539721,1.4408607477101227,0.3960457256515072,8.09451943530369,0.27725887222257806,0.0,0.2,Train005,10.0
131,5,2,0.0001388888888888889,0.0,10.230853563665637,1.3148184968853505,1.3148372301663782,-0.34111909036161736,1.3583663628199611,-6.7112128612202415,0.9663718913329147,42.89464480911558,0.6931471805579453,0,0,2.0,0.0001388888888888889,0.0,10.34302188203911,0.949592249022067,0.9496120577815139,-0.15620528608340495,0.9729748819875962,-1.883912472677061,0.9801443414343417,46.24208911482974,0.6931471805579453,0.0,0.0,Train005,10.0
132,0,3,0.00020833333333333335,0.0,7.852301364328174,1.160681416698163,-7.844707913219302,0.18039625143687543,7.846781827683118,-6.899465483252201,0.0007800721211730366,26.193651070286382,1.0986122886651097,0,0,3.0,0.00020833333333333335,0.0,8.410394421760195,1.3908788596376085,-8.39520812870885,0.1110142128875864,8.396629012536305,-0.786355783417313,0.001930762805441888,26.483137532405117,1.0986122886651097,0.0,0.0,Train005,10.0
132,1,3,0.00020833333333333335,0.0,8.298832450728986,0.7968320093059224,-8.291728889538556,0.09380805771009275,8.292259518930871,-7.158344559184726,0.0008131154042386735,23.847915213074106,1.0986122886651097,0,0,3.0,0.00020833333333333335,0.0,8.78608988984206,0.631651034917733,-8.77967077466757,0.059758014078553204,8.780033242983043,-0.09023954227439734,0.0006965961184920655,24.25371139532631,1.0986122886651097,0.0,0.0,Train005,10.0
132,2,1,6.944444444444444e-05,0.0,9.672551900119045,0.0,-9.67024627798217,-0.2111804528561787,9.672551900119045,-11.545562997093946,0.0,0.0,-1.000088900581841e-12,0,0,1.0,6.944444444444444e-05,0.0,11.167461836337708,0.0,-11.149155067867676,0.22491406254198615,11.167461836337708,-6.302122917726685,0.0,0.0,-1.000088900581841e-12,0.0,0.0,Train005,10.0
132,3,1,6.944444444444444e-05,0.0,8.583181368382423,0.0,-8.551727417706712,0.7341393435788951,8.583181368382423,-8.117397189922091,0.0,0.0,-1.000088900581841e-12,0,0,1.0,6.944444444444444e-05,0.0,9.735242415544253,0.0,-9.706647932754974,0.7369292796929126,9.735242415544255,-4.736982724451367,4.4408920985006264e-17,0.0,-1.000088900581841e-12,0.0,0.0,Train005,10.0
132,4,1,6.944444444444444e-05,0.0,8.06647869489733,0.0,8.061050012567375,0.29589057119158774,8.06647869489733,-6.678965488610924,1.1102230246251565e-16,0.0,-1.000088900581841e-12,0,0,1.2,8.333333333333333e-05,-0.2,8.464989463380396,0.17775617857454992,6.790087079625229,0.28115961127595296,7.152248996465754,1.537995767542892,0.19805717905736817,4.046426518706981,0.13862943611078898,0.0,0.2,Train005,10.0
132,5,2,0.0001388888888888889,0.0,9.393960529195198,1.2332565381995062,1.2333292043011523,-0.3250677189258401,1.275448920211924,-8.368930344704406,0.9650643947757134,42.73538510921568,0.6931471805579453,0,0,2.0,0.0001388888888888889,0.0,10.169265381400708,1.098808584177215,1.0987852452472264,-0.23449325615282995,1.1296724516068886,-1.7375650063840298,0.9744928122800751,44.81830996400658,0.6931471805579453,0.0,0.0,Train005,10.0
133,0,3,0.00020833333333333335,0.0,7.1493020735048525,1.0546677176534855,-7.142488989037775,0.16745112855080493,7.144451612193815,-7.029992908233211,0.0007530586520495541,26.18026678168952,1.0986122886651097,0,0,3.0,0.00020833333333333335,0.0,8.337922070126764,1.2745735150993096,-8.328500710455288,0.16390079975624244,8.330188315781466,-0.7247235163343138,0.0010100972251883,26.292003141316883,1.0986122886651097,0.0,0.0,Train005,10.0
133,1,3,0.00020833333333333335,0.0,7.561546699450422,0.7355173113085464,-7.555013883964051,0.08698698116316499,7.555514643079017,-7.37285751278564,0.0008193887385133936,23.83534381229748,1.0986122886651097,0,0,3.0,0.00020833333333333335,0.0,8.776683122273987,0.7593919612760012,-8.769646772691152,0.08590109209134003,8.770084249841112,-0.09406767568073864,0.0007727186435645406,23.981185654752995,1.0986122886651097,0.0,0.0,Train005,10.0
133,2,1,6.944444444444444e-05,0.0,8.610347775580415,0.0,-8.607975941913166,-0.20208661481337892,8.610347775580415,-10.622041245386296,0.0,0.0,-1.000088900581841e-12,0,0,1.0,6.944444444444444e-05,0.0,10.703523020315288,0.0,-10.701622511258694,-0.08664422854464814,10.703523020315288,-4.6393881602242075,0.0,0.0,-1.000088900581841e-12,0.0,0.0,Train005,10.0
133,3,1,6.944444444444444e-05,0.0,7.795864091907507,0.0,-7.766980369938629,0.6704572115212526,7.795864091907507,-7.873172764749157,0.0,0.0,-1.000088900581841e-12,0,0,1.0,6.944444444444444e-05,0.0,9.295340046873822,0.0,-9.263897175852758,0.762856804655177,9.295340046873822,-4.3990236867043295,4.4408920985006264e-17,0.0,-1.000088900581841e-12,0.0,0.0,Train005,10.0
133,4,1,6.944444444444444e-05,0.0,7.359515313855532,0.0,7.354648273121191,0.267608732199778,7.359515313855532,-7.06963381041799,0.0,0.0,-1.000088900581841e-12,0,0,1.0,6.944444444444444e-05,-0.2,8.4458150815391,0.0,8.43930389563932,0.3304664202407369,8.4458150815391,1.5858179673325363,8.881784197001253e-17,0.0,-1.000088900581841e-12,0.0,0.2,Train005,10.0
133,5,2,0.0001388888888888889,0.0,8.549199300365823,1.133257120390505,1.1333448017965653,-0.30030821158708965,1.172457019129457,-8.447612288293742,0.9645211723296188,42.72780135850882,0.6931471805579453,0,0,2.0,0.0001388888888888889,0.0,10.011255343394042,1.2333886420245084,1.233334935607632,-0.30696410926153556,1.2712125325933805,-1.5801003800666433,0.9687649626708534,43.39433634444327,0.6931471805579453,0.0,0.0,Train005,10.0
134,0,3,0.00020833333333333335,0.0,9.625721497564243,1.6952179906094076,-9.624585781185026,-0.042489765327568735,9.62467957074658,24.7641942405939,0.00012708596297217323,26.154498580499563,1.0986122886651097,0,0,3.0,0.00020833333333333335,0.0,8.449181170783117,1.3140809727865659,-8.442335009479049,0.13346524117926367,8.443908512732179,1.1125910065635274,0.0007076883963337943,26.214287915466837,1.0986122886651097,0.0,0.0,Train005,10.0
134,1,3,0.00020833333333333335,0.0,9.021335966543978,1.2437386914278141,-9.014288482609336,-0.01868576412833321,9.014307849495955,14.597892670935558,0.0008468245225081716,23.389220704648775,1.0986122886651097,0,0,3.0,0.00020833333333333335,0.0,8.688713808194805,0.8859352982509403,-8.681556668914991,0.07027678633019478,8.68196065643075,-0.8796931407918109,0.0008078750531195888,23.793649015557705,1.0986122886651097,0.0,0.0,Train005,10.0
134,2,1,6.944444444444444e-05,0.0,11.463310242097092,0.0,-11.451090363536245,-0.5291608382103483,11.463310242097092,28.529624665166775,1.1102230246251565e-16,0.0,-1.000088900581841e-12,0,0,1.0,6.944444444444444e-05,0.0,10.500509961844902,0.0,-10.496719225207183,-0.24504677011798143,10.500509961844902,-2.030130584703847,2.2204460492503132e-17,0.0,-1.000088900581841e-12,0.0,0.0,Train005,10.0
134,3,1,6.944444444444444e-05,0.0,10.576318785345991,0.0,-10.57164716445536,0.3143171639053177,10.576318785345991,27.80454693438484,0.0,0.0,-1.000088900581841e-12,0,0,1.0,6.944444444444444e-05,0.0,9.297914178054489,0.0,-9.271431954310525,0.6680061309388392,9.297914178054489,0.02574131180667578,4.4408920985006264e-17,0.0,-1.000088900581841e-12,0.0,0.0,Train005,10.0
134,4,2,0.0001388888888888889,1.0,10.829815008116825,0.9106137609211942,-0.9118069708174277,0.17869617076409314,0.9291524489969358,25.596859333400985,0.9828864350314731,17.376786967358242,0.6931471805579453,1,0,1.2,8.333333333333333e-05,0.2,8.833304205468542,0.18212275218423885,6.480268316837121,0.28621705971893324,6.853171693644565,2.0536637174520163,0.19657728700629468,3.4753573934716484,0.13862943611078898,0.2,0.0,Train005,10.0
134,5,2,0.0001388888888888889,0.0,10.702289339419597,0.7317176080962042,0.7315506724540928,-0.2739974245913197,0.7811792208262527,21.53090039053774,0.9743799758000652,37.606364614565784,0.6931471805579453,0,0,2.0,0.0001388888888888889,0.0,9.955655516486782,1.148706673534678,1.148685508488346,-0.3139569804549986,1.1915929307435689,-0.5559982690725966,0.9679898384121112,41.88611341948846,0.6931471805579453,0.0,0.0,Train005,10.0
135,0,3,0.00020833333333333335,0.0,9.921870376562689,1.8246162692272565,-9.917618174899793,-0.11294139444846847,9.918261239838497,2.961488789984452,0.00042972218164627485,26.1770959206407,1.0986122886651097,0,0,3.0,0.00020833333333333335,0.0,8.61828864492267,1.4016222752953518,-8.612614464656962,0.07591011046541415,8.6139794594309,1.6910747413955343,0.0005875070467646681,26.186633693521912,1.0986122886651097,0.0,0.0,Train005,10.0
135,1,3,0.00020833333333333335,0.0,8.997339339725812,1.3524734387478747,-8.989671993980648,-0.05425607894992244,8.98983572049362,-0.23996626818164835,0.0009242072616922892,23.24304216395232,1.0986122886651097,0,0,3.0,0.00020833333333333335,0.0,8.578744272619332,0.9933632349306455,-8.5715649698424,0.04107856886292183,8.571913490468063,-1.0996953557547469,0.0008403375414443471,23.640939048884217,1.0986122886651097,0.0,0.0,Train005,10.0
135,2,1,6.944444444444444e-05,0.0,11.643024469189795,0.0,-11.627442641274492,-0.6021597911053288,11.643024469189795,1.7971422709270257,0.0,0.0,-1.000088900581841e-12,0,0,1.0,6.944444444444444e-05,0.0,10.443268517362958,0.0,-10.436429318004231,-0.3474785344847347,10.443268517362958,-0.5724144448194579,2.2204460492503132e-17,0.0,-1.000088900581841e-12,0.0,0.0,Train005,10.0
135,3,1,6.944444444444444e-05,0.0,10.923528611172847,0.0,-10.92217105004443,0.1722117089026033,10.923528611172847,3.4720982582685522,0.0,0.0,-1.000088900581841e-12,0,0,1.0,6.944444444444444e-05,0.0,9.45476278883668,0.0,-9.434783532414647,0.5368300574362161,9.454762788836678,1.5684861078219108,2.2204460492503132e-17,0.0,-1.000088900581841e-12,0.0,0.0,Train005,10.0
135,4,2,0.0001388888888888889,0.0,10.760113950301694,0.5367397274250703,-0.5374640177683592,0.18055128731713602,0.5669800152982308,-0.697010578151307,0.9830000953635951,18.17484555686094,0.6931471805579453,0,0,1.4,9.722222222222222e-05,0.2,9.150059642185962,0.2894706976692529,4.538934648720862,0.24998133106930626,5.131300343361291,1.3463268453318076,0.3931773060790137,7.1103265048438375,0.27725887222257806,0.2,0.0,Train005,10.0
135,5,2,0.0001388888888888889,0.0,10.81771781053249,0.5506785692932494,0.5504929582410414,-0.24870604883631375,0.6040672113273023,1.1542847111289145,0.977017598128119,35.822603996776145,0.6931471805579453,0,0,2.0,0.0001388888888888889,0.0,9.938804108635747,0.992745666572963,0.992710973391846,-0.29783969886043615,1.0383037468629794,-0.16851407851034744,0.9694710064732863,40.3573599776364,0.6931471805579453,0.0,0.0,Train005,10.0
136,0,3,0.00020833333333333335,0.0,9.439817540247189,1.76352208642824,-9.434274356915617,-0.1307833157559881,9.435180809991705,-4.820528363154999,0.0005814742731293787,26.189332071640493,1.0986122886651097,0,0,3.0,0.00020833333333333335,0.0,8.79780257044143,1.4997410961233106,-8.792735043051504,0.012326580891131011,8.793871012090744,1.7951392551875884,0.0005342826381940835,26.17896888495133,1.0986122886651097,0.0,0.0,Train005,10.0
136,1,3,0.00020833333333333335,0.0,8.459088438290571,1.3108662379526383,-8.451558516497625,-0.06340370152329085,8.451796340846743,-5.382509014352411,0.0009619061188268496,23.194051276329414,1.0986122886651097,0,0,3.0,0.00020833333333333335,0.0,8.467628578947952,1.087885537748559,-8.460452353318043,0.00888989885434227,8.460742814569242,-1.111156936713773,0.0008730884091558755,23.50191463406042,1.0986122886651097,0.0,0.0,Train005,10.0
136,2,1,6.944444444444444e-05,0.0,10.942290189558706,0.0,-10.926522809982623,-0.5872085451031318,10.942290189558706,-7.007342796310887,0.0,0.0,-1.000088900581841e-12,0,0,1.0,6.944444444444444e-05,0.0,10.46630491530901,0.0,-10.45665560693774,-0.42635924841767336,10.46630491530901,0.23036397946053455,2.2204460492503132e-17,0.0,-1.000088900581841e-12,0.0,0.0,Train005,10.0
136,3,1,6.944444444444444e-05,0.0,10.401009372408724,0.0,-10.4003982024612,0.11275280562348293,10.401009372408724,-5.225192387641222,0.0,0.0,-1.000088900581841e-12,0,0,1.0,6.944444444444444e-05,0.0,9.655980445843499,0.0,-9.642584840921266,0.40077564670631033,9.655980445843497,2.012176570068184,0.0,0.0,-1.000088900581841e-12,0.0,0.0,Train005,10.0
136,4,2,0.0001388888888888889,0.0,10.114019906039054,0.3873172475248188,-0.3878403353618811,0.17030473808506513,0.42358450107131995,-6.460940442626386,0.9830317782268018,18.500180401284414,0.6931471805579453,0,0,1.6,0.00011111111111111112,0.2,9.425988574642087,0.36693414717421663,2.7157173923481794,0.21861029991153202,3.4691421948238697,0.9380618027188774,0.589783661724374,10.81036258510072,0.4158883083343672,0.2,0.0,Train005,10.0
136,5,2,0.0001388888888888889,0.0,10.21967392304514,0.4562684613633907,0.4560915659759628,-0.2252637114390748,0.5086877787461703,-5.980438874873499,0.9779709526362278,35.21497116219671,0.6931471805579453,0,0,2.0,0.0001388888888888889,0.0,9.93656818051165,0.8210356594685712,0.8209618405537629,-0.2746686230759276,0.8683680300482213,-0.022359281240998997,0.9717908187339489,38.82142524825262,0.6931471805579453,0.0,0.0,Train005,10.0
137,0,3,0.00020833333333333335,0.0,8.71597622434358,1.6391955265237852,-8.71025119314921,-0.1292966227824342,8.711210792101186,-7.238413159036071,0.0006478774992203506,26.193893158701712,1.0986122886651097,0,0,3.0,0.00020833333333333335,0.0,8.97053754244451,1.595443918088435,-8.965843699037483,-0.049611993952730915,8.966756804974356,1.7273497200308143,0.0005078437138035463,26.179017302634396,1.0986122886651097,0.0,0.0,Train005,10.0
137,1,3,0.00020833333333333335,0.0,7.774001287500802,1.2192444996502094,-7.7669484397792035,-0.06284311703212461,7.767202670430772,-6.850871507897703,0.0009784877492848842,23.17920545714593,1.0986122886651097,0,0,3.0,0.00020833333333333335,0.0,8.362662346302319,1.1723680358174167,-8.355496263366172,-0.0224403360941012,8.355731444869221,-1.0496623264563685,0.0009061628781651176,23.368172682874782,1.0986122886651097,0.0,0.0,Train005,10.0
137,2,1,6.944444444444444e-05,0.0,10.00471425174821,0.0,-9.989885211651245,-0.5445187941343326,10.00471425174821,-9.375759378104966,0.0,0.0,-1.000088900581841e-12,0,0,1.0,6.944444444444444e-05,0.0,10.532737385634842,0.0,-10.520583393671554,-0.49302691667330406,10.532737385634842,0.6643247032583304,2.2204460492503132e-17,0.0,-1.000088900581841e-12,0.0,0.0,Train005,10.0
137,3,1,6.944444444444444e-05,0.0,9.607034385333302,0.0,-9.606654119482275,0.0854769536812733,9.607034385333302,-7.939749870754227,0.0,0.0,-1.000088900581841e-12,0,0,1.0,6.944444444444444e-05,0.0,9.860751049233674,0.0,-9.853570181276378,0.27104316872678597,9.860751049233674,2.0477060339017568,0.0,0.0,-1.000088900581841e-12,0.0,0.0,Train005,10.0
137,4,2,0.0001388888888888889,0.0,9.293480289775934,0.3121215155820085,-0.3125438149364186,0.15672504336685364,0.34963749151564455,-8.205396162631216,0.9830361375413477,18.596500289997483,0.6931471805579453,0,0,1.8,0.000125,0.2,9.671388893617808,0.42935845029061837,1.0409986268474207,0.1907771943465852,1.9257739541475327,0.6327756679148191,0.7863908892326436,14.529662643100215,0.5545177444461562,0.2,0.0,Train005,10.0
137,5,2,0.0001388888888888889,0.0,9.40954791316462,0.39719043888794925,0.39702742023980164,-0.2038478617723189,0.4463011574838435,-8.101260098805199,0.9783505421314009,35.03606862424365,0.6931471805579453,0,0,2.0,0.0001388888888888889,0.0,9.939685657305533,0.6538224396062597,0.6537014837414927,-0.25042465164522343,0.7025384775026052,0.031174767938842506,0.9744480482050865,37.28156195125822,0.6931471805579453,0.0,0.0,Train005,10.0
138,0,3,0.00020833333333333335,0.0,7.950974347179314,1.4999931699645077,-7.945514694996667,-0.12118055141532352,7.946438730302354,-7.650018771642666,0.0006762959113199019,26.19506105581755,1.0986122886651097,0,0,3.0,0.00020833333333333335,0.0,9.130871997179401,1.6845090085506391,-9.126448840229262,-0.10733832994595663,9.127154228596066,1.603344547348923,0.0004924911656576158,26.181976157460003,1.0986122886651097,0.0,0.0,Train005,10.0
138,1,3,0.00020833333333333335,0.0,7.0783039785550015,1.1156307276107251,-7.071829969040653,-0.05894656658024239,7.072075636525186,-6.956973089458002,0.0009856109005260683,23.176731127998497,1.0986122886651097,0,0,3.0,0.00020833333333333335,0.0,8.266013802123233,1.2483907190778525,-8.258859480381492,-0.05162704564278268,8.259043643558455,-0.9664854417908408,0.0009394073105676526,23.236450146014988,1.0986122886651097,0.0,0.0,Train005,10.0
138,2,1,6.944444444444444e-05,0.0,9.055578435331403,0.0,-9.042001909802863,-0.49568363051497266,9.055578435331403,-9.491358164168062,1.1102230246251565e-16,0.0,-1.000088900581841e-12,0,0,1.0,6.944444444444444e-05,0.0,10.621783517585042,0.0,-10.607388587249494,-0.5517463198136229,10.621783517585042,0.890461319501977,4.4408920985006264e-17,0.0,-1.000088900581841e-12,0.0,0.0,Train005,10.0
138,3,1,6.944444444444444e-05,0.0,8.765575367335698,0.0,-8.765288010018002,0.07097620641455364,8.765575367335698,-8.414590179976038,1.1102230246251565e-16,0.0,-1.000088900581841e-12,0,0,1.0,6.944444444444444e-05,0.0,10.054693304319311,0.0,-10.053231709292254,0.15114696770544617,10.054693304319311,1.9394225508563807,2.2204460492503132e-17,0.0,-1.000088900581841e-12,0.0,0.0,Train005,10.0
138,4,2,0.0001388888888888889,0.0,8.459037216995657,0.26541261856203935,-0.26577521244571756,0.14275327175429153,0.30168685776334525,-8.344430727802754,0.983036255476289,18.601007744618762,0.6931471805579453,0,0,2.0,0.0001388888888888889,0.2,9.891293274245832,0.4824409740030262,-0.48308607026596084,0.16580610225748788,0.5142082629290953,0.3778162844378663,0.9829981403279013,18.24986419202397,0.6931471805579453,0.2,0.0,Train005,10.0
138,5,2,0.0001388888888888889,0.0,8.573715035476067,0.3536848268634696,0.3535362243280904,-0.18439965537735764,0.3987368741607053,-8.35832877688552,0.9785074116058077,35.01437439741857,0.6931471805579453,0,0,2.0,0.0001388888888888889,0.0,9.944588804327584,0.49790798090085264,0.4977397682477978,-0.22724294040327697,0.5477944485088548,0.049031470220487,0.9772452960603241,35.73887655904017,0.6931471805579453,0.0,0.0,Train005,10.0
139,0,3,0.00020833333333333335,0.0,9.184996402398125,2.0613970029050868,-9.176846406675269,0.18359284004935575,9.178682710641336,12.340220552188107,0.0007144861831189786,25.4389618318565,1.0986122886651097,0,0,3.0,0.00020833333333333335,0.0,9.04272697814618,1.757744811009775,-9.03690096532731,-0.062121808870571706,9.037954856575016,-0.8814501903322352,0.0006099712096869769,26.038868807731387,1.0986122886651097,0.0,0.0,Train005,10.0
139,1,3,0.00020833333333333335,0.0,9.165512037341806,0.5154987125165803,-9.163091564189196,-0.15230325603705122,9.16435722216865,20.87208058786805,0.0001307681973383712,23.673652297843162,1.0986122886651097,0,0,3.0,0.00020833333333333335,0.0,8.294849016282798,1.1027427232956055,-8.288620096697466,-0.07835054402452628,8.289053518092995,0.2883521415956579,0.0007961960455336925,23.293336464653866,1.0986122886651097,0.0,0.0,Train005,10.0
139,2,1,6.944444444444444e-05,0.0,12.521840230630067,0.0,-12.520612172992184,0.17536697221992886,12.521840230630067,34.662617952986636,1.1102230246251565e-16,0.0,-1.000088900581841e-12,0,0,1.0,6.944444444444444e-05,0.0,10.833489515291637,0.0,-10.82129294914068,-0.4108407577275674,10.833489515291637,2.1170599770659493,4.4408920985006264e-17,0.0,-1.000088900581841e-12,0.0,0.0,Train005,10.0
139,3,1,6.944444444444444e-05,0.0,12.080738860602516,0.0,-12.080580977538657,0.061762959797162426,12.080738860602516,33.15163493266817,0.0,0.0,-1.000088900581841e-12,0,0,1.0,6.944444444444444e-05,0.0,10.355577319370617,0.0,-10.355018471908913,0.10063612688381511,10.355577319370616,3.008840150513047,2.2204460492503132e-17,0.0,-1.000088900581841e-12,0.0,0.0,Train005,10.0
139,4,2,0.0001388888888888889,0.0,9.741979775615956,0.5374062645259965,-0.5339220637741171,0.27764881250445655,0.6017986650616194,12.829425586202978,0.972155923881501,21.016606592453382,0.6931471805579453,0,0,2.0,0.0001388888888888889,0.0,9.673726227745659,0.4077994747239867,-0.4075090888572987,0.18559663060556056,0.44873750614203195,-2.175670465001735,0.9808520380979069,18.977828117042996,0.6931471805579453,0.0,0.0,Train005,10.0
139,5,2,0.0001388888888888889,0.0,11.019354536645881,1.1999585082001127,1.199805385133729,-0.019293918605283816,1.199960506638049,24.456395011698138,0.9998000700568916,30.06700855028785,0.6931471805579453,0,0,2.0,0.0001388888888888889,0.0,10.008001843772838,0.5915561609216343,0.5913907107837251,-0.17630223920606983,0.6315507056712141,0.6341303944525662,0.9823293149116894,34.23100534618458,0.6931471805579453,0.0,0.0,Train005,10.0
140,0,3,0.00020833333333333335,0.0,9.075747253920317,2.172072714163807,-9.063144837783845,0.2784910154334386,9.067422544269407,-1.0924914847780798,0.0008852544519470928,25.15500301285586,1.0986122886651097,0,0,3.0,0.00020833333333333335,0.0,8.873502353617706,1.8272360999970854,-8.866006297904121,0.016164673105809702,8.867787117461198,-1.6922462452847415,0.0007010776637471405,25.834450226174425,1.0986122886651097,0.0,0.0,Train005,10.0
140,1,3,0.00020833333333333335,0.0,9.351236277739758,0.27623636545558844,-9.349024469657168,-0.17572834474152302,9.350675857144985,1.8572424039795148,6.035632179890449e-05,23.873854064724437,1.0986122886651097,0,0,3.0,0.00020833333333333335,0.0,8.365628403885589,0.8874953086371484,-8.360490591832768,-0.10264499718284639,8.361221545423266,0.7077938760278906,0.0006234258575550155,23.419498844808288,1.0986122886651097,0.0,0.0,Train005,10.0
140,2,1,6.944444444444444e-05,0.0,12.941288710114325,0.0,-12.935301894674968,0.39359671257603746,12.941288710114325,4.194484794842577,0.0,0.0,-1.000088900581841e-12,0,0,1.0,6.944444444444444e-05,0.0,11.093142363476542,0.0,-11.082864799820777,-0.21168945699129416,11.093142363476542,2.5965284818490595,4.4408920985006264e-17,0.0,-1.000088900581841e-12,0.0,0.0,Train005,10.0
140,3,1,6.944444444444444e-05,0.0,12.5195370002393,0.0,-12.519416507436308,0.05492734921811927,12.5195370002393,4.387981396367842,1.1102230246251565e-16,0.0,-1.000088900581841e-12,0,0,1.0,6.944444444444444e-05,0.0,10.674778997183907,0.0,-10.674467563387289,0.07717925494691831,10.674778997183909,3.192016778132905,4.4408920985006264e-17,0.0,-1.000088900581841e-12,0.0,0.0,Train005,10.0
140,4,2,0.0001388888888888889,0.0,9.611965415003429,0.5987707719828776,-0.5935297961203521,0.3079944399475472,0.6686839267705408,-1.3001436061252747,0.9689702861888738,22.066599957812535,0.6931471805579453,0,0,2.0,0.0001388888888888889,0.0,9.444096520686006,0.42020568363554817,-0.4187222445276973,0.2110852611316428,0.469078288436494,-2.2962970705965287,0.9780460762629627,19.756178997233313,0.6931471805579453,0.0,0.0,Train005,10.0
140,5,2,0.0001388888888888889,0.0,11.219642528939007,1.4223269975045856,1.423266822550394,0.03911078426770696,1.4238040952387832,2.002879922931262,0.994173991032635,28.468471271768376,0.6931471805579453,0,0,2.0,0.0001388888888888889,0.0,10.088386787454144,0.7658858465639016,0.7659454836455956,-0.11873887258526568,0.7954980824535103,0.8038494368130358,0.9857605934925926,32.76017880118303,0.6931471805579453,0.0,0.0,Train005,10.0
141,0,3,0.00020833333333333335,0.0,8.503449377121223,2.0856171262296948,-8.489537905265022,0.29499025153036623,8.494661446663402,-5.722978767990931,0.0009756895373802532,25.04969978346863,1.0986122886651097,0,0,3.0,0.00020833333333333335,0.0,8.686228720992512,1.8916551079573765,-8.677059007574002,0.10131938656308057,8.679683244795537,-1.8727363262519279,0.0007799207165973155,25.60652376854005,1.0986122886651097,0.0,0.0,Train005,10.0
141,1,3,0.00020833333333333335,0.0,8.864936897680414,0.17689833877631883,-8.86280783978403,-0.1735054842632758,8.864506018837526,-4.862993800593447,4.852449495340583e-05,23.952064897207922,1.0986122886651097,0,0,3.0,0.00020833333333333335,0.0,8.446798095763556,0.6607017288018845,-8.44274045649005,-0.12466535373084339,8.443763481021424,0.8116969187796833,0.0004407495327803268,23.571101568983988,1.0986122886651097,0.0,0.0,Train005,10.0
141,2,1,6.944444444444444e-05,0.0,12.293763333923065,0.0,-12.285734782791573,0.44422714619486836,12.293763333923065,-6.475253761912594,0.0,0.0,-1.000088900581841e-12,0,0,1.0,6.944444444444444e-05,0.0,11.363436992349415,0.0,-11.354707194382566,-0.005402318731694111,11.363436992349415,2.702946288728718,4.4408920985006264e-17,0.0,-1.000088900581841e-12,0.0,0.0,Train005,10.0
141,3,1,6.944444444444444e-05,0.0,11.93430074595402,0.0,-11.93419883696663,0.04931951564069219,11.93430074595402,-5.8523625428527914,1.1102230246251565e-16,0.0,-1.000088900581841e-12,0,0,1.0,6.944444444444444e-05,0.0,10.981437271892968,0.0,-10.981227690288375,0.06449259695036016,10.981437271892966,3.066582747090591,6.661338147750939e-17,0.0,-1.000088900581841e-12,0.0,0.0,Train005,10.0
141,4,2,0.0001388888888888889,0.0,8.999170961186396,0.5833432446579252,-0.5777351138986315,0.3002915292100189,0.6511166288359992,-6.127944538170329,0.9677908012806105,22.43938998163363,0.6931471805579453,0,0,2.0,0.0001388888888888889,0.0,9.221126731715476,0.45941088306216943,-0.45670120023504734,0.23708261935663355,0.5145847139894298,-2.2296978897053172,0.9749978808737243,20.54402091330316,0.6931471805579453,0.0,0.0,Train005,10.0
141,5,2,0.0001388888888888889,0.0,10.628056635321862,1.41587119428773,1.4172522045558322,0.05706184055977208,1.4184004600134743,-5.91585893617145,0.9919619156722286,27.941519957417988,0.6931471805579453,0,0,2.0,0.0001388888888888889,0.0,10.170063329909487,0.9578063931487695,0.9581776113615694,-0.062273762185496295,0.977440618706971,0.8167654245534457,0.9885587860997929,31.305488560227285,0.6931471805579453,0.0,0.0,Train005,10.0
142,0,3,0.00020833333333333335,0.0,7.803824377788935,1.9332735159245544,-7.790203981224491,0.28332142870125004,7.795354328126928,-6.996249993322898,0.0010167197666662853,25.01230218593217,1.0986122886651097,0,0,3.0,0.00020833333333333335,0.0,8.503798351681583,1.9504707058375303,-8.49304956518906,0.18384299685981742,8.496511952000684,-1.8243036931092935,0.0008536891700865023,25.37020557398614,1.0986122886651097,0.0,0.0,Train005,10.0
142,1,3,0.00020833333333333335,0.0,8.17397184674948,0.13200800610477775,-8.171981048868728,-0.1625130935417468,8.17359680732064,-6.909650509309338,4.571354456683885e-05,23.9823670591223,1.0986122886651097,0,0,3.0,0.00020833333333333335,0.0,8.526792207613292,0.44325443009279814,-8.523746978307956,-0.1445993490327678,8.525042308399398,0.7999411184973566,0.0002541946918367177,23.731733889379264,1.0986122886651097,0.0,0.0,Train005,10.0
142,2,1,6.944444444444444e-05,0.0,11.324521022606568,0.0,-11.316178321724164,0.43460853926054366,11.324521022606568,-9.692423113164974,0.0,0.0,-1.000088900581841e-12,0,0,1.0,6.944444444444444e-05,0.0,11.627398346521087,0.0,-11.619965816397151,0.19042314794728116,11.627398346521087,2.6396135417167166,4.4408920985006264e-17,0.0,-1.000088900581841e-12,0.0,0.0,Train005,10.0
142,3,1,6.944444444444444e-05,0.0,11.028173540321111,0.0,-11.028083887208364,0.04446810243231513,11.028173540321111,-9.061272056329095,0.0,0.0,-1.000088900581841e-12,0,0,1.0,6.944444444444444e-05,0.0,11.265665102890528,0.0,-11.265513643833593,0.05629082670056853,11.265665102890528,2.8422783099756175,6.661338147750939e-17,0.0,-1.000088900581841e-12,0.0,0.0,Train005,10.0
142,4,2,0.0001388888888888889,0.0,8.255334980789465,0.5425746519971515,-0.5371614992962184,0.279868697464667,0.605697089432276,-7.4383598039693055,0.9673171777184157,22.539482204651286,0.6931471805579453,0,0,2.0,0.0001388888888888889,0.0,9.01349766991818,0.5055015103451981,-0.5016247371070073,0.26171135017619623,0.5657966335727561,-2.0762906179729352,0.971854088909138,21.33261729623392,0.6931471805579453,0.0,0.0,Train005,10.0
142,5,2,0.0001388888888888889,0.0,9.796503918840317,1.3303962757067236,1.3318653442251929,0.059922735911794686,1.333212672242222,-8.315527164815446,0.9910761318701631,27.784195274580657,0.6931471805579453,0,0,2.0,0.0001388888888888889,0.0,10.247454531044628,1.1444475605125244,1.1451451961586476,-0.009519642648673578,1.1548229216586468,0.7739120113513962,0.9911039040475453,29.85511389029469,0.6931471805579453,0.0,0.0,Train005,10.0
143,0,3,0.00020833333333333335,0.0,7.10121389144246,1.7666911403189376,-7.088485687534579,0.26257039615635275,7.093347062940054,-7.026104863464734,0.001034566803806758,25.000625961563767,1.0986122886651097,0,0,3.0,0.00020833333333333335,0.0,8.333846260534212,2.003810299908416,-8.321643763696642,0.2605931863741527,8.325893618528225,-1.6995209114737069,0.0009253433485838736,25.131318555135387,1.0986122886651097,0.0,0.0,Train005,10.0
143,1,3,0.00020833333333333335,0.0,7.4526731557784,0.10865573384402157,-7.450845231768828,-0.14912500643042867,7.452337414215433,-7.212986909710788,4.486106978474069e-05,23.994120064056442,1.0986122886651097,0,0,3.0,0.00020833333333333335,0.0,8.601666043057971,0.24185943133945745,-8.599550030853589,-0.16263503700280507,8.601094663937449,0.748738354446799,6.604472568845221e-05,23.895211676590854,1.0986122886651097,0.0,0.0,Train005,10.0
143,2,1,6.944444444444444e-05,0.0,10.306887296823456,0.0,-10.298925661656265,0.4050382267129855,10.306887296823456,-10.176337257831118,1.1102230246251565e-16,0.0,-1.000088900581841e-12,0,0,1.0,6.944444444444444e-05,0.0,11.877660118819495,0.0,-11.871350566767832,0.37056751939287275,11.877660118819495,2.5026177229841053,4.4408920985006264e-17,0.0,-1.000088900581841e-12,0.0,0.0,Train005,10.0
143,3,1,6.944444444444444e-05,0.0,10.064068005629009,0.0,-10.06398785753099,0.04016497720961156,10.064068005629009,-9.641055346921021,1.1102230246251565e-16,0.0,-1.000088900581841e-12,0,0,1.0,6.944444444444444e-05,0.0,11.52536363054919,0.0,-11.52525361333619,0.05012858085958012,11.52536363054919,2.596985276586621,6.661338147750939e-17,0.0,-1.000088900581841e-12,0.0,0.0,Train005,10.0
143,4,2,0.0001388888888888889,0.0,7.510140808204701,0.4957120211987607,-0.4906850428661258,0.2562538119451814,0.5535682680835021,-7.451941725847635,0.9671208236298846,22.537286316134956,0.6931471805579453,0,0,2.0,0.0001388888888888889,0.0,8.823718388159989,0.5515613908725423,-0.546606703191089,0.2844114582143742,0.6161729156367874,-1.8977928175819117,0.9686710025398572,22.119873010537155,0.6931471805579453,0.0,0.0,Train005,10.0
143,5,2,0.0001388888888888889,0.0,8.930702867622655,1.2224935864888273,1.223909113373471,0.05738104163594331,1.225253484687092,-8.658010512176624,0.9907092310926363,27.759739524395027,0.6931471805579453,0,0,2.0,0.0001388888888888889,0.0,10.318852097473945,1.3182093124375958,1.3192197739677236,0.038836496753986614,1.320126243763924,0.7139756642931754,0.993544267944911,28.40418691568998,0.6931471805579453,0.0,0.0,Train005,10.0
144,0,3,0.00020833333333333335,0.0,7.905957788082577,2.18118358249624,-7.900650094353015,0.14150573812867176,7.901917222252056,8.047438966401158,0.0006358448871827127,24.00567932221445,1.0986122886651097,0,0,3.0,0.00020833333333333335,0.0,8.078038537671102,2.027767615826647,-8.06640450123219,0.25217576599001584,8.07054052085037,-2.558077228631096,0.0009096150893966204,24.844662053206974,1.0986122886651097,0.0,0.0,Train005,10.0
144,1,3,0.00020833333333333335,0.0,9.429717434845479,0.7437874359361003,-9.412569457876236,-0.23387559135415661,9.415474581324926,19.770442790670778,0.0014581721095414668,22.49972338081442,1.0986122886651097,0,0,3.0,0.00020833333333333335,0.0,8.654507122558707,0.2875171760233614,-8.649445609590998,-0.17894950406622617,8.651318135768701,0.5284107950073441,0.0003315255081290713,23.660425893185106,1.0986122886651097,0.0,0.0,Train005,10.0
144,2,1,6.944444444444444e-05,0.0,11.737246527405203,0.0,-11.73497327436647,-0.23099414492626077,11.737246527405203,14.303592305817467,1.1102230246251565e-16,0.0,-1.000088900581841e-12,0,0,1.0,6.944444444444444e-05,0.0,11.720741378174523,0.0,-11.714222787042688,0.2892952959636349,11.720741378174523,-1.5691874064497284,4.4408920985006264e-17,0.0,-1.000088900581841e-12,0.0,0.0,Train005,10.0
144,3,1,6.944444444444444e-05,0.0,11.198432931743229,0.0,-11.19837407971168,0.03630561379205233,11.198432931743229,11.343649261142197,0.0,0.0,-1.000088900581841e-12,0,0,1.0,6.944444444444444e-05,0.0,11.348902444777334,0.0,-11.348812233770794,0.0450371116585581,11.348902444777334,-1.7646118577185745,6.661338147750939e-17,0.0,-1.000088900581841e-12,0.0,0.0,Train005,10.0
144,4,2,0.0001388888888888889,0.0,9.754810709412821,0.7452161726630688,-0.7443481861628003,-0.062464317978553445,0.7469645328021783,22.446699012081194,0.9947485609477996,27.977493448111613,0.6931471805579453,0,0,2.0,0.0001388888888888889,0.0,8.826284574919361,0.5931233724999567,-0.5886919276688256,0.21638883211777218,0.6452060891848992,0.025661867593731104,0.9731895299531168,23.512050381668807,0.6931471805579453,0.0,0.0,Train005,10.0
144,5,2,0.0001388888888888889,0.0,10.76385277611788,1.4047739592040633,1.4083550643968445,0.0531947325331143,1.409359310815205,18.331499084952235,0.9893555968462284,24.711233915908004,0.6931471805579453,0,0,2.0,0.0001388888888888889,0.0,10.267751745368344,1.359172402638386,1.360929709820347,0.05333422698166623,1.3620060045993552,-0.5110035210560057,0.9914553733027782,27.333031988814007,0.6931471805579453,0.0,0.0,Train005,10.0
145,0,3,0.00020833333333333335,0.0,7.725095759467787,2.2416922411961933,-7.7169174506202545,0.0911819290329538,7.7174561277580045,-1.8086202861479055,0.0011983969866945499,23.656952457091137,1.0986122886651097,0,0,3.0,0.00020833333333333335,0.0,7.807908238780596,2.041691521233124,-7.7971590237994715,0.21471394870991892,7.800547237548088,-2.701302988905062,0.0009722435963461118,24.545051942054034,1.0986122886651097,0.0,0.0,Train005,10.0
145,1,3,0.00020833333333333335,0.0,9.566902537599072,0.9260077622332507,-9.538853226601157,-0.24950881793566856,9.54211588322354,1.3718510275359463,0.0024842797993960275,21.937296933696953,1.0986122886651097,0,0,3.0,0.00020833333333333335,0.0,8.697640374530568,0.4174714553788939,-8.687411360979796,-0.19370559870505527,8.689606140984413,0.43133251971863035,0.000816310203648496,23.273114466979607,1.0986122886651097,0.0,0.0,Train005,10.0
145,2,1,6.944444444444444e-05,0.0,11.535422164411443,0.0,-11.527158812025402,-0.4365480884620823,11.535422164411443,-2.018243629937597,1.1102230246251565e-16,0.0,-1.000088900581841e-12,0,0,1.0,6.944444444444444e-05,0.0,11.439568069033948,0.0,-11.432594170512775,0.1232663357560109,11.439568069033948,-2.811733091405763,6.661338147750939e-17,0.0,-1.000088900581841e-12,0.0,0.0,Train005,10.0
145,3,1,6.944444444444444e-05,0.0,10.932400406872322,0.0,-10.932351119728425,0.03282759745662808,10.932400406872322,-2.660325248709068,1.1102230246251565e-16,0.0,-1.000088900581841e-12,0,0,1.0,6.944444444444444e-05,0.0,11.031475126103938,0.0,-11.031399156229218,0.04061716130625986,11.031475126103938,-3.1742731867339566,6.661338147750939e-17,0.0,-1.000088900581841e-12,0.0,0.0,Train005,10.0
145,4,2,0.0001388888888888889,0.0,9.962582898488382,0.7913346805866679,-0.7874324418083418,-0.16928251576355677,0.8054231313759783,2.0777218907555994,0.9848973357088979,30.10764736268427,0.6931471805579453,0,0,2.0,0.0001388888888888889,0.0,8.896408071616353,0.6316361542207148,-0.6274724568064236,0.1209334409755514,0.6725539301059869,0.7012349669699063,0.9763749398571215,25.12025986264315,0.6931471805579453,0.0,0.0,Train005,10.0
145,5,2,0.0001388888888888889,0.0,10.76676602947002,1.3854622077336591,1.3895627263276857,0.04859440538007889,1.390412164300023,0.0291325335214232,0.9890215497453196,23.84948914045581,0.6931471805579453,0,0,2.0,0.0001388888888888889,0.0,10.177176445474547,1.3517994446842008,1.3541888905758053,0.05523095120414062,1.3553276184116032,-0.9057529989379727,0.9904248850453152,26.409235562551498,0.6931471805579453,0.0,0.0,Train005,10.0
146,0,3,0.00020833333333333335,0.0,7.207754839223763,2.1353015602006926,-7.19846980329585,0.06835783731587332,7.1987943645366546,-5.17340920244024,0.0014772891303318492,23.53378839485538,1.0986122886651097,0,0,3.0,0.00020833333333333335,0.0,7.548769331201105,2.0516284080273235,-7.538945403405637,0.16938746586702033,7.54137382112274,-2.591389075794924,0.001072563514936431,24.241869664331382,1.0986122886651097,0.0,0.0,Train005,10.0
146,1,3,0.00020833333333333335,0.0,9.051559733093635,0.9350333450979189,-9.020754275056568,-0.24023566708491947,9.023952618819044,-5.153428045054369,0.0029176430135435805,21.72929471096683,1.0986122886651097,0,0,3.0,0.00020833333333333335,0.0,8.734964941613212,0.5690984566432139,-8.719000648034303,-0.207051635269384,8.721495460980716,0.37324567082644594,0.0013901339073665309,22.82856042973139,1.0986122886651097,0.0,0.0,Train005,10.0
146,2,1,6.944444444444444e-05,0.0,10.777575089021553,0.0,-10.766816041586083,-0.4814531401315609,10.777575089021553,-7.578470753898898,0.0,0.0,-1.000088900581841e-12,0,0,1.0,6.944444444444444e-05,0.0,11.136330420053644,0.0,-11.128810422271675,-0.061869721509274944,11.136330420053644,-3.032376489803024,6.661338147750939e-17,0.0,-1.000088900581841e-12,0.0,0.0,Train005,10.0
146,3,1,6.944444444444444e-05,0.0,10.196065739996541,0.0,-10.196022521944517,0.02968680399433279,10.196065739996541,-7.363346668757806,1.1102230246251565e-16,0.0,-1.000088900581841e-12,0,0,1.0,6.944444444444444e-05,0.0,10.683828124912441,0.0,-10.683763893224796,0.036690618976987985,10.683828124912443,-3.4764700119149596,6.661338147750939e-17,0.0,-1.000088900581841e-12,0.0,0.0,Train005,10.0
146,4,2,0.0001388888888888889,0.0,9.447583672569879,0.7605025607264846,-0.7553521400957734,-0.19633061323616208,0.7804502323921445,-5.149992259185021,0.9813820581532369,30.87230568140927,0.6931471805579453,0,0,2.0,0.0001388888888888889,0.0,8.98609061389305,0.6670680174344267,-0.6629958620458519,0.0216090124863152,0.6984206508172159,0.8968254227669679,0.979093191231647,26.806843002598278,0.6931471805579453,0.0,0.0,Train005,10.0
146,5,2,0.0001388888888888889,0.0,10.133527470864738,1.297247540530864,1.3012833036201759,0.044127838783983964,1.302031298562513,-6.332385586052833,0.9889047148901225,23.58478819541742,0.6931471805579453,0,0,2.0,0.0001388888888888889,0.0,10.078270612583122,1.3280747139328275,1.330995110388674,0.052644150848982996,1.332053786121411,-0.9890583289142494,0.9898134448888939,25.537889210151384,0.6931471805579453,0.0,0.0,Train005,10.0
147,0,3,0.00020833333333333335,0.0,6.603643525531223,1.9732444639721456,-6.5944400621821595,0.0564162532754404,6.594681381791442,-6.041113136925382,0.0015996850732896695,23.49298816804477,1.0986122886651097,0,0,3.0,0.00020833333333333335,0.0,7.308733160749561,2.059622597636842,-7.299792619597172,0.1240064307818584,7.301239231855642,-2.400361704515421,0.0011891565762611079,23.938006860753905,1.0986122886651097,0.0,0.0,Train005,10.0
147,1,3,0.00020833333333333335,0.0,8.339590502324329,0.8831271654183438,-8.309559087818883,-0.2228656541002153,8.312547222947423,-7.119692307693069,0.003099207196902598,21.656173076593507,1.0986122886651097,0,0,3.0,0.00020833333333333335,0.0,8.768088672728183,0.719322288505927,-8.746516255824334,-0.2191221473810777,8.749285544106073,0.33123731114969973,0.0020008326378336827,22.36332163322563,1.0986122886651097,0.0,0.0,Train005,10.0
147,2,1,6.944444444444444e-05,0.0,9.87359658244858,0.0,-9.862485332025804,-0.46828682291531487,9.87359658244858,-9.039785065729742,0.0,0.0,-1.000088900581841e-12,0,0,1.0,6.944444444444444e-05,0.0,10.846145532022046,0.0,-10.838071824332003,-0.24244879394444663,10.846145532022046,-2.9018488803159777,6.661338147750939e-17,0.0,-1.000088900581841e-12,0.0,0.0,Train005,10.0
147,3,1,6.944444444444444e-05,0.0,9.33990104910456,0.0,-9.33986246092337,0.02684805577500678,9.33990104910456,-8.561646908919816,1.1102230246251565e-16,0.0,-1.000088900581841e-12,0,0,1.0,6.944444444444444e-05,0.0,10.346173626669131,0.0,-10.346119607967797,0.03316660964552631,10.346173626669131,-3.3765449824331037,8.881784197001253e-17,0.0,-1.000088900581841e-12,0.0,0.0,Train005,10.0
147,4,2,0.0001388888888888889,0.0,8.711952052467268,0.7046343805971729,-0.6992977849292359,-0.19412506955580583,0.7257423335020373,-7.3563162010260985,0.979989497431388,31.109069136990644,0.6931471805579453,0,0,2.0,0.0001388888888888889,0.0,9.07741402822861,0.699479963154431,-0.6954231191724555,-0.07318974091777937,0.7224296996311681,0.9132341433556093,0.9816276551742413,28.52076038906615,0.6931471805579453,0.0,0.0,Train005,10.0
147,5,2,0.0001388888888888889,0.0,9.316772096299598,1.1902827260367737,1.194057627895491,0.03997364379717597,1.1947265423241549,-8.167553745651395,0.9888588223620248,23.507687337752948,0.6931471805579453,0,0,2.0,0.0001388888888888889,0.0,9.982324248074978,1.3000520039988375,1.3034335671227335,0.04865433242605925,1.3043565601377973,-0.9594636450814391,0.9893699829872663,24.682587622785842,0.6931471805579453,0.0,0.0,Train005,10.0
148,0,3,0.00020833333333333335,0.0,6.0049574876033205,1.8008772878602402,-5.9963122292199555,0.04895240660719206,5.996512043547101,-5.986860379279027,0.0016521656616409475,23.48269934180968,1.0986122886651097,0,0,3.0,0.00020833333333333335,0.0,7.089481879981735,2.0664598271451022,-7.0813579279342465,0.08128283287202626,7.081872227977051,-2.192512807678279,0.0013126763478279457,23.634421536803085,1.0986122886651097,0.0,0.0,Train005,10.0
148,1,3,0.00020833333333333335,0.0,7.601256771769428,0.8130968845365277,-7.5732503710203245,-0.2037090754750486,7.575989609918323,-7.383337305549001,0.0031757297015622132,21.634109640005757,1.0986122886651097,0,0,3.0,0.00020833333333333335,0.0,8.797805395926387,0.8602105186444284,-8.770997283674635,-0.2300389611900017,8.77401598324665,0.2971672319820572,0.0026270063641891774,21.891319548415492,1.0986122886651097,0.0,0.0,Train005,10.0
148,2,1,6.944444444444444e-05,0.0,8.973852468694874,0.0,-8.963259990935608,-0.4358881333485739,8.973852468694874,-8.997441137537052,0.0,0.0,-1.000088900581841e-12,0,0,1.0,6.944444444444444e-05,0.0,10.57953856639633,0.0,-10.570938690187873,-0.41063406595675855,10.57953856639633,-2.6660696562571644,4.4408920985006264e-17,0.0,-1.000088900581841e-12,0.0,0.0,Train005,10.0
148,3,1,6.944444444444444e-05,0.0,8.492588017256258,0.0,-8.49255330550142,0.024281352134556004,8.492588017256258,-8.473130318483015,1.1102230246251565e-16,0.0,-1.000088900581841e-12,0,0,1.0,6.944444444444444e-05,0.0,10.031877628994582,0.0,-10.031832697561882,0.029989884630515197,10.031877628994582,-3.1429599767455025,8.881784197001253e-17,0.0,-1.000088900581841e-12,0.0,0.0,Train005,10.0
148,4,2,0.0001388888888888889,0.0,7.943169206682051,0.643447976568134,-0.6383529793788654,-0.18190751404587693,0.6637656739755566,-7.687828457852177,0.9794152146344072,31.14769161443569,0.6931471805579453,0,0,2.0,0.0001388888888888889,0.0,9.16401970792408,0.7290271542283057,-0.7249567064750033,-0.160822006115991,0.744469180809579,0.8660567969547011,0.984086533375146,30.242841448726296,0.6931471805579453,0.0,0.0,Train005,10.0
148,5,2,0.0001388888888888889,0.0,8.484452813037308,1.083092321015223,1.0865541388337516,0.03617405929155751,1.0871561337647802,-8.323192832622892,0.9888399655945103,23.495605091376547,0.6931471805579453,0,0,2.0,0.0001388888888888889,0.0,9.893074237157908,1.2721717509041166,1.2759625722147896,0.0444129359571821,1.2767370899533352,-0.8925001091706928,0.9889961298876411,23.829760736182145,0.6931471805579453,0.0,0.0,Train005,10.0
149,0,2,0.0001388888888888889,-1.0,8.733802473443031,2.2014403524999433,-8.727970014783432,-0.056851427830328136,8.72815516955359,18.62340092524547,0.0006904867881730725,42.23389798331555,0.6931471805579453,0,1,2.8,0.00019444444444444443,-0.2,7.255050817053825,2.070511181145843,-7.24682191202033,0.04161139968022627,7.247119817437358,-0.07732041590941634,0.0013236047280260177,27.280065269023304,1.0175192670436768,0.0,0.2,Train005,10.0
149,1,2,0.0001388888888888889,-1.0,10.001422761504374,0.5428897281925611,-9.990727344571882,-0.38144618268415564,9.998006504491816,20.343215281584772,0.00034258669139430875,14.277017526097804,0.6931471805579453,0,1,2.8,0.00019444444444444446,-0.2,8.912146461258166,0.8200309770957205,-8.886628861013763,-0.25955307945600153,8.89052236788003,0.41172173016485586,0.0024038892805597458,20.246778377472168,1.0175192670436768,0.0,0.2,Train005,10.0
149,2,1,6.944444444444444e-05,0.0,11.385234393455692,0.0,-11.384777461377968,-0.1020017099200609,11.385234393455692,24.113819247608177,1.1102230246251565e-16,0.0,-1.000088900581841e-12,0,0,1.0,6.944444444444444e-05,0.0,10.50913613960643,0.0,-10.500899527590173,-0.38483557895551856,10.50913613960643,-0.7040242678990225,4.4408920985006264e-17,0.0,-1.000088900581841e-12,0.0,0.0,Train005,10.0
149,3,1,6.944444444444444e-05,0.0,10.349150037397033,0.0,-10.349126738218072,0.021960256254598878,10.349150037397033,18.565620201407746,1.1102230246251565e-16,0.0,-1.000088900581841e-12,0,0,1.0,6.944444444444444e-05,0.0,9.862021050125344,0.0,-9.861983229263162,0.027120813123024508,9.862021050125342,-1.6985657886923924,1.1102230246251565e-16,0.0,-1.000088900581841e-12,0.0,0.0,Train005,10.0
149,4,1,6.944444444444444e-05,-1.0,10.161318452721217,0.0,10.158462079426087,-0.24091674594122953,10.161318452721217,28.615972226072994,1.1102230246251565e-16,0.0,-1.000088900581841e-12,0,1,1.8,0.000125,-0.2,9.24532125658576,0.5799839196956919,1.455605346642774,-0.19651249170852625,2.6273399647933866,2.099911439753061,0.785136821185586,24.647342759103974,0.5545177444461562,0.0,0.2,Train005,10.0
149,5,1,6.944444444444444e-05,-1.0,11.92854969367981,0.0,11.909890612664366,-0.6669358207188469,11.92854969367981,23.61004559627279,0.0,0.0,-1.000088900581841e-12,0,1,1.8,0.00012499999999999998,-0.2,10.126013620670296,0.991216959063304,3.376269681868294,-0.09961317469321015,3.3805751665262562,0.16320919309341803,0.7911250105183955,18.887513953000546,0.5545177444461562,0.0,0.2,Train005,10.0
150,0,2,0.0001388888888888889,0.0,8.865775670143506,2.2747822556285024,-8.861004208564946,-0.051878453320556184,8.861156073454785,1.3197319670047358,0.0005577903016692476,41.63231644549062,0.6931471805579453,0,0,2.6,0.00018055555555555557,-0.2,7.483186799188968,2.0771291840323047,-7.475639263609269,0.01299932320952428,7.475859806576715,0.5483500347211117,0.0011954833910209572,30.875138066703197,0.936426245422244,0.0,0.2,Train005,10.0
150,1,2,0.0001388888888888889,0.0,10.127121996418916,0.4302818727073934,-10.11889601677666,-0.40196415019989956,10.12687670391935,1.2569923491454205,2.426514825615289e-05,14.620472343105238,0.6931471805579453,0,0,2.6,0.00018055555555555555,-0.2,9.024190353022137,0.7208857991905491,-9.002637419048863,-0.2900441459088477,9.007474532019192,0.3887499944867507,0.0019118863503317708,18.78341345935383,0.9364262454222441,0.0,0.2,Train005,10.0
150,2,1,6.944444444444444e-05,0.0,11.5484151619738,0.0,-11.548398432101303,0.019657231404841737,11.5484151619738,1.6318076851810837,0.0,0.0,-1.000088900581841e-12,0,0,1.0,6.944444444444444e-05,0.0,10.511734739118898,0.0,-10.505147451605353,-0.29359451498213374,10.511734739118898,0.025985995124713668,2.2204460492503132e-17,0.0,-1.000088900581841e-12,0.0,0.0,Train005,10.0
150,3,1,6.944444444444444e-05,0.0,10.383767992742927,0.0,-10.3837489984499,0.019861125426035367,10.383767992742927,0.34617955345893847,1.1102230246251565e-16,0.0,-1.000088900581841e-12,0,0,1.0,6.944444444444444e-05,0.0,9.752294567299463,0.0,-9.752262805007456,0.024527518716905963,9.752294567299463,-1.0972648282587911,1.1102230246251565e-16,0.0,-1.000088900581841e-12,0.0,0.0,Train005,10.0
150,4,1,6.944444444444444e-05,0.0,10.557363909879161,0.0,10.552176752417088,-0.3309055928317897,10.557363909879161,3.9604545715794437,1.1102230246251565e-16,0.0,-1.000088900581841e-12,0,0,1.6,0.00011111111111111112,-0.2,9.364277458863915,0.4217169835783583,3.7235271854878604,-0.2288371071221728,4.577728120494024,2.47645797591783,0.5881573540438063,18.62581328656712,0.4158883083343672,0.0,0.2,Train005,10.0
150,5,1,6.944444444444444e-05,0.0,12.045547780266846,0.0,12.02418089828672,-0.717143675959204,12.045547780266846,1.1699808658703503,0.0,0.0,-1.000088900581841e-12,0,0,1.6,0.00011111111111111112,-0.2,10.38176997082966,0.7141245175165721,5.5031933162601,-0.25276079096106674,5.511602289719621,0.39137885956320345,0.5933207005693315,14.117616124909384,0.4158883083343671,0.0,0.2,Train005,10.0
151,0,2,0.0001388888888888889,0.0,8.389278344335558,2.166265637375191,-8.385128281203944,-0.047094712112862175,8.385260532872858,-4.764973258079479,0.0005131452146184268,41.41859340510072,0.6931471805579453,0,0,2.4,0.0001666666666666667,-0.2,7.719491500211328,2.0833219994672048,-7.712970959190886,-0.01009118667622282,7.713153040243955,0.6300372235932639,0.0010026546078782729,34.45209906875227,0.855333223800811,0.0,0.2,Train005,10.0
151,1,2,0.0001388888888888889,0.0,9.575041161020703,0.36566656433157796,-9.567281538965748,-0.38540516266466024,9.575041158409888,-5.5208083539821295,2.7306679140082224e-10,14.754741242841515,0.6931471805579453,0,0,2.4,0.00016666666666666666,-0.2,9.12888663860755,0.6070124430372809,-9.111942871830701,-0.3190780450247958,9.11769223993736,0.3152739327011986,0.0013283578022364128,17.388502765728767,0.8553332238008112,0.0,0.2,Train005,10.0
151,2,1,6.944444444444444e-05,0.0,10.921462139811657,0.0,-10.921293811786636,0.06063619356755315,10.921462139811657,-6.269530221621427,0.0,0.0,-1.000088900581841e-12,0,0,1.0,6.944444444444444e-05,0.0,10.54051214927692,0.0,-10.536043005645464,-0.18517664824231095,10.54051214927692,0.287774101580208,2.2204460492503132e-17,0.0,-1.000088900581841e-12,0.0,0.0,Train005,10.0
151,3,1,6.944444444444444e-05,0.0,9.78408585001154,0.0,-9.784069361086276,0.01796267933259913,9.78408585001154,-5.996821427313872,0.0,0.0,-1.000088900581841e-12,0,0,1.0,6.944444444444444e-05,0.0,9.669898589302463,0.0,-9.669872172835808,0.022182693784559233,9.669898589302463,-0.8239597799700042,8.881784197001253e-17,0.0,-1.000088900581841e-12,0.0,0.0,Train005,10.0
151,4,1,6.944444444444444e-05,0.0,10.073018497033914,0.0,10.067189229934625,-0.34264070142886965,10.073018497033914,-4.843454128452471,0.0,0.0,-1.000088900581841e-12,0,0,1.4,9.722222222222222e-05,-0.2,9.489364423756722,0.2696164714330614,5.88803545949394,-0.2580991247607144,6.436241773422377,2.53776560206434,0.3918809424131591,12.451352150285269,0.2772588722225781,0.0,0.2,Train005,10.0
151,5,1,6.944444444444444e-05,0.0,11.376597275199245,0.0,11.355512196445137,-0.6923209649119794,11.376597275199245,-6.689505050676008,1.1102230246251565e-16,0.0,-1.000088900581841e-12,0,0,1.4,9.722222222222222e-05,-0.2,10.630383931696562,0.45467500941039934,7.514039094825094,-0.4000505517002594,7.526515485046969,0.31995496663856854,0.395539757591307,9.4006584858259,0.27725887222257806,0.0,0.2,Train005,10.0
152,0,2,0.0001388888888888889,0.0,7.729689434415821,2.0010274009906888,-7.725995697431108,-0.04265894816664839,7.72611346684623,-6.595889099197367,0.0004958665352241542,41.352055510352216,0.6931471805579453,0,0,2.2,0.00015277777777777777,-0.2,7.944700681988247,2.088878586870913,-7.939282086240676,-0.029906226964640577,7.939439457254913,0.5190820311388669,0.0007818909002651697,38.023912537213754,0.7742402021793782,0.0,0.2,Train005,10.0
152,1,2,0.0001388888888888889,0.0,8.819519992729699,0.3216786426183953,-8.812260355809617,-0.35695501985592015,8.819486916185893,-7.55521168291005,3.7553749817620385e-06,14.807976405097659,0.6931471805579453,0,0,2.2,0.00015277777777777777,-0.2,9.224872536688626,0.4947227384772911,-9.212483125428847,-0.3458959181759368,9.219080178585054,0.22817005765780216,0.0007092674378522456,16.018863431429594,0.7742402021793783,0.0,0.2,Train005,10.0
152,2,1,6.944444444444444e-05,0.0,10.058193066327561,0.0,-10.057940710126578,0.07124907787674584,10.058193066327561,-8.63269073484096,0.0,0.0,-1.000088900581841e-12,0,0,1.0,6.944444444444444e-05,0.0,10.577431446052717,0.0,-10.57513408126562,-0.07726946808389881,10.577431446052717,0.3691929677579644,2.2204460492503132e-17,0.0,-1.000088900581841e-12,0.0,0.0,Train005,10.0
152,3,1,6.944444444444444e-05,0.0,8.999612286202803,0.0,-8.99959762316318,0.016245711067819895,8.999612286202803,-7.844735638087368,1.1102230246251565e-16,0.0,-1.000088900581841e-12,0,0,1.0,6.944444444444444e-05,0.0,9.601840836722111,0.0,-9.60181920528377,0.020062224843121857,9.601840836722113,-0.6805775258035147,8.881784197001253e-17,0.0,-1.000088900581841e-12,0.0,0.0,Train005,10.0
152,4,1,6.944444444444444e-05,0.0,9.311567195170968,0.0,9.30584024999152,-0.3265285160929703,9.311567195170968,-7.614513018629463,0.0,0.0,-1.000088900581841e-12,0,0,1.2,8.333333333333333e-05,-0.2,9.609287452297462,0.1286895953136268,7.889063066478092,-0.2845798140681472,8.153406745756163,2.4861262385436667,0.19588304292688147,6.229538322887138,0.13862943611078898,0.0,0.2,Train005,10.0
152,5,1,6.944444444444444e-05,0.0,10.474278026761246,0.0,10.454527733181857,-0.642923057624233,10.474278026761246,-9.023192484379994,0.0,0.0,-1.000088900581841e-12,0,0,1.2,8.333333333333333e-05,-0.2,10.86188511778889,0.2166184642030446,9.366133115882366,-0.5366298919845413,9.382425781934385,0.14882721889284872,0.19776799311890209,4.699121018275309,0.13862943611078898,0.0,0.2,Train005,10.0
153,0,2,0.0001388888888888889,0.0,7.045425548434764,1.825831012431319,-7.042107203949553,-0.038605612355097976,7.042213023277803,-6.842638859810566,0.000488808772860172,41.340514839256706,0.6931471805579453,0,0,2.0,0.0001388888888888889,-0.2,8.152794294154535,2.093869331785129,-8.148441081186597,-0.04741783075709858,8.148579653201054,0.34792633503255904,0.0005492195225090147,41.59547563670316,0.6931471805579453,0.0,0.2,Train005,10.0
153,1,2,0.0001388888888888889,0.0,8.037805885421063,0.2874605399898109,-8.03112939124361,-0.32605431465101054,8.037745375103611,-7.817141073086353,7.537854529338084e-06,14.829882159556155,0.6931471805579453,0,0,2.0,0.0001388888888888889,-0.2,9.312182359418951,0.3895954695679477,-9.304058929473502,-0.37036496601112917,9.311431331622112,0.14140930415033193,7.562906844567063e-05,14.658017935339675,0.6931471805579453,0.0,0.2,Train005,10.0
153,2,1,6.944444444444444e-05,0.0,9.164440428769248,0.0,-9.164167589865928,0.07071603291483539,9.164440428769248,-8.93752637558313,0.0,0.0,-1.000088900581841e-12,0,0,1.0,6.944444444444444e-05,0.0,10.615549038067593,0.0,-10.615315601051682,0.024051365168783055,10.615549038067593,0.381175920148749,2.2204460492503132e-17,0.0,-1.000088900581841e-12,0.0,0.0,Train005,10.0
153,3,1,6.944444444444444e-05,0.0,8.197223910137776,0.0,-8.197210742237942,0.014692864707954697,8.197223910137776,-8.023883760650268,0.0,0.0,-1.000088900581841e-12,0,0,1.0,6.944444444444444e-05,0.0,9.542768015298416,0.0,-9.542750692631074,0.018144527357801594,9.542768015298416,-0.5907282142369652,6.661338147750939e-17,0.0,-1.000088900581841e-12,0.0,0.0,Train005,10.0
153,4,1,6.944444444444444e-05,0.0,8.49879394791397,0.0,8.493437149153241,-0.30170177739418447,8.49879394791397,-8.12773247256997,0.0,0.0,-1.000088900581841e-12,0,0,1.0,6.944444444444444e-05,-0.2,9.720412400543847,0.0,9.715421092184512,-0.3085386667378088,9.720412400543847,2.398145435600109,4.4408920985006264e-17,0.0,-1.000088900581841e-12,0.0,0.2,Train005,10.0
153,5,1,6.944444444444444e-05,0.0,9.544124250484922,0.0,9.525999851152852,-0.5879069182534051,9.544124250484922,-9.301537762763239,1.1102230246251565e-16,0.0,-1.000088900581841e-12,0,0,1.0,6.944444444444444e-05,-0.2,11.073819405278414,0.0,11.054022258346187,-0.6614460874935337,11.073819405278414,-0.04684176713522063,4.4408920985006264e-17,0.0,-1.000088900581841e-12,0.0,0.2,Train005,10.0
154,0,2,0.0001388888888888889,0.0,9.041661738451307,2.248371729864297,-9.040963315578864,0.11236873942354296,9.041661595483564,19.96236190016543,1.6854308171332377e-08,40.06180625861636,0.6931471805579453,0,0,2.0,0.0001388888888888889,0.0,8.214366147156193,2.1032556072579998,-8.211039741345683,-0.013573797306324364,8.211280938387048,0.6157185300165509,0.0004111255357360344,41.16105729176333,0.6931471805579453,0.0,0.0,Train005,10.0
154,1,2,0.0001388888888888889,0.0,9.930358409771523,0.31672979724052475,-9.92579719056866,0.3000033435259706,9.930329897562693,12.88362187120125,2.8741403513832253e-06,50.750619742038815,0.6931471805579453,1,1,2.0,0.0001388888888888889,0.0,9.297969489072383,0.34436348337754047,-9.291072898672859,-0.23407506076910395,9.297896010236288,-1.3505093779263724,7.686558237085529e-06,21.952738378527876,0.6931471805579453,0.2,0.2,Train005,10.0
154,2,1,6.944444444444444e-05,0.0,11.567654800300017,0.0,-11.561997879993795,0.361721718898721,11.567654800300017,24.03214371530769,0.0,0.0,-1.000088900581841e-12,0,0,1.0,6.944444444444444e-05,0.0,10.652033119436457,0.0,-10.65075968477485,0.11679605093253945,10.652033119436457,0.3648408136886516,0.0,0.0,-1.000088900581841e-12,0.0,0.0,Train005,10.0
154,3,1,6.944444444444444e-05,0.0,11.269153041530647,0.0,-11.264947820367958,0.3078325483548043,11.269153041530647,30.719291313928707,0.0,0.0,-1.000088900581841e-12,0,0,1.0,6.944444444444444e-05,0.0,9.726768616125138,0.0,-9.72591490906105,0.07531898577784267,9.726768616125138,1.840006008267227,4.4408920985006264e-17,0.0,-1.000088900581841e-12,0.0,0.0,Train005,10.0
154,4,0,0.0,-1.0,0.0,0.0,0.0,0.0,0.0,0.0,0.0,0.0,0.0,0,1,0.8,5.555555555555556e-05,-0.2,7.688148709999602,0.0,7.683728676299294,-0.26035531754956287,7.688148709999604,-3.325049009614491,2.2204460492503132e-17,0.0,-8.000711204654728e-13,0.0,0.2,Train005,10.0
154,5,2,0.0001388888888888889,1.0,11.885709868063582,0.0006965684170285869,-0.00179995518314513,-0.15509526568430199,0.15510571000561377,23.40889049161632,0.9869503674692666,27.436859493778993,0.6931471805579453,1,0,1.2,8.333333333333333e-05,0.2,11.06525144015517,0.00013931368340571736,8.671684144776686,-0.5590779764866247,8.719130608543574,-0.08707278806651501,0.19739007349385335,5.487371898755798,0.13862943611078898,0.2,0.0,Train005,10.0
155,0,2,0.0001388888888888889,0.0,9.203620962073625,2.260756812463776,-9.201989521964942,0.1581385772293637,9.203348247891128,1.6195922362231885,3.1533901426406e-05,39.59055834475903,0.6931471805579453,0,0,2.0,0.0001388888888888889,0.0,8.281935205542215,2.1004505186250544,-8.279236804025683,0.028429608803659613,8.279719373274316,0.6756905838602414,0.0003058742556874661,40.75270567161701,0.6931471805579453,0.0,0.0,Train005,10.0
155,1,2,0.0001388888888888889,0.0,9.694885537755258,0.19139226206108617,-9.685816727576201,0.4027356738184996,9.694185974240487,-2.354728720162651,7.218613038684207e-05,50.536857868711245,0.6931471805579453,0,0,2.0,0.0001388888888888889,0.0,9.211522197339649,0.296585561248279,-9.204457040832768,-0.07313509596542411,9.211357864300513,-2.072853591787987,1.7270754663223364e-05,29.13601548364908,0.6931471805579453,0.2,0.2,Train005,10.0
155,2,1,6.944444444444444e-05,0.0,11.719085018778522,0.0,-11.710774311365082,0.4412694252164928,11.719085018778522,1.5143021847850413,0.0,0.0,-1.000088900581841e-12,0,0,1.0,6.944444444444444e-05,0.0,10.686167090797401,0.0,-10.683234860627604,0.20111848969486962,10.686167090797401,0.34133971360944315,0.0,0.0,-1.000088900581841e-12,0.0,0.0,Train005,10.0
155,3,1,6.944444444444444e-05,0.0,11.672488975542224,0.0,-11.665924101954792,0.39142525670303807,11.672488975542224,4.033359340115776,0.0,0.0,-1.000088900581841e-12,0,0,1.0,6.944444444444444e-05,0.0,9.984512812684997,0.0,-9.98234992976203,0.14963181203324322,9.984512812684997,2.5774419655985943,2.2204460492503132e-17,0.0,-1.000088900581841e-12,0.0,0.0,Train005,10.0
155,4,0,0.0,0.0,0.0,0.0,0.0,0.0,0.0,0.0,0.0,0.0,0.0,0,0,0.6,4.1666666666666665e-05,-0.2,5.5766759280237705,0.0,5.573293325815877,-0.19417419898320493,5.57667592802377,-4.117139923930379,0.0,0.0,-6.000533403491046e-13,0.0,0.2,Train005,10.0
155,5,2,0.0001388888888888889,0.0,11.753087373607896,0.24777430861795047,0.24777349478003075,-0.10347986731862514,0.2685140362360787,-1.3262249445568663,0.9911937248797339,28.717342897869987,0.6931471805579453,0,0,1.4,9.722222222222222e-05,0.2,11.006759358823379,0.04969417540699581,6.316402664075346,-0.43634521475850896,6.363723859737421,-0.5863139501519583,0.39562881846980014,11.230840478329796,0.27725887222257806,0.2,0.0,Train005,10.0
156,0,2,0.0001388888888888889,0.0,8.717809928172443,2.131721752261072,-8.715771202365453,0.16470496742588636,8.717327307052184,-4.858110339011832,5.888110488527776e-05,39.4264848112487,0.6931471805579453,0,0,2.0,0.0001388888888888889,0.0,8.347641522309592,2.0935417416022304,-8.345365388257985,0.07078954471140933,8.346132728110183,0.6570631676737708,0.00021502143374083627,40.35428395284661,0.6931471805579453,0.0,0.0,Train005,10.0
156,1,2,0.0001388888888888889,0.0,9.05267927074648,0.14622260744471038,-9.042067613045113,0.4147219491201771,9.051573399910172,-6.422062670087785,0.00012219138868418966,50.471588403868765,0.6931471805579453,0,0,2.0,0.0001388888888888889,0.0,9.107049819284805,0.2526967698709055,-9.099414255648641,0.08689032639154334,9.106664312600572,-2.253104455009118,4.170897778670302e-05,36.27938491585453,0.6931471805579453,0.2,0.2,Train005,10.0
156,2,1,6.944444444444444e-05,0.0,11.080063185700492,0.0,-11.07121117242334,0.44281302456451344,11.080063185700492,-6.390218330780293,0.0,0.0,-1.000088900581841e-12,0,0,1.0,6.944444444444444e-05,0.0,10.71788729997517,0.0,-10.713218332754945,0.27755385589426174,10.71788729997517,0.3172020917776699,0.0,0.0,-1.000088900581841e-12,0.0,0.0,Train005,10.0
156,3,1,6.944444444444444e-05,0.0,11.124946292998995,0.0,-11.117847033035646,0.39737560585996395,11.124946292998995,-5.47542682543229,1.1102230246251565e-16,0.0,-1.000088900581841e-12,0,0,1.0,6.944444444444444e-05,0.0,10.252684901282489,0.0,-10.249105464151903,0.2255143973387162,10.252684901282489,2.6817208859749107,4.4408920985006264e-17,0.0,-1.000088900581841e-12,0.0,0.0,Train005,10.0
156,4,0,0.0,0.0,0.0,0.0,0.0,0.0,0.0,0.0,0.0,0.0,0.0,0,0,0.4,2.7777777777777772e-05,-0.2,3.562072228616988,0.0,3.559855479828953,-0.12564605869743098,3.562072228616988,-3.1484490982398854,0.0,0.0,-4.000355602327364e-13,0.0,0.2,Train005,10.0
156,5,2,0.0001388888888888889,0.0,11.02616292073343,0.308312744870622,0.3085190022430737,-0.07913388995678758,0.31850611812766594,-7.269244528744645,0.9927477054550645,29.19012885716705,0.6931471805579453,0,0,1.6,0.00011111111111111112,0.2,10.936672487930215,0.11135672438112021,4.107004025234933,-0.31370779976747054,4.152105628323105,-0.7022618457656857,0.5941783595608131,17.068866249763207,0.4158883083343672,0.2,0.0,Train005,10.0
157,0,2,0.0001388888888888889,0.0,8.03567647091786,1.9613559275461196,-8.033592324987612,0.1572804898418406,8.035131784643283,-6.821334572545834,7.207771358219706e-05,39.37855234804297,0.6931471805579453,0,0,2.0,0.0001388888888888889,0.0,8.408838929609999,2.085607446913317,-8.406884713769285,0.11077743231310713,8.40793639166959,0.6119740730040772,0.00013026366941244484,39.95958332038475,0.6931471805579453,0.0,0.0,Train005,10.0
157,1,2,0.0001388888888888889,0.0,8.296160341625118,0.1214142521348629,-8.285565362850594,0.3944464151342862,8.29494914731138,-7.56518929121361,0.00014602584275713593,50.449772742279364,0.6931471805579453,0,0,2.0,0.0001388888888888889,0.0,9.002377889063888,0.21264389177419907,-8.994075257056835,0.23717061338958462,9.00175675882567,-2.25509997666983,7.01630713417778e-05,43.407744183290866,0.6931471805579453,0.2,0.2,Train005,10.0
157,2,1,6.944444444444444e-05,0.0,10.20472920717577,0.0,-10.196196508433275,0.41722290589004624,10.20472920717577,-8.75333978524722,0.0,0.0,-1.000088900581841e-12,0,0,1.0,6.944444444444444e-05,0.0,10.74719452814481,0.0,-10.740869492416284,0.34674862149692176,10.74719452814481,0.29307228169641775,0.0,0.0,-1.000088900581841e-12,0.0,0.0,Train005,10.0
157,3,1,6.944444444444444e-05,0.0,10.279591420811323,0.0,-10.272711424764559,0.376031597514693,10.279591420811323,-8.453548721876718,0.0,0.0,-1.000088900581841e-12,0,0,1.0,6.944444444444444e-05,0.0,10.508680728204194,0.0,-10.50372822447218,0.2974715746280908,10.508680728204194,2.5599582692170406,2.2204460492503132e-17,0.0,-1.000088900581841e-12,0.0,0.0,Train005,10.0
157,4,0,0.0,0.0,0.0,0.0,0.0,0.0,0.0,0.0,0.0,0.0,0.0,0,0,0.2,1.388888888888889e-05,-0.2,1.6997587895827941,0.0,1.6986874298306482,-0.06034035547883691,1.6997587895827941,-1.6255464945139928,0.0,0.0,-2.000177801163682e-13,0.0,0.2,Train005,10.0
157,5,2,0.0001388888888888889,0.0,10.12387767280145,0.31169542364215985,0.31193785117231343,-0.06603540398892786,0.31885090179264236,-9.022852479319807,0.993362005713597,29.330357314039876,0.6931471805579453,0,0,1.8,0.000125,0.2,10.866592417138255,0.17369580910955218,2.078486048833025,-0.19833026904040957,2.121020203329385,-0.7021938447536484,0.7928507607035324,22.93493771257118,0.5545177444461562,0.2,0.0,Train005,10.0
158,0,2,0.0001388888888888889,0.0,7.325581344554025,1.7866993484341913,-7.3236005666666575,0.14543842926918332,7.32504454572042,-7.100951263638344,7.791219920516568e-05,39.373730079500476,0.6931471805579453,0,0,2.0,0.0001388888888888889,0.0,8.464870088833852,2.077781114113891,-8.463183386312705,0.14758624063796338,8.464502696158116,0.560311592238522,4.808435468144357e-05,39.566226368433504,0.6931471805579453,0.0,0.0,Train005,10.0
158,1,2,0.0001388888888888889,0.0,7.542975323835267,0.1036933492737866,-7.532999884655711,0.36411666576372215,7.541794760434007,-7.531850177898516,0.0001565412205897232,50.4406861349308,0.6931471805579453,0,0,2.0,0.0001388888888888889,0.0,8.90341177674673,0.1758904536309942,-8.894449355739257,0.3752048094725312,8.902566635891748,-2.198041797632262,9.996374455385481e-05,50.5299049783658,0.6931471805579453,0.2,0.2,Train005,10.0
158,2,1,6.944444444444444e-05,0.0,9.299201786283193,0.0,-9.291280824450688,0.38373754469363025,9.299201786283193,-9.05527420892577,0.0,0.0,-1.000088900581841e-12,0,0,1.0,6.944444444444444e-05,0.0,10.7741467996476,0.0,-10.766292139333235,0.40935292385268074,10.7741467996476,0.2695227150278896,0.0,0.0,-1.000088900581841e-12,0.0,0.0,Train005,10.0
158,3,1,6.944444444444444e-05,0.0,9.380675694367898,0.0,-9.374275057887187,0.346473118695814,9.380675694367898,-8.989157264434251,0.0,0.0,-1.000088900581841e-12,0,0,1.0,6.944444444444444e-05,0.0,10.745371085050218,0.0,-10.739141087602029,0.3638276254256626,10.745371085050218,2.366903568460244,2.2204460492503132e-17,0.0,-1.000088900581841e-12,0.0,0.0,Train005,10.0
158,4,0,0.0,0.0,0.0,0.0,0.0,0.0,0.0,0.0,0.0,0.0,0.0,0,0,0.0,0.0,-0.2,0.0,0.0,0.0,0.0,0.0,0.0,0.0,0.0,0.0,0.0,0.2,Train005,10.0
158,5,2,0.0001388888888888889,0.0,9.212107435814373,0.2967845193971588,0.2970215540155934,-0.057580962569272025,0.30255143496642345,-9.117702369870777,0.9936148152589863,29.342225892296636,0.6931471805579453,0,0,2.0,0.0001388888888888889,0.2,10.800189054204145,0.23305271298898395,0.23269038940557324,-0.09226507790358293,0.2727056402256852,-0.6654267661751561,0.9915737237553298,28.80338289103051,0.6931471805579453,0.2,0.0,Train005,10.0
159,0,2,0.0001388888888888889,0.0,8.433158572048766,1.898768248330438,-8.413086867353684,-0.45634986380666953,8.425454636744263,11.075772274947408,0.0009623368200487592,38.69579186200682,0.6931471805579453,0,0,2.0,0.0001388888888888889,0.0,8.343169455553346,2.007860417807119,-8.337608096667669,0.03384251999192087,8.341261304410256,-1.2170063328050822,0.00024054834782956115,39.2930234891116,0.6931471805579453,0.0,0.0,Train005,10.0
159,1,3,0.00020833333333333335,1.0,9.46883395505042,0.550273693992373,-9.46273242526372,-0.15324485067679985,9.463973210887506,17.944241475936,0.0005277385645575672,22.912258613755515,1.0986122886651097,1,0,2.2,0.00015277777777777777,0.2,8.811106885802507,0.22259923298136383,-8.801836402678267,0.28455517063197705,8.80929529855671,-1.185917876685312,0.00020493662939509162,44.96223275270914,0.7742402021793782,0.2,0.0,Train005,10.0
159,2,1,6.944444444444444e-05,0.0,11.383288445017566,0.0,-11.37792206841249,0.3494928148081447,11.383288445017566,20.84086658734373,0.0,0.0,-1.000088900581841e-12,0,0,1.0,6.944444444444444e-05,0.0,10.737273528591109,0.0,-10.729476977016976,0.40690714303456554,10.737273528591109,-0.36873271056490253,0.0,0.0,-1.000088900581841e-12,0.0,0.0,Train005,10.0
159,3,1,6.944444444444444e-05,0.0,11.17784069320491,0.0,-11.161164644484373,0.610349360104256,11.17784069320491,17.971649988370118,0.0,0.0,-1.000088900581841e-12,0,0,1.0,6.944444444444444e-05,0.0,10.72710861538507,0.0,-10.718384452425312,0.42433098777555306,10.72710861538507,-0.1826246966514738,2.2204460492503132e-17,0.0,-1.000088900581841e-12,0.0,0.0,Train005,10.0
159,4,2,0.0001388888888888889,2.0,10.40055177364,0.5661581126615198,-0.5838982013832172,0.500093612641259,0.7687852307264635,0.0,0.9499195492484511,55.36267983365216,0.6931471805579453,2,0,0.4,2.777777777777778e-05,0.4,2.080110354728,0.11323162253230397,-0.11677964027664345,0.10001872252825177,0.1537570461452927,0.0,0.1899839098496902,11.072535966730431,0.13862943611158907,0.4,0.0,Train005,10.0
159,5,2,0.0001388888888888889,0.0,11.15860607934263,1.0070398333737396,1.006141407581862,-0.050326558376992694,1.0073992726465923,19.464986435282555,0.9975786602991499,32.93141111515895,0.6931471805579453,0,0,2.0,0.0001388888888888889,0.0,10.654768296459956,0.4343213659803261,0.4342786619585747,-0.07131133644212109,0.44316435275388094,-1.454207577441909,0.9936993823213063,29.902293215306496,0.6931471805579453,0.0,0.0,Train005,10.0
160,0,3,0.00020833333333333335,1.0,8.407536760663907,1.484761359792518,-8.380881948523179,-0.3609747291002478,8.388652155747709,-1.1559156254351926,0.0026123548576367783,50.021429157704326,1.0986122886651097,1,0,2.2,0.00015277777777777777,0.2,8.1839526152714,1.8526613272728678,-8.173386581979319,-0.06998014127400143,8.178322085981572,-1.7721079051367585,0.0007567125390716356,41.37919765170066,0.7742402021793782,0.2,0.0,Train005,10.0
160,1,2,0.0001388888888888889,-1.0,9.79138707488626,0.48211393002610947,-9.781231335331633,-0.433271631060446,9.790822781643799,-0.6032994492699295,5.777166157783231e-05,14.881475223874352,0.6931471805579453,0,1,2.2,0.00015277777777777777,0.0,8.830407193228709,0.2807435665743685,-8.820919324229354,0.11735370965618794,8.828622660037372,-0.8356320225067677,0.00020205373563328966,37.83115622374176,0.7742402021793782,0.2,0.2,Train005,10.0
160,2,1,6.944444444444444e-05,0.0,11.435399276227358,0.0,-11.43100446618104,0.31700709911654923,11.435399276227358,0.5211083120979154,0.0,0.0,-1.000088900581841e-12,0,0,1.0,6.944444444444444e-05,0.0,10.680536380080877,0.0,-10.673523007980167,0.38205467781457675,10.680536380080877,-0.5673714851023277,0.0,0.0,-1.000088900581841e-12,0.0,0.0,Train005,10.0
160,3,1,6.944444444444444e-05,0.0,11.143686200187283,0.0,-11.12376875833501,0.6659660196545112,11.143686200187283,-0.3415449301762763,1.1102230246251565e-16,0.0,-1.000088900581841e-12,0,0,1.0,6.944444444444444e-05,0.0,10.62134806031408,0.0,-10.609953383701356,0.4792391403658476,10.621348060314082,-1.0576055507098843,4.4408920985006264e-17,0.0,-1.000088900581841e-12,0.0,0.0,Train005,10.0
160,4,2,0.0001388888888888889,0.0,9.907522964728953,0.538903324583055,-0.5586828038772902,0.5176779022098665,0.7616540459976556,-4.930288089110482,0.9455932678832748,56.194060834205025,0.6931471805579453,0,0,0.8,5.555555555555556e-05,0.4,4.061614947673791,0.22101228744891496,-0.2285162010521015,0.2035543029702251,0.3060878553448238,-0.9860576178220949,0.3791025634263452,22.311348133571435,0.27725887222317813,0.4,0.0,Train005,10.0
160,5,2,0.0001388888888888889,0.0,11.176373856587396,1.1957090194951974,1.1948895137293558,-0.04492381185880501,1.1957337073497183,0.1776777724476819,0.9993085344927737,34.43717779562406,0.6931471805579453,0,0,2.0,0.0001388888888888889,0.0,10.539425593055856,0.6239083081557755,0.6237018657484397,-0.05960012535015706,0.6286082869766089,-1.1534270340409993,0.9953223442439143,31.046260194857314,0.6931471805579453,0.0,0.0,Train005,10.0
161,0,3,0.00020833333333333335,0.0,7.872302967524237,1.3716408389052952,-7.841920913553519,-0.384164109920933,7.851325090567795,-5.3523379313967085,0.003093609332386338,49.98300440290262,1.0986122886651097,0,0,2.4,0.00016666666666666666,0.2,8.01485122314176,1.7006451446017123,-7.9986165242169305,-0.1797539567433653,8.005121642684694,-1.8709534236137337,0.0013636581845718476,43.49050157003144,0.855333223800811,0.2,0.0,Train005,10.0
161,1,2,0.0001388888888888889,0.0,9.204675829929123,0.569295687571878,-9.193826611036208,-0.4417301935940982,9.204432264823843,-5.867112449571357,2.656262915368135e-05,14.610084642530904,0.6931471805579453,0,0,2.2,0.00015277777777777777,0.0,8.860806505065238,0.365358182599802,-8.851271123827573,-0.05393671888666712,8.859194433020107,-0.7246419784034821,0.000182927983727188,30.658855471474187,0.7742402021793782,0.2,0.2,Train005,10.0
161,2,1,6.944444444444444e-05,0.0,10.779395674253117,0.0,-10.77557301860681,0.2870491643947435,10.779395674253117,-6.560036019742412,0.0,0.0,-1.000088900581841e-12,0,0,1.0,6.944444444444444e-05,0.0,10.6204028777914,0.0,-10.61439537721686,0.3509019057806228,10.6204028777914,-0.6013350228947516,0.0,0.0,-1.000088900581841e-12,0.0,0.0,Train005,10.0
161,3,1,6.944444444444444e-05,0.0,10.475443306952638,0.0,-10.455503388649337,0.6460351129165247,10.475443306952638,-6.682428932346447,0.0,0.0,-1.000088900581841e-12,0,0,1.0,6.944444444444444e-05,0.0,10.49144746310481,0.0,-10.477484654824092,0.5289710417771598,10.491447463104809,-1.2990059720927156,2.2204460492503132e-17,0.0,-1.000088900581841e-12,0.0,0.0,Train005,10.0
161,4,2,0.0001388888888888889,0.0,9.172368960759082,0.4949217683677034,-0.514266165454206,0.4934849368979549,0.7127391331168447,-7.351540039698712,0.9440022763081581,56.4984060563941,0.6931471805579453,0,0,1.2,8.333333333333333e-05,0.4,5.896088739825607,0.3199966411224556,-0.3313694341429427,0.30225129034981607,0.44863568196819276,-2.4563656257618374,0.5679030186879768,33.61102934485026,0.4158883083347672,0.4,0.0,Train005,10.0
161,5,2,0.0001388888888888889,0.0,10.522857223029764,1.1921511648838363,1.1914640553354046,-0.04047001901171965,1.1921511722911222,-6.535166335576337,0.9999872889430418,34.97610391387652,0.6931471805579453,0,0,2.0,0.0001388888888888889,0.0,10.438764453515123,0.8006759921584183,0.8002908763669059,-0.05186735116114347,0.8033372978093001,-1.0066113954073377,0.9967702609415097,32.20345520619921,0.6931471805579453,0.0,0.0,Train005,10.0
162,0,3,0.00020833333333333335,0.0,7.222367012893706,1.251401303564385,-7.192342333703816,-0.3695919838878654,7.2018321613143845,-6.499359546305315,0.003298072176217026,49.97461050720557,1.0986122886651097,0,0,2.6,0.00018055555555555557,0.2,7.8521893315369296,1.5586542198053654,-7.83036652596017,-0.2851284514893065,7.838461718018914,-1.8065584183656298,0.0020088570770988136,45.60971320186396,0.9364262454222441,0.2,0.0,Train005,10.0
162,1,2,0.0001388888888888889,0.0,8.458438683540479,0.5665367859727177,-8.44792534007237,-0.41862071524854516,8.458290953536185,-7.462371463886455,1.7544105278766153e-05,14.512587321092985,0.6931471805579453,0,0,2.2,0.00015277777777777777,0.0,8.89326217344831,0.45438268936737297,-8.88374311927193,-0.21655014496323338,8.891862794265068,-0.7040784129380511,0.00015723163623151403,23.471418387236913,0.7742402021793782,0.2,0.2,Train005,10.0
162,2,1,6.944444444444444e-05,0.0,9.916437251687439,0.0,-9.913035107647318,0.2597358681546768,9.916437251687439,-8.629584225656775,0.0,0.0,-1.000088900581841e-12,0,0,1.0,6.944444444444444e-05,0.0,10.562744486693735,0.0,-10.557763097059668,0.31940449823354894,10.562744486693735,-0.5765839109766624,0.0,0.0,-1.000088900581841e-12,0.0,0.0,Train005,10.0
162,3,1,6.944444444444444e-05,0.0,9.626460342681485,0.0,-9.607677341020269,0.6010614278632757,9.626460342681485,-8.48982964271153,0.0,0.0,-1.000088900581841e-12,0,0,1.0,6.944444444444444e-05,0.0,10.360821247478842,0.0,-10.344477838075235,0.5739770078468763,10.360821247478842,-1.3062621562596781,2.2204460492503132e-17,0.0,-1.000088900581841e-12,0.0,0.0,Train005,10.0
162,4,2,0.0001388888888888889,0.0,8.36901978049645,0.44355339316736675,-0.46161623410468033,0.4559118603066532,0.648802876039603,-8.033491802626322,0.9433422392353115,56.56199958026794,0.6931471805579453,0,0,1.6,0.00011111111111111112,0.4,7.569892695924897,0.408707319755929,-0.42369268096387874,0.3934336624111467,0.5783962571761133,-4.063063986287102,0.7565714665350391,44.923429260903845,0.5545177444463563,0.4,0.0,Train005,10.0
162,5,2,0.0001388888888888889,0.0,9.675178376990932,1.1217066648908371,1.1211137550506667,-0.03658391050676313,1.1217104948567493,-8.476788460388311,0.999694977397176,35.13003191804774,0.6931471805579453,0,0,2.0,0.0001388888888888889,0.0,10.349024594353018,0.9626782404081539,0.9621260571425765,-0.045977052464710524,0.9639092164221215,-0.8973985916210385,0.9980368552782256,33.363390127000784,0.6931471805579453,0.0,0.0,Train005,10.0
163,0,3,0.00020833333333333335,0.0,6.570964185870145,1.1359054396617005,-6.542811081067309,-0.3427711623528111,6.551783643579652,-6.5140282702356105,0.0033847297100219054,49.97709158760096,1.0986122886651097,0,0,2.8,0.00019444444444444446,0.2,7.701265899800153,1.4284954380508672,-7.674208628840302,-0.3827703698137054,7.683809537590761,-1.6891738196850832,0.0026702205792621613,47.73038550348406,1.0175192670436768,0.2,0.0,Train005,10.0
163,1,2,0.0001388888888888889,0.0,7.699370853349956,0.5340526923403144,-7.689586728400861,-0.3858388784563066,7.699260723844016,-7.590678301905225,1.4372853815003417e-05,14.478195751994376,0.6931471805579453,0,0,2.2,0.00015277777777777777,0.0,8.924541279351248,0.5404545579806785,-8.91506048802096,-0.3665412538072391,8.923355986947069,-0.7158440377393929,0.00012879796287657008,16.278920310649628,0.7742402021793782,0.2,0.2,Train005,10.0
163,2,1,6.944444444444444e-05,0.0,9.032584832404341,0.0,-9.029528595629557,0.23495126151836715,9.032584832404341,-8.838524192830981,0.0,0.0,-1.000088900581841e-12,0,0,1.0,6.944444444444444e-05,0.0,10.509421095917963,0.0,-10.505412651295444,0.2896472415984963,10.509421095917963,-0.5332339077577046,0.0,0.0,-1.000088900581841e-12,0.0,0.0,Train005,10.0
163,3,1,6.944444444444444e-05,0.0,8.764760260198369,0.0,-8.74748370286026,0.5500466225209781,8.764760260198369,-8.617000824831162,0.0,0.0,-1.000088900581841e-12,0,0,1.0,6.944444444444444e-05,0.0,10.237638160644938,0.0,-10.21911956706985,0.614691708611909,10.237638160644938,-1.2318308683390604,2.2204460492503132e-17,0.0,-1.000088900581841e-12,0.0,0.0,Train005,10.0
163,4,2,0.0001388888888888889,0.0,7.588039524403282,0.3941087638538652,-0.4106571233640568,0.41572914495959895,0.584354340223876,-7.80980256093168,0.9430640609380845,56.5305024367672,0.6931471805579453,0,0,2.0,0.0001388888888888889,0.4,9.087500600805553,0.487529072526702,-0.5058241056366901,0.4765794914030665,0.6952671252208885,-5.625024498473438,0.9451842787226561,56.22952974825729,0.6931471805579453,0.4,0.0,Train005,10.0
163,5,2,0.0001388888888888889,0.0,8.810330628071762,1.0319133397607803,1.0313888393309392,-0.033109098627645106,1.0319201278724808,-8.648477489191691,0.9995722213225461,35.13920835996609,0.6931471805579453,0,0,2.0,0.0001388888888888889,0.0,10.268669232804497,1.1097040044808781,1.1089995142056455,-0.04108267967638514,1.109782955003333,-0.8035536154852213,0.9992283364909375,34.522786620534674,0.6931471805579453,0.0,0.0,Train005,10.0
164,0,2,0.0001388888888888889,-1.0,8.425307342897046,2.311927464859443,-8.381474871134554,-0.8292139102275917,8.42239376450513,19.01252289088086,0.00037397687042062255,36.11936329230246,0.6931471805579453,0,1,2.8,0.00019444444444444443,0.0,7.699695653969809,1.5111272813566683,-7.6678862295964745,-0.4573431790978898,7.683197363142935,-0.10182369649839274,0.002552548589336534,47.21509978954319,1.017519267043677,0.2,0.2,Train005,10.0
164,1,2,0.0001388888888888889,0.0,10.077395689917918,1.5171721447232773,-10.07105206138904,-0.3516528187812561,10.077189555037915,23.78024836567962,2.0929566220240226e-05,13.002546703976588,0.6931471805579453,0,0,2.0,0.0001388888888888889,-0.2,9.046253626324745,0.7338342481268594,-9.036724415246022,-0.4062228474281303,9.04599925577715,0.4513573402093307,2.743616320910469e-05,14.29697792869384,0.6931471805579453,0.0,0.2,Train005,10.0
164,2,1,6.944444444444444e-05,0.0,11.137699295811741,0.0,-11.137396337615497,-0.08214878449645059,11.137699295811741,21.051144634074,0.0,0.0,-1.000088900581841e-12,0,0,1.0,6.944444444444444e-05,0.0,10.4603032660768,0.0,-10.457307505136045,0.2033189217375772,10.4603032660768,-0.4911782984116506,0.0,0.0,-1.000088900581841e-12,0.0,0.0,Train005,10.0
164,3,1,6.944444444444444e-05,0.0,10.302161538304535,0.0,-10.290023893933295,0.499940620077144,10.302161538304535,15.374012781061666,1.1102230246251565e-16,0.0,-1.000088900581841e-12,0,0,1.0,6.944444444444444e-05,0.0,10.062502329664863,0.0,-10.044891416959635,0.5926099606064866,10.062502329664861,-1.7513583098007508,4.4408920985006264e-17,0.0,-1.000088900581841e-12,0.0,0.0,Train005,10.0
164,4,1,6.944444444444444e-05,-1.0,10.058678817363852,0.0,10.038592802206423,0.6353535255065913,10.058678817363852,28.647480568144353,1.1102230246251565e-16,0.0,-1.000088900581841e-12,0,1,1.8,0.000125,-0.2,9.019126009550323,0.37429744999439807,1.618674095081238,0.503631473976133,2.553245842548366,0.10447161515543257,0.7552003688729658,45.15699378152685,0.5545177444461562,0.0,0.2,Train005,10.0
164,5,2,0.0001388888888888889,0.0,10.642964337614021,0.6433807602898876,0.6411956666450536,-0.17767361591644137,0.6653568942433962,18.326337095422595,0.9840362717647861,39.97629462079431,0.6931471805579453,0,0,2.0,0.0001388888888888889,0.0,10.165540884458775,1.0369721898641078,1.036010366018284,-0.06655209118427488,1.0413744793226938,-1.0312834834572129,0.9965198587840648,35.93176332166174,0.6931471805579453,0.0,0.0,Train005,10.0
165,0,2,0.0001388888888888889,0.0,8.59133817714254,2.496721790714123,-8.546686942333201,-0.8648459176439229,8.590332714832075,1.6603083424549325,0.00012782830009017143,35.28528138942494,0.6931471805579453,0,0,2.6,0.00018055555555555555,-0.2,7.736455937265535,1.7135193675409894,-7.701047228358479,-0.5581174168066247,7.723533474959808,0.4614210970796323,0.002055643277827213,44.267870235887315,0.936426245422244,0.0,0.2,Train005,10.0
165,1,2,0.0001388888888888889,0.0,10.30767146259117,1.7707122967032305,-10.302530939098078,-0.319016488509114,10.307468907108758,2.3027577267325228,2.0248491391705592e-05,12.510525412234845,0.6931471805579453,0,0,2.0,0.0001388888888888889,0.0,9.14951050386573,0.9915539214622836,-9.140984335999311,-0.383371818917864,9.149328480870142,1.0325687754098212,1.9931529171879346e-05,13.82278796636594,0.6931471805579453,0.0,0.0,Train005,10.0
165,2,1,6.944444444444444e-05,0.0,11.214073089799436,0.0,-11.212508186271608,-0.18733775955767434,11.214073089799436,0.7637379398769539,1.1102230246251565e-16,0.0,-1.000088900581841e-12,0,0,1.0,6.944444444444444e-05,0.0,10.416038028791215,0.0,-10.413608249154157,0.10244995000273249,10.416038028791215,-0.4426523728558429,2.2204460492503132e-17,0.0,-1.000088900581841e-12,0.0,0.0,Train005,10.0
165,3,1,6.944444444444444e-05,0.0,10.229190558541726,0.0,-10.219150568923903,0.4531016802236271,10.229190558541726,-0.7297097976280931,1.1102230246251565e-16,0.0,-1.000088900581841e-12,0,0,1.0,6.944444444444444e-05,0.0,9.879603201335751,0.0,-9.863967779077413,0.55003709272031,9.879603201335751,-1.8289912832911142,4.4408920985006264e-17,0.0,-1.000088900581841e-12,0.0,0.0,Train005,10.0
165,4,1,6.944444444444444e-05,0.0,10.457810070092455,0.0,10.441981571489247,0.5751628663310009,10.457810070092455,3.9913125272860306,0.0,0.0,-1.000088900581841e-12,0,0,1.6,0.00011111111111111112,-0.2,9.129183430623025,0.2665167850777871,3.818806970154545,0.5151284668003598,4.492477047367326,1.888791738434735,0.5660817152963109,33.91818161468585,0.4158883083343671,0.0,0.2,Train005,10.0
165,5,2,0.0001388888888888889,0.0,10.652372114154185,0.47036405430278805,0.4690400678231246,-0.2173257149637609,0.516942019580563,0.09407776540162338,0.9798491381954245,41.827380084798584,0.6931471805579453,0,0,2.0,0.0001388888888888889,0.0,10.060740535972133,0.8919031968256259,0.8908404768370378,-0.10103247180526606,0.9056161417688626,-1.0480034848664246,0.992627979524595,37.40980377949665,0.6931471805579453,0.0,0.0,Train005,10.0
166,0,2,0.0001388888888888889,0.0,8.143096815104112,2.4138141804679263,-8.10054217942908,-0.826263843570646,8.142573029448478,-4.482413620384276,7.05192098113816e-05,34.98489727801055,0.6931471805579453,0,0,2.4,0.0001666666666666667,-0.2,7.7906147067815095,1.9219540358535157,-7.752771481533591,-0.6465373635365674,7.781783062735944,0.6354059592821188,0.0014510252533122213,41.2682488109089,0.855333223800811,0.0,0.2,Train005,10.0
166,1,2,0.0001388888888888889,0.0,9.779127180688626,1.7556670452944596,-9.774673079657763,-0.2888567409155481,9.778940230462528,-5.28544281902545,1.975398304898679e-05,12.339939582876372,0.6931471805579453,0,0,2.0,0.0001388888888888889,0.0,9.264400774017629,1.2288281930068,-9.257153629723621,-0.35279712838215394,9.264230073997881,1.1489027015190025,1.8569799950940434e-05,13.368758954435032,0.6931471805579453,0.0,0.0,Train005,10.0
166,2,1,6.944444444444444e-05,0.0,10.580030702089672,0.0,-10.577890441440818,-0.2127991213211516,10.580030702089672,-6.340423877097638,1.1102230246251565e-16,0.0,-1.000088900581841e-12,0,0,1.0,6.944444444444444e-05,0.0,10.376165034358525,0.0,-10.37407173372096,0.0024802928595534955,10.376165034358525,-0.39872994432688813,4.4408920985006264e-17,0.0,-1.000088900581841e-12,0.0,0.0,Train005,10.0
166,3,1,6.944444444444444e-05,0.0,9.601322341455623,0.0,-9.592557687643403,0.4101557189267536,9.601322341455623,-6.278682170861032,0.0,0.0,-1.000088900581841e-12,0,0,1.0,6.944444444444444e-05,0.0,9.704779008236347,0.0,-9.691378638876227,0.5028612139223557,9.704779008236347,-1.7482419309940311,4.4408920985006264e-17,0.0,-1.000088900581841e-12,0.0,0.0,Train005,10.0
166,4,1,6.944444444444444e-05,0.0,9.977090260076734,0.0,9.963517046870445,0.5202481277622066,9.977090260076734,-4.807198100157208,0.0,0.0,-1.000088900581841e-12,0,0,1.4,9.722222222222222e-05,-0.2,9.290127690486553,0.1675324314042464,5.914363612619475,0.5204811049732101,6.345347272759303,2.3976601263430353,0.3772812600346792,22.61850040340703,0.27725887222257806,0.0,0.2,Train005,10.0
166,5,2,0.0001388888888888889,0.0,10.027650511398946,0.38309541212222964,0.38227386085632453,-0.21826223061183853,0.4401950772165177,-6.247216027552396,0.9783622894608813,42.47942509380978,0.6931471805579453,0,0,2.0,0.0001388888888888889,0.0,9.96169919364597,0.7300920462733045,0.7290024379412217,-0.13659091412528984,0.7552249227539417,-0.9904134232616364,0.9883029796281628,38.9104680154833,0.6931471805579453,0.0,0.0,Train005,10.0
167,0,2,0.0001388888888888889,0.0,7.507878055030787,2.2428544136992237,-7.4685239871574955,-0.7642005188048824,7.507519762191009,-6.352187600733243,5.239849198290791e-05,34.88688859871823,0.6931471805579453,0,0,2.2,0.00015277777777777777,-0.2,7.847716915208926,2.120244657880483,-7.808007812224328,-0.7254590705199708,7.842920582911269,0.6648403483965332,0.0008018905164653978,38.250704429211424,0.7742402021793782,0.0,0.2,Train005,10.0
167,1,2,0.0001388888888888889,0.0,9.018746135665282,1.6479128402074004,-9.014788469906584,-0.2613443222745625,9.018575941463588,-7.60381045023343,1.9522977986352608e-05,12.28258097251777,0.6931471805579453,0,0,2.0,0.0001388888888888889,0.0,9.37646226444259,1.4451034038537365,-9.370526255690464,-0.3213418497873574,9.376287071583361,1.1206149042496076,1.8965574492457728e-05,12.922757684719992,0.6931471805579453,0.0,0.0,Train005,10.0
167,2,1,6.944444444444444e-05,0.0,9.736664865984377,0.0,-9.73441942895391,-0.20909589594060338,9.736664865984377,-8.433658361052956,0.0,0.0,-1.000088900581841e-12,0,0,1.0,6.944444444444444e-05,0.0,10.340210557217912,0.0,-10.338348597982279,-0.09128605995950254,10.340210557217912,-0.3595447714061244,4.4408920985006264e-17,0.0,-1.000088900581841e-12,0.0,0.0,Train005,10.0
167,3,1,6.944444444444444e-05,0.0,8.817840106206248,0.0,-8.810028143822823,0.3710906138252471,8.817840106206248,-7.834822352493749,1.1102230246251565e-16,0.0,-1.000088900581841e-12,0,0,1.0,6.944444444444444e-05,0.0,9.5430549609413,0.0,-9.531848799436737,0.45686705111474996,9.5430549609413,-1.6172404729504748,6.661338147750939e-17,0.0,-1.000088900581841e-12,0.0,0.0,Train005,10.0
167,4,1,6.944444444444444e-05,0.0,9.220261508820702,0.0,9.208252262972447,0.47043868091750196,9.220261508820702,-7.568287512560321,1.1102230246251565e-16,0.0,-1.000088900581841e-12,0,0,1.2,8.333333333333333e-05,-0.2,9.460376036151406,0.07882175277077304,7.848337312034902,0.52338646909538,8.059638999315524,2.4907009843562355,0.18861281218761694,11.30610048735344,0.13862943611078898,0.0,0.2,Train005,10.0
167,5,2,0.0001388888888888889,0.0,9.219757183593948,0.3306275877614704,0.3300456353811967,-0.20571854948760288,0.38890904211326993,-8.078933278049956,0.9777744974024918,42.67093107777627,0.6931471805579453,0,0,2.0,0.0001388888888888889,0.0,9.870614954966573,0.5718762308474312,0.5707888140073277,-0.17041784192145779,0.6086646322052458,-0.9108423867939652,0.9839188836292261,40.41864784742901,0.6931471805579453,0.0,0.0,Train005,10.0
168,0,2,0.0001388888888888889,0.0,6.845165184287437,2.051404948160659,-6.809234975719865,-0.6976447348349991,6.844880505210424,-6.627128707433503,4.569213567517938e-05,34.86480456110401,0.6931471805579453,0,0,2.0,0.0001388888888888889,-0.2,7.902557114892384,2.303344559580275,-7.861292591154839,-0.7964337850164085,7.901539955237423,0.6422202609569545,0.00013408300159605256,35.22824702391203,0.6931471805579453,0.0,0.2,Train005,10.0
168,1,2,0.0001388888888888889,0.0,8.222959365372269,1.5140755573151212,-8.219406796453113,-0.2363792993554278,8.22280507240342,-7.957867702930139,1.9422155406623176e-05,12.266670492669789,0.6931471805579453,0,0,2.0,0.0001388888888888889,0.0,9.481179966847053,1.6411079768486978,-9.476490269300914,-0.29144993396718166,9.480995941295243,1.0471770240446243,1.9975434810781677e-05,12.480452632855073,0.6931471805579453,0.0,0.0,Train005,10.0
168,2,1,6.944444444444444e-05,0.0,8.870346436947878,0.0,-8.868191986021577,-0.19549120322048824,8.870346436947878,-8.663184290364985,0.0,0.0,-1.000088900581841e-12,0,0,1.0,6.944444444444444e-05,0.0,10.30776287812662,0.0,-10.30608127606068,-0.1773745529072736,10.30776287812662,-0.32447679091292514,4.4408920985006264e-17,0.0,-1.000088900581841e-12,0.0,0.0,Train005,10.0
168,3,1,6.944444444444444e-05,0.0,8.026504702077016,0.0,-8.019482589668641,0.3356735415042333,8.026504702077016,-7.913354041292315,0.0,0.0,-1.000088900581841e-12,0,0,1.0,6.944444444444444e-05,0.0,9.395403849317029,0.0,-9.386248576798414,0.41399243491140103,9.395403849317029,-1.4765111162427054,6.661338147750939e-17,0.0,-1.000088900581841e-12,0.0,0.0,Train005,10.0
168,4,1,6.944444444444444e-05,0.0,8.412864173197596,0.0,8.402103889451322,0.42536317134731394,8.412864173197596,-8.073973356231061,1.1102230246251565e-16,0.0,-1.000088900581841e-12,0,0,1.0,6.944444444444444e-05,-0.2,9.625340965910267,0.0,9.610889514597975,0.5253132743729229,9.625340965910267,2.43786682529636,6.661338147750939e-17,0.0,-1.000088900581841e-12,0.0,0.2,Train005,10.0
168,5,2,0.0001388888888888889,0.0,8.395994217482833,0.293222256618491,0.2927602190670431,-0.18924020565896654,0.3485977643445681,-8.23762966111115,0.9775323125343816,42.69065971255676,0.6931471805579453,0,0,2.0,0.0001388888888888889,0.0,9.787747672848786,0.42413801421897335,0.4230630899545485,-0.20164406332772206,0.47200015949966334,-0.828672821177857,0.9795109018715931,41.92893811794714,0.6931471805579453,0.0,0.0,Train005,10.0
169,0,3,0.00020833333333333335,1.0,8.57927902297982,2.607827296848787,-8.561872653955609,0.08001216547706021,8.562246509484364,11.258014969325746,0.002842923734990954,46.29417286737367,1.0986122886651097,1,0,2.2,0.00015277777777777777,0.2,7.933351450908939,2.3625245259781438,-7.897372147719049,-0.614588569875478,7.929510504233269,-0.9086813233540681,0.0006278723745101189,37.263208938926276,0.7742402021793782,0.2,0.0,Train005,10.0
169,1,2,0.0001388888888888889,0.0,11.069385235702732,0.5113205191572741,-10.945614870901084,-1.0774532364328848,10.998517644609688,17.65694555885098,0.006415859098279464,79.90698993761664,0.6931471805579453,1,1,2.0,0.0001388888888888889,0.0,9.679577876004016,1.4399376517354971,-9.651402831203324,-0.4366100174975074,9.665261559209597,-0.1774835373211033,0.0012989613412226265,25.861341279583087,0.6931471805579453,0.2,0.2,Train005,10.0
169,2,0,0.0,-1.0,0.0,0.0,0.0,0.0,0.0,0.0,0.0,0.0,0.0,0,1,0.8,5.5555555555555545e-05,-0.2,8.080223018964272,0.0,-8.078602008537583,-0.1609447960079835,8.080223018964272,-4.534705717727725,4.4408920985006264e-17,0.0,-8.000711204654728e-13,0.0,0.2,Train005,10.0
169,3,1,6.944444444444444e-05,0.0,11.400386081675645,0.0,-11.396342593336726,0.30360880514721056,11.400386081675645,33.73881379598629,0.0,0.0,-1.000088900581841e-12,0,0,1.0,6.944444444444444e-05,0.0,9.615048757991252,0.0,-9.6075123166791,0.3747260719254143,9.61504875799125,2.196449086742219,4.4408920985006264e-17,0.0,-1.000088900581841e-12,0.0,0.0,Train005,10.0
169,4,1,6.944444444444444e-05,0.0,9.406493317873796,0.0,9.398627274446419,0.38460615600411024,9.406493317873796,9.936291446762002,1.1102230246251565e-16,0.0,-1.000088900581841e-12,0,0,1.0,6.944444444444444e-05,0.0,9.494903866012256,0.0,9.482896409045976,0.4751638004724267,9.494903866012256,-1.3043709989801102,6.661338147750939e-17,0.0,-1.000088900581841e-12,0.0,0.0,Train005,10.0
169,5,2,0.0001388888888888889,0.0,11.298212354874282,0.7030930840349612,0.7028646552844275,-0.17236937391110807,0.7236918713862996,29.02218137391448,0.9847968731776046,49.71904612848694,0.6931471805579453,0,0,2.0,0.0001388888888888889,0.0,9.91879727630084,0.43608047896798807,0.4353968876824233,-0.2005832149266554,0.4836671549282441,1.3104960345205208,0.9796630221541568,43.877488419485665,0.6931471805579453,0.0,0.0,Train005,10.0
170,0,3,0.00020833333333333335,0.0,8.437092670365654,2.662866243848886,-8.395439948924533,0.28568549425118245,8.400299288574395,-1.4218635261416719,0.006319076117087263,45.875410093715004,1.0986122886651097,0,0,2.4,0.0001666666666666667,0.2,7.902502349553562,2.3957534166050967,-7.867122749037317,-0.38448228749645696,7.891503818981735,-1.525115697073389,0.0018661219379095372,39.38123467978429,0.855333223800811,0.2,0.0,Train005,10.0
170,1,2,0.0001388888888888889,0.0,11.07256792071277,0.7683659837265591,-10.871400272271138,-1.3139875717216476,10.950520865172393,0.03182685010037822,0.011076104698168776,78.98858735536993,0.6931471805579453,0,0,2.0,0.0001388888888888889,0.0,9.832557167628334,1.2394683891401628,-9.765176697837935,-0.6356042341400141,9.793871950822325,-0.6316697126475322,0.0035101325825780405,39.1569536682101,0.6931471805579453,0.2,0.2,Train005,10.0
170,2,0,0.0,0.0,0.0,0.0,0.0,0.0,0.0,0.0,0.0,0.0,0.0,0,0,0.6,4.166666666666667e-05,-0.2,5.837408401004386,0.0,-5.836100371283261,-0.12347724409644863,5.837408401004386,-4.687453305703116,2.2204460492503132e-17,0.0,-6.000533403491046e-13,0.0,0.2,Train005,10.0
170,3,1,6.944444444444444e-05,0.0,11.900020560822476,0.0,-11.896851945593882,0.27459630845428745,11.900020560822476,4.99634479146831,0.0,0.0,-1.000088900581841e-12,0,0,1.0,6.944444444444444e-05,0.0,9.949214758447402,0.0,-9.943052592013094,0.33902499757154636,9.9492147584474,3.3416600045614997,2.2204460492503132e-17,0.0,-1.000088900581841e-12,0.0,0.0,Train005,10.0
170,4,1,6.944444444444444e-05,0.0,9.195759586490228,0.0,9.189181401341047,0.34776363492280327,9.195759586490228,-2.107337313835682,1.1102230246251565e-16,0.0,-1.000088900581841e-12,0,0,1.0,6.944444444444444e-05,0.0,9.24249376929181,0.0,9.232336375016336,0.4296839541907872,9.242493769291812,-2.5241009672044528,8.881784197001253e-17,0.0,-1.000088900581841e-12,0.0,0.0,Train005,10.0
170,5,2,0.0001388888888888889,0.0,11.639484163529588,0.8043500112678954,0.8041815995027308,-0.15635750216671646,0.8192409373698224,3.4127180865530438,0.9866092497229316,52.41246985180851,0.6931471805579453,0,0,2.0,0.0001388888888888889,0.0,10.116219686175919,0.5028776703610095,0.5024251940183445,-0.18838957236724654,0.544126938486096,1.9742240987508048,0.9810150444596581,45.99450637288765,0.6931471805579453,0.0,0.0,Train005,10.0
171,0,3,0.00020833333333333335,0.0,7.900527769714089,2.5263013958269327,-7.849498339105954,0.3402256091000584,7.8568681827248845,-5.365649006515649,0.00804052979171943,45.7233003241756,1.0986122886651097,0,0,2.6,0.00018055555555555557,0.2,7.853988540475558,2.4182508596768977,-7.816913980972691,-0.15118439696231606,7.8343628496370155,-1.7017627742996637,0.0034601240542911473,41.5289152890173,0.936426245422244,0.2,0.0,Train005,10.0
171,1,2,0.0001388888888888889,0.0,10.426471696568678,0.807354235170326,-10.205191183364434,-1.3186665667772461,10.290034431592309,-6.460962241440917,0.013165120054212887,78.64834946182289,0.6931471805579453,0,0,2.0,0.0001388888888888889,0.0,9.962026070804345,1.049805827115336,-9.85128031857927,-0.8415661993123538,9.896090791048278,-0.8667735971306257,0.0061392057968108205,52.4186356439994,0.6931471805579453,0.2,0.2,Train005,10.0
171,2,0,0.0,0.0,0.0,0.0,0.0,0.0,0.0,0.0,0.0,0.0,0.0,0,0,0.4,2.777777777777778e-05,-0.2,3.7214022605864514,0.0,-3.720522282995097,-0.08091741983221831,3.7214022605864514,-3.419368530283588,0.0,0.0,-4.000355602327364e-13,0.0,0.2,Train005,10.0
171,3,1,6.944444444444444e-05,0.0,11.372423755628834,0.0,-11.369711663392417,0.24835210671430713,11.372423755628834,-5.275968051936424,0.0,0.0,-1.000088900581841e-12,0,0,1.0,6.944444444444444e-05,0.0,10.303435041282043,0.0,-10.298483387162898,0.3066642751290571,10.303435041282043,3.5422028283464213,2.2204460492503132e-17,0.0,-1.000088900581841e-12,0.0,0.0,Train005,10.0
171,4,1,6.944444444444444e-05,0.0,8.579935821245549,0.0,8.574171274845098,0.3144608820087607,8.579935821245549,-6.15823765244679,0.0,0.0,-1.000088900581841e-12,0,0,1.0,6.944444444444444e-05,0.0,8.963062881525573,0.0,8.954467220611267,0.388526505040098,8.963062881525573,-2.794308877662369,8.881784197001253e-17,0.0,-1.000088900581841e-12,0.0,0.0,Train005,10.0
171,5,2,0.0001388888888888889,0.0,11.072016247680065,0.792346688776175,0.792206189509864,-0.14158782941610287,0.8047594424028226,-5.674679158495213,0.9872506170180841,53.37665989064962,0.6931471805579453,0,0,2.0,0.0001388888888888889,0.0,10.325092833432143,0.5847279256917985,0.5844116597490524,-0.17305469212809937,0.6170398115233569,2.088731472562241,0.9827927099710987,48.173953332255614,0.6931471805579453,0.0,0.0,Train005,10.0
172,0,3,0.00020833333333333335,0.0,7.249040924173457,2.3297030244496897,-7.197268805821714,0.33911418665036747,7.205253409481297,-6.514868455406318,0.008802448837275323,45.67588371733237,1.0986122886651097,0,0,2.8,0.00019444444444444443,0.2,7.802221114304092,2.4356205818269907,-7.762662944705535,0.06947854412873387,7.773909579095073,-1.7342989452342785,0.00521013412334963,43.68671431274013,1.0175192670436768,0.2,0.0,Train005,10.0
172,1,2,0.0001388888888888889,0.0,9.588761421857267,0.7725928364197356,-9.37280227172247,-1.2426098367797385,9.454813675121667,-8.377102747114114,0.014061175214936328,78.52650373477358,0.6931471805579453,0,0,2.0,0.0001388888888888889,0.0,10.076029128042743,0.8747418263578032,-9.922883078942448,-1.0378193022133888,9.983338337779895,-1.0214320565067623,0.008947536244200815,65.66742019645056,0.6931471805579453,0.2,0.2,Train005,10.0
172,2,0,0.0,0.0,0.0,0.0,0.0,0.0,0.0,0.0,0.0,0.0,0.0,0,0,0.2,1.388888888888889e-05,-0.2,1.7740692873895756,0.0,-1.7736383972043153,-0.039098240644097636,1.7740692873895756,-1.732636858072997,0.0,0.0,-2.000177801163682e-13,0.0,0.2,Train005,10.0
172,3,1,6.944444444444444e-05,0.0,10.51940291211259,0.0,-10.517004607522031,0.22461458706682935,10.51940291211259,-8.530208435162443,0.0,0.0,-1.000088900581841e-12,0,0,1.0,6.944444444444444e-05,0.0,10.64374760246331,0.0,-10.63987867990274,0.2773690697773735,10.643747602463312,3.4031256118126825,0.0,0.0,-1.000088900581841e-12,0.0,0.0,Train005,10.0
172,4,1,6.944444444444444e-05,0.0,7.860113929329044,0.0,7.854968643300733,0.28435645727625536,7.860113929329044,-7.198218919165047,1.1102230246251565e-16,0.0,-1.000088900581841e-12,0,0,1.0,6.944444444444444e-05,0.0,8.691033365627243,0.0,8.683810496676923,0.35131006031184864,8.691033365627243,-2.720295158983314,8.881784197001253e-17,0.0,-1.000088900581841e-12,0.0,0.0,Train005,10.0
172,5,2,0.0001388888888888889,0.0,10.22269544341843,0.7416625331031383,0.7415396236293326,-0.12811991266275774,0.7525262290664989,-8.493208042616347,0.9875039687107429,53.67667000827295,0.6931471805579453,0,0,2.0,0.0001388888888888889,0.0,10.52568048539704,0.6669349147601322,0.6667104573986796,-0.15753496476313034,0.6897632489140026,2.0058765196489627,0.984738604232749,50.375101118354955,0.6931471805579453,0.0,0.0,Train005,10.0
173,0,3,0.00020833333333333335,0.0,6.59470295018433,2.123767460436803,-6.54564680499777,0.3187885822910037,6.553405088652511,-6.543379739891267,0.009130531509419448,45.66866403781827,1.0986122886651097,0,0,3.0,0.00020833333333333335,0.2,7.75212866748347,2.4500930842822197,-7.709945310561115,0.27276520755393446,7.715614495783489,-1.7175491517258314,0.007027101998098484,45.847486208082984,1.0986122886651097,0.2,0.0,Train005,10.0
173,1,2,0.0001388888888888889,0.0,8.733290635429356,0.7148920262712792,-8.531786457636867,-1.1430159805835838,8.608011715290894,-8.554707864279107,0.014442464629128793,78.48729422844201,0.6931471805579453,0,0,2.0,0.0001388888888888889,0.0,10.17809538205416,0.7149051201490348,-9.985359011179199,-1.2191466384590202,10.06037966635739,-1.140800088776556,0.01183214473894525,78.91154494360501,0.6931471805579453,0.2,0.2,Train005,10.0
173,2,0,0.0,0.0,0.0,0.0,0.0,0.0,0.0,0.0,0.0,0.0,0.0,0,0,0.0,0.0,-0.2,0.0,0.0,0.0,0.0,0.0,0.0,0.0,0.0,0.0,0.0,0.2,Train005,10.0
173,3,1,6.944444444444444e-05,0.0,9.603698535661902,0.0,-9.601549747405972,0.20314529766370776,9.603698535661902,-9.157043764506874,0.0,0.0,-1.000088900581841e-12,0,0,1.0,6.944444444444444e-05,0.0,10.95918636918029,0.0,-10.956292111450205,0.2508634210092685,10.959186369180289,3.154387667169771,0.0,0.0,-1.000088900581841e-12,0.0,0.0,Train005,10.0
173,4,1,6.944444444444444e-05,0.0,7.1467998386673095,0.0,7.142172377003759,0.2571413446716652,7.1467998386673095,-7.133140906617346,0.0,0.0,-1.000088900581841e-12,0,0,1.0,6.944444444444444e-05,0.0,8.437820498721186,0.0,8.431824194187412,0.3176656949767189,8.437820498721186,-2.532128669060571,6.661338147750939e-17,0.0,-1.000088900581841e-12,0.0,0.0,Train005,10.0
173,5,2,0.0001388888888888889,0.0,9.325643091893348,0.6804936516775477,0.6803840255637628,-0.11589756400552317,0.6901845170566819,-8.970523515250832,0.9876083380015488,53.727647284933205,0.6931471805579453,0,0,2.0,0.0001388888888888889,0.0,10.711610260279143,0.7443891937719436,0.7442352186980236,-0.14286643643244168,0.7580805994564254,1.8592977488210267,0.9867538093261825,52.582498632830244,0.6931471805579453,0.0,0.0,Train005,10.0
174,0,2,0.0001388888888888889,-1.0,9.652617622865584,0.9545471946615667,-9.64505481957774,-0.17435514511654696,9.646630613291276,16.173530487851583,0.0006263746154820948,75.8169086249109,0.6931471805579453,0,1,2.8,0.00019444444444444446,-0.2,7.966796387460623,2.1194370638447757,-7.926581743685543,0.221891745435213,7.932491316544872,-0.7344460480206643,0.006583792174196712,51.75203335959043,1.0175192670436768,0.0,0.2,Train005,10.0
174,1,1,6.944444444444444e-05,-1.0,10.950338213454753,0.0,-10.928865300352024,-0.6854270463068289,10.950338213454753,15.02155551754118,1.1102230246251565e-16,0.0,-1.000088900581841e-12,0,1,1.8,0.000125,-0.2,10.154285977604564,0.61264101631758,-9.982009097069387,-1.1407414004338088,10.050743780126405,-1.6678780970385154,0.01054897291928938,62.930146956081686,0.5545177444461563,0.0,0.2,Train005,10.0
174,2,0,0.0,0.0,0.0,0.0,0.0,0.0,0.0,0.0,0.0,0.0,0.0,0,0,0.0,0.0,0.0,0.0,0.0,0.0,0.0,0.0,0.0,0.0,0.0,0.0,0.0,0.0,Train005,10.0
174,3,2,0.0001388888888888889,1.0,11.375310356450386,0.2981804056898145,-11.367853431301697,0.4073841169702047,11.375150700290408,20.69792226478299,1.4044974061322435e-05,88.66471943618885,0.6931471805579453,1,0,1.2,8.333333333333334e-05,0.2,10.954171224135237,0.059636081137962905,-10.950594279043198,0.2716184833738673,10.95413929290324,0.546209360929111,2.808994812264487e-06,17.73294388723777,0.13862943611078898,0.2,0.0,Train005,10.0
174,4,1,6.944444444444444e-05,0.0,9.127653744823188,0.0,9.127440986574346,-0.06232111991548654,9.127653744823188,19.80853906155879,0.0,0.0,-1.000088900581841e-12,0,0,1.0,6.944444444444444e-05,0.0,8.382052584111063,0.0,8.377586936612996,0.22828023979279957,8.382052584111063,-0.5576791461012135,4.4408920985006264e-17,0.0,-1.000088900581841e-12,0.0,0.0,Train005,10.0
174,5,3,0.00020833333333333335,1.0,7.508874015149201,5.423644173598656,0.9034117774025615,-0.06988519357570551,0.9061107988710703,19.37667930830454,0.6666083605489083,58.32358653698267,1.0986122886651097,1,0,2.2,0.00015277777777777777,0.2,9.953742592334127,1.6884994116846825,0.7843446431216503,-0.12236960036536118,0.7945643849533797,-0.06980266430096194,0.9231161068004431,54.30340671452939,0.7742402021793782,0.2,0.0,Train005,10.0
175,0,2,0.0001388888888888889,0.0,9.644058653222974,0.9758026992784297,-9.634524750710352,-0.21362556459058385,9.636892811165692,-0.08558969642609604,0.0007507203202717916,76.0546225826677,0.6931471805579453,0,0,2.6,0.00018055555555555557,-0.2,8.208189584032088,1.7820243549306842,-8.174398704042707,0.12202953366685973,8.179810021063131,-0.4671912820775491,0.0054701210148336175,57.78787585738097,0.936426245422244,0.0,0.2,Train005,10.0
175,1,1,6.944444444444444e-05,0.0,10.842130102534508,0.0,-10.799719636886653,-0.9580401478694671,10.842130102534508,-1.0820811092024485,0.0,0.0,-1.000088900581841e-12,0,0,1.6,0.00011111111111111112,-0.2,10.10819841396891,0.4589678195722682,-9.96767296999249,-1.0695519156633728,10.029065627598827,-1.8906596888990808,0.008333751979655624,47.1324294850077,0.4158883083343672,0.0,0.2,Train005,10.0
175,2,0,0.0,0.0,0.0,0.0,0.0,0.0,0.0,0.0,0.0,0.0,0.0,0,0,0.0,0.0,0.0,0.0,0.0,0.0,0.0,0.0,0.0,0.0,0.0,0.0,0.0,0.0,Train005,10.0
175,3,2,0.0001388888888888889,0.0,11.136501769851481,0.5684284504593524,-11.127652988646442,0.4349184141491481,11.136149023010518,-2.3880858659890514,3.175757225359899e-05,89.39380603673764,0.6931471805579453,0,0,1.4,9.722222222222222e-05,0.2,10.80146746594104,0.1733217712298334,-10.796754487653711,0.3036829045128394,10.80136498534085,-0.9306767705623613,9.160509262984285e-06,35.6117050945853,0.27725887222257806,0.2,0.0,Train005,10.0
175,4,1,6.944444444444444e-05,0.0,9.279560419639342,0.0,9.278012723460915,-0.16947414267214211,9.279560419639342,1.519066748161535,0.0,0.0,-1.000088900581841e-12,0,0,1.0,6.944444444444444e-05,0.0,8.398812750740888,0.0,8.395353201036972,0.12483268427381047,8.398812750740886,0.1676016662982299,2.2204460492503132e-17,0.0,-1.000088900581841e-12,0.0,0.0,Train005,10.0
175,5,3,0.00020833333333333335,0.0,7.514749678589141,5.454812424185235,1.0063710774032348,-0.0632068917991012,1.008354033365589,0.05875663439940245,0.6666182006632024,58.143574438731775,1.0986122886651097,0,0,2.4,0.00016666666666666666,0.2,9.128795695346037,2.6185918942681505,0.824782538701751,-0.10373947829183812,0.8323870041525329,-0.7405949547316901,0.8591178969884974,55.44962763191404,0.855333223800811,0.2,0.0,Train005,10.0
176,0,2,0.0001388888888888889,0.0,9.071673987039443,0.9269932988156091,-9.061955947419863,-0.21456389912087304,9.064495753200184,-5.72384666183531,0.0007996329310105965,76.13886369788845,0.6931471805579453,0,0,2.4,0.00016666666666666666,-0.2,8.442418827497159,1.4621627355284197,-8.416890225705489,0.011071632022673455,8.42133553515819,-0.5388308131414814,0.0040219416426918505,63.87098853212353,0.855333223800811,0.0,0.2,Train005,10.0
176,1,1,6.944444444444444e-05,0.0,10.167604139458545,0.0,-10.118683324751128,-0.9962036489282702,10.167604139458545,-6.74525963075963,0.0,0.0,-1.000088900581841e-12,0,0,1.4,9.722222222222222e-05,-0.2,10.056424902546885,0.29749697253820295,-9.950371398269828,-1.0050593320935777,10.004579569172074,-1.9475191667628233,0.005700727968813046,31.402759592643122,0.27725887222257806,0.0,0.2,Train005,10.0
176,2,0,0.0,0.0,0.0,0.0,0.0,0.0,0.0,0.0,0.0,0.0,0.0,0,0,0.0,0.0,0.0,0.0,0.0,0.0,0.0,0.0,0.0,0.0,0.0,0.0,0.0,0.0,Train005,10.0
176,3,2,0.0001388888888888889,0.0,10.405463548469566,0.6209416150256128,-10.396605704232925,0.4190731347376112,10.405048412263511,-7.310382213819153,4.003856626288993e-05,89.63750955538642,0.6931471805579453,0,0,1.6,0.00011111111111111112,0.2,10.608075424509185,0.29751009423495595,-10.602133295821814,0.3378271101175002,10.607889916667784,-1.3375596029389072,1.716822251556227e-05,53.53920700566258,0.4158883083343672,0.2,0.0,Train005,10.0
176,4,1,6.944444444444444e-05,0.0,8.78550709248787,0.0,8.7833057628837,-0.19665896330620378,8.78550709248787,-4.940533271514713,0.0,0.0,-1.000088900581841e-12,0,0,1.0,6.944444444444444e-05,0.0,8.439927004989352,0.0,8.437180098644692,0.02260871521081758,8.43992700498935,0.4111425424846452,2.2204460492503132e-17,0.0,-1.000088900581841e-12,0.0,0.0,Train005,10.0
176,5,3,0.00020833333333333335,0.0,7.07405651522613,5.144922907082601,0.9828649776216339,-0.05716557414509984,0.984526011389498,-4.406931633630109,0.6666216310484018,58.0798415882542,1.0986122886651097,0,0,2.6,0.00018055555555555557,0.2,8.32920374885525,3.489107137929436,0.8629142963241051,-0.08685502723763752,0.8683403179498679,-0.4870454497586695,0.7949920997945608,56.390263971434955,0.9364262454222441,0.2,0.0,Train005,10.0
177,0,2,0.0001388888888888889,0.0,8.337702934081594,0.8563853675519044,-8.328486892667224,-0.2021795273968971,8.330940552100236,-7.339710529578487,0.00081971189096397,76.1647897997271,0.6931471805579453,0,0,2.2,0.00015277777777777777,-0.2,8.660151229478785,1.1674992041488625,-8.64313384307459,-0.09718711078677945,8.64647296368198,-0.7037992279759152,0.0024253942534295803,69.96876974860248,0.7742402021793782,0.0,0.2,Train005,10.0
177,1,1,6.944444444444444e-05,0.0,9.334797295819936,0.0,-9.286253022066981,-0.9507604136684638,9.334797295819936,-8.328068436386094,1.1102230246251565e-16,0.0,-1.000088900581841e-12,0,0,1.2,8.333333333333333e-05,-0.2,10.005632077339419,0.14297840525425584,-9.933061548338731,-0.9466894474713227,9.980576293311726,-1.9377123046172193,0.002888492925825803,15.697458845688402,0.13862943611078898,0.0,0.2,Train005,10.0
177,2,0,0.0,0.0,0.0,0.0,0.0,0.0,0.0,0.0,0.0,0.0,0.0,0,0,0.0,0.0,0.0,0.0,0.0,0.0,0.0,0.0,0.0,0.0,0.0,0.0,0.0,0.0,Train005,10.0
177,3,2,0.0001388888888888889,0.0,9.530920632699146,0.6104792078714727,-9.522578907439524,0.3886492014674188,9.530506662828234,-8.745429157704194,4.3613342722403914e-05,89.72204174446479,0.6931471805579453,0,0,1.8,0.000125,0.2,10.410378968626496,0.4196059358092505,-10.403248155805311,0.37063403299761816,10.410110666810914,-1.3806037474472574,2.5890891060043054e-05,71.48361535455554,0.5545177444461562,0.2,0.0,Train005,10.0
177,4,1,6.944444444444444e-05,0.0,8.096286338561976,0.0,8.093949750203894,-0.19449914436725504,8.096286338561976,-6.892207539258948,0.0,0.0,-1.000088900581841e-12,0,0,1.0,6.944444444444444e-05,0.0,8.487161486835937,0.0,8.484976320025321,-0.0731624051178845,8.487161486835937,0.47234481846586507,0.0,0.0,-1.000088900581841e-12,0.0,0.0,Train005,10.0
177,5,3,0.00020833333333333335,0.0,6.5043679859251915,4.734379143074894,0.9168413001281414,-0.05170128058921398,0.9182978776166398,-5.69688529300939,0.6666229763858897,58.05852143494598,1.0986122886651097,0,0,2.8,0.00019444444444444446,0.2,7.5855382573566015,4.287650459923787,0.8979746316238668,-0.07157130082292876,0.9014946476598962,0.07221910016272179,0.7308159013295901,57.266634256769564,1.0175192670436768,0.2,0.0,Train005,10.0
178,0,2,0.0001388888888888889,0.0,7.591161456867875,0.7821051298527215,-7.582662863361608,-0.1859233224724674,7.5849418970248195,-7.465414772137198,0.0008281098387153962,76.16890976952277,0.6931471805579453,0,0,2.0,0.0001388888888888889,-0.2,8.859442930815494,0.8991667380320463,-8.850537054747358,-0.19812949173947367,8.852780325356441,-0.8882062344251013,0.0007649099192887698,76.06881889494339,0.6931471805579453,0.0,0.2,Train005,10.0
178,1,1,6.944444444444444e-05,0.0,8.49591849395974,0.0,-8.45032680728863,-0.8789811750124731,8.49591849395974,-8.388788018601954,0.0,0.0,-1.000088900581841e-12,0,0,1.0,6.944444444444444e-05,-0.2,9.958157649045496,0.0,-9.916769618269083,-0.8938824863571005,9.958157649045496,-1.9045283354817886,4.4408920985006264e-17,0.0,-1.000088900581841e-12,0.0,0.2,Train005,10.0
178,2,0,0.0,0.0,0.0,0.0,0.0,0.0,0.0,0.0,0.0,0.0,0.0,0,0,0.0,0.0,0.0,0.0,0.0,0.0,0.0,0.0,0.0,0.0,0.0,0.0,0.0,0.0,Train005,10.0
178,3,2,0.0001388888888888889,0.0,8.65826526795419,0.5785997104216367,-8.650596767203103,0.35495909919464347,8.65787620556253,-8.72655364744956,4.513694939511925e-05,89.7507614857596,0.6931471805579453,0,0,2.0,0.0001388888888888889,0.2,10.221292315084956,0.5353258778935779,-10.213057559764739,0.4009967933038053,10.22094620079104,-1.2945057240357947,3.4918280939066905e-05,89.43376765170746,0.6931471805579453,0.2,0.0,Train005,10.0
178,4,1,6.944444444444444e-05,0.0,7.379985560083773,0.0,7.377733965645642,-0.18228658536390913,7.379985560083773,-7.163007784782032,0.0,0.0,-1.000088900581841e-12,0,0,1.0,6.944444444444444e-05,0.0,8.533798631119229,0.0,8.532088637753699,-0.16104799112499935,8.533798631119229,0.46637144283292786,0.0,0.0,-1.000088900581841e-12,0.0,0.0,Train005,10.0
178,5,3,0.00020833333333333335,0.0,5.92348388033141,4.3130181122651745,0.8399428264368171,-0.04675918881101546,0.8412433497038376,-5.808841055937819,0.6666235288506723,58.052962546636195,1.0986122886651097,0,0,3.0,0.00020833333333333335,0.2,6.905106415044214,5.014155352041312,0.9298863917984777,-0.05774362578402722,0.9317064141893272,0.7045555920253243,0.666618939499415,58.131697309110166,1.0986122886651097,0.2,0.0,Train005,10.0
179,0,1,6.944444444444444e-05,-1.0,10.846054283414318,0.0,-10.834603592177729,-0.4982554757747504,10.846054283414318,24.727876966937217,0.0,0.0,-1.000088900581841e-12,0,1,1.8,0.000125,-0.2,9.098130262925242,0.7082572990997329,-9.088446809267356,-0.26290955787111436,9.092665059381051,0.8226630613920257,0.0006396349961923509,60.90543716996122,0.5545177444461562,0.0,0.2,Train005,10.0
179,1,2,0.0001388888888888889,1.0,11.735036736123607,0.062021468292813964,-11.726424920068375,-0.4454789318066932,11.734883590589394,33.01139710456681,1.3050646162970914e-05,80.2246766067685,0.6931471805579453,1,0,1.2,8.333333333333334e-05,0.2,10.115097353579268,0.012404293658562793,-10.076281542212353,-0.8458928634570734,10.115066724472424,1.6934399819233377,2.610129232616387e-06,16.044935321353698,0.13862943611078898,0.2,0.0,Train005,10.0
179,2,0,0.0,0.0,0.0,0.0,0.0,0.0,0.0,0.0,0.0,0.0,0.0,0,0,0.0,0.0,0.0,0.0,0.0,0.0,0.0,0.0,0.0,0.0,0.0,0.0,0.0,0.0,Train005,10.0
179,3,1,6.944444444444444e-05,-1.0,11.027214083354233,0.0,-11.019253095253143,0.4189411210181709,11.027214083354233,17.903491049784055,0.0,0.0,-1.000088900581841e-12,0,1,1.8,0.00012499999999999998,-0.2,10.151673060465722,0.47568979675561496,-10.143337492555027,0.4033081941133985,10.151358877403805,-1.8533919670355814,3.2109286126802414e-05,71.70082376446969,0.5545177444461562,0.0,0.2,Train005,10.0
179,4,1,6.944444444444444e-05,0.0,9.641870206906574,0.0,9.64102912004047,0.12735224130070794,9.641870206906574,22.618846468228018,1.1102230246251565e-16,0.0,-1.000088900581841e-12,0,0,1.0,6.944444444444444e-05,0.0,8.636641923535908,0.0,8.634806264446924,-0.12311331888176047,8.636641923535908,1.0284329241667733,2.2204460492503132e-17,0.0,-1.000088900581841e-12,0.0,0.0,Train005,10.0
179,5,3,0.00020833333333333335,0.0,10.925817058414474,0.8783923184790849,-2.38293084830587,1.4548831875986945,2.7919606940938606,50.02333178083064,0.6766155618758685,55.59307143616829,1.0986122886651097,0,0,3.0,0.00020833333333333335,0.0,7.588495023697268,4.105104981017398,0.2726178666567914,0.24721005045085276,1.3088763932338854,6.833886086530543,0.6686203797648069,57.58559428894729,1.0986122886651097,0.0,0.0,Train005,10.0
