frame_idx,zone_id,count,density,delta_count,speed_mean,speed_std,flow_x,flow_y,flow_magnitude,accel_mean,flow_divergence,compression,spatial_entropy,zone_inflow,zone_outflow,count_sm,density_sm,delta_count_sm,speed_mean_sm,speed_std_sm,flow_x_sm,flow_y_sm,flow_magnitude_sm,accel_mean_sm,flow_divergence_sm,compression_sm,spatial_entropy_sm,zone_inflow_sm,zone_outflow_sm,vid_id,fps
0,0,0,0.0,0.0,0.0,0.0,0.0,0.0,0.0,0.0,0.0,0.0,0.0,0,0,0.0,0.0,0.0,0.0,0.0,0.0,0.0,0.0,0.0,0.0,0.0,0.0,0.0,0.0,Train016,10.0
0,1,1,6.944444444444444e-05,0.0,0.0,0.0,0.0,0.0,0.0,0.0,0.0,0.0,-1.000088900581841e-12,1,0,1.0,6.944444444444444e-05,0.0,0.0,0.0,0.0,0.0,0.0,0.0,0.0,0.0,-1.000088900581841e-12,1.0,0.0,Train016,10.0
0,2,0,0.0,0.0,0.0,0.0,0.0,0.0,0.0,0.0,0.0,0.0,0.0,0,0,0.0,0.0,0.0,0.0,0.0,0.0,0.0,0.0,0.0,0.0,0.0,0.0,0.0,0.0,Train016,10.0
0,3,3,0.00020833333333333335,0.0,0.0,0.0,0.0,0.0,0.0,0.0,0.0,32.71502793218543,1.0986122886651097,3,0,3.0,0.00020833333333333335,0.0,0.0,0.0,0.0,0.0,0.0,0.0,0.0,32.71502793218543,1.0986122886651097,3.0,0.0,Train016,10.0
0,4,1,6.944444444444444e-05,0.0,0.0,0.0,0.0,0.0,0.0,0.0,0.0,0.0,-1.000088900581841e-12,1,0,1.0,6.944444444444444e-05,0.0,0.0,0.0,0.0,0.0,0.0,0.0,0.0,0.0,-1.000088900581841e-12,1.0,0.0,Train016,10.0
0,5,3,0.00020833333333333335,0.0,0.0,0.0,0.0,0.0,0.0,0.0,0.0,37.73275443722906,1.0986122886651097,3,0,3.0,0.00020833333333333335,0.0,0.0,0.0,0.0,0.0,0.0,0.0,0.0,37.73275443722906,1.0986122886651097,3.0,0.0,Train016,10.0
1,0,0,0.0,0.0,0.0,0.0,0.0,0.0,0.0,0.0,0.0,0.0,0.0,0,0,0.0,0.0,0.0,0.0,0.0,0.0,0.0,0.0,0.0,0.0,0.0,0.0,0.0,0.0,Train016,10.0
1,1,1,6.944444444444444e-05,0.0,0.0,0.0,0.0,0.0,0.0,0.0,0.0,0.0,-1.000088900581841e-12,0,0,1.0,6.944444444444444e-05,0.0,0.0,0.0,0.0,0.0,0.0,0.0,0.0,0.0,-1.000088900581841e-12,0.5,0.0,Train016,10.0
1,2,0,0.0,0.0,0.0,0.0,0.0,0.0,0.0,0.0,0.0,0.0,0.0,0,0,0.0,0.0,0.0,0.0,0.0,0.0,0.0,0.0,0.0,0.0,0.0,0.0,0.0,0.0,Train016,10.0
1,3,3,0.00020833333333333335,0.0,0.0,0.0,0.0,0.0,0.0,0.0,0.0,32.71502793218543,1.0986122886651097,0,0,3.0,0.00020833333333333335,0.0,0.0,0.0,0.0,0.0,0.0,0.0,0.0,32.71502793218543,1.0986122886651097,1.5,0.0,Train016,10.0
1,4,1,6.944444444444444e-05,0.0,0.0,0.0,0.0,0.0,0.0,0.0,0.0,0.0,-1.000088900581841e-12,0,0,1.0,6.944444444444444e-05,0.0,0.0,0.0,0.0,0.0,0.0,0.0,0.0,0.0,-1.000088900581841e-12,0.5,0.0,Train016,10.0
1,5,3,0.00020833333333333335,0.0,0.0,0.0,0.0,0.0,0.0,0.0,0.0,37.73275443722906,1.0986122886651097,0,0,3.0,0.00020833333333333335,0.0,0.0,0.0,0.0,0.0,0.0,0.0,0.0,37.73275443722906,1.0986122886651097,1.5,0.0,Train016,10.0
2,0,0,0.0,0.0,0.0,0.0,0.0,0.0,0.0,0.0,0.0,0.0,0.0,0,0,0.0,0.0,0.0,0.0,0.0,0.0,0.0,0.0,0.0,0.0,0.0,0.0,0.0,0.0,Train016,10.0
2,1,1,6.944444444444444e-05,0.0,0.0,0.0,0.0,0.0,0.0,0.0,0.0,0.0,-1.000088900581841e-12,0,0,1.0,6.944444444444444e-05,0.0,0.0,0.0,0.0,0.0,0.0,0.0,0.0,0.0,-1.000088900581841e-12,0.3333333333333333,0.0,Train016,10.0
2,2,0,0.0,0.0,0.0,0.0,0.0,0.0,0.0,0.0,0.0,0.0,0.0,0,0,0.0,0.0,0.0,0.0,0.0,0.0,0.0,0.0,0.0,0.0,0.0,0.0,0.0,0.0,Train016,10.0
2,3,3,0.00020833333333333335,0.0,0.0,0.0,0.0,0.0,0.0,0.0,0.0,32.71502793218543,1.0986122886651097,0,0,3.0,0.00020833333333333335,0.0,0.0,0.0,0.0,0.0,0.0,0.0,0.0,32.71502793218543,1.0986122886651097,1.0,0.0,Train016,10.0
2,4,1,6.944444444444444e-05,0.0,0.0,0.0,0.0,0.0,0.0,0.0,0.0,0.0,-1.000088900581841e-12,0,0,1.0,6.944444444444444e-05,0.0,0.0,0.0,0.0,0.0,0.0,0.0,0.0,0.0,-1.000088900581841e-12,0.3333333333333333,0.0,Train016,10.0
2,5,3,0.00020833333333333335,0.0,0.0,0.0,0.0,0.0,0.0,0.0,0.0,37.73275443722906,1.0986122886651097,0,0,3.0,0.00020833333333333335,0.0,0.0,0.0,0.0,0.0,0.0,0.0,0.0,37.73275443722906,1.0986122886651097,1.0,0.0,Train016,10.0
3,0,0,0.0,0.0,0.0,0.0,0.0,0.0,0.0,0.0,0.0,0.0,0.0,0,0,0.0,0.0,0.0,0.0,0.0,0.0,0.0,0.0,0.0,0.0,0.0,0.0,0.0,0.0,Train016,10.0
3,1,1,6.944444444444444e-05,0.0,0.0,0.0,0.0,0.0,0.0,0.0,0.0,0.0,-1.000088900581841e-12,0,0,1.0,6.944444444444444e-05,0.0,0.0,0.0,0.0,0.0,0.0,0.0,0.0,0.0,-1.000088900581841e-12,0.25,0.0,Train016,10.0
3,2,0,0.0,0.0,0.0,0.0,0.0,0.0,0.0,0.0,0.0,0.0,0.0,0,0,0.0,0.0,0.0,0.0,0.0,0.0,0.0,0.0,0.0,0.0,0.0,0.0,0.0,0.0,Train016,10.0
3,3,3,0.00020833333333333335,0.0,0.0,0.0,0.0,0.0,0.0,0.0,0.0,32.71502793218543,1.0986122886651097,0,0,3.0,0.00020833333333333335,0.0,0.0,0.0,0.0,0.0,0.0,0.0,0.0,32.71502793218543,1.0986122886651097,0.75,0.0,Train016,10.0
3,4,1,6.944444444444444e-05,0.0,0.0,0.0,0.0,0.0,0.0,0.0,0.0,0.0,-1.000088900581841e-12,0,0,1.0,6.944444444444444e-05,0.0,0.0,0.0,0.0,0.0,0.0,0.0,0.0,0.0,-1.000088900581841e-12,0.25,0.0,Train016,10.0
3,5,3,0.00020833333333333335,0.0,0.0,0.0,0.0,0.0,0.0,0.0,0.0,37.73275443722906,1.0986122886651097,0,0,3.0,0.00020833333333333335,0.0,0.0,0.0,0.0,0.0,0.0,0.0,0.0,37.73275443722906,1.0986122886651097,0.75,0.0,Train016,10.0
4,0,0,0.0,0.0,0.0,0.0,0.0,0.0,0.0,0.0,0.0,0.0,0.0,0,0,0.0,0.0,0.0,0.0,0.0,0.0,0.0,0.0,0.0,0.0,0.0,0.0,0.0,0.0,Train016,10.0
4,1,1,6.944444444444444e-05,0.0,8.441187623895942,0.0,-8.441187623895942,0.0,8.441187623895942,84.41187623895942,0.0,0.0,-1.000088900581841e-12,0,0,1.0,6.944444444444444e-05,0.0,1.6882375247791885,0.0,-1.6882375247791885,0.0,1.6882375247791885,16.882375247791884,0.0,0.0,-1.000088900581841e-12,0.2,0.0,Train016,10.0
4,2,0,0.0,0.0,0.0,0.0,0.0,0.0,0.0,0.0,0.0,0.0,0.0,0,0,0.0,0.0,0.0,0.0,0.0,0.0,0.0,0.0,0.0,0.0,0.0,0.0,0.0,0.0,Train016,10.0
4,3,3,0.00020833333333333335,0.0,11.284112905996219,3.44634776323073,-6.565368151919066,-0.46895486799421904,6.582095231645365,112.84112905996221,0.6666666666666667,31.270084888069846,1.0986122886651097,0,0,3.0,0.00020833333333333335,0.0,2.256822581199244,0.689269552646146,-1.3130736303838133,-0.09379097359884381,1.316419046329073,22.56822581199244,0.13333333333333336,32.42603932336231,1.0986122886651097,0.6,0.0,Train016,10.0
4,4,1,6.944444444444444e-05,0.0,11.342505054266148,0.0,-11.254916831861257,-1.4068646039826571,11.342505054266148,113.42505054266148,1.1102230246251565e-16,0.0,-1.000088900581841e-12,0,0,1.0,6.944444444444444e-05,0.0,2.2685010108532295,0.0,-2.2509833663722514,-0.2813729207965314,2.2685010108532295,22.685010108532296,2.2204460492503132e-17,0.0,-1.000088900581841e-12,0.2,0.0,Train016,10.0
4,5,3,0.00020833333333333335,0.0,8.057480330298349,0.6267816101732745,-3.282684075959533,0.0,3.282684075959533,80.57480330298348,0.6645622648268141,37.689067606180515,1.0986122886651097,0,0,3.0,0.00020833333333333335,0.0,1.6114960660596698,0.1253563220346549,-0.6565368151919067,0.0,0.6565368151919067,16.114960660596697,0.13291245296536283,37.724017071019354,1.0986122886651097,0.6,0.0,Train016,10.0
5,0,0,0.0,0.0,0.0,0.0,0.0,0.0,0.0,0.0,0.0,0.0,0.0,0,0,0.0,0.0,0.0,0.0,0.0,0.0,0.0,0.0,0.0,0.0,0.0,0.0,0.0,0.0,Train016,10.0
5,1,1,6.944444444444444e-05,0.0,8.061323518998396,0.0,-8.061323518998396,0.0,8.061323518998396,-3.798641048975462,0.0,0.0,-1.000088900581841e-12,0,0,1.0,6.944444444444444e-05,0.0,3.3005022285788677,0.0,-3.3005022285788677,0.0,3.3005022285788677,16.122647037996792,0.0,0.0,-1.000088900581841e-12,0.0,0.0,Train016,10.0
5,2,0,0.0,0.0,0.0,0.0,0.0,0.0,0.0,0.0,0.0,0.0,0.0,0,0,0.0,0.0,0.0,0.0,0.0,0.0,0.0,0.0,0.0,0.0,0.0,0.0,0.0,0.0,Train016,10.0
5,3,3,0.00020833333333333335,0.0,10.776313572586695,3.291257760902229,-6.269918292554305,-0.44785130661102196,6.2858926325654245,-5.077993334095246,0.6666666666666667,30.847315486130668,1.0986122886651097,0,0,3.0,0.00020833333333333335,0.0,4.412085295716582,1.3475211048265918,-2.5670572888946745,-0.1833612349210482,2.573597572842158,21.552627145173396,0.2666666666666667,32.05249683415136,1.0986122886651097,0.0,0.0,Train016,10.0
5,4,1,6.944444444444444e-05,0.0,10.832078000431082,0.0,-10.748431358664586,-1.343553919833066,10.832078000431082,-5.1042705383506615,0.0,0.0,-1.000088900581841e-12,0,0,1.0,6.944444444444444e-05,0.0,4.434916610939446,0.0,-4.400669638105168,-0.5500837047631446,4.434916610939446,21.664156000862164,2.2204460492503132e-17,0.0,-1.000088900581841e-12,0.0,0.0,Train016,10.0
5,5,3,0.00020833333333333335,0.0,7.694883538262382,0.5985756460455849,-3.134959146277154,0.0,3.134959146277154,-3.625967920359662,0.6645622648268141,37.54157566028196,1.0986122886651097,0,0,3.0,0.00020833333333333335,0.0,3.1504727737121465,0.24507145124377186,-1.2835286444473375,0.0,1.2835286444473375,15.389767076524766,0.26582490593072566,37.68578131562993,1.0986122886651097,0.0,0.0,Train016,10.0
6,0,0,0.0,0.0,0.0,0.0,0.0,0.0,0.0,0.0,0.0,0.0,0.0,0,0,0.0,0.0,0.0,0.0,0.0,0.0,0.0,0.0,0.0,0.0,0.0,0.0,0.0,0.0,Train016,10.0
6,1,1,6.944444444444444e-05,0.0,6.7068084909436045,0.0,-6.7068084909436045,0.0,6.7068084909436045,-13.545150280547915,0.0,0.0,-1.000088900581841e-12,0,0,1.0,6.944444444444444e-05,0.0,4.641863926767589,0.0,-4.641863926767589,0.0,4.641863926767589,13.413616981887207,0.0,0.0,-1.000088900581841e-12,0.0,0.0,Train016,10.0
6,2,0,0.0,0.0,0.0,0.0,0.0,0.0,0.0,0.0,0.0,0.0,0.0,0,0,0.0,0.0,0.0,0.0,0.0,0.0,0.0,0.0,0.0,0.0,0.0,0.0,0.0,0.0,Train016,10.0
6,3,3,0.00020833333333333335,0.0,8.965608587642357,2.7382396258729664,-5.216406604067248,-0.37260047171908667,5.229696833515465,-18.107049849443385,0.6666666666666667,30.731115939241864,1.0986122886651097,0,0,3.0,0.00020833333333333335,0.0,6.205207013245054,1.8951690300011852,-3.610338609708124,-0.2578813292648655,3.619536939545251,17.93121717528472,0.4,31.655714435562647,1.0986122886651097,0.0,0.0,Train016,10.0
6,4,1,6.944444444444444e-05,0.0,9.01200312041085,0.0,-8.942411321258227,-1.11780141515726,9.01200312041085,-18.200748800202327,1.1102230246251565e-16,0.0,-1.000088900581841e-12,0,0,1.0,6.944444444444444e-05,0.0,6.2373172350216155,0.0,-6.189151902356814,-0.7736439877945965,6.2373172350216155,18.0240062408217,4.4408920985006264e-17,0.0,-1.000088900581841e-12,0.0,0.0,Train016,10.0
6,5,3,0.00020833333333333335,0.0,6.401940094528349,0.49799914566253256,-2.608203302033606,0.0,2.608203302033606,-12.929434437340328,0.6645622648268141,37.504925410461105,1.0986122886651097,0,0,3.0,0.00020833333333333335,0.0,4.430860792617816,0.3446712803762784,-1.8051693048540585,0.0,1.8051693048540585,12.803880189056699,0.39873735889608847,37.64021551027634,1.0986122886651097,0.0,0.0,Train016,10.0
7,0,0,0.0,0.0,0.0,0.0,0.0,0.0,0.0,0.0,0.0,0.0,0.0,0,0,0.0,0.0,0.0,0.0,0.0,0.0,0.0,0.0,0.0,0.0,0.0,0.0,0.0,0.0,Train016,10.0
7,1,1,6.944444444444444e-05,0.0,5.5114423878580165,0.0,-5.5114423878580165,0.0,5.5114423878580165,-11.95366103085588,0.0,0.0,-1.000088900581841e-12,0,0,1.0,6.944444444444444e-05,0.0,5.744152404339192,0.0,-5.744152404339192,0.0,5.744152404339192,11.022884775716033,0.0,0.0,-1.000088900581841e-12,0.0,0.0,Train016,10.0
7,2,0,0.0,0.0,0.0,0.0,0.0,0.0,0.0,0.0,0.0,0.0,0.0,0,0,0.0,0.0,0.0,0.0,0.0,0.0,0.0,0.0,0.0,0.0,0.0,0.0,0.0,0.0,Train016,10.0
7,3,3,0.00020833333333333335,0.0,7.3676526278632375,2.250198430822566,-4.28667741277847,-0.3061912437698832,4.297598901594525,-15.979559597791193,0.6666666666666666,30.711847126907696,1.0986122886651097,0,0,3.0,0.00020833333333333335,0.0,7.6787375388177015,2.3452087161656983,-4.467674092263818,-0.31911957801884216,4.479056719864156,14.735305255726479,0.5333333333333334,31.255078274507106,1.0986122886651097,0.0,0.0,Train016,10.0
7,4,1,6.944444444444444e-05,0.0,7.405778182635028,0.0,-7.3485898504774925,-0.9185737313096681,7.405778182635028,-16.062249377758214,0.0,0.0,-1.000088900581841e-12,0,0,1.0,6.944444444444444e-05,0.0,7.718472871548622,0.0,-7.658869872452312,-0.9573587340565302,7.718472871548622,14.811556365270055,4.4408920985006264e-17,0.0,-1.000088900581841e-12,0.0,0.0,Train016,10.0
7,5,3,0.00020833333333333335,0.0,5.260911214202136,0.40923989468727984,-2.143338706389207,-6.1802415037467045e-15,2.143338706389207,-11.410288803262134,0.6645622648268145,37.49901632054704,1.0986122886651097,0,0,3.0,0.00020833333333333335,0.0,5.483043035458243,0.42651925931373436,-2.2338370461319004,-1.2360483007493409e-15,2.2338370461319004,10.521822428404272,0.5316498118614514,37.59346788693993,1.0986122886651097,0.0,0.0,Train016,10.0
8,0,0,0.0,0.0,0.0,0.0,0.0,0.0,0.0,0.0,0.0,0.0,0.0,0,0,0.0,0.0,0.0,0.0,0.0,0.0,0.0,0.0,0.0,0.0,0.0,0.0,0.0,0.0,Train016,10.0
8,1,1,6.944444444444444e-05,0.0,4.582329989100897,0.0,-4.582329989100897,0.0,4.582329989100897,-9.291123987571197,0.0,0.0,-1.000088900581841e-12,0,0,1.0,6.944444444444444e-05,0.0,6.660618402159372,0.0,-6.660618402159372,0.0,6.660618402159372,9.164659978201794,0.0,0.0,-1.000088900581841e-12,0.0,0.0,Train016,10.0
8,2,0,0.0,0.0,0.0,0.0,0.0,0.0,0.0,0.0,0.0,0.0,0.0,0,0,0.0,0.0,0.0,0.0,0.0,0.0,0.0,0.0,0.0,0.0,0.0,0.0,0.0,0.0,Train016,10.0
8,3,3,0.00020833333333333335,0.0,6.125622515861376,1.8708626572423273,-3.564034435967386,-0.25457388828337124,3.5731147931961376,-12.420301120018616,0.6666666666666667,30.721902581138664,1.0986122886651097,0,0,3.0,0.00020833333333333335,0.0,8.903862041989978,2.7193812476141637,-5.180480979457295,-0.37003435567551646,5.193679678503384,12.251245031722755,0.6666666666666667,30.856453204297747,1.0986122886651097,0.0,0.0,Train016,10.0
8,4,1,6.944444444444444e-05,0.0,6.157320909981754,0.0,-6.109773318801366,-0.7637216648501483,6.157320909981754,-12.484572726532734,1.1102230246251565e-16,0.0,-1.000088900581841e-12,0,0,1.0,6.944444444444444e-05,0.0,8.949937053544973,0.0,-8.880824536212586,-1.11010306702656,8.949937053544973,12.314641819963509,6.661338147750939e-17,0.0,-1.000088900581841e-12,0.0,0.0,Train016,10.0
8,5,3,0.00020833333333333335,0.0,4.37403306255091,0.3402507202639752,-1.7820172179836657,-1.1509312021947457e-14,1.7820172179836657,-8.868781516512257,0.6645622648268146,37.5020939550737,1.0986122886651097,0,0,3.0,0.00020833333333333335,0.0,6.357849647968425,0.49456940336652944,-2.5902404897286333,-3.5379107051388322e-15,2.5902404897286333,8.74806612510182,0.6645622648268142,37.54733579050886,1.0986122886651097,0.0,0.0,Train016,10.0
9,0,1,6.944444444444444e-05,1.0,11.57597847405781,0.0,-11.565303381052278,-0.49702649433462076,11.57597847405781,31.750401607061107,0.0,0.0,-1.000088900581841e-12,1,0,0.2,1.388888888888889e-05,0.2,2.315195694811562,0.0,-2.3130606762104557,-0.09940529886692415,2.315195694811562,6.3500803214122215,0.0,0.0,-2.000177801163682e-13,0.2,0.0,Train016,10.0
9,1,1,6.944444444444444e-05,0.0,8.356431748363436,0.0,-8.341637502851931,0.49702649433462076,8.356431748363436,37.74101759262539,0.0,0.0,-1.000088900581841e-12,0,0,1.0,6.944444444444444e-05,0.0,6.6436672270528705,0.0,-6.640708377950569,0.09940529886692415,6.6436672270528705,-0.16951175106501354,0.0,0.0,-1.000088900581841e-12,0.0,0.0,Train016,10.0
9,2,0,0.0,0.0,0.0,0.0,0.0,0.0,0.0,0.0,0.0,0.0,0.0,0,0,0.0,0.0,0.0,0.0,0.0,0.0,0.0,0.0,0.0,0.0,0.0,0.0,0.0,0.0,Train016,10.0
9,3,2,0.0001388888888888889,-1.0,9.916820505682587,0.2318102011321832,-0.2215600219581626,-0.32236658782001554,0.39116372566077917,49.28855888566372,0.9682194064722228,60.41198084612869,0.6931471805579453,0,1,2.8,0.00019444444444444443,-0.2,8.63040356192725,2.0764737351944547,-3.9117193534651142,-0.34071669964067575,3.955493377306466,-0.4592690031369443,0.726977214627778,36.68483239590952,1.0175192670436768,0.0,0.2,Train016,10.0
9,4,1,6.944444444444444e-05,0.0,11.154338360335657,0.0,-11.122183337136068,0.8463463073638106,11.154338360335657,49.97017450353903,0.0,0.0,-1.000088900581841e-12,0,0,1.0,6.944444444444444e-05,0.0,8.912303714758874,0.0,-8.85427783726755,-0.6594608847572663,8.912303714758874,-0.37633338786098136,4.4408920985006264e-17,0.0,-1.000088900581841e-12,0.0,0.0,Train016,10.0
9,5,3,0.00020833333333333335,0.0,8.293380240433946,1.2775787920473536,-3.8238343833883506,-6.827871601444713e-15,3.8238343833883506,39.19347177883035,0.6666348875691159,36.03153657002873,1.0986122886651097,0,0,3.0,0.00020833333333333335,0.0,6.4050296299955445,0.6247288397413453,-2.6984705512143967,-4.9034850254277745e-15,2.6984705512143967,0.47179982027119394,0.6649767893752747,37.215829583278506,1.0986122886651097,0.0,0.0,Train016,10.0
10,0,1,6.944444444444444e-05,0.0,11.4618031250415,0.0,-11.446226996366956,-0.5973428034649618,11.4618031250415,-1.1417534901631043,0.0,0.0,-1.000088900581841e-12,0,0,0.4,2.777777777777778e-05,0.2,4.607556319819862,0.0,-4.602306075483847,-0.21887385955991653,4.607556319819862,6.121729623379601,0.0,0.0,-4.000355602327364e-13,0.2,0.0,Train016,10.0
10,1,1,6.944444444444444e-05,0.0,8.707584754224918,0.0,-8.68707164855677,0.5973428034649618,8.707584754224918,3.51153005861482,0.0,0.0,-1.000088900581841e-12,0,0,1.0,6.944444444444444e-05,0.0,6.772919474098174,0.0,-6.765858003862244,0.21887385955991653,6.772919474098174,1.292522470453043,0.0,0.0,-1.000088900581841e-12,0.0,0.0,Train016,10.0
10,2,0,0.0,0.0,0.0,0.0,0.0,0.0,0.0,0.0,0.0,0.0,0.0,0,0,0.0,0.0,0.0,0.0,0.0,0.0,0.0,0.0,0.0,0.0,0.0,0.0,0.0,0.0,Train016,10.0
10,3,2,0.0001388888888888889,0.0,10.463667564126593,0.06094422872801708,0.06826760085438632,-0.27591553478100483,0.2842355496061351,5.468470584440075,0.9734672645292451,57.668811580396,0.6931471805579453,0,0,2.6,0.00018055555555555555,-0.2,8.567874360235232,1.430411028759612,-2.644082174783376,-0.30632954527467227,2.7551619607146085,1.6500237805701197,0.7883373342002936,42.04913161476259,0.936426245422244,0.0,0.2,Train016,10.0
10,4,1,6.944444444444444e-05,0.0,11.648968605905994,0.0,-11.582762198075836,1.240197340832855,11.648968605905994,4.946302455703364,1.1102230246251565e-16,0.0,-1.000088900581841e-12,0,0,1.0,6.944444444444444e-05,0.0,9.075681835853857,0.0,-9.021144005149798,-0.14271063262408212,9.075681835853857,1.6337812109498238,6.661338147750939e-17,0.0,-1.000088900581841e-12,0.0,0.0,Train016,10.0
10,5,3,0.00020833333333333335,0.0,8.702331704679002,1.4445837386589055,-4.0752055784811745,-6.8232456721754415e-15,4.0752055784811745,4.089514642450564,0.6666637852180952,35.65267276373525,1.0986122886651097,0,0,3.0,0.00020833333333333335,0.0,6.606519263278868,0.7939304582640094,-2.886519837655201,-6.268134159862863e-15,2.886519837655201,2.0148963328332394,0.6653970934535309,36.83804900396917,1.0986122886651097,0.0,0.0,Train016,10.0
11,0,1,6.944444444444444e-05,0.0,10.471667183675377,0.0,-10.45570818503312,-0.5779099887484327,10.471667183675377,-9.901359413661233,0.0,0.0,-1.000088900581841e-12,0,0,0.6,4.1666666666666665e-05,0.2,6.701889756554938,0.0,-6.69344771249047,-0.33445585730960303,6.701889756554938,4.141457740647354,0.0,0.0,-6.000533403491046e-13,0.2,0.0,Train016,10.0
11,1,0,0.0,-1.0,0.0,0.0,0.0,0.0,0.0,0.0,0.0,0.0,0.0,0,1,0.8,5.555555555555556e-05,-0.2,5.431557775909454,0.0,-5.424496305673523,0.21887385955991653,5.431557775909454,4.001552526562626,0.0,0.0,-8.000711204654728e-13,0.0,0.2,Train016,10.0
11,2,0,0.0,0.0,0.0,0.0,0.0,0.0,0.0,0.0,0.0,0.0,0.0,0,0,0.0,0.0,0.0,0.0,0.0,0.0,0.0,0.0,0.0,0.0,0.0,0.0,0.0,0.0,Train016,10.0
11,3,2,0.0001388888888888889,0.0,9.756845696759983,0.14440155983193392,0.15033976226390422,-0.23884174028623711,0.282218746755997,-7.068218673666102,0.9751451821458191,56.728740359359655,0.6931471805579453,0,0,2.4,0.0001666666666666667,-0.2,8.726121782058756,0.9116434155514055,-1.5707329015171456,-0.2795777989881024,1.7656663433627149,3.857790015725576,0.850033037296124,47.24865649878614,0.855333223800811,0.0,0.2,Train016,10.0
11,4,2,0.0001388888888888889,1.0,9.458719477430828,1.3707555482833076,-9.41183924586585,0.9169782372106118,9.456403495914213,-7.195572026346282,0.00025010476481202026,39.72871228993709,0.6931471805579453,1,0,1.2,8.333333333333334e-05,0.2,9.16502510725785,0.2741511096566615,-9.115029590071323,0.2642452978494922,9.164561910954529,3.834816565721033,5.002095296244846e-05,7.945742457987419,0.13862943611078898,0.2,0.0,Train016,10.0
11,5,3,0.00020833333333333335,0.0,8.101167350934228,1.3745497407146507,-3.811508068828401,-1.077378926813329e-14,3.811508068828401,-6.011643537447736,0.6666502925205131,35.53983083203456,1.0986122886651097,0,0,3.0,0.00020833333333333335,0.0,6.946364714560045,0.969240577274433,-3.12718079101416,-8.422892013489522e-15,3.12718079101416,3.3984545128117576,0.6658146989922706,36.44503008828385,1.0986122886651097,0.0,0.0,Train016,10.0
12,0,1,6.944444444444444e-05,0.0,9.34416133558528,0.0,-9.329308429916125,-0.5266453122764989,9.34416133558528,-11.27505848090097,1.1102230246251565e-16,0.0,-1.000088900581841e-12,0,0,0.8,5.555555555555556e-05,0.2,8.570722023671994,0.0,-8.559309398473696,-0.43978491976490286,8.570722023671994,1.88644604446716,2.2204460492503132e-17,0.0,-8.000711204654728e-13,0.2,0.0,Train016,10.0
12,1,0,0.0,0.0,0.0,0.0,0.0,0.0,0.0,0.0,0.0,0.0,0.0,0,0,0.6,4.1666666666666665e-05,-0.2,4.3292692983378505,0.0,-4.322207828101919,0.21887385955991653,4.3292692983378505,6.392284732733802,0.0,0.0,-6.000533403491046e-13,0.0,0.2,Train016,10.0
12,2,0,0.0,0.0,0.0,0.0,0.0,0.0,0.0,0.0,0.0,0.0,0.0,0,0,0.0,0.0,0.0,0.0,0.0,0.0,0.0,0.0,0.0,0.0,0.0,0.0,0.0,0.0,Train016,10.0
12,3,2,0.0001388888888888889,0.0,8.773453673547285,0.15907203124149127,0.16412697485640226,-0.20861366451944124,0.26543798691925025,-9.833920232126978,0.975775986288928,56.45439432248826,0.6931471805579453,0,0,2.2,0.00015277777777777777,-0.2,9.007281991195565,0.4934181356351905,-0.6805720239901711,-0.260062283138014,0.9592341604276597,5.086917888858419,0.9118549012205763,52.39716593790225,0.7742402021793782,0.0,0.2,Train016,10.0
12,4,2,0.0001388888888888889,0.0,8.494797219235714,1.2325046894672238,-8.45036708217535,0.8446769600335403,8.492478024129602,-9.639222581951138,0.00027888518444130206,39.70047958211956,0.6931471805579453,0,0,1.4,9.722222222222222e-05,0.2,9.382828914577988,0.5206520475501063,-9.335385036410894,0.6168954361181339,9.381901879253444,5.119421924882448,0.00010579798985070888,15.885838374411332,0.27725887222257806,0.2,0.0,Train016,10.0
12,5,3,0.00020833333333333335,0.0,7.280265544886454,1.245183386904524,-3.431208558380989,-7.0637939941775585e-15,3.431208558380989,-8.209018060477735,0.6666423651595916,35.504476492333076,1.0986122886651097,0,0,3.0,0.00020833333333333335,0.0,7.350235580696908,1.1364292757178815,-3.384754761412516,-8.599602511575691e-15,3.384754761412516,4.038708661368638,0.6662307190588261,36.04612212264106,1.0986122886651097,0.0,0.0,Train016,10.0
13,0,1,6.944444444444444e-05,0.0,8.29141754060977,0.0,-8.278016566883807,-0.4712181566202419,8.29141754060977,-10.527437949755107,0.0,0.0,-1.000088900581841e-12,0,0,1.0,6.944444444444444e-05,0.2,10.229005531793948,0.0,-10.214912711850456,-0.5340285510889512,10.229005531793948,-0.21904154548386146,2.2204460492503132e-17,0.0,-1.000088900581841e-12,0.2,0.0,Train016,10.0
13,1,0,0.0,0.0,0.0,0.0,0.0,0.0,0.0,0.0,0.0,0.0,0.0,0,0,0.4,2.7777777777777772e-05,-0.2,3.4128033005176706,0.0,-3.40574183028174,0.21887385955991653,3.4128033005176706,8.250509530248042,0.0,0.0,-4.000355602327364e-13,0.0,0.2,Train016,10.0
13,2,0,0.0,0.0,0.0,0.0,0.0,0.0,0.0,0.0,0.0,0.0,0.0,0,0,0.0,0.0,0.0,0.0,0.0,0.0,0.0,0.0,0.0,0.0,0.0,0.0,0.0,0.0,Train016,10.0
13,3,2,0.0001388888888888889,0.0,7.808940422239036,0.1519197762338469,0.15631998620737875,-0.18350241624098718,0.24105823954836225,-9.645132513082494,0.9760278607660389,56.42017991916179,0.6931471805579453,0,0,2.0,0.0001388888888888889,-0.2,9.343945572471096,0.14962955943349449,0.06349886044478179,-0.2458479887295372,0.2928228496981048,5.641951610245643,0.9737271400404508,57.536821405506885,0.6931471805579453,0.0,0.2,Train016,10.0
13,4,2,0.0001388888888888889,0.0,7.5571912142450985,1.0969901589189428,-7.516824471886277,0.7589338969994854,7.555040092624475,-9.376060049906151,0.0002907734035130227,39.69893266764341,0.6931471805579453,0,0,1.6,0.00011111111111111112,0.2,9.662802975430658,0.7400500793338949,-9.616795267027877,0.9214265484880606,9.661445715781987,5.7411244602077645,0.0001639526705532912,23.825624907940014,0.4158883083343672,0.2,0.0,Train016,10.0
13,5,3,0.00020833333333333335,0.0,6.4783636566166125,1.1115355130135416,-3.0553626733523367,-7.06841992344683e-15,3.0553626733523367,-8.019018882698417,0.6666387641759222,35.49503482173933,1.0986122886651097,0,0,3.0,0.00020833333333333335,0.0,7.77110169951005,1.290686234267795,-3.6394238524862503,-7.711424091875568e-15,3.6394238524862503,4.208661188131406,0.6666460189286476,35.644710295974185,1.0986122886651097,0.0,0.0,Train016,10.0
14,0,1,6.944444444444444e-05,0.0,11.272778725030218,0.0,-11.264961770807693,-0.41973382724661695,11.272778725030218,29.813611844204484,1.1102230246251565e-16,0.0,-1.000088900581841e-12,0,0,1.0,6.944444444444444e-05,0.0,10.168365581988429,0.0,-10.154844389801541,-0.5185700176713505,10.168365581988429,-0.6063994980551861,4.4408920985006264e-17,0.0,-1.000088900581841e-12,0.0,0.0,Train016,10.0
14,1,0,0.0,0.0,0.0,0.0,0.0,0.0,0.0,0.0,0.0,0.0,0.0,0,0,0.2,1.388888888888889e-05,-0.2,1.7415169508449835,0.0,-1.737414329711354,0.11946856069299236,1.7415169508449835,0.7023060117229634,0.0,0.0,-2.000177801163682e-13,0.0,0.2,Train016,10.0
14,2,0,0.0,0.0,0.0,0.0,0.0,0.0,0.0,0.0,0.0,0.0,0.0,0,0,0.0,0.0,0.0,0.0,0.0,0.0,0.0,0.0,0.0,0.0,0.0,0.0,0.0,0.0,Train016,10.0
14,3,2,0.0001388888888888889,0.0,9.264539469766344,0.3338828466474988,0.32068516813147596,0.37175327504230865,0.4909577115844046,14.555990475273074,0.9611226433805702,52.35652821191988,0.6931471805579453,0,0,2.0,0.0001388888888888889,0.0,9.213489365287847,0.17004408853655759,0.1719478984627095,-0.10702401615707235,0.31278164688282983,-1.3045620718324862,0.9723077874221202,55.925730878665114,0.6931471805579453,0.0,0.0,Train016,10.0
14,4,2,0.0001388888888888889,0.0,8.714884279878946,0.8420698718241861,-8.637821346355139,1.0331990048023718,8.699394105055427,11.576930656338483,0.0017942050380495012,40.167483171427605,0.6931471805579453,0,0,1.8,0.000125,0.2,9.174912159339318,0.9084640536987321,-9.119922868871692,0.958797087975773,9.170456864725944,-1.9375243092323449,0.0005227936781631914,31.859121542225534,0.5545177444461562,0.2,0.0,Train016,10.0
14,5,3,0.00020833333333333335,0.0,9.080483795903708,0.9325635136944513,-3.9030290214389143,-7.0637939941775585e-15,3.9030290214389143,26.021201392870964,0.6666569394308868,35.976983803621295,1.0986122886651097,0,0,3.0,0.00020833333333333335,0.0,7.928522410604001,1.2216831785972144,-3.6552627800963626,-7.758608570422135e-15,3.6552627800963626,1.5742071109395284,0.6666504293010018,35.6337997426927,1.0986122886651097,0.0,0.0,Train016,10.0
15,0,1,6.944444444444444e-05,0.0,11.475384577880032,0.0,-11.469288976240824,-0.37398073443374086,11.475384577880032,2.0260585284981403,0.0,0.0,-1.000088900581841e-12,0,0,1.0,6.944444444444444e-05,0.0,10.171081872556135,0.0,-10.159456785776314,-0.4738976038651062,10.171081872556135,0.02716290567706281,4.4408920985006264e-17,0.0,-1.000088900581841e-12,0.0,0.0,Train016,10.0
15,1,0,0.0,0.0,0.0,0.0,0.0,0.0,0.0,0.0,0.0,0.0,0.0,0,0,0.0,0.0,-0.2,0.0,0.0,0.0,0.0,0.0,0.0,0.0,0.0,0.0,0.0,0.2,Train016,10.0
15,2,0,0.0,0.0,0.0,0.0,0.0,0.0,0.0,0.0,0.0,0.0,0.0,0,0,0.0,0.0,0.0,0.0,0.0,0.0,0.0,0.0,0.0,0.0,0.0,0.0,0.0,0.0,Train016,10.0
15,3,2,0.0001388888888888889,0.0,9.111155311292956,0.3730158982708822,0.3525113720799551,0.5282186673690966,0.6350426977793515,-1.5338415847338727,0.943544459787821,50.89134443453047,0.6931471805579453,0,0,2.0,0.0001388888888888889,0.0,8.942986914721121,0.23245842244513062,0.22879665270782326,0.053802824272947955,0.38294307651747317,-2.705024505667276,0.9663232264738355,54.57023744949201,0.6931471805579453,0.0,0.0,Train016,10.0
15,4,2,0.0001388888888888889,0.0,8.497682295257109,0.7028087521756254,-8.411128090753227,1.052040669776843,8.476665932424288,-2.172019846218376,0.0024902426940528466,40.352253340579516,0.6931471805579453,0,0,2.0,0.0001388888888888889,0.2,8.544654897209538,1.0490258041338572,-8.485596047407167,0.9211657537645704,8.535996330029601,-3.3611887696166933,0.0010208422169737386,39.92957221034144,0.6931471805579453,0.2,0.0,Train016,10.0
15,5,3,0.00020833333333333335,0.0,9.308959729492,0.863347401571082,-3.9124386198029737,-1.0329700058283228e-14,3.9124386198029737,2.2847593358829066,0.6666594848708677,36.00032803808106,1.0986122886651097,0,0,3.0,0.00020833333333333335,0.0,8.0498480155666,1.10543591117965,-3.6227093883607226,-8.459899447643693e-15,3.6227093883607226,1.2132560496259968,0.6666495692315563,35.70333079756186,1.0986122886651097,0.0,0.0,Train016,10.0
16,0,1,6.944444444444444e-05,0.0,10.775140348345147,0.0,-10.769968508124276,-0.3338081193544066,10.775140348345147,-7.00244229534885,0.0,0.0,-1.000088900581841e-12,0,0,1.0,6.944444444444444e-05,0.0,10.231776505490089,0.0,-10.222308850394546,-0.42507722998630104,10.231776505490089,0.6069463293395394,4.4408920985006264e-17,0.0,-1.000088900581841e-12,0.0,0.0,Train016,10.0
16,1,0,0.0,0.0,0.0,0.0,0.0,0.0,0.0,0.0,0.0,0.0,0.0,0,0,0.0,0.0,0.0,0.0,0.0,0.0,0.0,0.0,0.0,0.0,0.0,0.0,0.0,0.0,Train016,10.0
16,2,0,0.0,0.0,0.0,0.0,0.0,0.0,0.0,0.0,0.0,0.0,0.0,0,0,0.0,0.0,0.0,0.0,0.0,0.0,0.0,0.0,0.0,0.0,0.0,0.0,0.0,0.0,Train016,10.0
16,3,2,0.0001388888888888889,0.0,8.451671214650947,0.3612682106618239,0.33948321316760577,0.5447433463118653,0.6418677164133205,-6.594840966420099,0.9371684356058033,50.40189403107748,0.6931471805579453,0,0,2.0,0.0001388888888888889,0.0,8.681952018299313,0.2758317526111086,0.26662534288856354,0.21051984159256848,0.45487287044893787,-2.6103489642180753,0.9587278771658323,53.30486818383557,0.6931471805579453,0.0,0.0,Train016,10.0
16,4,2,0.0001388888888888889,0.0,7.857709339199117,0.6099112964767208,-7.773494311652523,0.9879272094207441,7.8360202899436135,-6.399729560579925,0.002776979297743787,40.42620412115079,0.6931471805579453,0,0,2.0,0.0001388888888888889,0.0,8.224452869563198,0.8968569537725397,-8.157927060564504,0.9353555482065969,8.211919688835483,-3.202020276463421,0.001526217123560092,40.069070576584174,0.6931471805579453,0.0,0.0,Train016,10.0
16,5,3,0.00020833333333333335,0.0,8.76212098104636,0.7903343730482714,-3.6539047032641583,-1.6662597227915892e-14,3.6539047032641583,-5.468387484456396,0.6666602489669271,35.95351180566192,1.0986122886651097,0,0,3.0,0.00020833333333333335,0.0,8.182038741589029,0.988592837646374,-3.591188715247874,-9.637661039600215e-15,3.591188715247874,1.321907260224265,0.6666515605208391,35.78606699228733,1.0986122886651097,0.0,0.0,Train016,10.0
17,0,1,6.944444444444444e-05,0.0,9.836915406665028,0.0,-9.832383408887097,-0.2985652667768692,9.836915406665028,-9.382249416801187,0.0,0.0,-1.000088900581841e-12,0,0,1.0,6.944444444444444e-05,0.0,10.33032731970604,0.0,-10.32292384618874,-0.3794612208863751,10.33032731970604,0.985508142159496,2.2204460492503132e-17,0.0,-1.000088900581841e-12,0.0,0.0,Train016,10.0
17,1,0,0.0,0.0,0.0,0.0,0.0,0.0,0.0,0.0,0.0,0.0,0.0,0,0,0.0,0.0,0.0,0.0,0.0,0.0,0.0,0.0,0.0,0.0,0.0,0.0,0.0,0.0,Train016,10.0
17,2,0,0.0,0.0,0.0,0.0,0.0,0.0,0.0,0.0,0.0,0.0,0.0,0,0,0.0,0.0,0.0,0.0,0.0,0.0,0.0,0.0,0.0,0.0,0.0,0.0,0.0,0.0,Train016,10.0
17,3,2,0.0001388888888888889,0.0,7.678995206540982,0.33376234734095833,0.3129427879360387,0.5146672521248462,0.6023417376630317,-7.726760081099644,0.934641116198411,50.276018076525474,0.6931471805579453,0,0,2.0,0.0001388888888888889,0.0,8.463060324898054,0.31076981583100205,0.29638850550449086,0.3551760249214259,0.5222536205976941,-2.188916934012608,0.950500903147729,52.06919293464301,0.6931471805579453,0.0,0.0,Train016,10.0
17,4,2,0.0001388888888888889,0.0,7.1303233217179915,0.5390362129865918,-7.052351775909485,0.9019344271031307,7.109792632838705,-7.273860174811255,0.0028959230795871926,40.45713562342258,0.6931471805579453,0,0,2.0,0.0001388888888888889,0.0,7.951558090059652,0.7581632584764134,-7.878323999311331,0.946807041620515,7.935382610577301,-2.728947795035445,0.00204962470258927,40.22040178484478,0.6931471805579453,0.0,0.0,Train016,10.0
17,5,3,0.00020833333333333335,0.0,8.00671999245354,0.7153771852765434,-3.328700145602602,-1.6662597227915892e-14,3.328700145602602,-7.554009885928193,0.666660531541634,35.9460928551857,1.0986122886651097,0,0,3.0,0.00020833333333333335,0.0,8.327329631102444,0.882631597320778,-3.5706870326921973,-1.1557421686347879e-14,3.5706870326921973,1.4529088951341733,0.6666551937972475,35.874390264857865,1.0986122886651097,0.0,0.0,Train016,10.0
18,0,1,6.944444444444444e-05,0.0,8.890277596899494,0.0,-8.88625059504546,-0.2675558109763971,8.890277596899494,-9.466378097655337,1.1102230246251565e-16,0.0,-1.000088900581841e-12,0,0,1.0,6.944444444444444e-05,0.0,10.450099330963983,0.0,-10.44457065182107,-0.33872875175760614,10.450099330963983,1.19772011257945,4.4408920985006264e-17,0.0,-1.000088900581841e-12,0.0,0.0,Train016,10.0
18,1,0,0.0,0.0,0.0,0.0,0.0,0.0,0.0,0.0,0.0,0.0,0.0,0,0,0.0,0.0,0.0,0.0,0.0,0.0,0.0,0.0,0.0,0.0,0.0,0.0,0.0,0.0,Train016,10.0
18,2,0,0.0,0.0,0.0,0.0,0.0,0.0,0.0,0.0,0.0,0.0,0.0,0,0,0.0,0.0,0.0,0.0,0.0,0.0,0.0,0.0,0.0,0.0,0.0,0.0,0.0,0.0,Train016,10.0
18,3,2,0.0001388888888888889,0.0,6.926478938330003,0.3031044494513284,0.2839405471745713,0.47153849400614206,0.550427820571758,-7.525162682109778,0.9336033358718319,50.28194201261955,0.6931471805579453,0,0,2.0,0.0001388888888888889,0.0,8.286568028116246,0.34100675047449835,0.32191261769792934,0.48618420697085174,0.5841275368023733,-1.7649229678180653,0.9420159981688874,50.841545353334574,0.6931471805579453,0.0,0.0,Train016,10.0
18,4,2,0.0001388888888888889,0.0,6.428230457255033,0.4806170773617473,-6.357354414084667,0.815149034545401,6.409401149468029,-7.020928644629576,0.0029456493036976727,40.47126130469126,0.6931471805579453,0,0,2.0,0.0001388888888888889,0.0,7.725765938661638,0.6348886421649743,-7.646429987751008,0.9580500691296981,7.706254821946013,-2.25792151398013,0.0025805998826262,40.374867512254355,0.6931471805579453,0.0,0.0,Train016,10.0
18,5,3,0.00020833333333333335,0.0,7.23898850633558,0.6444357133765124,-3.0057698284080163,-1.6662597227915892e-14,3.0057698284080163,-7.677314861179614,0.6666606444074248,35.949914328827084,1.0986122886651097,0,0,3.0,0.00020833333333333335,0.0,8.479454601046237,0.7892116373933721,-3.560768463703333,-1.3476257147241694e-14,3.560768463703333,1.5212496994379336,0.6666595698435481,35.965366166275416,1.0986122886651097,0.0,0.0,Train016,10.0
19,0,1,6.944444444444444e-05,0.0,11.478143993095834,0.0,-11.477895232434555,0.07556824397921838,11.478143993095834,25.878663961963397,1.1102230246251565e-16,0.0,-1.000088900581841e-12,0,0,1.0,6.944444444444444e-05,0.0,10.491172384577109,0.0,-10.487157344146443,-0.23966833751243904,10.491172384577109,0.4107305361312328,4.4408920985006264e-17,0.0,-1.000088900581841e-12,0.0,0.0,Train016,10.0
19,1,0,0.0,0.0,0.0,0.0,0.0,0.0,0.0,0.0,0.0,0.0,0.0,0,0,0.0,0.0,0.0,0.0,0.0,0.0,0.0,0.0,0.0,0.0,0.0,0.0,0.0,0.0,Train016,10.0
19,2,0,0.0,0.0,0.0,0.0,0.0,0.0,0.0,0.0,0.0,0.0,0.0,0,0,0.0,0.0,0.0,0.0,0.0,0.0,0.0,0.0,0.0,0.0,0.0,0.0,0.0,0.0,Train016,10.0
19,3,2,0.0001388888888888889,0.0,9.062143445274799,0.6965504272680212,-0.6910026142309968,-0.20430075896748723,0.7205715876918567,21.356645069447964,0.9795799688283714,44.64163721155337,0.6931471805579453,0,0,2.0,0.0001388888888888889,0.0,8.246088823217937,0.4135402665986028,0.11957506122543479,0.3709734001688926,0.6300503120238636,-0.40479204898308724,0.9457074632584476,49.298567153261274,0.6931471805579453,0.0,0.0,Train016,10.0
19,4,3,0.00020833333333333335,1.0,9.253367089533073,0.284453813077717,-9.226072928875134,0.5079764849587468,9.240046633983708,23.489318567280886,0.0014146134915121733,49.50228731456621,1.0986122886651097,1,0,2.2,0.00015277777777777777,0.2,7.833462500592465,0.5233654304156804,-7.764080304255006,0.8530055651609733,7.814385327731668,0.12455606820835072,0.0025046815733187344,42.241828340882066,0.7742402021793782,0.2,0.0,Train016,10.0
19,5,2,0.0001388888888888889,-1.0,8.92802700891094,0.04412507755668216,-0.04603363718289977,0.13019913190807086,0.1380974645020758,19.979666413600143,0.9853428008621906,26.33722501114623,0.6931471805579453,0,1,2.8,0.00019444444444444446,-0.2,8.448963243647686,0.6115239501658183,-2.7893693868521297,0.02603982638160211,2.8077821523159647,0.31294270358376935,0.7303967421298088,34.037414407780396,1.0175192670436768,0.0,0.2,Train016,10.0
20,0,1,6.944444444444444e-05,0.0,11.645039529452804,0.0,-11.64352929215731,0.18754003624034757,11.645039529452804,1.6689553635696974,0.0,0.0,-1.000088900581841e-12,0,0,1.0,6.944444444444444e-05,0.0,10.52510337489166,0.0,-10.52200540732974,-0.1273641833776214,10.52510337489166,0.3393099031455442,4.4408920985006264e-17,0.0,-1.000088900581841e-12,0.0,0.0,Train016,10.0
20,1,0,0.0,0.0,0.0,0.0,0.0,0.0,0.0,0.0,0.0,0.0,0.0,0,0,0.0,0.0,0.0,0.0,0.0,0.0,0.0,0.0,0.0,0.0,0.0,0.0,0.0,0.0,Train016,10.0
20,2,0,0.0,0.0,0.0,0.0,0.0,0.0,0.0,0.0,0.0,0.0,0.0,0,0,0.0,0.0,0.0,0.0,0.0,0.0,0.0,0.0,0.0,0.0,0.0,0.0,0.0,0.0,Train016,10.0
20,3,2,0.0001388888888888889,0.0,9.234981539505885,0.9891344908180484,-0.9794580681699943,-0.4213896946646237,1.0662585906208877,1.7283809423108387,0.9566377332282769,42.57018949140816,0.6931471805579453,0,0,2.0,0.0001388888888888889,0.0,8.270854068860523,0.536763985108036,-0.14681882682455508,0.18105172776214853,0.716293490592171,0.24765245642585504,0.9483261179465389,47.63433616463681,0.6931471805579453,0.0,0.0,Train016,10.0
20,4,3,0.00020833333333333335,0.0,9.477740453715995,0.4998288169902587,-9.456392471512507,0.45725938207771466,9.467441297297624,2.2437336418292197,0.00106964473790494,49.79079531390382,1.0986122886651097,0,0,2.4,0.00016666666666666666,0.2,8.029474132284243,0.4827694433786071,-7.9731331804068635,0.7340493076211475,8.012540400706335,1.0077067658178698,0.0022205619820891533,44.12953673554693,0.855333223800811,0.2,0.0,Train016,10.0
20,5,2,0.0001388888888888889,0.0,9.051781507382291,0.14194151886688555,0.13853895707194486,0.17683504543956668,0.22464121599162473,1.2375449847135211,0.9807621159558533,26.60310624018586,0.6931471805579453,0,0,2.6,0.00018055555555555557,-0.2,8.397527599225743,0.4672427736249789,-1.9791738714771463,0.06140683546951751,2.070222671553695,0.10349983334989225,0.793217268346806,32.157970048201356,0.936426245422244,0.0,0.2,Train016,10.0
21,0,1,6.944444444444444e-05,0.0,10.983604681520301,0.0,-10.981516109452885,0.21418622210932273,10.983604681520301,-6.614348479325027,0.0,0.0,-1.000088900581841e-12,0,0,1.0,6.944444444444444e-05,0.0,10.566796241526692,0.0,-10.564314927595461,-0.017765315084875517,10.566796241526692,0.4169286663503087,4.4408920985006264e-17,0.0,-1.000088900581841e-12,0.0,0.0,Train016,10.0
21,1,0,0.0,0.0,0.0,0.0,0.0,0.0,0.0,0.0,0.0,0.0,0.0,0,0,0.0,0.0,0.0,0.0,0.0,0.0,0.0,0.0,0.0,0.0,0.0,0.0,0.0,0.0,Train016,10.0
21,2,0,0.0,0.0,0.0,0.0,0.0,0.0,0.0,0.0,0.0,0.0,0.0,0,0,0.0,0.0,0.0,0.0,0.0,0.0,0.0,0.0,0.0,0.0,0.0,0.0,0.0,0.0,Train016,10.0
21,3,2,0.0001388888888888889,0.0,8.725215210092697,1.0274180628314133,-1.0174729113607945,-0.4694844692079382,1.1205653895156993,-5.09766329413186,0.9483754254939628,41.845759477024195,0.6931471805579453,0,0,2.0,0.0001388888888888889,0.0,8.325562867948873,0.669993955541954,-0.4182100517302351,-0.021793835341812173,0.8120330252126466,0.5470879908835029,0.9505675159241708,45.923109253826155,0.6931471805579453,0.0,0.0,Train016,10.0
21,4,3,0.00020833333333333335,0.0,8.969648919154267,0.5587578056793419,-8.951431979105708,0.41172938174499923,8.960895912817447,-5.080915345617285,0.00096102727557279,49.899400942947715,1.0986122886651097,0,0,2.6,0.00018055555555555557,0.2,8.251862048275273,0.4725387452191313,-8.2087207138975,0.6188097420859986,8.237515525281102,1.2714696088103978,0.0018573715776549538,46.02417609990631,0.9364262454222441,0.2,0.0,Train016,10.0
21,5,2,0.0001388888888888889,0.0,8.535502038229412,0.19677848170166712,0.19299020072823136,0.18184053749267032,0.26516258908968715,-5.1627946915288,0.9791715356149,26.7349266451691,0.6931471805579453,0,0,2.4,0.00016666666666666666,-0.2,8.35220381066235,0.34853159535565814,-1.2097948906786684,0.09777494296805492,1.3924742487188013,0.16461839193541133,0.8557195256764005,30.314253016102793,0.855333223800811,0.0,0.2,Train016,10.0
22,0,0,0.0,-1.0,0.0,0.0,0.0,0.0,0.0,0.0,0.0,0.0,0.0,0,1,0.8,5.555555555555556e-05,-0.2,8.599413160193688,0.0,-8.597838245818043,0.041947738270498316,8.599413160193688,2.293378549710546,4.4408920985006264e-17,0.0,-8.000711204654728e-13,0.0,0.2,Train016,10.0
22,1,0,0.0,0.0,0.0,0.0,0.0,0.0,0.0,0.0,0.0,0.0,0.0,0,0,0.0,0.0,0.0,0.0,0.0,0.0,0.0,0.0,0.0,0.0,0.0,0.0,0.0,0.0,Train016,10.0
22,2,0,0.0,0.0,0.0,0.0,0.0,0.0,0.0,0.0,0.0,0.0,0.0,0,0,0.0,0.0,0.0,0.0,0.0,0.0,0.0,0.0,0.0,0.0,0.0,0.0,0.0,0.0,Train016,10.0
22,3,3,0.00020833333333333335,1.0,8.706303716084582,1.259997513435012,-4.006442135952371,-0.23474700916136992,4.013313437428581,-7.717079844839837,0.6660625962696103,23.26717129751944,1.0986122886651097,1,0,2.2,0.00015277777777777777,0.2,8.531024569857594,0.8552409887607647,-1.2820870365079169,-0.1716766875990554,1.4942273651657565,0.5490240381354642,0.8968518119384108,40.52133989802494,0.7742402021793782,0.2,0.0,Train016,10.0
22,4,3,0.00020833333333333335,0.0,8.246844377661123,0.5456582172234743,-8.230786273625668,0.37094640481392455,8.239140969624751,-7.228045414931434,0.0009200801183993912,49.939248036833995,1.0986122886651097,0,0,2.8,0.00019444444444444446,0.2,8.475166259463899,0.4738631460665078,-8.444407613440736,0.5126121376281573,8.463385192638311,1.2806325607863622,0.0014622029854173934,47.920598582588596,1.0175192670436768,0.2,0.0,Train016,10.0
22,5,2,0.0001388888888888889,0.0,7.836443967448681,0.20352279029108633,0.1998231793342926,0.17242697581283795,0.2639325008164509,-6.990580707807306,0.9785488340860544,26.780107916363775,0.6931471805579453,0,0,2.2,0.00015277777777777777,-0.2,8.31814860566138,0.2461607163585667,-0.5040902256912895,0.13226033813062582,0.779520719761571,0.2773042275595888,0.9180971861852847,28.481056028338408,0.7742402021793782,0.0,0.2,Train016,10.0
23,0,0,0.0,0.0,0.0,0.0,0.0,0.0,0.0,0.0,0.0,0.0,0.0,0,0,0.6,4.1666666666666665e-05,-0.2,6.821357640813789,0.0,-6.820588126808952,0.09545890046577774,6.821357640813789,4.1866541692416135,2.2204460492503132e-17,0.0,-6.000533403491046e-13,0.0,0.2,Train016,10.0
23,1,0,0.0,0.0,0.0,0.0,0.0,0.0,0.0,0.0,0.0,0.0,0.0,0,0,0.0,0.0,0.0,0.0,0.0,0.0,0.0,0.0,0.0,0.0,0.0,0.0,0.0,0.0,Train016,10.0
23,2,0,0.0,0.0,0.0,0.0,0.0,0.0,0.0,0.0,0.0,0.0,0.0,0,0,0.0,0.0,0.0,0.0,0.0,0.0,0.0,0.0,0.0,0.0,0.0,0.0,0.0,0.0,Train016,10.0
23,3,3,0.00020833333333333335,0.0,7.912367756182053,1.1507807831798913,-3.6488891308726843,-0.21813117463195839,3.6554032744345912,-7.939359599025292,0.6660007182916146,23.246017922432255,1.0986122886651097,0,0,2.4,0.0001666666666666667,0.2,8.728202333428003,1.0247762555064772,-2.068652972117368,-0.3096106213266755,2.1152224559383233,0.4661846547523615,0.8433312884223673,35.11415507998748,0.855333223800811,0.2,0.0,Train016,10.0
23,4,3,0.00020833333333333335,0.0,7.497601518546706,0.5081083397050449,-7.48325611043174,0.33440622283504706,7.490724233088866,-7.492428591144166,0.0009035571532461928,49.95291812887641,1.0986122886651097,0,0,3.0,0.00020833333333333335,0.2,8.689040471722233,0.47936139853516735,-8.669587952710152,0.41646357528608646,8.679649809362479,1.1863325714834443,0.0010537845553270976,49.81692994742563,1.0986122886651097,0.2,0.0,Train016,10.0
23,5,2,0.0001388888888888889,0.0,7.120289187821749,0.1934709963321155,0.19002500735666317,0.15871755455423867,0.24758991406068548,-7.161547796269319,0.9782936608712863,26.78862928061221,0.6931471805579453,0,0,2.0,0.0001388888888888889,-0.2,8.294408741958616,0.15596777294968733,0.13506874146164644,0.16400384904147688,0.2278847368921048,0.3804576405416478,0.9804237894780569,26.648799018695435,0.6931471805579453,0.0,0.2,Train016,10.0
24,0,1,6.944444444444444e-05,1.0,0.0,0.0,0.0,0.0,0.0,0.0,0.0,0.0,-1.000088900581841e-12,1,0,0.6,4.1666666666666665e-05,0.0,4.525728842194622,0.0,-4.525009080322039,0.08034525166993405,4.525728842194622,-0.989078623151066,0.0,0.0,-6.000533403491046e-13,0.2,0.2,Train016,10.0
24,1,0,0.0,0.0,0.0,0.0,0.0,0.0,0.0,0.0,0.0,0.0,0.0,0,0,0.0,0.0,0.0,0.0,0.0,0.0,0.0,0.0,0.0,0.0,0.0,0.0,0.0,0.0,Train016,10.0
24,2,0,0.0,0.0,0.0,0.0,0.0,0.0,0.0,0.0,0.0,0.0,0.0,0,0,0.0,0.0,0.0,0.0,0.0,0.0,0.0,0.0,0.0,0.0,0.0,0.0,0.0,0.0,Train016,10.0
24,3,3,0.00020833333333333335,0.0,10.678642568419543,0.6841391550449563,-4.010416899582059,0.0021896708111634466,4.010417497357555,27.66274812237491,0.6666222068640948,21.877916111591503,1.0986122886651097,0,0,2.6,0.00018055555555555557,0.2,9.051502158056952,1.0222940010618644,-2.7325358291875803,-0.26831253537094535,2.773191637871463,1.727405265337751,0.7807397360295119,30.561410859995114,0.936426245422244,0.2,0.0,Train016,10.0
24,4,3,0.00020833333333333335,0.0,9.699094638740801,0.9903793231803899,-9.694642318193457,0.1002069101110401,9.695160189627678,22.014931201940954,0.0003998520831477448,48.746135638597195,1.0986122886651097,0,0,3.0,0.00020833333333333335,0.0,8.778185981563777,0.620546500555702,-8.763301830573818,0.3349096603165452,8.770672520491273,0.891455098415458,0.0008508322736542117,49.66569961223182,1.0986122886651097,0.0,0.0,Train016,10.0
24,5,2,0.0001388888888888889,0.0,8.709001359628601,0.8846840529072248,-0.8823102877130262,0.14441178415124586,0.8940504500339952,15.887121718068524,0.9851020715378684,27.279891752253153,0.6931471805579453,0,0,2.0,0.0001388888888888889,0.0,8.250603612102148,0.32407956801979587,-0.032186588644378844,0.16684637949011188,0.3790753339984887,-0.438051298564676,0.9803756436131925,26.83733236691682,0.6931471805579453,0.0,0.0,Train016,10.0
25,0,1,6.944444444444444e-05,0.0,0.0,0.0,0.0,0.0,0.0,0.0,0.0,0.0,-1.000088900581841e-12,0,0,0.6,4.1666666666666665e-05,0.0,2.19672093630406,0.0,-2.196303221890577,0.04283724442186454,2.19672093630406,-1.3228696958650055,0.0,0.0,-6.000533403491046e-13,0.2,0.2,Train016,10.0
25,1,0,0.0,0.0,0.0,0.0,0.0,0.0,0.0,0.0,0.0,0.0,0.0,0,0,0.0,0.0,0.0,0.0,0.0,0.0,0.0,0.0,0.0,0.0,0.0,0.0,0.0,0.0,Train016,10.0
25,2,0,0.0,0.0,0.0,0.0,0.0,0.0,0.0,0.0,0.0,0.0,0.0,0,0,0.0,0.0,0.0,0.0,0.0,0.0,0.0,0.0,0.0,0.0,0.0,0.0,0.0,0.0,Train016,10.0
25,3,3,0.00020833333333333335,0.0,10.993112502791954,0.54487351295295,-3.8937360237432137,0.0779541140923833,3.8945162814526197,3.144699343724119,0.6666801482771687,21.50672913339643,1.0986122886651097,0,0,2.8,0.00019444444444444443,0.2,9.403128350714166,0.9334418054888445,-3.3153914203022246,-0.16844377361954394,3.338843176037809,2.0106689456204068,0.7227482190392902,26.348718788392762,1.0175192670436768,0.2,0.0,Train016,10.0
25,4,3,0.00020833333333333335,0.0,9.876952201217845,1.195363203360464,-9.873304037216192,0.013502624504209831,9.873313270233963,1.7785756247704398,0.00036938560035970625,48.288876578278234,1.0986122886651097,0,0,3.0,0.00020833333333333335,0.0,8.858028331064148,0.759653377829743,-8.846684143714553,0.2461583088018442,8.851846915078543,0.798423495003702,0.000710780446145165,49.36531586510671,1.0986122886651097,0.0,0.0,Train016,10.0
25,5,2,0.0001388888888888889,0.0,8.734893333444827,1.2018981283891481,-1.1986389477898234,0.13079759882254122,1.2057542614548113,0.258919738162251,0.9888630578155049,27.67270071180531,0.6931471805579453,0,0,2.0,0.0001388888888888889,0.0,8.187225977314654,0.5360708899242483,-0.2996221696167325,0.1576388901667068,0.575297943091126,-0.6337763478749301,0.9819958319851227,27.051251261240708,0.6931471805579453,0.0,0.0,Train016,10.0
26,0,1,6.944444444444444e-05,0.0,0.0,0.0,0.0,0.0,0.0,0.0,0.0,0.0,-1.000088900581841e-12,0,0,0.6,4.1666666666666665e-05,0.0,0.0,0.0,0.0,0.0,0.0,0.0,0.0,0.0,-6.000533403491046e-13,0.2,0.2,Train016,10.0
26,1,0,0.0,0.0,0.0,0.0,0.0,0.0,0.0,0.0,0.0,0.0,0.0,0,0,0.0,0.0,0.0,0.0,0.0,0.0,0.0,0.0,0.0,0.0,0.0,0.0,0.0,0.0,Train016,10.0
26,2,0,0.0,0.0,0.0,0.0,0.0,0.0,0.0,0.0,0.0,0.0,0.0,0,0,0.0,0.0,0.0,0.0,0.0,0.0,0.0,0.0,0.0,0.0,0.0,0.0,0.0,0.0,Train016,10.0
26,3,3,0.00020833333333333335,0.0,10.443241343429682,0.4803394106917924,-3.6201716042826377,0.09941749710516945,3.621536453383423,-5.498711593622734,0.6666943650811422,21.399286169068684,1.0986122886651097,0,0,3.0,0.00020833333333333335,0.2,9.746733577381562,0.8240260750609204,-3.8359311588865936,-0.054663380356922406,3.8390373888113545,1.9304592857222325,0.6664120069567261,22.259424126801665,1.0986122886651097,0.2,0.0,Train016,10.0
26,4,3,0.00020833333333333335,0.0,9.346716859010911,1.1982055751933052,-9.343315179495685,-0.01721455583712454,9.343331037928985,-5.302353422069341,0.0003664518028346775,48.11839824433897,1.0986122886651097,0,0,3.0,0.00020833333333333335,0.0,8.933441919035477,0.8875429317325356,-8.92506078379255,0.16036952128541945,8.928333940100849,0.7541358797132908,0.0005918653515975425,49.00911532538496,1.0986122886651097,0.0,0.0,Train016,10.0
26,5,2,0.0001388888888888889,0.0,8.22069886711827,1.2391512795905952,-1.2359310024783956,0.1182639648868277,1.2415763400927085,-5.141944663265572,0.9904559468247243,27.829323838732368,0.6931471805579453,0,0,2.0,0.0001388888888888889,0.0,8.124265343092427,0.744545449502034,-0.5854064102580578,0.14492357564553826,0.7705806932917303,-0.6296063422222844,0.9842527142270876,27.270130699953363,0.6931471805579453,0.0,0.0,Train016,10.0
27,0,1,6.944444444444444e-05,0.0,0.0,0.0,0.0,0.0,0.0,0.0,0.0,0.0,-1.000088900581841e-12,0,0,0.8,5.555555555555556e-05,0.2,0.0,0.0,0.0,0.0,0.0,0.0,0.0,0.0,-8.000711204654728e-13,0.2,0.0,Train016,10.0
27,1,0,0.0,0.0,0.0,0.0,0.0,0.0,0.0,0.0,0.0,0.0,0.0,0,0,0.0,0.0,0.0,0.0,0.0,0.0,0.0,0.0,0.0,0.0,0.0,0.0,0.0,0.0,Train016,10.0
27,2,0,0.0,0.0,0.0,0.0,0.0,0.0,0.0,0.0,0.0,0.0,0.0,0,0,0.0,0.0,0.0,0.0,0.0,0.0,0.0,0.0,0.0,0.0,0.0,0.0,0.0,0.0,Train016,10.0
27,3,3,0.00020833333333333335,0.0,9.62957698158519,0.43229125975936206,-3.309451120381867,0.10089054348739891,3.310988616706795,-8.136643618444914,0.6666991786735057,21.370072331663764,1.0986122886651097,0,0,3.0,0.00020833333333333335,0.0,9.931388230481684,0.6584848243257904,-3.696532955772492,0.012464130172831355,3.6985724246669966,1.846546531001217,0.6665393234375052,21.880004333630527,1.0986122886651097,0.0,0.0,Train016,10.0
27,4,3,0.00020833333333333335,0.0,8.605317131111264,1.1280097999532885,-8.602171112393405,-0.026793575832677774,8.6022128398803,-7.413997278996486,0.0003663685332493394,48.05741264992269,1.0986122886651097,0,0,3.0,0.00020833333333333335,0.0,9.005136469725505,1.0040132482784985,-8.999337751546095,0.08082152515609899,9.000948314151959,0.7169455069002802,0.0004811230345675321,48.6327482480027,1.0986122886651097,0.0,0.0,Train016,10.0
27,5,2,0.0001388888888888889,0.0,7.552108428465138,1.177971632866706,-1.1749799313590032,0.10687126877811091,1.1798302026930194,-6.685904386531321,0.991125921039131,27.871142015447486,0.6931471805579453,0,0,2.0,0.0001388888888888889,0.0,8.067398235295716,0.939435218017158,-0.8603670323967171,0.13181243423859285,0.9537602336670441,-0.5686710779670874,0.986768131617703,27.488337519770106,0.6931471805579453,0.0,0.0,Train016,10.0
28,0,1,6.944444444444444e-05,0.0,0.0,0.0,0.0,0.0,0.0,0.0,0.0,0.0,-1.000088900581841e-12,0,0,1.0,6.944444444444444e-05,0.2,0.0,0.0,0.0,0.0,0.0,0.0,0.0,0.0,-1.000088900581841e-12,0.2,0.0,Train016,10.0
28,1,0,0.0,0.0,0.0,0.0,0.0,0.0,0.0,0.0,0.0,0.0,0.0,0,0,0.0,0.0,0.0,0.0,0.0,0.0,0.0,0.0,0.0,0.0,0.0,0.0,0.0,0.0,Train016,10.0
28,2,0,0.0,0.0,0.0,0.0,0.0,0.0,0.0,0.0,0.0,0.0,0.0,0,0,0.0,0.0,0.0,0.0,0.0,0.0,0.0,0.0,0.0,0.0,0.0,0.0,0.0,0.0,Train016,10.0
28,3,3,0.00020833333333333335,0.0,8.774585540638736,0.39041008302484304,-3.0048651932773436,0.09538820060260182,3.0063788414941803,-8.54991440946455,0.6667010348554144,21.36686747131264,1.0986122886651097,0,0,3.0,0.00020833333333333335,0.0,10.103831787373021,0.5064106842947808,-3.5677281682534243,0.0751680052197434,3.568767538078915,1.7244355689133652,0.6666793867502652,21.504174243406606,1.0986122886651097,0.0,0.0,Train016,10.0
28,4,3,0.00020833333333333335,0.0,7.836329667150384,1.036591486743481,-7.833454598079406,-0.028507925820779895,7.833506471689801,-7.68987463960879,0.00036650763921941554,48.03799054853934,1.0986122886651097,0,0,3.0,0.00020833333333333335,0.0,9.072882099446241,1.1097098776861858,-9.069377449075628,0.008238695424933589,9.069504761872144,0.6774562972073559,0.0003737131317621767,48.249762731935284,1.0986122886651097,0.0,0.0,Train016,10.0
28,5,2,0.0001388888888888889,0.0,6.871041983063501,1.0866339332903174,-1.0839030879560756,0.09656574891216202,1.088196144058452,-6.810664454016364,0.9914086800325891,27.867805824184224,0.6931471805579453,0,0,2.0,0.0001388888888888889,0.0,8.017548794344066,1.1180678054087985,-1.115152651459265,0.11938207311017754,1.1218814796665975,-0.49849440951649643,0.9893911354499636,27.70417282848451,0.6931471805579453,0.0,0.0,Train016,10.0
29,0,1,6.944444444444444e-05,0.0,1.4370243690749833,0.0,1.0161296761032408,-1.0161296761032408,1.4370243690749833,14.370243690749833,0.0,0.0,-1.000088900581841e-12,0,0,1.0,6.944444444444444e-05,0.0,0.2874048738149967,0.0,0.20322593522064816,-0.20322593522064816,0.2874048738149967,2.8740487381499666,0.0,0.0,-1.000088900581841e-12,0.0,0.0,Train016,10.0
29,1,1,6.944444444444444e-05,1.0,8.494680092157616,0.0,-8.492037145513034,-0.21188437253783513,8.494680092157616,17.442744514381914,0.0,0.0,-1.000088900581841e-12,1,0,0.2,1.388888888888889e-05,0.2,1.6989360184315232,0.0,-1.6984074291026068,-0.042376874507567025,1.6989360184315232,3.4885489028763823,0.0,0.0,-2.000177801163682e-13,0.2,0.0,Train016,10.0
29,2,0,0.0,0.0,0.0,0.0,0.0,0.0,0.0,0.0,0.0,0.0,0.0,0,0,0.0,0.0,0.0,0.0,0.0,0.0,0.0,0.0,0.0,0.0,0.0,0.0,0.0,0.0,Train016,10.0
29,3,3,0.00020833333333333335,0.0,9.9386828920809,0.7092962452618043,-3.315448458456986,0.08781317118598204,3.3166111670979075,11.640973514421637,0.6666917962979905,21.403425204527945,1.0986122886651097,0,0,3.0,0.00020833333333333335,0.0,9.955839852105294,0.5114421023381504,-3.4287344800284094,0.09229270529470711,3.4300062720269855,-1.47991935267729,0.6666933046370442,21.409276061993893,1.0986122886651097,0.0,0.0,Train016,10.0
29,4,2,0.0001388888888888889,-1.0,9.832444271132033,0.26107268084291224,-9.825645025229493,0.06483349270302097,9.825858921417158,14.531525907661678,0.0006702298180618627,67.15582340109086,0.6931471805579453,0,1,2.8,0.00019444444444444446,-0.2,9.099552025924487,0.9638485492186902,-9.095577990482834,0.0011640119433297623,9.095644508230041,-0.8192247616484991,0.00042778867874500027,51.93170028443402,1.0175192670436768,0.0,0.2,Train016,10.0
29,5,2,0.0001388888888888889,0.0,8.90412198180375,0.6848793218401994,-0.6906479865252191,-0.21004394195561962,0.7218816376966483,20.33079998740248,0.9743006572506334,30.699113785351656,0.6931471805579453,0,0,2.0,0.0001388888888888889,0.0,8.056572918779096,1.0781068591953933,-1.0768201912217035,0.048490927888804436,1.087447717199128,0.3902412443502946,0.9872308525925165,28.388017235104208,0.6931471805579453,0.0,0.0,Train016,10.0
30,0,1,6.944444444444444e-05,0.0,1.5008513866923372,0.0,1.0612621930833808,-1.061262193083389,1.5008513866923372,0.6382701761735388,0.0,0.0,-1.000088900581841e-12,0,0,1.0,6.944444444444444e-05,0.0,0.5875751511534641,0.0,0.41547837383732433,-0.41547837383732594,0.5875751511534641,3.0017027733846744,0.0,0.0,-1.000088900581841e-12,0.0,0.0,Train016,10.0
30,1,1,6.944444444444444e-05,0.0,8.596372787984244,0.0,-8.590947637088826,-0.3053584889828782,8.596372787984244,1.016926958266282,0.0,0.0,-1.000088900581841e-12,0,0,0.4,2.777777777777778e-05,0.2,3.418210576028372,0.0,-3.4165969565203724,-0.10344857230414266,3.418210576028372,3.6919342945296387,0.0,0.0,-4.000355602327364e-13,0.2,0.0,Train016,10.0
30,2,0,0.0,0.0,0.0,0.0,0.0,0.0,0.0,0.0,0.0,0.0,0.0,0,0,0.0,0.0,0.0,0.0,0.0,0.0,0.0,0.0,0.0,0.0,0.0,0.0,0.0,0.0,Train016,10.0
30,3,3,0.00020833333333333335,0.0,9.75164814620963,0.7812905695931804,-3.226134815071457,0.07997892707456004,3.227126039340909,-1.8703474587126816,0.6666889659996275,21.50491374816541,1.0986122886651097,0,0,3.0,0.00020833333333333335,0.0,9.707546980788827,0.5587255136661964,-3.295214238294058,0.09269766789114246,3.2965282236046436,-2.4829287131646494,0.666695068181536,21.408912984947687,1.0986122886651097,0.0,0.0,Train016,10.0
30,4,2,0.0001388888888888889,0.0,9.752769061136656,0.6303538444208812,-9.744347783222802,0.11458291646455379,9.745021445083877,-0.7967520999537658,0.0007977355101623784,66.30209021906356,0.6931471805579453,0,0,2.6,0.00018055555555555557,-0.2,9.07471539790825,0.8508466774307737,-9.069786739684158,0.021380070335398554,9.069986143200023,-1.3342903065933402,0.0005134586607055347,55.53434301259108,0.936426245422244,0.0,0.2,Train016,10.0
30,5,2,0.0001388888888888889,0.0,9.081191829589692,0.5062597969961304,-0.5135482031625953,-0.30369138452967726,0.596624013939334,1.7706984778594315,0.9651826118086111,31.95822978677515,0.6931471805579453,0,0,2.0,0.0001388888888888889,0.0,8.12583261800807,0.9389791929167897,-0.9398020422962577,-0.03840686878163925,0.9656216676960323,0.6925969922897307,0.9824947633911378,29.245123050098176,0.6931471805579453,0.0,0.0,Train016,10.0
31,0,1,6.944444444444444e-05,0.0,1.3198429864506331,0.0,0.9332699258207455,-0.9332699258207491,1.3198429864506331,-1.8100840024170406,0.0,0.0,-1.000088900581841e-12,0,0,1.0,6.944444444444444e-05,0.0,0.8515437484435907,0.0,0.6021323590014734,-0.6021323590014758,0.8515437484435907,2.6396859729012663,0.0,0.0,-1.000088900581841e-12,0.0,0.0,Train016,10.0
31,1,1,6.944444444444444e-05,0.0,8.122238156721629,0.0,-8.1159468345884,-0.31962423662686157,8.122238156721629,-4.741346312626149,0.0,0.0,-1.000088900581841e-12,0,0,0.6,4.1666666666666665e-05,0.2,5.042658207372698,0.0,-5.039786323438053,-0.16737341962951496,5.042658207372698,2.743665032004409,0.0,0.0,-6.000533403491046e-13,0.2,0.0,Train016,10.0
31,2,0,0.0,0.0,0.0,0.0,0.0,0.0,0.0,0.0,0.0,0.0,0.0,0,0,0.0,0.0,0.0,0.0,0.0,0.0,0.0,0.0,0.0,0.0,0.0,0.0,0.0,0.0,Train016,10.0
31,3,3,0.00020833333333333335,0.0,9.108836087555986,0.7601318509262093,-3.003971610283386,0.07252526729752533,3.0048469761013017,-6.428120586536454,0.6666879105054137,21.555376067705897,1.0986122886651097,0,0,3.0,0.00020833333333333335,0.0,9.440665929614088,0.6146840017130798,-3.171974239494208,0.08731922192961364,3.1731903281482188,-2.6688105117473935,0.6666937772663903,21.44013096467513,1.0986122886651097,0.0,0.0,Train016,10.0
31,4,2,0.0001388888888888889,0.0,9.147192573100131,0.7207526517182368,-9.138577028056964,0.12501711608273036,9.139432114581524,-6.055764880365233,0.0008537004241424562,65.98076704673709,0.6931471805579453,0,0,2.4,0.00016666666666666666,-0.2,9.034810540726093,0.75535609273576,-9.028839109396413,0.049826404719369534,9.029206358530532,-1.4849725982525186,0.0006109083849670904,59.106816773070705,0.855333223800811,0.0,0.2,Train016,10.0
31,5,2,0.0001388888888888889,0.0,8.604394212197535,0.4145242397822262,-0.42178323895754843,-0.31811597038514045,0.5282980894150574,-4.767976173921573,0.9618916256390632,32.42585759655781,0.6931471805579453,0,0,2.0,0.0001388888888888889,0.0,8.202571687023923,0.7740537849551159,-0.7769724895920883,-0.12568285583603286,0.8229660175605022,0.7673906901585305,0.9767818991540056,30.164429801663267,0.6931471805579453,0.0,0.0,Train016,10.0
32,0,1,6.944444444444444e-05,0.0,1.1247052932988262,0.0,0.795286739728007,-0.7952867397280026,1.1247052932988262,-1.9513769315180696,0.0,0.0,-1.000088900581841e-12,0,0,1.0,6.944444444444444e-05,0.0,1.076484807103356,0.0,0.7611897069470748,-0.7611897069470762,1.076484807103356,2.2494105865976524,0.0,0.0,-1.000088900581841e-12,0.0,0.0,Train016,10.0
32,1,1,6.944444444444444e-05,0.0,7.477108159274945,0.0,-7.470858723641429,-0.30564089531130856,7.477108159274945,-6.451299974466842,1.1102230246251565e-16,0.0,-1.000088900581841e-12,0,0,0.8,5.555555555555556e-05,0.2,6.538079839227686,0.0,-6.533958068166338,-0.22850159869177666,6.538079839227686,1.4534050371110403,2.2204460492503132e-17,0.0,-8.000711204654728e-13,0.2,0.0,Train016,10.0
32,2,0,0.0,0.0,0.0,0.0,0.0,0.0,0.0,0.0,0.0,0.0,0.0,0,0,0.0,0.0,0.0,0.0,0.0,0.0,0.0,0.0,0.0,0.0,0.0,0.0,0.0,0.0,Train016,10.0
32,3,3,0.00020833333333333335,0.0,8.346829311304022,0.7078218511834455,-2.74914806553981,0.06564906941186209,2.749931796713497,-7.6200677625196205,0.6666874859385749,21.574984137376166,1.0986122886651097,0,0,3.0,0.00020833333333333335,0.0,9.184116395557854,0.6697901199978965,-3.059913628525796,0.08027092711450627,3.0609789641495593,-2.5654953405623346,0.6666914387194042,21.48111332581761,1.0986122886651097,0.0,0.0,Train016,10.0
32,4,2,0.0001388888888888889,0.0,8.395831988221477,0.7093752960774706,-8.387639816833493,0.12122925022294023,8.388515853715734,-7.513605848786558,0.000877669003007675,65.86296472708024,0.6931471805579453,0,0,2.2,0.00015277777777777777,-0.2,8.992913512148137,0.6716291919605963,-8.985932850284431,0.07943096993049313,8.98646696129762,-1.504894312210533,0.0007131684789187575,62.66792718850222,0.7742402021793782,0.0,0.2,Train016,10.0
32,5,2,0.0001388888888888889,0.0,7.929790026771257,0.3582202912492969,-0.36502181564175995,-0.30427695568133917,0.4752108917660775,-6.746041854262783,0.9605822116663755,32.57110826616475,0.6931471805579453,0,0,2.0,0.0001388888888888889,0.0,8.278108006685148,0.6101035166316341,-0.6149808664486397,-0.20791250072792292,0.6820421553751138,0.7553631966122378,0.9706731572794546,31.10442305180672,0.6931471805579453,0.0,0.0,Train016,10.0
33,0,1,6.944444444444444e-05,0.0,0.9586280860896552,0.0,0.6778524203098815,-0.6778524203098718,0.9586280860896552,-1.6607720720917096,0.0,0.0,-1.000088900581841e-12,0,0,1.0,6.944444444444444e-05,0.0,1.2682104243212868,0.0,0.8967601910090511,-0.8967601910090506,1.2682104243212868,1.9172561721793102,0.0,0.0,-1.000088900581841e-12,0.0,0.0,Train016,10.0
33,1,1,6.944444444444444e-05,0.0,6.811255272440621,0.0,-6.805385404673581,-0.2827151927398957,6.811255272440621,-6.658528868343234,0.0,0.0,-1.000088900581841e-12,0,0,1.0,6.944444444444444e-05,0.2,7.900330893715811,0.0,-7.895035149101053,-0.2850446372397558,7.900330893715811,0.1216992634423935,2.2204460492503132e-17,0.0,-1.000088900581841e-12,0.2,0.0,Train016,10.0
33,2,0,0.0,0.0,0.0,0.0,0.0,0.0,0.0,0.0,0.0,0.0,0.0,0,0,0.0,0.0,0.0,0.0,0.0,0.0,0.0,0.0,0.0,0.0,0.0,0.0,0.0,0.0,Train016,10.0
33,3,3,0.00020833333333333335,0.0,7.5890237414777575,0.6478281687410482,-2.498221304772313,0.0593828754978738,2.4989269724265,-7.578055698262662,0.6666873098268828,21.581473690240433,1.0986122886651097,0,0,3.0,0.00020833333333333335,0.0,8.947004035725659,0.7212737371411375,-2.9585848508247907,0.07306986209356067,2.959488590336023,-2.371123598321957,0.6666886937136979,21.52403456960317,1.0986122886651097,0.0,0.0,Train016,10.0
33,4,2,0.0001388888888888889,0.0,7.638819663491446,0.6634671157700369,-7.631255764936553,0.11274535104245662,7.632088578106196,-7.570123247300309,0.0008878690543373535,65.82269659312288,0.6931471805579453,0,0,2.0,0.0001388888888888889,-0.2,8.953411511416348,0.5970043177659076,-8.945493083655862,0.10768162530314043,8.946183382580898,-1.4809440337488369,0.0008174407619423452,66.22486839741892,0.6931471805579453,0.0,0.2,Train016,10.0
33,5,2,0.0001388888888888889,0.0,7.226944911034196,0.31752219256568903,-0.32376016452707956,-0.28148194865853193,0.42901367292337667,-7.028451157370608,0.9600413310507114,32.593540161228894,0.6931471805579453,0,0,2.0,0.0001388888888888889,0.0,8.349288592279285,0.4562811684867084,-0.4629522817628405,-0.2835220402420617,0.5502056611480988,0.7118058559413892,0.9643996874830789,32.04956991921565,0.6931471805579453,0.0,0.0,Train016,10.0
34,0,3,0.00020833333333333335,2.0,8.861036993041298,2.44772409827148,-5.09961225287331,-0.5589350141160017,5.130151409038573,34.84898286786119,0.6434756908585904,48.19150385442376,1.0986122886651097,2,0,1.4,9.722222222222223e-05,0.4,2.7530129491145496,0.48954481965429597,-0.3263881947862591,-0.8053212586116029,2.006835832314005,6.013004007601582,0.12869513817171807,9.63830077088475,0.21972245773222188,0.4,0.0,Train016,10.0
34,1,0,0.0,-1.0,0.0,0.0,0.0,0.0,0.0,0.0,0.0,0.0,0.0,0,1,0.8,5.555555555555556e-05,-0.2,6.201394875284288,0.0,-6.196627719998448,-0.2426677627321888,6.201394875284288,-3.3668496394339895,2.2204460492503132e-17,0.0,-8.000711204654728e-13,0.0,0.2,Train016,10.0
34,2,0,0.0,0.0,0.0,0.0,0.0,0.0,0.0,0.0,0.0,0.0,0.0,0,0,0.0,0.0,0.0,0.0,0.0,0.0,0.0,0.0,0.0,0.0,0.0,0.0,0.0,0.0,Train016,10.0
34,3,1,6.944444444444444e-05,-2.0,9.091144255791564,0.0,-9.089355240156628,0.18034743649184404,9.091144255791564,23.174721751691038,0.0,0.0,-1.000088900581841e-12,0,2,2.6,0.00018055555555555555,-0.4,8.777496308467793,0.5794144880887767,-4.113366207164719,0.09157671515473306,4.114395208074755,-0.0643739508680767,0.5333503344540997,17.243349528697582,0.8788898309318878,0.0,0.4,Train016,10.0
34,4,2,0.0001388888888888889,0.0,8.987960045884257,0.02269051443110559,-8.986862097053624,-0.04463543610985226,8.986972942744169,13.49140382392811,0.00010982574761886355,67.07712607396046,0.6931471805579453,0,0,2.0,0.0001388888888888889,0.0,8.784514666366793,0.5493278844835462,-8.777736498020689,0.08578783954056579,8.7784061868463,-1.6889684504955504,0.0007053599478537454,66.20912893199284,0.6931471805579453,0.0,0.0,Train016,10.0
34,5,2,0.0001388888888888889,0.0,9.357803100068448,0.4381906140760927,-0.438096768293347,-0.10916674385509104,0.4514932517247601,21.308581890342513,0.9883617013917582,36.98521338018898,0.6931471805579453,0,0,2.0,0.0001388888888888889,0.0,8.440024815932224,0.4069434269338871,-0.41244203811646607,-0.263346600621956,0.49612798395372115,0.9073622365293964,0.9672118963113039,33.306789838183114,0.6931471805579453,0.0,0.0,Train016,10.0
35,0,3,0.00020833333333333335,0.0,9.444335976352066,2.221890897478916,-5.008389978080604,-0.5932540854204443,5.04340367038038,5.832989833107656,0.6473831427535243,46.765227373658405,1.0986122886651097,0,0,1.8,0.000125,0.4,4.341709867046495,0.9339229991500793,-1.540318629019056,-0.7117196370790139,2.7153462890516136,7.051947938988405,0.2581717667224229,18.991346245616434,0.43944491546544384,0.4,0.0,Train016,10.0
35,1,0,0.0,0.0,0.0,0.0,0.0,0.0,0.0,0.0,0.0,0.0,0.0,0,0,0.6,4.1666666666666665e-05,-0.2,4.482120317687439,0.0,-4.478438192580683,-0.18159606493561314,4.482120317687439,-3.570235031087246,2.2204460492503132e-17,0.0,-6.000533403491046e-13,0.0,0.2,Train016,10.0
35,2,0,0.0,0.0,0.0,0.0,0.0,0.0,0.0,0.0,0.0,0.0,0.0,0,0,0.0,0.0,0.0,0.0,0.0,0.0,0.0,0.0,0.0,0.0,0.0,0.0,0.0,0.0,Train016,10.0
35,3,1,6.944444444444444e-05,0.0,9.357663588588496,0.0,-9.356242512761334,0.16307629991018122,9.357663588588496,2.6651933279693196,0.0,0.0,-1.000088900581841e-12,0,0,2.2,0.00015277777777777777,-0.4,8.698699396943566,0.42315637417014057,-5.339387746702694,0.1081961897218573,5.340502717924272,0.8427342064683236,0.4000125412541743,12.942366779064496,0.6591673731986658,0.0,0.4,Train016,10.0
35,4,2,0.0001388888888888889,0.0,8.92671316257168,0.20274577758619472,-8.925942780980467,-0.0965600425810298,8.926465054609274,-0.6124688331257655,2.7808221384484355e-05,67.55646055406937,0.6931471805579453,0,0,2.0,0.0001388888888888889,0.0,8.619303486653799,0.46380627111660894,-8.61405549757222,0.04355924773144908,8.61469490875138,-1.6521117971299504,0.0005513744900981666,66.46000299899401,0.6931471805579453,0.0,0.0,Train016,10.0
35,5,2,0.0001388888888888889,0.0,9.54577913596178,0.45213892895869723,-0.45185547815527904,-0.042978969119637576,0.45389488312330933,1.8797603589333178,0.9958168337963461,38.74050913362821,0.6931471805579453,0,0,2.0,0.0001388888888888889,0.0,8.532942277206644,0.3961192533264004,-0.4001034931150028,-0.211204117539948,0.4675821577905162,0.9291746127441737,0.9733387407088507,34.66324570755373,0.6931471805579453,0.0,0.0,Train016,10.0
36,0,3,0.00020833333333333335,0.0,9.034174678703286,2.0831167903613013,-4.734928393669844,-0.5584346529035429,4.767745395335661,-4.101612976487801,0.6484495612575655,46.276788244986726,1.0986122886651097,0,0,2.2,0.00015277777777777777,0.4,5.884576205497026,1.3505463572223395,-2.673958292917174,-0.6367525824955726,3.4049267708286193,6.593642144174254,0.38786167897393603,28.24670389461378,0.6591673731986658,0.4,0.0,Train016,10.0
36,1,0,0.0,0.0,0.0,0.0,0.0,0.0,0.0,0.0,0.0,0.0,0.0,0,0,0.4,2.7777777777777772e-05,-0.2,2.8576726863431134,0.0,-2.855248825663002,-0.11767121761024084,2.8576726863431134,-2.621965768562016,2.2204460492503132e-17,0.0,-4.000355602327364e-13,0.0,0.2,Train016,10.0
36,2,0,0.0,0.0,0.0,0.0,0.0,0.0,0.0,0.0,0.0,0.0,0.0,0,0,0.0,0.0,0.0,0.0,0.0,0.0,0.0,0.0,0.0,0.0,0.0,0.0,0.0,0.0,Train016,10.0
36,3,1,6.944444444444444e-05,0.0,8.897580720634183,0.0,-8.896358722768694,0.14745899775352775,8.897580720634183,-4.6008286795431275,0.0,0.0,-1.000088900581841e-12,0,0,1.8,0.000125,-0.4,8.656448323559205,0.2711300039848988,-6.517865169199756,0.1231829358130578,6.519049466830848,1.2081925878669888,0.26667495915309153,8.631291565523318,0.43944491546544384,0.0,0.4,Train016,10.0
36,4,2,0.0001388888888888889,0.0,8.378603262429108,0.26913251784274905,-8.377799810574729,-0.1088634411216569,8.378507081507946,-5.481099001425722,1.1491206734826065e-05,67.73796361057614,0.6931471805579453,0,0,2.0,0.0001388888888888889,0.0,8.465585624519594,0.3734822443415114,-8.461900054075773,-0.0032168637094283775,8.462509902136663,-1.5371786213420482,0.0003829326466166405,66.81144231176182,0.6931471805579453,0.0,0.0,Train016,10.0
36,5,2,0.0001388888888888889,0.0,9.047538823042274,0.43008692196374554,-0.4299470988189853,-0.017490994573862877,0.43030273375153594,-4.982403129195054,0.9984921922896957,39.37472114734695,0.6931471805579453,0,0,2.0,0.0001388888888888889,0.0,8.621571199375591,0.3992317897627043,-0.40173626508729016,-0.1510791223776925,0.44798308665781195,0.8862892216894774,0.9806588540389773,36.053018417711556,0.6931471805579453,0.0,0.0,Train016,10.0
37,0,2,0.0001388888888888889,-1.0,8.368403883825026,2.386757257185242,-2.464618558602306,-0.8473464978040881,2.6062119496978293,-7.162314049499114,0.8694932296488194,27.87685352236448,0.6931471805579453,0,1,2.4,0.0001666666666666667,0.2,7.3333159236022665,1.8278978086593878,-3.3259393525832364,-0.6471645341107897,3.70122810210842,5.551454720578045,0.5617603249036999,33.822074599086676,0.7977968093104548,0.4,0.2,Train016,10.0
37,1,0,0.0,0.0,0.0,0.0,0.0,0.0,0.0,0.0,0.0,0.0,0.0,0,0,0.2,1.388888888888889e-05,-0.2,1.3622510544881243,0.0,-1.3610770809347161,-0.05654303854797914,1.3622510544881243,-1.331705773668648,0.0,0.0,-2.000177801163682e-13,0.0,0.2,Train016,10.0
37,2,0,0.0,0.0,0.0,0.0,0.0,0.0,0.0,0.0,0.0,0.0,0.0,0,0,0.0,0.0,0.0,0.0,0.0,0.0,0.0,0.0,0.0,0.0,0.0,0.0,0.0,0.0,Train016,10.0
37,3,2,0.0001388888888888889,1.0,8.229397333467473,0.01649661036536898,-8.227926277200286,0.15422724943298613,8.229371596149406,-6.860197561296086,3.1274977312367724e-06,62.307296222592825,0.6931471805579453,1,0,1.6,0.00011111111111111112,-0.2,8.632961927991895,0.13286495582128344,-7.613620811531851,0.1408985718172826,7.614937426718029,1.3601666281116955,0.13333808746492282,16.77775398256665,0.35835189384401095,0.2,0.4,Train016,10.0
37,4,2,0.0001388888888888889,0.0,7.69404967134183,0.27629675728976233,-7.693256160889359,-0.10670520686774246,7.693996124136973,-6.845535910872775,6.968546980123946e-06,67.80533505972127,0.6931471805579453,0,0,2.0,0.0001388888888888889,0.0,8.325229161143664,0.2868665365839697,-8.323023322886947,-0.048803755127564914,8.323605956220911,-1.4035646337592917,0.0002087925554111303,67.19991637829003,0.6931471805579453,0.0,0.0,Train016,10.0
37,5,2,0.0001388888888888889,0.0,8.340800455328148,0.39703004263117814,-0.3969742919110777,-0.007619547139538545,0.3970474101878933,-7.067383677141259,0.9995542558568662,39.57089183178658,0.6931471805579453,0,0,2.0,0.0001388888888888889,0.0,8.70377328508697,0.4069937400390805,-0.4081267603411537,-0.0917476406693324,0.43235039034217504,0.8220208571137823,0.9884532628770755,37.452975130835924,0.6931471805579453,0.0,0.0,Train016,10.0
38,0,2,0.0001388888888888889,0.0,7.596208982373486,2.2194493655997642,-2.2888367289549443,-0.7635447275934989,2.41283528713607,-7.72194901451539,0.8697163192951839,27.82125311663581,0.6931471805579453,0,0,2.6,0.00018055555555555555,0.2,8.660832102859032,2.2717876817793408,-3.919277182436202,-0.6643029955675152,3.992069542317702,4.3392193320933075,0.7357035887627367,39.38632522241384,0.936426245422244,0.4,0.2,Train016,10.0
38,1,0,0.0,0.0,0.0,0.0,0.0,0.0,0.0,0.0,0.0,0.0,0.0,0,0,0.0,0.0,-0.2,0.0,0.0,0.0,0.0,0.0,0.0,0.0,0.0,0.0,0.0,0.2,Train016,10.0
38,2,0,0.0,0.0,0.0,0.0,0.0,0.0,0.0,0.0,0.0,0.0,0.0,0,0,0.0,0.0,0.0,0.0,0.0,0.0,0.0,0.0,0.0,0.0,0.0,0.0,0.0,0.0,Train016,10.0
38,3,2,0.0001388888888888889,0.0,7.505936675521248,0.015061341255587113,-7.504549739233784,0.14263386094882324,7.505905089123032,-7.234606579462244,4.208205686140332e-06,62.306226526017056,0.6931471805579453,0,0,1.4,9.722222222222222e-05,-0.2,8.616344514800593,0.006311590324191219,-8.614886498424145,0.1575487689074725,8.616333050057335,1.4288564518717792,1.4671406834754207e-06,24.922704549721978,0.27725887222257806,0.2,0.4,Train016,10.0
38,4,2,0.0001388888888888889,0.0,7.002683470249767,0.26248422318324316,-7.001936291568908,-0.09966115481331814,7.002645512730776,-6.913662010920629,5.4280512293836125e-06,67.82912041818574,0.6931471805579453,0,0,2.0,0.0001388888888888889,0.0,8.198001922495328,0.20666995806661098,-8.197159428213416,-0.09128505629871986,8.197717343145829,-1.2722723864833558,3.2304354789536306e-05,67.6012011433026,0.6931471805579453,0.0,0.0,Train016,10.0
38,5,2,0.0001388888888888889,0.0,7.603582191798991,0.3621363723522837,-0.36211699942133624,-0.0037462062863758555,0.3621363767028274,-7.3721826352915665,0.9999926090931904,39.60213101943141,0.6931471805579453,0,0,2.0,0.0001388888888888889,0.0,8.779100741239928,0.4159165759963995,-0.41579812732000504,-0.03620049219490118,0.41897493109806516,0.7532745615295907,0.9964435184855713,38.854693302476434,0.6931471805579453,0.0,0.0,Train016,10.0
39,0,2,0.0001388888888888889,0.0,9.509357589327859,2.0653539818031605,-2.0642164320851046,-0.4882590342759553,2.1211757030105374,19.131486069543733,0.9479200782706814,23.133324023843514,0.6931471805579453,0,0,2.4,0.00016666666666666666,-0.2,8.790496222116346,2.1953136584856763,-3.3121980182785604,-0.650167799599506,3.3902744011120958,1.1957199724298164,0.7965924662451549,34.374689256297785,0.855333223800811,0.0,0.2,Train016,10.0
39,1,0,0.0,0.0,0.0,0.0,0.0,0.0,0.0,0.0,0.0,0.0,0.0,0,0,0.0,0.0,0.0,0.0,0.0,0.0,0.0,0.0,0.0,0.0,0.0,0.0,0.0,0.0,Train016,10.0
39,2,0,0.0,0.0,0.0,0.0,0.0,0.0,0.0,0.0,0.0,0.0,0.0,0,0,0.0,0.0,0.0,0.0,0.0,0.0,0.0,0.0,0.0,0.0,0.0,0.0,0.0,0.0,Train016,10.0
39,3,1,6.944444444444444e-05,-1.0,9.194404666914567,0.0,-9.183567714017963,0.44627482679088726,9.194404666914567,16.734066501377313,1.1102230246251565e-16,0.0,-1.000088900581841e-12,0,1,1.4,9.722222222222222e-05,0.0,8.636996597025194,0.006311590324191219,-8.633728993196414,0.21073424696728113,8.636985132281936,0.14072540180903417,1.4671406834976253e-06,24.922704549721978,0.27725887222257806,0.2,0.2,Train016,10.0
39,4,2,0.0001388888888888889,0.0,9.742770228983375,0.39018186394352217,-9.74063982517545,0.2035731121741972,9.742766866542292,27.400867587336066,3.4567608475644107e-07,68.16139203242805,0.6931471805579453,0,0,2.0,0.0001388888888888889,0.0,8.348963959115151,0.2801682279690943,-8.347914973837783,-0.04164334664190997,8.348876127905452,1.5096203661982357,1.0408340482714884e-05,67.81805433499612,0.6931471805579453,0.0,0.0,Train016,10.0
39,5,2,0.0001388888888888889,0.0,9.406043491398828,0.7710306504754989,-0.7710363202171866,-0.0021816912001585906,0.7710394068207881,18.024612995998364,0.9996080140249813,43.90973067984794,0.6931471805579453,0,0,2.0,0.0001388888888888889,0.0,8.788748819506006,0.4824845832762807,-0.48238603770477295,-0.014803481663914689,0.48288416211727087,0.09648078266076113,0.9986927810122159,40.239596762408226,0.6931471805579453,0.0,0.0,Train016,10.0
40,0,2,0.0001388888888888889,0.0,9.58409027279187,1.9190590735653412,-1.911016658603732,-0.3686968831852402,1.946258477471963,0.7473268346401074,0.9654691761623476,21.512123653877705,0.6931471805579453,0,0,2.2,0.00015277777777777777,-0.2,8.818447081404305,2.1347472937029623,-2.692723354383186,-0.6052563591524651,2.770845362530412,0.17858737273630662,0.8602096729269195,29.324068512341647,0.7742402021793782,0.0,0.2,Train016,10.0
40,1,0,0.0,0.0,0.0,0.0,0.0,0.0,0.0,0.0,0.0,0.0,0.0,0,0,0.0,0.0,0.0,0.0,0.0,0.0,0.0,0.0,0.0,0.0,0.0,0.0,0.0,0.0,Train016,10.0
40,2,0,0.0,0.0,0.0,0.0,0.0,0.0,0.0,0.0,0.0,0.0,0.0,0,0,0.0,0.0,0.0,0.0,0.0,0.0,0.0,0.0,0.0,0.0,0.0,0.0,0.0,0.0,Train016,10.0
40,3,1,6.944444444444444e-05,0.0,9.233912528466664,0.0,-9.21939205027526,0.5176396494618153,9.233912528466664,0.39507861552097623,0.0,0.0,-1.000088900581841e-12,0,0,1.4,9.722222222222222e-05,0.0,8.612246385000827,0.006311590324191219,-8.606358900699197,0.28164691687760796,8.61223492025757,-0.31329754068063453,1.4671406834976253e-06,24.922704549721978,0.27725887222257806,0.2,0.2,Train016,10.0
40,4,2,0.0001388888888888889,0.0,10.120651387944406,0.4112794580365229,-10.116299373412376,0.2967605619878485,10.120651157097303,3.7788115896103225,2.2847240654932932e-08,68.28544956750476,0.6931471805579453,0,0,2.0,0.0001388888888888889,0.0,8.587751604189696,0.32187496405915994,-8.585986292324165,0.03702077427186569,8.587713348403057,2.387876450745453,4.851265653949e-06,67.96385213768319,0.6931471805579453,0.0,0.0,Train016,10.0
40,5,2,0.0001388888888888889,0.0,9.476663048436798,0.8674130099692228,-0.8674231228047784,-0.0015103085218491144,0.8674244376360541,0.7061955703797018,0.9995281763934613,45.567623651353806,0.6931471805579453,0,0,2.0,0.0001388888888888889,0.0,8.774925602001009,0.5655393994783858,-0.5654995666346728,-0.0065097495443569965,0.5655900730198198,-0.13823217504996207,0.999435049531639,41.60501966595334,0.6931471805579453,0.0,0.0,Train016,10.0
41,0,2,0.0001388888888888889,0.0,9.020480208974742,1.779722980166055,-1.771163736431677,-0.30701206386645863,1.7975754194498104,-5.636100638171286,0.9714228831812061,20.95912188903644,0.6931471805579453,0,0,2.0,0.0001388888888888889,-0.2,8.815708187458597,2.0740685316639125,-2.099970422935553,-0.5549718413450482,2.176811367353242,-0.12831015960039044,0.9248043373116477,24.260535241151587,0.6931471805579453,0.0,0.2,Train016,10.0
41,1,0,0.0,0.0,0.0,0.0,0.0,0.0,0.0,0.0,0.0,0.0,0.0,0,0,0.0,0.0,0.0,0.0,0.0,0.0,0.0,0.0,0.0,0.0,0.0,0.0,0.0,0.0,Train016,10.0
41,2,0,0.0,0.0,0.0,0.0,0.0,0.0,0.0,0.0,0.0,0.0,0.0,0,0,0.0,0.0,0.0,0.0,0.0,0.0,0.0,0.0,0.0,0.0,0.0,0.0,0.0,0.0,Train016,10.0
41,3,1,6.944444444444444e-05,0.0,8.7033281773736,0.0,-8.688262288398047,0.5118786683049031,8.7033281773736,-5.30584351093065,1.1102230246251565e-16,0.0,-1.000088900581841e-12,0,0,1.4,9.722222222222223e-05,0.0,8.573395876348709,0.006311590324191219,-8.564739613825068,0.354530850987883,8.573384411605455,-0.45430050695813906,1.4671406835198298e-06,24.922704549721978,0.27725887222257806,0.2,0.2,Train016,10.0
41,4,2,0.0001388888888888889,0.0,9.655215377209405,0.3943331302964701,-9.65018620564975,0.31159296271941134,9.655215377096928,-4.6543601073500085,1.1668999100322708e-11,68.3299420369835,0.6931471805579453,0,0,2.0,0.0001388888888888889,0.0,8.843074027145757,0.3469150865499041,-8.840463571339168,0.12111205504007934,8.843055007520855,2.5532242295605956,2.5530266407836067e-06,68.08224782296466,0.6931471805579453,0.0,0.0,Train016,10.0
41,5,2,0.0001388888888888889,0.0,8.942437499933236,0.8497095461223871,-0.8497202590468005,-0.0011883456450643634,0.8497210900053817,-5.3422554850356185,0.999502444827171,46.15381219850937,0.6931471805579453,0,0,2.0,0.0001388888888888889,0.0,8.753905337379202,0.6494639243101141,-0.6494541986802359,-0.0032492197585972937,0.6494737442705889,-0.2102026462180749,0.999637100039134,42.96083787618583,0.6931471805579453,0.0,0.0,Train016,10.0
42,0,2,0.0001388888888888889,0.0,8.276812223089147,1.6428590210391119,-1.6347983251720035,-0.26805270533302666,1.656628448633411,-7.436679858855957,0.973724781046824,20.791602570208653,0.6931471805579453,0,0,2.0,0.0001388888888888889,0.0,8.79738985531142,1.9252888844346867,-1.9340063762494921,-0.43911308285083595,1.986894667140358,-0.18318332147175892,0.9456506475912485,22.843485050720425,0.6931471805579453,0.0,0.0,Train016,10.0
42,1,0,0.0,0.0,0.0,0.0,0.0,0.0,0.0,0.0,0.0,0.0,0.0,0,0,0.0,0.0,0.0,0.0,0.0,0.0,0.0,0.0,0.0,0.0,0.0,0.0,0.0,0.0,Train016,10.0
42,2,0,0.0,0.0,0.0,0.0,0.0,0.0,0.0,0.0,0.0,0.0,0.0,0,0,0.0,0.0,0.0,0.0,0.0,0.0,0.0,0.0,0.0,0.0,0.0,0.0,0.0,0.0,Train016,10.0
42,3,1,6.944444444444444e-05,0.0,8.006209875126634,0.0,-7.991825795555587,0.479705136586588,8.006209875126634,-6.971183022469649,1.1102230246251565e-16,0.0,-1.000088900581841e-12,0,0,1.2,8.333333333333333e-05,-0.2,8.528758384680541,0.0030122682511174227,-8.51751951749613,0.4196264284186034,8.5287520674009,-0.4764975991928516,8.416411372946798e-07,12.461245305203411,0.13862943611078898,0.0,0.2,Train016,10.0
42,4,2,0.0001388888888888889,0.0,8.924591128070581,0.36520585657363114,-8.919602065657653,0.29837079731594784,8.924591091045864,-7.30624249138824,4.1555764385137195e-09,68.34420291840573,0.6931471805579453,0,0,2.0,0.0001388888888888889,0.0,9.089182318491506,0.3646969064066779,-9.085732752292827,0.20212725587681737,9.089174000902634,2.4610829134575027,1.1601483600465201e-06,68.19002139470156,0.6931471805579453,0.0,0.0,Train016,10.0
42,5,2,0.0001388888888888889,0.0,8.229943700773843,0.793477877681203,-0.793488122100305,-0.001006591455598612,0.7934887605635172,-7.124937991593927,0.9994926742015191,46.32713093566207,0.6931471805579453,0,0,2.0,0.0001388888888888889,0.0,8.731733986468338,0.7287534913201191,-0.7287569647180814,-0.0019266286218093073,0.7287620143457136,-0.22171350910860851,0.9996247837080645,44.31208569696092,0.6931471805579453,0.0,0.0,Train016,10.0
43,0,2,0.0001388888888888889,0.0,7.519585084979193,1.5098983692065304,-1.5025098926007705,-0.23895443604714414,1.5213925199861433,-7.57227138109954,0.9746606843022585,20.76497368570859,0.6931471805579453,0,0,2.0,0.0001388888888888889,0.0,8.782065075832563,1.7833786851560398,-1.7767410089786573,-0.334195024541565,1.808606113710373,-0.1532477947885889,0.9666395205926636,21.43222916453498,0.6931471805579453,0.0,0.0,Train016,10.0
43,1,0,0.0,0.0,0.0,0.0,0.0,0.0,0.0,0.0,0.0,0.0,0.0,0,0,0.0,0.0,0.0,0.0,0.0,0.0,0.0,0.0,0.0,0.0,0.0,0.0,0.0,0.0,Train016,10.0
43,2,0,0.0,0.0,0.0,0.0,0.0,0.0,0.0,0.0,0.0,0.0,0.0,0,0,0.0,0.0,0.0,0.0,0.0,0.0,0.0,0.0,0.0,0.0,0.0,0.0,0.0,0.0,Train016,10.0
43,3,1,6.944444444444444e-05,0.0,7.292442292863388,0.0,-7.2791399907382415,0.4402676344882717,7.292442292863388,-7.137675822632463,0.0,0.0,-1.000088900581841e-12,0,0,1.0,6.944444444444444e-05,-0.2,8.486059508148971,0.0,-8.47243756779702,0.4791531831264931,8.486059508148971,-0.4571114478268955,6.661338147750939e-17,0.0,-1.000088900581841e-12,0.0,0.2,Train016,10.0
43,4,2,0.0001388888888888889,0.0,8.145067993186485,0.33357372360738813,-8.140383706873543,0.2761967683298545,8.145067927891583,-7.795231348840956,8.029963916023064e-09,68.34713307329805,0.6931471805579453,0,0,2.0,0.0001388888888888889,0.0,9.317659223078852,0.3789148064915069,-9.313422235353753,0.27729884050545195,9.317658483934794,2.2847690458734378,7.614410695300222e-08,68.29362392572402,0.6931471805579453,0.0,0.0,Train016,10.0
43,5,2,0.0001388888888888889,0.0,7.497651634744081,0.727198923871061,-0.7272083951715036,-0.0008842003368142656,0.7272089327133912,-7.322920660297627,0.9994887160409294,46.346200270872274,0.6931471805579453,0,0,2.0,0.0001388888888888889,0.0,8.710547875057358,0.8017660016238747,-0.8017752438681148,-0.0013542274318969893,0.8017765255478265,-0.21186111410982064,0.9995240050976124,45.66089954724909,0.6931471805579453,0.0,0.0,Train016,10.0
44,0,0,0.0,-2.0,0.0,0.0,0.0,0.0,0.0,0.0,0.0,0.0,0.0,0,2,1.6,0.00011111111111111112,-0.4,6.88019355796699,1.3703078887954079,-1.3638977225616367,-0.23654321768637393,1.3843709731082654,-3.979545008697335,0.7770555049385273,16.805564359766276,0.5545177444463563,0.0,0.4,Train016,10.0
44,1,0,0.0,0.0,0.0,0.0,0.0,0.0,0.0,0.0,0.0,0.0,0.0,0,0,0.0,0.0,0.0,0.0,0.0,0.0,0.0,0.0,0.0,0.0,0.0,0.0,0.0,0.0,Train016,10.0
44,2,0,0.0,0.0,0.0,0.0,0.0,0.0,0.0,0.0,0.0,0.0,0.0,0,0,0.0,0.0,0.0,0.0,0.0,0.0,0.0,0.0,0.0,0.0,0.0,0.0,0.0,0.0,Train016,10.0
44,3,1,6.944444444444444e-05,0.0,8.960916502925597,0.0,-8.960290038352923,0.10595754337322044,8.960916502925597,16.684742100622092,1.1102230246251565e-16,0.0,-1.000088900581841e-12,0,0,1.0,6.944444444444444e-05,0.0,8.439361875351176,0.0,-8.427782032664012,0.41108972644295977,8.439361875351176,-0.4669763279779396,6.661338147750939e-17,0.0,-1.000088900581841e-12,0.0,0.0,Train016,10.0
44,4,2,0.0001388888888888889,0.0,10.051925766605823,0.5744601665308977,-10.042369916170287,0.399564680693023,10.050315689930308,19.068577734193376,0.0001607008388561093,66.42889075843436,0.6931471805579453,0,0,2.0,0.0001388888888888889,0.0,9.37949033060334,0.415770467008982,-9.373768253552722,0.3164971542092171,9.379168248612398,0.6183110752448997,3.2147176661223575e-05,67.94712367092527,0.6931471805579453,0.0,0.0,Train016,10.0
44,5,2,0.0001388888888888889,0.0,9.014932360114095,0.21614922893471888,-0.2193343136870638,0.14654986555177255,0.2637885597477986,15.172807253700134,0.9832220962848913,50.607081989724335,0.6931471805579453,0,0,2.0,0.0001388888888888889,0.0,8.632325648800409,0.6907897173157186,-0.6914348425620902,0.028392083918489235,0.7003263561332286,-0.7822222625694668,0.9962468215495944,47.00036980922437,0.6931471805579453,0.0,0.0,Train016,10.0
45,0,0,0.0,0.0,0.0,0.0,0.0,0.0,0.0,0.0,0.0,0.0,0.0,0,0,1.2,8.333333333333333e-05,-0.4,4.963375503408616,0.9864960740823395,-0.9816943908408902,-0.16280384104932588,0.9951192776138729,-4.1290103756253576,0.5839616697060578,12.503139628990736,0.4158883083347672,0.0,0.4,Train016,10.0
45,1,0,0.0,0.0,0.0,0.0,0.0,0.0,0.0,0.0,0.0,0.0,0.0,0,0,0.0,0.0,0.0,0.0,0.0,0.0,0.0,0.0,0.0,0.0,0.0,0.0,0.0,0.0,Train016,10.0
45,2,0,0.0,0.0,0.0,0.0,0.0,0.0,0.0,0.0,0.0,0.0,0.0,0,0,0.0,0.0,0.0,0.0,0.0,0.0,0.0,0.0,0.0,0.0,0.0,0.0,0.0,0.0,Train016,10.0
45,3,1,6.944444444444444e-05,0.0,9.015590962284062,0.0,-9.015576253876723,-0.016285261809808136,9.015590962284062,0.5467445935846449,0.0,0.0,-1.000088900581841e-12,0,0,1.0,6.944444444444444e-05,0.0,8.395697562114657,0.0,-8.387018873384305,0.304304744188635,8.395697562114657,-0.43664313236520585,6.661338147750939e-17,0.0,-1.000088900581841e-12,0.0,0.0,Train016,10.0
45,4,2,0.0001388888888888889,0.0,10.12190441070924,0.8551793258301057,-10.110513753396955,0.4188240751583073,10.119184846792807,0.699786441034167,0.0002706130058429679,65.70215412802985,0.6931471805579453,0,0,2.0,0.0001388888888888889,0.0,9.379740935156308,0.5045504405676986,-9.372611129549636,0.3409098568433088,9.378874986551498,0.002506045529668555,8.626520838168616e-05,67.43046458303029,0.6931471805579453,0.0,0.0,Train016,10.0
45,5,2,0.0001388888888888889,0.0,9.010869633451975,0.02535988333513206,-0.03018702821152619,0.18907010032601818,0.19146477354733965,-0.040627266621182656,0.9789389239368378,52.20599742238646,0.6931471805579453,0,0,2.0,0.0001388888888888889,0.0,8.539166965803446,0.5223790919889004,-0.5239876236434398,0.0665081656880627,0.5651344233154856,-0.9315868299696437,0.9921289710582698,48.3280445634309,0.6931471805579453,0.0,0.0,Train016,10.0
46,0,0,0.0,0.0,0.0,0.0,0.0,0.0,0.0,0.0,0.0,0.0,0.0,0,0,0.8,5.5555555555555545e-05,-0.4,3.159279461613668,0.6305514780491285,-0.6274616435545548,-0.10140142827603416,0.6356041937239109,-3.0017902479910994,0.3896770930698165,8.311315251183448,0.2772588722231782,0.0,0.4,Train016,10.0
46,1,0,0.0,0.0,0.0,0.0,0.0,0.0,0.0,0.0,0.0,0.0,0.0,0,0,0.0,0.0,0.0,0.0,0.0,0.0,0.0,0.0,0.0,0.0,0.0,0.0,0.0,0.0,Train016,10.0
46,2,0,0.0,0.0,0.0,0.0,0.0,0.0,0.0,0.0,0.0,0.0,0.0,0,0,0.0,0.0,0.0,0.0,0.0,0.0,0.0,0.0,0.0,0.0,0.0,0.0,0.0,0.0,Train016,10.0
46,3,1,6.944444444444444e-05,0.0,8.503696267109587,0.0,-8.503500221957506,-0.057742345139305984,8.503696267109587,-5.118946951744743,1.1102230246251565e-16,0.0,-1.000088900581841e-12,0,0,1.0,6.944444444444444e-05,0.0,8.355771180061854,0.0,-8.350066460096198,0.19038054149979322,8.355771180061854,-0.3992638205280244,6.661338147750939e-17,0.0,-1.000088900581841e-12,0.0,0.0,Train016,10.0
46,4,2,0.0001388888888888889,0.0,9.549814565817893,0.9021307916518921,-9.538377919583754,0.4008268536107478,9.5467960857755,-5.720898448913463,0.0003189238035824493,65.43088418086741,0.6931471805579453,0,0,2.0,0.0001388888888888889,0.0,9.358660772878004,0.606109972838783,-9.350249472336438,0.3587566350215761,9.357191128287212,-0.21080162278302234,0.0001500499667643762,66.85065301180707,0.6931471805579453,0.0,0.0,Train016,10.0
46,5,2,0.0001388888888888889,0.0,8.478547489515456,0.04240559367524366,0.037223538476984785,0.19268278086757015,0.19624537156225524,-5.323221439365184,0.977400444634931,52.76476646935976,0.6931471805579453,0,0,2.0,0.0001388888888888889,0.0,8.446388963719889,0.36091830149947174,-0.34659886413868274,0.1052823909905896,0.4344392796268604,-0.9277800208355569,0.9877085710198218,49.65023541760098,0.6931471805579453,0.0,0.0,Train016,10.0
47,0,0,0.0,0.0,0.0,0.0,0.0,0.0,0.0,0.0,0.0,0.0,0.0,0,0,0.4,2.777777777777778e-05,-0.4,1.5039170169958385,0.3019796738413061,-0.3005019785201541,-0.047790887209428826,0.30427850399722867,-1.5144542762199082,0.1949321368604517,4.152994737141718,0.13862943611158907,0.0,0.4,Train016,10.0
47,1,0,0.0,0.0,0.0,0.0,0.0,0.0,0.0,0.0,0.0,0.0,0.0,0,0,0.0,0.0,0.0,0.0,0.0,0.0,0.0,0.0,0.0,0.0,0.0,0.0,0.0,0.0,Train016,10.0
47,2,0,0.0,0.0,0.0,0.0,0.0,0.0,0.0,0.0,0.0,0.0,0.0,0,0,0.0,0.0,0.0,0.0,0.0,0.0,0.0,0.0,0.0,0.0,0.0,0.0,0.0,0.0,Train016,10.0
47,3,1,6.944444444444444e-05,0.0,7.82505788990771,0.0,-7.824756086253485,-0.06872533045357039,7.82505788990771,-6.786383772018771,0.0,0.0,-1.000088900581841e-12,0,0,1.0,6.944444444444444e-05,0.0,8.31954078301807,0.0,-8.316652518235776,0.08069444809176154,8.319540783018068,-0.36230397043784884,4.4408920985006264e-17,0.0,-1.000088900581841e-12,0.0,0.0,Train016,10.0
47,4,2,0.0001388888888888889,0.0,8.788604883927732,0.865256935261749,-8.77781467663008,0.3709637672523314,8.785649925524945,-7.612096818901608,0.00033951754362748776,65.33352606724162,0.6931471805579453,0,0,2.0,0.0001388888888888889,0.0,9.331463524049434,0.7061201885764066,-9.321891994530924,0.3732752290088529,9.329402895183028,-0.27197248828569603,0.00021795264437458607,66.24851764157427,0.6931471805579453,0.0,0.0,Train016,10.0
47,5,2,0.0001388888888888889,0.0,7.794257795782129,0.06343051771473718,0.05842127577093237,0.18258280105056143,0.19170165544974366,-6.842896937333283,0.976789382031869,52.92699663881776,0.6931471805579453,0,0,2.0,0.0001388888888888889,0.0,8.359251782721547,0.21490882950617857,-0.1762169845644353,0.1420002694918216,0.31408185860410565,-0.871371809983428,0.9831679125858918,50.97020855823212,0.6931471805579453,0.0,0.0,Train016,10.0
48,0,1,6.944444444444444e-05,1.0,7.1285193579733654,0.0,-7.128190356511533,-0.06848706693223518,7.1285193579733654,-6.965385319343449,1.1102230246251565e-16,0.0,-1.000088900581841e-12,1,0,0.2,1.388888888888889e-05,-0.2,1.425703871594673,0.0,-1.4256380713023067,-0.013697413386447036,1.425703871594673,-1.39307706386869,2.2204460492503132e-17,0.0,-2.000177801163682e-13,0.2,0.4,Train016,10.0
48,1,0,0.0,0.0,0.0,0.0,0.0,0.0,0.0,0.0,0.0,0.0,0.0,0,0,0.0,0.0,0.0,0.0,0.0,0.0,0.0,0.0,0.0,0.0,0.0,0.0,0.0,0.0,Train016,10.0
48,2,0,0.0,0.0,0.0,0.0,0.0,0.0,0.0,0.0,0.0,0.0,0.0,0,0,0.0,0.0,0.0,0.0,0.0,0.0,0.0,0.0,0.0,0.0,0.0,0.0,0.0,0.0,Train016,10.0
48,3,0,0.0,-1.0,0.0,0.0,0.0,0.0,0.0,0.0,0.0,0.0,0.0,0,1,0.8,5.555555555555556e-05,-0.2,6.861052324445391,0.0,-6.860824520088127,-0.007359078805892791,6.861052324445391,1.0652311940886439,4.4408920985006264e-17,0.0,-8.000711204654728e-13,0.0,0.2,Train016,10.0
48,4,2,0.0001388888888888889,0.0,8.006634563594181,0.8014786062168984,-7.996702665679186,0.33874376432062087,8.003874115773355,-7.819703203335515,0.0003482603528957018,65.30223626706156,0.6931471805579453,0,0,2.0,0.0001388888888888889,0.0,9.303776838130974,0.7997011650983086,-9.29315578629205,0.38578462820700615,9.301164132759382,-0.2768668591846078,0.00028760310896094323,65.63953828032695,0.6931471805579453,0.0,0.0,Train016,10.0
48,5,2,0.0001388888888888889,0.0,7.097566167736952,0.0669901969754032,0.062334653795222295,0.16832016789919446,0.17949174907327423,-6.966916280451767,0.9765370989223903,52.94175243424615,0.6931471805579453,0,0,2.0,0.0001388888888888889,0.0,8.279234689320123,0.08286708412704699,-0.018308374771090107,0.17584114313902335,0.20453842187608226,-0.800170934014256,0.9785775891621838,52.28931899090689,0.6931471805579453,0.0,0.0,Train016,10.0
49,0,1,6.944444444444444e-05,0.0,11.77757209815125,0.0,-11.771152086970238,0.3888226749651589,11.77757209815125,0.0,0.0,0.0,-1.000088900581841e-12,1,1,0.4,2.777777777777778e-05,0.2,3.781218291224923,0.0,-3.779868488696354,0.06406712160658475,3.781218291224923,-1.39307706386869,2.2204460492503132e-17,0.0,-4.000355602327364e-13,0.4,0.2,Train016,10.0
49,1,0,0.0,0.0,0.0,0.0,0.0,0.0,0.0,0.0,0.0,0.0,0.0,0,0,0.0,0.0,0.0,0.0,0.0,0.0,0.0,0.0,0.0,0.0,0.0,0.0,0.0,0.0,Train016,10.0
49,2,0,0.0,0.0,0.0,0.0,0.0,0.0,0.0,0.0,0.0,0.0,0.0,0,0,0.0,0.0,0.0,0.0,0.0,0.0,0.0,0.0,0.0,0.0,0.0,0.0,0.0,0.0,Train016,10.0
49,3,3,0.00020833333333333335,3.0,6.286756726230884,4.472669926718295,-6.284679697052049,-0.008091071520055004,6.284684905385199,16.977268268976307,0.6668872303244728,29.721710777381052,1.0986122886651097,3,0,1.2,8.333333333333334e-05,0.4,6.326220369106449,0.8945339853436589,-6.3257024518279525,-0.030168801784547884,6.325806004937311,1.1237364277594868,0.1333774460648946,5.94434215547621,0.21972245773242188,0.6,0.2,Train016,10.0
49,4,2,0.0001388888888888889,0.0,9.186244161755594,0.28215827884408107,-9.169355641221127,0.3076049409435838,9.174513811362791,11.79609598161413,0.0012781539972073208,66.34192701179057,0.6931471805579453,0,0,2.0,0.0001388888888888889,0.0,9.130640517160929,0.7412407875609452,-9.11855293130222,0.36739268025711824,9.12600375704588,-1.7313632097004572,0.0005110937406311855,65.6221455309982,0.6931471805579453,0.0,0.0,Train016,10.0
49,5,2,0.0001388888888888889,0.0,9.08651917357595,0.23275093107617373,-0.23457353506432455,-0.14113970507899326,0.27376113621615306,19.889530058389965,0.9841333279741734,57.76898108676167,0.6931471805579453,0,0,2.0,0.0001388888888888889,0.0,8.293552052012492,0.08618742455533797,-0.02135621904654226,0.1183032290128702,0.20653293716975316,0.14317362692371063,0.9787598355000403,53.72169881031435,0.6931471805579453,0.0,0.0,Train016,10.0
50,0,1,6.944444444444444e-05,0.0,11.291347793762815,0.0,-11.283325013243001,0.42557213869947513,11.291347793762815,-4.8622430438843445,0.0,0.0,-1.000088900581841e-12,0,0,0.6,4.1666666666666665e-05,0.2,6.039487849977486,0.0,-6.036533491344954,0.14918154934647979,6.039487849977486,-2.365525672645559,2.2204460492503132e-17,0.0,-6.000533403491046e-13,0.4,0.2,Train016,10.0
50,1,0,0.0,0.0,0.0,0.0,0.0,0.0,0.0,0.0,0.0,0.0,0.0,0,0,0.0,0.0,0.0,0.0,0.0,0.0,0.0,0.0,0.0,0.0,0.0,0.0,0.0,0.0,Train016,10.0
50,2,0,0.0,0.0,0.0,0.0,0.0,0.0,0.0,0.0,0.0,0.0,0.0,0,0,0.0,0.0,0.0,0.0,0.0,0.0,0.0,0.0,0.0,0.0,0.0,0.0,0.0,0.0,Train016,10.0
50,3,3,0.00020833333333333335,0.0,6.155273323885048,4.36104952860869,-6.152245922750687,0.02282884183621427,6.152288277545359,-1.314834023458366,0.6669825755142698,29.61054612524993,1.0986122886651097,0,0,1.6,0.00011111111111111112,0.4,5.754156841426646,1.766743891065397,-5.753036385602746,-0.022345981055343397,5.753145467989571,0.7514207043508845,0.26677396116774854,11.866451380526197,0.43944491546564385,0.6,0.2,Train016,10.0
50,4,2,0.0001388888888888889,0.0,9.055699109166325,0.0863456621267833,-9.036045786616434,0.278676387557201,9.04034202819841,-1.3054505258926952,0.0016960014119026257,66.7413221595831,0.6931471805579453,0,0,2.0,0.0001388888888888889,0.0,8.917399456852346,0.5874740548202808,-8.903659337946117,0.33936314273689705,8.910235193327,-2.1324106030858294,0.0007961714218431171,65.82997913730885,0.6931471805579453,0.0,0.0,Train016,10.0
50,5,2,0.0001388888888888889,0.0,9.24643617095996,0.3179697086204376,-0.32378274694682396,-0.24020928471276104,0.4031572493241903,1.5991699738401,0.9731789070506655,59.603404847039066,0.6931471805579453,0,0,2.0,0.0001388888888888889,0.0,8.340665359514087,0.14470938961239907,-0.0800753627936018,0.03244735200511435,0.24887143232512327,0.4711330750159668,0.9776078321228059,55.201180295244875,0.6931471805579453,0.0,0.0,Train016,10.0
51,0,0,0.0,-1.0,0.0,0.0,0.0,0.0,0.0,0.0,0.0,0.0,0.0,0,1,0.6,4.1666666666666665e-05,0.0,6.039487849977486,0.0,-6.036533491344954,0.14918154934647979,6.039487849977486,-2.365525672645559,2.2204460492503132e-17,0.0,-6.000533403491046e-13,0.4,0.4,Train016,10.0
51,1,0,0.0,0.0,0.0,0.0,0.0,0.0,0.0,0.0,0.0,0.0,0.0,0,0,0.0,0.0,0.0,0.0,0.0,0.0,0.0,0.0,0.0,0.0,0.0,0.0,0.0,0.0,Train016,10.0
51,2,0,0.0,0.0,0.0,0.0,0.0,0.0,0.0,0.0,0.0,0.0,0.0,0,0,0.0,0.0,0.0,0.0,0.0,0.0,0.0,0.0,0.0,0.0,0.0,0.0,0.0,0.0,Train016,10.0
51,3,4,0.0002777777777777778,1.0,6.934730501295088,4.077942710740111,-6.930260801502018,0.12729075725296246,6.9314297019963655,-5.045614400594012,0.5003080126645852,28.30004209918339,1.3862943611158907,1,0,2.2,0.00015277777777777777,0.6,5.440363688263746,2.582332433213419,-5.438388501511648,0.01466063942311029,5.438692154966927,0.7660872145810309,0.3668355637006656,17.526459800362876,0.716703787689022,0.8,0.2,Train016,10.0
51,4,2,0.0001388888888888889,0.0,8.477042560246483,0.013440380082112569,-8.457423293954127,0.25221951812565946,8.46118333677042,-5.786565489198416,0.001870848620620369,66.89409415655504,0.6931471805579453,0,0,2.0,0.0001388888888888889,0.0,8.702845055738063,0.4097359725063249,-8.687468412820191,0.3096416756398794,8.693112643525984,-2.14554401114282,0.001106556385250701,66.12262113244637,0.6931471805579453,0.0,0.0,Train016,10.0
51,5,2,0.0001388888888888889,0.0,8.757690688695956,0.32828926097790845,-0.33566354260347264,-0.26043550431785756,0.42484899169282503,-4.887454822640027,0.9691857841159257,60.25212888285526,0.6931471805579453,0,0,2.0,0.0001388888888888889,0.0,8.39649399935019,0.20188612307293202,-0.1546527790096933,-0.0581763050319712,0.2945921563512372,0.5582863983609982,0.9759649000190048,56.698652777943984,0.6931471805579453,0.0,0.0,Train016,10.0
52,0,0,0.0,0.0,0.0,0.0,0.0,0.0,0.0,0.0,0.0,0.0,0.0,0,0,0.6,4.1666666666666665e-05,0.0,6.039487849977486,0.0,-6.036533491344954,0.14918154934647979,6.039487849977486,-2.365525672645559,2.2204460492503132e-17,0.0,-6.000533403491046e-13,0.4,0.4,Train016,10.0
52,1,0,0.0,0.0,0.0,0.0,0.0,0.0,0.0,0.0,0.0,0.0,0.0,0,0,0.0,0.0,0.0,0.0,0.0,0.0,0.0,0.0,0.0,0.0,0.0,0.0,0.0,0.0,Train016,10.0
52,2,0,0.0,0.0,0.0,0.0,0.0,0.0,0.0,0.0,0.0,0.0,0.0,0,0,0.0,0.0,0.0,0.0,0.0,0.0,0.0,0.0,0.0,0.0,0.0,0.0,0.0,0.0,Train016,10.0
52,3,4,0.0002777777777777778,0.0,6.347437940572416,3.7303099451407546,-6.343156002987527,0.1211877684418435,6.344313560461574,-5.872925607226717,0.5003172741416704,28.290372980883294,1.3862943611158907,0,0,2.8,0.00019444444444444443,0.6,5.144839698396687,3.32839442224157,-5.1420684848584575,0.05264325920219306,5.142543289077699,0.9487788475394414,0.46689901852899957,23.184534396539533,0.9939626599124001,0.8,0.2,Train016,10.0
52,4,2,0.0001388888888888889,0.0,7.7768464424858905,0.012631192526730395,-7.7583708592514915,0.22817930585799465,7.761725593275284,-7.001961177605924,0.001944347140042657,66.95215723792035,0.6931471805579453,0,0,2.0,0.0001388888888888889,0.0,8.500493367449696,0.23921082395932114,-8.483579649344474,0.281084783361012,8.488327777076051,-2.0235168828836834,0.001427522304533735,66.44634736658213,0.6931471805579453,0.0,0.0,Train016,10.0
52,5,2,0.0001388888888888889,0.0,8.072208116495766,0.31245808358469906,-0.32001098450540466,-0.25211092382901756,0.4073904124031873,-6.854825722001903,0.9675913557445235,60.446381887665105,0.6931471805579453,0,0,2.0,0.0001388888888888889,0.0,8.452084063492917,0.2516916362469244,-0.2303392310649607,-0.145115050007887,0.33772990774192596,0.5559006414272742,0.9741252947615356,58.202529827713455,0.6931471805579453,0.0,0.0,Train016,10.0
53,0,0,0.0,0.0,0.0,0.0,0.0,0.0,0.0,0.0,0.0,0.0,0.0,0,0,0.4,2.7777777777777772e-05,-0.2,4.613783978382813,0.0,-4.610895420042648,0.1628789627329268,4.613783978382813,-0.9724486087768691,0.0,0.0,-4.000355602327364e-13,0.2,0.4,Train016,10.0
53,1,0,0.0,0.0,0.0,0.0,0.0,0.0,0.0,0.0,0.0,0.0,0.0,0,0,0.0,0.0,0.0,0.0,0.0,0.0,0.0,0.0,0.0,0.0,0.0,0.0,0.0,0.0,Train016,10.0
53,2,0,0.0,0.0,0.0,0.0,0.0,0.0,0.0,0.0,0.0,0.0,0.0,0,0,0.0,0.0,0.0,0.0,0.0,0.0,0.0,0.0,0.0,0.0,0.0,0.0,0.0,0.0,Train016,10.0
53,3,4,0.0002777777777777778,0.0,5.765221686743416,3.387460032295625,-5.761257695872342,0.11197866218248223,5.762345829523984,-5.822162538290003,0.5003211861125114,28.281872188513994,1.3862943611158907,0,0,3.6,0.00025,0.8,6.297884035745371,4.005886428700696,-6.294320024032926,0.07503899163868952,6.295012454982496,-0.2156536601185591,0.5669632557515019,28.840908834242335,1.2712215321355784,0.8,0.0,Train016,10.0
53,4,2,0.0001388888888888889,0.0,7.075711912925405,0.020931259328371254,-7.0587179276245084,0.20639419259958164,7.061734726291159,-7.011345295604858,0.001975392616416216,66.97391671807328,0.6931471805579453,0,0,2.0,0.0001388888888888889,0.0,8.31430883731594,0.08310135458161572,-8.29598270173354,0.25461486901680414,8.299899899179612,-1.8618453013375522,0.0017529487572378378,66.78068345678447,0.6931471805579453,0.0,0.0,Train016,10.0
53,5,2,0.0001388888888888889,0.0,7.358785818130299,0.28854565691257417,-0.29572641744432016,-0.2343694926088371,0.3773369489463973,-7.134222983654674,0.966931691363801,60.47087855726536,0.6931471805579453,0,0,2.0,0.0001388888888888889,0.0,8.504327993571586,0.2960027282343586,-0.3019514453128692,-0.2256529821094933,0.3772989477165506,0.5224393007866928,0.9722042132498178,59.70835505231729,0.6931471805579453,0.0,0.0,Train016,10.0
54,0,2,0.0001388888888888889,2.0,10.666063218064188,0.7639641364804053,-0.7664487276383358,0.16855771165461797,0.7847645215328386,27.281229659398125,0.9831291841122158,21.923247775628905,0.6931471805579453,2,0,0.6,4.166666666666667e-05,0.2,4.391482202365401,0.15279282729608107,-2.4099547481762675,0.1188259700708186,2.415222463059131,4.483797323102756,0.19662583682244317,4.384649555125781,0.13862943611138906,0.4,0.2,Train016,10.0
54,1,0,0.0,0.0,0.0,0.0,0.0,0.0,0.0,0.0,0.0,0.0,0.0,0,0,0.0,0.0,0.0,0.0,0.0,0.0,0.0,0.0,0.0,0.0,0.0,0.0,0.0,0.0,Train016,10.0
54,2,0,0.0,0.0,0.0,0.0,0.0,0.0,0.0,0.0,0.0,0.0,0.0,0,0,0.0,0.0,0.0,0.0,0.0,0.0,0.0,0.0,0.0,0.0,0.0,0.0,0.0,0.0,Train016,10.0
54,3,3,0.00020833333333333335,-1.0,10.204383864597707,1.449228174301271,-2.0573967558737762,0.12574715003652476,2.06123597795649,54.18056411808078,0.6682874003193239,31.47188987162758,1.0986122886651097,0,1,3.6,0.00025,0.0,7.081409463418735,3.4011980782172904,-5.44886343579727,0.10180663595000547,5.450322669496755,7.225005509702337,0.5672432897504721,29.19094465309164,1.2712215321355784,0.2,0.2,Train016,10.0
54,4,2,0.0001388888888888889,0.0,9.643755256589916,0.3063272076907788,-9.640263800470734,0.03939411132120274,9.640344290463553,25.680433436645124,0.0003540541716630097,67.59201648682505,0.6931471805579453,0,0,2.0,0.0001388888888888889,0.0,8.405811056282804,0.08793514035095526,-8.39016433358346,0.20097270309232793,8.393065994999764,0.9150221896686468,0.0015681287921289755,67.03070135179136,0.6931471805579453,0.0,0.0,Train016,10.0
54,5,2,0.0001388888888888889,0.0,9.61750659719861,0.26905000534260193,-0.2698772876569313,0.08015653790091855,0.2815294317852459,22.587207790683117,0.9913778649691843,66.66640246416151,0.6931471805579453,0,0,2.0,0.0001388888888888889,0.0,8.610525478296118,0.3032625430876442,-0.30901219583139056,-0.18139373351351093,0.37885260683036914,1.0619748472453232,0.97365312064882,61.48783932779726,0.6931471805579453,0.0,0.0,Train016,10.0
55,0,2,0.0001388888888888889,0.0,10.588465199677174,1.112990080980997,-1.1152636818809105,0.1062777968383346,1.120316049257251,-0.7759801838701375,0.9878525195306956,23.088708263884406,0.6931471805579453,0,0,0.8,5.5555555555555565e-05,0.2,4.250905683548273,0.37539084349228047,-0.3763424819038493,0.054967101698590516,0.38101611415801795,5.3010498951055975,0.39419634072858234,9.002391207902662,0.27725887222317813,0.4,0.2,Train016,10.0
55,1,0,0.0,0.0,0.0,0.0,0.0,0.0,0.0,0.0,0.0,0.0,0.0,0,0,0.0,0.0,0.0,0.0,0.0,0.0,0.0,0.0,0.0,0.0,0.0,0.0,0.0,0.0,Train016,10.0
55,2,0,0.0,0.0,0.0,0.0,0.0,0.0,0.0,0.0,0.0,0.0,0.0,0,0,0.0,0.0,0.0,0.0,0.0,0.0,0.0,0.0,0.0,0.0,0.0,0.0,0.0,0.0,Train016,10.0
55,3,3,0.00020833333333333335,0.0,10.489446856492913,1.638217482010047,-1.9753431317873111,0.15116765247781083,1.9811189130021838,2.8506299189520767,0.6687637204275092,32.277385748666404,1.0986122886651097,0,0,3.6,0.00025,0.0,7.948244169940308,2.856631668897562,-4.613482877604595,0.12747439807832478,4.616088796588119,8.058098298184424,0.5675995187331201,29.724312577774935,1.2712215321355784,0.2,0.2,Train016,10.0
55,4,2,0.0001388888888888889,0.0,9.969800900118207,0.3901680405046495,-9.96818355197777,-0.020878824181231548,9.968205417788065,3.260456435282899,0.0001602770052405722,67.82612110257698,0.6931471805579453,0,0,2.0,0.0001388888888888889,0.0,8.58863141447318,0.1486996160265285,-8.576591886655725,0.14106166074464144,8.578638672917696,1.8282035819037656,0.0012609839107965647,67.24766114039014,0.6931471805579453,0.0,0.0,Train016,10.0
55,5,2,0.0001388888888888889,0.0,9.840001952299968,0.24117397800170703,-0.24500820496679054,0.1845808020385598,0.30675575460331117,2.2249535510135843,0.9807296624854053,68.98412563409157,0.6931471805579453,0,0,2.0,0.0001388888888888889,0.0,8.72923863456412,0.2879033969638981,-0.2932572874353839,-0.09643571616324678,0.3595723078861933,1.18713156268002,0.975163271735768,63.363983485207754,0.6931471805579453,0.0,0.0,Train016,10.0
56,0,2,0.0001388888888888889,0.0,9.942355806178607,1.160564270621249,-1.1625018229869681,0.07861982963501193,1.165157313867901,-6.461093934985671,0.9895330786578855,23.5249228150319,0.6931471805579453,0,0,1.2,8.333333333333334e-05,0.4,6.239376844783994,0.6075036976165302,-0.6088428465012429,0.0706910676255929,0.6140475769315982,4.008831108108463,0.5921029564601594,13.707375770909042,0.4158883083347672,0.4,0.0,Train016,10.0
56,1,0,0.0,0.0,0.0,0.0,0.0,0.0,0.0,0.0,0.0,0.0,0.0,0,0,0.0,0.0,0.0,0.0,0.0,0.0,0.0,0.0,0.0,0.0,0.0,0.0,0.0,0.0,Train016,10.0
56,2,0,0.0,0.0,0.0,0.0,0.0,0.0,0.0,0.0,0.0,0.0,0.0,0,0,0.0,0.0,0.0,0.0,0.0,0.0,0.0,0.0,0.0,0.0,0.0,0.0,0.0,0.0,Train016,10.0
56,3,3,0.00020833333333333335,0.0,9.642488771772655,1.1688477290992219,-2.1514523342274496,0.15131854049725044,2.156767128632797,-8.469580847202588,0.6689499554610938,32.55490335196241,1.0986122886651097,0,0,3.4,0.00023611111111111112,-0.2,8.489795824035822,2.274812672569384,-3.6577211841496817,0.13227995472718238,3.6611562819154053,7.37330500886271,0.6013279072924218,30.575284828330734,1.2136851176454222,0.0,0.2,Train016,10.0
56,4,2,0.0001388888888888889,0.0,9.495872855789983,0.3965224668970668,-9.494740196236684,-0.040564732457285736,9.494826848950536,-4.7392804432822455,0.00011034625664785302,67.91270135906083,0.6931471805579453,0,0,2.0,0.0001388888888888889,0.0,8.79239747358188,0.22531603338951936,-8.784055267112237,0.0825048106280524,8.785367375353719,2.0376605910869996,0.0009088834380020616,67.4513825808913,0.6931471805579453,0.0,0.0,Train016,10.0
56,5,2,0.0001388888888888889,0.0,9.338015662175192,0.21680257798638536,-0.221944402989374,0.2099442122042402,0.30550923104935584,-5.019862901247771,0.9769428564480287,69.80689703811046,0.6931471805579453,0,0,2.0,0.0001388888888888889,0.0,8.845303629259966,0.26560606036559353,-0.2705134595125641,-0.002359772858827225,0.3357043557574995,1.1606499469584712,0.9767146862021885,65.2749371162588,0.6931471805579453,0.0,0.0,Train016,10.0
57,0,2,0.0001388888888888889,0.0,9.123775079873395,1.114877067410962,-1.1165627320359377,0.06418042605160683,1.1184057678945165,-8.185807263052123,0.9901967182029058,23.648662368893653,0.6931471805579453,0,0,1.6,0.00011111111111111112,0.4,8.064131860758673,0.8304791110987226,-0.8321553929084304,0.08352715283591426,0.8377287305105015,2.3716696554980388,0.7901423001007405,18.43710824468777,0.5545177444463563,0.4,0.0,Train016,10.0
57,1,0,0.0,0.0,0.0,0.0,0.0,0.0,0.0,0.0,0.0,0.0,0.0,0,0,0.0,0.0,0.0,0.0,0.0,0.0,0.0,0.0,0.0,0.0,0.0,0.0,0.0,0.0,Train016,10.0
57,2,0,0.0,0.0,0.0,0.0,0.0,0.0,0.0,0.0,0.0,0.0,0.0,0,0,0.0,0.0,0.0,0.0,0.0,0.0,0.0,0.0,0.0,0.0,0.0,0.0,0.0,0.0,Train016,10.0
57,3,3,0.00020833333333333335,0.0,8.62378969779138,0.7450053492024376,-2.2377607076422446,0.14260760992092658,2.242300139382522,-10.18699073981273,0.6690261204932659,32.63220679940497,1.0986122886651097,0,0,3.2,0.00022222222222222223,-0.2,8.945066175479614,1.6777517533817203,-2.8366421250806253,0.13656392302299897,2.8407535976995955,6.510491982345508,0.6350696765627408,31.44365159203507,1.156148703155266,0.0,0.2,Train016,10.0
57,4,2,0.0001388888888888889,0.0,8.772034749323547,0.3754002337457898,-8.77110281101824,-0.04500645086250303,8.771218279239852,-7.238381064664354,9.324725923021138e-05,67.94291716131214,0.6931471805579453,0,0,2.0,0.0001388888888888889,0.0,8.99143513494941,0.29786984163333124,-8.986601657465588,0.027867659283952857,8.987265912546633,1.9903766136753138,0.0005386634618395724,67.64953456556967,0.6931471805579453,0.0,0.0,Train016,10.0
57,5,2,0.0001388888888888889,0.0,8.613771582921437,0.19550766431916067,-0.20086586308248044,0.2063778616631135,0.2879911747545556,-7.242440792537543,0.9754445207985812,70.0609008485373,0.6931471805579453,0,0,2.0,0.0001388888888888889,0.0,8.9536163225451,0.24221597651248583,-0.24668443522797928,0.08933798423959899,0.3118245082277732,1.0831269328513429,0.9782853192130002,67.19784090843324,0.6931471805579453,0.0,0.0,Train016,10.0
58,0,2,0.0001388888888888889,0.0,8.294147697906572,1.0396520844451533,-1.0411447310389774,0.05517067861823714,1.042605464569135,-8.29627381966823,0.9904699748893748,23.65151783896302,0.6931471805579453,0,0,2.0,0.0001388888888888889,0.4,9.722961400339987,1.0384095279877532,-1.0403843391162257,0.0945612885595617,1.0462498234243285,0.7124148915643929,0.9882362950786157,23.167411812480378,0.6931471805579453,0.4,0.0,Train016,10.0
58,1,0,0.0,0.0,0.0,0.0,0.0,0.0,0.0,0.0,0.0,0.0,0.0,0,0,0.0,0.0,0.0,0.0,0.0,0.0,0.0,0.0,0.0,0.0,0.0,0.0,0.0,0.0,Train016,10.0
58,2,0,0.0,0.0,0.0,0.0,0.0,0.0,0.0,0.0,0.0,0.0,0.0,0,0,0.0,0.0,0.0,0.0,0.0,0.0,0.0,0.0,0.0,0.0,0.0,0.0,0.0,0.0,Train016,10.0
58,3,3,0.00020833333333333335,0.0,7.669754974019933,0.46544096147446906,-2.224994236800111,0.13128655201890338,2.228864175434367,-9.540347237714478,0.6690579204731947,32.63809066234135,1.0986122886651097,0,0,3.0,0.00020833333333333335,-0.2,9.325972832934918,1.0933479392174894,-2.1293894332661787,0.14042550099028323,2.1340572668816717,5.766855042460612,0.6688170234348775,32.314895286800535,1.0986122886651097,0.0,0.2,Train016,10.0
58,4,2,0.0001388888888888889,0.0,8.00408806909684,0.34596016806978236,-8.003275574938863,-0.043896473084651125,8.003395956015313,-7.6794668022670765,8.663180273826843e-05,67.95178286667475,0.6931471805579453,0,0,2.0,0.0001388888888888889,0.0,9.177110366183697,0.36287562338161344,-9.175513186928459,-0.022190473852893695,9.175598158491464,1.8567523123428706,0.00016091129910398295,67.84510779528995,0.6931471805579453,0.0,0.0,Train016,10.0
58,5,2,0.0001388888888888889,0.0,7.85501212706788,0.17659056606177126,-0.18171806055852624,0.19298245145538653,0.2650729712793872,-7.587594558535575,0.9748268740573661,70.10238733211585,0.6931471805579453,0,0,2.0,0.0001388888888888889,0.0,9.052861584332616,0.21982495834232524,-0.2238827638508205,0.1748083730524437,0.2893717126943712,0.9924526178751629,0.9798643557517132,69.12414266340333,0.6931471805579453,0.0,0.0,Train016,10.0
59,0,1,6.944444444444444e-05,-1.0,12.014074820497013,0.0,-12.012730016672366,0.1797535508385168,12.014074820497013,26.802750381452878,0.0,0.0,-1.000088900581841e-12,0,1,1.8,0.000125,-0.2,9.992563720826553,0.8856167006916722,-3.2896405969230313,0.09680045639634147,3.2921118832171636,0.6167190359753434,0.7916104582561723,18.782762257354598,0.5545177444461562,0.0,0.2,Train016,10.0
59,1,0,0.0,0.0,0.0,0.0,0.0,0.0,0.0,0.0,0.0,0.0,0.0,0,0,0.0,0.0,0.0,0.0,0.0,0.0,0.0,0.0,0.0,0.0,0.0,0.0,0.0,0.0,Train016,10.0
59,2,0,0.0,0.0,0.0,0.0,0.0,0.0,0.0,0.0,0.0,0.0,0.0,0,0,0.0,0.0,0.0,0.0,0.0,0.0,0.0,0.0,0.0,0.0,0.0,0.0,0.0,0.0,Train016,10.0
59,3,3,0.00020833333333333335,0.0,9.601986056063632,0.713407661777363,-2.5223841551370216,0.46834192286448756,2.5654952704689813,19.322310820436993,0.6640308646549192,33.92117375311737,1.0986122886651097,0,0,3.0,0.00020833333333333335,0.0,9.205493271228102,0.9461838367127078,-2.222386913118828,0.2089444555558758,2.23490912538417,-1.2047956170681453,0.6679657163019966,32.8047520630985,1.0986122886651097,0.0,0.0,Train016,10.0
59,4,2,0.0001388888888888889,0.0,10.36167324619927,0.12361188934513567,-10.358130858412338,0.2536253680323616,10.361235481703108,23.575851771024304,4.225445039951481e-05,66.97934434531439,0.6931471805579453,0,0,2.0,0.0001388888888888889,0.0,9.320693964105569,0.3263325597124848,-9.31908659851678,0.020655777489338074,9.319776396739375,1.4358359792187065,9.855135485128396e-05,67.72257336698782,0.6931471805579453,0.0,0.0,Train016,10.0
59,5,2,0.0001388888888888889,0.0,8.746556681755795,0.6082138232362917,-0.6061943729553585,0.17696532418012229,0.6314969071697153,8.915445546879162,0.9805286585753016,73.17106479174763,0.6931471805579453,0,0,2.0,0.0001388888888888889,0.0,8.878671601244054,0.2876577219210632,-0.2911461809105059,0.19417013030828448,0.359365207771265,-1.7418998308856282,0.9776945144729365,70.42507512892057,0.6931471805579453,0.0,0.0,Train016,10.0
60,0,1,6.944444444444444e-05,0.0,12.235638730969624,0.0,-12.23255066054583,0.2748808687117738,12.235638730969624,2.215639104726108,0.0,0.0,-1.000088900581841e-12,0,0,1.6,0.00011111111111111112,-0.2,10.321998427085044,0.6630186844954729,-5.513097992656016,0.1305210707710293,5.515176419559638,1.2150428936945925,0.5940399543500332,14.165020604577716,0.4158883083343671,0.0,0.2,Train016,10.0
60,1,0,0.0,0.0,0.0,0.0,0.0,0.0,0.0,0.0,0.0,0.0,0.0,0,0,0.0,0.0,0.0,0.0,0.0,0.0,0.0,0.0,0.0,0.0,0.0,0.0,0.0,0.0,Train016,10.0
60,2,0,0.0,0.0,0.0,0.0,0.0,0.0,0.0,0.0,0.0,0.0,0.0,0,0,0.0,0.0,0.0,0.0,0.0,0.0,0.0,0.0,0.0,0.0,0.0,0.0,0.0,0.0,Train016,10.0
60,3,3,0.00020833333333333335,0.0,9.587128180659262,0.6273625589930164,-2.5978338137382337,0.5471561885393964,2.6548296401951474,-0.14857875404371632,0.6626006280319984,34.42918710034312,1.0986122886651097,0,0,3.0,0.00020833333333333335,0.0,9.025029536061371,0.7440128521093016,-2.3468850495090123,0.28814216276819293,2.369651270822763,-1.804637351667304,0.6667330978228944,33.23511233343384,1.0986122886651097,0.0,0.0,Train016,10.0
60,4,2,0.0001388888888888889,0.0,10.571054840641226,0.27961241876173837,-10.565122474032597,0.34193113443874984,10.570654179945876,2.093815944419566,3.792821267845081e-05,66.60925410215745,0.6931471805579453,0,0,2.0,0.0001388888888888889,0.0,9.440944752210173,0.3042214353639026,-9.438474382927744,0.09321776921333436,9.440266149170938,1.20250788104604,7.408159633885969e-05,67.4791999669039,0.6931471805579453,0.0,0.0,Train016,10.0
60,5,2,0.0001388888888888889,0.0,8.543266501161101,0.7214168668230361,-0.7177864088433261,0.16098200895471454,0.7356171123127129,-2.0329018059469472,0.9831028778331768,74.29818525263019,0.6931471805579453,0,0,2.0,0.0001388888888888889,0.0,8.61932451101628,0.383706299685329,-0.3857018216858131,0.1894503716915154,0.44513747931314535,-2.5934709022777342,0.9781691575424908,71.48788705262828,0.6931471805579453,0.0,0.0,Train016,10.0
61,0,1,6.944444444444444e-05,0.0,11.590434171478895,0.0,-11.586764320071595,0.2916451173969586,11.590434171478895,-6.45204559490729,0.0,0.0,-1.000088900581841e-12,0,0,1.4,9.722222222222222e-05,-0.2,10.6516141001451,0.4309058303712231,-7.5979504920729415,0.17312612832341862,7.600231791081836,1.2168525617102688,0.3961333386184561,9.460036041571335,0.27725887222257806,0.0,0.2,Train016,10.0
61,1,0,0.0,0.0,0.0,0.0,0.0,0.0,0.0,0.0,0.0,0.0,0.0,0,0,0.0,0.0,0.0,0.0,0.0,0.0,0.0,0.0,0.0,0.0,0.0,0.0,0.0,0.0,Train016,10.0
61,2,0,0.0,0.0,0.0,0.0,0.0,0.0,0.0,0.0,0.0,0.0,0.0,0,0,0.0,0.0,0.0,0.0,0.0,0.0,0.0,0.0,0.0,0.0,0.0,0.0,0.0,0.0,Train016,10.0
61,3,3,0.00020833333333333335,0.0,8.950660320158985,0.47204282094246175,-2.535560938399717,0.5374455444267423,2.59189447809177,-6.364678605002769,0.6620855398124887,34.60190564829222,1.0986122886651097,0,0,3.0,0.00020833333333333335,0.0,8.886663845738639,0.6046518704779495,-2.4237067703434656,0.3653675635540913,2.4566767407145575,-1.38365690322734,0.6653602146931734,33.64451279269981,1.0986122886651097,0.0,0.0,Train016,10.0
61,4,2,0.0001388888888888889,0.0,10.0211341569979,0.31729624009745194,-10.014565104740964,0.35243220812776066,10.020764576539117,-5.4992068364332525,3.691711397768582e-05,66.4699615135415,0.6931471805579453,0,0,2.0,0.0001388888888888889,0.0,9.545997012451757,0.2883761900039796,-9.5424393646286,0.1718171573303436,9.545453694688653,1.0505226024158385,5.939576780482625e-05,67.19065199780005,0.6931471805579453,0.0,0.0,Train016,10.0
61,5,2,0.0001388888888888889,0.0,7.969753141648818,0.7180920887797124,-0.7142268318691682,0.1459520279936902,0.7289869421583215,-5.735133595122828,0.9841808904355558,74.67501660263414,0.6931471805579453,0,0,2.0,0.0001388888888888889,0.0,8.345672006911006,0.4839642018439944,-0.4841583074617719,0.1766519348494054,0.5298330215349385,-2.736525041052746,0.9796167643399963,72.46151096553302,0.6931471805579453,0.0,0.0,Train016,10.0
62,0,0,0.0,-1.0,0.0,0.0,0.0,0.0,0.0,0.0,0.0,0.0,0.0,0,1,1.0,6.944444444444443e-05,-0.4,8.82685908417042,0.20793041688903066,-7.374637945665754,0.16029004311309727,7.376550637502933,2.8540140143206933,0.19809399497787497,4.730303567792604,0.13862943611098902,0.0,0.4,Train016,10.0
62,1,0,0.0,0.0,0.0,0.0,0.0,0.0,0.0,0.0,0.0,0.0,0.0,0,0,0.0,0.0,0.0,0.0,0.0,0.0,0.0,0.0,0.0,0.0,0.0,0.0,0.0,0.0,Train016,10.0
62,2,0,0.0,0.0,0.0,0.0,0.0,0.0,0.0,0.0,0.0,0.0,0.0,0,0,0.0,0.0,0.0,0.0,0.0,0.0,0.0,0.0,0.0,0.0,0.0,0.0,0.0,0.0,Train016,10.0
62,3,4,0.0002777777777777778,1.0,8.791330972118743,1.1299860479353416,-4.473287433704234,0.4448526637588528,4.495352528666641,-8.192728108702202,0.4979434300050378,31.689943320356832,1.3862943611158907,1,0,3.2,0.00022222222222222223,0.2,8.92017210060411,0.6816480102245304,-2.870812115555864,0.4258165743216765,2.907287218571381,-0.9848043770052344,0.6311436765955278,33.45606009689018,1.156148703155266,0.2,0.0,Train016,10.0
62,4,2,0.0001388888888888889,0.0,9.23997953389737,0.3116838616605673,-9.233555387800198,0.33531470621324544,9.239641824864043,-7.811546231005302,3.659031283542724e-05,66.41896205116034,0.6931471805579453,0,0,2.0,0.0001388888888888889,0.0,9.639585969366522,0.27563291558693515,-9.634929879984991,0.24788138874549331,9.639138403813492,0.9358895691476491,4.806437852586942e-05,66.88586097576967,0.6931471805579453,0.0,0.0,Train016,10.0
62,5,2,0.0001388888888888889,0.0,7.301281899948613,0.6746188345218074,-0.6709168000196231,0.13213830621820055,0.6838054434696946,-6.68471241700205,0.9846340994683977,74.76795803427841,0.6931471805579453,0,0,2.0,0.0001388888888888889,0.0,8.083174070316442,0.5797864358845237,-0.5781684948492004,0.16180402376042283,0.6089958752779663,-2.6249793659456473,0.9814546800739595,73.40292240268124,0.6931471805579453,0.0,0.0,Train016,10.0
63,0,0,0.0,0.0,0.0,0.0,0.0,0.0,0.0,0.0,0.0,0.0,0.0,0,0,0.6,4.1666666666666665e-05,-0.4,7.168029544589106,0.0,-7.166408999457959,0.14925590738944985,7.168029544589106,4.513268778254339,0.0,0.0,-6.000533403491046e-13,0.0,0.4,Train016,10.0
63,1,0,0.0,0.0,0.0,0.0,0.0,0.0,0.0,0.0,0.0,0.0,0.0,0,0,0.0,0.0,0.0,0.0,0.0,0.0,0.0,0.0,0.0,0.0,0.0,0.0,0.0,0.0,Train016,10.0
63,2,0,0.0,0.0,0.0,0.0,0.0,0.0,0.0,0.0,0.0,0.0,0.0,0,0,0.0,0.0,0.0,0.0,0.0,0.0,0.0,0.0,0.0,0.0,0.0,0.0,0.0,0.0,Train016,10.0
63,3,4,0.0002777777777777778,0.0,7.967848269490414,1.0414473972778169,-4.117042493840568,0.40654708275983364,4.137066524312789,-8.234827026283277,0.4978995792925155,31.69719456153016,1.3862943611158907,0,0,3.4,0.00023611111111111112,0.2,8.979790759698208,0.7968492973851999,-3.249221766963955,0.4808686804698626,3.2889276883470657,-0.7237003347189942,0.5969120083593918,33.26788087672794,1.213685117645422,0.2,0.0,Train016,10.0
63,4,2,0.0001388888888888889,0.0,8.424581857802828,0.29137543246331443,-8.418583249331574,0.30962133681577697,8.424275001336184,-8.15397676094542,3.6467564133224606e-05,66.40160613000103,0.6931471805579453,0,0,2.0,0.0001388888888888889,0.0,9.72368472710772,0.26471596846564155,-9.717991414863533,0.31858495072557896,9.723314212877666,0.84098757741198,3.803153080486066e-05,66.57582562843496,0.6931471805579453,0.0,0.0,Train016,10.0
63,5,2,0.0001388888888888889,0.0,6.6391994919332955,0.6197884891533905,-0.6163638820860209,0.11956042848355339,0.6278527942116059,-6.620824080153178,0.9848255379158858,74.75674355004283,0.6931471805579453,0,0,2.0,0.0001388888888888889,0.0,7.840011543289525,0.6684260205028476,-0.6650976591546993,0.1471196191660562,0.68155183986441,-2.431625270269168,0.9834544128456635,74.33379364626664,0.6931471805579453,0.0,0.0,Train016,10.0
64,0,1,6.944444444444444e-05,1.0,10.835200790173761,0.0,10.834433373552748,0.1289559515047316,10.835200790173761,0.0,1.1102230246251565e-16,0.0,-1.000088900581841e-12,1,0,0.6,4.1666666666666665e-05,0.0,6.932254738524456,0.0,-2.5969763214129356,0.1390963875226928,6.932254738524456,-0.8472812980362363,2.2204460492503132e-17,0.0,-6.000533403491046e-13,0.2,0.2,Train016,10.0
64,1,0,0.0,0.0,0.0,0.0,0.0,0.0,0.0,0.0,0.0,0.0,0.0,0,0,0.0,0.0,0.0,0.0,0.0,0.0,0.0,0.0,0.0,0.0,0.0,0.0,0.0,0.0,Train016,10.0
64,2,0,0.0,0.0,0.0,0.0,0.0,0.0,0.0,0.0,0.0,0.0,0.0,0,0,0.0,0.0,0.0,0.0,0.0,0.0,0.0,0.0,0.0,0.0,0.0,0.0,0.0,0.0,Train016,10.0
64,3,4,0.0002777777777777778,0.0,9.329142311803377,0.4431384308637323,-4.87201410590007,0.20879546362714838,4.876486131808491,13.612940423129633,0.49981433447471,30.07188265907036,1.3862943611158907,0,0,3.6,0.00025,0.2,8.925222010846156,0.7427954512024739,-3.719147757116565,0.4289593886223947,3.7511258606149673,-1.865574414180466,0.56406870232335,32.49802265791854,1.2712215321355782,0.2,0.0,Train016,10.0
64,4,2,0.0001388888888888889,0.0,9.705925316156465,0.026745093525114783,-9.701661172328805,0.28246554751866665,9.70577231796663,12.813434583536365,1.576349977827629e-05,67.04577693124298,0.6931471805579453,0,0,2.0,0.0001388888888888889,0.0,9.592535141099159,0.24534260930163737,-9.586697477646828,0.32435298662283996,9.592221580130369,-1.3114958600856081,3.273334068061295e-05,66.58911214562065,0.6931471805579453,0.0,0.0,Train016,10.0
64,5,2,0.0001388888888888889,0.0,8.672142650165986,0.5589056840637507,-0.5611231513579975,-0.3336673818717257,0.6528346748718715,20.329431582326905,0.9610163928611194,80.36376430987104,0.6931471805579453,0,0,2.0,0.0001388888888888889,0.0,7.825128736971562,0.6585643926683394,-0.6560834148352271,0.04499307795568659,0.6858193934048413,-0.14882806317961936,0.979551959702827,75.77233354989133,0.6931471805579453,0.0,0.0,Train016,10.0
65,0,1,6.944444444444444e-05,0.0,10.44457187441681,0.0,10.443941123661197,0.11478434282235697,10.44457187441681,-3.906289157569507,0.0,0.0,-1.000088900581841e-12,0,0,0.6,4.1666666666666665e-05,0.0,6.574041367213894,0.0,1.9383220354284703,0.10707708234480943,6.574041367213892,-2.0716669504953593,2.2204460492503132e-17,0.0,-6.000533403491046e-13,0.2,0.2,Train016,10.0
65,1,0,0.0,0.0,0.0,0.0,0.0,0.0,0.0,0.0,0.0,0.0,0.0,0,0,0.0,0.0,0.0,0.0,0.0,0.0,0.0,0.0,0.0,0.0,0.0,0.0,0.0,0.0,Train016,10.0
65,2,0,0.0,0.0,0.0,0.0,0.0,0.0,0.0,0.0,0.0,0.0,0.0,0,0,0.0,0.0,0.0,0.0,0.0,0.0,0.0,0.0,0.0,0.0,0.0,0.0,0.0,0.0,Train016,10.0
65,3,4,0.0002777777777777778,0.0,9.231023808925718,0.3779858682760758,-4.868800059620836,0.12927586949715986,4.870516016912181,-0.9811850287765944,0.5000273851021695,29.070556512880827,1.3862943611158907,0,0,3.8,0.00026388888888888886,0.2,8.854001136499448,0.6929201130590857,-4.173341006293086,0.3453833248139474,4.194263135958375,-2.0320956691270418,0.5315540537373844,31.42629654042608,1.3287579466257344,0.2,0.0,Train016,10.0
65,4,2,0.0001388888888888889,0.0,9.578947257276376,0.13564768060689936,-9.575402840165298,0.25640201216861613,9.578835082790066,-1.269780588800895,1.1712872281077757e-05,67.29129402814304,0.6931471805579453,0,0,2.0,0.0001388888888888889,0.0,9.394113624426188,0.21654966167066955,-9.388753550873368,0.3072471621688132,9.393857760699209,-1.9842151667297003,2.7490272601138344e-05,66.72552013081778,0.6931471805579453,0.0,0.0,Train016,10.0
65,5,2,0.0001388888888888889,0.0,8.872106173229922,0.5089026890013706,-0.5088979654878507,-0.4712922498956146,0.6936090570986975,1.999635230639356,0.946792299153974,82.45437992900878,0.6931471805579453,0,0,2.0,0.0001388888888888889,0.0,7.890896671385326,0.6160615571040063,-0.614305726164132,-0.08146177381437922,0.6774177823620382,0.6576793441376413,0.9722898439669866,77.40357248516705,0.6931471805579453,0.0,0.0,Train016,10.0
66,0,1,6.944444444444444e-05,0.0,9.711293565239458,0.0,9.710741425052177,0.10355523181831973,9.711293565239458,-7.332783091773525,0.0,0.0,-1.000088900581841e-12,0,0,0.6,4.1666666666666665e-05,0.0,6.198213245966006,0.0,6.197823184453225,0.06945910522908166,6.198213245966006,-2.2478144498686063,2.2204460492503132e-17,0.0,-6.000533403491046e-13,0.2,0.2,Train016,10.0
66,1,0,0.0,0.0,0.0,0.0,0.0,0.0,0.0,0.0,0.0,0.0,0.0,0,0,0.0,0.0,0.0,0.0,0.0,0.0,0.0,0.0,0.0,0.0,0.0,0.0,0.0,0.0,Train016,10.0
66,2,0,0.0,0.0,0.0,0.0,0.0,0.0,0.0,0.0,0.0,0.0,0.0,0,0,0.0,0.0,0.0,0.0,0.0,0.0,0.0,0.0,0.0,0.0,0.0,0.0,0.0,0.0,Train016,10.0
66,3,4,0.0002777777777777778,0.0,8.639526725881264,0.3953684145932351,-4.593859703956211,0.09460620658003052,4.594833763473506,-5.9149708304445525,0.5000671887353216,28.71853375336747,1.3862943611158907,0,0,4.0,0.0002777777777777778,0.2,8.791774417643904,0.6775852317892402,-4.585000759404384,0.256815457244605,4.594850993034721,-1.9421541142153984,0.49915038352195096,30.24962216144113,1.3862943611158907,0.2,0.0,Train016,10.0
66,4,2,0.0001388888888888889,0.0,8.97060984003879,0.16545718092790462,-8.96750938187586,0.23225291219665373,8.970516480630055,-6.083374172375864,1.0410794999748951e-05,67.38398907366222,0.6931471805579453,0,0,2.0,0.0001388888888888889,0.0,9.184008761034367,0.1861818498367601,-9.179342406300346,0.28321130298259184,9.183808141517396,-2.1010486339182224,2.2189008805550968e-05,66.90832564284192,0.6931471805579453,0.0,0.0,Train016,10.0
66,5,2,0.0001388888888888889,0.0,8.419371392393419,0.46197395569595345,-0.460795819779114,-0.4912879879523804,0.6735700963019394,-4.52734780836503,0.9416916219754781,83.19488790530079,0.6931471805579453,0,0,2.0,0.0001388888888888889,0.0,7.980820321534248,0.5648379304872545,-0.5636195237461212,-0.20890977700359334,0.6663344131907618,0.8992365014892008,0.963791990274971,79.10754674570038,0.6931471805579453,0.0,0.0,Train016,10.0
67,0,1,6.944444444444444e-05,0.0,8.881016322047648,0.0,8.880523999032343,0.0935115772902915,8.881016322047648,-8.302772431918104,0.0,0.0,-1.000088900581841e-12,0,0,0.8,5.555555555555556e-05,0.2,7.974416510375536,0.0,7.973927984259693,0.08816142068713996,7.974416510375535,-3.908368936252227,2.2204460492503132e-17,0.0,-8.000711204654728e-13,0.2,0.0,Train016,10.0
67,1,0,0.0,0.0,0.0,0.0,0.0,0.0,0.0,0.0,0.0,0.0,0.0,0,0,0.0,0.0,0.0,0.0,0.0,0.0,0.0,0.0,0.0,0.0,0.0,0.0,0.0,0.0,Train016,10.0
67,2,0,0.0,0.0,0.0,0.0,0.0,0.0,0.0,0.0,0.0,0.0,0.0,0,0,0.0,0.0,0.0,0.0,0.0,0.0,0.0,0.0,0.0,0.0,0.0,0.0,0.0,0.0,Train016,10.0
67,3,4,0.0002777777777777778,0.0,7.9161411240856685,0.39569310779417133,-4.2364329664207245,0.07725074103663856,4.237137235913773,-7.233856017955948,0.500077318667614,28.608330495095924,1.3862943611158907,0,0,4.0,0.0002777777777777778,0.0,8.616736448037289,0.5307266437610062,-4.537629865947682,0.1832950727001622,4.543207934484148,-1.7503796960661475,0.49957716125446616,29.63329959638895,1.3862943611158907,0.0,0.0,Train016,10.0
67,4,2,0.0001388888888888889,0.0,8.23105361713873,0.16605605109209165,-8.228287815547237,0.2101907811424318,8.230972028865144,-7.395562229000587,9.916287490363551e-06,67.41818815454127,0.6931471805579453,0,0,2.0,0.0001388888888888889,0.0,8.982223577682637,0.15705628772306496,-8.978288891849754,0.2581865179684291,8.982074182317614,-2.0178518335172795,1.685420373653823e-05,67.10817086351811,0.6931471805579453,0.0,0.0,Train016,10.0
67,5,2,0.0001388888888888889,0.0,7.766354577465741,0.4185289142833728,-0.41695814622696714,-0.46928567081486594,0.627760413324373,-6.530168149276778,0.939667161481876,83.4224238232541,0.6931471805579453,0,0,2.0,0.0001388888888888889,0.0,8.073834857037673,0.5136199464395677,-0.5128277929875901,-0.32919457241020667,0.6551254071616974,0.9301453550342552,0.9547986026776666,80.83843990349551,0.6931471805579453,0.0,0.0,Train016,10.0
68,0,1,6.944444444444444e-05,0.0,8.063606220366498,0.0,8.063163973003897,0.08445129712017907,8.063606220366498,-8.174101016811495,1.1102230246251565e-16,0.0,-1.000088900581841e-12,0,0,1.0,6.944444444444444e-05,0.2,9.587137754448836,0.0,9.586560778860473,0.10505168011117579,9.587137754448836,-5.543189139614526,4.4408920985006264e-17,0.0,-1.000088900581841e-12,0.2,0.0,Train016,10.0
68,1,0,0.0,0.0,0.0,0.0,0.0,0.0,0.0,0.0,0.0,0.0,0.0,0,0,0.0,0.0,0.0,0.0,0.0,0.0,0.0,0.0,0.0,0.0,0.0,0.0,0.0,0.0,Train016,10.0
68,2,0,0.0,0.0,0.0,0.0,0.0,0.0,0.0,0.0,0.0,0.0,0.0,0,0,0.0,0.0,0.0,0.0,0.0,0.0,0.0,0.0,0.0,0.0,0.0,0.0,0.0,0.0,Train016,10.0
68,3,4,0.0002777777777777778,0.0,7.1923336977379595,0.38183204125520476,-3.8688553533914014,0.06681466541033883,3.8694322509871135,-7.23807426347709,0.5000805495033621,28.58776750054014,1.3862943611158907,0,0,4.0,0.0002777777777777778,0.0,8.461633533686797,0.39880357255648385,-4.487992437857849,0.11534858923026325,4.489681079819013,-1.5510291435049104,0.5000133552966355,29.011414184190944,1.3862943611158907,0.0,0.0,Train016,10.0
68,4,2,0.0001388888888888889,0.0,7.4895264409857845,0.15648185159097938,-7.487039389050257,0.1901525469092018,7.489453705330322,-7.4152717615294605,9.715890814665507e-06,67.43007270467986,0.6931471805579453,0,0,2.0,0.0001388888888888889,0.0,8.795212494319228,0.13007757154859795,-8.79198011979349,0.23429275998711407,8.795109923116444,-1.8701108336340877,1.150386907282641e-05,67.31386417845387,0.6931471805579453,0.0,0.0,Train016,10.0
68,5,2,0.0001388888888888889,0.0,7.082244028125793,0.3788056012314889,-0.37718280112279823,-0.43400516375533016,0.5750020414130121,-6.841105493399486,0.9388315910967039,83.45844198421648,0.6931471805579453,0,0,2.0,0.0001388888888888889,0.0,8.162443764276173,0.4654233688551873,-0.4649915767949455,-0.43990769085798337,0.6445552566019787,0.8860890723849936,0.9455998133138301,82.57877959033024,0.6931471805579453,0.0,0.0,Train016,10.0
69,0,1,6.944444444444444e-05,0.0,9.687050513113844,0.0,9.679836394944331,0.37378471173967315,9.687050513113844,16.234442927473456,1.1102230246251565e-16,0.0,-1.000088900581841e-12,0,0,1.0,6.944444444444444e-05,0.0,9.357507699036852,0.0,9.355641383138789,0.15401743215816407,9.357507699036853,-2.296300554119835,4.4408920985006264e-17,0.0,-1.000088900581841e-12,0.0,0.0,Train016,10.0
69,1,0,0.0,0.0,0.0,0.0,0.0,0.0,0.0,0.0,0.0,0.0,0.0,0,0,0.0,0.0,0.0,0.0,0.0,0.0,0.0,0.0,0.0,0.0,0.0,0.0,0.0,0.0,Train016,10.0
69,2,0,0.0,0.0,0.0,0.0,0.0,0.0,0.0,0.0,0.0,0.0,0.0,0,0,0.0,0.0,0.0,0.0,0.0,0.0,0.0,0.0,0.0,0.0,0.0,0.0,0.0,0.0,Train016,10.0
69,3,3,0.00020833333333333335,-1.0,9.208817112008397,0.4977532734265379,-2.720989953521,0.13470338494883305,2.7243221779148823,20.441003769090724,0.666434987700683,34.061102064914635,1.0986122886651097,0,1,3.8,0.0002638888888888889,-0.2,8.4375684937278,0.409726541069045,-4.057787607382035,0.10053017349460018,4.0592482890402914,-0.18541647431269226,0.5333374859418301,29.809258065359803,1.3287579466257344,0.0,0.2,Train016,10.0
69,4,2,0.0001388888888888889,0.0,9.734915302219205,0.43736567281065497,-9.734203790917354,0.024724606487762313,9.734235190772605,22.453888612334207,7.000441640780952e-05,68.0472593917404,0.6931471805579453,0,0,2.0,0.0001388888888888889,0.0,8.801010491531777,0.212201687405706,-8.798488643511202,0.1827445717809332,8.80080249767764,0.057979972125480825,2.2352052398733056e-05,67.51416067055335,0.6931471805579453,0.0,0.0,Train016,10.0
69,5,2,0.0001388888888888889,0.0,9.361441887834625,0.636051688696071,-0.6357052954496325,-0.10165018191476809,0.64378100480366,22.791978597088324,0.9893509923539932,89.6534437132448,0.6931471805579453,0,0,2.0,0.0001388888888888889,0.0,8.300303611809898,0.48085256978165136,-0.4799080056132725,-0.39350425086659185,0.6427445225883364,1.3785984753372773,0.951266733212405,84.43671547100499,0.6931471805579453,0.0,0.0,Train016,10.0
70,0,1,6.944444444444444e-05,0.0,9.674949649616241,0.0,9.664395806957371,0.45177915962803633,9.674949649616241,-0.12100863497602532,0.0,0.0,-1.000088900581841e-12,0,0,1.0,6.944444444444444e-05,0.0,9.203583254076738,0.0,9.199732319798024,0.22141639551929995,9.203583254076737,-1.5392444496011386,4.4408920985006264e-17,0.0,-1.000088900581841e-12,0.0,0.0,Train016,10.0
70,1,0,0.0,0.0,0.0,0.0,0.0,0.0,0.0,0.0,0.0,0.0,0.0,0,0,0.0,0.0,0.0,0.0,0.0,0.0,0.0,0.0,0.0,0.0,0.0,0.0,0.0,0.0,Train016,10.0
70,2,0,0.0,0.0,0.0,0.0,0.0,0.0,0.0,0.0,0.0,0.0,0.0,0,0,0.0,0.0,0.0,0.0,0.0,0.0,0.0,0.0,0.0,0.0,0.0,0.0,0.0,0.0,Train016,10.0
70,3,3,0.00020833333333333335,0.0,9.362710699378427,0.6779958509143309,-2.5708558169437548,0.1603132570846082,2.575849369025801,1.538935873700294,0.6664174929482021,33.873325905099335,1.0986122886651097,0,0,3.6,0.00025000000000000006,-0.2,8.463905871818344,0.46972853759669597,-3.5981987588466184,0.10673765101208985,3.6003149594630153,0.3186077061826854,0.5666155075110366,30.7698119438035,1.2712215321355782,0.0,0.2,Train016,10.0
70,4,2,0.0001388888888888889,0.0,9.94190623587481,0.5102761609118547,-9.940593212540065,-0.03413945476740242,9.94065183574847,2.069909336556046,0.000126506280204719,68.28036721024594,0.6931471805579453,0,0,2.0,0.0001388888888888889,0.0,8.873602287251463,0.2871273834666971,-8.871526717986153,0.12463627839372948,8.87316584826932,0.725917957196869,4.53107339834613e-05,67.71197530697394,0.6931471805579453,0.0,0.0,Train016,10.0
70,5,2,0.0001388888888888889,0.0,9.604844310916462,0.687897464739514,-0.6879702142583195,0.019673270393488825,0.6882514462568265,2.434024230818377,0.9976961755604822,91.96546723509644,0.6931471805579453,0,0,2.0,0.0001388888888888889,0.0,8.446851239347207,0.51665152492928,-0.5157224553673663,-0.29531114680877113,0.6416730004199622,1.4654762753730814,0.9614475084937067,86.33893293222252,0.6931471805579453,0.0,0.0,Train016,10.0
71,0,1,6.944444444444444e-05,0.0,9.096586620515637,0.0,9.085351673921089,0.4519658236231604,9.096586620515637,-5.783630291006041,0.0,0.0,-1.000088900581841e-12,0,0,1.0,6.944444444444444e-05,0.0,9.080641865131975,0.0,9.074654369571807,0.2910985138802681,9.080641865131973,-1.2294138894476418,4.4408920985006264e-17,0.0,-1.000088900581841e-12,0.0,0.0,Train016,10.0
71,1,0,0.0,0.0,0.0,0.0,0.0,0.0,0.0,0.0,0.0,0.0,0.0,0,0,0.0,0.0,0.0,0.0,0.0,0.0,0.0,0.0,0.0,0.0,0.0,0.0,0.0,0.0,Train016,10.0
71,2,0,0.0,0.0,0.0,0.0,0.0,0.0,0.0,0.0,0.0,0.0,0.0,0,0,0.0,0.0,0.0,0.0,0.0,0.0,0.0,0.0,0.0,0.0,0.0,0.0,0.0,0.0,Train016,10.0
71,3,3,0.00020833333333333335,0.0,8.856164593035514,0.6942059264667363,-2.375597112570737,0.15938458206729622,2.3809378585454914,-5.065461063429145,0.6664257120565122,33.82692759129177,1.0986122886651097,0,0,3.4,0.00023611111111111112,-0.2,8.507233445249193,0.5294960399713962,-3.154546240569524,0.119693326109543,3.157535778477412,0.488509659585767,0.5998872121752747,31.79149071138836,1.2136851176454222,0.0,0.2,Train016,10.0
71,4,2,0.0001388888888888889,0.0,9.428186952763514,0.5056292200308752,-9.42662565603733,-0.05255561474447762,9.426772159742825,-5.137192831112962,0.00015049279309198305,68.36599105051458,0.6931471805579453,0,0,2.0,0.0001388888888888889,0.0,8.965117709796408,0.3551617912872912,-8.963349972818449,0.06767457300550322,8.964416984091873,0.9151542254494494,7.332713360190813e-05,67.90837570234442,0.6931471805579453,0.0,0.0,Train016,10.0
71,5,2,0.0001388888888888889,0.0,9.12386802368,0.6653628775010949,-0.6655798349661755,0.060616564813545604,0.6683344107880397,-4.8097628723646135,0.993081724720235,92.78519097657744,0.6931471805579453,0,0,2.0,0.0001388888888888889,0.0,8.587750565604525,0.5573293092903083,-0.5566792584047786,-0.18493023625558597,0.6406258633171823,1.4089932625731645,0.9717255290426581,88.25699354647784,0.6931471805579453,0.0,0.0,Train016,10.0
72,0,1,6.944444444444444e-05,0.0,8.357025042122228,0.0,8.346199273806835,0.42523550717723757,8.357025042122228,-7.3956157839340975,0.0,0.0,-1.000088900581841e-12,0,0,1.0,6.944444444444444e-05,0.0,8.975843609146889,0.0,8.967789424526705,0.3574432998576573,8.975843609146889,-1.0479825598508405,4.4408920985006264e-17,0.0,-1.000088900581841e-12,0.0,0.0,Train016,10.0
72,1,0,0.0,0.0,0.0,0.0,0.0,0.0,0.0,0.0,0.0,0.0,0.0,0,0,0.0,0.0,0.0,0.0,0.0,0.0,0.0,0.0,0.0,0.0,0.0,0.0,0.0,0.0,Train016,10.0
72,2,0,0.0,0.0,0.0,0.0,0.0,0.0,0.0,0.0,0.0,0.0,0.0,0,0,0.0,0.0,0.0,0.0,0.0,0.0,0.0,0.0,0.0,0.0,0.0,0.0,0.0,0.0,Train016,10.0
72,3,3,0.00020833333333333335,0.0,8.153155606703555,0.6524006333161024,-2.173217964939416,0.1494625277570146,2.1783515258880817,-7.030089863319582,0.6664314484587632,33.81562722992855,1.0986122886651097,0,0,3.2,0.00022222222222222223,-0.2,8.55463634177277,0.5808375450757826,-2.741903240273262,0.1341356834536182,2.745778636472274,0.5292628905130401,0.6331580381335045,32.83295005835489,1.156148703155266,0.0,0.2,Train016,10.0
72,4,2,0.0001388888888888889,0.0,8.694525052911798,0.4742453909269546,-8.692953950196927,-0.05585048242054636,8.693133362409148,-7.336618998517155,0.00016054283874455955,68.39532365065915,0.6931471805579453,0,0,2.0,0.0001388888888888889,0.0,9.057811996951022,0.41679965925426377,-9.056283199748387,0.014466320292907587,9.056849250800672,0.9269428715461359,0.00010345244385274732,68.10380280156798,0.6931471805579453,0.0,0.0,Train016,10.0
72,5,2,0.0001388888888888889,0.0,8.419529551459146,0.6183463353839067,-0.6186012354676138,0.07125404212104808,0.6226914380659544,-7.043384722208557,0.991254611707703,93.03767897876284,0.6931471805579453,0,0,2.0,0.0001388888888888889,0.0,8.718385560403204,0.5972927935104151,-0.5970078762529079,-0.07682229366840314,0.6396120682654985,1.306349947986809,0.9820430190878234,90.18004457757961,0.6931471805579453,0.0,0.0,Train016,10.0
73,0,1,6.944444444444444e-05,0.0,7.605948906805365,0.0,7.595902759689995,0.3907941123758756,7.605948906805365,-7.510761353168629,1.1102230246251565e-16,0.0,-1.000088900581841e-12,0,0,1.0,6.944444444444444e-05,0.0,8.884312146434663,0.0,8.874337181863925,0.4187118629087966,8.884312146434663,-0.9153146271222674,4.4408920985006264e-17,0.0,-1.000088900581841e-12,0.0,0.0,Train016,10.0
73,1,0,0.0,0.0,0.0,0.0,0.0,0.0,0.0,0.0,0.0,0.0,0.0,0,0,0.0,0.0,0.0,0.0,0.0,0.0,0.0,0.0,0.0,0.0,0.0,0.0,0.0,0.0,Train016,10.0
73,2,0,0.0,0.0,0.0,0.0,0.0,0.0,0.0,0.0,0.0,0.0,0.0,0,0,0.0,0.0,0.0,0.0,0.0,0.0,0.0,0.0,0.0,0.0,0.0,0.0,0.0,0.0,Train016,10.0
73,3,3,0.00020833333333333335,0.0,7.425067170060127,0.5947825127326976,-1.9786460446060314,0.13707917403607855,1.9833887339070742,-7.280884366434276,0.6664342640371024,33.81481380686177,1.0986122886651097,0,0,3.0,0.00020833333333333335,-0.2,8.601183036237204,0.6234276393712811,-2.363861378516188,0.14818858517876615,2.368569933056266,0.5207008699216031,0.6664287810402525,33.878359319619214,1.0986122886651097,0.0,0.2,Train016,10.0
73,4,2,0.0001388888888888889,0.0,7.92774371998528,0.4354193875171668,-7.926259414443554,-0.053703792621933734,7.926441345420847,-7.667813329265187,0.00016477771644840544,68.40338447850287,0.6931471805579453,0,0,2.0,0.0001388888888888889,0.0,9.145455452750921,0.47258716643950127,-9.144127204827047,-0.03430494761331952,9.14424677881878,0.8764345579989905,0.0001344648089794953,68.29846515633258,0.6931471805579453,0.0,0.0,Train016,10.0
73,5,2,0.0001388888888888889,0.0,7.679128933214231,0.5656042156123879,-0.5658573844210437,0.07074801258689356,0.5702629751165861,-7.404006182449145,0.9905012119069292,93.07831277955776,0.6931471805579453,0,0,2.0,0.0001388888888888889,0.0,8.837762541420892,0.6346525163865949,-0.634742792912557,0.024128341600041597,0.6386642550062134,1.1937698101768772,0.9923769432498686,92.10401873664786,0.6931471805579453,0.0,0.0,Train016,10.0
74,0,1,6.944444444444444e-05,0.0,9.275954526287245,0.0,9.253043250286204,0.6515542817614927,9.275954526287245,16.700056194818806,0.0,0.0,-1.000088900581841e-12,0,0,1.0,6.944444444444444e-05,0.0,8.802092949069344,0.0,8.7889785529323,0.4742657769131605,8.802092949069342,-0.8221919736531973,2.2204460492503132e-17,0.0,-1.000088900581841e-12,0.0,0.0,Train016,10.0
74,1,0,0.0,0.0,0.0,0.0,0.0,0.0,0.0,0.0,0.0,0.0,0.0,0,0,0.0,0.0,0.0,0.0,0.0,0.0,0.0,0.0,0.0,0.0,0.0,0.0,0.0,0.0,Train016,10.0
74,2,0,0.0,0.0,0.0,0.0,0.0,0.0,0.0,0.0,0.0,0.0,0.0,0,0,0.0,0.0,0.0,0.0,0.0,0.0,0.0,0.0,0.0,0.0,0.0,0.0,0.0,0.0,Train016,10.0
74,3,3,0.00020833333333333335,0.0,9.30627181308192,0.5833183677048908,-2.564395960260626,0.3230893285544399,2.5846689063063333,18.812046430217947,0.6646759743554297,33.621508678243,1.0986122886651097,0,0,3.0,0.00020833333333333335,0.0,8.620673976451908,0.6405406582269515,-2.3325425798641133,0.1858657738998875,2.3406392787345562,0.19490940214704794,0.6660769783712019,33.790440642284885,1.0986122886651097,0.0,0.0,Train016,10.0
74,4,2,0.0001388888888888889,0.0,10.289964565668246,0.5463354181997664,-10.285986674461682,0.24474920298558045,10.288898096471039,23.622208456829657,0.00010393468257119398,68.79780595984762,0.6931471805579453,0,0,2.0,0.0001388888888888889,0.0,9.25646530544073,0.49438111551732355,-9.254483781535912,0.009699971686244108,9.255179359958467,1.1100985268980808,0.0001412508622121722,68.44857446995404,0.6931471805579453,0.0,0.0,Train016,10.0
74,5,2,0.0001388888888888889,0.0,8.888351177482338,0.3626963580430491,-0.36694773193305785,0.21367692685906894,0.4246274449947285,12.092222442681075,0.9751359590100296,97.21340335481482,0.6931471805579453,0,0,2.0,0.0001388888888888889,0.0,8.743144399350436,0.5799814502559906,-0.5809912802092421,0.087193763354809,0.594833543044427,-0.9461814207045723,0.9895339365810758,93.61601066496186,0.6931471805579453,0.0,0.0,Train016,10.0
75,0,1,6.944444444444444e-05,0.0,9.307011426321855,0.0,9.280391638469464,0.7034150455539377,9.307011426321855,0.31056900034609924,0.0,0.0,-1.000088900581841e-12,0,0,1.0,6.944444444444444e-05,0.0,8.728505304410465,0.0,8.712177719234719,0.5245929540983407,8.728505304410465,-0.7358764465887724,2.2204460492503132e-17,0.0,-1.000088900581841e-12,0.0,0.0,Train016,10.0
75,1,0,0.0,0.0,0.0,0.0,0.0,0.0,0.0,0.0,0.0,0.0,0.0,0,0,0.0,0.0,0.0,0.0,0.0,0.0,0.0,0.0,0.0,0.0,0.0,0.0,0.0,0.0,Train016,10.0
75,2,0,0.0,0.0,0.0,0.0,0.0,0.0,0.0,0.0,0.0,0.0,0.0,0,0,0.0,0.0,0.0,0.0,0.0,0.0,0.0,0.0,0.0,0.0,0.0,0.0,0.0,0.0,Train016,10.0
75,3,4,0.0002777777777777778,1.0,9.821208040645999,0.8839865030938268,-4.727755817057169,0.4241569205172723,4.746744585391191,1.3242918486755428,0.4983212330120057,33.99495239426461,1.3862943611158907,1,0,3.2,0.00022222222222222223,0.2,8.712373444705424,0.6817387886628508,-2.7639225798867963,0.23863450658642033,2.774818322007634,0.1519805971420977,0.6324577263839626,33.81476594011794,1.156148703155266,0.2,0.0,Train016,10.0
75,4,1,6.944444444444444e-05,-1.0,9.950924777051288,0.0,-9.950635747478639,0.07584286079429546,9.950924777051288,2.0729562958280923,0.0,0.0,-1.000088900581841e-12,0,1,1.8,0.000125,-0.2,9.258269013676024,0.3923258833349526,-9.256492288523626,0.03169643479858368,9.257233948219028,1.11070791875249,0.0001159496061712284,54.792501027904834,0.5545177444461563,0.0,0.2,Train016,10.0
75,5,2,0.0001388888888888889,0.0,8.785172205803697,0.2701238780499704,-0.27630468047388934,0.25068933315329,0.3730809807650603,-1.0317897167864132,0.9706939066656287,98.73335563764391,0.6931471805579453,0,0,2.0,0.0001388888888888889,0.0,8.579209978327883,0.4964267329180818,-0.498658173452356,0.13339697590676924,0.5317994499460739,-1.6393442102255302,0.9841334828021051,94.96958834547135,0.6931471805579453,0.0,0.0,Train016,10.0
76,0,1,6.944444444444444e-05,0.0,8.767991612124307,0.0,8.741595905109358,0.679836702493714,8.767991612124307,-5.390198141975482,0.0,0.0,-1.000088900581841e-12,0,0,1.0,6.944444444444444e-05,0.0,8.6627863027322,0.0,8.643426565472371,0.5701671298724516,8.6627863027322,-0.6571900167826605,2.2204460492503132e-17,0.0,-1.000088900581841e-12,0.0,0.0,Train016,10.0
76,1,0,0.0,0.0,0.0,0.0,0.0,0.0,0.0,0.0,0.0,0.0,0.0,0,0,0.0,0.0,0.0,0.0,0.0,0.0,0.0,0.0,0.0,0.0,0.0,0.0,0.0,0.0,Train016,10.0
76,2,0,0.0,0.0,0.0,0.0,0.0,0.0,0.0,0.0,0.0,0.0,0.0,0,0,0.0,0.0,0.0,0.0,0.0,0.0,0.0,0.0,0.0,0.0,0.0,0.0,0.0,0.0,Train016,10.0
76,3,4,0.0002777777777777778,0.0,9.28669607769934,0.8523463051096157,-4.4850951778612025,0.4269257397332493,4.505368391343886,-5.345119629466573,0.4981576339884787,34.059834626472124,1.3862943611158907,0,0,3.4,0.00023611111111111112,0.2,8.798479741638188,0.7133668643914267,-3.1858221929448893,0.29214273811961095,3.1997044285673133,0.09604888393461213,0.5988041107703559,33.861347347154016,1.2136851176454222,0.2,0.0,Train016,10.0
76,4,1,6.944444444444444e-05,0.0,9.436666084406399,0.0,-9.436416784254277,0.06859345763396127,9.436666084406399,-5.142586926448889,0.0,0.0,-1.000088900581841e-12,0,0,1.6,0.00011111111111111112,-0.2,9.259964840004603,0.2912000393287776,-9.258450514167015,0.05592624927427146,9.259212733151744,1.1096290996853047,8.585104755283179e-05,41.11930281780193,0.4158883083343672,0.0,0.2,Train016,10.0
76,5,2,0.0001388888888888889,0.0,8.23192692548383,0.22200153040572435,-0.2285725012481561,0.24876573244578465,0.33783099023938884,-5.532452803198664,0.9690546743422057,99.25474243799293,0.6931471805579453,0,0,2.0,0.0001388888888888889,0.0,8.400821758688647,0.4077544634990077,-0.41125670670875214,0.17102680943321705,0.46569876583634356,-1.7838821963923404,0.9793280727264992,96.26349863775445,0.6931471805579453,0.0,0.0,Train016,10.0
77,0,1,6.944444444444444e-05,0.0,8.063369381249604,0.0,8.03860128137347,0.6315181846743783,8.063369381249604,-7.04622230874703,0.0,0.0,-1.000088900581841e-12,0,0,1.0,6.944444444444444e-05,0.0,8.604055170557675,0.0,8.581906966985699,0.6114236653718796,8.604055170557675,-0.587311321745247,2.2204460492503132e-17,0.0,-1.000088900581841e-12,0.0,0.0,Train016,10.0
77,1,0,0.0,0.0,0.0,0.0,0.0,0.0,0.0,0.0,0.0,0.0,0.0,0,0,0.0,0.0,0.0,0.0,0.0,0.0,0.0,0.0,0.0,0.0,0.0,0.0,0.0,0.0,Train016,10.0
77,2,0,0.0,0.0,0.0,0.0,0.0,0.0,0.0,0.0,0.0,0.0,0.0,0,0,0.0,0.0,0.0,0.0,0.0,0.0,0.0,0.0,0.0,0.0,0.0,0.0,0.0,0.0,Train016,10.0
77,3,4,0.0002777777777777778,0.0,8.552729500784814,0.791187260590724,-4.138060103632171,0.4026397009721323,4.157602692666919,-7.3396657691452765,0.49809160618465553,34.08214915623566,1.3862943611158907,0,0,3.6,0.00025,0.2,8.878394520454439,0.741124189846351,-3.57879062068344,0.3427781727626345,3.5955546619230807,0.03413370276947329,0.5651361423155343,33.91465173241543,1.2712215321355782,0.2,0.0,Train016,10.0
77,4,1,6.944444444444444e-05,0.0,8.702302692282638,0.0,-8.702081564894877,0.06203697305946158,8.702302692282638,-7.343633921237611,1.1102230246251565e-16,0.0,-1.000088900581841e-12,0,0,1.4,9.722222222222222e-05,-0.2,9.26152036787877,0.19635096114338663,-9.260276037106607,0.07950374037027305,9.261046599126441,1.1082261151412134,5.374247980394209e-05,27.4402380876701,0.27725887222257806,0.0,0.2,Train016,10.0
77,5,2,0.0001388888888888889,0.0,7.555015556031987,0.19221221467058225,-0.1985433074906835,0.23344369140130178,0.306456199161326,-6.769113694518438,0.9683970344028274,99.39869662136877,0.6931471805579453,0,0,2.0,0.0001388888888888889,0.0,8.227918959603217,0.3225276393563428,-0.3272451211133661,0.2034647392892678,0.4024517180554179,-1.729027990854317,0.974756557265524,97.53570216627563,0.6931471805579453,0.0,0.0,Train016,10.0
78,0,1,6.944444444444444e-05,0.0,7.343093519563806,0.0,7.320350409543391,0.5774879380193826,7.343093519563806,-7.202758616857983,0.0,0.0,-1.000088900581841e-12,0,0,1.0,6.944444444444444e-05,0.0,8.551484093109362,0.0,8.526796496956377,0.6487624305005811,8.551484093109362,-0.5257107744831178,0.0,0.0,-1.000088900581841e-12,0.0,0.0,Train016,10.0
78,1,0,0.0,0.0,0.0,0.0,0.0,0.0,0.0,0.0,0.0,0.0,0.0,0,0,0.0,0.0,0.0,0.0,0.0,0.0,0.0,0.0,0.0,0.0,0.0,0.0,0.0,0.0,Train016,10.0
78,2,0,0.0,0.0,0.0,0.0,0.0,0.0,0.0,0.0,0.0,0.0,0.0,0,0,0.0,0.0,0.0,0.0,0.0,0.0,0.0,0.0,0.0,0.0,0.0,0.0,0.0,0.0,Train016,10.0
78,3,4,0.0002777777777777778,0.0,7.793182033400911,0.7231349595355892,-3.7748372707669966,0.3704265986836845,3.7929687957830596,-7.595474673839027,0.49806417434720096,34.08527245377697,1.3862943611158907,0,0,3.8,0.00026388888888888886,0.2,8.952017493122597,0.7667946792069293,-3.9380288659156335,0.38944765769215567,3.9574706742982775,-0.028784358711476797,0.5314621243775541,33.96874346179847,1.3287579466257344,0.2,0.0,Train016,10.0
78,4,1,6.944444444444444e-05,0.0,7.934817807311346,0.0,-7.93461943757611,0.05610718371653467,7.934817807311346,-7.674848849712923,0.0,0.0,-1.000088900581841e-12,0,0,1.2,8.333333333333333e-05,-0.2,9.262935185343983,0.10926708363995327,-9.261948041733117,0.10146593563796673,9.262721891504542,1.106819011051666,2.0786936514261e-05,13.759561191969524,0.13862943611078898,0.0,0.2,Train016,10.0
78,5,2,0.0001388888888888889,0.0,6.8750550746589045,0.17054977652017778,-0.17642647495871477,0.214374664444994,0.27763788974536924,-6.799604813730826,0.9681244216339754,99.40317122628969,0.6931471805579453,0,0,2.0,0.0001388888888888889,0.0,8.067104187892152,0.24351675153790078,-0.2493589392209003,0.2321900696608879,0.3439267009811745,-1.6081477171106529,0.9702811992109334,98.80067385562202,0.6931471805579453,0.0,0.0,Train016,10.0
79,0,1,6.944444444444444e-05,0.0,9.002331277458008,0.0,8.999401204440172,0.22966582379517209,9.002331277458008,16.592377578942028,0.0,0.0,-1.000088900581841e-12,0,0,1.0,6.944444444444444e-05,0.0,8.496759443343516,0.0,8.476068087787173,0.5643847389073169,8.496759443343516,-0.5472464976584732,0.0,0.0,-1.000088900581841e-12,0.0,0.0,Train016,10.0
79,1,0,0.0,0.0,0.0,0.0,0.0,0.0,0.0,0.0,0.0,0.0,0.0,0,0,0.0,0.0,0.0,0.0,0.0,0.0,0.0,0.0,0.0,0.0,0.0,0.0,0.0,0.0,Train016,10.0
79,2,0,0.0,0.0,0.0,0.0,0.0,0.0,0.0,0.0,0.0,0.0,0.0,0,0,0.0,0.0,0.0,0.0,0.0,0.0,0.0,0.0,0.0,0.0,0.0,0.0,0.0,0.0,Train016,10.0
79,3,2,0.0001388888888888889,-2.0,9.325852306325363,0.1496431658686399,-9.315074295626626,0.058127648897077555,9.315255657071909,14.832743408587708,0.0011365588412941552,97.53588069033948,0.6931471805579453,0,2,3.6,0.00024999999999999995,-0.2,8.955933591771284,0.6800596388396791,-5.288164532988833,0.3364553217606832,5.303588024451393,-0.8246449630375242,0.39875424127472703,46.75161786421777,1.2476649250043015,0.2,0.4,Train016,10.0
79,4,2,0.0001388888888888889,1.0,9.301072119047443,0.32962184138871375,-9.297569155364046,-0.2552344906831921,9.30107181157157,18.108607898022306,3.309968210629677e-08,54.41416043257454,0.6931471805579453,1,0,1.2,8.333333333333333e-05,0.0,9.065156696019823,0.06592436827774276,-9.06426453791359,0.0014691969042122221,9.06515663452465,0.004098899290195845,6.619936443463814e-09,10.882832086514908,0.13862943611078898,0.2,0.2,Train016,10.0
79,5,1,6.944444444444444e-05,-1.0,7.551719221870062,0.0,7.543019449104095,0.3623821137958112,7.551719221870062,8.472139237313359,0.0,0.0,-1.000088900581841e-12,0,1,1.8,0.000125,-0.2,7.799777796769696,0.17097747992929097,1.3326344969865302,0.2619311070482363,1.7693450563562414,-2.3321643581841967,0.7752540074089275,79.35799318465907,0.5545177444461562,0.0,0.2,Train016,10.0
80,0,1,6.944444444444444e-05,0.0,9.051482641364036,0.0,9.050979135374405,0.09547092715401678,9.051482641364036,0.49151363906027257,0.0,0.0,-1.000088900581841e-12,0,0,1.0,6.944444444444444e-05,0.0,8.445653686351951,0.0,8.43018558716816,0.44279591522733275,8.445653686351951,-0.5110575699156386,0.0,0.0,-1.000088900581841e-12,0.0,0.0,Train016,10.0
80,1,0,0.0,0.0,0.0,0.0,0.0,0.0,0.0,0.0,0.0,0.0,0.0,0,0,0.0,0.0,0.0,0.0,0.0,0.0,0.0,0.0,0.0,0.0,0.0,0.0,0.0,0.0,Train016,10.0
80,2,0,0.0,0.0,0.0,0.0,0.0,0.0,0.0,0.0,0.0,0.0,0.0,0,0,0.0,0.0,0.0,0.0,0.0,0.0,0.0,0.0,0.0,0.0,0.0,0.0,0.0,0.0,Train016,10.0
80,3,2,0.0001388888888888889,0.0,9.295360330692894,0.15073635246532646,-9.280874470034664,-0.05905687921576799,9.281062366104644,-0.3049197563246775,0.0015385878415522525,98.16300773846476,0.6931471805579453,0,0,3.2,0.00022222222222222223,-0.4,8.850764049780665,0.5334096087139791,-6.198788263584332,0.23981256181407518,6.210451580594084,-1.1504872840375682,0.2993977122406363,59.585228933057806,1.1090354888927125,0.0,0.4,Train016,10.0
80,4,2,0.0001388888888888889,0.0,9.383412896986808,0.5786033620084954,-9.377104321570826,-0.343850954897216,9.383406574203528,0.823407779393639,6.763973720014249e-07,53.79589119596161,0.6931471805579453,0,0,1.4,9.722222222222222e-05,0.2,8.951654320006927,0.18164504067944182,-8.949558252732027,-0.08246956623409007,8.951652993955097,-0.2458108039966948,1.4189941084374879e-07,21.64201032570723,0.27725887222257806,0.2,0.0,Train016,10.0
80,5,1,6.944444444444444e-05,0.0,7.401058698265997,0.0,7.393756263882029,0.32869159630881695,7.401058698265997,-1.5066052360406523,0.0,0.0,-1.000088900581841e-12,0,0,1.6,0.00011111111111111112,-0.2,7.522955095262157,0.11695270431929687,2.866646685857714,0.27753155967934173,3.1749405998564284,-2.4271274620350445,0.5811152260758017,59.611322057130266,0.4158883083343672,0.0,0.2,Train016,10.0
81,0,1,6.944444444444444e-05,0.0,8.535234716358298,0.0,8.535124937827822,0.043289248059165855,8.535234716358298,-5.162479250057377,1.1102230246251565e-16,0.0,-1.000088900581841e-12,0,0,1.0,6.944444444444444e-05,0.0,8.39910230719875,0.0,8.388891393711852,0.31548642434042307,8.39910230719875,-0.4655137915320175,2.2204460492503132e-17,0.0,-1.000088900581841e-12,0.0,0.0,Train016,10.0
81,1,0,0.0,0.0,0.0,0.0,0.0,0.0,0.0,0.0,0.0,0.0,0.0,0,0,0.0,0.0,0.0,0.0,0.0,0.0,0.0,0.0,0.0,0.0,0.0,0.0,0.0,0.0,Train016,10.0
81,2,0,0.0,0.0,0.0,0.0,0.0,0.0,0.0,0.0,0.0,0.0,0.0,0,0,0.0,0.0,0.0,0.0,0.0,0.0,0.0,0.0,0.0,0.0,0.0,0.0,0.0,0.0,Train016,10.0
81,3,2,0.0001388888888888889,0.0,8.737554636046422,0.24642793426377985,-8.72224587370619,-0.09624046853668242,8.722776811839726,-5.57805694646472,0.0016926472939433612,98.40129338603545,0.6931471805579453,0,0,2.8,0.00019444444444444443,-0.4,8.74093576145008,0.4122259345448119,-7.04621840275333,0.13517932016008882,7.053933264693251,-1.1970747474371977,0.20010471490172926,72.45352068497047,0.9704060527811235,0.0,0.4,Train016,10.0
81,4,2,0.0001388888888888889,0.0,8.85941426757855,0.6308681952066832,-8.852310726835327,-0.3543472107691239,8.859399931723573,-5.239986294082586,1.6263962592244496e-06,53.56404357806248,0.6931471805579453,0,0,1.6,0.00011111111111111112,0.2,8.83620395664136,0.3078186797207785,-8.832737041248237,-0.16705769991470712,8.83619976341853,-0.2652906775234342,4.6717866268863873e-07,32.35481904131973,0.4158883083343672,0.2,0.0,Train016,10.0
81,5,1,6.944444444444444e-05,0.0,6.912811170945436,0.0,6.906400677340497,0.2976373114694013,6.912811170945436,-4.882475273205609,1.1102230246251565e-16,0.0,-1.000088900581841e-12,0,0,1.4,9.722222222222222e-05,-0.2,7.259131944354477,0.072552398238152,4.2936413215754445,0.28730587548406505,4.489936635997639,-2.2971319560364334,0.3873042912073606,39.760373569531694,0.27725887222257806,0.0,0.2,Train016,10.0
82,0,1,6.944444444444444e-05,0.0,7.85296873160244,0.0,7.852936113165734,0.022634090727787277,7.85296873160244,-6.822659847558583,0.0,0.0,-1.000088900581841e-12,0,0,1.0,6.944444444444444e-05,0.0,8.357022177269318,0.0,8.351758360070306,0.19370960555110492,8.357022177269318,-0.42080129929432813,2.2204460492503132e-17,0.0,-1.000088900581841e-12,0.0,0.0,Train016,10.0
82,1,0,0.0,0.0,0.0,0.0,0.0,0.0,0.0,0.0,0.0,0.0,0.0,0,0,0.0,0.0,0.0,0.0,0.0,0.0,0.0,0.0,0.0,0.0,0.0,0.0,0.0,0.0,Train016,10.0
82,2,0,0.0,0.0,0.0,0.0,0.0,0.0,0.0,0.0,0.0,0.0,0.0,0,0,0.0,0.0,0.0,0.0,0.0,0.0,0.0,0.0,0.0,0.0,0.0,0.0,0.0,0.0,Train016,10.0
82,3,2,0.0001388888888888889,0.0,8.029292136787642,0.2651442643057935,-8.014547645852671,-0.1034727596315464,8.015215566635021,-7.082624992587787,0.0017550675853003073,98.49048677119593,0.6931471805579453,0,0,2.4,0.00016666666666666666,-0.4,8.636248288650645,0.30701733528782577,-7.821515911197428,0.03395682803935307,7.825455839486873,-1.1456665921256999,0.10083740718185821,85.33518820796253,0.8317766166695344,0.0,0.4,Train016,10.0
82,4,2,0.0001388888888888889,0.0,8.15570286512429,0.6118333159476848,-8.148715040909394,-0.3371154926946346,8.155685358898891,-7.0371140245425945,2.158649724193218e-06,53.47995161462319,0.6931471805579453,0,0,1.8,0.000125,0.2,8.726883991209686,0.4301853429103154,-8.72206373645114,-0.24688819306552637,8.726876296741782,-0.20398669818443088,8.989086075050779e-07,43.050809364244365,0.5545177444461562,0.2,0.0,Train016,10.0
82,5,1,6.944444444444444e-05,0.0,6.336154850846563,0.0,6.330428195091336,0.26932723720239127,6.336154850846563,-5.766563200988735,0.0,0.0,-1.000088900581841e-12,0,0,1.2,8.333333333333333e-05,-0.2,7.015359803317392,0.03410995530403556,5.599435622091849,0.29448258464428295,5.695876366334685,-2.0966218573304927,0.1936248843267951,19.880634245257937,0.13862943611078898,0.0,0.2,Train016,10.0
83,0,1,6.944444444444444e-05,0.0,7.153338012229518,0.0,7.1533240493417765,0.014133729738447882,7.153338012229518,-6.996307193729221,0.0,0.0,-1.000088900581841e-12,0,0,1.0,6.944444444444444e-05,0.0,8.319071075802459,0.0,8.318353088029983,0.08103876389491797,8.319071075802459,-0.3795110146685758,2.2204460492503132e-17,0.0,-1.000088900581841e-12,0.0,0.0,Train016,10.0
83,1,0,0.0,0.0,0.0,0.0,0.0,0.0,0.0,0.0,0.0,0.0,0.0,0,0,0.0,0.0,0.0,0.0,0.0,0.0,0.0,0.0,0.0,0.0,0.0,0.0,0.0,0.0,Train016,10.0
83,2,0,0.0,0.0,0.0,0.0,0.0,0.0,0.0,0.0,0.0,0.0,0.0,0,0,0.0,0.0,0.0,0.0,0.0,0.0,0.0,0.0,0.0,0.0,0.0,0.0,0.0,0.0,Train016,10.0
83,3,2,0.0001388888888888889,0.0,7.310503003258206,0.25601118538372614,-7.296815121162441,-0.09988584230558747,7.297498756006605,-7.187891335294374,0.0017810305473298094,98.52267171832598,0.6931471805579453,0,0,2.0,0.0001388888888888889,-0.4,8.539712482622106,0.21359258045745316,-8.52591148127652,-0.060105660158501314,8.526361831531581,-1.0641499244167694,0.001580778421883977,98.22266806087232,0.6931471805579453,0.0,0.4,Train016,10.0
83,4,2,0.0001388888888888889,0.0,7.4310587346209935,0.5691840210888852,-7.424518601340291,-0.31127657978144463,7.431040947994328,-7.246441305032967,2.4076776260484323e-06,53.45208827691465,0.6931471805579453,0,0,2.0,0.0001388888888888889,0.2,8.626132176671616,0.5440221471280925,-8.620043569203975,-0.3203649457651222,8.626120924878379,-0.11830518924843965,1.3804441327147643e-06,53.741227019627296,0.6931471805579453,0.2,0.0,Train016,10.0
83,5,1,6.944444444444444e-05,0.0,5.762785835820088,0.0,5.757633325517063,0.24363718604505713,5.762785835820088,-5.7336901502647475,1.1102230246251565e-16,0.0,-1.000088900581841e-12,0,0,1.0,6.944444444444444e-05,-0.2,6.79290595554963,0.0,6.786247582187004,0.3003350889642956,6.79290595554963,-1.8834389246372765,4.4408920985006264e-17,0.0,-1.000088900581841e-12,0.0,0.2,Train016,10.0
84,0,1,6.944444444444444e-05,0.0,9.730818290516389,0.0,9.730812784724353,0.010351410211751717,9.730818290516389,25.77480278286871,0.0,0.0,-1.000088900581841e-12,0,0,1.0,6.944444444444444e-05,0.0,8.464768478414138,0.0,8.464635404086817,0.03717588117823391,8.464768478414136,1.456974026116761,2.2204460492503132e-17,0.0,-1.000088900581841e-12,0.0,0.0,Train016,10.0
84,1,0,0.0,0.0,0.0,0.0,0.0,0.0,0.0,0.0,0.0,0.0,0.0,0,0,0.0,0.0,0.0,0.0,0.0,0.0,0.0,0.0,0.0,0.0,0.0,0.0,0.0,0.0,Train016,10.0
84,2,1,6.944444444444444e-05,1.0,0.0,0.0,0.0,0.0,0.0,0.0,0.0,0.0,-1.000088900581841e-12,1,0,0.2,1.388888888888889e-05,0.2,0.0,0.0,0.0,0.0,0.0,0.0,0.0,0.0,-2.000177801163682e-13,0.2,0.0,Train016,10.0
84,3,4,0.0002777777777777778,2.0,9.733203645578483,0.30327666800725256,-4.78747940000806,0.11392433283782755,4.788834697409598,22.630669670872237,0.5004485301698454,33.48657613770432,1.3862943611158907,2,0,2.4,0.00016666666666666666,0.4,8.62118275047273,0.24431928088517568,-7.620392502152806,-0.048946323370351326,7.621077639599119,0.49543532804013635,0.10144317268759422,85.41280715034529,0.8317766166695344,0.4,0.0,Train016,10.0
84,4,2,0.0001388888888888889,0.0,9.848977470214841,0.647869278756402,-9.828548120499615,-0.4312449615644345,9.838004389806464,24.17918735593848,0.001118978556771344,53.13713653343872,0.6931471805579453,0,0,2.0,0.0001388888888888889,0.0,8.735713246905096,0.6076716346016301,-8.726239362231091,-0.3555670399413707,8.733507440525356,1.095810702334795,0.00022516953555056228,53.48582223980013,0.6931471805579453,0.0,0.0,Train016,10.0
84,5,1,6.944444444444444e-05,0.0,7.873665493143788,0.0,7.870581013164685,0.22036971918748344,7.873665493143788,21.108796573237,1.1102230246251565e-16,0.0,-1.000088900581841e-12,0,0,1.0,6.944444444444444e-05,0.0,6.8572952098043745,0.0,6.851759894999122,0.27193261004263003,6.8572952098043745,0.6438925425474522,6.661338147750939e-17,0.0,-1.000088900581841e-12,0.0,0.0,Train016,10.0
85,0,1,6.944444444444444e-05,0.0,10.051618152585343,0.0,10.05161461843224,0.008428991782414264,10.051618152585343,3.2079986206895406,1.1102230246251565e-16,0.0,-1.000088900581841e-12,0,0,1.0,6.944444444444444e-05,0.0,8.664795580658398,0.0,8.664762500698384,0.0197674941039134,8.664795580658396,2.0002710224426146,4.4408920985006264e-17,0.0,-1.000088900581841e-12,0.0,0.0,Train016,10.0
85,1,0,0.0,0.0,0.0,0.0,0.0,0.0,0.0,0.0,0.0,0.0,0.0,0,0,0.0,0.0,0.0,0.0,0.0,0.0,0.0,0.0,0.0,0.0,0.0,0.0,0.0,0.0,Train016,10.0
85,2,1,6.944444444444444e-05,0.0,0.0,0.0,0.0,0.0,0.0,0.0,0.0,0.0,-1.000088900581841e-12,0,0,0.4,2.777777777777778e-05,0.2,0.0,0.0,0.0,0.0,0.0,0.0,0.0,0.0,-4.000355602327364e-13,0.2,0.0,Train016,10.0
85,3,4,0.0002777777777777778,0.0,9.634899964004914,0.42610151301296856,-4.908743606058807,0.14901667172974967,4.911004964208103,-0.9830368157356784,0.5003152580519976,33.31090755211384,1.3862943611158907,0,0,2.8,0.00019444444444444443,0.4,8.689090677135134,0.29939231299470415,-6.745966329357634,-0.007331613181247793,6.74706615921981,0.3598119161579362,0.2011985067296833,72.4423871130751,0.9704060527811235,0.4,0.0,Train016,10.0
85,4,2,0.0001388888888888889,0.0,10.111138940090978,0.636559951041705,-10.083817911100946,-0.44747283866605947,10.093741407703295,2.6216146987613698,0.0017274831092982668,53.02632146516887,0.6931471805579453,0,0,2.0,0.0001388888888888889,0.0,8.881258455525932,0.619262952408272,-8.867582080137115,-0.3762914166951393,8.87557440722531,1.455452086208341,0.0005705308779358154,53.33190829364158,0.6931471805579453,0.0,0.0,Train016,10.0
85,5,1,6.944444444444444e-05,0.0,8.142619459767435,0.0,8.140179712510106,0.1993136087230723,8.142619459767435,2.689539666236467,0.0,0.0,-1.000088900581841e-12,0,0,1.0,6.944444444444444e-05,0.0,7.005607362104662,0.0,7.001044584724738,0.24605701252548112,7.005607362104662,1.4831215230028758,6.661338147750939e-17,0.0,-1.000088900581841e-12,0.0,0.0,Train016,10.0
86,0,1,6.944444444444444e-05,0.0,9.570570472999446,0.0,9.570567715407813,0.007265221435404784,9.570570472999446,-4.810476795858971,0.0,0.0,-1.000088900581841e-12,0,0,1.0,6.944444444444444e-05,0.0,8.871862731986628,0.0,8.871851056214384,0.012562688779161186,8.871862731986628,2.0706715132822957,2.2204460492503132e-17,0.0,-1.000088900581841e-12,0.0,0.0,Train016,10.0
86,1,0,0.0,0.0,0.0,0.0,0.0,0.0,0.0,0.0,0.0,0.0,0.0,0,0,0.0,0.0,0.0,0.0,0.0,0.0,0.0,0.0,0.0,0.0,0.0,0.0,0.0,0.0,Train016,10.0
86,2,1,6.944444444444444e-05,0.0,0.0,0.0,0.0,0.0,0.0,0.0,0.0,0.0,-1.000088900581841e-12,0,0,0.6,4.1666666666666665e-05,0.2,0.0,0.0,0.0,0.0,0.0,0.0,0.0,0.0,-6.000533403491046e-13,0.2,0.0,Train016,10.0
86,3,4,0.0002777777777777778,0.0,9.043716780264209,0.48910083000911264,-4.661655385729717,0.15271498632626512,4.664156172594515,-5.911831837407067,0.5002723032348186,33.25249592893617,1.3862943611158907,0,0,3.2,0.00022222222222222223,0.4,8.75032310597869,0.3479268921437707,-5.933848231762339,0.04245947779134172,5.9353420313707685,0.29305693796946686,0.3009144379178584,59.41262762165525,1.1090354888927128,0.4,0.0,Train016,10.0
86,4,2,0.0001388888888888889,0.0,9.606784200124956,0.5950990201857254,-9.578377030662072,-0.42674421723404377,9.587878658413313,-5.043547399660238,0.0019755246414454586,52.9891653914466,0.6931471805579453,0,0,2.0,0.0001388888888888889,0.0,9.03073244203521,0.6121091174040805,-9.012795340902464,-0.39077081798812335,9.021270152563257,1.4947398650928108,0.0009653105269730622,53.216932656318406,0.6931471805579453,0.0,0.0,Train016,10.0
86,5,1,6.944444444444444e-05,0.0,7.756303825837498,0.0,7.754208758203058,0.180265284812119,7.756303825837498,-3.8631563392993673,0.0,0.0,-1.000088900581841e-12,0,0,1.0,6.944444444444444e-05,0.0,7.1743058930830745,0.0,7.170606200897249,0.22258260719402462,7.1743058930830745,1.686985309784124,4.4408920985006264e-17,0.0,-1.000088900581841e-12,0.0,0.0,Train016,10.0
87,0,1,6.944444444444444e-05,0.0,8.839684056917354,0.0,8.83968171592869,0.006433288029994662,8.839684056917354,-7.308864160820914,1.1102230246251565e-16,0.0,-1.000088900581841e-12,0,0,1.0,6.944444444444444e-05,0.0,9.069205797049609,0.0,9.069200176766975,0.009322528239602662,9.069205797049609,1.9734306506298296,4.4408920985006264e-17,0.0,-1.000088900581841e-12,0.0,0.0,Train016,10.0
87,1,0,0.0,0.0,0.0,0.0,0.0,0.0,0.0,0.0,0.0,0.0,0.0,0,0,0.0,0.0,0.0,0.0,0.0,0.0,0.0,0.0,0.0,0.0,0.0,0.0,0.0,0.0,Train016,10.0
87,2,1,6.944444444444444e-05,0.0,0.0,0.0,0.0,0.0,0.0,0.0,0.0,0.0,-1.000088900581841e-12,0,0,0.8,5.555555555555556e-05,0.2,0.0,0.0,0.0,0.0,0.0,0.0,0.0,0.0,-8.000711204654728e-13,0.2,0.0,Train016,10.0
87,3,4,0.0002777777777777778,0.0,8.305198389418903,0.48483584750466185,-4.30145993571068,0.14500005009208256,4.303903181189237,-7.385183908453044,0.5002559119214458,33.2323911235909,1.3862943611158907,0,0,3.6,0.00025,0.4,8.805504356504944,0.39186520878354436,-5.191230689733942,0.0921540397360675,5.193079554281612,0.2325451547964157,0.4006146067850874,46.361008492134246,1.2476649250043017,0.4,0.0,Train016,10.0
87,4,2,0.0001388888888888889,0.0,8.865876861879876,0.5456496467909693,-8.838725571312251,-0.394411871111939,8.847521147137378,-7.4090733824507815,0.0020782579553751956,52.979217458539935,0.6931471805579453,0,0,2.0,0.0001388888888888889,0.0,9.17276724138633,0.5988723835727374,-9.150797446983034,-0.40223009367158424,9.159637310210956,1.4203479935111734,0.0013805303881032627,53.11678582510176,0.6931471805579453,0.0,0.0,Train016,10.0
87,5,1,6.944444444444444e-05,0.0,7.165330989518633,0.0,7.163475937587242,0.16303582724255722,7.165330989518633,-5.909728363188647,0.0,0.0,-1.000088900581841e-12,0,0,1.0,6.944444444444444e-05,0.0,7.340141120817488,0.0,7.33721574939643,0.20132432520205784,7.340141120817488,1.6583522773441417,4.4408920985006264e-17,0.0,-1.000088900581841e-12,0.0,0.0,Train016,10.0
88,0,1,6.944444444444444e-05,0.0,8.065201193089457,0.0,8.065199132296264,0.005765537198993286,8.065201193089457,-7.744828638278971,0.0,0.0,-1.000088900581841e-12,0,0,1.0,6.944444444444444e-05,0.0,9.2515784332216,0.0,9.251575193357873,0.007648889731711741,9.2515784332216,1.82372636171988,4.4408920985006264e-17,0.0,-1.000088900581841e-12,0.0,0.0,Train016,10.0
88,1,0,0.0,0.0,0.0,0.0,0.0,0.0,0.0,0.0,0.0,0.0,0.0,0,0,0.0,0.0,0.0,0.0,0.0,0.0,0.0,0.0,0.0,0.0,0.0,0.0,0.0,0.0,Train016,10.0
88,2,1,6.944444444444444e-05,0.0,0.0,0.0,0.0,0.0,0.0,0.0,0.0,0.0,-1.000088900581841e-12,0,0,1.0,6.944444444444444e-05,0.2,0.0,0.0,0.0,0.0,0.0,0.0,0.0,0.0,-1.000088900581841e-12,0.2,0.0,Train016,10.0
88,3,4,0.0002777777777777778,0.0,7.557680064135787,0.45622042229828963,-3.9231758620871613,0.1337853197727916,3.9254563246392196,-7.475183252831162,0.5002492537465858,33.22621732723755,1.3862943611158907,0,0,4.0,0.0002777777777777778,0.4,8.854939768680458,0.4319070561664571,-4.516502837918885,0.13888827215174332,4.518671068008135,0.17508677128905817,0.5003082514249387,33.30171761391655,1.3862943611158907,0.4,0.0,Train016,10.0
88,4,2,0.0001388888888888889,0.0,8.086491356146745,0.4963451916266872,-8.061369220159063,-0.35995740471390325,8.069401652968844,-7.793855057331318,0.0021213650254722216,52.97922084719476,0.6931471805579453,0,0,2.0,0.0001388888888888889,0.0,9.30385376569148,0.5843046176802977,-9.27816757074679,-0.4119662586580759,9.287309451205859,1.310865243051503,0.0018043218576724973,53.02221233915778,0.6931471805579453,0.0,0.0,Train016,10.0
88,5,1,6.944444444444444e-05,0.0,6.538147971620365,0.0,6.536485037892361,0.1474525286754681,6.538147971620365,-6.2718301789826825,0.0,0.0,-1.000088900581841e-12,0,0,1.0,6.944444444444444e-05,0.0,7.495213547977544,0.0,7.492986091871489,0.18208739372814003,7.495213547977544,1.5507242716005547,2.2204460492503132e-17,0.0,-1.000088900581841e-12,0.0,0.0,Train016,10.0
89,0,1,6.944444444444444e-05,0.0,9.682736712097773,0.0,9.678094328709818,0.2998006010681833,9.682736712097773,16.175355190083156,0.0,0.0,-1.000088900581841e-12,0,0,1.0,6.944444444444444e-05,0.0,9.241962117537874,0.0,9.241031502154964,0.06553872790299806,9.241962117537874,-0.09616315683723116,4.4408920985006264e-17,0.0,-1.000088900581841e-12,0.0,0.0,Train016,10.0
89,1,0,0.0,0.0,0.0,0.0,0.0,0.0,0.0,0.0,0.0,0.0,0.0,0,0,0.0,0.0,0.0,0.0,0.0,0.0,0.0,0.0,0.0,0.0,0.0,0.0,0.0,0.0,Train016,10.0
89,2,1,6.944444444444444e-05,0.0,9.201445567405674,0.0,-9.145167084929168,1.0161296761032408,9.201445567405674,92.01445567405673,0.0,0.0,-1.000088900581841e-12,0,0,1.0,6.944444444444444e-05,0.0,1.8402891134811348,0.0,-1.8290334169858338,0.20322593522064816,1.8402891134811348,18.402891134811348,0.0,0.0,-1.000088900581841e-12,0.0,0.0,Train016,10.0
89,3,4,0.0002777777777777778,0.0,9.57934496605547,0.9271534793729659,-4.8105985455859575,0.1962558020481342,4.814600160618874,20.216649019196822,0.49966687735032966,32.12046507107617,1.3862943611158907,0,0,4.0,0.0002777777777777778,0.0,8.824168032775855,0.5566824184395998,-4.521126667034465,0.15535456599380465,4.52382416064999,-0.3077173590460248,0.5001519208610355,33.02849540059093,1.3862943611158907,0.0,0.0,Train016,10.0
89,4,2,0.0001388888888888889,0.0,9.674743378316007,0.4120124642304397,-9.67307429793797,-0.1795241311883381,9.674740063025315,15.882520221692621,3.4329739850846863e-07,54.91231330204083,0.6931471805579453,0,0,2.0,0.0001388888888888889,0.0,9.269006947311713,0.5371332547751053,-9.24707280623446,-0.3616220925828567,9.254656585849627,-0.3484681837976691,0.0015805948057979302,53.3772476928782,0.6931471805579453,0.0,0.0,Train016,10.0
89,5,1,6.944444444444444e-05,0.0,8.585779653132107,0.0,8.584743896436539,0.1333584820432033,8.585779653132107,20.47631681511742,0.0,0.0,-1.000088900581841e-12,0,0,1.0,6.944444444444444e-05,0.0,7.637636379975208,0.0,7.63581866852586,0.164685146299284,7.637636379975208,1.4242283199766388,0.0,0.0,-1.000088900581841e-12,0.0,0.0,Train016,10.0
90,0,1,6.944444444444444e-05,0.0,9.675181079807254,0.0,9.667551083328732,0.38416790377352694,9.675181079807254,-0.07555632290518588,0.0,0.0,-1.000088900581841e-12,0,0,1.0,6.944444444444444e-05,0.0,9.166674702982258,0.0,9.164218795134264,0.14068651030122062,9.166674702982256,-0.7528741455561765,2.2204460492503132e-17,0.0,-1.000088900581841e-12,0.0,0.0,Train016,10.0
90,1,0,0.0,0.0,0.0,0.0,0.0,0.0,0.0,0.0,0.0,0.0,0.0,0,0,0.0,0.0,0.0,0.0,0.0,0.0,0.0,0.0,0.0,0.0,0.0,0.0,0.0,0.0,Train016,10.0
90,2,1,6.944444444444444e-05,0.0,9.6101378909144,0.0,-9.551359737750458,1.061262193083389,9.6101378909144,4.086923235087259,0.0,0.0,-1.000088900581841e-12,0,0,1.0,6.944444444444444e-05,0.0,3.7623166916640143,0.0,-3.7393053645359253,0.41547837383732594,3.7623166916640143,19.220275781828796,0.0,0.0,-1.000088900581841e-12,0.0,0.0,Train016,10.0
90,3,4,0.0002777777777777778,0.0,9.719247128205879,1.0503662427438925,-4.835471885952771,0.20630894917810194,4.83987104604561,1.3990216215041018,0.4995048550470014,31.654320700005336,1.3862943611158907,0,0,4.0,0.0002777777777777778,0.0,8.84103746561605,0.6815353643857845,-4.5064723230132575,0.16681302148347513,4.50959737701749,0.16869432840193124,0.4999898402600363,32.697178030169226,1.3862943611158907,0.0,0.0,Train016,10.0
90,4,2,0.0001388888888888889,0.0,9.66449320472274,0.7091558715202257,-9.66254664997744,-0.10633374353076658,9.66313171947912,-0.10250173593266965,0.00014163764174957016,55.65189019958396,0.6931471805579453,0,0,2.0,0.0001388888888888889,0.0,9.179677800238064,0.5516524388708095,-9.162818554009759,-0.29339427355579806,9.168534648204794,-0.893291470736477,0.001263425712288191,53.902361439761215,0.6931471805579453,0.0,0.0,Train016,10.0
90,5,1,6.944444444444444e-05,0.0,8.790650985955574,0.0,8.789823526178472,0.12061150658692396,8.790650985955574,2.0487133282346726,0.0,0.0,-1.000088900581841e-12,0,0,1.0,6.944444444444444e-05,0.0,7.767242685212835,0.0,7.765747431259534,0.14894472587205432,7.767242685212835,1.29606305237628,0.0,0.0,-1.000088900581841e-12,0.0,0.0,Train016,10.0
91,0,1,6.944444444444444e-05,0.0,9.102701045984325,0.0,9.094307777123419,0.3908099122548458,9.102701045984325,-5.72480033822929,0.0,0.0,-1.000088900581841e-12,0,0,1.0,6.944444444444444e-05,0.0,9.073100817579235,0.0,9.068966807477384,0.21739544846510883,9.073100817579233,-0.9357388540302403,2.2204460492503132e-17,0.0,-1.000088900581841e-12,0.0,0.0,Train016,10.0
91,1,0,0.0,0.0,0.0,0.0,0.0,0.0,0.0,0.0,0.0,0.0,0.0,0,0,0.0,0.0,0.0,0.0,0.0,0.0,0.0,0.0,0.0,0.0,0.0,0.0,0.0,0.0,Train016,10.0
91,2,1,6.944444444444444e-05,0.0,8.451118616147815,0.0,-8.399429332386736,0.9332699258207491,8.451118616147815,-11.590192747665853,0.0,0.0,-1.000088900581841e-12,0,0,1.0,6.944444444444444e-05,0.0,5.452540414893578,0.0,-5.419191231013272,0.6021323590014758,5.452540414893578,16.902237232295626,0.0,0.0,-1.000088900581841e-12,0.0,0.0,Train016,10.0
91,3,4,0.0002777777777777778,0.0,9.194187609414348,1.03258294868463,-4.559462015709128,0.1975975660406794,4.563741740151336,-5.250595187915326,0.4994498581110005,31.524971322234528,1.3862943611158907,0,0,4.0,0.0002777777777777778,0.0,8.871131631446078,0.790231788120888,-4.48603364900914,0.17578953742635794,4.489514490528855,0.3009416583002794,0.49982535123527255,32.3516731088289,1.3862943611158907,0.0,0.0,Train016,10.0
91,4,2,0.0001388888888888889,0.0,9.092436026704952,0.7710318633963524,-9.089684079996438,-0.07467086354444363,9.089990781733674,-5.720571780177881,0.00027087991263807787,55.92980683036722,0.6931471805579453,0,0,2.0,0.0001388888888888889,0.0,9.076808165554064,0.5868390075129348,-9.06507996387663,-0.22297960281787804,9.068957072868866,-1.0286963468400057,0.0009224967665267148,54.490489727545345,0.6931471805579453,0.0,0.0,Train016,10.0
91,5,1,6.944444444444444e-05,0.0,8.343906202971818,0.0,8.343193132323481,0.1090829076522688,8.343906202971818,-4.4674478298375675,1.1102230246251565e-16,0.0,-1.000088900581841e-12,0,0,1.0,6.944444444444444e-05,0.0,7.884763160639698,0.0,7.8835443060836194,0.13470825044008428,7.884763160639698,1.17520475426864,2.2204460492503132e-17,0.0,-1.000088900581841e-12,0.0,0.0,Train016,10.0
92,0,1,6.944444444444444e-05,0.0,8.367777350664442,0.0,8.359589178027067,0.3700899416433444,8.367777350664442,-7.349236953198837,0.0,0.0,-1.000088900581841e-12,0,0,1.0,6.944444444444444e-05,0.0,8.978719476328651,0.0,8.972948299897059,0.29012677918777874,8.97871947632865,-0.9438134125058248,0.0,0.0,-1.000088900581841e-12,0.0,0.0,Train016,10.0
92,1,0,0.0,0.0,0.0,0.0,0.0,0.0,0.0,0.0,0.0,0.0,0.0,0,0,0.0,0.0,0.0,0.0,0.0,0.0,0.0,0.0,0.0,0.0,0.0,0.0,0.0,0.0,Train016,10.0
92,2,1,6.944444444444444e-05,0.0,7.201627723490787,0.0,-7.157580657552096,0.7952867397280026,7.201627723490787,-12.49490892657028,0.0,0.0,-1.000088900581841e-12,0,0,1.0,6.944444444444444e-05,0.0,6.892865959591735,0.0,-6.850707362523691,0.7611897069470762,6.892865959591735,14.403255446981571,0.0,0.0,-1.000088900581841e-12,0.0,0.0,Train016,10.0
92,3,4,0.0002777777777777778,0.0,8.469376295298044,0.9660782181726411,-4.1952249184258825,0.18290465246899493,4.1992101909854735,-7.248113141163017,0.49942869744353136,31.49302771745871,1.3862943611158907,0,0,4.0,0.0002777777777777778,0.0,8.903967212621906,0.8864802622544838,-4.464786645552181,0.18337045790174042,4.4685758924881025,0.32835581175828493,0.4996599083396898,32.00380042760246,1.3862943611158907,0.0,0.0,Train016,10.0
92,4,2,0.0001388888888888889,0.0,8.358405064398715,0.7471533032965172,-8.355423967911452,-0.05928428435563296,8.355634285314354,-7.340309623062367,0.00033416674206998565,56.03060555601084,0.6931471805579453,0,0,2.0,0.0001388888888888889,0.0,8.97531380605783,0.6271397388140445,-8.968419643196473,-0.15595408546661688,8.970579700504262,-1.0149435949623227,0.0005736785238656727,55.100767347039515,0.6931471805579453,0.0,0.0,Train016,10.0
92,5,1,6.944444444444444e-05,0.0,7.697345885306188,0.0,7.696713624788831,0.09865625185493825,7.697345885306188,-6.465603176656298,0.0,0.0,-1.000088900581841e-12,0,0,1.0,6.944444444444444e-05,0.0,7.991166139797211,0.0,7.990191843523936,0.12183233536256048,7.991166139797211,1.0640297915751096,2.2204460492503132e-17,0.0,-1.000088900581841e-12,0.0,0.0,Train016,10.0
93,0,1,6.944444444444444e-05,0.0,7.619770194741882,0.0,7.6121318431487905,0.34109620812454056,7.619770194741882,-7.480071559225596,0.0,0.0,-1.000088900581841e-12,0,0,1.0,6.944444444444444e-05,0.0,8.889633276659136,0.0,8.882334842067566,0.3571929133728882,8.889633276659135,-0.8908619966951499,0.0,0.0,-1.000088900581841e-12,0.0,0.0,Train016,10.0
93,1,0,0.0,0.0,0.0,0.0,0.0,0.0,0.0,0.0,0.0,0.0,0.0,0,0,0.0,0.0,0.0,0.0,0.0,0.0,0.0,0.0,0.0,0.0,0.0,0.0,0.0,0.0,Train016,10.0
93,2,1,6.944444444444444e-05,0.0,6.138214732724592,0.0,-6.100671782788948,0.6778524203098718,6.138214732724592,-10.634129907661949,0.0,0.0,-1.000088900581841e-12,0,0,1.0,6.944444444444444e-05,0.0,8.120508906136653,0.0,-8.070841719081482,0.8967601910090506,8.120508906136653,12.276429465449182,0.0,0.0,-1.000088900581841e-12,0.0,0.0,Train016,10.0
93,3,4,0.0002777777777777778,0.0,7.718198301280606,0.8863933582268193,-3.8217841360383105,0.16701143200641744,3.825431583611832,-7.511779940174388,0.4994200916451015,31.492709131433543,1.3862943611158907,0,0,4.0,0.0002777777777777778,0.0,8.93607086005087,0.9725148494401896,-4.44450830034241,0.1900156803484656,4.448570944282625,0.3210364742896397,0.4994940759193929,31.657098788441658,1.3862943611158907,0.0,0.0,Train016,10.0
93,4,2,0.0001388888888888889,0.0,7.611311224347638,0.694863267755137,-7.608409292883281,-0.050452391551196976,7.608576569362097,-7.470938400510776,0.0003623084929927911,56.063925763025395,0.6931471805579453,0,0,2.0,0.0001388888888888889,0.0,8.880277779698009,0.6668433540397344,-8.877827657741317,-0.09405308283407561,8.87841468378291,-0.9503602635982142,0.00022186721736978666,55.71770833020565,0.6931471805579453,0.0,0.0,Train016,10.0
93,5,1,6.944444444444444e-05,0.0,7.019531956974826,0.0,7.018964850795507,0.08922621973408149,7.019531956974826,-6.778139283313616,1.1102230246251565e-16,0.0,-1.000088900581841e-12,0,0,1.0,6.944444444444444e-05,0.0,8.087442936868102,0.0,8.086687806104567,0.11018707357428317,8.087442936868102,0.9627679707089228,4.4408920985006264e-17,0.0,-1.000088900581841e-12,0.0,0.0,Train016,10.0
94,0,0,0.0,-1.0,0.0,0.0,0.0,0.0,0.0,0.0,0.0,0.0,0.0,0,1,0.8,5.555555555555556e-05,-0.2,6.953085934239581,0.0,6.946715976325602,0.29723279315925155,6.95308593423958,-4.125933034711781,0.0,0.0,-8.000711204654728e-13,0.0,0.2,Train016,10.0
94,1,0,0.0,0.0,0.0,0.0,0.0,0.0,0.0,0.0,0.0,0.0,0.0,0,0,0.0,0.0,0.0,0.0,0.0,0.0,0.0,0.0,0.0,0.0,0.0,0.0,0.0,0.0,Train016,10.0
94,2,1,6.944444444444444e-05,0.0,9.306158907007498,0.0,-9.300670502922202,-0.31956501458681785,9.306158907007498,31.679441742829066,0.0,0.0,-1.000088900581841e-12,0,0,1.0,6.944444444444444e-05,0.0,8.141451574057019,0.0,-8.101942402680088,0.6296212528710389,8.141451574057019,0.20942667920364855,0.0,0.0,-1.000088900581841e-12,0.0,0.0,Train016,10.0
94,3,2,0.0001388888888888889,-2.0,9.568586971960887,1.6139867341207457,-9.440828955309687,1.3308781399716008,9.534174740734935,14.32877032909889,0.0037018896342884133,93.13944473164342,0.6931471805579453,0,2,3.6,0.00025,-0.4,8.933919261231953,1.1098815003897458,-5.370554382287156,0.4169401479331589,5.392485860305837,-0.8565392637299467,0.4003010783761846,43.86089472055511,1.2476649250043015,0.0,0.4,Train016,10.0
94,4,2,0.0001388888888888889,0.0,9.259250863206589,0.04723683794993949,-9.257326953096728,-0.04441541432094348,9.257433502086874,16.4793963885895,0.00019628028782792128,54.76595484904144,0.6931471805579453,0,0,2.0,0.0001388888888888889,0.0,8.797179276676127,0.5938882287836343,-8.794678188773068,-0.06703133946059668,8.794953371595224,-0.8309850302188387,0.0002610546154556692,55.68843663960577,0.6931471805579453,0.0,0.0,Train016,10.0
94,5,1,6.944444444444444e-05,0.0,6.665322859706235,0.0,6.664834336206779,0.08069755288509652,6.665322859706235,-3.542090972685914,0.0,0.0,-1.000088900581841e-12,0,0,1.0,6.944444444444444e-05,0.0,7.703351578182928,0.0,7.702705894058615,0.0996548877426618,7.703351578182928,-3.8409135868517437,4.4408920985006264e-17,0.0,-1.000088900581841e-12,0.0,0.0,Train016,10.0
95,0,0,0.0,0.0,0.0,0.0,0.0,0.0,0.0,0.0,0.0,0.0,0.0,0,0,0.6,4.1666666666666665e-05,-0.2,5.01804971827813,0.0,5.013205759659855,0.22039921240454613,5.01804971827813,-4.110821770130744,0.0,0.0,-6.000533403491046e-13,0.0,0.2,Train016,10.0
95,1,0,0.0,0.0,0.0,0.0,0.0,0.0,0.0,0.0,0.0,0.0,0.0,0,0,0.0,0.0,0.0,0.0,0.0,0.0,0.0,0.0,0.0,0.0,0.0,0.0,0.0,0.0,Train016,10.0
95,2,1,6.944444444444444e-05,0.0,9.512757888769507,0.0,-9.494134715074246,-0.5949526555689443,9.512757888769507,2.065989817620082,0.0,0.0,-1.000088900581841e-12,0,0,1.0,6.944444444444444e-05,0.0,8.121975573628038,0.0,-8.090497398144844,0.29837828314057224,8.121975573628038,-0.1947600042897868,0.0,0.0,-1.000088900581841e-12,0.0,0.0,Train016,10.0
95,3,2,0.0001388888888888889,0.0,9.547576995343887,1.7810273892849335,-9.339024662791722,1.6557413498960898,9.484664520687474,-0.21009976616999992,0.006827745810960795,92.69044598655313,0.6931471805579453,0,0,3.2,0.00022222222222222223,-0.4,8.899585234659554,1.256013729697954,-6.271264937654946,0.7068266280767566,6.32144455523421,-1.178363541264767,0.30176565652897647,56.06811977786467,1.1090354888927123,0.0,0.4,Train016,10.0
95,4,2,0.0001388888888888889,0.0,9.285779429148228,0.18037622430797207,-9.28420420302379,-0.03970397350949875,9.284289099815723,0.26528565941640103,0.00016055646679546953,54.27054139744976,0.6931471805579453,0,0,2.0,0.0001388888888888889,0.0,8.721436521561223,0.48813229934118363,-8.719009699382337,-0.05370538545634311,8.719184847662543,-0.7574275511490243,0.00026483838046484907,55.412166879178926,0.6931471805579453,0.0,0.0,Train016,10.0
95,5,1,6.944444444444444e-05,0.0,6.149757821864489,0.0,6.149324726287327,0.07298409590271474,6.149757821864489,-5.155650378417462,0.0,0.0,-1.000088900581841e-12,0,0,1.0,6.944444444444444e-05,0.0,7.175172945364712,0.0,7.174606134080385,0.09012940560581996,7.175172945364712,-5.2817863281821715,4.4408920985006264e-17,0.0,-1.000088900581841e-12,0.0,0.0,Train016,10.0
96,0,0,0.0,0.0,0.0,0.0,0.0,0.0,0.0,0.0,0.0,0.0,0.0,0,0,0.4,2.7777777777777772e-05,-0.2,3.197509509081265,0.0,3.194344204235171,0.142237229953577,3.197509509081264,-2.9658617024848857,0.0,0.0,-4.000355602327364e-13,0.0,0.2,Train016,10.0
96,1,0,0.0,0.0,0.0,0.0,0.0,0.0,0.0,0.0,0.0,0.0,0.0,0,0,0.0,0.0,0.0,0.0,0.0,0.0,0.0,0.0,0.0,0.0,0.0,0.0,0.0,0.0,Train016,10.0
96,2,1,6.944444444444444e-05,0.0,8.834338497122367,0.0,-8.811549829605726,-0.6341342776680686,8.834338497122367,-6.784193916471395,0.0,0.0,-1.000088900581841e-12,0,0,1.0,6.944444444444444e-05,0.0,8.198619549822949,0.0,-8.172921497588643,-0.015102557557191277,8.198619549822949,0.7664397619491048,0.0,0.0,-1.000088900581841e-12,0.0,0.0,Train016,10.0
96,3,2,0.0001388888888888889,0.0,8.982440276285667,1.7386549345467235,-8.753543869628626,1.6709391594599137,8.911597384988255,-5.651367190582199,0.008195078131149836,92.53245491520073,0.6931471805579453,0,0,2.8,0.00019444444444444443,-0.4,8.857235768033817,1.3972281268703726,-7.110081308438846,1.0014949467606034,7.191015684201593,-1.2585179417981418,0.20351470053300638,68.26961649645791,0.9704060527811235,0.0,0.4,Train016,10.0
96,4,2,0.0001388888888888889,0.0,8.747981046817012,0.2487458045067683,-8.746609782314039,-0.035730072218627784,8.746682761031886,-5.37798382331216,0.0001485298616835662,54.082819538797125,0.6931471805579453,0,0,2.0,0.0001388888888888889,0.0,8.652545525583637,0.3836750875632668,-8.650394839845859,-0.045917227191179945,8.650523243522185,-0.6889099597758801,0.00024036837027394676,55.04276942086491,0.6931471805579453,0.0,0.0,Train016,10.0
96,5,1,6.944444444444444e-05,0.0,5.608569060333696,0.0,5.60818061923989,0.06600792766385635,5.608569060333696,-5.411887615307922,0.0,0.0,-1.000088900581841e-12,0,0,1.0,6.944444444444444e-05,0.0,6.628105516837087,0.0,6.627603631463667,0.08151440960813747,6.628105516837087,-5.4706742852762416,2.2204460492503132e-17,0.0,-1.000088900581841e-12,0.0,0.0,Train016,10.0
97,0,0,0.0,0.0,0.0,0.0,0.0,0.0,0.0,0.0,0.0,0.0,0.0,0,0,0.2,1.388888888888889e-05,-0.2,1.5239540389483763,0.0,1.522426368629758,0.06821924162490811,1.5239540389483757,-1.4960143118451186,0.0,0.0,-2.000177801163682e-13,0.0,0.2,Train016,10.0
97,1,0,0.0,0.0,0.0,0.0,0.0,0.0,0.0,0.0,0.0,0.0,0.0,0,0,0.0,0.0,0.0,0.0,0.0,0.0,0.0,0.0,0.0,0.0,0.0,0.0,0.0,0.0,Train016,10.0
97,2,1,6.944444444444444e-05,0.0,7.962479723534305,0.0,-7.939880058450338,-0.5994897873338596,7.962479723534305,-8.718587735880616,0.0,0.0,-1.000088900581841e-12,0,0,1.0,6.944444444444444e-05,0.0,8.350789949831654,0.0,-8.329381377768291,-0.2940578629695637,8.350789949831654,1.5217040000870372,0.0,0.0,-1.000088900581841e-12,0.0,0.0,Train016,10.0
97,3,2,0.0001388888888888889,0.0,8.25780324339709,1.6221525346606605,-8.03470568520648,1.5777800984949952,8.188155194370477,-7.246370328885763,0.008774232176490537,92.4825191810746,0.6931471805579453,0,0,2.4,0.00016666666666666666,-0.4,8.814921157653627,1.5284429901679766,-7.877977461794965,1.2804700359658034,7.988804684878595,-1.258169379342691,0.10538380747959822,80.46751478918108,0.8317766166695344,0.0,0.4,Train016,10.0
97,4,2,0.0001388888888888889,0.0,8.046019734160542,0.2578194785893846,-8.044798705263174,-0.03224621331699365,8.044863331746372,-7.019613126564703,0.00014387126889225943,54.01293280416313,0.6931471805579453,0,0,2.0,0.0001388888888888889,0.0,8.590068459536003,0.2858083226218403,-8.588269787316202,-0.040509612983452084,8.588369052808591,-0.6247706604763474,0.0002023092756384015,54.63923487049537,0.6931471805579453,0.0,0.0,Train016,10.0
97,5,1,6.944444444444444e-05,0.0,5.090368941436563,0.0,5.090018864415945,0.05969857478877343,5.090368941436563,-5.182001188971332,0.0,0.0,-1.000088900581841e-12,0,0,1.0,6.944444444444444e-05,0.0,6.1067101280631615,0.0,6.106264679389089,0.0737228741949045,6.1067101280631615,-5.213953887739249,2.2204460492503132e-17,0.0,-1.000088900581841e-12,0.0,0.0,Train016,10.0
98,0,0,0.0,0.0,0.0,0.0,0.0,0.0,0.0,0.0,0.0,0.0,0.0,0,0,0.0,0.0,-0.2,0.0,0.0,0.0,0.0,0.0,0.0,0.0,0.0,0.0,0.0,0.2,Train016,10.0
98,1,0,0.0,0.0,0.0,0.0,0.0,0.0,0.0,0.0,0.0,0.0,0.0,0,0,0.0,0.0,0.0,0.0,0.0,0.0,0.0,0.0,0.0,0.0,0.0,0.0,0.0,0.0,Train016,10.0
98,2,1,6.944444444444444e-05,0.0,7.113479017871381,0.0,-7.0925249936687385,-0.545594127425005,7.113479017871381,-8.490007056629247,1.1102230246251565e-16,0.0,-1.000088900581841e-12,0,0,1.0,6.944444444444444e-05,0.0,8.545842806861012,0.0,-8.52775201994425,-0.538747172516539,8.545842806861012,1.9505285702935775,2.2204460492503132e-17,0.0,-1.000088900581841e-12,0.0,0.0,Train016,10.0
98,3,2,0.0001388888888888889,0.0,7.519972830600549,1.4862592095251799,-7.311935325476814,1.4525064061109039,7.454808720802227,-7.378304127965407,0.009019326166328612,92.4727041284649,0.6931471805579453,0,0,2.0,0.0001388888888888889,-0.4,8.775276063517616,1.6484161604276486,-8.576007699682666,1.5375690307867007,8.714680112316675,-1.2314742169008948,0.007303654383843639,92.66351378858735,0.6931471805579453,0.0,0.4,Train016,10.0
98,4,2,0.0001388888888888889,0.0,7.328440389485214,0.24578058604859798,-7.327343225630135,-0.029137641325039737,7.327401159233048,-7.175793446753271,0.00014196752836759252,53.98805475514309,0.6931471805579453,0,0,2.0,0.0001388888888888889,0.0,8.533494292563518,0.1959917862805325,-8.532056573865573,-0.03624666293822064,8.53213397078278,-0.5657416697248465,0.00015824108271336179,54.22406066891891,0.6931471805579453,0.0,0.0,Train016,10.0
98,5,1,6.944444444444444e-05,0.0,4.610672997778752,0.0,4.610356854300081,0.05399229995441449,4.610672997778752,-4.79695943657811,0.0,0.0,-1.000088900581841e-12,0,0,1.0,6.944444444444444e-05,0.0,5.624938336223947,0.0,5.624543080090005,0.06667609023897111,5.624938336223947,-4.817717918392147,0.0,0.0,-1.000088900581841e-12,0.0,0.0,Train016,10.0
99,0,0,0.0,0.0,0.0,0.0,0.0,0.0,0.0,0.0,0.0,0.0,0.0,0,0,0.0,0.0,0.0,0.0,0.0,0.0,0.0,0.0,0.0,0.0,0.0,0.0,0.0,0.0,Train016,10.0
99,1,0,0.0,0.0,0.0,0.0,0.0,0.0,0.0,0.0,0.0,0.0,0.0,0,0,0.0,0.0,0.0,0.0,0.0,0.0,0.0,0.0,0.0,0.0,0.0,0.0,0.0,0.0,Train016,10.0
99,2,1,6.944444444444444e-05,0.0,9.435186601738208,0.0,-9.422433949529202,-0.49039236982207907,9.435186601738208,23.21707583866827,0.0,0.0,-1.000088900581841e-12,0,0,1.0,6.944444444444444e-05,0.0,8.571648345807153,0.0,-8.552104709265652,-0.5729126435635913,8.571648345807153,0.2580553894614191,2.2204460492503132e-17,0.0,-1.000088900581841e-12,0.0,0.0,Train016,10.0
99,3,2,0.0001388888888888889,0.0,8.385964111232683,1.1518921554240698,-8.383766255831095,0.08007785150711616,8.384148680379788,12.003583347332443,0.0002206480114854692,60.597727155266035,0.6931471805579453,1,1,2.0,0.0001388888888888889,0.0,8.538751491371974,1.5559972446883132,-8.364595159786948,1.2874089730938039,8.484674900245645,-1.696511613254184,0.0066074060592830495,86.15517027331188,0.6931471805579453,0.2,0.2,Train016,10.0
99,4,2,0.0001388888888888889,0.0,9.741195018370757,0.3734243930559211,-9.739436125975931,-0.026342425527917823,9.73947175032341,24.127546288855434,0.00017716557404223732,53.66367476958314,0.6931471805579453,0,0,2.0,0.0001388888888888889,0.0,8.62988312359635,0.26122929730172884,-8.628478408441413,-0.03263206517961551,8.628541620430088,0.9638883103283404,0.000154418139956225,54.00360465302724,0.6931471805579453,0.0,0.0,Train016,10.0
99,5,1,6.944444444444444e-05,0.0,6.257486026218518,0.0,6.23412015022665,-0.5402567175501585,6.257486026218518,16.46813028439766,0.0,0.0,-1.000088900581841e-12,0,0,1.0,6.944444444444444e-05,0.0,5.543370969526404,0.0,5.538400242893979,-0.057514763848079895,5.543370969526404,-0.8156736669754331,0.0,0.0,-1.000088900581841e-12,0.0,0.0,Train016,10.0
100,0,0,0.0,0.0,0.0,0.0,0.0,0.0,0.0,0.0,0.0,0.0,0.0,0,0,0.0,0.0,0.0,0.0,0.0,0.0,0.0,0.0,0.0,0.0,0.0,0.0,0.0,0.0,Train016,10.0
100,1,0,0.0,0.0,0.0,0.0,0.0,0.0,0.0,0.0,0.0,0.0,0.0,0,0,0.0,0.0,0.0,0.0,0.0,0.0,0.0,0.0,0.0,0.0,0.0,0.0,0.0,0.0,Train016,10.0
100,2,1,6.944444444444444e-05,0.0,9.574471379857208,0.0,-9.564387841093192,-0.4393033449149955,9.574471379857208,1.392847781190003,0.0,0.0,-1.000088900581841e-12,0,0,1.0,6.944444444444444e-05,0.0,8.583991044024694,0.0,-8.566155334469439,-0.5417827814328016,8.583991044024694,0.12342698217540331,2.2204460492503132e-17,0.0,-1.000088900581841e-12,0.0,0.0,Train016,10.0
100,3,2,0.0001388888888888889,0.0,8.201198368184492,0.9734425033113148,-8.197664133427272,0.03384364360596914,8.197733994018861,-1.8476574304819104,0.00042846057975365337,60.775384246305904,0.6931471805579453,0,0,2.0,0.0001388888888888889,0.0,8.269475765940097,1.3944802674935897,-8.136323053914058,0.9630294318357796,8.227288794911923,-2.0240231461165665,0.005327549013041622,79.77215792526242,0.6931471805579453,0.2,0.2,Train016,10.0
100,4,2,0.0001388888888888889,0.0,10.006667812672726,0.3957858511616603,-10.002753693040727,-0.023820614983490557,10.002782056275048,2.6547279430196813,0.000388925261563533,53.54462425842919,0.6931471805579453,0,0,2.0,0.0001388888888888889,0.0,8.774060800301251,0.30431122267246646,-8.7721883064448,-0.029455393474413866,8.772240211721954,1.4417767670489965,0.00020009189890983768,53.858421225223125,0.6931471805579453,0.0,0.0,Train016,10.0
100,5,1,6.944444444444444e-05,0.0,6.469951851633827,0.0,6.430361755541419,-0.714650022969463,6.469951851633827,2.1246582541530845,0.0,0.0,-1.000088900581841e-12,0,0,1.0,6.944444444444444e-05,0.0,5.607409775480271,0.0,5.594607648744796,-0.21504158762251543,5.607409775480271,0.6403880595386763,0.0,0.0,-1.000088900581841e-12,0.0,0.0,Train016,10.0
101,0,0,0.0,0.0,0.0,0.0,0.0,0.0,0.0,0.0,0.0,0.0,0.0,0,0,0.0,0.0,0.0,0.0,0.0,0.0,0.0,0.0,0.0,0.0,0.0,0.0,0.0,0.0,Train016,10.0
101,1,0,0.0,0.0,0.0,0.0,0.0,0.0,0.0,0.0,0.0,0.0,0.0,0,0,0.0,0.0,0.0,0.0,0.0,0.0,0.0,0.0,0.0,0.0,0.0,0.0,0.0,0.0,Train016,10.0
101,2,1,6.944444444444444e-05,0.0,8.995404737252844,0.0,-8.986793115102428,-0.39351733549936807,8.995404737252844,-5.790666426043636,1.1102230246251565e-16,0.0,-1.000088900581841e-12,0,0,1.0,6.944444444444444e-05,0.0,8.61620429205079,0.0,-8.601203991568779,-0.4936593929990615,8.61620429205079,0.32213248026095515,4.4408920985006264e-17,0.0,-1.000088900581841e-12,0.0,0.0,Train016,10.0
101,3,2,0.0001388888888888889,0.0,7.663698310774684,0.8635633373162683,-7.659731485901112,0.015822264896490232,7.659747827453023,-5.375000574098081,0.0005221111296128678,60.83256567123179,0.6931471805579453,0,0,2.0,0.0001388888888888889,0.0,8.0057273728379,1.2194619480474986,-7.9175605771685555,0.632006052923095,7.976918883404875,-1.9687498228197426,0.0037929556127342277,73.43218007646865,0.6931471805579453,0.2,0.2,Train016,10.0
101,4,2,0.0001388888888888889,0.0,9.50950076727569,0.38023526832565757,-9.504881047284602,-0.02154223974041905,9.50490545934693,-4.971670453970365,0.0004840073612081275,53.50220046159504,0.6931471805579453,0,0,2.0,0.0001388888888888889,0.0,8.926364744392984,0.3306091154362443,-8.923842559438913,-0.02661782697877212,8.923884751384962,1.5230394409173555,0.00026718739881474994,53.742297409782715,0.6931471805579453,0.0,0.0,Train016,10.0
101,5,1,6.944444444444444e-05,0.0,6.163408036639312,0.0,6.119657467087126,-0.7330696499206828,6.163408036639312,-3.06543814994515,0.0,0.0,-1.000088900581841e-12,0,0,1.0,6.944444444444444e-05,0.0,5.718377570741394,0.0,5.696903018314244,-0.3748571031394233,5.718377570741394,1.1096779526112308,0.0,0.0,-1.000088900581841e-12,0.0,0.0,Train016,10.0
102,0,0,0.0,0.0,0.0,0.0,0.0,0.0,0.0,0.0,0.0,0.0,0.0,0,0,0.0,0.0,0.0,0.0,0.0,0.0,0.0,0.0,0.0,0.0,0.0,0.0,0.0,0.0,Train016,10.0
102,1,0,0.0,0.0,0.0,0.0,0.0,0.0,0.0,0.0,0.0,0.0,0.0,0,0,0.0,0.0,0.0,0.0,0.0,0.0,0.0,0.0,0.0,0.0,0.0,0.0,0.0,0.0,Train016,10.0
102,2,1,6.944444444444444e-05,0.0,8.223634027629405,0.0,-8.216059851201598,-0.35286986532915166,8.223634027629405,-7.717707096234392,0.0,0.0,-1.000088900581841e-12,0,0,1.0,6.944444444444444e-05,0.0,8.668435152869808,0.0,-8.656439950119033,-0.4443354085981198,8.668435152869808,0.5223086081902,4.4408920985006264e-17,0.0,-1.000088900581841e-12,0.0,0.0,Train016,10.0
102,3,2,0.0001388888888888889,0.0,7.025190220674865,0.7739900214341517,-7.021281748329427,0.00862962103651635,7.02128705151578,-6.38508090099819,0.0005624249520932434,60.856537858893496,0.6931471805579453,0,0,2.0,0.0001388888888888889,0.0,7.759204768293455,1.049829445402197,-7.714875789793143,0.3181759574313992,7.743545254833935,-1.7964919372422283,0.002150594167854769,67.10698381203242,0.6931471805579453,0.2,0.2,Train016,10.0
102,4,2,0.0001388888888888889,0.0,8.77680315488439,0.3524402031714704,-8.772185553776927,-0.0194825589939997,8.772207188615505,-7.326976123912985,0.0005244952033054417,53.48862631929158,0.6931471805579453,0,0,2.0,0.0001388888888888889,0.0,9.072521428537755,0.34953326035266147,-9.069319929141665,-0.024065096114173328,9.069353522758787,1.4615668414476992,0.0003433121856973864,53.6374361128084,0.6931471805579453,0.0,0.0,Train016,10.0
102,5,1,6.944444444444444e-05,0.0,5.694064749612836,0.0,5.651333566683602,-0.6962774524991334,5.694064749612836,-4.693432870264758,0.0,0.0,-1.000088900581841e-12,0,0,1.0,6.944444444444444e-05,0.0,5.839116732376649,0.0,5.809165958767776,-0.5260523085970046,5.839116732376649,1.2073916163525458,0.0,0.0,-1.000088900581841e-12,0.0,0.0,Train016,10.0
103,0,0,0.0,0.0,0.0,0.0,0.0,0.0,0.0,0.0,0.0,0.0,0.0,0,0,0.0,0.0,0.0,0.0,0.0,0.0,0.0,0.0,0.0,0.0,0.0,0.0,0.0,0.0,Train016,10.0
103,1,0,0.0,0.0,0.0,0.0,0.0,0.0,0.0,0.0,0.0,0.0,0.0,0,0,0.0,0.0,0.0,0.0,0.0,0.0,0.0,0.0,0.0,0.0,0.0,0.0,0.0,0.0,Train016,10.0
103,2,1,6.944444444444444e-05,0.0,7.443093167094883,0.0,-7.436346948205111,-0.31682796589801787,7.443093167094883,-7.805408605345221,0.0,0.0,-1.000088900581841e-12,0,0,1.0,6.944444444444444e-05,0.0,8.73435798271451,0.0,-8.725204341026307,-0.3985821762927224,8.73435798271451,0.6592282984470053,2.2204460492503132e-17,0.0,-1.000088900581841e-12,0.0,0.0,Train016,10.0
103,3,2,0.0001388888888888889,0.0,6.387875171099894,0.6954127675580652,-6.384214168794701,0.005569190385780923,6.384216597901466,-6.373150495749718,0.000579608297983869,60.87096862128008,0.6931471805579453,0,0,2.0,0.0001388888888888889,0.0,7.532785236393323,0.8916601570087739,-7.529331558456723,0.028788514286374606,7.529426830253783,-1.5954612107990904,0.00046265059418582055,60.78663671059546,0.6931471805579453,0.2,0.2,Train016,10.0
103,4,2,0.0001388888888888889,0.0,8.005511552744245,0.3220328739939502,-8.001162916635764,-0.017620104035126177,8.001182318046098,-7.712916021401464,0.0005416584976698502,53.485828946102515,0.6931471805579453,0,0,2.0,0.0001388888888888889,0.0,9.20793566118956,0.3647837179417319,-9.20408386734279,-0.021761588656190618,9.204109754521399,1.3541423265180608,0.000423250379557838,53.53699095100029,0.6931471805579453,0.0,0.0,Train016,10.0
103,5,1,6.944444444444444e-05,0.0,5.195777447588596,0.0,5.155900147753265,-0.6424927635920374,5.195777447588596,-4.982873020242398,0.0,0.0,-1.000088900581841e-12,0,0,1.0,6.944444444444444e-05,0.0,5.956137622338618,0.0,5.918274617458413,-0.665349321306295,5.956137622338618,1.1702088996196882,0.0,0.0,-1.000088900581841e-12,0.0,0.0,Train016,10.0
104,0,1,6.944444444444444e-05,1.0,10.950466438269553,0.0,10.943004331248165,0.4041923081303522,10.950466438269553,0.0,0.0,0.0,-1.000088900581841e-12,1,0,0.2,1.388888888888889e-05,0.2,2.1900932876539105,0.0,2.188600866249633,0.08083846162607043,2.1900932876539096,0.0,0.0,0.0,-2.000177801163682e-13,0.2,0.0,Train016,10.0
104,1,0,0.0,0.0,0.0,0.0,0.0,0.0,0.0,0.0,0.0,0.0,0.0,0,0,0.0,0.0,0.0,0.0,0.0,0.0,0.0,0.0,0.0,0.0,0.0,0.0,0.0,0.0,Train016,10.0
104,2,1,6.944444444444444e-05,0.0,10.76426480235381,0.0,-10.760496109767265,-0.28481609307882455,10.76426480235381,33.21171635258928,1.1102230246251565e-16,0.0,-1.000088900581841e-12,0,0,1.0,6.944444444444444e-05,0.0,9.00017362283763,0.0,-8.992816773073917,-0.3574669209440715,9.00017362283763,2.6581564012312073,4.4408920985006264e-17,0.0,-1.000088900581841e-12,0.0,0.0,Train016,10.0
104,3,4,0.0002777777777777778,2.0,9.134693556314676,2.143547236840913,-4.060534718530207,-0.32229851989101926,4.073305603108259,10.290513262486908,0.4996310655086217,31.057015516298883,1.3862943611158907,2,0,2.4,0.00016666666666666666,0.4,7.682531125409723,1.0899911732921426,-6.664685250996544,-0.05168675999325247,6.667258214799477,-1.9380752277681972,0.10034473409361307,54.87849438280203,0.8317766166695344,0.4,0.0,Train016,10.0
104,4,2,0.0001388888888888889,0.0,9.773119955036478,0.43600171359211704,-9.765884574263655,0.27860828012325456,9.769857936100916,17.676084022922325,0.00033444030702800553,55.118723977083235,0.6931471805579453,0,0,2.0,0.0001388888888888889,0.0,9.214320648522706,0.3772991820489711,-9.209373557000335,0.03922855247404386,9.2101869916769,0.06384987333143925,0.0004547053261549916,53.82800079250031,0.6931471805579453,0.0,0.0,Train016,10.0
104,5,1,6.944444444444444e-05,0.0,5.924222839716807,0.0,5.8584207944020985,-0.8805237363861039,5.924222839716807,7.284453921282106,0.0,0.0,-1.000088900581841e-12,0,0,1.0,6.944444444444444e-05,0.0,5.889484985038275,0.0,5.843134746293503,-0.7334027250734841,5.889484985038275,-0.6665263730034227,0.0,0.0,-1.000088900581841e-12,0.0,0.0,Train016,10.0
105,0,1,6.944444444444444e-05,0.0,10.458675985300333,0.0,10.451613997233501,0.38427622660094424,10.458675985300333,-4.917904529692194,0.0,0.0,-1.000088900581841e-12,0,0,0.4,2.777777777777778e-05,0.2,4.281828484713977,0.0,4.278923665696333,0.15769370694625928,4.2818284847139765,-0.9835809059384382,0.0,0.0,-4.000355602327364e-13,0.2,0.0,Train016,10.0
105,1,0,0.0,0.0,0.0,0.0,0.0,0.0,0.0,0.0,0.0,0.0,0.0,0,0,0.0,0.0,0.0,0.0,0.0,0.0,0.0,0.0,0.0,0.0,0.0,0.0,0.0,0.0,Train016,10.0
105,2,1,6.944444444444444e-05,0.0,11.234008362122802,0.0,-11.231083994077979,-0.25631269615547864,11.234008362122802,4.697435597689914,0.0,0.0,-1.000088900581841e-12,0,0,1.0,6.944444444444444e-05,0.0,9.332081019290749,0.0,-9.326156003670878,-0.32086879119216816,9.332081019290749,3.3190739645311895,4.4408920985006264e-17,0.0,-1.000088900581841e-12,0.0,0.0,Train016,10.0
105,3,4,0.0002777777777777778,0.0,8.863439490909977,2.100567247297905,-4.023492283602922,-0.3688011555640255,4.040359445464922,-2.712540654046993,0.4995876467139416,31.422248830247764,1.3862943611158907,0,0,2.8,0.00019444444444444443,0.4,7.81497934995482,1.3154161220894607,-5.829850881031674,-0.13221571982725142,5.83578330508869,-2.1110518724812137,0.2001765713204507,49.0078672995904,0.9704060527811235,0.4,0.0,Train016,10.0
105,4,2,0.0001388888888888889,0.0,9.812805752198873,0.6740784720866104,-9.802990174248816,0.36499441336856786,9.809782733486461,0.3968579716239695,0.00030952958400731756,55.738484786931686,0.6931471805579453,0,0,2.0,0.0001388888888888889,0.0,9.175548236427934,0.4329577062339611,-9.169420853241952,0.11699155814445554,9.171587127119182,-0.3877241209477031,0.0004388261906437485,54.26677289820081,0.6931471805579453,0.0,0.0,Train016,10.0
105,5,1,6.944444444444444e-05,0.0,5.828772675381156,0.0,5.757100292816145,-0.9112557926983278,5.828772675381156,-0.9545016433565046,0.0,0.0,-1.000088900581841e-12,0,0,1.0,6.944444444444444e-05,0.0,5.761249149787741,0.0,5.708482453748448,-0.7727238790192571,5.761249149787741,-1.2823583525053404,0.0,0.0,-1.000088900581841e-12,0.0,0.0,Train016,10.0
106,0,1,6.944444444444444e-05,0.0,9.688433061549132,0.0,9.681913937092283,0.35535574127416397,9.688433061549132,-7.702429237512014,0.0,0.0,-1.000088900581841e-12,0,0,0.6,4.1666666666666665e-05,0.2,6.219515097023804,0.0,6.21530645311479,0.22876485520109208,6.219515097023804,-2.5240667534408407,0.0,0.0,-6.000533403491046e-13,0.2,0.0,Train016,10.0
106,1,0,0.0,0.0,0.0,0.0,0.0,0.0,0.0,0.0,0.0,0.0,0.0,0,0,0.0,0.0,0.0,0.0,0.0,0.0,0.0,0.0,0.0,0.0,0.0,0.0,0.0,0.0,Train016,10.0
106,2,1,6.944444444444444e-05,0.0,10.707429635802852,0.0,-10.70494038659076,-0.23086949821765096,10.707429635802852,-5.265787263199506,0.0,0.0,-1.000088900581841e-12,0,0,1.0,6.944444444444444e-05,0.0,9.674485999000751,0.0,-9.669785457968542,-0.28833922373582477,9.674485999000751,3.4240497971000154,2.2204460492503132e-17,0.0,-1.000088900581841e-12,0.0,0.0,Train016,10.0
106,3,4,0.0002777777777777778,0.0,8.256450078023908,1.976611245227018,-3.7750489472348856,-0.3624937340727664,3.7924129866433636,-6.069894128860698,0.49957805768163155,31.551727925816238,1.3862943611158907,0,0,3.2,0.00022222222222222223,0.4,7.933529703404664,1.5380257036716105,-5.052914373298429,-0.20787891962110275,5.062316336926758,-2.2500305834337375,0.2999877606308544,43.15169975050729,1.1090354888927125,0.4,0.0,Train016,10.0
106,4,2,0.0001388888888888889,0.0,9.248719036299365,0.7170371466713252,-9.238384183780633,0.3734711611333474,9.245930079517498,-5.640867158995091,0.00030337434735427937,55.970146967956914,0.6931471805579453,0,0,2.0,0.0001388888888888889,0.0,9.123391890232671,0.5003180819030947,-9.116121480541159,0.1959942383192088,9.119792051153295,-0.5215634619526484,0.0004026995878729789,54.760362199473185,0.6931471805579453,0.0,0.0,Train016,10.0
106,5,1,6.944444444444444e-05,0.0,5.452369056377394,0.0,5.382795589578793,-0.8682395796972259,5.452369056377394,-3.7640361900376185,0.0,0.0,-1.000088900581841e-12,0,0,1.0,6.944444444444444e-05,0.0,5.619041353735358,0.0,5.561110078246781,-0.7997578649745656,5.619041353735358,-1.422077960523834,0.0,0.0,-1.000088900581841e-12,0.0,0.0,Train016,10.0
107,0,1,6.944444444444444e-05,0.0,8.83563701079083,0.0,8.829700433578235,0.3238389101467734,8.83563701079083,-8.527960507583021,1.1102230246251565e-16,0.0,-1.000088900581841e-12,0,0,0.8,5.555555555555556e-05,0.2,7.98664249918197,0.0,7.981246539830437,0.29353263723044676,7.9866424991819684,-4.229658854957445,2.2204460492503132e-17,0.0,-8.000711204654728e-13,0.2,0.0,Train016,10.0
107,1,0,0.0,0.0,0.0,0.0,0.0,0.0,0.0,0.0,0.0,0.0,0.0,0,0,0.0,0.0,0.0,0.0,0.0,0.0,0.0,0.0,0.0,0.0,0.0,0.0,0.0,0.0,Train016,10.0
107,2,1,6.944444444444444e-05,0.0,9.87600408249713,0.0,-9.873811229622344,-0.20810679778340999,9.87600408249713,-8.314255533057224,1.1102230246251565e-16,0.0,-1.000088900581841e-12,0,0,1.0,6.944444444444444e-05,0.0,10.004960009974294,0.0,-10.001335733652692,-0.2593866102266764,10.004960009974294,3.304740109735449,4.4408920985006264e-17,0.0,-1.000088900581841e-12,0.0,0.0,Train016,10.0
107,3,4,0.0002777777777777778,0.0,7.555245052324256,1.8164674918710957,-3.4691095559206295,-0.33884627299638204,3.4856187266686764,-7.012050256996522,0.4995752312682521,31.58034405209559,1.3862943611158907,0,0,3.6,0.00025,0.4,8.039540669734544,1.7465211977589994,-4.34247993481667,-0.2773740984276824,4.355182671957337,-2.3754244546334036,0.39979032189408614,37.29646098914772,1.2476649250043017,0.4,0.0,Train016,10.0
107,4,2,0.0001388888888888889,0.0,8.508163605493515,0.6897108765391353,-8.49822957604794,0.3544120590844483,8.505616605210962,-7.405554308058493,0.00030134012375704344,56.053481367067455,0.6931471805579453,0,0,2.0,0.0001388888888888889,0.0,9.069663980354495,0.5677722165766277,-9.06133028499536,0.2707731619348984,9.066473934472388,-0.53727909878175,0.0003580685719632992,55.273333209028365,0.6931471805579453,0.0,0.0,Train016,10.0
107,5,1,6.944444444444444e-05,0.0,5.000567304818071,0.0,4.935808425755951,-0.8021649171161918,5.000567304818071,-4.518017515593229,1.1102230246251565e-16,0.0,-1.000088900581841e-12,0,0,1.0,6.944444444444444e-05,0.0,5.480341864776404,0.0,5.41800505006125,-0.8209353578979774,5.480341864776404,-1.3869948895895283,2.2204460492503132e-17,0.0,-1.000088900581841e-12,0.0,0.0,Train016,10.0
108,0,1,6.944444444444444e-05,0.0,8.004512832827437,0.0,7.999138020298105,0.29328590678797756,8.004512832827437,-8.311241779633924,0.0,0.0,-1.000088900581841e-12,0,0,1.0,6.944444444444444e-05,0.2,9.587545065747458,0.0,9.581074143890058,0.35218981858804227,9.587545065747456,-5.89190721088423,2.2204460492503132e-17,0.0,-1.000088900581841e-12,0.2,0.0,Train016,10.0
108,1,0,0.0,0.0,0.0,0.0,0.0,0.0,0.0,0.0,0.0,0.0,0.0,0,0,0.0,0.0,0.0,0.0,0.0,0.0,0.0,0.0,0.0,0.0,0.0,0.0,0.0,0.0,Train016,10.0
108,2,1,6.944444444444444e-05,0.0,8.993283347486022,0.0,-8.991324315550685,-0.18770301211327206,8.993283347486022,-8.82720735011107,0.0,0.0,-1.000088900581841e-12,0,0,1.0,6.944444444444444e-05,0.0,10.314998046052523,0.0,-10.312331207121806,-0.23356161946972726,10.314998046052523,3.100380360782279,4.4408920985006264e-17,0.0,-1.000088900581841e-12,0.0,0.0,Train016,10.0
108,3,4,0.0002777777777777778,0.0,6.86197885568611,1.6517111629900512,-3.1605226707898533,-0.3104303451938995,3.1757314986934633,-6.932661966381456,0.49957425491613905,31.56974177423591,1.3862943611158907,0,0,4.0,0.0002777777777777778,0.4,8.134361406651786,1.9377808768453968,-3.6977416352157,-0.3405740055436185,3.7134856521157373,-2.4873267487597515,0.49958925121771713,31.436215619738874,1.3862943611158907,0.4,0.0,Train016,10.0
108,4,2,0.0001388888888888889,0.0,7.749970826071415,0.6395987572718429,-7.740756864232216,0.326920081401731,7.747657295646335,-7.581927794221004,0.0003005686773441818,56.08043306531462,0.6931471805579453,0,0,2.0,0.0001388888888888889,0.0,9.01855583501993,0.6312853932322062,-9.009249074514653,0.3396811990222699,9.015768929992435,-0.511081453345658,0.00030985060789816553,55.79225403287078,0.6931471805579453,0.0,0.0,Train016,10.0
108,5,1,6.944444444444444e-05,0.0,4.54920524844666,0.0,4.489930125441743,-0.7319807792185062,4.54920524844666,-4.513620563714111,1.1102230246251565e-16,0.0,-1.000088900581841e-12,0,0,1.0,6.944444444444444e-05,0.0,5.351027424948017,0.0,5.284811045598945,-0.8388329610232711,5.351027424948017,-1.293144398283871,4.4408920985006264e-17,0.0,-1.000088900581841e-12,0.0,0.0,Train016,10.0
109,0,0,0.0,-1.0,0.0,0.0,0.0,0.0,0.0,0.0,0.0,0.0,0.0,0,1,0.8,5.555555555555556e-05,-0.2,7.397451778093547,0.0,7.392473277640425,0.2713513569619718,7.397451778093545,-5.89190721088423,2.2204460492503132e-17,0.0,-8.000711204654728e-13,0.0,0.2,Train016,10.0
109,1,0,0.0,0.0,0.0,0.0,0.0,0.0,0.0,0.0,0.0,0.0,0.0,0,0,0.0,0.0,0.0,0.0,0.0,0.0,0.0,0.0,0.0,0.0,0.0,0.0,0.0,0.0,Train016,10.0
109,2,0,0.0,-1.0,0.0,0.0,0.0,0.0,0.0,0.0,0.0,0.0,0.0,0,1,0.8,5.555555555555556e-05,-0.2,8.162145085581761,0.0,-8.160231985168355,-0.17659840085396233,8.162145085581761,-3.5419629097355765,2.2204460492503132e-17,0.0,-8.000711204654728e-13,0.0,0.2,Train016,10.0
109,3,3,0.00020833333333333335,-1.0,9.01662235303827,0.4370217967240411,-3.3539579791561445,-0.33696047139490437,3.370842103277435,12.461266799305747,0.6657133985535811,25.41137258337784,1.0986122886651097,0,1,3.8,0.0002638888888888889,-0.2,8.110747165996504,1.5964757888220222,-3.556426287340887,-0.3435063958443956,3.572992952149572,-2.0531760413959836,0.5328057178267092,30.30708703315467,1.3287579466257344,0.0,0.2,Train016,10.0
109,4,2,0.0001388888888888889,0.0,9.52671588798715,0.14488830956183563,-9.525520891935065,0.15084916302214924,9.526715264595447,17.767450619157348,6.545129882518097e-08,54.446284923063374,0.6931471805579453,0,0,2.0,0.0001388888888888889,0.0,8.969275021610065,0.5730627124261499,-8.961176338048933,0.3141293756020488,8.96714039569134,-0.49280813409865304,0.00024297563675232948,55.65776622206681,0.6931471805579453,0.0,0.0,Train016,10.0
109,5,0,0.0,-1.0,0.0,0.0,0.0,0.0,0.0,0.0,0.0,0.0,0.0,0,1,0.8,5.555555555555556e-05,-0.2,4.166182857004657,0.0,4.113126886718527,-0.6627282137460503,4.166182857004657,-2.7500351825402922,4.4408920985006264e-17,0.0,-8.000711204654728e-13,0.0,0.2,Train016,10.0
110,0,0,0.0,0.0,0.0,0.0,0.0,0.0,0.0,0.0,0.0,0.0,0.0,0,0,0.6,4.1666666666666665e-05,-0.2,5.305716581033479,0.0,5.302150478193725,0.194496111641783,5.305716581033479,-4.908326304945791,2.2204460492503132e-17,0.0,-6.000533403491046e-13,0.0,0.2,Train016,10.0
110,1,0,0.0,0.0,0.0,0.0,0.0,0.0,0.0,0.0,0.0,0.0,0.0,0,0,0.0,0.0,0.0,0.0,0.0,0.0,0.0,0.0,0.0,0.0,0.0,0.0,0.0,0.0,Train016,10.0
110,2,0,0.0,0.0,0.0,0.0,0.0,0.0,0.0,0.0,0.0,0.0,0.0,0,0,0.6,4.1666666666666665e-05,-0.2,5.915343413157201,0.0,-5.914015186352758,-0.1253358616228666,5.915343413157201,-4.481450029273559,2.2204460492503132e-17,0.0,-6.000533403491046e-13,0.0,0.2,Train016,10.0
110,3,3,0.00020833333333333335,0.0,8.912213369355596,0.41149151936000117,-3.3385536083333687,-0.30523293117379907,3.352477790827063,-1.0440898368267248,0.6658470898574875,26.327847645645306,1.0986122886651097,0,0,3.6,0.00025000000000000006,-0.2,8.120501941685628,1.2586606432344412,-3.4194385522869766,-0.33079275096635025,3.435416621222,-1.71948587795193,0.5660576064554184,29.288206796234174,1.2712215321355784,0.0,0.2,Train016,10.0
110,4,2,0.0001388888888888889,0.0,9.58427690128551,0.4107598380927948,-9.583741234171985,0.08086182906673578,9.584082359775941,0.5756101329835861,2.033533701040202e-05,53.82436556804076,0.6931471805579453,0,0,2.0,0.0001388888888888889,0.0,8.923569251427391,0.5203989856273867,-8.917326550033568,0.25730285874168235,8.922000320949238,-0.4570577018267297,0.00018513678735294637,55.27494237828862,0.6931471805579453,0.0,0.0,Train016,10.0
110,5,0,0.0,0.0,0.0,0.0,0.0,0.0,0.0,0.0,0.0,0.0,0.0,0,0,0.6,4.1666666666666665e-05,-0.2,3.0004283219284256,0.0,2.9617068281552976,-0.48047705520638473,3.0004283219284256,-2.5591348538689913,4.4408920985006264e-17,0.0,-6.000533403491046e-13,0.0,0.2,Train016,10.0
111,0,0,0.0,0.0,0.0,0.0,0.0,0.0,0.0,0.0,0.0,0.0,0.0,0,0,0.4,2.7777777777777772e-05,-0.2,3.368029968723653,0.0,3.365767690775268,0.12342496338695019,3.368029968723653,-3.3678404574433882,2.2204460492503132e-17,0.0,-4.000355602327364e-13,0.0,0.2,Train016,10.0
111,1,0,0.0,0.0,0.0,0.0,0.0,0.0,0.0,0.0,0.0,0.0,0.0,0,0,0.0,0.0,0.0,0.0,0.0,0.0,0.0,0.0,0.0,0.0,0.0,0.0,0.0,0.0,Train016,10.0
111,2,0,0.0,0.0,0.0,0.0,0.0,0.0,0.0,0.0,0.0,0.0,0.0,0,0,0.4,2.7777777777777772e-05,-0.2,3.7738574859966305,0.0,-3.7730271090346057,-0.0791619619793364,3.7738574859966305,-3.428292576633658,2.2204460492503132e-17,0.0,-4.000355602327364e-13,0.0,0.2,Train016,10.0
111,3,3,0.00020833333333333335,0.0,8.346889444451303,0.3890522274248355,-3.1381289853908734,-0.27610228460190966,3.150251736054239,-5.6532392490429375,0.6658953740621711,26.643731436589032,1.0986122886651097,0,0,3.4,0.00023611111111111112,-0.2,8.138589814971107,0.9411488396740049,-3.2920545599181743,-0.31351446107217884,3.3069843711041758,-1.636154901988378,0.5993210697315262,28.306607498388736,1.2136851176454222,0.0,0.2,Train016,10.0
111,4,2,0.0001388888888888889,0.0,9.039851099908018,0.47902121594500713,-9.039378280847998,0.05181100864370833,9.039526762219536,-5.444258013774901,3.597968425372855e-05,53.59004229442526,0.6931471805579453,0,0,2.0,0.0001388888888888889,0.0,8.881795664149122,0.47279579948212314,-8.877525369447039,0.19297082824375458,8.880719657489644,-0.4177358727826917,0.0001316578547328362,54.7989214435823,0.6931471805579453,0.0,0.0,Train016,10.0
111,5,0,0.0,0.0,0.0,0.0,0.0,0.0,0.0,0.0,0.0,0.0,0.0,0,0,0.4,2.777777777777778e-05,-0.2,1.909954510652946,0.0,1.8851477102395389,-0.3068291392669396,1.909954510652946,-1.8063276158614676,4.4408920985006264e-17,0.0,-4.000355602327364e-13,0.0,0.2,Train016,10.0
112,0,0,0.0,0.0,0.0,0.0,0.0,0.0,0.0,0.0,0.0,0.0,0.0,0,0,0.2,1.388888888888889e-05,-0.2,1.6009025665654875,0.0,1.5998276040596209,0.05865718135759551,1.6009025665654868,-1.6622483559267842,0.0,0.0,-2.000177801163682e-13,0.0,0.2,Train016,10.0
112,1,0,0.0,0.0,0.0,0.0,0.0,0.0,0.0,0.0,0.0,0.0,0.0,0,0,0.0,0.0,0.0,0.0,0.0,0.0,0.0,0.0,0.0,0.0,0.0,0.0,0.0,0.0,Train016,10.0
112,2,0,0.0,0.0,0.0,0.0,0.0,0.0,0.0,0.0,0.0,0.0,0.0,0,0,0.2,1.388888888888889e-05,-0.2,1.7986566694972044,0.0,-1.798264863110137,-0.03754060242265441,1.7986566694972044,-1.7654414700222134,0.0,0.0,-2.000177801163682e-13,0.0,0.2,Train016,10.0
112,3,3,0.00020833333333333335,0.0,7.65616977720034,0.3616055157265216,-2.884800028169965,-0.24962667673213232,2.895580197519274,-6.907196672509632,0.6659145443513956,26.730231167459404,1.0986122886651097,0,0,3.2,0.00022222222222222223,-0.2,8.158774759946324,0.65017644444509,-3.175192654368041,-0.29567054181932895,3.188976665274295,-1.615184185091,0.6325889323481549,27.336584921461498,1.156148703155266,0.0,0.2,Train016,10.0
112,4,2,0.0001388888888888889,0.0,8.318421046400445,0.47451681387297917,-8.317971713311463,0.03867752612308074,8.318061635650258,-7.214300535075733,4.3347664745008174e-05,53.50398064953546,0.6931471805579453,0,0,2.0,0.0001388888888888889,0.0,8.843847152330508,0.4297569869488919,-8.841473796899745,0.12982392165148107,8.843208663577503,-0.37948511818613967,8.005936293042915e-05,54.2890213000759,0.6931471805579453,0.0,0.0,Train016,10.0
112,5,0,0.0,0.0,0.0,0.0,0.0,0.0,0.0,0.0,0.0,0.0,0.0,0,0,0.2,1.388888888888889e-05,-0.2,0.9098410496893321,0.0,0.8979860250883487,-0.14639615584370125,0.9098410496893321,-0.9027241127428219,2.2204460492503132e-17,0.0,-2.000177801163682e-13,0.0,0.2,Train016,10.0
113,0,0,0.0,0.0,0.0,0.0,0.0,0.0,0.0,0.0,0.0,0.0,0.0,0,0,0.0,0.0,-0.2,0.0,0.0,0.0,0.0,0.0,0.0,0.0,0.0,0.0,0.0,0.2,Train016,10.0
113,1,0,0.0,0.0,0.0,0.0,0.0,0.0,0.0,0.0,0.0,0.0,0.0,0,0,0.0,0.0,0.0,0.0,0.0,0.0,0.0,0.0,0.0,0.0,0.0,0.0,0.0,0.0,Train016,10.0
113,2,0,0.0,0.0,0.0,0.0,0.0,0.0,0.0,0.0,0.0,0.0,0.0,0,0,0.0,0.0,-0.2,0.0,0.0,0.0,0.0,0.0,0.0,0.0,0.0,0.0,0.0,0.2,Train016,10.0
113,3,3,0.00020833333333333335,0.0,6.963440326894001,0.33246832584289027,-2.6277187153218233,-0.22565910266244918,2.6373903157225316,-6.927294503063382,0.6659224499030263,26.731840554634896,1.0986122886651097,0,0,3.0,0.00020833333333333335,-0.2,8.179067054187902,0.3863278770156579,-3.0686318632744354,-0.2787162933130389,3.0813084286801087,-1.614110692427385,0.6658585713455324,26.369004677541295,1.0986122886651097,0.0,0.2,Train016,10.0
113,4,2,0.0001388888888888889,0.0,7.578042456942516,0.44500431602047996,-7.57762381556304,0.0318414336966411,7.57769071466288,-7.403785894579293,4.6576598918157686e-05,53.47443224370583,0.6931471805579453,0,0,2.0,0.0001388888888888889,0.0,8.809461478504726,0.39083809869861935,-8.808847187165911,0.07080819211046308,8.809215347380812,-0.34385673825779756,2.9260947245224324e-05,53.76782113575414,0.6931471805579453,0.0,0.0,Train016,10.0
113,5,0,0.0,0.0,0.0,0.0,0.0,0.0,0.0,0.0,0.0,0.0,0.0,0,0,0.0,0.0,-0.2,0.0,0.0,0.0,0.0,0.0,0.0,0.0,0.0,0.0,0.0,0.2,Train016,10.0
114,0,0,0.0,0.0,0.0,0.0,0.0,0.0,0.0,0.0,0.0,0.0,0.0,0,0,0.0,0.0,0.0,0.0,0.0,0.0,0.0,0.0,0.0,0.0,0.0,0.0,0.0,0.0,Train016,10.0
114,1,0,0.0,0.0,0.0,0.0,0.0,0.0,0.0,0.0,0.0,0.0,0.0,0,0,0.0,0.0,0.0,0.0,0.0,0.0,0.0,0.0,0.0,0.0,0.0,0.0,0.0,0.0,Train016,10.0
114,2,1,6.944444444444444e-05,1.0,10.770940444460736,0.0,-10.770451434070914,-0.10263510335083123,10.770940444460736,0.0,0.0,0.0,-1.000088900581841e-12,1,0,0.2,1.388888888888889e-05,0.2,2.1541880888921474,0.0,-2.1540902868141827,-0.020527020670166245,2.1541880888921474,0.0,0.0,0.0,-2.000177801163682e-13,0.2,0.0,Train016,10.0
114,3,3,0.00020833333333333335,0.0,8.675622840259473,0.1548645317821162,-2.9675895004637542,0.09122977162773822,2.9689914642002533,17.121825133654713,0.6667470115614926,29.87782360708206,1.0986122886651097,0,0,3.0,0.00020833333333333335,0.0,8.110867151632144,0.3298964240272729,-2.9913581675359575,-0.19307824470851037,3.000938300864672,-0.6819990255575916,0.6660652939471146,27.26229488228214,1.0986122886651097,0.0,0.0,Train016,10.0
114,4,2,0.0001388888888888889,0.0,9.67905266159164,0.25506629944571113,-9.672484639113133,-0.266950687403804,9.676167720920555,21.01010204649124,0.00029826739330629515,53.80868647754055,0.6931471805579453,0,0,2.0,0.0001388888888888889,0.0,8.839928833225624,0.4128736966753944,-8.838239936601523,-0.012751777974727574,8.839105838645835,0.3046735472089807,8.890133564671831e-05,53.64030144664957,0.6931471805579453,0.0,0.0,Train016,10.0
114,5,0,0.0,0.0,0.0,0.0,0.0,0.0,0.0,0.0,0.0,0.0,0.0,0,0,0.0,0.0,0.0,0.0,0.0,0.0,0.0,0.0,0.0,0.0,0.0,0.0,0.0,0.0,Train016,10.0
115,0,0,0.0,0.0,0.0,0.0,0.0,0.0,0.0,0.0,0.0,0.0,0.0,0,0,0.0,0.0,0.0,0.0,0.0,0.0,0.0,0.0,0.0,0.0,0.0,0.0,0.0,0.0,Train016,10.0
115,1,0,0.0,0.0,0.0,0.0,0.0,0.0,0.0,0.0,0.0,0.0,0.0,0,0,0.0,0.0,0.0,0.0,0.0,0.0,0.0,0.0,0.0,0.0,0.0,0.0,0.0,0.0,Train016,10.0
115,2,1,6.944444444444444e-05,0.0,10.270927727839148,0.0,-10.270521583520573,-0.09133889058384409,10.270927727839148,-5.000127166215886,0.0,0.0,-1.000088900581841e-12,0,0,0.4,2.777777777777778e-05,0.2,4.208373634459977,0.0,-4.208194603518297,-0.038794798786935064,4.208373634459977,-1.0000254332431766,0.0,0.0,-4.000355602327364e-13,0.2,0.0,Train016,10.0
115,3,3,0.00020833333333333335,0.0,8.760487173740719,0.16415516202843725,-2.9119846988469473,0.19576407497353476,2.918557599117926,0.8486433348124637,0.6664990179275421,31.08281179553127,1.0986122886651097,0,0,3.0,0.00020833333333333335,0.0,8.080521912509166,0.2804291525609601,-2.906044385638673,-0.0928788434790436,2.914154262522845,-0.303452391229754,0.6661956795611255,28.21328771225933,1.0986122886651097,0.0,0.0,Train016,10.0
115,4,2,0.0001388888888888889,0.0,9.841470300713986,0.17063309108990854,-9.829658822622209,-0.3549132362344709,9.836064048917589,1.6241763912234752,0.0005494989825486352,53.93994696588455,0.6931471805579453,0,0,2.0,0.0001388888888888889,0.0,8.891367513111321,0.3648483472748172,-8.887423454291568,-0.09990679103496891,8.889502176474164,0.5143867988569593,0.00019473406475436494,53.66341772621833,0.6931471805579453,0.0,0.0,Train016,10.0
115,5,0,0.0,0.0,0.0,0.0,0.0,0.0,0.0,0.0,0.0,0.0,0.0,0,0,0.0,0.0,0.0,0.0,0.0,0.0,0.0,0.0,0.0,0.0,0.0,0.0,0.0,0.0,Train016,10.0
116,0,0,0.0,0.0,0.0,0.0,0.0,0.0,0.0,0.0,0.0,0.0,0.0,0,0,0.0,0.0,0.0,0.0,0.0,0.0,0.0,0.0,0.0,0.0,0.0,0.0,0.0,0.0,Train016,10.0
116,1,0,0.0,0.0,0.0,0.0,0.0,0.0,0.0,0.0,0.0,0.0,0.0,0,0,0.0,0.0,0.0,0.0,0.0,0.0,0.0,0.0,0.0,0.0,0.0,0.0,0.0,0.0,Train016,10.0
116,2,1,6.944444444444444e-05,0.0,9.51378444725768,0.0,-9.51342755622623,-0.08240534762698813,9.51378444725768,-7.571432805814684,0.0,0.0,-1.000088900581841e-12,0,0,0.6,4.1666666666666665e-05,0.2,6.111130523911513,0.0,-6.110880114763543,-0.055275868312332686,6.111130523911513,-2.514311994406113,0.0,0.0,-6.000533403491046e-13,0.2,0.0,Train016,10.0
116,3,3,0.00020833333333333335,0.0,8.272664871414083,0.1689907195362867,-2.7218792142479606,0.22048726714166791,2.7307949560387534,-4.8782230232663615,0.6663563467506965,31.48460529674701,1.0986122886651097,0,0,3.0,0.00020833333333333335,0.0,8.065676997901724,0.2364168509832504,-2.8227944314100903,0.006439066869671911,2.830262906519748,-0.14844914607443868,0.6662878740988306,29.181462484290925,1.0986122886651097,0.0,0.0,Train016,10.0
116,4,2,0.0001388888888888889,0.0,9.318410349350437,0.13095462063571706,-9.305148599544486,-0.36453090968840185,9.312286144858467,-5.230599513635514,0.0006573454488624231,53.99147512948142,0.6931471805579453,0,0,2.0,0.0001388888888888889,0.0,8.947079362999805,0.29523502821295916,-8.940577518030866,-0.18317517470139094,8.94405405300195,0.5571184988848366,0.00031900721767610387,53.74370429322956,0.6931471805579453,0.0,0.0,Train016,10.0
116,5,0,0.0,0.0,0.0,0.0,0.0,0.0,0.0,0.0,0.0,0.0,0.0,0,0,0.0,0.0,0.0,0.0,0.0,0.0,0.0,0.0,0.0,0.0,0.0,0.0,0.0,0.0,Train016,10.0
117,0,0,0.0,0.0,0.0,0.0,0.0,0.0,0.0,0.0,0.0,0.0,0.0,0,0,0.0,0.0,0.0,0.0,0.0,0.0,0.0,0.0,0.0,0.0,0.0,0.0,0.0,0.0,Train016,10.0
117,1,0,0.0,0.0,0.0,0.0,0.0,0.0,0.0,0.0,0.0,0.0,0.0,0,0,0.0,0.0,0.0,0.0,0.0,0.0,0.0,0.0,0.0,0.0,0.0,0.0,0.0,0.0,Train016,10.0
117,2,1,6.944444444444444e-05,0.0,8.687659210796753,0.0,-8.687340456439008,-0.07442013746113482,8.687659210796753,-8.261252364609266,0.0,0.0,-1.000088900581841e-12,0,0,0.8,5.555555555555556e-05,0.2,7.848662366070863,0.0,-7.848348206051345,-0.07015989580455965,7.848662366070863,-4.166562467327966,0.0,0.0,-8.000711204654728e-13,0.2,0.0,Train016,10.0
117,3,3,0.00020833333333333335,0.0,7.6150039320414065,0.16142240023059784,-2.4960418613273117,0.21607043862326503,2.50537650023807,-6.576609393726767,0.6662915534675233,31.543542947530458,1.0986122886651097,0,0,3.0,0.00020833333333333335,0.0,8.057443828869937,0.19638022788406567,-2.7450427980415597,0.09957848994075139,2.7522221670635068,-0.08233169031786591,0.6663632759220561,30.144124840305142,1.0986122886651097,0.0,0.0,Train016,10.0
117,4,2,0.0001388888888888889,0.0,8.588002699143797,0.10942715667013925,-8.574975208262597,-0.34639439689928037,8.581968824257135,-7.304076502066383,0.0007027076296890478,54.01207545386938,0.6931471805579453,0,0,2.0,0.0001388888888888889,0.0,9.000995693548475,0.22221709677239118,-8.991978217021094,-0.2601895593058632,8.996835490723324,0.5391633054867064,0.0004508792106649118,53.84532325409634,0.6931471805579453,0.0,0.0,Train016,10.0
117,5,0,0.0,0.0,0.0,0.0,0.0,0.0,0.0,0.0,0.0,0.0,0.0,0,0,0.0,0.0,0.0,0.0,0.0,0.0,0.0,0.0,0.0,0.0,0.0,0.0,0.0,0.0,Train016,10.0
118,0,0,0.0,0.0,0.0,0.0,0.0,0.0,0.0,0.0,0.0,0.0,0.0,0,0,0.0,0.0,0.0,0.0,0.0,0.0,0.0,0.0,0.0,0.0,0.0,0.0,0.0,0.0,Train016,10.0
118,1,0,0.0,0.0,0.0,0.0,0.0,0.0,0.0,0.0,0.0,0.0,0.0,0,0,0.0,0.0,0.0,0.0,0.0,0.0,0.0,0.0,0.0,0.0,0.0,0.0,0.0,0.0,Train016,10.0
118,2,1,6.944444444444444e-05,0.0,7.883772389018181,0.0,-7.883485836447377,-0.06721717324486849,7.883772389018181,-8.038868217785717,0.0,0.0,-1.000088900581841e-12,0,0,1.0,6.944444444444444e-05,0.2,9.4254168438745,0.0,-9.42504537334082,-0.08360333045353335,9.4254168438745,-5.774336110885111,0.0,0.0,-1.000088900581841e-12,0.2,0.0,Train016,10.0
118,3,3,0.00020833333333333335,0.0,6.937421585663125,0.1491245733094497,-2.2709638367436455,0.2018058564420183,2.279912794712051,-6.775823463782811,0.6662634408921502,31.55017990905813,1.0986122886651097,0,0,3.0,0.00020833333333333335,0.0,8.052240080623761,0.15971147737737754,-2.6736918223259245,0.18507148176164487,2.680726662861411,-0.05203748246175177,0.666431474119881,31.107792711189784,1.0986122886651097,0.0,0.0,Train016,10.0
118,4,2,0.0001388888888888889,0.0,7.828630576406097,0.09550379077361937,-7.816445232832514,-0.3196948916526017,7.822980308144646,-7.593721227377013,0.0007218516091995753,54.02069801827682,0.6931471805579453,0,0,2.0,0.0001388888888888889,0.0,9.051113317441192,0.15231699172301907,-9.039742500474988,-0.3304968243757117,9.04589340941968,0.5011762389271626,0.0005859342127211952,53.95457640901054,0.6931471805579453,0.0,0.0,Train016,10.0
118,5,0,0.0,0.0,0.0,0.0,0.0,0.0,0.0,0.0,0.0,0.0,0.0,0,0,0.0,0.0,0.0,0.0,0.0,0.0,0.0,0.0,0.0,0.0,0.0,0.0,0.0,0.0,Train016,10.0
119,0,1,6.944444444444444e-05,1.0,11.379544844276422,0.0,11.372945323527766,0.38749907218731006,11.379544844276422,0.0,0.0,0.0,-1.000088900581841e-12,1,0,0.2,1.388888888888889e-05,0.2,2.2759089688552843,0.0,2.274589064705553,0.07749981443746201,2.275908968855284,0.0,0.0,0.0,-2.000177801163682e-13,0.2,0.0,Train016,10.0
119,1,0,0.0,0.0,0.0,0.0,0.0,0.0,0.0,0.0,0.0,0.0,0.0,0,0,0.0,0.0,0.0,0.0,0.0,0.0,0.0,0.0,0.0,0.0,0.0,0.0,0.0,0.0,Train016,10.0
119,2,1,6.944444444444444e-05,0.0,10.437831736941938,0.0,-10.40471846906804,0.8307616674755397,10.437831736941938,25.54059347923757,0.0,0.0,-1.000088900581841e-12,0,0,1.0,6.944444444444444e-05,0.0,9.35879510237074,0.0,-9.351898780340246,0.10307602371174082,9.35879510237074,-0.6662174150375961,0.0,0.0,-1.000088900581841e-12,0.0,0.0,Train016,10.0
119,3,3,0.00020833333333333335,0.0,9.53497002587275,0.613082803943572,-3.1370920486003686,0.08667989911341356,3.1382893311965305,25.975484402096242,0.6667592637790147,33.18538429383644,1.0986122886651097,0,0,3.0,0.00020833333333333335,0.0,8.224109517746417,0.2513551318096687,-2.707592331953247,0.18416150725877994,2.7145862362606663,1.7186943712265539,0.6664339245633853,31.769304848540663,1.0986122886651097,0.0,0.0,Train016,10.0
119,4,2,0.0001388888888888889,0.0,9.598448424685344,0.638157718967709,-9.596383649692282,0.15021947728844273,9.597559327424769,17.69817848279249,9.304055728731608e-05,55.64501789775769,0.6931471805579453,0,0,2.0,0.0001388888888888889,0.0,9.034992470059933,0.22893527562741864,-9.024522302590817,-0.24706279143726234,9.03017173072052,-0.161208473812588,0.0005448888455173995,54.32184269305397,0.6931471805579453,0.0,0.0,Train016,10.0
119,5,1,6.944444444444444e-05,1.0,0.0,0.0,0.0,0.0,0.0,0.0,0.0,0.0,-1.000088900581841e-12,1,0,0.2,1.388888888888889e-05,0.2,0.0,0.0,0.0,0.0,0.0,0.0,0.0,0.0,-2.000177801163682e-13,0.2,0.0,Train016,10.0
120,0,1,6.944444444444444e-05,0.0,10.862247287775025,0.0,10.855968234363045,0.3692828662101606,10.862247287775025,-5.172975565013971,0.0,0.0,-1.000088900581841e-12,0,0,0.4,2.777777777777778e-05,0.2,4.448358426410289,0.0,4.445782711578163,0.15135638767949414,4.448358426410289,-1.0345951130027935,0.0,0.0,-4.000355602327364e-13,0.2,0.0,Train016,10.0
120,1,0,0.0,0.0,0.0,0.0,0.0,0.0,0.0,0.0,0.0,0.0,0.0,0,0,0.0,0.0,0.0,0.0,0.0,0.0,0.0,0.0,0.0,0.0,0.0,0.0,0.0,0.0,Train016,10.0
120,2,1,6.944444444444444e-05,0.0,10.71619904846306,0.0,-10.660359019902554,1.0925509658880384,10.71619904846306,2.7836731152112293,0.0,0.0,-1.000088900581841e-12,0,0,1.0,6.944444444444444e-05,0.0,9.447849366495522,0.0,-9.429866267616642,0.33985399500611735,9.447849366495522,0.890542641247827,0.0,0.0,-1.000088900581841e-12,0.0,0.0,Train016,10.0
120,3,3,0.00020833333333333335,0.0,9.874693108325642,0.7397414868799163,-3.2533620682455027,0.041636528143185955,3.253628489482853,3.3972308245289304,0.6668268906597152,33.79737709249144,1.0986122886651097,0,0,3.0,0.00020833333333333335,0.0,8.4469507046634,0.3664723967799645,-2.775867805832958,0.15333599789271019,2.7816004143336515,2.228411869169847,0.66649949910982,32.3122179079327,1.0986122886651097,0.0,0.0,Train016,10.0
120,4,2,0.0001388888888888889,0.0,9.653894423457537,0.8598413338982009,-9.648754944234506,0.3044422000752547,9.653556703468235,0.5544599877219181,3.526251076990672e-05,56.26084199051833,0.6931471805579453,0,0,2.0,0.0001388888888888889,0.0,8.997477294608643,0.36677692418907715,-8.988341526913278,-0.11519170417531725,8.993670261630651,-0.3751517545128994,0.00044204155116165376,54.78602169798073,0.6931471805579453,0.0,0.0,Train016,10.0
120,5,1,6.944444444444444e-05,0.0,0.0,0.0,0.0,0.0,0.0,0.0,0.0,0.0,-1.000088900581841e-12,0,0,0.4,2.777777777777778e-05,0.2,0.0,0.0,0.0,0.0,0.0,0.0,0.0,0.0,-4.000355602327364e-13,0.2,0.0,Train016,10.0
121,0,1,6.944444444444444e-05,0.0,10.05887386109196,0.0,10.053066385036153,0.34175958130709005,10.05887386109196,-8.033734266830646,0.0,0.0,-1.000088900581841e-12,0,0,0.6,4.1666666666666665e-05,0.2,6.460133198628682,0.0,6.456395988585394,0.21970830394091215,6.4601331986286805,-2.6413419663689224,0.0,0.0,-6.000533403491046e-13,0.2,0.0,Train016,10.0
121,1,0,0.0,0.0,0.0,0.0,0.0,0.0,0.0,0.0,0.0,0.0,0.0,0,0,0.0,0.0,0.0,0.0,0.0,0.0,0.0,0.0,0.0,0.0,0.0,0.0,0.0,0.0,Train016,10.0
121,2,1,6.944444444444444e-05,0.0,10.178194982368787,0.0,-10.116561028933745,1.1184122884590164,10.178194982368787,-5.38004066094274,0.0,0.0,-1.000088900581841e-12,0,0,1.0,6.944444444444444e-05,0.0,9.580731473517744,0.0,-9.550492962158145,0.5800175222233183,9.580731473517744,1.3288210702222158,0.0,0.0,-1.000088900581841e-12,0.0,0.0,Train016,10.0
121,3,3,0.00020833333333333335,0.0,9.41026124788507,0.7400735780795495,-3.1023528064843675,0.023559648039355622,3.102442262624265,-4.644318604405733,0.6668455819149985,34.012656670673785,1.0986122886651097,0,0,3.0,0.00020833333333333335,0.0,8.674469979957598,0.4806889684886171,-2.85196252428024,0.11395047407224772,2.855929875650754,2.2751927529419733,0.6665973461426804,32.81782818271805,1.0986122886651097,0.0,0.0,Train016,10.0
121,4,2,0.0001388888888888889,0.0,9.10508344044308,0.8865305233380489,-9.098532345438038,0.34002699106910017,9.104883810111897,-5.48810983014457,2.2134998701073272e-05,56.48989466062125,0.6931471805579453,0,0,2.0,0.0001388888888888889,0.0,8.954811912827171,0.5178921047295435,-8.947018276091987,0.025719875976183148,8.952189794681335,-0.42665381781471046,0.0003149994611293838,55.285705604208694,0.6931471805579453,0.0,0.0,Train016,10.0
121,5,1,6.944444444444444e-05,0.0,0.0,0.0,0.0,0.0,0.0,0.0,0.0,0.0,-1.000088900581841e-12,0,0,0.6,4.1666666666666665e-05,0.2,0.0,0.0,0.0,0.0,0.0,0.0,0.0,0.0,-6.000533403491046e-13,0.2,0.0,Train016,10.0
122,0,1,6.944444444444444e-05,0.0,9.171328524560405,0.0,9.166036220628627,0.3115235264621312,9.171328524560405,-8.875453365315558,0.0,0.0,-1.000088900581841e-12,0,0,0.8,5.555555555555556e-05,0.2,8.294398903540763,0.0,8.28960323271112,0.2820130092333384,8.294398903540761,-4.416432639432034,0.0,0.0,-8.000711204654728e-13,0.2,0.0,Train016,10.0
122,1,0,0.0,0.0,0.0,0.0,0.0,0.0,0.0,0.0,0.0,0.0,0.0,0,0,0.0,0.0,0.0,0.0,0.0,0.0,0.0,0.0,0.0,0.0,0.0,0.0,0.0,0.0,Train016,10.0
122,2,1,6.944444444444444e-05,0.0,9.388966352395313,0.0,-9.328812518735946,1.061106100579415,9.388966352395313,-7.892286299734739,1.1102230246251565e-16,0.0,-1.000088900581841e-12,0,0,1.0,6.944444444444444e-05,0.0,9.720992901837455,0.0,-9.678787374617531,0.8071227698314282,9.720992901837455,1.4026142831971213,2.2204460492503132e-17,0.0,-1.000088900581841e-12,0.0,0.0,Train016,10.0
122,3,3,0.00020833333333333335,0.0,8.694286193751902,0.6965016918788242,-2.8673854051716052,0.015902730491155936,2.867429503689359,-7.159750541331687,0.6668522152318896,34.07703056484207,1.0986122886651097,0,0,3.0,0.00020833333333333335,0.0,8.890326432299698,0.5877048268182623,-2.9262312330490983,0.0739169324458259,2.928340476341012,2.1585645234209894,0.6667094784955536,33.324525706180374,1.0986122886651097,0.0,0.0,Train016,10.0
122,4,2,0.0001388888888888889,0.0,8.378350334757338,0.8436217724392954,-8.371607639412755,0.3323452108273255,8.378201943581562,-7.267331056857422,1.7892672614649996e-05,56.57116196618496,0.6931471805579453,0,0,2.0,0.0001388888888888889,0.0,8.91288143994988,0.6647310278833747,-8.906344762322018,0.16146779752150434,8.911436418546222,-0.41930472877291824,0.00017803646971450426,55.7975229066718,0.6931471805579453,0.0,0.0,Train016,10.0
122,5,1,6.944444444444444e-05,0.0,0.0,0.0,0.0,0.0,0.0,0.0,0.0,0.0,-1.000088900581841e-12,0,0,0.8,5.555555555555556e-05,0.2,0.0,0.0,0.0,0.0,0.0,0.0,0.0,0.0,-8.000711204654728e-13,0.2,0.0,Train016,10.0
123,0,1,6.944444444444444e-05,0.0,8.307199272612301,0.0,8.302406666535626,0.2821405648877155,8.307199272612301,-8.641292519481034,0.0,0.0,-1.000088900581841e-12,0,0,1.0,6.944444444444444e-05,0.2,9.955838758063223,0.0,9.950084566018244,0.3384411222108815,9.955838758063223,-6.144691143328241,0.0,0.0,-1.000088900581841e-12,0.2,0.0,Train016,10.0
123,1,0,0.0,0.0,0.0,0.0,0.0,0.0,0.0,0.0,0.0,0.0,0.0,0,0,0.0,0.0,0.0,0.0,0.0,0.0,0.0,0.0,0.0,0.0,0.0,0.0,0.0,0.0,Train016,10.0
123,2,1,6.944444444444444e-05,0.0,8.559831874078158,0.0,-8.503726517887225,0.9784462281934627,8.559831874078158,-8.291344783171546,0.0,0.0,-1.000088900581841e-12,0,0,1.0,6.944444444444444e-05,0.0,9.85620479884945,0.0,-9.802835510905501,1.0162554501190946,9.85620479884945,1.3521189701199556,2.2204460492503132e-17,0.0,-1.000088900581841e-12,0.0,0.0,Train016,10.0
123,3,3,0.00020833333333333335,0.0,7.933327597892493,0.6402802218319364,-2.617066168983484,0.01231144109760593,2.6170951271246885,-7.60958595859407,0.6668548245418574,34.08518455388138,1.0986122886651097,0,0,3.0,0.00020833333333333335,0.0,9.089507634745571,0.6859359565227596,-2.995451699497066,0.03601804937694343,2.9957769428235395,1.9918120244587372,0.6668277552254951,33.831526635145025,1.0986122886651097,0.0,0.0,Train016,10.0
123,4,2,0.0001388888888888889,0.0,7.632610423527424,0.7790426533609818,-7.626185181541338,0.31010137875708843,7.632487359194756,-7.457399112299132,1.6293233058406464e-05,56.59634621499656,0.6931471805579453,0,0,2.0,0.0001388888888888889,0.0,8.873677409374144,0.8014388004008473,-8.868292752063784,0.28742705160344234,8.873337828756243,-0.39204030575734217,3.692479448627051e-05,56.31265254601576,0.6931471805579453,0.0,0.0,Train016,10.0
123,5,1,6.944444444444444e-05,0.0,0.0,0.0,0.0,0.0,0.0,0.0,0.0,0.0,-1.000088900581841e-12,0,0,1.0,6.944444444444444e-05,0.2,0.0,0.0,0.0,0.0,0.0,0.0,0.0,0.0,-1.000088900581841e-12,0.2,0.0,Train016,10.0
124,0,1,6.944444444444444e-05,0.0,9.012024157906263,0.0,9.0119013912641,-0.04703973658784142,9.012024157906263,7.0482488529396115,0.0,0.0,-1.000088900581841e-12,0,0,1.0,6.944444444444444e-05,0.0,9.48233462078919,0.0,9.477875779565512,0.25153336045585123,9.48233462078919,-4.735041372740318,0.0,0.0,-1.000088900581841e-12,0.0,0.0,Train016,10.0
124,1,0,0.0,0.0,0.0,0.0,0.0,0.0,0.0,0.0,0.0,0.0,0.0,0,0,0.0,0.0,0.0,0.0,0.0,0.0,0.0,0.0,0.0,0.0,0.0,0.0,0.0,0.0,Train016,10.0
124,2,1,6.944444444444444e-05,0.0,10.119803220507588,0.0,-10.08041997279439,0.8919363171682725,10.119803220507588,15.5997134642943,0.0,0.0,-1.000088900581841e-12,0,0,1.0,6.944444444444444e-05,0.0,9.792599095562583,0.0,-9.737975811650774,1.028490380057641,9.792599095562583,-0.6360570328686983,2.2204460492503132e-17,0.0,-1.000088900581841e-12,0.0,0.0,Train016,10.0
124,3,2,0.0001388888888888889,-1.0,9.54119961469048,0.4199666303717775,-9.539128730308537,0.19708339716222334,9.541164436211902,16.272880876690685,3.6941650831678885e-06,30.048225965331813,0.6931471805579453,0,1,2.8,0.00019444444444444443,-0.2,9.090753552509117,0.6473127218084007,-4.2758590358387,0.05809874898670538,4.276351963826613,0.051291319377625655,0.5334766413027088,33.20409496944409,1.0175192670436768,0.0,0.2,Train016,10.0
124,4,3,0.00020833333333333335,1.0,9.288547879759648,0.10073119413393389,-3.082896511460326,-0.12809288329291255,3.0855564631237167,15.427543508631457,0.6664337317709079,38.82834922603491,1.0986122886651097,1,0,2.2,0.00015277777777777777,0.2,8.811697300389005,0.6939534954340922,-7.565595324417393,0.2317645794871713,7.570937255896034,-0.8461673005895488,0.1333050630372104,52.949318811671205,0.7742402021793782,0.2,0.0,Train016,10.0
124,5,1,6.944444444444444e-05,0.0,1.4370243690749833,0.0,-1.0161296761032408,1.0161296761032408,1.4370243690749833,14.370243690749833,0.0,0.0,-1.000088900581841e-12,0,0,1.0,6.944444444444444e-05,0.0,0.2874048738149967,0.0,-0.20322593522064816,0.20322593522064816,0.2874048738149967,2.874048738149967,0.0,0.0,-1.000088900581841e-12,0.0,0.0,Train016,10.0
125,0,1,6.944444444444444e-05,0.0,8.715582812352999,0.0,8.714153769428428,-0.15782218392647052,8.715582812352999,-2.9644134555326396,0.0,0.0,-1.000088900581841e-12,0,0,1.0,6.944444444444444e-05,0.0,9.053001725704785,0.0,9.049512886578587,0.14611235042852497,9.053001725704785,-4.293328950844052,0.0,0.0,-1.000088900581841e-12,0.0,0.0,Train016,10.0
125,1,0,0.0,0.0,0.0,0.0,0.0,0.0,0.0,0.0,0.0,0.0,0.0,0,0,0.0,0.0,0.0,0.0,0.0,0.0,0.0,0.0,0.0,0.0,0.0,0.0,0.0,0.0,Train016,10.0
125,2,1,6.944444444444444e-05,0.0,10.063832237571923,0.0,-10.03124383244687,0.8092382096691371,10.063832237571923,-0.559709829356656,0.0,0.0,-1.000088900581841e-12,0,0,1.0,6.944444444444444e-05,0.0,9.662125733384354,0.0,-9.612152774159636,0.9718278288138608,9.662125733384354,-1.3047336217822754,2.2204460492503132e-17,0.0,-1.000088900581841e-12,0.0,0.0,Train016,10.0
125,3,2,0.0001388888888888889,0.0,9.5447886646126,0.2699733932751487,-9.54185206903675,0.234309252386036,9.544728478753841,0.03589049922119614,6.310673856368965e-06,30.32581624516245,0.6931471805579453,0,0,2.6,0.00018055555555555555,-0.2,9.024772663766509,0.5533591030874473,-5.5335570359969495,0.09663329383527539,5.534571961680811,-0.6209767456839212,0.40011252530553704,32.509782799978304,0.936426245422244,0.0,0.2,Train016,10.0
125,4,3,0.00020833333333333335,0.0,9.280149300083503,0.10394824518069441,-3.1292069830688614,-0.2279597053553162,3.137499317952533,-0.08398579676143807,0.6659784606514789,37.817647958307525,1.0986122886651097,0,0,2.4,0.0001666666666666667,0.2,8.7369482757142,0.5427748776905909,-6.261685732184263,0.1252841984010571,6.267725778792892,-0.9738564574862201,0.2664937026653522,49.26068000522904,0.855333223800811,0.2,0.0,Train016,10.0
125,5,1,6.944444444444444e-05,0.0,1.5008513866923112,0.0,-1.0612621930833441,1.061262193083389,1.5008513866923112,0.638270176173279,0.0,0.0,-1.000088900581841e-12,0,0,1.0,6.944444444444444e-05,0.0,0.5875751511534589,0.0,-0.415478373837317,0.41547837383732594,0.5875751511534589,3.001702773384623,0.0,0.0,-1.000088900581841e-12,0.0,0.0,Train016,10.0
126,0,1,6.944444444444444e-05,0.0,8.090675421884223,0.0,8.088523807029336,-0.18657814824115232,8.090675421884223,-6.249073904687759,0.0,0.0,-1.000088900581841e-12,0,0,1.0,6.944444444444444e-05,0.0,8.659362037863238,0.0,8.656604370977224,0.04044480451887649,8.659362037863236,-3.936396878415475,0.0,0.0,-1.000088900581841e-12,0.0,0.0,Train016,10.0
126,1,0,0.0,0.0,0.0,0.0,0.0,0.0,0.0,0.0,0.0,0.0,0.0,0,0,0.0,0.0,0.0,0.0,0.0,0.0,0.0,0.0,0.0,0.0,0.0,0.0,0.0,0.0,Train016,10.0
126,2,1,6.944444444444444e-05,0.0,9.450176316748719,0.0,-9.421723822264724,0.7327705197452947,9.450176316748719,-6.13655920823204,1.1102230246251565e-16,0.0,-1.000088900581841e-12,0,0,1.0,6.944444444444444e-05,0.0,9.51652200026034,0.0,-9.473185332825832,0.8946994750711165,9.51652200026034,-1.4560373312401353,4.4408920985006264e-17,0.0,-1.000088900581841e-12,0.0,0.0,Train016,10.0
126,3,2,0.0001388888888888889,0.0,8.983785506050523,0.2020837427004718,-8.980596684381275,0.23342060243193635,8.983629666518965,-5.610031585620758,1.7355537448970892e-05,30.433391194992684,0.6931471805579453,0,0,2.4,0.0001666666666666667,-0.2,8.939477515399599,0.4457611360116317,-6.7092058115763304,0.13860548471379155,6.710809442459751,-0.8141193419269264,0.2667468800300271,31.79392970484208,0.855333223800811,0.0,0.2,Train016,10.0
126,4,3,0.00020833333333333335,0.0,8.730740836726612,0.1683563138315126,-2.9610982066240865,-0.24917655715983558,2.9715638216115114,-5.494084633568909,0.6657581678149207,37.47014613066797,1.0986122886651097,0,0,2.6,0.00018055555555555557,0.2,8.662079754970906,0.3991400357892836,-5.034198904421474,0.007443488755269951,5.041061781092816,-0.975051418171088,0.3996409092285961,45.45673029923839,0.936426245422244,0.2,0.0,Train016,10.0
126,5,1,6.944444444444444e-05,0.0,1.3198429864505776,0.0,-0.9332699258206669,0.9332699258207491,1.3198429864505776,-1.810084002417336,0.0,0.0,-1.000088900581841e-12,0,0,1.0,6.944444444444444e-05,0.0,0.8515437484435744,0.0,-0.6021323590014503,0.6021323590014758,0.8515437484435744,2.6396859729011557,0.0,0.0,-1.000088900581841e-12,0.0,0.0,Train016,10.0
127,0,1,6.944444444444444e-05,0.0,7.391029263526074,0.0,7.388704916283549,-0.18534625538728342,7.391029263526074,-6.996461583581484,0.0,0.0,-1.000088900581841e-12,0,0,1.0,6.944444444444444e-05,0.0,8.303302185656372,0.0,8.301138110108209,-0.05892915185100643,8.30330218565637,-3.5605985220686605,0.0,0.0,-1.000088900581841e-12,0.0,0.0,Train016,10.0
127,1,0,0.0,0.0,0.0,0.0,0.0,0.0,0.0,0.0,0.0,0.0,0.0,0,0,0.0,0.0,0.0,0.0,0.0,0.0,0.0,0.0,0.0,0.0,0.0,0.0,0.0,0.0,Train016,10.0
127,2,1,6.944444444444444e-05,0.0,8.679515609590688,0.0,-8.654156703610136,0.662995449824626,8.679515609590688,-7.706607071580311,0.0,0.0,-1.000088900581841e-12,0,0,1.0,6.944444444444444e-05,0.0,9.374631851699416,0.0,-9.338254169800669,0.8150773449201587,9.374631851699416,-1.41890148560925,2.2204460492503132e-17,0.0,-1.000088900581841e-12,0.0,0.0,Train016,10.0
127,3,2,0.0001388888888888889,0.0,8.2598287898627,0.1666047624460507,-8.256722607380087,0.2193593079945621,8.25963599205348,-7.239567161878231,2.335112342777279e-05,30.475616776935862,0.6931471805579453,0,0,2.2,0.00015277777777777777,-0.2,8.85258603462176,0.33978175012507705,-7.787073252018027,0.17929680021447278,7.789250740132576,-0.8300826660362353,0.13338110720833474,31.07364694726084,0.7742402021793782,0.0,0.2,Train016,10.0
127,4,3,0.00020833333333333335,0.0,8.02570460710528,0.18094753204534708,-2.728432251387094,-0.24185425609482694,2.739130524746937,-7.050362296213321,0.6656619575260836,37.369339982952226,1.0986122886651097,0,0,2.8,0.00019444444444444443,0.2,8.591550609440494,0.2666051877104939,-3.9055638268163415,-0.10739640462916053,3.91324749732589,-0.9316576660422677,0.53276972219929,41.61636590259184,1.0175192670436768,0.2,0.0,Train016,10.0
127,5,1,6.944444444444444e-05,0.0,1.1247052932987422,0.0,-0.7952867397278727,0.7952867397280184,1.1247052932987422,-1.9513769315183538,0.0,0.0,-1.000088900581841e-12,0,0,1.0,6.944444444444444e-05,0.0,1.0764848071033228,0.0,-0.7611897069470249,0.7611897069470794,1.0764848071033228,2.249410586597485,0.0,0.0,-1.000088900581841e-12,0.0,0.0,Train016,10.0
128,0,1,6.944444444444444e-05,0.0,6.7083951898808305,0.0,6.706141757600931,-0.17386417278254068,6.7083951898808305,-6.826340736452439,0.0,0.0,-1.000088900581841e-12,0,0,1.0,6.944444444444444e-05,0.0,7.983541369110078,0.0,7.981885128321269,-0.15013009938505767,7.9835413691100765,-3.197608165462941,0.0,0.0,-1.000088900581841e-12,0.0,0.0,Train016,10.0
128,1,0,0.0,0.0,0.0,0.0,0.0,0.0,0.0,0.0,0.0,0.0,0.0,0,0,0.0,0.0,0.0,0.0,0.0,0.0,0.0,0.0,0.0,0.0,0.0,0.0,0.0,0.0,Train016,10.0
128,2,1,6.944444444444444e-05,0.0,7.900051891894183,0.0,-7.877259243188581,0.5996721689564415,7.900051891894183,-7.794637176965047,0.0,0.0,-1.000088900581841e-12,0,0,1.0,6.944444444444444e-05,0.0,9.24267585526262,0.0,-9.212960714860941,0.7393225330727543,9.24267585526262,-1.31955996436795,2.2204460492503132e-17,0.0,-1.000088900581841e-12,0.0,0.0,Train016,10.0
128,3,2,0.0001388888888888889,0.0,7.52197543940572,0.14445854269309688,-7.519078213402231,0.20155592911974687,7.521779175954544,-7.378533504569802,2.6101636153907926e-05,30.492674562033315,0.6931471805579453,0,0,2.0,0.0001388888888888889,-0.2,8.770315602924404,0.24061741429730912,-8.767475660901777,0.21714569781890097,8.770187549898548,-0.7838721752313816,1.5362627194037692e-05,30.355144948891223,0.6931471805579453,0.0,0.2,Train016,10.0
128,4,3,0.00020833333333333335,0.0,7.30818591733777,0.17470333464719603,-2.487038412951408,-0.22506162226190374,2.4972009933745856,-7.175186897675111,0.6656207666667402,37.35958379146724,1.0986122886651097,0,0,3.0,0.00020833333333333335,0.2,8.526665708202563,0.1457373239677368,-2.877734473098355,-0.21442900483295899,2.8861902241618567,-0.8752152231174636,0.6658906168860262,37.76901341788597,1.0986122886651097,0.2,0.0,Train016,10.0
128,5,1,6.944444444444444e-05,0.0,0.9586280860896076,0.0,-0.6778524203097702,0.6778524203099159,0.9586280860896076,-1.6607720720913466,0.0,0.0,-1.000088900581841e-12,0,0,1.0,6.944444444444444e-05,0.0,1.2682104243212444,0.0,-0.8967601910089791,0.8967601910090627,1.2682104243212444,1.9172561721792154,0.0,0.0,-1.000088900581841e-12,0.0,0.0,Train016,10.0
129,0,1,6.944444444444444e-05,0.0,9.643392849698461,0.0,9.642072950385213,-0.15954583374442743,9.643392849698461,29.34997659817631,0.0,0.0,-1.000088900581841e-12,0,0,1.0,6.944444444444444e-05,0.0,8.109815107468517,0.0,8.10791944014549,-0.1726313188163749,8.109815107468517,1.2627373835843982,0.0,0.0,-1.000088900581841e-12,0.0,0.0,Train016,10.0
129,1,0,0.0,0.0,0.0,0.0,0.0,0.0,0.0,0.0,0.0,0.0,0.0,0,0,0.0,0.0,0.0,0.0,0.0,0.0,0.0,0.0,0.0,0.0,0.0,0.0,0.0,0.0,Train016,10.0
129,2,1,6.944444444444444e-05,0.0,9.502924789339328,0.0,-9.502805589661019,-0.047597026663673686,9.502924789339328,16.028728974451454,0.0,0.0,-1.000088900581841e-12,0,0,1.0,6.944444444444444e-05,0.0,9.119300169028968,0.0,-9.097437838234267,0.5514158643063651,9.119300169028968,-1.2337568623365194,2.2204460492503132e-17,0.0,-1.000088900581841e-12,0.0,0.0,Train016,10.0
129,3,2,0.0001388888888888889,0.0,9.03622181280171,0.5649583715782667,-9.029440292624304,0.33078330097058034,9.03549719662777,15.142463733959907,8.050487260169437e-05,29.467543955451816,0.6931471805579453,0,0,2.0,0.0001388888888888889,0.0,8.669320042546651,0.269615762538607,-8.66553797336493,0.2438856785805724,8.66905410198172,-1.0099556037775372,3.072476869774299e-05,30.239008546915226,0.6931471805579453,0.0,0.0,Train016,10.0
129,4,3,0.00020833333333333335,0.0,9.566779117869002,0.15797543997030591,-3.238149617995814,-0.009562382447507095,3.238163737009682,22.5859320053123,0.666729020944425,34.70692533974427,1.0986122886651097,0,0,3.0,0.00020833333333333335,0.0,8.582311955824434,0.1571861731350112,-2.9087850944054527,-0.19072290466387787,2.9167116789390497,0.5564624762187051,0.6659496747207296,36.944728640627844,1.0986122886651097,0.0,0.0,Train016,10.0
129,5,1,6.944444444444444e-05,0.0,2.4564246754195183,0.0,-2.386380681902706,0.5824168842431184,2.4564246754195183,14.977965893299107,0.0,0.0,-1.000088900581841e-12,0,0,1.0,6.944444444444444e-05,0.0,1.4720904855901513,0.0,-1.170810392168872,0.8100176326370381,1.4720904855901513,2.0388006126890703,0.0,0.0,-1.000088900581841e-12,0.0,0.0,Train016,10.0
130,0,1,6.944444444444444e-05,0.0,10.08614138820603,0.0,10.085097429906265,-0.14511351481071832,10.08614138820603,4.427485385075691,1.1102230246251565e-16,0.0,-1.000088900581841e-12,0,0,1.0,6.944444444444444e-05,0.0,8.383926822639124,0.0,8.382108172241058,-0.1700895849932244,8.383926822639122,2.7411171517060646,2.2204460492503132e-17,0.0,-1.000088900581841e-12,0.0,0.0,Train016,10.0
130,1,0,0.0,0.0,0.0,0.0,0.0,0.0,0.0,0.0,0.0,0.0,0.0,0,0,0.0,0.0,0.0,0.0,0.0,0.0,0.0,0.0,0.0,0.0,0.0,0.0,0.0,0.0,Train016,10.0
130,2,1,6.944444444444444e-05,0.0,9.510040664654582,0.0,-9.506226498009756,-0.26931619320225075,9.510040664654582,0.07115875315253817,0.0,0.0,-1.000088900581841e-12,0,0,1.0,6.944444444444444e-05,0.0,9.0085418544455,0.0,-8.992434371346842,0.33570498373208757,9.0085418544455,-1.1075831458346805,2.2204460492503132e-17,0.0,-1.000088900581841e-12,0.0,0.0,Train016,10.0
130,3,2,0.0001388888888888889,0.0,9.030186224240216,0.6768536002537964,-9.021598950987325,0.35614037740612003,9.02862578695532,-0.06035588561494443,0.0001737787427795734,29.080446658567524,0.6931471805579453,0,0,2.0,0.0001388888888888889,0.0,8.566399554472174,0.3509918039343365,-8.561487349755046,0.26825190358458917,8.565833563622016,-1.0292048807447653,6.421838248238387e-05,29.98993462959624,0.6931471805579453,0.0,0.0,Train016,10.0
130,4,3,0.00020833333333333335,0.0,9.792299584882189,0.1463883448868793,-3.308159682394456,0.06577960911246486,3.308813600249367,2.255204670131891,0.6669090742002073,33.91931812708889,1.0986122886651097,0,0,3.0,0.00020833333333333335,0.0,8.68474201278417,0.1656741930762482,-2.9445756342705716,-0.13197504177032165,2.9509745353984167,1.0243005695973713,0.6661357974304754,36.16506267438412,1.0986122886651097,0.0,0.0,Train016,10.0
130,5,1,6.944444444444444e-05,0.0,2.751491389188436,0.0,-2.704760370029766,0.504951686297364,2.751491389188436,2.9506671376891758,0.0,0.0,-1.000088900581841e-12,0,0,1.0,6.944444444444444e-05,0.0,1.722218486089376,0.0,-1.4995100275581563,0.6987555312798331,1.722218486089376,2.5012800049922497,0.0,0.0,-1.000088900581841e-12,0.0,0.0,Train016,10.0
131,0,1,6.944444444444444e-05,0.0,9.641151603705733,0.0,9.640254636309963,-0.13150966786464494,9.641151603705733,-4.4498978450029725,0.0,0.0,-1.000088900581841e-12,0,0,1.0,6.944444444444444e-05,0.0,8.694022059003427,0.0,8.692454338097184,-0.15907588891792296,8.694022059003425,3.100952363643022,2.2204460492503132e-17,0.0,-1.000088900581841e-12,0.0,0.0,Train016,10.0
131,1,0,0.0,0.0,0.0,0.0,0.0,0.0,0.0,0.0,0.0,0.0,0.0,0,0,0.0,0.0,0.0,0.0,0.0,0.0,0.0,0.0,0.0,0.0,0.0,0.0,0.0,0.0,Train016,10.0
131,2,1,6.944444444444444e-05,0.0,8.952974793977097,0.0,-8.946877952587114,-0.3303521804072955,8.952974793977097,-5.570658706774854,0.0,0.0,-1.000088900581841e-12,0,0,1.0,6.944444444444444e-05,0.0,8.909101549891176,0.0,-8.897465197411321,0.1230804437015695,8.909101549891176,-0.9944030455432433,0.0,0.0,-1.000088900581841e-12,0.0,0.0,Train016,10.0
131,3,2,0.0001388888888888889,0.0,8.496193926366896,0.6757100948984931,-8.487389459773587,0.3439589282350619,8.49435621964304,-5.3399229787332025,0.00021767462057908915,28.937564481886692,0.6931471805579453,0,0,2.0,0.0001388888888888889,0.0,8.468881238535449,0.44571707437394076,-8.462845904833507,0.2903595687452143,8.46797887424683,-0.9751831593672542,0.00010428219910840753,29.690769286975048,0.6931471805579453,0.0,0.0,Train016,10.0
131,4,3,0.00020833333333333335,0.0,9.294157267268249,0.1341114077712015,-3.1376405370808294,0.08804819455157369,3.1388756943365355,-4.981423176139401,0.6669623145951085,33.675331547924124,1.0986122886651097,0,0,3.0,0.00020833333333333335,0.0,8.797425298892497,0.15882521186418597,-2.9798841003619203,-0.06453009142803982,2.984436909943421,1.126832861083273,0.6663766267865129,35.40609975783535,1.0986122886651097,0.0,0.0,Train016,10.0
131,5,1,6.944444444444444e-05,0.0,2.62955606860089,0.0,-2.592256462024794,0.4413293022296014,2.62955606860089,-1.2193532058754597,0.0,0.0,-1.000088900581841e-12,0,0,1.0,6.944444444444444e-05,0.0,1.9841611025194386,0.0,-1.8313073347989817,0.6003674065616036,1.9841611025194386,2.6194261643006245,0.0,0.0,-1.000088900581841e-12,0.0,0.0,Train016,10.0
132,0,1,6.944444444444444e-05,0.0,8.91587547385614,0.0,8.915081196350762,-0.11900725936901847,8.91587547385614,-7.252761298495933,0.0,0.0,-1.000088900581841e-12,0,0,1.0,6.944444444444444e-05,0.0,8.998991301069438,0.0,8.997729594110627,-0.14580808971426998,8.998991301069438,3.049692420660132,2.2204460492503132e-17,0.0,-1.000088900581841e-12,0.0,0.0,Train016,10.0
132,1,0,0.0,0.0,0.0,0.0,0.0,0.0,0.0,0.0,0.0,0.0,0.0,0,0,0.0,0.0,0.0,0.0,0.0,0.0,0.0,0.0,0.0,0.0,0.0,0.0,0.0,0.0,Train016,10.0
132,2,1,6.944444444444444e-05,0.0,8.232061383430999,0.0,-8.225361780014076,-0.3320515147677628,8.232061383430999,-7.209134105460979,0.0,0.0,-1.000088900581841e-12,0,0,1.0,6.944444444444444e-05,0.0,8.819610704659237,0.0,-8.81170621269211,-0.07592894921690826,8.819610704659237,-0.8949084523193769,0.0,0.0,-1.000088900581841e-12,0.0,0.0,Train016,10.0
132,3,2,0.0001388888888888889,0.0,7.810373787441019,0.6354836541022202,-7.801998953657263,0.3194686690017599,7.808536860599608,-6.858201389258767,0.00023675819343071947,28.887847246503373,0.6931471805579453,0,0,2.0,0.0001388888888888889,0.0,8.378990238051113,0.5394928527051747,-8.371901174088944,0.3103814409466538,8.377759047956056,-0.8989100048433614,0.00014696361310899685,29.373215380888546,0.6931471805579453,0.0,0.0,Train016,10.0
132,4,3,0.00020833333333333335,0.0,8.573807872873807,0.12201727080861387,-2.8936745062420393,0.09058820754275783,2.8950921179508122,-7.203493943944406,0.6669817892410519,33.607684872216446,1.0986122886651097,0,0,3.0,0.00020833333333333335,0.0,8.907045952046204,0.14703915961683933,-3.0129325513329093,0.001958401299477136,3.0156292285841966,1.0962065315370557,0.6666405931295065,34.65376873568819,1.0986122886651097,0.0,0.0,Train016,10.0
132,5,1,6.944444444444444e-05,0.0,2.3955882736904988,0.0,-2.3639075781004966,0.3883093344776416,2.3955882736904988,-2.339677949103911,0.0,0.0,-1.000088900581841e-12,0,0,1.0,6.944444444444444e-05,0.0,2.23833769859779,0.0,-2.1450315024735067,0.5189719255115283,2.23833769859779,2.5417659607835135,0.0,0.0,-1.000088900581841e-12,0.0,0.0,Train016,10.0
133,0,1,6.944444444444444e-05,0.0,8.136942668708732,0.0,8.136230773843284,-0.10763265591032667,8.136942668708732,-7.789328051474076,0.0,0.0,-1.000088900581841e-12,0,0,1.0,6.944444444444444e-05,0.0,9.284700796835018,0.0,9.283747397359097,-0.13256178633982718,9.284700796835018,2.8570949576558045,2.2204460492503132e-17,0.0,-1.000088900581841e-12,0.0,0.0,Train016,10.0
133,1,0,0.0,0.0,0.0,0.0,0.0,0.0,0.0,0.0,0.0,0.0,0.0,0,0,0.0,0.0,0.0,0.0,0.0,0.0,0.0,0.0,0.0,0.0,0.0,0.0,0.0,0.0,Train016,10.0
133,2,1,6.944444444444444e-05,0.0,7.496717922380042,0.0,-7.490178111196961,-0.31306783654674547,7.496717922380042,-7.353434610509568,0.0,0.0,-1.000088900581841e-12,0,0,1.0,6.944444444444444e-05,0.0,8.738943910756408,0.0,-8.734289986293785,-0.25847695031754564,8.738943910756408,-0.8066679390282812,0.0,0.0,-1.000088900581841e-12,0.0,0.0,Train016,10.0
133,3,2,0.0001388888888888889,0.0,7.11226209345087,0.58407783425131,-7.104527611888102,0.29214987018428173,7.1105319164412135,-6.981116939901502,0.0002449187323553259,28.873388901463734,0.6931471805579453,0,0,2.0,0.0001388888888888889,0.0,8.297047568860142,0.6274167110168173,-8.288991053786116,0.3285002291595608,8.295509596053389,-0.8194266919097013,0.00019072703234928045,29.049358248774627,0.6931471805579453,0.0,0.0,Train016,10.0
133,4,3,0.00020833333333333335,0.0,7.818736108001356,0.11065416250935628,-2.6385794544102614,0.08613269162917875,2.639984919995423,-7.55071764872454,0.6669895529702483,33.60144678487155,1.0986122886651097,0,0,3.0,0.00020833333333333335,0.0,9.009155990178922,0.1342293251892714,-3.04324075962468,0.06419726407769363,3.0441860139083636,1.02110038132717,0.6669143503902082,33.902141334369055,1.0986122886651097,0.0,0.0,Train016,10.0
133,5,1,6.944444444444444e-05,0.0,2.1493380606631187,0.0,-2.121710792684643,0.34350751261158674,2.1493380606631187,-2.4625021302738004,1.1102230246251565e-16,0.0,-1.000088900581841e-12,0,0,1.0,6.944444444444444e-05,0.0,2.476479693512492,0.0,-2.433803176948481,0.45210294397186246,2.476479693512492,2.3814199491470225,2.2204460492503132e-17,0.0,-1.000088900581841e-12,0.0,0.0,Train016,10.0
134,0,1,6.944444444444444e-05,0.0,10.048079255287114,0.0,10.046121702040544,0.19833171284807694,10.048079255287114,19.111365865783814,0.0,0.0,-1.000088900581841e-12,0,0,1.0,6.944444444444444e-05,0.0,9.365638077952749,0.0,9.364557147690164,-0.060986277021326286,9.365638077952749,0.8093728111773053,2.2204460492503132e-17,0.0,-1.000088900581841e-12,0.0,0.0,Train016,10.0
134,1,0,0.0,0.0,0.0,0.0,0.0,0.0,0.0,0.0,0.0,0.0,0.0,0,0,0.0,0.0,0.0,0.0,0.0,0.0,0.0,0.0,0.0,0.0,0.0,0.0,0.0,0.0,Train016,10.0
134,2,1,6.944444444444444e-05,0.0,10.923559536213663,0.0,-10.91940158561851,0.3013668083853865,10.923559536213663,34.26841613833621,0.0,0.0,-1.000088900581841e-12,0,0,1.0,6.944444444444444e-05,0.0,9.023070860131277,0.0,-9.017609185485284,-0.18868418330773365,9.023070860131277,2.841269493748669,0.0,0.0,-1.000088900581841e-12,0.0,0.0,Train016,10.0
134,3,2,0.0001388888888888889,0.0,9.397050924662867,0.5310138624962146,-9.389503191540125,-0.3236457512652061,9.395079390630727,22.847888312119984,0.00021047565007314972,29.081874765547834,0.6931471805579453,0,0,2.0,0.0001388888888888889,0.0,8.369213391232373,0.6206278092004068,-8.361003633569283,0.19761441871240354,8.367426034853981,0.7216582237223144,0.00021672118784357152,28.97222441079383,0.6931471805579453,0.0,0.0,Train016,10.0
134,4,1,6.944444444444444e-05,-2.0,8.723872011704723,0.0,-8.700107180319943,0.6434888713492725,8.723872011704723,7.508759220216978,0.0,0.0,-1.000088900581841e-12,0,2,2.6,0.00018055555555555557,-0.4,8.840574568946064,0.10263423719521018,-4.135632272089506,0.19480751483704956,4.141327668847372,-1.9943341756918944,0.5335685462013232,26.9607562664202,0.8788898309318878,0.0,0.4,Train016,10.0
134,5,1,6.944444444444444e-05,0.0,5.033998693516033,0.0,-4.991968725717619,0.6491464301514226,5.033998693516033,28.846606328529138,0.0,0.0,-1.000088900581841e-12,0,0,1.0,6.944444444444444e-05,0.0,2.9919944971317953,0.0,-2.954920785711464,0.46544885315352325,2.9919944971317953,5.155148036193029,2.2204460492503132e-17,0.0,-1.000088900581841e-12,0.0,0.0,Train016,10.0
135,0,1,6.944444444444444e-05,0.0,10.118780039291222,0.0,10.11454652438935,0.2926740328792177,10.118780039291222,0.7070078400410829,1.1102230246251565e-16,0.0,-1.000088900581841e-12,0,0,1.0,6.944444444444444e-05,0.0,9.372165808169788,0.0,9.37044696658678,0.026571232516660916,9.372165808169788,0.06527730217038367,2.2204460492503132e-17,0.0,-1.000088900581841e-12,0.0,0.0,Train016,10.0
135,1,0,0.0,0.0,0.0,0.0,0.0,0.0,0.0,0.0,0.0,0.0,0.0,0,0,0.0,0.0,0.0,0.0,0.0,0.0,0.0,0.0,0.0,0.0,0.0,0.0,0.0,0.0,Train016,10.0
135,2,1,6.944444444444444e-05,0.0,11.476482486623597,0.0,-11.46572465633562,0.4967981188325692,11.476482486623597,5.529229504099344,0.0,0.0,-1.000088900581841e-12,0,0,1.0,6.944444444444444e-05,0.0,9.41635922452508,0.0,-9.409508817150456,-0.03546132090076963,9.41635922452508,3.9328836439380304,0.0,0.0,-1.000088900581841e-12,0.0,0.0,Train016,10.0
135,3,2,0.0001388888888888889,0.0,9.647772257675626,0.47204199353790255,-9.629297097765686,-0.518274401647211,9.643234465284014,2.5072133301275823,0.000471475067671534,29.16792084724664,0.6931471805579453,0,0,2.0,0.0001388888888888889,0.0,8.492730597919456,0.579665487857228,-8.482543262924954,0.022731462901737352,8.49034777051972,1.2351720668708197,0.00027626045282196364,28.989719248529656,0.6931471805579453,0.0,0.0,Train016,10.0
135,4,1,6.944444444444444e-05,0.0,8.471781067225303,0.0,-8.443071562612475,0.6968622816608829,8.471781067225303,-2.5209094447941993,0.0,0.0,-1.000088900581841e-12,0,0,2.2,0.00015277777777777777,-0.4,8.576470865414688,0.07335656821783433,-5.162614648133109,0.3210240493467332,5.173921162242559,-2.9495569986771124,0.40018673136128174,20.17689264100242,0.6591673731986658,0.0,0.4,Train016,10.0
135,5,1,6.944444444444444e-05,0.0,5.653664760679235,0.0,-5.6092825846165635,0.7070177593692505,5.653664760679235,6.196660671632026,0.0,0.0,-1.000088900581841e-12,0,0,1.0,6.944444444444444e-05,0.0,3.572429171429955,0.0,-3.5358252286288234,0.5058620677679005,3.572429171429955,5.804346742981599,2.2204460492503132e-17,0.0,-1.000088900581841e-12,0.0,0.0,Train016,10.0
136,0,1,6.944444444444444e-05,0.0,9.545901333413552,0.0,9.540927995963552,0.30809940458488727,9.545901333413552,-5.728787058776703,0.0,0.0,-1.000088900581841e-12,0,0,1.0,6.944444444444444e-05,0.0,9.353115754111352,0.0,9.3505816385175,0.11449304700656734,9.35311575411135,-0.19050054058436244,2.2204460492503132e-17,0.0,-1.000088900581841e-12,0.0,0.0,Train016,10.0
136,1,0,0.0,0.0,0.0,0.0,0.0,0.0,0.0,0.0,0.0,0.0,0.0,0,0,0.0,0.0,0.0,0.0,0.0,0.0,0.0,0.0,0.0,0.0,0.0,0.0,0.0,0.0,Train016,10.0
136,2,1,6.944444444444444e-05,0.0,10.9926635479916,0.0,-10.979620674225476,0.5353332882082031,10.9926635479916,-4.838189386319964,1.1102230246251565e-16,0.0,-1.000088900581841e-12,0,0,1.0,6.944444444444444e-05,0.0,9.82429697532798,0.0,-9.816057361478128,0.1376757728223301,9.82429697532798,4.079377508029008,2.2204460492503132e-17,0.0,-1.000088900581841e-12,0.0,0.0,Train016,10.0
136,3,2,0.0001388888888888889,0.0,9.167456570798478,0.42294144919073506,-9.145246377858118,-0.5552834371118434,9.1620887906229,-4.803156868771463,0.0005867748484511548,29.203747013559287,0.6931471805579453,0,0,2.0,0.0001388888888888889,0.0,8.626983126805772,0.5291117587156765,-8.61411464654186,-0.1571170101676437,8.623894284715693,1.3425252888631676,0.0003500804983963768,29.042955754864174,0.6931471805579453,0.0,0.0,Train016,10.0
136,4,1,6.944444444444444e-05,0.0,7.885388738444468,0.0,-7.856502451085911,0.6743328499101331,7.885388738444468,-5.863923287808346,0.0,0.0,-1.000088900581841e-12,0,0,1.8,0.00012500000000000003,-0.4,8.294717159649931,0.04653428666359403,-6.106387030934126,0.43828098041844504,6.123223771064145,-3.1260570210109013,0.26679426844226006,13.441826331417598,0.43944491546544384,0.0,0.4,Train016,10.0
136,5,1,6.944444444444444e-05,0.0,5.491337442199963,0.0,-5.449052474190781,0.6801573623967851,5.491337442199963,-1.6232731847927262,0.0,0.0,-1.000088900581841e-12,0,0,1.0,6.944444444444444e-05,0.0,4.14478544614977,0.0,-4.107184431062021,0.5536276798013373,4.14478544614977,5.723562747198146,2.2204460492503132e-17,0.0,-1.000088900581841e-12,0.0,0.0,Train016,10.0
137,0,1,6.944444444444444e-05,0.0,8.78376969228783,0.0,8.778805774724175,0.2952612010131131,8.78376969228783,-7.621316411257215,0.0,0.0,-1.000088900581841e-12,0,0,1.0,6.944444444444444e-05,0.0,9.32669459779769,0.0,9.323326554192182,0.19734673908299366,9.326694597797689,-0.2642115631366188,2.2204460492503132e-17,0.0,-1.000088900581841e-12,0.0,0.0,Train016,10.0
137,1,0,0.0,0.0,0.0,0.0,0.0,0.0,0.0,0.0,0.0,0.0,0.0,0,0,0.0,0.0,0.0,0.0,0.0,0.0,0.0,0.0,0.0,0.0,0.0,0.0,0.0,0.0,Train016,10.0
137,2,1,6.944444444444444e-05,0.0,10.177114549248541,0.0,-10.163966073987691,0.5171597387206377,10.177114549248541,-8.155489987430595,0.0,0.0,-1.000088900581841e-12,0,0,1.0,6.944444444444444e-05,0.0,10.21330760849149,0.0,-10.20377822027285,0.30751802352001023,10.21330760849149,3.890106331635085,2.2204460492503132e-17,0.0,-1.000088900581841e-12,0.0,0.0,Train016,10.0
137,3,2,0.0001388888888888889,0.0,8.46085793731108,0.38087455217476585,-8.438523424763238,-0.5354148339369711,8.455492098906937,-7.065986334874008,0.0006354837265003521,29.219655432724124,0.6931471805579453,0,0,2.0,0.0001388888888888889,0.0,8.757079956779783,0.47818993833018564,-8.741419540763054,-0.3280937107553899,8.753285332377157,1.3009682997401193,0.0004298256050103033,29.109317392108323,0.6931471805579453,0.0,0.0,Train016,10.0
137,4,1,6.944444444444444e-05,0.0,7.217399231087121,0.0,-7.1901311130308345,0.62679042615769,7.217399231087121,-6.6798950735734675,0.0,0.0,-1.000088900581841e-12,0,0,1.4,9.722222222222223e-05,-0.4,8.023435431292594,0.022130832501871256,-6.965678352291886,0.5455214241414315,6.987685193691408,-3.0213372469367132,0.13339791059404965,6.72028935697431,0.21972245773222188,0.0,0.4,Train016,10.0
137,5,1,6.944444444444444e-05,0.0,5.084545388867662,0.0,-5.045676142157665,0.6274982708472975,5.084545388867662,-4.067920533323006,0.0,0.0,-1.000088900581841e-12,0,0,1.0,6.944444444444444e-05,0.0,4.682576869185202,0.0,-4.643538143873455,0.6014654670752685,4.682576869185202,5.377914230354326,2.2204460492503132e-17,0.0,-1.000088900581841e-12,0.0,0.0,Train016,10.0
138,0,1,6.944444444444444e-05,0.0,8.001135938106563,0.0,7.9964640010551875,0.27338577118942586,8.001135938106563,-7.8263375418126735,0.0,0.0,-1.000088900581841e-12,0,0,1.0,6.944444444444444e-05,0.0,9.299533251677257,0.0,9.295373199634563,0.2735504245029442,9.299533251677255,-0.2716134612043383,2.2204460492503132e-17,0.0,-1.000088900581841e-12,0.0,0.0,Train016,10.0
138,1,0,0.0,0.0,0.0,0.0,0.0,0.0,0.0,0.0,0.0,0.0,0.0,0,0,0.0,0.0,0.0,0.0,0.0,0.0,0.0,0.0,0.0,0.0,0.0,0.0,0.0,0.0,Train016,10.0
138,2,1,6.944444444444444e-05,0.0,9.294472140320174,0.0,-9.282049680903114,0.4803811907581926,9.294472140320174,-8.826424089283673,0.0,0.0,-1.000088900581841e-12,0,0,1.0,6.944444444444444e-05,0.0,10.572858452079515,0.0,-10.562152534214082,0.4662078289809978,10.572858452079515,3.5955084358802645,2.2204460492503132e-17,0.0,-1.000088900581841e-12,0.0,0.0,Train016,10.0
138,3,2,0.0001388888888888889,0.0,7.717245194105174,0.34381997818376764,-7.69616276849443,-0.49697891657158144,7.7121922565945225,-7.436127432059045,0.0006560618694229081,29.2276617983292,0.6931471805579453,0,0,2.0,0.0001388888888888889,0.0,8.878076576910646,0.43013836711667713,-8.859746572084322,-0.48591946810656256,8.87361740040782,1.2099662013086103,0.0005120542324238197,29.180171971481418,0.6931471805579453,0.0,0.0,Train016,10.0
138,4,1,6.944444444444444e-05,0.0,6.560425248153612,0.0,-6.535321564696862,0.5733685399632011,6.560425248153612,-6.569739829335095,0.0,0.0,-1.000088900581841e-12,0,0,1.0,6.944444444444444e-05,-0.4,7.771773259323045,0.0,-7.7450267743492045,0.6429685938082359,7.771773259323045,-2.8251416830588245,0.0,0.0,-1.000088900581841e-12,0.0,0.4,Train016,10.0
138,5,1,6.944444444444444e-05,0.0,4.625773124856891,0.0,-4.590514310741427,0.5700485641824276,4.625773124856891,-4.587722640107712,1.1102230246251565e-16,0.0,-1.000088900581841e-12,0,0,1.0,6.944444444444444e-05,0.0,5.177863882023956,0.0,-5.137298847484811,0.6467736773894366,5.177863882023956,4.952870128387543,2.2204460492503132e-17,0.0,-1.000088900581841e-12,0.0,0.0,Train016,10.0
139,0,1,6.944444444444444e-05,0.0,9.333952894947027,0.0,9.318050385472363,0.5446224920881692,9.333952894947027,13.32816956840464,0.0,0.0,-1.000088900581841e-12,0,0,1.0,6.944444444444444e-05,0.0,9.156707979609239,0.0,9.149758936320925,0.3428085803509626,9.156707979609239,-1.4282527206801732,2.2204460492503132e-17,0.0,-1.000088900581841e-12,0.0,0.0,Train016,10.0
139,1,0,0.0,0.0,0.0,0.0,0.0,0.0,0.0,0.0,0.0,0.0,0.0,0,0,0.0,0.0,0.0,0.0,0.0,0.0,0.0,0.0,0.0,0.0,0.0,0.0,0.0,0.0,Train016,10.0
139,2,1,6.944444444444444e-05,0.0,10.492325202888626,0.0,-10.491327174905322,0.14471445078145023,10.492325202888626,11.97853062568452,1.1102230246251565e-16,0.0,-1.000088900581841e-12,0,0,1.0,6.944444444444444e-05,0.0,10.486611585414508,0.0,-10.476537652071444,0.4348773574602106,10.486611585414508,-0.8624686666500729,4.4408920985006264e-17,0.0,-1.000088900581841e-12,0.0,0.0,Train016,10.0
139,3,2,0.0001388888888888889,0.0,9.503992286865515,0.7749013363962156,-9.488828876860541,0.13473369744599922,9.489785383430437,17.867470927603406,0.001504846800501447,28.552131505796453,0.6931471805579453,0,0,2.0,0.0001388888888888889,0.0,8.899464849351173,0.47891586189667734,-8.879611709148403,-0.3942435783643215,8.892558598967764,0.21388272440529477,0.0007709284625094792,29.074223319531143,0.6931471805579453,0.0,0.0,Train016,10.0
139,4,3,0.00020833333333333335,2.0,9.985026995424962,0.6385705800252471,-3.2712625651227722,-0.04512740771437345,3.271573818959407,26.029105671442032,0.6665733530035105,31.545073781473395,1.0986122886651097,2,0,1.4,9.722222222222222e-05,0.4,8.024004256067093,0.12771411600504942,-6.65925785130977,0.5052453379955069,6.681313620773982,0.8789276071861863,0.1333146706007021,6.309014756294679,0.21972245773222188,0.4,0.0,Train016,10.0
139,5,2,0.0001388888888888889,1.0,3.5239849736131674,3.5239849736131674,-3.4777036383361914,0.5692517001771815,3.5239849736131674,24.22196822369444,0.9189653205657428,10.806177946361418,0.6931471805579453,1,0,1.2,8.333333333333333e-05,0.2,4.875861138043383,0.7047969947226335,-4.834445830008525,0.6307947313945885,4.875861138043383,4.027942507420605,0.18379306411314858,2.1612355892722834,0.13862943611078898,0.2,0.0,Train016,10.0
140,0,1,6.944444444444444e-05,0.0,9.246872662566235,0.0,9.226955114189217,0.606591591148635,9.246872662566235,-0.8708023238079221,1.1102230246251565e-16,0.0,-1.000088900581841e-12,0,0,1.0,6.944444444444444e-05,0.0,8.982326504264242,0.0,8.972240654280899,0.4055920920048461,8.98232650426424,-1.7438147534499742,2.2204460492503132e-17,0.0,-1.000088900581841e-12,0.0,0.0,Train016,10.0
140,1,0,0.0,0.0,0.0,0.0,0.0,0.0,0.0,0.0,0.0,0.0,0.0,0,0,0.0,0.0,0.0,0.0,0.0,0.0,0.0,0.0,0.0,0.0,0.0,0.0,0.0,0.0,Train016,10.0
140,2,1,6.944444444444444e-05,0.0,10.29284395044364,0.0,-10.292825079127713,0.01970986209496742,10.29284395044364,-1.9948125244498627,0.0,0.0,-1.000088900581841e-12,0,0,1.0,6.944444444444444e-05,0.0,10.249883878178517,0.0,-10.241957736629864,0.3394597061126902,10.249883878178517,-2.367277072359914,4.4408920985006264e-17,0.0,-1.000088900581841e-12,0.0,0.0,Train016,10.0
140,3,2,0.0001388888888888889,0.0,9.57476612237096,0.8840381796871624,-9.551944043979775,0.3460154535438916,9.558209126892542,0.7077383550544436,0.0017441135140807695,28.306539716655955,0.6931471805579453,0,0,2.0,0.0001388888888888889,0.0,8.88486362229024,0.5613150991265293,-8.86414109839122,-0.22138560732610096,8.875553531289468,-0.14601227060933297,0.0010254561517913264,28.901947093413003,0.6931471805579453,0.0,0.0,Train016,10.0
140,4,3,0.00020833333333333335,0.0,9.833107981232585,0.33931162685451294,-3.39812611283577,-0.11553332778195675,3.400089561844616,-1.5191901419237712,0.6665124438356789,31.13708998429377,1.0986122886651097,0,0,1.8,0.000125,0.4,8.29626963886855,0.19557644137595204,-5.650268761354431,0.34276621610693886,5.666975319697845,1.079271467760272,0.26661715936783786,12.536432753153433,0.43944491546544384,0.4,0.0,Train016,10.0
140,5,2,0.0001388888888888889,0.0,3.720616509414851,3.720616509414851,-3.6666949442670744,0.6311381749004126,3.720616509414851,1.9663153580168347,0.9148746731195416,11.619940989063824,0.6931471805579453,0,0,1.4,9.722222222222222e-05,0.2,4.489251487790506,1.4489202966056038,-4.445928301938627,0.6156188145008208,4.489251487790506,3.1818734446975663,0.3667679987370569,4.485223787085049,0.27725887222257806,0.2,0.0,Train016,10.0
141,0,1,6.944444444444444e-05,0.0,8.671554566165877,0.0,8.651301193411818,0.5923227624053558,8.671554566165877,-5.7531809640035725,1.1102230246251565e-16,0.0,-1.000088900581841e-12,0,0,1.0,6.944444444444444e-05,0.0,8.807457150814706,0.0,8.794315293770552,0.46243676356893976,8.807457150814704,-1.748693534495348,4.4408920985006264e-17,0.0,-1.000088900581841e-12,0.0,0.0,Train016,10.0
141,1,0,0.0,0.0,0.0,0.0,0.0,0.0,0.0,0.0,0.0,0.0,0.0,0,0,0.0,0.0,0.0,0.0,0.0,0.0,0.0,0.0,0.0,0.0,0.0,0.0,0.0,0.0,Train016,10.0
141,2,1,6.944444444444444e-05,0.0,9.617559317027844,0.0,-9.61752726699255,-0.02482912007958297,9.617559317027844,-6.752846334157958,1.1102230246251565e-16,0.0,-1.000088900581841e-12,0,0,1.0,6.944444444444444e-05,0.0,9.974863031985766,0.0,-9.969539055183278,0.22742722445513297,9.974863031985766,-2.750208461927513,4.4408920985006264e-17,0.0,-1.000088900581841e-12,0.0,0.0,Train016,10.0
141,3,2,0.0001388888888888889,0.0,9.036348863961834,0.8703089748269326,-9.011147554296063,0.3989515402149333,9.019974643907586,-5.384172584091242,0.0018290207912519119,28.218009007430414,0.6931471805579453,0,0,2.0,0.0001388888888888889,0.0,8.85864208092291,0.6507886042537688,-8.837321333678812,-0.030538611860745635,8.847130701946407,-0.2622154136732888,0.0012739053403514778,28.70479949218723,0.6931471805579453,0.0,0.0,Train016,10.0
141,4,3,0.00020833333333333335,0.0,9.21596287175201,0.26498931673381587,-3.2421573871556113,-0.13324359886721104,3.2448942016230338,-6.171451094805735,0.6664920302369727,31.002765079846444,1.0986122886651097,0,0,2.2,0.00015277777777777777,0.4,8.562384465530059,0.2485743047227152,-4.72739974856837,0.18125092635147003,4.738876412333558,1.0177659063607942,0.39991556541523243,18.73698576912272,0.6591673731986658,0.4,0.0,Train016,10.0
141,5,2,0.0001388888888888889,0.0,3.560317698048047,3.560317698048047,-3.507025501168377,0.6137053406878883,3.560317698048047,-1.6029881136680402,0.9134887798293204,11.924010833171977,0.6931471805579453,0,0,1.6,0.00011111111111111112,0.2,4.103047538960124,2.1609838362152134,-4.057522907334147,0.6023284101590415,4.103047538960124,3.1859304589225035,0.5494657547029209,6.870025953719444,0.4158883083343672,0.2,0.0,Train016,10.0
142,0,1,6.944444444444444e-05,0.0,7.960756999108595,0.0,7.9415645609710115,0.5524530050472986,7.960756999108595,-7.107975670572824,0.0,0.0,-1.000088900581841e-12,0,0,1.0,6.944444444444444e-05,0.0,8.64285461217886,0.0,8.626867051019918,0.5138751243757769,8.642854612178859,-1.6460253863584697,4.4408920985006264e-17,0.0,-1.000088900581841e-12,0.0,0.0,Train016,10.0
142,1,0,0.0,0.0,0.0,0.0,0.0,0.0,0.0,0.0,0.0,0.0,0.0,0,0,0.0,0.0,0.0,0.0,0.0,0.0,0.0,0.0,0.0,0.0,0.0,0.0,0.0,0.0,Train016,10.0
142,2,1,6.944444444444444e-05,0.0,8.816659766498026,0.0,-8.816574295038796,-0.03882187844717478,8.816659766498026,-8.008995505298184,0.0,0.0,-1.000088900581841e-12,0,0,1.0,6.944444444444444e-05,0.0,9.70277207543566,0.0,-9.7000606993935,0.11623090102157049,9.70277207543566,-2.7209095655010307,4.4408920985006264e-17,0.0,-1.000088900581841e-12,0.0,0.0,Train016,10.0
142,3,2,0.0001388888888888889,0.0,8.317326325580954,0.8143373125580604,-8.292638156797072,0.393819593633122,8.301984188848838,-7.1902253838088015,0.0018624698782788718,28.188211304011052,0.6931471805579453,0,0,2.0,0.0001388888888888889,0.0,8.829935758576887,0.7374811563304278,-8.808144280085576,0.155308273653273,8.816429119934785,-0.2870632234602475,0.0015193025707071818,28.498510666444616,0.6931471805579453,0.0,0.0,Train016,10.0
142,4,3,0.00020833333333333335,0.0,8.458305705704893,0.23534416658429888,-2.9970360577387978,-0.13153668614940003,2.9999211708292735,-7.576571660471198,0.6664841253998313,30.960145953904373,1.0986122886651097,0,0,2.6,0.00018055555555555555,0.4,8.810565760453612,0.295643138039575,-3.8887807375099626,0.029585503890052017,3.8953808002819885,0.8384305889812479,0.5332123904951986,24.929014959903597,0.8788898309318878,0.4,0.0,Train016,10.0
142,5,2,0.0001388888888888889,0.0,3.2889439895936734,3.2889439895936734,-3.2390995455549705,0.5704267706462706,3.2889439895936734,-2.7137370845437347,0.9129507283809767,12.022936993819572,0.6931471805579453,0,0,1.8,0.000125,0.2,3.743927259105326,2.8187726341339476,-3.6962075880136083,0.5909141101188361,3.743927259105326,3.4567671486783573,0.7320559003791163,9.274613352483358,0.5545177444461562,0.2,0.0,Train016,10.0
143,0,1,6.944444444444444e-05,0.0,7.244899772798478,0.0,7.227204184346039,0.5060557238748767,7.244899772798478,-7.158572263101171,0.0,0.0,-1.000088900581841e-12,0,0,1.0,6.944444444444444e-05,0.0,8.491607379117243,0.0,8.473015087678089,0.560409114912867,8.49160737911724,-1.5124723306161691,4.4408920985006264e-17,0.0,-1.000088900581841e-12,0.0,0.0,Train016,10.0
143,1,0,0.0,0.0,0.0,0.0,0.0,0.0,0.0,0.0,0.0,0.0,0.0,0,0,0.0,0.0,0.0,0.0,0.0,0.0,0.0,0.0,0.0,0.0,0.0,0.0,0.0,0.0,Train016,10.0
143,2,1,6.944444444444444e-05,0.0,8.019320443945894,0.0,-8.019213628265987,-0.04139042065064178,8.019320443945894,-7.973393225521317,0.0,0.0,-1.000088900581841e-12,0,0,1.0,6.944444444444444e-05,0.0,9.447741736160806,0.0,-9.447493488866074,0.011876578739803623,9.447741736160806,-2.5503033927485594,4.4408920985006264e-17,0.0,-1.000088900581841e-12,0.0,0.0,Train016,10.0
143,3,2,0.0001388888888888889,0.0,7.577863411342033,0.7469503208501376,-7.5547855398118795,0.36883902873988933,7.563783893110145,-7.394629142389215,0.0018762264261210637,28.18041312576655,0.6931471805579453,0,0,2.0,0.0001388888888888889,0.0,8.802059402024259,0.8181072248637017,-8.779868834349067,0.3284718627155671,8.78674744723791,-0.27876356552628145,0.0017633354820468128,28.289060931932084,0.6931471805579453,0.0,0.0,Train016,10.0
143,4,3,0.00020833333333333335,0.0,7.694489603247219,0.21326369641257548,-2.7353389185818124,-0.1231875418469313,2.738111423951664,-7.638161024576728,0.6664808954983572,30.950358502850836,1.0986122886651097,0,0,3.0,0.00020833333333333335,0.4,9.037378631472333,0.33829587732209004,-3.1287842082869526,-0.10972571247197446,3.130918035441599,0.6247463499329214,0.66650856959487,31.119086660473762,1.0986122886651097,0.4,0.0,Train016,10.0
143,5,2,0.0001388888888888889,0.0,2.996873033328114,2.996873033328114,-2.9512252904828347,0.5210731836352354,2.996873033328114,-2.9207095626555946,0.9127309026180127,12.04377002430452,0.6931471805579453,0,0,2.0,0.0001388888888888889,0.2,3.4181472407995708,3.4181472407995708,-3.3683497839618894,0.5811190340093976,3.4181472407995708,3.7901697641687813,0.9146020809027189,11.683367357344263,0.6931471805579453,0.2,0.0,Train016,10.0
144,0,1,6.944444444444444e-05,0.0,8.911868822600022,0.0,8.910931435479835,-0.12925503242657477,8.911868822600022,16.66969049801544,0.0,0.0,-1.000088900581841e-12,0,0,1.0,6.944444444444444e-05,0.0,8.407190564647841,0.0,8.391591297679584,0.42563361000991823,8.407190564647841,-0.8441681446940088,4.4408920985006264e-17,0.0,-1.000088900581841e-12,0.0,0.0,Train016,10.0
144,1,0,0.0,0.0,0.0,0.0,0.0,0.0,0.0,0.0,0.0,0.0,0.0,0,0,0.0,0.0,0.0,0.0,0.0,0.0,0.0,0.0,0.0,0.0,0.0,0.0,0.0,0.0,Train016,10.0
144,2,1,6.944444444444444e-05,0.0,9.924432807992787,0.0,-9.921163418116915,0.2547213995374096,9.924432807992787,19.05112364046893,0.0,0.0,-1.000088900581841e-12,0,0,1.0,6.944444444444444e-05,0.0,9.334163257181638,0.0,-9.333460737508393,0.03387796849099549,9.334163257181638,-1.1357847897916777,2.2204460492503132e-17,0.0,-1.000088900581841e-12,0.0,0.0,Train016,10.0
144,3,2,0.0001388888888888889,0.0,8.954475497720376,0.09644671384231351,-8.915504372664708,0.7802600903416699,8.949582338164364,13.766120863783424,0.0005465119015234388,29.265230512084297,0.6931471805579453,0,0,2.0,0.0001388888888888889,0.0,8.692156044195233,0.6824163003529213,-8.665203933509899,0.4575771412947013,8.678706838184695,-1.0990335782902783,0.0015716685022512111,28.431680733189655,0.6931471805579453,0.0,0.0,Train016,10.0
144,4,3,0.00020833333333333335,0.0,9.73490578631355,0.14158131396527596,-3.2675403526951947,-0.21181035754902675,3.274398201816096,20.40416183066331,0.6664179297697408,31.228526002610597,1.0986122886651097,0,0,3.0,0.00020833333333333335,0.0,8.98735438965005,0.2388980241100958,-3.128039765801437,-0.14306230243890514,3.1314829120129364,-0.5002424182228232,0.6664774849481161,31.055777104701207,1.0986122886651097,0.0,0.0,Train016,10.0
144,5,2,0.0001388888888888889,0.0,8.35772568721094,0.8437198801947345,-8.299726820563341,0.9807949952148434,8.357477138384343,53.60852653882825,3.0045006951473496e-05,11.125876957985051,0.6931471805579453,0,0,2.0,0.0001388888888888889,0.0,4.384895383519125,2.882094222115884,-4.332754420407319,0.6634276930169299,4.384845673753806,9.667481427195543,0.7308150257909606,11.747307159668988,0.6931471805579453,0.0,0.0,Train016,10.0
145,0,1,6.944444444444444e-05,0.0,8.976512007622327,0.0,8.96999181152469,-0.34207415010178294,8.976512007622327,0.6464318502230526,1.1102230246251565e-16,0.0,-1.000088900581841e-12,0,0,1.0,6.944444444444444e-05,0.0,8.35311843365906,0.0,8.34019863714668,0.23590046175983467,8.35311843365906,-0.5407213098878139,4.4408920985006264e-17,0.0,-1.000088900581841e-12,0.0,0.0,Train016,10.0
145,1,0,0.0,0.0,0.0,0.0,0.0,0.0,0.0,0.0,0.0,0.0,0.0,0,0,0.0,0.0,0.0,0.0,0.0,0.0,0.0,0.0,0.0,0.0,0.0,0.0,0.0,0.0,Train016,10.0
145,2,1,6.944444444444444e-05,0.0,10.002561067945456,0.0,-9.996696520686394,0.34247129992846986,10.002561067945456,0.781282599526687,0.0,0.0,-1.000088900581841e-12,0,0,1.0,6.944444444444444e-05,0.0,9.276106680682002,0.0,-9.27423502582013,0.09843025605769598,9.276106680682002,-0.5805657649963678,2.2204460492503132e-17,0.0,-1.000088900581841e-12,0.0,0.0,Train016,10.0
145,3,2,0.0001388888888888889,0.0,8.908857923828629,0.1386492761322664,-8.862503230735893,0.8770688619210176,8.905796612507809,-0.4561757389174659,0.00034370882696510563,29.68437890880316,0.6931471805579453,0,0,2.0,0.0001388888888888889,0.0,8.558974404486765,0.5333385196419421,-8.527315770861124,0.5637878229701265,8.548224335307747,-1.3318163970846602,0.0012915875648280783,28.707248571619097,0.6931471805579453,0.0,0.0,Train016,10.0
145,4,3,0.00020833333333333335,0.0,9.870577061060791,0.21645220781708074,-3.2598191499957228,-0.23002152824088629,3.2679245392348197,1.3567127474724099,0.6665549820762154,31.508064879320226,1.0986122886651097,0,0,3.0,0.00020833333333333335,0.0,8.994848205615693,0.21432614030260938,-3.100378373233428,-0.16595994253069105,3.105049907490977,0.07493815965641301,0.6664859925962234,31.129972083706498,1.0986122886651097,0.0,0.0,Train016,10.0
145,5,2,0.0001388888888888889,0.0,8.60070371501063,1.0094341759037704,-8.547137405469918,0.9583592269072634,8.600698241176778,2.4297802779969,6.453295744446308e-07,10.87896837532578,0.6931471805579453,0,0,2.0,0.0001388888888888889,0.0,5.360912824638281,2.339857755413668,-5.308842912647888,0.7288719034183002,5.360862020106191,9.760174411191556,0.5478402202329671,11.59911263692138,0.6931471805579453,0.0,0.0,Train016,10.0
146,0,1,6.944444444444444e-05,0.0,8.471143994752492,0.0,8.461894227140668,-0.39576087289502415,8.471143994752492,-5.053680128698357,1.1102230246251565e-16,0.0,-1.000088900581841e-12,0,0,1.0,6.944444444444444e-05,0.0,8.313036319376383,0.0,8.30231724389245,0.03828373469975869,8.313036319376383,-0.40082114282677067,4.4408920985006264e-17,0.0,-1.000088900581841e-12,0.0,0.0,Train016,10.0
146,1,0,0.0,0.0,0.0,0.0,0.0,0.0,0.0,0.0,0.0,0.0,0.0,0,0,0.0,0.0,0.0,0.0,0.0,0.0,0.0,0.0,0.0,0.0,0.0,0.0,0.0,0.0,Train016,10.0
146,2,1,6.944444444444444e-05,0.0,9.440579272330085,0.0,-9.433986791534664,0.3527466715617915,9.440579272330085,-5.619817956153703,0.0,0.0,-1.000088900581841e-12,0,0,1.0,6.944444444444444e-05,0.0,9.240710671742448,0.0,-9.237526930728553,0.1739454143859709,9.240710671742448,-0.35396008939551676,0.0,0.0,-1.000088900581841e-12,0.0,0.0,Train016,10.0
146,3,2,0.0001388888888888889,0.0,8.368620797502581,0.21241121927662654,-8.32202931679809,0.8589966149200305,8.366244505994967,-5.402371263260477,0.00028413566223262077,29.84347615278839,0.6931471805579453,0,0,2.0,0.0001388888888888889,0.0,8.425428791194914,0.40175896853188087,-8.38949212336153,0.655796837911146,8.417478307725224,-1.335456132918507,0.00098261053902422,29.032342000690686,0.6931471805579453,0.0,0.0,Train016,10.0
146,4,3,0.00020833333333333335,0.0,9.33458174979503,0.23333458214559175,-3.0651775204581484,-0.2227366528620299,3.073259645466055,-5.359953112657602,0.666623824626773,31.626907931843686,1.0986122886651097,0,0,3.0,0.00020833333333333335,0.0,9.018571981224298,0.20799519338496458,-3.0649823998939354,-0.1838585533296548,3.070722996259582,0.23723775608603948,0.6665123514741835,31.254800654105942,1.0986122886651097,0.0,0.0,Train016,10.0
146,5,2,0.0001388888888888889,0.0,7.807955374155322,0.6431632419924926,-7.761185303988059,0.8532723516894138,7.807949220441806,-7.927483408553075,7.935180414975207e-07,10.81877473399816,0.6931471805579453,0,0,2.0,0.0001388888888888889,0.0,6.210440359859736,1.7564268642025571,-6.159674873211825,0.7767853056186054,6.210388324584943,8.49527535221455,0.3651426229707114,11.378065417086615,0.6931471805579453,0.0,0.0,Train016,10.0
147,0,1,6.944444444444444e-05,0.0,7.796784405825757,0.0,7.78697064187206,-0.39106942292940605,7.796784405825757,-6.743595889267349,0.0,0.0,-1.000088900581841e-12,0,0,1.0,6.944444444444444e-05,0.0,8.280241800719814,0.0,8.271398460072657,-0.15042075089558224,8.280241800719814,-0.3279451865656757,4.4408920985006264e-17,0.0,-1.000088900581841e-12,0.0,0.0,Train016,10.0
147,1,0,0.0,0.0,0.0,0.0,0.0,0.0,0.0,0.0,0.0,0.0,0.0,0,0,0.0,0.0,0.0,0.0,0.0,0.0,0.0,0.0,0.0,0.0,0.0,0.0,0.0,0.0,Train016,10.0
147,2,1,6.944444444444444e-05,0.0,8.689429339252039,0.0,-8.68294884750297,0.335531747381586,8.689429339252039,-7.511499330780467,0.0,0.0,-1.000088900581841e-12,0,0,1.0,6.944444444444444e-05,0.0,9.215264586293253,0.0,-9.210801841221386,0.24881613955172305,9.215264586293253,-0.25446085449197325,0.0,0.0,-1.000088900581841e-12,0.0,0.0,Train016,10.0
147,3,2,0.0001388888888888889,0.0,7.688213373521425,0.22554213658671207,-7.644229423086288,0.8021224866404273,7.686198277194802,-6.804074239811571,0.00026232781983515085,29.902354866274514,0.6931471805579453,0,0,2.0,0.0001388888888888889,0.0,8.299606200783009,0.2839999333376112,-8.259810376619372,0.7374574165126069,8.294321125394417,-1.2582259041190609,0.0006625821273354759,29.375170713143383,0.6931471805579453,0.0,0.0,Train016,10.0
147,4,3,0.00020833333333333335,0.0,8.597359936483814,0.22629191500205273,-2.8171092552388948,-0.2070516418953129,2.824707938595455,-7.372218133112168,0.6666542140781733,31.66700354545469,1.0986122886651097,0,0,3.0,0.00020833333333333335,0.0,9.046382827380082,0.20618474306851536,-3.0289970393939543,-0.19896154447883738,3.035680349812818,0.2781084615578456,0.666546369209852,31.396172172416005,1.0986122886651097,0.0,0.0,Train016,10.0
147,5,2,0.0001388888888888889,0.0,6.896074754599826,0.30555296889096084,-6.855475490095058,0.7470410023224996,6.896057892335669,-9.118806195554964,2.4500073246835896e-06,10.81163149150707,0.6931471805579453,0,0,2.0,0.0001388888888888889,0.0,6.9318665128609664,1.1597486600620144,-6.882950062119842,0.8121081519538512,6.931811105133342,7.214261530012306,0.18255296729598097,11.135804316624116,0.6931471805579453,0.0,0.0,Train016,10.0
148,0,1,6.944444444444444e-05,0.0,7.1034047232215105,0.0,7.093948868409404,-0.36639884590238897,7.1034047232215105,-6.933796826042462,1.1102230246251565e-16,0.0,-1.000088900581841e-12,0,0,1.0,6.944444444444444e-05,0.0,8.251942790804423,0.0,8.244747396885332,-0.3249116648510354,8.25194279080442,-0.28299009915393397,6.661338147750939e-17,0.0,-1.000088900581841e-12,0.0,0.0,Train016,10.0
148,1,0,0.0,0.0,0.0,0.0,0.0,0.0,0.0,0.0,0.0,0.0,0.0,0,0,0.0,0.0,0.0,0.0,0.0,0.0,0.0,0.0,0.0,0.0,0.0,0.0,0.0,0.0,Train016,10.0
148,2,1,6.944444444444444e-05,0.0,7.916868067795115,0.0,-7.9108045915823535,0.3097914083274775,7.916868067795115,-7.725612714569232,0.0,0.0,-1.000088900581841e-12,0,0,1.0,6.944444444444444e-05,0.0,9.194774111063097,0.0,-9.18912003388466,0.3190525053473469,9.194774111063097,-0.2049047523015563,0.0,0.0,-1.000088900581841e-12,0.0,0.0,Train016,10.0
148,3,2,0.0001388888888888889,0.0,6.999199048166657,0.2168197411029067,-6.958702705131035,0.7351335694669431,6.997425576835755,-6.890143253547674,0.0002536254555073336,29.922899971172136,0.6931471805579453,0,0,2.0,0.0001388888888888889,0.0,8.183873328147934,0.17797381738816503,-8.140593809683203,0.8107163246580178,8.181049462139539,-1.1573287263507526,0.0003380619332127299,29.7236680822245,0.6931471805579453,0.0,0.0,Train016,10.0
148,4,3,0.00020833333333333335,0.0,7.834096434939496,0.21102372793456325,-2.565098398099991,-0.18938711420079077,2.57208033913415,-7.632635015443182,0.6666672745062467,31.675570896400405,1.0986122886651097,0,0,3.0,0.00020833333333333335,0.0,9.074304193718536,0.2057367493729129,-2.9949489352975904,-0.2122014589496093,3.0024741328493154,0.27921366338455494,0.6665836450114299,31.54121465112592,1.0986122886651097,0.0,0.0,Train016,10.0
148,5,2,0.0001388888888888889,0.0,6.0691169824498985,0.06909775027469323,-6.0336838429097766,0.6546677132987797,6.069096352096112,-8.269577721499273,3.399675493565013e-06,10.817598158347048,0.6931471805579453,0,0,2.0,0.0001388888888888889,0.0,7.546315302685324,0.5741936034513303,-7.4994417726052305,0.83882705788656,7.546255768886942,6.14448789824357,7.46670747713285e-06,10.89056994343262,0.6931471805579453,0.0,0.0,Train016,10.0
149,0,0,0.0,-1.0,0.0,0.0,0.0,0.0,0.0,0.0,0.0,0.0,0.0,0,1,0.8,5.5555555555555545e-05,-0.2,6.469569026284418,0.0,6.462561109789364,-0.2990606583657204,6.469569026284416,-3.616928198757022,6.661338147750939e-17,0.0,-8.000711204654728e-13,0.0,0.2,Train016,10.0
149,1,1,6.944444444444444e-05,1.0,11.225844577191337,0.0,-10.077487753149486,-4.946092099463804,11.225844577191337,36.74538967364123,0.0,0.0,-1.000088900581841e-12,1,0,0.2,1.388888888888889e-05,0.2,2.2451689154382675,0.0,-2.015497550629897,-0.9892184198927607,2.2451689154382675,7.349077934728244,0.0,0.0,-2.000177801163682e-13,0.2,0.0,Train016,10.0
149,2,1,6.944444444444444e-05,0.0,10.432870577829746,0.0,-10.416893685112038,0.5771606767777343,10.432870577829746,25.16002510034631,0.0,0.0,-1.000088900581841e-12,0,0,1.0,6.944444444444444e-05,0.0,9.296461665030488,0.0,-9.288266087283684,0.3835403607954118,9.296461665030488,1.01687553967392,0.0,0.0,-1.000088900581841e-12,0.0,0.0,Train016,10.0
149,3,2,0.0001388888888888889,0.0,9.27599404120299,0.09321671834900691,-9.256324684068698,0.22676426988526036,9.259101937606912,22.767949930363336,0.0018212399811187163,29.683895722323086,0.6931471805579453,0,0,2.0,0.0001388888888888889,0.0,8.248177036844456,0.17732781828950372,-8.208757871964002,0.7000171605667359,8.242953382028048,0.64303708696523,0.0005930075491317854,29.807401124272257,0.6931471805579453,0.0,0.0,Train016,10.0
149,4,2,0.0001388888888888889,-1.0,9.453348791776467,0.6609937692530101,0.6648625889368729,0.293976252632253,0.726955500205854,14.77856944280829,0.9679143101668614,39.06000300409004,0.6931471805579453,0,1,2.8,0.00019444444444444443,-0.2,9.017992794811118,0.30961924043045974,-2.208468346971177,-0.11104413691335333,2.492985592527267,-0.8459048141864486,0.726882921090854,33.10751005142181,1.0175192670436768,0.0,0.2,Train016,10.0
149,5,1,6.944444444444444e-05,-1.0,8.97675455650035,0.0,-8.971059974005769,-0.31969565283467033,8.97675455650035,29.767353243251442,0.0,0.0,-1.000088900581841e-12,0,1,1.8,0.00012499999999999998,-0.2,7.6701210765432055,0.40544962741238344,-7.633708403293715,0.5787289282766572,7.670111252510142,1.3762532391282079,1.4577060868381508e-06,8.665394551835611,0.5545177444461563,0.0,0.2,Train016,10.0
