frame_idx,zone_id,count,density,delta_count,speed_mean,speed_std,flow_x,flow_y,flow_magnitude,accel_mean,flow_divergence,compression,spatial_entropy,zone_inflow,zone_outflow,count_sm,density_sm,delta_count_sm,speed_mean_sm,speed_std_sm,flow_x_sm,flow_y_sm,flow_magnitude_sm,accel_mean_sm,flow_divergence_sm,compression_sm,spatial_entropy_sm,zone_inflow_sm,zone_outflow_sm,vid_id,fps
0,0,3,0.00020833333333333335,0.0,0.0,0.0,0.0,0.0,0.0,0.0,0.0,37.4634499470986,1.0986122886651097,3,0,3.0,0.00020833333333333335,0.0,0.0,0.0,0.0,0.0,0.0,0.0,0.0,37.4634499470986,1.0986122886651097,3.0,0.0,Train008,10.0
0,1,2,0.0001388888888888889,0.0,0.0,0.0,0.0,0.0,0.0,0.0,0.0,37.58324094593227,0.6931471805579453,2,0,2.0,0.0001388888888888889,0.0,0.0,0.0,0.0,0.0,0.0,0.0,0.0,37.58324094593227,0.6931471805579453,2.0,0.0,Train008,10.0
0,2,1,6.944444444444444e-05,0.0,0.0,0.0,0.0,0.0,0.0,0.0,0.0,0.0,-1.000088900581841e-12,1,0,1.0,6.944444444444444e-05,0.0,0.0,0.0,0.0,0.0,0.0,0.0,0.0,0.0,-1.000088900581841e-12,1.0,0.0,Train008,10.0
0,3,1,6.944444444444444e-05,0.0,0.0,0.0,0.0,0.0,0.0,0.0,0.0,0.0,-1.000088900581841e-12,1,0,1.0,6.944444444444444e-05,0.0,0.0,0.0,0.0,0.0,0.0,0.0,0.0,0.0,-1.000088900581841e-12,1.0,0.0,Train008,10.0
0,4,2,0.0001388888888888889,0.0,0.0,0.0,0.0,0.0,0.0,0.0,0.0,10.816653826391969,0.6931471805579453,2,0,2.0,0.0001388888888888889,0.0,0.0,0.0,0.0,0.0,0.0,0.0,0.0,10.816653826391969,0.6931471805579453,2.0,0.0,Train008,10.0
0,5,1,6.944444444444444e-05,0.0,0.0,0.0,0.0,0.0,0.0,0.0,0.0,0.0,-1.000088900581841e-12,1,0,1.0,6.944444444444444e-05,0.0,0.0,0.0,0.0,0.0,0.0,0.0,0.0,0.0,-1.000088900581841e-12,1.0,0.0,Train008,10.0
1,0,3,0.00020833333333333335,0.0,0.0,0.0,0.0,0.0,0.0,0.0,0.0,37.4634499470986,1.0986122886651097,0,0,3.0,0.00020833333333333335,0.0,0.0,0.0,0.0,0.0,0.0,0.0,0.0,37.4634499470986,1.0986122886651097,1.5,0.0,Train008,10.0
1,1,2,0.0001388888888888889,0.0,0.0,0.0,0.0,0.0,0.0,0.0,0.0,37.58324094593227,0.6931471805579453,0,0,2.0,0.0001388888888888889,0.0,0.0,0.0,0.0,0.0,0.0,0.0,0.0,37.58324094593227,0.6931471805579453,1.0,0.0,Train008,10.0
1,2,1,6.944444444444444e-05,0.0,0.0,0.0,0.0,0.0,0.0,0.0,0.0,0.0,-1.000088900581841e-12,0,0,1.0,6.944444444444444e-05,0.0,0.0,0.0,0.0,0.0,0.0,0.0,0.0,0.0,-1.000088900581841e-12,0.5,0.0,Train008,10.0
1,3,1,6.944444444444444e-05,0.0,0.0,0.0,0.0,0.0,0.0,0.0,0.0,0.0,-1.000088900581841e-12,0,0,1.0,6.944444444444444e-05,0.0,0.0,0.0,0.0,0.0,0.0,0.0,0.0,0.0,-1.000088900581841e-12,0.5,0.0,Train008,10.0
1,4,2,0.0001388888888888889,0.0,0.0,0.0,0.0,0.0,0.0,0.0,0.0,10.816653826391969,0.6931471805579453,0,0,2.0,0.0001388888888888889,0.0,0.0,0.0,0.0,0.0,0.0,0.0,0.0,10.816653826391969,0.6931471805579453,1.0,0.0,Train008,10.0
1,5,1,6.944444444444444e-05,0.0,0.0,0.0,0.0,0.0,0.0,0.0,0.0,0.0,-1.000088900581841e-12,0,0,1.0,6.944444444444444e-05,0.0,0.0,0.0,0.0,0.0,0.0,0.0,0.0,0.0,-1.000088900581841e-12,0.5,0.0,Train008,10.0
2,0,3,0.00020833333333333335,0.0,0.0,0.0,0.0,0.0,0.0,0.0,0.0,37.4634499470986,1.0986122886651097,0,0,3.0,0.00020833333333333335,0.0,0.0,0.0,0.0,0.0,0.0,0.0,0.0,37.4634499470986,1.0986122886651097,1.0,0.0,Train008,10.0
2,1,2,0.0001388888888888889,0.0,0.0,0.0,0.0,0.0,0.0,0.0,0.0,37.58324094593227,0.6931471805579453,0,0,2.0,0.0001388888888888889,0.0,0.0,0.0,0.0,0.0,0.0,0.0,0.0,37.58324094593227,0.6931471805579453,0.6666666666666666,0.0,Train008,10.0
2,2,1,6.944444444444444e-05,0.0,0.0,0.0,0.0,0.0,0.0,0.0,0.0,0.0,-1.000088900581841e-12,0,0,1.0,6.944444444444444e-05,0.0,0.0,0.0,0.0,0.0,0.0,0.0,0.0,0.0,-1.000088900581841e-12,0.3333333333333333,0.0,Train008,10.0
2,3,1,6.944444444444444e-05,0.0,0.0,0.0,0.0,0.0,0.0,0.0,0.0,0.0,-1.000088900581841e-12,0,0,1.0,6.944444444444444e-05,0.0,0.0,0.0,0.0,0.0,0.0,0.0,0.0,0.0,-1.000088900581841e-12,0.3333333333333333,0.0,Train008,10.0
2,4,2,0.0001388888888888889,0.0,0.0,0.0,0.0,0.0,0.0,0.0,0.0,10.816653826391969,0.6931471805579453,0,0,2.0,0.0001388888888888889,0.0,0.0,0.0,0.0,0.0,0.0,0.0,0.0,10.816653826391969,0.6931471805579453,0.6666666666666666,0.0,Train008,10.0
2,5,1,6.944444444444444e-05,0.0,0.0,0.0,0.0,0.0,0.0,0.0,0.0,0.0,-1.000088900581841e-12,0,0,1.0,6.944444444444444e-05,0.0,0.0,0.0,0.0,0.0,0.0,0.0,0.0,0.0,-1.000088900581841e-12,0.3333333333333333,0.0,Train008,10.0
3,0,3,0.00020833333333333335,0.0,0.0,0.0,0.0,0.0,0.0,0.0,0.0,37.4634499470986,1.0986122886651097,0,0,3.0,0.00020833333333333335,0.0,0.0,0.0,0.0,0.0,0.0,0.0,0.0,37.4634499470986,1.0986122886651097,0.75,0.0,Train008,10.0
3,1,2,0.0001388888888888889,0.0,0.0,0.0,0.0,0.0,0.0,0.0,0.0,37.58324094593227,0.6931471805579453,0,0,2.0,0.0001388888888888889,0.0,0.0,0.0,0.0,0.0,0.0,0.0,0.0,37.58324094593227,0.6931471805579453,0.5,0.0,Train008,10.0
3,2,1,6.944444444444444e-05,0.0,0.0,0.0,0.0,0.0,0.0,0.0,0.0,0.0,-1.000088900581841e-12,0,0,1.0,6.944444444444444e-05,0.0,0.0,0.0,0.0,0.0,0.0,0.0,0.0,0.0,-1.000088900581841e-12,0.25,0.0,Train008,10.0
3,3,1,6.944444444444444e-05,0.0,0.0,0.0,0.0,0.0,0.0,0.0,0.0,0.0,-1.000088900581841e-12,0,0,1.0,6.944444444444444e-05,0.0,0.0,0.0,0.0,0.0,0.0,0.0,0.0,0.0,-1.000088900581841e-12,0.25,0.0,Train008,10.0
3,4,2,0.0001388888888888889,0.0,0.0,0.0,0.0,0.0,0.0,0.0,0.0,10.816653826391969,0.6931471805579453,0,0,2.0,0.0001388888888888889,0.0,0.0,0.0,0.0,0.0,0.0,0.0,0.0,10.816653826391969,0.6931471805579453,0.5,0.0,Train008,10.0
3,5,1,6.944444444444444e-05,0.0,0.0,0.0,0.0,0.0,0.0,0.0,0.0,0.0,-1.000088900581841e-12,0,0,1.0,6.944444444444444e-05,0.0,0.0,0.0,0.0,0.0,0.0,0.0,0.0,0.0,-1.000088900581841e-12,0.25,0.0,Train008,10.0
4,0,2,0.0001388888888888889,-1.0,12.218560234701307,3.3207672185893253,-11.958349133852584,-2.1102969059739856,12.14312427007466,122.18560234701307,0.006667938619321578,53.229045430435605,0.6931471805579453,0,1,2.8,0.00019444444444444446,-0.2,2.4437120469402616,0.6641534437178651,-2.3916698267705168,-0.42205938119479713,2.4286248540149318,24.437120469402615,0.0013335877238643157,40.616569043766006,1.0175192670436768,0.6,0.2,Train008,10.0
4,1,2,0.0001388888888888889,0.0,7.865626683499552,0.6919966148089971,-7.737755321904614,-1.4068646039826571,7.864612224108856,78.65626683499552,0.00012997986245733006,37.972851403612154,0.6931471805579453,0,0,2.0,0.0001388888888888889,0.0,1.5731253366999103,0.1383993229617994,-1.5475510643809227,-0.2813729207965314,1.5729224448217711,15.731253366999104,2.5995972491466012e-05,37.66116303746825,0.6931471805579453,0.4,0.0,Train008,10.0
4,2,1,6.944444444444444e-05,0.0,5.800651363163256,0.0,5.6274584159306285,1.4068646039826571,5.800651363163256,58.00651363163256,0.0,0.0,-1.000088900581841e-12,0,0,1.0,6.944444444444444e-05,0.0,1.1601302726326512,0.0,1.1254916831861257,0.2813729207965314,1.1601302726326512,11.601302726326512,0.0,0.0,-1.000088900581841e-12,0.2,0.0,Train008,10.0
4,3,3,0.00020833333333333335,2.0,3.316011672291545,4.689548679942191,3.2826840759595335,-0.46895486799421904,3.3160116722915456,99.48035016874636,0.0022359455793912186,36.57129905805265,1.0986122886651097,2,0,1.4,9.722222222222222e-05,0.4,0.663202334458309,0.9379097359884382,0.6565368151919067,-0.09379097359884381,0.6632023344583091,19.89607003374927,0.0004471891158782437,7.314259811610531,0.21972245773222188,0.6,0.0,Train008,10.0
4,4,1,6.944444444444444e-05,-1.0,10.987963817300091,0.0,7.034323019913286,-8.441187623895942,10.987963817300091,109.87963817300091,1.1102230246251565e-16,0.0,-1.000088900581841e-12,0,1,1.8,0.000125,-0.2,2.197592763460018,0.0,1.4068646039826571,-1.6882375247791885,2.197592763460018,21.975927634600183,2.2204460492503132e-17,8.653323061113575,0.5545177444461562,0.4,0.2,Train008,10.0
4,5,0,0.0,-1.0,0.0,0.0,0.0,0.0,0.0,0.0,0.0,0.0,0.0,0,1,0.8,5.555555555555556e-05,-0.2,0.0,0.0,0.0,0.0,0.0,0.0,0.0,0.0,-8.000711204654728e-13,0.2,0.2,Train008,10.0
5,0,2,0.0001388888888888889,0.0,11.668709591226406,3.1713284993868767,-11.42020831858106,-2.015330879749599,11.596668340288963,-5.498506434749011,0.006667938619321578,52.652817824419856,0.6931471805579453,0,0,2.6,0.00018055555555555555,-0.2,4.7774539651855426,1.2984191435952404,-4.675711490486729,-0.8251255571447169,4.747958522072724,23.337419182452813,0.0026671754477286314,43.65444261923025,0.936426245422244,0.0,0.2,Train008,10.0
5,1,2,0.0001388888888888889,0.0,7.511663547894376,0.6608558931014965,-7.389546559081863,-1.343553919833066,7.510694740457596,-3.5396313560517623,0.00012997986245733006,38.090236155502026,0.6931471805579453,0,0,2.0,0.0001388888888888889,0.0,3.0754580462787855,0.2705705015820987,-3.0254603761972954,-0.5500837047631446,3.07506139291329,15.023327095788753,5.1991944982932024e-05,37.7625620793822,0.6931471805579453,0.0,0.0,Train008,10.0
5,2,1,6.944444444444444e-05,0.0,5.539614725184373,0.0,5.374215679332264,1.343553919833066,5.539614725184373,-2.610366379788829,0.0,0.0,-1.000088900581841e-12,0,0,1.0,6.944444444444444e-05,0.0,2.268053217669526,0.0,2.2003348190525784,0.5500837047631446,2.268053217669526,11.079229450368747,0.0,0.0,-1.000088900581841e-12,0.0,0.0,Train008,10.0
5,3,3,0.00020833333333333335,0.0,3.166786958679093,4.478513066110219,3.1349591462771538,-0.44785130661102196,3.166786958679093,-1.4922471361245233,0.0022359455793912186,37.085085056170676,1.0986122886651097,0,0,1.8,0.000125,0.4,1.2965597261941277,1.8336123492104819,1.2835286444473375,-0.1833612349210482,1.2965597261941277,19.597620606524366,0.0008943782317564874,14.731276822844666,0.43944491546544384,0.4,0.0,Train008,10.0
5,4,1,6.944444444444444e-05,0.0,10.49349156693932,0.0,6.7177695991653295,-8.061323518998396,10.49349156693932,-4.944722503607721,1.1102230246251565e-16,0.0,-1.000088900581841e-12,0,0,1.6,0.00011111111111111112,-0.2,4.296291076847882,0.0,2.750418523815723,-3.3005022285788677,4.296291076847882,20.98698313387864,4.4408920985006264e-17,6.489992295835181,0.4158883083343672,0.0,0.2,Train008,10.0
5,5,0,0.0,0.0,0.0,0.0,0.0,0.0,0.0,0.0,0.0,0.0,0.0,0,0,0.6,4.1666666666666665e-05,-0.2,0.0,0.0,0.0,0.0,0.0,0.0,0.0,0.0,-6.000533403491046e-13,0.0,0.2,Train008,10.0
6,0,2,0.0001388888888888889,0.0,9.70805853162386,2.638461644310991,-9.50131202883679,-1.6767021227359011,9.648122111463232,-19.60651059602544,0.006667938619321578,52.49308237332506,0.6931471805579453,0,0,2.4,0.00016666666666666666,-0.2,6.7190656715103145,1.8261114724574388,-6.575973896254086,-1.1604659816918972,6.677582944365371,19.416117063247725,0.004000763171592947,46.66036910447554,0.855333223800811,0.0,0.2,Train008,10.0
6,1,2,0.0001388888888888889,0.0,6.249505896320745,0.5498146681122038,-6.147907783364975,-1.11780141515726,6.248699874092787,-12.621576515736304,0.00012997986245733006,38.12279563263118,0.6931471805579453,0,0,2.0,0.0001388888888888889,0.0,4.325359225542934,0.38053343520453947,-4.25504193287029,-0.7736439877945965,4.3248013677318475,12.499011792641491,7.798791747439803e-05,37.870473016721974,0.6931471805579453,0.0,0.0,Train008,10.0
6,2,1,6.944444444444444e-05,0.0,4.60881330315828,0.0,4.47120566062904,1.11780141515726,4.60881330315828,-9.30801422026093,0.0,0.0,-1.000088900581841e-12,0,0,1.0,6.944444444444444e-05,0.0,3.189815878301182,0.0,3.094575951178386,0.7736439877945965,3.189815878301182,9.21762660631656,0.0,0.0,-1.000088900581841e-12,0.0,0.0,Train008,10.0
6,3,3,0.00020833333333333335,0.0,2.634683202258748,3.7260047171908974,2.608203302033629,-0.37260047171908667,2.634683202258748,-5.32103756420345,0.0022359455793911076,37.22809065907651,1.0986122886651097,0,0,2.2,0.00015277777777777777,0.4,1.8234963666458772,2.5788132926486615,1.8051693048540631,-0.2578813292648655,1.8234963666458774,18.533413093683677,0.0013415673476347089,22.176894954659968,0.6591673731986658,0.4,0.0,Train008,10.0
6,4,1,6.944444444444444e-05,0.0,8.73030814046007,0.0,5.589007075786344,-6.706808490943627,8.73030814046007,-17.6318342647925,0.0,0.0,-1.000088900581841e-12,0,0,1.4,9.722222222222222e-05,-0.2,6.042352704939896,0.0,3.8682199389729917,-4.641863926767593,6.042352704939896,17.46061628092014,4.4408920985006264e-17,4.3266615305567875,0.27725887222257806,0.0,0.2,Train008,10.0
6,5,0,0.0,0.0,0.0,0.0,0.0,0.0,0.0,0.0,0.0,0.0,0.0,0,0,0.4,2.777777777777778e-05,-0.2,0.0,0.0,0.0,0.0,0.0,0.0,0.0,0.0,-4.000355602327364e-13,0.0,0.2,Train008,10.0
7,0,2,0.0001388888888888889,0.0,7.977774431348159,2.168204051871967,-7.807876716132238,-1.3778605969645041,7.928520583248007,-17.302841002757017,0.006667938619321467,52.46653586011041,0.6931471805579453,0,0,2.2,0.00015277777777777777,-0.2,8.314620557779946,2.259752282831832,-8.137549239480535,-1.436038101084798,8.263287061014973,15.955548862696322,0.00533435089545724,49.660986287077904,0.7742402021793782,0.0,0.2,Train008,10.0
7,1,2,0.0001388888888888889,0.0,5.13564562737422,0.4518202467524608,-5.052155522203192,-0.9185737313096681,5.134983263885129,-11.138602689465248,0.0001299798624574411,38.12820753571305,0.6931471805579453,0,0,2.0,0.0001388888888888889,0.0,5.3524883510177785,0.47089748455503166,-5.265473037310929,-0.9573587340565302,5.351798020508873,10.27129125474844,0.00010398388996588626,37.979466334678136,0.6931471805579453,0.0,0.0,Train008,10.0
7,2,1,6.944444444444444e-05,0.0,3.787376519107498,0.0,3.6742949252386725,0.9185737313096681,3.787376519107498,-8.214367840507823,0.0,0.0,-1.000088900581841e-12,0,0,1.0,6.944444444444444e-05,0.0,3.9472911821226817,0.0,3.8294349362261206,0.9573587340565302,3.9472911821226817,7.574753038214996,0.0,0.0,-1.000088900581841e-12,0.0,0.0,Train008,10.0
7,3,3,0.00020833333333333335,0.0,2.1650990480963364,3.061912437698917,2.143338706389242,-0.3061912437698894,2.1650990480963364,-4.695841541624117,0.0022359455793911076,37.25188037641141,1.0986122886651097,0,0,2.6,0.00018055555555555555,0.4,2.2565161762651447,3.191195780188445,2.2338370461319115,-0.31911957801884344,2.2565161762651447,17.594244785358853,0.0017887564635129306,29.62727102994225,0.8788898309318878,0.4,0.0,Train008,10.0
7,4,1,6.944444444444444e-05,0.0,7.174290187257756,0.0,4.592868656548367,-5.511442387858057,7.174290187257756,-15.560179532023133,0.0,0.0,-1.000088900581841e-12,0,0,1.2,8.333333333333333e-05,-0.2,7.477210742391447,0.0,4.786793670282665,-5.7441524043392045,7.477210742391447,14.348580374515512,4.4408920985006264e-17,2.1633307652783937,0.13862943611078898,0.0,0.2,Train008,10.0
7,5,0,0.0,0.0,0.0,0.0,0.0,0.0,0.0,0.0,0.0,0.0,0.0,0,0,0.2,1.388888888888889e-05,-0.2,0.0,0.0,0.0,0.0,0.0,0.0,0.0,0.0,-2.000177801163682e-13,0.0,0.2,Train008,10.0
8,0,2,0.0001388888888888889,0.0,6.632890711800889,1.8026907931163807,-6.4916341512263305,-1.1455824972752324,6.591940018798059,-13.448837195472706,0.006667938619321689,52.48039127784234,0.6931471805579453,0,0,2.0,0.0001388888888888889,-0.2,9.641198700140125,2.6202904414551083,-9.4358760697258,-1.6651546005398443,9.581675064774583,13.26578142360178,0.006667938619321578,52.66437455322665,0.6931471805579453,0.0,0.2,Train008,10.0
8,1,2,0.0001388888888888889,0.0,4.26988459927599,0.3756529272514737,-4.20046915667584,-0.7637216648501483,4.269333896235633,-8.657610280982306,0.0001299798624574411,38.12538287240505,0.6931471805579453,0,0,2.0,0.0001388888888888889,0.0,6.206465270872977,0.5460280700053264,-6.105566868646097,-1.11010306702656,6.205664799756,8.53976919855198,0.00012997986245737446,38.08789471997269,0.6931471805579453,0.0,0.0,Train008,10.0
8,2,1,6.944444444444444e-05,0.0,3.148905092749732,0.0,3.054886659400593,0.7637216648501483,3.148905092749732,-6.38471426357766,0.0,0.0,-1.000088900581841e-12,0,0,1.0,6.944444444444444e-05,0.0,4.577072200672628,0.0,4.44041226810624,1.11010306702656,4.577072200672628,6.297810185499463,0.0,0.0,-1.000088900581841e-12,0.0,0.0,Train008,10.0
8,3,3,0.00020833333333333335,0.0,1.8001092271820864,2.5457388828338576,1.7820172179837008,-0.25457388828338273,1.8001092271820867,-3.649898209142499,0.0022359455793911076,37.23946298188725,1.0986122886651097,0,0,3.0,0.00020833333333333335,0.4,2.6165380217015617,3.7003435567552168,2.590240489728652,-0.37003435567551995,2.616538021701562,16.864265143530353,0.002235945579391152,37.0751636263197,1.0986122886651097,0.4,0.0,Train008,10.0
8,4,1,6.944444444444444e-05,0.0,5.9648568853788255,0.0,3.8186083242507833,-4.582329989100939,5.9648568853788255,-12.094333018789305,0.0,0.0,-1.000088900581841e-12,0,0,1.0,6.944444444444444e-05,-0.2,8.670182119467212,0.0,5.550515335132822,-6.6606184021593915,8.670182119467212,11.929713770757651,4.4408920985006264e-17,0.0,-1.000088900581841e-12,0.0,0.2,Train008,10.0
8,5,0,0.0,0.0,0.0,0.0,0.0,0.0,0.0,0.0,0.0,0.0,0.0,0,0,0.0,0.0,-0.2,0.0,0.0,0.0,0.0,0.0,0.0,0.0,0.0,0.0,0.0,0.2,Train008,10.0
9,0,1,6.944444444444444e-05,-1.0,11.621525607241091,0.0,-11.565303381052301,-1.1417596699746724,11.621525607241091,31.859441023238215,1.1102230246251565e-16,0.0,-1.000088900581841e-12,0,1,1.8,0.000125,-0.2,9.521791774648083,1.956136997737243,-9.357266919165744,-1.4714471533399818,9.477355332207871,-4.799450841153192,0.005334350895457285,42.01856546713954,0.5545177444461562,0.0,0.2,Train008,10.0
9,1,2,0.0001388888888888889,0.0,9.274332705256882,0.5594936399476795,-9.261837150868482,-0.3962199284727412,9.270308389742304,50.044481059808916,0.00043550498702249474,38.43839324641139,0.6931471805579453,0,0,2.0,0.0001388888888888889,0.0,6.488206475224442,0.519527475033063,-6.4103832344388705,-0.9079741319245767,6.48680403288269,2.817412043514659,0.0001910848873704074,38.18100308853254,0.6931471805579453,0.0,0.0,Train008,10.0
9,2,1,6.944444444444444e-05,0.0,6.275859763253266,0.0,6.058118162902551,1.638786164309293,6.275859763253266,31.269546705035346,0.0,0.0,-1.000088900581841e-12,0,0,1.0,6.944444444444444e-05,0.0,4.672113880690629,0.0,4.526544217500624,1.156487379091887,4.672113880690629,0.950416800180021,0.0,0.0,-1.000088900581841e-12,0.0,0.0,Train008,10.0
9,3,3,0.00020833333333333335,0.0,5.248835633550526,1.965117675849546,4.696365248814086,0.8012186175565571,4.7642205892871745,34.48726406368439,0.11337557573905543,37.994339957680744,1.0986122886651097,0,0,3.0,0.00020833333333333335,0.0,3.003102813953358,3.1554573559366874,2.872976724299562,-0.11599965856536473,2.9061798051006873,3.8656479225179607,0.024463871611323997,37.35977180624532,1.0986122886651097,0.0,0.0,Train008,10.0
9,4,2,0.0001388888888888889,1.0,8.873706547469505,0.245275682270643,-3.051188575114441,-0.5605804078449008,3.102257583529848,31.541253443613222,0.6513600916181289,9.620511895735417,0.6931471805579453,1,0,1.2,8.333333333333333e-05,0.2,8.247330665501096,0.0490551364541286,3.533413016127276,-5.084496958949184,7.093040872713163,-3.737963175119887,0.1302720183236258,1.9241023791470835,0.13862943611078898,0.2,0.0,Train008,10.0
9,5,2,0.0001388888888888889,2.0,4.192663775247748,4.192663775247748,4.180314223310763,0.32156263256236634,4.192663775247748,0.0,0.0007366499511799462,15.476017928709632,0.6931471805579453,2,0,0.4,2.777777777777778e-05,0.4,0.8385327550495496,0.8385327550495496,0.8360628446621525,0.06431252651247327,0.8385327550495496,0.0,0.00014732999023598926,3.0952035857419267,0.13862943611158907,0.4,0.0,Train008,10.0
10,0,1,6.944444444444444e-05,0.0,11.503769514502984,0.0,-11.446226996366986,-1.149173873026979,11.503769514502984,-1.1775609273810694,0.0,0.0,-1.000088900581841e-12,0,0,1.6,0.00011111111111111112,-0.2,9.488803759303398,1.3218712978598677,-9.36247065472293,-1.2982157519954578,9.458775567050676,-3.9352617396796035,0.004000763171592969,31.488001902255565,0.4158883083343671,0.0,0.2,Train008,10.0
10,1,2,0.0001388888888888889,0.0,9.91271511211065,0.5664837772817499,-9.904513122438171,-0.25315966782954274,9.907747978726825,6.3838240685376935,0.0005027292966092167,38.55113142311588,0.6931471805579453,0,0,2.0,0.0001388888888888889,0.0,6.968416788067697,0.5006530518691136,-6.913376547110133,-0.689895281523872,6.9662146805365355,4.802103128432551,0.00026563477420078475,38.273182142055305,0.6931471805579453,0.0,0.0,Train008,10.0
10,2,1,6.944444444444444e-05,0.0,6.623149824945432,0.0,6.388723902502775,1.746516676491928,6.623149824945432,3.4729006169216525,1.1102230246251565e-16,0.0,-1.000088900581841e-12,0,0,1.0,6.944444444444444e-05,0.0,4.888820900642842,0.0,4.729445862134726,1.2370799304236595,4.888820900642842,2.1670701995221173,2.2204460492503132e-17,0.0,-1.000088900581841e-12,0.0,0.0,Train008,10.0
10,3,3,0.00020833333333333335,0.0,5.37820221697583,1.9062017235682887,4.803930089896407,0.8773185032293833,4.883383260068857,1.2936658342530416,0.11195464138881672,38.283644527876355,1.0986122886651097,0,0,3.0,0.00020833333333333335,0.0,3.4453858656127054,2.6409950874283017,3.206770913023413,0.1490343034027163,3.2494990653786404,4.422830516593473,0.046407610773209096,37.59948370058645,1.0986122886651097,0.0,0.0,Train008,10.0
10,4,2,0.0001388888888888889,0.0,9.011725762244847,1.0246463095168674,-3.691773004951317,-1.0702767064125696,3.843784612641116,1.3801921477534274,0.5862192158541869,11.571711403884324,0.6931471805579453,0,0,1.4,9.722222222222222e-05,0.2,7.950977504562201,0.2539843983575021,1.451504495303947,-3.686287596432019,5.763099481853523,-2.4729802448476574,0.24751586149446317,4.238444659923948,0.27725887222257806,0.2,0.0,Train008,10.0
10,5,2,0.0001388888888888889,0.0,3.8810230057636743,3.8810230057636743,3.8695913962315025,0.29766087663318663,3.8810230057636743,-3.1164076948407393,0.0007366499511798352,15.5923602475482,0.6931471805579453,0,0,0.8,5.555555555555556e-05,0.4,1.6147373562022846,1.6147373562022846,1.6099811239084532,0.12384470183911059,1.6147373562022846,-0.6232815389681479,0.0002946599804719563,6.213675635251566,0.27725887222317813,0.4,0.0,Train008,10.0
11,0,1,6.944444444444444e-05,0.0,10.508858702211306,0.0,-10.455708185033156,-1.0555934693209026,10.508858702211306,-9.949108122916783,0.0,0.0,-1.000088900581841e-12,0,0,1.4,9.722222222222222e-05,-0.2,9.648963793420887,0.7941789689976695,-9.553349885962202,-1.173994021312458,9.63092288520029,-2.003781245057872,0.0026671754477286536,20.989385427590552,0.27725887222257806,0.0,0.2,Train008,10.0
11,1,2,0.0001388888888888889,0.0,9.279998261930064,0.5215349377188883,-9.273224013755506,-0.18872848619826607,9.275144314283981,-6.327168501805858,0.0005247125016769605,38.5886979255733,0.6931471805579453,0,0,2.0,0.0001388888888888889,0.0,7.5745152611895605,0.4949971057904504,-7.538439793188237,-0.5040806957320733,7.571503568574775,6.060984731218639,0.0003445813020447108,38.36636260064374,0.6931471805579453,0.0,0.0,Train008,10.0
11,2,1,6.944444444444444e-05,0.0,6.1760429517955275,0.0,5.9561038435288225,1.6335034580693106,6.1760429517955275,-4.471068731499042,0.0,0.0,-1.000088900581841e-12,0,0,1.0,6.944444444444444e-05,0.0,5.202266830370291,0.0,5.026425498714683,1.3402203390060696,5.202266830370291,3.134459297274495,2.2204460492503132e-17,0.0,-1.000088900581841e-12,0.0,0.0,Train008,10.0
11,3,3,0.00020833333333333335,0.0,4.834203586970432,1.823732388697755,4.329591280056946,0.7740420989632592,4.398238490954372,-5.439986300053985,0.11149505058621278,38.384378681399234,1.0986122886651097,0,0,3.0,0.00020833333333333335,0.0,3.8852899425550427,2.260540621729673,3.5510485086280767,0.3783628175391855,3.6022101231177652,4.399040769423367,0.06825943177457343,37.830741305051,1.0986122886651097,0.0,0.0,Train008,10.0
11,4,2,0.0001388888888888889,0.0,8.334237331915865,1.1783449983029461,-3.5844024064478903,-1.1223880459339508,3.7560212375604136,-6.77488430328983,0.5677363052922644,12.262116695378005,0.6931471805579453,0,0,1.6,0.00011111111111111112,0.2,7.87176334285336,0.4896533980180913,-0.38317740114289967,-2.5694035074300836,4.768242101273592,-0.3015902525471237,0.36106312255291606,6.690867998999549,0.4158883083343672,0.2,0.0,Train008,10.0
11,5,2,0.0001388888888888889,0.0,3.4771386634990957,3.4771386634990957,3.466896701152748,0.2666843616271304,3.4771386634990957,-4.038843422645786,0.0007366499511798352,15.633359378323707,0.6931471805579453,0,0,1.2,8.333333333333333e-05,0.4,2.310165088902104,2.310165088902104,2.303360464139003,0.17718157416453667,2.310165088902104,-1.431050223497305,0.00044198997070792333,9.340347510916308,0.4158883083347672,0.4,0.0,Train008,10.0
12,0,1,6.944444444444444e-05,0.0,9.376934005501392,0.0,-9.32930842991616,-0.9438726413153662,9.376934005501392,-11.319246967099144,0.0,0.0,-1.000088900581841e-12,0,0,1.2,8.333333333333333e-05,-0.2,9.928795708251533,0.36053815862327615,-9.857636228718986,-1.0871964301826305,9.920605569650967,-0.8070624379262974,0.0013335877238643602,10.496078255568467,0.13862943611078898,0.0,0.2,Train008,10.0
12,1,2,0.0001388888888888889,0.0,8.357030088435025,0.46675606951049,-8.351171400893467,-0.15390467290063004,8.352589443725915,-9.229681734950397,0.0005330295594100365,38.598552466251626,0.6931471805579453,0,0,2.0,0.0001388888888888889,0.0,8.218792153401722,0.4979842703420562,-8.198242968926293,-0.3511468840502657,8.215024804542931,6.44276892212161,0.0004251912414352299,38.46043158675145,0.6931471805579453,0.0,0.0,Train008,10.0
12,2,1,6.944444444444444e-05,0.0,5.553648896998553,0.0,5.355426502090875,1.4705179535918402,5.553648896998553,-6.2239405479697485,1.1102230246251565e-16,0.0,-1.000088900581841e-12,0,0,1.0,6.944444444444444e-05,0.0,5.555521305948502,0.0,5.362651814085123,1.4506091834625041,5.555521305948502,3.5325447557821095,4.4408920985006264e-17,0.0,-1.000088900581841e-12,0.0,0.0,Train008,10.0
12,3,3,0.00020833333333333335,0.0,4.222954349159931,1.6999882235101007,3.792942975858557,0.6562109633817189,3.8492894469729255,-6.112492378105,0.11132161503741622,38.41215232487897,1.0986122886651097,0,0,3.0,0.00020833333333333335,0.0,4.296861002767761,1.9881557788919095,3.8809693625219395,0.5708432589695072,3.9390482028930833,4.11571060212719,0.09007656566617846,38.06279569474451,1.0986122886651097,0.0,0.0,Train008,10.0
12,4,2,0.0001388888888888889,0.0,7.474121427945776,1.1346893744932318,-3.271020995949544,-1.0498283464469096,3.435362850259955,-8.601159039700885,0.5610739902134071,12.477185713911267,0.6931471805579453,0,0,1.8,0.000125,0.2,7.9317295909909635,0.7165912729167376,-1.9559553316424818,-1.6770806991478537,4.020456633874032,1.0902138459173258,0.4732779205955975,9.186305141781803,0.5545177444461562,0.2,0.0,Train008,10.0
12,5,2,0.0001388888888888889,0.0,3.080410278693511,3.080410278693511,3.0713368855565424,0.23625668350434875,3.080410278693511,-3.967283848055847,0.0007366499511799462,15.640075696297814,0.6931471805579453,0,0,1.6,0.00011111111111111112,0.4,2.9262471446408056,2.9262471446408056,2.917627841250311,0.2244329108654064,2.9262471446408056,-2.2245069931084744,0.0005893199609439126,12.468362650175871,0.5545177444463563,0.4,0.0,Train008,10.0
13,0,1,6.944444444444444e-05,0.0,8.320347111813465,0.0,-8.278016566883837,-0.8382229891021904,8.320347111813465,-10.565868936879266,0.0,0.0,-1.000088900581841e-12,0,0,1.0,6.944444444444444e-05,-0.2,10.266286988254048,0.0,-10.214912711850488,-1.025724528548022,10.266286988254047,-0.23046878620760936,2.2204460492503132e-17,0.0,-1.000088900581841e-12,0.0,0.2,Train008,10.0
13,1,2,0.0001388888888888889,0.0,7.442675490113455,0.4146625148930414,-7.437535379783522,-0.1313957541718399,7.43869594550994,-9.143545983215699,0.0005363580850168415,38.598545249218255,0.6931471805579453,0,0,2.0,0.0001388888888888889,0.0,8.853350331569215,0.5057861878703699,-8.84565621354783,-0.224681701914604,8.848897214397793,6.345581781674932,0.00050646688594711,38.55506406211409,0.6931471805579453,0.0,0.0,Train008,10.0
13,2,1,6.944444444444444e-05,0.0,4.943136751890741,0.0,4.766546426269454,1.3094411457224182,4.943136751890741,-6.105121451078119,0.0,0.0,-1.000088900581841e-12,0,0,1.0,6.944444444444444e-05,0.0,5.914367637776704,0.0,5.704983767458896,1.5597530796369579,5.914367637776704,3.588463318282018,4.4408920985006264e-17,0.0,-1.000088900581841e-12,0.0,0.0,Train008,10.0
13,3,3,0.00020833333333333335,0.0,3.6781562627983075,1.5600744071752546,3.311558481858253,0.5555174761492371,3.357829543778921,-5.4479808636162375,0.1112522641412731,38.41281189819094,1.0986122886651097,0,0,3.0,0.00020833333333333335,0.0,4.672470409891005,1.7910228837601891,4.18687761529685,0.7328615318560311,4.25059226621245,3.756094071232442,0.11187982937855485,38.29746547800524,1.0986122886651097,0.0,0.0,Train008,10.0
13,4,2,0.0001388888888888889,0.0,6.644756471785977,1.037556108206767,-2.9279958978487706,-0.9494890452621565,3.078098345552343,-8.293649561597999,0.5584567782436087,12.517976533269257,0.6931471805579453,0,0,2.0,0.0001388888888888889,0.2,8.067709508272394,0.9241024945580911,-3.305276176062393,-0.9505125103800974,3.4431049259087354,1.8503505373555875,0.5849692762443193,11.689900448435655,0.6931471805579453,0.2,0.0,Train008,10.0
13,5,2,0.0001388888888888889,0.0,2.7246096320657816,2.7246096320657816,2.716584254892001,0.20896801960707956,2.7246096320657816,-3.5580064662772948,0.0007366499511799462,15.633935457778524,0.6931471805579453,0,0,2.0,0.0001388888888888889,0.4,3.471169071053962,3.471169071053962,3.4609446922287113,0.2662265147868223,3.471169071053962,-2.9361082863639334,0.0007366499511799018,15.595149741731575,0.6931471805579453,0.4,0.0,Train008,10.0
14,0,2,0.0001388888888888889,1.0,4.9344489687066,4.9344489687066,-4.920393186471178,-0.3721794127805011,4.9344489687066,15.485508255997349,0.9622607572865819,28.53661207221648,0.6931471805579453,1,0,1.2,8.333333333333334e-05,0.2,8.92887166054715,0.98688979374132,-8.885930672934263,-0.8718084771091877,8.928871660547149,-3.5052553396557835,0.19245215145731637,5.707322414443296,0.13862943611078898,0.2,0.0,Train008,10.0
14,1,2,0.0001388888888888889,0.0,10.000182869847603,0.5125873649042285,-9.994793073995487,0.24128576477526056,9.997705107286938,25.57507379734147,0.0002484245070518698,36.94600256638777,0.6931471805579453,0,0,2.0,0.0001388888888888889,0.0,8.998520364487359,0.49640493286167964,-8.99224739817323,-0.09718056326500363,8.994376557906719,1.4517003291814419,0.000469050789952985,38.256585926109366,0.6931471805579453,0.0,0.0,Train008,10.0
14,2,1,6.944444444444444e-05,0.0,8.235803738648212,0.0,8.153119128113559,1.1640926528076048,8.235803738648212,32.92666986757471,0.0,0.0,-1.000088900581841e-12,0,0,1.0,6.944444444444444e-05,0.0,6.306356432855693,0.0,6.123983960501097,1.4648143773366205,6.306356432855693,3.919887950789891,4.4408920985006264e-17,0.0,-1.000088900581841e-12,0.0,0.0,Train008,10.0
14,3,3,0.00020833333333333335,0.0,5.276861893067555,2.208713066796289,5.2040941416169275,-0.008431431259517508,5.204100971718815,15.987056302692478,0.02134854604604408,38.81316104551193,1.0986122886651097,0,0,3.0,0.00020833333333333335,0.0,4.678075661794411,1.8397419619495377,4.2884233938574186,0.5709315220928162,4.338568342698778,0.056052519034059146,0.09347442343995258,38.46122969557148,1.0986122886651097,0.0,0.0,Train008,10.0
14,4,2,0.0001388888888888889,0.0,6.173739384109647,1.3299730040415123,-2.0700482725277753,-0.49347929657058565,2.128055842016141,-4.7101708767633,0.7244448020500309,15.882103068005478,0.6931471805579453,0,0,2.0,0.0001388888888888889,0.0,7.527716075600422,1.1410419589122651,-3.1090481155450598,-0.9370922881252344,3.248264577605994,-5.399934326719717,0.5995862183306996,12.942218682889665,0.6931471805579453,0.0,0.0,Train008,10.0
14,5,1,6.944444444444444e-05,-1.0,7.680945224820848,0.0,7.6720082241748555,0.37041781125043033,7.680945224820848,22.317259606892847,1.1102230246251565e-16,0.0,-1.000088900581841e-12,0,1,1.8,0.000125,-0.2,4.168825360968581,2.6326363160044126,4.15928349240153,0.2759975505244351,4.168825360968581,1.527343635014636,0.0005893199609439348,12.49994615598965,0.5545177444461562,0.0,0.2,Train008,10.0
15,0,2,0.0001388888888888889,0.0,4.849409144063295,4.849409144063295,-4.838086622281448,-0.33119009922698867,4.849409144063295,-0.8503982464330484,0.9658325811928209,29.32806775296891,0.6931471805579453,0,0,1.4,9.722222222222222e-05,0.2,7.597999586459212,1.956771622553979,-7.564302598117156,-0.7082117223491898,7.597999586459212,-3.4398228034661784,0.38561866769588055,11.572935965037079,0.27725887222257806,0.2,0.0,Train008,10.0
15,1,2,0.0001388888888888889,0.0,10.15381904629181,0.7824822613206646,-10.145625360834497,0.34686983611611033,10.151553213455335,1.5363617644420824,0.0002244840880096799,36.32300113472917,0.6931471805579453,0,0,2.0,0.0001388888888888889,0.0,9.046741151323591,0.5396046296694625,-9.040469845852495,0.022825337524126976,9.043137604852422,0.48220786836231966,0.00041340174823307764,37.81095986843202,0.6931471805579453,0.0,0.0,Train008,10.0
15,2,1,6.944444444444444e-05,0.0,8.764022723676405,0.0,8.70253125923145,1.0363609328877037,8.764022723676405,5.282189850281931,0.0,0.0,-1.000088900581841e-12,0,0,1.0,6.944444444444444e-05,0.0,6.734531012601887,0.0,6.586745431846832,1.3227832286157755,6.734531012601887,4.281745797461946,2.2204460492503132e-17,0.0,-1.000088900581841e-12,0.0,0.0,Train008,10.0
15,3,3,0.00020833333333333335,0.0,5.449474207606042,2.258672751072435,5.4007241695720225,-0.17502471864709065,5.403559494253479,1.7261231453848664,0.01090489441539011,38.97058403014541,1.0986122886651097,0,0,3.0,0.00020833333333333335,0.0,4.692330059920453,1.910236167450367,4.407782209792542,0.36046287771752133,4.442603589535702,0.1425439812604241,0.07326447404526726,38.59861759602529,1.0986122886651097,0.0,0.0,Train008,10.0
15,4,2,0.0001388888888888889,0.0,5.857617698101368,1.1679871636168668,-1.6465741390607647,-0.31050161207162263,1.6755947142799106,-3.1612168600827806,0.7906920466315733,17.231178703361746,0.6931471805579453,0,0,2.0,0.0001388888888888889,0.0,6.896894462771726,1.1697101297322647,-2.700008342366949,-0.7851372692570451,2.814626597933753,-6.308216128286959,0.6404807844861768,14.07411214278515,0.6931471805579453,0.0,0.0,Train008,10.0
15,5,1,6.944444444444444e-05,0.0,7.883382331815552,0.0,7.876502183326513,0.32928763358845414,7.883382331815552,2.024371069947044,0.0,0.0,-1.000088900581841e-12,0,0,1.6,0.00011111111111111112,-0.2,4.969297226178957,1.8564317148516776,4.960665649820532,0.28232290191548864,4.969297226178957,2.555499387972193,0.00044198997070796773,9.38147410648001,0.4158883083343671,0.0,0.2,Train008,10.0
16,0,2,0.0001388888888888889,0.0,4.496971263153814,4.496971263153814,-4.487254751662327,-0.2954578401651783,4.496971263153814,-3.5243788090948147,0.9671314814252857,29.594872884225733,0.6931471805579453,0,0,1.6,0.00011111111111111112,0.2,6.3956220986477135,2.856165875184742,-6.370611911442991,-0.556184596518045,6.395622098647713,-2.1548769407017847,0.5790449639809376,17.491910541882227,0.4158883083343672,0.2,0.0,Train008,10.0
16,1,2,0.0001388888888888889,0.0,9.525927578053128,0.8196538335857912,-9.517100094342581,0.3586612499011561,9.52385594693222,-6.278914682386816,0.00021909518508134163,36.092372504320494,0.6931471805579453,0,0,2.0,0.0001388888888888889,0.0,9.095927014548204,0.5992284088428431,-9.08924506196991,0.1323032847440114,9.09287993138207,0.491858632246128,0.00035227828491395384,37.31169478418146,0.6931471805579453,0.0,0.0,Train008,10.0
16,2,1,6.944444444444444e-05,0.0,8.353937391983067,0.0,8.302599342583589,0.9247237996847488,8.353937391983067,-4.100853316933382,1.1102230246251565e-16,0.0,-1.000088900581841e-12,0,0,1.0,6.944444444444444e-05,0.0,7.170109900639394,0.0,7.056044531657785,1.181027296938863,7.170109900639394,4.355788880375078,4.4408920985006264e-17,0.0,-1.000088900581841e-12,0.0,0.0,Train008,10.0
16,3,3,0.00020833333333333335,0.0,5.114717222861466,2.1316808753528553,5.071629898276256,-0.21172735429418266,5.076047507426033,-3.3475698474457567,0.008798412151253432,39.025104706051664,1.0986122886651097,0,0,3.0,0.00020833333333333335,0.0,4.74843278709866,1.9718258647813869,4.5561899334364035,0.163308987066033,4.5781653928300345,0.5610272717820698,0.05272514635827539,38.72676280095578,1.0986122886651097,0.0,0.0,Train008,10.0
16,4,2,0.0001388888888888889,0.0,5.3936207711377415,1.016102505866523,-1.3963701209630717,-0.22943518189522694,1.41509364262925,-4.639969269636266,0.8140663477742464,17.71657142804438,0.6931471805579453,0,0,2.0,0.0001388888888888889,0.0,6.308771150616101,1.1372616312449804,-2.262401885269985,-0.6065466964493003,2.34644107894752,-5.881233121556246,0.6897467929825732,15.165003089318423,0.6931471805579453,0.0,0.0,Train008,10.0
16,5,1,6.944444444444444e-05,0.0,7.421919840948399,0.0,7.416110846900658,0.2935882013057024,7.421919840948399,-4.614624908671532,1.1102230246251565e-16,0.0,-1.000088900581841e-12,0,0,1.4,9.722222222222222e-05,-0.2,5.758253461668818,1.1610039821518583,5.750508478970114,0.28770366985120305,5.758253461668818,2.4403430907670436,0.0002946599804720229,6.254802230815267,0.27725887222257806,0.0,0.2,Train008,10.0
17,0,2,0.0001388888888888889,0.0,4.085290619618228,4.085290619618228,-4.076738270141632,-0.2642054569900015,4.085290619618228,-4.116806435355853,0.9676468744278822,29.66499304051183,0.6931471805579453,0,0,1.8,0.000125,0.2,5.337293421471081,3.6732239991083873,-5.320097879488085,-0.420251159652972,5.33729342147108,-0.7143888343531266,0.7725743388665142,23.424909149984593,0.5545177444461562,0.2,0.0,Train008,10.0
17,1,2,0.0001388888888888889,0.0,8.69354999084645,0.7785201943369771,-8.685055440485439,0.3391637033362523,8.691675328840033,-8.32377587206679,0.0002173817349583329,36.0108952890964,0.6931471805579453,0,0,2.0,0.0001388888888888889,0.0,9.163230995030489,0.6615812338081406,-9.156021869888304,0.2309169599913879,9.160697108404893,0.6730398048228494,0.00028914872002361314,36.794163348750416,0.6931471805579453,0.0,0.0,Train008,10.0
17,2,1,6.944444444444444e-05,0.0,7.671039687763505,0.0,7.626333344911144,0.8269761807568671,7.671039687763505,-6.828977042195614,0.0,0.0,-1.000088900581841e-12,0,0,1.0,6.944444444444444e-05,0.0,7.5935880587923865,0.0,7.51022590022184,1.0523189423718686,7.5935880587923865,4.234781581529905,2.2204460492503132e-17,0.0,-1.000088900581841e-12,0.0,0.0,Train008,10.0
17,3,3,0.00020833333333333335,0.0,4.649295869100357,1.9572244206075957,4.6105473966950825,-0.20692972341407492,4.615188751026769,-4.654213537611086,0.008177617762059719,39.03907255330907,1.0986122886651097,0,0,3.0,0.00020833333333333335,0.0,4.833701091086746,2.0232731042008862,4.719710817603708,-0.009319150293125755,4.731345253640803,0.8526830398808526,0.032096346903204086,38.85214684664181,1.0986122886651097,0.0,0.0,Train008,10.0
17,4,2,0.0001388888888888889,0.0,4.890198909501976,0.8965609612898857,-1.2216385257127536,-0.18757663930333734,1.2359553726239327,-5.034218616357656,0.8230313040220429,17.8667643029985,0.6931471805579453,0,0,2.0,0.0001388888888888889,0.0,5.7919866469273416,1.0896359486043108,-1.8525253912226272,-0.4340963550205858,1.9065595834203155,-5.1678450368876,0.7421382557443004,16.242918807135872,0.6931471805579453,0.0,0.0,Train008,10.0
17,5,1,6.944444444444444e-05,0.0,6.781701418242604,0.0,6.776621703159265,0.26243555106841304,6.781701418242604,-6.402184227057948,0.0,0.0,-1.000088900581841e-12,0,0,1.2,8.333333333333333e-05,-0.2,6.4985116895786375,0.5449219264131563,6.491565442490659,0.2929394433640159,6.4985116895786375,1.9533630149666237,0.00014732999023603366,3.1267870915557046,0.13862943611078898,0.0,0.2,Train008,10.0
18,0,2,0.0001388888888888889,0.0,3.684734146012938,3.684734146012938,-3.6771209718684874,-0.23674265572271344,3.684734146012938,-4.0055647360529045,0.9678585988847953,29.663558285157634,0.6931471805579453,0,0,2.0,0.0001388888888888889,0.2,4.410170828310974,4.410170828310975,-4.399918760485014,-0.29995509297707657,4.410170828310975,0.5976720058121456,0.9661460586434731,29.357620807016115,0.6931471805579453,0.2,0.0,Train008,10.0
18,1,2,0.0001388888888888889,0.0,7.855867036064149,0.7147497352177723,-7.8480246256659685,0.31085056784628273,7.854178416651217,-8.376829547823004,0.00021674448129882506,35.98570890884766,0.6931471805579453,0,0,2.0,0.0001388888888888889,0.0,9.245869304220628,0.7215986778730867,-9.238119719064795,0.31936622439501244,9.243793602633149,0.8263830919013884,0.00022522599928000985,36.271596080676304,0.6931471805579453,0.0,0.0,Train008,10.0
18,2,1,6.944444444444444e-05,0.0,6.94925627768628,0.0,6.909632469809229,0.741041122421819,6.94925627768628,-7.217834100772249,0.0,0.0,-1.000088900581841e-12,0,0,1.0,6.944444444444444e-05,0.0,7.994811963951494,0.0,7.9388431089297935,0.9386389377117487,7.994811963951494,4.012239051591079,2.2204460492503132e-17,0.0,-1.000088900581841e-12,0.0,0.0,Train008,10.0
18,3,3,0.00020833333333333335,0.0,4.181487851780816,1.7782942299195972,4.146805646189694,-0.19020269329343462,4.151165394417188,-4.6780801731954105,0.007956276415473584,39.03778128386708,1.0986122886651097,0,0,3.0,0.00020833333333333335,0.0,4.934367408883247,2.0669170687497544,4.8867602504699965,-0.1584631841816601,4.890012423768456,1.0066631779650181,0.011437149358044185,38.97714072377703,1.0986122886651097,0.0,0.0,Train008,10.0
18,4,2,0.0001388888888888889,0.0,4.4076049127694095,0.7986374971770536,-1.0845799080426366,-0.16162212964166,1.096556104227996,-4.825939967325665,0.8266507640525634,17.891706134184442,0.6931471805579453,0,0,2.0,0.0001388888888888889,0.0,5.344556335124028,1.0418522263983683,-1.4838421932614005,-0.2765229718964865,1.5102511351554462,-4.4743031180331325,0.7957770529060915,17.31766472731891,0.6931471805579453,0.0,0.0,Train008,10.0
18,5,1,6.944444444444444e-05,0.0,6.130650783471551,0.0,6.12614143643205,0.2350960010519041,6.130650783471551,-6.510506347710532,0.0,0.0,-1.000088900581841e-12,0,0,1.0,6.944444444444444e-05,-0.2,7.1797199198597905,0.0,7.1734768787986685,0.2981650396529808,7.1797199198597905,1.3628630386799763,4.4408920985006264e-17,0.0,-1.000088900581841e-12,0.0,0.2,Train008,10.0
19,0,3,0.00020833333333333335,1.0,8.582113614724248,2.311724201368313,-8.414382668822066,0.8641393912648873,8.458638932175129,65.01309854323137,0.013233257623072037,35.64347856596807,1.0986122886651097,1,0,2.2,0.00015277777777777777,0.2,5.139703757514505,3.885625874843318,-5.098716656955192,-0.05269133216799891,5.115008821004681,10.50319006325895,0.7763405587107712,30.778994105766436,0.7742402021793782,0.2,0.0,Train008,10.0
19,1,2,0.0001388888888888889,0.0,9.912740165094581,0.6526591546787088,-9.910697318549477,-0.034094672368834414,9.910755964435193,20.56873129030432,0.00020103829829098974,36.02351308894124,0.6931471805579453,0,0,2.0,0.0001388888888888889,0.0,9.228380763270023,0.7496130358279828,-9.221300567975593,0.2642901369661934,9.226403774062799,-0.17488540950604162,0.00021574875752783385,36.087098185186996,0.6931471805579453,0.0,0.0,Train008,10.0
19,2,1,6.944444444444444e-05,0.0,7.208655278732211,0.0,7.177901955649527,0.6651574570554435,7.208655278732211,2.593990010459306,0.0,0.0,-1.000088900581841e-12,0,0,1.0,6.944444444444444e-05,0.0,7.789382271968293,0.0,7.743799674436988,0.8388518985613164,7.789382271968293,-2.0542969198320007,2.2204460492503132e-17,0.0,-1.000088900581841e-12,0.0,0.0,Train008,10.0
19,3,4,0.0002777777777777778,1.0,4.699194206666066,2.716532748949795,4.666975662292307,0.21544736730797948,4.6719459971738395,20.841044237739386,0.004631846948114027,19.836625650183507,1.3862943611158907,1,0,3.2,0.00022222222222222223,0.2,4.8188338716029495,2.1684810051804555,4.779336554605072,-0.11368742446816069,4.783581428859462,1.9774607649743998,0.008093809538458174,35.18183364471135,1.156148703155266,0.2,0.0,Train008,10.0
19,4,2,0.0001388888888888889,0.0,6.469030480262791,0.9983147768869265,-0.8093201422488105,-0.6168146889698416,1.0175752813323433,20.614255674933815,0.9691708137700404,24.058279028626107,0.6931471805579453,0,0,2.0,0.0001388888888888889,0.0,5.403614554354657,0.9755205809674511,-1.2316965672056077,-0.3011900503763377,1.2881550230186867,0.5905821923062902,0.8447222552500933,18.952899919443034,0.6931471805579453,0.0,0.0,Train008,10.0
19,5,0,0.0,-1.0,0.0,0.0,0.0,0.0,0.0,0.0,0.0,0.0,0.0,0,1,0.8,5.555555555555556e-05,-0.2,5.643530874895622,0.0,5.639075233963697,0.22408147740289475,5.643530874895622,-3.100588882698593,2.2204460492503132e-17,0.0,-8.000711204654728e-13,0.0,0.2,Train008,10.0
20,0,3,0.00020833333333333335,0.0,8.785341482991766,2.660717484397793,-8.61095157644848,0.9343755389630424,8.661497832347072,2.0322786826751957,0.012800775611960469,35.43269293178822,1.0986122886651097,0,0,2.4,0.0001666666666666667,0.2,5.9268902253002,3.4478875429102174,-5.853289647788598,0.2004217954700073,5.877426558661436,11.079725449080598,0.5857341975945991,31.999919141530295,0.855333223800811,0.2,0.0,Train008,10.0
20,1,2,0.0001388888888888889,0.0,9.999928292606484,0.5850854628507394,-9.994168091462981,-0.14927180825294162,9.995282783051008,0.8718812751190175,0.00046615042991871025,36.04561788208674,0.6931471805579453,0,0,2.0,0.0001388888888888889,0.0,9.197602612532958,0.7101336761339978,-9.191009114101288,0.16506180809238302,9.195149687981935,-0.3077815073706546,0.0002640820259096399,36.031621534658505,0.6931471805579453,0.0,0.0,Train008,10.0
20,2,1,6.944444444444444e-05,0.0,6.8477128861095755,0.0,6.821562469332161,0.5978772847249259,6.8477128861095755,-3.609423926226354,1.1102230246251565e-16,0.0,-1.000088900581841e-12,0,0,1.0,6.944444444444444e-05,0.0,7.4061203044549275,0.0,7.36760591645713,0.7511551689287608,7.4061203044549275,-3.832619675133658,4.4408920985006264e-17,0.0,-1.000088900581841e-12,0.0,0.0,Train008,10.0
20,3,4,0.0002777777777777778,0.0,4.915855095102345,2.861344859517097,4.8779969283561995,0.3198568533469098,4.888472403490225,2.166608884362786,0.0043680258807275996,19.3199561934465,1.3862943611158907,0,0,3.4,0.00023611111111111112,0.2,4.71211004910221,2.289015426869388,4.674791106361908,-0.01471111006936061,4.680564010706811,2.0655579127699832,0.0067864358315256725,31.251708077371564,1.2136851176454222,0.2,0.0,Train008,10.0
20,4,2,0.0001388888888888889,0.0,6.959180490697953,0.8840787675220838,-0.6656862212703452,-0.733162438785549,0.9902854673452322,4.901500104351624,0.935363491497367,26.455121328493682,0.6931471805579453,0,0,2.0,0.0001388888888888889,0.0,5.623927112873974,0.9187389017484945,-1.0355189836475236,-0.385722215719123,1.1510931736317507,2.203125585193171,0.873656544223252,20.797688444469422,0.6931471805579453,0.0,0.0,Train008,10.0
20,5,0,0.0,0.0,0.0,0.0,0.0,0.0,0.0,0.0,0.0,0.0,0.0,0,0,0.6,4.1666666666666665e-05,-0.2,4.066854408532511,0.0,4.063774797298395,0.1582239506852039,4.066854408532511,-3.505463096688002,2.2204460492503132e-17,0.0,-6.000533403491046e-13,0.0,0.2,Train008,10.0
21,0,3,0.00020833333333333335,0.0,8.06980857580392,2.5117279840229068,-7.916509921562149,0.8226089395224895,7.959134048725041,-7.155329071878451,0.01264830173017506,35.395445388880084,1.0986122886651097,0,0,2.6,0.00018055555555555557,0.2,6.64145768783022,3.0508388870840357,-6.539140681768563,0.42403515140754083,6.5698591157756825,10.35353539652387,0.39483756165557704,33.160033642461165,0.936426245422244,0.2,0.0,Train008,10.0
21,1,2,0.0001388888888888889,0.0,9.413111626384882,0.5253764192722103,-9.405895793804227,-0.17937370781784884,9.407605997859411,-5.8681666622159945,0.0005867175573577299,36.05850302855609,0.6931471805579453,0,0,2.0,0.0001388888888888889,0.0,9.175039422199308,0.6512781932712816,-9.168768253993619,0.05745481654858203,9.171899698167373,-0.22563190333649033,0.0003376065003649176,36.02484763950563,0.6931471805579453,0.0,0.0,Train008,10.0
21,2,1,6.944444444444444e-05,0.0,6.301965107622388,0.0,6.278957168025889,0.5380158917600523,6.301965107622388,-5.457477784871871,0.0,0.0,-1.000088900581841e-12,0,0,1.0,6.944444444444444e-05,0.0,6.995725847582793,0.0,6.96287748154559,0.6738135873438216,6.995725847582793,-4.103944568721356,2.2204460492503132e-17,0.0,-1.000088900581841e-12,0.0,0.0,Train008,10.0
21,3,4,0.0002777777777777778,0.0,4.6721141283641465,2.741193216123768,4.634485784088329,0.33395958085284466,4.6465027154366565,-2.4374096673819867,0.004296550352052231,19.14738831601818,1.3862943611158907,0,0,3.6,0.00025,0.2,4.623589430202747,2.410917895023571,4.587362283524323,0.09442627696004484,4.594655052308935,2.2475899487827373,0.0058860634716854324,27.27616479936487,1.2712215321355784,0.2,0.0,Train008,10.0
21,4,2,0.0001388888888888889,0.0,6.709345148041951,0.7839468544026977,-0.5758066841499843,-0.7276570122970738,0.9279213679277483,-2.4983534265600182,0.9254954368633532,27.32777294436295,0.6931471805579453,0,0,2.0,0.0001388888888888889,0.0,5.887071988254816,0.8723077714557295,-0.8714062962849061,-0.4853665817994924,1.0536587186914506,2.63144875380842,0.8959423620410734,22.71992874773314,0.6931471805579453,0.0,0.0,Train008,10.0
21,5,0,0.0,0.0,0.0,0.0,0.0,0.0,0.0,0.0,0.0,0.0,0.0,0,0,0.4,2.7777777777777772e-05,-0.2,2.5824704403428314,0.0,2.580552627918263,0.09950631042406342,2.5824704403428314,-2.5825381149536955,0.0,0.0,-4.000355602327364e-13,0.0,0.2,Train008,10.0
22,0,3,0.00020833333333333335,0.0,7.211903147976081,2.296705051793965,-7.081213821948332,0.696974093392181,7.1154312644429325,-8.579054278278413,0.012587152339651797,35.399144666585904,1.0986122886651097,0,0,2.8,0.00019444444444444443,0.2,7.26678019350179,2.6931217735191835,-7.140035792129902,0.6162710614839774,7.175887244740622,9.461085827939359,0.20382561723793097,34.30686396767598,1.0175192670436768,0.2,0.0,Train008,10.0
22,1,2,0.0001388888888888889,0.0,8.636261273210614,0.472713345957799,-8.628916665097801,-0.1787033932581967,8.630766925132699,-7.768503531742699,0.0006381076020752774,36.06704329470998,0.6931471805579453,0,0,2.0,0.0001388888888888889,0.0,9.163581678672141,0.5901168235954459,-9.157540498916092,-0.046118602770307764,9.159718017425906,-0.1145774352716721,0.00042175167378830645,36.036077240628344,0.6931471805579453,0.0,0.0,Train008,10.0
22,2,1,6.944444444444444e-05,0.0,5.7294890762537225,0.0,5.708958698051756,0.4845984511427358,5.7294890762537225,-5.724760313686659,1.1102230246251565e-16,0.0,-1.000088900581841e-12,0,0,1.0,6.944444444444444e-05,0.0,6.607415725280836,0.0,6.579402552173713,0.6053380414209953,6.607415725280836,-3.8831012230195645,4.4408920985006264e-17,0.0,-1.000088900581841e-12,0.0,0.0,Train008,10.0
22,3,4,0.0002777777777777778,0.0,4.293787170530939,2.5276966625235198,4.258605140532492,0.3173662992226286,4.270414395682465,-3.7832695783320713,0.004271566240853009,19.08918594728704,1.3862943611158907,0,0,3.8,0.0002638888888888889,0.2,4.552487690488862,2.5250123434067553,4.5169738322918045,0.19928548148738554,4.525700181240075,2.4217787406385405,0.00510485316744409,23.28618747816046,1.3287579466257344,0.2,0.0,Train008,10.0
22,4,2,0.0001388888888888889,0.0,6.214585665505982,0.7010785675935862,-0.5099384412716024,-0.6812691649457384,0.8509787829272685,-4.947594825359691,0.9218868606898463,27.61409368489623,0.6931471805579453,0,0,2.0,0.0001388888888888889,0.0,6.1519493394556175,0.8332112927164695,-0.7290662793966758,-0.5841050869279726,0.9766634007521177,2.648773512008013,0.9157134733746342,24.66939462411268,0.6931471805579453,0.0,0.0,Train008,10.0
22,5,0,0.0,0.0,0.0,0.0,0.0,0.0,0.0,0.0,0.0,0.0,0.0,0,0,0.2,1.388888888888889e-05,-0.2,1.2261301566943101,0.0,1.22522828728641,0.04701920021038082,1.2261301566943101,-1.302101269542106,0.0,0.0,-2.000177801163682e-13,0.0,0.2,Train008,10.0
23,0,3,0.00020833333333333335,0.0,6.408373994941318,2.091644593143307,-6.296914742216664,0.5897490981901147,6.324471461676589,-8.035291530347623,0.012561815332091664,35.409878748983985,1.0986122886651097,0,0,3.0,0.00020833333333333335,0.2,7.811508163287468,2.374503862945257,-7.663994546199538,0.781569412266543,7.703834707873353,8.655140469080417,0.012766260527390206,35.45612806044126,1.0986122886651097,0.2,0.0,Train008,10.0
23,1,2,0.0001388888888888889,0.0,7.844810322130224,0.42590060314858746,-7.837857109951102,-0.16761340564461003,7.839649120321829,-7.914509510803898,0.0006598584503324512,36.07349528042075,0.6931471805579453,0,0,2.0,0.0001388888888888889,0.0,9.161370335885357,0.532346997181609,-9.155506995773118,-0.1418113974684863,9.156812158160028,-0.022113427867850886,0.0005103744675950317,36.053634514942964,0.6931471805579453,0.0,0.0,Train008,10.0
23,2,1,6.944444444444444e-05,0.0,5.1848201225374115,0.0,5.166386766177692,0.43681516151899497,5.1848201225374115,-5.44668953716311,0.0,0.0,-1.000088900581841e-12,0,0,1.0,6.944444444444444e-05,0.0,6.254528494251062,0.0,6.230753411447405,0.5444928492404305,6.254528494251062,-3.528872310297737,4.4408920985006264e-17,0.0,-1.000088900581841e-12,0.0,0.0,Train008,10.0
23,3,4,0.0002777777777777778,0.0,3.8969422158219533,2.2966345668110506,3.864803046540292,0.2917642284210369,3.8758004274644025,-3.968449547089856,0.004261837112375044,19.071755672838766,1.3862943611158907,0,0,4.0,0.0002777777777777778,0.2,4.49557856329709,2.628680410785046,4.460573312361924,0.29567886583027986,4.470627187849518,2.563704865859651,0.004365965306824382,19.2929823559548,1.3862943611158907,0.2,0.0,Train008,10.0
23,4,2,0.0001388888888888889,0.0,5.667226409189727,0.6300213171156721,-0.45643497306974146,-0.6239661300224418,0.7730890091421287,-5.473592563162559,0.9204488449123994,27.679752908597454,0.6931471805579453,0,0,2.0,0.0001388888888888889,0.0,6.403873638739681,0.7994880567041932,-0.603437292402097,-0.6765738870041289,0.9119699817349443,2.519242992840635,0.9344730895466012,26.627003978995283,0.6931471805579453,0.0,0.0,Train008,10.0
23,5,0,0.0,0.0,0.0,0.0,0.0,0.0,0.0,0.0,0.0,0.0,0.0,0,0,0.0,0.0,-0.2,0.0,0.0,0.0,0.0,0.0,0.0,0.0,0.0,0.0,0.0,0.2,Train008,10.0
24,0,2,0.0001388888888888889,-1.0,11.186056430346156,0.05519740510847537,-11.117689591963565,0.8988294014308892,11.153964145366956,34.91278660075484,0.0028690242840494484,29.950936146083077,0.6931471805579453,0,1,2.8,0.00019444444444444446,-0.2,8.33229672641185,1.9231985036932895,-8.204655930827837,0.7885074142997434,8.242899750511718,2.6350780805851115,0.010693413859585688,34.31761957646425,1.0175192670436768,0.0,0.2,Train008,10.0
24,1,2,0.0001388888888888889,0.0,9.50980676069689,0.6919097087168193,-9.509282052767684,-0.0026019638072678555,9.509282408747005,16.64996438566666,5.5431466666533424e-05,35.400797248261995,0.6931471805579453,0,0,2.0,0.0001388888888888889,0.0,9.080783655005819,0.5401971079892312,-9.07522394261676,-0.135512855756173,9.07651744702239,-0.8058668087953826,0.00048125310127014045,35.92909134680711,0.6931471805579453,0.0,0.0,Train008,10.0
24,2,1,6.944444444444444e-05,0.0,7.154684263816104,0.0,7.0847004001678835,0.9982620671741527,7.154684263816104,19.69864141278692,0.0,0.0,-1.000088900581841e-12,0,0,1.0,6.944444444444444e-05,0.0,6.24373429126784,0.0,6.212113100351076,0.6111137712641723,6.24373429126784,-0.10794202983221482,4.4408920985006264e-17,0.0,-1.000088900581841e-12,0.0,0.0,Train008,10.0
24,3,4,0.0002777777777777778,0.0,7.666653886901044,1.2267883379502804,7.6292446797773525,0.5189382143410848,7.646873299212858,37.69711671079091,0.0026923751171101795,18.808384127077943,1.3862943611158907,0,0,4.0,0.0002777777777777778,0.0,5.0890704993440865,2.3307315285851433,5.053027115858933,0.3563770352369009,5.065612648257321,5.934919360469957,0.003978070940623612,19.087334051333688,1.3862943611158907,0.0,0.0,Train008,10.0
24,4,2,0.0001388888888888889,0.0,7.67077989600452,1.486687445141896,-1.4675890298769465,-0.26426582711778135,1.4911921365127305,20.03553486814794,0.9846092277810455,33.19854356590529,0.6931471805579453,0,0,2.0,0.0001388888888888889,0.0,6.644223521888027,0.8971625903551873,-0.7350910699277241,-0.6060641146337169,1.0066933527710216,2.4034988314834598,0.9375607723488022,28.45505688645112,0.6931471805579453,0.0,0.0,Train008,10.0
24,5,0,0.0,0.0,0.0,0.0,0.0,0.0,0.0,0.0,0.0,0.0,0.0,0,0,0.0,0.0,0.0,0.0,0.0,0.0,0.0,0.0,0.0,0.0,0.0,0.0,0.0,0.0,Train008,10.0
25,0,2,0.0001388888888888889,0.0,11.501859045573179,0.2897947003585788,-11.452426708512405,0.8378691925474285,11.48303541306341,3.158026152270219,0.001637613475425681,29.613406594256418,0.6931471805579453,0,0,2.6,0.00018055555555555557,-0.2,8.875600238928131,1.4490139468854466,-8.772950957240623,0.7692061450166205,8.807207266654984,2.8602275745041164,0.00846078143227873,33.153762308957894,0.936426245422244,0.0,0.2,Train008,10.0
25,1,2,0.0001388888888888889,0.0,9.513286172903324,0.7400288892762381,-9.513086973534445,0.054397699172421474,9.51324250062543,0.034794122064356614,4.618609493078907e-06,35.14968308792118,0.6931471805579453,0,0,2.0,0.0001388888888888889,0.0,8.983455231065188,0.5711857932743308,-8.97900771903105,-0.0947789542711004,8.980109390537276,-0.9732842394063148,0.00038894673718501414,35.749904387974006,0.6931471805579453,0.0,0.0,Train008,10.0
25,2,1,6.944444444444444e-05,0.0,7.406349950375944,0.0,7.319388174249939,1.131625530855455,7.406349950375944,2.516656865598401,0.0,0.0,-1.000088900581841e-12,0,0,1.0,6.944444444444444e-05,0.0,6.355461704121113,0.0,6.311678241334632,0.7178634204902782,6.355461704121113,1.1172741285327366,2.2204460492503132e-17,0.0,-1.000088900581841e-12,0.0,0.0,Train008,10.0
25,3,4,0.0002777777777777778,0.0,7.943860789644915,1.4390482704676346,7.9096986354311065,0.5047352909966685,7.925786410023815,2.772069027438706,0.0023785998349129533,18.70948846261278,1.3862943611158907,0,0,4.0,0.0002777777777777778,0.0,5.694671638252599,2.0462722107752507,5.659367457273914,0.3933527227668526,5.67307544956404,6.056011389085141,0.0035801857314606833,18.96524050516694,1.3862943611158907,0.0,0.0,Train008,10.0
25,4,2,0.0001388888888888889,0.0,7.915938559063014,1.7075346619067533,-1.7277473789363302,-0.1244966765862302,1.7322270139627702,2.4515866305849388,0.9622958196223943,35.25430499849962,0.6931471805579453,0,0,2.0,0.0001388888888888889,0.0,6.835575135561039,1.0618537692321213,-0.9475033014609211,-0.4843309621938531,1.155081662094529,1.913516136730123,0.9429472379738078,30.214893620452308,0.6931471805579453,0.0,0.0,Train008,10.0
25,5,0,0.0,0.0,0.0,0.0,0.0,0.0,0.0,0.0,0.0,0.0,0.0,0,0,0.0,0.0,0.0,0.0,0.0,0.0,0.0,0.0,0.0,0.0,0.0,0.0,0.0,0.0,Train008,10.0
26,0,2,0.0001388888888888889,0.0,10.805315398672445,0.23682414582722355,-10.76463592555995,0.7566693353290457,10.79119711120519,-6.965436469007349,0.0013072341404758436,29.502762177652343,0.6931471805579453,0,0,2.4,0.00016666666666666666,-0.2,9.422701603501835,0.9940331792463099,-9.342576158040185,0.7560182241779319,9.373619879151017,2.898206095078337,0.006192567914338887,31.975225666712344,0.855333223800811,0.0,0.2,Train008,10.0
26,1,2,0.0001388888888888889,0.0,8.944647441823985,0.7120808025467752,-8.944366900698814,0.07079981185979674,8.944647106939206,-5.68638731079341,3.767847966962279e-08,35.059157251959384,0.6931471805579453,0,0,2.0,0.0001388888888888889,0.0,8.889762394153006,0.6085266699292438,-8.886701940409969,-0.04474425033557128,8.887517612353234,-0.936928369121798,0.0002716107614094021,35.55003523265466,0.6931471805579453,0.0,0.0,Train008,10.0
26,2,1,6.944444444444444e-05,0.0,7.049664978212808,0.0,6.9617580369029906,1.1098204091909645,7.049664978212808,-3.566849721631362,0.0,0.0,-1.000088900581841e-12,0,0,1.0,6.944444444444444e-05,0.0,6.505001678239198,0.0,6.448238415110052,0.8322243239764606,6.505001678239198,1.4953997411808384,2.2204460492503132e-17,0.0,-1.000088900581841e-12,0.0,0.0,Train008,10.0
26,3,4,0.0002777777777777778,0.0,7.377348091547365,1.248373697045254,7.3474111338328765,0.4493825101767145,7.361140876930969,-5.665126980975501,0.0022694488640756516,18.6653156397617,1.3862943611158907,0,0,4.0,0.0002777777777777778,0.0,6.235718430889243,1.747708306959548,6.201952527222824,0.41643730863162665,6.216003081862902,5.410467926366438,0.0031747654338653676,18.868825969915644,1.3862943611158907,0.0,0.0,Train008,10.0
26,4,2,0.0001388888888888889,0.0,7.527450939584502,1.682665310917451,-1.7140246311991634,-0.06884470226965267,1.7154066658923839,-3.884876194785125,0.9545380812372731,35.983535954741534,0.6931471805579453,0,0,2.0,0.0001388888888888889,0.0,6.99919629386955,1.2415974605350717,-1.175146890870757,-0.3525685001883689,1.3125787216874563,1.6362115830851018,0.9487557668485916,31.946046222528025,0.6931471805579453,0.0,0.0,Train008,10.0
26,5,0,0.0,0.0,0.0,0.0,0.0,0.0,0.0,0.0,0.0,0.0,0.0,0,0,0.0,0.0,0.0,0.0,0.0,0.0,0.0,0.0,0.0,0.0,0.0,0.0,0.0,0.0,Train008,10.0
27,0,2,0.0001388888888888889,0.0,9.849323530750798,0.1343515046290813,-9.814316810020399,0.6763991354072125,9.837597787967782,-9.559918679216466,0.001190734190178122,29.471160960648263,0.6931471805579453,0,0,2.2,0.00015277777777777777,-0.2,9.95018568005678,0.5615624698133332,-9.889196755654599,0.7519032325809382,9.918053183855985,2.702033214890726,0.003913284284444152,30.789628925524816,0.7742402021793782,0.0,0.2,Train008,10.0
27,1,2,0.0001388888888888889,0.0,8.213999874080995,0.6598649636614851,-8.21367941168781,0.07223457642535028,8.213997036279936,-7.3064756774298845,3.477275437591132e-07,35.029589548275304,0.6931471805579453,0,0,2.0,0.0001388888888888889,0.0,8.805310114327083,0.645956993469981,-8.803654489727972,0.005443343601138117,8.804163634582682,-0.8445227982592352,0.00014405878650309846,35.34254448336772,0.6931471805579453,0.0,0.0,Train008,10.0
27,2,1,6.944444444444444e-05,0.0,6.505418100431253,0.0,6.422396670587282,1.0359950130420401,6.505418100431253,-5.442468777815543,1.1102230246251565e-16,0.0,-1.000088900581841e-12,0,0,1.0,6.944444444444444e-05,0.0,6.660187483074705,0.0,6.590926009617158,0.9425036363563214,6.660187483074705,1.5518580483550615,2.2204460492503132e-17,0.0,-1.000088900581841e-12,0.0,0.0,Train008,10.0
27,3,4,0.0002777777777777778,0.0,6.651576858529779,1.0702220534489237,6.625417263188173,0.39375644925399117,6.637107657156164,-7.257712330175854,0.002226754174973977,18.64540750645719,1.3862943611158907,0,0,4.0,0.0002777777777777778,0.0,6.707276368489012,1.4562133851446286,6.675314951753959,0.4317153386378991,6.689341734157642,4.715579375997681,0.002765803020689561,18.780070281749676,1.3862943611158907,0.0,0.0,Train008,10.0
27,4,2,0.0001388888888888889,0.0,6.943769249511316,1.573761116292952,-1.60694144862794,-0.045527615982676406,1.6075862599361592,-5.83681690073186,0.9514956092094253,36.20935585149473,0.6931471805579453,0,0,2.0,0.0001388888888888889,0.0,7.145033010670616,1.4161339702749447,-1.3945474923420245,-0.2254201903957565,1.4639002170892343,1.4583671680106678,0.9546775165525074,33.66509865584773,0.6931471805579453,0.0,0.0,Train008,10.0
27,5,0,0.0,0.0,0.0,0.0,0.0,0.0,0.0,0.0,0.0,0.0,0.0,0,0,0.0,0.0,0.0,0.0,0.0,0.0,0.0,0.0,0.0,0.0,0.0,0.0,0.0,0.0,Train008,10.0
28,0,2,0.0001388888888888889,0.0,8.88575053858257,0.04463561250568038,-8.85504396732567,0.6033435049045515,8.875574744667595,-9.635729921682277,0.0011452100521786024,29.46585507428755,0.6931471805579453,0,0,2.0,0.0001388888888888889,-0.2,10.445660988785031,0.15216067368580788,-10.400822600676397,0.7546221139238255,10.428273840454185,2.381945536623795,0.0016299632284615395,29.60082419058553,0.6931471805579453,0.0,0.2,Train008,10.0
28,1,2,0.0001388888888888889,0.0,7.47204449969566,0.6024956690207501,-7.471724974243185,0.06842644311681756,7.472038294123427,-7.419553743853355,8.35940317411854e-07,35.022886919658575,0.6931471805579453,0,0,2.0,0.0001388888888888889,0.0,8.73075694984017,0.6812760066444136,-8.730428062586387,0.052651313353423636,8.730641469343002,-0.7455316448691267,1.2254284500090585e-05,35.132422811215285,0.6931471805579453,0.0,0.0,Train008,10.0
28,2,1,6.944444444444444e-05,0.0,5.929694753129556,0.0,5.853302820825568,0.9487496787918442,5.929694753129556,-5.757233473016976,0.0,0.0,-1.000088900581841e-12,0,0,1.0,6.944444444444444e-05,0.0,6.809162409193132,0.0,6.728309220546732,1.0448905398108912,6.809162409193132,1.4897492611842882,2.2204460492503132e-17,0.0,-1.000088900581841e-12,0.0,0.0,Train008,10.0
28,3,4,0.0002777777777777778,0.0,5.951455287002024,0.9448533872175156,5.928477643108216,0.3453631886961242,5.938528681158347,-7.00121571527756,0.0022092661387095314,18.63684346663344,1.3862943611158907,0,0,4.0,0.0002777777777777778,0.0,7.118178982725025,1.1858571492259218,7.088049871067545,0.4424351306929166,7.101887384896431,4.109026142360141,0.0023552888259564587,18.69308784050861,1.3862943611158907,0.0,0.0,Train008,10.0
28,4,2,0.0001388888888888889,0.0,6.32828488370142,1.4424036869342212,-1.4742124707450537,-0.03476496559897113,1.4746223285076534,-6.154843658098961,0.9502466233535918,36.247323892056,0.6931471805579453,0,0,2.0,0.0001388888888888889,0.0,7.277244705572954,1.5786104442386546,-1.5981029918770868,-0.10757995751106235,1.6042068809623395,1.3221169490233875,0.960637072240746,35.37861285253943,0.6931471805579453,0.0,0.0,Train008,10.0
28,5,0,0.0,0.0,0.0,0.0,0.0,0.0,0.0,0.0,0.0,0.0,0.0,0,0,0.0,0.0,0.0,0.0,0.0,0.0,0.0,0.0,0.0,0.0,0.0,0.0,0.0,0.0,Train008,10.0
29,0,2,0.0001388888888888889,0.0,10.418645161897532,0.32507869845783155,-10.381146968958053,0.5619309223151797,10.39634448989456,15.32894623314962,0.0021425460581744327,28.968927301085955,0.6931471805579453,0,0,2.0,0.0001388888888888889,0.0,10.292178735095305,0.20613693235567912,-10.253514076075295,0.6872424181006836,10.276749909359706,-1.534822536897249,0.0014846675832865363,29.404422421586105,0.6931471805579453,0.0,0.0,Train008,10.0
29,1,1,6.944444444444444e-05,-1.0,10.885511172363847,0.0,-10.885355919020894,0.05813776651122481,10.885511172363847,28.109710036474365,0.0,0.0,-1.000088900581841e-12,0,1,1.8,0.000125,-0.2,9.005897832173563,0.5428940649010496,-9.005642835837032,0.06479925941712217,9.005887222066368,1.5464174852924137,1.1679911667838994e-06,28.052263361562893,0.5545177444461562,0.0,0.2,Train008,10.0
29,2,0,0.0,-1.0,0.0,0.0,0.0,0.0,0.0,0.0,0.0,0.0,0.0,0,1,0.8,5.555555555555556e-05,-0.2,5.378225556429912,0.0,5.311369140513156,0.8452381263760607,5.378225556429912,-2.4499790213730956,2.2204460492503132e-17,0.0,-8.000711204654728e-13,0.0,0.2,Train008,10.0
29,3,3,0.00020833333333333335,-1.0,7.521168906470788,0.12442103486104043,7.515322348409171,0.011200872957960609,7.5153306953222865,16.319667680429482,0.0007796270053520571,37.05546245852581,1.0986122886651097,0,1,3.8,0.0002638888888888889,-0.2,7.089081986638973,0.9653836886080736,7.065265404793908,0.34088766241629176,7.0755788641183175,-0.1664636637121447,0.001972739203604834,22.34250350679818,1.3287579466257344,0.0,0.2,Train008,10.0
29,4,1,6.944444444444444e-05,-1.0,9.655784910091725,0.0,-9.60158687234976,-1.021622123231388,9.655784910091725,18.850963394560843,1.1102230246251565e-16,0.0,-1.000088900581841e-12,0,1,1.8,0.000125,-0.2,7.674245708390396,1.2812729552102753,-3.2249025603716497,-0.2590512167337837,3.2371254356781387,1.0852026543059679,0.763715226684537,28.738904139358375,0.5545177444461562,0.0,0.2,Train008,10.0
29,5,0,0.0,0.0,0.0,0.0,0.0,0.0,0.0,0.0,0.0,0.0,0.0,0,0,0.0,0.0,0.0,0.0,0.0,0.0,0.0,0.0,0.0,0.0,0.0,0.0,0.0,0.0,Train008,10.0
30,0,2,0.0001388888888888889,0.0,10.27812171916267,0.3480144288591287,-10.239766187283813,0.5078240658248365,10.25235079638186,-1.4052344273486206,0.0025102387868034537,28.792403114239956,0.6931471805579453,0,0,2.0,0.0001388888888888889,0.0,10.047431269813202,0.2177808780557891,-10.010981971829576,0.6212333927561652,10.030612986023396,-2.447474652821017,0.0016591926455620909,29.240221725582813,0.6931471805579453,0.0,0.0,Train008,10.0
30,1,1,6.944444444444444e-05,0.0,11.212219790178674,0.0,-11.2120966977994,0.052538200103524134,11.212219790178674,3.2670861781482685,0.0,0.0,-1.000088900581841e-12,0,0,1.6,0.00011111111111111112,-0.2,9.345684555628633,0.39488828704580203,-9.34544478069002,0.0644273596033427,9.345682679977019,2.192875896509197,2.44269268168118e-07,21.022326743978653,0.4158883083343671,0.0,0.2,Train008,10.0
30,2,0,0.0,0.0,0.0,0.0,0.0,0.0,0.0,0.0,0.0,0.0,0.0,0,0,0.6,4.1666666666666665e-05,-0.2,3.8969555663547233,0.0,3.847491505663168,0.6189130202049697,3.8969555663547233,-2.953310394492776,2.2204460492503132e-17,0.0,-6.000533403491046e-13,0.0,0.2,Train008,10.0
30,3,3,0.00020833333333333335,0.0,7.640017689009395,0.2982505213256503,7.634424686645776,-0.06649894851791088,7.634714297615887,1.1884878253860798,0.0007143147441333042,37.17188303927558,1.0986122886651097,0,0,3.6,0.00025,-0.2,7.0283133665118696,0.7372241387796767,7.010210615036843,0.22664081451337587,7.017364441636731,-0.48317990412267,0.0016398821854489043,26.034982422130746,1.2712215321355782,0.0,0.2,Train008,10.0
30,4,1,6.944444444444444e-05,0.0,9.746839575873558,0.0,-9.71317849328119,-0.8093486736103459,9.746839575873558,0.9105466578183297,0.0,0.0,-1.000088900581841e-12,0,0,1.6,0.00011111111111111112,-0.2,8.040425911752504,0.9397660228289247,-4.821988783240622,-0.39602161613860687,4.840047948060296,0.7769946597526461,0.5712560627600581,21.688043139658454,0.4158883083343672,0.0,0.2,Train008,10.0
30,5,0,0.0,0.0,0.0,0.0,0.0,0.0,0.0,0.0,0.0,0.0,0.0,0,0,0.0,0.0,0.0,0.0,0.0,0.0,0.0,0.0,0.0,0.0,0.0,0.0,0.0,0.0,Train008,10.0
31,0,2,0.0001388888888888889,0.0,9.588765471139766,0.30363574209409006,-9.552482744544573,0.45523676127349677,9.56332406089204,-6.893562480229045,0.002655918593941098,28.73260882250537,0.6931471805579453,0,0,2.0,0.0001388888888888889,0.0,9.804121284306667,0.23114319730916238,-9.768551335626501,0.5609468779450554,9.785038375960767,-2.433099855065356,0.0019289295362551417,29.08619105455342,0.6931471805579453,0.0,0.0,Train008,10.0
31,1,1,6.944444444444444e-05,0.0,10.660715713181235,0.0,-10.660609958972422,0.04748494421700212,10.660715713181235,-5.515040769974391,0.0,0.0,-1.000088900581841e-12,0,0,1.4,9.722222222222222e-05,-0.2,9.688898209900083,0.252472126536447,-9.688693392344742,0.05976438607478377,9.688896401225424,2.2271452046730005,2.3673357223419346e-07,14.010495293586775,0.27725887222257806,0.0,0.2,Train008,10.0
31,2,0,0.0,0.0,0.0,0.0,0.0,0.0,0.0,0.0,0.0,0.0,0.0,0,0,0.4,2.7777777777777772e-05,-0.2,2.487022570712162,0.0,2.45513989828257,0.3969489383667769,2.487022570712162,-2.2399404501665034,2.2204460492503132e-17,0.0,-4.000355602327364e-13,0.0,0.2,Train008,10.0
31,3,3,0.00020833333333333335,0.0,7.226360797790058,0.399062381357561,7.220809664850052,-0.08935185123130275,7.221362473197865,-4.136568912193382,0.0007215601858675535,37.21765632656057,1.0986122886651097,0,0,3.4,0.00023611111111111112,-0.2,6.998115907760409,0.5673618756421382,6.984890321240277,0.11889394223177244,6.98940876089011,-0.17746829036624617,0.0013303044498072848,29.745450559490518,1.2136851176454222,0.0,0.2,Train008,10.0
31,4,1,6.944444444444444e-05,0.0,9.2017921755685,0.0,-9.176045663941615,-0.6878700572142515,9.2017921755685,-5.450474003050587,0.0,0.0,-1.000088900581841e-12,0,0,1.4,9.722222222222222e-05,-0.2,8.375294158949304,0.6032329606454345,-6.314392989789112,-0.5198266871275266,6.337325049995519,0.46387509809955374,0.38034844651260347,14.491335948710145,0.27725887222257806,0.0,0.2,Train008,10.0
31,5,0,0.0,0.0,0.0,0.0,0.0,0.0,0.0,0.0,0.0,0.0,0.0,0,0,0.0,0.0,0.0,0.0,0.0,0.0,0.0,0.0,0.0,0.0,0.0,0.0,0.0,0.0,Train008,10.0
32,0,2,0.0001388888888888889,0.0,8.761502708966031,0.24953275601644886,-8.728214024205062,0.40761092094967155,8.737726633124165,-8.272627621737332,0.0027159043819543482,28.715185056716592,0.6931471805579453,0,0,2.0,0.0001388888888888889,0.0,9.586557119949713,0.2541794475866359,-9.551330778463434,0.5071892350535472,9.565064144992045,-2.1756416435695294,0.002233963574610387,28.934995873767086,0.6931471805579453,0.0,0.0,Train008,10.0
32,1,1,6.944444444444444e-05,0.0,9.838450553496008,0.0,-9.838356921701896,0.04292289349845501,9.838450553496008,-8.222651596852266,0.0,0.0,-1.000088900581841e-12,0,0,1.2,8.333333333333333e-05,-0.2,10.013788345783084,0.12049913380415003,-10.013628894347558,0.053902049489404726,10.013787104668639,2.0439100207885246,1.671880634823708e-07,7.004577383931715,0.13862943611078898,0.0,0.2,Train008,10.0
32,2,0,0.0,0.0,0.0,0.0,0.0,0.0,0.0,0.0,0.0,0.0,0.0,0,0,0.2,1.388888888888889e-05,-0.2,1.185938950625911,0.0,1.1706605641651135,0.18974993575836885,1.185938950625911,-1.1514466946033948,0.0,0.0,-2.000177801163682e-13,0.0,0.2,Train008,10.0
32,3,3,0.00020833333333333335,0.0,6.653708863020104,0.4114388589681059,6.64845226647869,-0.09192198474357381,6.64908769613733,-5.726519347699529,0.0007288404178740215,37.23495178153052,1.0986122886651097,0,0,3.2,0.00022222222222222223,-0.2,6.998542308658474,0.4356052367459746,6.989497321898381,0.02175825543225943,6.991804768686343,0.12877030612901877,0.0010307216983872936,33.463359414505184,1.156148703155266,0.0,0.2,Train008,10.0
32,4,1,6.944444444444444e-05,0.0,8.46830967660096,0.0,-8.446666224719234,-0.6050607134831862,8.46830967660096,-7.334824989675397,1.1102230246251565e-16,0.0,-1.000088900581841e-12,0,0,1.2,8.333333333333333e-05,-0.2,8.680202244367234,0.2884807373868442,-7.6823379450073705,-0.6317333066276285,7.709469733328478,0.1642734803108464,0.1900493246707184,7.2494647784112,0.13862943611078898,0.0,0.2,Train008,10.0
32,5,0,0.0,0.0,0.0,0.0,0.0,0.0,0.0,0.0,0.0,0.0,0.0,0,0,0.0,0.0,0.0,0.0,0.0,0.0,0.0,0.0,0.0,0.0,0.0,0.0,0.0,0.0,Train008,10.0
33,0,2,0.0001388888888888889,0.0,7.9421045654309825,0.20156833184003098,-7.911921101146611,0.365287074239516,7.92034911840226,-8.193981435350493,0.0027410226702859752,28.71266670029098,0.6931471805579453,0,0,2.0,0.0001388888888888889,0.0,9.397827925319396,0.28556599145350603,-9.36270620522762,0.45957794892054016,9.374019019738977,-1.8872919463031725,0.0025531260982318616,28.784358198967773,0.6931471805579453,0.0,0.0,Train008,10.0
33,1,1,6.944444444444444e-05,0.0,8.971527239478982,0.0,-8.971443325299731,0.0388029592720266,8.971527239478982,-8.669233140170256,0.0,0.0,-1.000088900581841e-12,0,0,1.0,6.944444444444444e-05,-0.2,10.313684893739751,0.0,-10.313572564558868,0.04797735272044653,10.31368489373975,1.7939741415251447,0.0,0.0,-1.000088900581841e-12,0.0,0.2,Train008,10.0
33,2,0,0.0,0.0,0.0,0.0,0.0,0.0,0.0,0.0,0.0,0.0,0.0,0,0,0.0,0.0,-0.2,0.0,0.0,0.0,0.0,0.0,0.0,0.0,0.0,0.0,0.0,0.2,Train008,10.0
33,3,3,0.00020833333333333335,0.0,6.060600056418835,0.39175989002589956,6.055750257968552,-0.08734180346857995,6.05638008859412,-5.93108806601269,0.000732572567545553,37.24115331022282,1.0986122886651097,0,0,3.0,0.00020833333333333335,-0.2,7.020371262541834,0.3249865373076514,7.014951844870448,-0.0647827430006814,7.015375050173498,0.3427958359819927,0.0007353829841544978,37.18422138322306,1.0986122886651097,0.0,0.2,Train008,10.0
33,4,1,6.944444444444444e-05,0.0,7.713226631797204,0.0,-7.6942605468199545,-0.5405735020471516,7.713226631797204,-7.550830448037562,0.0,0.0,-1.000088900581841e-12,0,0,1.0,6.944444444444444e-05,-0.2,8.95719059398639,0.0,-8.92634756022235,-0.7328950139172645,8.95719059398639,-0.11492387767687387,4.4408920985006264e-17,0.0,-1.000088900581841e-12,0.0,0.2,Train008,10.0
33,5,0,0.0,0.0,0.0,0.0,0.0,0.0,0.0,0.0,0.0,0.0,0.0,0,0,0.0,0.0,0.0,0.0,0.0,0.0,0.0,0.0,0.0,0.0,0.0,0.0,0.0,0.0,Train008,10.0
34,0,2,0.0001388888888888889,0.0,9.451250646708868,0.09373855593398428,-8.833307310602375,2.8480969889073227,9.281108473763483,15.091460812778843,0.018003867540525076,29.27999612323244,0.6931471805579453,0,0,2.0,0.0001388888888888889,0.0,9.204349022281663,0.23929796294873656,-9.053138273556488,0.9168111622389686,9.150971816512762,-1.934789030377328,0.00572539039470199,28.846571963397064,0.6931471805579453,0.0,0.0,Train008,10.0
34,1,2,0.0001388888888888889,1.0,10.215352688779557,0.289777787112949,-10.211629529612036,0.20898293811533694,10.213767743515017,15.336032364135246,0.0001552782183396051,34.614028485469206,0.6931471805579453,1,0,1.2,8.333333333333334e-05,0.2,10.17965319702289,0.0579555574225898,-10.178827286677096,0.07814638704126894,10.179336207969985,-0.7607613929426797,3.105564366792102e-05,6.922805697093841,0.13862943611078898,0.2,0.0,Train008,10.0
34,2,0,0.0,0.0,0.0,0.0,0.0,0.0,0.0,0.0,0.0,0.0,0.0,0,0,0.0,0.0,0.0,0.0,0.0,0.0,0.0,0.0,0.0,0.0,0.0,0.0,0.0,0.0,Train008,10.0
34,3,3,0.00020833333333333335,0.0,8.175435722882355,0.7750272800992773,8.158610089256209,-0.47547003076148237,8.172453140805736,21.148356664635205,0.00037639398363797927,37.59942960344936,1.0986122886651097,0,0,3.0,0.00020833333333333335,0.0,7.151224625824151,0.45510778635529886,7.143609393039855,-0.16211692374457,7.146799539270188,1.3085336328231372,0.0006547363798116823,37.29301481220777,1.0986122886651097,0.0,0.0,Train008,10.0
34,4,1,6.944444444444444e-05,0.0,9.39363483898454,0.0,9.393217113037519,0.08858755851240102,9.39363483898454,0.0,0.0,0.0,-1.000088900581841e-12,1,1,1.0,6.944444444444444e-05,0.0,8.904760579764952,0.0,-5.127386763144896,-0.510853077568507,8.90476057976495,-3.8851165565890424,2.2204460492503132e-17,0.0,-1.000088900581841e-12,0.2,0.2,Train008,10.0
34,5,0,0.0,0.0,0.0,0.0,0.0,0.0,0.0,0.0,0.0,0.0,0.0,0,0,0.0,0.0,0.0,0.0,0.0,0.0,0.0,0.0,0.0,0.0,0.0,0.0,0.0,0.0,Train008,10.0
35,0,1,6.944444444444444e-05,-1.0,9.434315196404684,0.0,-9.360262929010462,1.1797377356450267,9.434315196404684,-1.106740062381668,0.0,0.0,-1.000088900581841e-12,0,1,1.8,0.00012499999999999998,-0.2,9.035587717730067,0.16969507717691085,-8.877237621901816,1.0511938962030067,8.987364696517327,-1.8750901573839376,0.005223342637341299,23.088091340549077,0.5545177444461562,0.0,0.2,Train008,10.0
35,1,2,0.0001388888888888889,0.0,9.98769240595949,0.4285398144080439,-9.983867478269161,0.2064316332123548,9.9860013940932,-2.276602828200689,0.0001696218650033554,34.21003740288897,0.6931471805579453,0,0,1.4,9.722222222222222e-05,0.2,9.934747720179056,0.14366352030419857,-9.93318144277105,0.1089250736630351,9.934092528752888,-1.8694991942124712,6.49800166685921e-05,13.764813177671636,0.27725887222257806,0.2,0.0,Train008,10.0
35,2,0,0.0,0.0,0.0,0.0,0.0,0.0,0.0,0.0,0.0,0.0,0.0,0,0,0.0,0.0,0.0,0.0,0.0,0.0,0.0,0.0,0.0,0.0,0.0,0.0,0.0,0.0,Train008,10.0
35,3,4,0.0002777777777777778,1.0,8.778764692736104,0.9650472320211759,4.335748515237486,1.0379469494228286,4.458256279892423,3.078098778806153,0.4437376977471146,22.327957584461704,1.3862943611158907,1,0,3.2,0.00022222222222222223,0.2,7.378974026569492,0.5884671284944039,6.483874158758198,0.058772255843577904,6.511507935725495,1.6864558235071516,0.08925941298040793,34.324229721245,1.156148703155266,0.2,0.0,Train008,10.0
35,4,1,6.944444444444444e-05,0.0,9.163286292956887,0.0,9.1632862881828,-0.000295791593870557,9.163286292956887,-2.3034854602765265,0.0,0.0,-1.000088900581841e-12,0,0,1.0,6.944444444444444e-05,0.0,8.788049923181617,0.0,-1.3520938068520973,-0.3490425011652118,8.78804992318162,-4.527922980208014,2.2204460492503132e-17,0.0,-1.000088900581841e-12,0.2,0.2,Train008,10.0
35,5,0,0.0,0.0,0.0,0.0,0.0,0.0,0.0,0.0,0.0,0.0,0.0,0,0,0.0,0.0,0.0,0.0,0.0,0.0,0.0,0.0,0.0,0.0,0.0,0.0,0.0,0.0,Train008,10.0
36,0,1,6.944444444444444e-05,0.0,8.819118854513258,0.0,-8.749236854051304,1.1080215890232874,8.819118854513258,-6.151963418914264,0.0,0.0,-1.000088900581841e-12,0,0,1.6,0.00011111111111111112,-0.2,8.881658394404765,0.10896792875809283,-8.716588443803163,1.1817508617529646,8.83852365524157,-1.7267703451209813,0.00469215891855308,17.341569576048006,0.4158883083343672,0.0,0.2,Train008,10.0
36,1,2,0.0001388888888888889,0.0,9.329049118577139,0.44134676899193437,-9.32541117748788,0.1935962004982941,9.32742049647507,-6.5864328738235045,0.00017496699224184287,34.07680058395039,0.6931471805579453,0,0,1.6,0.00011111111111111112,0.2,9.668414401258236,0.23193287410258545,-9.666141686474141,0.1381473249192935,9.667433485411655,-2.083777614982294,9.997341511696068e-05,20.580173294461712,0.4158883083343672,0.2,0.0,Train008,10.0
36,2,0,0.0,0.0,0.0,0.0,0.0,0.0,0.0,0.0,0.0,0.0,0.0,0,0,0.0,0.0,0.0,0.0,0.0,0.0,0.0,0.0,0.0,0.0,0.0,0.0,0.0,0.0,Train008,10.0
36,3,4,0.0002777777777777778,0.0,8.37719587061265,0.9623964427267149,4.171083411646457,1.0686360911282826,4.305800729501329,-4.015688221234523,0.43552643504162947,21.913941885112955,1.3862943611158907,0,0,3.4,0.00023611111111111112,0.2,7.609141041134009,0.7011339407682348,5.873928908117479,0.29036984431549495,5.928395586986188,1.7106319616989232,0.1762203879515603,31.263486832955472,1.2136851176454222,0.2,0.0,Train008,10.0
36,4,1,6.944444444444444e-05,0.0,8.558689769565415,0.0,8.558641073133412,-0.0288713168641053,8.558689769565415,-6.045965233914714,0.0,0.0,-1.000088900581841e-12,0,0,1.0,6.944444444444444e-05,0.0,8.659429441981,0.0,2.194843540562908,-0.21724275309518254,8.659429441981,-4.647021226380839,2.2204460492503132e-17,0.0,-1.000088900581841e-12,0.2,0.2,Train008,10.0
36,5,0,0.0,0.0,0.0,0.0,0.0,0.0,0.0,0.0,0.0,0.0,0.0,0,0,0.0,0.0,0.0,0.0,0.0,0.0,0.0,0.0,0.0,0.0,0.0,0.0,0.0,0.0,Train008,10.0
37,0,1,6.944444444444444e-05,0.0,8.072028450720344,0.0,-8.00782373833525,1.016071988095891,8.072028450720344,-7.470904037929138,0.0,0.0,-1.000088900581841e-12,0,0,1.4,9.722222222222222e-05,-0.2,8.743763542755627,0.05906137755480305,-8.572510386629201,1.3034430751822088,8.705384018760807,-1.5664256283593425,0.004148978042162211,11.598532564704685,0.2772588722225781,0.0,0.2,Train008,10.0
37,1,2,0.0001388888888888889,0.0,8.549616523771325,0.4201663626768184,-8.54625796528427,0.17770801518359788,8.54810536597703,-7.794325948058134,0.00017717948712681064,34.033236090550695,0.6931471805579453,0,0,1.8,0.000125,0.2,9.410647595313298,0.31596614663794914,-9.407721895190615,0.16510434925632206,9.409364447907858,-1.9981124852234675,0.0001354093125423228,27.386820512571852,0.5545177444461562,0.2,0.0,Train008,10.0
37,2,0,0.0,0.0,0.0,0.0,0.0,0.0,0.0,0.0,0.0,0.0,0.0,0,0,0.0,0.0,0.0,0.0,0.0,0.0,0.0,0.0,0.0,0.0,0.0,0.0,0.0,0.0,Train008,10.0
37,3,4,0.0002777777777777778,0.0,7.744420967121492,0.906620856504016,3.8673383706226336,1.0162427292471945,3.998631685669226,-6.327749034911587,0.432233682748168,21.777613800008652,1.3862943611158907,0,0,3.6,0.00025,0.2,7.827283461954288,0.8001703402754167,5.317706128946267,0.5120027871136485,5.398304384892567,1.5903860242565115,0.2625213564176191,28.172019236651096,1.2712215321355782,0.2,0.0,Train008,10.0
37,4,1,6.944444444444444e-05,0.0,7.843195855566455,0.0,7.843107829109686,-0.037159248285906506,7.843195855566455,-7.1549391399896045,1.1102230246251565e-16,0.0,-1.000088900581841e-12,0,0,1.0,6.944444444444444e-05,0.0,8.5344066777741,0.0,5.452798351328691,-0.10366246005572659,8.534406677774099,-4.6110440564436805,2.2204460492503132e-17,0.0,-1.000088900581841e-12,0.2,0.2,Train008,10.0
37,5,0,0.0,0.0,0.0,0.0,0.0,0.0,0.0,0.0,0.0,0.0,0.0,0,0,0.0,0.0,0.0,0.0,0.0,0.0,0.0,0.0,0.0,0.0,0.0,0.0,0.0,0.0,Train008,10.0
38,0,1,6.944444444444444e-05,0.0,7.327321087441379,0.0,-7.268948483001447,0.9230505240419251,7.327321087441379,-7.447073632789651,1.1102230246251565e-16,0.0,-1.000088900581841e-12,0,0,1.2,8.333333333333333e-05,-0.2,8.620806847157706,0.018747711186796856,-8.443915863000168,1.4149957651426905,8.586778412568629,-1.4170440678471743,0.0036007735081050375,5.855999224646488,0.13862943611078898,0.0,0.2,Train008,10.0
38,1,2,0.0001388888888888889,0.0,7.772985607531932,0.3899064016256437,-7.769923529432383,0.16163851062445228,7.771604638769516,-7.766309162393936,0.00017811079298180044,34.01981381138853,0.6931471805579453,0,0,2.0,0.0001388888888888889,0.2,9.170939268923888,0.3939474269630779,-9.167417936017147,0.1896714595268072,9.169379927765966,-1.8175276896682035,0.0001710314711386829,34.19078327484956,0.6931471805579453,0.2,0.0,Train008,10.0
38,2,0,0.0,0.0,0.0,0.0,0.0,0.0,0.0,0.0,0.0,0.0,0.0,0,0,0.0,0.0,0.0,0.0,0.0,0.0,0.0,0.0,0.0,0.0,0.0,0.0,0.0,0.0,Train008,10.0
38,3,4,0.0002777777777777778,0.0,7.067912369775614,0.8342364258232519,3.533492787252912,0.9381361130211523,3.6559090038077793,-6.765085973458779,0.4308714703734021,21.745676350227466,1.3862943611158907,0,0,3.8,0.00026388888888888886,0.2,8.028745924625643,0.8886656474348872,4.813254634803139,0.7170983704115951,4.918210167935298,1.423586442767294,0.3485491359787904,25.072923844652028,1.3287579466257344,0.2,0.0,Train008,10.0
38,4,1,6.944444444444444e-05,0.0,7.128700459483083,0.0,7.12859998622087,-0.03784808431256785,7.128700459483083,-7.144953960833718,0.0,0.0,-1.000088900581841e-12,0,0,1.0,6.944444444444444e-05,0.0,8.417501443311275,0.0,8.417370457936856,-0.0031173765088098383,8.417501443311277,-4.529868759002912,2.2204460492503132e-17,0.0,-1.000088900581841e-12,0.2,0.2,Train008,10.0
38,5,0,0.0,0.0,0.0,0.0,0.0,0.0,0.0,0.0,0.0,0.0,0.0,0,0,0.0,0.0,0.0,0.0,0.0,0.0,0.0,0.0,0.0,0.0,0.0,0.0,0.0,0.0,Train008,10.0
39,0,1,6.944444444444444e-05,0.0,8.986187000838365,0.0,-8.983139732608256,0.234002902698415,8.986187000838365,16.588659133969863,0.0,0.0,-1.000088900581841e-12,0,0,1.0,6.944444444444444e-05,-0.2,8.527794117983607,0.0,-8.473882347401343,0.8921769479009092,8.527794117983607,-1.1176044036089707,2.2204460492503132e-17,0.0,-1.000088900581841e-12,0.0,0.2,Train008,10.0
39,1,2,0.0001388888888888889,0.0,10.469586563464247,0.48792041100873806,-10.442279006760563,0.738099423687639,10.468332322499148,26.966009559323147,0.00012005929086833511,33.692301595357094,0.6931471805579453,0,0,2.0,0.0001388888888888889,0.0,9.221786043860826,0.4335759517422357,-9.213547831446851,0.2954947566412676,9.220292843562794,0.5084677493693768,0.0001639876856444289,34.00643789682714,0.6931471805579453,0.0,0.0,Train008,10.0
39,2,0,0.0,0.0,0.0,0.0,0.0,0.0,0.0,0.0,0.0,0.0,0.0,0,0,0.0,0.0,0.0,0.0,0.0,0.0,0.0,0.0,0.0,0.0,0.0,0.0,0.0,0.0,Train008,10.0
39,3,3,0.00020833333333333335,-1.0,8.615817218472055,0.5893849068019136,3.426192242095144,-0.1891893198261292,3.4314116451584793,25.51053846006057,0.6658255238526081,37.55455376988727,1.0986122886651097,1,2,3.8,0.00026388888888888886,0.0,8.116822223743583,0.8515371727754145,3.8667710653709264,0.7743545125986658,3.970001868805847,2.296022801852367,0.4816389619525845,25.063948677939607,1.3287579466257344,0.4,0.4,Train008,10.0
39,4,1,6.944444444444444e-05,0.0,8.23784745731806,0.0,8.237769488011526,-0.035841211306489616,8.23784745731806,11.091469978349764,0.0,0.0,-1.000088900581841e-12,0,0,1.0,6.944444444444444e-05,0.0,8.18634396697798,0.0,8.186280932931659,-0.028003130472587966,8.186343966977981,-2.311574763332959,2.2204460492503132e-17,0.0,-1.000088900581841e-12,0.0,0.0,Train008,10.0
39,5,1,6.944444444444444e-05,1.0,0.0,0.0,0.0,0.0,0.0,0.0,0.0,0.0,-1.000088900581841e-12,1,0,0.2,1.388888888888889e-05,0.2,0.0,0.0,0.0,0.0,0.0,0.0,0.0,0.0,-2.000177801163682e-13,0.2,0.0,Train008,10.0
40,0,1,6.944444444444444e-05,0.0,9.036178775753912,0.0,-9.036161437785179,-0.017701346546632052,9.036178775753912,0.4999177491554718,1.1102230246251565e-16,0.0,-1.000088900581841e-12,0,0,1.0,6.944444444444444e-05,0.0,8.448166833853453,0.0,-8.409062049156287,0.6526891314625772,8.448166833853453,-0.7962728413015423,4.4408920985006264e-17,0.0,-1.000088900581841e-12,0.0,0.0,Train008,10.0
40,1,2,0.0001388888888888889,0.0,10.789757553051675,0.4960052718535035,-10.751479347926884,0.8943215066484633,10.788610620749655,3.2017098958742896,0.0001065233675502375,33.57073789445295,0.6931471805579453,0,0,2.0,0.0001388888888888889,0.0,9.382199073279264,0.4470690432313276,-9.367070205378395,0.4330727313284893,9.380814688894082,1.6041302941843725,0.0001513679861538053,33.878577995139935,0.6931471805579453,0.0,0.0,Train008,10.0
40,2,0,0.0,0.0,0.0,0.0,0.0,0.0,0.0,0.0,0.0,0.0,0.0,0,0,0.0,0.0,0.0,0.0,0.0,0.0,0.0,0.0,0.0,0.0,0.0,0.0,0.0,0.0,Train008,10.0
40,3,3,0.00020833333333333335,0.0,8.718525598089096,0.9788032355967954,3.7972131990132945,-0.2625952424317064,3.806282220239133,1.027083796170425,0.666447213129129,36.61515016662233,1.0986122886651097,0,0,3.6,0.00025,-0.2,8.104774404814183,0.8542883734905384,3.759064002126088,0.5142460742277587,3.8396070568751894,1.8858198053252213,0.5261808650289873,27.921387194371732,1.2712215321355782,0.2,0.4,Train008,10.0
40,4,1,6.944444444444444e-05,0.0,8.133674976233989,0.0,8.13360795223639,-0.03301966583587637,8.133674976233989,-1.0417248108407051,0.0,0.0,-1.000088900581841e-12,0,0,1.0,6.944444444444444e-05,0.0,7.980421703633401,0.0,7.980345265742376,-0.03454790532098913,7.980421703633399,-2.0592226334457946,2.2204460492503132e-17,0.0,-1.000088900581841e-12,0.0,0.0,Train008,10.0
40,5,1,6.944444444444444e-05,0.0,0.0,0.0,0.0,0.0,0.0,0.0,0.0,0.0,-1.000088900581841e-12,0,0,0.4,2.777777777777778e-05,0.2,0.0,0.0,0.0,0.0,0.0,0.0,0.0,0.0,-4.000355602327364e-13,0.2,0.0,Train008,10.0
41,0,1,6.944444444444444e-05,0.0,8.51532188471434,0.0,-8.514692095300383,-0.10356313303547207,8.51532188471434,-5.20856891039573,0.0,0.0,-1.000088900581841e-12,0,0,1.0,6.944444444444444e-05,0.0,8.387407439893668,0.0,-8.362153097406104,0.4103721870508254,8.387407439893668,-0.6075939395978356,4.4408920985006264e-17,0.0,-1.000088900581841e-12,0.0,0.0,Train008,10.0
41,1,2,0.0001388888888888889,0.0,10.263456906766594,0.47125133185055645,-10.22325908760806,0.8956065235627642,10.262413820218368,-5.263006462850814,0.00010184583825445515,33.52771858517222,0.6931471805579453,0,0,2.0,0.0001388888888888889,0.0,9.569080630917153,0.453049955803052,-9.54663978740243,0.5734747959413833,9.567813353642743,1.8688155763789105,0.00013674375535632777,33.7687615953843,0.6931471805579453,0.0,0.0,Train008,10.0
41,2,0,0.0,0.0,0.0,0.0,0.0,0.0,0.0,0.0,0.0,0.0,0.0,0,0,0.0,0.0,0.0,0.0,0.0,0.0,0.0,0.0,0.0,0.0,0.0,0.0,0.0,0.0,Train008,10.0
41,3,3,0.00020833333333333335,0.0,8.246986300291704,1.0529101035272435,3.6952844495238417,-0.2723597497932792,3.7053079489025174,-4.71539297797392,0.6667343492443225,36.28385853368159,1.0986122886651097,0,0,3.4,0.00023611111111111112,-0.2,8.078732490749992,0.8723911056506441,3.6639042097015646,0.24604690604344634,3.7195085007554267,1.745878853977342,0.572422447869526,30.795370524085463,1.2136851176454222,0.2,0.4,Train008,10.0
41,4,1,6.944444444444444e-05,0.0,7.615595298773179,0.0,7.615535872277444,-0.030085424238062118,7.615595298773179,-5.180796774608094,0.0,0.0,-1.000088900581841e-12,0,0,1.0,6.944444444444444e-05,0.0,7.791802809474953,0.0,7.791724225571184,-0.03479072679578049,7.791802809474953,-1.8861889415844708,2.2204460492503132e-17,0.0,-1.000088900581841e-12,0.0,0.0,Train008,10.0
41,5,1,6.944444444444444e-05,0.0,0.0,0.0,0.0,0.0,0.0,0.0,0.0,0.0,-1.000088900581841e-12,0,0,0.6,4.1666666666666665e-05,0.2,0.0,0.0,0.0,0.0,0.0,0.0,0.0,0.0,-6.000533403491046e-13,0.2,0.0,Train008,10.0
42,0,1,6.944444444444444e-05,0.0,7.828146080496541,0.0,-7.827114699182786,-0.12706904985135578,7.828146080496541,-6.87175804217798,0.0,0.0,-1.000088900581841e-12,0,0,1.0,6.944444444444444e-05,0.0,8.338630965848909,0.0,-8.326011289575609,0.18174397946137594,8.338630965848907,-0.487764740447604,4.4408920985006264e-17,0.0,-1.000088900581841e-12,0.0,0.0,Train008,10.0
42,1,2,0.0001388888888888889,0.0,9.474778575231365,0.43600451847713106,-9.43624058971622,0.8431339884597967,9.473832982985506,-7.886783315352295,0.00010001278380056267,33.514534441971975,0.6931471805579453,0,0,2.0,0.0001388888888888889,0.0,9.754113041209163,0.45621758696311454,-9.72463631228882,0.7065599905966231,9.752958877044438,1.8503241029200783,0.00012131041469107818,33.66502126566856,0.6931471805579453,0.0,0.0,Train008,10.0
42,2,0,0.0,0.0,0.0,0.0,0.0,0.0,0.0,0.0,0.0,0.0,0.0,0,0,0.0,0.0,0.0,0.0,0.0,0.0,0.0,0.0,0.0,0.0,0.0,0.0,0.0,0.0,Train008,10.0
42,3,3,0.00020833333333333335,0.0,7.596838303043281,1.0171389989322988,3.442091375559017,-0.2596693928047933,3.451872134256623,-6.50147997248425,0.6668529164787427,36.18916685417167,1.0986122886651097,0,0,3.2,0.00022222222222222223,-0.2,8.049215957934349,0.8944947341363007,3.578854810688841,-0.0091355183669512,3.6101565904729065,1.7111326664628095,0.619346294615641,33.67768113491807,1.156148703155266,0.2,0.4,Train008,10.0
42,4,1,6.944444444444444e-05,0.0,6.985244202284003,0.0,6.9851909026869565,-0.027287699823508406,6.985244202284003,-6.3035109648917675,0.0,0.0,-1.000088900581841e-12,0,0,1.0,6.944444444444444e-05,0.0,7.620212478818462,0.0,7.620140840286638,-0.032816417103300875,7.620212478818462,-1.7159033065649034,0.0,0.0,-1.000088900581841e-12,0.0,0.0,Train008,10.0
42,5,1,6.944444444444444e-05,0.0,0.0,0.0,0.0,0.0,0.0,0.0,0.0,0.0,-1.000088900581841e-12,0,0,0.8,5.555555555555556e-05,0.2,0.0,0.0,0.0,0.0,0.0,0.0,0.0,0.0,-8.000711204654728e-13,0.2,0.0,Train008,10.0
43,0,1,6.944444444444444e-05,0.0,7.125029257159405,0.0,-7.123885805704564,-0.1276438116735122,7.125029257159405,-7.031168233371359,0.0,0.0,-1.000088900581841e-12,0,0,1.0,6.944444444444444e-05,0.0,8.298172599792512,0.0,-8.296998754116235,-0.028394887681711507,8.298172599792512,-0.40458366056394546,2.2204460492503132e-17,0.0,-1.000088900581841e-12,0.0,0.0,Train008,10.0
43,1,2,0.0001388888888888889,0.0,8.641906593811338,0.39885993917610296,-8.606212949856815,0.7751481735877871,8.64105063226108,-8.328719814200252,9.925922005049603e-05,33.51252070520304,0.6931471805579453,0,0,2.0,0.0001388888888888889,0.0,9.927897238465043,0.4580082944732064,-9.891894196373709,0.8292619231892899,9.926848075742752,1.7378419725588152,0.0001055401001048173,33.56356264443146,0.6931471805579453,0.0,0.0,Train008,10.0
43,2,0,0.0,0.0,0.0,0.0,0.0,0.0,0.0,0.0,0.0,0.0,0.0,0,0,0.0,0.0,0.0,0.0,0.0,0.0,0.0,0.0,0.0,0.0,0.0,0.0,0.0,0.0,Train008,10.0
43,3,3,0.00020833333333333335,0.0,6.922358075303348,0.946019060021289,3.1521277882749654,-0.24012451648355573,3.1612607258863807,-6.744802277399327,0.6669023398824386,36.18352463218821,1.0986122886651097,0,0,3.0,0.00020833333333333335,-0.2,8.020105099039897,0.9168512609759081,3.5025818108932527,-0.24478764426789282,3.5112269348886267,1.7151894056746997,0.6665524685174482,36.56525079131021,1.0986122886651097,0.2,0.4,Train008,10.0
43,4,1,6.944444444444444e-05,0.0,6.353624055685592,0.0,6.353576028371599,-0.024704102663482348,6.353624055685592,-6.316201465984106,0.0,0.0,-1.000088900581841e-12,0,0,1.0,6.944444444444444e-05,0.0,7.465197198058964,0.0,7.465136048716784,-0.03018762077348377,7.465197198058964,-1.550152807594981,0.0,0.0,-1.000088900581841e-12,0.0,0.0,Train008,10.0
43,5,1,6.944444444444444e-05,0.0,0.0,0.0,0.0,0.0,0.0,0.0,0.0,0.0,-1.000088900581841e-12,0,0,1.0,6.944444444444444e-05,0.2,0.0,0.0,0.0,0.0,0.0,0.0,0.0,0.0,-1.000088900581841e-12,0.2,0.0,Train008,10.0
44,0,1,6.944444444444444e-05,0.0,9.161250517874516,0.0,-9.12882293046716,0.7701317779659689,9.161250517874516,20.3622126071511,0.0,0.0,-1.000088900581841e-12,0,0,1.0,6.944444444444444e-05,0.0,8.333185303199743,0.0,-8.326135393688016,0.07883088737179926,8.333185303199745,0.3501270340723025,2.2204460492503132e-17,0.0,-1.000088900581841e-12,0.0,0.0,Train008,10.0
44,1,1,6.944444444444444e-05,-1.0,9.520128277824465,0.0,-9.507650936185495,0.4872536319865711,9.520128277824465,12.77081623189229,0.0,0.0,-1.000088900581841e-12,0,1,1.8,0.000125,-0.2,9.738005581337088,0.3604242122714588,-9.704968582258694,0.7790927648490765,9.737207266807815,-1.1011966929273562,8.152824193115027e-05,26.825102325360035,0.5545177444461563,0.0,0.2,Train008,10.0
44,2,0,0.0,0.0,0.0,0.0,0.0,0.0,0.0,0.0,0.0,0.0,0.0,0,0,0.0,0.0,0.0,0.0,0.0,0.0,0.0,0.0,0.0,0.0,0.0,0.0,0.0,0.0,Train008,10.0
44,3,5,0.00034722222222222224,2.0,7.124989862040769,3.6400105710946358,2.9876738757603736,-0.26566431891480546,2.999462071479731,21.390536326831082,0.39917841020133826,14.237782907470665,1.3321790402061222,2,0,3.4,0.00023611111111111112,0.4,7.72193962775364,1.5269763938344525,3.4148781376262987,-0.2600826440856281,3.4248370201528773,0.8911889790288022,0.6132230457871942,31.90189661882689,1.1453256389733122,0.4,0.0,Train008,10.0
44,4,0,0.0,-1.0,0.0,0.0,0.0,0.0,0.0,0.0,0.0,0.0,0.0,0,1,0.8,5.555555555555556e-05,-0.2,5.817627706595353,0.0,5.817582151114477,-0.02301937851218585,5.817627706595353,-3.7684468032649336,0.0,0.0,-8.000711204654728e-13,0.0,0.2,Train008,10.0
44,5,0,0.0,-1.0,0.0,0.0,0.0,0.0,0.0,0.0,0.0,0.0,0.0,0,1,0.8,5.555555555555556e-05,-0.2,0.0,0.0,0.0,0.0,0.0,0.0,0.0,0.0,-8.000711204654728e-13,0.0,0.2,Train008,10.0
45,0,1,6.944444444444444e-05,0.0,9.339489917169978,0.0,-9.28192484744428,1.0353468207881704,9.339489917169978,1.7823939929546206,1.1102230246251565e-16,0.0,-1.000088900581841e-12,0,0,1.0,6.944444444444444e-05,0.0,8.393847531482956,0.0,-8.375288075619835,0.28944052083875976,8.393847531482956,0.6066222828321323,2.2204460492503132e-17,0.0,-1.000088900581841e-12,0.0,0.0,Train008,10.0
45,1,1,6.944444444444444e-05,0.0,9.405830782080274,0.0,-9.400071128796426,0.32911316396751056,9.405830782080274,-1.1429749574419112,0.0,0.0,-1.000088900581841e-12,0,0,1.6,0.00011111111111111112,-0.2,9.461220227142807,0.2612231579007581,-9.434686938432602,0.6660510963128858,9.46065129907394,-1.9701336635905964,6.022356842110277e-05,20.110954746469446,0.4158883083343672,0.0,0.2,Train008,10.0
45,2,0,0.0,0.0,0.0,0.0,0.0,0.0,0.0,0.0,0.0,0.0,0.0,0,0,0.0,0.0,0.0,0.0,0.0,0.0,0.0,0.0,0.0,0.0,0.0,0.0,0.0,0.0,Train008,10.0
45,3,5,0.00034722222222222224,0.0,7.201762423427738,3.8221810584098592,2.626842405129266,-0.26313270903586056,2.639988606784101,0.7677256138696755,0.39901690921216615,15.053046705275836,1.3321790402061222,0,0,3.8,0.0002638888888888889,0.4,7.418586992821368,2.0956519583970654,3.180803978849492,-0.2601901374064589,3.1915782974618705,0.8393173425686523,0.5597369850038016,27.589475926557594,1.1920389892815146,0.4,0.0,Train008,10.0
45,4,0,0.0,0.0,0.0,0.0,0.0,0.0,0.0,0.0,0.0,0.0,0.0,0,0,0.6,4.1666666666666665e-05,-0.2,4.190892711348555,0.0,4.1908605606672,-0.016415445345010576,4.190892711348555,-3.5601018410967926,0.0,0.0,-6.000533403491046e-13,0.0,0.2,Train008,10.0
45,5,0,0.0,0.0,0.0,0.0,0.0,0.0,0.0,0.0,0.0,0.0,0.0,0,0,0.6,4.1666666666666665e-05,-0.2,0.0,0.0,0.0,0.0,0.0,0.0,0.0,0.0,-6.000533403491046e-13,0.0,0.2,Train008,10.0
46,0,1,6.944444444444444e-05,0.0,8.84980138709228,0.0,-8.785374808072381,1.0659146648149602,8.84980138709228,-4.896885300776983,0.0,0.0,-1.000088900581841e-12,0,0,1.0,6.944444444444444e-05,0.0,8.460743431958544,0.0,-8.429424618174234,0.5233360804088463,8.460743431958544,0.6689590047558817,2.2204460492503132e-17,0.0,-1.000088900581841e-12,0.0,0.0,Train008,10.0
46,1,1,6.944444444444444e-05,0.0,8.81146509607894,0.0,-8.80777897207026,0.2548464607845236,8.81146509607894,-5.943656860013338,0.0,0.0,-1.000088900581841e-12,0,0,1.4,9.722222222222222e-05,-0.2,9.170821865005276,0.16697289153064682,-9.151590915325043,0.5378990837572378,9.170461554246055,-2.106263743023101,3.985440077021174e-05,13.405411029435005,0.27725887222257806,0.0,0.2,Train008,10.0
46,2,0,0.0,0.0,0.0,0.0,0.0,0.0,0.0,0.0,0.0,0.0,0.0,0,0,0.0,0.0,0.0,0.0,0.0,0.0,0.0,0.0,0.0,0.0,0.0,0.0,0.0,0.0,Train008,10.0
46,3,5,0.00034722222222222224,0.0,6.809746926481319,3.677602958516016,2.3513824080302355,-0.24688909905396658,2.3643082404850997,-3.920154969464187,0.39912564489543856,15.387997139327663,1.3321790402061222,0,0,4.2,0.00029166666666666664,0.4,7.1311391180592905,2.62059052939482,2.9120235705507715,-0.2550960072585964,2.923378355778387,0.9983649442705989,0.5062152441340249,23.41030364768681,1.238752339589717,0.4,0.0,Train008,10.0
46,4,0,0.0,0.0,0.0,0.0,0.0,0.0,0.0,0.0,0.0,0.0,0.0,0,0,0.4,2.7777777777777772e-05,-0.2,2.6677736515939188,0.0,2.667753386211711,-0.010398360497398151,2.6677736515939188,-2.523942486175174,0.0,0.0,-4.000355602327364e-13,0.0,0.2,Train008,10.0
46,5,0,0.0,0.0,0.0,0.0,0.0,0.0,0.0,0.0,0.0,0.0,0.0,0,0,0.4,2.7777777777777772e-05,-0.2,0.0,0.0,0.0,0.0,0.0,0.0,0.0,0.0,-4.000355602327364e-13,0.0,0.2,Train008,10.0
47,0,1,6.944444444444444e-05,0.0,8.156815289347344,0.0,-8.093611666579791,1.0134524434496597,8.156815289347344,-6.929860977449351,0.0,0.0,-1.000088900581841e-12,0,0,1.0,6.944444444444444e-05,0.0,8.526477273728705,0.0,-8.482724011653636,0.7514403790690493,8.526477273728705,0.6573384177016074,2.2204460492503132e-17,0.0,-1.000088900581841e-12,0.0,0.0,Train008,10.0
47,1,1,6.944444444444444e-05,0.0,8.085397559575474,0.0,-8.08256370921172,0.21405042144951233,8.085397559575474,-7.260675365034661,1.1102230246251565e-16,0.0,-1.000088900581841e-12,0,0,1.2,8.333333333333333e-05,-0.2,8.892945661874098,0.07977198783522059,-8.880855539224143,0.4120823703551809,8.892774469564047,-1.9810421529595743,1.9851844010121412e-05,6.702504141040608,0.13862943611078898,0.0,0.2,Train008,10.0
47,2,0,0.0,0.0,0.0,0.0,0.0,0.0,0.0,0.0,0.0,0.0,0.0,0,0,0.0,0.0,0.0,0.0,0.0,0.0,0.0,0.0,0.0,0.0,0.0,0.0,0.0,0.0,Train008,10.0
47,3,5,0.00034722222222222224,0.0,6.272077921030854,3.4122204027265206,2.117562828120808,-0.22661116271070064,2.129653716007391,-5.376690054504641,0.39919604640656037,15.507159606979116,1.3321790402061222,0,0,4.6,0.0003194444444444444,0.4,6.866187041656805,3.0996068101536642,2.64711786106313,-0.24848436123977785,2.6589346721285407,1.223322927866521,0.4526838701195883,19.2739021982483,1.2854656898979198,0.4,0.0,Train008,10.0
47,4,0,0.0,0.0,0.0,0.0,0.0,0.0,0.0,0.0,0.0,0.0,0.0,0,0,0.2,1.388888888888889e-05,-0.2,1.2707248111371183,0.0,1.2707152056743194,-0.00494082053269647,1.2707248111371183,-1.2632402931968205,0.0,0.0,-2.000177801163682e-13,0.0,0.2,Train008,10.0
47,5,0,0.0,0.0,0.0,0.0,0.0,0.0,0.0,0.0,0.0,0.0,0.0,0,0,0.2,1.388888888888889e-05,-0.2,0.0,0.0,0.0,0.0,0.0,0.0,0.0,0.0,-2.000177801163682e-13,0.0,0.2,Train008,10.0
48,0,1,6.944444444444444e-05,0.0,7.434500632363706,0.0,-7.375425104744545,0.9353631257005219,7.434500632363706,-7.223146569836381,0.0,0.0,-1.000088900581841e-12,0,0,1.0,6.944444444444444e-05,0.0,8.588371548769564,0.0,-8.533031871461633,0.9640417665438562,8.588371548769565,0.618942750408603,2.2204460492503132e-17,0.0,-1.000088900581841e-12,0.0,0.0,Train008,10.0
48,1,1,6.944444444444444e-05,0.0,7.35656409221786,0.0,-7.35418005899818,0.18727226901683097,7.35656409221786,-7.288334673576147,0.0,0.0,-1.000088900581841e-12,0,0,1.0,6.944444444444444e-05,-0.2,8.635877161555403,0.0,-8.630448961052416,0.29450718944098975,8.635877161555403,-1.7729651248347533,2.2204460492503132e-17,0.0,-1.000088900581841e-12,0.0,0.2,Train008,10.0
48,2,0,0.0,0.0,0.0,0.0,0.0,0.0,0.0,0.0,0.0,0.0,0.0,0,0,0.0,0.0,0.0,0.0,0.0,0.0,0.0,0.0,0.0,0.0,0.0,0.0,0.0,0.0,Train008,10.0
48,3,5,0.00034722222222222224,0.0,5.714965240693203,3.118842992595437,1.9113560984085474,-0.2061423663101122,1.9224403268011927,-5.571126803376511,0.39922976311033587,15.539836392692575,1.3321790402061222,0,0,5.0,0.00034722222222222224,0.4,6.624708474734777,3.534171596668494,2.3989635230898463,-0.24168793120508916,2.4111705923115028,1.4580580226710838,0.39914935476516783,15.14516455034917,1.3321790402061222,0.4,0.0,Train008,10.0
48,4,0,0.0,0.0,0.0,0.0,0.0,0.0,0.0,0.0,0.0,0.0,0.0,0,0,0.0,0.0,-0.2,0.0,0.0,0.0,0.0,0.0,0.0,0.0,0.0,0.0,0.0,0.2,Train008,10.0
48,5,0,0.0,0.0,0.0,0.0,0.0,0.0,0.0,0.0,0.0,0.0,0.0,0,0,0.0,0.0,-0.2,0.0,0.0,0.0,0.0,0.0,0.0,0.0,0.0,0.0,0.0,0.2,Train008,10.0
49,0,2,0.0001388888888888889,1.0,5.39621691583245,5.39621691583245,-4.526846028542158,2.937145218845737,5.39621691583245,33.579331993011934,0.7161800958301778,34.48792363841194,0.6931471805579453,1,0,1.2,8.333333333333333e-05,0.2,7.835364828361152,1.07924338316649,-7.612636491076631,1.3974444547198097,7.835364828361152,3.2623666275807692,0.1432360191660356,6.897584727682388,0.13862943611078898,0.2,0.0,Train008,10.0
49,1,1,6.944444444444444e-05,0.0,8.744307651960348,0.0,-8.732102658432702,0.4618435608784055,8.744307651960348,13.877435597424883,0.0,0.0,-1.000088900581841e-12,0,0,1.0,6.944444444444444e-05,0.0,8.480713036382578,0.0,-8.475339305501858,0.28942517521935657,8.480713036382578,-1.5516412517282352,2.2204460492503132e-17,0.0,-1.000088900581841e-12,0.0,0.0,Train008,10.0
49,2,0,0.0,0.0,0.0,0.0,0.0,0.0,0.0,0.0,0.0,0.0,0.0,0,0,0.0,0.0,0.0,0.0,0.0,0.0,0.0,0.0,0.0,0.0,0.0,0.0,0.0,0.0,Train008,10.0
49,3,2,0.0001388888888888889,-3.0,10.343786767279264,1.6200837914107495,-1.5559573830817213,-0.7048379225799147,1.7081568648907184,22.15228401843081,0.9470040540079316,68.35717613510225,0.6931471805579453,0,3,4.4,0.00030555555555555555,-0.6,7.268467855782475,3.1301862407317165,1.4902372713214271,-0.32952265193811103,2.1529095509937006,1.6104075609910289,0.5087144835264865,25.969043195875486,1.2043726682764868,0.0,0.6,Train008,10.0
49,4,1,6.944444444444444e-05,1.0,7.962556289499501,0.0,7.953709896528798,0.37523531990993814,7.962556289499501,17.919509947596985,0.0,0.0,-1.000088900581841e-12,1,0,0.2,1.388888888888889e-05,0.2,1.5925112578999001,0.0,1.5907419793057591,0.07504706398198763,1.5925112578999001,3.583901989519398,0.0,0.0,-2.000177801163682e-13,0.2,0.0,Train008,10.0
49,5,0,0.0,0.0,0.0,0.0,0.0,0.0,0.0,0.0,0.0,0.0,0.0,0,0,0.0,0.0,0.0,0.0,0.0,0.0,0.0,0.0,0.0,0.0,0.0,0.0,0.0,0.0,Train008,10.0
50,0,2,0.0001388888888888889,0.0,5.814787111180165,5.814787111180165,-4.55053105926337,3.6200022413012887,5.814787111180165,4.185701953477148,0.670287347492658,33.57077928399601,0.6931471805579453,0,0,1.4,9.722222222222222e-05,0.2,7.130424267163188,2.242200805402523,-6.666357733440449,1.9143755388224335,7.130424267163188,3.743028219685274,0.27729348866456716,13.61174058448159,0.27725887222257806,0.2,0.0,Train008,10.0
50,1,1,6.944444444444444e-05,0.0,8.711322350842044,0.0,-8.695193297864343,0.5298590501776743,8.711322350842044,-0.32985301118303667,0.0,0.0,-1.000088900581841e-12,0,0,1.0,6.944444444444444e-05,0.0,8.341811350134934,0.0,-8.33436373931544,0.32957435246138933,8.341811350134934,-1.3890168624764598,2.2204460492503132e-17,0.0,-1.000088900581841e-12,0.0,0.0,Train008,10.0
50,2,0,0.0,0.0,0.0,0.0,0.0,0.0,0.0,0.0,0.0,0.0,0.0,0,0,0.0,0.0,0.0,0.0,0.0,0.0,0.0,0.0,0.0,0.0,0.0,0.0,0.0,0.0,Train008,10.0
50,3,2,0.0001388888888888889,0.0,10.505209564951915,1.596167649172311,-1.5255326330535102,-0.8075676219386985,1.7260982818237496,1.6142279767265055,0.9367238462789368,66.06297948767802,0.6931471805579453,0,0,3.8,0.0002638888888888889,-0.6,7.929157284087312,2.684983558884207,0.6597622636848719,-0.43840963451867854,1.9701314860016303,1.779708033562395,0.6162558709398407,36.17102975235592,1.0765662963468514,0.0,0.6,Train008,10.0
50,4,1,6.944444444444444e-05,0.0,8.122021415346742,0.0,8.102235199461864,0.5665833071599019,8.122021415346742,1.5946512584724104,1.1102230246251565e-16,0.0,-1.000088900581841e-12,0,0,0.4,2.777777777777778e-05,0.2,3.2169155409692487,0.0,3.2111890191981316,0.188363725413968,3.2169155409692487,3.90283224121388,2.2204460492503132e-17,0.0,-4.000355602327364e-13,0.2,0.0,Train008,10.0
50,5,0,0.0,0.0,0.0,0.0,0.0,0.0,0.0,0.0,0.0,0.0,0.0,0,0,0.0,0.0,0.0,0.0,0.0,0.0,0.0,0.0,0.0,0.0,0.0,0.0,0.0,0.0,Train008,10.0
51,0,2,0.0001388888888888889,0.0,5.628345865387123,5.628345865387123,-4.290177107452521,3.6431658714791797,5.628345865387123,-1.8644124579304133,0.6552136557376587,33.28586678630317,0.6931471805579453,0,0,1.6,0.00011111111111111112,0.2,6.486133162822158,3.3678699784799475,-5.767318193316477,2.4298257801552774,6.486133162822158,4.349522788254589,0.4083362198120989,20.268913941742223,0.4158883083343672,0.2,0.0,Train008,10.0
51,1,1,6.944444444444444e-05,0.0,8.186417751786424,0.0,-8.169744532593443,0.5222163143022615,8.186417751786424,-5.249045990556205,0.0,0.0,-1.000088900581841e-12,0,0,1.0,6.944444444444444e-05,0.0,8.21680188127643,0.0,-8.206756851420078,0.3830483231649369,8.21680188127643,-1.2500946885850333,2.2204460492503132e-17,0.0,-1.000088900581841e-12,0.0,0.0,Train008,10.0
51,2,0,0.0,0.0,0.0,0.0,0.0,0.0,0.0,0.0,0.0,0.0,0.0,0,0,0.0,0.0,0.0,0.0,0.0,0.0,0.0,0.0,0.0,0.0,0.0,0.0,0.0,0.0,Train008,10.0
51,3,2,0.0001388888888888889,0.0,9.941885520441058,1.4928626049545217,-1.4244362966634734,-0.7955238617768825,1.6315259660540973,-5.633240445108569,0.9330351598726409,65.25739655526247,0.6931471805579453,0,0,3.2,0.00022222222222222223,-0.6,8.555585002879258,2.248035488171908,-0.09540147725386991,-0.5481365870632617,1.8235750311154297,1.4370909384335184,0.7230377739352811,46.14490963554289,0.9487599244172161,0.0,0.6,Train008,10.0
51,4,1,6.944444444444444e-05,0.0,7.697295077374444,0.0,7.673925891888745,0.5993437360750397,7.697295077374444,-4.247263379722979,0.0,0.0,-1.000088900581841e-12,0,0,0.6,4.1666666666666665e-05,0.2,4.756374556444138,0.0,4.745974197575881,0.3082324726289759,4.756374556444138,3.0533795652692843,2.2204460492503132e-17,0.0,-6.000533403491046e-13,0.2,0.0,Train008,10.0
51,5,0,0.0,0.0,0.0,0.0,0.0,0.0,0.0,0.0,0.0,0.0,0.0,0,0,0.0,0.0,0.0,0.0,0.0,0.0,0.0,0.0,0.0,0.0,0.0,0.0,0.0,0.0,Train008,10.0
52,0,2,0.0001388888888888889,0.0,5.233046968134193,5.233046968134193,-3.9467605041143,3.436256988914233,5.233046968134193,-3.952988972529301,0.649428557562491,33.20958331551439,0.6931471805579453,0,0,1.8,0.000125,0.2,5.901379498579527,4.414479372106786,-4.937947960823379,2.914386689248192,5.901379498579527,4.944897189238598,0.5382219313245971,26.910830604845103,0.5545177444461562,0.2,0.0,Train008,10.0
52,1,1,6.944444444444444e-05,0.0,7.521748564386827,0.0,-7.505850696334612,0.48878092248830557,7.521748564386827,-6.646691873995971,0.0,0.0,-1.000088900581841e-12,0,0,1.0,6.944444444444444e-05,0.0,8.1040720822387,0.0,-8.091414248844654,0.4379944233726956,8.104072082238702,-1.1272979903772953,0.0,0.0,-1.000088900581841e-12,0.0,0.0,Train008,10.0
52,2,0,0.0,0.0,0.0,0.0,0.0,0.0,0.0,0.0,0.0,0.0,0.0,0,0,0.0,0.0,0.0,0.0,0.0,0.0,0.0,0.0,0.0,0.0,0.0,0.0,0.0,0.0,Train008,10.0
52,3,2,0.0001388888888888889,0.0,9.160234323750196,1.3685780498674491,-1.304995356174488,-0.7444025550975685,1.5023807918343361,-7.816511966908628,0.931570809272407,65.01402990591608,0.6931471805579453,0,0,2.6,0.00018055555555555555,-0.6,9.133216283423128,1.8393070176000936,-0.7799131141129291,-0.6516948655406354,1.6981204462808186,0.9491265559527211,0.8295127265084504,56.04628369533028,0.8209535524875807,0.0,0.6,Train008,10.0
52,4,1,6.944444444444444e-05,0.0,7.094819021142107,0.0,7.071460980259684,0.5752360797312598,7.094819021142107,-6.024760562323372,0.0,0.0,-1.000088900581841e-12,0,0,0.8,5.555555555555556e-05,0.2,6.175338360672559,0.0,6.1602663936278175,0.4232796885752279,6.175338360672559,1.8484274528046096,2.2204460492503132e-17,0.0,-8.000711204654728e-13,0.2,0.0,Train008,10.0
52,5,0,0.0,0.0,0.0,0.0,0.0,0.0,0.0,0.0,0.0,0.0,0.0,0,0,0.0,0.0,0.0,0.0,0.0,0.0,0.0,0.0,0.0,0.0,0.0,0.0,0.0,0.0,Train008,10.0
53,0,2,0.0001388888888888889,0.0,4.787479704503257,4.787479704503257,-3.5948489284376395,3.1618069363484773,4.787479704503257,-4.455672636309362,0.6470732837452607,33.20616609985895,0.6931471805579453,0,0,2.0,0.0001388888888888889,0.2,5.371975313007438,5.371975313007438,-4.181832725561998,3.3596754513777833,5.371975313007438,5.498391975944003,0.6676365880736492,33.55206382481689,0.6931471805579453,0.2,0.0,Train008,10.0
53,1,1,6.944444444444444e-05,0.0,6.847798606151762,0.0,-6.833103925486469,0.4483709333971442,6.847798606151762,-6.73949958235065,0.0,0.0,-1.000088900581841e-12,0,0,1.0,6.944444444444444e-05,0.0,8.00231898502548,0.0,-7.987199022142315,0.4902141562487582,8.002318985025482,-1.017530972132196,0.0,0.0,-1.000088900581841e-12,0.0,0.0,Train008,10.0
53,2,0,0.0,0.0,0.0,0.0,0.0,0.0,0.0,0.0,0.0,0.0,0.0,0,0,0.0,0.0,0.0,0.0,0.0,0.0,0.0,0.0,0.0,0.0,0.0,0.0,0.0,0.0,Train008,10.0
53,3,2,0.0001388888888888889,0.0,8.3489879223673,1.2445023238344293,-1.1863564446754298,-0.6827556906075919,1.3687939753227933,-8.112464013828937,0.9309663768017505,64.97984707670857,0.6931471805579453,0,0,2.0,0.0001388888888888889,-0.6,9.660020819757946,1.4644388838478921,-1.3994556227297246,-0.7470175304001312,1.587391175985139,0.4408591138622356,0.9358600492467334,65.93428583213348,0.6931471805579453,0.0,0.6,Train008,10.0
53,4,1,6.944444444444444e-05,0.0,6.4665633970360235,0.0,6.444570584070549,0.5328716119466912,6.4665633970360235,-6.282556241060835,0.0,0.0,-1.000088900581841e-12,0,0,1.0,6.944444444444444e-05,0.2,7.468651040079763,0.0,7.449180510441927,0.5298540109645662,7.468651040079763,0.5919162045924427,2.2204460492503132e-17,0.0,-1.000088900581841e-12,0.2,0.0,Train008,10.0
53,5,0,0.0,0.0,0.0,0.0,0.0,0.0,0.0,0.0,0.0,0.0,0.0,0,0,0.0,0.0,0.0,0.0,0.0,0.0,0.0,0.0,0.0,0.0,0.0,0.0,0.0,0.0,Train008,10.0
54,0,2,0.0001388888888888889,0.0,11.714734174744247,5.617956118124802,-3.3371068456006396,-8.6615345187275,9.282158279089119,60.967780566194456,0.28121114705616146,29.167145875305728,0.6931471805579453,1,1,2.0,0.0001388888888888889,0.0,6.635678764789797,5.416323153465908,-3.943884888973693,1.0399395038631354,6.149163585658771,10.976081690580507,0.5806427983188459,32.48790827219565,0.6931471805579453,0.2,0.2,Train008,10.0
54,1,2,0.0001388888888888889,1.0,10.881606211605476,2.0306890758369667,-10.857044958133438,0.4611714802449739,10.866835066251905,20.031185296167465,0.0014064558500326285,27.3338059861789,0.6931471805579453,1,0,1.2,8.333333333333333e-05,0.2,8.429778696954505,0.40613781516739333,-8.412187482082462,0.4900797401220719,8.426824467883794,0.21321896761632075,0.0002812911700065257,5.46676119723578,0.13862943611078898,0.2,0.0,Train008,10.0
54,2,0,0.0,0.0,0.0,0.0,0.0,0.0,0.0,0.0,0.0,0.0,0.0,0,0,0.0,0.0,0.0,0.0,0.0,0.0,0.0,0.0,0.0,0.0,0.0,0.0,0.0,0.0,Train008,10.0
54,3,4,0.0002777777777777778,2.0,10.328666994810213,1.2444358538163336,0.6257047137271687,2.2795171026207264,2.363832610385259,20.73985199797109,0.7295892674548005,18.584537548396124,1.3862943611158907,2,0,2.4,0.00016666666666666666,0.4,9.656996865264137,1.3893092963290088,-0.9631232033679465,-0.15014652536000303,1.718526325084047,0.15837270977029191,0.892377091936107,55.97975811479224,0.8317766166695343,0.4,0.0,Train008,10.0
54,4,2,0.0001388888888888889,1.0,8.659615075819122,1.000600145794789,8.639594225027002,0.3871157713591598,8.648262657525782,11.924515329883105,0.0013287127781334007,60.61886114342249,0.6931471805579453,1,0,1.2,8.333333333333333e-05,0.2,7.608062797343687,0.20012002915895782,7.586357376141568,0.5322301012544105,7.605792313685019,-0.6070827189503334,0.0002657425556267023,12.123772228684498,0.13862943611078898,0.2,0.0,Train008,10.0
54,5,1,6.944444444444444e-05,1.0,7.218207154990415,0.0,7.218207154990415,0.0,7.218207154990415,0.0,0.0,0.0,-1.000088900581841e-12,1,0,0.2,1.388888888888889e-05,0.2,1.443641430998083,0.0,1.443641430998083,0.0,1.443641430998083,0.0,0.0,0.0,-2.000177801163682e-13,0.2,0.0,Train008,10.0
55,0,2,0.0001388888888888889,0.0,11.340270613757163,4.972697455256877,-3.45551846015497,-8.151956427144826,8.85409517785638,-3.744635609870839,0.28121114705616146,30.017537201626173,0.6931471805579453,0,0,2.0,0.0001388888888888889,0.0,7.740775465305196,5.247905222281251,-3.7248823691520143,-1.3144522298260874,6.757025198994015,9.39001417791091,0.5028275582315466,31.777259855721685,0.6931471805579453,0.2,0.2,Train008,10.0
55,1,2,0.0001388888888888889,0.0,10.683078534875804,1.6476154612377083,-10.656212194118146,0.333615876886284,10.661433200061934,-1.9852767672966998,0.002075551603836434,27.908658683272126,0.6931471805579453,0,0,1.4,9.722222222222222e-05,0.2,8.82412993376126,0.7356609074149351,-8.804391261333222,0.45083110546379385,8.81684663772777,-0.11786578360641223,0.0006964014907738126,11.048492933890206,0.27725887222257806,0.2,0.0,Train008,10.0
55,2,0,0.0,0.0,0.0,0.0,0.0,0.0,0.0,0.0,0.0,0.0,0.0,0,0,0.0,0.0,0.0,0.0,0.0,0.0,0.0,0.0,0.0,0.0,0.0,0.0,0.0,0.0,Train008,10.0
55,3,4,0.0002777777777777778,0.0,10.430153193510085,1.4003116124510344,0.9190451608987674,2.5175809483121623,2.6800854163768375,1.014861986998734,0.6958997423395099,18.436759361145604,1.3862943611158907,0,0,2.8,0.00019444444444444443,0.4,9.64198559097577,1.3501380889847536,-0.47420764457749104,0.5148831886901691,1.9093237519946649,0.03849951182473763,0.8442122711482218,46.45451408948577,0.9704060527811235,0.4,0.0,Train008,10.0
55,4,2,0.0001388888888888889,0.0,8.42878429995433,0.808017949749352,8.406533080935166,0.40769358107438003,8.416413279830461,-2.308307758647925,0.0014813344446515941,60.32344864635168,0.6931471805579453,0,0,1.4,9.722222222222222e-05,0.2,7.6694153742652045,0.3617236191088282,7.647216952436229,0.5004521560373061,7.664670686581763,-1.3876745223744005,0.000562009444556999,24.188461957954836,0.27725887222257806,0.2,0.0,Train008,10.0
55,5,1,6.944444444444444e-05,0.0,6.837310642489058,0.0,6.837310642489058,0.0,6.837310642489058,-3.808965125013568,0.0,0.0,-1.000088900581841e-12,0,0,0.4,2.777777777777778e-05,0.2,2.8111035594958946,0.0,2.8111035594958946,0.0,2.8111035594958946,-0.7617930250027133,0.0,0.0,-4.000355602327364e-13,0.2,0.0,Train008,10.0
56,0,2,0.0001388888888888889,0.0,10.184173155093362,4.584553600168881,-3.045818589764134,-7.38026436905681,7.984066197052871,-11.56097458663802,0.28121114705616146,30.289103828119465,0.6931471805579453,0,0,2.0,0.0001388888888888889,0.0,8.651940923246444,5.039146769237602,-3.4760106656143366,-3.5191382779332856,7.228169265327163,7.450701752169389,0.4280270564952472,31.17790726408494,0.6931471805579453,0.2,0.2,Train008,10.0
56,1,2,0.0001388888888888889,0.0,9.99505038415328,1.4269154875733134,-9.968399857334564,0.27052569868959564,9.972069989192779,-6.880281507225252,0.002347068334214386,28.104374939261756,0.6931471805579453,0,0,1.6,0.00011111111111111112,0.2,9.185856460234628,1.0210440049295977,-9.164122326281447,0.40049298234126063,9.173977085209042,-0.44411288694022166,0.0011658151576166898,16.669367921742555,0.4158883083343672,0.2,0.0,Train008,10.0
56,2,0,0.0,0.0,0.0,0.0,0.0,0.0,0.0,0.0,0.0,0.0,0.0,0,0,0.0,0.0,0.0,0.0,0.0,0.0,0.0,0.0,0.0,0.0,0.0,0.0,0.0,0.0,Train008,10.0
56,3,4,0.0002777777777777778,0.0,9.867788831193495,1.3759840826802254,0.9712559190683363,2.451661529745579,2.6370404465536192,-5.623643623165906,0.6843668291891205,18.41082251974364,1.3862943611158907,0,0,3.2,0.00022222222222222223,0.4,9.627166253126259,1.3267623845298944,0.004930798568870976,1.1643202669946615,2.110426648094569,0.04041887621327032,0.7944786050115178,37.085199282382,1.1090354888927125,0.4,0.0,Train008,10.0
56,4,2,0.0001388888888888889,0.0,7.858916084097233,0.7011733459590483,7.837173910402331,0.39075609526024024,7.8469092786825305,-5.698682158570971,0.0015400627022302826,60.23085316958179,0.6931471805579453,0,0,1.6,0.00011111111111111112,0.2,7.701739575609762,0.5019582883006379,7.679866556138947,0.45873462787434616,7.69459352684338,-1.6779582781439992,0.0008700219850030555,36.2346325918712,0.4158883083343672,0.2,0.0,Train008,10.0
56,5,1,6.944444444444444e-05,0.0,6.280114576778448,0.0,6.280114576778448,0.0,6.280114576778448,-5.5719606571060964,0.0,0.0,-1.000088900581841e-12,0,0,0.6,4.1666666666666665e-05,0.2,4.067126474851584,0.0,4.067126474851584,0.0,4.067126474851584,-1.8761851564239325,0.0,0.0,-6.000533403491046e-13,0.2,0.0,Train008,10.0
57,0,2,0.0001388888888888889,0.0,8.978141852991353,4.20642141462331,-2.605480962660056,-6.588622304280957,7.085088208007892,-12.060313021020077,0.28121114705616135,30.35191255573937,0.6931471805579453,0,0,2.0,0.0001388888888888889,0.0,9.400959900217876,4.833821658535426,-3.207754757323488,-5.524114136572323,7.598577513301903,5.829236942471233,0.3543835743939813,30.606373112129937,0.6931471805579453,0.2,0.2,Train008,10.0
57,1,2,0.0001388888888888889,0.0,9.158793045238912,1.2575377670675785,-9.1337474510971,0.23195583178152826,9.136692290337912,-8.362573389143675,0.002459487327710841,28.18302183524252,0.6931471805579453,0,0,1.8,0.000125,0.2,9.513265356405046,1.2725515583431135,-9.489701677233942,0.3491279641999052,9.496965830399258,-0.7872891899697624,0.0016577126231588578,22.30597228879106,0.5545177444461562,0.2,0.0,Train008,10.0
57,2,0,0.0,0.0,0.0,0.0,0.0,0.0,0.0,0.0,0.0,0.0,0.0,0,0,0.0,0.0,0.0,0.0,0.0,0.0,0.0,0.0,0.0,0.0,0.0,0.0,0.0,0.0,Train008,10.0
57,3,4,0.0002777777777777778,0.0,9.092641684016096,1.2880422570629646,0.9320444207216728,2.284292726139792,2.4671238438500733,-7.751471471773992,0.6798895830499223,18.406843500508657,1.3862943611158907,0,0,3.6,0.00025,0.4,9.613647725179439,1.3106552259689974,0.4523387539481032,1.7700593232421338,2.3033752584977165,0.053426975240197724,0.7441423597670208,27.763762001300517,1.2476649250043015,0.4,0.0,Train008,10.0
57,4,2,0.0001388888888888889,0.0,7.1913553303826845,0.6165319119511334,7.17106826719018,0.3618307946667181,7.180190917842723,-6.675607537145489,0.0015639810904072293,60.19448294381265,0.6931471805579453,0,0,1.8,0.000125,0.2,7.7210468374578785,0.6252646706908646,7.699788013525046,0.4160535708614378,7.7116679061835045,-1.8081276731084224,0.0011828182030845014,48.27352918063372,0.5545177444461562,0.2,0.0,Train008,10.0
57,5,1,6.944444444444444e-05,0.0,5.684090795215251,0.0,5.684090795215251,0.0,5.684090795215251,-5.96023781563197,0.0,0.0,-1.000088900581841e-12,0,0,0.8,5.555555555555556e-05,0.2,5.2039446338946345,0.0,5.2039446338946345,0.0,5.2039446338946345,-3.0682327195503265,0.0,0.0,-8.000711204654728e-13,0.2,0.0,Train008,10.0
58,0,2,0.0001388888888888889,0.0,7.8985507903645775,3.8314362685052843,-2.2289485246782985,-5.861737912459436,6.271218612042628,-10.79591062626777,0.2812111470561611,30.343492321848817,0.6931471805579453,0,0,2.0,0.0001388888888888889,0.0,10.023174117390141,4.642612971335831,-2.93457467657162,-7.328823106333905,7.895325294809778,4.561189344479551,0.28121114705616135,30.033838356527912,0.6931471805579453,0.2,0.2,Train008,10.0
58,1,2,0.0001388888888888889,0.0,8.320367927013155,1.1160455892893384,-8.297375812835185,0.20416672373156353,8.299887314325515,-8.384251182257568,0.002506658630326619,28.221367873656064,0.6931471805579453,0,0,2.0,0.0001388888888888889,0.2,9.807779220577325,1.495760676200981,-9.782556054703686,0.30028712226678905,9.787383572034008,-1.116239509951146,0.002159044349224182,27.950245863522277,0.6931471805579453,0.2,0.0,Train008,10.0
58,2,0,0.0,0.0,0.0,0.0,0.0,0.0,0.0,0.0,0.0,0.0,0.0,0,0,0.0,0.0,0.0,0.0,0.0,0.0,0.0,0.0,0.0,0.0,0.0,0.0,0.0,0.0,Train008,10.0
58,3,4,0.0002777777777777778,0.0,8.287294295855988,1.1829954686342181,0.8627540160048536,2.0916070023114868,2.262557036684589,-8.053473881601075,0.6780593483476327,18.40729527512526,1.3862943611158907,0,0,4.0,0.0002777777777777778,0.4,9.601308999877176,1.2983538549289553,0.8621608460841598,2.324931861825949,2.482127870770076,0.06522500168576997,0.6935609540761971,18.449251640983857,1.3862943611158907,0.4,0.0,Train008,10.0
58,4,2,0.0001388888888888889,0.0,6.529334072255617,0.5445319447069501,6.510747745879481,0.3304589783538687,6.519128726053001,-6.620212581270675,0.0015739552731190987,60.17591317618941,0.6931471805579453,0,0,2.0,0.0001388888888888889,0.2,7.733600972501799,0.7341710596322546,7.713023445886831,0.37557104414287334,7.7221809719869,-1.8756589411503903,0.001497609257708321,60.308711815871604,0.6931471805579453,0.2,0.0,Train008,10.0
58,5,1,6.944444444444444e-05,0.0,5.116560905039274,0.0,5.116560905039274,0.0,5.116560905039274,-5.675298901759769,0.0,0.0,-1.000088900581841e-12,0,0,1.0,6.944444444444444e-05,0.2,6.227256814902489,0.0,6.227256814902489,0.0,6.227256814902489,-4.203292499902281,0.0,0.0,-1.000088900581841e-12,0.2,0.0,Train008,10.0
59,0,1,6.944444444444444e-05,-1.0,10.666768897400035,0.0,-3.452380303466156,-10.092622501152992,10.666768897400035,-10.632181614698268,0.0,0.0,-1.000088900581841e-12,0,1,1.8,0.000125,-0.2,9.813581061921298,3.5190217477108705,-2.957629368144723,-7.615040702819004,8.17224741847196,-9.758803091698994,0.22496891764492907,24.200409181466764,0.5545177444461563,0.0,0.2,Train008,10.0
59,1,2,0.0001388888888888889,0.0,9.01298933311367,0.7174472868068086,-8.999051388489836,0.3292510787830887,9.005072579694218,6.926214061005145,0.0008839752298408499,28.83691152795159,0.6931471805579453,0,0,2.0,0.0001388888888888889,0.0,9.434055844878966,1.2331123183949493,-9.410957340774965,0.273903041974412,9.41503107472247,-3.73723375698361,0.002054548225185826,28.25086697187681,0.6931471805579453,0.0,0.0,Train008,10.0
59,2,0,0.0,0.0,0.0,0.0,0.0,0.0,0.0,0.0,0.0,0.0,0.0,0,0,0.0,0.0,0.0,0.0,0.0,0.0,0.0,0.0,0.0,0.0,0.0,0.0,0.0,0.0,Train008,10.0
59,3,4,0.0002777777777777778,0.0,9.01004713577537,1.175443143968975,1.895968181038178,1.8282847935243132,2.6338793878500697,7.227528399193824,0.6206353961317315,20.976316319612636,1.3862943611158907,0,0,4.0,0.0002777777777777778,0.0,9.337585028070206,1.2845553129594836,1.1162135395463617,2.2346854000066667,2.5361372262630377,-2.6372397180696834,0.6717701798115834,18.92760739522716,1.3862943611158907,0.0,0.0,Train008,10.0
59,4,2,0.0001388888888888889,0.0,7.993240494869774,0.511322571246136,7.980999532777,0.3000915139467244,7.986639372034368,14.63906422614157,0.0008292328263569404,60.16710810314461,0.6931471805579453,0,0,2.0,0.0001388888888888889,0.0,7.600326056311928,0.6363155447225239,7.581304507436831,0.3581661926603863,7.589856314888617,-1.3327491618986969,0.0013977132673530291,60.21836120781603,0.6931471805579453,0.0,0.0,Train008,10.0
59,5,1,6.944444444444444e-05,0.0,8.10842219756711,0.0,8.083639224043184,-0.6334725167752331,8.10842219756711,29.91861292527836,0.0,0.0,-1.000088900581841e-12,0,0,1.0,6.944444444444444e-05,0.0,6.405299823417829,0.0,6.4003432287130435,-0.12669450335504662,6.405299823417829,1.7804300851533916,0.0,0.0,-1.000088900581841e-12,0.0,0.0,Train008,10.0
60,0,1,6.944444444444444e-05,0.0,9.834068842459269,0.0,-4.235168787077616,-8.87537353260085,9.834068842459269,-8.327000549407657,1.1102230246251565e-16,0.0,-1.000088900581841e-12,0,0,1.6,0.00011111111111111112,-0.2,9.512340707661718,2.5244822566594953,-3.1135594335292525,-7.759724123910209,8.36824215139254,-10.675276079606357,0.1687266882336968,18.19690174114153,0.4158883083343672,0.0,0.2,Train008,10.0
60,1,2,0.0001388888888888889,0.0,8.717946907252593,0.5289001737124348,-8.706063949845328,0.35287238668761456,8.713212290543773,-2.9504242586107754,0.0005450953245815793,29.07847162086584,0.6931471805579453,0,0,2.0,0.0001388888888888889,0.0,9.041029519354321,1.0093692608898945,-9.020927691920402,0.2777543439346781,9.02538689281884,-3.9302632552464245,0.001748456969334855,28.484829559395553,0.6931471805579453,0.0,0.0,Train008,10.0
60,2,0,0.0,0.0,0.0,0.0,0.0,0.0,0.0,0.0,0.0,0.0,0.0,0,0,0.0,0.0,0.0,0.0,0.0,0.0,0.0,0.0,0.0,0.0,0.0,0.0,0.0,0.0,Train008,10.0
60,3,4,0.0002777777777777778,0.0,8.790673488894415,1.2324651859127977,2.1419622820905353,1.6291409740761496,2.691115518017069,-2.1937364688095617,0.6007358580748985,22.0103374446268,1.3862943611158907,0,0,4.0,0.0002777777777777778,0.0,9.009689087147072,1.250986027651836,1.3607969637847153,2.056997405159464,2.538343246591084,-3.278959409231342,0.6527374029586611,19.6423230119234,1.3862943611158907,0.0,0.0,Train008,10.0
60,4,2,0.0001388888888888889,0.0,8.0241188470155,0.46273107111239353,8.014181763124451,0.27186512525346707,8.0187916782222,0.3087835214572543,0.0006661104678471474,60.1596171951686,0.6931471805579453,0,0,2.0,0.0001388888888888889,0.0,7.519392965724161,0.5672581689951323,7.502834243874688,0.3310005014962037,7.5103319945669655,-0.8093309058776613,0.0012346684719921398,60.18559491757942,0.6931471805579453,0.0,0.0,Train008,10.0
60,5,1,6.944444444444444e-05,0.0,8.625247128660671,0.0,8.58718958532073,-0.8093596581423858,8.625247128660671,5.168249310935611,0.0,0.0,-1.000088900581841e-12,0,0,1.0,6.944444444444444e-05,0.0,6.762887120652151,0.0,6.750319017279378,-0.28856643498352375,6.762887120652151,3.5758729723432277,0.0,0.0,-1.000088900581841e-12,0.0,0.0,Train008,10.0
61,0,1,6.944444444444444e-05,0.0,8.944827879456014,0.0,-4.219168104288606,-7.887240727963568,8.944827879456014,-8.89240963003255,0.0,0.0,-1.000088900581841e-12,0,0,1.4,9.722222222222222e-05,-0.2,9.26447165253425,1.6075715366257188,-3.3482293364341467,-7.861119395691562,8.560394487873168,-10.141563088285263,0.11248445882246452,12.139080975517638,0.27725887222257806,0.0,0.2,Train008,10.0
61,1,2,0.0001388888888888889,0.0,8.097783967007723,0.42774685751614117,-8.087103677658483,0.34000063611156284,8.094247730688357,-6.201629402448696,0.0004379140084624922,29.174607154457668,0.6931471805579453,0,0,2.0,0.0001388888888888889,0.0,8.661576235925212,0.8095355348784603,-8.644668455985187,0.29164933141907157,8.649822441117955,-3.7945328342911138,0.0013666261041844763,28.698876002434737,0.6931471805579453,0.0,0.0,Train008,10.0
61,2,0,0.0,0.0,0.0,0.0,0.0,0.0,0.0,0.0,0.0,0.0,0.0,0,0,0.0,0.0,0.0,0.0,0.0,0.0,0.0,0.0,0.0,0.0,0.0,0.0,0.0,0.0,Train008,10.0
61,3,4,0.0002777777777777778,0.0,8.204913073463052,1.181643024203258,2.100480522869413,1.46401082769824,2.56034101841365,-5.857604154313618,0.5932550005450818,22.398684856850583,1.3862943611158907,0,0,4.0,0.0002777777777777778,0.0,8.677113935600984,1.2121178159564425,1.5866418845449304,1.8594672647499961,2.52300336096309,-3.3257515154608854,0.6345150372298534,20.439895479344788,1.3862943611158907,0.0,0.0,Train008,10.0
61,4,2,0.0001388888888888889,0.0,7.5575767841573445,0.41424933965609423,7.548962386851008,0.24604716282697733,7.552971092518922,-4.665420628581551,0.0006112508118985005,60.15309832616524,0.6931471805579453,0,0,2.0,0.0001388888888888889,0.0,7.4591251057361845,0.5098733677345415,7.445191939164424,0.3020587150095511,7.451544357334242,-0.6026785998797773,0.0010489060939257832,60.1700439488961,0.6931471805579453,0.0,0.0,Train008,10.0
61,5,1,6.944444444444444e-05,0.0,8.267792499701224,0.0,8.227104825404352,-0.8192307427851082,8.267792499701224,-3.574546289594469,0.0,0.0,-1.000088900581841e-12,0,0,1.0,6.944444444444444e-05,0.0,7.160422705236707,0.0,7.139717067004558,-0.45241258354054537,7.160422705236707,3.975355845845553,0.0,0.0,-1.000088900581841e-12,0.0,0.0,Train008,10.0
62,0,1,6.944444444444444e-05,0.0,8.075764735601496,0.0,-3.942622993249448,-7.047957150684548,8.075764735601496,-8.690631438545182,0.0,0.0,-1.000088900581841e-12,0,0,1.2,8.333333333333333e-05,-0.2,9.083996229056277,0.7662872537010569,-3.615657742552025,-7.952986364972278,8.758529793391888,-9.467626771790282,0.05624222941123225,6.0686984643697635,0.13862943611078898,0.0,0.2,Train008,10.0
62,1,2,0.0001388888888888889,0.0,7.402458115524519,0.3643404647012214,-7.392799891202268,0.3152991091710059,7.399520508763003,-6.953258514832035,0.00039780593878657733,29.214271848523282,0.6931471805579453,0,0,2.0,0.0001388888888888889,0.0,8.310309249982332,0.6308960744051888,-8.29647894400622,0.3083179868969671,8.302388084802974,-3.5126698594287857,0.0009542898263996235,28.905126005090892,0.6931471805579453,0.0,0.0,Train008,10.0
62,2,0,0.0,0.0,0.0,0.0,0.0,0.0,0.0,0.0,0.0,0.0,0.0,0,0,0.0,0.0,0.0,0.0,0.0,0.0,0.0,0.0,0.0,0.0,0.0,0.0,0.0,0.0,Train008,10.0
62,3,4,0.0002777777777777778,0.0,7.519129968079687,1.0940848998997434,1.9618890023859115,1.3204282160765919,2.3648549916419817,-6.85783105383366,0.5902549821024468,22.534578798097943,1.3862943611158907,0,0,4.0,0.0002777777777777778,0.0,8.362411592413704,1.1733263445237985,1.7926108008777781,1.6666943627373563,2.502549590521472,-3.1470234318728183,0.6165881170403582,21.265442538862647,1.3862943611158907,0.0,0.0,Train008,10.0
62,4,2,0.0001388888888888889,0.0,6.947322034128779,0.37007961512874754,6.939665764980024,0.2225878304509093,6.943234568405465,-6.102547500285658,0.0005900260345672592,60.14745578675449,0.6931471805579453,0,0,2.0,0.0001388888888888889,0.0,7.410318446485403,0.46058290837006427,7.398911438722392,0.27421012216638935,7.404153087446791,-0.48806659250781104,0.0008541150827577892,60.16063851748447,0.6931471805579453,0.0,0.0,Train008,10.0
62,5,1,6.944444444444444e-05,0.0,7.6380635317707855,0.0,7.598916818455565,-0.772319688704079,7.6380635317707855,-6.29728967930439,0.0,0.0,-1.000088900581841e-12,0,0,1.0,6.944444444444444e-05,0.0,7.551217252547813,0.0,7.52268227165262,-0.6068765212813612,7.551217252547813,3.9079454731110688,0.0,0.0,-1.000088900581841e-12,0.0,0.0,Train008,10.0
63,0,1,6.944444444444444e-05,0.0,7.2716426156784895,0.0,-3.5996547387632987,-6.3181699954852775,7.2716426156784895,-8.041221199230062,0.0,0.0,-1.000088900581841e-12,0,0,1.0,6.944444444444444e-05,-0.2,8.95861459411906,0.0,-3.889798985369025,-8.044272781577448,8.95861459411906,-8.916688886382742,2.2204460492503132e-17,0.0,-1.000088900581841e-12,0.0,0.2,Train008,10.0
63,1,2,0.0001388888888888889,0.0,6.722856893784286,0.3186541762139896,-6.71412260271987,0.28800203186616574,6.720296682045584,-6.796012217402336,0.0003816796458578908,29.23186587698015,0.6931471805579453,0,0,2.0,0.0001388888888888889,0.0,7.990807043336557,0.4714177917901191,-7.979828301983157,0.32508504852388753,7.986469958346985,-3.1950220664577396,0.0005292940295058779,29.10722560575571,0.6931471805579453,0.0,0.0,Train008,10.0
63,2,0,0.0,0.0,0.0,0.0,0.0,0.0,0.0,0.0,0.0,0.0,0.0,0,0,0.0,0.0,0.0,0.0,0.0,0.0,0.0,0.0,0.0,0.0,0.0,0.0,0.0,0.0,Train008,10.0
63,3,4,0.0002777777777777778,0.0,6.838045579531709,0.9991045671481704,1.7978985220763648,1.1927921385050804,2.1575894376279976,-6.810843885479782,0.5890132096030433,22.574233098724108,1.3862943611158907,0,0,4.0,0.0002777777777777778,0.0,8.072561849148846,1.1365481642265889,1.9796397020920804,1.4869313899760752,2.4815560707101536,-2.89849743264856,0.5987788892914404,22.09883010358241,1.3862943611158907,0.0,0.0,Train008,10.0
63,4,2,0.0001388888888888889,0.0,6.324061730331444,0.33087466465999205,6.317187841762589,0.20133039642292233,6.320395253197137,-6.232603037973354,0.0005813580421120124,60.14255883709236,0.6931471805579453,0,0,2.0,0.0001388888888888889,0.0,7.369263978100568,0.41785145236067267,7.360199457899014,0.2483844057802001,7.364406392875618,-0.41054468384834697,0.000655595636556372,60.15396764966506,0.6931471805579453,0.0,0.0,Train008,10.0
63,5,1,6.944444444444444e-05,0.0,6.956735847331315,0.0,6.920494478021409,-0.7091754572880598,6.956735847331315,-6.813276844394709,0.0,0.0,-1.000088900581841e-12,0,0,1.0,6.944444444444444e-05,0.0,7.919252241006221,0.0,7.8834689862490475,-0.7487116127389731,7.919252241006221,3.6803498845840807,0.0,0.0,-1.000088900581841e-12,0.0,0.0,Train008,10.0
64,0,2,0.0001388888888888889,1.0,8.486464304502363,0.834894591991131,-7.221925223950684,-2.6306916738058104,7.68613964373315,3.799270968327413,0.0952761873948258,31.9787552044356,0.6931471805579453,1,0,1.2,8.333333333333334e-05,0.2,8.522553675539527,0.1669789183982262,-4.643707969465931,-6.551886616108011,8.362488743385684,-6.030398369777606,0.019055237478965183,6.39575104088712,0.13862943611078898,0.2,0.0,Train008,10.0
64,1,1,6.944444444444444e-05,-1.0,9.638755502490868,0.0,-9.628715657489371,0.439820899932036,9.638755502490868,25.972444324925927,0.0,0.0,-1.000088900581841e-12,0,1,1.8,0.00012499999999999998,-0.2,8.115960277211999,0.3279283344287574,-8.105761155783064,0.34719901275367704,8.113206542906317,0.6142239863264173,0.0003524989835377079,23.339843300165388,0.5545177444461563,0.0,0.2,Train008,10.0
64,2,0,0.0,0.0,0.0,0.0,0.0,0.0,0.0,0.0,0.0,0.0,0.0,0,0,0.0,0.0,0.0,0.0,0.0,0.0,0.0,0.0,0.0,0.0,0.0,0.0,0.0,0.0,Train008,10.0
64,3,4,0.0002777777777777778,0.0,8.834845778488319,1.50145089916949,2.6670363840253746,1.0043638090787208,2.8498824071709103,19.968001989566094,0.5377377904092719,23.870103906278437,1.3862943611158907,0,0,4.0,0.0002777777777777778,0.0,8.037521577691436,1.201749715266692,2.1338533426895196,1.3221471930869566,2.5247566745743217,-0.35040271457410554,0.5821993681469484,22.677587620915574,1.3862943611158907,0.0,0.0,Train008,10.0
64,4,2,0.0001388888888888889,0.0,8.540715997070247,0.12580637099679226,8.537983691793205,0.1835005012218099,8.539955383681777,22.16654266738803,8.907666156499072e-05,59.203841012770795,0.6931471805579453,0,0,2.0,0.0001388888888888889,0.0,7.478759078540662,0.34074821231080393,7.471596289702255,0.22506620323521717,7.475069595205101,1.0949510044009443,0.000507564403597982,59.96131423159029,0.6931471805579453,0.0,0.0,Train008,10.0
64,5,0,0.0,-1.0,0.0,0.0,0.0,0.0,0.0,0.0,0.0,0.0,0.0,0,1,0.8,5.5555555555555545e-05,-0.2,6.297567801492799,0.0,6.266741141440411,-0.6220171093839266,6.297567801492799,-2.3033727004715914,0.0,0.0,-8.000711204654728e-13,0.0,0.2,Train008,10.0
65,0,2,0.0001388888888888889,0.0,8.181135807003944,0.795012921815732,-7.1521043769333925,-2.3488879154467592,7.527939389891606,-3.0532849749841695,0.0806362951179157,31.815894885773844,0.6931471805579453,0,0,1.4,9.722222222222222e-05,0.2,8.19196706844846,0.3259815027613726,-5.227095087437086,-5.246589492677193,7.901262852872151,-4.975655254892908,0.0351824965025483,12.75893001804189,0.27725887222257806,0.2,0.0,Train008,10.0
65,1,1,6.944444444444444e-05,0.0,9.965929678068262,0.0,-9.958001467894835,0.39744322060651266,9.965929678068262,3.271741755773938,1.1102230246251565e-16,0.0,-1.000088900581841e-12,0,0,1.6,0.00011111111111111112,-0.2,8.365556831375132,0.22214829968627042,-8.356148659392966,0.35611317953745664,8.363750020411214,1.8586571892033596,0.00024347991862141427,17.524148975992222,0.4158883083343672,0.0,0.2,Train008,10.0
65,2,0,0.0,0.0,0.0,0.0,0.0,0.0,0.0,0.0,0.0,0.0,0.0,0,0,0.0,0.0,0.0,0.0,0.0,0.0,0.0,0.0,0.0,0.0,0.0,0.0,0.0,0.0,Train008,10.0
65,3,4,0.0002777777777777778,0.0,9.070147997565012,1.5847620018962465,2.8111762975036614,0.8798277467435747,2.945642381482564,2.3530221907669358,0.5288268164870684,23.39018945022304,1.3862943611158907,0,0,4.0,0.0002777777777777778,0.0,8.093416479425557,1.2722090784633817,2.267696145772145,1.1722845476204415,2.5756620472674205,0.5589490173411936,0.5678175598293824,22.95355802203482,1.3862943611158907,0.0,0.0,Train008,10.0
65,4,2,0.0001388888888888889,0.0,8.806973476364941,0.2809631031673119,8.802668527037987,0.16629128708324786,8.804239091997951,2.662574792946941,0.0003107958243034892,58.848522578163575,0.6931471805579453,0,0,2.0,0.0001388888888888889,0.0,7.635330004410551,0.3043946187217876,7.629293642484962,0.2039514356011733,7.63215907796025,1.5657092586988821,0.0004365014748892504,59.69909530818929,0.6931471805579453,0.0,0.0,Train008,10.0
65,5,0,0.0,0.0,0.0,0.0,0.0,0.0,0.0,0.0,0.0,0.0,0.0,0,0,0.6,4.166666666666667e-05,-0.2,4.572518375760665,0.0,4.549303224376265,-0.46014517775544944,4.572518375760665,-3.3370225626587136,0.0,0.0,-6.000533403491046e-13,0.0,0.2,Train008,10.0
66,0,3,0.00020833333333333335,1.0,8.79907440300989,1.8310035495157584,-8.19379281332168,-1.704081129931333,8.36911782477879,-5.92442746668592,0.05783176669710277,37.66620985438551,1.0986122886651097,1,0,1.8,0.000125,0.4,8.162816373159234,0.6921822126645243,-6.0220200292437,-4.009957573070746,7.786120841936706,-4.382058822223582,0.04674884984196885,20.292171988918987,0.4969813299558,0.4,0.0,Train008,10.0
66,1,1,6.944444444444444e-05,0.0,9.488297484339519,0.0,-9.481495791061704,0.35920288891218205,9.488297484339519,-4.776321937287431,0.0,0.0,-1.000088900581841e-12,0,0,1.4,9.722222222222222e-05,-0.2,8.643659534841492,0.1365989281830422,-8.63502708207361,0.35995363009758047,8.642559971141447,2.1437186822356127,0.00015589711692891582,11.689227545100687,0.27725887222257806,0.0,0.2,Train008,10.0
66,2,0,0.0,0.0,0.0,0.0,0.0,0.0,0.0,0.0,0.0,0.0,0.0,0,0,0.0,0.0,0.0,0.0,0.0,0.0,0.0,0.0,0.0,0.0,0.0,0.0,0.0,0.0,Train008,10.0
66,3,3,0.00020833333333333335,-1.0,7.746128016982191,0.17030857257820245,7.332346268809473,1.3444222625594426,7.4545806740412734,-4.09976034761972,0.03713034898932055,30.775254301453426,1.0986122886651097,0,1,3.8,0.0002638888888888889,-0.2,8.001659468129384,1.0699421881383706,3.314069294960157,1.1483668345926819,3.5545099783929457,0.9105177786799731,0.4565926295182302,24.62887191095539,1.3287579466257344,0.0,0.2,Train008,10.0
66,4,2,0.0001388888888888889,0.0,8.379042485431642,0.31999306566708796,8.374170585976463,0.1504161776437421,8.37552135866958,-4.279309909332989,0.0004208441177304678,58.714970116887656,0.6931471805579453,0,0,2.0,0.0001388888888888889,0.0,7.799623144665411,0.2855433639239863,7.794335282310053,0.1848252385645263,7.796669131190382,1.6429314025485948,0.0003984201360556439,59.41146966633378,0.6931471805579453,0.0,0.0,Train008,10.0
66,5,0,0.0,0.0,0.0,0.0,0.0,0.0,0.0,0.0,0.0,0.0,0.0,0,0,0.4,2.777777777777778e-05,-0.2,2.91895987582042,0.0,2.903882259295395,-0.29629902919842777,2.91895987582042,-2.6221133047398197,0.0,0.0,-4.000355602327364e-13,0.0,0.2,Train008,10.0
67,0,3,0.00020833333333333335,0.0,8.059986229042828,1.7307080902563514,-7.5230418788204005,-1.5411580739228539,7.679279088514962,-7.390881739670612,0.05612305098530923,37.60833706422826,1.0986122886651097,0,0,2.2,0.00015277777777777777,0.4,8.159660671847503,1.0383238307157945,-6.738103806357891,-2.908597757718407,7.706823712519399,-4.122108882448669,0.0579734600390307,27.813839401764643,0.716703787689022,0.4,0.0,Train008,10.0
67,1,1,6.944444444444444e-05,0.0,8.760892854562863,0.0,-8.75487434330579,0.32468267902162373,8.760892854562863,-7.2740462977665565,0.0,0.0,-1.000088900581841e-12,0,0,1.2,8.333333333333333e-05,-0.2,8.91534648264916,0.06373083524279792,-8.907441972494315,0.36183034406770404,8.91483444030142,2.0795611256487083,7.633592917160037e-05,5.84637317539603,0.13862943611078898,0.0,0.2,Train008,10.0
67,2,0,0.0,0.0,0.0,0.0,0.0,0.0,0.0,0.0,0.0,0.0,0.0,0,0,0.0,0.0,0.0,0.0,0.0,0.0,0.0,0.0,0.0,0.0,0.0,0.0,0.0,0.0,Train008,10.0
67,3,3,0.00020833333333333335,0.0,7.148189468042129,0.19235459234839103,6.781917759417631,1.2159117653185354,6.89005442043416,-5.979385489400624,0.0355202095085565,30.78607971880027,1.0986122886651097,0,0,3.6,0.00025000000000000006,-0.2,7.927471368121873,0.8895961266281001,4.278075046366501,1.127463544441071,4.4595498641513815,1.0862068915665801,0.3456456749994521,26.279172095095856,1.2712215321355784,0.0,0.2,Train008,10.0
67,4,2,0.0001388888888888889,0.0,7.735786487523936,0.31578804809274974,7.7309700304161435,0.13598277690865496,7.732165862603336,-6.432559979077057,0.00046881721311786695,58.6660492226835,0.6931471805579453,0,0,2.0,0.0001388888888888889,0.0,7.9573160353444425,0.27468505051678677,7.952596135397277,0.16750422785607538,7.954455390029956,1.576928906790315,0.0003741783717657654,59.11518835351958,0.6931471805579453,0.0,0.0,Train008,10.0
67,5,0,0.0,0.0,0.0,0.0,0.0,0.0,0.0,0.0,0.0,0.0,0.0,0,0,0.2,1.388888888888889e-05,-0.2,1.391347169466263,0.0,1.3840988956042817,-0.14183509145761194,1.391347169466263,-1.3626553688789418,0.0,0.0,-2.000177801163682e-13,0.0,0.2,Train008,10.0
68,0,3,0.00020833333333333335,0.0,7.316736340172043,1.5997684810208903,-6.835679213637932,-1.392594965980033,6.976089954339367,-7.432498888707852,0.05542041777466933,37.58281026954777,1.0986122886651097,0,0,2.6,0.00018055555555555555,0.4,8.168679416746212,1.3582775269199725,-7.385308701332818,-1.9234827518173585,7.647713180251574,-4.000364420344226,0.06905754359396457,35.33040145567419,0.936426245422244,0.4,0.0,Train008,10.0
68,1,1,6.944444444444444e-05,0.0,7.990474693487955,0.0,-7.9850821842054565,0.2935103724845921,7.990474693487955,-7.7041816107490835,0.0,0.0,-1.000088900581841e-12,0,0,1.0,6.944444444444444e-05,-0.2,9.168870042589893,0.0,-9.161633888791432,0.3629320121913893,9.168870042589894,1.8979272469793593,2.2204460492503132e-17,0.0,-1.000088900581841e-12,0.0,0.2,Train008,10.0
68,2,0,0.0,0.0,0.0,0.0,0.0,0.0,0.0,0.0,0.0,0.0,0.0,0,0,0.0,0.0,0.0,0.0,0.0,0.0,0.0,0.0,0.0,0.0,0.0,0.0,0.0,0.0,Train008,10.0
68,3,3,0.00020833333333333335,0.0,6.519572228474914,0.188997091930661,6.191238115039634,1.0996881686715076,6.2881430856363005,-6.286172395672149,0.03487346391823798,30.797421834032264,1.0986122886651097,0,0,3.4,0.00023611111111111112,-0.2,7.863776697910512,0.7275746315845982,5.156742964959155,1.108842750474356,5.285660593753041,1.1911411895281072,0.23481772586249106,27.92380984215749,1.213685117645422,0.0,0.2,Train008,10.0
68,4,2,0.0001388888888888889,0.0,7.056023756991718,0.29649381063098623,7.051505925651602,0.12292140824985834,7.0525772234060495,-6.79762730532218,0.0004893168482615895,58.649381627929756,0.6931471805579453,0,0,2.0,0.0001388888888888889,0.0,8.103708440676495,0.2678088797109856,8.099459752175079,0.15182243022146263,8.100891784071738,1.4639240533205495,0.0003557701329956808,58.816552911687054,0.6931471805579453,0.0,0.0,Train008,10.0
68,5,0,0.0,0.0,0.0,0.0,0.0,0.0,0.0,0.0,0.0,0.0,0.0,0,0,0.0,0.0,-0.2,0.0,0.0,0.0,0.0,0.0,0.0,0.0,0.0,0.0,0.0,0.2,Train008,10.0
69,0,2,0.0001388888888888889,-1.0,7.871769523861962,0.18689362878433657,-7.426258856002285,-1.6958590270592446,7.617431222926184,16.38493533606713,0.03232870912967889,29.804769294171674,0.6931471805579453,0,1,2.6,0.00018055555555555555,0.0,8.045740460618132,1.2286773342786137,-7.4261754277431375,-1.736516222468045,7.633971496090181,-1.4832315467962829,0.056468047940935184,34.89560427362141,0.936426245422244,0.2,0.2,Train008,10.0
69,1,2,0.0001388888888888889,1.0,10.556830703195253,0.5653651568342486,-10.53649277955681,0.6236411864803755,10.554932895245114,31.317211665415464,0.00018028774100409262,28.226477922449664,0.6931471805579453,1,0,1.2,8.333333333333333e-05,0.2,9.352485082730771,0.11307303136684972,-9.34318931320492,0.3996960695010572,9.352105521140743,2.9668807150772665,3.605754820084073e-05,5.645295584489933,0.13862943611078898,0.2,0.0,Train008,10.0
69,2,0,0.0,0.0,0.0,0.0,0.0,0.0,0.0,0.0,0.0,0.0,0.0,0,0,0.0,0.0,0.0,0.0,0.0,0.0,0.0,0.0,0.0,0.0,0.0,0.0,0.0,0.0,Train008,10.0
69,3,4,0.0002777777777777778,1.0,8.985786817557534,0.7649139928594546,3.9121150021212228,0.648632861230886,3.9655224597132848,17.2519338619994,0.5162280807056812,21.521849543449488,1.3862943611158907,1,0,3.4,0.00023611111111111112,0.0,7.8939649057243555,0.5802672503225911,5.405758688578325,1.0376965609047892,5.508788604261516,0.6479275640147684,0.23051578392177294,27.454158969591695,1.2136851176454222,0.2,0.2,Train008,10.0
69,4,2,0.0001388888888888889,0.0,9.352502627389168,0.6137742206971621,9.352287990362054,-0.036691006722795474,9.352359963380614,22.964788703974506,1.532008189142342e-05,60.57555198636185,0.6931471805579453,0,0,2.0,0.0001388888888888889,0.0,8.26606576674028,0.3654024496510596,8.26232061188885,0.10778412863254153,8.263372700011505,1.6235732606378448,0.0003410188170609674,59.09089510640526,0.6931471805579453,0.0,0.0,Train008,10.0
69,5,1,6.944444444444444e-05,1.0,9.714582555301009,0.0,8.268054656529513,5.100233957417965,9.714582555301009,0.0,0.0,0.0,-1.000088900581841e-12,1,0,0.2,1.388888888888889e-05,0.2,1.9429165110602018,0.0,1.6536109313059026,1.020046791483593,1.9429165110602018,0.0,0.0,0.0,-2.000177801163682e-13,0.2,0.0,Train008,10.0
70,0,2,0.0001388888888888889,0.0,7.9917737972758545,0.48008849581512303,-7.626712854838804,-1.588716304708304,7.790428002812776,1.200042734138922,0.025286562859037298,29.085966091591597,0.6931471805579453,0,0,2.6,0.00018055555555555557,0.0,8.007868058672516,1.1656924490784921,-7.52109712332422,-1.584481900320354,7.686469218674415,-0.6325660049716646,0.0453981014891595,34.34961851478496,0.9364262454222441,0.2,0.2,Train008,10.0
70,1,2,0.0001388888888888889,0.0,10.605958341090993,0.9475437141188996,-10.580327966429369,0.6946395111222535,10.603106333882518,0.4912763789574104,0.00027107003663906504,27.292125180892974,0.6931471805579453,0,0,1.4,9.722222222222222e-05,0.2,9.480490815335317,0.30258177419062965,-9.467654612911826,0.4591353276042054,9.479540852303595,2.410787639713961,9.027155552863154e-05,11.103720620668529,0.27725887222257806,0.2,0.0,Train008,10.0
70,2,0,0.0,0.0,0.0,0.0,0.0,0.0,0.0,0.0,0.0,0.0,0.0,0,0,0.0,0.0,0.0,0.0,0.0,0.0,0.0,0.0,0.0,0.0,0.0,0.0,0.0,0.0,Train008,10.0
70,3,4,0.0002777777777777778,0.0,9.061355967715484,0.8016751263120229,4.247889055296086,0.6146346772878366,4.292125022949471,0.7556915015795074,0.5141271230167623,21.019602477108155,1.3862943611158907,0,0,3.4,0.00023611111111111112,0.0,7.892206499754451,0.42364987520574643,5.6931012401368095,0.9846579470136417,5.778085132554898,0.3284614261772827,0.22757584522771168,26.98004157496872,1.2136851176454222,0.2,0.2,Train008,10.0
70,4,2,0.0001388888888888889,0.0,9.59870501106995,0.8937843950726334,9.59828392384509,-0.08986072480566304,9.598704560127148,2.4620238368077985,4.7390440904848674e-08,61.30675451235103,0.6931471805579453,0,0,2.0,0.0001388888888888889,0.0,8.424412073681282,0.4879667080321239,8.42144369125027,0.056553726254759365,8.422265793637346,1.5834630694100162,0.0002788691302884505,59.582541493242765,0.6931471805579453,0.0,0.0,Train008,10.0
70,5,1,6.944444444444444e-05,0.0,9.431241460444458,0.0,7.881711324976038,5.179473146464896,9.431241460444458,-2.8334109485655112,0.0,0.0,-1.000088900581841e-12,0,0,0.4,2.777777777777778e-05,0.2,3.8291648031490935,0.0,3.2299531963011106,2.055941420776572,3.8291648031490935,-0.5666821897131022,0.0,0.0,-4.000355602327364e-13,0.2,0.0,Train008,10.0
71,0,2,0.0001388888888888889,0.0,7.5525930243929,0.5616065841583162,-7.234156714522763,-1.4569518490893507,7.379412717882071,-4.391807728829544,0.023058910158949453,28.809833978912803,0.6931471805579453,0,0,2.4,0.0001666666666666667,-0.2,7.758571782949117,0.9118130560070036,-7.329169903564437,-1.5350560441519576,7.488528197295072,-0.3260420574003895,0.03844353018152884,32.57834333969042,0.8553332238008112,0.0,0.2,Train008,10.0
71,1,2,0.0001388888888888889,0.0,10.007083607291893,1.0139526283371234,-9.981005674759396,0.6785165326201664,10.00404213128964,-5.988747337991001,0.00030708546315350027,26.95877038025097,0.6931471805579453,0,0,1.6,0.00011111111111111112,0.2,9.584248039925791,0.5053722998580543,-9.567556589651364,0.5229980563458023,9.58268978169362,2.1683025595732475,0.00015168864815933157,16.495474696718723,0.4158883083343672,0.2,0.0,Train008,10.0
71,2,0,0.0,0.0,0.0,0.0,0.0,0.0,0.0,0.0,0.0,0.0,0.0,0,0,0.0,0.0,0.0,0.0,0.0,0.0,0.0,0.0,0.0,0.0,0.0,0.0,0.0,0.0,Train008,10.0
71,3,4,0.0002777777777777778,0.0,8.554362289671374,0.8041085806597297,4.1140829226724165,0.5666346181967472,4.152921030451191,-5.0699367804411,0.5133850504257708,20.846161690583482,1.3862943611158907,0,0,3.6,0.00025,0.2,8.053853354292286,0.5504098768220518,5.049448570909398,0.8291004181411026,5.117753203836881,0.1344261396130067,0.32282678551500177,24.99422305279473,1.2712215321355784,0.2,0.0,Train008,10.0
71,4,2,0.0001388888888888889,0.0,9.117976675062764,0.9376330135891271,9.117370542286366,-0.10299401332766592,9.117952257614235,-4.807283360071857,2.706567154953099e-06,61.57955472624809,0.6931471805579453,0,0,2.0,0.0001388888888888889,0.0,8.572198911607506,0.6114946976165317,8.570083682512251,0.00587168806047775,8.570751973426278,1.4778683792622427,0.00019524162017334757,60.15545841511484,0.6931471805579453,0.0,0.0,Train008,10.0
71,5,1,6.944444444444444e-05,0.0,8.793337832196654,0.0,7.299164266515426,4.903569234910962,8.793337832196654,-6.379036282478037,0.0,0.0,-1.000088900581841e-12,0,0,0.6,4.1666666666666665e-05,0.2,5.587832369588424,0.0,4.689786049604196,3.0366552677587646,5.587832369588424,-1.8424894462087096,0.0,0.0,-6.000533403491046e-13,0.2,0.0,Train008,10.0
72,0,2,0.0001388888888888889,0.0,6.946964440907033,0.5607638848726078,-6.663242402959011,-1.3246994137156902,6.793646138657038,-6.056285834858666,0.022216217546066286,28.703294945096243,0.6931471805579453,0,0,2.2,0.00015277777777777777,-0.2,7.535967425321959,0.6778242149302548,-7.157210008392158,-1.4917643121105248,7.3114016073234875,-0.0591228764380002,0.03166216349368025,30.79733491586402,0.7742402021793783,0.0,0.2,Train008,10.0
72,1,2,0.0001388888888888889,0.0,9.2087589030148,0.9771340517261704,-9.184048631850597,0.6328816529945362,9.205829047885581,-7.983247042770927,0.0003217831945409033,26.842271581040933,0.6931471805579453,0,0,1.8,0.000125,0.2,9.673821249616179,0.7007991102032884,-9.653391447360326,0.5846378511403848,9.671677020358162,2.0264624105723725,0.00021604528706751225,21.86392901292691,0.5545177444461562,0.2,0.0,Train008,10.0
72,2,0,0.0,0.0,0.0,0.0,0.0,0.0,0.0,0.0,0.0,0.0,0.0,0,0,0.0,0.0,0.0,0.0,0.0,0.0,0.0,0.0,0.0,0.0,0.0,0.0,0.0,0.0,Train008,10.0
72,3,4,0.0002777777777777778,0.0,7.874523523980674,0.7617781061970098,3.825233801450965,0.5166009465148385,3.8599598668513417,-6.798387656907008,0.5130920455339842,20.79417470166851,1.3862943611158907,0,0,3.8,0.0002638888888888889,0.2,8.199120165479995,0.6642945795917756,4.458111779316065,0.6892382543803631,4.511734293120318,-0.02937429388827013,0.41834115272008726,22.995842049368378,1.3287579466257344,0.2,0.0,Train008,10.0
72,4,2,0.0001388888888888889,0.0,8.413486392865977,0.8971114629309387,8.412834044992465,-0.10147223444436854,8.413445981460118,-7.044902821967858,4.858407780194973e-06,61.67714333471749,0.6931471805579453,0,0,2.0,0.0001388888888888889,0.0,8.707738892675916,0.7277593805841696,8.706456485427514,-0.04161931421012695,8.707007997197632,1.3553998106840826,0.00010244985910581316,60.75767723752165,0.6931471805579453,0.0,0.0,Train008,10.0
72,5,1,6.944444444444444e-05,0.0,8.051049803213594,0.0,6.664295766655366,4.517362600939294,8.051049803213594,-7.422880289830598,0.0,0.0,-1.000088900581841e-12,0,0,0.8,5.555555555555556e-05,0.2,7.198042330231144,0.0,6.022645202935268,3.9401277879466234,7.198042330231144,-3.327065504174829,0.0,0.0,-8.000711204654728e-13,0.2,0.0,Train008,10.0
73,0,2,0.0001388888888888889,0.0,6.321499706133842,0.5300646605263308,-6.066603430497686,-1.2002618507814167,6.184198063885691,-6.254647347731908,0.021875302298207444,28.661962527194962,0.6931471805579453,0,0,2.0,0.0001388888888888889,-0.2,7.336920098514318,0.46388345083134286,-7.003394851764111,-1.4532976890708016,7.153023229232753,0.1764474317571887,0.024953140398387873,29.01316536739346,0.6931471805579453,0.0,0.2,Train008,10.0
73,1,2,0.0001388888888888889,0.0,8.386936637650656,0.9082977489133225,-8.36415755830879,0.5796483907117516,8.384218742200657,-8.21822265364144,0.00032790952731587275,26.804277893793387,0.6931471805579453,0,0,2.0,0.0001388888888888889,0.2,9.75311363844872,0.882458659985953,-9.729206522180993,0.6418654547858166,9.750425830100701,1.9236542019939016,0.0002816271925306868,27.224784591685584,0.6931471805579453,0.2,0.0,Train008,10.0
73,2,0,0.0,0.0,0.0,0.0,0.0,0.0,0.0,0.0,0.0,0.0,0.0,0,0,0.0,0.0,0.0,0.0,0.0,0.0,0.0,0.0,0.0,0.0,0.0,0.0,0.0,0.0,Train008,10.0
73,3,4,0.0002777777777777778,0.0,7.17469167084131,0.7028139984174585,3.4996143747021824,0.4688078724594211,3.530875471168882,-6.998318531393644,0.5129713509522172,20.78705705331114,1.3862943611158907,0,0,4.0,0.0002777777777777778,0.2,8.330144053953276,0.767057960889135,3.9197870312485747,0.5630621951379459,3.9602807702268334,-0.17180352103256916,0.5139607301268831,20.993769093224152,1.3862943611158907,0.2,0.0,Train008,10.0
73,4,2,0.0001388888888888889,0.0,7.672999902754844,0.8298429424991554,7.672367364463938,-0.0949594300088844,7.672954989353118,-7.404864901111328,5.922710481831572e-06,61.708185946553364,0.6931471805579453,0,0,2.0,0.0001388888888888889,0.0,8.83113412182854,0.8344292069578033,8.830628773189982,-0.08519548186187549,8.831083550387046,1.233952291526253,5.771031549861583e-06,61.36943810124636,0.6931471805579453,0.0,0.0,Train008,10.0
73,5,1,6.944444444444444e-05,0.0,7.313814462851024,0.0,6.046892892280845,4.114239704525274,7.313814462851024,-7.372353403625702,0.0,0.0,-1.000088900581841e-12,0,0,1.0,6.944444444444444e-05,0.2,8.660805222801347,0.0,7.232023781391438,4.7629757288516785,8.660805222801347,-4.80153618489997,0.0,0.0,-1.000088900581841e-12,0.2,0.0,Train008,10.0
74,0,1,6.944444444444444e-05,-1.0,8.611345291176573,0.0,-8.432533207914815,-1.7457523940361126,8.611345291176573,17.597809245163994,0.0,0.0,-1.000088900581841e-12,0,1,1.8,0.000125,-0.2,7.48483525197724,0.42650472507447557,-7.204649722146615,-1.4632763624661753,7.35180604288283,0.4190222135765616,0.018487398572452095,23.05221150855912,0.5545177444461562,0.0,0.2,Train008,10.0
74,1,2,0.0001388888888888889,0.0,10.69758504884987,0.36946893669877134,-10.690474101616054,0.3794724292994986,10.697206917785692,23.10648411199213,3.538954457771304e-05,27.710707404434746,0.6931471805579453,0,0,2.0,0.0001388888888888889,0.0,9.781264507579644,0.8432794159588575,-9.760002786592842,0.5930317033496413,9.778880634608816,0.2815086913092351,0.0002526475532454109,27.121630488082605,0.6931471805579453,0.0,0.0,Train008,10.0
74,2,1,6.944444444444444e-05,1.0,0.0,0.0,0.0,0.0,0.0,0.0,0.0,0.0,-1.000088900581841e-12,1,0,0.2,1.388888888888889e-05,0.2,0.0,0.0,0.0,0.0,0.0,0.0,0.0,0.0,-2.000177801163682e-13,0.2,0.0,Train008,10.0
74,3,2,0.0001388888888888889,-2.0,8.710686048427295,0.041443243040508726,8.678521936933564,0.5121840855700284,8.693622694098721,11.885570537435202,0.00195894340242897,22.012286936738473,0.6931471805579453,0,2,3.6,0.00024999999999999995,-0.4,8.275123900127227,0.6223638109253459,4.873068418211043,0.5357724400057744,4.905900817103921,-1.2450761859454087,0.41110690266623273,21.091856571881955,1.2476649250043017,0.0,0.4,Train008,10.0
74,4,3,0.00020833333333333335,1.0,8.68634212670449,0.9216980794441272,8.680572310724367,-0.2886754217104444,8.685370984639302,13.8902702731025,0.00011111334500890635,33.846503255140846,1.0986122886651097,1,0,2.2,0.00015277777777777777,0.2,8.697902021691604,0.8960139787071963,8.696285637262445,-0.1355923648594053,8.697685754638785,-0.5809513946481477,2.492968417335817e-05,56.02362835500217,0.7742402021793782,0.2,0.0,Train008,10.0
74,5,1,6.944444444444444e-05,0.0,8.962660195555777,0.0,8.149793757268027,3.7296299407575315,8.962660195555777,16.488457327047534,0.0,0.0,-1.000088900581841e-12,0,0,1.0,6.944444444444444e-05,0.0,8.510420750852301,0.0,7.20837160153914,4.4888549255195915,8.510420750852301,-1.5038447194904627,0.0,0.0,-1.000088900581841e-12,0.0,0.0,Train008,10.0
75,0,1,6.944444444444444e-05,0.0,8.760316660340965,0.0,-8.655472740585191,-1.3512733352043025,8.760316660340965,1.489713691643928,0.0,0.0,-1.000088900581841e-12,0,0,1.6,0.00011111111111111112,-0.2,7.638543824590263,0.33048702591145096,-7.410401699295893,-1.415787768565375,7.545783774388468,0.4769564050775628,0.013430086000644636,17.235018290240802,0.4158883083343672,0.0,0.2,Train008,10.0
75,1,2,0.0001388888888888889,0.0,10.86919654211187,0.16471631230254857,-10.865340236815522,0.2876173993636737,10.869146343212934,1.7161149326200054,4.619516254966705e-06,28.06091839601319,0.6931471805579453,0,0,2.0,0.0001388888888888889,0.0,9.833912147783817,0.6867139355955872,-9.817005240670072,0.5116272809979253,9.832088636474902,0.526476402041754,0.0001993574491685912,27.275389131106646,0.6931471805579453,0.0,0.0,Train008,10.0
75,2,1,6.944444444444444e-05,0.0,0.0,0.0,0.0,0.0,0.0,0.0,0.0,0.0,-1.000088900581841e-12,0,0,0.4,2.777777777777778e-05,0.2,0.0,0.0,0.0,0.0,0.0,0.0,0.0,0.0,-4.000355602327364e-13,0.2,0.0,Train008,10.0
75,3,2,0.0001388888888888889,0.0,8.657134161715165,0.27722894165858847,8.65005907542327,0.23766317470419113,8.653323395836017,-0.5355188671213096,0.0004406398885242746,22.910449982341895,0.6931471805579453,0,0,3.2,0.00022222222222222223,-0.4,8.194279538927162,0.5174745739946591,5.75350242223648,0.46037813948904527,5.7781404916812305,-1.5033182596855728,0.30836960604058505,21.4700260729287,1.1090354888927125,0.0,0.4,Train008,10.0
75,4,3,0.00020833333333333335,0.0,8.657403198296917,1.1465073180597118,8.650733853843656,-0.2993772653263949,8.655912601050858,-0.2893892840757199,0.00018706774526289216,33.352013040734384,1.0986122886651097,0,0,2.4,0.00016666666666666666,0.2,8.509641659137,0.9465585633046121,8.506775623262158,-0.17749567296355168,8.509127362823525,-1.1312340188248515,6.233375513775563e-05,50.432680060678834,0.855333223800811,0.2,0.0,Train008,10.0
75,5,1,6.944444444444444e-05,0.0,9.046877737346374,0.0,8.39386701324948,3.3747582666578815,9.046877737346374,0.8421754179059704,0.0,0.0,-1.000088900581841e-12,0,0,1.0,6.944444444444444e-05,0.0,8.433548006232684,0.0,7.3108027391938295,4.127911949558189,8.433548006232684,-0.7687274461961664,0.0,0.0,-1.000088900581841e-12,0.0,0.0,Train008,10.0
76,0,1,6.944444444444444e-05,0.0,8.298069115197166,0.0,-8.22013427605141,-1.1346116182526325,8.298069115197166,-4.6224754514379995,1.1102230246251565e-16,0.0,-1.000088900581841e-12,0,0,1.4,9.722222222222222e-05,-0.2,7.787639042751115,0.21816570907978772,-7.6075972116016235,-1.3513197223980313,7.729515053851486,0.43082286055587177,0.008818303968854769,11.473051494458241,0.2772588722225781,0.0,0.2,Train008,10.0
76,1,2,0.0001388888888888889,0.0,10.28675087564254,0.08561885797328728,-10.283974154094597,0.23876671468032712,10.286745546873652,-5.824456664693312,5.180584359276708e-07,28.195717635159713,0.6931471805579453,0,0,2.0,0.0001388888888888889,0.0,9.889845601453947,0.50104718152282,-9.877598936537112,0.4236773174099574,9.888629319591704,0.5593345367012919,0.00013804396822507669,27.522778582088392,0.6931471805579453,0.0,0.0,Train008,10.0
76,2,1,6.944444444444444e-05,0.0,0.0,0.0,0.0,0.0,0.0,0.0,0.0,0.0,-1.000088900581841e-12,0,0,0.6,4.1666666666666665e-05,0.2,0.0,0.0,0.0,0.0,0.0,0.0,0.0,0.0,-6.000533403491046e-13,0.2,0.0,Train008,10.0
76,3,2,0.0001388888888888889,0.0,8.132949404132273,0.37586616591276156,8.130613167481833,0.12839736729218973,8.131626919820937,-5.2418475758289285,0.00016295628405005314,23.252869572159238,0.6931471805579453,0,0,2.8,0.00019444444444444443,-0.4,8.109996961819343,0.4318260910452654,6.556808471198363,0.3727306893081338,6.57388166955518,-1.5377004187631385,0.20572518721224098,21.951367649243853,0.9704060527811235,0.0,0.4,Train008,10.0
76,4,3,0.00020833333333333335,0.0,8.137278545341209,1.1699567579588295,8.130569157471525,-0.28545168567925655,8.135578497518438,-5.201246529557079,0.0002324417898595943,33.17007248812785,1.0986122886651097,0,0,2.6,0.00018055555555555557,0.2,8.313502033192687,0.9930233121785526,8.30941534629919,-0.21398720743386979,8.312652610804367,-1.210026652721896,0.00010828079967868387,44.75078361305479,0.9364262454222441,0.2,0.0,Train008,10.0
76,5,1,6.944444444444444e-05,0.0,8.543745996315954,0.0,7.9801911527301685,3.051580707674634,8.543745996315954,-5.031317410304208,0.0,0.0,-1.000088900581841e-12,0,0,1.0,6.944444444444444e-05,0.0,8.383629639056544,0.0,7.447008116436777,3.757514244110923,8.383629639056544,-0.49918367176140066,0.0,0.0,-1.000088900581841e-12,0.0,0.0,Train008,10.0
77,0,1,6.944444444444444e-05,0.0,7.647635794715995,0.0,-7.582971120194394,-0.9924123331151947,7.647635794715995,-6.504333204811701,0.0,0.0,-1.000088900581841e-12,0,0,1.2,8.333333333333333e-05,-0.2,7.927773313512908,0.10601293210526616,-7.791542955048699,-1.284862306277932,7.900312985063278,0.3412133865652649,0.004375060459641511,5.732392505438993,0.13862943611078898,0.0,0.2,Train008,10.0
77,1,2,0.0001388888888888889,0.0,9.477324732531372,0.054137274639592725,-9.475047824521775,0.207723789108067,9.477324540688487,-8.094261431111667,2.024296430480632e-08,28.247629589443388,0.6931471805579453,0,0,2.0,0.0001388888888888889,0.0,9.943558767357262,0.3164478261055045,-9.935798775071348,0.3386457446326636,9.942928418152285,0.5371316590331439,7.369137790975699e-05,27.803850183768883,0.6931471805579453,0.0,0.0,Train008,10.0
77,2,1,6.944444444444444e-05,0.0,0.0,0.0,0.0,0.0,0.0,0.0,0.0,0.0,-1.000088900581841e-12,0,0,0.8,5.555555555555556e-05,0.2,0.0,0.0,0.0,0.0,0.0,0.0,0.0,0.0,-8.000711204654728e-13,0.2,0.0,Train008,10.0
77,3,2,0.0001388888888888889,0.0,7.472520780934339,0.3885333633653869,7.471385190554254,0.08291573053479356,7.471845266331707,-6.604286231979337,9.064489654297958e-05,23.38218472153486,0.6931471805579453,0,0,2.4,0.00016666666666666666,-0.4,8.029596413210076,0.35717714247894083,7.286038749019021,0.28599364611212474,7.296258749451252,-1.4988801337776043,0.1031249070847527,22.468969653217123,0.8317766166695344,0.0,0.4,Train008,10.0
77,4,3,0.00020833333333333335,0.0,7.477302912658485,1.1104079067890114,7.470957607054376,-0.2638010818096696,7.475613592018223,-6.599756326827247,0.00025339810385205386,33.1047872874603,1.0986122886651097,0,0,2.8,0.00019444444444444446,0.2,8.126265337151189,1.035682600950167,8.121040058711571,-0.24645297690693,8.125086132915987,-1.1209973536937738,0.00015798873889305565,39.03631240360335,1.0175192670436768,0.2,0.0,Train008,10.0
77,5,1,6.944444444444444e-05,0.0,7.863690595418693,0.0,7.363886121491168,2.7587698291423597,7.863690595418693,-6.800554008972606,0.0,0.0,-1.000088900581841e-12,0,0,1.0,6.944444444444444e-05,0.0,8.346157797497565,0.0,7.586926187403938,3.4057956897515362,8.346157797497565,-0.37471841558980223,0.0,0.0,-1.000088900581841e-12,0.0,0.0,Train008,10.0
78,0,1,6.944444444444444e-05,0.0,6.970203005844837,0.0,-6.913860102229862,-0.8844593995670416,6.970203005844837,-6.774327888711582,0.0,0.0,-1.000088900581841e-12,0,0,1.0,6.944444444444444e-05,-0.2,8.057513973455107,0.0,-7.960994289395134,-1.2217018160350572,8.057513973455107,0.23727727836932982,2.2204460492503132e-17,0.0,-1.000088900581841e-12,0.0,0.2,Train008,10.0
78,1,2,0.0001388888888888889,0.0,8.637184051659482,0.040713453309497716,-8.635209005442313,0.18469528549475614,8.637183969104514,-8.401406808718903,9.558300595458036e-09,28.267722666938305,0.6931471805579453,0,0,2.0,0.0001388888888888889,0.0,9.993608250159026,0.14293096698473953,-9.990009064498052,0.2596551235892645,9.993521463533057,0.5004948280176513,8.111384106701536e-06,28.096539138397866,0.6931471805579453,0.0,0.0,Train008,10.0
78,2,1,6.944444444444444e-05,0.0,0.0,0.0,0.0,0.0,0.0,0.0,0.0,0.0,-1.000088900581841e-12,0,0,1.0,6.944444444444444e-05,0.2,0.0,0.0,0.0,0.0,0.0,0.0,0.0,0.0,-1.000088900581841e-12,0.2,0.0,Train008,10.0
78,3,2,0.0001388888888888889,0.0,6.803223695206777,0.3701269573126349,6.802484455157345,0.06224800560709301,6.80276925794631,-6.692970857275622,6.699564679402137e-05,23.429920363781378,0.6931471805579453,0,0,2.0,0.0001388888888888889,-0.4,7.955302818083169,0.2906397342579761,7.9466127651100535,0.20468167274165916,7.950637506806738,-1.4378105989539998,0.0005440360236680597,22.99754231531117,0.6931471805579453,0.0,0.4,Train008,10.0
78,4,3,0.00020833333333333335,0.0,6.8076995332742145,1.0244721960972702,6.80185171659119,-0.24074577717657333,6.806110879476095,-6.696033793842704,0.0002625565289545717,33.083445748758514,1.0986122886651097,0,0,3.0,0.00020833333333333335,0.2,7.953205263255063,1.07460845166979,7.9469369291370215,-0.27561024634046777,7.951717310940583,-0.9792311322400492,0.00020931550258760368,33.31136436404438,1.0986122886651097,0.2,0.0,Train008,10.0
78,5,1,6.944444444444444e-05,0.0,7.162579981446097,0.0,6.714357777631882,2.493983084258316,7.162579981446097,-7.011106139725962,0.0,0.0,-1.000088900581841e-12,0,0,1.0,6.944444444444444e-05,0.0,8.31591090121658,0.0,7.720419164474146,3.0817443656981447,8.31591090121658,-0.30246896280985425,0.0,0.0,-1.000088900581841e-12,0.0,0.0,Train008,10.0
79,0,1,6.944444444444444e-05,0.0,8.65098329757768,0.0,-8.636557100825222,-0.4993930908146814,8.65098329757768,16.807802917328427,0.0,0.0,-1.000088900581841e-12,0,0,1.0,6.944444444444444e-05,0.0,8.065441574735328,0.0,-8.001799067977215,-0.9724299553907709,8.065441574735328,0.07927601280221666,2.2204460492503132e-17,0.0,-1.000088900581841e-12,0.0,0.0,Train008,10.0
79,1,1,6.944444444444444e-05,-1.0,9.60256140328764,0.0,-9.572590513881494,0.7580873020012497,9.60256140328764,10.060908049376547,1.1102230246251565e-16,0.0,-1.000088900581841e-12,0,1,1.8,0.000125,-0.2,9.774603521046581,0.06903717964498526,-9.76643234695114,0.3353780981296147,9.774592360633445,-2.1086203845054654,1.0334751911811323e-06,22.554397657510922,0.5545177444461563,0.0,0.2,Train008,10.0
79,2,1,6.944444444444444e-05,0.0,5.0806483805162035,0.0,-5.0806483805162035,0.0,5.0806483805162035,50.80648380516203,0.0,0.0,-1.000088900581841e-12,0,0,1.0,6.944444444444444e-05,0.0,1.0161296761032408,0.0,-1.0161296761032408,0.0,1.0161296761032408,10.161296761032407,0.0,0.0,-1.000088900581841e-12,0.0,0.0,Train008,10.0
79,3,2,0.0001388888888888889,0.0,6.915199521806207,1.2753400235714505,1.449733529682375,0.8281640995649886,1.6696056668847306,17.574428074835158,0.841458590909591,24.91438319741125,0.6931471805579453,1,1,2.0,0.0001388888888888889,0.0,7.596205512758952,0.5374190903641645,6.5008550836598165,0.26787767554065123,6.54583410136394,-0.30003909147400876,0.16844396552510046,23.577961567445723,0.6931471805579453,0.2,0.2,Train008,10.0
79,4,2,0.0001388888888888889,-1.0,8.38268183335181,0.08771305336722701,8.376853715477512,-0.3052557532357525,8.382413688514362,9.329230065414631,3.199145629462219e-05,79.10316759677367,0.6931471805579453,0,1,2.8,0.00019444444444444443,-0.2,7.892473204584528,0.90781144645441,7.886193210087652,-0.27892631264552936,7.891125851715595,-1.8914391737776228,0.00019349112484474685,42.36269723237094,1.0175192670436768,0.0,0.2,Train008,10.0
79,5,1,6.944444444444444e-05,0.0,8.468263069510332,0.0,8.162587911326783,2.2546924411756057,8.468263069510332,13.056830880642352,0.0,0.0,-1.000088900581841e-12,0,0,1.0,6.944444444444444e-05,0.0,8.21703147600749,0.0,7.722977995285897,2.786756865781759,8.21703147600749,-0.9887942520908908,0.0,0.0,-1.000088900581841e-12,0.0,0.0,Train008,10.0
80,0,1,6.944444444444444e-05,0.0,8.730401850460604,0.0,-8.723918819729034,-0.33638801599270507,8.730401850460604,0.7941855288292388,1.1102230246251565e-16,0.0,-1.000088900581841e-12,0,0,1.0,6.944444444444444e-05,0.0,8.059458612759256,0.0,-8.015488283805984,-0.7694528915484513,8.059458612759256,-0.05982961976072119,4.4408920985006264e-17,0.0,-1.000088900581841e-12,0.0,0.0,Train008,10.0
80,1,1,6.944444444444444e-05,0.0,9.390878763738941,0.0,-9.346486519339424,0.9120272468788762,9.390878763738941,-2.1168263954869815,0.0,0.0,-1.000088900581841e-12,0,0,1.6,0.00011111111111111112,-0.2,9.478939965371996,0.03609391718447554,-9.46266160345592,0.4602600676326552,9.478938844738646,-2.8752086501268628,1.0957194018779148e-07,16.94221397830828,0.4158883083343672,0.0,0.2,Train008,10.0
80,2,1,6.944444444444444e-05,0.0,5.3063109654169,0.0,-5.3063109654169,0.0,5.3063109654169,2.2566258490069657,0.0,0.0,-1.000088900581841e-12,0,0,1.0,6.944444444444444e-05,0.0,2.077391869186621,0.0,-2.077391869186621,0.0,2.077391869186621,10.6126219308338,0.0,0.0,-1.000088900581841e-12,0.0,0.0,Train008,10.0
80,3,2,0.0001388888888888889,0.0,6.789830272776042,1.5298326595182736,1.721131157344335,0.7985264502378687,1.8973499815561023,-1.2536924903016455,0.830346863905113,23.9132245471024,0.6931471805579453,0,0,2.0,0.0001388888888888889,0.0,7.222744734971127,0.7879398339361015,5.115069500044028,0.38005033064738675,5.194639418507958,-0.4436738161100756,0.3344252103284182,23.778516480397826,0.6931471805579453,0.2,0.2,Train008,10.0
80,4,2,0.0001388888888888889,0.0,8.213283405802024,0.08933770847025624,8.2057991109276,-0.3326083425489087,8.212537205908617,-1.6939842754978685,9.086356294563114e-05,79.4804079572893,0.6931471805579453,0,0,2.6,0.00018055555555555557,-0.2,7.803649246085548,0.6963775245365189,7.79720626150444,-0.28557252809003214,7.802450772687147,-2.172358172062053,0.00017425028838129463,51.58837621568193,0.936426245422244,0.0,0.2,Train008,10.0
80,5,1,6.944444444444444e-05,0.0,8.432154046459125,0.0,8.182044394645647,2.0384728075853125,8.432154046459125,-0.3610902305120689,0.0,0.0,-1.000088900581841e-12,0,0,1.0,6.944444444444444e-05,0.0,8.094086737830041,0.0,7.680613471565129,2.5194997739672456,8.094086737830041,-1.2294473817744986,0.0,0.0,-1.000088900581841e-12,0.0,0.0,Train008,10.0
81,0,1,6.944444444444444e-05,0.0,8.243414029191273,0.0,-8.239312604999661,-0.2600051033368672,8.243414029191273,-4.869878212693308,0.0,0.0,-1.000088900581841e-12,0,0,1.0,6.944444444444444e-05,0.0,8.048527595558078,0.0,-8.019323949595634,-0.5945315885652984,8.048527595558078,-0.10931017201178292,2.2204460492503132e-17,0.0,-1.000088900581841e-12,0.0,0.0,Train008,10.0
81,1,1,6.944444444444444e-05,0.0,8.7639517413677,0.0,-8.716413863882845,0.9115807580971007,8.7639517413677,-6.269270223712411,0.0,0.0,-1.000088900581841e-12,0,0,1.4,9.722222222222222e-05,-0.2,9.174380138517026,0.018970145589818087,-9.14914954541357,0.5948228763160099,9.174380083637457,-2.9641713619306826,5.960253002257332e-09,11.303070451276337,0.27725887222257806,0.0,0.2,Train008,10.0
81,2,1,6.944444444444444e-05,0.0,4.666349629103738,0.0,-4.666349629103738,0.0,4.666349629103738,-6.399613363131618,0.0,0.0,-1.000088900581841e-12,0,0,1.0,6.944444444444444e-05,0.0,3.010661795007368,0.0,-3.010661795007368,0.0,3.010661795007368,9.332699258207475,0.0,0.0,-1.000088900581841e-12,0.0,0.0,Train008,10.0
81,3,2,0.0001388888888888889,0.0,6.354787123266814,1.5197543967838785,1.7059592164872583,0.7420328441636977,1.8603520070501407,-4.350431495092284,0.8261103887576777,23.556900865544243,0.6931471805579453,0,0,2.0,0.0001388888888888889,0.0,6.867112278798035,1.016717480110325,3.830138709845113,0.5027774260216884,3.9403844359537983,-0.2653905999627467,0.49961469682314374,23.839322739074824,0.6931471805579453,0.2,0.2,Train008,10.0
81,4,2,0.0001388888888888889,0.0,7.6706506986532315,0.14554002487081785,7.6629442045153695,-0.322500475584009,7.669727533509102,-5.426327071487931,0.00012039364820704002,79.62368994661614,0.6931471805579453,0,0,2.4,0.0001666666666666667,-0.2,7.710323676747953,0.49149417791891653,7.70368127091321,-0.29298228607098264,7.709280579885279,-2.2173742804482233,0.0001518406600507838,60.87909970737958,0.855333223800811,0.0,0.2,Train008,10.0
81,5,1,6.944444444444444e-05,0.0,7.9227949503062645,0.0,7.7054330450696895,1.8430901802533963,7.9227949503062645,-5.093590961528607,0.0,0.0,-1.000088900581841e-12,0,0,1.0,6.944444444444444e-05,0.0,7.9698965286281025,0.0,7.625661850033035,2.277801668482998,7.9698965286281025,-1.2419020920193784,0.0,0.0,-1.000088900581841e-12,0.0,0.0,Train008,10.0
82,0,1,6.944444444444444e-05,0.0,7.588241743720675,0.0,-7.585104719135742,-0.21817231925631375,7.588241743720675,-6.551722854705977,0.0,0.0,-1.000088900581841e-12,0,0,1.0,6.944444444444444e-05,0.0,8.036648785359015,0.0,-8.019750669383905,-0.43968358579352207,8.036648785359015,-0.11878810199063813,2.2204460492503132e-17,0.0,-1.000088900581841e-12,0.0,0.0,Train008,10.0
82,1,1,6.944444444444444e-05,0.0,8.029527721225593,0.0,-7.983593719206224,0.8576402232761576,8.029527721225593,-7.344240201421073,1.1102230246251565e-16,0.0,-1.000088900581841e-12,0,0,1.2,8.333333333333333e-05,-0.2,8.884820736255872,0.008142690661899543,-8.85085872435046,0.7248061631496281,8.884820719744877,-2.814167115992564,1.911660163500528e-09,5.653544533387661,0.13862943611078898,0.0,0.2,Train008,10.0
82,2,1,6.944444444444444e-05,0.0,3.976433698640085,0.0,-3.976433698640085,0.0,3.976433698640085,-6.899159304636533,0.0,0.0,-1.000088900581841e-12,0,0,1.0,6.944444444444444e-05,0.0,3.8059485347353856,0.0,-3.8059485347353856,0.0,3.8059485347353856,7.95286739728017,0.0,0.0,-1.000088900581841e-12,0.0,0.0,Train008,10.0
82,3,2,0.0001388888888888889,0.0,5.829243924784417,1.4269725585373632,1.6005311191965523,0.6786707298978519,1.7384745678716877,-5.255431984823966,0.8243070085047499,23.457437769300604,0.6931471805579453,0,0,2.0,0.0001388888888888889,0.0,6.53845690756805,1.22440531914472,2.6559678955735735,0.6219284258943001,2.793710296261794,0.004380249468327513,0.6644579695447851,23.854373348627977,0.6931471805579453,0.2,0.2,Train008,10.0
82,4,2,0.0001388888888888889,0.0,7.030418905050192,0.15644253137900055,7.023077069829881,-0.29999078367566934,7.02948120411888,-6.402317936030393,0.00013344375617263537,79.67731924660292,0.6931471805579453,0,0,2.2,0.00015277777777777777,-0.2,7.620946875226295,0.30070110283691437,7.6141051634683095,-0.3002202264441826,7.620054102305412,-2.177886602288852,0.0001278497905149001,70.19360609920811,0.7742402021793782,0.0,0.2,Train008,10.0
82,5,1,6.944444444444444e-05,0.0,7.278557409587476,0.0,7.0852041530185605,1.6665173490573981,7.278557409587476,-6.442375407187884,1.1102230246251565e-16,0.0,-1.000088900581841e-12,0,0,1.0,6.944444444444444e-05,0.0,7.852869891461859,0.0,7.569925456338512,2.059351172466006,7.852869891461859,-1.170266371662434,2.2204460492503132e-17,0.0,-1.000088900581841e-12,0.0,0.0,Train008,10.0
83,0,1,6.944444444444444e-05,0.0,6.9134106428800255,0.0,-6.910777432271871,-0.19079307819892505,6.9134106428800255,-6.748311008406498,0.0,0.0,-1.000088900581841e-12,0,0,1.0,6.944444444444444e-05,0.0,8.025290312766051,0.0,-8.019134135392306,-0.30095032151989887,8.025290312766051,-0.1135847259296213,2.2204460492503132e-17,0.0,-1.000088900581841e-12,0.0,0.0,Train008,10.0
83,1,1,6.944444444444444e-05,0.0,7.3011717443434865,0.0,-7.258486496680608,0.7883416885494452,7.3011717443434865,-7.283559768821064,0.0,0.0,-1.000088900581841e-12,0,0,1.0,6.944444444444444e-05,-0.2,8.617618274792672,0.0,-8.57551422259812,0.8455354437605658,8.617618274792672,-2.590597708012996,4.4408920985006264e-17,0.0,-1.000088900581841e-12,0.0,0.2,Train008,10.0
83,2,1,6.944444444444444e-05,0.0,3.3892621015494595,0.0,-3.3892621015494595,0.0,3.3892621015494595,-5.871715970906255,0.0,0.0,-1.000088900581841e-12,0,0,1.0,6.944444444444444e-05,0.0,4.483800955045277,0.0,-4.483800955045277,0.0,4.483800955045277,6.778524203098918,0.0,0.0,-1.000088900581841e-12,0.0,0.0,Train008,10.0
83,3,2,0.0001388888888888889,0.0,5.302446380634231,1.3117441912762242,1.4706284210314782,0.6163137312989799,1.5945502714349302,-5.267975441501864,0.8235380123441804,23.45499685143225,0.6931471805579453,0,0,2.0,0.0001388888888888889,0.0,6.238301444653542,1.412728765937438,1.5895966887483997,0.7327415710326775,1.7520664989595183,0.289379332623079,0.8291521728842625,23.85938864615815,0.6931471805579453,0.2,0.2,Train008,10.0
83,4,2,0.0001388888888888889,0.0,6.394042447639593,0.15098447838651374,6.38725784874128,-0.2745046309174422,6.393153808465913,-6.3637645741059945,0.00013905678396586296,79.69667547409466,0.6931471805579453,0,0,2.0,0.0001388888888888889,-0.2,7.53821545809937,0.1260035592947631,7.531186389898329,-0.30697199719235635,7.537462688103375,-2.1114327583415102,0.00010314984151715834,79.51625204427533,0.6931471805579453,0.0,0.2,Train008,10.0
83,5,1,6.944444444444444e-05,0.0,6.62558530956352,0.0,6.4519422315197446,1.5069247278599993,6.62558530956352,-6.529721000239563,0.0,0.0,-1.000088900581841e-12,0,0,1.0,6.944444444444444e-05,0.0,7.7454709570853435,0.0,7.517442347116085,1.8619395011863424,7.7454709570853435,-1.0739893437651542,2.2204460492503132e-17,0.0,-1.000088900581841e-12,0.0,0.0,Train008,10.0
84,0,2,0.0001388888888888889,1.0,8.931670777874123,0.30184550487138395,-8.930388756184929,-0.02097371424396985,8.930413385352516,18.24379584262367,0.00014094007312337453,98.1572203413789,0.6931471805579453,1,0,1.2,8.333333333333333e-05,0.2,8.081427808825339,0.06036910097427679,-8.077900466464246,-0.20526644620575657,8.081176330321018,0.1736138591294271,2.8188014624697112e-05,19.63144406827578,0.13862943611078898,0.2,0.0,Train008,10.0
84,1,1,6.944444444444444e-05,0.0,13.30130775407792,0.0,-13.27862294810097,0.776505357907894,13.30130775407792,0.0,0.0,0.0,-1.000088900581841e-12,1,1,1.0,6.944444444444444e-05,0.0,9.35736754495073,0.0,-9.316720709442015,0.8492190549418946,9.357367544950728,-4.602779317888306,2.2204460492503132e-17,0.0,-1.000088900581841e-12,0.2,0.2,Train008,10.0
84,2,1,6.944444444444444e-05,0.0,7.435683325435998,0.0,-7.421993915364843,0.45099094941493967,7.435683325435998,40.464212238865386,0.0,0.0,-1.000088900581841e-12,0,0,1.0,6.944444444444444e-05,0.0,4.954807944029236,0.0,-4.9520700620150055,0.09019818988298793,4.954807944029236,4.710069889839589,0.0,0.0,-1.000088900581841e-12,0.0,0.0,Train008,10.0
84,3,2,0.0001388888888888889,0.0,5.287625693857121,3.4397633916716632,3.9987118452743946,0.264412170231605,4.007444349869919,-0.14820686777109415,0.48799768347390626,22.738967065419377,0.6931471805579453,0,0,2.0,0.0001388888888888889,0.0,5.912786679063726,1.8456134395574808,2.0993923518668036,0.6199911851660007,2.219634235556556,-3.2551476558981713,0.7584599913971255,23.424305419759776,0.6931471805579453,0.0,0.0,Train008,10.0
84,4,3,0.00020833333333333335,1.0,8.871712431745168,0.7213459423060188,8.858439161682147,-0.34875348661380207,8.865301651700815,25.00804809145708,0.0007610292988248224,35.21003919106682,1.0986122886651097,1,0,2.2,0.00015277777777777777,0.2,7.636021577778041,0.25273013708252146,7.627503479139254,-0.31567154386796625,7.634040280740666,1.0243308468669796,0.0002489574100231984,70.73762636313397,0.7742402021793782,0.2,0.0,Train008,10.0
84,5,1,6.944444444444444e-05,0.0,8.615085478639582,0.0,8.50663535972092,1.3626638107076618,8.615085478639582,19.895001690760623,1.1102230246251565e-16,0.0,-1.000088900581841e-12,0,0,1.0,6.944444444444444e-05,0.0,7.774835438911194,0.0,7.586251836794912,1.6835337750927537,7.774835438911194,0.29364481825849964,4.4408920985006264e-17,0.0,-1.000088900581841e-12,0.0,0.0,Train008,10.0
85,0,2,0.0001388888888888889,0.0,9.045167204340252,0.3285974708074457,-9.044183316523583,-0.13066366161612722,9.045127133177866,1.1349642646612867,4.435972916105868e-06,98.04074677451044,0.6931471805579453,0,0,1.4,9.722222222222222e-05,0.2,8.144380879601268,0.12608859513576592,-8.141953365823158,-0.16412157533044097,8.144121386864471,0.2417696062958367,2.907520920789608e-05,39.23959342317787,0.27725887222257806,0.2,0.0,Train008,10.0
85,1,1,6.944444444444444e-05,0.0,12.848118512683573,0.0,-12.824971129499565,0.7708857525373167,12.848118512683573,-4.5318924139434635,0.0,0.0,-1.000088900581841e-12,0,0,1.0,6.944444444444444e-05,0.0,10.048815494739653,0.0,-10.012417631474042,0.8209907560735829,10.048815494739655,-5.085792521579602,2.2204460492503132e-17,0.0,-1.000088900581841e-12,0.2,0.2,Train008,10.0
85,2,1,6.944444444444444e-05,0.0,8.043103826797287,0.0,-8.02428014081806,0.5499521709331315,8.043103826797287,6.074205013612888,0.0,0.0,-1.000088900581841e-12,0,0,1.0,6.944444444444444e-05,0.0,5.502166516305314,0.0,-5.495663897095237,0.20018862406961424,5.502166516305314,5.473585722760774,0.0,0.0,-1.000088900581841e-12,0.0,0.0,Train008,10.0
85,3,2,0.0001388888888888889,0.0,5.346592869056174,3.610493984499442,4.640151417613701,0.12639693164681087,4.641872613796308,0.589671751990527,0.2601772215147734,22.51222029383708,0.6931471805579453,0,0,2.0,0.0001388888888888889,0.0,5.624139198319751,2.2617457045537144,2.6831964039206766,0.48556528144778915,2.768538762004597,-2.8864748074397366,0.6444260629190575,23.14410456910671,0.6931471805579453,0.0,0.0,Train008,10.0
85,4,3,0.00020833333333333335,0.0,9.006596985485194,0.9439161669148447,8.992000564464897,-0.3266043672903805,8.997930015513022,1.3488455374002524,0.0010084068234476051,35.357103241447504,1.0986122886651097,0,0,2.4,0.0001666666666666667,0.2,7.794684293714676,0.4236458287714392,7.784743769846713,-0.3144707488162607,7.791118842661547,1.6328968094466039,0.00043246606212359316,61.9129654199656,0.855333223800811,0.2,0.0,Train008,10.0
85,5,1,6.944444444444444e-05,0.0,8.804258256204747,0.0,8.717598554958547,1.2322495187802207,8.804258256204747,1.8917277756516526,0.0,0.0,-1.000088900581841e-12,0,0,1.0,6.944444444444444e-05,0.0,7.849256280860319,0.0,7.693362668857492,1.5222891173317352,7.849256280860319,0.7442084194912443,4.4408920985006264e-17,0.0,-1.000088900581841e-12,0.0,0.0,Train008,10.0
86,0,2,0.0001388888888888889,0.0,8.552036894283951,0.3192060773967311,-8.550503690007766,-0.16101656627144023,8.552019626231587,-4.931303100562996,2.0219911869290286e-06,97.99875969677534,0.6931471805579453,0,0,1.6,0.00011111111111111112,0.2,8.206105452619806,0.18992981061511216,-8.204191582824778,-0.14432386791735557,8.205842506272536,0.22948462872189915,2.9479607445281887e-05,58.83934536253294,0.4158883083343672,0.2,0.0,Train008,10.0
86,1,1,6.944444444444444e-05,0.0,11.959788129213221,0.0,-11.937821588197512,0.7245328315783419,11.959788129213221,-8.883303834703522,0.0,0.0,-1.000088900581841e-12,0,0,1.0,6.944444444444444e-05,0.0,10.687982772308759,0.0,-10.656699176336975,0.783581170769831,10.687982772308759,-5.608599243777824,2.2204460492503132e-17,0.0,-1.000088900581841e-12,0.2,0.2,Train008,10.0
86,2,1,6.944444444444444e-05,0.0,7.6030041207221775,0.0,-7.583964410636224,0.537731789948818,7.6030041207221775,-4.400997060751095,0.0,0.0,-1.000088900581841e-12,0,0,1.0,6.944444444444444e-05,0.0,6.089497414629001,0.0,-6.079186853401734,0.3077349820593779,6.089497414629001,5.873308983236879,0.0,0.0,-1.000088900581841e-12,0.0,0.0,Train008,10.0
86,3,2,0.0001388888888888889,0.0,5.130120966902638,3.380004455424093,4.589083335667146,0.0708156071838395,4.589629692243015,-2.164719021535366,0.19546831866786807,22.458112665477497,0.6931471805579453,0,0,2.0,0.0001388888888888889,0.0,5.379205967046916,2.6337957162817576,3.2598212277566545,0.3513218340518175,3.3143942990431725,-2.449332312728353,0.5182976489010956,22.92434692909336,0.6931471805579453,0.0,0.0,Train008,10.0
86,4,3,0.00020833333333333335,0.0,8.528497640489743,0.977217157006369,8.514200761168338,-0.300039795905017,8.51948581081078,-4.780993449954518,0.0011056447048223284,35.4142326170995,1.0986122886651097,0,0,2.6,0.00018055555555555555,0.2,7.9662536820819785,0.5899812551985494,7.954995081177307,-0.30997861288046225,7.961070498121882,1.7619635337532862,0.0006295162734466508,53.071073954062285,0.936426245422244,0.2,0.0,Train008,10.0
86,5,1,6.944444444444444e-05,0.0,8.351385412438116,0.0,8.27670688082274,1.1143435359105793,8.351385412438116,-4.5287284376663095,0.0,0.0,-1.000088900581841e-12,0,0,1.0,6.944444444444444e-05,0.0,7.934974373286688,0.0,7.807617436008103,1.3765397884631718,7.934974373286688,0.8571809242637037,4.4408920985006264e-17,0.0,-1.000088900581841e-12,0.0,0.0,Train008,10.0
87,0,2,0.0001388888888888889,0.0,7.876957783049136,0.2972261987671989,-7.875227734703364,-0.16205681952575787,7.876894964781229,-6.750791112348167,7.986311448826555e-06,97.98496243971177,0.6931471805579453,0,0,1.8,0.000125,0.2,8.263848660485497,0.24937505036855195,-8.262216185938303,-0.1331007679712444,8.263573150484644,0.18967097719346118,3.10768697350472e-05,78.43633785047528,0.5545177444461562,0.2,0.0,Train008,10.0
87,1,1,6.944444444444444e-05,0.0,10.945774524940663,0.0,-10.92551167310807,0.6657136258326651,10.945774524940663,-10.140136042725576,1.1102230246251565e-16,0.0,-1.000088900581841e-12,0,0,1.0,6.944444444444444e-05,0.0,11.271232133051774,0.0,-11.245082767117346,0.7451958512811326,11.271232133051772,-6.167778412038725,2.2204460492503132e-17,0.0,-1.000088900581841e-12,0.2,0.2,Train008,10.0
87,2,1,6.944444444444444e-05,0.0,6.898246071504229,0.0,-6.880542281445601,0.4938995609057335,6.898246071504229,-7.047580492179488,0.0,0.0,-1.000088900581841e-12,0,0,1.0,6.944444444444444e-05,0.0,6.673859889201831,0.0,-6.660008569962838,0.4065148942405245,6.673859889201831,5.843624745728286,0.0,0.0,-1.000088900581841e-12,0.0,0.0,Train008,10.0
87,3,2,0.0001388888888888889,0.0,4.76176445906147,3.092063749222353,4.300843233136316,0.04718624054481624,4.301102074737496,-3.683565078411669,0.17438943285819708,22.46545356246109,0.6931471805579453,0,0,2.0,0.0001388888888888889,0.0,5.165710073902327,2.966813954418755,3.799883650544607,0.2250249361812103,3.8269198004163343,-2.134958931445894,0.38831413377178503,22.725950087725458,0.6931471805579453,0.0,0.0,Train008,10.0
87,4,3,0.00020833333333333335,0.0,7.85992225116011,0.932450888530837,7.846559989278082,-0.27312911053893046,7.851312194554706,-6.685753893296325,0.0011454787926408194,35.43362182641029,1.0986122886651097,0,0,2.8,0.00019444444444444443,0.2,8.132154351303962,0.7451829266289167,8.119691665066949,-0.3046062782531145,8.125436696209047,1.7052763423000996,0.0008319232807402876,44.22233447002376,1.0175192670436768,0.2,0.0,Train008,10.0
87,5,1,6.944444444444444e-05,0.0,7.701980264345474,0.0,7.6357685715251655,1.0077392095555822,7.701980264345474,-6.494051480926419,0.0,0.0,-1.000088900581841e-12,0,0,1.0,6.944444444444444e-05,0.0,8.019658944238287,0.0,7.917730319709423,1.2447841605628087,8.019658944238287,0.8468457095159966,2.2204460492503132e-17,0.0,-1.000088900581841e-12,0.0,0.0,Train008,10.0
88,0,2,0.0001388888888888889,0.0,7.178500156272008,0.272095491986307,-7.17678913820385,-0.15286664376208842,7.178416994366922,-6.98457626777127,1.1601526378579585e-05,97.98174078897262,0.6931471805579453,0,0,2.0,0.0001388888888888889,0.2,8.316866563163893,0.30379414876581334,-8.315418527124697,-0.12551548108387706,8.316574420782024,0.14241792532050682,3.3397175010763116e-05,98.0326860082698,0.6931471805579453,0.2,0.0,Train008,10.0
88,1,1,6.944444444444444e-05,0.0,9.943980924953944,0.0,-9.92551188217581,0.6057809114149405,9.943980924953944,-10.017935999867191,0.0,0.0,-1.000088900581841e-12,0,0,1.0,6.944444444444444e-05,0.0,11.799793969173864,0.0,-11.778487844216386,0.7086836958542315,11.799793969173866,-6.71465365824795,2.2204460492503132e-17,0.0,-1.000088900581841e-12,0.2,0.2,Train008,10.0
88,2,1,6.944444444444444e-05,0.0,6.1790580602045795,0.0,-6.163045763240791,0.4445508200182738,6.1790580602045795,-7.1918801129964915,0.0,0.0,-1.000088900581841e-12,0,0,1.0,6.944444444444444e-05,0.0,7.231819080932854,0.0,-7.214765302301103,0.49542505824417926,7.231819080932854,5.57959191731024,0.0,0.0,-1.000088900581841e-12,0.0,0.0,Train008,10.0
88,3,2,0.0001388888888888889,0.0,4.35449285817309,2.8089438350308704,3.947354043771079,0.036085139007817735,3.9475189783119604,-4.072716008883798,0.16643698182361333,22.49343479013673,0.6931471805579453,0,0,2.0,0.0001388888888888889,0.0,4.976119369410099,3.2662538831696843,4.295228775092527,0.10897921772297788,4.29751354179174,-1.8959070449222808,0.25689392766767166,22.533637675466355,0.6931471805579453,0.0,0.0,Train008,10.0
88,4,3,0.00020833333333333335,0.0,7.1637566236902614,0.8628322603421097,7.1515061981839745,-0.2476306532540414,7.1557921883670454,-6.9616562746984885,0.0011621249104472042,35.437837698772334,1.0986122886651097,0,0,3.0,0.00020833333333333335,0.2,8.286097186514095,0.8875524830200359,8.272541334955488,-0.2992314827204343,8.277964372189274,1.585698002181601,0.001036536906036556,35.3705669149593,1.0986122886651097,0.2,0.0,Train008,10.0
88,5,1,6.944444444444444e-05,0.0,7.02266087957525,0.0,6.963275848498618,0.9113480604206472,7.02266087957525,-6.793193847702241,1.1102230246251565e-16,0.0,-1.000088900581841e-12,0,0,1.0,6.944444444444444e-05,0.0,8.099074058240634,0.0,8.019997043105198,1.1256688270749382,8.099074058240634,0.794151140023461,4.4408920985006264e-17,0.0,-1.000088900581841e-12,0.0,0.0,Train008,10.0
89,0,2,0.0001388888888888889,0.0,9.61001241029482,0.10329301741217378,-9.605416903489157,0.1539898165025756,9.606651172673114,24.315122540228113,0.0003498045490597512,98.30102512900437,0.6931471805579453,0,0,2.0,0.0001388888888888889,0.0,8.452534889648033,0.2640836512739713,-8.450424156585544,-0.09052277493456798,8.451821978246144,1.3566832648413958,7.517007019803845e-05,98.0614469657949,0.6931471805579453,0.0,0.0,Train008,10.0
89,1,1,6.944444444444444e-05,0.0,11.06726562483942,0.0,-11.064380822218299,0.2526765356739496,11.06726562483942,11.232846998854757,0.0,0.0,-1.000088900581841e-12,0,0,1.0,6.944444444444444e-05,0.0,11.352985543326165,0.0,-11.33563941903985,0.6039179314074428,11.352985543326165,-4.468084258476998,2.2204460492503132e-17,0.0,-1.000088900581841e-12,0.0,0.0,Train008,10.0
89,2,1,6.944444444444444e-05,0.0,7.578044074270651,0.0,-7.567596353545271,0.39779067535180324,7.578044074270651,13.989860140660717,0.0,0.0,-1.000088900581841e-12,0,0,1.0,6.944444444444444e-05,0.0,7.260291230699785,0.0,-7.24388578993719,0.48478500343155206,7.260291230699785,0.284721497669306,0.0,0.0,-1.000088900581841e-12,0.0,0.0,Train008,10.0
89,3,3,0.00020833333333333335,1.0,4.230875162698054,3.72239815965762,4.164550958731829,0.31455657260347225,4.176413596046522,19.91819885873991,0.013069820666707477,19.526722786573465,1.0986122886651097,1,0,2.2,0.00015277777777777777,0.2,4.764769263178286,3.3227808367668756,4.328396597784014,0.11900809819735132,4.33130739102706,2.1173741003799202,0.16190835510623186,21.89118881969717,0.7742402021793782,0.2,0.0,Train008,10.0
89,4,3,0.00020833333333333335,0.0,8.653562139373468,0.4332862570550866,8.652391244709309,-0.12534892728578043,8.653299174597745,14.898055156832058,2.9661747664055937e-05,34.436626876008525,1.0986122886651097,0,0,3.0,0.00020833333333333335,0.0,8.242467128039756,0.8299405459698495,8.23133175156092,-0.25455057085482996,8.235563876768659,-0.4363005847434039,0.0008902633958044026,35.21588445194763,1.0986122886651097,0.0,0.0,Train008,10.0
89,5,1,6.944444444444444e-05,0.0,7.250647795747029,0.0,7.203652404894093,0.8241877743783871,7.250647795747029,2.279869161717789,1.1102230246251565e-16,0.0,-1.000088900581841e-12,0,0,1.0,6.944444444444444e-05,0.0,7.826186521662123,0.0,7.759400452139832,1.0179736198090832,7.826186521662123,-2.7288753657851057,4.4408920985006264e-17,0.0,-1.000088900581841e-12,0.0,0.0,Train008,10.0
90,0,2,0.0001388888888888889,0.0,9.891221386881817,0.04238702746795742,-9.882094292117927,0.25139042785983123,9.88529133336642,2.812089765869983,0.0005995379354389874,98.4246426850494,0.6931471805579453,0,0,2.0,0.0001388888888888889,0.0,8.621745726156346,0.20684156260607364,-8.618006351704413,-0.014111957039376288,8.619854818283855,1.692108365083135,0.00019419046270261476,98.1382261479027,0.6931471805579453,0.0,0.0,Train008,10.0
90,1,1,6.944444444444444e-05,0.0,10.804233595374022,0.0,-10.803618692600995,0.11526807142923087,10.804233595374022,-2.6303202946539805,0.0,0.0,-1.000088900581841e-12,0,0,1.0,6.944444444444444e-05,0.0,10.944208559864254,0.0,-10.931368931660137,0.4727943951858256,10.944208559864254,-4.087769834619102,2.2204460492503132e-17,0.0,-1.000088900581841e-12,0.0,0.0,Train008,10.0
90,2,1,6.944444444444444e-05,0.0,7.535345479043145,0.0,-7.526945907148321,0.35569200075220486,7.535345479043145,-0.42698595227506075,0.0,0.0,-1.000088900581841e-12,0,0,1.0,6.944444444444444e-05,0.0,7.158739561148957,0.0,-7.144418943203242,0.44593296939536664,7.158739561148957,-1.0155166955082837,0.0,0.0,-1.000088900581841e-12,0.0,0.0,Train008,10.0
90,3,3,0.00020833333333333335,0.0,4.496073872024876,3.766171887882488,4.450795185747945,0.39679382084830167,4.46844750687982,2.6519870932682186,0.006689551641030356,20.19244578476214,1.0986122886651097,0,0,2.4,0.0001666666666666667,0.2,4.594665463772026,3.353916417443485,4.290525351410863,0.17308747603764946,4.296622369643762,2.529837168635458,0.11121082113148326,21.427233917882184,0.855333223800811,0.2,0.0,Train008,10.0
90,4,3,0.00020833333333333335,0.0,8.663259491198842,0.43499210097429725,8.662453395429429,-0.07555296114414561,8.662782871452135,0.09697351825373939,5.615908553369131e-05,34.05516874405613,1.0986122886651097,0,0,3.0,0.00020833333333333335,0.0,8.173799629182486,0.72815573278174,8.165422317753826,-0.20434028962558298,8.168534447956482,-0.6866749885727057,0.0006998138482216199,34.95549755246935,1.0986122886651097,0.0,0.0,Train008,10.0
90,5,1,6.944444444444444e-05,0.0,6.902861048392396,0.0,6.862500416264702,0.7453715115160753,6.902861048392396,-3.4778674735463344,1.1102230246251565e-16,0.0,-1.000088900581841e-12,0,0,1.0,6.944444444444444e-05,0.0,7.445907080099653,0.0,7.388380824401064,0.9205980183562543,7.445907080099653,-3.802794415624703,6.661338147750939e-17,0.0,-1.000088900581841e-12,0.0,0.0,Train008,10.0
91,0,2,0.0001388888888888889,0.0,9.406329030916279,0.019111301350264398,-9.395806167660202,0.2703747744321925,9.399695530116428,-4.8489235596553915,0.0007052196633718921,98.47220129859129,0.6931471805579453,0,0,2.0,0.0001388888888888889,0.0,8.792604153482813,0.1468226073967803,-8.7870668472349,0.07216631110135026,8.789389999060822,1.708584273264656,0.00033482999713960735,98.23291446826589,0.6931471805579453,0.0,0.0,Train008,10.0
91,1,1,6.944444444444444e-05,0.0,10.073731344345049,0.0,-10.073547723478528,0.06082319327760495,10.073731344345049,-7.3050225102897315,0.0,0.0,-1.000088900581841e-12,0,0,1.0,6.944444444444444e-05,0.0,10.56699720289062,0.0,-10.55851415871634,0.3400524675256782,10.566997202890619,-3.7721135697363435,2.2204460492503132e-17,0.0,-1.000088900581841e-12,0.0,0.0,Train008,10.0
91,2,1,6.944444444444444e-05,0.0,7.028677517384137,0.0,-7.02146315746361,0.3183752059479288,7.028677517384137,-5.066679616590077,0.0,0.0,-1.000088900581841e-12,0,0,1.0,6.944444444444444e-05,0.0,7.043874240481348,0.0,-7.031918692568719,0.4020616525951889,7.043874240481348,-1.1486532066760802,0.0,0.0,-1.000088900581841e-12,0.0,0.0,Train008,10.0
91,3,3,0.00020833333333333335,0.0,4.325784311386653,3.5653262740519374,4.2877248505311,0.40192564877757525,4.306521638283874,-1.702895606382236,0.005199579448826541,20.445387353067655,1.0986122886651097,0,0,2.6,0.00018055555555555555,0.2,4.433798132668829,3.3909807811690533,4.230253654383654,0.23930948435639662,4.240000758851934,2.6222018516660848,0.07315707328767496,21.024688855400214,0.9364262454222441,0.2,0.0,Train008,10.0
91,4,3,0.00020833333333333335,0.0,8.15583858766682,0.44111002508921354,8.154826807132915,-0.053845241326813675,8.155004571693823,-5.074209035320217,0.00010232518782826716,33.9112014214861,1.0986122886651097,0,0,3.0,0.00020833333333333335,0.0,8.0992678186179,0.6209343063983088,8.09354752694674,-0.15510137870994237,8.095638200133092,-0.7453181056458456,0.0004991499448228076,34.65489131334668,1.0986122886651097,0.0,0.0,Train008,10.0
91,5,1,6.944444444444444e-05,0.0,6.375450661822029,0.0,6.339713126443881,0.6740983724369154,6.375450661822029,-5.274103865703665,0.0,0.0,-1.000088900581841e-12,0,0,1.0,6.944444444444444e-05,0.0,7.050720129976435,0.0,7.000982073525291,0.8325489856615214,7.050720129976435,-3.9518695012321743,6.661338147750939e-17,0.0,-1.000088900581841e-12,0.0,0.0,Train008,10.0
92,0,2,0.0001388888888888889,0.0,8.68388728809309,0.009955851903935553,-8.67345154314592,0.2610314561265575,8.67737858413403,-7.224417428231895,0.0007495160060707606,98.49043776501075,0.6931471805579453,0,0,2.0,0.0001388888888888889,0.0,8.953990054491603,0.08936853802412763,-8.946711608923412,0.15678396623181334,8.949486722931383,1.61385901008791,0.0004831359360639942,98.33400953332568,0.6931471805579453,0.0,0.0,Train008,10.0
92,1,1,6.944444444444444e-05,0.0,9.224639160303177,0.0,-9.22455941553184,0.03835657859828513,9.224639160303177,-8.490921840418721,1.1102230246251565e-16,0.0,-1.000088900581841e-12,0,0,1.0,6.944444444444444e-05,0.0,10.222770129963122,0.0,-10.218323707201094,0.2145810580788022,10.222770129963124,-3.4422707292749735,2.2204460492503132e-17,0.0,-1.000088900581841e-12,0.0,0.0,Train008,10.0
92,2,1,6.944444444444444e-05,0.0,6.4073968517477615,0.0,-6.4010376358138465,0.28539726817510114,6.4073968517477615,-6.2128066563637585,0.0,0.0,-1.000088900581841e-12,0,0,1.0,6.944444444444444e-05,0.0,6.945704396530054,0.0,-6.936017763442368,0.36036119404906236,6.945704396530054,-0.9816984395129342,0.0,0.0,-1.000088900581841e-12,0.0,0.0,Train008,10.0
92,3,3,0.00020833333333333335,0.0,4.012061570440018,3.2864111090607637,3.9784214702777736,0.3800060047801999,3.996528738647599,-3.137227409466348,0.004699309898213322,20.535853536443447,1.0986122886651097,0,0,2.8,0.00019444444444444443,0.2,4.283857554944539,3.429850253136736,4.165769301811945,0.3058734372034734,4.179086091633955,2.7314693854551484,0.0392190486956782,20.63876885019669,1.0175192670436768,0.2,0.0,Train008,10.0
92,4,3,0.00020833333333333335,0.0,7.498780328998708,0.42124762194269166,7.4977036607428245,-0.04315344892409748,7.497827845747754,-6.570582586681108,0.00012625996118864613,33.858132287401574,1.0986122886651097,0,0,3.0,0.00020833333333333335,0.0,8.027039434185621,0.5186936530806797,8.023776261239691,-0.10910624638697575,8.0249413303717,-0.7222838443228021,0.000295306178532373,34.33979340554493,1.0986122886651097,0.0,0.0,Train008,10.0
92,5,1,6.944444444444444e-05,0.0,5.816768149917681,0.0,5.784732044828913,0.6096448797671146,5.816768149917681,-5.586825119043484,1.1102230246251565e-16,0.0,-1.000088900581841e-12,0,0,1.0,6.944444444444444e-05,0.0,6.673677707090877,0.0,6.630774768186042,0.752930119703828,6.673677707090877,-3.7704242288555876,8.881784197001253e-17,0.0,-1.000088900581841e-12,0.0,0.0,Train008,10.0
93,0,2,0.0001388888888888889,0.0,7.921558440313272,0.006199001497705581,-7.911760462252852,0.2424095477193396,7.915473201324919,-7.623288477798171,0.0007681875684093509,98.49740662096089,0.6931471805579453,0,0,2.0,0.0001388888888888889,0.0,9.102601711299856,0.036189239926407345,-9.093705873733212,0.2358392045280989,9.09689796432298,1.48611656808253,0.0006344531444701484,98.43714269972335,0.6931471805579453,0.0,0.0,Train008,10.0
93,1,1,6.944444444444444e-05,0.0,8.384996456235825,0.0,-8.384948692586896,0.028301833379445435,8.384996456235825,-8.396427040673515,1.1102230246251565e-16,0.0,-1.000088900581841e-12,0,0,1.0,6.944444444444444e-05,0.0,9.9109732362195,0.0,-9.91021106928331,0.0990852424717032,9.9109732362195,-3.117968937436238,4.4408920985006264e-17,0.0,-1.000088900581841e-12,0.0,0.0,Train008,10.0
93,2,1,6.944444444444444e-05,0.0,5.792486154120247,0.0,-5.786817013715599,0.2562122078403733,5.792486154120247,-6.149106976275149,0.0,0.0,-1.000088900581841e-12,0,0,1.0,6.944444444444444e-05,0.0,6.868390015313189,0.0,-6.86077201353733,0.3226934716134823,6.868390015313189,-0.7731438121686658,0.0,0.0,-1.000088900581841e-12,0.0,0.0,Train008,10.0
93,3,3,0.00020833333333333335,0.0,3.666805865747776,2.9961448596745783,3.6366348846012806,0.34999623013117825,3.6534381950438144,-3.452557046922422,0.004506701911312638,20.564111938117737,1.0986122886651097,0,0,3.0,0.00020833333333333335,0.2,4.146320156459476,3.4672904580654773,4.103625469977986,0.36865565542814543,4.1202699349803265,2.8555011778474237,0.006832992713218067,20.25290427979289,1.0986122886651097,0.2,0.0,Train008,10.0
93,4,3,0.00020833333333333335,0.0,6.8286224077484485,0.39043507999354565,6.827578556903244,-0.03690871150162322,6.827678317237105,-6.701579212502594,0.00013708461863315424,33.83973979175926,1.0986122886651097,0,0,3.0,0.00020833333333333335,0.0,7.960012590997257,0.4242142170109669,7.958990732983544,-0.0669618580364921,7.959318556145712,-0.6702684318836233,9.029812016956296e-05,34.02017382414232,1.0986122886651097,0.0,0.0,Train008,10.0
93,5,1,6.944444444444444e-05,0.0,5.280164331509383,0.0,5.251298928638622,0.5513573521979915,5.280164331509383,-5.36603818408298,0.0,0.0,-1.000088900581841e-12,0,0,1.0,6.944444444444444e-05,0.0,6.325178397477704,0.0,6.288379384214042,0.6809319780592967,6.325178397477704,-3.484993096131735,6.661338147750939e-17,0.0,-1.000088900581841e-12,0.0,0.0,Train008,10.0
94,0,2,0.0001388888888888889,0.0,9.408065245479744,0.13433303136827668,-9.390703084289143,0.3689585812981756,9.397948438462045,14.865068051664718,0.0010755528213013399,98.82553220585781,0.6931471805579453,0,0,2.0,0.0001388888888888889,0.0,9.06221227833684,0.042397242717627924,-9.050763109893209,0.2788329574872189,9.055157417480768,-0.403894329630149,0.0007796027989184662,98.54204411509404,0.6931471805579453,0.0,0.0,Train008,10.0
94,1,1,6.944444444444444e-05,0.0,10.591647456508168,0.0,-10.552538095774267,0.9093599838286055,10.591647456508168,22.06651000272343,0.0,0.0,-1.000088900581841e-12,0,0,1.0,6.944444444444444e-05,0.0,9.815849602553248,0.0,-9.807842523994506,0.2304219321026344,9.815849602553246,-0.9512363366625032,4.4408920985006264e-17,0.0,-1.000088900581841e-12,0.0,0.0,Train008,10.0
94,2,1,6.944444444444444e-05,0.0,8.026331245136554,0.0,-8.02302622311533,0.23031170152440064,8.026331245136554,22.33845091016307,1.1102230246251565e-16,0.0,-1.000088900581841e-12,0,0,1.0,6.944444444444444e-05,0.0,6.9580474494863696,0.0,-6.951857987451342,0.28919767684800174,6.9580474494863696,0.8965743417318045,2.2204460492503132e-17,0.0,-1.000088900581841e-12,0.0,0.0,Train008,10.0
94,3,3,0.00020833333333333335,0.0,7.816261952610169,0.48971844058731945,2.3626800740772436,0.6576612469713955,2.452503914004954,41.49456086862393,0.655345919314205,23.013114854741037,1.0986122886651097,0,0,3.0,0.00020833333333333335,0.0,4.863397514441898,2.8207545142514174,3.7432512930470687,0.4372765903017301,3.7754879985720122,7.170773579824228,0.13528821244271758,20.950182693426402,1.0986122886651097,0.0,0.0,Train008,10.0
94,4,3,0.00020833333333333335,0.0,7.962288448389551,0.7347257535997249,7.960955279938155,-0.03285650182689704,7.961023082423985,11.336660406411035,0.00016650803495232847,33.8296586779634,1.0986122886651097,0,0,3.0,0.00020833333333333335,0.0,7.821757852800474,0.4845021163198947,7.820703540029312,-0.04846337294471543,7.820863337710961,-1.382547381967828,0.00011766737762721746,33.898780184533294,1.0986122886651097,0.0,0.0,Train008,10.0
94,5,1,6.944444444444444e-05,0.0,7.131082198725001,0.0,7.1136268121987625,0.49864506589303426,7.131082198725001,18.50917867215618,0.0,0.0,-1.000088900581841e-12,0,0,1.0,6.944444444444444e-05,0.0,6.301265278073298,0.0,6.270374265674976,0.6158234363622263,6.301265278073298,-0.23913119404405592,4.4408920985006264e-17,0.0,-1.000088900581841e-12,0.0,0.0,Train008,10.0
95,0,2,0.0001388888888888889,0.0,9.369864664778728,0.1749457375035668,-9.350652675259235,0.3911349840233405,9.358829629235679,-0.3820058070101595,0.0011781265231745053,98.9499373235422,0.6931471805579453,0,0,2.0,0.0001388888888888889,0.0,8.957940933916223,0.0689089847247498,-8.944474786521472,0.30678186871992075,8.949865076654621,-1.042713444206178,0.0008953205164655698,98.64710304279258,0.6931471805579453,0.0,0.0,Train008,10.0
95,1,1,6.944444444444444e-05,0.0,10.743921452138446,0.0,-10.68099080552874,1.1611561402030386,10.743921452138446,1.5227399563027788,0.0,0.0,-1.000088900581841e-12,0,0,1.0,6.944444444444444e-05,0.0,9.803787173906134,0.0,-9.783316946580054,0.4395995458573959,9.803787173906134,-0.12062428647115161,4.4408920985006264e-17,0.0,-1.000088900581841e-12,0.0,0.0,Train008,10.0
95,2,1,6.944444444444444e-05,0.0,8.293789520210508,0.0,-8.29119947673319,0.2072579131732102,8.293789520210508,2.6745827507395425,0.0,0.0,-1.000088900581841e-12,0,0,1.0,6.944444444444444e-05,0.0,7.109736257719841,0.0,-7.104708701368315,0.2595108593322028,7.109736257719841,1.516888082334725,2.2204460492503132e-17,0.0,-1.000088900581841e-12,0.0,0.0,Train008,10.0
95,3,3,0.00020833333333333335,0.0,8.1334089201847,0.29897757417549603,2.4415063598427644,0.6431335076181007,2.5247918753382086,3.1714696757452967,0.6563883792004923,23.98693800138904,1.0986122886651097,0,0,3.0,0.00020833333333333335,0.0,5.590864524073863,2.127315651510019,3.341393527866032,0.48654452765568995,3.3867568722636903,7.274670096319643,0.26522797795460995,21.70908113675178,1.0986122886651097,0.0,0.0,Train008,10.0
95,4,3,0.00020833333333333335,0.0,7.888097551416208,0.8189800229585642,7.884907812542252,-0.029476116927512026,7.884962907570268,-0.7419089697334394,0.0004185379654717547,33.8379121313568,1.0986122886651097,0,0,3.0,0.00020833333333333335,0.0,7.666725464843947,0.561299700716748,7.665194423451878,-0.03924800410138871,7.665299344934587,-1.5503238795652639,0.00019014315361483015,33.85532886199343,1.0986122886651097,0.0,0.0,Train008,10.0
95,5,1,6.944444444444444e-05,0.0,7.354575668036926,0.0,7.340736039819551,0.4509741129767557,7.354575668036926,2.234934693119248,1.1102230246251565e-16,0.0,-1.000088900581841e-12,0,0,1.0,6.944444444444444e-05,0.0,6.391608202002204,0.0,6.366021390385946,0.5569439566543624,6.391608202002204,0.9034292392890603,4.4408920985006264e-17,0.0,-1.000088900581841e-12,0.0,0.0,Train008,10.0
96,0,2,0.0001388888888888889,0.0,8.804615969862896,0.1787058930852119,-8.785866516884145,0.37578698594144283,8.793899380326618,-5.65248694915832,0.0012176577501938901,98.99609368307098,0.6931471805579453,0,0,2.0,0.0001388888888888889,0.0,8.837598321705546,0.1008279030717393,-8.82248685636626,0.3278643110217708,8.828705846696659,-1.2034261221067637,0.0009978081338299694,98.75188151968852,0.6931471805579453,0.0,0.0,Train008,10.0
96,1,1,6.944444444444444e-05,0.0,10.163821511705143,0.0,-10.09509837189492,1.1799392287591548,10.163821511705143,-5.800999404333034,0.0,0.0,-1.000088900581841e-12,0,0,1.0,6.944444444444444e-05,0.0,9.821805207378151,0.0,-9.787627076263332,0.6634227529537059,9.821805207378151,0.18018033472018793,4.4408920985006264e-17,0.0,-1.000088900581841e-12,0.0,0.0,Train008,10.0
96,2,1,6.944444444444444e-05,0.0,7.877866332723117,0.0,-7.875654111009837,0.18668229692776123,7.877866332723117,-4.159231874873912,0.0,0.0,-1.000088900581841e-12,0,0,1.0,6.944444444444444e-05,0.0,7.279574020787637,0.0,-7.2755468920775614,0.23317227752816932,7.279574020787637,1.698377630677958,2.2204460492503132e-17,0.0,-1.000088900581841e-12,0.0,0.0,Train008,10.0
96,3,3,0.00020833333333333335,0.0,7.546347527328172,0.1373060588173698,2.5412656660376904,0.5731531868464426,2.605098032891319,-5.870613928565265,0.6567257190973952,24.325795235137253,1.0986122886651097,0,0,3.0,0.00020833333333333335,0.0,6.234977167262167,1.4417116084631054,2.9921016909673503,0.5207900352694634,3.0464721511851787,6.441126431883037,0.3955332058843237,22.485162713165703,1.0986122886651097,0.0,0.0,Train008,10.0
96,4,3,0.00020833333333333335,0.0,7.3976389208933995,0.8006669962211684,7.39378175255911,-0.026547864679771587,7.393829413341582,-4.904586305228082,0.0005438863986667597,33.843904337898124,1.0986122886651097,0,0,3.0,0.00020833333333333335,0.0,7.515085531489262,0.633211094943139,7.512985412537117,-0.03378852877198029,7.513064313264138,-1.5163993335468369,0.00027845539578252865,33.84186944527583,1.0986122886651097,0.0,0.0,Train008,10.0
96,5,1,6.944444444444444e-05,0.0,6.998944867824703,0.0,6.987050733343305,0.40786187923919615,6.998944867824703,-3.5563080021222326,0.0,0.0,-1.000088900581841e-12,0,0,1.0,6.944444444444444e-05,0.0,6.516307043202739,0.0,6.49548891176583,0.5036966580148186,6.516307043202739,1.2469884120053467,4.4408920985006264e-17,0.0,-1.000088900581841e-12,0.0,0.0,Train008,10.0
97,0,2,0.0001388888888888889,0.0,8.089760077126488,0.16947906493926457,-8.072271861630792,0.34832209684840443,8.079783492843674,-7.148558927364066,0.0012337779477948896,99.01234520989514,0.6931471805579453,0,0,2.0,0.0001388888888888889,0.0,8.718772879512226,0.1327325456788051,-8.702250920063234,0.34532243916614025,8.709186828438586,-1.1882544219331979,0.001094660522174795,98.85626300866541,0.6931471805579453,0.0,0.0,Train008,10.0
97,1,1,6.944444444444444e-05,0.0,9.363096221893025,0.0,-9.29624945387711,1.1168334485128009,9.363096221893025,-8.007252898121173,0.0,0.0,-1.000088900581841e-12,0,0,1.0,6.944444444444444e-05,0.0,9.849496619696122,0.0,-9.801965083932387,0.8791181269366091,9.849496619696122,0.27691412317969755,2.2204460492503132e-17,0.0,-1.000088900581841e-12,0.0,0.0,Train008,10.0
97,2,1,6.944444444444444e-05,0.0,7.256373463845395,0.0,-7.254422043972405,0.16827553216921934,7.256373463845395,-6.214928688777217,0.0,0.0,-1.000088900581841e-12,0,0,1.0,6.944444444444444e-05,0.0,7.449369343207164,0.0,-7.4462237737092725,0.20974793032699296,7.449369343207164,1.6979532241952664,2.2204460492503132e-17,0.0,-1.000088900581841e-12,0.0,0.0,Train008,10.0
97,3,3,0.00020833333333333335,0.0,6.7943108566174955,0.32343529254706316,2.5290015958965033,0.502236336874759,2.5783891114656137,-7.520366707106777,0.6568549025251029,24.423931104919905,1.0986122886651097,0,0,3.0,0.00020833333333333335,0.0,6.791427024497662,0.8491164451603653,2.7022177160910963,0.5452361016883752,2.7628442257487817,5.564498572354951,0.5259643244097016,23.262778226860995,1.0986122886651097,0.0,0.0,Train008,10.0
97,4,3,0.00020833333333333335,0.0,6.791513088671696,0.7474139923398492,6.787621590492907,-0.023957008067440555,6.787663868663577,-6.061258322217038,0.0005993398897772284,33.84753528191539,1.0986122886651097,0,0,3.0,0.00020833333333333335,0.0,7.37363208342386,0.6984443690225705,7.370968998487133,-0.029949240600648908,7.371031517847302,-1.414534480654023,0.0003730713815002451,33.839750044178594,1.0986122886651097,0.0,0.0,Train008,10.0
97,5,1,6.944444444444444e-05,0.0,6.46320730099469,0.0,6.452672470303538,0.36887207351316204,6.46320730099469,-5.357375668300124,0.0,0.0,-1.000088900581841e-12,0,0,1.0,6.944444444444444e-05,0.0,6.6455948734181405,0.0,6.629076996860756,0.45554209676402796,6.6455948734181405,1.2928783021540187,2.2204460492503132e-17,0.0,-1.000088900581841e-12,0.0,0.0,Train008,10.0
98,0,2,0.0001388888888888889,0.0,7.365104991808139,0.15629235694305255,-7.349084129712912,0.3182707559737749,7.355972663061379,-7.2465508531835,0.0012405044599557158,99.01725752660026,0.6931471805579453,0,0,2.0,0.0001388888888888889,0.0,8.607482189811199,0.1627512167678745,-8.589715653555245,0.36049468081702735,8.59728672078588,-1.1129068970102636,0.0011891239004840682,98.96023318979329,0.6931471805579453,0.0,0.0,Train008,10.0
98,1,1,6.944444444444444e-05,0.0,8.533085834602595,0.0,-8.470807267439579,1.0290666152335746,8.533085834602595,-8.300103872904305,0.0,0.0,-1.000088900581841e-12,0,0,1.0,6.944444444444444e-05,0.0,9.879114495369475,0.0,-9.819136798902923,1.0792710833074348,9.879114495369475,0.29617875673353955,0.0,0.0,-1.000088900581841e-12,0.0,0.0,Train008,10.0
98,2,1,6.944444444444444e-05,0.0,6.604149186335177,0.0,-6.602404887867072,0.15177671771577309,6.604149186335177,-6.522242775102178,0.0,0.0,-1.000088900581841e-12,0,0,1.0,6.944444444444444e-05,0.0,7.61170194965015,0.0,-7.609341348539568,0.1888608323020729,7.61170194965015,1.6233260644298606,2.2204460492503132e-17,0.0,-1.000088900581841e-12,0.0,0.0,Train008,10.0
98,3,3,0.00020833333333333335,0.0,6.072028661578384,0.46584200444432305,2.436244850742479,0.4404693174592545,2.4757427556982297,-7.222821950391107,0.6569074752841801,24.435312817719634,1.0986122886651097,0,0,3.0,0.00020833333333333335,0.0,7.272471583663784,0.34305587411431426,2.462139709319336,0.5633307191539905,2.5273051378796647,4.810445591661214,0.6564444790842752,24.037018402781374,1.0986122886651097,0.0,0.0,Train008,10.0
98,4,3,0.00020833333333333335,0.0,6.18097646323844,0.6850739702223331,6.177297824749135,-0.021639645373246603,6.177335727472021,-6.105366254332569,0.0006232112488033792,33.84996098524564,1.0986122886651097,0,0,3.0,0.00020833333333333335,0.0,7.244102894521859,0.757372147068328,7.2409128520563115,-0.026895427374973586,7.240962999894286,-1.295291889020018,0.0004702967075342901,33.841794282875874,1.0986122886651097,0.0,0.0,Train008,10.0
98,5,1,6.944444444444444e-05,0.0,5.896526384783749,0.0,5.887081416770234,0.3336102497967947,5.896526384783749,-5.666809162109416,0.0,0.0,-1.000088900581841e-12,0,0,1.0,6.944444444444444e-05,0.0,6.768867284073013,0.0,6.756233494487079,0.41199267628378855,6.768867284073013,1.2327241065487313,2.2204460492503132e-17,0.0,-1.000088900581841e-12,0.0,0.0,Train008,10.0
99,0,1,6.944444444444444e-05,-1.0,8.000475169452882,0.0,-8.000388439111997,-0.0372526556800152,8.000475169452882,4.790778207016899,0.0,0.0,-1.000088900581841e-12,0,1,1.8,0.000125,-0.2,8.325964174605826,0.13588461049421915,-8.311652724519815,0.27925243342138917,8.317792066984046,-3.1277648659398274,0.0009740133362238001,79.19512674862172,0.5545177444461562,0.0,0.2,Train008,10.0
99,1,1,6.944444444444444e-05,0.0,10.381125018741558,0.0,-10.338666992830543,0.93793468114692,10.381125018741558,18.480391841389636,0.0,0.0,-1.000088900581841e-12,0,0,1.0,6.944444444444444e-05,0.0,9.837010007816152,0.0,-9.77636257831418,1.0849860227710977,9.837010007816154,-0.42104487553321873,0.0,0.0,-1.000088900581841e-12,0.0,0.0,Train008,10.0
99,2,0,0.0,-1.0,0.0,0.0,0.0,0.0,0.0,0.0,0.0,0.0,0.0,0,1,0.8,5.555555555555556e-05,-0.2,6.0064357006228395,0.0,-6.0047361039165015,0.1427984919971928,6.0064357006228395,-2.844364117602753,0.0,0.0,-8.000711204654728e-13,0.0,0.2,Train008,10.0
99,3,3,0.00020833333333333335,0.0,8.74000456852321,0.6909471013691055,2.3156301353582887,0.23787506520463567,2.327816030193442,26.67975906944825,0.6668110093006201,27.40862376823266,1.0986122886651097,0,0,3.0,0.00020833333333333335,0.0,7.457220106846393,0.3833016062706715,2.452729721575545,0.4793734828006385,2.502367561117363,1.847485231826078,0.6587374970815582,24.9161201854797,1.0986122886651097,0.0,0.0,Train008,10.0
99,4,3,0.00020833333333333335,0.0,8.358836201651082,0.5964231300407594,8.351858827023541,-0.11784175255133,8.352690138223458,21.778597384126428,0.0007585610920459729,35.14895522741501,1.0986122886651097,0,0,3.0,0.00020833333333333335,0.0,7.323412445174165,0.7297116223565349,7.319093561473389,-0.04389247751986018,7.3192964110541805,0.7930955065230606,0.000588707318953019,34.10565359276619,1.0986122886651097,0.0,0.0,Train008,10.0
99,5,0,0.0,-1.0,0.0,0.0,0.0,0.0,0.0,0.0,0.0,0.0,0.0,0,1,0.8,5.5555555555555545e-05,-0.2,5.342650844328014,0.0,5.333508132047326,0.3122636631051817,5.342650844328014,-2.469111627882505,2.2204460492503132e-17,0.0,-8.000711204654728e-13,0.0,0.2,Train008,10.0
100,0,1,6.944444444444444e-05,0.0,7.695407401470365,0.0,-7.695333647264544,-0.03369171831555503,7.695407401470365,-3.050677679825169,0.0,0.0,-1.000088900581841e-12,0,0,1.6,0.00011111111111111112,-0.2,7.991072721944154,0.1008954629935058,-7.980588918920878,0.19428709295361005,7.985107621430984,-3.661499240502829,0.0007383880315888991,59.405139283913286,0.4158883083343672,0.0,0.2,Train008,10.0
100,1,1,6.944444444444444e-05,0.0,10.411924841605162,0.0,-10.377087587676908,0.8510182753128801,10.411924841605162,0.30799822863603055,0.0,0.0,-1.000088900581841e-12,0,0,1.0,6.944444444444444e-05,0.0,9.770610685709496,0.0,-9.715581934743811,1.0229584497930662,9.770610685709496,-0.6639932210665691,0.0,0.0,-1.000088900581841e-12,0.0,0.0,Train008,10.0
100,2,0,0.0,0.0,0.0,0.0,0.0,0.0,0.0,0.0,0.0,0.0,0.0,0,0,0.6,4.1666666666666665e-05,-0.2,4.347677796580737,0.0,-4.346496208569863,0.10134690936255075,4.347677796580737,-3.379280667750662,0.0,0.0,-6.000533403491046e-13,0.0,0.2,Train008,10.0
100,3,3,0.00020833333333333335,0.0,9.016080650930887,0.8238149439250025,2.2776284934609037,0.16052887572650068,2.2832785800613555,2.760760824076766,0.667613524755921,28.056644077328226,1.0986122886651097,0,0,3.0,0.00020833333333333335,0.0,7.633754452995629,0.4882690802205728,2.419954148299173,0.38285255642231847,2.454064902061992,1.7653434614923718,0.6609825261926439,25.730061400667534,1.0986122886651097,0.0,0.0,Train008,10.0
100,4,3,0.00020833333333333335,0.0,8.622025188100423,0.8324184978911778,8.614235526501057,-0.144265369291924,8.615443471047204,2.631889864493413,0.0007811839386064889,35.649078172178186,1.0986122886651097,0,0,3.0,0.00020833333333333335,0.0,7.4701979725110075,0.7323993173430576,7.46495910426515,-0.06685032799274257,7.465392523749569,1.4678552733684311,0.0006612365135799658,34.467886800930465,1.0986122886651097,0.0,0.0,Train008,10.0
100,5,0,0.0,0.0,0.0,0.0,0.0,0.0,0.0,0.0,0.0,0.0,0.0,0,0,0.6,4.166666666666667e-05,-0.2,3.8717357107206283,0.0,3.865360924083416,0.2220688405098306,3.8717357107206283,-2.9160985665063546,0.0,0.0,-6.000533403491046e-13,0.0,0.2,Train008,10.0
101,0,1,6.944444444444444e-05,0.0,7.136199750987564,0.0,-7.136134695510471,-0.03047119174973654,7.136199750987564,-5.592076504828007,1.1102230246251565e-16,0.0,-1.000088900581841e-12,0,0,1.4,9.722222222222222e-05,-0.2,7.6573894781690885,0.06515428437646342,-7.650642554646143,0.11303545741537416,7.653567695563173,-3.6494171516367673,0.0004948564815501433,39.60592054729908,0.2772588722225781,0.0,0.2,Train008,10.0
101,1,1,6.944444444444444e-05,0.0,9.809000058691927,0.0,-9.778676339803345,0.7706952658401922,9.809000058691927,-6.029247829132345,0.0,0.0,-1.000088900581841e-12,0,0,1.0,6.944444444444444e-05,0.0,9.699646395106853,0.0,-9.652297528325496,0.9411096572092734,9.699646395106853,-0.7096429060264313,0.0,0.0,-1.000088900581841e-12,0.0,0.0,Train008,10.0
101,2,0,0.0,0.0,0.0,0.0,0.0,0.0,0.0,0.0,0.0,0.0,0.0,0,0,0.4,2.7777777777777772e-05,-0.2,2.7721045300361142,0.0,-2.7713653863678958,0.06401044997699848,2.7721045300361142,-2.547434292775879,0.0,0.0,-4.000355602327364e-13,0.0,0.2,Train008,10.0
101,3,3,0.00020833333333333335,0.0,8.510441125342778,0.7304191089517574,2.200811246827954,0.12661732970827133,2.204450519369139,-5.0563952558810765,0.6678195496117139,28.286237985160188,1.0986122886651097,0,0,3.0,0.00020833333333333335,0.0,7.82657317259855,0.6068916902474504,2.3518632644572257,0.29354538499468424,2.373935399357556,1.9281871960292094,0.6632012922955075,26.522149950672123,1.0986122886651097,0.0,0.0,Train008,10.0
101,4,3,0.00020833333333333335,0.0,8.205309629620325,0.8756411368975993,8.197690694250063,-0.14492618686830652,8.198971662241203,-4.167155584800968,0.000788048793534224,35.83642424621226,1.0986122886651097,0,0,3.0,0.00020833333333333335,0.0,7.631732114256392,0.7473941454783437,7.625740892603341,-0.09052599243044955,7.626420973529493,1.615341417453854,0.0007100689925534587,34.86639078259329,1.0986122886651097,0.0,0.0,Train008,10.0
101,5,0,0.0,0.0,0.0,0.0,0.0,0.0,0.0,0.0,0.0,0.0,0.0,0,0,0.4,2.777777777777778e-05,-0.2,2.471946737155688,0.0,2.4679507774147544,0.14049646466199134,2.471946737155688,-2.204836966081908,0.0,0.0,-4.000355602327364e-13,0.0,0.2,Train008,10.0
102,0,1,6.944444444444444e-05,0.0,6.521745790156331,0.0,-6.521687563735542,-0.027558527518636397,6.521745790156331,-6.144539608312334,0.0,0.0,-1.000088900581841e-12,0,0,1.2,8.333333333333333e-05,-0.2,7.343786620775056,0.03125847138861051,-7.340525695067093,0.037859332541965995,7.3419601550257045,-3.44861328782642,0.00024810089199116535,19.80345150532005,0.13862943611078898,0.0,0.2,Train008,10.0
102,1,1,6.944444444444444e-05,0.0,9.021662991490794,0.0,-8.994667143386017,0.6973995352211243,9.021662991490794,-7.873370672011326,0.0,0.0,-1.000088900581841e-12,0,0,1.0,6.944444444444444e-05,0.0,9.631359749026407,0.0,-9.591981066227278,0.8572228745509383,9.631359749026407,-0.6828664608044619,0.0,0.0,-1.000088900581841e-12,0.0,0.0,Train008,10.0
102,2,0,0.0,0.0,0.0,0.0,0.0,0.0,0.0,0.0,0.0,0.0,0.0,0,0,0.2,1.388888888888889e-05,-0.2,1.3208298372670355,0.0,-1.3204809775734145,0.03035534354315462,1.3208298372670355,-1.3044485550204357,0.0,0.0,-2.000177801163682e-13,0.0,0.2,Train008,10.0
102,3,3,0.00020833333333333335,0.0,7.791429973366186,0.602201464700257,2.0866764090750656,0.10837782720471294,2.089488978104461,-7.1901115197659164,0.6678915429999699,28.35482614340184,1.0986122886651097,0,0,3.0,0.00020833333333333335,0.0,8.025996995948288,0.6626449246780892,2.2633982270929383,0.214773683060675,2.2761553726853254,1.9942382334973814,0.6654086203904811,27.30832895836851,1.0986122886651097,0.0,0.0,Train008,10.0
102,4,3,0.00020833333333333335,0.0,7.577243775555601,0.8398829934422896,7.570132266405518,-0.13661159926099029,7.5713648214787925,-6.280658540647259,0.0007905929963869518,35.903443583280456,1.0986122886651097,0,0,3.0,0.00020833333333333335,0.0,7.788878251633174,0.7658879456988318,7.782243027785862,-0.1130569106691595,7.783161164092536,1.57146137376781,0.0007483196138754033,35.277572442866315,1.0986122886651097,0.0,0.0,Train008,10.0
102,5,0,0.0,0.0,0.0,0.0,0.0,0.0,0.0,0.0,0.0,0.0,0.0,0,0,0.2,1.388888888888889e-05,-0.2,1.1793052769567498,0.0,1.1774162833540467,0.06672204995935895,1.1793052769567498,-1.1333618324218833,0.0,0.0,-2.000177801163682e-13,0.0,0.2,Train008,10.0
103,0,1,6.944444444444444e-05,0.0,5.9243195216727855,0.0,-5.924267091766534,-0.024924291070040138,5.9243195216727855,-5.974262684835452,1.1102230246251565e-16,0.0,-1.000088900581841e-12,0,0,1.0,6.944444444444444e-05,-0.2,7.055629526747985,0.0,-7.055562287477818,-0.03077967686679702,7.055629526747985,-3.194155654156811,4.4408920985006264e-17,0.0,-1.000088900581841e-12,0.0,0.2,Train008,10.0
103,1,1,6.944444444444444e-05,0.0,8.216776753974385,0.0,-8.19252273243272,0.630865677642217,8.216776753974385,-8.048862375164099,0.0,0.0,-1.000088900581841e-12,0,0,1.0,6.944444444444444e-05,0.0,9.568097932900764,0.0,-9.536324159225908,0.7775826870326668,9.568097932900766,-0.6326181612564206,0.0,0.0,-1.000088900581841e-12,0.0,0.0,Train008,10.0
103,2,0,0.0,0.0,0.0,0.0,0.0,0.0,0.0,0.0,0.0,0.0,0.0,0,0,0.0,0.0,-0.2,0.0,0.0,0.0,0.0,0.0,0.0,0.0,0.0,0.0,0.0,0.2,Train008,10.0
103,3,3,0.00020833333333333335,0.0,7.055012978988139,0.4891770866460821,1.9520208954443585,0.09616692470255354,1.9543883067748185,-7.3641699437804675,0.6679197231752234,28.363842503833677,1.0986122886651097,0,0,3.0,0.00020833333333333335,0.0,8.222593859430239,0.6673119411184409,2.166553436033314,0.14591320450933484,2.1718844829006434,1.9659686348195096,0.6676110699686897,28.094034895591317,1.0986122886651097,0.0,0.0,Train008,10.0
103,4,3,0.00020833333333333335,0.0,6.9128600822118145,0.778080346749834,6.906343619604623,-0.12567417703485492,6.907486966388491,-6.643836933437856,0.0007916132518848151,35.92465686211013,1.0986122886651097,0,0,3.0,0.00020833333333333335,0.0,7.93525497542785,0.7844892210043319,7.92805218675696,-0.13386381700148114,7.92919141187583,1.4637672379467526,0.0007820000144916905,35.69251161823921,1.0986122886651097,0.0,0.0,Train008,10.0
103,5,0,0.0,0.0,0.0,0.0,0.0,0.0,0.0,0.0,0.0,0.0,0.0,0,0,0.0,0.0,-0.2,0.0,0.0,0.0,0.0,0.0,0.0,0.0,0.0,0.0,0.0,0.2,Train008,10.0
104,0,2,0.0001388888888888889,1.0,8.882648689157998,0.8574844072465844,-8.877189275949124,-0.30904369775807405,8.882567052837267,21.00844760238628,9.276990354356585e-06,96.06047617648171,0.6931471805579453,1,0,1.2,8.333333333333334e-05,0.2,7.232064230689008,0.17149688144931688,-7.230922454845244,-0.08513788528240879,7.232047903424862,0.04937822491706569,1.8553980709157259e-06,19.212095235296342,0.13862943611078898,0.2,0.0,Train008,10.0
104,1,1,6.944444444444444e-05,0.0,10.381661467166392,0.0,-10.377993583323644,0.2759420289494533,10.381661467166392,21.648847131920075,0.0,0.0,-1.000088900581841e-12,0,0,1.0,6.944444444444444e-05,0.0,9.568205222585732,0.0,-9.544189477324526,0.6451841565931733,9.568205222585732,0.0010728968496671598,0.0,0.0,-1.000088900581841e-12,0.0,0.0,Train008,10.0
104,2,0,0.0,0.0,0.0,0.0,0.0,0.0,0.0,0.0,0.0,0.0,0.0,0,0,0.0,0.0,0.0,0.0,0.0,0.0,0.0,0.0,0.0,0.0,0.0,0.0,0.0,0.0,Train008,10.0
104,3,3,0.00020833333333333335,0.0,9.69197348760585,0.7339568399174463,2.610428709719754,0.28294347680912935,2.625718008392748,26.369605086177103,0.6666862633559697,29.77663705349052,1.0986122886651097,0,0,3.0,0.00020833333333333335,0.0,8.412987643246769,0.6759138888281091,2.225513150905607,0.15492688683023356,2.2314648785405042,1.9039378381652796,0.6675861207797597,28.56763755264289,1.0986122886651097,0.0,0.0,Train008,10.0
104,4,3,0.00020833333333333335,0.0,8.832862948067278,0.6295205648355452,8.822166138651921,-0.21269178001576264,8.824729637289906,19.200028658554622,0.0009140850329392158,35.93936895820969,1.0986122886651097,0,0,3.0,0.00020833333333333335,0.0,8.030060324711089,0.7911087079632891,8.022113649082636,-0.1528338224943677,8.02359931168912,0.9480534928323913,0.0008131048026703391,35.85059436439815,1.0986122886651097,0.0,0.0,Train008,10.0
104,5,1,6.944444444444444e-05,1.0,8.689704228336291,0.0,8.688324715080748,-0.1548328817875974,8.689704228336291,0.0,0.0,0.0,-1.000088900581841e-12,1,0,0.2,1.388888888888889e-05,0.2,1.7379408456672583,0.0,1.7376649430161497,-0.030966576357519482,1.7379408456672583,0.0,0.0,0.0,-2.000177801163682e-13,0.2,0.0,Train008,10.0
105,0,2,0.0001388888888888889,0.0,8.819834207799273,0.5367887757486773,-8.811782500835598,-0.37356852770428284,8.81969751674759,-0.628144813587248,1.5555763978603032e-05,96.63670603333836,0.6931471805579453,0,0,1.4,9.722222222222222e-05,0.2,7.456949591954791,0.27885463659905235,-7.454212225559454,-0.15311324716015434,7.4569059264803075,0.5338847981646495,4.966550866636332e-06,38.539436441964014,0.27725887222257806,0.2,0.0,Train008,10.0
105,1,1,6.944444444444444e-05,0.0,10.525654364884568,0.0,-10.52476887737311,0.13652797109725623,10.525654364884568,1.4399289771817614,0.0,0.0,-1.000088900581841e-12,0,0,1.0,6.944444444444444e-05,0.0,9.590951127241613,0.0,-9.573725735263768,0.5022860957500487,9.590951127241613,0.22745904655881333,0.0,0.0,-1.000088900581841e-12,0.0,0.0,Train008,10.0
105,2,0,0.0,0.0,0.0,0.0,0.0,0.0,0.0,0.0,0.0,0.0,0.0,0,0,0.0,0.0,0.0,0.0,0.0,0.0,0.0,0.0,0.0,0.0,0.0,0.0,0.0,0.0,Train008,10.0
105,3,3,0.00020833333333333335,0.0,9.993464453214594,0.8295922819761866,2.7287079013139777,0.33129056296771137,2.748745213330038,3.014909656087449,0.6663507870124825,30.32128668411114,1.0986122886651097,0,0,3.0,0.00020833333333333335,0.0,8.608464403703511,0.677069356438346,2.315729032476222,0.1890792242784757,2.324558205194241,1.9547676045674163,0.6673335732310719,29.020566073999476,1.0986122886651097,0.0,0.0,Train008,10.0
105,4,3,0.00020833333333333335,0.0,8.978831068430662,0.5472626083282888,8.967216462979076,-0.23035166326297615,8.970174635016365,1.4596812036338462,0.0009529044577730739,35.94201901230209,1.0986122886651097,0,0,3.0,0.00020833333333333335,0.0,8.101421500777136,0.7340775300507113,8.092709836378239,-0.17005108128857813,8.094545544482951,0.7136117606604779,0.0008474489065036561,35.909182532422925,1.0986122886651097,0.0,0.0,Train008,10.0
105,5,1,6.944444444444444e-05,0.0,8.379871891151101,0.0,8.377987610444153,-0.17769780907087523,8.379871891151101,-3.098323371851901,0.0,0.0,-1.000088900581841e-12,0,0,0.4,2.777777777777778e-05,0.2,3.4139152238974786,0.0,3.4132624651049803,-0.06650613817169453,3.4139152238974786,-0.6196646743703802,0.0,0.0,-4.000355602327364e-13,0.2,0.0,Train008,10.0
106,0,2,0.0001388888888888889,0.0,8.288667710133556,0.4039373577012162,-8.280095815739022,-0.37357223820350405,8.28851874190891,-5.311664976657164,1.801530363554349e-05,96.8411696160328,0.6931471805579453,0,0,1.6,0.00011111111111111112,0.2,7.687443183783988,0.3596421081392956,-7.683004449605164,-0.22173345645090786,7.687369724664576,0.5899671037988181,8.569611593722825e-06,57.907670365170574,0.4158883083343672,0.2,0.0,Train008,10.0
106,1,1,6.944444444444444e-05,0.0,9.955856513013192,0.0,-9.955534224692087,0.08010748212068959,9.955856513013192,-5.697978518713764,0.0,0.0,-1.000088900581841e-12,0,0,1.0,6.944444444444444e-05,0.0,9.620322418105868,0.0,-9.609097312241515,0.3641685390061481,9.620322418105866,0.2937129086425294,0.0,0.0,-1.000088900581841e-12,0.0,0.0,Train008,10.0
106,2,0,0.0,0.0,0.0,0.0,0.0,0.0,0.0,0.0,0.0,0.0,0.0,0,0,0.0,0.0,0.0,0.0,0.0,0.0,0.0,0.0,0.0,0.0,0.0,0.0,0.0,0.0,Train008,10.0
106,3,3,0.00020833333333333335,0.0,9.484935339182078,0.7978418990454227,2.6335033275455224,0.3286917672539837,2.653936331951821,-5.085291140325173,0.6662295399477126,30.51171135087138,1.0986122886651097,0,0,3.0,0.00020833333333333335,0.0,8.803363246471369,0.6905539144570789,2.4022674486197357,0.2294941117876182,2.414455367710777,1.9489884276785971,0.6670155712982716,29.465660747141715,1.0986122886651097,0.0,0.0,Train008,10.0
106,4,3,0.00020833333333333335,0.0,8.500512449293078,0.4876612007839359,8.489254391333278,-0.22290580281378825,8.492180351223082,-4.783186191375819,0.0009675090741853021,35.939736459147575,1.0986122886651097,0,0,3.0,0.00020833333333333335,0.0,8.160462064711687,0.6564815428279787,8.151022575794883,-0.1856470044776745,8.153187282279326,0.5904056393455077,0.0008833409626338717,35.929844975009985,1.0986122886651097,0.0,0.0,Train008,10.0
106,5,1,6.944444444444444e-05,0.0,7.795952315976168,0.0,7.793992501061165,-0.1747953271014222,7.795952315976168,-5.839195751749333,1.1102230246251565e-16,0.0,-1.000088900581841e-12,0,0,0.6,4.1666666666666665e-05,0.2,4.973105687092712,0.0,4.972060965317214,-0.10146520359197897,4.973105687092712,-1.7875038247202468,2.2204460492503132e-17,0.0,-6.000533403491046e-13,0.2,0.0,Train008,10.0
107,0,2,0.0001388888888888889,0.0,7.615631903715874,0.33359201991527065,-7.607368247782379,-0.35157852629778785,7.615488107634419,-6.730358064176825,1.891799993658516e-05,96.91784543174325,0.6931471805579453,0,0,1.8,0.000125,0.2,7.906220406495896,0.4263605121223497,-7.9001405864145315,-0.28653745620673815,7.906118188160194,0.47280341262591996,1.2353211581039857e-05,77.29123945151922,0.5545177444461562,0.2,0.0,Train008,10.0
107,1,1,6.944444444444444e-05,0.0,9.171585568402376,0.0,-9.171415764608302,0.05580959792972373,9.171585568402376,-7.842709446108156,0.0,0.0,-1.000088900581841e-12,0,0,1.0,6.944444444444444e-05,0.0,9.650306933488181,0.0,-9.644447036485973,0.235850551547868,9.650306933488181,0.29984515382316346,0.0,0.0,-1.000088900581841e-12,0.0,0.0,Train008,10.0
107,2,0,0.0,0.0,0.0,0.0,0.0,0.0,0.0,0.0,0.0,0.0,0.0,0,0,0.0,0.0,0.0,0.0,0.0,0.0,0.0,0.0,0.0,0.0,0.0,0.0,0.0,0.0,Train008,10.0
107,3,3,0.00020833333333333335,0.0,8.734024414930817,0.7274579592669913,2.461007952525597,0.30852722529646986,2.480271999427355,-7.509109242512597,0.6661813050507017,30.566096944188782,1.0986122886651097,0,0,3.0,0.00020833333333333335,0.0,8.991882134784296,0.7156052133704258,2.477133757309842,0.2695239914059696,2.4926119719753563,1.8851888831292611,0.666673523708418,29.9079149072991,1.0986122886651097,0.0,0.0,Train008,10.0
107,4,3,0.00020833333333333335,0.0,7.83373687050756,0.43843287292810695,7.823264608582018,-0.20718785852091814,7.826007663209284,-6.667755787855195,0.0009734064104316431,35.93579233783187,1.0986122886651097,0,0,3.0,0.00020833333333333335,0.0,8.211760683702078,0.5761915187251422,8.201649044230184,-0.19976225632966002,8.204115850625424,0.5129861899039208,0.00091990364544281,35.93631472592027,1.0986122886651097,0.0,0.0,Train008,10.0
107,5,1,6.944444444444444e-05,0.0,7.133302049609041,0.0,7.131427985012687,-0.1635023716477242,7.133302049609041,-6.626502663671268,1.1102230246251565e-16,0.0,-1.000088900581841e-12,0,0,0.8,5.555555555555556e-05,0.2,6.3997660970145205,0.0,6.39834656231975,-0.1341656779215238,6.3997660970145205,-3.1128043574545003,4.4408920985006264e-17,0.0,-8.000711204654728e-13,0.2,0.0,Train008,10.0
108,0,2,0.0001388888888888889,0.0,6.931597573456756,0.2876827484979487,-6.92392649910446,-0.3231687651355658,6.931464218746296,-6.8403433025911875,1.9271865109637965e-05,96.94918603500905,0.6931471805579453,0,0,2.0,0.0001388888888888889,0.2,8.10767601685269,0.4838970618219395,-8.100072467882116,-0.3461863510198433,8.107547127574895,0.29958728907477283,1.6207584602945245e-05,96.68107665852104,0.6931471805579453,0.2,0.0,Train008,10.0
108,1,1,6.944444444444444e-05,0.0,8.35906801093409,0.0,-8.358951734080808,0.04408989372945407,8.35906801093409,-8.125175574682864,1.1102230246251565e-16,0.0,-1.000088900581841e-12,0,0,1.0,6.944444444444444e-05,0.0,9.678765184880124,0.0,-9.67773283681559,0.11849539476531538,9.678765184880124,0.2845825139194105,2.2204460492503132e-17,0.0,-1.000088900581841e-12,0.0,0.0,Train008,10.0
108,2,0,0.0,0.0,0.0,0.0,0.0,0.0,0.0,0.0,0.0,0.0,0.0,0,0,0.0,0.0,0.0,0.0,0.0,0.0,0.0,0.0,0.0,0.0,0.0,0.0,0.0,0.0,Train008,10.0
108,3,3,0.00020833333333333335,0.0,7.948120140186258,0.6516267207039905,2.2669665330677353,0.2834273631384948,2.2846155764646245,-7.859042747445602,0.6661613864797667,30.57005560524813,1.0986122886651097,0,0,3.0,0.00020833333333333335,0.0,9.17050356702392,0.7480951401820075,2.5401228848345174,0.3069760790931578,2.5586574259133172,1.7862143223962341,0.6663218563693267,30.34915752758199,1.0986122886651097,0.0,0.0,Train008,10.0
108,4,3,0.00020833333333333335,0.0,7.140849806887748,0.3955369886752526,7.131267042764876,-0.18952611683612308,7.1337850951782595,-6.92887063619812,0.0009758571687396023,35.931492444780126,1.0986122886651097,0,0,3.0,0.00020833333333333335,0.0,8.257358628637267,0.4996828471102258,8.246633728862232,-0.21253264428991367,8.24937547638338,0.455979449351868,0.0009567524288137674,35.937681842454275,1.0986122886651097,0.0,0.0,Train008,10.0
108,5,1,6.944444444444444e-05,0.0,6.479824654571219,0.0,6.478090952611359,-0.14988383396445687,6.479824654571219,-6.5347739503782165,0.0,0.0,-1.000088900581841e-12,0,0,1.0,6.944444444444444e-05,0.2,7.695731027928764,0.0,7.693964752842023,-0.16414244471441516,7.695731027928764,-4.419759147530144,4.4408920985006264e-17,0.0,-1.000088900581841e-12,0.2,0.0,Train008,10.0
109,0,2,0.0001388888888888889,0.0,9.73014205363854,0.5248310270125955,-9.717679706166267,0.4761477319120248,9.729337877483784,19.409678871941427,8.288910166343033e-05,22.50991653677098,0.6931471805579453,1,1,2.0,0.0001388888888888889,0.0,8.2771746897488,0.4173663857751417,-8.268170553925547,-0.18914806508582355,8.2769012925042,-0.020166457014197902,3.093000686476e-05,81.97096473057888,0.6931471805579453,0.2,0.2,Train008,10.0
109,1,0,0.0,-1.0,0.0,0.0,0.0,0.0,0.0,0.0,0.0,0.0,0.0,0,1,0.8,5.555555555555556e-05,-0.2,7.6024328914468455,0.0,-7.60213412015086,0.06330698897542472,7.602432891446844,-4.0451869124646045,2.2204460492503132e-17,0.0,-8.000711204654728e-13,0.0,0.2,Train008,10.0
109,2,1,6.944444444444444e-05,1.0,10.939750222212831,0.0,-10.936975687867921,-0.24636908773567653,10.939750222212831,0.0,1.1102230246251565e-16,0.0,-1.000088900581841e-12,1,0,0.2,1.388888888888889e-05,0.2,2.1879500444425664,0.0,-2.187395137573584,-0.04927381754713531,2.1879500444425664,0.0,2.2204460492503132e-17,0.0,-2.000177801163682e-13,0.2,0.0,Train008,10.0
109,3,3,0.00020833333333333335,0.0,9.698203651727688,0.7251060555585468,2.7094452385407117,-0.03073924194511209,2.7096196046025156,17.500835115414304,0.6669024012932001,33.292926971641286,1.0986122886651097,0,0,3.0,0.00020833333333333335,0.0,9.171749599848287,0.7463249833102277,2.559926190598709,0.24423953534230955,2.575437745155271,0.012460328243674467,0.6663650839567727,31.052415511212143,1.0986122886651097,0.0,0.0,Train008,10.0
109,4,3,0.00020833333333333335,0.0,8.642334286999523,0.6318797471313972,8.631076342549543,0.02414585723192993,8.631110117090376,15.014844801117746,0.0012412582898164715,34.75383991746881,1.0986122886651097,0,0,3.0,0.00020833333333333335,0.0,8.219252896423715,0.5001546835693963,8.208415769641757,-0.16516511684037516,8.210651572343474,-0.3810573221355071,0.0010221870801892185,35.700576034306096,1.0986122886651097,0.0,0.0,Train008,10.0
109,5,2,0.0001388888888888889,1.0,3.675097017043511,3.675097017043511,3.6744653773045677,-0.06813424742458492,3.675097017043511,8.70369379515803,4.2968478560112544e-05,16.558156195641494,0.6931471805579453,1,0,1.2,8.333333333333333e-05,0.2,6.692809585670209,0.7350194034087022,6.691192885286787,-0.14680271784181267,6.692809585670209,-2.6790203884985377,8.593695712066917e-06,3.3116312391282987,0.13862943611078898,0.2,0.0,Train008,10.0
110,0,2,0.0001388888888888889,0.0,9.836079870790135,0.47840977378584526,-9.81359899116691,0.656489329003153,9.8355326952091,1.0593781715159523,5.576135373341895e-05,22.510581966283898,0.6931471805579453,0,0,2.0,0.0001388888888888889,0.0,8.480423822346973,0.4056905853825753,-8.468533851991808,0.016863506255663664,8.4800683281965,0.31733814000644217,3.897112481572318e-05,67.14573991716799,0.6931471805579453,0.2,0.2,Train008,10.0
110,1,0,0.0,0.0,0.0,0.0,0.0,0.0,0.0,0.0,0.0,0.0,0.0,0,0,0.6,4.1666666666666665e-05,-0.2,5.497302018469933,0.0,-5.49718034467624,0.036001394755973484,5.497302018469932,-4.333172707900957,2.2204460492503132e-17,0.0,-6.000533403491046e-13,0.0,0.2,Train008,10.0
110,2,1,6.944444444444444e-05,0.0,10.475138675490552,0.0,-10.472281465102135,-0.24464502127823448,10.475138675490552,-4.646115467222796,0.0,0.0,-1.000088900581841e-12,0,0,0.4,2.777777777777778e-05,0.2,4.282977779540677,0.0,-4.281851430594012,-0.0982028218027822,4.282977779540677,-0.9292230934445591,2.2204460492503132e-17,0.0,-4.000355602327364e-13,0.2,0.0,Train008,10.0
110,3,3,0.00020833333333333335,0.0,9.72910873963985,0.9614166372947002,2.716909150406227,-0.13879444272631805,2.720452026574406,0.30905087912162327,0.6668843027357328,34.32874542447669,1.0986122886651097,0,0,3.0,0.00020833333333333335,0.0,9.118878457133338,0.7726898543739302,2.5575664404171587,0.15022253420350365,2.5697791078041443,-0.5287114271494907,0.6664717871014229,31.853907259285258,1.0986122886651097,0.0,0.0,Train008,10.0
110,4,3,0.00020833333333333335,0.0,8.658008827956458,0.9503057768323627,8.643078121075776,0.09687194353353985,8.64362097621493,0.15674540956934693,0.001570092380331456,34.32691172079215,1.0986122886651097,0,0,3.0,0.00020833333333333335,0.0,8.155088448328872,0.580763317270211,8.143588101261097,-0.09972039548107196,8.145340840583186,-0.641644480948407,0.001145624664700895,35.37755457600411,1.0986122886651097,0.0,0.0,Train008,10.0
110,5,2,0.0001388888888888889,0.0,3.6082412618555475,3.6082412618555475,3.6077130735707486,-0.06173639561568863,3.6082412618555475,-0.6685575518796361,3.659663473154495e-05,16.28240915711031,0.6931471805579453,0,0,1.4,9.722222222222222e-05,0.2,5.738483459811097,1.4566676557798117,5.737137977912106,-0.12361043515077537,5.738483459811097,-2.1930672245040848,1.591302265837591e-05,6.5681130705503605,0.27725887222257806,0.2,0.0,Train008,10.0
111,0,2,0.0001388888888888889,0.0,9.292686708179115,0.43538235603034714,-9.267309740350356,0.6802723021037608,9.29224409002487,-5.433931626110198,4.7735593658781994e-05,22.51362434960591,0.6931471805579453,0,0,2.0,0.0001388888888888889,0.0,8.681227621956085,0.4119795850484015,-8.665976636914074,0.22763241431711662,8.680813397819694,0.2928848101158355,4.491518282037088e-05,52.280230863882615,0.6931471805579453,0.2,0.2,Train008,10.0
111,1,0,0.0,0.0,0.0,0.0,0.0,0.0,0.0,0.0,0.0,0.0,0.0,0,0,0.4,2.777777777777778e-05,-0.2,3.506130715867293,0.0,-3.506073499737822,0.019979898331835562,3.506130715867293,-3.193577004158204,2.2204460492503132e-17,0.0,-4.000355602327364e-13,0.0,0.2,Train008,10.0
111,2,1,6.944444444444444e-05,0.0,9.712177872730873,0.0,-9.709456794213096,-0.2298864782285949,9.712177872730873,-7.629608027596788,0.0,0.0,-1.000088900581841e-12,0,0,0.6,4.1666666666666665e-05,0.2,6.225413354086851,0.0,-6.22374278943663,-0.14418011744850118,6.225413354086851,-2.4551446989639167,2.2204460492503132e-17,0.0,-6.000533403491046e-13,0.2,0.0,Train008,10.0
111,3,3,0.00020833333333333335,0.0,9.159519984289934,0.9907925724651537,2.5674806333761295,-0.1685256597665579,2.5730055772891838,-5.695887553499161,0.6668497116291059,34.70208763846433,1.0986122886651097,0,0,3.0,0.00020833333333333335,0.0,9.05379538615491,0.8112799890578766,2.5443619015832803,0.05077904879939532,2.553592956871617,-0.6508307097842885,0.6665958214377015,32.69198251680384,1.0986122886651097,0.0,0.0,Train008,10.0
111,4,3,0.00020833333333333335,0.0,8.153794707670373,1.0048936099904058,8.138075159535058,0.11640284099792376,8.138907600141062,-5.0421412028608374,0.0017242079019951229,34.1697404517465,1.0986122886651097,0,0,3.0,0.00020833333333333335,0.0,8.085744900004332,0.684209799111505,8.073352254901454,-0.031858666718729556,8.074686290366781,-0.6934354832454107,0.001296964430262859,35.023555374523895,1.0986122886651097,0.0,0.0,Train008,10.0
111,5,2,0.0001388888888888889,0.0,3.371430443257353,3.371430443257353,3.3709675872027276,-0.055863760624352284,3.371430443257353,-2.368108185981943,3.432252316537543e-05,16.193114729900234,0.6931471805579453,0,0,1.6,0.00011111111111111112,0.2,4.853579085267334,2.1309537444312823,4.852532995140418,-0.09982412185536138,4.853579085267334,-1.4988497113506067,2.277752729142879e-05,9.806736016530408,0.4158883083343672,0.2,0.0,Train008,10.0
112,0,2,0.0001388888888888889,0.0,8.555777139433086,0.3957635460854023,-8.530791019107834,0.648370706392366,8.555394788354224,-7.369095687460279,4.4785057092155967e-05,22.517353023687658,0.6931471805579453,0,0,2.0,0.0001388888888888889,0.0,8.869256669099528,0.4244138902824278,-8.850661191179165,0.4276222608551475,8.868794733963654,0.1651372854591447,5.008859425148504e-05,37.4001323822715,0.6931471805579453,0.2,0.2,Train008,10.0
112,1,0,0.0,0.0,0.0,0.0,0.0,0.0,0.0,0.0,0.0,0.0,0.0,0,0,0.2,1.388888888888889e-05,-0.2,1.671813602186818,0.0,-1.6717903468161617,0.008817978745890815,1.671813602186818,-1.6250351149365727,2.2204460492503132e-17,0.0,-2.000177801163682e-13,0.0,0.2,Train008,10.0
112,2,1,6.944444444444444e-05,0.0,8.859945699231508,0.0,-8.857435579039723,-0.21088564790458425,8.859945699231508,-8.52232173499365,0.0,0.0,-1.000088900581841e-12,0,0,0.8,5.555555555555556e-05,0.2,7.997402493933153,0.0,-7.995229905244575,-0.18635724702941803,7.997402493933153,-4.159609045962647,2.2204460492503132e-17,0.0,-8.000711204654728e-13,0.2,0.0,Train008,10.0
112,3,3,0.00020833333333333335,0.0,8.41707109452402,0.9401404699802979,2.3696954634925,-0.1691518753188845,2.3757249307571007,-7.424488897659148,0.6668314866499034,34.821675751312014,1.0986122886651097,0,0,3.0,0.00020833333333333335,0.0,8.99040472207355,0.8538164912005378,2.5260994037766604,-0.044756771323675545,2.5326835431375665,-0.6339066408135986,0.6667258577575419,33.54309827822849,1.0986122886651097,0.0,0.0,Train008,10.0
112,4,3,0.00020833333333333335,0.0,7.498534745159991,0.9646475739160503,7.483412356718435,0.11632336129069136,7.484316376601681,-6.552599625103834,0.001791330806939051,34.11280591837552,1.0986122886651097,0,0,3.0,0.00020833333333333335,0.0,8.018704474934818,0.7894527393090938,8.005381804528737,0.03284357724359234,8.006348033045262,-0.6704042506951386,0.0014605493095643407,34.65895809063262,1.0986122886651097,0.0,0.0,Train008,10.0
112,5,2,0.0001388888888888889,0.0,3.089904669594041,3.089904669594041,3.0894915817653184,-0.05052359231380455,3.089904669594041,-2.8152577366331233,3.342293503483251e-05,16.170230966346885,0.6931471805579453,0,0,1.8,0.000125,0.2,4.044899609264334,2.7489346783500905,4.044145714490943,-0.07722836598857745,4.044899609264334,-0.7366007259429779,2.9462114298373087e-05,13.040782209799783,0.5545177444461562,0.2,0.0,Train008,10.0
113,0,2,0.0001388888888888889,0.0,7.795335840703212,0.35939025313795225,-7.7719437115318755,0.5990522030024261,7.794996638687019,-7.604412987298752,4.3606144944252634e-05,22.521135311241565,0.6931471805579453,0,0,2.0,0.0001388888888888889,0.0,9.042004322548818,0.4387553912104285,-9.020264633664649,0.6120664544827458,9.0415012179518,0.012323348517631772,5.4955450218407977e-05,22.514522237518,0.6931471805579453,0.2,0.2,Train008,10.0
113,1,0,0.0,0.0,0.0,0.0,0.0,0.0,0.0,0.0,0.0,0.0,0.0,0,0,0.0,0.0,-0.2,0.0,0.0,0.0,0.0,0.0,0.0,0.0,0.0,0.0,0.0,0.2,Train008,10.0
113,2,1,6.944444444444444e-05,0.0,8.027114831368525,0.0,-8.024829966823535,-0.1915111473192278,8.027114831368525,-8.328308678629828,0.0,0.0,-1.000088900581841e-12,0,0,1.0,6.944444444444444e-05,0.2,9.602825460206859,0.0,-9.600195898609282,-0.2246594764932636,9.602825460206859,-5.825270781688612,2.2204460492503132e-17,0.0,-1.000088900581841e-12,0.2,0.0,Train008,10.0
113,3,3,0.00020833333333333335,0.0,7.6598594578797945,0.8649519160750396,2.1651953484694193,-0.15955854900800706,2.171066518463944,-7.572116366442246,0.6668231844018404,34.8459927020895,1.0986122886651097,0,0,3.0,0.00020833333333333335,0.0,8.932752585612258,0.8964815302747476,2.5057451668569977,-0.13335395375297593,2.50997373153743,-0.5765213646129274,0.6668582173419566,34.39828569759676,1.0986122886651097,0.0,0.0,Train008,10.0
113,4,3,0.00020833333333333335,0.0,6.829414852556284,0.8938595842448009,6.815382086557354,0.10944333166603759,6.816260765890125,-6.691198926037056,0.0018200675997819271,34.09361955777009,1.0986122886651097,0,0,3.0,0.00020833333333333335,0.0,7.956417484068526,0.8891172584230034,7.942204813287232,0.09263746694402449,7.942843167187635,-0.6228699086629258,0.0016293913957728056,34.291383513230606,1.0986122886651097,0.0,0.0,Train008,10.0
113,5,2,0.0001388888888888889,0.0,2.8096578057021118,2.8096578057021118,2.809286349238884,-0.04568580876890034,2.8096578057021118,-2.802468638919291,3.305229922667685e-05,16.171296728477888,0.6931471805579453,0,0,2.0,0.0001388888888888889,0.2,3.310866239490513,3.310866239490513,3.310384793816449,-0.05638876094946614,3.310866239490513,0.00986033634880723,3.6072574143708457e-05,16.275041555495363,0.6931471805579453,0.2,0.0,Train008,10.0
114,0,1,6.944444444444444e-05,-1.0,9.104804342390633,0.0,-9.093374696245428,0.4560687962344189,9.104804342390633,16.68858754825373,0.0,0.0,-1.000088900581841e-12,0,1,1.8,0.000125,-0.2,8.916936780299235,0.3337891858079094,-8.895403631680482,0.6080506673472247,8.91659451093317,-0.5318949162199076,3.837762988572191e-05,18.012538930163807,0.5545177444461563,0.0,0.2,Train008,10.0
114,1,0,0.0,0.0,0.0,0.0,0.0,0.0,0.0,0.0,0.0,0.0,0.0,0,0,0.0,0.0,0.0,0.0,0.0,0.0,0.0,0.0,0.0,0.0,0.0,0.0,0.0,0.0,Train008,10.0
114,2,1,6.944444444444444e-05,0.0,9.97053423251104,0.0,-9.96902905662514,-0.1732413052311913,9.97053423251104,19.434194011425152,0.0,0.0,-1.000088900581841e-12,0,0,1.0,6.944444444444444e-05,0.0,9.4089822622665,0.0,-9.406606572360726,-0.21003391999236656,9.4089822622665,-1.9384319794035818,0.0,0.0,-1.000088900581841e-12,0.0,0.0,Train008,10.0
114,3,3,0.00020833333333333335,0.0,10.00567371740312,1.0812820967996812,2.8303011382729384,-0.048753921899550114,2.830721017375198,23.45814259523324,0.6670402264916544,37.222745943242394,1.0986122886651097,0,0,3.0,0.00020833333333333335,0.0,8.994246598747344,0.9677167385229746,2.5299163468034425,-0.13695688974386352,2.534194014091967,0.6149401313508598,0.6668857823816474,35.18424949191699,1.0986122886651097,0.0,0.0,Train008,10.0
114,4,3,0.00020833333333333335,0.0,8.072579205910122,0.2463041205561168,8.04754996299013,-0.19394574452965144,8.049886667440953,12.43164353353837,0.00279031951902331,35.26902254872775,1.0986122886651097,0,0,3.0,0.00020833333333333335,0.0,7.842466467850646,0.8120021331079472,7.82549953737535,0.0490191465917082,7.8265984772577495,-1.1395101621788009,0.0019392036416141733,34.394420039482405,1.0986122886651097,0.0,0.0,Train008,10.0
114,5,2,0.0001388888888888889,0.0,6.528009693046945,0.3471341733220852,6.480760842186194,0.31905550726536225,6.488609828794628,37.183518873448335,0.0060526765692917595,15.681724241462154,0.6931471805579453,0,0,2.0,0.0001388888888888889,0.0,3.8814487746911994,2.645273670746228,3.871643886792775,0.021049189988523287,3.8735688018407357,5.705825352006868,0.0012380141922900378,16.099755164659495,0.6931471805579453,0.0,0.0,Train008,10.0
115,0,1,6.944444444444444e-05,0.0,9.146310822184342,0.0,-9.136924941297611,0.41425146119243617,9.146310822184342,0.41506479793708806,0.0,0.0,-1.000088900581841e-12,0,0,1.6,0.00011111111111111112,-0.2,8.77898297057808,0.23810723105074033,-8.760068821706621,0.5596030937850812,8.778750136328219,-0.6607575909356811,2.722535913903812e-05,13.510422536907026,0.4158883083343672,0.0,0.2,Train008,10.0
115,1,0,0.0,0.0,0.0,0.0,0.0,0.0,0.0,0.0,0.0,0.0,0.0,0,0,0.0,0.0,0.0,0.0,0.0,0.0,0.0,0.0,0.0,0.0,0.0,0.0,0.0,0.0,Train008,10.0
115,2,1,6.944444444444444e-05,0.0,10.041221102989345,0.0,-10.04000134602103,-0.15650626509644178,10.041221102989345,0.706868704783048,0.0,0.0,-1.000088900581841e-12,0,0,1.0,6.944444444444444e-05,0.0,9.322198747766258,0.0,-9.320150548544506,-0.192406168756008,9.322198747766258,-0.8678351450024131,0.0,0.0,-1.000088900581841e-12,0.0,0.0,Train008,10.0
115,3,3,0.00020833333333333335,0.0,10.226096332292842,1.0891676839040978,2.8997564143284524,-0.007507262360020454,2.899766132195344,2.204226148897247,0.6670592422823829,38.110994167390864,1.0986122886651097,0,0,3.0,0.00020833333333333335,0.0,9.093644117277943,0.993266947844854,2.566485799587888,-0.110699453670604,2.570056835216154,0.9939751853059846,0.6669207702909774,35.94069924049982,1.0986122886651097,0.0,0.0,Train008,10.0
115,4,3,0.00020833333333333335,0.0,8.03111640663151,0.3320722877734436,8.001062075468672,-0.28780263184895216,8.006236612191913,-0.4146279927861081,0.0031648075345549476,35.71659959600496,1.0986122886651097,0,0,3.0,0.00020833333333333335,0.0,7.717087983585657,0.6883554352961635,7.697096328253929,-0.027915768484790198,7.699121604453147,-1.253784842649892,0.0022581466724588715,34.67235761452496,1.0986122886651097,0.0,0.0,Train008,10.0
115,5,2,0.0001388888888888889,0.0,6.680948413872787,0.22554251096303268,6.629527124811594,0.30308699887286306,6.636451734737355,1.5293872082584148,0.006667858563792484,15.47414412123153,0.6931471805579453,0,0,2.0,0.0001388888888888889,0.0,4.495990205094648,1.9687339205677248,4.476006697040944,0.09401386888623361,4.479210896417098,6.145414304034479,0.0025642665781022258,15.938102157483737,0.6931471805579453,0.0,0.0,Train008,10.0
116,0,1,6.944444444444444e-05,0.0,8.620907335507066,0.0,-8.612734400291657,0.375299130604192,8.620907335507066,-5.254034866772752,1.1102230246251565e-16,0.0,-1.000088900581841e-12,0,0,1.4,9.722222222222222e-05,-0.2,8.644627096043667,0.1510307598446709,-8.629153753694881,0.4986084594851675,8.644482785424657,-0.624778239068192,1.7678240407303923e-05,9.007697666985845,0.27725887222257806,0.0,0.2,Train008,10.0
116,1,0,0.0,0.0,0.0,0.0,0.0,0.0,0.0,0.0,0.0,0.0,0.0,0,0,0.0,0.0,0.0,0.0,0.0,0.0,0.0,0.0,0.0,0.0,0.0,0.0,0.0,0.0,Train008,10.0
116,2,1,6.944444444444444e-05,0.0,9.463216505783139,0.0,-9.46216090859587,-0.14134205024208324,9.463216505783139,-5.780045972062062,0.0,0.0,-1.000088900581841e-12,0,0,1.0,6.944444444444444e-05,0.0,9.272406474376712,0.0,-9.27069137142106,-0.17469728315870567,9.272406474376712,-0.49792273389546793,0.0,0.0,-1.000088900581841e-12,0.0,0.0,Train008,10.0
116,3,3,0.00020833333333333335,0.0,9.697134933269016,1.02556502474034,2.7561899143776443,0.007192205380423126,2.756199298297436,-5.28961399023828,0.6670622920025822,38.42462535372943,1.0986122886651097,0,0,3.0,0.00020833333333333335,0.0,9.20116710707376,1.0002214382998913,2.6042276557881907,-0.0755558806412078,2.6066955794178046,1.075229897958161,0.6669632863656727,36.685206783552836,1.0986122886651097,0.0,0.0,Train008,10.0
116,4,3,0.00020833333333333335,0.0,7.543891517777827,0.38828019319182444,7.513591045049682,-0.30341840534555337,7.519714962746474,-4.872248888536832,0.003310923489553641,35.88468532275351,1.0986122886651097,0,0,3.0,0.00020833333333333335,0.0,7.595107345607147,0.5650327519364472,7.5721995053568545,-0.11188001775348563,7.5752830769742285,-1.219806379785091,0.0025754897899705753,35.015346588726366,1.0986122886651097,0.0,0.0,Train008,10.0
116,5,2,0.0001388888888888889,0.0,6.093385027600321,0.41652569216366864,6.046806634671607,0.23915792209730813,6.051534267341669,-5.8756338627246585,0.006900584168700985,15.390429246683894,0.6931471805579453,0,0,2.0,0.0001388888888888889,0.0,5.040381121963241,1.377752970348988,5.0111745065347195,0.1530182054305657,5.01523166123396,5.443909168685936,0.003937518907209348,15.77756506084047,0.6931471805579453,0.0,0.0,Train008,10.0
117,0,1,6.944444444444444e-05,0.0,7.930031795557052,0.0,-7.922754895275554,0.33964562110093055,7.930031795557052,-6.908755399500146,0.0,0.0,-1.000088900581841e-12,0,0,1.2,8.333333333333333e-05,-0.2,8.51947802726846,0.07187805062759045,-8.507546528928426,0.43686344242688036,8.519410186865223,-0.5327101814761654,8.721228988872731e-06,4.504227062248313,0.13862943611078898,0.0,0.2,Train008,10.0
117,1,0,0.0,0.0,0.0,0.0,0.0,0.0,0.0,0.0,0.0,0.0,0.0,0,0,0.0,0.0,0.0,0.0,0.0,0.0,0.0,0.0,0.0,0.0,0.0,0.0,0.0,0.0,Train008,10.0
117,2,1,6.944444444444444e-05,0.0,8.69769277916143,0.0,-8.69675596735462,-0.12765314316018533,8.69769277916143,-7.655237266217085,0.0,0.0,-1.000088900581841e-12,0,0,1.0,6.944444444444444e-05,0.0,9.239955890362697,0.0,-9.23855544908404,-0.15805078220982588,9.239955890362697,-0.32450584014015504,0.0,0.0,-1.000088900581841e-12,0.0,0.0,Train008,10.0
117,3,3,0.00020833333333333335,0.0,8.94026415053716,0.9416549145531912,2.5460770102739936,0.011828180360932241,2.5461044849134544,-7.568707827318549,0.6670629519184719,38.51972788638258,1.0986122886651097,0,0,3.0,0.00020833333333333335,0.0,9.305805718276387,1.00052432721447,2.6395039651444896,-0.039359869505244456,2.6407714902490755,1.0463861120262807,0.6670095794193862,37.42481721056696,1.0986122886651097,0.0,0.0,Train008,10.0
117,4,3,0.00020833333333333335,0.0,6.930444428442345,0.3875101452601333,6.901806065506151,-0.2909629780136739,6.907936480630962,-6.134470893354835,0.00337059608227952,35.94580363941702,1.0986122886651097,0,0,3.0,0.00020833333333333335,0.0,7.4814892822636185,0.4496052662052638,7.455878247114397,-0.19333728561435864,7.460007097780085,-1.136180633435291,0.002891342845038669,35.381946132934665,1.0986122886651097,0.0,0.0,Train008,10.0
117,5,2,0.0001388888888888889,0.0,5.412914801510972,0.5753744202504141,5.372345149821953,0.18361133969454185,5.375481888433807,-6.804702260893487,0.006994790766141956,15.359625104469368,0.6931471805579453,0,0,2.0,0.0001388888888888889,0.0,5.504983148346627,0.8748469204802625,5.467745220146047,0.19984519183223498,5.472347105001914,4.646020263833863,0.005329792473430772,15.615443888464966,0.6931471805579453,0.0,0.0,Train008,10.0
118,0,1,6.944444444444444e-05,0.0,7.2226342241473525,0.0,-7.216096312292439,0.30724444265776735,7.2226342241473525,-7.073975714096994,1.1102230246251565e-16,0.0,-1.000088900581841e-12,0,0,1.0,6.944444444444444e-05,-0.2,8.40493770395729,0.0,-8.396377049080538,0.3785018903579486,8.40493770395729,-0.4266227268358138,4.4408920985006264e-17,0.0,-1.000088900581841e-12,0.0,0.2,Train008,10.0
118,1,0,0.0,0.0,0.0,0.0,0.0,0.0,0.0,0.0,0.0,0.0,0.0,0,0,0.0,0.0,0.0,0.0,0.0,0.0,0.0,0.0,0.0,0.0,0.0,0.0,0.0,0.0,Train008,10.0
118,2,1,6.944444444444444e-05,0.0,7.914397062726854,0.0,-7.913557017202843,-0.11530915826206783,7.914397062726854,-7.832957164345764,0.0,0.0,-1.000088900581841e-12,0,0,1.0,6.944444444444444e-05,0.0,9.217412336634363,0.0,-9.2163008591599,-0.1428103843983939,9.217412336634363,-0.2254355372833423,0.0,0.0,-1.000088900581841e-12,0.0,0.0,Train008,10.0
118,3,3,0.00020833333333333335,0.0,8.149499423217824,0.8560759480937115,2.3246268587287506,0.012709669246467556,2.3246616029038405,-7.907647273193372,0.6670631326539903,38.533343556964724,1.0986122886651097,0,0,3.0,0.00020833333333333335,0.0,9.403733711343992,0.9987491336182044,2.671390267196356,-0.004906225854349529,2.6714905071370545,0.9792799306760556,0.6670575690698163,38.162287381542,1.0986122886651097,0.0,0.0,Train008,10.0
118,4,3,0.00020833333333333335,0.0,6.309301854802778,0.3646982726371686,6.28292165848391,-0.26950003809735185,6.288698978101964,-6.211425736395654,0.0033954991213116514,35.96619006309154,1.0986122886651097,0,0,3.0,0.00020833333333333335,0.0,7.3774666827129165,0.3437730038837373,7.349386161499709,-0.2691259595670366,7.354494740222452,-1.0402259955070108,0.003206429149344614,35.75646023399895,1.0986122886651097,0.0,0.0,Train008,10.0
118,5,2,0.0001388888888888889,0.0,4.788676551893741,0.6654612485608054,4.753519896557554,0.14218260193614635,4.755645834086247,-6.24238249617231,0.007033979503705878,15.351009759067033,0.6931471805579453,0,0,2.0,0.0001388888888888889,0.0,5.900786897584952,0.4460076090520012,5.85659192960978,0.2374188739732443,5.861544710678741,3.9580374923832595,0.0067299779143266125,15.451386494582795,0.6931471805579453,0.0,0.0,Train008,10.0
119,0,2,0.0001388888888888889,1.0,10.897175472463125,1.3991148544624954,-10.895086920556658,0.16508555357127455,10.896337561147906,22.754263938532766,7.818136228388006e-05,19.185944917272966,0.6931471805579453,1,0,1.2,8.333333333333334e-05,0.2,8.763411929971788,0.2798229708924991,-8.756719493942784,0.3203052418253197,8.763244347708744,0.7865125512199939,1.563627245682042e-05,3.837188983454593,0.13862943611078898,0.2,0.0,Train008,10.0
119,1,0,0.0,0.0,0.0,0.0,0.0,0.0,0.0,0.0,0.0,0.0,0.0,0,0,0.0,0.0,0.0,0.0,0.0,0.0,0.0,0.0,0.0,0.0,0.0,0.0,0.0,0.0,Train008,10.0
119,2,1,6.944444444444444e-05,0.0,9.560698103559565,0.0,-9.552253937407446,-0.4017374051434538,9.560698103559565,16.463010408327108,0.0,0.0,-1.000088900581841e-12,0,0,1.0,6.944444444444444e-05,0.0,9.135445110844067,0.0,-9.132945835316361,-0.1885096043808464,9.135445110844067,-0.8196722579029512,0.0,0.0,-1.000088900581841e-12,0.0,0.0,Train008,10.0
119,3,3,0.00020833333333333335,0.0,9.861729843077224,0.8099795506391848,2.595277763083485,0.3082918195419267,2.613524538540262,17.122304198594012,0.6646570547004051,40.000329528625166,1.0986122886651097,0,0,3.0,0.00020833333333333335,0.0,9.374944936478814,0.944488624386105,2.6243855921584656,0.06650292243394583,2.628051211370068,-0.28788774865179007,0.6665809347115665,38.71780409861855,1.0986122886651097,0.0,0.0,Train008,10.0
119,4,3,0.00020833333333333335,0.0,8.76031083532566,0.6975747846562461,8.741673263883209,-0.4425403122001809,8.752867723232926,24.51008980522882,0.0008568943857736322,36.25359540169438,1.0986122886651097,0,0,3.0,0.00020833333333333335,0.0,7.515013008596023,0.4340271367037632,7.488210821678325,-0.31884487310114246,7.495090951380848,1.3754632588310791,0.0028197441226946785,35.953374804592286,1.0986122886651097,0.0,0.0,Train008,10.0
119,5,1,6.944444444444444e-05,-1.0,8.180926274031153,0.0,8.17765221748889,0.23142798217220747,8.180926274031153,27.267884735766064,1.1102230246251565e-16,0.0,-1.000088900581841e-12,0,1,1.8,0.000125,-0.2,6.231370213781795,0.37658077438758414,6.19597020467032,0.21989336895461337,6.200007999726045,1.9749106648468042,0.005519442600468283,12.315041646290364,0.5545177444461563,0.0,0.2,Train008,10.0
