frame_idx,zone_id,count,density,delta_count,speed_mean,speed_std,flow_x,flow_y,flow_magnitude,accel_mean,flow_divergence,compression,spatial_entropy,zone_inflow,zone_outflow,count_sm,density_sm,delta_count_sm,speed_mean_sm,speed_std_sm,flow_x_sm,flow_y_sm,flow_magnitude_sm,accel_mean_sm,flow_divergence_sm,compression_sm,spatial_entropy_sm,zone_inflow_sm,zone_outflow_sm,vid_id,fps
0,0,2,0.0001388888888888889,0.0,0.0,0.0,0.0,0.0,0.0,0.0,0.0,15.620499351813308,0.6931471805579453,2,0,2.0,0.0001388888888888889,0.0,0.0,0.0,0.0,0.0,0.0,0.0,0.0,15.620499351813308,0.6931471805579453,2.0,0.0,Train006,10.0
0,1,1,6.944444444444444e-05,0.0,0.0,0.0,0.0,0.0,0.0,0.0,0.0,0.0,-1.000088900581841e-12,1,0,1.0,6.944444444444444e-05,0.0,0.0,0.0,0.0,0.0,0.0,0.0,0.0,0.0,-1.000088900581841e-12,1.0,0.0,Train006,10.0
0,2,2,0.0001388888888888889,0.0,0.0,0.0,0.0,0.0,0.0,0.0,0.0,98.58118481738795,0.6931471805579453,2,0,2.0,0.0001388888888888889,0.0,0.0,0.0,0.0,0.0,0.0,0.0,0.0,98.58118481738795,0.6931471805579453,2.0,0.0,Train006,10.0
0,3,3,0.00020833333333333335,0.0,0.0,0.0,0.0,0.0,0.0,0.0,0.0,51.36028203414002,1.0986122886651097,3,0,3.0,0.00020833333333333335,0.0,0.0,0.0,0.0,0.0,0.0,0.0,0.0,51.36028203414002,1.0986122886651097,3.0,0.0,Train006,10.0
0,4,1,6.944444444444444e-05,0.0,0.0,0.0,0.0,0.0,0.0,0.0,0.0,0.0,-1.000088900581841e-12,1,0,1.0,6.944444444444444e-05,0.0,0.0,0.0,0.0,0.0,0.0,0.0,0.0,0.0,-1.000088900581841e-12,1.0,0.0,Train006,10.0
0,5,1,6.944444444444444e-05,0.0,0.0,0.0,0.0,0.0,0.0,0.0,0.0,0.0,-1.000088900581841e-12,1,0,1.0,6.944444444444444e-05,0.0,0.0,0.0,0.0,0.0,0.0,0.0,0.0,0.0,-1.000088900581841e-12,1.0,0.0,Train006,10.0
1,0,2,0.0001388888888888889,0.0,0.0,0.0,0.0,0.0,0.0,0.0,0.0,15.620499351813308,0.6931471805579453,0,0,2.0,0.0001388888888888889,0.0,0.0,0.0,0.0,0.0,0.0,0.0,0.0,15.620499351813308,0.6931471805579453,1.0,0.0,Train006,10.0
1,1,1,6.944444444444444e-05,0.0,0.0,0.0,0.0,0.0,0.0,0.0,0.0,0.0,-1.000088900581841e-12,0,0,1.0,6.944444444444444e-05,0.0,0.0,0.0,0.0,0.0,0.0,0.0,0.0,0.0,-1.000088900581841e-12,0.5,0.0,Train006,10.0
1,2,2,0.0001388888888888889,0.0,0.0,0.0,0.0,0.0,0.0,0.0,0.0,98.58118481738795,0.6931471805579453,0,0,2.0,0.0001388888888888889,0.0,0.0,0.0,0.0,0.0,0.0,0.0,0.0,98.58118481738795,0.6931471805579453,1.0,0.0,Train006,10.0
1,3,3,0.00020833333333333335,0.0,0.0,0.0,0.0,0.0,0.0,0.0,0.0,51.36028203414002,1.0986122886651097,0,0,3.0,0.00020833333333333335,0.0,0.0,0.0,0.0,0.0,0.0,0.0,0.0,51.36028203414002,1.0986122886651097,1.5,0.0,Train006,10.0
1,4,1,6.944444444444444e-05,0.0,0.0,0.0,0.0,0.0,0.0,0.0,0.0,0.0,-1.000088900581841e-12,0,0,1.0,6.944444444444444e-05,0.0,0.0,0.0,0.0,0.0,0.0,0.0,0.0,0.0,-1.000088900581841e-12,0.5,0.0,Train006,10.0
1,5,1,6.944444444444444e-05,0.0,0.0,0.0,0.0,0.0,0.0,0.0,0.0,0.0,-1.000088900581841e-12,0,0,1.0,6.944444444444444e-05,0.0,0.0,0.0,0.0,0.0,0.0,0.0,0.0,0.0,-1.000088900581841e-12,0.5,0.0,Train006,10.0
2,0,2,0.0001388888888888889,0.0,0.0,0.0,0.0,0.0,0.0,0.0,0.0,15.620499351813308,0.6931471805579453,0,0,2.0,0.0001388888888888889,0.0,0.0,0.0,0.0,0.0,0.0,0.0,0.0,15.620499351813308,0.6931471805579453,0.6666666666666666,0.0,Train006,10.0
2,1,1,6.944444444444444e-05,0.0,0.0,0.0,0.0,0.0,0.0,0.0,0.0,0.0,-1.000088900581841e-12,0,0,1.0,6.944444444444444e-05,0.0,0.0,0.0,0.0,0.0,0.0,0.0,0.0,0.0,-1.000088900581841e-12,0.3333333333333333,0.0,Train006,10.0
2,2,2,0.0001388888888888889,0.0,0.0,0.0,0.0,0.0,0.0,0.0,0.0,98.58118481738795,0.6931471805579453,0,0,2.0,0.0001388888888888889,0.0,0.0,0.0,0.0,0.0,0.0,0.0,0.0,98.58118481738795,0.6931471805579453,0.6666666666666666,0.0,Train006,10.0
2,3,3,0.00020833333333333335,0.0,0.0,0.0,0.0,0.0,0.0,0.0,0.0,51.36028203414002,1.0986122886651097,0,0,3.0,0.00020833333333333335,0.0,0.0,0.0,0.0,0.0,0.0,0.0,0.0,51.36028203414002,1.0986122886651097,1.0,0.0,Train006,10.0
2,4,1,6.944444444444444e-05,0.0,0.0,0.0,0.0,0.0,0.0,0.0,0.0,0.0,-1.000088900581841e-12,0,0,1.0,6.944444444444444e-05,0.0,0.0,0.0,0.0,0.0,0.0,0.0,0.0,0.0,-1.000088900581841e-12,0.3333333333333333,0.0,Train006,10.0
2,5,1,6.944444444444444e-05,0.0,0.0,0.0,0.0,0.0,0.0,0.0,0.0,0.0,-1.000088900581841e-12,0,0,1.0,6.944444444444444e-05,0.0,0.0,0.0,0.0,0.0,0.0,0.0,0.0,0.0,-1.000088900581841e-12,0.3333333333333333,0.0,Train006,10.0
3,0,2,0.0001388888888888889,0.0,0.0,0.0,0.0,0.0,0.0,0.0,0.0,15.620499351813308,0.6931471805579453,0,0,2.0,0.0001388888888888889,0.0,0.0,0.0,0.0,0.0,0.0,0.0,0.0,15.620499351813308,0.6931471805579453,0.5,0.0,Train006,10.0
3,1,1,6.944444444444444e-05,0.0,0.0,0.0,0.0,0.0,0.0,0.0,0.0,0.0,-1.000088900581841e-12,0,0,1.0,6.944444444444444e-05,0.0,0.0,0.0,0.0,0.0,0.0,0.0,0.0,0.0,-1.000088900581841e-12,0.25,0.0,Train006,10.0
3,2,2,0.0001388888888888889,0.0,0.0,0.0,0.0,0.0,0.0,0.0,0.0,98.58118481738795,0.6931471805579453,0,0,2.0,0.0001388888888888889,0.0,0.0,0.0,0.0,0.0,0.0,0.0,0.0,98.58118481738795,0.6931471805579453,0.5,0.0,Train006,10.0
3,3,3,0.00020833333333333335,0.0,0.0,0.0,0.0,0.0,0.0,0.0,0.0,51.36028203414002,1.0986122886651097,0,0,3.0,0.00020833333333333335,0.0,0.0,0.0,0.0,0.0,0.0,0.0,0.0,51.36028203414002,1.0986122886651097,0.75,0.0,Train006,10.0
3,4,1,6.944444444444444e-05,0.0,0.0,0.0,0.0,0.0,0.0,0.0,0.0,0.0,-1.000088900581841e-12,0,0,1.0,6.944444444444444e-05,0.0,0.0,0.0,0.0,0.0,0.0,0.0,0.0,0.0,-1.000088900581841e-12,0.25,0.0,Train006,10.0
3,5,1,6.944444444444444e-05,0.0,0.0,0.0,0.0,0.0,0.0,0.0,0.0,0.0,-1.000088900581841e-12,0,0,1.0,6.944444444444444e-05,0.0,0.0,0.0,0.0,0.0,0.0,0.0,0.0,0.0,-1.000088900581841e-12,0.25,0.0,Train006,10.0
4,0,1,6.944444444444444e-05,-1.0,8.897793016111981,0.0,8.441187623895942,-2.8137292079653142,8.897793016111981,88.97793016111982,1.1102230246251565e-16,0.0,-1.000088900581841e-12,0,1,1.8,0.000125,-0.2,1.7795586032223962,0.0,1.6882375247791885,-0.5627458415930628,1.7795586032223962,17.795586032223962,2.2204460492503132e-17,12.496399481450647,0.5545177444461562,0.4,0.2,Train006,10.0
4,1,1,6.944444444444444e-05,0.0,9.8480522278786,0.0,-9.8480522278786,0.0,9.8480522278786,98.480522278786,0.0,0.0,-1.000088900581841e-12,0,0,1.0,6.944444444444444e-05,0.0,1.9696104455757202,0.0,-1.9696104455757202,0.0,1.9696104455757202,19.6961044557572,0.0,0.0,-1.000088900581841e-12,0.2,0.0,Train006,10.0
4,2,1,6.944444444444444e-05,-1.0,9.8480522278786,0.0,-9.8480522278786,0.0,9.8480522278786,98.480522278786,0.0,0.0,-1.000088900581841e-12,0,1,1.8,0.000125,-0.2,1.9696104455757202,0.0,-1.9696104455757202,0.0,1.9696104455757202,19.6961044557572,0.0,78.86494785391037,0.5545177444461562,0.4,0.2,Train006,10.0
4,3,3,0.00020833333333333335,0.0,7.267382377848246,3.891018099768066,-0.4689548679942192,-0.9379097359884381,1.0486149632145143,72.67382377848244,0.6287460389472685,50.84995214544018,1.0986122886651097,0,0,3.0,0.00020833333333333335,0.0,1.4534764755696492,0.7782036199536132,-0.09379097359884384,-0.18758194719768762,0.20972299264290287,14.53476475569649,0.1257492077894537,51.25821605640006,1.0986122886651097,0.6,0.0,Train006,10.0
4,4,1,6.944444444444444e-05,0.0,18.34327022015642,0.0,18.289239851774543,1.4068646039826571,18.34327022015642,183.4327022015642,0.0,0.0,-1.000088900581841e-12,0,0,1.0,6.944444444444444e-05,0.0,3.668654044031284,0.0,3.6578479703549087,0.2813729207965314,3.668654044031284,36.68654044031284,0.0,0.0,-1.000088900581841e-12,0.2,0.0,Train006,10.0
4,5,1,6.944444444444444e-05,0.0,42.29962511182703,0.0,2.8137292079653142,-42.20593811947971,42.29962511182703,422.99625111827027,0.0,0.0,-1.000088900581841e-12,0,0,1.0,6.944444444444444e-05,0.0,8.459925022365406,0.0,0.5627458415930628,-8.441187623895942,8.459925022365406,84.59925022365405,0.0,0.0,-1.000088900581841e-12,0.2,0.0,Train006,10.0
5,0,1,6.944444444444444e-05,0.0,8.497381091839525,0.0,8.061323518998396,-2.687107839666132,8.497381091839525,-4.00411924272456,1.1102230246251565e-16,0.0,-1.000088900581841e-12,0,0,1.6,0.00011111111111111112,-0.2,3.479034821590301,0.0,3.3005022285788677,-1.1001674095262892,3.479034821590301,16.99476218367905,4.4408920985006264e-17,9.372299611087985,0.4158883083343672,0.0,0.2,Train006,10.0
5,1,1,6.944444444444444e-05,0.0,9.40487743883146,0.0,-9.40487743883146,0.0,9.40487743883146,-4.431747890471396,0.0,0.0,-1.000088900581841e-12,0,0,1.0,6.944444444444444e-05,0.0,3.850585933342012,0.0,-3.850585933342012,0.0,3.850585933342012,18.809754877662918,0.0,0.0,-1.000088900581841e-12,0.0,0.0,Train006,10.0
5,2,1,6.944444444444444e-05,0.0,9.40487743883146,0.0,-9.40487743883146,0.0,9.40487743883146,-4.431747890471396,0.0,0.0,-1.000088900581841e-12,0,0,1.6,0.00011111111111111112,-0.2,3.850585933342012,0.0,-3.850585933342012,0.0,3.850585933342012,18.809754877662918,0.0,59.14871089043277,0.4158883083343672,0.0,0.2,Train006,10.0
5,3,3,0.00020833333333333335,0.0,6.940340991622616,3.715917370645038,-0.4478513066110171,-0.8957026132220344,1.0014259653943354,-3.270413862256279,0.628746038947269,50.69824137942545,1.0986122886651097,0,0,3.0,0.00020833333333333335,0.0,2.8415446738941723,1.5213870940826208,-0.18336123492104725,-0.3667224698420945,0.4100081857217699,13.880681983245234,0.2514984155789075,51.12580792545714,1.0986122886651097,0.0,0.0,Train006,10.0
5,4,1,6.944444444444444e-05,0.0,17.51779989139034,0.0,17.46620095782986,1.343553919833066,17.51779989139034,-8.254703287660803,0.0,0.0,-1.000088900581841e-12,0,0,1.0,6.944444444444444e-05,0.0,7.172214022309352,0.0,7.15108816192088,0.5500837047631446,7.172214022309352,35.035599782780686,0.0,0.0,-1.000088900581841e-12,0.0,0.0,Train006,10.0
5,5,1,6.944444444444444e-05,0.0,40.396088554350364,0.0,2.687107839666132,-40.306617594992034,40.396088554350364,-19.03536557476663,0.0,0.0,-1.000088900581841e-12,0,0,1.0,6.944444444444444e-05,0.0,16.53914273323548,0.0,1.1001674095262892,-16.50251114289435,16.53914273323548,80.79217710870073,0.0,0.0,-1.000088900581841e-12,0.0,0.0,Train006,10.0
6,0,1,6.944444444444444e-05,0.0,7.069596887312877,0.0,6.706808490943627,-2.235602830314542,7.069596887312877,-14.27784204526648,1.1102230246251565e-16,0.0,-1.000088900581841e-12,0,0,1.4,9.722222222222222e-05,-0.2,4.892954199052877,0.0,4.641863926767593,-1.5472879755891977,4.892954199052877,14.139193774625756,6.661338147750939e-17,6.248199740725323,0.27725887222257806,0.0,0.2,Train006,10.0
6,1,1,6.944444444444444e-05,0.0,7.824609906100864,0.0,-7.824609906100864,0.0,7.824609906100864,-15.802675327305966,0.0,0.0,-1.000088900581841e-12,0,0,1.0,6.944444444444444e-05,0.0,5.415507914562186,0.0,-5.415507914562186,0.0,5.415507914562186,15.649219812201727,0.0,0.0,-1.000088900581841e-12,0.0,0.0,Train006,10.0
6,2,1,6.944444444444444e-05,0.0,7.824609906100955,0.0,-7.824609906100955,0.0,7.824609906100955,-15.80267532730506,0.0,0.0,-1.000088900581841e-12,0,0,1.4,9.722222222222222e-05,-0.2,5.415507914562204,0.0,-5.415507914562204,0.0,5.415507914562204,15.64921981220191,0.0,39.43247392695518,0.27725887222257806,0.0,0.2,Train006,10.0
6,3,3,0.00020833333333333335,0.0,5.774180602348781,3.0915452176497613,-0.37260047171908267,-0.7452009434381637,0.8331599832123553,-11.661603892738356,0.6287460389472697,50.65634407783134,1.0986122886651097,0,0,3.0,0.00020833333333333335,0.0,3.9963807943639282,2.139696137612573,-0.2578813292648638,-0.5157626585297272,0.576640182364241,11.548361204697562,0.37724762336836143,50.9850203341954,1.0986122886651097,0.0,0.0,Train006,10.0
6,4,1,6.944444444444444e-05,0.0,14.574347348464403,0.0,14.531418397044515,1.11780141515726,14.574347348464403,-29.43452542925936,1.1102230246251565e-16,0.0,-1.000088900581841e-12,0,0,1.0,6.944444444444444e-05,0.0,10.087083492002233,0.0,10.057371841329783,0.7736439877945965,10.087083492002233,29.14869469692881,2.2204460492503132e-17,0.0,-1.000088900581841e-12,0.0,0.0,Train006,10.0
6,5,1,6.944444444444444e-05,0.0,33.60847993244786,0.0,2.23560283031452,-33.53404245471816,33.60847993244786,-67.87608621902507,0.0,0.0,-1.000088900581841e-12,0,0,1.0,6.944444444444444e-05,0.0,23.26083871972505,0.0,1.547287975589193,-23.209319633837982,23.26083871972505,67.21695986489571,0.0,0.0,-1.000088900581841e-12,0.0,0.0,Train006,10.0
7,0,1,6.944444444444444e-05,0.0,5.809570379476197,0.0,5.511442387858057,-1.83714746261934,5.809570379476197,-12.600265078366801,0.0,0.0,-1.000088900581841e-12,0,0,1.2,8.333333333333333e-05,-0.2,6.054868274948116,0.0,5.7441524043392045,-1.9147174681130656,6.054868274948116,11.619140758952394,6.661338147750939e-17,3.1240998703626617,0.13862943611078898,0.0,0.2,Train006,10.0
7,1,1,6.944444444444444e-05,0.0,6.430016119167704,0.0,-6.430016119167704,0.0,6.430016119167704,-13.9459378693316,0.0,0.0,-1.000088900581841e-12,0,0,1.0,6.944444444444444e-05,0.0,6.701511138395726,0.0,-6.701511138395726,0.0,6.701511138395726,12.860032238335407,0.0,0.0,-1.000088900581841e-12,0.0,0.0,Train006,10.0
7,2,1,6.944444444444444e-05,0.0,6.430016119167757,0.0,-6.430016119167757,0.0,6.430016119167757,-13.945937869331981,0.0,0.0,-1.000088900581841e-12,0,0,1.2,8.333333333333333e-05,-0.2,6.701511138395754,0.0,-6.701511138395754,0.0,6.701511138395754,12.860032238335512,0.0,19.71623696347759,0.13862943611078898,0.0,0.2,Train006,10.0
7,3,3,0.00020833333333333335,0.0,4.745038384487301,2.5405337545485005,-0.3061912437698828,-0.612382487539763,0.6846644351846646,-10.291422178614804,0.6287460389472704,50.64938801379868,1.0986122886651097,0,0,3.0,0.00020833333333333335,0.0,4.9453884712613885,2.647802888522273,-0.3191195780188404,-0.6382391560376799,0.7135730694011739,9.4900767689746,0.5029968311578156,50.84284153012713,1.0986122886651097,0.0,0.0,Train006,10.0
7,4,1,6.944444444444444e-05,0.0,11.976736157020035,0.0,11.941458507025803,0.9185737313096496,11.976736157020035,-25.976111914443685,1.1102230246251565e-16,0.0,-1.000088900581841e-12,0,0,1.0,6.944444444444444e-05,0.0,12.482430723406239,0.0,12.445663542734945,0.9573587340565265,12.482430723406239,23.953472314040074,4.4408920985006264e-17,0.0,-1.000088900581841e-12,0.0,0.0,Train006,10.0
7,5,1,6.944444444444444e-05,0.0,27.618382296332538,0.0,1.8371474626192992,-27.55721193929034,27.618382296332538,-59.90097636115319,0.0,0.0,-1.000088900581841e-12,0,0,1.0,6.944444444444444e-05,0.0,28.78451517899156,0.0,1.914717468113053,-28.72076202169605,28.78451517899156,55.236764592665075,0.0,0.0,-1.000088900581841e-12,0.0,0.0,Train006,10.0
8,0,1,6.944444444444444e-05,0.0,4.830199918684505,0.0,4.582329989100939,-1.5274433297003165,4.830199918684505,-9.793704607916922,1.1102230246251565e-16,0.0,-1.000088900581841e-12,0,0,1.0,6.944444444444444e-05,-0.2,7.020908258685017,0.0,6.6606184021593915,-2.220206134053129,7.020908258685017,9.66039983736901,8.881784197001253e-17,0.0,-1.000088900581841e-12,0.0,0.2,Train006,10.0
8,1,1,6.944444444444444e-05,0.0,5.346051653951081,0.0,-5.346051653951081,0.0,5.346051653951081,-10.839644652166234,0.0,0.0,-1.000088900581841e-12,0,0,1.0,6.944444444444444e-05,0.0,7.770721469185942,0.0,-7.770721469185942,0.0,7.770721469185942,10.692103307902162,0.0,0.0,-1.000088900581841e-12,0.0,0.0,Train006,10.0
8,2,1,6.944444444444444e-05,0.0,5.346051653951101,0.0,-5.346051653951101,0.0,5.346051653951101,-10.839644652166553,0.0,0.0,-1.000088900581841e-12,0,0,1.0,6.944444444444444e-05,-0.2,7.7707214691859745,0.0,-7.7707214691859745,0.0,7.7707214691859745,10.692103307902201,0.0,0.0,-1.000088900581841e-12,0.0,0.2,Train006,10.0
8,3,3,0.00020833333333333335,0.0,3.9451254605459987,2.1122535976131576,-0.2545738882833787,-0.5091477765667444,0.5692445194980603,-7.999129239413019,0.6287460389472717,50.6530183452466,1.0986122886651097,0,0,3.0,0.00020833333333333335,0.0,5.734413563370588,3.0702536080449048,-0.37003435567551607,-0.7400687113510287,0.8274219733007859,7.890250921091997,0.6287460389472699,50.70138879234845,1.0986122886651097,0.0,0.0,Train006,10.0
8,4,1,6.944444444444444e-05,0.0,9.957712228793078,0.0,9.928381643052093,0.7637216648501137,9.957712228793078,-20.190239282269573,0.0,0.0,-1.000088900581841e-12,0,0,1.0,6.944444444444444e-05,0.0,14.473973169164855,0.0,14.431339871345363,1.1101030670265493,14.473973169164855,19.91542445758616,4.4408920985006264e-17,0.0,-1.000088900581841e-12,0.0,0.0,Train006,10.0
8,5,1,6.944444444444444e-05,0.0,22.962508276553645,0.0,1.5274433297002274,-22.911649945504777,22.962508276553645,-46.55874019778892,0.0,0.0,-1.000088900581841e-12,0,0,1.0,6.944444444444444e-05,0.0,33.37701683430229,0.0,2.2202061340530985,-33.303092010797,33.37701683430229,45.92501655310729,0.0,0.0,-1.000088900581841e-12,0.0,0.0,Train006,10.0
9,0,2,0.0001388888888888889,1.0,4.172036795255705,4.172036795255705,4.170818751425987,0.10080656586186246,4.172036795255705,35.13873671826906,7.299122373394251e-05,12.872257171219767,0.6931471805579453,1,0,1.2,8.333333333333333e-05,0.2,6.075757014513761,0.834407359051141,5.806544627665401,-1.6372989792876935,6.075757014513761,-1.107438851201141,1.4598244746855115e-05,2.5744514342439535,0.13862943611078898,0.2,0.0,Train006,10.0
9,1,1,6.944444444444444e-05,0.0,8.007757325938698,0.0,-7.992317689822791,0.49702649433462076,8.007757325938698,26.61705671987617,0.0,0.0,-1.000088900581841e-12,0,0,1.0,6.944444444444444e-05,0.0,7.402662488797961,0.0,-7.399574561574781,0.09940529886692415,7.402662488797961,-3.680589803879805,0.0,0.0,-1.000088900581841e-12,0.0,0.0,Train006,10.0
9,2,2,0.0001388888888888889,1.0,10.8828701363286,0.8530646586378978,-10.778339219703213,1.4617143920217197,10.87700350734686,46.83753823739601,0.000542403641015099,99.91178884091077,0.6931471805579453,1,0,1.2,8.333333333333333e-05,0.2,7.977685050875975,0.17061293172757958,-7.956778867550898,0.2923428784043439,7.976511725079627,0.3635064996242036,0.0001084807282030198,19.982357768182155,0.13862943611078898,0.2,0.0,Train006,10.0
9,3,2,0.0001388888888888889,-1.0,8.142479705311388,3.5191744848978654,-3.49913235057678,0.42317315368191977,3.5246280264518814,45.47560277756149,0.9733076668534751,96.88942266882306,0.6931471805579453,0,1,2.8,0.00019444444444444443,-0.2,5.909433028863217,2.9958848850708644,-0.9760698521920282,-0.4678521334169571,1.3226245859482595,2.450606720907807,0.6976583645285113,59.90928289702502,1.0175192670436768,0.0,0.2,Train006,10.0
9,4,1,6.944444444444444e-05,0.0,11.915545174997005,0.0,11.86071674366325,1.1417596699746517,11.915545174997005,19.578329462039274,1.1102230246251565e-16,0.0,-1.000088900581841e-12,0,0,1.0,6.944444444444444e-05,0.0,13.188428160132972,0.0,13.145635249723105,1.0570820802249483,13.188428160132972,-12.85545009031883,6.661338147750939e-17,0.0,-1.000088900581841e-12,0.0,0.0,Train006,10.0
9,5,0,0.0,-1.0,0.0,0.0,0.0,0.0,0.0,0.0,0.0,0.0,0.0,0,1,0.8,5.555555555555556e-05,-0.2,24.91709181193688,0.0,1.6574602924600357,-24.861904386901063,24.91709181193688,-38.67423367054676,0.0,0.0,-8.000711204654728e-13,0.0,0.2,Train006,10.0
10,0,2,0.0001388888888888889,0.0,4.357151074686957,4.357151074686957,4.343535824278406,0.3441831356354019,4.357151074686957,1.8511427943125192,0.0007815067953885757,13.79218283826734,0.6931471805579453,0,0,1.4,9.722222222222222e-05,0.2,5.247711011083248,1.7058375739885325,5.062987088721403,-1.0310407842273868,5.247711011083248,0.06361355620627478,0.00017089960382454805,5.332888001897421,0.27725887222257806,0.2,0.0,Train006,10.0
10,1,1,6.944444444444444e-05,0.0,8.066365188658152,0.0,-8.044217111188924,0.5973428034649618,8.066365188658152,0.5860786271945351,0.0,0.0,-1.000088900581841e-12,0,0,1.0,6.944444444444444e-05,0.0,7.134960038763299,0.0,-7.127442496046273,0.21887385955991653,7.134960038763299,-2.6770245003466187,0.0,0.0,-1.000088900581841e-12,0.0,0.0,Train006,10.0
10,2,2,0.0001388888888888889,0.0,10.68268308911411,0.18091947360653385,-10.574689941921843,1.4903254333645344,10.679191788947147,-2.001870472144889,0.00032691243995530694,99.05184078637097,0.6931471805579453,0,0,1.4,9.722222222222222e-05,0.2,8.233246180932506,0.20679682644888633,-8.190741368168974,0.5904079650772508,8.231374595102764,0.8494819832895051,0.00017386321619408118,39.79272592545635,0.27725887222257806,0.2,0.0,Train006,10.0
10,3,2,0.0001388888888888889,0.0,8.784661452672992,3.4538936723392144,-3.424765752129514,0.6200986704164421,3.4804515250196313,6.421817473616045,0.946870069084445,94.39282919040919,0.6931471805579453,0,0,2.6,0.00018055555555555555,-0.2,6.278297121073292,2.9434801454097,-1.5714527412957273,-0.16469187668926183,1.8184296978733188,4.3890529880822715,0.7612831705559464,68.64820045922178,0.936426245422244,0.0,0.2,Train006,10.0
10,4,1,6.944444444444444e-05,0.0,11.413204973428632,0.0,11.35520352856118,1.1491738730269714,11.413204973428632,-5.023402015683729,0.0,0.0,-1.000088900581841e-12,0,0,1.0,6.944444444444444e-05,0.0,11.96750917654063,0.0,11.923435763869367,1.0182060708637293,11.96750917654063,-12.209189835923414,6.661338147750939e-17,0.0,-1.000088900581841e-12,0.0,0.0,Train006,10.0
10,5,0,0.0,0.0,0.0,0.0,0.0,0.0,0.0,0.0,0.0,0.0,0.0,0,0,0.6,4.1666666666666665e-05,-0.2,16.83787410106681,0.0,1.1200387245268093,-16.800580867902656,16.83787410106681,-34.86716055559343,0.0,0.0,-6.000533403491046e-13,0.0,0.2,Train006,10.0
11,0,2,0.0001388888888888889,0.0,4.052376757281009,4.052376757281009,4.033645391085359,0.3891815025501435,4.052376757281009,-3.0477431740594785,0.0011562474709144732,14.122116958360284,0.6931471805579453,0,0,1.6,0.00011111111111111112,0.2,4.644266985076874,2.5163129254447343,4.5283544687497495,-0.5060839176544498,4.644266985076874,2.3096333304476753,0.0004021490980074205,8.157311393569477,0.4158883083343672,0.2,0.0,Train006,10.0
11,1,1,6.944444444444444e-05,0.0,7.41171916671629,0.0,-7.389154285246343,0.5779099887484327,7.41171916671629,-6.546460219418613,0.0,0.0,-1.000088900581841e-12,0,0,1.0,6.944444444444444e-05,0.0,7.052381890886386,0.0,-7.040351371875369,0.33445585730960303,7.052381890886386,-0.825781478769148,0.0,0.0,-1.000088900581841e-12,0.0,0.0,Train006,10.0
11,2,2,0.0001388888888888889,0.0,9.75123682566495,0.018170971732756058,-9.650715629408435,1.3779630736298247,9.748594482898321,-9.314462634491614,0.0002709760813490725,98.75682021236327,0.6931471805579453,0,0,1.6,0.00011111111111111112,0.2,8.618571564845304,0.21043102079543755,-8.55596251283047,0.8660005798032158,8.616171510462237,2.147124521852194,0.00022805843246389567,59.544089967929004,0.4158883083343672,0.2,0.0,Train006,10.0
11,3,2,0.0001388888888888889,0.0,8.247512926201196,3.145564978135377,-3.1166671538747646,0.628023242836422,3.1793124007534397,-5.371485264717957,0.9394020663932974,93.53002580800698,0.6931471805579453,0,0,2.4,0.0001666666666666667,-0.2,6.772963585843774,2.954284097506823,-2.120266077726864,0.10995296056565529,2.2876601813815354,5.647076713686351,0.823414376045152,77.22293680525691,0.855333223800811,0.0,0.2,Train006,10.0
11,4,1,6.944444444444444e-05,0.0,10.3094391771443,0.0,10.255255168681314,1.055593469320895,10.3094391771443,-11.03765796284332,1.1102230246251565e-16,0.0,-1.000088900581841e-12,0,0,1.0,6.944444444444444e-05,0.0,11.11452754227661,0.0,11.06820311819673,1.0057644816964564,11.11452754227661,-8.529816342640206,6.661338147750939e-17,0.0,-1.000088900581841e-12,0.0,0.0,Train006,10.0
11,5,0,0.0,0.0,0.0,0.0,0.0,0.0,0.0,0.0,0.0,0.0,0.0,0,0,0.4,2.7777777777777772e-05,-0.2,10.116178114577236,0.0,0.6729181584639053,-10.093772376959024,10.116178114577236,-21.291943311788422,0.0,0.0,-4.000355602327364e-13,0.0,0.2,Train006,10.0
12,0,2,0.0001388888888888889,0.0,3.640716956862963,3.640716956862963,3.6215858923608595,0.3727406393758403,3.640716956862963,-4.116598004180463,0.0013145520091816243,14.224775787722209,0.6931471805579453,0,0,1.8,0.000125,0.2,4.210496300554228,3.2444563168173266,4.1503831696503095,-0.06410629725541367,4.210496300554228,4.006366745284942,0.0006650594998437453,11.00226655111392,0.5545177444461562,0.2,0.0,Train006,10.0
12,1,1,6.944444444444444e-05,0.0,6.628064413771355,0.0,-6.60710848920762,0.5266453122764989,6.628064413771355,-7.836547529449351,0.0,0.0,-1.000088900581841e-12,0,0,1.0,6.944444444444444e-05,0.0,7.091991549807115,0.0,-7.075769845883352,0.43978491976490286,7.091991549807115,0.3960965892073016,0.0,0.0,-1.000088900581841e-12,0.0,0.0,Train006,10.0
12,2,2,0.0001388888888888889,0.0,8.699839179565455,0.07727936784878153,-8.609465172235081,1.235415362789535,8.697651503167119,-10.513976460994954,0.00025148155123067006,98.65126491836166,0.6931471805579453,0,0,1.8,0.000125,0.2,9.072536176924846,0.22588689436519385,-8.991852323443933,1.1130836523611227,9.069698587262108,2.8335168035195997,0.0002783547427100297,79.27434295160133,0.5545177444461562,0.2,0.0,Train006,10.0
12,3,2,0.0001388888888888889,0.0,7.435106487132158,2.8034240447184593,-2.776908932327331,0.5813543038953173,2.8371105098492246,-8.124064390690382,0.9367005917810836,93.2717650711131,0.6931471805579453,0,0,2.2,0.00015277777777777777,-0.2,7.310977206372746,3.006862155540815,-2.614409615438354,0.34870031885267133,2.7181493963144474,6.080548271271235,0.8850052866119146,85.74741221671978,0.7742402021793782,0.0,0.2,Train006,10.0
12,4,1,6.944444444444444e-05,0.0,9.159235998168183,0.0,9.110472463440974,0.9438726413153696,9.159235998168183,-11.502031789761169,0.0,0.0,-1.000088900581841e-12,0,0,1.0,6.944444444444444e-05,0.0,10.55102751050624,0.0,10.502005909479763,1.0108242636976004,10.55102751050624,-5.635000317703703,4.4408920985006264e-17,0.0,-1.000088900581841e-12,0.0,0.0,Train006,10.0
12,5,0,0.0,0.0,0.0,0.0,0.0,0.0,0.0,0.0,0.0,0.0,0.0,0,0,0.2,1.388888888888889e-05,-0.2,4.592501655310729,0.0,0.3054886659400455,-4.5823299891009555,4.592501655310729,-9.311748039557784,0.0,0.0,-2.000177801163682e-13,0.0,0.2,Train006,10.0
13,0,2,0.0001388888888888889,0.0,3.2393698532635975,3.2393698532635975,3.221496202236973,0.3398224024483681,3.2393698532635975,-4.013471035993654,0.001380360718263196,14.24383424345297,0.6931471805579453,0,0,2.0,0.0001388888888888889,0.2,3.8923302874700463,3.8923302874700463,3.8782164122775162,0.30934684917432326,3.8923302874700463,5.1624134596695965,0.0009411316434963623,13.851033399804512,0.6931471805579453,0.2,0.0,Train006,10.0
13,1,1,6.944444444444444e-05,0.0,5.886452050653358,0.0,-5.867560923715454,0.4712181566202419,5.886452050653358,-7.416123631179969,1.1102230246251565e-16,0.0,-1.000088900581841e-12,0,0,1.0,6.944444444444444e-05,0.0,7.200071629147571,0.0,-7.180071699836226,0.5340285510889512,7.200071629147571,1.0808007934045545,2.2204460492503132e-17,0.0,-1.000088900581841e-12,0.0,0.0,Train006,10.0
13,2,2,0.0001388888888888889,0.0,7.718062421537436,0.09144538335815522,-7.637641128025575,1.0981222154414598,7.716180039407702,-9.81776758028019,0.00024392734162081986,98.6125665096214,0.6931471805579453,0,0,2.0,0.0001388888888888889,0.2,9.54693833044211,0.2441759710368249,-9.45017021825883,1.3327080954494146,9.543724264353429,3.0378922178968724,0.00032714021103419366,98.99685625352562,0.6931471805579453,0.2,0.0,Train006,10.0
13,3,2,0.0001388888888888889,0.0,6.624406101786391,2.4863435495347477,-2.4625623052375047,0.5233248186893911,2.5175547606820667,-8.107003853457666,0.9356373426857496,93.23247084356535,0.6931471805579453,0,0,2.0,0.0001388888888888889,-0.2,7.846833334620824,3.081680145925133,-3.0560072988291784,0.5551948379038985,3.1078114445512486,6.058973348462306,0.9463835473596101,94.26330271638354,0.6931471805579453,0.0,0.2,Train006,10.0
13,4,1,6.944444444444444e-05,0.0,8.113008026247021,0.0,8.069589918607337,0.838222989102194,8.113008026247021,-10.462279719211622,0.0,0.0,-1.000088900581841e-12,0,0,1.0,6.944444444444444e-05,0.0,10.18208666999703,0.0,10.130247564590812,1.0257245285480163,10.18208666999703,-3.689408405092113,4.4408920985006264e-17,0.0,-1.000088900581841e-12,0.0,0.0,Train006,10.0
13,5,0,0.0,0.0,0.0,0.0,0.0,0.0,0.0,0.0,0.0,0.0,0.0,0,0,0.0,0.0,-0.2,0.0,0.0,0.0,0.0,0.0,0.0,0.0,0.0,0.0,0.0,0.2,Train006,10.0
14,0,2,0.0001388888888888889,0.0,10.572056244938059,1.6214998683008321,-1.6319035164679478,0.30497574255550924,1.6601564054653821,73.32686391674461,0.9659067963904189,19.524220310066905,0.6931471805579453,0,0,2.0,0.0001388888888888889,0.0,5.172334177406517,3.3822229020790715,2.7176719586987295,0.3501806845130526,3.389954209511982,12.800038899364708,0.19410789267683334,15.18142602757394,0.6931471805579453,0.0,0.0,Train006,10.0
14,1,1,6.944444444444444e-05,0.0,7.703082027762015,0.0,-7.702818725191481,0.06368997778027755,7.703082027762015,18.16629977108657,0.0,0.0,-1.000088900581841e-12,0,0,1.0,6.944444444444444e-05,0.0,7.139136569512234,0.0,-7.122171906909965,0.44736124777808256,7.139136569512234,-0.6093505963533659,2.2204460492503132e-17,0.0,-1.000088900581841e-12,0.0,0.0,Train006,10.0
14,2,3,0.00020833333333333335,1.0,16.52240585693453,9.266811636647502,-5.428122796004245,-9.731743753060814,11.143220071583398,22.688339826153978,0.29530629296774613,40.25561862713093,1.0986122886651097,1,0,2.2,0.00015277777777777777,0.2,10.674845474563295,1.9269253666387456,-8.380126933519037,-0.905983533567092,9.596967577200738,-1.7919474643515343,0.0592799180763804,87.06562221076965,0.7742402021793782,0.2,0.0,Train006,10.0
14,3,3,0.00020833333333333335,1.0,8.31815439267526,1.9789869462909089,1.2473520750345786,0.4390209553065503,1.3223564565923005,16.150477532212975,0.6609248130928935,43.240106568741076,1.0986122886651097,1,0,2.2,0.00015277777777777777,0.2,7.881968272093599,2.7736426382037416,-2.106710413706907,0.5583643982288246,2.667357130579332,0.19394829939260277,0.8839069766074938,83.53343949636714,0.7742402021793782,0.2,0.0,Train006,10.0
14,4,1,6.944444444444444e-05,0.0,11.43083351585454,0.0,11.43078796240966,0.03227112662833695,11.43083351585454,33.17825489607518,0.0,0.0,-1.000088900581841e-12,0,0,1.0,6.944444444444444e-05,0.0,10.085144338168536,0.0,10.044261808340092,0.8038268198787535,10.085144338168536,-0.9694233182849317,2.2204460492503132e-17,0.0,-1.000088900581841e-12,0.0,0.0,Train006,10.0
14,5,1,6.944444444444444e-05,1.0,0.0,0.0,0.0,0.0,0.0,0.0,0.0,0.0,-1.000088900581841e-12,1,0,0.2,1.388888888888889e-05,0.2,0.0,0.0,0.0,0.0,0.0,0.0,0.0,0.0,-2.000177801163682e-13,0.2,0.0,Train006,10.0
15,0,2,0.0001388888888888889,0.0,10.94106965297522,1.7940766640253365,-1.8022062633499996,0.2725716376303438,1.8227020363456161,3.690134080371603,0.9701877058503777,21.632795727050215,0.6931471805579453,0,0,2.0,0.0001388888888888889,0.0,6.48911789306417,2.8696080199467477,1.4885235411730489,0.335858384912041,2.883064401843714,13.167837156576525,0.3879891324878312,16.749548605330517,0.6931471805579453,0.0,0.0,Train006,10.0
15,1,1,6.944444444444444e-05,0.0,7.774968927356521,0.0,-7.774613919614348,-0.0742981984857474,7.774968927356521,0.7188689959450567,0.0,0.0,-1.000088900581841e-12,0,0,1.0,6.944444444444444e-05,0.0,7.080857317251907,0.0,-7.0682512685950485,0.3130330473879407,7.080857317251907,-0.5827925226032609,2.2204460492503132e-17,0.0,-1.000088900581841e-12,0.0,0.0,Train006,10.0
15,2,3,0.00020833333333333335,0.0,16.019442743596315,8.448962586122322,-5.531978220252764,-9.398884746256982,10.906044998200453,-5.029631133382146,0.28527522085086887,40.602185729245356,1.0986122886651097,0,0,2.4,0.0001666666666666667,0.2,11.742197405459738,3.580533989141903,-7.37158458918522,-3.0838255694913954,9.642338219051398,-2.397499596598986,0.11626957975856311,75.37569119934452,0.855333223800811,0.2,0.0,Train006,10.0
15,3,3,0.00020833333333333335,0.0,8.16447834793939,1.8243897020285083,1.247851325777036,0.48098044765449505,1.337338821043278,-1.5367604473586944,0.6596973836104423,42.375070208747346,1.0986122886651097,0,0,2.4,0.0001666666666666667,0.2,7.757931651146879,2.4477418441416003,-1.172186998125597,0.5305407536764352,2.2387345897840616,-1.397767284802345,0.8264724395126933,73.12988770003477,0.855333223800811,0.2,0.0,Train006,10.0
15,4,1,6.944444444444444e-05,0.0,11.74873943268441,0.0,11.746405368333399,-0.23417766738498552,11.74873943268441,3.1790591682987035,0.0,0.0,-1.000088900581841e-12,0,0,1.0,6.944444444444444e-05,0.0,10.15225123001969,0.0,10.122502176294537,0.527156511796362,10.15225123001969,0.6710689185115548,2.2204460492503132e-17,0.0,-1.000088900581841e-12,0.0,0.0,Train006,10.0
15,5,1,6.944444444444444e-05,0.0,0.0,0.0,0.0,0.0,0.0,0.0,0.0,0.0,-1.000088900581841e-12,0,0,0.4,2.777777777777778e-05,0.2,0.0,0.0,0.0,0.0,0.0,0.0,0.0,0.0,-4.000355602327364e-13,0.2,0.0,Train006,10.0
16,0,2,0.0001388888888888889,0.0,9.899875662191176,1.2993634476577558,-1.3062689545021566,0.24360461805563843,1.328789596374908,-10.41193990784043,0.9716641906684305,22.339356110901136,0.6931471805579453,0,0,2.0,0.0001388888888888889,0.0,7.658617674046203,2.319005358022097,0.4205406720555457,0.30674300801314003,2.338346969662493,11.694997809820332,0.5820907211273344,18.39299643583869,0.6931471805579453,0.0,0.0,Train006,10.0
16,1,1,6.944444444444444e-05,0.0,7.279372361158822,0.0,-7.278463020711951,-0.11505663184550807,7.279372361158822,-4.955965661976984,1.1102230246251565e-16,0.0,-1.000088900581841e-12,0,0,1.0,6.944444444444444e-05,0.0,7.054387956140414,0.0,-7.046113015688171,0.17443972326915258,7.054387956140414,-0.2646936111149351,4.4408920985006264e-17,0.0,-1.000088900581841e-12,0.0,0.0,Train006,10.0
16,2,3,0.00020833333333333335,0.0,14.809260140581825,7.650392857774437,-5.193215173920833,-8.686313053843772,10.12035168914689,-12.101826030144913,0.28176448334367343,40.753113827572975,1.0986122886651097,0,0,2.6,0.00018055555555555557,0.2,12.753802068443111,5.10697836635024,-6.480084498087701,-5.096680794986115,9.716689660301112,-2.954972275729646,0.172568281211028,63.77494992238646,0.936426245422244,0.2,0.0,Train006,10.0
16,3,3,0.00020833333333333335,0.0,7.574368247103522,1.654156427429924,1.1712541918442374,0.4621951869255347,1.259150814132218,-5.901101008358681,0.6592269682697169,42.08359090164965,1.0986122886651097,0,0,2.6,0.00018055555555555557,0.2,7.623302715327344,2.1494601340005097,-0.31460272898179664,0.4973751424942576,1.8547022724598174,-1.50369043353049,0.7704374198879772,62.8406007187633,0.936426245422244,0.2,0.0,Train006,10.0
16,4,1,6.944444444444444e-05,0.0,11.069684874610264,0.0,11.065432142567337,-0.3068138220694592,11.069684874610264,-6.790545580741458,0.0,0.0,-1.000088900581841e-12,0,0,1.0,6.944444444444444e-05,0.0,10.304300369512884,0.0,10.284537571071741,0.2546750535182912,10.304300369512884,1.520491394931927,0.0,0.0,-1.000088900581841e-12,0.0,0.0,Train006,10.0
16,5,1,6.944444444444444e-05,0.0,0.0,0.0,0.0,0.0,0.0,0.0,0.0,0.0,-1.000088900581841e-12,0,0,0.6,4.1666666666666665e-05,0.2,0.0,0.0,0.0,0.0,0.0,0.0,0.0,0.0,-6.000533403491046e-13,0.2,0.0,Train006,10.0
17,0,2,0.0001388888888888889,0.0,8.69962563366051,0.8438152430755435,-0.8498695690833324,0.2180022529621439,0.8773843324053945,-12.002500285306667,0.9722388530484021,22.52594981248957,0.6931471805579453,0,0,2.0,0.0001388888888888889,0.0,8.670399409405713,1.7596250152646131,-0.47375042023329267,0.2757953307304007,1.7856804447709795,10.117817353595093,0.7762755813351785,20.05323124079216,0.6931471805579453,0.0,0.0,Train006,10.0
17,1,1,6.944444444444444e-05,0.0,6.638069260547362,0.0,-6.63696341791689,-0.1211614503741034,6.638069260547362,-6.413031006114602,0.0,0.0,-1.000088900581841e-12,0,0,1.0,6.944444444444444e-05,0.0,7.056388925495615,0.0,-7.052084001430025,0.044878370739032114,7.056388925495615,0.020009693552014696,4.4408920985006264e-17,0.0,-1.000088900581841e-12,0.0,0.0,Train006,10.0
17,2,3,0.00020833333333333335,0.0,13.437484608580634,6.884688965198158,-4.7401572163792265,-7.881082413637521,9.196768478467785,-13.717755320011902,0.2803951026667497,40.81084051648388,1.0986122886651097,0,0,2.8,0.00019444444444444443,0.2,13.701331154246148,6.468460285820115,-5.706222906916528,-6.919980350271525,9.816513055361245,-3.595728047533035,0.2285970054341318,52.206865042010904,1.0175192670436768,0.2,0.0,Train006,10.0
17,3,3,0.00020833333333333335,0.0,6.882340991775557,1.4895071109036453,1.0693077886773155,0.42570721459659516,1.1509325694781436,-6.920272553279648,0.6590357957108566,42.00873230818167,1.0986122886651097,0,0,2.8,0.00019444444444444443,0.2,7.512749616256023,1.8866767472375467,0.4546406152191326,0.46624572463451325,1.5174666843856013,-1.262932066048343,0.7149044606739319,52.58799416617702,1.0175192670436768,0.2,0.0,Train006,10.0
17,4,1,6.944444444444444e-05,0.0,10.119452287528306,0.0,10.114670886890668,-0.31104252032191937,10.119452287528306,-9.502325870819579,0.0,0.0,-1.000088900581841e-12,0,0,1.0,6.944444444444444e-05,0.0,10.496343627384908,0.0,10.48537725576168,0.003692021190833361,10.496343627384908,1.920432578720245,0.0,0.0,-1.000088900581841e-12,0.0,0.0,Train006,10.0
17,5,1,6.944444444444444e-05,0.0,0.0,0.0,0.0,0.0,0.0,0.0,0.0,0.0,-1.000088900581841e-12,0,0,0.8,5.555555555555556e-05,0.2,0.0,0.0,0.0,0.0,0.0,0.0,0.0,0.0,-8.000711204654728e-13,0.2,0.0,Train006,10.0
18,0,2,0.0001388888888888889,0.0,7.617794812513065,0.516434231205491,-0.5218151383362972,0.19540421599554425,0.5572018002714656,-10.818308211474452,0.9724731215123632,22.530339632976567,0.6931471805579453,0,0,2.0,0.0001388888888888889,0.0,9.546084401255605,1.2150378908529915,-1.2224126883479467,0.24691169343983593,1.2492468341725533,8.756849918498933,0.9704941334939985,21.71053231869688,0.6931471805579453,0.0,0.0,Train006,10.0
18,1,1,6.944444444444444e-05,0.0,5.996523721779153,0.0,-5.995412319907986,-0.11544635185073804,5.996523721779153,-6.415455387682094,0.0,0.0,-1.000088900581841e-12,0,0,1.0,6.944444444444444e-05,0.0,7.078403259720775,0.0,-7.077654280668531,-0.07245453095516388,7.078403259720775,0.22014334225158977,2.2204460492503132e-17,0.0,-1.000088900581841e-12,0.0,0.0,Train006,10.0
18,2,3,0.00020833333333333335,0.0,12.11106686762844,6.181798227702575,-4.283779908082017,-7.10190100787149,8.293839172933923,-13.264177409521944,0.27983663830353134,40.83213278005002,1.0986122886651097,0,0,3.0,0.00020833333333333335,0.2,14.579932043464348,7.686530854688999,-5.035450662927817,-8.559984994934116,9.932044882066489,-4.285010013381386,0.2845155476265139,40.65077829609663,1.0986122886651097,0.2,0.0,Train006,10.0
18,3,3,0.00020833333333333335,0.0,6.207257908824407,1.3387061690974429,0.965628330015222,0.38615380391536097,1.0399773228327094,-6.750830829511507,0.6589564698362157,42.01323702205695,1.0986122886651097,0,0,3.0,0.00020833333333333335,0.2,7.429319977663627,1.657149271150086,1.140278742269678,0.43881152167970716,1.22195119681573,-0.9916974612591112,0.659568286104025,42.34414740187534,1.0986122886651097,0.2,0.0,Train006,10.0
18,4,1,6.944444444444444e-05,0.0,9.150676798853674,0.0,9.146000136857927,-0.2925190142088387,9.150676798853674,-9.687754886746323,0.0,0.0,-1.000088900581841e-12,0,0,1.0,6.944444444444444e-05,0.0,10.703877381906238,0.0,10.700659299411798,-0.22245637947137314,10.703877381906238,2.075337545213305,0.0,0.0,-1.000088900581841e-12,0.0,0.0,Train006,10.0
18,5,1,6.944444444444444e-05,0.0,0.0,0.0,0.0,0.0,0.0,0.0,0.0,0.0,-1.000088900581841e-12,0,0,1.0,6.944444444444444e-05,0.2,0.0,0.0,0.0,0.0,0.0,0.0,0.0,0.0,-1.000088900581841e-12,0.2,0.0,Train006,10.0
19,0,2,0.0001388888888888889,0.0,9.99789419939834,1.0592281521876927,-1.0670714058354864,0.558777014078613,1.2045219535626288,23.800993868852757,0.9423126789228075,27.47616220833818,0.6931471805579453,0,0,2.0,0.0001388888888888889,0.0,9.431251992147661,1.1025835476303638,-1.1094462662214544,0.29767194774445666,1.1581199437920024,-1.148324091079438,0.9657753100004761,23.300920698351135,0.6931471805579453,0.0,0.0,Train006,10.0
19,1,1,6.944444444444444e-05,0.0,8.25203698610553,0.0,-8.24124198768343,-0.42195369473118605,8.25203698610553,22.555132643263775,0.0,0.0,-1.000088900581841e-12,0,0,1.0,6.944444444444444e-05,0.0,7.188194251389478,0.0,-7.18533893316692,-0.16958326545745658,7.188194251389478,1.0979099166870305,2.2204460492503132e-17,0.0,-1.000088900581841e-12,0.0,0.0,Train006,10.0
19,2,1,6.944444444444444e-05,-2.0,18.54251686523776,0.0,-0.14106738483885994,-18.541980252674243,18.54251686523776,-22.576979520926983,0.0,0.0,-1.000088900581841e-12,0,2,2.6,0.00018055555555555557,-0.4,14.983954245124995,5.833168527359499,-3.97803958069474,-10.322032294856802,11.411904240797362,-13.338073882797579,0.22545428903296466,32.59965457067044,0.8788898309318878,0.0,0.4,Train006,10.0
19,3,3,0.00020833333333333335,0.0,8.40944868266161,1.7683389404573393,1.1878317729273522,0.2431582936411795,1.2124645465093926,22.02190773837201,0.6650633030836401,37.9165703343265,1.0986122886651097,0,0,3.0,0.00020833333333333335,0.0,7.447578835660897,1.615019669983372,1.1283746818482328,0.3996389893466331,1.1999728147991484,0.18258857997269615,0.6603959841021743,41.27944015499242,1.0986122886651097,0.0,0.0,Train006,10.0
19,4,1,6.944444444444444e-05,0.0,12.981636565361583,0.0,12.976541135995838,0.3636867621191643,12.981636565361583,38.309597665079096,0.0,0.0,-1.000088900581841e-12,0,0,1.0,6.944444444444444e-05,0.0,11.014037991807648,0.0,11.009809934129034,-0.1561732523732077,11.014037991807648,3.101606099014088,0.0,0.0,-1.000088900581841e-12,0.0,0.0,Train006,10.0
19,5,0,0.0,-1.0,0.0,0.0,0.0,0.0,0.0,0.0,0.0,0.0,0.0,0,1,0.8,5.555555555555556e-05,-0.2,0.0,0.0,0.0,0.0,0.0,0.0,0.0,0.0,-8.000711204654728e-13,0.0,0.2,Train006,10.0
20,0,2,0.0001388888888888889,0.0,10.01470599722083,1.0080116002505974,-1.0155109445743653,0.6343632790340399,1.1973634570743918,0.16811797822489538,0.9351441793042795,29.33276760088411,0.6931471805579453,0,0,2.0,0.0001388888888888889,0.0,9.245979260996783,0.9453705348754161,-0.9521072024663276,0.3700302760251959,1.0330522279377576,-1.8527273115087795,0.9587666046912565,24.840915073117916,0.6931471805579453,0.0,0.0,Train006,10.0
20,1,1,6.944444444444444e-05,0.0,8.505795407937622,0.0,-8.491094180358102,-0.49987512638810017,8.505795407937622,2.537584218320923,0.0,0.0,-1.000088900581841e-12,0,0,1.0,6.944444444444444e-05,0.0,7.334359547505699,0.0,-7.328634985315672,-0.25469865103792716,7.334359547505699,1.4616529611622038,2.2204460492503132e-17,0.0,-1.000088900581841e-12,0.0,0.0,Train006,10.0
20,2,1,6.944444444444444e-05,0.0,16.706879427275602,0.0,-1.08575424510604,-16.67156135209774,16.706879427275602,-18.35637437962159,0.0,0.0,-1.000088900581841e-12,0,0,2.2,0.00015277777777777777,-0.4,15.121441581860854,4.143376010135034,-3.088794785665395,-11.776567616024954,12.572071126612393,-16.003422532045466,0.1683992448627909,24.47921742482137,0.6591673731986658,0.0,0.4,Train006,10.0
20,3,3,0.00020833333333333335,0.0,8.6373763745396,1.8244346114128804,1.1885678660897545,0.1793841028067883,1.2020283809631738,2.2792769187799187,0.6658562036912028,36.410306339844986,1.0986122886651097,0,0,3.0,0.00020833333333333335,0.0,7.5421584409809395,1.6150286518602464,1.1165179899107764,0.33931972037709174,1.1729107267831274,0.9457960532004186,0.6616277481183264,40.08648738121195,1.0986122886651097,0.0,0.0,Train006,10.0
20,4,1,6.944444444444444e-05,0.0,13.481840968028493,0.0,13.470031866630244,0.5641607919531451,13.481840968028493,5.002044026669097,0.0,0.0,-1.000088900581841e-12,0,0,1.0,6.944444444444444e-05,0.0,11.360658298876464,0.0,11.354535233788402,0.003494439494418411,11.360658298876464,3.4662030706881666,0.0,0.0,-1.000088900581841e-12,0.0,0.0,Train006,10.0
20,5,0,0.0,0.0,0.0,0.0,0.0,0.0,0.0,0.0,0.0,0.0,0.0,0,0,0.6,4.1666666666666665e-05,-0.2,0.0,0.0,0.0,0.0,0.0,0.0,0.0,0.0,-6.000533403491046e-13,0.0,0.2,Train006,10.0
21,0,2,0.0001388888888888889,0.0,9.311969867173236,0.8378222825098955,-0.8448556848263831,0.6149851920370504,1.0449822556427952,-7.027361300475938,0.932659093981313,29.969900052018787,0.6931471805579453,0,0,2.0,0.0001388888888888889,0.0,9.128398101993197,0.8530623018458441,-0.8598245485311728,0.44430639082147827,0.9762907597913351,-1.175811590035881,0.950965585353833,26.367023861341444,0.6931471805579453,0.0,0.0,Train006,10.0
21,1,1,6.944444444444444e-05,0.0,8.067610085141379,0.0,-8.052371668407975,-0.4956238489978424,8.067610085141379,-4.381853227962438,0.0,0.0,-1.000088900581841e-12,0,0,1.0,6.944444444444444e-05,0.0,7.4920070923022095,0.0,-7.483416714854878,-0.33081209446839405,7.4920070923022095,1.576475447965113,0.0,0.0,-1.000088900581841e-12,0.0,0.0,Train006,10.0
21,2,1,6.944444444444444e-05,0.0,15.060844892375098,0.0,-1.3406469432324066,-15.001057117609502,15.060844892375098,-16.460345349005046,0.0,0.0,-1.000088900581841e-12,0,0,1.8,0.000125,-0.4,15.171758532219508,2.6132974385801466,-2.31828113952771,-13.039516428778096,13.560169767258035,-16.875126395817496,0.1120463481940562,16.328594659306777,0.43944491546544384,0.0,0.4,Train006,10.0
21,3,3,0.00020833333333333335,0.0,8.18190374461675,1.7331059016790222,1.1148698745002221,0.14655621908242555,1.1244614543948925,-4.554726299228496,0.6660711890666311,35.87951687686751,1.0986122886651097,0,0,3.0,0.00020833333333333335,0.0,7.663665540483585,1.630818546710066,1.1052411264419733,0.27619192680846993,1.1459728548356622,1.2150709950264555,0.6629965922777092,38.845672576255524,1.0986122886651097,0.0,0.0,Train006,10.0
21,4,1,6.944444444444444e-05,0.0,12.82115225363341,0.0,12.807209369414833,0.5977736016436392,12.82115225363341,-6.606887143950821,1.1102230246251565e-16,0.0,-1.000088900581841e-12,0,0,1.0,6.944444444444444e-05,0.0,11.710951774681094,0.0,11.702890679157903,0.1844119242370381,11.710951774681094,3.502934758046294,2.2204460492503132e-17,0.0,-1.000088900581841e-12,0.0,0.0,Train006,10.0
21,5,0,0.0,0.0,0.0,0.0,0.0,0.0,0.0,0.0,0.0,0.0,0.0,0,0,0.4,2.7777777777777772e-05,-0.2,0.0,0.0,0.0,0.0,0.0,0.0,0.0,0.0,-4.000355602327364e-13,0.0,0.2,Train006,10.0
22,0,2,0.0001388888888888889,0.0,8.445732674329816,0.6724615887902385,-0.6789970379377244,0.5673465795477258,0.8848271689164543,-8.662371928434197,0.9316921979393509,30.14644141436442,0.6931471805579453,0,0,2.0,0.0001388888888888889,0.0,9.07761951012706,0.8187915709887831,-0.8256500423020512,0.5141752561385947,0.9777793270935472,-0.5077859186613871,0.9428562543320229,27.891122181716412,0.6931471805579453,0.0,0.0,Train006,10.0
22,1,1,6.944444444444444e-05,0.0,7.423924127482576,0.0,-7.409419820899968,-0.463839808848506,7.423924127482576,-6.436859576588025,0.0,0.0,-1.000088900581841e-12,0,0,1.0,6.944444444444444e-05,0.0,7.649178065689251,0.0,-7.637907995451492,-0.39934776616327455,7.649178065689251,1.5717097338704284,0.0,0.0,-1.000088900581841e-12,0.0,0.0,Train006,10.0
22,2,1,6.944444444444444e-05,0.0,13.575699358552855,0.0,-1.345534059039215,-13.508854546917657,13.575699358552855,-14.851455338222426,0.0,0.0,-1.000088900581841e-12,0,0,1.4,9.722222222222222e-05,-0.4,15.199401482213952,1.236359645540515,-1.639356508059708,-14.165070855434127,14.435955943275047,-17.1018663994596,0.055967327660706265,8.166426556010004,0.21972245773222188,0.0,0.4,Train006,10.0
22,3,3,0.00020833333333333335,0.0,7.524923373266785,1.5962468039903168,1.021001746847834,0.12635633692979306,1.0287907906608826,-6.569803713499657,0.6661467916399137,35.715786360463696,1.0986122886651097,0,0,3.0,0.00020833333333333335,0.0,7.792182016781831,1.6521664853274003,1.095579918076077,0.21632175127510944,1.12154449907221,1.2851647629824539,0.6644187914635207,37.587083386711925,1.0986122886651097,0.0,0.0,Train006,10.0
22,4,1,6.944444444444444e-05,0.0,11.810464725535983,0.0,11.796571072485042,0.5727023353705065,11.810464725535983,-10.106875280974279,0.0,0.0,-1.000088900581841e-12,0,0,1.0,6.944444444444444e-05,0.0,12.049154262282629,0.0,12.039270716276777,0.36116089537552326,12.049154262282629,3.382024876015354,2.2204460492503132e-17,0.0,-1.000088900581841e-12,0.0,0.0,Train006,10.0
22,5,0,0.0,0.0,0.0,0.0,0.0,0.0,0.0,0.0,0.0,0.0,0.0,0,0,0.2,1.388888888888889e-05,-0.2,0.0,0.0,0.0,0.0,0.0,0.0,0.0,0.0,-2.000177801163682e-13,0.0,0.2,Train006,10.0
23,0,2,0.0001388888888888889,0.0,7.597766841423349,0.5374360835591134,-0.5434637048648212,0.514373014592567,0.7482863066009178,-8.479658329064677,0.9312988641991443,30.15491461005912,0.6931471805579453,0,0,2.0,0.0001388888888888889,0.0,9.073613915909114,0.8229919414595075,-0.829979755607756,0.5779690158579992,1.0159962283594375,-0.04005594217943198,0.934621402869379,29.41603717713292,0.6931471805579453,0.0,0.0,Train006,10.0
23,1,1,6.944444444444444e-05,0.0,6.751843757498557,0.0,-6.738470707031484,-0.42474304720717926,6.751843757498557,-6.720803699840188,0.0,0.0,-1.000088900581841e-12,0,0,1.0,6.944444444444444e-05,0.0,7.800242072833133,0.0,-7.786519672876191,-0.46120710523456276,7.800242072833133,1.5106400714388097,0.0,0.0,-1.000088900581841e-12,0.0,0.0,Train006,10.0
23,2,1,6.944444444444444e-05,0.0,12.239647343467709,0.0,-1.2652286936705255,-12.17407751926892,12.239647343467709,-13.36052015085146,0.0,0.0,-1.000088900581841e-12,0,0,1.0,6.944444444444444e-05,-0.4,15.225117577381804,0.0,-1.0356462651774094,-15.179506157713613,15.225117577381804,-17.1211349477255,0.0,0.0,-1.000088900581841e-12,0.0,0.4,Train006,10.0
23,3,3,0.00020833333333333335,0.0,6.8418566058744235,1.4524630894083623,0.9264469380641284,0.11175010836503828,0.9331623737421032,-6.83066767392362,0.6661763761244626,35.68838639321342,1.0986122886651097,0,0,3.0,0.00020833333333333335,0.0,7.919101756191833,1.6749178693895843,1.0877436396858582,0.16144101216504494,1.1001815092540892,1.2691973941000314,0.6658627727211701,36.32211326094322,1.0986122886651097,0.0,0.0,Train006,10.0
23,4,1,6.944444444444444e-05,0.0,10.745857890820005,0.0,10.732814625924782,0.5292938836163317,10.745857890820005,-10.646068347159776,0.0,0.0,-1.000088900581841e-12,0,0,1.0,6.944444444444444e-05,0.0,12.368190480675896,0.0,12.356633614090146,0.5255234749405574,12.368190480675896,3.1903621839326632,2.2204460492503132e-17,0.0,-1.000088900581841e-12,0.0,0.0,Train006,10.0
23,5,0,0.0,0.0,0.0,0.0,0.0,0.0,0.0,0.0,0.0,0.0,0.0,0,0,0.0,0.0,-0.2,0.0,0.0,0.0,0.0,0.0,0.0,0.0,0.0,0.0,0.0,0.2,Train006,10.0
24,0,2,0.0001388888888888889,0.0,9.887254463485457,0.7986430689270865,-0.7980947355485029,-0.0314167026084185,0.7987128495980396,22.894876220621082,0.9989286924930657,36.05761947360575,0.6931471805579453,0,0,2.0,0.0001388888888888889,0.0,9.051485968726539,0.7708749248073863,-0.7761844215503594,0.4599302725205929,0.9348344075665198,-0.2212794718257669,0.9459446055834306,31.132328630186436,0.6931471805579453,0.0,0.0,Train006,10.0
24,1,2,0.0001388888888888889,1.0,9.603665170342675,0.7834955458542705,-9.603212631053644,0.009713153020680446,9.603217543228407,20.683258669898468,4.69223413469555e-05,103.68264022606688,0.6931471805579453,1,0,1.2,8.333333333333333e-05,0.2,8.070567709680562,0.1566991091708541,-8.058913801550236,-0.37487373568418947,8.07047818425771,1.1362652767657484,9.3844682693911e-06,20.736528045213376,0.13862943611078898,0.2,0.0,Train006,10.0
24,2,1,6.944444444444444e-05,0.0,12.257478876963328,0.0,-4.794406036448185,-11.28093343553056,12.257478876963328,0.178315334956185,0.0,0.0,-1.000088900581841e-12,0,0,1.0,6.944444444444444e-05,0.0,13.968109979726918,0.0,-1.9663139954992743,-13.727296794284877,13.968109979726918,-12.570075976548868,0.0,0.0,-1.000088900581841e-12,0.0,0.0,Train006,10.0
24,3,3,0.00020833333333333335,0.0,9.238713313640213,1.9509001001913784,1.2423070015195072,-0.001164420260494255,1.2423075472277112,23.968567077657898,0.6667969397049314,31.8016924747732,1.0986122886651097,0,0,3.0,0.00020833333333333335,0.0,8.084954682387554,1.7114301013363922,1.0986386854042896,0.11257646938471019,1.1061501093977526,1.6585292619572087,0.6662095000454282,35.09913768903256,1.0986122886651097,0.0,0.0,Train006,10.0
24,4,1,6.944444444444444e-05,0.0,12.145103627276125,0.0,12.135520199192564,0.4823811897918052,12.145103627276125,13.992457364561197,0.0,0.0,-1.000088900581841e-12,0,0,1.0,6.944444444444444e-05,0.0,12.200883893058803,0.0,12.188429426729494,0.5492623604750855,12.200883893058803,-1.6730658761709165,2.2204460492503132e-17,0.0,-1.000088900581841e-12,0.0,0.0,Train006,10.0
24,5,0,0.0,0.0,0.0,0.0,0.0,0.0,0.0,0.0,0.0,0.0,0.0,0,0,0.0,0.0,0.0,0.0,0.0,0.0,0.0,0.0,0.0,0.0,0.0,0.0,0.0,0.0,Train006,10.0
25,0,2,0.0001388888888888889,0.0,10.036782492495572,0.790999875246853,-0.7851144610209069,-0.21175450982909721,0.813169532961676,1.4952802901011442,0.9811520981828692,38.25858926269867,0.6931471805579453,0,0,2.0,0.0001388888888888889,0.0,9.055901267781486,0.7274725798066374,-0.7301051248396677,0.2907067147479655,0.8579956227439766,0.04415299054948285,0.9551461893591486,32.917492962549346,0.6931471805579453,0.0,0.0,Train006,10.0
25,1,2,0.0001388888888888889,0.0,9.50390550571867,0.49757350691508506,-9.503433247895032,0.08510838952714712,9.50381433610551,-0.9975966462400443,9.619224200729803e-06,104.18464401166966,0.6931471805579453,0,0,1.4,9.722222222222222e-05,0.2,8.27018972923677,0.2562138105538711,-8.261381615057621,-0.25787703250114,8.270081969891285,0.42922910385355484,1.1308313109537061e-05,41.57345684754731,0.27725887222257806,0.2,0.0,Train006,10.0
25,2,1,6.944444444444444e-05,0.0,11.776469064724811,0.0,-5.720509551405135,-10.293735672956785,11.776469064724811,-4.810098122385167,0.0,0.0,-1.000088900581841e-12,0,0,1.0,6.944444444444444e-05,0.0,12.98202790721676,0.0,-2.8932650567590934,-12.451731658456684,12.98202790721676,-9.860820725101584,0.0,0.0,-1.000088900581841e-12,0.0,0.0,Train006,10.0
25,3,3,0.00020833333333333335,0.0,9.51186504023592,2.00786744023958,1.2759842377989485,-0.03992421848153541,1.2766086786218889,2.7315172659570632,0.6669389162088188,30.48875631497296,1.0986122886651097,0,0,3.0,0.00020833333333333335,0.0,8.259852415526819,1.748116667101732,1.116121959746128,0.06871480512704545,1.1210661689294956,1.7489773313926373,0.6664260425489517,33.91482768405815,1.0986122886651097,0.0,0.0,Train006,10.0
25,4,1,6.944444444444444e-05,0.0,11.896829063623263,0.0,11.888792724795362,0.4372062624483597,11.896829063623263,-2.482745636528616,0.0,0.0,-1.000088900581841e-12,0,0,1.0,6.944444444444444e-05,0.0,11.883881512177757,0.0,11.872181598362516,0.5238714545741285,11.883881512177757,-3.170023808810459,2.2204460492503132e-17,0.0,-1.000088900581841e-12,0.0,0.0,Train006,10.0
25,5,0,0.0,0.0,0.0,0.0,0.0,0.0,0.0,0.0,0.0,0.0,0.0,0,0,0.0,0.0,0.0,0.0,0.0,0.0,0.0,0.0,0.0,0.0,0.0,0.0,0.0,0.0,Train006,10.0
26,0,2,0.0001388888888888889,0.0,9.457537146369777,0.7110625570647278,-0.7035125437528063,-0.2586793902621107,0.7495631568880113,-5.792453461257949,0.9748547403877983,39.02935201577175,0.6931471805579453,0,0,2.0,0.0001388888888888889,0.0,9.085014723620793,0.7021206347176039,-0.7018364966249523,0.1159737982881333,0.7989118029930198,0.29113455839308067,0.9635853186404457,34.729383355299944,0.6931471805579453,0.0,0.0,Train006,10.0
26,1,2,0.0001388888888888889,0.0,8.910694438159851,0.3794209278634897,-8.910039496720465,0.10572474644274557,8.910666728989984,-5.9321106755882,3.115301576372964e-06,104.36113363051999,0.6931471805579453,0,0,1.6,0.00011111111111111112,0.2,8.438806599840465,0.33209799612656904,-8.43291518072012,-0.1376073134130224,8.438693298661006,0.11917761432840238,1.1931373424811653e-05,62.44568357365131,0.4158883083343672,0.2,0.0,Train006,10.0
26,2,1,6.944444444444444e-05,0.0,10.936431694546,0.0,-5.6965326895568955,-9.33568709449283,10.936431694546,-8.400373701788109,0.0,0.0,-1.000088900581841e-12,0,0,1.0,6.944444444444444e-05,0.0,12.15714526765094,0.0,-3.764442206023991,-11.31865765383335,12.15714526765094,-8.248826395658195,0.0,0.0,-1.000088900581841e-12,0.0,0.0,Train006,10.0
26,3,3,0.00020833333333333335,0.0,9.036213395949893,1.9075658563938402,1.2109029736942454,-0.050867450927642444,1.211970919315081,-4.756516442860255,0.6669882820069692,30.04919882505207,1.0986122886651097,0,0,3.0,0.00020833333333333335,0.0,8.430714345793447,1.7830086580446955,1.1353285795849328,0.029230071125031842,1.1385680619135337,1.708619302666286,0.6666094611370191,32.74876407369507,1.0986122886651097,0.0,0.0,Train006,10.0
26,4,1,6.944444444444444e-05,0.0,11.09834531148176,0.0,11.091298715161937,0.3954256743514812,11.09834531148176,-7.984837521415038,0.0,0.0,-1.000088900581841e-12,0,0,1.0,6.944444444444444e-05,0.0,11.539320123747427,0.0,11.528999467511937,0.4834018691156968,11.539320123747427,-3.4456138843033024,0.0,0.0,-1.000088900581841e-12,0.0,0.0,Train006,10.0
26,5,0,0.0,0.0,0.0,0.0,0.0,0.0,0.0,0.0,0.0,0.0,0.0,0,0,0.0,0.0,0.0,0.0,0.0,0.0,0.0,0.0,0.0,0.0,0.0,0.0,0.0,0.0,Train006,10.0
27,0,2,0.0001388888888888889,0.0,8.67319471477402,0.6215506757130242,-0.6138914269879994,-0.25803090648028326,0.66591488407183,-7.843424315957561,0.9723736731201825,39.258078264692955,0.6931471805579453,0,0,2.0,0.0001388888888888889,0.0,9.130507131709635,0.691938452102161,-0.6888153744350073,-0.0491016989174685,0.7551293460240949,0.4549240808884079,0.971721613676612,36.55171072536565,0.6931471805579453,0.0,0.0,Train006,10.0
27,1,2,0.0001388888888888889,0.0,8.173174700695485,0.31551628962382994,-8.172467735859158,0.10653689765228513,8.173162117823203,-7.375197374643654,1.541830744189454e-06,104.42672783288278,0.6931471805579453,0,0,1.8,0.000125,0.2,8.588656714483047,0.39520125405133505,-8.585524763711955,-0.023531972112864195,8.588540896729132,-0.06848994528272331,1.2239739573649544e-05,83.33102914022786,0.5545177444461562,0.2,0.0,Train006,10.0
27,2,1,6.944444444444444e-05,0.0,9.997132408996682,0.0,-5.347572763847367,-8.44666336125512,9.997132408996682,-9.392992855493176,0.0,0.0,-1.000088900581841e-12,0,0,1.0,6.944444444444444e-05,0.0,11.441431877739706,0.0,-4.564849946985622,-10.306219416700841,11.441431877739706,-7.157133899112347,0.0,0.0,-1.000088900581841e-12,0.0,0.0,Train006,10.0
27,3,3,0.00020833333333333335,0.0,8.332062533762295,1.7591188546034064,1.115937415526773,-0.05158716125597074,1.1171291557286573,-7.041508621875992,0.6670076560151792,29.918727673257745,1.0986122886651097,0,0,3.0,0.00020833333333333335,0.0,8.59214217789255,1.8155830681673133,1.1543157133207207,-0.006358628512120915,1.1562357349270882,1.6142783209910192,0.6667816340120722,31.58935233625388,1.0986122886651097,0.0,0.0,Train006,10.0
27,4,1,6.944444444444444e-05,0.0,10.159650027074933,0.0,10.15336251565505,0.3573769695078766,10.159650027074933,-9.386952844068261,0.0,0.0,-1.000088900581841e-12,0,0,1.0,6.944444444444444e-05,0.0,11.209157184055218,0.0,11.200357756145939,0.4403367959431709,11.209157184055218,-3.301629396922099,0.0,0.0,-1.000088900581841e-12,0.0,0.0,Train006,10.0
27,5,0,0.0,0.0,0.0,0.0,0.0,0.0,0.0,0.0,0.0,0.0,0.0,0,0,0.0,0.0,0.0,0.0,0.0,0.0,0.0,0.0,0.0,0.0,0.0,0.0,0.0,0.0,Train006,10.0
28,0,2,0.0001388888888888889,0.0,7.871888456739322,0.5401408206755147,-0.5329235135319172,-0.241558943778817,0.5851138304592887,-8.013062580346983,0.9713551044254284,39.28597551286962,0.6931471805579453,0,0,2.0,0.0001388888888888889,0.0,9.18533145477283,0.6924793995254412,-0.6867073361684265,-0.20028809059174532,0.7224948507957691,0.5482432306319467,0.9797328617218689,38.37792290592775,0.6931471805579453,0.0,0.0,Train006,10.0
28,1,2,0.0001388888888888889,0.0,7.429325886340603,0.27267472277001614,-7.428639010334323,0.10044521239191531,7.429318056628978,-7.4384881435488115,1.0553141923663745e-06,104.45369206232705,0.6931471805579453,0,0,2.0,0.0001388888888888889,0.2,8.724153140251456,0.44973619860533826,-8.723558424372525,0.08150567980695471,8.724035756555217,-0.21202683402444808,1.2450802412122818e-05,104.22176755269327,0.6931471805579453,0.2,0.0,Train006,10.0
28,2,1,6.944444444444444e-05,0.0,9.077078866083566,0.0,-4.908065665577938,-7.635722111462407,9.077078866083566,-9.200535429131165,0.0,0.0,-1.000088900581841e-12,0,0,1.0,6.944444444444444e-05,0.0,10.808918182262877,0.0,-5.293417341367105,-9.398548335139541,10.808918182262877,-6.325136954768287,0.0,0.0,-1.000088900581841e-12,0.0,0.0,Train006,10.0
28,3,3,0.00020833333333333335,0.0,7.5921216518255585,1.6030786222389815,1.0165117693476358,-0.048748400273262216,1.0176800006639923,-7.399408819367356,0.6670156116898457,29.900110700544587,1.0986122886651097,0,0,3.0,0.00020833333333333335,0.0,8.742195187082775,1.8457061747334371,1.1723286795774222,-0.03845833023978101,1.173139260311466,1.5005300919022715,0.6669494811251488,30.431697197720116,1.0986122886651097,0.0,0.0,Train006,10.0
28,4,1,6.944444444444444e-05,0.0,9.229852886197595,0.0,9.224201817038614,0.3229320971839123,9.229852886197595,-9.297971408773389,0.0,0.0,-1.000088900581841e-12,0,0,1.0,6.944444444444444e-05,0.0,10.905956183130735,0.0,10.898635194368705,0.399064438656687,10.905956183130735,-3.0320100092448214,0.0,0.0,-1.000088900581841e-12,0.0,0.0,Train006,10.0
28,5,0,0.0,0.0,0.0,0.0,0.0,0.0,0.0,0.0,0.0,0.0,0.0,0,0,0.0,0.0,0.0,0.0,0.0,0.0,0.0,0.0,0.0,0.0,0.0,0.0,0.0,0.0,Train006,10.0
29,0,2,0.0001388888888888889,0.0,10.470371692492686,0.845758718514201,-0.8477418788074536,0.08363047657828224,0.8518570007323423,25.984832357533637,0.9902504887615775,46.1466464744649,0.6931471805579453,0,0,2.0,0.0001388888888888889,0.0,9.301954900574275,0.7019025294428641,-0.6966367648202166,-0.17727865475440513,0.7331236810226296,1.1662344580144577,0.9779972209755712,40.39572830609958,0.6931471805579453,0.0,0.0,Train006,10.0
29,1,2,0.0001388888888888889,0.0,8.369978749152693,0.39491001967712913,-8.36869757145421,-0.057212754365977836,8.368893137191186,9.406528628120894,0.0001299924695720156,104.1377917901035,0.6931471805579453,0,0,2.0,0.0001388888888888889,0.0,8.47741585601346,0.37201909336991,-8.476655412452638,0.06812049832962305,8.477170875347772,-2.467372842379963,2.906482805713484e-05,104.3127978655006,0.6931471805579453,0.0,0.0,Train006,10.0
29,2,0,0.0,-1.0,0.0,0.0,0.0,0.0,0.0,0.0,0.0,0.0,0.0,0,1,0.8,5.555555555555556e-05,-0.2,8.357422406870212,0.0,-4.334536134077467,-7.142361648033429,8.357422406870212,-6.360800021759524,0.0,0.0,-8.000711204654728e-13,0.0,0.2,Train006,10.0
29,3,3,0.00020833333333333335,0.0,9.256941320459061,1.3880650355685764,1.913077223620558,-0.044858230055380345,1.913603073873849,16.648196686335027,0.6668714998587562,27.222820792123255,1.0986122886651097,0,0,3.0,0.00020833333333333335,0.0,8.745840788446547,1.733139161808877,1.3064827239976322,-0.04719709219875823,1.3073983656406938,0.03645601363769728,0.6669643931559138,29.51592286119012,1.0986122886651097,0.0,0.0,Train006,10.0
29,4,1,6.944444444444444e-05,0.0,11.628339269978248,0.0,11.624677088107553,0.2918163376946736,11.628339269978248,23.984863837806536,0.0,0.0,-1.000088900581841e-12,0,0,1.0,6.944444444444444e-05,0.0,10.80260331167116,0.0,10.796466572151703,0.36095146823726065,10.80260331167116,-1.0335287145957537,0.0,0.0,-1.000088900581841e-12,0.0,0.0,Train006,10.0
29,5,0,0.0,0.0,0.0,0.0,0.0,0.0,0.0,0.0,0.0,0.0,0.0,0,0,0.0,0.0,0.0,0.0,0.0,0.0,0.0,0.0,0.0,0.0,0.0,0.0,0.0,0.0,Train006,10.0
30,0,2,0.0001388888888888889,0.0,10.730617592212878,0.8823160244035186,-0.8861227483259997,0.1905240274462345,0.9063735047623339,2.6024589972019285,0.9806027165936825,48.711759230704224,0.6931471805579453,0,0,2.0,0.0001388888888888889,0.0,9.440721920517737,0.7201657592741972,-0.7168384222812352,-0.0968229472993388,0.7517644753827613,1.3876701994346146,0.9778873446577337,42.486362299700694,0.6931471805579453,0.0,0.0,Train006,10.0
30,1,2,0.0001388888888888889,0.0,8.19823831425565,0.4133130878146032,-8.195623884584567,-0.10830413120594251,8.19633946603051,-1.7174043489704127,0.0002322068761750895,104.02046548794968,0.6931471805579453,0,0,2.0,0.0001388888888888889,0.0,8.216282417720858,0.3551670095498136,-8.215093539790544,0.029437994183005127,8.215675901332773,-2.6113343829260365,7.358235845200678e-05,104.2799621607566,0.6931471805579453,0.0,0.0,Train006,10.0
30,2,0,0.0,0.0,0.0,0.0,0.0,0.0,0.0,0.0,0.0,0.0,0.0,0,0,0.6,4.1666666666666665e-05,-0.2,6.002128593925249,0.0,-3.1904342237964403,-5.083614513442071,6.002128593925249,-5.398780397282491,0.0,0.0,-6.000533403491046e-13,0.0,0.2,Train006,10.0
30,3,3,0.00020833333333333335,0.0,9.284244515345414,1.3109493771711194,2.1096853918144975,-0.04084209946102202,2.110080692657007,0.2730319488635195,0.6668298432739523,26.30677564125533,1.0986122886651097,0,0,3.0,0.00020833333333333335,0.0,8.700316683468445,1.5937555491951847,1.4732229548007418,-0.04738066839465555,1.4740927684477174,-0.4552410497810115,0.6669425785689405,28.679526726446596,1.0986122886651097,0.0,0.0,Train006,10.0
30,4,1,6.944444444444444e-05,0.0,11.768382343426673,0.0,11.765426978964577,0.2637252049560829,11.768382343426673,1.400430734484246,1.1102230246251565e-16,0.0,-1.000088900581841e-12,0,0,1.0,6.944444444444444e-05,0.0,10.776913967631842,0.0,10.771793422985546,0.3262552567388053,10.776913967631842,-0.2568934403931813,2.2204460492503132e-17,0.0,-1.000088900581841e-12,0.0,0.0,Train006,10.0
30,5,0,0.0,0.0,0.0,0.0,0.0,0.0,0.0,0.0,0.0,0.0,0.0,0,0,0.0,0.0,0.0,0.0,0.0,0.0,0.0,0.0,0.0,0.0,0.0,0.0,0.0,0.0,Train006,10.0
31,0,2,0.0001388888888888889,0.0,10.173191396272077,0.8310802299941509,-0.8351862529008027,0.2159963325451313,0.862664762643885,-5.574261959408018,0.9771882778416183,49.61870166177261,0.6931471805579453,0,0,2.0,0.0001388888888888889,0.0,9.583852770498197,0.7441692938600819,-0.7431731641108346,-0.001887802737890415,0.774384796533936,1.4313084998046008,0.9783540521484978,44.60423222890086,0.6931471805579453,0.0,0.0,Train006,10.0
31,1,2,0.0001388888888888889,0.0,7.651688160344007,0.3940727231222021,-7.648630595292921,-0.11950998814141771,7.649564211150627,-5.465501539116455,0.0002783174731775251,103.97875379701738,0.6931471805579453,0,0,2.0,0.0001388888888888889,0.0,7.964481162157687,0.3580973686015561,-7.962811759505035,-0.015608952733827522,7.963455397764901,-2.5180125556316875,0.0001286227927722372,104.20348619405608,0.6931471805579453,0.0,0.0,Train006,10.0
31,2,0,0.0,0.0,0.0,0.0,0.0,0.0,0.0,0.0,0.0,0.0,0.0,0,0,0.4,2.777777777777778e-05,-0.2,3.814842255016049,0.0,-2.051127685885061,-3.2164770945435053,3.814842255016049,-3.718705656924869,0.0,0.0,-4.000355602327364e-13,0.0,0.2,Train006,10.0
31,3,3,0.00020833333333333335,0.0,8.743353235774046,1.2183346269266646,2.0526292489137306,-0.0370253289637022,2.0529631532204897,-5.408912795713675,0.6668152138743908,25.997738064451017,1.0986122886651097,0,0,3.0,0.00020833333333333335,0.0,8.641744651433275,1.4559093033017496,1.641568209844639,-0.0446122440018675,1.642291215228799,-0.5857203203516956,0.6669079649424248,27.86923457432639,1.0986122886651097,0.0,0.0,Train006,10.0
31,4,1,6.944444444444444e-05,0.0,11.119293656025317,0.0,11.11673843292444,0.2383653138893058,11.119293656025317,-6.490886874013562,0.0,0.0,-1.000088900581841e-12,0,0,1.0,6.944444444444444e-05,0.0,10.781103636540553,0.0,10.776881366538047,0.29484318464637027,10.781103636540553,0.04189668908711397,2.2204460492503132e-17,0.0,-1.000088900581841e-12,0.0,0.0,Train006,10.0
31,5,0,0.0,0.0,0.0,0.0,0.0,0.0,0.0,0.0,0.0,0.0,0.0,0,0,0.0,0.0,0.0,0.0,0.0,0.0,0.0,0.0,0.0,0.0,0.0,0.0,0.0,0.0,Train006,10.0
32,0,2,0.0001388888888888889,0.0,9.370155707178217,0.7565198604764864,-0.7604729942830488,0.21192910865387735,0.789451152465213,-8.030356890938606,0.9758410332464349,49.895515024833124,0.6931471805579453,0,0,2.0,0.0001388888888888889,0.0,9.723244968979035,0.7711631308127743,-0.7724894775698444,0.0921042002889417,0.7990920502126125,1.393921984808392,0.9790475241737484,46.731719580928896,0.6931471805579453,0.0,0.0,Train006,10.0
32,1,2,0.0001388888888888889,0.0,7.008449142291693,0.3632196427320178,-7.005400446244062,-0.11627371825086133,7.006365319464321,-6.432390180523133,0.0002981309700762491,103.96566018846657,0.6931471805579453,0,0,2.0,0.0001388888888888889,0.0,7.731536050476929,0.36763803922319366,-7.729398301582016,-0.060171075914456806,7.730096038093125,-2.3294511168075833,0.00018794062063864914,104.11127266517283,0.6931471805579453,0.0,0.0,Train006,10.0
32,2,0,0.0,0.0,0.0,0.0,0.0,0.0,0.0,0.0,0.0,0.0,0.0,0,0,0.2,1.388888888888889e-05,-0.2,1.815415773216713,0.0,-0.9816131331155876,-1.5271444222924813,1.815415773216713,-1.8401070858262336,0.0,0.0,-2.000177801163682e-13,0.0,0.2,Train006,10.0
32,3,3,0.00020833333333333335,0.0,8.038250603215419,1.1159110378186634,1.9112762879505398,-0.0335071513250406,1.9115699772888028,-7.051026325586278,0.6668094853712252,25.90703478535974,1.0986122886651097,0,0,3.0,0.00020833333333333335,0.0,8.582982265323901,1.327267739944801,1.8006359843293924,-0.04099624201568147,1.801179379540828,-0.5876238610937529,0.6668683308136341,27.066895996746787,1.0986122886651097,0.0,0.0,Train006,10.0
32,4,1,6.944444444444444e-05,0.0,10.236075066572162,0.0,10.23380705144055,0.21546694035502204,10.236075066572162,-8.832185894531541,0.0,0.0,-1.000088900581841e-12,0,0,1.0,6.944444444444444e-05,0.0,10.79638864444,0.0,10.792970273695147,0.2664611788157993,10.79638864444,0.15285007899445802,2.2204460492503132e-17,0.0,-1.000088900581841e-12,0.0,0.0,Train006,10.0
32,5,0,0.0,0.0,0.0,0.0,0.0,0.0,0.0,0.0,0.0,0.0,0.0,0,0,0.0,0.0,0.0,0.0,0.0,0.0,0.0,0.0,0.0,0.0,0.0,0.0,0.0,0.0,Train006,10.0
33,0,2,0.0001388888888888889,0.0,8.532301989258379,0.6806328901974648,-0.6842973540881534,0.19793308603250215,0.7123484929150882,-8.378537179198368,0.9752867907888005,49.93749615224452,0.6931471805579453,0,0,2.0,0.0001388888888888889,0.0,9.855327675482847,0.7992615447171644,-0.8027642456810916,0.18000260625120554,0.8245389827037725,1.3208270650381149,0.9798338614464228,48.862023708803875,0.6931471805579453,0.0,0.0,Train006,10.0
33,1,2,0.0001388888888888889,0.0,6.370350608137732,0.3304223112067657,-6.367482917173437,-0.10824649539960057,6.368402939847779,-6.3809853415396045,0.0003065644734525641,103.96322791650852,0.6931471805579453,0,0,2.0,0.0001388888888888889,0.0,7.519740994836356,0.37918755691054357,-7.51716708294984,-0.10190941747275999,7.517913014736886,-2.117950556405742,0.0002490424524906887,104.01317983600913,0.6931471805579453,0.0,0.0,Train006,10.0
33,2,0,0.0,0.0,0.0,0.0,0.0,0.0,0.0,0.0,0.0,0.0,0.0,0,0,0.0,0.0,-0.2,0.0,0.0,0.0,0.0,0.0,0.0,0.0,0.0,0.0,0.0,0.2,Train006,10.0
33,3,3,0.00020833333333333335,0.0,7.318381946235934,1.0147252887544749,1.7491965459817573,-0.030303149451289462,1.7494590127639964,-7.198686569794847,0.666807136501943,25.89605594386151,1.0986122886651097,0,0,3.0,0.00020833333333333335,0.0,8.528234324205975,1.2095970732478998,1.9471729396562167,-0.037307191851286926,1.9475351819608293,-0.547479411179251,0.6668266357760535,26.266085045410172,1.0986122886651097,0.0,0.0,Train006,10.0
33,4,1,6.944444444444444e-05,0.0,9.324509273747179,0.0,9.322474536900598,0.19478630608209105,9.324509273747179,-9.115657928249838,0.0,0.0,-1.000088900581841e-12,0,0,1.0,6.944444444444444e-05,0.0,10.815319921949916,0.0,10.812624817667544,0.24083202059543507,10.815319921949916,0.1893127750991681,2.2204460492503132e-17,0.0,-1.000088900581841e-12,0.0,0.0,Train006,10.0
33,5,0,0.0,0.0,0.0,0.0,0.0,0.0,0.0,0.0,0.0,0.0,0.0,0,0,0.0,0.0,0.0,0.0,0.0,0.0,0.0,0.0,0.0,0.0,0.0,0.0,0.0,0.0,Train006,10.0
34,0,2,0.0001388888888888889,0.0,9.825469922763958,0.930074317735909,-0.9299482642755672,0.3317239229058975,0.9873421571356193,12.931679335055776,0.9661222313916775,54.27522140298278,0.6931471805579453,0,0,2.0,0.0001388888888888889,0.0,9.726347321537101,0.8161246645615059,-0.8192055227747144,0.22962129551672858,0.8516360139844279,-1.2898035394574578,0.9750082099724429,50.48773869450745,0.6931471805579453,0.0,0.0,Train006,10.0
34,1,2,0.0001388888888888889,0.0,8.43649891274864,0.004509593233617437,-8.432887544301565,-0.24682229699977315,8.436498893565547,20.661483046109073,2.2738219085383093e-09,104.61775073594053,0.6931471805579453,0,0,2.0,0.0001388888888888889,0.0,7.533045027555545,0.30110747162184126,-7.53000507751931,-0.13983132599951906,7.531434166011758,0.13304032719189393,0.00022304441334066726,104.10917162517653,0.6931471805579453,0.0,0.0,Train006,10.0
34,2,2,0.0001388888888888889,2.0,5.301766983113889,5.301766983113889,-4.938887810882503,-1.9277241334674389,5.301766983113889,0.0,0.8150068254288709,8.941426906053445,0.6931471805579453,2,0,0.4,2.777777777777778e-05,0.4,1.0603533966227778,1.0603533966227778,-0.9877775621765006,-0.3855448266934878,1.0603533966227778,0.0,0.16300136508577417,1.7882853812106891,0.13862943611158907,0.4,0.0,Train006,10.0
34,3,2,0.0001388888888888889,-1.0,9.64476181204298,1.2130285162377419,-1.0387796466511166,-1.4569886892685102,1.789379555866499,16.37156973069952,0.8625169228182397,52.70094097251124,0.6931471805579453,0,1,2.8,0.00019444444444444443,-0.2,8.605798422522758,1.1745897693817329,1.356801565601882,-0.3197332836939129,1.922690478359359,-0.6028048023063526,0.7059557203679503,31.361709081487767,1.0175192670436768,0.0,0.2,Train006,10.0
34,4,1,6.944444444444444e-05,0.0,12.003455783405574,0.0,12.002163888272106,0.17610435323897503,12.003455783405574,26.789465096583953,0.0,0.0,-1.000088900581841e-12,0,0,1.0,6.944444444444444e-05,0.0,10.890343224635382,0.0,10.888122177700454,0.21768962370429534,10.890343224635382,0.7502330268546515,2.2204460492503132e-17,0.0,-1.000088900581841e-12,0.0,0.0,Train006,10.0
34,5,0,0.0,0.0,0.0,0.0,0.0,0.0,0.0,0.0,0.0,0.0,0.0,0,0,0.0,0.0,0.0,0.0,0.0,0.0,0.0,0.0,0.0,0.0,0.0,0.0,0.0,0.0,Train006,10.0
35,0,2,0.0001388888888888889,0.0,9.688276742168048,0.9563904344662131,-0.9542845630931849,0.35810284264618303,1.019262808734444,-1.371931805959088,0.9634434492483779,55.87127080991195,0.6931471805579453,0,0,2.0,0.0001388888888888889,0.0,9.517879151528135,0.8309395465740448,-0.8328378857281514,0.26313705855671826,0.8742138747788498,-2.0846817000896603,0.9715763565033818,51.919641010349,0.6931471805579453,0.0,0.0,Train006,10.0
35,1,2,0.0001388888888888889,0.0,8.654633550028008,0.11043345109191449,-8.6499377141826,-0.2802698242584103,8.654477086088354,2.18134637279368,1.8081576575346148e-05,104.86780125151795,0.6931471805579453,0,0,2.0,0.0001388888888888889,0.0,7.624324074710016,0.2405315442773035,-7.620867843438917,-0.17422446461001262,7.6230616900233255,0.9127904715447125,0.0001802193534207186,104.27863877789018,0.6931471805579453,0.0,0.0,Train006,10.0
35,2,2,0.0001388888888888889,0.0,5.108389849266473,5.108389849266473,-4.818449063925065,-1.6965245269221432,5.108389849266473,-1.9337713384741573,0.8315396723677098,8.617850933365267,0.6931471805579453,0,0,0.8,5.555555555555556e-05,0.4,2.0820313664760723,2.0820313664760723,-1.9514673749615135,-0.7248497320779164,2.0820313664760723,-0.3867542676948322,0.32930929955931615,3.5118555678837424,0.27725887222317813,0.4,0.0,Train006,10.0
35,3,2,0.0001388888888888889,0.0,9.736242430905282,1.5357239474918085,-1.2206733540162205,-1.940660404650297,2.2926417608040435,0.9148061886230252,0.8229440305890656,50.56978693398086,0.6931471805579453,0,0,2.6,0.00018055555555555557,-0.2,8.696198005634733,1.2195446834458707,0.6907298164357382,-0.6996969447317679,1.9592026919887662,-0.4744499543544515,0.7371785578309729,36.21431134003287,0.936426245422244,0.0,0.2,Train006,10.0
35,4,1,6.944444444444444e-05,0.0,12.22319522438341,0.0,12.222158117542723,0.15922450556967851,12.22319522438341,2.1973944097783615,0.0,0.0,-1.000088900581841e-12,0,0,1.0,6.944444444444444e-05,0.0,10.981305800826728,0.0,10.979468405416084,0.19678948382701447,10.981305800826728,0.9096257619134747,0.0,0.0,-1.000088900581841e-12,0.0,0.0,Train006,10.0
35,5,0,0.0,0.0,0.0,0.0,0.0,0.0,0.0,0.0,0.0,0.0,0.0,0,0,0.0,0.0,0.0,0.0,0.0,0.0,0.0,0.0,0.0,0.0,0.0,0.0,0.0,0.0,Train006,10.0
36,0,2,0.0001388888888888889,0.0,9.065161417012355,0.9055178625538254,-0.9027805260081703,0.34589801340695064,0.9667771789913452,-6.231153251556929,0.9624529993958852,56.41539908124276,0.6931471805579453,0,0,2.0,0.0001388888888888889,0.0,9.296273155676193,0.8458270730859798,-0.8463567403496249,0.28911739472908216,0.8950363580483419,-2.2160599585194425,0.9686293008142352,53.27898049424302,0.6931471805579453,0.0,0.0,Train006,10.0
36,1,2,0.0001388888888888889,0.0,8.218865833370806,0.14433833202456103,-8.213979879896264,-0.27530942632750677,8.218592382370927,-4.357677166572023,3.328140038172389e-05,104.9625230855166,0.6931471805579453,0,0,2.0,0.0001388888888888889,0.0,7.7377596093153755,0.1905846660577753,-7.7339377003595855,-0.20538435224723042,7.736867324267385,1.134355346053599,0.00013121213886155836,104.47539263559004,0.6931471805579453,0.0,0.0,Train006,10.0
36,2,2,0.0001388888888888889,0.0,4.751605889820277,4.751605889820277,-4.500613183799987,-1.5238895963882957,4.751605889820277,-3.5678395944619634,0.8374842911022964,8.50986893721032,0.6931471805579453,0,0,1.2,8.333333333333333e-05,0.4,3.0323525444401276,3.0323525444401276,-2.851590011721511,-1.0296276513555755,3.0323525444401276,-1.1003221865872248,0.49680615777977544,5.213829355325807,0.4158883083347672,0.4,0.0,Train006,10.0
36,3,2,0.0001388888888888889,0.0,9.201560392497036,1.5653980669752485,-1.2116713601149263,-1.9937881153165038,2.3330963404240492,-5.346820384082456,0.8092082264745135,49.8251233368006,0.6931471805579453,0,0,2.4,0.0001666666666666667,-0.2,8.787839436979331,1.2889573714555875,0.03786969463000678,-1.0910495020023283,2.015229329429478,-0.46203147202820755,0.7656571603509974,40.97978839450279,0.855333223800811,0.0,0.2,Train006,10.0
36,4,1,6.944444444444444e-05,0.0,11.577695672906408,0.0,11.576800492611891,0.143970304913484,11.577695672906408,-6.454995514770019,0.0,0.0,-1.000088900581841e-12,0,0,1.0,6.944444444444444e-05,0.0,11.072986204202945,0.0,11.071480817353573,0.17791048203185014,11.072986204202945,0.9168040337621832,0.0,0.0,-1.000088900581841e-12,0.0,0.0,Train006,10.0
36,5,0,0.0,0.0,0.0,0.0,0.0,0.0,0.0,0.0,0.0,0.0,0.0,0,0,0.0,0.0,0.0,0.0,0.0,0.0,0.0,0.0,0.0,0.0,0.0,0.0,0.0,0.0,Train006,10.0
37,0,2,0.0001388888888888889,0.0,8.311637757959975,0.8320180539673778,-0.8292159259351641,0.32112647949576645,0.8892250939204632,-7.535236590523802,0.9620557339166474,56.56178365865726,0.6931471805579453,0,0,2.0,0.0001388888888888889,0.0,9.084569565832542,0.8609267117841579,-0.860105326680048,0.31095686889746,0.914991146339392,-2.1170358984364817,0.9658722409482777,54.61223422100786,0.6931471805579453,0.0,0.0,Train006,10.0
37,1,2,0.0001388888888888889,0.0,7.5823565640374575,0.1479164339957575,-7.577681083452081,-0.25733328771318537,7.582049262796489,-6.365092693333474,4.054389056762364e-05,104.99771476818427,0.6931471805579453,0,0,2.0,0.0001388888888888889,0.0,7.852541093664529,0.14752402431052322,-7.848393827801189,-0.23359626613969522,7.85200411293382,1.147814843491531,7.969472295983326e-05,104.68180355153356,0.6931471805579453,0.0,0.0,Train006,10.0
37,2,2,0.0001388888888888889,0.0,4.347136847520939,4.347136847520939,-4.124362250637751,-1.3737666456092859,4.347136847520939,-4.04469042299338,0.8399277021102,8.493073399799163,0.6931471805579453,0,0,1.6,0.00011111111111111112,0.4,3.9017799139443157,3.9017799139443157,-3.6764624618490616,-1.3043809804774327,3.9017799139443157,-1.9092602711859008,0.6647916982018154,6.91244403528564,0.5545177444463563,0.4,0.0,Train006,10.0
37,3,2,0.0001388888888888889,0.0,8.474174299567792,1.4844069471295525,-1.1370378526333487,-1.8945412287834889,2.2095568664059106,-7.273860929292448,0.8038311148519719,49.6034477872662,0.6931471805579453,0,0,2.2,0.00015277777777777777,-0.2,8.875024176249806,1.3626565533177653,-0.5717931334867709,-1.4632563174940179,2.0748267072528996,-0.5065983927694415,0.7930614862471468,45.719070994884085,0.7742402021793782,0.0,0.2,Train006,10.0
37,4,1,6.944444444444444e-05,0.0,10.670535425408673,0.0,10.669741261903162,0.13018321298291124,10.670535425408673,-9.071602474977354,0.0,0.0,-1.000088900581841e-12,0,0,1.0,6.944444444444444e-05,0.0,11.159878275970248,0.0,11.158667659446095,0.160853736557428,11.159878275970248,0.8689207176730207,0.0,0.0,-1.000088900581841e-12,0.0,0.0,Train006,10.0
37,5,0,0.0,0.0,0.0,0.0,0.0,0.0,0.0,0.0,0.0,0.0,0.0,0,0,0.0,0.0,0.0,0.0,0.0,0.0,0.0,0.0,0.0,0.0,0.0,0.0,0.0,0.0,Train006,10.0
38,0,2,0.0001388888888888889,0.0,7.558193856743617,0.755721725483828,-0.7530628308098755,0.29350590420314104,0.8082384196197843,-7.534439012163583,0.9618911941769335,56.56153090763081,0.6931471805579453,0,0,2.0,0.0001388888888888889,0.0,8.88974793932959,0.8759444788414307,-0.8738584220243923,0.33007143253158777,0.9341691316803313,-1.9482162650295247,0.9631931216259042,55.9370411720851,0.6931471805579453,0.0,0.0,Train006,10.0
38,1,2,0.0001388888888888889,0.0,6.914010099946921,0.1406634849065127,-6.909681729755615,-0.23591062755535766,6.913707791822859,-6.683464640905363,4.374209780977356e-05,105.01015968721114,0.6931471805579453,0,0,2.0,0.0001388888888888889,0.0,7.961272992026366,0.10957225905047263,-7.956833590317625,-0.25912909257084665,7.961065083328836,1.087318983618379,2.7130247831275155e-05,104.89118990567408,0.6931471805579453,0.0,0.0,Train006,10.0
38,2,2,0.0001388888888888889,0.0,3.9483742471126284,3.9483742471126284,-3.7486204852513234,-1.239961149720567,3.9483742471126284,-3.9876260040831024,0.840953787876295,8.511105437290182,0.6931471805579453,0,0,2.0,0.0001388888888888889,0.4,4.691454763366841,4.691454763366841,-4.426186558899326,-1.5523732104215462,4.691454763366841,-2.7067854720025215,0.8329824557770744,8.614665122743675,0.6931471805579453,0.4,0.0,Train006,10.0
38,3,2,0.0001388888888888889,0.0,7.722086736732386,1.3689026403443063,-1.0440680713686818,-1.7483426915233784,2.0363644822709737,-7.520875628354058,0.801624735511634,49.57596838059183,0.6931471805579453,0,0,2.0,0.0001388888888888889,-0.2,8.955765134349097,1.4334920236357314,-1.1304460569568586,-1.8068642259084355,2.132207801154295,-0.5710362044812836,0.820025006049085,50.45505348223015,0.6931471805579453,0.0,0.2,Train006,10.0
38,4,1,6.944444444444444e-05,0.0,9.726347445408107,0.0,9.725635016655122,0.11772065073105745,9.726347445408107,-9.441879800005655,1.1102230246251565e-16,0.0,-1.000088900581841e-12,0,0,1.0,6.944444444444444e-05,0.0,11.240245910302434,0.0,11.239299755397,0.14544060548722124,11.240245910302434,0.8036763433218574,2.2204460492503132e-17,0.0,-1.000088900581841e-12,0.0,0.0,Train006,10.0
38,5,0,0.0,0.0,0.0,0.0,0.0,0.0,0.0,0.0,0.0,0.0,0.0,0,0,0.0,0.0,0.0,0.0,0.0,0.0,0.0,0.0,0.0,0.0,0.0,0.0,0.0,0.0,Train006,10.0
39,0,2,0.0001388888888888889,0.0,9.514254257437365,0.9821334980633285,-0.9853313740566154,-0.3251567031300461,1.0375956815112035,19.56060400693748,0.964633130358526,62.27752122506919,0.6931471805579453,0,0,2.0,0.0001388888888888889,0.0,8.827504806264272,0.8863563149069146,-0.8849350439806021,0.19869530732439905,0.944219836555448,-0.622431330653184,0.962895301419274,57.5375011365024,0.6931471805579453,0.0,0.0,Train006,10.0
39,1,2,0.0001388888888888889,0.0,8.931327239546963,0.4687586069266727,-8.926170669857717,0.22811761994405189,8.92908508616404,20.173171396000424,0.0002517372291933606,103.70983958328475,0.6931471805579453,0,0,2.0,0.0001388888888888889,0.0,8.060238657386032,0.20242206178908367,-8.055490215428856,-0.16414110918208166,8.059582321848534,0.9896566535966492,7.747723890556557e-05,104.70960767514293,0.6931471805579453,0.0,0.0,Train006,10.0
39,2,2,0.0001388888888888889,0.0,12.846541382970013,3.4115334346818393,-12.711684846434338,-1.1199045533643988,12.760921512324831,88.98167135857383,0.007172325414699476,10.839786053783502,0.6931471805579453,0,0,2.0,0.0001388888888888889,0.0,6.200409643338066,4.313408053680432,-5.980745966009693,-1.3908092944009378,6.183285669209029,15.089548799712244,0.6714155557742402,8.994336952289688,0.6931471805579453,0.0,0.0,Train006,10.0
39,3,3,0.00020833333333333335,1.0,10.289664495924795,1.7769520922265827,1.821700110793543,-0.2930083846454294,1.8451138737589428,28.275950923334122,0.6664336781914103,24.12292347550572,1.0986122886651097,1,0,2.2,0.00015277777777777777,0.2,9.084745671125457,1.5462767388334995,-0.5583501054679267,-1.5740681649838195,2.143354664732784,1.8098400340456364,0.7808083571237191,44.73944998282904,0.7742402021793782,0.2,0.0,Train006,10.0
39,4,1,6.944444444444444e-05,0.0,11.783552741256134,0.0,11.773634431418003,-0.4833709561955843,11.783552741256134,20.572052958480267,0.0,0.0,-1.000088900581841e-12,0,0,1.0,6.944444444444444e-05,0.0,11.196265301872547,0.0,11.19359386402618,0.013545543600309384,11.196265301872547,-0.4398060842988798,2.2204460492503132e-17,0.0,-1.000088900581841e-12,0.0,0.0,Train006,10.0
39,5,0,0.0,0.0,0.0,0.0,0.0,0.0,0.0,0.0,0.0,0.0,0.0,0,0,0.0,0.0,0.0,0.0,0.0,0.0,0.0,0.0,0.0,0.0,0.0,0.0,0.0,0.0,Train006,10.0
40,0,3,0.00020833333333333335,1.0,9.243966806654887,0.9890176715635247,-3.488394211087512,-0.3045749819984457,3.5016653311828954,0.802744241565474,0.6647151917538372,28.91482830268175,1.0986122886651097,1,0,2.2,0.00015277777777777777,0.2,8.73864281916164,0.8928817623263768,-1.3917569735794675,0.06615974239547331,1.4407003410451382,-0.1874961211482713,0.9031496499203658,52.14621263505636,0.7742402021793782,0.2,0.0,Train006,10.0
40,1,1,6.944444444444444e-05,-1.0,9.763657883189172,0.0,-9.743684789858909,0.6241970649035607,9.763657883189172,3.6357203671553506,0.0,0.0,-1.000088900581841e-12,0,1,1.8,0.000125,-0.2,8.282043524018263,0.1803353715707008,-8.274239630564116,0.01675226865031256,8.281418481268698,1.2805314524689835,7.386092359049635e-05,83.73604742483936,0.5545177444461562,0.0,0.2,Train006,10.0
40,2,2,0.0001388888888888889,0.0,13.199970482138689,3.7802246071953576,-13.089993443239202,-1.0118600740353494,13.129043725781102,3.5342909916867526,0.005854718794432667,11.636878216543414,0.6931471805579453,0,0,2.0,0.0001388888888888889,0.0,7.8187257699125094,4.0477750052662085,-7.6350548418725195,-1.2538764038235795,7.7874164445119565,16.183161265744427,0.5062785650595847,9.598142408925316,0.6931471805579453,0.0,0.0,Train006,10.0
40,3,3,0.00020833333333333335,0.0,10.537371017713413,2.125944926131167,1.5525558242907287,0.12411708546550425,1.55750911343835,2.477065217886173,0.6658051042817521,25.379779732386254,1.0986122886651097,0,0,2.4,0.0001666666666666667,0.2,9.244971388487084,1.6643209345613712,-0.0037042698065369974,-1.1611126669606593,1.9963281352596454,2.122291839898266,0.7493805718622564,39.70144854251012,0.855333223800811,0.2,0.0,Train006,10.0
40,4,1,6.944444444444444e-05,0.0,11.808453704981034,0.0,11.789804846608511,-0.6633856959316665,11.808453704981034,0.24900963724899583,1.1102230246251565e-16,0.0,-1.000088900581841e-12,0,0,1.0,6.944444444444444e-05,0.0,11.113316997992072,0.0,11.107123209839338,-0.15097649669995963,11.113316997992072,-0.8294830388047529,4.4408920985006264e-17,0.0,-1.000088900581841e-12,0.0,0.0,Train006,10.0
40,5,0,0.0,0.0,0.0,0.0,0.0,0.0,0.0,0.0,0.0,0.0,0.0,0,0,0.0,0.0,0.0,0.0,0.0,0.0,0.0,0.0,0.0,0.0,0.0,0.0,0.0,0.0,Train006,10.0
41,0,3,0.00020833333333333335,0.0,8.726596700663045,0.9460407826921046,-3.285505005260005,-0.3188983068911449,3.300945208531427,-5.173701059918428,0.6643434606966254,28.73848240961668,1.0986122886651097,0,0,2.4,0.00016666666666666666,0.2,8.670929875891776,0.9009863463540327,-1.8683018694298343,-0.0667995216641458,1.9075339469531545,0.023994317179428924,0.843527742180514,46.61082930073114,0.855333223800811,0.2,0.0,Train006,10.0
41,1,1,6.944444444444444e-05,0.0,9.314354928521997,0.0,-9.291556077415132,0.6513013087135076,9.314354928521997,-4.49302954667175,0.0,0.0,-1.000088900581841e-12,0,0,1.6,0.00011111111111111112,-0.2,8.501141343048502,0.15146770516578859,-8.489754870067891,0.20207441565851542,8.500570990498911,1.253460976449038,6.720464351415157e-05,62.74354280773603,0.4158883083343672,0.0,0.2,Train006,10.0
41,2,2,0.0001388888888888889,0.0,11.894874807435139,3.03744400569674,-11.799434904653388,-0.914463536490661,11.834817600145925,-13.050956747035496,0.005402152926540449,11.865037275895082,0.6931471805579453,0,0,2.0,0.0001388888888888889,0.0,9.247379553435483,3.7049426284415006,-9.094819186043201,-1.1319911918440524,9.204058786577084,14.28653783522972,0.33986213742443355,10.269176076662268,0.6931471805579453,0.0,0.0,Train006,10.0
41,3,3,0.00020833333333333335,0.0,10.016969346377236,2.1402735755352187,1.373738177403417,0.260978731113159,1.3983084345555155,-5.204016713361768,0.6643720070034884,25.87728566267857,1.0986122886651097,0,0,2.6,0.00018055555555555555,0.2,9.408053179263124,1.7792960362733652,0.5133776376971316,-0.7101592976747266,1.8093705540859386,2.150852574042404,0.7204133279680514,34.911881007685714,0.936426245422244,0.2,0.0,Train006,10.0
41,4,1,6.944444444444444e-05,0.0,11.121531945795272,0.0,11.100309981834,-0.6867249293139299,11.121531945795272,-6.869217591857613,1.1102230246251565e-16,0.0,-1.000088900581841e-12,0,0,1.0,6.944444444444444e-05,0.0,11.022084252569844,0.0,11.011825107683759,-0.3171155435454424,11.022084252569844,-0.9123274542222717,6.661338147750939e-17,0.0,-1.000088900581841e-12,0.0,0.0,Train006,10.0
41,5,0,0.0,0.0,0.0,0.0,0.0,0.0,0.0,0.0,0.0,0.0,0.0,0,0,0.0,0.0,0.0,0.0,0.0,0.0,0.0,0.0,0.0,0.0,0.0,0.0,0.0,0.0,Train006,10.0
42,0,3,0.00020833333333333335,0.0,8.0321621449219,0.8745848713811417,-3.020829157700748,-0.30502864702936594,3.036190256805982,-6.944345557411449,0.6641885862063185,28.686158117289253,1.0986122886651097,0,0,2.6,0.00018055555555555555,0.2,8.615034753284164,0.9094997098367855,-2.306624515782951,-0.19203054696917227,2.3369269795302583,0.14217252380189951,0.7839543126384482,41.03570419245754,0.9364262454222441,0.2,0.0,Train006,10.0
42,1,1,6.944444444444444e-05,0.0,8.609200997349442,0.0,-8.586681569013097,0.622287268979047,8.609200997349442,-7.051539311725552,0.0,0.0,-1.000088900581841e-12,0,0,1.4,9.722222222222222e-05,-0.2,8.706510229710899,0.12188441836663708,-8.691554967180092,0.3779985269969619,8.7060013374095,1.1161716527706225,5.909586540062683e-05,41.74399985409918,0.27725887222257806,0.0,0.2,Train006,10.0
42,2,2,0.0001388888888888889,0.0,10.431485734474276,2.293102101173786,-10.346649416449027,-0.8265792770630518,10.379614031753546,-14.633890729608625,0.005225765330725718,11.90931063481103,0.6931471805579453,0,0,2.0,0.0001388888888888889,0.0,10.46424933082615,3.29413567917207,-10.339276619205457,-1.0225537181348057,10.410554223423606,12.16869777390667,0.17292175006853866,10.952423523664644,0.6931471805579453,0.0,0.0,Train006,10.0
42,3,3,0.00020833333333333335,0.0,9.246760151142404,2.0216829245318944,1.2304412518878227,0.2931018553284574,1.2648693102230983,-7.702091952348314,0.6636548549392363,26.053265118316393,1.0986122886651097,0,0,2.8,0.00019444444444444443,0.2,9.562570349578046,1.8867512317538337,0.9868734586013659,-0.27263068085233744,1.6204330428493763,2.0652063694312304,0.6923780759855042,30.201844473895754,1.0175192670436768,0.2,0.0,Train006,10.0
42,4,1,6.944444444444444e-05,0.0,10.227694875553428,0.0,10.206741942081987,-0.6543404275805678,10.227694875553428,-8.938370702418439,1.1102230246251565e-16,0.0,-1.000088900581841e-12,0,0,1.0,6.944444444444444e-05,0.0,10.933516142598794,0.0,10.919225243719525,-0.47402027165813826,10.933516142598794,-0.8856810997104887,8.881784197001253e-17,0.0,-1.000088900581841e-12,0.0,0.0,Train006,10.0
42,5,0,0.0,0.0,0.0,0.0,0.0,0.0,0.0,0.0,0.0,0.0,0.0,0,0,0.0,0.0,0.0,0.0,0.0,0.0,0.0,0.0,0.0,0.0,0.0,0.0,0.0,0.0,Train006,10.0
43,0,3,0.00020833333333333335,0.0,7.317380237821837,0.7976534190452036,-2.750517912224643,-0.28221214707310377,2.7649579529215664,-7.147819071000626,0.6641234666727819,28.679865670634456,1.0986122886651097,0,0,2.8,0.00019444444444444446,0.2,8.566872029499809,0.9178860485490606,-2.7061155320659043,-0.3071741572244212,2.728270886190615,0.21949651203449108,0.7244007671376178,35.45937114505826,1.0175192670436768,0.2,0.0,Train006,10.0
43,1,1,6.944444444444444e-05,0.0,7.856916053233221,0.0,-7.835808783462492,0.575526347412478,7.856916053233221,-7.522849441162203,0.0,0.0,-1.000088900581841e-12,0,0,1.2,8.333333333333333e-05,-0.2,8.895091420368159,0.09375172138533454,-8.876780377921468,0.5402859219905289,8.894642989691574,0.9482946927192547,5.0347445838672124e-05,20.74196791665695,0.13862943611078898,0.0,0.2,Train006,10.0
43,2,2,0.0001388888888888889,0.0,9.126734661880278,1.7189040630778059,-9.050578392193975,-0.7472301971014812,9.081372264185012,-13.047510725939983,0.005153533993083603,11.89974996192155,0.6931471805579453,0,0,2.0,0.0001388888888888889,0.0,11.499921413779678,2.848241642365106,-11.399668200593988,-0.9240075276109885,11.437153826838083,10.356720829535295,0.005761699291896382,11.630152428590915,0.6931471805579453,0.0,0.0,Train006,10.0
43,3,3,0.00020833333333333335,0.0,8.433427397670735,1.8624646787681989,1.1069587393450542,0.2870910752193272,1.1435816263314924,-8.133327534716685,0.6633360624796729,26.102612650612894,1.0986122886651097,0,0,3.0,0.00020833333333333335,0.2,9.704838481765716,1.9854636394386123,1.4170788207441132,0.1344560724962037,1.4418764716614798,1.9427159881587053,0.664720341379112,25.507173327899967,1.0986122886651097,0.2,0.0,Train006,10.0
43,4,1,6.944444444444444e-05,0.0,9.314747120676802,0.0,9.295108910161844,-0.6045364094797511,9.314747120676802,-9.12947754876626,0.0,0.0,-1.000088900581841e-12,0,0,1.0,6.944444444444444e-05,0.0,10.851196077652535,0.0,10.833120022420868,-0.6184716837002999,10.851196077652535,-0.8232006494626098,6.661338147750939e-17,0.0,-1.000088900581841e-12,0.0,0.0,Train006,10.0
43,5,0,0.0,0.0,0.0,0.0,0.0,0.0,0.0,0.0,0.0,0.0,0.0,0,0,0.0,0.0,0.0,0.0,0.0,0.0,0.0,0.0,0.0,0.0,0.0,0.0,0.0,0.0,Train006,10.0
44,0,2,0.0001388888888888889,-1.0,9.754879382601265,1.1465939443499575,-9.644130930982744,0.7481596863935105,9.673107273791732,22.060531461649,0.008500627089768065,75.73682353614932,0.6931471805579453,0,1,2.8,0.00019444444444444446,0.0,8.614997054532585,0.9507781378063864,-4.43787544345113,-0.09251087931970994,4.455373204646721,0.7194820029767947,0.5331742664838662,38.15123160727429,1.017519267043677,0.2,0.2,Train006,10.0
44,1,1,6.944444444444444e-05,0.0,8.587528769662633,0.0,-8.587288692614711,-0.06421276722687753,8.587528769662633,7.306127164294116,0.0,0.0,-1.000088900581841e-12,0,0,1.0,6.944444444444444e-05,-0.2,8.826331726391292,0.0,-8.809003982472868,0.48181984455634314,8.826331726391293,-1.6251141536220068,0.0,0.0,-1.000088900581841e-12,0.0,0.2,Train006,10.0
44,2,0,0.0,-2.0,0.0,0.0,0.0,0.0,0.0,0.0,0.0,0.0,0.0,0,2,1.6,0.00011111111111111109,-0.4,8.930613137185677,2.165934955428738,-8.85733123130712,-0.7000266169381086,8.884969524373115,-7.439613442179471,0.004327234208956488,9.462195217834216,0.5545177444463564,0.0,0.4,Train006,10.0
44,3,3,0.00020833333333333335,0.0,9.98346599206063,1.6373003915391522,2.0808073789717283,-0.22355720111118482,2.0927821603195733,15.500385943898948,0.6666935566896426,26.671848369080493,1.0986122886651097,0,0,3.0,0.00020833333333333335,0.0,9.643598780992884,1.9575332993011263,1.4689002743797501,0.14834630920305264,1.491410128973606,-0.6123970077283296,0.6647723170787584,26.016958306614924,1.0986122886651097,0.0,0.0,Train006,10.0
44,4,1,6.944444444444444e-05,0.0,13.15741815048027,0.0,13.145849531343705,-0.5516271257454078,13.15741815048027,38.42671029803468,0.0,0.0,-1.000088900581841e-12,0,0,1.0,6.944444444444444e-05,0.0,11.125969159497362,0.0,11.10756304240601,-0.6321229176102646,11.125969159497362,2.7477308184482725,6.661338147750939e-17,0.0,-1.000088900581841e-12,0.0,0.0,Train006,10.0
44,5,0,0.0,0.0,0.0,0.0,0.0,0.0,0.0,0.0,0.0,0.0,0.0,0,0,0.0,0.0,0.0,0.0,0.0,0.0,0.0,0.0,0.0,0.0,0.0,0.0,0.0,0.0,Train006,10.0
45,0,2,0.0001388888888888889,0.0,9.97399218106383,1.137869941319849,-9.804281117265083,1.0153632459836053,9.8567180515451,2.191127984625645,0.011913976943935145,76.1985407748376,0.6931471805579453,0,0,2.6,0.00018055555555555555,-0.2,8.761002129414376,0.9805485917576512,-5.701052824686644,0.17147676627670025,5.726383748719161,0.9971587515888288,0.40261402352188586,47.607974101705466,0.936426245422244,0.0,0.2,Train006,10.0
45,1,1,6.944444444444444e-05,0.0,8.346570093043852,0.0,-8.341792037350846,-0.28237904257232405,8.346570093043852,-2.4095867661878145,0.0,0.0,-1.000088900581841e-12,0,0,1.0,6.944444444444444e-05,0.0,8.542914168362229,0.0,-8.528625431971255,0.3005046230611662,8.542914168362227,-2.8341755802906397,0.0,0.0,-1.000088900581841e-12,0.0,0.0,Train006,10.0
45,2,0,0.0,0.0,0.0,0.0,0.0,0.0,0.0,0.0,0.0,0.0,0.0,0,0,1.2,8.333333333333334e-05,-0.4,6.290619040757939,1.4098900339896663,-6.2393325426592785,-0.4976546021310388,6.259160779216897,-8.146471640516822,0.003156290450069954,7.134819574525534,0.41588830833476714,0.0,0.4,Train006,10.0
45,3,3,0.00020833333333333335,0.0,9.93950975608516,1.6914107266566758,2.2951389320330287,-0.3874367644638215,2.327610354804237,-0.43956235975470825,0.6671571494467374,26.960769117388967,1.0986122886651097,0,0,3.0,0.00020833333333333335,0.0,9.524026528667234,1.8706264594062278,1.6174168959282103,0.04603553921718746,1.6454303772467835,-1.1957225232565059,0.6650427261117555,26.333156183615465,1.0986122886651097,0.0,0.0,Train006,10.0
45,4,1,6.944444444444444e-05,0.0,13.716423700814701,0.0,13.707279734809589,-0.500760833082629,13.716423700814701,5.590055503344313,0.0,0.0,-1.000088900581841e-12,0,0,1.0,6.944444444444444e-05,0.0,11.507563158664095,0.0,11.491058020046225,-0.599597945040457,11.507563158664095,3.815939991667336,4.4408920985006264e-17,0.0,-1.000088900581841e-12,0.0,0.0,Train006,10.0
45,5,0,0.0,0.0,0.0,0.0,0.0,0.0,0.0,0.0,0.0,0.0,0.0,0,0,0.0,0.0,0.0,0.0,0.0,0.0,0.0,0.0,0.0,0.0,0.0,0.0,0.0,0.0,Train006,10.0
46,0,2,0.0001388888888888889,0.0,9.464527189467345,1.0645287885328134,-9.281583796748144,1.0482609667554732,9.340591460420525,-5.094649915964844,0.013263670742997169,76.3659622500818,0.6931471805579453,0,0,2.4,0.00016666666666666666,-0.2,8.908588227175235,1.004246192925793,-6.900268582984272,0.4449086210060239,6.93431299909698,1.0129689803795459,0.27239806553116014,57.13347006979848,0.855333223800811,0.0,0.2,Train006,10.0
46,1,1,6.944444444444444e-05,0.0,7.772436167249823,0.0,-7.764933360886882,-0.34142916536093193,7.772436167249823,-5.741339257940288,0.0,0.0,-1.000088900581841e-12,0,0,1.0,6.944444444444444e-05,0.0,8.234530416107793,0.0,-8.223300888665605,0.1019585282462783,8.234530416107795,-3.0838375225443473,0.0,0.0,-1.000088900581841e-12,0.0,0.0,Train006,10.0
46,2,0,0.0,0.0,0.0,0.0,0.0,0.0,0.0,0.0,0.0,0.0,0.0,0,0,0.8,5.555555555555556e-05,-0.4,3.9116440792709115,0.8024012328503183,-3.8794455617286006,-0.3147618948329066,3.8921972591877116,-5.5362802911097235,0.0020758598647618643,4.761812119346517,0.27725887222317813,0.0,0.4,Train006,10.0
46,3,3,0.00020833333333333335,0.0,9.338447943092442,1.6386155511820342,2.2335542224443246,-0.42136994425524527,2.2729533859101774,-6.0106181299271695,0.6672788747335412,27.06168252839126,1.0986122886651097,0,0,3.0,0.00020833333333333335,0.0,9.388322248010274,1.770294854535591,1.7893801049363915,-0.0904341958564934,1.8203593675177157,-1.3570428065695863,0.665624099657766,26.570035556758,1.0986122886651097,0.0,0.0,Train006,10.0
46,4,1,6.944444444444444e-05,0.0,13.102216227718696,0.0,13.094361945485115,-0.45360259977918915,13.102216227718696,-6.142074730960054,0.0,0.0,-1.000088900581841e-12,0,0,1.0,6.944444444444444e-05,0.0,11.90370001504878,0.0,11.889868412776448,-0.552973479133509,11.90370001504878,3.9613685638468477,2.2204460492503132e-17,0.0,-1.000088900581841e-12,0.0,0.0,Train006,10.0
46,5,0,0.0,0.0,0.0,0.0,0.0,0.0,0.0,0.0,0.0,0.0,0.0,0,0,0.0,0.0,0.0,0.0,0.0,0.0,0.0,0.0,0.0,0.0,0.0,0.0,0.0,0.0,Train006,10.0
47,0,2,0.0001388888888888889,0.0,8.730081115670002,0.9756380618236697,-8.552955549528106,0.9979189975011811,8.610975029448023,-7.344460737973435,0.013816940669458377,76.42015459260008,0.6931471805579453,0,0,2.2,0.00015277777777777777,-0.2,9.048172021324856,1.0244568310142985,-8.006693861349742,0.7054981499121332,8.049269953625389,0.9329459442671485,0.14232373642378812,66.68026936486065,0.7742402021793782,0.0,0.2,Train006,10.0
47,1,1,6.944444444444444e-05,0.0,7.115361582006459,0.0,-7.107147561111724,-0.34179524174151704,7.115361582006459,-6.570745852433637,0.0,0.0,-1.000088900581841e-12,0,0,1.0,6.944444444444444e-05,0.0,7.935762533039197,0.0,-7.9273940870853306,-0.09085797389783451,7.935762533039198,-2.9876788306859643,0.0,0.0,-1.000088900581841e-12,0.0,0.0,Train006,10.0
47,2,0,0.0,0.0,0.0,0.0,0.0,0.0,0.0,0.0,0.0,0.0,0.0,0,0,0.4,2.777777777777778e-05,-0.4,1.8253469323760556,0.34378081261556115,-1.810115678438795,-0.14944603942029624,1.8162744528370023,-2.609502145187998,0.0010307067986167207,2.37994999238431,0.13862943611158907,0.0,0.4,Train006,10.0
47,3,3,0.00020833333333333335,0.0,8.57920081253068,1.527917184717902,2.0800740675833285,-0.40824651400985057,2.119757850046521,-7.592471305617631,0.6673205016958486,27.08054065681218,1.0986122886651097,0,0,3.0,0.00020833333333333335,0.0,9.25481038028793,1.6715417065727927,1.959306668075493,-0.23070386972415502,1.9913370754824,-1.3351186772234498,0.6663572290090886,26.77549066445716,1.0986122886651097,0.0,0.0,Train006,10.0
47,4,1,6.944444444444444e-05,0.0,12.117072080895191,0.0,12.110116286498428,-0.41051107304823575,12.117072080895191,-9.851441468235045,0.0,0.0,-1.000088900581841e-12,0,0,1.0,6.944444444444444e-05,0.0,12.281575456117132,0.0,12.270543281659737,-0.5042076082270425,12.281575456117132,3.7787544106835265,0.0,0.0,-1.000088900581841e-12,0.0,0.0,Train006,10.0
47,5,0,0.0,0.0,0.0,0.0,0.0,0.0,0.0,0.0,0.0,0.0,0.0,0,0,0.0,0.0,0.0,0.0,0.0,0.0,0.0,0.0,0.0,0.0,0.0,0.0,0.0,0.0,Train006,10.0
48,0,2,0.0001388888888888889,0.0,7.960653432307287,0.8870061417140791,-7.7959274428922996,0.9216594387148831,7.850219157183671,-7.694276833627152,0.014048152219162113,76.43169981872936,0.6931471805579453,0,0,2.0,0.0001388888888888889,-0.2,9.176826660221947,1.0423273755480738,-9.015775767483273,0.9462724670697306,9.06632219447781,0.8236543917418434,0.012308673533064174,76.23063619447962,0.6931471805579453,0.0,0.2,Train006,10.0
48,1,1,6.944444444444444e-05,0.0,6.468087298805158,0.0,-6.460078249598483,-0.32177991551555873,6.468087298805158,-6.47274283201301,0.0,0.0,-1.000088900581841e-12,0,0,1.0,6.944444444444444e-05,0.0,7.657996782153584,0.0,-7.652247980312529,-0.27031922648344187,7.657996782153584,-2.7776575088561257,0.0,0.0,-1.000088900581841e-12,0.0,0.0,Train006,10.0
48,2,0,0.0,0.0,0.0,0.0,0.0,0.0,0.0,0.0,0.0,0.0,0.0,0,0,0.0,0.0,-0.4,0.0,0.0,0.0,0.0,0.0,0.0,0.0,0.0,0.0,0.0,0.4,Train006,10.0
48,3,3,0.00020833333333333335,0.0,7.809896405076667,1.400496531051699,1.9038966106253,-0.37958951908067434,1.941368204887059,-7.693044074540125,0.6673365638246473,27.068446426875095,1.0986122886651097,0,0,3.0,0.00020833333333333335,0.0,9.130104181769115,1.5791480770294926,2.118694242331542,-0.3640399885841553,2.1508943911935132,-1.2470619851881377,0.6671573292780834,26.968657419709597,1.0986122886651097,0.0,0.0,Train006,10.0
48,4,1,6.944444444444444e-05,0.0,11.06128026784408,0.0,11.05504432424581,-0.3713706406776262,11.06128026784408,-10.55791813051112,0.0,0.0,-1.000088900581841e-12,0,0,1.0,6.944444444444444e-05,0.0,12.630882085550587,0.0,12.622530364476528,-0.45757445446661754,12.630882085550587,3.4930662943345547,0.0,0.0,-1.000088900581841e-12,0.0,0.0,Train006,10.0
48,5,0,0.0,0.0,0.0,0.0,0.0,0.0,0.0,0.0,0.0,0.0,0.0,0,0,0.0,0.0,0.0,0.0,0.0,0.0,0.0,0.0,0.0,0.0,0.0,0.0,0.0,0.0,Train006,10.0
49,0,3,0.00020833333333333335,1.0,7.562173771689525,3.248106058561443,-3.900777993933642,0.07484693737924704,3.901495997946432,7.09950396856579,0.6852118112421732,30.23076051944038,1.0986122886651097,1,0,2.2,0.00015277777777777777,0.2,8.738285538039598,1.4626297983903709,-7.867105180073454,0.8116099172668779,7.91199993930875,-2.1685511068747987,0.14765091036354522,67.12942359113784,0.7742402021793782,0.2,0.0,Train006,10.0
49,1,1,6.944444444444444e-05,0.0,8.217288434736503,0.0,-8.211960070007567,-0.2958733314369463,8.217288434736503,17.492011359313445,1.1102230246251565e-16,0.0,-1.000088900581841e-12,0,0,1.0,6.944444444444444e-05,0.0,7.583948715168359,0.0,-7.577182255791101,-0.31665133932545564,7.583948715168359,-0.7404806698522606,2.2204460492503132e-17,0.0,-1.000088900581841e-12,0.0,0.0,Train006,10.0
49,2,1,6.944444444444444e-05,1.0,6.924758834508804,0.0,-6.607824695980151,2.0709750610044932,6.924758834508804,0.0,0.0,0.0,-1.000088900581841e-12,1,0,0.2,1.388888888888889e-05,0.2,1.3849517669017608,0.0,-1.3215649391960302,0.41419501220089866,1.3849517669017608,0.0,0.0,0.0,-2.000177801163682e-13,0.2,0.0,Train006,10.0
49,3,3,0.00020833333333333335,0.0,9.384833157317493,1.9394718912990505,1.5356431389629173,-0.052080404812607416,1.5365260228220434,15.749367522408257,0.6679425050295613,28.767178417802498,1.0986122886651097,0,0,3.0,0.00020833333333333335,0.0,9.010377614820488,1.6395823769814726,2.00966139432978,-0.3297446293244398,2.039643163694008,-1.1972656694862764,0.6674071189460672,27.387723429454002,1.0986122886651097,0.0,0.0,Train006,10.0
49,4,0,0.0,-1.0,0.0,0.0,0.0,0.0,0.0,0.0,0.0,0.0,0.0,0,1,0.8,5.555555555555556e-05,-0.2,9.999398455454534,0.0,9.993360458207787,-0.347249029317536,9.999398455454534,-4.192275765272381,0.0,0.0,-8.000711204654728e-13,0.0,0.2,Train006,10.0
49,5,1,6.944444444444444e-05,1.0,12.98358137604896,0.0,12.983515643033465,-0.04131459295098769,12.98358137604896,19.223011082048806,1.1102230246251565e-16,0.0,-1.000088900581841e-12,1,0,0.2,1.388888888888889e-05,0.2,2.596716275209792,0.0,2.596703128606693,-0.008262918590197538,2.596716275209792,3.8446022164097613,2.2204460492503132e-17,0.0,-2.000177801163682e-13,0.2,0.0,Train006,10.0
50,0,3,0.00020833333333333335,0.0,7.309243974153105,3.7394265348776448,-3.8166726050702855,0.11350104542405577,3.8183598915773187,-2.5292979753641878,0.7057929445954199,31.420447170117537,1.0986122886651097,0,0,2.4,0.00016666666666666666,0.2,8.205335896657454,1.9829411171019302,-6.669583477634495,0.6312374771549681,6.704328307315194,-3.1126362988727654,0.2864267038938421,58.17380487019383,0.855333223800811,0.2,0.0,Train006,10.0
50,1,1,6.944444444444444e-05,0.0,8.340327452409895,0.0,-8.335973772480148,-0.26944995443537284,8.340327452409895,1.2303901767339198,0.0,0.0,-1.000088900581841e-12,0,0,1.0,6.944444444444444e-05,0.0,7.582700187041567,0.0,-7.576018602816961,-0.31406552169806534,7.582700187041567,-0.01248528126791335,2.2204460492503132e-17,0.0,-1.000088900581841e-12,0.0,0.0,Train006,10.0
50,2,1,6.944444444444444e-05,0.0,6.304034947245934,0.0,-5.965043745420829,2.0393895486919362,6.304034947245934,-6.207238872628702,1.1102230246251565e-16,0.0,-1.000088900581841e-12,0,0,0.4,2.777777777777778e-05,0.2,2.645758756350948,0.0,-2.514573688280196,0.8220729219392858,2.645758756350948,-1.2414477745257417,2.2204460492503132e-17,0.0,-4.000355602327364e-13,0.2,0.0,Train006,10.0
50,3,3,0.00020833333333333335,0.0,9.388917791666296,2.087959117355439,1.3169348388265953,0.0645777087447111,1.3185172164905348,0.04084634348803462,0.6678715238356687,29.5420374896688,1.0986122886651097,0,0,3.0,0.00020833333333333335,0.0,8.900259221936714,1.7188920551212248,1.814020575688493,-0.2393417346827333,1.8378245360312673,-1.1011839288377274,0.6675499938238534,27.903977103909966,1.0986122886651097,0.0,0.0,Train006,10.0
50,4,0,0.0,0.0,0.0,0.0,0.0,0.0,0.0,0.0,0.0,0.0,0.0,0,0,0.6,4.1666666666666665e-05,-0.2,7.256113715291593,0.0,7.25190451124587,-0.24709686270101022,7.256113715291593,-5.310286865941244,0.0,0.0,-6.000533403491046e-13,0.0,0.2,Train006,10.0
50,5,1,6.944444444444444e-05,0.0,12.88798446919663,0.0,12.887762431990012,0.07565166779656976,12.88798446919663,-0.9559690685233058,1.1102230246251565e-16,0.0,-1.000088900581841e-12,0,0,0.4,2.777777777777778e-05,0.2,5.174313169049118,0.0,5.174255615004695,0.006867414969116414,5.174313169049118,3.6534084027051,4.4408920985006264e-17,0.0,-4.000355602327364e-13,0.2,0.0,Train006,10.0
51,0,3,0.00020833333333333335,0.0,6.805970668309619,3.6798285826459134,-3.5574562636890206,0.11921361244441692,3.559453181803673,-5.032733058434872,0.716433470365075,31.859802426960826,1.0986122886651097,0,0,2.6,0.00018055555555555557,0.2,7.673624592425908,2.50600107592455,-5.52475797102267,0.44542800629275686,5.548100651591823,-3.100252927366771,0.4270606638182577,49.27257290556964,0.936426245422244,0.2,0.0,Train006,10.0
51,1,1,6.944444444444444e-05,0.0,7.891628319458367,0.0,-7.887842786699859,-0.24440479697479256,7.891628319458367,-4.486991329515275,0.0,0.0,-1.000088900581841e-12,0,0,1.0,6.944444444444444e-05,0.0,7.6065386174832765,0.0,-7.600600487979557,-0.29466064802083747,7.6065386174832765,0.23838430441708916,2.2204460492503132e-17,0.0,-1.000088900581841e-12,0.0,0.0,Train006,10.0
51,2,1,6.944444444444444e-05,0.0,5.710304748997047,0.0,-5.3854190637195165,1.8986421028052216,5.710304748997047,-5.937301982488865,1.1102230246251565e-16,0.0,-1.000088900581841e-12,0,0,0.6,4.1666666666666665e-05,0.2,3.787819706150357,0.0,-3.591657501024099,1.2018013425003302,3.787819706150357,-2.4289081710235148,4.4408920985006264e-17,0.0,-6.000533403491046e-13,0.2,0.0,Train006,10.0
51,3,3,0.00020833333333333335,0.0,8.838096742229729,2.02244869451622,1.1631829997945708,0.10123116897187767,1.16757973628464,-5.5082104943656836,0.6677962861500442,29.554952408781986,1.0986122886651097,0,0,3.0,0.00020833333333333335,0.0,8.800188981764173,1.7956586837880621,1.5999463311585422,-0.13482151203730872,1.6167498061061596,-1.0007024017254302,0.667653476107154,28.40263107998811,1.0986122886651097,0.0,0.0,Train006,10.0
51,4,0,0.0,0.0,0.0,0.0,0.0,0.0,0.0,0.0,0.0,0.0,0.0,0,0,0.4,2.7777777777777772e-05,-0.2,4.635670469747854,0.0,4.6330321221488475,-0.1563763427451724,4.635670469747854,-4.081871919749233,0.0,0.0,-4.000355602327364e-13,0.0,0.2,Train006,10.0
51,5,1,6.944444444444444e-05,0.0,12.095763523747701,0.0,12.09524698940154,0.11178321787468941,12.095763523747701,-7.922209454489284,0.0,0.0,-1.000088900581841e-12,0,0,0.6,4.1666666666666665e-05,0.2,7.5934658737986584,0.0,7.593305012885002,0.0292240585440543,7.5934658737986584,2.0689665118072433,4.4408920985006264e-17,0.0,-6.000533403491046e-13,0.2,0.0,Train006,10.0
52,0,3,0.00020833333333333335,0.0,6.231896973990047,3.441016310903971,-3.2580293401727793,0.11422276541450349,3.2600309847554536,-5.740736943195725,0.7212505915036406,32.01696462648749,1.0986122886651097,0,0,2.8,0.00019444444444444446,0.2,7.173987764089917,2.9990767257406103,-4.465772729151605,0.2686887598754213,4.477911842653309,-2.779508168411229,0.5685473939850941,40.39193491234712,1.0175192670436768,0.2,0.0,Train006,10.0
52,1,1,6.944444444444444e-05,0.0,7.27096645578723,0.0,-7.26759749283967,-0.22131399244884983,7.27096645578723,-6.206618636711374,0.0,0.0,-1.000088900581841e-12,0,0,1.0,6.944444444444444e-05,0.0,7.63765959223943,0.0,-7.6326904743251465,-0.27056439816230404,7.63765959223943,0.31120974756154174,2.2204460492503132e-17,0.0,-1.000088900581841e-12,0.0,0.0,Train006,10.0
52,2,1,6.944444444444444e-05,0.0,5.144526710961509,0.0,-4.845054329244137,1.7296252849877902,5.144526710961509,-5.657780380355382,0.0,0.0,-1.000088900581841e-12,0,0,0.8,5.555555555555556e-05,0.2,4.816725048342659,0.0,-4.560668366872926,1.5477263994978883,4.816725048342659,-3.560464247094591,4.4408920985006264e-17,0.0,-8.000711204654728e-13,0.2,0.0,Train006,10.0
52,3,3,0.00020833333333333335,0.0,8.126250021559203,1.881451969479564,1.0411204489172061,0.10797528933477045,1.046704567803395,-7.118467206705255,0.6677575476477451,29.52542757358474,1.0986122886651097,0,0,3.0,0.00020833333333333335,0.0,8.709598823569877,1.8663656407403946,1.3921556074253179,-0.0315771513683845,1.4021391496575344,-0.9059015819429549,0.6677408852975333,28.891608463342624,1.0986122886651097,0.0,0.0,Train006,10.0
52,4,0,0.0,0.0,0.0,0.0,0.0,0.0,0.0,0.0,0.0,0.0,0.0,0,0,0.2,1.388888888888889e-05,-0.2,2.212256053568816,0.0,2.2110088648491617,-0.07427412813552524,2.212256053568816,-2.111583626102224,0.0,0.0,-2.000177801163682e-13,0.0,0.2,Train006,10.0
52,5,1,6.944444444444444e-05,0.0,11.108275175156482,0.0,11.107651221698287,0.11773573842441984,11.108275175156482,-9.87488348591219,0.0,0.0,-1.000088900581841e-12,0,0,0.8,5.555555555555556e-05,0.2,9.815120908829954,0.0,9.814835257224662,0.05277120622893826,9.815120908829954,0.09398981462480549,4.4408920985006264e-17,0.0,-8.000711204654728e-13,0.2,0.0,Train006,10.0
53,0,3,0.00020833333333333335,0.0,5.665125956433134,3.155488024211541,-2.9626978373917265,0.1060662958234897,2.9645958467884506,-5.667710175569123,0.7233456376392488,32.06726913587125,1.0986122886651097,0,0,3.0,0.00020833333333333335,0.2,6.714882268915086,3.4527731022401027,-3.4991268080514906,0.10557013129714263,3.500787180574265,-2.3741948367996235,0.7104068910691115,31.519048775775495,1.0986122886651097,0.2,0.0,Train006,10.0
53,1,1,6.944444444444444e-05,0.0,6.627209183569443,0.0,-6.624182714351118,-0.2002621523878614,6.627209183569443,-6.437572722177869,1.1102230246251565e-16,0.0,-1.000088900581841e-12,0,0,1.0,6.944444444444444e-05,0.0,7.669483969192287,0.0,-7.6655113672756725,-0.24626084553676458,7.669483969192287,0.3182437695285699,4.4408920985006264e-17,0.0,-1.000088900581841e-12,0.0,0.0,Train006,10.0
53,2,1,6.944444444444444e-05,0.0,4.6261879275767965,0.0,-4.354310121114851,1.5625613941263439,4.6261879275767965,-5.183387833847126,0.0,0.0,-1.000088900581841e-12,0,0,1.0,6.944444444444444e-05,0.2,5.741962633858018,0.0,-5.4315303910958965,1.860238678323157,5.741962633858018,-4.597141813864016,4.4408920985006264e-17,0.0,-1.000088900581841e-12,0.2,0.0,Train006,10.0
53,3,3,0.00020833333333333335,0.0,7.4003821152705065,1.7219186692855264,0.9372995170450169,0.10394814038622635,0.9430459164550666,-7.258679062886958,0.6677399784181064,29.51538779948874,1.0986122886651097,0,0,3.0,0.00020833333333333335,0.0,8.627695965608646,1.9306500683871601,1.1988361887092613,0.06513038052499563,1.202474691971136,-0.8190285796123215,0.6678215682162252,29.380996737865352,1.0986122886651097,0.0,0.0,Train006,10.0
53,4,0,0.0,0.0,0.0,0.0,0.0,0.0,0.0,0.0,0.0,0.0,0.0,0,0,0.0,0.0,-0.2,0.0,0.0,0.0,0.0,0.0,0.0,0.0,0.0,0.0,0.0,0.2,Train006,10.0
53,5,1,6.944444444444444e-05,0.0,10.111182210175489,0.0,10.110552266931984,0.11286516294148316,10.111182210175489,-9.970929649809932,0.0,0.0,-1.000088900581841e-12,0,0,1.0,6.944444444444444e-05,0.2,11.837357350865052,0.0,11.836945710611058,0.0753442388172349,11.837357350865052,-1.900196115337181,4.4408920985006264e-17,0.0,-1.000088900581841e-12,0.2,0.0,Train006,10.0
54,0,2,0.0001388888888888889,-1.0,6.992551866320998,4.837949950030293,-5.458903246253336,-1.0517699301205523,5.559302531600615,0.5009738429267792,0.4575646477171844,79.29900621484268,0.6931471805579453,0,1,2.8,0.00019444444444444443,-0.2,6.60095788784138,3.7707418805338726,-3.8107518585154296,-0.11975324220281722,3.832348487305102,-3.6939008619274256,0.6648774583641137,41.332697914855956,1.0175192670436768,0.0,0.2,Train006,10.0
54,1,2,0.0001388888888888889,1.0,5.23507676980755,3.7220586737575037,-4.527974587988291,0.8115798620312499,4.600132143963084,3.6623772540144763,0.2656930634622955,92.11313196415644,0.6931471805579453,1,0,1.2,8.333333333333333e-05,0.2,7.073041636206497,0.7444117347515007,-6.928714270871817,-0.024770206843125385,6.946052711037604,-2.447683051531224,0.05313861269245912,18.422626392831287,0.13862943611078898,0.2,0.0,Train006,10.0
54,2,0,0.0,-1.0,0.0,0.0,0.0,0.0,0.0,0.0,0.0,0.0,0.0,0,1,0.8,5.555555555555556e-05,-0.2,4.357010866956257,0.0,-4.109965451899866,1.4460436661222584,4.357010866956257,-4.597141813864016,4.4408920985006264e-17,0.0,-8.000711204654728e-13,0.0,0.2,Train006,10.0
54,3,3,0.00020833333333333335,0.0,9.583595133546856,2.227817604946064,1.1413615867381302,-0.0017646096789663002,1.1413629508305854,21.832130182763493,0.6691857021354763,30.22917879734469,1.0986122886651097,0,0,3.0,0.00020833333333333335,0.0,8.667448360854518,1.9883192111165626,1.119979878264304,0.07519353955172385,1.1234420775728444,0.3975239524587259,0.6680702076374081,29.673396813773792,1.0986122886651097,0.0,0.0,Train006,10.0
54,4,0,0.0,0.0,0.0,0.0,0.0,0.0,0.0,0.0,0.0,0.0,0.0,0,0,0.0,0.0,0.0,0.0,0.0,0.0,0.0,0.0,0.0,0.0,0.0,0.0,0.0,0.0,Train006,10.0
54,5,1,6.944444444444444e-05,0.0,11.525875678530415,0.0,11.52540170702925,0.10452582717308528,11.525875678530415,14.146934683549262,1.1102230246251565e-16,0.0,-1.000088900581841e-12,0,0,1.0,6.944444444444444e-05,0.0,11.545816211361345,0.0,11.545322923410215,0.10451232284204948,11.545816211361345,-2.91541139503709,4.4408920985006264e-17,0.0,-1.000088900581841e-12,0.0,0.0,Train006,10.0
55,0,2,0.0001388888888888889,0.0,6.805077711861028,4.924897857825183,-5.8501434793035685,-1.008416369312586,5.9364199903928325,-1.874741544599694,0.29420154198681614,79.47606186215955,0.6931471805579453,0,0,2.6,0.00018055555555555557,-0.2,6.500124635382965,4.00783614512338,-4.217446033362086,-0.3441367251501456,4.255960507068204,-3.5629895757745267,0.5825591778423929,50.943820853264356,0.936426245422244,0.0,0.2,Train006,10.0
55,1,2,0.0001388888888888889,0.0,5.263956255607212,3.976632761354437,-4.322189741187771,0.6789179347432682,4.375186135576963,0.28879485799662263,0.47101896243293495,90.1338303277947,0.6931471805579453,0,0,1.4,9.722222222222222e-05,0.2,6.457767396845961,1.5397382870223884,-6.125957464613342,0.16490337099260283,6.153024447671017,-2.636002115278683,0.14734240517904612,36.44939245839023,0.27725887222257806,0.2,0.0,Train006,10.0
55,2,0,0.0,0.0,0.0,0.0,0.0,0.0,0.0,0.0,0.0,0.0,0.0,0,0,0.6,4.1666666666666665e-05,-0.2,3.09620387750707,0.0,-2.916956702815701,1.038165756383871,3.09620387750707,-3.355694039338276,2.2204460492503132e-17,0.0,-6.000533403491046e-13,0.0,0.2,Train006,10.0
55,3,3,0.00020833333333333335,0.0,9.777099358226502,2.275581891012902,1.1447433041873822,-0.03834774653164574,1.1453854295152792,1.9350422467964783,0.6695004139996458,30.786014370319133,1.0986122886651097,0,0,3.0,0.00020833333333333335,0.0,8.74508467416656,2.0258437658480553,1.0855415713364613,0.05460844849645249,1.0888157201777933,0.7763631331204147,0.6683959856702035,29.92219218990386,1.0986122886651097,0.0,0.0,Train006,10.0
55,4,0,0.0,0.0,0.0,0.0,0.0,0.0,0.0,0.0,0.0,0.0,0.0,0,0,0.0,0.0,0.0,0.0,0.0,0.0,0.0,0.0,0.0,0.0,0.0,0.0,0.0,0.0,Train006,10.0
55,5,1,6.944444444444444e-05,0.0,11.337801101483532,0.0,11.33739910690916,0.09547411930219747,11.337801101483532,-1.8807457704688346,1.1102230246251565e-16,0.0,-1.000088900581841e-12,0,0,1.0,6.944444444444444e-05,0.0,11.235779537818724,0.0,11.235250258394045,0.10847681314317503,11.235779537818724,-3.1003667354261957,4.4408920985006264e-17,0.0,-1.000088900581841e-12,0.0,0.0,Train006,10.0
56,0,2,0.0001388888888888889,0.0,6.38483908343215,4.619085856149761,-5.641000750923183,-0.9336984214219376,5.717751499853919,-4.202386284288786,0.23548185133744415,79.50400246094456,0.6931471805579453,0,0,2.4,0.0001666666666666667,-0.2,6.415898318407471,4.19568759982415,-4.6341549308089185,-0.5547191319234165,4.687620170678254,-3.3969202209453093,0.48636885403686686,60.47266086006111,0.855333223800811,0.0,0.2,Train006,10.0
56,1,2,0.0001388888888888889,0.0,5.017171741332859,3.7776262630247186,-3.9961427912220118,0.5928852820083503,4.039884919828506,-2.4678451427435366,0.5663343691219902,89.41283165704608,0.6931471805579453,0,0,1.6,0.00011111111111111112,0.2,5.882876081220859,2.295263539627332,-5.347617465517773,0.33236138678923144,5.382675767745044,-2.2321728779243353,0.26060927900344416,54.331958789799444,0.4158883083343672,0.2,0.0,Train006,10.0
56,2,0,0.0,0.0,0.0,0.0,0.0,0.0,0.0,0.0,0.0,0.0,0.0,0,0,0.4,2.7777777777777772e-05,-0.2,1.954142927707661,0.0,-1.8398728900717978,0.6584373358228268,1.954142927707661,-2.168233642840503,0.0,0.0,-4.000355602327364e-13,0.0,0.2,Train006,10.0
56,3,3,0.00020833333333333335,0.0,9.26822231457979,2.1585075834774545,1.0783662861396968,-0.04878570896151602,1.079469264259803,-5.088770436467129,0.6696066773202474,31.023850575856056,1.0986122886651097,0,0,3.0,0.00020833333333333335,0.0,8.83110978863657,2.053055543640302,1.0685782286054866,0.024605072909773748,1.0711936257728258,0.8602511447001255,0.6687580639042442,30.21597182331867,1.0986122886651097,0.0,0.0,Train006,10.0
56,4,0,0.0,0.0,0.0,0.0,0.0,0.0,0.0,0.0,0.0,0.0,0.0,0,0,0.0,0.0,0.0,0.0,0.0,0.0,0.0,0.0,0.0,0.0,0.0,0.0,0.0,0.0,Train006,10.0
56,5,1,6.944444444444444e-05,0.0,10.604612758641847,0.0,10.604258267179539,0.0867084984522616,10.604612758641847,-7.331883428416841,0.0,0.0,-1.000088900581841e-12,0,0,1.0,6.944444444444444e-05,0.0,10.937549384797553,0.0,10.937052513949645,0.10346186925868947,10.937549384797553,-2.982301530211707,4.4408920985006264e-17,0.0,-1.000088900581841e-12,0.0,0.0,Train006,10.0
57,0,2,0.0001388888888888889,0.0,5.869487938674648,4.234136959707725,-5.235953380473593,-0.8525765406868808,5.3049123046684254,-5.153511447575017,0.21375547837686615,79.47850902088632,0.6931471805579453,0,0,2.2,0.00015277777777777777,-0.2,6.343416511344391,4.3543117295849,-5.029739738869081,-0.7480789931436934,5.0965964346608486,-3.279475121821168,0.38486983141151193,69.96496973894088,0.7742402021793782,0.0,0.2,Train006,10.0
57,1,2,0.0001388888888888889,0.0,4.64350086055759,3.4785085671350418,-3.6475752358959426,0.5281025830515822,3.6856067939685446,-3.736708807752689,0.6040173072017407,89.17076301167495,0.6931471805579453,0,0,1.8,0.000125,0.2,5.357382962174931,2.9909652530543402,-4.6236130141290275,0.4822447018893178,4.665603835381308,-1.7381909121325982,0.3814127404437923,72.16611139213444,0.5545177444461562,0.2,0.0,Train006,10.0
57,2,0,0.0,0.0,0.0,0.0,0.0,0.0,0.0,0.0,0.0,0.0,0.0,0,0,0.2,1.388888888888889e-05,-0.2,0.9252375855153593,0.0,-0.8708620242229703,0.3125122788252688,0.9252375855153593,-1.0366775667694266,0.0,0.0,-2.000177801163682e-13,0.0,0.2,Train006,10.0
57,3,3,0.00020833333333333335,0.0,8.54556837513619,1.990830645972576,0.9917309286847095,-0.04953535440690363,0.9929672634312039,-7.226539394436007,0.6696478874988667,31.102147265409574,1.0986122886651097,0,0,3.0,0.00020833333333333335,0.0,8.91497345935197,2.0749312789389047,1.0587003245589872,-0.006897055838561069,1.0604461648983876,0.838636707153975,0.6691361318744685,30.531315761683636,1.0986122886651097,0.0,0.0,Train006,10.0
57,4,0,0.0,0.0,0.0,0.0,0.0,0.0,0.0,0.0,0.0,0.0,0.0,0,0,0.0,0.0,0.0,0.0,0.0,0.0,0.0,0.0,0.0,0.0,0.0,0.0,0.0,0.0,Train006,10.0
57,5,1,6.944444444444444e-05,0.0,9.72545515585413,0.0,9.7251378673085,0.07855857923841297,9.72545515585413,-8.791576027877177,0.0,0.0,-1.000088900581841e-12,0,0,1.0,6.944444444444444e-05,0.0,10.660985380937081,0.0,10.660549843071687,0.0956264374214881,10.660985380937081,-2.7656400386047046,4.4408920985006264e-17,0.0,-1.000088900581841e-12,0.0,0.0,Train006,10.0
58,0,2,0.0001388888888888889,0.0,5.345724431972295,3.8502000728899297,-4.7868500209138265,-0.7740646849149108,4.8490317857439456,-5.237635067023525,0.20513720370072908,79.43596768334514,0.6931471805579453,0,0,2.0,0.0001388888888888889,-0.2,6.2795362064522235,4.4932541393205785,-5.394570175573501,-0.9241051892913734,5.473483622451948,-3.1934601001120484,0.28122814462380796,79.43870944843566,0.6931471805579453,0.0,0.2,Train006,10.0
58,1,2,0.0001388888888888889,0.0,4.241346450796494,3.1687153753793074,-3.311729975031257,0.4745106898253412,3.345551646930451,-4.02154409761096,0.619300461941513,89.10912214339538,0.6931471805579453,0,0,2.0,0.0001388888888888889,0.2,4.880210415620342,3.6247083281302017,-3.961122466265055,0.6171992703319583,4.00927232805351,-1.2549851872192166,0.5052728328320949,89.9879358208135,0.6931471805579453,0.2,0.0,Train006,10.0
58,2,0,0.0,0.0,0.0,0.0,0.0,0.0,0.0,0.0,0.0,0.0,0.0,0,0,0.0,0.0,-0.2,0.0,0.0,0.0,0.0,0.0,0.0,0.0,0.0,0.0,0.0,0.2,Train006,10.0
58,3,3,0.00020833333333333335,0.0,7.791318497062972,1.8154172460128908,0.9031916775944314,-0.046878422596025406,0.9044074264295572,-7.542498780732186,0.66966473645199,31.115925135293196,1.0986122886651097,0,0,3.0,0.00020833333333333335,0.0,8.993160735710461,2.0936309942843776,1.0518787566688699,-0.037062368435011414,1.0527184668932859,0.7818727635849294,0.6695210834812453,30.851423228844528,1.0986122886651097,0.0,0.0,Train006,10.0
58,4,0,0.0,0.0,0.0,0.0,0.0,0.0,0.0,0.0,0.0,0.0,0.0,0,0,0.0,0.0,0.0,0.0,0.0,0.0,0.0,0.0,0.0,0.0,0.0,0.0,0.0,0.0,Train006,10.0
58,5,1,6.944444444444444e-05,0.0,8.847437770295256,0.0,8.847152058102237,0.07110246173258739,8.847437770295256,-8.780173855588735,1.1102230246251565e-16,0.0,-1.000088900581841e-12,0,0,1.0,6.944444444444444e-05,0.0,10.408236492961036,0.0,10.407869801305738,0.08727389717970893,10.408236492961036,-2.5274888797604653,6.661338147750939e-17,0.0,-1.000088900581841e-12,0.0,0.0,Train006,10.0
59,0,2,0.0001388888888888889,0.0,6.768131836754952,4.51818595725862,-6.708085752799327,-0.25842340980776274,6.713061680458924,14.22407404782657,0.01472651428918248,80.7219868077353,0.6931471805579453,0,0,2.0,0.0001388888888888889,0.0,6.234652200539014,4.429301340766243,-5.6444066768827,-0.7654358852288156,5.704235452223609,-0.44884005913209035,0.1926605179382076,79.72330556701417,0.6931471805579453,0.0,0.0,Train006,10.0
59,1,2,0.0001388888888888889,0.0,6.2570684714305935,1.9485793431324092,-1.9691728835440752,0.13340325653045798,1.9736864680435489,20.157220206340998,0.9472225910088925,83.59310174560333,0.6931471805579453,0,0,2.0,0.0001388888888888889,0.0,5.08460875594495,3.270012462005183,-3.4493621253762115,0.4815639492317999,3.4839831928696023,2.043983403246088,0.6415787383414143,88.28392977710288,0.6931471805579453,0.0,0.0,Train006,10.0
59,2,1,6.944444444444444e-05,1.0,10.487481933288425,0.0,-10.373385222354594,1.5427755279646012,10.487481933288425,0.0,0.0,0.0,-1.000088900581841e-12,1,0,0.2,1.388888888888889e-05,0.2,2.097496386657685,0.0,-2.074677044470919,0.3085551055929202,2.097496386657685,0.0,0.0,0.0,-2.000177801163682e-13,0.2,0.0,Train006,10.0
59,3,3,0.00020833333333333335,0.0,9.436007042662144,1.8175879536913053,1.6049209668274242,-0.04319558684033072,1.605502154618534,16.44688545599173,0.6686120639181679,32.13039151758229,1.0986122886651097,0,0,3.0,0.00020833333333333335,0.0,8.96364311753352,2.011585064033426,1.1445906326867288,-0.0453485638672843,1.1455463076508754,-0.29517618176942334,0.6694063558377835,31.23166577289205,1.0986122886651097,0.0,0.0,Train006,10.0
59,4,0,0.0,0.0,0.0,0.0,0.0,0.0,0.0,0.0,0.0,0.0,0.0,0,0,0.0,0.0,0.0,0.0,0.0,0.0,0.0,0.0,0.0,0.0,0.0,0.0,0.0,0.0,Train006,10.0
59,5,1,6.944444444444444e-05,0.0,13.323352584931639,0.0,13.323197297225597,0.06432636788407195,13.323352584931639,44.75914814636383,0.0,0.0,-1.000088900581841e-12,0,0,1.0,6.944444444444444e-05,0.0,10.767731874241282,0.0,10.767428919345006,0.07923400532190628,10.767731874241282,3.594953812802448,4.4408920985006264e-17,0.0,-1.000088900581841e-12,0.0,0.0,Train006,10.0
60,0,2,0.0001388888888888889,0.0,6.998305170614641,4.350183124539921,-6.979181112573089,-0.06431691016293073,6.979477463752559,2.3017333385968874,0.004388171880985725,81.18170799508175,0.6931471805579453,0,0,2.0,0.0001388888888888889,0.0,6.273297692289737,4.314358394109191,-5.870214203536603,-0.5766159933988846,5.912846946895554,0.3864549175072261,0.1346978439170415,80.06443479359862,0.6931471805579453,0.0,0.0,Train006,10.0
60,1,2,0.0001388888888888889,0.0,6.627437241454599,1.380922469615172,-1.3872669423113742,0.007173235729641292,1.3872854877568577,3.7036877002400503,0.9795250098712801,81.53410526326456,0.6931471805579453,0,0,2.0,0.0001388888888888889,0.0,5.3573049531144274,2.7508704036573297,-2.8623775656009323,0.3472150094290746,2.8864030633055817,2.726961971694773,0.7432799478290832,86.56398476419686,0.6931471805579453,0.0,0.0,Train006,10.0
60,2,1,6.944444444444444e-05,0.0,10.253872393038831,0.0,-10.150495629669665,1.4523558533571963,10.253872393038831,-2.336095402495939,1.1102230246251565e-16,0.0,-1.000088900581841e-12,0,0,0.4,2.777777777777778e-05,0.2,4.1482708652654505,0.0,-4.104776170404852,0.5990262762643594,4.1482708652654505,-0.46721908049918925,2.2204460492503132e-17,0.0,-4.000355602327364e-13,0.2,0.0,Train006,10.0
60,3,3,0.00020833333333333335,0.0,9.451120302775356,1.7406826164123588,1.7538298087853927,-0.03937349770818425,1.7542717208306082,0.15113260113211643,0.668326834226469,32.24403703711683,1.0986122886651097,0,0,3.0,0.00020833333333333335,0.0,8.898447306443291,1.904605209113317,1.266407933606331,-0.045553714102592,1.2673235659139412,-0.6519581109022957,0.6691716398831482,31.52327030625159,1.0986122886651097,0.0,0.0,Train006,10.0
60,4,0,0.0,0.0,0.0,0.0,0.0,0.0,0.0,0.0,0.0,0.0,0.0,0,0,0.0,0.0,0.0,0.0,0.0,0.0,0.0,0.0,0.0,0.0,0.0,0.0,0.0,0.0,Train006,10.0
60,5,1,6.944444444444444e-05,0.0,14.091738185738613,0.0,14.09161805999598,0.05818545006156406,14.091738185738613,7.683856008069743,0.0,0.0,-1.000088900581841e-12,0,0,1.0,6.944444444444444e-05,0.0,11.318519291092297,0.0,11.31827270996237,0.0717762714737796,11.318519291092297,5.507874168510163,2.2204460492503132e-17,0.0,-1.000088900581841e-12,0.0,0.0,Train006,10.0
61,0,2,0.0001388888888888889,0.0,6.672578373341889,4.029074385114232,-6.661883367644437,0.00681984366415142,6.661886858418206,-3.257267972727518,0.0025229126739457763,81.32748410034685,0.6931471805579453,0,0,2.0,0.0001388888888888889,0.0,6.330845550271684,4.196356099902085,-6.074390726880855,-0.38851234038166665,6.101674018608412,0.5754785798194797,0.08810605618434184,80.42913112147906,0.6931471805579453,0.0,0.0,Train006,10.0
61,1,2,0.0001388888888888889,0.0,6.366905850102546,1.1024104353414326,-1.1036058810369136,-0.037053702780817266,1.1042277471378048,-2.605313913520524,0.9899013926523832,80.79426714969989,0.6931471805579453,0,0,2.0,0.0001388888888888889,0.0,5.627251774868364,2.2158272381206725,-2.283870183563913,0.22122721247124105,2.2992716287674413,2.6994682175393763,0.8279933525351619,84.84027186272763,0.6931471805579453,0.0,0.0,Train006,10.0
61,2,1,6.944444444444444e-05,0.0,9.577377251285002,0.0,-9.483425317546297,1.3382074801589532,9.577377251285002,-6.764951417538292,0.0,0.0,-1.000088900581841e-12,0,0,0.6,4.1666666666666665e-05,0.2,6.063746315522452,0.0,-6.001461233914111,0.8666677722961502,6.063746315522452,-1.8202093640068475,2.2204460492503132e-17,0.0,-6.000533403491046e-13,0.2,0.0,Train006,10.0
61,3,3,0.00020833333333333335,0.0,8.899594415752416,1.6153993728329494,1.7021498172614258,-0.035728096916835726,1.7025247420558693,-5.515258870229405,0.6682231165102002,32.3063870882095,1.0986122886651097,0,0,3.0,0.00020833333333333335,0.0,8.824721726677817,1.795983566984416,1.3911646398306767,-0.04294219169365594,1.3919346614731545,-0.7372557976547509,0.6688949277211387,31.77977760872228,1.0986122886651097,0.0,0.0,Train006,10.0
61,4,0,0.0,0.0,0.0,0.0,0.0,0.0,0.0,0.0,0.0,0.0,0.0,0,0,0.0,0.0,0.0,0.0,0.0,0.0,0.0,0.0,0.0,0.0,0.0,0.0,0.0,0.0,Train006,10.0
61,5,1,6.944444444444444e-05,0.0,13.528247093710876,0.0,13.528144730766824,0.05262672251409812,13.528247093710876,-5.634910920277374,0.0,0.0,-1.000088900581841e-12,0,0,1.0,6.944444444444444e-05,0.0,11.903246158106104,0.0,11.903050002679828,0.0649599162861469,11.903246158106104,5.847268670138056,2.2204460492503132e-17,0.0,-1.000088900581841e-12,0.0,0.0,Train006,10.0
62,0,2,0.0001388888888888889,0.0,6.167070349240223,3.679675835227986,-6.15918351518158,0.031105206915236633,6.159262058687044,-5.055080241016661,0.0019667525163303834,81.35570251279054,0.6931471805579453,0,0,2.0,0.0001388888888888889,0.0,6.3903620323848,4.085463875006138,-6.259036753822452,-0.21177599086124319,6.272543969412135,0.5951648211311508,0.045748311012234685,80.80456981985992,0.6931471805579453,0.0,0.0,Train006,10.0
62,1,2,0.0001388888888888889,0.0,5.901588482325358,0.9408219350073379,-0.9401540235355808,-0.05021846235769514,0.9414942814121138,-4.653173677771885,0.993893900451456,80.5555033306042,0.6931471805579453,0,0,2.0,0.0001388888888888889,0.0,5.878869299221918,1.7082899116951318,-1.7423859410918403,0.1055630033893856,1.7504491262561555,2.5161752435355367,0.905968671185105,83.11721992651349,0.6931471805579453,0.0,0.0,Train006,10.0
62,2,1,6.944444444444444e-05,0.0,8.771692044076104,0.0,-8.686604977247223,1.2188007570443133,8.771692044076104,-8.056852072088976,1.1102230246251565e-16,0.0,-1.000088900581841e-12,0,0,0.8,5.555555555555556e-05,0.2,7.818084724337671,0.0,-7.738782229363556,1.110427923705013,7.818084724337671,-3.4315797784246427,4.4408920985006264e-17,0.0,-8.000711204654728e-13,0.2,0.0,Train006,10.0
62,3,3,0.00020833333333333335,0.0,8.183910041874741,1.4773700408218648,1.5839178431185912,-0.032358652260874234,1.5842483442079371,-7.156843738776748,0.6681817116905677,32.323707566709125,1.0986122886651097,0,0,3.0,0.00020833333333333335,0.0,8.752390060025526,1.693291445954274,1.5096020227174531,-0.03950685126445007,1.5101908776285011,-0.7233166665228989,0.668601692559479,32.024089668982185,1.0986122886651097,0.0,0.0,Train006,10.0
62,4,0,0.0,0.0,0.0,0.0,0.0,0.0,0.0,0.0,0.0,0.0,0.0,0,0,0.0,0.0,0.0,0.0,0.0,0.0,0.0,0.0,0.0,0.0,0.0,0.0,0.0,0.0,Train006,10.0
62,5,1,6.944444444444444e-05,0.0,12.535759870510532,0.0,12.535669507819838,0.04759749802414487,12.535759870510532,-9.924872232003441,0.0,0.0,-1.000088900581841e-12,0,0,1.0,6.944444444444444e-05,0.0,12.465307101037384,0.0,12.465156330782097,0.05876770004329328,12.465307101037384,5.620609429312804,2.2204460492503132e-17,0.0,-1.000088900581841e-12,0.0,0.0,Train006,10.0
63,0,2,0.0001388888888888889,0.0,5.628357496539884,3.3416292060784927,-5.621805743486175,0.03770416315053496,5.621932178656465,-5.387128527003393,0.0017636203368978087,81.34145657758903,0.6931471805579453,0,0,2.0,0.0001388888888888889,0.0,6.446888645298317,3.9837497016438506,-6.426027898336922,-0.04942222124815405,6.4271240479946385,0.5652661291351773,0.005073594339468435,81.18566759870869,0.6931471805579453,0.0,0.0,Train006,10.0
63,1,2,0.0001388888888888889,0.0,5.392476366786445,0.8293245344669864,-0.8280470719952113,-0.051828472703409456,0.8296674900359847,-5.091121155389122,0.9955233765609194,80.50464872397879,0.6931471805579453,0,0,2.0,0.0001388888888888889,0.0,6.109095282419908,1.2404117435126678,-1.2456493604846313,0.0002951708836354594,1.247272294877262,2.3022598319799044,0.9812132541089863,81.39632524263016,0.6931471805579453,0.0,0.0,Train006,10.0
63,2,1,6.944444444444444e-05,0.0,7.967104501380895,0.0,-7.890185622625942,1.1044115973814315,7.967104501380895,-8.045875426952094,0.0,0.0,-1.000088900581841e-12,0,0,1.0,6.944444444444444e-05,0.2,9.411505624613852,0.0,-9.316819353888743,1.331310243181299,9.411505624613852,-5.040754863815062,4.4408920985006264e-17,0.0,-1.000088900581841e-12,0.2,0.0,Train006,10.0
63,3,3,0.00020833333333333335,0.0,7.453424285269233,1.342552622131964,1.4495632424749383,-0.029283383211591702,1.4498589967533992,-7.30485756605507,0.6681645808280954,32.321493918956115,1.0986122886651097,0,0,3.0,0.00020833333333333335,0.0,8.684811217666779,1.5987185211780885,1.6188763356935545,-0.03598784338756333,1.6192811916932695,-0.6757884235874758,0.6683016614347,32.26520342571477,1.0986122886651097,0.0,0.0,Train006,10.0
63,4,0,0.0,0.0,0.0,0.0,0.0,0.0,0.0,0.0,0.0,0.0,0.0,0,0,0.0,0.0,0.0,0.0,0.0,0.0,0.0,0.0,0.0,0.0,0.0,0.0,0.0,0.0,Train006,10.0
63,5,1,6.944444444444444e-05,0.0,11.45286914811376,0.0,11.452788244260974,0.04304829768568551,11.45286914811376,-10.828907223967725,0.0,0.0,-1.000088900581841e-12,0,0,1.0,6.944444444444444e-05,0.0,12.986393376601082,0.0,12.986283568013842,0.053156867233912906,12.986393376601082,5.210862755637005,0.0,0.0,-1.000088900581841e-12,0.0,0.0,Train006,10.0
64,0,1,6.944444444444444e-05,-1.0,11.092463761438447,0.0,-11.078971433740168,0.5469408278730706,11.092463761438447,21.224770588200705,0.0,0.0,-1.000088900581841e-12,0,1,1.8,0.000125,-0.2,7.311755030235017,3.0801125101921265,-7.3002050345250895,0.11165062628801263,7.303004464190545,1.9654054372100045,0.002128291481631939,65.04127023716163,0.5545177444461563,0.0,0.2,Train006,10.0
64,1,2,0.0001388888888888889,0.0,7.107352398876486,0.8697327755524382,-0.8876440062099191,0.2452136144133458,0.9208917408979472,17.148760320900408,0.9570926610432139,75.63128451741933,0.6931471805579453,0,0,2.0,0.0001388888888888889,0.0,6.279152067909086,1.0246424299966734,-1.0293435850177999,0.02265724246021302,1.0367133494481418,1.7005678548917864,0.9831872681158504,79.80396179699336,0.6931471805579453,0.0,0.0,Train006,10.0
64,2,1,6.944444444444444e-05,0.0,9.58541693345645,0.0,-9.533238873284116,0.9987864501975696,9.58541693345645,16.183124320755553,0.0,0.0,-1.000088900581841e-12,0,0,1.0,6.944444444444444e-05,0.0,9.231092624647456,0.0,-9.14879008407465,1.2225124276278927,9.231092624647456,-1.8041299996639508,4.4408920985006264e-17,0.0,-1.000088900581841e-12,0.0,0.0,Train006,10.0
64,3,3,0.00020833333333333335,0.0,9.486426524743266,1.3692748174403835,1.9067669369194278,-0.026491303121165433,1.9069509539760467,20.330022394740325,0.6671941783107465,33.140555068974855,1.0986122886651097,0,0,3.0,0.00020833333333333335,0.0,8.694895114083002,1.5090558939279042,1.6792455297119553,-0.032646986643730266,1.6795709515647723,0.10083896416224362,0.6680180843132157,32.46723613599328,1.0986122886651097,0.0,0.0,Train006,10.0
64,4,0,0.0,0.0,0.0,0.0,0.0,0.0,0.0,0.0,0.0,0.0,0.0,0,0,0.0,0.0,0.0,0.0,0.0,0.0,0.0,0.0,0.0,0.0,0.0,0.0,0.0,0.0,Train006,10.0
64,5,1,6.944444444444444e-05,0.0,11.877810125585214,0.0,11.875059387478732,-0.2556128386991744,11.877810125585214,4.249409774714543,0.0,0.0,-1.000088900581841e-12,0,0,1.0,6.944444444444444e-05,0.0,12.697284884731797,0.0,12.696655986064469,-0.010830974082736367,12.697284884731797,-2.891084918692852,0.0,0.0,-1.000088900581841e-12,0.0,0.0,Train006,10.0
65,0,1,6.944444444444444e-05,0.0,11.176216757148989,0.0,-11.159632681692187,0.6086209103255398,11.176216757148989,0.8375299571054207,0.0,0.0,-1.000088900581841e-12,0,0,1.6,0.00011111111111111112,-0.2,8.147337347541887,2.2100758852841422,-8.13629534834891,0.2462381903857067,8.14235232286983,1.6725647609117111,0.0012506571054347938,48.804928638145284,0.4158883083343672,0.0,0.2,Train006,10.0
65,1,2,0.0001388888888888889,0.0,7.286503589810362,0.8350397414576474,-0.8560332245014077,0.3338489373202946,0.9188296873741986,1.7915119093387588,0.9470402206232172,73.82116759708471,0.6931471805579453,0,0,2.0,0.0001388888888888889,0.0,6.410965337580239,0.9154658843651685,-0.9230968414558065,0.08799238277834368,0.9430221893716098,1.318132696711528,0.9766903102662379,78.26137426375739,0.6931471805579453,0.0,0.0,Train006,10.0
65,2,1,6.944444444444444e-05,0.0,9.575536683760694,0.0,-9.532895440190876,0.9026667759670546,9.575536683760694,-0.09880249695756405,0.0,0.0,-1.000088900581841e-12,0,0,1.0,6.944444444444444e-05,0.0,9.095425482791828,0.0,-9.02527004617889,1.1125746121498645,9.095425482791828,-1.3566714185562758,2.2204460492503132e-17,0.0,-1.000088900581841e-12,0.0,0.0,Train006,10.0
65,3,3,0.00020833333333333335,0.0,9.637400746989181,1.3430822512917602,1.9530712871660836,-0.023961932044631522,1.95321827426939,1.5097422224591501,0.6669812180857575,33.639328026595415,1.0986122886651097,0,0,3.0,0.00020833333333333335,0.0,8.732151202925767,1.4295358209037843,1.7190938253880934,-0.029564673511019723,1.7193602622525284,0.3725608884276504,0.6677489610850734,32.746294333889,1.0986122886651097,0.0,0.0,Train006,10.0
65,4,0,0.0,0.0,0.0,0.0,0.0,0.0,0.0,0.0,0.0,0.0,0.0,0,0,0.0,0.0,0.0,0.0,0.0,0.0,0.0,0.0,0.0,0.0,0.0,0.0,0.0,0.0,Train006,10.0
65,5,1,6.944444444444444e-05,0.0,11.327277922421649,0.0,11.32204721872731,-0.3441974850142001,11.327277922421649,-5.505322031635647,1.1102230246251565e-16,0.0,-1.000088900581841e-12,0,0,1.0,6.944444444444444e-05,0.0,12.144392832068407,0.0,12.142741817810736,-0.0913075610978892,12.144392832068407,-5.52892052663393,2.2204460492503132e-17,0.0,-1.000088900581841e-12,0.0,0.0,Train006,10.0
66,0,1,6.944444444444444e-05,0.0,10.546950805018993,0.0,-10.530200961954051,0.5941708376828609,10.546950805018993,-6.292659521299964,0.0,0.0,-1.000088900581841e-12,0,0,1.4,9.722222222222222e-05,-0.2,8.922211833877308,1.4042610082612956,-8.909958867210833,0.3637083891894487,8.919365112189988,1.0654864511972222,0.0007460745706456384,32.53943181807591,0.27725887222257806,0.0,0.2,Train006,10.0
66,1,2,0.0001388888888888889,0.0,6.9196960871108715,0.7740539217533966,-0.7946341882903392,0.344940757897895,0.8662722549285649,-3.668075026994906,0.9434384800283018,73.18052725403264,0.6931471805579453,0,0,2.0,0.0001388888888888889,0.0,6.521523384981904,0.8497945816475614,-0.8613025029064916,0.16439127491408614,0.8954310909297618,1.1055804740166515,0.9673977277414216,76.73862628462393,0.6931471805579453,0.0,0.0,Train006,10.0
66,2,1,6.944444444444444e-05,0.0,9.002260357646175,0.0,-8.965230530173724,0.815679525113143,9.002260357646175,-5.732763261145184,0.0,0.0,-1.000088900581841e-12,0,0,1.0,6.944444444444444e-05,0.0,8.980402104064064,0.0,-8.921631088704377,1.0080690211407024,8.980402104064064,-1.1502337872776542,2.2204460492503132e-17,0.0,-1.000088900581841e-12,0.0,0.0,Train006,10.0
66,3,3,0.00020833333333333335,0.0,9.122500981145398,1.260192910328934,1.854068904809747,-0.021672698172875243,1.854195569412382,-5.148997658437828,0.6669140557385582,33.83407089118585,1.0986122886651097,0,0,3.0,0.00020833333333333335,0.0,8.776732516004364,1.3584945284029812,1.7494776428977574,-0.026753593762227624,1.7496944277238309,0.44581313078596574,0.6674871489307451,33.05183109448427,1.0986122886651097,0.0,0.0,Train006,10.0
66,4,0,0.0,0.0,0.0,0.0,0.0,0.0,0.0,0.0,0.0,0.0,0.0,0,0,0.0,0.0,0.0,0.0,0.0,0.0,0.0,0.0,0.0,0.0,0.0,0.0,0.0,0.0,Train006,10.0
66,5,1,6.944444444444444e-05,0.0,10.469175662812976,0.0,10.463166530142443,-0.35466212279078224,10.469175662812976,-8.58102259608673,0.0,0.0,-1.000088900581841e-12,0,0,1.0,6.944444444444444e-05,0.0,11.532578545888825,0.0,11.52974617768586,-0.17276533015886528,11.532578545888825,-6.118142861795801,2.2204460492503132e-17,0.0,-1.000088900581841e-12,0.0,0.0,Train006,10.0
67,0,1,6.944444444444444e-05,0.0,9.70726611884531,0.0,-9.691435879858153,0.5541534883767477,9.70726611884531,-8.396846861736833,0.0,0.0,-1.000088900581841e-12,0,0,1.2,8.333333333333333e-05,-0.2,9.630250987798323,0.6683258412156985,-9.616409340146147,0.4683180454817508,9.62896592422164,0.3971331270531877,0.00035272406737956173,16.268291315517803,0.13862943611078898,0.0,0.2,Train006,10.0
67,1,2,0.0001388888888888889,0.0,6.384807186712079,0.7073241596755726,-0.72651529985079,0.32846973676024277,0.7973185366493284,-5.348889003987929,0.9420093374439419,72.98343703339619,0.6931471805579453,0,0,2.0,0.0001388888888888889,0.0,6.618167125859249,0.8030950265812082,-0.8185747581695335,0.24012891473767373,0.8665959419772047,0.9664374087734429,0.9570208151399189,75.22421302518232,0.6931471805579453,0.0,0.0,Train006,10.0
67,2,1,6.944444444444444e-05,0.0,8.26895491688661,0.0,-8.236035920362683,0.737107682770204,8.26895491688661,-7.333054407595654,0.0,0.0,-1.000088900581841e-12,0,0,1.0,6.944444444444444e-05,0.0,8.879854678626163,0.0,-8.831517277327467,0.9117304062858805,8.879854678626163,-1.0054742543789899,0.0,0.0,-1.000088900581841e-12,0.0,0.0,Train006,10.0
67,3,3,0.00020833333333333335,0.0,8.406472216502166,1.1579416773243631,1.710479890249727,-0.019601630554819338,1.710592201218375,-7.1602876464323195,0.6668889979115815,33.8906025811899,1.0986122886651097,0,0,3.0,0.00020833333333333335,0.0,8.821244950929849,1.294608855703481,1.7747900523239846,-0.024202189421016644,1.7749631991259185,0.4451243492548514,0.6672286061749478,33.36521009738043,1.0986122886651097,0.0,0.0,Train006,10.0
67,4,0,0.0,0.0,0.0,0.0,0.0,0.0,0.0,0.0,0.0,0.0,0.0,0,0,0.0,0.0,0.0,0.0,0.0,0.0,0.0,0.0,0.0,0.0,0.0,0.0,0.0,0.0,Train006,10.0
67,5,1,6.944444444444444e-05,0.0,9.554697599836636,0.0,9.548738499596151,-0.3374007863865047,9.554697599836636,-9.144780629763396,1.1102230246251565e-16,0.0,-1.000088900581841e-12,0,0,1.0,6.944444444444444e-05,0.0,10.936366091754048,0.0,10.932359976041123,-0.2497649870409952,10.936366091754048,-5.962124541347792,4.4408920985006264e-17,0.0,-1.000088900581841e-12,0.0,0.0,Train006,10.0
68,0,1,6.944444444444444e-05,0.0,8.844021994099437,0.0,-8.829441977005452,0.5076213222557279,8.844021994099437,-8.632441247458722,0.0,0.0,-1.000088900581841e-12,0,0,1.0,6.944444444444444e-05,-0.2,10.273383887310235,0.0,-10.257936586850002,0.5623014773027895,10.273383887310235,-0.2519294170378782,0.0,0.0,-1.000088900581841e-12,0.0,0.2,Train006,10.0
68,1,2,0.0001388888888888889,0.0,5.823069750169299,0.642504035407788,-0.66007753448875,0.30340405191769365,0.726468423440979,-5.6173743654277875,0.9414195384171811,72.9518770963147,0.6931471805579453,0,0,2.0,0.0001388888888888889,0.0,6.70428580253582,0.7657309267693686,-0.7849808506682412,0.3111754196618944,0.8459561286582036,0.8611867667657098,0.9462000475111711,73.71365869964951,0.6931471805579453,0.0,0.0,Train006,10.0
68,2,1,6.944444444444444e-05,0.0,7.524481061215671,0.0,-7.494933542095348,0.666172980664482,7.524481061215671,-7.444738556709387,1.1102230246251565e-16,0.0,-1.000088900581841e-12,0,0,1.0,6.944444444444444e-05,0.0,8.79132999059312,0.0,-8.75246686122135,0.8240826829424908,8.79132999059312,-0.8852468803304486,2.2204460492503132e-17,0.0,-1.000088900581841e-12,0.0,0.0,Train006,10.0
68,3,3,0.00020833333333333335,0.0,7.66277741557175,1.0543637531188266,1.559880420698015,-0.017728258894369964,1.5599811595145763,-7.436948009304161,0.666878936945102,33.89321231210056,1.0986122886651097,0,0,3.0,0.00020833333333333335,0.0,8.863115576990353,1.2369710819008535,1.7968534879686,-0.0218911645575723,1.7969876316781541,0.4187062606050331,0.6669714773983492,33.679553776009314,1.0986122886651097,0.0,0.0,Train006,10.0
68,4,0,0.0,0.0,0.0,0.0,0.0,0.0,0.0,0.0,0.0,0.0,0.0,0,0,0.0,0.0,0.0,0.0,0.0,0.0,0.0,0.0,0.0,0.0,0.0,0.0,0.0,0.0,Train006,10.0
68,5,1,6.944444444444444e-05,0.0,8.674498688504041,0.0,8.66890267628952,-0.3115347266015825,8.674498688504041,-8.801989113325952,0.0,0.0,-1.000088900581841e-12,0,0,1.0,6.944444444444444e-05,0.0,10.380691999832104,0.0,10.37558286244683,-0.3206815918984488,10.380691999832104,-5.556740919219437,4.4408920985006264e-17,0.0,-1.000088900581841e-12,0.0,0.0,Train006,10.0
69,0,2,0.0001388888888888889,1.0,8.892680476836585,1.769742290568125,-8.847574186396159,-0.47743033199318247,8.860446303978755,18.184007733052727,0.003774563412676457,81.25856789311217,0.6931471805579453,1,0,1.2,8.333333333333333e-05,0.2,9.833427230389862,0.353948458113625,-9.8116571373812,0.3574272453295388,9.826980395818296,-0.8600819880674742,0.0007549126825352915,16.251713578622432,0.13862943611078898,0.2,0.0,Train006,10.0
69,1,2,0.0001388888888888889,0.0,8.069645616604053,1.042175915578187,-1.039958672530426,-0.16498541683205703,1.0529644952886557,22.46575866434752,0.9812117378691635,66.76779350387807,0.6931471805579453,0,0,2.0,0.0001388888888888889,0.0,6.896744446081334,0.8002195547745183,-0.8154437839323425,0.22913561341281374,0.8723706795363453,1.9245864354551319,0.9510238628763611,71.94096049694126,0.6931471805579453,0.0,0.0,Train006,10.0
69,2,0,0.0,-1.0,0.0,0.0,0.0,0.0,0.0,0.0,0.0,0.0,0.0,0,1,0.8,5.5555555555555545e-05,-0.2,6.874246603901829,0.0,-6.845819086564527,0.6243253929029767,6.874246603901829,-4.12187174448156,2.2204460492503132e-17,0.0,-8.000711204654728e-13,0.0,0.2,Train006,10.0
69,3,3,0.00020833333333333335,0.0,9.125907481747147,1.9927465068966312,1.2193741847054078,-0.21239715357719915,1.23773420134279,14.631300661753952,0.6672963233427087,36.02664965429079,1.0986122886651097,0,0,3.0,0.00020833333333333335,0.0,8.79101176839113,1.361665419792103,1.659374937525796,-0.05907233464877905,1.6631442811515025,-0.7210380859922413,0.6669919064047416,34.256772693072506,1.0986122886651097,0.0,0.0,Train006,10.0
69,4,0,0.0,0.0,0.0,0.0,0.0,0.0,0.0,0.0,0.0,0.0,0.0,0,0,0.0,0.0,0.0,0.0,0.0,0.0,0.0,0.0,0.0,0.0,0.0,0.0,0.0,0.0,Train006,10.0
69,5,1,6.944444444444444e-05,0.0,12.284716837126918,0.0,12.271076344316711,-0.5787513458648991,12.284716837126918,36.10218148622877,0.0,0.0,-1.000088900581841e-12,0,0,1.0,6.944444444444444e-05,0.0,10.462073342140446,0.0,10.454786253814428,-0.3853092933315937,10.462073342140446,0.8138134230834083,4.4408920985006264e-17,0.0,-1.000088900581841e-12,0.0,0.0,Train006,10.0
70,0,2,0.0001388888888888889,0.0,8.850904015386211,1.817871253601146,-8.806156322081934,-0.5394910036139207,8.822666247338384,-0.4177646145037395,0.0033311286256273442,81.73879426248135,0.6931471805579453,0,0,1.4,9.722222222222222e-05,0.2,9.368364682037306,0.7175227088338543,-9.34096186545915,0.12780486254164672,9.356270293856175,-1.1111409023893062,0.0014211384076607604,32.599472431118706,0.27725887222257806,0.2,0.0,Train006,10.0
70,1,2,0.0001388888888888889,0.0,8.38300656412479,1.1118057712189113,-1.1105229868084185,-0.31780889785141453,1.1551033719037538,3.1336094752073773,0.9622946730576201,64.46434796757757,0.6931471805579453,0,0,2.0,0.0001388888888888889,0.0,7.116045040944219,0.8555727607267711,-0.8663417363937448,0.09880404637847195,0.9196254164422564,2.193005948628856,0.9540747533632417,70.06959657103984,0.6931471805579453,0.0,0.0,Train006,10.0
70,2,0,0.0,0.0,0.0,0.0,0.0,0.0,0.0,0.0,0.0,0.0,0.0,0,0,0.6,4.166666666666667e-05,-0.2,4.959139267149692,0.0,-4.939239998526351,0.44379203770956577,4.959139267149692,-4.102111245090047,2.2204460492503132e-17,0.0,-6.000533403491046e-13,0.0,0.2,Train006,10.0
70,3,3,0.00020833333333333335,0.0,9.097867148526133,2.2112722896610437,1.0293716637833044,-0.26743997638881556,1.0635460324644432,-0.28040333221012403,0.6673548675797208,36.93749981117181,1.0986122886651097,0,0,3.0,0.00020833333333333335,0.0,8.683105048698518,1.5353034274659598,1.4746350128492403,-0.10776794351761584,1.4852098327905132,-1.079067196926096,0.6670666363035342,34.91640704998778,1.0986122886651097,0.0,0.0,Train006,10.0
70,4,0,0.0,0.0,0.0,0.0,0.0,0.0,0.0,0.0,0.0,0.0,0.0,0,0,0.0,0.0,0.0,0.0,0.0,0.0,0.0,0.0,0.0,0.0,0.0,0.0,0.0,0.0,Train006,10.0
70,5,1,6.944444444444444e-05,0.0,12.814104785432715,0.0,12.798242747795026,-0.6373884377376229,12.814104785432715,5.293879483057964,1.1102230246251565e-16,0.0,-1.000088900581841e-12,0,0,1.0,6.944444444444444e-05,0.0,10.759438714742657,0.0,10.75002535962797,-0.44394748387627825,10.759438714742657,2.973653726022131,4.4408920985006264e-17,0.0,-1.000088900581841e-12,0.0,0.0,Train006,10.0
71,0,2,0.0001388888888888889,0.0,8.320247651449199,1.7226046383326312,-8.278032624686855,-0.5299209124268378,8.294976811830594,-5.3065636393701165,0.003173508504199063,81.90666081004467,0.6931471805579453,0,0,1.6,0.00011111111111111112,0.2,8.923024051323349,1.0620436365003805,-8.890528198005711,-0.09701348748029301,8.905875495218496,-0.9139217260033368,0.002055840108500573,48.98080459312764,0.4158883083343672,0.2,0.0,Train006,10.0
71,1,2,0.0001388888888888889,0.0,7.998730616341819,1.0697828887155811,-1.0695903017464445,-0.3521205980984354,1.1260605353155975,-3.842759477829709,0.9556527234592516,63.643273050329746,0.6931471805579453,0,0,2.0,0.0001388888888888889,0.0,7.331851946790408,0.914718554119208,-0.9213329590849657,-0.040608224820794125,0.9715830725196628,2.158069058461895,0.9565176020494317,68.16214573029926,0.6931471805579453,0.0,0.0,Train006,10.0
71,2,0,0.0,0.0,0.0,0.0,0.0,0.0,0.0,0.0,0.0,0.0,0.0,0,0,0.4,2.777777777777778e-05,-0.2,3.1586871956204563,0.0,-3.146193892491606,0.2806561326869372,3.1586871956204563,-2.95555859286101,2.2204460492503132e-17,0.0,-4.000355602327364e-13,0.0,0.2,Train006,10.0
71,3,3,0.00020833333333333335,0.0,8.552378744057295,2.157460123727568,0.9027927280772312,-0.27078660829720985,0.9425285656690922,-5.454884044688363,0.6673698547591813,37.26882483281465,1.0986122886651097,0,0,3.0,0.00020833333333333335,0.0,8.569080601280898,1.7147568701456866,1.284379777502737,-0.1575907255424828,1.3028764320418553,-1.140244474176203,0.6671577961076588,35.60335783831355,1.0986122886651097,0.0,0.0,Train006,10.0
71,4,0,0.0,0.0,0.0,0.0,0.0,0.0,0.0,0.0,0.0,0.0,0.0,0,0,0.0,0.0,0.0,0.0,0.0,0.0,0.0,0.0,0.0,0.0,0.0,0.0,0.0,0.0,Train006,10.0
71,5,1,6.944444444444444e-05,0.0,12.242970082470762,0.0,12.227251610551209,-0.6201890780617179,12.242970082470762,-5.711347029619525,0.0,0.0,-1.000088900581841e-12,0,0,1.0,6.944444444444444e-05,0.0,11.114197598674215,0.0,11.102842375709724,-0.49705287493046535,11.114197598674215,3.547588839315572,4.4408920985006264e-17,0.0,-1.000088900581841e-12,0.0,0.0,Train006,10.0
72,0,2,0.0001388888888888889,0.0,7.645708510102251,1.5883659855617758,-7.6068363276388595,-0.4953438420770377,7.622947227770234,-6.7453914134694815,0.003111488529588202,81.95623145580156,0.6931471805579453,0,0,1.8,0.000125,0.2,8.510712529574736,1.3797168336127357,-8.473608287561852,-0.3069129535710501,8.48901171700348,-0.5836306363498664,0.002678137814418213,65.37205088428794,0.5545177444461562,0.2,0.0,Train006,10.0
72,1,2,0.0001388888888888889,0.0,7.394288077728964,0.9920885191972317,-0.9923769131702334,-0.3432845463638306,1.0500743866819635,-6.044425386128545,0.9530371454257777,63.38498636493908,0.6931471805579453,0,0,2.0,0.0001388888888888889,0.0,7.533748124993785,0.97167142602354,-0.9745052817488545,-0.1749590814456088,1.02213424252619,2.0189617820337715,0.9587231636457988,66.24245559660783,0.6931471805579453,0.0,0.0,Train006,10.0
72,2,0,0.0,0.0,0.0,0.0,0.0,0.0,0.0,0.0,0.0,0.0,0.0,0,0,0.2,1.388888888888889e-05,-0.2,1.5048962122431342,0.0,-1.4989867084190696,0.1332345961328964,1.5048962122431342,-1.4889477113418792,2.2204460492503132e-17,0.0,-2.000177801163682e-13,0.0,0.2,Train006,10.0
72,3,3,0.00020833333333333335,0.0,7.859293207672898,2.0117693751954824,0.8056812488810289,-0.25599624276249106,0.8453734979918679,-6.930855363844,0.6673748791619241,37.367934664506336,1.0986122886651097,0,0,3.0,0.00020833333333333335,0.0,8.459644799515045,1.8855224097199106,1.1034200492289974,-0.20486964798401713,1.129832691396554,-1.094358017658539,0.6672549723577273,36.29882425497683,1.0986122886651097,0.0,0.0,Train006,10.0
72,4,0,0.0,0.0,0.0,0.0,0.0,0.0,0.0,0.0,0.0,0.0,0.0,0,0,0.0,0.0,0.0,0.0,0.0,0.0,0.0,0.0,0.0,0.0,0.0,0.0,0.0,0.0,Train006,10.0
72,5,1,6.944444444444444e-05,0.0,11.323554776299959,0.0,11.308809480932798,-0.5776858106532269,11.323554776299959,-9.194153061708032,1.1102230246251565e-16,0.0,-1.000088900581841e-12,0,0,1.0,6.944444444444444e-05,0.0,11.467969033966877,0.0,11.454856571977052,-0.5451098797838098,11.467969033966877,3.5377143529266446,4.4408920985006264e-17,0.0,-1.000088900581841e-12,0.0,0.0,Train006,10.0
73,0,2,0.0001388888888888889,0.0,6.959824676405623,1.449619495127524,-6.924416340838887,-0.45394172913880904,6.939279844099827,-6.8588383369662775,0.003085993420861355,81.96410524102903,0.6931471805579453,0,0,2.0,0.0001388888888888889,0.2,8.133873066035974,1.6696407326382405,-8.09260316032854,-0.4992255638499574,8.108063287003558,-0.22891005425137756,0.0032953364985904843,81.76487193249375,0.6931471805579453,0.2,0.0,Train006,10.0
73,1,2,0.0001388888888888889,0.0,6.748958114357173,0.9066698912750963,-0.9071218980555793,-0.3199956935788171,0.9619081982398034,-6.453299633717915,0.9519610058961873,63.33721678620707,0.6931471805579453,0,0,2.0,0.0001388888888888889,0.0,7.718925797831359,1.0245045971970015,-1.0239141544622203,-0.2996390305449109,1.069222197485955,1.8517767283757465,0.9608314571416001,64.3195235345863,0.6931471805579453,0.0,0.0,Train006,10.0
73,2,0,0.0,0.0,0.0,0.0,0.0,0.0,0.0,0.0,0.0,0.0,0.0,0,0,0.0,0.0,-0.2,0.0,0.0,0.0,0.0,0.0,0.0,0.0,0.0,0.0,0.0,0.2,Train006,10.0
73,3,3,0.00020833333333333335,0.0,7.1557950723955175,1.842712956841658,0.7245172630598203,-0.2357831759024768,0.7619179552355694,-7.034981352773784,0.6673767968187854,37.37925314296326,1.0986122886651097,0,0,3.0,0.00020833333333333335,0.0,8.358248330879798,2.0431922504644766,0.9363474177013587,-0.24848063138563853,0.9702200505407526,-1.0139646863524636,0.667354544332464,36.996032421149366,1.0986122886651097,0.0,0.0,Train006,10.0
73,4,0,0.0,0.0,0.0,0.0,0.0,0.0,0.0,0.0,0.0,0.0,0.0,0,0,0.0,0.0,0.0,0.0,0.0,0.0,0.0,0.0,0.0,0.0,0.0,0.0,0.0,0.0,Train006,10.0
73,5,1,6.944444444444444e-05,0.0,10.337437218074035,0.0,10.323897879614478,-0.5289052929532141,10.337437218074035,-9.861175582259243,0.0,0.0,-1.000088900581841e-12,0,0,1.0,6.944444444444444e-05,0.0,11.800556739880879,0.0,11.785855612642044,-0.5885839930541361,11.800556739880879,3.3258770591399864,4.4408920985006264e-17,0.0,-1.000088900581841e-12,0.0,0.0,Train006,10.0
74,0,2,0.0001388888888888889,0.0,9.381514242848755,1.7840713429631232,-9.379641747246778,0.17921620837638266,9.381353727263427,24.216895664431327,1.775175677809493e-05,82.98976360033956,0.6931471805579453,0,0,2.0,0.0001388888888888889,0.0,8.231639819238406,1.67250654311724,-8.199016672498662,-0.36789625577604446,8.212244771660494,0.9776675320243428,0.002543974167410812,82.11111107393923,0.6931471805579453,0.0,0.0,Train006,10.0
74,1,2,0.0001388888888888889,0.0,8.037623044451173,0.38500196233481265,-0.38228266047400306,-0.14579108406714292,0.4091394294034182,12.886649300939997,0.9827548917112398,59.14817240300028,0.6931471805579453,0,0,2.0,0.0001388888888888889,0.0,7.712521283400784,0.8930698065483267,-0.8923789520509358,-0.29580016399192816,0.9404571843089073,-0.06404514430575788,0.9611400879100153,62.795599314410744,0.6931471805579453,0.0,0.0,Train006,10.0
74,2,1,6.944444444444444e-05,1.0,11.964312733904125,0.0,-11.958699836901411,0.366438815567532,11.964312733904125,0.0,0.0,0.0,-1.000088900581841e-12,1,0,0.2,1.388888888888889e-05,0.2,2.392862546780825,0.0,-2.3917399673802824,0.0732877631135064,2.392862546780825,0.0,0.0,0.0,-2.000177801163682e-13,0.2,0.0,Train006,10.0
74,3,3,0.00020833333333333335,0.0,9.633693232930808,2.372705436851699,1.2427713124712136,-0.11669944016597582,1.2482384765886987,24.778981605352893,0.6668064658692552,40.544311772327994,1.0986122886651097,0,0,3.0,0.00020833333333333335,0.0,8.459805481116529,2.1191840364554904,0.9410268432545198,-0.22934108870339384,0.9723209055899342,1.0155715023673246,0.6672565728377734,37.89956484475681,1.0986122886651097,0.0,0.0,Train006,10.0
74,4,0,0.0,0.0,0.0,0.0,0.0,0.0,0.0,0.0,0.0,0.0,0.0,0,0,0.0,0.0,0.0,0.0,0.0,0.0,0.0,0.0,0.0,0.0,0.0,0.0,0.0,0.0,Train006,10.0
74,5,1,6.944444444444444e-05,0.0,12.026282303659805,0.0,12.024839601513442,-0.18627561621166508,12.026282303659805,16.888450855857702,0.0,0.0,-1.000088900581841e-12,0,0,1.0,6.944444444444444e-05,0.0,11.748869833187454,0.0,11.73660826408139,-0.5100888471234893,11.748869833187454,-0.5168690669342275,4.4408920985006264e-17,0.0,-1.000088900581841e-12,0.0,0.0,Train006,10.0
75,0,2,0.0001388888888888889,0.0,9.685846889749614,1.7797866167645928,-9.677463447999877,0.38822189541676666,9.685247287883497,3.0433264690085826,6.406825103988378e-05,83.3699529019909,0.6931471805579453,0,0,2.0,0.0001388888888888889,0.0,8.398628394111089,1.6648896157499293,-8.37327809768225,-0.18235367596990698,8.384760979769515,1.6698857487268064,0.0018905620924933198,82.43734280184114,0.6931471805579453,0.0,0.0,Train006,10.0
75,1,2,0.0001388888888888889,0.0,8.013255348224495,0.17946617369275453,-0.17763038504029982,-0.07674937718674776,0.19350199117352476,-0.2436769622667745,0.9909686078182339,57.60693018599395,0.6931471805579453,0,0,2.0,0.0001388888888888889,0.0,7.638571040220725,0.7066018870430952,-0.705800431697312,-0.24758825985899477,0.7481369081628614,-0.7395024318005883,0.9668748748621381,61.424115758094025,0.6931471805579453,0.0,0.0,Train006,10.0
75,2,1,6.944444444444444e-05,0.0,11.57328475870888,0.0,-11.568683627874488,0.32631154486476327,11.57328475870888,-3.910279751952448,0.0,0.0,-1.000088900581841e-12,0,0,0.4,2.777777777777778e-05,0.2,4.7075194985226005,0.0,-4.70547669295518,0.13855007208645906,4.7075194985226005,-0.7820559503904914,0.0,0.0,-4.000355602327364e-13,0.2,0.0,Train006,10.0
75,3,3,0.00020833333333333335,0.0,9.929205631736073,2.4289322813387098,1.3494049592366022,-0.0684995303020944,1.3511424535051602,2.955123988052639,0.6666877825281152,40.94216167874817,1.0986122886651097,0,0,3.0,0.00020833333333333335,0.0,8.626073177758517,2.1627160347910235,1.0050335023451793,-0.1895529994860496,1.0298401897980778,1.6626769664198773,0.6671231558274522,38.700497218272076,1.0986122886651097,0.0,0.0,Train006,10.0
75,4,0,0.0,0.0,0.0,0.0,0.0,0.0,0.0,0.0,0.0,0.0,0.0,0,0,0.0,0.0,0.0,0.0,0.0,0.0,0.0,0.0,0.0,0.0,0.0,0.0,0.0,0.0,Train006,10.0
75,5,1,6.944444444444444e-05,0.0,11.906872367348313,0.0,11.906738783576117,-0.0564013475650014,11.906872367348313,-1.1940993631149155,0.0,0.0,-1.000088900581841e-12,0,0,1.0,6.944444444444444e-05,0.0,11.567423349570575,0.0,11.558307471237608,-0.3938914290889651,11.567423349570575,-1.8144648361688034,2.2204460492503132e-17,0.0,-1.000088900581841e-12,0.0,0.0,Train006,10.0
76,0,2,0.0001388888888888889,0.0,9.221181500933167,1.6732719296925689,-9.209446450031901,0.4377387650916492,9.219843769959942,-4.646653888164485,0.00015001140911174993,83.50303212384719,0.6931471805579453,0,0,2.0,0.0001388888888888889,0.0,8.578815164007882,1.655023074021917,-8.55956086275126,0.011178259533790414,8.569734371395386,1.8018676989679328,0.0012858626734758571,82.75661706460164,0.6931471805579453,0.0,0.0,Train006,10.0
76,1,2,0.0001388888888888889,0.0,7.532930171572294,0.09739673124948389,-0.09614682900205285,-0.04826897147878574,0.10758302066204417,-4.803251766522014,0.9939335328633376,57.07417902984656,0.6931471805579453,0,0,2.0,0.0001388888888888889,0.0,7.5454109512668195,0.5121246555498759,-0.5111117371484337,-0.18681793453506484,0.5444414052321509,-0.9316008895390493,0.9745310367429554,60.110296953997384,0.6931471805579453,0.0,0.0,Train006,10.0
76,2,1,6.944444444444444e-05,0.0,10.77781371687915,0.0,-10.773788958538134,0.2945165405034964,10.77781371687915,-7.954710418297299,0.0,0.0,-1.000088900581841e-12,0,0,0.6,4.1666666666666665e-05,0.2,6.8630822418984305,0.0,-6.860234484662807,0.19745338018715836,6.8630822418984305,-2.3729980340499512,0.0,0.0,-6.000533403491046e-13,0.2,0.0,Train006,10.0
76,3,3,0.00020833333333333335,0.0,9.447121319533993,2.3065125337071986,1.3069157501779405,-0.047737602496870944,1.3077873132720466,-4.820843122020773,0.6666482262461644,41.085258541288184,1.0986122886651097,0,0,3.0,0.00020833333333333335,0.0,8.805021692853858,2.1925265167869497,1.0858581067653212,-0.14494319832598182,1.1028919393186685,1.789485150953395,0.6669788301248488,39.46378395996679,1.0986122886651097,0.0,0.0,Train006,10.0
76,4,0,0.0,0.0,0.0,0.0,0.0,0.0,0.0,0.0,0.0,0.0,0.0,0,0,0.0,0.0,0.0,0.0,0.0,0.0,0.0,0.0,0.0,0.0,0.0,0.0,0.0,0.0,Train006,10.0
76,5,1,6.944444444444444e-05,0.0,11.16434533004931,0.0,11.164342457171994,-0.008009218478920678,11.16434533004931,-7.425270372990038,1.1102230246251565e-16,0.0,-1.000088900581841e-12,0,0,1.0,6.944444444444444e-05,0.0,11.351698399086285,0.0,11.345725640561765,-0.2714554571724056,11.351698399086285,-2.1572495048429063,4.4408920985006264e-17,0.0,-1.000088900581841e-12,0.0,0.0,Train006,10.0
77,0,2,0.0001388888888888889,0.0,8.51604666621025,1.5384284411467108,-8.503635467795082,0.4290486026027707,8.514452353060522,-7.051348347229158,0.00019352916621551142,83.54236907651132,0.6931471805579453,0,0,2.0,0.0001388888888888889,0.0,8.752882795229482,1.645035565138904,-8.738920690782503,0.1960567484697521,8.748035396453442,1.7406763122159972,0.000702270800801319,83.07384458874358,0.6931471805579453,0.0,0.0,Train006,10.0
77,1,2,0.0001388888888888889,0.0,6.922513688289731,0.06315604505846384,-0.06220601835438089,-0.03554209173797099,0.07164376458992029,-6.104164832825623,0.9951135394009342,56.92259807619314,0.6931471805579453,0,0,2.0,0.0001388888888888889,0.0,7.4510560733789735,0.32633816072212224,-0.3250775581852632,-0.12526944360989292,0.3487552808137422,-0.9435487788784649,0.9829463155379866,58.817819296248196,0.6931471805579453,0.0,0.0,Train006,10.0
77,2,1,6.944444444444444e-05,0.0,9.865225307374256,0.0,-9.861636846981039,0.2660621422212641,9.865225307374256,-9.125884095048935,0.0,0.0,-1.000088900581841e-12,0,0,0.8,5.555555555555556e-05,0.2,8.836127303373283,0.0,-8.832561854059014,0.2506658086314112,8.836127303373283,-4.198174853059738,0.0,0.0,-8.000711204654728e-13,0.2,0.0,Train006,10.0
77,3,3,0.00020833333333333335,0.0,8.72334383943273,2.1283117080307212,1.2151808343636796,-0.03772045202997074,1.2157661340513455,-7.2377748010126455,0.666632959963622,41.12639610167816,1.0986122886651097,0,0,3.0,0.00020833333333333335,0.0,8.977831819205823,2.2158349833539974,1.1677580238618515,-0.10128804017947775,1.176970466530564,1.728101263519666,0.6668304462851884,40.215476247401156,1.0986122886651097,0.0,0.0,Train006,10.0
77,4,0,0.0,0.0,0.0,0.0,0.0,0.0,0.0,0.0,0.0,0.0,0.0,0,0,0.0,0.0,0.0,0.0,0.0,0.0,0.0,0.0,0.0,0.0,0.0,0.0,0.0,0.0,Train006,10.0
77,5,1,6.944444444444444e-05,0.0,10.249038094500566,0.0,10.249033915033149,0.009255864307277081,10.249038094500566,-9.153072355487435,1.1102230246251565e-16,0.0,-1.000088900581841e-12,0,0,1.0,6.944444444444444e-05,0.0,11.136795062726407,0.0,11.133770527381836,-0.15406712218030483,11.136795062726407,-2.149033363598787,4.4408920985006264e-17,0.0,-1.000088900581841e-12,0.0,0.0,Train006,10.0
78,0,2,0.0001388888888888889,0.0,7.769088045625102,1.4015975145319497,-7.757144611041387,0.40070360424483487,7.767487102986604,-7.469586205851475,0.00021299882603165177,83.54680887625953,0.6931471805579453,0,0,2.0,0.0001388888888888889,0.0,8.914735469073378,1.635431169019789,-8.905466344823004,0.3669858151464809,8.913676848230798,1.6185267384389583,0.00012767188183537836,83.3903853157897,0.6931471805579453,0.0,0.0,Train006,10.0
78,1,2,0.0001388888888888889,0.0,6.302890377868774,0.04754970457885799,-0.04676316110535206,-0.029031802900528786,0.05504215490167753,-6.1962331042095675,0.9956011313718051,56.912196289088406,0.6931471805579453,0,0,2.0,0.0001388888888888889,0.0,7.3618425260812925,0.15451412338287457,-0.15300581079521774,-0.06707666547423527,0.16738207214611697,-0.8921354729767954,0.9916743406331101,57.53281519682447,0.6931471805579453,0.0,0.0,Train006,10.0
78,2,1,6.944444444444444e-05,0.0,8.96238496910246,0.0,-8.959160986434384,0.24037211474254466,8.96238496910246,-9.028403382717958,0.0,0.0,-1.000088900581841e-12,0,0,1.0,6.944444444444444e-05,0.2,10.628604297193775,0.0,-10.624394051345892,0.2987402315799201,10.628604297193775,-6.00385552960333,0.0,0.0,-1.000088900581841e-12,0.2,0.0,Train006,10.0
78,3,3,0.00020833333333333335,0.0,7.958297844467384,1.9411195226243054,1.1117608002243378,-0.032022131870325855,1.1122218725798285,-7.650459949653455,0.6666267304866403,41.129116434834906,1.0986122886651097,0,0,3.0,0.00020833333333333335,0.0,9.138332373620198,2.235516296510527,1.2452067312947548,-0.060535831373047556,1.2470312499994158,1.6050055441437316,0.6666804330187595,40.96544890577549,1.0986122886651097,0.0,0.0,Train006,10.0
78,4,0,0.0,0.0,0.0,0.0,0.0,0.0,0.0,0.0,0.0,0.0,0.0,0,0,0.0,0.0,0.0,0.0,0.0,0.0,0.0,0.0,0.0,0.0,0.0,0.0,0.0,0.0,Train006,10.0
78,5,1,6.944444444444444e-05,0.0,9.327651962517052,0.0,9.327640376018689,0.014702024151382671,9.327651962517052,-9.21386131983514,0.0,0.0,-1.000088900581841e-12,0,0,1.0,6.944444444444444e-05,0.0,10.93483801161501,0.0,10.934519026662679,-0.04534565875938548,10.93483801161501,-2.019570511113966,4.4408920985006264e-17,0.0,-1.000088900581841e-12,0.0,0.0,Train006,10.0
79,0,2,0.0001388888888888889,0.0,8.241778343263892,0.376347305401342,-8.221904402028201,0.5149322542152537,8.238013548333234,4.726902976387901,0.00045774869353987224,81.62147552923462,0.6931471805579453,0,0,2.0,0.0001388888888888889,0.0,8.686788289156405,1.3538863615074326,-8.67391887577929,0.43412902431425504,8.685008812444758,-2.279471799169727,0.00021567126918773383,83.1167277015687,0.6931471805579453,0.0,0.0,Train006,10.0
79,1,2,0.0001388888888888889,0.0,8.52816420417884,0.41676490549315215,0.40316661493094497,0.2694818651065649,0.48493689797352985,22.25273826310066,0.9708929547599724,50.82133349271469,0.6931471805579453,0,0,2.0,0.0001388888888888889,0.0,7.459950758026826,0.16086671201454247,0.004084044285771871,0.015977924360506303,0.1825415658601393,0.9810823194553372,0.9893019532428566,55.86744741476734,0.6931471805579453,0.0,0.0,Train006,10.0
79,2,1,6.944444444444444e-05,0.0,10.19729709234978,0.0,-10.190363521952335,-0.3759777654442651,10.19729709234978,12.349121232473195,1.1102230246251565e-16,0.0,-1.000088900581841e-12,0,0,1.0,6.944444444444444e-05,0.0,10.275201168882905,0.0,-10.270726788356075,0.15025691537756067,10.275201168882905,-3.5340312831086904,2.2204460492503132e-17,0.0,-1.000088900581841e-12,0.0,0.0,Train006,10.0
79,3,3,0.00020833333333333335,0.0,9.576484185489562,1.9014280086422455,1.7958343732303483,-0.028158250167625076,1.7960551169516321,16.181863410221773,0.66660412905445,42.18823501600925,1.0986122886651097,0,0,3.0,0.00020833333333333335,0.0,9.12689056413195,2.141260810868636,1.3558193434465817,-0.0428275933733774,1.3565945780720026,-0.11441809488249248,0.6666399656557984,41.294233554511734,1.0986122886651097,0.0,0.0,Train006,10.0
79,4,0,0.0,0.0,0.0,0.0,0.0,0.0,0.0,0.0,0.0,0.0,0.0,0,0,0.0,0.0,0.0,0.0,0.0,0.0,0.0,0.0,0.0,0.0,0.0,0.0,0.0,0.0,Train006,10.0
79,5,1,6.944444444444444e-05,0.0,11.712442120619318,0.0,11.698399713588955,-0.5733625118190157,11.712442120619318,23.84790158102266,0.0,0.0,-1.000088900581841e-12,0,0,1.0,6.944444444444444e-05,0.0,10.872069975006912,0.0,10.869231049077781,-0.1227630378808556,10.872069975006912,-0.627680366080974,4.4408920985006264e-17,0.0,-1.000088900581841e-12,0.0,0.0,Train006,10.0
80,0,2,0.0001388888888888889,0.0,7.9197557212589915,0.0010642479073661448,-7.898070045132233,0.5241481739487537,7.915443243815781,-3.2202262200490095,0.0005445215323410801,80.88524106874279,0.6931471805579453,0,0,2.0,0.0001388888888888889,0.0,8.33357005545828,0.9981418877359876,-8.31804019520576,0.4613142800206525,8.331048003631217,-3.5321823369812457,0.0003117619254479731,82.61978533491909,0.6931471805579453,0.0,0.0,Train006,10.0
80,1,2,0.0001388888888888889,0.0,8.800287674611887,0.555502499934164,0.5355534403582674,0.35719865900399717,0.6437455782169149,2.7212347043304685,0.9629605156695452,48.563212980102634,0.6931471805579453,0,0,2.0,0.0001388888888888889,0.0,7.617357223304305,0.23607397726282436,0.14672080936548532,0.10276753159865529,0.27259028326881735,1.5740646527747857,0.9837003348131189,54.05870397358908,0.6931471805579453,0.0,0.0,Train006,10.0
80,2,1,6.944444444444444e-05,0.0,10.029034445619732,0.0,-10.012973631091981,-0.5673543641180262,10.029034445619732,-1.6826264673004765,0.0,0.0,-1.000088900581841e-12,0,0,1.0,6.944444444444444e-05,0.0,9.966351106265076,0.0,-9.959584788999575,-0.02847626641899722,9.966351106265076,-3.0885006261782966,2.2204460492503132e-17,0.0,-1.000088900581841e-12,0.0,0.0,Train006,10.0
80,3,3,0.00020833333333333335,0.0,9.574352365431363,1.7810910727962743,1.927433217381244,-0.025158591163749022,1.9275974066630093,-0.021318200581988595,0.6666023171707425,42.59580300116783,1.0986122886651097,0,0,3.0,0.00020833333333333335,0.0,9.055919910871006,2.011692569160149,1.47142499507551,-0.03415940554570833,1.4718855687035723,-0.7097065326094181,0.6666228725843238,41.624961818995665,1.0986122886651097,0.0,0.0,Train006,10.0
80,4,0,0.0,0.0,0.0,0.0,0.0,0.0,0.0,0.0,0.0,0.0,0.0,0,0,0.0,0.0,0.0,0.0,0.0,0.0,0.0,0.0,0.0,0.0,0.0,0.0,0.0,0.0,Train006,10.0
80,5,1,6.944444444444444e-05,0.0,11.855320047161262,0.0,11.831972960204276,-0.7436593908628966,11.855320047161262,1.4287792654194398,0.0,0.0,-1.000088900581841e-12,0,0,1.0,6.944444444444444e-05,0.0,10.861759510969502,0.0,10.854277884403412,-0.26021464654043464,10.861759510969502,-0.10310464037410298,4.4408920985006264e-17,0.0,-1.000088900581841e-12,0.0,0.0,Train006,10.0
81,0,2,0.0001388888888888889,0.0,7.341017857925618,0.13152845997839302,-7.31995954531687,0.49641816726724847,7.3367730469102375,-5.787378633333744,0.0005784176775691652,80.60430412285092,0.6931471805579453,0,0,2.0,0.0001388888888888889,0.0,7.957537326856771,0.6897931937931523,-7.940142814262754,0.4730501604557723,7.954433859021276,-3.760327286015097,0.0003974431791394561,82.04003973471984,0.6931471805579453,0.0,0.0,Train006,10.0
81,1,2,0.0001388888888888889,0.0,8.376499368957987,0.571104758969748,0.5499461861153621,0.3665964101254389,0.6609339872783753,-4.237883056539009,0.9601920141055506,47.762789999596755,0.6931471805579453,0,0,2.0,0.0001388888888888889,0.0,7.786071062781444,0.3308155828068772,0.2759394123889683,0.18574060791950023,0.38326047659208357,1.6871383947713867,0.9769520310615615,52.19642616753913,0.6931471805579453,0.0,0.0,Train006,10.0
81,2,1,6.944444444444444e-05,0.0,9.377560152450863,0.0,-9.358342122626809,-0.6000559379783059,9.377560152450863,-6.514742931688691,1.1102230246251565e-16,0.0,-1.000088900581841e-12,0,0,1.0,6.944444444444444e-05,0.0,9.686300393379419,0.0,-9.67649542181731,-0.20739076211535767,9.686300393379419,-2.800507128856575,4.4408920985006264e-17,0.0,-1.000088900581841e-12,0.0,0.0,Train006,10.0
81,3,3,0.00020833333333333335,0.0,9.009646461085852,1.6351869351879704,1.8595577570436859,-0.022635552443744305,1.8596955180931576,-5.647059043455111,0.6666022752699279,42.73825991958816,1.0986122886651097,0,0,3.0,0.00020833333333333335,0.0,8.968424939181379,1.8774274494563035,1.581953396448659,-0.029138995535083,1.5822672096677945,-0.8749497168962858,0.6666136823890765,41.95556209465566,1.0986122886651097,0.0,0.0,Train006,10.0
81,4,0,0.0,0.0,0.0,0.0,0.0,0.0,0.0,0.0,0.0,0.0,0.0,0,0,0.0,0.0,0.0,0.0,0.0,0.0,0.0,0.0,0.0,0.0,0.0,0.0,0.0,0.0,Train006,10.0
81,5,1,6.944444444444444e-05,0.0,11.207046252685512,0.0,11.181318474881463,-0.7589485312633948,11.207046252685512,-6.482737944757506,0.0,0.0,-1.000088900581841e-12,0,0,1.0,6.944444444444444e-05,0.0,10.870299695496744,0.0,10.857673087945306,-0.41040250909732945,10.870299695496744,0.08540184527240342,2.2204460492503132e-17,0.0,-1.000088900581841e-12,0.0,0.0,Train006,10.0
82,0,2,0.0001388888888888889,0.0,6.7074216731713845,0.16874592790680332,-6.687820002334873,0.45751879822466124,6.703451337509609,-6.335961847542326,0.0005923067215447553,80.4977943406459,0.6931471805579453,0,0,2.0,0.0001388888888888889,0.0,7.595812328248998,0.4158566911451708,-7.576979721170713,0.47874419958015046,7.592233655911093,-3.6172499860777307,0.00047719869020530493,81.43112478754674,0.6931471805579453,0.0,0.0,Train006,10.0
82,1,2,0.0001388888888888889,0.0,7.736009602771054,0.5428995459886585,0.5225441777335864,0.3482618982479861,0.6279639857942177,-6.404897661869322,0.9591038663042196,47.514438417593055,0.6931471805579453,0,0,2.0,0.0001388888888888889,0.0,7.948770245677709,0.42676428299291613,0.39288945160656175,0.2625014059166916,0.49452452083294307,1.6269918289626468,0.9697500964422184,50.31479423581911,0.6931471805579453,0.0,0.0,Train006,10.0
82,2,1,6.944444444444444e-05,0.0,8.596938062020131,0.0,-8.57762873482989,-0.5758726678971866,8.596938062020131,-7.806220904307324,1.1102230246251565e-16,0.0,-1.000088900581841e-12,0,0,1.0,6.944444444444444e-05,0.0,9.432642944308594,0.0,-9.41969379938708,-0.3757777241390478,9.432642944308594,-2.5365744907082526,6.661338147750939e-17,0.0,-1.000088900581841e-12,0.0,0.0,Train006,10.0
82,3,3,0.00020833333333333335,0.0,8.282938047524537,1.4883476867308023,1.7264584595870025,-0.020426547200797913,1.7265792934325583,-7.267084135613156,0.6666023546559614,42.77852650461446,1.0986122886651097,0,0,3.0,0.00020833333333333335,0.0,8.88034378079974,1.7494346451963196,1.6842089214933236,-0.025680214569248433,1.684429841544037,-0.8808115838163877,0.6666075613275444,42.28598817524292,1.0986122886651097,0.0,0.0,Train006,10.0
82,4,0,0.0,0.0,0.0,0.0,0.0,0.0,0.0,0.0,0.0,0.0,0.0,0,0,0.0,0.0,0.0,0.0,0.0,0.0,0.0,0.0,0.0,0.0,0.0,0.0,0.0,0.0,Train006,10.0
82,5,1,6.944444444444444e-05,0.0,10.321957175492381,0.0,10.296846810813843,-0.7195454727336076,10.321957175492381,-8.850890771931308,0.0,0.0,-1.000088900581841e-12,0,0,1.0,6.944444444444444e-05,0.0,10.884883511695104,0.0,10.867235667101445,-0.5561627765055064,10.884883511695104,0.1458381619836288,0.0,0.0,-1.000088900581841e-12,0.0,0.0,Train006,10.0
83,0,2,0.0001388888888888889,0.0,6.092202009926093,0.17150126712003644,-6.074261220663367,0.41704502939443694,6.088561072486455,-6.152196632452913,0.0005981131192669409,80.45806343302569,0.6931471805579453,0,0,2.0,0.0001388888888888889,0.0,7.260435121109195,0.1698374416627882,-7.2404030430951085,0.48201248461007085,7.256448449811063,-3.3537720713980184,0.0005542215488523628,80.81337569889999,0.6931471805579453,0.0,0.0,Train006,10.0
83,1,2,0.0001388888888888889,0.0,7.058028199029725,0.5011335861195008,0.4822525613620421,0.3213836672702764,0.5795299772473741,-6.779814037413288,0.9586564878014672,47.47216282927831,0.6931471805579453,0,0,2.0,0.0001388888888888889,0.0,8.099797809909898,0.5174810593010447,0.4986925961000406,0.33258449995085265,0.5994220853020824,1.510275642321903,0.962361167728151,48.42678754385709,0.6931471805579453,0.0,0.0,Train006,10.0
83,2,1,6.944444444444444e-05,0.0,7.818018470789486,0.0,-7.799798645512084,-0.5334359371784388,7.818018470789486,-7.78919591230645,0.0,0.0,-1.000088900581841e-12,0,0,1.0,6.944444444444444e-05,0.0,9.203769644645998,0.0,-9.18782133120262,-0.5305393345232445,9.203769644645998,-2.288732996625951,6.661338147750939e-17,0.0,-1.000088900581841e-12,0.0,0.0,Train006,10.0
83,3,3,0.00020833333333333335,0.0,7.542814710486254,1.3497334113634467,1.5785657324662663,-0.018456653045236287,1.5786736267380892,-7.401233370382826,0.6666024037275045,42.780744105115055,1.0986122886651097,0,0,3.0,0.00020833333333333335,0.0,8.797247154003514,1.631157422944148,1.7775699079417095,-0.02296711880423052,1.7777201923756891,-0.8309662679622619,0.6666026959757173,42.61631370929895,1.0986122886651097,0.0,0.0,Train006,10.0
83,4,0,0.0,0.0,0.0,0.0,0.0,0.0,0.0,0.0,0.0,0.0,0.0,0,0,0.0,0.0,0.0,0.0,0.0,0.0,0.0,0.0,0.0,0.0,0.0,0.0,0.0,0.0,Train006,10.0
83,5,1,6.944444444444444e-05,0.0,9.406765802882564,0.0,9.383337987263314,-0.6634840518521365,9.406765802882564,-9.151913726098169,0.0,0.0,-1.000088900581841e-12,0,0,1.0,6.944444444444444e-05,0.0,10.900706279768206,0.0,10.87837518935037,-0.6917999917062103,10.900706279768206,0.15822768073102295,0.0,0.0,-1.000088900581841e-12,0.0,0.0,Train006,10.0
84,0,0,0.0,-2.0,0.0,0.0,0.0,0.0,0.0,0.0,0.0,0.0,0.0,0,2,1.6,0.00011111111111111112,-0.4,5.612079452456418,0.09456798058251978,-5.596022162689468,0.3790260337670201,5.6088457401444165,-4.299152666675599,0.0004626718101443883,64.48908059305306,0.5545177444463563,0.0,0.4,Train006,10.0
84,1,2,0.0001388888888888889,0.0,9.200837720582989,0.2831555888805468,-0.2964990867331485,0.2931239189113584,0.41693325637509865,21.428095215532636,0.9667228001251826,41.34097883675056,0.6931471805579453,0,0,2.0,0.0001388888888888889,0.0,8.234332513190727,0.49075919597852363,0.3587594557672219,0.33731291071181135,0.5858213569823961,1.3453470328082981,0.9615271368011931,46.530716612664264,0.6931471805579453,0.0,0.0,Train006,10.0
84,2,1,6.944444444444444e-05,0.0,9.740754661541478,0.0,-9.728562902490172,-0.48720142511496123,9.740754661541478,19.227361907519924,0.0,0.0,-1.000088900581841e-12,0,0,1.0,6.944444444444444e-05,0.0,9.112461158484338,0.0,-9.095461207310187,-0.5527840664573838,9.112461158484338,-0.9130848616166055,4.4408920985006264e-17,0.0,-1.000088900581841e-12,0.0,0.0,Train006,10.0
84,3,3,0.00020833333333333335,0.0,9.885688761899553,1.2597760884418958,2.1215242609437226,-0.21304853614657496,2.1321948476926322,23.428740514132997,0.6664922442245136,45.641804822947385,1.0986122886651097,0,0,3.0,0.00020833333333333335,0.0,8.859088069285512,1.502827038904078,1.8427078854843841,-0.05994517600002049,1.8449481385238893,0.6184091528199829,0.6665803190097299,43.30702767068658,1.0986122886651097,0.0,0.0,Train006,10.0
84,4,0,0.0,0.0,0.0,0.0,0.0,0.0,0.0,0.0,0.0,0.0,0.0,0,0,0.0,0.0,0.0,0.0,0.0,0.0,0.0,0.0,0.0,0.0,0.0,0.0,0.0,0.0,Train006,10.0
84,5,1,6.944444444444444e-05,0.0,12.063273649051286,0.0,12.048095847532226,-0.6049442788983838,12.063273649051286,26.56507846168722,0.0,0.0,-1.000088900581841e-12,0,0,1.0,6.944444444444444e-05,0.0,10.970872585454602,0.0,10.948314416139024,-0.6981163451220839,10.970872585454602,0.701663056863935,0.0,0.0,-1.000088900581841e-12,0.0,0.0,Train006,10.0
85,0,0,0.0,0.0,0.0,0.0,0.0,0.0,0.0,0.0,0.0,0.0,0.0,0,0,1.2,8.333333333333333e-05,-0.4,4.02812830820462,0.09435513100104656,-4.016408153663022,0.2741963989772694,4.02575709138126,-3.6551074226657967,0.0003537675036761723,48.312032379304505,0.4158883083347672,0.0,0.4,Train006,10.0
85,1,2,0.0001388888888888889,0.0,9.402927203469083,0.5382206132656018,-0.5492788083771822,0.2660494985579428,0.6103192156693005,2.0208948288609374,0.9693460810570221,39.06799855701348,0.6931471805579453,0,0,2.0,0.0001388888888888889,0.0,8.354860418962167,0.4873028186448112,0.14179300602013195,0.31908307862260055,0.5791360844728732,1.205279057714392,0.9628042498786884,44.63167372804644,0.6931471805579453,0.0,0.0,Train006,10.0
85,2,1,6.944444444444444e-05,0.0,9.832648746270307,0.0,-9.822691431665765,-0.44239620908296057,9.832648746270307,0.9189408472882832,1.1102230246251565e-16,0.0,-1.000088900581841e-12,0,0,1.0,6.944444444444444e-05,0.0,9.073184018614452,0.0,-9.057404767424945,-0.5277924354503706,9.073184018614452,-0.39277139869885325,6.661338147750939e-17,0.0,-1.000088900581841e-12,0.0,0.0,Train006,10.0
85,3,3,0.00020833333333333335,0.0,10.117850626661427,1.251459009484371,2.184967250165201,-0.2680263124104671,2.201345040750957,2.3216186476187417,0.6662551735309469,46.727778600292964,1.0986122886651097,0,0,3.0,0.00020833333333333335,0.0,8.967787721531526,1.3969006262416972,1.8942146920411755,-0.10851872024936411,1.8996976653414788,1.086996522460129,0.6665108902817709,44.1334227905116,1.0986122886651097,0.0,0.0,Train006,10.0
85,4,0,0.0,0.0,0.0,0.0,0.0,0.0,0.0,0.0,0.0,0.0,0.0,0,0,0.0,0.0,0.0,0.0,0.0,0.0,0.0,0.0,0.0,0.0,0.0,0.0,0.0,0.0,Train006,10.0
85,5,1,6.944444444444444e-05,0.0,12.275376387167395,0.0,12.263093906908406,-0.5489929662325297,12.275376387167395,2.1210273811610847,0.0,0.0,-1.000088900581841e-12,0,0,1.0,6.944444444444444e-05,0.0,11.054883853455827,0.0,11.034538605479849,-0.6591830601960105,11.054883853455827,0.840112680012264,0.0,0.0,-1.000088900581841e-12,0.0,0.0,Train006,10.0
86,0,0,0.0,0.0,0.0,0.0,0.0,0.0,0.0,0.0,0.0,0.0,0.0,0,0,0.8,5.555555555555556e-05,-0.4,2.5599247366194957,0.06804943900536795,-2.552416244599648,0.17491276552381968,2.558402481999213,-2.497631695999048,0.00023808396816233924,32.19117155473432,0.2772588722231782,0.0,0.4,Train006,10.0
86,1,2,0.0001388888888888889,0.0,8.919194745455938,0.5949814473524313,-0.6046422615458296,0.2409813389637498,0.6508949763026421,-4.837324580131446,0.9703422130845814,38.26529755361409,0.6931471805579453,0,0,2.0,0.0001388888888888889,0.0,8.463399494261758,0.4920781563213478,-0.08912468351210637,0.2939600643902627,0.5771282822777266,1.0853907529959048,0.9648342896744946,42.732175238849905,0.6931471805579453,0.0,0.0,Train006,10.0
86,2,1,6.944444444444444e-05,0.0,9.284107315228102,0.0,-9.27545437986329,-0.4007426702347259,9.284107315228102,-5.485414310422048,0.0,0.0,-1.000088900581841e-12,0,0,1.0,6.944444444444444e-05,0.0,9.0544934511699,0.0,-9.040827218872241,-0.48792978190165465,9.0544934511699,-0.18690567444552464,4.4408920985006264e-17,0.0,-1.000088900581841e-12,0.0,0.0,Train006,10.0
86,3,3,0.00020833333333333335,0.0,9.602530369570273,1.1867942914370464,2.078269346089695,-0.271315848778457,2.0959045218459886,-5.153202570911546,0.6661465040422798,47.12166117922553,1.0986122886651097,0,0,3.0,0.00020833333333333335,0.0,9.08636450322841,1.3072220974915125,1.9379570098503773,-0.15825477951630665,1.946939466092045,1.185767816968842,0.6664197360362413,45.010103042439084,1.0986122886651097,0.0,0.0,Train006,10.0
86,4,0,0.0,0.0,0.0,0.0,0.0,0.0,0.0,0.0,0.0,0.0,0.0,0,0,0.0,0.0,0.0,0.0,0.0,0.0,0.0,0.0,0.0,0.0,0.0,0.0,0.0,0.0,Train006,10.0
86,5,1,6.944444444444444e-05,0.0,11.625937292965403,0.0,11.615299150676108,-0.4972359402402582,11.625937292965403,-6.494390942019912,0.0,0.0,-1.000088900581841e-12,0,0,1.0,6.944444444444444e-05,0.0,11.138662061511805,0.0,11.121334740638778,-0.6068405419913832,11.138662061511805,0.8377820805597829,0.0,0.0,-1.000088900581841e-12,0.0,0.0,Train006,10.0
87,0,0,0.0,0.0,0.0,0.0,0.0,0.0,0.0,0.0,0.0,0.0,0.0,0,0,0.4,2.777777777777778e-05,-0.4,1.2184404019852186,0.03430025342400729,-1.2148522441326732,0.08340900587888743,1.2177122144972912,-1.2304393264905829,0.00011962262385338818,16.091612686605135,0.13862943611158907,0.0,0.4,Train006,10.0
87,1,2,0.0001388888888888889,0.0,8.225915677211395,0.5796225484181616,-0.5882359757537383,0.21808613765800894,0.627362037909165,-6.932790682445433,0.9707459282434807,38.01966076059112,0.6931471805579453,0,0,2.0,0.0001388888888888889,0.0,8.561380709149827,0.49942275680724846,-0.3112807142095713,0.2679249122722672,0.5770078927007161,0.9798121488806826,0.9671627020623468,40.833219707449516,0.6931471805579453,0.0,0.0,Train006,10.0
87,2,1,6.944444444444444e-05,0.0,8.54600412974636,0.0,-8.538306204602035,-0.36264823465200485,8.54600412974636,-7.381031854817426,0.0,0.0,-1.000088900581841e-12,0,0,1.0,6.944444444444444e-05,0.0,9.044306664715148,0.0,-9.032962712826668,-0.4452848952526183,9.044306664715148,-0.10186786454754504,2.2204460492503132e-17,0.0,-1.000088900581841e-12,0.0,0.0,Train006,10.0
87,3,3,0.00020833333333333335,0.0,8.858047141162242,1.0960713856094808,1.9188138966326687,-0.25647449953495727,1.9358785960959308,-7.444832284080316,0.6660998038018385,47.25071189715411,1.0986122886651097,0,0,3.0,0.00020833333333333335,0.0,9.20138632195595,1.2287668372672482,1.9764280972595105,-0.20546436998313852,1.9887993266247197,1.1502181872754103,0.6663192258654166,45.90454012094701,1.0986122886651097,0.0,0.0,Train006,10.0
87,4,0,0.0,0.0,0.0,0.0,0.0,0.0,0.0,0.0,0.0,0.0,0.0,0,0,0.0,0.0,0.0,0.0,0.0,0.0,0.0,0.0,0.0,0.0,0.0,0.0,0.0,0.0,Train006,10.0
87,5,1,6.944444444444444e-05,0.0,10.715706892248077,0.0,10.706254674562455,-0.44998338189595416,10.715706892248077,-9.102304007173263,0.0,0.0,-1.000088900581841e-12,0,0,1.0,6.944444444444444e-05,0.0,11.217412004862945,0.0,11.203216313388502,-0.5529281238238525,11.217412004862945,0.7874994335113918,0.0,0.0,-1.000088900581841e-12,0.0,0.0,Train006,10.0
88,0,0,0.0,0.0,0.0,0.0,0.0,0.0,0.0,0.0,0.0,0.0,0.0,0,0,0.0,0.0,-0.4,0.0,0.0,0.0,0.0,0.0,0.0,0.0,0.0,0.0,0.0,0.4,Train006,10.0
88,1,2,0.0001388888888888889,0.0,7.500752727576826,0.540146714579949,-0.5478902867879243,0.19729373635362077,0.5823303055491152,-7.251629496345688,0.9709139556955331,37.98174911229978,0.6931471805579453,0,0,2.0,0.0001388888888888889,0.0,8.649925614859246,0.5072253824993381,-0.5173092838395645,0.2431069260889361,0.5775679583610642,0.8854490570942021,0.9696141956411599,38.935136964053804,0.6931471805579453,0.0,0.0,Train006,10.0
88,2,1,6.944444444444444e-05,0.0,7.785839993681277,0.0,-7.77892622402473,-0.32804147357800795,7.785839993681277,-7.601641360650824,0.0,0.0,-1.000088900581841e-12,0,0,1.0,6.944444444444444e-05,0.0,9.037870969293504,0.0,-9.028788228529198,-0.40420600253253214,9.037870969293504,-0.06435695421641974,2.2204460492503132e-17,0.0,-1.000088900581841e-12,0.0,0.0,Train006,10.0
88,3,3,0.00020833333333333335,0.0,8.077878662652472,1.0002651220512666,1.7504436703528174,-0.23621556959385082,1.7663099496964825,-7.801684785097699,0.6660799308566389,47.28007956345922,1.0986122886651097,0,0,3.0,0.00020833333333333335,0.0,9.308399112389193,1.1588731794048122,2.0108036848368207,-0.24901615329286142,2.0263265912163986,1.0701279043324354,0.6662147312912434,46.80440721261584,1.0986122886651097,0.0,0.0,Train006,10.0
88,4,0,0.0,0.0,0.0,0.0,0.0,0.0,0.0,0.0,0.0,0.0,0.0,0,0,0.0,0.0,0.0,0.0,0.0,0.0,0.0,0.0,0.0,0.0,0.0,0.0,0.0,0.0,Train006,10.0
88,5,1,6.944444444444444e-05,0.0,9.768586372597781,0.0,9.760100796807603,-0.4070775786734925,9.768586372597781,-9.47120519650296,1.1102230246251565e-16,0.0,-1.000088900581841e-12,0,0,1.0,6.944444444444444e-05,0.0,11.289776118805989,0.0,11.27856887529736,-0.5016468291881238,11.289776118805989,0.7236411394304334,2.2204460492503132e-17,0.0,-1.000088900581841e-12,0.0,0.0,Train006,10.0
89,0,0,0.0,0.0,0.0,0.0,0.0,0.0,0.0,0.0,0.0,0.0,0.0,0,0,0.0,0.0,0.0,0.0,0.0,0.0,0.0,0.0,0.0,0.0,0.0,0.0,0.0,0.0,Train006,10.0
89,1,2,0.0001388888888888889,0.0,8.862366632666618,0.20670812430071894,-0.20706968887453314,0.031183864042430925,0.20940460698660088,13.616139050897926,0.9962192951715906,33.44549993541798,0.6931471805579453,0,0,2.0,0.0001388888888888889,0.0,8.582231397275972,0.49193588958337253,-0.4994234042678415,0.1907189151151506,0.5360622284833647,-0.6769421758327401,0.9755134946504416,37.35604118378729,0.6931471805579453,0.0,0.0,Train006,10.0
89,2,1,6.944444444444444e-05,0.0,10.59953716785462,0.0,-10.59538405521723,-0.29668989733400963,10.59953716785462,28.136971741733436,0.0,0.0,-1.000088900581841e-12,0,0,1.0,6.944444444444444e-05,0.0,9.209627470556134,0.0,-9.20215245907461,-0.3661036969763418,9.209627470556134,1.7175650126262831,2.2204460492503132e-17,0.0,-1.000088900581841e-12,0.0,0.0,Train006,10.0
89,3,2,0.0001388888888888889,-1.0,10.089670479448536,2.649270428289031,-2.649139449126092,0.06520067076810276,2.6499416877329027,15.833168702529424,0.9938738722195133,98.5354963950288,0.6931471805579453,0,1,2.8,0.00019444444444444443,-0.2,9.34919545589899,1.4367720473742391,1.056670942822858,-0.1933663119099259,2.129875959224452,-0.44898645798827913,0.7316910568902435,57.38314552703213,1.0175192670436768,0.0,0.2,Train006,10.0
89,4,0,0.0,0.0,0.0,0.0,0.0,0.0,0.0,0.0,0.0,0.0,0.0,0,0,0.0,0.0,0.0,0.0,0.0,0.0,0.0,0.0,0.0,0.0,0.0,0.0,0.0,0.0,Train006,10.0
89,5,1,6.944444444444444e-05,0.0,11.219202472561111,0.0,11.213158662123037,-0.3682077380724784,11.219202472561111,14.506160999633302,0.0,0.0,-1.000088900581841e-12,0,0,1.0,6.944444444444444e-05,0.0,11.120961883507954,0.0,11.11158143821552,-0.4542995210229425,11.120961883507954,-1.6881423529803505,2.2204460492503132e-17,0.0,-1.000088900581841e-12,0.0,0.0,Train006,10.0
90,0,0,0.0,0.0,0.0,0.0,0.0,0.0,0.0,0.0,0.0,0.0,0.0,0,0,0.0,0.0,0.0,0.0,0.0,0.0,0.0,0.0,0.0,0.0,0.0,0.0,0.0,0.0,Train006,10.0
90,1,2,0.0001388888888888889,0.0,8.814932395117317,0.0767024497885096,-0.07659822253438353,-0.028297397079303566,0.08165800865126897,-0.47434237549301095,0.9968219029828137,31.776171497742062,0.6931471805579453,0,0,2.0,0.0001388888888888889,0.0,8.464632435605619,0.3996322568879541,-0.4048872870992818,0.13184953598770133,0.43032998707975845,-1.1759896167035297,0.9810086590355999,35.89767577193301,0.6931471805579453,0.0,0.0,Train006,10.0
90,2,1,6.944444444444444e-05,0.0,10.950966921020337,0.0,-10.947679260359697,-0.26831943196829905,10.950966921020337,3.51429753165716,0.0,0.0,-1.000088900581841e-12,0,0,1.0,6.944444444444444e-05,0.0,9.43329110550614,0.0,-9.427150024813397,-0.33128834155340947,9.43329110550614,2.2366363495000576,0.0,0.0,-1.000088900581841e-12,0.0,0.0,Train006,10.0
90,3,2,0.0001388888888888889,0.0,10.048448449318771,3.075392026469441,-3.0740272220924476,0.11500691341455943,3.076177815455172,-0.41222030129764775,0.9927321846131222,100.47992016922207,0.6931471805579453,0,0,2.6,0.00018055555555555555,-0.2,9.335315020430459,1.8015586507712533,0.004872048371328308,-0.11675966674492058,2.304842514165295,-0.9957542477715571,0.7969864591066785,68.13357384081795,0.936426245422244,0.0,0.2,Train006,10.0
90,4,0,0.0,0.0,0.0,0.0,0.0,0.0,0.0,0.0,0.0,0.0,0.0,0,0,0.0,0.0,0.0,0.0,0.0,0.0,0.0,0.0,0.0,0.0,0.0,0.0,0.0,0.0,Train006,10.0
90,5,1,6.944444444444444e-05,0.0,11.061866140347066,0.0,11.056851933951922,-0.333028253486909,11.061866140347066,-1.5733633221404553,0.0,0.0,-1.000088900581841e-12,0,0,1.0,6.944444444444444e-05,0.0,10.878259834143888,0.0,10.870333043624225,-0.4111065784738185,10.878259834143888,-2.4270204936406587,2.2204460492503132e-17,0.0,-1.000088900581841e-12,0.0,0.0,Train006,10.0
91,0,0,0.0,0.0,0.0,0.0,0.0,0.0,0.0,0.0,0.0,0.0,0.0,0,0,0.0,0.0,0.0,0.0,0.0,0.0,0.0,0.0,0.0,0.0,0.0,0.0,0.0,0.0,Train006,10.0
91,1,2,0.0001388888888888889,0.0,8.279409816739417,0.02685396320619926,-0.026809060498988124,-0.0472719076487026,0.054344815553885845,-5.355225783779014,0.9942934745851786,31.19952525574011,0.6931471805579453,0,0,2.0,0.0001388888888888889,0.0,8.336675449862316,0.2860067600587077,-0.2893206468899135,0.07419888666521086,0.31101995493000717,-1.2795698574330434,0.9857989113357192,34.48452131235821,0.6931471805579453,0.0,0.0,Train006,10.0
91,2,1,6.944444444444444e-05,0.0,10.427306212186418,0.0,-10.424482330730951,-0.24265815251017908,10.427306212186418,-5.236607088339191,0.0,0.0,-1.000088900581841e-12,0,0,1.0,6.944444444444444e-05,0.0,9.661930884897803,0.0,-9.656955614986929,-0.2996714380085001,9.661930884897803,2.286397793916629,0.0,0.0,-1.000088900581841e-12,0.0,0.0,Train006,10.0
91,3,2,0.0001388888888888889,0.0,9.442605162497117,3.042130519083614,-3.0403866428138255,0.12551600849334008,3.0429763729264847,-6.058432868216546,0.9919742430721145,101.15286094314544,0.6931471805579453,0,0,2.4,0.0001666666666666667,-0.2,9.303329979015828,2.1726258963005667,-1.0188591494093757,-0.037393295290561165,2.4942568843813944,-1.176800307232557,0.8621520069126454,78.93981379360193,0.855333223800811,0.0,0.2,Train006,10.0
91,4,0,0.0,0.0,0.0,0.0,0.0,0.0,0.0,0.0,0.0,0.0,0.0,0,0,0.0,0.0,0.0,0.0,0.0,0.0,0.0,0.0,0.0,0.0,0.0,0.0,0.0,0.0,Train006,10.0
91,5,1,6.944444444444444e-05,0.0,10.355644788091677,0.0,10.351263519738318,-0.30120179625130283,10.355644788091677,-7.062213522553886,0.0,0.0,-1.000088900581841e-12,0,0,1.0,6.944444444444444e-05,0.0,10.624201333169143,0.0,10.617525917436668,-0.3718997496760274,10.624201333169143,-2.5405850097474536,2.2204460492503132e-17,0.0,-1.000088900581841e-12,0.0,0.0,Train006,10.0
92,0,0,0.0,0.0,0.0,0.0,0.0,0.0,0.0,0.0,0.0,0.0,0.0,0,0,0.0,0.0,0.0,0.0,0.0,0.0,0.0,0.0,0.0,0.0,0.0,0.0,0.0,0.0,Train006,10.0
92,1,2,0.0001388888888888889,0.0,7.605869476655054,0.007943890194328063,-0.007951687723113388,-0.051071802435463665,0.051687119688109386,-6.735403400843616,0.9932850486212992,31.0359485593963,0.6931471805579453,0,0,2.0,0.0001388888888888889,0.0,8.212666209751045,0.17167102841394097,-0.1732637892837885,0.02036729864651634,0.19588497128579607,-1.24009240111268,0.9903067354112831,33.087778872119245,0.6931471805579453,0.0,0.0,Train006,10.0
92,2,1,6.944444444444444e-05,0.0,9.63097506717187,0.0,-9.628474536975574,-0.21945121393877443,9.63097506717187,-7.963311450145483,0.0,0.0,-1.000088900581841e-12,0,0,1.0,6.944444444444444e-05,0.0,9.878925072382904,0.0,-9.874989281461637,-0.271032033865854,9.878925072382904,2.1699418748510175,0.0,0.0,-1.000088900581841e-12,0.0,0.0,Train006,10.0
92,3,2,0.0001388888888888889,0.0,8.676167324345894,2.851380010991278,-2.8496070179303454,0.1217689331695011,2.8522075362292827,-7.664378381512225,0.9916159050741858,101.34492135136402,0.6931471805579453,0,0,2.2,0.00015277777777777777,-0.2,9.266954015652558,2.523687621376926,-1.9725433323219785,0.03825539125033051,2.677522672408065,-1.2207095267189387,0.9272552271671148,89.75865568444392,0.7742402021793782,0.0,0.2,Train006,10.0
92,4,0,0.0,0.0,0.0,0.0,0.0,0.0,0.0,0.0,0.0,0.0,0.0,0,0,0.0,0.0,0.0,0.0,0.0,0.0,0.0,0.0,0.0,0.0,0.0,0.0,0.0,0.0,Train006,10.0
92,5,1,6.944444444444444e-05,0.0,9.500532419265632,0.0,9.496626084083363,-0.27241378200221533,9.500532419265632,-8.551123688260454,0.0,0.0,-1.000088900581841e-12,0,0,1.0,6.944444444444444e-05,0.0,10.381166438572652,0.0,10.375600199340848,-0.3363858296972796,10.381166438572652,-2.4303489459648917,2.2204460492503132e-17,0.0,-1.000088900581841e-12,0.0,0.0,Train006,10.0
93,0,0,0.0,0.0,0.0,0.0,0.0,0.0,0.0,0.0,0.0,0.0,0.0,0,0,0.0,0.0,0.0,0.0,0.0,0.0,0.0,0.0,0.0,0.0,0.0,0.0,0.0,0.0,Train006,10.0
93,1,2,0.0001388888888888889,0.0,6.924085933420013,0.0009091767489928237,-0.0009392821380531657,-0.04938188086556407,0.049390812999541,-6.8178354323504164,0.9928680196614762,31.025345423919987,0.6931471805579453,0,0,2.0,0.0001388888888888889,0.0,8.097332850919685,0.06382352084774974,-0.06387358835381426,-0.02896782479732063,0.08929707277588121,-1.1533335883136255,0.9946975482044718,31.69649813444329,0.6931471805579453,0.0,0.0,Train006,10.0
93,2,1,6.944444444444444e-05,0.0,8.787033931376698,0.0,-8.784792369645968,-0.19846494243416468,8.787033931376698,-8.439411357951716,1.1102230246251565e-16,0.0,-1.000088900581841e-12,0,0,1.0,6.944444444444444e-05,0.0,10.079163859921987,0.0,-10.076162510585885,-0.24511672763708536,10.079163859921987,2.002387875390839,2.2204460492503132e-17,0.0,-1.000088900581841e-12,0.0,0.0,Train006,10.0
93,3,2,0.0001388888888888889,0.0,7.899100421142959,2.6172132658811758,-2.6155348177888547,0.11329534564490787,2.6179874366410885,-7.770669032029338,0.9914580165668249,101.35879031251339,0.6931471805579453,0,0,2.0,0.0001388888888888889,-0.2,9.231198367350654,2.8470772501429082,-2.8457390299503134,0.10815757429808223,2.8478581697969862,-1.2145063761052666,0.9923308443091521,100.57439783425474,0.6931471805579453,0.0,0.2,Train006,10.0
93,4,0,0.0,0.0,0.0,0.0,0.0,0.0,0.0,0.0,0.0,0.0,0.0,0,0,0.0,0.0,0.0,0.0,0.0,0.0,0.0,0.0,0.0,0.0,0.0,0.0,0.0,0.0,Train006,10.0
93,5,1,6.944444444444444e-05,0.0,8.644122452116738,0.0,8.64061061549889,-0.24637605102076066,8.644122452116738,-8.564099671488936,0.0,0.0,-1.000088900581841e-12,0,0,1.0,6.944444444444444e-05,0.0,10.156273654476445,0.0,10.151702163079106,-0.3042455241667332,10.156273654476445,-2.2489278409620868,0.0,0.0,-1.000088900581841e-12,0.0,0.0,Train006,10.0
94,0,1,6.944444444444444e-05,1.0,11.09783903446894,0.0,-11.086603687459839,0.49924934870701476,11.09783903446894,0.0,0.0,0.0,-1.000088900581841e-12,1,0,0.2,1.388888888888889e-05,0.2,2.219567806893788,0.0,-2.217320737491968,0.099849869741403,2.219567806893788,0.0,0.0,0.0,-2.000177801163682e-13,0.2,0.0,Train006,10.0
94,1,2,0.0001388888888888889,0.0,9.23681502934188,0.8733673610084152,0.885181789131054,-0.3404305042251052,0.9483879628170179,23.127290959218662,0.9597965680156364,24.753440049892397,0.6931471805579453,0,0,2.0,0.0001388888888888889,0.0,8.172222530254736,0.19715536818928897,0.15457670724730316,-0.10329069845082786,0.2370937439419646,0.7488967933505215,0.9874130027732807,29.95808615733817,0.6931471805579453,0.0,0.0,Train006,10.0
94,2,0,0.0,-1.0,0.0,0.0,0.0,0.0,0.0,0.0,0.0,0.0,0.0,0,1,0.8,5.555555555555556e-05,-0.2,7.959256426351064,0.0,-7.9570856995424375,-0.18577874817028345,7.959256426351064,-3.625006472955848,2.2204460492503132e-17,0.0,-8.000711204654728e-13,0.0,0.2,Train006,10.0
94,3,3,0.00020833333333333335,1.0,9.284667282267796,2.153302098662831,2.099754750027096,-0.3826719174156899,2.13434013377436,5.824610383307189,0.6680235027143084,49.18598379560072,1.0986122886651097,1,0,2.2,0.00015277777777777777,0.2,9.070197727914508,2.747883584217668,-1.8959601901196752,0.018583056661323715,2.7447378590052773,-3.216218039949714,0.9271607704081113,90.70449531436913,0.7742402021793782,0.2,0.0,Train006,10.0
94,4,0,0.0,0.0,0.0,0.0,0.0,0.0,0.0,0.0,0.0,0.0,0.0,0,0,0.0,0.0,0.0,0.0,0.0,0.0,0.0,0.0,0.0,0.0,0.0,0.0,0.0,0.0,Train006,10.0
94,5,1,6.944444444444444e-05,0.0,10.810516916098788,0.0,10.779984712259898,-0.8119147718208535,10.810516916098788,21.663944639820496,1.1102230246251565e-16,0.0,-1.000088900581841e-12,0,0,1.0,6.944444444444444e-05,0.0,10.074536543183982,0.0,10.065067373106476,-0.39298693091640824,10.074536543183982,-0.8173711129246477,2.2204460492503132e-17,0.0,-1.000088900581841e-12,0.0,0.0,Train006,10.0
95,0,1,6.944444444444444e-05,0.0,10.642544170654121,0.0,-10.63223862662162,0.4682394802867512,10.642544170654121,-4.552948638148191,0.0,0.0,-1.000088900581841e-12,0,0,0.4,2.777777777777778e-05,0.2,4.348076641024612,0.0,-4.343768462816291,0.19349776579875325,4.348076641024612,-0.9105897276296384,0.0,0.0,-4.000355602327364e-13,0.2,0.0,Train006,10.0
95,1,2,0.0001388888888888889,0.0,9.498929704060757,1.1216547903700675,1.1405428317067576,-0.4213772560122233,1.2158933928770483,2.621146747188776,0.9502412901556011,22.459348827193345,0.6931471805579453,0,0,2.0,0.0001388888888888889,0.0,8.309021992043423,0.4061458363056006,0.3980049180955314,-0.18190667023741178,0.4639408207871204,1.3679946178868794,0.9780968802078384,28.09472162322843,0.6931471805579453,0.0,0.0,Train006,10.0
95,2,0,0.0,0.0,0.0,0.0,0.0,0.0,0.0,0.0,0.0,0.0,0.0,0,0,0.6,4.1666666666666665e-05,-0.2,5.769063042146998,0.0,-5.767549847470499,-0.13211486177662363,5.769063042146998,-4.32786597928728,2.2204460492503132e-17,0.0,-6.000533403491046e-13,0.0,0.2,Train006,10.0
95,3,3,0.00020833333333333335,0.0,8.962299020205542,1.9506076168613942,2.1497976348774217,-0.3537313474625081,2.1787050596861883,-3.2236826206225278,0.6686874079348655,49.5863123772397,1.0986122886651097,0,0,2.4,0.0001666666666666667,0.2,8.85296784209186,2.5229267022960586,-0.8511952187257016,-0.07516459551408979,2.565243307851481,-3.7785105038146893,0.8623518150724598,80.52577375597265,0.855333223800811,0.2,0.0,Train006,10.0
95,4,0,0.0,0.0,0.0,0.0,0.0,0.0,0.0,0.0,0.0,0.0,0.0,0,0,0.0,0.0,0.0,0.0,0.0,0.0,0.0,0.0,0.0,0.0,0.0,0.0,0.0,0.0,Train006,10.0
95,5,1,6.944444444444444e-05,0.0,10.929636948758755,0.0,10.887364575189544,-0.9603418342342556,10.929636948758755,1.1912003265996773,1.1102230246251565e-16,0.0,-1.000088900581841e-12,0,0,1.0,6.944444444444444e-05,0.0,10.048090704866317,0.0,10.031169901354001,-0.5184496470658775,10.048090704866317,-0.26445838317662124,4.4408920985006264e-17,0.0,-1.000088900581841e-12,0.0,0.0,Train006,10.0
96,0,1,6.944444444444444e-05,0.0,9.873873976037437,0.0,-9.864474388869493,0.43073463525378564,9.873873976037437,-7.686701946166838,0.0,0.0,-1.000088900581841e-12,0,0,0.6,4.1666666666666665e-05,0.2,6.322851436232099,0.0,-6.316663340590191,0.2796446928495103,6.322851436232099,-2.447930116863006,0.0,0.0,-6.000533403491046e-13,0.2,0.0,Train006,10.0
96,1,2,0.0001388888888888889,0.0,9.030706535339451,1.141354989186551,1.1619714375648433,-0.4246449557690268,1.2371341722612739,-4.682231687213054,0.946720393429691,21.654166641494403,0.6931471805579453,0,0,2.0,0.0001388888888888889,0.0,8.45928133576343,0.629046041501671,0.6357610177082977,-0.25738127986147663,0.7004986921285982,1.5025934372000713,0.9685822639767409,26.185649900379286,0.6931471805579453,0.0,0.0,Train006,10.0
96,2,0,0.0,0.0,0.0,0.0,0.0,0.0,0.0,0.0,0.0,0.0,0.0,0,0,0.4,2.777777777777778e-05,-0.2,3.683601799709713,0.0,-3.6826533813243088,-0.08358323127458782,3.683601799709713,-3.280544561619442,2.2204460492503132e-17,0.0,-4.000355602327364e-13,0.0,0.2,Train006,10.0
96,3,3,0.00020833333333333335,0.0,8.329779209366846,1.7718575837634964,2.047596266857895,-0.32363962962412846,2.073015456265011,-6.325198108386964,0.668948569264515,49.71873471375799,1.0986122886651097,0,0,2.6,0.00018055555555555557,0.2,8.630402651465808,2.268872115232035,0.16640136320864246,-0.1649957231375835,2.371251124519186,-3.831863551848773,0.7977466803109399,70.23894851009517,0.936426245422244,0.2,0.0,Train006,10.0
96,4,0,0.0,0.0,0.0,0.0,0.0,0.0,0.0,0.0,0.0,0.0,0.0,0,0,0.0,0.0,0.0,0.0,0.0,0.0,0.0,0.0,0.0,0.0,0.0,0.0,0.0,0.0,Train006,10.0
96,5,1,6.944444444444444e-05,0.0,10.327541806790546,0.0,10.283266280995548,-0.9552771143215538,10.327541806790546,-6.020951419682099,0.0,0.0,-1.000088900581841e-12,0,0,1.0,6.944444444444444e-05,0.0,10.042470108606093,0.0,10.017570453605448,-0.6492647106799277,10.042470108606093,-0.05620596260226378,4.4408920985006264e-17,0.0,-1.000088900581841e-12,0.0,0.0,Train006,10.0
97,0,1,6.944444444444444e-05,0.0,9.010520020394562,0.0,-9.002003809688082,0.3916611396251541,9.010520020394562,-8.633539556428751,0.0,0.0,-1.000088900581841e-12,0,0,0.8,5.555555555555556e-05,0.2,8.124955440311012,0.0,-8.117064102527806,0.3579769207745412,8.124955440311012,-4.174638028148756,0.0,0.0,-8.000711204654728e-13,0.2,0.0,Train006,10.0
97,1,2,0.0001388888888888889,0.0,8.336286947812688,1.080901945790179,1.1009573349328812,-0.4007635963179419,1.1716307069534335,-6.944195875267627,0.9453088361106533,21.407371252951783,0.6931471805579453,0,0,2.0,0.0001388888888888889,0.0,8.605364829994958,0.8436376526208411,0.8575428222394965,-0.32731963863797225,0.9244874095816629,1.4608349423152691,0.9589870214746116,24.259934439090383,0.6931471805579453,0.0,0.0,Train006,10.0
97,2,0,0.0,0.0,0.0,0.0,0.0,0.0,0.0,0.0,0.0,0.0,0.0,0,0,0.2,1.388888888888889e-05,-0.2,1.7574067862753395,0.0,-1.7569584739291937,-0.039692988486832934,1.7574067862753395,-1.6878822715903454,2.2204460492503132e-17,0.0,-2.000177801163682e-13,0.0,0.2,Train006,10.0
97,3,3,0.00020833333333333335,0.0,7.619293860163296,1.6053908656491223,1.8911949491494238,-0.2940947048652992,1.91392529402746,-7.104853492035493,0.6690561911489706,49.75375402453369,1.0986122886651097,0,0,2.8,0.00019444444444444443,0.2,8.41902795862929,2.019674286163604,1.1145617566245964,-0.24816845074454355,2.1835946760788216,-3.719958573953427,0.7332347375258969,59.92071504472911,1.0175192670436768,0.2,0.0,Train006,10.0
97,4,0,0.0,0.0,0.0,0.0,0.0,0.0,0.0,0.0,0.0,0.0,0.0,0,0,0.0,0.0,0.0,0.0,0.0,0.0,0.0,0.0,0.0,0.0,0.0,0.0,0.0,0.0,Train006,10.0
97,5,1,6.944444444444444e-05,0.0,9.51027392532024,0.0,9.467854088071764,-0.8972452850858699,9.51027392532024,-8.172678814703058,1.1102230246251565e-16,0.0,-1.000088900581841e-12,0,0,1.0,6.944444444444444e-05,0.0,10.044418409817014,0.0,10.011816054403129,-0.7742310112966587,10.044418409817014,0.01948301210921528,6.661338147750939e-17,0.0,-1.000088900581841e-12,0.0,0.0,Train006,10.0
98,0,1,6.944444444444444e-05,0.0,8.165133575381422,0.0,-8.157439867101749,0.354374263230275,8.165133575381422,-8.453864450131405,0.0,0.0,-1.000088900581841e-12,0,0,1.0,6.944444444444444e-05,0.2,9.757982155387296,0.0,-9.748552075948156,0.42885177342059616,9.757982155387296,-5.865410918175037,0.0,0.0,-1.000088900581841e-12,0.2,0.0,Train006,10.0
98,1,2,0.0001388888888888889,0.0,7.604233474804179,0.9962403938151692,1.0149278301423976,-0.36886766082927747,1.0798804802399284,-7.320534730085098,0.9447238770891593,21.3679851068335,0.6931471805579453,0,0,2.0,0.0001388888888888889,0.0,8.74139433827179,1.0427038960340762,1.060716244695587,-0.39121679463071496,1.1305853430297403,1.3602950827683329,0.9493581929601482,22.328462375673087,0.6931471805579453,0.0,0.0,Train006,10.0
98,2,0,0.0,0.0,0.0,0.0,0.0,0.0,0.0,0.0,0.0,0.0,0.0,0,0,0.0,0.0,-0.2,0.0,0.0,0.0,0.0,0.0,0.0,0.0,0.0,0.0,0.0,0.2,Train006,10.0
98,3,3,0.00020833333333333335,0.0,6.922517233421117,1.4519286470238746,1.7241470862423662,-0.26630406931310197,1.7445919386294202,-6.967766267421801,0.6691013087043141,49.753804135875335,1.0986122886651097,0,0,3.0,0.00020833333333333335,0.2,8.22371132108492,1.7866173623921437,1.9824981374308404,-0.3240883337361455,2.008915576476488,-3.5593780210319195,0.6687633959533947,49.59971780940148,1.0986122886651097,0.2,0.0,Train006,10.0
98,4,0,0.0,0.0,0.0,0.0,0.0,0.0,0.0,0.0,0.0,0.0,0.0,0,0,0.0,0.0,0.0,0.0,0.0,0.0,0.0,0.0,0.0,0.0,0.0,0.0,0.0,0.0,Train006,10.0
98,5,1,6.944444444444444e-05,0.0,8.666431365869478,0.0,8.627145685611197,-0.8242511380437484,8.666431365869478,-8.438425594507617,0.0,0.0,-1.000088900581841e-12,0,0,1.0,6.944444444444444e-05,0.0,10.048880192567562,0.0,10.009123068425591,-0.8898060287012562,10.048880192567562,0.044617827505479116,6.661338147750939e-17,0.0,-1.000088900581841e-12,0.0,0.0,Train006,10.0
99,0,1,6.944444444444444e-05,0.0,9.188261419398238,0.0,-9.182684480175125,0.32008381520005674,9.188261419398238,10.231278440168161,0.0,0.0,-1.000088900581841e-12,0,0,1.0,6.944444444444444e-05,0.0,9.376066632373156,0.0,-9.367768234491214,0.3930186667192046,9.376066632373156,-3.819155230141405,0.0,0.0,-1.000088900581841e-12,0.0,0.0,Train006,10.0
99,1,2,0.0001388888888888889,0.0,9.099408763814761,0.4818010607952532,0.48346911491148514,-0.04152533130541758,0.48524915065697904,14.951752890105814,0.9936450774153831,16.72009523483505,0.6931471805579453,0,0,2.0,0.0001388888888888889,0.0,8.713913085166368,0.964390635991444,0.980373709851673,-0.33143576004677744,1.0379575805977326,-0.2748125310542367,0.9561278948400975,20.72179341266162,0.6931471805579453,0.0,0.0,Train006,10.0
99,2,1,6.944444444444444e-05,1.0,12.669700702542844,0.0,-12.669228360512289,-0.10940128521073449,12.669700702542844,0.0,1.1102230246251565e-16,0.0,-1.000088900581841e-12,1,0,0.2,1.388888888888889e-05,0.2,2.5339401405085686,0.0,-2.5338456721024576,-0.021880257042146897,2.5339401405085686,0.0,2.2204460492503132e-17,0.0,-2.000177801163682e-13,0.2,0.0,Train006,10.0
99,3,3,0.00020833333333333335,0.0,8.711045085655408,1.205666822310614,2.0580612824654607,-0.3383784928471784,2.0856932293136747,17.885278522342922,0.6659496382831194,51.69325572694282,1.0986122886651097,0,0,3.0,0.00020833333333333335,0.0,8.108986881762442,1.5970903071217002,1.9741594439185135,-0.3152296488224432,1.9991861955843508,-1.147244393224773,0.6683486230671569,50.1011721956699,1.0986122886651097,0.0,0.0,Train006,10.0
99,4,0,0.0,0.0,0.0,0.0,0.0,0.0,0.0,0.0,0.0,0.0,0.0,0,0,0.0,0.0,0.0,0.0,0.0,0.0,0.0,0.0,0.0,0.0,0.0,0.0,0.0,0.0,Train006,10.0
99,5,2,0.0001388888888888889,1.0,6.270463232682402,6.270463232682402,6.269944706583727,-0.08063825893787353,6.270463232682402,38.74495099495326,2.067357065105302e-05,61.054513476953055,0.6931471805579453,1,0,1.2,8.333333333333333e-05,0.2,9.140869455884285,1.2540926465364803,9.107115067290357,-0.7435507261246602,9.140869455884285,3.4608190985320313,4.134714130255013e-06,12.210902695390612,0.13862943611078898,0.2,0.0,Train006,10.0
100,0,1,6.944444444444444e-05,0.0,8.988890706313104,0.0,-8.984244064422706,0.2889891363485534,8.988890706313104,-1.993707130851341,1.1102230246251565e-16,0.0,-1.000088900581841e-12,0,0,1.0,6.944444444444444e-05,0.0,9.045335939504954,0.0,-9.03816932205143,0.357168597931565,9.045335939504954,-3.307306928682035,2.2204460492503132e-17,0.0,-1.000088900581841e-12,0.0,0.0,Train006,10.0
100,1,2,0.0001388888888888889,0.0,9.086395456299805,0.2726908104508192,0.27055912982463237,0.07451680710835049,0.28063320771620276,-0.13013307514954775,0.9927008953155396,15.040417621498777,0.6931471805579453,0,0,2.0,0.0001388888888888889,0.0,8.631406235614175,0.7945978400075944,0.8063769694752481,-0.2322569474226627,0.8509055435655635,-0.8250684955219014,0.9646198158720853,19.238007171522703,0.6931471805579453,0.0,0.0,Train006,10.0
100,2,1,6.944444444444444e-05,0.0,12.203983784743695,0.0,-12.203594761439106,-0.0974428902643912,12.203983784743695,-4.657169177991491,1.1102230246251565e-16,0.0,-1.000088900581841e-12,0,0,0.4,2.777777777777778e-05,0.2,4.974736897457308,0.0,-4.974564624390279,-0.04136883509502513,4.974736897457308,-0.9314338355983004,4.4408920985006264e-17,0.0,-4.000355602327364e-13,0.2,0.0,Train006,10.0
100,3,3,0.00020833333333333335,0.0,8.821775914501398,1.1080722676813082,2.0515603026914495,-0.34339600621201277,2.0801010775108484,1.107308288459894,0.6654048347592891,52.4276759975856,1.0986122886651097,0,0,3.0,0.00020833333333333335,0.0,8.080882260621612,1.428583237285683,1.954511977481319,-0.31316258057234414,1.979465399149283,-0.28104621140828867,0.6676921084320415,50.66944491973909,1.0986122886651097,0.0,0.0,Train006,10.0
100,4,0,0.0,0.0,0.0,0.0,0.0,0.0,0.0,0.0,0.0,0.0,0.0,0,0,0.0,0.0,0.0,0.0,0.0,0.0,0.0,0.0,0.0,0.0,0.0,0.0,0.0,0.0,Train006,10.0
100,5,2,0.0001388888888888889,0.0,6.579615830251741,6.579615830251741,6.579499375641614,0.03914638720125565,6.579615830251741,3.09152597569339,4.424835384653214e-06,59.36975233113177,0.6931471805579453,0,0,1.4,9.722222222222222e-05,0.2,8.270865232182881,2.5700158125868287,8.24554202738077,-0.543653081837558,8.270865232182881,3.840884228350774,5.019681207163451e-06,24.084853161616966,0.27725887222257806,0.2,0.0,Train006,10.0
101,0,1,6.944444444444444e-05,0.0,8.381113099405624,0.0,-8.37705036914317,0.2609289134359099,8.381113099405624,-6.077776069074794,1.1102230246251565e-16,0.0,-1.000088900581841e-12,0,0,1.0,6.944444444444444e-05,0.0,8.746783764178591,0.0,-8.740684518106166,0.32320745356798986,8.746783764178591,-2.985521753263626,4.4408920985006264e-17,0.0,-1.000088900581841e-12,0.0,0.0,Train006,10.0
101,1,2,0.0001388888888888889,0.0,8.547028944993087,0.18387399186915498,0.180735752003498,0.11039661846491632,0.21178485644813758,-5.393665113067172,0.9877020581763792,14.463854494763327,0.6931471805579453,0,0,2.0,0.0001388888888888889,0.0,8.534670717544904,0.6031016405441151,0.6101298323629789,-0.12524863257587404,0.6458356804029363,-0.967355180692725,0.972816148821423,17.79994474217649,0.6931471805579453,0.0,0.0,Train006,10.0
101,2,1,6.944444444444444e-05,0.0,11.348840837264307,0.0,-11.348499952176283,-0.08796126995952834,11.348840837264307,-8.551429474793881,0.0,0.0,-1.000088900581841e-12,0,0,0.6,4.1666666666666665e-05,0.2,7.244505064910169,0.0,-7.2442646148255365,-0.058961089086930804,7.244505064910169,-2.6417197305570768,4.4408920985006264e-17,0.0,-6.000533403491046e-13,0.2,0.0,Train006,10.0
101,3,3,0.00020833333333333335,0.0,8.340123432943534,1.0184659777803189,1.927588743270255,-0.32487173881996406,1.9547736467085155,-4.816524815578645,0.665250238179196,52.69156821903915,1.0986122886651097,0,0,3.0,0.00020833333333333335,0.0,8.08295110533695,1.2779049160890477,1.9305104727637912,-0.31340900241151126,1.9558170372379837,0.020688447153375124,0.6669524422149778,51.264011620795316,1.0986122886651097,0.0,0.0,Train006,10.0
101,4,0,0.0,0.0,0.0,0.0,0.0,0.0,0.0,0.0,0.0,0.0,0.0,0,0,0.0,0.0,0.0,0.0,0.0,0.0,0.0,0.0,0.0,0.0,0.0,0.0,0.0,0.0,Train006,10.0
101,5,2,0.0001388888888888889,0.0,6.299819979651454,6.299819979651454,6.299332017915819,0.07840857144637907,6.299819979651454,-2.797958506002871,1.936430174898085e-05,58.77279452370926,0.6931471805579453,0,0,1.6,0.00011111111111111112,0.2,7.465320866755063,3.829979808517119,7.448755174764824,-0.3369159446839714,7.465320866755063,4.485482811086619,8.892541556959622e-06,35.83941206635882,0.4158883083343672,0.2,0.0,Train006,10.0
102,0,1,6.944444444444444e-05,0.0,7.670214117360423,0.0,-7.666593641867598,0.23564069391863354,7.670214117360423,-7.10898982045201,1.1102230246251565e-16,0.0,-1.000088900581841e-12,0,0,1.0,6.944444444444444e-05,0.0,8.478722583571763,0.0,-8.473602484542068,0.2920033644266858,8.478722583571763,-2.6806118060682778,6.661338147750939e-17,0.0,-1.000088900581841e-12,0.0,0.0,Train006,10.0
102,1,2,0.0001388888888888889,0.0,7.856417370097994,0.14219659289101072,0.13891787703040892,0.11634447121587618,0.18120213172349176,-6.906115748950943,0.9857018815090388,14.298451967241615,0.6931471805579453,0,0,2.0,0.0001388888888888889,0.0,8.438696802001965,0.41536056996428145,0.4177219407824844,-0.021827019069110446,0.44774996535694794,-0.9597391554293881,0.9808947579011,16.378160885034454,0.6931471805579453,0.0,0.0,Train006,10.0
102,2,1,6.944444444444444e-05,0.0,10.382367347585248,0.0,-10.382063181812,-0.07947219053225611,10.382367347585248,-9.664734896790588,0.0,0.0,-1.000088900581841e-12,0,0,0.8,5.555555555555556e-05,0.2,9.32097853442722,0.0,-9.320677251187936,-0.07485552719338202,9.32097853442722,-4.574666709915194,4.4408920985006264e-17,0.0,-8.000711204654728e-13,0.2,0.0,Train006,10.0
102,3,3,0.00020833333333333335,0.0,7.681131076261038,0.9289281514193987,1.77041147288753,-0.29927530610586456,1.7955284715583186,-6.589923566824953,0.6651954552623955,52.77538791728565,1.0986122886651097,0,0,3.0,0.00020833333333333335,0.0,8.095318548556499,1.1426123732431028,1.906353777511412,-0.3144451226596244,1.9321376727441553,0.12367443219548306,0.6661802950376629,51.86833839934572,1.0986122886651097,0.0,0.0,Train006,10.0
102,4,0,0.0,0.0,0.0,0.0,0.0,0.0,0.0,0.0,0.0,0.0,0.0,0,0,0.0,0.0,0.0,0.0,0.0,0.0,0.0,0.0,0.0,0.0,0.0,0.0,0.0,0.0,Train006,10.0
102,5,2,0.0001388888888888889,0.0,5.831675968844036,5.831675968844036,5.831020776724295,0.08741456973879473,5.831675968844036,-4.681440108074177,2.8088036994056154e-05,58.58503123431517,0.6931471805579453,0,0,1.8,0.000125,0.2,6.729601275459823,4.996315002285927,6.721388512495329,-0.1399839737190385,6.729601275459823,5.1837305524123956,1.4510148955748647e-05,47.55641831322185,0.5545177444461562,0.2,0.0,Train006,10.0
103,0,1,6.944444444444444e-05,0.0,6.967211209706914,0.0,-6.963959090034402,0.21285166899252086,6.967211209706914,-7.030029076535094,1.1102230246251565e-16,0.0,-1.000088900581841e-12,0,0,1.0,6.944444444444444e-05,0.0,8.23913811043686,0.0,-8.2349063291286,0.2636988455791349,8.23913811043686,-2.3958447313490154,8.881784197001253e-17,0.0,-1.000088900581841e-12,0.0,0.0,Train006,10.0
103,1,2,0.0001388888888888889,0.0,7.153954446603077,0.11935332000934373,0.11622254693831557,0.11155480886469579,0.16109672807871603,-7.024629234949171,0.9848735857408666,14.284658078126803,0.6931471805579453,0,0,2.0,0.0001388888888888889,0.0,8.348640996361745,0.23998315520311636,0.23798088414166801,0.07425747486968422,0.2639932149247054,-0.9005580564022029,0.9889246996314414,14.961495479293115,0.6931471805579453,0.0,0.0,Train006,10.0
103,2,1,6.944444444444444e-05,0.0,9.430518679997645,0.0,-9.430245307799716,-0.07180535151344472,9.430518679997645,-9.51848667587603,0.0,0.0,-1.000088900581841e-12,0,0,1.0,6.944444444444444e-05,0.2,11.207082270426747,0.0,-11.206726312747879,-0.08921659749607097,11.207082270426747,-6.4783640450904,4.4408920985006264e-17,0.0,-1.000088900581841e-12,0.2,0.0,Train006,10.0
103,3,3,0.00020833333333333335,0.0,6.9995359479729835,0.8434292492998277,1.6111429433531628,-0.2727385177125703,1.634064834381042,-6.815951282880552,0.6651739691921714,52.79160191696073,1.0986122886651097,0,0,3.0,0.00020833333333333335,0.0,8.110722291466873,1.0209124936982934,1.8837529489335716,-0.31573201233951803,1.9100322518944801,0.15403742910373291,0.6653948271352343,52.475897955562786,1.0986122886651097,0.0,0.0,Train006,10.0
103,4,0,0.0,0.0,0.0,0.0,0.0,0.0,0.0,0.0,0.0,0.0,0.0,0,0,0.0,0.0,0.0,0.0,0.0,0.0,0.0,0.0,0.0,0.0,0.0,0.0,0.0,0.0,Train006,10.0
103,5,2,0.0001388888888888889,0.0,5.325691194550801,5.325691194550801,5.3250065898226575,0.08539038623413561,5.325691194550801,-5.059847742932346,3.213741202889864e-05,58.54983446509293,0.6931471805579453,0,0,2.0,0.0001388888888888889,0.2,6.061453241196086,6.061453241196086,6.060960693337622,0.0419443311365383,6.061453241196086,5.85944612272745,2.0937631361528376e-05,59.26638520624043,0.6931471805579453,0.2,0.0,Train006,10.0
104,0,1,6.944444444444444e-05,0.0,8.39115524200082,0.0,-8.388951321407148,0.19230710444265625,8.39115524200082,14.239440322939068,0.0,0.0,-1.000088900581841e-12,0,0,1.0,6.944444444444444e-05,0.0,8.079716874957377,0.0,-8.076159697375004,0.23814350342765483,8.079716874957377,-1.5942123547948341,8.881784197001253e-17,0.0,-1.000088900581841e-12,0.0,0.0,Train006,10.0
104,1,0,0.0,-2.0,0.0,0.0,0.0,0.0,0.0,0.0,0.0,0.0,0.0,0,2,1.6,0.00011111111111111112,-0.4,6.528759243598794,0.14362294304406573,0.14128706115937098,0.08256254113076773,0.16694338479330964,-3.890908634423366,0.7901956841483649,11.617476432326105,0.5545177444463564,0.0,0.4,Train006,10.0
104,2,1,6.944444444444444e-05,0.0,11.045267887634255,0.0,-10.911570656931955,1.7133500834289561,11.045267887634255,16.1474920763661,0.0,0.0,-1.000088900581841e-12,0,0,1.0,6.944444444444444e-05,0.0,10.882195707445032,0.0,-10.855194772031812,0.2753336762318671,10.882195707445032,-3.2488656298171805,2.2204460492503132e-17,0.0,-1.000088900581841e-12,0.0,0.0,Train006,10.0
104,3,2,0.0001388888888888889,-1.0,9.161313447461856,0.3495484441981098,0.35249371296544485,0.0521901207896506,0.3563363949812084,16.680761277418675,0.9924387276961407,90.40703784927936,0.6931471805579453,0,1,2.8,0.00019444444444444446,-0.2,8.20077596382816,0.8496888180757927,1.5426394350335684,-0.2376182896121522,1.5641608850279867,-0.08686601988111634,0.7306926450178386,60.2186543800301,1.0175192670436768,0.0,0.2,Train006,10.0
104,4,1,6.944444444444444e-05,1.0,7.81422328183376,0.0,7.809975347302151,-0.25762486853062433,7.81422328183376,18.020900773547872,1.1102230246251565e-16,0.0,-1.000088900581841e-12,1,0,0.2,1.388888888888889e-05,0.2,1.562844656366752,0.0,1.5619950694604303,-0.05152497370612487,1.562844656366752,3.6041801547095744,2.2204460492503132e-17,0.0,-2.000177801163682e-13,0.2,0.0,Train006,10.0
104,5,2,0.0001388888888888889,0.0,11.346176893266817,0.9836467996845357,1.0805172490275403,-1.2310160650276638,1.637961561759688,60.204856987160156,0.8841313544271461,52.62545500887179,0.6931471805579453,0,0,2.0,0.0001388888888888889,0.0,7.076595973312971,5.004089954596513,5.023075201826385,-0.18813123008141974,5.134952907011543,10.151427321168828,0.17684307380266054,57.580573512624184,0.6931471805579453,0.0,0.0,Train006,10.0
105,0,1,6.944444444444444e-05,0.0,8.385655842914687,0.0,-8.383855044696272,0.17377717148729205,8.385655842914687,-0.05499399086133394,0.0,0.0,-1.000088900581841e-12,0,0,1.0,6.944444444444444e-05,0.0,7.959069902277693,0.0,-7.956081893429719,0.21510111045540253,7.959069902277693,-1.2064697267968327,6.661338147750939e-17,0.0,-1.000088900581841e-12,0.0,0.0,Train006,10.0
105,1,0,0.0,0.0,0.0,0.0,0.0,0.0,0.0,0.0,0.0,0.0,0.0,0,0,1.2,8.333333333333333e-05,-0.4,4.711480152338831,0.08908478095390189,0.0871752351944445,0.06765917970909763,0.11081674325006907,-3.8648820193934563,0.5916555050852569,8.609392908026347,0.41588830833476714,0.0,0.4,Train006,10.0
105,2,1,6.944444444444444e-05,0.0,11.007042304160851,0.0,-10.77861220690262,2.23080684479774,11.007042304160851,-0.38225583473403546,0.0,0.0,-1.000088900581841e-12,0,0,1.0,6.944444444444444e-05,0.0,10.64280741132846,0.0,-10.570198261124514,0.7409836232442935,10.64280741132846,-2.3938829611656893,0.0,0.0,-1.000088900581841e-12,0.0,0.0,Train006,10.0
105,3,2,0.0001388888888888889,0.0,9.204203266823026,0.6462894907504335,0.6563838618341329,0.16025917816239826,0.6756646936621576,0.42889819361169756,0.9785372331294817,92.28935228374422,0.6931471805579453,0,0,2.6,0.00018055555555555555,-0.2,8.277261434292488,0.7573322626896177,1.263604146862105,-0.13688725273727,1.2832736082582483,-0.2225480388507556,0.793319124691877,68.19098963726182,0.936426245422244,0.0,0.2,Train006,10.0
105,4,1,6.944444444444444e-05,0.0,7.979523694507117,0.0,7.976093917772813,-0.23393205438344636,7.979523694507117,1.6530041267335704,1.1102230246251565e-16,0.0,-1.000088900581841e-12,0,0,0.4,2.777777777777778e-05,0.2,3.1587493952681753,0.0,3.157213853014993,-0.09831138458281415,3.1587493952681753,3.9347809800562885,4.4408920985006264e-17,0.0,-4.000355602327364e-13,0.2,0.0,Train006,10.0
105,5,2,0.0001388888888888889,0.0,11.507489797322712,0.6846965341818523,0.7820756688056107,-1.3676933888718972,1.57550866633657,1.6131290405589649,0.8764745287128218,50.59911312385408,0.6931471805579453,0,0,2.0,0.0001388888888888889,0.0,8.062170766727164,3.825106095382536,3.8635904604591844,-0.4694991852960503,4.13413147422851,9.855747934141943,0.352137094578148,55.82644567116864,0.6931471805579453,0.0,0.0,Train006,10.0
106,0,1,6.944444444444444e-05,0.0,7.88648822178791,0.0,-7.88492420114383,0.15705672419783961,7.88648822178791,-4.991676211267775,0.0,0.0,-1.000088900581841e-12,0,0,1.0,6.944444444444444e-05,0.0,7.860144926754151,0.0,-7.857656659829852,0.19432667260778852,7.860144926754151,-0.9892497552354289,4.4408920985006264e-17,0.0,-1.000088900581841e-12,0.0,0.0,Train006,10.0
106,1,0,0.0,0.0,0.0,0.0,0.0,0.0,0.0,0.0,0.0,0.0,0.0,0,0,0.8,5.5555555555555545e-05,-0.4,3.0020743633402143,0.05230998258007089,0.0510280847937449,0.04557985601611437,0.06845977196044156,-2.786148996780022,0.3941150934499811,5.716622009073683,0.27725887222317813,0.0,0.4,Train006,10.0
106,2,1,6.944444444444444e-05,0.0,10.34817410900988,0.0,-10.094316138387567,2.278045014627836,10.34817410900988,-6.5886819515097095,0.0,0.0,-1.000088900581841e-12,0,0,1.0,6.944444444444444e-05,0.0,10.442674065677576,0.0,-10.31936149836677,1.2141848801617663,10.442674065677576,-2.001333456508855,0.0,0.0,-1.000088900581841e-12,0.0,0.0,Train006,10.0
106,3,2,0.0001388888888888889,0.0,8.676840464602428,0.7100857622827972,0.7225701773503932,0.18833680077491607,0.7467117326802286,-5.273628022205967,0.9732889021678623,92.94696239479048,0.6931471805579453,0,0,2.4,0.00016666666666666666,-0.2,8.344604840624267,0.6956562195901134,1.0226004336781327,-0.03424554481829397,1.041661225452591,-0.3139686801762201,0.8549268574896104,76.2420684724121,0.855333223800811,0.0,0.2,Train006,10.0
106,4,1,6.944444444444444e-05,0.0,7.566847321030353,0.0,7.563878919590593,-0.21192939757682241,7.566847321030353,-4.1267637347676445,1.1102230246251565e-16,0.0,-1.000088900581841e-12,0,0,0.6,4.1666666666666665e-05,0.2,4.672118859474246,0.0,4.669989636933112,-0.14069726409817862,4.672118859474246,3.1094282331027596,6.661338147750939e-17,0.0,-6.000533403491046e-13,0.2,0.0,Train006,10.0
106,5,2,0.0001388888888888889,0.0,10.472209078897668,0.9546859524791707,1.038121227939861,-1.253417947315294,1.627498766374786,-10.35280718425045,0.8736094245849948,49.937861984518285,0.6931471805579453,0,0,2.0,0.0001388888888888889,0.0,8.896648586576408,2.7560792899480795,2.8113483024639927,-0.735864489048385,3.199667231573176,8.34477819849243,0.5268551066347971,54.05945916333045,0.6931471805579453,0.0,0.0,Train006,10.0
107,0,1,6.944444444444444e-05,0.0,7.246487029997146,0.0,-7.245096325603404,0.14196305380241134,7.246487029997146,-6.400011917907635,1.1102230246251565e-16,0.0,-1.000088900581841e-12,0,0,1.0,6.944444444444444e-05,0.0,7.7753995092814945,0.0,-7.773357196577011,0.17559114458454406,7.7753995092814945,-0.847454174726554,4.4408920985006264e-17,0.0,-1.000088900581841e-12,0.0,0.0,Train006,10.0
107,1,0,0.0,0.0,0.0,0.0,0.0,0.0,0.0,0.0,0.0,0.0,0.0,0,0,0.4,2.777777777777778e-05,-0.4,1.4307908893206154,0.023870664001868748,0.023244509387663113,0.022310961772939127,0.0322193456157432,-1.4049258469898331,0.19697471714817333,2.856931615625361,0.13862943611158907,0.0,0.4,Train006,10.0
107,2,1,6.944444444444444e-05,0.0,9.508469721294137,0.0,-9.259964778316617,2.1596408833653613,9.508469721294137,-8.397043877157433,0.0,0.0,-1.000088900581841e-12,0,0,1.0,6.944444444444444e-05,0.0,10.267894540419354,0.0,-10.094941817667694,1.6620074949412895,10.267894540419354,-1.747795252582224,0.0,0.0,-1.000088900581841e-12,0.0,0.0,Train006,10.0
107,3,2,0.0001388888888888889,0.0,7.9823770154414975,0.6899256077006806,0.7025778502019508,0.18699734668513435,0.7270375803640932,-6.944634491609314,0.9711641790962111,93.14045743211098,0.6931471805579453,0,0,2.2,0.00015277777777777777,-0.2,8.40485402846036,0.6478557108463697,0.809033709141017,0.0630089857399058,0.8279630472137459,-0.38491086513309225,0.9161206022563734,84.31508237537716,0.7742402021793782,0.0,0.2,Train006,10.0
107,4,1,6.944444444444444e-05,0.0,6.977887635116876,0.0,6.975250891221623,-0.19180941798815546,6.977887635116876,-5.8895968591347625,0.0,0.0,-1.000088900581841e-12,0,0,0.8,5.555555555555556e-05,0.2,6.067696386497621,0.0,6.065039815177436,-0.17905914769580972,6.067696386497621,1.9315088612758071,6.661338147750939e-17,0.0,-8.000711204654728e-13,0.2,0.0,Train006,10.0
107,5,2,0.0001388888888888889,0.0,9.299319641901917,1.1889544323526247,1.2587652033257024,-1.1013352996450192,1.6725517269572805,-11.728894369957503,0.8724539379066433,49.76420683154704,0.6931471805579453,0,0,2.0,0.0001388888888888889,0.0,9.590177321187983,1.8275349826497969,1.8968971877842744,-0.9736144629251478,2.3678423831958253,6.9352873461157625,0.7013402766087269,52.29529428277683,0.6931471805579453,0.0,0.0,Train006,10.0
108,0,1,6.944444444444444e-05,0.0,6.5959580273946345,0.0,-6.5947094601186595,0.12833329954919082,6.5959580273946345,-6.505290026025117,0.0,0.0,-1.000088900581841e-12,0,0,1.0,6.944444444444444e-05,0.0,7.70114887281904,0.0,-7.699507270593864,0.15868747069587805,7.70114887281904,-0.7425063646245587,2.2204460492503132e-17,0.0,-1.000088900581841e-12,0.0,0.0,Train006,10.0
108,1,0,0.0,0.0,0.0,0.0,0.0,0.0,0.0,0.0,0.0,0.0,0.0,0,0,0.0,0.0,-0.4,0.0,0.0,0.0,0.0,0.0,0.0,0.0,0.0,0.0,0.0,0.4,Train006,10.0
108,2,1,6.944444444444444e-05,0.0,8.655424497543214,0.0,-8.423335776112989,1.9909263259915433,8.655424497543214,-8.530452237509234,0.0,0.0,-1.000088900581841e-12,0,0,1.0,6.944444444444444e-05,0.0,10.112875703928466,0.0,-9.893559911330351,2.0745538304422877,10.112875703928466,-1.5501883649088648,0.0,0.0,-1.000088900581841e-12,0.0,0.0,Train006,10.0
108,3,2,0.0001388888888888889,0.0,7.270885487678974,0.6419995754775778,0.6539763445296787,0.17552532902623114,0.6771219981171545,-7.114915277625231,0.9702801274420697,93.16146315441489,0.6931471805579453,0,0,2.0,0.0001388888888888889,-0.2,8.459123936401557,0.6075697760819198,0.6176003893763201,0.1526617550876661,0.6365744799609685,-0.4447036640820281,0.9771418339063531,92.38905462286799,0.6931471805579453,0.0,0.2,Train006,10.0
108,4,1,6.944444444444444e-05,0.0,6.362445361247833,0.0,6.360078537381667,-0.17352801849023106,6.362445361247833,-6.154422738690437,0.0,0.0,-1.000088900581841e-12,0,0,1.0,6.944444444444444e-05,0.2,7.340185458747188,0.0,7.337055522653769,-0.21376475139385592,7.340185458747188,0.7006243135377197,6.661338147750939e-17,0.0,-1.000088900581841e-12,0.2,0.0,Train006,10.0
108,5,2,0.0001388888888888889,0.0,8.228739052842972,1.3159736158506932,1.37468838439868,-0.9609791576834217,1.6772743054439818,-10.705805890589467,0.8719739341465194,49.76171470398074,0.6931471805579453,0,0,2.0,0.0001388888888888889,0.0,10.170786892846419,1.0255914669097752,1.106833546699479,-1.1828883717086591,1.6381590053744612,5.806095716584339,0.875728635955625,50.537670330554384,0.6931471805579453,0.0,0.0,Train006,10.0
109,0,1,6.944444444444444e-05,0.0,8.649729781792075,0.0,-8.639929434751318,0.4116365636560438,8.649729781792075,20.53771754397441,0.0,0.0,-1.000088900581841e-12,0,0,1.0,6.944444444444444e-05,0.0,7.752863780777291,0.0,-7.749702893262698,0.2025533625385556,7.752863780777291,0.5171490795825093,2.2204460492503132e-17,0.0,-1.000088900581841e-12,0.0,0.0,Train006,10.0
109,1,1,6.944444444444444e-05,1.0,7.009497370516413,0.0,-6.613503160941338,2.3226341355227316,7.009497370516413,0.0,0.0,0.0,-1.000088900581841e-12,1,0,0.2,1.388888888888889e-05,0.2,1.4018994741032826,0.0,-1.3227006321882677,0.4645268271045463,1.4018994741032826,0.0,0.0,0.0,-2.000177801163682e-13,0.2,0.0,Train006,10.0
109,2,0,0.0,-1.0,0.0,0.0,0.0,0.0,0.0,0.0,0.0,0.0,0.0,0,1,0.8,5.5555555555555545e-05,-0.2,7.903822126401616,0.0,-7.71124577994396,1.7318838137564962,7.903822126401616,-4.779686780182084,0.0,0.0,-8.000711204654728e-13,0.0,0.2,Train006,10.0
109,3,1,6.944444444444444e-05,-1.0,10.435863559328379,0.0,10.422396401824315,-0.5300013888260662,10.435863559328379,25.229784961718266,0.0,0.0,-1.000088900581841e-12,0,1,1.8,0.000125,-0.2,8.714033958774861,0.5376600872422979,2.631580927148094,0.03622345316452276,2.6524799128304024,1.2651010727778904,0.778654088367125,74.30764705301212,0.5545177444461562,0.0,0.2,Train006,10.0
109,4,1,6.944444444444444e-05,0.0,7.8349504311579405,0.0,7.833742356849257,0.1375825032765886,7.8349504311579405,14.725050699101079,0.0,0.0,-1.000088900581841e-12,0,0,1.0,6.944444444444444e-05,0.0,7.344330888612023,0.0,7.341808924563191,-0.13472327703241332,7.344330888612023,0.04145429864836103,4.4408920985006264e-17,0.0,-1.000088900581841e-12,0.0,0.0,Train006,10.0
109,5,2,0.0001388888888888889,0.0,10.751057455607686,0.0372144453547234,-0.04185346641069554,-0.38991956841722025,0.3921593840331537,25.223184027647136,0.9636880394363356,44.30909602637584,0.6931471805579453,0,0,2.0,0.0001388888888888889,0.0,10.05176300531459,0.8363049960438129,0.8823594036118317,-1.0146690723865706,1.3889985698291543,-1.1902388753182649,0.8916399729574629,48.8743985340552,0.6931471805579453,0.0,0.0,Train006,10.0
110,0,1,6.944444444444444e-05,0.0,8.851775938000655,0.0,-8.838450182794002,0.4855261299209874,8.851775938000655,2.0204615620857957,0.0,0.0,-1.000088900581841e-12,0,0,1.0,6.944444444444444e-05,0.0,7.846087799794485,0.0,-7.840621920882242,0.26490315422529465,7.846087799794485,0.9322401901719356,2.2204460492503132e-17,0.0,-1.000088900581841e-12,0.0,0.0,Train006,10.0
110,1,1,6.944444444444444e-05,0.0,6.640789933014153,0.0,-6.211986778707442,2.3476181962972724,6.640789933014153,-3.6870743750225987,0.0,0.0,-1.000088900581841e-12,0,0,0.4,2.777777777777778e-05,0.2,2.7300574607061128,0.0,-2.565097987929756,0.9340504663640008,2.7300574607061128,-0.7374148750045186,0.0,0.0,-4.000355602327364e-13,0.2,0.0,Train006,10.0
110,2,0,0.0,0.0,0.0,0.0,0.0,0.0,0.0,0.0,0.0,0.0,0.0,0,0,0.6,4.166666666666667e-05,-0.2,5.702413665569447,0.0,-5.555523338563434,1.285722444796948,5.702413665569447,-4.703235613235277,0.0,0.0,-6.000533403491046e-13,0.0,0.2,Train006,10.0
110,3,1,6.944444444444444e-05,0.0,10.69638715692897,0.0,10.679969798500776,-0.5924046877146758,10.69638715692897,2.605235976005922,0.0,0.0,-1.000088900581841e-12,0,0,1.6,0.00011111111111111112,-0.2,9.01247073679605,0.4084021890922111,4.636298114481423,-0.11430932001089207,4.6566244054837655,1.7003686292567353,0.5829466417412286,55.84977659626327,0.4158883083343671,0.0,0.2,Train006,10.0
110,4,1,6.944444444444444e-05,0.0,7.887238671031403,0.0,7.8836638522169515,0.23744076958473054,7.887238671031403,0.5228823987346232,0.0,0.0,-1.000088900581841e-12,0,0,1.0,6.944444444444444e-05,0.0,7.3258738839168815,0.0,7.323322911452019,-0.040448712238777954,7.3258738839168815,-0.18457004695142842,2.2204460492503132e-17,0.0,-1.000088900581841e-12,0.0,0.0,Train006,10.0
110,5,2,0.0001388888888888889,0.0,10.794022032893306,0.30533361024861794,-0.3104063505444481,-0.1897172950225272,0.36379218585476436,0.4296457728562153,0.9816697442118626,42.355236420552636,0.6931471805579453,0,0,2.0,0.0001388888888888889,0.0,9.909069452428708,0.760432411257166,0.66386299974182,-0.7790738536166965,1.1466552737327933,-1.4269355288588148,0.9126790160572712,47.22562319339491,0.6931471805579453,0.0,0.0,Train006,10.0
111,0,1,6.944444444444444e-05,0.0,8.399223804682753,0.0,-8.385355025463337,0.48247447402550653,8.399223804682753,-4.5255213331790145,0.0,0.0,-1.000088900581841e-12,0,0,1.0,6.944444444444444e-05,0.0,7.948634916373453,0.0,-7.940708085746143,0.32998670419082804,7.948634916373453,1.0254711657896878,2.2204460492503132e-17,0.0,-1.000088900581841e-12,0.0,0.0,Train006,10.0
111,1,1,6.944444444444444e-05,0.0,6.139228300970688,0.0,-5.7237733508689,2.220032152767713,6.139228300970688,-5.015616320434653,0.0,0.0,-1.000088900581841e-12,0,0,0.6,4.1666666666666665e-05,0.2,3.9579031209002506,0.0,-3.709852658103536,1.3780568969175433,3.9579031209002506,-1.7405381390914492,0.0,0.0,-6.000533403491046e-13,0.2,0.0,Train006,10.0
111,2,0,0.0,0.0,0.0,0.0,0.0,0.0,0.0,0.0,0.0,0.0,0.0,0,0,0.4,2.777777777777778e-05,-0.2,3.6327788437674697,0.0,-3.5366601108859212,0.8301134418713809,3.6327788437674697,-3.3854992229333356,0.0,0.0,-4.000355602327364e-13,0.0,0.2,Train006,10.0
111,3,1,6.944444444444444e-05,0.0,10.15626444603829,0.0,10.13973932451124,-0.5791320478282845,10.15626444603829,-5.4012271089068165,1.1102230246251565e-16,0.0,-1.000088900581841e-12,0,0,1.4,9.722222222222222e-05,-0.2,9.30835553308322,0.26638503663565166,6.519731943913593,-0.2678030897315322,6.538534948155378,1.6748488119165654,0.38828886130765616,37.26038411730517,0.27725887222257806,0.0,0.2,Train006,10.0
111,4,1,6.944444444444444e-05,0.0,7.441048340023069,0.0,7.436570534956511,0.2581067166439188,7.441048340023069,-4.461903310083342,0.0,0.0,-1.000088900581841e-12,0,0,1.0,6.944444444444444e-05,0.0,7.300714087715424,0.0,7.297861234525202,0.05355851060537029,7.300714087715424,-0.25159796201456786,0.0,0.0,-1.000088900581841e-12,0.0,0.0,Train006,10.0
111,5,2,0.0001388888888888889,0.0,10.061425776308319,0.26871637806485804,-0.272436125763722,-0.11623753246463413,0.2961969050726449,-7.325962565849888,0.987612067236944,41.6910213338573,0.6931471805579453,0,0,2.0,0.0001388888888888889,0.0,9.82691279191084,0.6232384963743034,0.40175152900110334,-0.5516377706465645,0.8803949014723649,-0.8215666051787025,0.9354795445876609,45.57625506326271,0.6931471805579453,0.0,0.0,Train006,10.0
112,0,1,6.944444444444444e-05,0.0,7.74652939613401,0.0,-7.733276479056991,0.4529377259980205,7.74652939613401,-6.526944085487436,0.0,0.0,-1.000088900581841e-12,0,0,1.0,6.944444444444444e-05,0.0,8.048643389600825,0.0,-8.03834411643686,0.3921816386299498,8.048643389600825,1.0000847322737276,0.0,0.0,-1.000088900581841e-12,0.0,0.0,Train006,10.0
112,1,1,6.944444444444444e-05,0.0,5.602925443913341,0.0,-5.2164439442143005,2.04486823705623,5.602925443913341,-5.363028570573469,0.0,0.0,-1.000088900581841e-12,0,0,0.8,5.555555555555556e-05,0.2,5.078488209682918,0.0,-4.753141446946396,1.7870305443287893,5.078488209682918,-2.8131438532061432,0.0,0.0,-8.000711204654728e-13,0.2,0.0,Train006,10.0
112,2,0,0.0,0.0,0.0,0.0,0.0,0.0,0.0,0.0,0.0,0.0,0.0,0,0,0.2,1.388888888888889e-05,-0.2,1.7310848995086427,0.0,-1.6846671552225978,0.39818526519830877,1.7310848995086427,-1.706090447501849,0.0,0.0,-2.000177801163682e-13,0.0,0.2,Train006,10.0
112,3,1,6.944444444444444e-05,0.0,9.370231757493274,0.0,9.354636312673861,-0.540391197873404,9.370231757493274,-7.860326885450153,0.0,0.0,-1.000088900581841e-12,0,0,1.2,8.333333333333333e-05,-0.2,9.585926481493576,0.12839991509551557,8.250143636407975,-0.41328079864323986,8.267173783581214,1.4917103331483976,0.19405602548841397,18.63229263088298,0.13862943611078898,0.0,0.2,Train006,10.0
112,4,1,6.944444444444444e-05,0.0,6.8479061031915,0.0,6.843338455486114,0.25007355276461624,6.8479061031915,-5.931422368315689,1.1102230246251565e-16,0.0,-1.000088900581841e-12,0,0,1.0,6.944444444444444e-05,0.0,7.274717781330348,0.0,7.2714787473781,0.1419351047559246,7.274717781330348,-0.2599630638507531,2.2204460492503132e-17,0.0,-1.000088900581841e-12,0.0,0.0,Train006,10.0
112,5,2,0.0001388888888888889,0.0,9.146348374553188,0.17203341578053077,-0.17496576898172655,-0.08686188999303984,0.1953407490733305,-9.150774017551297,0.989881184078682,41.504052921878774,0.6931471805579453,0,0,2.0,0.0001388888888888889,0.0,9.796318538441096,0.41985429305988464,0.11500533453961755,-0.3487430887161686,0.584952705895575,-0.30594253469746135,0.9589649938220688,43.92422428132906,0.6931471805579453,0.0,0.0,Train006,10.0
113,0,1,6.944444444444444e-05,0.0,7.063079176422442,0.0,-7.050819662106229,0.4159682017516837,7.063079176422442,-6.834502197115677,0.0,0.0,-1.000088900581841e-12,0,0,1.0,6.944444444444444e-05,0.0,8.142067619406387,0.0,-8.129566156834375,0.44970861907044846,8.142067619406387,0.9342422980556154,0.0,0.0,-1.000088900581841e-12,0.0,0.0,Train006,10.0
113,1,1,6.944444444444444e-05,0.0,5.084146139061934,0.0,-4.730631462652232,1.862704466066256,5.084146139061934,-5.187793048514067,0.0,0.0,-1.000088900581841e-12,0,0,1.0,6.944444444444444e-05,0.2,6.095317437495305,0.0,-5.699267739476842,2.1595714375420405,6.095317437495305,-3.8507024629089566,0.0,0.0,-1.000088900581841e-12,0.2,0.0,Train006,10.0
113,2,0,0.0,0.0,0.0,0.0,0.0,0.0,0.0,0.0,0.0,0.0,0.0,0,0,0.0,0.0,-0.2,0.0,0.0,0.0,0.0,0.0,0.0,0.0,0.0,0.0,0.0,0.2,Train006,10.0
113,3,1,6.944444444444444e-05,0.0,8.545253348626996,0.0,8.53089856629438,-0.4951004381106683,8.545253348626996,-8.249784088662775,0.0,0.0,-1.000088900581841e-12,0,0,1.0,6.944444444444444e-05,-0.2,9.84080005368318,0.0,9.825528080760915,-0.5474059520706197,9.840800053683182,1.2647365709408889,2.2204460492503132e-17,0.0,-1.000088900581841e-12,0.0,0.2,Train006,10.0
113,4,1,6.944444444444444e-05,0.0,6.238675072760824,0.0,6.234339191720219,0.2325543077832692,6.238675072760824,-6.092310304306761,0.0,0.0,-1.000088900581841e-12,0,0,1.0,6.944444444444444e-05,0.0,7.2499637236329475,0.0,7.24633087824581,0.22315157001062466,7.2499637236329475,-0.24754057697401777,2.2204460492503132e-17,0.0,-1.000088900581841e-12,0.0,0.0,Train006,10.0
113,5,2,0.0001388888888888889,0.0,8.244616345418013,0.08297019295290031,-0.08545989571707846,-0.07306597772383178,0.11243678613653721,-9.01732029135176,0.990795789534999,41.49068936382461,0.6931471805579453,0,0,2.0,0.0001388888888888889,0.0,9.799493996956102,0.1732536084803261,-0.17702432148353414,-0.17116045272425065,0.27198520203408616,0.031754585150079964,0.9827293648997646,42.27001921329783,0.6931471805579453,0.0,0.0,Train006,10.0
114,0,1,6.944444444444444e-05,0.0,8.47120754262865,0.0,-8.462742649342664,0.3786080840199063,8.47120754262865,14.081283662062072,1.1102230246251565e-16,0.0,-1.000088900581841e-12,0,0,1.0,6.944444444444444e-05,0.0,8.106363171573701,0.0,-8.094128799752644,0.4431029231432209,8.106363171573701,-0.35704447832685204,2.2204460492503132e-17,0.0,-1.000088900581841e-12,0.0,0.0,Train006,10.0
114,1,2,0.0001388888888888889,1.0,3.8435919059096717,0.21963488608482717,0.35657184584921575,0.024526246161490572,0.35741435058359217,-14.601891192370896,0.9265195798646222,11.587539641993448,0.6931471805579453,1,0,1.2,8.333333333333333e-05,0.2,5.462136344573958,0.04392697721696544,-4.305252738118732,1.6999498596697922,4.764900833508742,-6.771080701383136,0.18530391597292445,2.3175079283986895,0.13862943611078898,0.2,0.0,Train006,10.0
114,2,1,6.944444444444444e-05,1.0,0.0,0.0,0.0,0.0,0.0,0.0,0.0,0.0,-1.000088900581841e-12,1,0,0.2,1.388888888888889e-05,0.2,0.0,0.0,0.0,0.0,0.0,0.0,0.0,0.0,-2.000177801163682e-13,0.2,0.0,Train006,10.0
114,3,1,6.944444444444444e-05,0.0,9.520942769031455,0.0,9.51029250788988,-0.4502084245613361,9.520942769031455,9.756894204044588,0.0,0.0,-1.000088900581841e-12,0,0,1.0,6.944444444444444e-05,0.0,9.657815895623797,0.0,9.643107301974027,-0.5314473592176737,9.657815895623797,-1.8298415805938468,2.2204460492503132e-17,0.0,-1.000088900581841e-12,0.0,0.0,Train006,10.0
114,4,1,6.944444444444444e-05,0.0,7.717985529262038,0.0,7.717552363156031,-0.08176889288105109,7.717985529262038,14.793104565012145,1.1102230246251565e-16,0.0,-1.000088900581841e-12,0,0,1.0,6.944444444444444e-05,0.0,7.226570743253767,0.0,7.223092879507165,0.17928129077909677,7.226570743253767,-0.2339298037918045,4.4408920985006264e-17,0.0,-1.000088900581841e-12,0.0,0.0,Train006,10.0
114,5,2,0.0001388888888888889,0.0,11.194396679705434,0.32565690135017356,0.32429255992831685,-0.06488559990650025,0.33072013168249587,29.49780334287422,0.994848025729364,35.25244337249637,0.6931471805579453,0,0,2.0,0.0001388888888888889,0.0,9.888161841775652,0.23094209967941612,-0.10379511621573165,-0.10615365902210665,0.25969735156395457,0.8866784481954966,0.9889613621583703,40.45868868252194,0.6931471805579453,0.0,0.0,Train006,10.0
115,0,1,6.944444444444444e-05,0.0,8.460424366358508,0.0,-8.453455592894677,0.34332054676420753,8.460424366358508,-0.10783176270141581,0.0,0.0,-1.000088900581841e-12,0,0,1.0,6.944444444444444e-05,0.0,8.028092857245273,0.0,-8.017129881772778,0.4146618065118649,8.028092857245273,-0.7827031432842944,2.2204460492503132e-17,0.0,-1.000088900581841e-12,0.0,0.0,Train006,10.0
115,1,2,0.0001388888888888889,0.0,3.5511973023183505,0.2686302926579214,0.716799119552783,0.14458869476752745,0.7312365338563317,-2.9239460359132097,0.8079350389411925,12.737943018129648,0.6931471805579453,0,0,1.4,9.722222222222222e-05,0.2,4.844217818434798,0.09765303574854971,-2.9194955584666866,1.2593439593638434,3.5829901536771773,-6.618455033561259,0.34689092376116293,4.865096532024619,0.27725887222257806,0.2,0.0,Train006,10.0
115,2,1,6.944444444444444e-05,0.0,0.0,0.0,0.0,0.0,0.0,0.0,0.0,0.0,-1.000088900581841e-12,0,0,0.4,2.777777777777778e-05,0.2,0.0,0.0,0.0,0.0,0.0,0.0,0.0,0.0,-4.000355602327364e-13,0.2,0.0,Train006,10.0
115,3,1,6.944444444444444e-05,0.0,9.298669540764019,0.0,9.289709797833307,-0.40810182598511857,9.298669540764019,-2.2227322826743645,0.0,0.0,-1.000088900581841e-12,0,0,1.0,6.944444444444444e-05,0.0,9.378272372390807,0.0,9.365055301840533,-0.4945867868717622,9.378272372390807,-2.795435232329904,2.2204460492503132e-17,0.0,-1.000088900581841e-12,0.0,0.0,Train006,10.0
115,4,1,6.944444444444444e-05,0.0,7.779856810683508,0.0,7.777632342259851,-0.18602995288959562,7.779856810683508,0.6187128142147014,0.0,0.0,-1.000088900581841e-12,0,0,1.0,6.944444444444444e-05,0.0,7.205094371184188,0.0,7.2018865775157455,0.09458714628423151,7.205094371184188,-0.21476372069578886,4.4408920985006264e-17,0.0,-1.000088900581841e-12,0.0,0.0,Train006,10.0
115,5,2,0.0001388888888888889,0.0,11.495672913934921,0.5116103290549114,0.5105568060248507,-0.05883031574460351,0.5139350719973358,3.0127623422948613,0.9957483154242984,33.11235079320621,0.6931471805579453,0,0,2.0,0.0001388888888888889,0.0,10.028492017983975,0.2721974434406748,0.060397515098128095,-0.0799762631665219,0.28972592879246883,1.4033017620832258,0.9917770764008574,38.610111557052655,0.6931471805579453,0.0,0.0,Train006,10.0
116,0,1,6.944444444444444e-05,0.0,7.957880848124423,0.0,-7.951807875739125,0.31083613090938356,7.957880848124423,-5.025435182340843,1.1102230246251565e-16,0.0,-1.000088900581841e-12,0,0,1.0,6.944444444444444e-05,0.0,7.9398242659336065,0.0,-7.9304204518279375,0.38033413788864034,7.9398242659336065,-0.88268591311666,4.4408920985006264e-17,0.0,-1.000088900581841e-12,0.0,0.0,Train006,10.0
116,1,2,0.0001388888888888889,0.0,3.278725590527576,0.23994366481928475,0.8025218332228194,0.17544626477126601,0.8214759184671844,-2.7247171179077467,0.7597344741588057,13.166822783977079,0.6931471805579453,0,0,1.6,0.00011111111111111112,0.2,4.272117276346174,0.14564176871240667,-1.6142365216483427,0.8504267817645539,2.5194396771764764,-6.160275193055877,0.4988378185929241,7.498461088820035,0.4158883083343672,0.2,0.0,Train006,10.0
116,2,1,6.944444444444444e-05,0.0,0.0,0.0,0.0,0.0,0.0,0.0,0.0,0.0,-1.000088900581841e-12,0,0,0.6,4.1666666666666665e-05,0.2,0.0,0.0,0.0,0.0,0.0,0.0,0.0,0.0,-6.000533403491046e-13,0.2,0.0,Train006,10.0
116,3,1,6.944444444444444e-05,0.0,8.673652221508878,0.0,8.665780630884912,-0.3694440648674593,8.673652221508878,-6.2501731925514115,0.0,0.0,-1.000088900581841e-12,0,0,1.0,6.944444444444444e-05,0.0,9.081749927484925,0.0,9.070263563115267,-0.4526491902795972,9.081749927484925,-2.965224449058823,0.0,0.0,-1.000088900581841e-12,0.0,0.0,Train006,10.0
116,4,1,6.944444444444444e-05,0.0,7.34334973179101,0.0,7.340310465960004,-0.2112523294856964,7.34334973179101,-4.365070788924985,0.0,0.0,-1.000088900581841e-12,0,0,1.0,6.944444444444444e-05,0.0,7.185554649537776,0.0,7.1826345637164435,0.0007153370583084628,7.185554649537776,-0.19539721646411756,4.4408920985006264e-17,0.0,-1.000088900581841e-12,0.0,0.0,Train006,10.0
116,5,2,0.0001388888888888889,0.0,10.88693063807011,0.5821338241269505,0.5812344927640432,-0.053687251257238625,0.5837087086263425,-6.0874227586481044,0.9960585085516984,32.386976090112164,0.6931471805579453,0,0,2.0,0.0001388888888888889,0.0,10.193592990336333,0.3348809326530933,0.23113163880368112,-0.0674662069250428,0.3472282895032084,1.6510097235235826,0.9934663646638084,36.74930250830363,0.6931471805579453,0.0,0.0,Train006,10.0
117,0,1,6.944444444444444e-05,0.0,7.314404807033243,0.0,-7.308995876793976,0.28124180727562514,7.314404807033243,-6.434760410911808,1.1102230246251565e-16,0.0,-1.000088900581841e-12,0,0,1.0,6.944444444444444e-05,0.0,7.853399348113453,0.0,-7.845564331375334,0.3459949541441613,7.853399348113453,-0.8642491782015345,6.661338147750939e-17,0.0,-1.000088900581841e-12,0.0,0.0,Train006,10.0
117,1,2,0.0001388888888888889,0.0,2.993296707260484,0.20828654571357963,0.7829385895417043,0.1773438423836864,0.8027724916967217,-2.8542888326709215,0.7403649850670657,13.332145544018863,0.6931471805579453,0,0,1.8,0.000125,0.2,3.7501915290156034,0.1872990778551226,-0.4143600148971419,0.4769219028300453,1.5594090867331527,-5.6585272454753675,0.6469108156063372,10.164890197623809,0.5545177444461562,0.2,0.0,Train006,10.0
117,2,1,6.944444444444444e-05,0.0,0.0,0.0,0.0,0.0,0.0,0.0,0.0,0.0,-1.000088900581841e-12,0,0,0.8,5.555555555555556e-05,0.2,0.0,0.0,0.0,0.0,0.0,0.0,0.0,0.0,-8.000711204654728e-13,0.2,0.0,Train006,10.0
117,3,1,6.944444444444444e-05,0.0,7.945712181101839,0.0,7.938678175405206,-0.3342617122184443,7.945712181101839,-7.279400404070389,0.0,0.0,-1.000088900581841e-12,0,0,1.0,6.944444444444444e-05,0.0,8.796846012206638,0.0,8.787071935661537,-0.4114232931486053,8.796846012206638,-2.8490391527828702,0.0,0.0,-1.000088900581841e-12,0.0,0.0,Train006,10.0
117,4,1,6.944444444444444e-05,0.0,6.759327448510233,0.0,6.756139888754592,-0.20756049663399573,6.759327448510233,-5.8402228328077666,0.0,0.0,-1.000088900581841e-12,0,0,1.0,6.944444444444444e-05,0.0,7.167838918601523,0.0,7.165194850370139,-0.09081147282141393,7.167838918601523,-0.17715730936253316,2.2204460492503132e-17,0.0,-1.000088900581841e-12,0.0,0.0,Train006,10.0
117,5,2,0.0001388888888888889,0.0,10.010992254202819,0.5956724942492704,0.5948759339552838,-0.0490437977829911,0.5968941873566455,-8.759383838672923,0.9961804215036428,32.16984591800986,0.6931471805579453,0,0,2.0,0.0001388888888888889,0.0,10.36652176626626,0.41960874834684125,0.3850999793910832,-0.05990258848303305,0.4275389771598713,1.729287759299257,0.9947262121488005,34.88246110752984,0.6931471805579453,0.0,0.0,Train006,10.0
118,0,1,6.944444444444444e-05,0.0,6.660010801737829,0.0,-6.655150358496772,0.25439651150291126,6.660010801737829,-6.543940052954138,0.0,0.0,-1.000088900581841e-12,0,0,1.0,6.944444444444444e-05,0.0,7.772785673176531,0.0,-7.766430470653442,0.31368061609440684,7.772785673176531,-0.8061367493692266,6.661338147750939e-17,0.0,-1.000088900581841e-12,0.0,0.0,Train006,10.0
118,1,2,0.0001388888888888889,0.0,2.7158384544702603,0.18180469077838768,0.7282227744996892,0.1692707336586785,0.747636937673208,-2.774582527902232,0.7323752597181205,13.397054030359882,0.6931471805579453,0,0,2.0,0.0001388888888888889,0.2,3.276529992097268,0.22366001601080013,0.6774108325332423,0.1382351563485298,0.6921072464554076,-5.1758851413530005,0.7933858675499612,12.844301003695785,0.6931471805579453,0.2,0.0,Train006,10.0
118,2,1,6.944444444444444e-05,0.0,0.0,0.0,0.0,0.0,0.0,0.0,0.0,0.0,-1.000088900581841e-12,0,0,1.0,6.944444444444444e-05,0.2,0.0,0.0,0.0,0.0,0.0,0.0,0.0,0.0,-1.000088900581841e-12,0.2,0.0,Train006,10.0
118,3,1,6.944444444444444e-05,0.0,7.224960813208248,0.0,7.218631299644907,-0.30235891285300914,7.224960813208248,-7.207513678935911,1.1102230246251565e-16,0.0,-1.000088900581841e-12,0,0,1.0,6.944444444444444e-05,0.0,8.532787505122888,0.0,8.524618482331643,-0.3728749880970735,8.532787505122887,-2.6405850708374974,2.2204460492503132e-17,0.0,-1.000088900581841e-12,0.0,0.0,Train006,10.0
118,4,1,6.944444444444444e-05,0.0,6.158479985588227,0.0,6.155421957781599,-0.1940521954292521,6.158479985588227,-6.008474629220064,0.0,0.0,-1.000088900581841e-12,0,0,1.0,6.944444444444444e-05,0.0,7.151799901167003,0.0,7.149411403582415,-0.17613277346391817,7.151799901167003,-0.16039017434519387,2.2204460492503132e-17,0.0,-1.000088900581841e-12,0.0,0.0,Train006,10.0
118,5,2,0.0001388888888888889,0.0,9.101123859949247,0.5814413513488361,0.5807256125096663,-0.04476388150916744,0.5824483171170587,-9.098683942535706,0.9962307378856202,32.13776333635816,0.6931471805579453,0,0,2.0,0.0001388888888888889,0.0,10.537823269172506,0.5193029800260284,0.5183370810364322,-0.05424216924010018,0.5215412833559757,1.7130150290624688,0.9958132018189249,33.01187590203656,0.6931471805579453,0.0,0.0,Train006,10.0
119,0,1,6.944444444444444e-05,0.0,8.983156985156706,0.0,-8.982924714106288,-0.06459876676974191,8.983156985156706,23.23146183418877,1.1102230246251565e-16,0.0,-1.000088900581841e-12,0,0,1.0,6.944444444444444e-05,0.0,7.875175561682141,0.0,-7.870466883606167,0.22503924593647717,7.875175561682141,1.0238988850561128,6.661338147750939e-17,0.0,-1.000088900581841e-12,0.0,0.0,Train006,10.0
119,1,2,0.0001388888888888889,0.0,2.1495251638979798,0.191458955673648,0.9448959206492903,-0.13763206120582516,0.9548669462974587,-5.663132905722806,0.563062334999419,16.910801809248078,0.6931471805579453,0,0,2.0,0.0001388888888888889,0.0,2.9377166436949302,0.2180248299285643,0.7950756474932572,0.10580349487506664,0.8115977655981809,-3.388133484023382,0.7206944185769207,13.90895343714671,0.6931471805579453,0.0,0.0,Train006,10.0
119,2,2,0.0001388888888888889,1.0,5.871300771167407,1.6816907872690847,-5.582572758662425,-0.7792560568275166,5.6366974912498335,41.896099838983226,0.04360997443876702,99.60575640245554,0.6931471805579453,1,0,1.2,8.333333333333333e-05,0.2,1.1742601542334814,0.33633815745381695,-1.116514551732485,-0.15585121136550323,1.1273394982499667,8.379219967796644,0.008721994887753404,19.92115128049111,0.13862943611078898,0.2,0.0,Train006,10.0
119,3,1,6.944444444444444e-05,0.0,9.506316794087127,0.0,9.489329080984309,-0.5680603685599159,9.506316794087127,22.81355980878879,0.0,0.0,-1.000088900581841e-12,0,0,1.0,6.944444444444444e-05,0.0,8.529862310134021,0.0,8.520425796950528,-0.39644537689678944,8.529862310134021,-0.029251949888657692,2.2204460492503132e-17,0.0,-1.000088900581841e-12,0.0,0.0,Train006,10.0
119,4,0,0.0,-1.0,0.0,0.0,0.0,0.0,0.0,0.0,0.0,0.0,0.0,0,1,0.8,5.555555555555556e-05,-0.2,5.608202795314595,0.0,5.60590093095121,-0.15977899488770797,5.608202795314595,-3.119011087347623,0.0,0.0,-8.000711204654728e-13,0.0,0.2,Train006,10.0
119,5,2,0.0001388888888888889,0.0,10.991294066285313,0.1292205034451701,-0.13065889858028612,-0.032190789118911406,0.1345659491933666,18.90170206336066,0.9965833586289922,27.836670227870762,0.6931471805579453,0,0,2.0,0.0001388888888888889,0.0,10.497202746488483,0.4800157004450277,0.42734678933471154,-0.047703207082582424,0.4823104468581498,-0.40620522684024396,0.9961602683988504,31.528721273111433,0.6931471805579453,0.0,0.0,Train006,10.0
120,0,1,6.944444444444444e-05,0.0,9.262810528909027,0.0,-9.261223191723332,-0.17147561795721844,9.262810528909027,2.796535437523211,0.0,0.0,-1.000088900581841e-12,0,0,1.0,6.944444444444444e-05,0.0,8.035652794192245,0.0,-8.032020403371899,0.12208001299219196,8.035652794192245,1.6047723251010386,6.661338147750939e-17,0.0,-1.000088900581841e-12,0.0,0.0,Train006,10.0
120,1,2,0.0001388888888888889,0.0,2.205997161393028,0.41579588055161865,0.9653463626251564,-0.23499601058908348,0.993537480332979,0.5647199749504772,0.5834918047854509,18.297057315395957,0.6931471805579453,0,0,2.0,0.0001388888888888889,0.0,2.668676615509866,0.2474579475073037,0.8447850961077318,0.029886553803744453,0.8640579548935104,-2.690400281850645,0.6758057717457724,15.020776296599971,0.6931471805579453,0.0,0.0,Train006,10.0
120,2,2,0.0001388888888888889,0.0,5.766095344562716,1.3903992260052593,-5.462044099618254,-0.7544610083718799,5.513903985320028,-1.0520542660469134,0.04650278685801279,99.29713665563435,0.6931471805579453,0,0,1.4,9.722222222222222e-05,0.2,2.3274792231460246,0.6144180026548688,-2.208923371656136,-0.30674341303987923,2.2301202953139723,8.168809114587258,0.01802255225935596,39.780578611617976,0.27725887222257806,0.2,0.0,Train006,10.0
120,3,1,6.944444444444444e-05,0.0,9.738407081180108,0.0,9.718214951881016,-0.6267939277107828,9.738407081180108,2.3209028709298174,0.0,0.0,-1.000088900581841e-12,0,0,1.0,6.944444444444444e-05,0.0,8.617809818217241,0.0,8.60612682776007,-0.4401837972419223,8.61780981821724,0.8794750808321791,2.2204460492503132e-17,0.0,-1.000088900581841e-12,0.0,0.0,Train006,10.0
120,4,0,0.0,0.0,0.0,0.0,0.0,0.0,0.0,0.0,0.0,0.0,0.0,0,0,0.6,4.1666666666666665e-05,-0.2,4.052231433177894,0.0,4.0503744624992395,-0.12257300430978883,4.052231433177894,-3.2427536501905636,0.0,0.0,-6.000533403491046e-13,0.0,0.2,Train006,10.0
120,5,2,0.0001388888888888889,0.0,10.977846325666615,0.34516538655844897,-0.3468718687593588,-0.027373536399237314,0.3479502893110023,-0.13447740618698134,0.9959958945292081,26.403064943025125,0.6931471805579453,0,0,2.0,0.0001388888888888889,0.0,10.39363742883482,0.4467267119457352,0.25586105437786966,-0.04141185121350918,0.4491134903208831,-1.0356531765366124,0.9962097842198323,30.186864103075216,0.6931471805579453,0.0,0.0,Train006,10.0
121,0,1,6.944444444444444e-05,0.0,8.81427775637864,0.0,-8.812043335565868,-0.19845558369685654,8.81427775637864,-4.485327725303865,1.1102230246251565e-16,0.0,-1.000088900581841e-12,0,0,1.0,6.944444444444444e-05,0.0,8.20693217584309,0.0,-8.204067495337247,0.02022167007094395,8.20693217584309,1.7127938165084342,6.661338147750939e-17,0.0,-1.000088900581841e-12,0.0,0.0,Train006,10.0
121,1,2,0.0001388888888888889,0.0,2.1401720227470085,0.46569746730987194,0.9161190744275118,-0.2542234528255347,0.9507385142595507,-0.6582513864601935,0.6031995876911471,18.82020507111908,0.6931471805579453,0,0,2.0,0.0001388888888888889,0.0,2.440965901953752,0.2926087080054212,0.8675045443486704,-0.056047389715615695,0.8899104740519835,-2.277107135561134,0.6444987944522407,16.151452754028373,0.6931471805579453,0.0,0.0,Train006,10.0
121,2,2,0.0001388888888888889,0.0,5.228932458464505,1.3809619770931976,-4.942031007551322,-0.7433362194839093,4.997621355684659,-5.371628860982112,0.04763638835085482,99.21759406958974,0.6931471805579453,0,0,1.6,0.00011111111111111112,0.2,3.373265714838926,0.8906103980735083,-3.1973295731664004,-0.45541065693666105,3.2296445664509044,7.094483342390838,0.027549829929526926,59.62409742553592,0.4158883083343672,0.2,0.0,Train006,10.0
121,3,1,6.944444444444444e-05,0.0,9.245260354582655,0.0,9.225098176124227,-0.6102480355455774,9.245260354582655,-4.931467265974536,0.0,0.0,-1.000088900581841e-12,0,0,1.0,6.944444444444444e-05,0.0,8.732131444831996,0.0,8.717990336807933,-0.4883445913775459,8.732131444831996,1.143216266147554,2.2204460492503132e-17,0.0,-1.000088900581841e-12,0.0,0.0,Train006,10.0
121,4,0,0.0,0.0,0.0,0.0,0.0,0.0,0.0,0.0,0.0,0.0,0.0,0,0,0.4,2.7777777777777772e-05,-0.2,2.583561486819692,0.0,2.582312369307238,-0.08032253841264955,2.583561486819692,-2.369739492405566,0.0,0.0,-4.000355602327364e-13,0.0,0.2,Train006,10.0
121,5,2,0.0001388888888888889,0.0,10.313202371879338,0.3863487380714927,-0.3880877366103528,-0.024834348709045967,0.3888815194672396,-6.646439537872775,0.9957004240673994,25.926924401942447,0.6931471805579453,0,0,2.0,0.0001388888888888889,0.0,10.278891775596668,0.40756969473464366,0.06199660850299047,-0.035641270703870645,0.4101480524890625,-1.1474565323815464,0.9961381673229726,28.89485376544127,0.6931471805579453,0.0,0.0,Train006,10.0
122,0,1,6.944444444444444e-05,0.0,8.139299313346312,0.0,-8.13693608634837,-0.19612352974953032,8.139299313346312,-6.749784430323285,0.0,0.0,-1.000088900581841e-12,0,0,1.0,6.944444444444444e-05,0.0,8.371911077105702,0.0,-8.369655537248125,-0.07525139733408714,8.371911077105702,1.649789012626139,4.4408920985006264e-17,0.0,-1.000088900581841e-12,0.0,0.0,Train006,10.0
122,1,2,0.0001388888888888889,0.0,1.9964481833372258,0.45478904350583127,0.8453410837159762,-0.24540524876260905,0.8802416054347459,-1.437238394097824,0.6123102340706658,19.008669941995944,0.6931471805579453,0,0,2.0,0.0001388888888888889,0.0,2.2415961971691005,0.3419092075638715,0.8799850431835248,-0.1405972079448748,0.9054042967995886,-1.9936970478465146,0.6188878442529606,17.28675763362379,0.6931471805579453,0.0,0.0,Train006,10.0
122,2,2,0.0001388888888888889,0.0,4.649839644776334,1.3707884142246773,-4.388394525342223,-0.7132967506662257,4.445986815608498,-5.790928136881717,0.04811888399901221,99.19064051925145,0.6931471805579453,0,0,1.8,0.000125,0.2,4.303233643794192,1.1647680809184437,-4.075008478234845,-0.5980700070699062,4.1188419295726035,5.936297715014494,0.037173606729329366,79.46222552938622,0.5545177444461562,0.2,0.0,Train006,10.0
122,3,1,6.944444444444444e-05,0.0,8.529467394873274,0.0,8.510497033217506,-0.5685545600927924,8.529467394873274,-7.157929597093808,0.0,0.0,-1.000088900581841e-12,0,0,1.0,6.944444444444444e-05,0.0,8.848882487586282,0.0,8.832354108370392,-0.5352031609524155,8.848882487586284,1.16751042754287,2.2204460492503132e-17,0.0,-1.000088900581841e-12,0.0,0.0,Train006,10.0
122,4,0,0.0,0.0,0.0,0.0,0.0,0.0,0.0,0.0,0.0,0.0,0.0,0,0,0.2,1.388888888888889e-05,-0.2,1.2316959971176453,0.0,1.2310843915563199,-0.03881043908585042,1.2316959971176453,-1.2016949258440128,0.0,0.0,-2.000177801163682e-13,0.0,0.2,Train006,10.0
122,5,2,0.0001388888888888889,0.0,9.46625768161242,0.3691032867911872,-0.3707660135318358,-0.02294075689497488,0.3714750531559337,-8.469446902669171,0.9955692880017306,25.78943654174269,0.6931471805579453,0,0,2.0,0.0001388888888888889,0.0,10.169944861078587,0.362255853243027,-0.13113178099443346,-0.030420662526267406,0.36506422564892016,-1.089469145180796,0.9960159406225901,27.618771890187837,0.6931471805579453,0.0,0.0,Train006,10.0
123,0,1,6.944444444444444e-05,0.0,7.425507427741697,0.0,-7.423233353037196,-0.18375838974932293,7.425507427741697,-7.13791885604615,1.1102230246251565e-16,0.0,-1.000088900581841e-12,0,0,1.0,6.944444444444444e-05,0.0,8.525010402306476,0.0,-8.523272136156212,-0.16288237758453397,8.525010402306476,1.5309932520077365,6.661338147750939e-17,0.0,-1.000088900581841e-12,0.0,0.0,Train006,10.0
123,1,2,0.0001388888888888889,0.0,1.8292998151171922,0.4243616139163091,0.7711306509723782,-0.22751332805448798,0.8039930318799491,-1.6714836822003365,0.6162308915168079,19.06933554796728,0.6931471805579453,0,0,2.0,0.0001388888888888889,0.0,2.0642884692984866,0.3904205921914558,0.8885666184780625,-0.2199540202875081,0.9166755156409367,-1.7730772787061355,0.5956589706126982,18.421213937145268,0.6931471805579453,0.0,0.0,Train006,10.0
123,2,2,0.0001388888888888889,0.0,4.123137662798462,1.3282805352802827,-3.887662862339057,-0.670369915289549,3.9450371803743023,-5.267019819778711,0.0483240785389103,99.17650935436555,0.6931471805579453,0,0,2.0,0.0001388888888888889,0.2,5.127861176353885,1.4304241879745003,-4.852541050702657,-0.7321439901278161,4.907849365647464,4.882893751058751,0.04683842243711143,99.29752740025933,0.6931471805579453,0.2,0.0,Train006,10.0
123,3,1,6.944444444444444e-05,0.0,7.778583051176765,0.0,7.761142898466881,-0.5205911962678003,7.778583051176765,-7.508843436965087,0.0,0.0,-1.000088900581841e-12,0,0,1.0,6.944444444444444e-05,0.0,8.959606935179986,0.0,8.940856428134788,-0.5788496176353737,8.959606935179986,1.1072444759370348,0.0,0.0,-1.000088900581841e-12,0.0,0.0,Train006,10.0
123,4,0,0.0,0.0,0.0,0.0,0.0,0.0,0.0,0.0,0.0,0.0,0.0,0,0,0.0,0.0,-0.2,0.0,0.0,0.0,0.0,0.0,0.0,0.0,0.0,0.0,0.0,0.2,Train006,10.0
123,5,2,0.0001388888888888889,0.0,8.608578919748854,0.33525037010833625,-0.3367966523938737,-0.0212336644224721,0.3374653368399871,-8.57678761863565,0.9955125719172689,25.774537246499243,0.6931471805579453,0,0,2.0,0.0001388888888888889,0.0,10.071435873038507,0.31301765699492706,-0.31463623397514145,-0.025714619108928333,0.3160676295935058,-0.9850898804007852,0.99587230742892,26.34612667221605,0.6931471805579453,0.0,0.0,Train006,10.0
124,0,2,0.0001388888888888889,1.0,9.868875337482278,0.4698884704338102,0.4472301339166034,-0.3209222886320341,0.5504597242522704,22.66830098023047,0.9709136361255293,59.29150292386954,0.6931471805579453,1,0,1.2,8.333333333333333e-05,0.2,8.702154072771592,0.09397769408676204,-6.637241166551632,-0.2141470819569924,6.83847095012559,1.418361081216076,0.1941827272251059,11.858300584773904,0.13862943611078898,0.2,0.0,Train006,10.0
124,1,3,0.00020833333333333335,1.0,3.0629903154885185,2.301367665481187,0.7537268821343849,-0.2384426146980728,0.7905435429855048,27.651856581155855,0.6180955190755575,35.8463721914788,1.0986122886651097,1,0,2.2,0.00015277777777777777,0.2,2.2469814996165947,0.8124023341529636,0.8503328107750814,-0.24011613098595758,0.8838108349785457,4.8899206186695965,0.6066656074279259,22.208328013591412,0.7742402021793783,0.2,0.0,Train006,10.0
124,2,1,6.944444444444444e-05,-1.0,6.930872429070512,0.0,-6.685896334225504,-1.8264125591004245,6.930872429070512,14.794542309917675,1.1102230246251565e-16,0.0,-1.000088900581841e-12,0,1,1.8,0.00012499999999999998,-0.2,5.339775507934506,1.0940860305206832,-5.073205765815272,-0.9415752905823975,5.1666843532116,-0.5374177547543582,0.038116427549358047,79.37637611976821,0.5545177444461562,0.0,0.2,Train006,10.0
124,3,0,0.0,-1.0,0.0,0.0,0.0,0.0,0.0,0.0,0.0,0.0,0.0,0,1,0.8,5.555555555555556e-05,-0.2,7.05834357636256,0.0,7.042990611937927,-0.46523754392339056,7.05834357636256,-3.455467485820723,0.0,0.0,-8.000711204654728e-13,0.0,0.2,Train006,10.0
124,4,1,6.944444444444444e-05,1.0,7.8205633567186155,0.0,7.817210947317486,0.22896336298540837,7.8205633567186155,0.0,0.0,0.0,-1.000088900581841e-12,1,0,0.2,1.388888888888889e-05,0.2,1.564112671343723,0.0,1.5634421894634971,0.045792672597081675,1.564112671343723,0.0,0.0,0.0,-2.000177801163682e-13,0.2,0.0,Train006,10.0
124,5,1,6.944444444444444e-05,-1.0,11.94923393176053,0.0,11.906286153101568,-1.0121964218465904,11.94923393176053,36.759053821200105,0.0,0.0,-1.000088900581841e-12,0,1,1.8,0.00012499999999999998,-0.2,10.263023846133553,0.28717355630589303,2.0927527763612295,-0.22171574565446414,2.6790012261069385,2.5863804711671037,0.7965556357031214,20.7787926266419,0.5545177444461562,0.0,0.2,Train006,10.0
125,0,2,0.0001388888888888889,0.0,10.079125500782794,0.5411899679200429,0.5174910656722513,-0.29117616809145985,0.5937849475315355,2.102501633005174,0.9757244332991578,61.628510976697775,0.6931471805579453,0,0,1.4,9.722222222222222e-05,0.2,8.865417067146344,0.20221568767077064,-4.681498315072515,-0.2380871919838407,5.104665833850091,1.2795543203124686,0.3893276138849375,24.18400278011346,0.27725887222257806,0.2,0.0,Train006,10.0
125,1,3,0.00020833333333333335,0.0,3.563890350325725,2.6574650990633444,0.7936464681370404,-0.2540968611724897,0.8333306254087328,5.009000348372068,0.6301193239579034,37.09804051097593,1.0986122886651097,0,0,2.4,0.0001666666666666667,0.2,2.518560137403134,1.2607361778553088,0.8159928318774583,-0.24393630110263884,0.8517694639936966,5.778776693353914,0.6159911112624162,25.96852465270741,0.855333223800811,0.2,0.0,Train006,10.0
125,2,1,6.944444444444444e-05,0.0,7.0397882686200175,0.0,-6.8436479675212905,-1.6501822213445823,7.0397882686200175,1.0891583954950512,0.0,0.0,-1.000088900581841e-12,0,0,1.6,0.00011111111111111112,-0.2,5.594514092745966,0.8160061853196314,-5.349526539395879,-1.120719533176938,5.471861209871598,-0.10917522244596523,0.028815870177755488,59.51694878864134,0.4158883083343671,0.0,0.2,Train006,10.0
125,3,0,0.0,0.0,0.0,0.0,0.0,0.0,0.0,0.0,0.0,0.0,0.0,0,0,0.6,4.1666666666666665e-05,-0.2,5.110662160126539,0.0,5.099347621561723,-0.33987875838123405,5.110662160126539,-3.9196480600066863,0.0,0.0,-6.000533403491046e-13,0.0,0.2,Train006,10.0
125,4,1,6.944444444444444e-05,0.0,7.486366471267625,0.0,7.482408737732743,0.2433976656025684,7.486366471267625,-3.3419688545099024,0.0,0.0,-1.000088900581841e-12,0,0,0.4,2.777777777777778e-05,0.2,3.0613859655972484,0.0,3.0599239370100455,0.09447220571759536,3.0613859655972484,-0.6683937709019805,0.0,0.0,-4.000355602327364e-13,0.2,0.0,Train006,10.0
125,5,1,6.944444444444444e-05,0.0,12.522388651691253,0.0,12.470168218064607,-1.1424194313724123,12.522388651691253,5.731547199307236,0.0,0.0,-1.000088900581841e-12,0,0,1.6,0.00011111111111111112,-0.2,10.571932311338479,0.21814047899420325,4.6561607937260225,-0.44472492464909913,5.113888898582989,3.7595853922659472,0.5973564567972798,15.498179638036877,0.4158883083343671,0.0,0.2,Train006,10.0
126,0,2,0.0001388888888888889,0.0,9.558784510667454,0.5337861815701688,0.511411482830769,-0.2637026607085154,0.5753962096120518,-5.2034099011534,0.9774899726703365,62.45433744401749,0.6931471805579453,0,0,1.6,0.00011111111111111112,0.2,9.014318418004105,0.30897292398480436,-2.8168073513931886,-0.25113660738617244,3.4568895244967734,1.1359378851425617,0.5848256084190048,36.67487026891696,0.4158883083343672,0.2,0.0,Train006,10.0
126,1,3,0.00020833333333333335,0.0,3.528452132912843,2.6250257946597606,0.761338283944997,-0.2443229271671298,0.7995809373289408,-0.3543821741288185,0.6333494315602609,37.55847106980409,1.0986122886651097,0,0,2.6,0.00018055555555555555,0.2,2.796216159436301,1.6926018433252863,0.7850366737809553,-0.24195619597095788,0.8215379486075747,5.839550535820189,0.6220210800362391,29.71617785244441,0.936426245422244,0.2,0.0,Train006,10.0
126,2,1,6.944444444444444e-05,0.0,6.656715275379219,0.0,-6.487722676864649,-1.4904068993275688,6.656715275379219,-3.8307299324079835,0.0,0.0,-1.000088900581841e-12,0,0,1.4,9.722222222222222e-05,-0.2,5.880070656128909,0.539813789900992,-5.6586648732585445,-1.27013366914567,5.80367999381051,0.1990045632688604,0.019288592507584523,39.6734299747234,0.27725887222257806,0.0,0.2,Train006,10.0
126,3,0,0.0,0.0,0.0,0.0,0.0,0.0,0.0,0.0,0.0,0.0,0.0,0,0,0.4,2.7777777777777772e-05,-0.2,3.261610089210008,0.0,3.2543279863368775,-0.21782915127211852,3.261610089210008,-2.933354606811779,0.0,0.0,-4.000355602327364e-13,0.0,0.2,Train006,10.0
126,4,1,6.944444444444444e-05,0.0,6.946226098812918,0.0,6.942284085761247,0.2339843764354048,6.946226098812918,-5.401403724547071,1.1102230246251565e-16,0.0,-1.000088900581841e-12,0,0,0.6,4.1666666666666665e-05,0.2,4.450631185359832,0.0,4.4483807541622955,0.1412690810046763,4.450631185359832,-1.7486745158113948,2.2204460492503132e-17,0.0,-6.000533403491046e-13,0.2,0.0,Train006,10.0
126,5,1,6.944444444444444e-05,0.0,11.983728131230665,0.0,11.931246461154398,-1.1203114774203828,11.983728131230665,-5.386605204605885,0.0,0.0,-1.000088900581841e-12,0,0,1.4,9.722222222222222e-05,-0.2,10.906037463208744,0.1408707313799047,7.1200276332789745,-0.6638203503913666,7.432858220935674,4.011552258919325,0.3982163719837999,10.312794757648387,0.27725887222257806,0.0,0.2,Train006,10.0
127,0,2,0.0001388888888888889,0.0,8.815152874595395,0.49974783867515793,0.4791903296271034,-0.23863531648189418,0.5353225067943116,-7.436316360720596,0.9781965839209814,62.705142016078796,0.6931471805579453,0,0,1.8,0.000125,0.2,9.149489130253922,0.40892249171983597,-1.0935820681980937,-0.25963896473264525,1.936094163186373,0.9986314990630994,0.7804649252032011,49.21589867213272,0.5545177444461562,0.2,0.0,Train006,10.0
127,1,3,0.00020833333333333335,0.0,3.3079415206162026,2.4590234048273176,0.7056304690442442,-0.22638306544250297,0.741055767916791,-2.205106122966406,0.6345099064382104,37.717085320023564,1.0986122886651097,0,0,2.8,0.00019444444444444443,0.2,3.058514826892096,2.0934487155895836,0.7570945508466089,-0.23815175930693666,0.7937007811039838,5.685976990046473,0.626461014509748,33.45786092804993,1.0175192670436768,0.2,0.0,Train006,10.0
127,2,1,6.944444444444444e-05,0.0,6.1266785126432834,0.0,-5.9769653789445245,-1.346133149500246,6.1266785126432834,-5.300367627359357,0.0,0.0,-1.000088900581841e-12,0,0,1.2,8.333333333333333e-05,-0.2,6.175438429702299,0.2656561070560565,-5.976379043979006,-1.3967009489124742,6.139818333217467,0.29711666517333235,0.009664815707782081,19.83530187087311,0.13862943611078898,0.0,0.2,Train006,10.0
127,3,0,0.0,0.0,0.0,0.0,0.0,0.0,0.0,0.0,0.0,0.0,0.0,0,0,0.2,1.388888888888889e-05,-0.2,1.555716610235353,0.0,1.5522285796933761,-0.10411823925356005,1.555716610235353,-1.5017686873930174,0.0,0.0,-2.000177801163682e-13,0.0,0.2,Train006,10.0
127,4,1,6.944444444444444e-05,0.0,6.348857365011248,0.0,6.345150082478219,0.21693379654680844,6.348857365011248,-5.973687338016704,0.0,0.0,-1.000088900581841e-12,0,0,0.8,5.555555555555556e-05,0.2,5.720402658362081,0.0,5.717410770657939,0.184655840314038,5.720402658362081,-2.9434119834147356,2.2204460492503132e-17,0.0,-8.000711204654728e-13,0.2,0.0,Train006,10.0
127,5,1,6.944444444444444e-05,0.0,11.090867805511369,0.0,11.041371590527138,-1.0466432435308624,11.090867805511369,-8.928603257192957,0.0,0.0,-1.000088900581841e-12,0,0,1.2,8.333333333333333e-05,-0.2,11.230959487988533,0.06705007402166725,9.402455154090768,-0.868560847718544,9.576736771406761,3.919720988014568,0.19910251438345378,5.154907449299849,0.13862943611078898,0.0,0.2,Train006,10.0
128,0,2,0.0001388888888888889,0.0,8.037792690810463,0.45850088637351316,0.4397910096770321,-0.2158792553455543,0.4899183453202119,-7.773601837849338,0.9784891964055901,62.74137523403646,0.6931471805579453,0,0,2.0,0.0001388888888888889,0.2,9.271946182867676,0.5006226689945386,0.47902280434475186,-0.2660631378518915,0.5489763467020763,0.871494902702462,0.9761627644843192,61.764173718940015,0.6931471805579453,0.2,0.0,Train006,10.0
128,1,3,0.00020833333333333335,0.0,3.036223599721993,2.256431960306762,0.6449655924358199,-0.20671316900088757,0.6772820311099931,-2.717179208942094,0.6349704149753919,37.761617501294474,1.0986122886651097,0,0,3.0,0.00020833333333333335,0.2,3.299899583813056,2.459862784867674,0.7318615391392973,-0.23399172749621658,0.7683585809499924,5.476837884698122,0.6302089192014648,37.19631731871537,1.0986122886651097,0.2,0.0,Train006,10.0
128,2,1,6.944444444444444e-05,0.0,5.57822974562857,0.0,-5.444076164010201,-1.2160106148678782,5.57822974562857,-5.484487670147136,0.0,0.0,-1.000088900581841e-12,0,0,1.0,6.944444444444444e-05,-0.2,6.46645684626832,0.0,-6.2876617043132335,-1.50582908882814,6.46645684626832,0.2536230950996474,2.2204460492503132e-17,0.0,-1.000088900581841e-12,0.0,0.2,Train006,10.0
128,3,0,0.0,0.0,0.0,0.0,0.0,0.0,0.0,0.0,0.0,0.0,0.0,0,0,0.0,0.0,-0.2,0.0,0.0,0.0,0.0,0.0,0.0,0.0,0.0,0.0,0.0,0.2,Train006,10.0
128,4,1,6.944444444444444e-05,0.0,5.7645967769490545,0.0,5.761190432859898,0.19814337519837927,5.7645967769490545,-5.842605880621932,0.0,0.0,-1.000088900581841e-12,0,0,1.0,6.944444444444444e-05,0.2,6.873322013751893,0.0,6.869648857229919,0.22428451535371385,6.873322013751893,-4.111933159539122,2.2204460492503132e-17,0.0,-1.000088900581841e-12,0.2,0.0,Train006,10.0
128,5,1,6.944444444444444e-05,0.0,10.127675471629622,0.0,10.082128735986682,-0.9594220185298475,10.127675471629622,-9.631923338817465,0.0,0.0,-1.000088900581841e-12,0,0,1.0,6.944444444444444e-05,-0.2,11.534778798364687,0.0,11.48624023176688,-1.0561985185400191,11.534778798364687,3.7086938439782045,0.0,0.0,-1.000088900581841e-12,0.0,0.2,Train006,10.0
129,0,1,6.944444444444444e-05,-1.0,8.370028620777816,0.0,-8.33103003930408,0.8070425000288572,8.370028620777816,7.907368163408677,1.1102230246251565e-16,0.0,-1.000088900581841e-12,0,1,1.8,0.00012499999999999998,-0.2,8.972176839526785,0.40664497490777657,-1.276629230299385,-0.04047018011971324,2.1128901260071857,-2.080691660661897,0.7819800372592132,49.9058731341661,0.5545177444461562,0.0,0.2,Train006,10.0
129,1,3,0.00020833333333333335,0.0,6.545446895748408,0.698922623168754,-1.885647956092118,-0.08909431128555734,1.8877515754510257,35.09223296026414,0.6694570884588922,39.32316350143642,1.0986122886651097,0,0,3.0,0.00020833333333333335,0.0,3.996390899865034,2.1393737764051877,0.20398657149399674,-0.20412206681371345,0.9878001874430966,6.96491316051978,0.6404812330781318,37.891675580706895,1.0986122886651097,0.0,0.0,Train006,10.0
129,2,1,6.944444444444444e-05,0.0,9.112721734153215,0.0,-9.107466393611098,0.30944029044850563,9.112721734153215,0.0,1.1102230246251565e-16,0.0,-1.000088900581841e-12,1,1,1.0,6.944444444444444e-05,0.0,6.902826707284862,0.0,-6.771975716190352,-1.078658518918354,6.902826707284862,-2.7052853668838877,2.2204460492503132e-17,0.0,-1.000088900581841e-12,0.2,0.2,Train006,10.0
129,3,2,0.0001388888888888889,2.0,4.715587434644311,4.715587434644311,4.712974626928583,-0.1569554704452887,4.715587434644311,9.34881292104647,0.00013852933169689052,106.97483180495175,0.6931471805579453,2,0,0.4,2.777777777777778e-05,0.4,0.9431174869288622,0.9431174869288622,0.9425949253857165,-0.03139109408905774,0.9431174869288622,1.869762584209294,2.7705866339378105e-05,21.39496636099035,0.13862943611158907,0.4,0.0,Train006,10.0
129,4,1,6.944444444444444e-05,0.0,7.589813831814869,0.0,7.5876821547133275,0.179870844366775,7.589813831814869,18.252170548658142,1.1102230246251565e-16,0.0,-1.000088900581841e-12,0,0,1.0,6.944444444444444e-05,0.0,6.827172108771142,0.0,6.8237430987090875,0.21446601162998716,6.827172108771142,-0.4614990498074931,4.4408920985006264e-17,0.0,-1.000088900581841e-12,0.0,0.0,Train006,10.0
129,5,2,0.0001388888888888889,1.0,12.056549892914607,0.636467921468955,0.6360824619812497,-0.024799805280808954,0.6365657301348338,25.653423427539384,0.9990731882007114,22.592272769567,0.6931471805579453,1,0,1.2,8.333333333333333e-05,0.2,11.556241990595504,0.127293584293791,9.232199493542815,-0.8587191952268629,9.27224515803955,1.4875677652460602,0.1998146376401423,4.5184545539134,0.13862943611078898,0.2,0.0,Train006,10.0
130,0,1,6.944444444444444e-05,0.0,8.152210778147978,0.0,-8.108320806662393,0.8447924405425284,8.152210778147978,-2.1781784262983805,0.0,0.0,-1.000088900581841e-12,0,0,1.6,0.00011111111111111112,-0.2,8.58679389499982,0.298406981323768,-3.0017916047663133,0.1867235416070844,3.624575292130474,-2.936827672522608,0.5868351505993816,37.58017093882655,0.4158883083343671,0.0,0.2,Train006,10.0
130,1,3,0.00020833333333333335,0.0,6.81248878024038,0.6502742155464385,-2.0744444506984263,-0.04302495457163491,2.074890581633014,2.670418844919723,0.6680131594066919,39.94903963777528,1.0986122886651097,0,0,3.0,0.00020833333333333335,0.0,4.646110585847966,1.7379355997018062,-0.3696316122730966,-0.16190768549354254,1.236112178687953,6.497196859829311,0.6480600001678894,38.46187540606677,1.0986122886651097,0.0,0.0,Train006,10.0
130,2,1,6.944444444444444e-05,0.0,8.837214770019234,0.0,-8.833063311646109,0.2708457566541772,8.837214770019234,-2.7550696413398157,0.0,0.0,-1.000088900581841e-12,0,0,1.0,6.944444444444444e-05,0.0,7.262312007564705,0.0,-7.169858785015316,-0.6944529233186019,7.262312007564705,-3.4741309742508606,2.2204460492503132e-17,0.0,-1.000088900581841e-12,0.2,0.2,Train006,10.0
130,3,2,0.0001388888888888889,0.0,4.606840702182035,4.606840702182035,4.606743813312462,-0.029877981665939,4.606840702182035,-1.0874673246227573,5.257894213905878e-06,107.65321928403827,0.6931471805579453,0,0,0.8,5.555555555555556e-05,0.4,1.8644856273652692,1.8644856273652692,1.8639436880482088,-0.03736669042224554,1.8644856273652692,1.6522691192847425,2.875744518215928e-05,42.925610217798,0.27725887222317813,0.4,0.0,Train006,10.0
130,4,1,6.944444444444444e-05,0.0,7.773110035375004,0.0,7.771403400379768,0.1628766730178918,7.773110035375004,1.8329620356013532,1.1102230246251565e-16,0.0,-1.000088900581841e-12,0,0,1.0,6.944444444444444e-05,0.0,6.884520821592619,0.0,6.881542031238491,0.19836181311305184,6.884520821592619,0.573487128214758,6.661338147750939e-17,0.0,-1.000088900581841e-12,0.0,0.0,Train006,10.0
130,5,2,0.0001388888888888889,0.0,11.887635119507395,0.9596560283561555,0.9606306441232224,0.08811676818739203,0.9646635679159795,-1.6891477340721028,0.9917153324635843,23.49945595684997,0.6931471805579453,0,0,1.4,9.722222222222222e-05,0.2,11.429291284158733,0.3192247899650221,6.930291978754537,-0.6126119553149019,6.960700141284495,0.0034287785701923924,0.39815770413285917,9.218345745283395,0.27725887222257806,0.2,0.0,Train006,10.0
131,0,1,6.944444444444444e-05,0.0,7.59647100336444,0.0,-7.553363917946408,0.8081245126971588,7.59647100336444,-5.557397747835386,0.0,0.0,-1.000088900581841e-12,0,0,1.4,9.722222222222222e-05,-0.2,8.194331193539218,0.19164974500973422,-4.61474668492175,0.40108897628821916,5.028790250880951,-3.0076252418590053,0.39133715606531433,25.08930345002305,0.27725887222257806,0.0,0.2,Train006,10.0
131,1,3,0.00020833333333333335,0.0,6.315209386983267,0.4495151267995437,-1.828159598851568,-0.024487681085989088,1.8283235942792224,-4.97279393257112,0.6675937796674487,40.18700104435828,1.0986122886651097,0,0,3.0,0.00020833333333333335,0.0,5.20346203666205,1.3028334661297634,-0.8875311888324097,-0.11794063627731437,1.4418607100780094,5.573514508140851,0.6549088697893269,38.987581400977604,1.0986122886651097,0.0,0.0,Train006,10.0
131,2,1,6.944444444444444e-05,0.0,8.185034472333799,0.0,-8.18146633602865,0.24165658634218282,8.185034472333799,-6.5218029768543495,0.0,0.0,-1.000088900581841e-12,0,0,1.0,6.944444444444444e-05,0.0,7.567975846955621,0.0,-7.508607516848116,-0.34804022618465164,7.567975846955621,-4.012345583140134,2.2204460492503132e-17,0.0,-1.000088900581841e-12,0.2,0.2,Train006,10.0
131,3,2,0.0001388888888888889,0.0,4.2985276492795235,4.2985276492795235,4.298497942336416,0.015980968373002544,4.2985276492795235,-3.0831305290251176,1.7277409379845565e-06,107.88065753203516,0.6931471805579453,0,0,1.2,8.333333333333333e-05,0.4,2.724191157221174,2.724191157221174,2.7236432765154923,-0.03417049674764504,2.724191157221174,1.035643013479719,2.910299336975619e-05,64.50174172420503,0.4158883083347672,0.4,0.0,Train006,10.0
131,4,1,6.944444444444444e-05,0.0,7.376405768732413,0.0,7.374934033980637,0.14734333857662854,7.376405768732413,-3.967042666425913,0.0,0.0,-1.000088900581841e-12,0,0,1.0,6.944444444444444e-05,0.0,6.970556755576517,0.0,6.96807202088237,0.1810336055412966,6.970556755576517,0.8603593398389897,4.4408920985006264e-17,0.0,-1.000088900581841e-12,0.0,0.0,Train006,10.0
131,5,2,0.0001388888888888889,0.0,11.140204248574612,1.004984536959408,1.005792411703407,0.12252510297112047,1.0132278994867043,-7.474308709327824,0.9883743586729677,23.857857194028526,0.6931471805579453,0,0,1.6,0.00011111111111111112,0.2,11.26058650762752,0.5202216973569037,4.745201168864339,-0.3640446392366013,4.7666000949357015,-0.41411192237419525,0.5958325758674528,13.9899171840891,0.4158883083343672,0.2,0.0,Train006,10.0
132,0,1,6.944444444444444e-05,0.0,6.956118066421652,0.0,-6.915806875194739,0.7477926310193793,6.956118066421652,-6.403529369427874,0.0,0.0,-1.000088900581841e-12,0,0,1.2,8.333333333333333e-05,-0.2,7.822524231904469,0.09170017727470263,-6.093746125886118,0.5983745657884739,6.312949362806419,-2.801067843600461,0.19569783928111803,12.548275046807289,0.13862943611078898,0.0,0.2,Train006,10.0
132,1,3,0.00020833333333333335,0.0,5.6804826918027835,0.3850814264512466,-1.5447790491154387,-0.016596894734234386,1.5448682039257646,-6.347266951804844,0.6674407693635072,40.26972061764606,1.0986122886651097,0,0,3.0,0.00020833333333333335,0.0,5.677970270899366,0.8880450704545491,-1.3376130924643461,-0.07598340213566065,1.602623197279804,4.745082342373162,0.6614950423743864,39.4981084605021,1.0986122886651097,0.0,0.0,Train006,10.0
132,2,1,6.944444444444444e-05,0.0,7.441060031513283,0.0,-7.437914608267056,0.2163346313283459,7.441060031513283,-7.439744408205158,0.0,0.0,-1.000088900581841e-12,0,0,1.0,6.944444444444444e-05,0.0,7.830852150729621,0.0,-7.800797362712622,-0.03554667001893324,7.830852150729621,-4.440220939309294,2.2204460492503132e-17,0.0,-1.000088900581841e-12,0.2,0.2,Train006,10.0
132,3,2,0.0001388888888888889,0.0,3.938428912066102,3.938428912066102,3.9383072715725094,0.030953676312733033,3.938428912066102,-3.6009873721342167,7.721414168493368e-06,107.93801262444902,0.6931471805579453,0,0,1.6,0.00011111111111111112,0.4,3.5118769396343943,3.5118769396343943,3.511304730829994,-0.027979761485098426,3.5118769396343943,0.31544553905287565,3.064727620345486e-05,86.08934424909484,0.5545177444463563,0.4,0.0,Train006,10.0
132,4,1,6.944444444444444e-05,0.0,6.802532831342139,0.0,6.801227769688305,0.1332431848476849,6.802532831342139,-5.738729373902736,1.1102230246251565e-16,0.0,-1.000088900581841e-12,0,0,1.0,6.944444444444444e-05,0.0,7.0612918488426955,0.0,7.059287558324387,0.1642954832014719,7.0612918488426955,0.9073509326617835,6.661338147750939e-17,0.0,-1.000088900581841e-12,0.0,0.0,Train006,10.0
132,5,2,0.0001388888888888889,0.0,10.22310534828333,0.9631389281327367,0.9637607241569155,0.12721298258751576,0.972120299328367,-9.170989002912844,0.987046293848261,23.970167590750417,0.6931471805579453,0,0,1.8,0.000125,0.2,11.087034016181914,0.7128494829834511,2.7296789955902954,-0.12927339401292565,2.7428505936991017,-0.4625890715181725,0.793241834637105,18.783950702239185,0.5545177444461562,0.2,0.0,Train006,10.0
133,0,1,6.944444444444444e-05,0.0,6.3241156692125795,0.0,-6.2871470976927535,0.6828033168882974,6.3241156692125795,-6.320023972090727,0.0,0.0,-1.000088900581841e-12,0,0,1.0,6.944444444444444e-05,-0.2,7.479788827584893,0.0,-7.439133747360074,0.7781110802352443,7.479788827584893,-2.5103522704487387,2.2204460492503132e-17,0.0,-1.000088900581841e-12,0.0,0.2,Train006,10.0
133,1,3,0.00020833333333333335,0.0,5.072477676124308,0.41031247975969437,-1.30234536002963,-0.012868322186771105,1.302408933671222,-6.080050156784764,0.6673797907788072,40.29130271858601,1.0986122886651097,0,0,3.0,0.00020833333333333335,0.0,6.085221086179829,0.5188211743451354,-1.7270752829574363,-0.03721443277283736,1.7276485777920498,4.0725081528046285,0.6679769175350694,40.00404550396041,1.0986122886651097,0.0,0.0,Train006,10.0
133,2,1,6.944444444444444e-05,0.0,6.716601319715574,0.0,-6.7137985491335606,0.19401631286334417,6.716601319715574,-7.24458711797709,0.0,0.0,-1.000088900581841e-12,0,0,1.0,6.944444444444444e-05,0.0,8.058526465547022,0.0,-8.054741839737295,0.2464587155273112,8.058526465547022,-4.7922408288752845,2.2204460492503132e-17,0.0,-1.000088900581841e-12,0.2,0.2,Train006,10.0
133,3,2,0.0001388888888888889,0.0,3.581474016928263,3.581474016928263,3.581309516448939,0.03432610267032448,3.581474016928263,-3.5695489513783896,1.1482801705042789e-05,107.93293871137766,0.6931471805579453,0,0,2.0,0.0001388888888888889,0.4,4.228171743020047,4.228171743020047,4.227566634119782,-0.02111454095103353,4.228171743020047,-0.39846425122280227,3.294383654446342e-05,107.67593199137036,0.6931471805579453,0.4,0.0,Train006,10.0
133,4,1,6.944444444444444e-05,0.0,6.201476283931595,0.0,6.200305873219195,0.12047895538055056,6.201476283931595,-6.010565474105443,0.0,0.0,-1.000088900581841e-12,0,0,1.0,6.944444444444444e-05,0.0,7.148667750239204,0.0,7.1471106463962455,0.14876259923790616,7.148667750239204,0.8737590139650813,6.661338147750939e-17,0.0,-1.000088900581841e-12,0.0,0.0,Train006,10.0
133,5,2,0.0001388888888888889,0.0,9.299745590503452,0.894777130954397,0.8952850304367779,0.12129114442898087,0.9034637942059849,-9.233597577798767,0.9864979740446763,23.98544662710605,0.6931471805579453,0,0,2.0,0.0001388888888888889,0.2,10.92144803995668,0.8918049091743304,0.8923102544803145,0.08686923857884003,0.8980082582143739,-0.3829239193144328,0.9905414294460402,23.581040027660393,0.6931471805579453,0.2,0.0,Train006,10.0
134,0,2,0.0001388888888888889,1.0,9.19899723996872,0.33433603773961984,-0.3392527024446528,-0.09833416678107151,0.35321665373043737,24.554653884341683,0.9876061106666499,74.89217119135095,0.6931471805579453,1,0,1.2,8.333333333333333e-05,0.2,7.6455825514230735,0.06686720754792397,-5.840778279988189,0.5970357468732586,5.876426434175417,0.8191048737378622,0.19752122213332998,14.978434238270188,0.13862943611078898,0.2,0.0,Train006,10.0
134,1,3,0.00020833333333333335,0.0,8.551326715866187,1.3440047568641946,-3.9564644080812528,-0.3633148529611591,3.9731106572553356,25.392971993271246,0.6640848185396595,19.670030474949243,1.0986122886651097,1,1,3.0,0.00020833333333333335,0.0,6.486397050203385,0.6478376010842235,-2.1412385733552632,-0.09205854110795772,2.1447203941529116,2.13265595940605,0.6669024635512228,36.07341889866298,1.0986122886651097,0.2,0.2,Train006,10.0
134,2,1,6.944444444444444e-05,0.0,7.9278742583546045,0.0,-7.925958761685895,0.17426406495938163,7.9278742583546045,12.112729386390306,0.0,0.0,-1.000088900581841e-12,0,0,1.0,6.944444444444444e-05,0.0,7.821556970387299,0.0,-7.818440313352255,0.2194234704294864,7.821556970387299,-2.369694951597224,0.0,0.0,-1.000088900581841e-12,0.0,0.0,Train006,10.0
134,3,1,6.944444444444444e-05,-1.0,3.6637076497108505,0.0,3.048389028309723,2.0322593522064816,3.6637076497108505,36.6370764971085,0.0,0.0,-1.000088900581841e-12,0,1,1.8,0.000125,-0.2,4.017795786033355,3.285054256091185,3.894649514396009,0.4167284235793205,4.017795786033355,5.059188463989605,5.237970205085318e-06,86.28096563038002,0.5545177444461562,0.0,0.2,Train006,10.0
134,4,1,6.944444444444444e-05,0.0,7.694228036841176,0.0,7.6934568320749985,0.10893601751190246,7.694228036841176,14.92751752909581,0.0,0.0,-1.000088900581841e-12,0,0,1.0,6.944444444444444e-05,0.0,7.169550591244466,0.0,7.16826558186858,0.13457563386693167,7.169550591244466,0.2088284100526149,4.4408920985006264e-17,0.0,-1.000088900581841e-12,0.0,0.0,Train006,10.0
134,5,2,0.0001388888888888889,0.0,11.399284278694514,0.21743056278443973,0.21621699340501443,-0.03391315732749614,0.21886043607062372,20.995386881910623,0.9978085158435781,26.443615796789796,0.6931471805579453,0,0,2.0,0.0001388888888888889,0.0,10.78999491711266,0.8079974374374274,0.8083371607650675,0.0850465681695026,0.8144671994015319,-1.3145312284401847,0.9902884949746135,24.351308633104953,0.6931471805579453,0.0,0.0,Train006,10.0
135,0,2,0.0001388888888888889,0.0,9.516576165436952,0.5761360845294625,-0.5888948595053378,-0.257052164502299,0.6425519207247992,3.1757892546823108,0.9700498710445898,77.40541696936604,0.6931471805579453,0,0,1.4,9.722222222222222e-05,0.2,7.918455628880869,0.18209442445381646,-4.336893090556778,0.376666825864293,4.374494662690782,1.8898984099340008,0.391531196342248,30.4595176321434,0.27725887222257806,0.2,0.0,Train006,10.0
135,1,3,0.00020833333333333335,0.0,8.625435841500165,1.2433126871878875,-4.0052997464368545,-0.43848213736938707,4.029229782923674,0.7410912563397817,0.6610327530456528,19.310245250564098,1.0986122886651097,0,0,3.0,0.00020833333333333335,0.0,6.848986462455342,0.7664452954125134,-2.527409632502949,-0.17114997766750814,2.535588234411044,1.7467904416900617,0.665506382279015,31.94566002122074,1.0986122886651097,0.2,0.2,Train006,10.0
135,2,1,6.944444444444444e-05,0.0,7.849718624513737,0.0,-7.848153955246148,0.1567226173596971,7.849718624513737,-0.7815563384086754,0.0,0.0,-1.000088900581841e-12,0,0,1.0,6.944444444444444e-05,0.0,7.624057741286199,0.0,-7.621458442072263,0.1965988425705904,7.624057741286199,-1.9749922910109958,0.0,0.0,-1.000088900581841e-12,0.0,0.0,Train006,10.0
135,3,1,6.944444444444444e-05,0.0,3.826435253873504,0.0,3.1837865792501434,2.122524386166778,3.826435253873504,1.6272760416265353,0.0,0.0,-1.000088900581841e-12,0,0,1.6,0.00011111111111111112,-0.2,3.8617146963716484,2.3636861156547777,3.610058067583546,0.8472088971458639,3.8617146963716484,5.602137137239462,4.1863913623041425e-06,64.75032177357237,0.4158883083343671,0.0,0.2,Train006,10.0
135,4,1,6.944444444444444e-05,0.0,7.757524006849191,0.0,7.75689862309402,0.09850110600201686,7.757524006849191,0.6329597000801446,0.0,0.0,-1.000088900581841e-12,0,0,1.0,6.944444444444444e-05,0.0,7.166433385539302,0.0,7.1653646264114315,0.12170052046375668,7.166433385539302,-0.031172057051626824,2.2204460492503132e-17,0.0,-1.000088900581841e-12,0.0,0.0,Train006,10.0
135,5,2,0.0001388888888888889,0.0,11.456456825827946,0.024246411403978207,-0.028741352866805236,-0.08595714957977058,0.09063496526447873,0.5717254713343234,0.9923770675778164,27.68257542509618,0.6931471805579453,0,0,2.0,0.0001388888888888889,0.0,10.70375925837677,0.620915514046992,0.6104627613670619,0.05023178461607007,0.6396614788712317,-0.8623565873589001,0.9904208419974599,25.187932526754192,0.6931471805579453,0.0,0.0,Train006,10.0
136,0,2,0.0001388888888888889,0.0,9.066834396050512,0.6260098775237406,-0.640831747980398,-0.2969884188506501,0.7063054935019418,-4.497417693864403,0.9638397534627443,78.2995197548709,0.6931471805579453,0,0,1.6,0.00011111111111111112,0.2,8.212528307418083,0.3072963999585646,-2.954386656563576,0.15564423955473128,2.996461560718282,2.1018944207281978,0.5842991470347968,46.11942158311758,0.4158883083343672,0.2,0.0,Train006,10.0
136,1,3,0.00020833333333333335,0.0,8.086112812072026,1.1295454215596819,-3.728343410372764,-0.43954902444595595,3.7541640788012187,-5.393230294281397,0.6596682129635713,19.185573276376342,1.0986122886651097,0,0,3.0,0.00020833333333333335,0.0,7.203167147473094,0.902451354364541,-2.907446394807188,-0.2541622463395015,2.920756331315443,1.6627031693480059,0.6639212689382396,27.74537446762435,1.0986122886651097,0.2,0.2,Train006,10.0
136,2,1,6.944444444444444e-05,0.0,7.34074946194772,0.0,-7.339393361731608,0.14109480803964897,7.34074946194772,-5.089691625660171,1.1102230246251565e-16,0.0,-1.000088900581841e-12,0,0,1.0,6.944444444444444e-05,0.0,7.455200739208983,0.0,-7.453043847212854,0.17648648691008365,7.455200739208983,-1.6885700207721601,2.2204460492503132e-17,0.0,-1.000088900581841e-12,0.0,0.0,Train006,10.0
136,3,1,6.944444444444444e-05,0.0,3.3649525713951784,0.0,2.79980977746224,1.8665398516414982,3.3649525713951784,-4.614826824783256,0.0,0.0,-1.000088900581841e-12,0,0,1.4,9.722222222222222e-05,-0.2,3.6749996807947793,1.5039805857988728,3.310320434608711,1.217320673799563,3.6749996807947793,5.295797878087836,3.840843174707232e-06,43.17419026716534,0.27725887222257806,0.0,0.2,Train006,10.0
136,4,1,6.944444444444444e-05,0.0,7.321602775562783,0.0,7.3210609886999,0.08906852903860106,7.321602775562783,-4.359212312864074,0.0,0.0,-1.000088900581841e-12,0,0,1.0,6.944444444444444e-05,0.0,7.155472786905378,0.0,7.154590017355284,0.11004555855615117,7.155472786905378,-0.10960598633925897,2.2204460492503132e-17,0.0,-1.000088900581841e-12,0.0,0.0,Train006,10.0
136,5,2,0.0001388888888888889,0.0,10.799364197163086,0.10391841946426883,-0.1096147777368417,-0.0990823078534957,0.1477589362031011,-6.570926286648593,0.9902729348762717,28.144236442321525,0.6931471805579453,0,0,2.0,0.0001388888888888889,0.0,10.635591248094466,0.4407022905479641,0.38738132347901216,0.005910302451146843,0.46656768621451106,-0.6816801028230539,0.9908005572381207,26.04520837641279,0.6931471805579453,0.0,0.0,Train006,10.0
137,0,2,0.0001388888888888889,0.0,8.376730987062558,0.6064216802504125,-0.6211019189683951,-0.29335196935214597,0.6868937120610474,-6.901034089879543,0.9613863226884916,78.5787629603885,0.6931471805579453,0,0,1.8,0.000125,0.2,8.496650891546263,0.4285807360086471,-1.6954456653183072,-0.05258468051957378,1.7426166898461612,2.0023934766378635,0.7765764115724951,61.83517417519528,0.5545177444461562,0.2,0.0,Train006,10.0
137,1,3,0.00020833333333333335,0.0,7.384256411869955,1.011197242649259,-3.374125717724399,-0.41397507018311835,3.3994263806916463,-7.018564002020708,0.6590875380126696,19.15249531194349,1.0986122886651097,0,0,3.0,0.00020833333333333335,0.0,7.543921891486528,1.0276745176041435,-3.27331572852898,-0.3336378814292783,3.2916679666686193,1.5284437593048332,0.6622506226680721,23.52192940648384,1.0986122886651097,0.2,0.2,Train006,10.0
137,2,1,6.944444444444444e-05,0.0,6.718658092498626,0.0,-6.717455142445257,0.12713368213440618,6.718658092498626,-6.220913694490937,0.0,0.0,-1.000088900581841e-12,0,0,1.0,6.944444444444444e-05,0.0,7.310720351406053,0.0,-7.308951954048493,0.15864629707129568,7.310720351406053,-1.444803878029316,2.2204460492503132e-17,0.0,-1.000088900581841e-12,0.0,0.0,Train006,10.0
137,3,1,6.944444444444444e-05,0.0,2.8674471187859094,0.0,2.385860219184022,1.5905734794560051,2.8674471187859094,-4.97505452609269,0.0,0.0,-1.000088900581841e-12,0,0,1.2,8.333333333333333e-05,-0.2,3.460803322138741,0.7162948033856525,2.9998310241310135,1.5292446344282176,3.460803322138741,5.020984447296141,2.2965603410085578e-06,21.586587742275533,0.13862943611078898,0.0,0.2,Train006,10.0
137,4,1,6.944444444444444e-05,0.0,6.738419011517697,0.0,6.73793765195885,0.08054174754999012,6.738419011517697,-5.831837640450859,1.1102230246251565e-16,0.0,-1.000088900581841e-12,0,0,1.0,6.944444444444444e-05,0.0,7.142650022940488,0.0,7.1419319938093935,0.09950527109661221,7.142650022940488,-0.1282276396488836,2.2204460492503132e-17,0.0,-1.000088900581841e-12,0.0,0.0,Train006,10.0
137,5,2,0.0001388888888888889,0.0,9.933551302913475,0.12373443069655377,-0.1295607985127738,-0.09788387055710629,0.16237996374709507,-8.65812894249613,0.9894135912025246,28.276554934920128,0.6931471805579453,0,0,2.0,0.0001388888888888889,0.0,10.577680439020494,0.2728213910607275,0.16871701894507432,-0.03910906817777757,0.30461961909825674,-0.5791080907397113,0.9912740167089733,26.90648584524674,0.6931471805579453,0.0,0.0,Train006,10.0
138,0,2,0.0001388888888888889,0.0,7.643795044098981,0.5638962148959483,-0.577665019167172,-0.2748089684879858,0.6397005889717782,-7.3293594296357645,0.9603755165019584,78.62814664323459,0.6931471805579453,0,0,2.0,0.0001388888888888889,0.2,8.760586766523545,0.5413599789878367,-0.5535492496131911,-0.2441071375948304,0.6057336737980008,1.800526385128856,0.9686515148728867,77.5608035038422,0.6931471805579453,0.2,0.0,Train006,10.0
138,1,3,0.00020833333333333335,0.0,6.679159469697836,0.9041476085151975,-3.0258939848620336,-0.38062147735519947,3.049738860402361,-7.050969421721185,0.6588414491672997,19.155438290539276,1.0986122886651097,0,0,3.0,0.00020833333333333335,0.0,7.865258250201234,1.1264415433552442,-3.6180254534954606,-0.407188512462964,3.6411339520148474,1.3342599063175489,0.6605429543457706,19.29475652087449,1.0986122886651097,0.2,0.2,Train006,10.0
138,2,1,6.944444444444444e-05,0.0,6.0978014360564226,0.0,-6.096723840266712,0.11463319368874511,6.0978014360564226,-6.208566564422036,1.1102230246251565e-16,0.0,-1.000088900581841e-12,0,0,1.0,6.944444444444444e-05,0.0,7.186960374674223,0.0,-7.185537012275124,0.14276967323637588,7.186960374674223,-1.237599767318305,4.4408920985006264e-17,0.0,-1.000088900581841e-12,0.0,0.0,Train006,10.0
138,3,1,6.944444444444444e-05,0.0,2.444031658624636,0.0,2.0335572609296464,1.3557048406197436,2.444031658624636,-4.234154601612734,0.0,0.0,-1.000088900581841e-12,0,0,1.0,6.944444444444444e-05,-0.2,3.2333148504780156,0.0,2.690280573027155,1.7935203820181012,3.2333148504780156,4.888063317249271,0.0,0.0,-1.000088900581841e-12,0.0,0.2,Train006,10.0
138,4,1,6.944444444444444e-05,0.0,6.138663402077307,0.0,6.138231314825552,0.07283330075117252,6.138663402077307,-5.997556094403906,1.1102230246251565e-16,0.0,-1.000088900581841e-12,0,0,1.0,6.944444444444444e-05,0.0,7.130087446569631,0.0,7.129517082130664,0.0899761401707366,7.130087446569631,-0.12562576370857634,4.4408920985006264e-17,0.0,-1.000088900581841e-12,0.0,0.0,Train006,10.0
138,5,2,0.0001388888888888889,0.0,9.046757835104742,0.12214507075725756,-0.12768192248757693,-0.09175879662022873,0.15723342547726962,-8.867934678087321,0.9890547770464695,28.28297342736615,0.6931471805579453,0,0,2.0,0.0001388888888888889,0.0,10.527082887940754,0.11829497902129962,-0.03587637163979664,-0.08171905638761948,0.15537354535251363,-0.5059755107974222,0.991785377309332,27.765991205298757,0.6931471805579453,0.0,0.0,Train006,10.0
139,0,1,6.944444444444444e-05,-1.0,10.112204468377248,0.0,-10.105684911496649,0.3630587828682451,10.112204468377248,19.04513209382319,0.0,0.0,-1.000088900581841e-12,0,1,1.8,0.00012499999999999998,-0.2,8.94322821220525,0.4744927714399128,-2.50683569142359,-0.1518285476649671,2.557531236727363,0.6986220270251579,0.7711302927395568,62.582369265572005,0.5545177444461562,0.0,0.2,Train006,10.0
139,1,5,0.00034722222222222224,2.0,9.0037740192004,0.9855756934520946,-2.2207457292659654,-0.26420802825046436,2.2364072697621564,23.678897391234244,0.7967749545721758,20.97287773741531,1.6094379124291003,2,0,3.4,0.00023611111111111112,0.4,7.955747710868076,1.0547557306728241,-3.2708817177324034,-0.387367147520825,3.2937932745162115,0.9914449859101488,0.6870809815522738,19.555325973367705,1.200777413417908,0.4,0.0,Train006,10.0
139,2,1,6.944444444444444e-05,0.0,7.626183061312091,0.0,-7.62548178338961,0.10341980389007237,7.626183061312091,15.283816252556681,1.1102230246251565e-16,0.0,-1.000088900581841e-12,0,0,1.0,6.944444444444444e-05,0.0,7.12662213526572,0.0,-7.125441616615866,0.128600821022514,7.12662213526572,-0.60338239408503,6.661338147750939e-17,0.0,-1.000088900581841e-12,0.0,0.0,Train006,10.0
139,3,1,6.944444444444444e-05,0.0,4.292452066680017,0.0,3.1002235009740575,2.9687975661458816,4.292452066680017,18.48420408055381,0.0,0.0,-1.000088900581841e-12,0,0,1.0,6.944444444444444e-05,0.0,3.3590637338718485,0.0,2.700647467560022,1.9808280248059813,3.3590637338718485,1.2574888339383328,0.0,0.0,-1.000088900581841e-12,0.0,0.0,Train006,10.0
139,4,1,6.944444444444444e-05,0.0,8.519869807193663,0.0,8.51679185620235,-0.22899347077053828,8.519869807193663,23.81206405116356,1.1102230246251565e-16,0.0,-1.000088900581841e-12,0,0,1.0,6.944444444444444e-05,0.0,7.295215800640127,0.0,7.294184086956134,0.022390242514248447,7.295215800640127,1.6512835407049735,6.661338147750939e-17,0.0,-1.000088900581841e-12,0.0,0.0,Train006,10.0
139,5,2,0.0001388888888888889,0.0,11.14714039146796,0.7673489021369866,0.7609526044387849,-0.23211382932196026,0.7955662737727598,21.003825563632176,0.9811160016966594,33.292744130954816,0.6931471805579453,0,0,2.0,0.0001388888888888889,0.0,10.476654110495442,0.228278646891809,0.07307075056695744,-0.12135919078651232,0.27071471289294086,-0.5042877744531111,0.9884468744799483,29.135816872131763,0.6931471805579453,0.0,0.0,Train006,10.0
140,0,1,6.944444444444444e-05,0.0,10.178679752419205,0.0,-10.169146129821911,0.4404412476559403,10.178679752419205,0.6647528404195668,0.0,0.0,-1.000088900581841e-12,0,0,1.6,0.00011111111111111112,-0.2,9.075648929601702,0.3592655545340203,-4.422885945486906,-0.012329865233319238,4.464756803066244,0.1964147441726091,0.5771203185306388,47.10128587169879,0.4158883083343671,0.0,0.2,Train006,10.0
140,1,5,0.00034722222222222224,0.0,9.154359018476239,1.1440457677752733,-2.156772883675762,-0.19361421863469638,2.165445851878219,1.505849992758387,0.798142622787815,20.084259583783144,1.6094379124291003,0,0,3.8,0.0002638888888888889,0.4,8.061532346263292,1.0349023467903014,-2.901176345180185,-0.3383935637738869,2.92103648830712,1.14439673319387,0.7145029555007063,19.710128840011514,1.302942538170706,0.4,0.0,Train006,10.0
140,2,1,6.944444444444444e-05,0.0,7.695266622799797,0.0,-7.694700445851335,0.09334583328606805,7.695266622799797,0.6908356148770611,0.0,0.0,-1.000088900581841e-12,0,0,1.0,6.944444444444444e-05,0.0,7.095731734922931,0.0,-7.094750914736904,0.1159254642077882,7.095731734922931,-0.30890400342788277,6.661338147750939e-17,0.0,-1.000088900581841e-12,0.0,0.0,Train006,10.0
140,3,1,6.944444444444444e-05,0.0,4.50751048989677,0.0,3.1647115716914036,3.2097120563271635,4.50751048989677,2.1505842321675317,0.0,0.0,-1.000088900581841e-12,0,0,1.0,6.944444444444444e-05,0.0,3.4952787810765016,0.0,2.696832466048274,2.1982655588380586,3.4952787810765016,1.362150472046532,0.0,0.0,-1.000088900581841e-12,0.0,0.0,Train006,10.0
140,4,1,6.944444444444444e-05,0.0,8.84560520618525,0.0,8.839807835965448,-0.320201322444893,8.84560520618525,3.2573539899158632,0.0,0.0,-1.000088900581841e-12,0,0,1.0,6.944444444444444e-05,0.0,7.512832040507339,0.0,7.51076592953042,-0.061350243175133524,7.512832040507339,2.1761623986721172,6.661338147750939e-17,0.0,-1.000088900581841e-12,0.0,0.0,Train006,10.0
140,5,2,0.0001388888888888889,0.0,11.220102647618091,1.0310087017164244,1.0257145518222286,-0.267091475861675,1.059918958363253,0.7296225615013263,0.9779940586792525,35.26978858332976,0.6931471805579453,0,0,2.0,0.0001388888888888889,0.0,10.429383274853471,0.42963110495429824,0.28396193150476423,-0.15758605604289316,0.4645715115126957,-0.47270835641971126,0.9855702727002356,30.653259503778475,0.6931471805579453,0.0,0.0,Train006,10.0
141,0,1,6.944444444444444e-05,0.0,9.602261053135216,0.0,-9.592112830991418,0.4413488077328895,9.602261053135216,-5.7641869928398926,0.0,0.0,-1.000088900581841e-12,0,0,1.4,9.722222222222222e-05,-0.2,9.182734261018641,0.23406357902927216,-6.213142162089109,0.13533758008338867,6.243947914992899,-0.05693911562248886,0.38435236783809,31.44138192072461,0.27725887222257806,0.0,0.2,Train006,10.0
141,1,5,0.00034722222222222224,0.0,8.654305031486071,1.1116945243434149,-1.9942589094854815,-0.15795143044472298,2.0005042495435386,-5.000539869901676,0.7985418521726633,19.77768200322786,1.6094379124291003,0,0,4.2,0.0002916666666666667,0.4,8.175170790146101,1.0313321673470477,-2.5543594450027283,-0.2820740449736403,2.5703045224555843,1.2229348180698143,0.7422776833425248,19.828550585381816,1.4051076629235042,0.4,0.0,Train006,10.0
141,2,1,6.944444444444444e-05,0.0,7.258735495497216,0.0,-7.258246147173335,0.08428440327052278,7.258735495497216,-4.365311273025805,0.0,0.0,-1.000088900581841e-12,0,0,1.0,6.944444444444444e-05,0.0,7.079328941632831,0.0,-7.078521471825249,0.10456338325396297,7.079328941632831,-0.16402793290100953,4.4408920985006264e-17,0.0,-1.000088900581841e-12,0.0,0.0,Train006,10.0
141,3,1,6.944444444444444e-05,0.0,4.222521543940915,0.0,2.9371832765352215,3.033585764254406,4.222521543940915,-2.849889459558552,0.0,0.0,-1.000088900581841e-12,0,0,1.0,6.944444444444444e-05,0.0,3.6667925755856494,0.0,2.72430716586287,2.43167474136064,3.6667925755856494,1.7151379450914728,0.0,0.0,-1.000088900581841e-12,0.0,0.0,Train006,10.0
141,4,1,6.944444444444444e-05,0.0,8.43733350108878,0.0,8.43076084766991,-0.3329686741890147,8.43733350108878,-4.082717050964693,0.0,0.0,-1.000088900581841e-12,0,0,1.0,6.944444444444444e-05,0.0,7.73597818561254,0.0,7.732705901324422,-0.14575768382065668,7.73597818561254,2.2314614510519934,6.661338147750939e-17,0.0,-1.000088900581841e-12,0.0,0.0,Train006,10.0
141,5,2,0.0001388888888888889,0.0,10.583921534547285,1.0623932815527475,1.0579226266156185,-0.26347436420004905,1.0902380586348606,-6.361811130708075,0.9767507413451988,35.9754595677363,0.6931471805579453,0,0,2.0,0.0001388888888888889,0.0,10.38629474233031,0.621326077371994,0.5174694123752562,-0.19046446731220384,0.6530673359990476,-0.43088532523160766,0.982865833994021,32.21950412886143,0.6931471805579453,0.0,0.0,Train006,10.0
142,0,1,6.944444444444444e-05,0.0,8.836587167284543,0.0,-8.826805535468022,0.41566429248728165,8.836587167284543,-7.656738858506724,0.0,0.0,-1.000088900581841e-12,0,0,1.2,8.333333333333333e-05,-0.2,9.274705497063039,0.11277924297918966,-7.8542828853890345,0.2771408324512742,7.8738866060375985,-0.20808006934792508,0.19207510330039168,15.725629328646914,0.13862943611078898,0.0,0.2,Train006,10.0
142,1,5,0.00034722222222222224,0.0,7.960510062525475,1.0191909305546527,-1.8099088241612278,-0.13626933865593432,1.8150314830422098,-6.937949689605967,0.7986871332181196,19.689745039445558,1.6094379124291003,0,0,4.6,0.00031944444444444446,0.4,8.290421520277203,1.0329309049281266,-2.241516066290094,-0.2265328986682035,2.253425542925697,1.2390576805527627,0.7701976023836147,19.936000530882232,1.5072727876763021,0.4,0.0,Train006,10.0
142,2,1,6.944444444444444e-05,0.0,6.674879782590587,0.0,-6.674445670288519,0.07612559624330031,6.674879782590587,-5.838557129066295,1.1102230246251565e-16,0.0,-1.000088900581841e-12,0,0,1.0,6.944444444444444e-05,0.0,7.070573279651223,0.0,-7.069919577393902,0.09436176607574179,7.070573279651223,-0.08755661981608114,6.661338147750939e-17,0.0,-1.000088900581841e-12,0.0,0.0,Train006,10.0
142,3,1,6.944444444444444e-05,0.0,3.8182889819555363,0.0,2.6466266861500976,2.752216912578149,3.8182889819555363,-4.042325619853786,0.0,0.0,-1.000088900581841e-12,0,0,1.0,6.944444444444444e-05,0.0,3.8569609482195752,0.0,2.7764604592560853,2.664003427985069,3.8569609482195752,1.9016837263392534,0.0,0.0,-1.000088900581841e-12,0.0,0.0,Train006,10.0
142,4,1,6.944444444444444e-05,0.0,7.798382042841383,0.0,7.791904988778869,-0.31777213841667323,7.798382042841383,-6.38951458247397,1.1102230246251565e-16,0.0,-1.000088900581841e-12,0,0,1.0,6.944444444444444e-05,0.0,7.947970791877276,0.0,7.943499368688426,-0.22542046101398933,7.947970791877276,2.1199260626473713,6.661338147750939e-17,0.0,-1.000088900581841e-12,0.0,0.0,Train006,10.0
142,5,2,0.0001388888888888889,0.0,9.739183188228012,1.0111929979750967,1.0072903028225042,-0.24668878342738704,1.0370579106439217,-8.447383463192741,0.9762382659550882,36.18747897578418,0.6931471805579453,0,0,2.0,0.0001388888888888889,0.0,10.347421119393218,0.7988177908277025,0.7448396326423119,-0.22022544988626,0.8280029253784129,-0.38873622937092983,0.9802307689445335,33.80168893703424,0.6931471805579453,0.0,0.0,Train006,10.0
143,0,1,6.944444444444444e-05,0.0,8.050327447661871,0.0,-8.041246524909953,0.3822647514507569,8.050327447661871,-7.862597196226719,0.0,0.0,-1.000088900581841e-12,0,0,1.0,6.944444444444444e-05,-0.2,9.356011977775617,0.0,-9.346999186537591,0.4085555764390228,9.356011977775617,-0.3147276226661161,0.0,0.0,-1.000088900581841e-12,0.0,0.2,Train006,10.0
143,1,5,0.00034722222222222224,0.0,7.243083639972596,0.9164295071585938,-1.6315962450574297,-0.12070043456897099,1.6360546756727425,-7.174264225528782,0.7987449070024792,19.683473039039992,1.6094379124291003,0,0,5.0,0.00034722222222222224,0.4,8.403206354332156,1.035387284656806,-1.9626565183291735,-0.1745486901109578,1.9706887059797733,1.2143987197912431,0.7981782939506505,20.041607480582375,1.6094379124291003,0.4,0.0,Train006,10.0
143,2,1,6.944444444444444e-05,0.0,6.075708450604143,0.0,-6.075319199928691,0.06877351031037615,6.075708450604143,-5.991713319864438,0.0,0.0,-1.000088900581841e-12,0,0,1.0,6.944444444444444e-05,0.0,7.066154682560767,0.0,-7.0656386493262975,0.085189829400068,7.066154682560767,-0.0441859709045616,4.4408920985006264e-17,0.0,-1.000088900581841e-12,0.0,0.0,Train006,10.0
143,3,1,6.944444444444444e-05,0.0,3.415644113986959,0.0,2.3641749978895783,2.4652183052962204,3.415644113986959,-4.026448679685775,1.1102230246251565e-16,0.0,-1.000088900581841e-12,0,0,1.0,6.944444444444444e-05,0.0,4.051283439292039,0.0,2.842584006648072,2.8859061209203642,4.051283439292039,1.9432249107246455,2.2204460492503132e-17,0.0,-1.000088900581841e-12,0.0,0.0,Train006,10.0
143,4,1,6.944444444444444e-05,0.0,7.117078216872047,0.0,7.111012654766773,-0.29377094618324706,7.117078216872047,-6.8130382596933625,0.0,0.0,-1.000088900581841e-12,0,0,1.0,6.944444444444444e-05,0.0,8.143653754836224,0.0,8.13805563667667,-0.29874131040087326,8.143653754836224,1.95682962958948,4.4408920985006264e-17,0.0,-1.000088900581841e-12,0.0,0.0,Train006,10.0
143,5,2,0.0001388888888888889,0.0,8.871954610653663,0.9342183620231017,0.9307455732900269,-0.22632665514826716,0.9578679851783248,-8.672285775743482,0.9760235720576845,36.214479220696894,0.6931471805579453,0,0,2.0,0.0001388888888888889,0.0,10.312460474503002,0.9612324490808714,0.9565251317978326,-0.2471390215918677,0.9881298373186238,-0.349606448902162,0.9776245279467768,35.38799009570039,0.6931471805579453,0.0,0.0,Train006,10.0
144,0,1,6.944444444444444e-05,0.0,8.473286191094738,0.0,-8.473116592980205,0.05361042771981239,8.473286191094738,4.229587434328668,1.1102230246251565e-16,0.0,-1.000088900581841e-12,0,0,1.0,6.944444444444444e-05,0.0,9.028228322319114,0.0,-9.020485522834301,0.3466659054093362,9.028228322319114,-3.277836554565021,2.2204460492503132e-17,0.0,-1.000088900581841e-12,0.0,0.0,Train006,10.0
144,1,5,0.00034722222222222224,0.0,9.199906955399673,0.8779087976753173,-1.9716675540302546,-0.40388469383897513,2.0126091994058486,19.568233154270764,0.7966171728888607,16.72850448085096,1.6094379124291003,0,0,5.0,0.00034722222222222224,0.0,8.442432941572012,1.0138539055014504,-1.9128408832820312,-0.20248402322865994,1.9259290919085117,0.3922658723985471,0.7981467376139875,19.192732829269502,1.6094379124291003,0.0,0.0,Train006,10.0
144,2,1,6.944444444444444e-05,0.0,8.774822713975166,0.0,-8.774602657039319,0.06214396811463619,8.774822713975166,26.991142633710226,0.0,0.0,-1.000088900581841e-12,0,0,1.0,6.944444444444444e-05,0.0,7.295882613093381,0.0,-7.295462824056239,0.07693466224498077,7.295882613093381,2.297279305326147,2.2204460492503132e-17,0.0,-1.000088900581841e-12,0.0,0.0,Train006,10.0
144,3,0,0.0,-1.0,0.0,0.0,0.0,0.0,0.0,0.0,0.0,0.0,0.0,0,1,0.8,5.555555555555556e-05,-0.2,3.1927930259560364,0.0,2.2225393064532604,2.292146607691188,3.1927930259560364,-1.7536159053861162,2.2204460492503132e-17,0.0,-8.000711204654728e-13,0.0,0.2,Train006,10.0
144,4,1,6.944444444444444e-05,0.0,7.634375453153947,0.0,7.634329362308615,0.026528239897621216,7.634375453153947,5.172972362818999,0.0,0.0,-1.000088900581841e-12,0,0,1.0,6.944444444444444e-05,0.0,7.966554884028281,0.0,7.961563137897923,-0.24763696826724138,7.966554884028281,-1.770988708079432,2.2204460492503132e-17,0.0,-1.000088900581841e-12,0.0,0.0,Train006,10.0
144,5,2,0.0001388888888888889,0.0,10.848121484865072,0.1132915444345306,0.11073557124278821,-0.2059247992473227,0.2338105850544769,19.7616687421141,0.9811450399578402,41.38590344199188,0.6931471805579453,0,0,2.0,0.0001388888888888889,0.0,10.252656693182425,0.8304209775403801,0.8264817251586333,-0.24190121557694022,0.8757786995749675,-0.5980378132057773,0.9776303355990128,37.006621957907804,0.6931471805579453,0.0,0.0,Train006,10.0
145,0,1,6.944444444444444e-05,0.0,8.124092470480038,0.0,-8.123843527422665,-0.06359882753105794,8.124092470480038,-3.491937206147,0.0,0.0,-1.000088900581841e-12,0,0,1.0,6.944444444444444e-05,0.0,8.617310865931282,0.0,-8.611425002354451,0.24585789037193653,8.617310865931282,-4.109174563878335,2.2204460492503132e-17,0.0,-1.000088900581841e-12,0.0,0.0,Train006,10.0
145,1,5,0.00034722222222222224,0.0,9.334377935904191,0.8632251783166776,-1.9646889772915475,-0.4781987599001667,2.022047682786181,1.344709805045193,0.7958917864954906,15.692338845032069,1.6094379124291003,0,0,5.0,0.00034722222222222224,0.0,8.478436725057602,0.9576897876097312,-1.8744241020051882,-0.25940093148175397,1.8972494580901043,0.3600378348559083,0.7976965703555228,18.314348681519288,1.6094379124291003,0.0,0.0,Train006,10.0
145,2,1,6.944444444444444e-05,0.0,9.188721970056559,0.0,-9.18855033142728,0.05616270851488381,9.188721970056559,4.138992560813932,1.1102230246251565e-16,0.0,-1.000088900581841e-12,0,0,1.0,6.944444444444444e-05,0.0,7.594573682544734,0.0,-7.5942328011714295,0.06949803729074391,7.594573682544734,2.9869106945135213,4.4408920985006264e-17,0.0,-1.000088900581841e-12,0.0,0.0,Train006,10.0
145,3,0,0.0,0.0,0.0,0.0,0.0,0.0,0.0,0.0,0.0,0.0,0.0,0,0,0.6,4.1666666666666665e-05,-0.2,2.291290927976682,0.0,1.5895969921149795,1.650204196425755,2.291290927976682,-2.1837327518196226,2.2204460492503132e-17,0.0,-6.000533403491046e-13,0.0,0.2,Train006,10.0
145,4,1,6.944444444444444e-05,0.0,7.367297558807629,0.0,7.36604024796403,0.13610431803167167,7.367297558807629,-2.6707789434631746,0.0,0.0,-1.000088900581841e-12,0,0,1.0,6.944444444444444e-05,0.0,7.670893354552757,0.0,7.666809620297639,-0.15637584017192846,7.670893354552757,-2.9566152947552395,2.2204460492503132e-17,0.0,-1.000088900581841e-12,0.0,0.0,Train006,10.0
145,5,2,0.0001388888888888889,0.0,10.894350119001967,0.17764239552999417,-0.17978326745850826,-0.1867119963108211,0.2591975941717623,0.4622863413689515,0.9826721997018748,43.36099397290742,0.6931471805579453,0,0,2.0,0.0001388888888888889,0.0,10.1875061874592,0.6597477163030941,0.5853821613024859,-0.2258253196667694,0.7156344267366693,-0.6515050572322523,0.9785659638035373,38.62486303582334,0.6931471805579453,0.0,0.0,Train006,10.0
146,0,1,6.944444444444444e-05,0.0,7.524741662965218,0.0,-7.524070139228746,-0.10052678414673777,7.524741662965218,-5.993508075148197,1.1102230246251565e-16,0.0,-1.000088900581841e-12,0,0,1.0,6.944444444444444e-05,0.0,8.201806987897282,0.0,-8.197816464001917,0.13748277199601108,8.201806987897282,-4.1550387803399955,4.4408920985006264e-17,0.0,-1.000088900581841e-12,0.0,0.0,Train006,10.0
146,1,5,0.00034722222222222224,0.0,8.826290767663137,0.8115405015601385,-1.8411098193602378,-0.47571981580656714,1.9015769009155852,-5.080871682410551,0.7956097268289863,15.337417280157336,1.6094379124291003,0,0,5.0,0.00034722222222222224,0.0,8.512833872293015,0.8976589830530759,-1.8437942839801393,-0.32295460855412284,1.8774639883645137,0.3439714723541332,0.7971101452867873,17.426295736905182,1.6094379124291003,0.0,0.0,Train006,10.0
146,2,1,6.944444444444444e-05,0.0,8.787702217436031,0.0,-8.78755559213108,0.050763939326239106,8.787702217436031,-4.010197526205275,0.0,0.0,-1.000088900581841e-12,0,0,1.0,6.944444444444444e-05,0.0,7.900367026932497,0.0,-7.900094690162978,0.06279394450188718,7.900367026932497,3.0579334438776273,4.4408920985006264e-17,0.0,-1.000088900581841e-12,0.0,0.0,Train006,10.0
146,3,0,0.0,0.0,0.0,0.0,0.0,0.0,0.0,0.0,0.0,0.0,0.0,0,0,0.4,2.777777777777778e-05,-0.2,1.446786619188499,0.0,1.002160336807935,1.0434870435748738,1.446786619188499,-1.6137548599079121,2.2204460492503132e-17,0.0,-4.000355602327364e-13,0.0,0.2,Train006,10.0
146,4,1,6.944444444444444e-05,0.0,6.840924874876388,0.0,6.838907934327576,0.16610662086097328,6.840924874876388,-5.263726839312417,0.0,0.0,-1.000088900581841e-12,0,0,1.0,6.944444444444444e-05,0.0,7.351611629310279,0.0,7.348439037629173,-0.05656078116193083,7.351611629310279,-3.1928172524247844,2.2204460492503132e-17,0.0,-1.000088900581841e-12,0.0,0.0,Train006,10.0
146,5,2,0.0001388888888888889,0.0,10.268296106907345,0.26780143548861624,-0.26967867180046046,-0.16904422657154866,0.31828059406949955,-6.26054012094623,0.9832434493536122,44.056338815275986,0.6931471805579453,0,0,2.0,0.0001388888888888889,0.0,10.124381101931212,0.5008293470902678,0.31986190161927014,-0.20693929214106938,0.561242933823597,-0.6312508552798832,0.97986450540522,40.24103888533127,0.6931471805579453,0.0,0.0,Train006,10.0
147,0,1,6.944444444444444e-05,0.0,6.873538564792935,0.0,-6.872699134576399,-0.10741977140424631,6.873538564792935,-6.512030981722834,0.0,0.0,-1.000088900581841e-12,0,0,1.0,6.944444444444444e-05,0.0,7.80919726739896,0.0,-7.806995183823593,0.03286595921770551,7.80919726739896,-3.9260972049832175,4.4408920985006264e-17,0.0,-1.000088900581841e-12,0.0,0.0,Train006,10.0
147,1,5,0.00034722222222222224,0.0,8.126465216915483,0.7445486008262373,-1.6861396002469302,-0.4467747954750042,1.7443263655040617,-6.998255507476552,0.7954943747440801,15.231607071583772,1.6094379124291003,0,0,5.0,0.00034722222222222224,0.0,8.546024903171016,0.8427305171073929,-1.8190404391972799,-0.3850556999179368,1.8633229648568836,0.3319103087800162,0.7964715935919794,16.534668143332826,1.6094379124291003,0.0,0.0,Train006,10.0
147,2,1,6.944444444444444e-05,0.0,8.12869002507305,0.0,-8.12856049423145,0.04588916366476959,8.12869002507305,-6.5901219236298125,1.1102230246251565e-16,0.0,-1.000088900581841e-12,0,0,1.0,6.944444444444444e-05,0.0,8.19112907542899,0.0,-8.190917654951564,0.056746657986181046,8.19112907542899,2.907620484964924,4.4408920985006264e-17,0.0,-1.000088900581841e-12,0.0,0.0,Train006,10.0
147,3,0,0.0,0.0,0.0,0.0,0.0,0.0,0.0,0.0,0.0,0.0,0.0,0,0,0.2,1.388888888888889e-05,-0.2,0.6831288227973917,0.0,0.47283499957791564,0.4930436610592441,0.6831288227973917,-0.8052897359371549,2.2204460492503132e-17,0.0,-2.000177801163682e-13,0.0,0.2,Train006,10.0
147,4,1,6.944444444444444e-05,0.0,6.255258176876787,0.0,6.253035735958124,0.16673015388509863,6.255258176876787,-5.856666979996001,1.1102230246251565e-16,0.0,-1.000088900581841e-12,0,0,1.0,6.944444444444444e-05,0.0,7.042986856117359,0.0,7.040665187065024,0.04033967729842354,7.042986856117359,-3.0862477319291908,2.2204460492503132e-17,0.0,-1.000088900581841e-12,0.0,0.0,Train006,10.0
147,5,2,0.0001388888888888889,0.0,9.445930900629044,0.28309521747275923,-0.2847713302467554,-0.15295381010326056,0.32324847804067214,-8.223652062783007,0.9834739064123121,44.260538474676494,0.6931471805579453,0,0,2.0,0.0001388888888888889,0.0,10.065730644411417,0.3552097909898004,0.061449575005418214,-0.18819229747624405,0.4184810473029471,-0.5865045751979363,0.9813116334966647,41.85565078510974,0.6931471805579453,0.0,0.0,Train006,10.0
148,0,1,6.944444444444444e-05,0.0,6.242651930609286,0.0,-6.241794151058495,-0.10348382748916263,6.242651930609286,-6.30886634183649,0.0,0.0,-1.000088900581841e-12,0,0,1.0,6.944444444444444e-05,0.0,7.447662163988443,0.0,-7.447104709053302,-0.06428375657027839,7.447662163988443,-3.6153510341051716,4.4408920985006264e-17,0.0,-1.000088900581841e-12,0.0,0.0,Train006,10.0
148,1,5,0.00034722222222222224,0.0,7.402338418461133,0.6759117159960193,-1.530476140117819,-0.410370456714552,1.5845381431868557,-7.241267984543491,0.7954461951872692,15.21731317149349,1.6094379124291003,0,0,5.0,0.00034722222222222224,0.0,8.577875858868724,0.794626958874878,-1.7988164182093578,-0.442989704347053,1.8530196583597065,0.3185095569770745,0.7958118512289374,15.641436169823525,1.6094379124291003,0.0,0.0,Train006,10.0
148,2,1,6.944444444444444e-05,0.0,7.4196328184442075,0.0,-7.419516834295302,0.04148621630072946,7.4196328184442075,-7.090572066288425,0.0,0.0,-1.000088900581841e-12,0,0,1.0,6.944444444444444e-05,0.0,8.459913948997002,0.0,-8.459757181824887,0.05128919918425171,8.459913948997002,2.687848735680127,4.4408920985006264e-17,0.0,-1.000088900581841e-12,0.0,0.0,Train006,10.0
148,3,0,0.0,0.0,0.0,0.0,0.0,0.0,0.0,0.0,0.0,0.0,0.0,0,0,0.0,0.0,-0.2,0.0,0.0,0.0,0.0,0.0,0.0,0.0,0.0,0.0,0.0,0.2,Train006,10.0
148,4,1,6.944444444444444e-05,0.0,5.683485077488739,0.0,5.681312789319557,0.15712293260757668,5.683485077488739,-5.717730993880483,0.0,0.0,-1.000088900581841e-12,0,0,1.0,6.944444444444444e-05,0.0,6.756268228240698,0.0,6.754725213975581,0.1305184530565883,6.756268228240698,-2.867186278766615,2.2204460492503132e-17,0.0,-1.000088900581841e-12,0.0,0.0,Train006,10.0
148,5,2,0.0001388888888888889,0.0,8.60394968026549,0.271573993171482,-0.27308172247068363,-0.13835892521875665,0.3061320292541193,-8.419812203635546,0.983569659662587,44.28156536906881,0.6931471805579453,0,0,2.0,0.0001388888888888889,0.0,10.012129658333784,0.22268091721947644,-0.1793158841467239,-0.17059875149034193,0.28813385611810605,-0.536009860776349,0.9828208510176453,43.46906801478411,0.6931471805579453,0.0,0.0,Train006,10.0
149,0,1,6.944444444444444e-05,0.0,9.484721048789842,0.0,-9.484234981245766,-0.09602184059477858,9.484721048789842,32.42069118180556,0.0,0.0,-1.000088900581841e-12,0,0,1.0,6.944444444444444e-05,0.0,7.649949135527464,0.0,-7.649328386706415,-0.09421021023319659,7.649949135527464,2.0228697153902067,2.2204460492503132e-17,0.0,-1.000088900581841e-12,0.0,0.0,Train006,10.0
149,1,3,0.00020833333333333335,-2.0,9.231962506183715,0.6250362132714228,-3.653498582346627,-0.37322395749320275,3.672512493328743,14.331857532586165,0.6655960417364709,12.263772086641525,1.0986122886651097,0,2,4.6,0.00031944444444444446,-0.4,8.58428696902553,0.744052441994099,-2.1351826238726326,-0.4368575570778986,2.1850003171442856,-0.7287655673598454,0.7696076249984595,14.748489690981637,1.5072727876763021,0.0,0.4,Train006,10.0
149,2,1,6.944444444444444e-05,0.0,9.695596103738636,0.0,-9.689877048799904,0.33296634360348826,9.695596103738636,22.75963285294428,0.0,0.0,-1.000088900581841e-12,0,0,1.0,6.944444444444444e-05,0.0,8.644068626949698,0.0,-8.642812060177002,0.10545367428202213,8.644068626949698,1.8415467795269376,4.4408920985006264e-17,0.0,-1.000088900581841e-12,0.0,0.0,Train006,10.0
149,3,1,6.944444444444444e-05,1.0,6.707436702122512,0.0,6.7047177775619,0.190962394794221,6.707436702122512,0.0,0.0,0.0,-1.000088900581841e-12,1,0,0.2,1.388888888888889e-05,0.2,1.3414873404245022,0.0,1.3409435555123799,0.0381924789588442,1.3414873404245022,0.0,0.0,0.0,-2.000177801163682e-13,0.2,0.0,Train006,10.0
149,4,1,6.944444444444444e-05,0.0,6.622701354036177,0.0,6.621124055038312,0.14453190839965546,6.622701354036177,9.392162765474383,1.1102230246251565e-16,0.0,-1.000088900581841e-12,0,0,1.0,6.944444444444444e-05,0.0,6.553933408417144,0.0,6.552084152521519,0.15411918675699515,6.553933408417144,-2.023348198235538,4.4408920985006264e-17,0.0,-1.000088900581841e-12,0.0,0.0,Train006,10.0
149,5,2,0.0001388888888888889,0.0,11.486933212286381,0.1890170647757854,0.18814088194379774,-0.12514299985999794,0.2259596465578522,28.829835320208907,0.9892197162527893,51.56838366886793,0.6931471805579453,0,0,2.0,0.0001388888888888889,0.0,10.139892003818044,0.2378260212877274,-0.163834822006522,-0.15444239161287698,0.2865636684187811,1.2776234548426124,0.9844357862766351,45.50556406015933,0.6931471805579453,0.0,0.0,Train006,10.0
