frame_idx,zone_id,count,density,delta_count,speed_mean,speed_std,flow_x,flow_y,flow_magnitude,accel_mean,flow_divergence,compression,spatial_entropy,zone_inflow,zone_outflow,count_sm,density_sm,delta_count_sm,speed_mean_sm,speed_std_sm,flow_x_sm,flow_y_sm,flow_magnitude_sm,accel_mean_sm,flow_divergence_sm,compression_sm,spatial_entropy_sm,zone_inflow_sm,zone_outflow_sm,vid_id,fps
0,0,1,6.944444444444444e-05,0.0,0.0,0.0,0.0,0.0,0.0,0.0,0.0,0.0,-1.000088900581841e-12,1,0,1.0,6.944444444444444e-05,0.0,0.0,0.0,0.0,0.0,0.0,0.0,0.0,0.0,-1.000088900581841e-12,1.0,0.0,Train007,10.0
0,1,2,0.0001388888888888889,0.0,0.0,0.0,0.0,0.0,0.0,0.0,0.0,20.554804791094465,0.6931471805579453,2,0,2.0,0.0001388888888888889,0.0,0.0,0.0,0.0,0.0,0.0,0.0,0.0,20.554804791094465,0.6931471805579453,2.0,0.0,Train007,10.0
0,2,1,6.944444444444444e-05,0.0,0.0,0.0,0.0,0.0,0.0,0.0,0.0,0.0,-1.000088900581841e-12,1,0,1.0,6.944444444444444e-05,0.0,0.0,0.0,0.0,0.0,0.0,0.0,0.0,0.0,-1.000088900581841e-12,1.0,0.0,Train007,10.0
0,3,1,6.944444444444444e-05,0.0,0.0,0.0,0.0,0.0,0.0,0.0,0.0,0.0,-1.000088900581841e-12,1,0,1.0,6.944444444444444e-05,0.0,0.0,0.0,0.0,0.0,0.0,0.0,0.0,0.0,-1.000088900581841e-12,1.0,0.0,Train007,10.0
0,4,1,6.944444444444444e-05,0.0,0.0,0.0,0.0,0.0,0.0,0.0,0.0,0.0,-1.000088900581841e-12,1,0,1.0,6.944444444444444e-05,0.0,0.0,0.0,0.0,0.0,0.0,0.0,0.0,0.0,-1.000088900581841e-12,1.0,0.0,Train007,10.0
0,5,2,0.0001388888888888889,0.0,0.0,0.0,0.0,0.0,0.0,0.0,0.0,55.616993805850385,0.6931471805579453,2,0,2.0,0.0001388888888888889,0.0,0.0,0.0,0.0,0.0,0.0,0.0,0.0,55.616993805850385,0.6931471805579453,2.0,0.0,Train007,10.0
1,0,1,6.944444444444444e-05,0.0,0.0,0.0,0.0,0.0,0.0,0.0,0.0,0.0,-1.000088900581841e-12,0,0,1.0,6.944444444444444e-05,0.0,0.0,0.0,0.0,0.0,0.0,0.0,0.0,0.0,-1.000088900581841e-12,0.5,0.0,Train007,10.0
1,1,2,0.0001388888888888889,0.0,0.0,0.0,0.0,0.0,0.0,0.0,0.0,20.554804791094465,0.6931471805579453,0,0,2.0,0.0001388888888888889,0.0,0.0,0.0,0.0,0.0,0.0,0.0,0.0,20.554804791094465,0.6931471805579453,1.0,0.0,Train007,10.0
1,2,1,6.944444444444444e-05,0.0,0.0,0.0,0.0,0.0,0.0,0.0,0.0,0.0,-1.000088900581841e-12,0,0,1.0,6.944444444444444e-05,0.0,0.0,0.0,0.0,0.0,0.0,0.0,0.0,0.0,-1.000088900581841e-12,0.5,0.0,Train007,10.0
1,3,1,6.944444444444444e-05,0.0,0.0,0.0,0.0,0.0,0.0,0.0,0.0,0.0,-1.000088900581841e-12,0,0,1.0,6.944444444444444e-05,0.0,0.0,0.0,0.0,0.0,0.0,0.0,0.0,0.0,-1.000088900581841e-12,0.5,0.0,Train007,10.0
1,4,1,6.944444444444444e-05,0.0,0.0,0.0,0.0,0.0,0.0,0.0,0.0,0.0,-1.000088900581841e-12,0,0,1.0,6.944444444444444e-05,0.0,0.0,0.0,0.0,0.0,0.0,0.0,0.0,0.0,-1.000088900581841e-12,0.5,0.0,Train007,10.0
1,5,2,0.0001388888888888889,0.0,0.0,0.0,0.0,0.0,0.0,0.0,0.0,55.616993805850385,0.6931471805579453,0,0,2.0,0.0001388888888888889,0.0,0.0,0.0,0.0,0.0,0.0,0.0,0.0,55.616993805850385,0.6931471805579453,1.0,0.0,Train007,10.0
2,0,1,6.944444444444444e-05,0.0,0.0,0.0,0.0,0.0,0.0,0.0,0.0,0.0,-1.000088900581841e-12,0,0,1.0,6.944444444444444e-05,0.0,0.0,0.0,0.0,0.0,0.0,0.0,0.0,0.0,-1.000088900581841e-12,0.3333333333333333,0.0,Train007,10.0
2,1,2,0.0001388888888888889,0.0,0.0,0.0,0.0,0.0,0.0,0.0,0.0,20.554804791094465,0.6931471805579453,0,0,2.0,0.0001388888888888889,0.0,0.0,0.0,0.0,0.0,0.0,0.0,0.0,20.554804791094465,0.6931471805579453,0.6666666666666666,0.0,Train007,10.0
2,2,1,6.944444444444444e-05,0.0,0.0,0.0,0.0,0.0,0.0,0.0,0.0,0.0,-1.000088900581841e-12,0,0,1.0,6.944444444444444e-05,0.0,0.0,0.0,0.0,0.0,0.0,0.0,0.0,0.0,-1.000088900581841e-12,0.3333333333333333,0.0,Train007,10.0
2,3,1,6.944444444444444e-05,0.0,0.0,0.0,0.0,0.0,0.0,0.0,0.0,0.0,-1.000088900581841e-12,0,0,1.0,6.944444444444444e-05,0.0,0.0,0.0,0.0,0.0,0.0,0.0,0.0,0.0,-1.000088900581841e-12,0.3333333333333333,0.0,Train007,10.0
2,4,1,6.944444444444444e-05,0.0,0.0,0.0,0.0,0.0,0.0,0.0,0.0,0.0,-1.000088900581841e-12,0,0,1.0,6.944444444444444e-05,0.0,0.0,0.0,0.0,0.0,0.0,0.0,0.0,0.0,-1.000088900581841e-12,0.3333333333333333,0.0,Train007,10.0
2,5,2,0.0001388888888888889,0.0,0.0,0.0,0.0,0.0,0.0,0.0,0.0,55.616993805850385,0.6931471805579453,0,0,2.0,0.0001388888888888889,0.0,0.0,0.0,0.0,0.0,0.0,0.0,0.0,55.616993805850385,0.6931471805579453,0.6666666666666666,0.0,Train007,10.0
3,0,1,6.944444444444444e-05,0.0,0.0,0.0,0.0,0.0,0.0,0.0,0.0,0.0,-1.000088900581841e-12,0,0,1.0,6.944444444444444e-05,0.0,0.0,0.0,0.0,0.0,0.0,0.0,0.0,0.0,-1.000088900581841e-12,0.25,0.0,Train007,10.0
3,1,2,0.0001388888888888889,0.0,0.0,0.0,0.0,0.0,0.0,0.0,0.0,20.554804791094465,0.6931471805579453,0,0,2.0,0.0001388888888888889,0.0,0.0,0.0,0.0,0.0,0.0,0.0,0.0,20.554804791094465,0.6931471805579453,0.5,0.0,Train007,10.0
3,2,1,6.944444444444444e-05,0.0,0.0,0.0,0.0,0.0,0.0,0.0,0.0,0.0,-1.000088900581841e-12,0,0,1.0,6.944444444444444e-05,0.0,0.0,0.0,0.0,0.0,0.0,0.0,0.0,0.0,-1.000088900581841e-12,0.25,0.0,Train007,10.0
3,3,1,6.944444444444444e-05,0.0,0.0,0.0,0.0,0.0,0.0,0.0,0.0,0.0,-1.000088900581841e-12,0,0,1.0,6.944444444444444e-05,0.0,0.0,0.0,0.0,0.0,0.0,0.0,0.0,0.0,-1.000088900581841e-12,0.25,0.0,Train007,10.0
3,4,1,6.944444444444444e-05,0.0,0.0,0.0,0.0,0.0,0.0,0.0,0.0,0.0,-1.000088900581841e-12,0,0,1.0,6.944444444444444e-05,0.0,0.0,0.0,0.0,0.0,0.0,0.0,0.0,0.0,-1.000088900581841e-12,0.25,0.0,Train007,10.0
3,5,2,0.0001388888888888889,0.0,0.0,0.0,0.0,0.0,0.0,0.0,0.0,55.616993805850385,0.6931471805579453,0,0,2.0,0.0001388888888888889,0.0,0.0,0.0,0.0,0.0,0.0,0.0,0.0,55.616993805850385,0.6931471805579453,0.5,0.0,Train007,10.0
4,0,0,0.0,-1.0,0.0,0.0,0.0,0.0,0.0,0.0,0.0,0.0,0.0,0,1,0.8,5.555555555555556e-05,-0.2,0.0,0.0,0.0,0.0,0.0,0.0,0.0,0.0,-8.000711204654728e-13,0.2,0.2,Train007,10.0
4,1,3,0.00020833333333333335,1.0,6.591341282063141,5.210385072193594,1.8758194719768764,-0.46895486799421904,1.933550454387752,98.87011923094711,0.6666666666666667,35.06756938765841,1.0986122886651097,1,0,2.2,0.00015277777777777777,0.2,1.3182682564126282,1.0420770144387188,0.3751638943953753,-0.09379097359884381,0.38671009087755037,19.774023846189422,0.13333333333333336,23.457357710407255,0.7742402021793782,0.6,0.0,Train007,10.0
4,2,1,6.944444444444444e-05,0.0,5.800651363163256,0.0,-5.6274584159306285,-1.4068646039826571,5.800651363163256,58.00651363163256,0.0,0.0,-1.000088900581841e-12,0,0,1.0,6.944444444444444e-05,0.0,1.1601302726326512,0.0,-1.1254916831861257,-0.2813729207965314,1.1601302726326512,11.601302726326512,0.0,0.0,-1.000088900581841e-12,0.2,0.0,Train007,10.0
4,3,0,0.0,-1.0,0.0,0.0,0.0,0.0,0.0,0.0,0.0,0.0,0.0,0,1,0.8,5.555555555555556e-05,-0.2,0.0,0.0,0.0,0.0,0.0,0.0,0.0,0.0,-8.000711204654728e-13,0.2,0.2,Train007,10.0
4,4,1,6.944444444444444e-05,0.0,11.342505054266148,0.0,11.254916831861257,1.4068646039826571,11.342505054266148,113.42505054266148,1.1102230246251565e-16,0.0,-1.000088900581841e-12,0,0,1.0,6.944444444444444e-05,0.0,2.2685010108532295,0.0,2.2509833663722514,0.2813729207965314,2.2685010108532295,22.685010108532296,2.2204460492503132e-17,0.0,-1.000088900581841e-12,0.2,0.0,Train007,10.0
4,5,2,0.0001388888888888889,0.0,7.78154943310706,3.5609556211590885,-3.517161509956643,-0.7034323019913286,3.5868150343452774,77.8154943310706,0.9378625584436713,59.754904604750884,0.6931471805579453,0,0,2.0,0.0001388888888888889,0.0,1.556309886621412,0.7121911242318177,-0.7034323019913286,-0.1406864603982657,0.7173630068690555,15.56309886621412,0.18757251168873426,56.444575965630484,0.6931471805579453,0.4,0.0,Train007,10.0
5,0,0,0.0,0.0,0.0,0.0,0.0,0.0,0.0,0.0,0.0,0.0,0.0,0,0,0.6,4.1666666666666665e-05,-0.2,0.0,0.0,0.0,0.0,0.0,0.0,0.0,0.0,-6.000533403491046e-13,0.0,0.2,Train007,10.0
5,1,3,0.00020833333333333335,0.0,6.294722599035982,4.975911162856786,1.7914052264440883,-0.44785130661102196,1.8465382417281249,-2.966186830271589,0.6666666666666667,34.39122815906088,1.0986122886651097,0,0,2.4,0.00016666666666666666,0.2,2.5772127762198247,2.037259247010076,0.7334449396841929,-0.1833612349210482,0.7560177392231754,19.180786480135104,0.2666666666666667,26.22464238400054,0.855333223800811,0.2,0.0,Train007,10.0
5,2,1,6.944444444444444e-05,0.0,5.539614725184373,0.0,-5.374215679332264,-1.343553919833066,5.539614725184373,-2.610366379788829,0.0,0.0,-1.000088900581841e-12,0,0,1.0,6.944444444444444e-05,0.0,2.268053217669526,0.0,-2.2003348190525784,-0.5500837047631446,2.268053217669526,11.079229450368747,0.0,0.0,-1.000088900581841e-12,0.0,0.0,Train007,10.0
5,3,0,0.0,0.0,0.0,0.0,0.0,0.0,0.0,0.0,0.0,0.0,0.0,0,0,0.6,4.1666666666666665e-05,-0.2,0.0,0.0,0.0,0.0,0.0,0.0,0.0,0.0,-6.000533403491046e-13,0.0,0.2,Train007,10.0
5,4,1,6.944444444444444e-05,0.0,10.832078000431082,0.0,10.748431358664586,1.343553919833066,10.832078000431082,-5.1042705383506615,0.0,0.0,-1.000088900581841e-12,0,0,1.0,6.944444444444444e-05,0.0,4.434916610939446,0.0,4.400669638105168,0.5500837047631446,4.434916610939446,21.664156000862164,2.2204460492503132e-17,0.0,-1.000088900581841e-12,0.0,0.0,Train007,10.0
5,5,2,0.0001388888888888889,0.0,7.431369879965112,3.4007081204659135,-3.3588847995826647,-0.671776959916533,3.4254038273964396,-3.5017955314194804,0.9378625584436713,61.00631904147625,0.6931471805579453,0,0,2.0,0.0001388888888888889,0.0,3.042583862614434,1.3923327483250003,-1.3752092619078615,-0.2750418523815723,1.4024437723483434,14.862739759930225,0.3751450233774685,57.522441012755664,0.6931471805579453,0.0,0.0,Train007,10.0
6,0,0,0.0,0.0,0.0,0.0,0.0,0.0,0.0,0.0,0.0,0.0,0.0,0,0,0.4,2.777777777777778e-05,-0.2,0.0,0.0,0.0,0.0,0.0,0.0,0.0,0.0,-4.000355602327364e-13,0.0,0.2,Train007,10.0
6,1,3,0.00020833333333333335,0.0,5.237043132663486,4.139826811140746,1.490401886876362,-0.37260047171908667,1.5362711010527752,-10.57679466372496,0.6666666666666666,34.20661082335145,1.0986122886651097,0,0,2.6,0.00018055555555555555,0.2,3.624621402752522,2.8652246092382248,1.0315253170594654,-0.2578813292648655,1.0632719594337305,17.06542754739011,0.4,28.955003590451934,0.9364262454222441,0.2,0.0,Train007,10.0
6,2,1,6.944444444444444e-05,0.0,4.60881330315828,0.0,-4.47120566062904,-1.11780141515726,4.60881330315828,-9.30801422026093,0.0,0.0,-1.000088900581841e-12,0,0,1.0,6.944444444444444e-05,0.0,3.189815878301182,0.0,-3.094575951178386,-0.7736439877945965,3.189815878301182,9.21762660631656,0.0,0.0,-1.000088900581841e-12,0.0,0.0,Train007,10.0
6,3,0,0.0,0.0,0.0,0.0,0.0,0.0,0.0,0.0,0.0,0.0,0.0,0,0,0.4,2.777777777777778e-05,-0.2,0.0,0.0,0.0,0.0,0.0,0.0,0.0,0.0,-4.000355602327364e-13,0.0,0.2,Train007,10.0
6,4,1,6.944444444444444e-05,0.0,9.01200312041085,0.0,8.942411321258227,1.11780141515726,9.01200312041085,-18.200748800202327,1.1102230246251565e-16,0.0,-1.000088900581841e-12,0,0,1.0,6.944444444444444e-05,0.0,6.2373172350216155,0.0,6.189151902356814,0.7736439877945965,6.2373172350216155,18.0240062408217,4.4408920985006264e-17,0.0,-1.000088900581841e-12,0.0,0.0,Train007,10.0
6,5,2,0.0001388888888888889,0.0,6.182703682941308,2.8292994374694826,-2.7945035378931715,-0.55890070757863,2.8498456141042703,-12.486661970238037,0.937862558443672,61.35377907700036,0.6931471805579453,0,0,2.0,0.0001388888888888889,0.0,4.279124599202696,1.958192635818897,-1.9341099694864958,-0.38682199389729827,1.9724128951691973,12.365407365882614,0.5627175350662028,58.66979806698565,0.6931471805579453,0.0,0.0,Train007,10.0
7,0,0,0.0,0.0,0.0,0.0,0.0,0.0,0.0,0.0,0.0,0.0,0.0,0,0,0.2,1.388888888888889e-05,-0.2,0.0,0.0,0.0,0.0,0.0,0.0,0.0,0.0,-2.000177801163682e-13,0.0,0.2,Train007,10.0
7,1,3,0.00020833333333333335,0.0,4.303635857111147,3.4019783025148205,1.224764975079573,-0.3061912437698894,1.2624588397025145,-9.334072755523387,0.6666666666666666,34.17606920494426,1.0986122886651097,0,0,2.8,0.00019444444444444446,0.2,4.485348574174751,3.545620269741189,1.27647831207538,-0.31911957801884344,1.3157637273742333,15.198612996285437,0.5333333333333334,31.67925647322189,1.0175192670436768,0.2,0.0,Train007,10.0
7,2,1,6.944444444444444e-05,0.0,3.787376519107498,0.0,-3.6742949252386725,-0.9185737313096681,3.787376519107498,-8.214367840507823,0.0,0.0,-1.000088900581841e-12,0,0,1.0,6.944444444444444e-05,0.0,3.9472911821226817,0.0,-3.8294349362261206,-0.9573587340565302,3.9472911821226817,7.574753038214996,0.0,0.0,-1.000088900581841e-12,0.0,0.0,Train007,10.0
7,3,0,0.0,0.0,0.0,0.0,0.0,0.0,0.0,0.0,0.0,0.0,0.0,0,0,0.2,1.388888888888889e-05,-0.2,0.0,0.0,0.0,0.0,0.0,0.0,0.0,0.0,-2.000177801163682e-13,0.0,0.2,Train007,10.0
7,4,1,6.944444444444444e-05,0.0,7.405778182635026,0.0,7.3485898504774925,0.9185737313096496,7.405778182635026,-16.062249377758235,0.0,0.0,-1.000088900581841e-12,0,0,1.0,6.944444444444444e-05,0.0,7.718472871548622,0.0,7.658869872452312,0.9573587340565265,7.718472871548622,14.811556365270054,4.4408920985006264e-17,0.0,-1.000088900581841e-12,0.0,0.0,Train007,10.0
7,5,2,0.0001388888888888889,0.0,5.0807496882819825,2.3250284943529147,-2.296434328274146,-0.45928686565483406,2.341912690310843,-11.019539946593252,0.9378625584436713,61.41154680304764,0.6931471805579453,0,0,2.0,0.0001388888888888889,0.0,5.295274536859092,2.42319833468948,-2.393396835141325,-0.4786793670282651,2.440795433231366,10.161499376563965,0.7502900467549372,59.82870866642511,0.6931471805579453,0.0,0.0,Train007,10.0
8,0,0,0.0,0.0,0.0,0.0,0.0,0.0,0.0,0.0,0.0,0.0,0.0,0,0,0.0,0.0,-0.2,0.0,0.0,0.0,0.0,0.0,0.0,0.0,0.0,0.0,0.0,0.2,Train007,10.0
8,1,3,0.00020833333333333335,0.0,3.578134045936156,2.828476848860401,1.0182955531335465,-0.25457388828338273,1.0496350309165923,-7.255018111749909,0.6666666666666667,34.192004630699074,1.0986122886651097,0,0,3.0,0.00020833333333333335,0.2,5.200975383361983,4.111315639513269,1.4801374227020891,-0.37003435567551995,1.5256907335575518,13.747609373935452,0.6666666666666667,34.40669644114281,1.0986122886651097,0.2,0.0,Train007,10.0
8,2,1,6.944444444444444e-05,0.0,3.148905092749732,0.0,-3.054886659400593,-0.7637216648501483,3.148905092749732,-6.38471426357766,0.0,0.0,-1.000088900581841e-12,0,0,1.0,6.944444444444444e-05,0.0,4.577072200672628,0.0,-4.44041226810624,-1.11010306702656,4.577072200672628,6.297810185499463,0.0,0.0,-1.000088900581841e-12,0.0,0.0,Train007,10.0
8,3,0,0.0,0.0,0.0,0.0,0.0,0.0,0.0,0.0,0.0,0.0,0.0,0,0,0.0,0.0,-0.2,0.0,0.0,0.0,0.0,0.0,0.0,0.0,0.0,0.0,0.0,0.2,Train007,10.0
8,4,1,6.944444444444444e-05,0.0,6.15732090998175,0.0,6.109773318801366,0.7637216648501137,6.15732090998175,-12.484572726532761,1.1102230246251565e-16,0.0,-1.000088900581841e-12,0,0,1.0,6.944444444444444e-05,0.0,8.949937053544971,0.0,8.880824536212586,1.1101030670265493,8.949937053544971,12.3146418199635,6.661338147750939e-17,0.0,-1.000088900581841e-12,0.0,0.0,Train007,10.0
8,5,2,0.0001388888888888889,0.0,4.224242952266074,1.9330779577155814,-1.9093041621253866,-0.3818608324250741,1.9471158360122531,-8.565067360159084,0.937862558443672,61.38139528024877,0.6931471805579453,0,0,2.0,0.0001388888888888889,0.0,6.140123127312307,2.809813926232596,-2.7752576675664025,-0.55505153351328,2.830218600433817,8.448485904532149,0.9378625584436715,60.98158896130478,0.6931471805579453,0.0,0.0,Train007,10.0
9,0,1,6.944444444444444e-05,1.0,11.231699894750397,0.0,-10.933129507120455,2.5725010604989307,11.231699894750397,0.0,0.0,0.0,-1.000088900581841e-12,1,0,0.2,1.388888888888889e-05,0.2,2.2463399789500795,0.0,-2.186625901424091,0.5145002120997861,2.2463399789500795,0.0,0.0,0.0,-2.000177801163682e-13,0.2,0.0,Train007,10.0
9,1,4,0.0002777777777777778,1.0,6.924945332884354,5.780653583364431,0.5811874424999064,2.735353251523555,2.796414893026438,56.55126397909648,0.5678473451946604,11.454958327992587,1.3862943611158907,1,0,3.2,0.00022222222222222223,0.2,5.267696193526225,4.225369341747436,1.2212110168066954,0.2708272682280348,1.6982636212852888,5.283838323565329,0.6469028023722655,29.684174229209646,1.156148703155266,0.2,0.0,Train007,10.0
9,2,1,6.944444444444444e-05,0.0,7.635050768720507,0.0,-7.549197645906414,-1.1417596699746724,7.635050768720507,44.86145675970775,1.1102230246251565e-16,0.0,-1.000088900581841e-12,0,0,1.0,6.944444444444444e-05,0.0,4.943952081784078,0.0,-4.824760114101396,-1.0570820802249628,4.943952081784078,3.6687988111145016,2.2204460492503132e-17,0.0,-1.000088900581841e-12,0.0,0.0,Train007,10.0
9,3,1,6.944444444444444e-05,1.0,9.095164722441895,0.0,9.003753711746258,-1.2862505302494653,9.095164722441895,0.0,0.0,0.0,-1.000088900581841e-12,1,0,0.2,1.388888888888889e-05,0.2,1.819032944488379,0.0,1.8007507423492517,-0.25725010604989307,1.819032944488379,0.0,0.0,0.0,-2.000177801163682e-13,0.2,0.0,Train007,10.0
9,4,1,6.944444444444444e-05,0.0,8.661081255845914,0.0,8.637050865462966,0.6447331756400311,8.661081255845914,25.037603458641648,0.0,0.0,-1.000088900581841e-12,0,0,1.0,6.944444444444444e-05,0.0,8.413652293860924,0.0,8.357251342932926,0.957676781358024,8.413652293860924,-5.362847596840467,4.4408920985006264e-17,0.0,-1.000088900581841e-12,0.0,0.0,Train007,10.0
9,5,1,6.944444444444444e-05,-1.0,10.626183472810508,0.0,-10.625156842801378,-0.14770668130543085,10.626183472810508,44.68862562828853,0.0,0.0,-1.000088900581841e-12,0,1,1.8,0.000125,-0.2,6.709049935252997,2.0976228020007786,-4.196856734135349,-0.4439064093761004,4.238092288126863,1.8231121639757348,0.7502900467549373,49.03060804035461,0.5545177444461562,0.0,0.2,Train007,10.0
10,0,1,6.944444444444444e-05,0.0,10.396847451184891,0.0,-10.120469805528554,2.3812870130655437,10.396847451184891,-8.348524435655058,0.0,0.0,-1.000088900581841e-12,0,0,0.4,2.777777777777778e-05,0.2,4.325709469187058,0.0,-4.2107198625298015,0.9907576147128949,4.325709469187058,-1.6697048871310116,0.0,0.0,-4.000355602327364e-13,0.2,0.0,Train007,10.0
10,1,4,0.0002777777777777778,0.0,7.257350996575147,6.410793983161154,0.03558098061783532,3.063272378301564,3.063479014102601,3.3240566369079385,0.7303126017702058,11.772169797379783,1.039720770836918,0,0,3.4,0.00023611111111111112,0.2,5.460221873034058,4.51234590580831,0.8700461676414447,0.973052005210552,1.941651775760184,6.541887017001234,0.6596319893929732,25.16036255687343,1.1443703995896275,0.2,0.0,Train007,10.0
10,2,1,6.944444444444444e-05,0.0,8.261071903538173,0.0,-8.180752312897635,-1.149173873026979,8.261071903538173,6.260211348176661,0.0,0.0,-1.000088900581841e-12,0,0,1.0,6.944444444444444e-05,0.0,5.488243517454839,0.0,-5.386067440814471,-1.0182060708637455,5.488243517454839,5.4429143567075995,2.2204460492503132e-17,0.0,-1.000088900581841e-12,0.0,0.0,Train007,10.0
10,3,1,6.944444444444444e-05,0.0,8.41912097445052,0.0,8.334504545729398,-1.1906435065327718,8.41912097445052,-6.7604374799137545,1.1102230246251565e-16,0.0,-1.000088900581841e-12,0,0,0.4,2.777777777777778e-05,0.2,3.502857139378483,0.0,3.4676516514951317,-0.49537880735644746,3.502857139378483,-1.352087495982751,2.2204460492503132e-17,0.0,-4.000355602327364e-13,0.2,0.0,Train007,10.0
10,4,1,6.944444444444444e-05,0.0,8.61374261602513,0.0,8.596048180751053,0.5518310695620097,8.61374261602513,-0.4733863982078468,1.1102230246251565e-16,0.0,-1.000088900581841e-12,0,0,1.0,6.944444444444444e-05,0.0,7.969985216979734,0.0,7.926774707350221,0.7993322113038128,7.969985216979734,-4.436670768811904,6.661338147750939e-17,0.0,-1.000088900581841e-12,0.0,0.0,Train007,10.0
10,5,1,6.944444444444444e-05,0.0,10.985513669984423,0.0,-10.98541939461083,0.04551173390293168,10.985513669984423,3.5933019717391446,1.1102230246251565e-16,0.0,-1.000088900581841e-12,0,0,1.6,0.00011111111111111112,-0.2,7.41987869325686,1.4174811779075958,-5.722163653140982,-0.3004486706122075,5.75011425664446,3.2421316646074603,0.562717535066203,36.829344232059356,0.4158883083343671,0.0,0.2,Train007,10.0
11,0,1,6.944444444444444e-05,0.0,9.31488429657051,0.0,-9.067268295322558,2.133474893017082,9.31488429657051,-10.819631546143818,0.0,0.0,-1.000088900581841e-12,0,0,0.6,4.1666666666666665e-05,0.2,6.18868632850116,0.0,-6.024173521594314,1.4174525933163113,6.18868632850116,-3.833631196359775,0.0,0.0,-6.000533403491046e-13,0.2,0.0,Train007,10.0
11,1,4,0.0002777777777777778,0.0,6.646982231911631,5.8477128084910905,-0.2788066587238718,2.814098974727135,2.8278766225755114,-6.103687646635162,0.8040029115903258,11.9016379677917,1.3862943611158907,0,0,3.6,0.00025,0.2,5.742209692883686,4.853923105278379,0.5162044585213978,1.6103918944997964,2.1999728800647316,7.436508420419193,0.6870992383777051,20.69936798576148,1.2019068140797837,0.2,0.0,Train007,10.0
11,2,1,6.944444444444444e-05,0.0,7.761947023422508,0.0,-7.6898338097740835,-1.0555934693209026,7.761947023422508,-4.991248801156658,0.0,0.0,-1.000088900581841e-12,0,0,1.0,6.944444444444444e-05,0.0,6.118870261507683,0.0,-6.02979307064348,-1.0057644816964741,6.118870261507683,6.306267440528454,2.2204460492503132e-17,0.0,-1.000088900581841e-12,0.0,0.0,Train007,10.0
11,3,1,6.944444444444444e-05,0.0,7.54297282171808,0.0,7.467162125559752,-1.066737446508547,7.54297282171808,-8.761481527324397,0.0,0.0,-1.000088900581841e-12,0,0,0.6,4.1666666666666665e-05,0.2,5.011451703722099,0.0,4.961084076607081,-0.7087262966581569,5.011451703722099,-3.1043838014476304,2.2204460492503132e-17,0.0,-6.000533403491046e-13,0.2,0.0,Train007,10.0
11,4,1,6.944444444444444e-05,0.0,7.881327168778548,0.0,7.866837765818935,0.47768348057247423,7.881327168778548,-7.324154472465816,0.0,0.0,-1.000088900581841e-12,0,0,1.0,6.944444444444444e-05,0.0,7.743850026653274,0.0,7.711659996262362,0.6713086243868556,7.743850026653274,-2.261351903264602,4.4408920985006264e-17,0.0,-1.000088900581841e-12,0.0,0.0,Train007,10.0
11,5,1,6.944444444444444e-05,0.0,10.178971169328412,0.0,-10.178477720812571,0.10022650817593785,10.178971169328412,-8.065425006560112,1.1102230246251565e-16,0.0,-1.000088900581841e-12,0,0,1.4,9.722222222222222e-05,-0.2,8.219132190534278,0.8516212904136993,-7.198958489724862,-0.1686232274612939,7.215939367689288,4.126379057343046,0.3751450233774687,24.558588416659283,0.27725887222257806,0.0,0.2,Train007,10.0
12,0,1,6.944444444444444e-05,0.0,8.25209119015163,0.0,-8.032727239147846,1.8900534680347958,8.25209119015163,-10.6279310641888,0.0,0.0,-1.000088900581841e-12,0,0,0.8,5.555555555555556e-05,0.2,7.8391045665314865,0.0,-7.630718969423883,1.7954632869232703,7.8391045665314865,-5.959217409197535,0.0,0.0,-8.000711204654728e-13,0.2,0.0,Train007,10.0
12,1,4,0.0002777777777777778,0.0,5.863510153292996,5.139250322502148,-0.42394468229888327,2.4723969148863874,2.5084807351042637,-7.834720786186352,0.8284007766679725,11.942502359964537,1.3862943611158907,0,0,3.8,0.0002638888888888889,0.2,6.0541845521200575,5.201377509275845,0.18646252704570662,2.1661095262310517,2.449177259145081,7.7363788142866,0.7194460603779663,16.252654616765536,1.25944322856994,0.2,0.0,Train007,10.0
12,2,1,6.944444444444444e-05,0.0,6.999296230494225,0.0,-6.935362438920335,-0.9438726413153662,6.999296230494225,-7.626507929282829,1.1102230246251565e-16,0.0,-1.000088900581841e-12,0,0,1.0,6.944444444444444e-05,0.0,6.761254203785029,0.0,-6.6820065733798115,-1.0108242636976137,6.761254203785029,6.423839422773453,4.4408920985006264e-17,0.0,-1.000088900581841e-12,0.0,0.0,Train007,10.0
12,3,1,6.944444444444444e-05,0.0,6.682348120262747,0.0,6.615187138121753,-0.9450267340173983,6.682348120262747,-8.606247014553334,0.0,0.0,-1.000088900581841e-12,0,0,0.8,5.555555555555556e-05,0.2,6.347921327774648,0.0,6.2841215042314325,-0.8977316434616366,6.347921327774648,-4.825633204358297,2.2204460492503132e-17,0.0,-8.000711204654728e-13,0.2,0.0,Train007,10.0
12,4,1,6.944444444444444e-05,0.0,7.036716018967869,0.0,7.024335818246597,0.4172273290388825,7.036716018967869,-8.44611149810679,0.0,0.0,-1.000088900581841e-12,0,0,1.0,6.944444444444444e-05,0.0,7.670037593919842,0.0,7.646809189816183,0.5710393439327022,7.670037593919842,-0.7381243273343131,4.4408920985006264e-17,0.0,-1.000088900581841e-12,0.0,0.0,Train007,10.0
12,5,1,6.944444444444444e-05,0.0,9.131572634870981,0.0,-9.130917067352478,0.10941798323760707,9.131572634870981,-10.473985344574306,1.1102230246251565e-16,0.0,-1.000088900581841e-12,0,0,1.2,8.333333333333333e-05,-0.2,9.029296779852078,0.3866155915431163,-8.565855037540528,-0.05488225768280568,8.573871356601316,4.235489977746833,0.18757251168873446,12.276279056049754,0.13862943611078898,0.0,0.2,Train007,10.0
13,0,1,6.944444444444444e-05,0.0,7.298939137064653,0.0,-7.104912666640589,1.6717441568566107,7.298939137064653,-9.531520530869768,0.0,0.0,-1.000088900581841e-12,0,0,1.0,6.944444444444444e-05,0.2,9.298892393944417,0.0,-9.051701502752,2.1298121182945926,9.298892393944417,-7.865521515371489,0.0,0.0,-1.000088900581841e-12,0.2,0.0,Train007,10.0
13,1,4,0.0002777777777777778,0.0,5.132621828681265,4.494602440619663,-0.4784054122321666,2.1547313798173175,2.2072016350171704,-7.308883246117308,0.8372124518884096,11.950766474899623,1.3862943611158907,0,0,4.0,0.0002777777777777778,0.2,6.365082108669078,5.534602627627697,-0.11287766602743599,2.647970579851192,2.680690579965197,7.725605787413121,0.7535552174223149,11.804406985605647,1.3169796430600962,0.2,0.0,Train007,10.0
13,2,1,6.944444444444444e-05,0.0,6.236786103113313,0.0,-6.180200896130152,-0.8382229891021904,6.236786103113313,-7.625101273809118,0.0,0.0,-1.000088900581841e-12,0,0,1.0,6.944444444444444e-05,0.0,7.378830405857745,0.0,-7.307069420725725,-1.025724528548022,7.378830405857745,6.175762020727161,4.4408920985006264e-17,0.0,-1.000088900581841e-12,0.0,0.0,Train007,10.0
13,3,1,6.944444444444444e-05,0.0,5.910508148611476,0.0,5.85110454899813,-0.8358720784283005,5.910508148611476,-7.718399716512705,1.1102230246251565e-16,0.0,-1.000088900581841e-12,0,0,1.0,6.944444444444444e-05,0.2,7.530022957496944,0.0,7.454342414031058,-1.0649060591472967,7.530022957496944,-6.369313147660838,4.4408920985006264e-17,0.0,-1.000088900581841e-12,0.2,0.0,Train007,10.0
13,4,1,6.944444444444444e-05,0.0,6.245358493746827,0.0,6.234565756197501,0.36700483248197435,6.245358493746827,-7.913575252210423,0.0,0.0,-1.000088900581841e-12,0,0,1.0,6.944444444444444e-05,0.0,7.687645110672858,0.0,7.671767677295409,0.4916959774590744,7.687645110672858,0.17607516753015454,2.2204460492503132e-17,0.0,-1.000088900581841e-12,0.0,0.0,Train007,10.0
13,5,1,6.944444444444444e-05,0.0,8.120107146278208,0.0,-8.119438382678354,0.10421332413826868,8.120107146278208,-10.114654885927727,0.0,0.0,-1.000088900581841e-12,0,0,1.0,6.944444444444444e-05,-0.2,9.808469618654506,0.0,-9.807881881651122,0.04233257362986289,9.808469618654508,3.9255724725931045,6.661338147750939e-17,0.0,-1.000088900581841e-12,0.0,0.2,Train007,10.0
14,0,1,6.944444444444444e-05,0.0,8.160326886368644,0.0,-8.08246321495678,1.1245991602617669,8.160326886368644,8.61387749303991,0.0,0.0,-1.000088900581841e-12,0,0,1.0,6.944444444444444e-05,0.0,8.684617792268066,0.0,-8.481568244319266,1.8402317382471598,8.684617792268066,-6.142746016763507,0.0,0.0,-1.000088900581841e-12,0.0,0.0,Train007,10.0
14,1,4,0.0002777777777777778,0.0,7.8504733843102175,1.7696974568303812,-2.555058703701879,2.0842331088719828,3.2973250721578693,27.178515556289522,0.4895902150706285,17.009393804654657,1.3862943611158907,0,0,4.0,0.0002777777777777778,0.0,6.550187718954251,4.732411402320887,-0.7401268952677931,2.517746551320877,2.780872615791483,1.8510561028517274,0.7379037913975084,12.91529408093806,1.3169796430600962,0.0,0.0,Train007,10.0
14,2,1,6.944444444444444e-05,0.0,10.151734515057395,0.0,-10.124408308786101,-0.7443588255610022,10.151734515057395,39.14948411944082,0.0,0.0,-1.000088900581841e-12,0,0,1.0,6.944444444444444e-05,0.0,7.8821671551251224,0.0,-7.822111553301662,-0.9462443596652881,7.8821671551251224,5.033367492673776,2.2204460492503132e-17,0.0,-1.000088900581841e-12,0.0,0.0,Train007,10.0
14,3,1,6.944444444444444e-05,0.0,8.172978816218617,0.0,8.042426035425267,-1.4549797919806595,8.172978816218617,22.624706676071405,0.0,0.0,-1.000088900581841e-12,0,0,1.0,6.944444444444444e-05,0.0,7.345585776252288,0.0,7.26207687876686,-1.0986519114935356,7.345585776252288,-1.8443718124465576,4.4408920985006264e-17,0.0,-1.000088900581841e-12,0.0,0.0,Train007,10.0
14,4,1,6.944444444444444e-05,0.0,8.034004862058904,0.0,8.027443723505975,0.32462499831440084,8.034004862058904,17.886463683120766,0.0,0.0,-1.000088900581841e-12,0,0,1.0,6.944444444444444e-05,0.0,7.562229831915457,0.0,7.549846248904013,0.4276743419939484,7.562229831915457,-1.2541527875740215,2.2204460492503132e-17,0.0,-1.000088900581841e-12,0.0,0.0,Train007,10.0
14,5,1,6.944444444444444e-05,0.0,10.41890084045102,0.0,-10.418466731425028,0.09510882893221724,10.41890084045102,22.987936941728115,0.0,0.0,-1.000088900581841e-12,0,0,1.0,6.944444444444444e-05,0.0,9.767013092182609,0.0,-9.766543859375853,0.09089567567739251,9.767013092182609,-0.41456526471897776,6.661338147750939e-17,0.0,-1.000088900581841e-12,0.0,0.0,Train007,10.0
15,0,1,6.944444444444444e-05,0.0,7.893078286180692,0.0,-7.845241612676684,0.8676801660192891,7.893078286180692,-2.6724860018795216,0.0,0.0,-1.000088900581841e-12,0,0,1.0,6.944444444444444e-05,0.0,8.183863959267224,0.0,-8.026522605748891,1.5375103688379088,8.183863959267224,-5.0075383300083995,0.0,0.0,-1.000088900581841e-12,0.0,0.0,Train007,10.0
15,1,4,0.0002777777777777778,0.0,7.795048785646266,1.4029857899622435,-2.66752661726207,1.9025800134543314,3.276508654253412,-0.5542459866395233,0.49113347177635924,18.887804240165885,1.3862943611158907,0,0,4.0,0.0002777777777777778,0.0,6.657727276768474,3.7308497636811055,-1.280748414843774,2.285608078351431,2.8234785438216456,1.0753955781422349,0.6900679653987392,14.33842096949528,1.3862943611158907,0.0,0.0,Train007,10.0
15,2,1,6.944444444444444e-05,0.0,10.741473840736667,0.0,-10.721031328371641,-0.6623801984539773,10.741473840736667,5.897393256792718,1.1102230246251565e-16,0.0,-1.000088900581841e-12,0,0,1.0,6.944444444444444e-05,0.0,8.378247542564822,0.0,-8.330167356396462,-0.8488856247506877,8.378247542564822,4.960803874396987,4.4408920985006264e-17,0.0,-1.000088900581841e-12,0.0,0.0,Train007,10.0
15,3,1,6.944444444444444e-05,0.0,8.35229564979723,0.0,8.205789816914962,-1.5575160038460099,8.35229564979723,1.793168335786124,1.1102230246251565e-16,0.0,-1.000088900581841e-12,0,0,1.0,6.944444444444444e-05,0.0,7.33222071132163,0.0,7.236333933003972,-1.172026410956183,7.33222071132163,-0.13365064930658194,4.4408920985006264e-17,0.0,-1.000088900581841e-12,0.0,0.0,Train007,10.0
15,4,1,6.944444444444444e-05,0.0,8.06816949967709,0.0,8.063013383634713,0.28839946402025207,8.06816949967709,0.34164637618186333,0.0,0.0,-1.000088900581841e-12,0,0,1.0,6.944444444444444e-05,0.0,7.453115208645848,0.0,7.4432392894807435,0.3749880208855968,7.453115208645848,-1.0911462326960795,0.0,0.0,-1.000088900581841e-12,0.0,0.0,Train007,10.0
15,5,1,6.944444444444444e-05,0.0,10.455844435175798,0.0,-10.455494187208519,0.0855812704134801,10.455844435175798,0.36943594724778706,1.1102230246251565e-16,0.0,-1.000088900581841e-12,0,0,1.0,6.944444444444444e-05,0.0,9.661079245220884,0.0,-9.66055881789539,0.09890958297950218,9.661079245220883,-1.0593384696172492,6.661338147750939e-17,0.0,-1.000088900581841e-12,0.0,0.0,Train007,10.0
16,0,1,6.944444444444444e-05,0.0,7.276812995292334,0.0,-7.240664565901187,0.7244197764820928,7.276812995292334,-6.162652908883572,0.0,0.0,-1.000088900581841e-12,0,0,1.0,6.944444444444444e-05,0.0,7.776249699011591,0.0,-7.661201859864617,1.255699345530911,7.776249699011591,-4.0761426025563505,0.0,0.0,-1.000088900581841e-12,0.0,0.0,Train007,10.0
16,1,4,0.0002777777777777778,0.0,7.090219378584995,1.1915578882449576,-2.4063052132985576,1.7057667924923772,2.9495669393857717,-7.048294070612706,0.4931444514707357,19.550944392957813,1.3862943611158907,0,0,4.0,0.0002777777777777778,0.0,6.746374706103149,2.7996187796318788,-1.7062481257587112,2.063941641904479,2.8478166071836974,0.8864742933467262,0.627896273374821,15.868282254528504,1.3862943611158907,0.0,0.0,Train007,10.0
16,2,1,6.944444444444444e-05,0.0,10.218852663441835,0.0,-10.201753203046621,-0.5909156803303566,10.218852663441835,-5.2262117729483215,1.1102230246251565e-16,0.0,-1.000088900581841e-12,0,0,1.0,6.944444444444444e-05,0.0,8.869628670568687,0.0,-8.83255123505097,-0.7559500669525786,8.869628670568687,4.913811280038654,6.661338147750939e-17,0.0,-1.000088900581841e-12,0.0,0.0,Train007,10.0
16,3,1,6.944444444444444e-05,0.0,7.851799455668341,0.0,7.7096990482063745,-1.4870424600929804,7.851799455668341,-5.004961941288881,0.0,0.0,-1.000088900581841e-12,0,0,1.0,6.944444444444444e-05,0.0,7.393986038111682,0.0,7.2848413175332976,-1.2560874136730698,7.393986038111682,0.6176532679005213,4.4408920985006264e-17,0.0,-1.000088900581841e-12,0.0,0.0,Train007,10.0
16,4,1,6.944444444444444e-05,0.0,7.539955456732661,0.0,7.535570581688001,0.25710756097595605,7.539955456732661,-5.282140429444286,0.0,0.0,-1.000088900581841e-12,0,0,1.0,6.944444444444444e-05,0.0,7.3848408662366705,0.0,7.376985852654558,0.33087283696629316,7.3848408662366705,-0.6827434240917736,0.0,0.0,-1.000088900581841e-12,0.0,0.0,Train007,10.0
16,5,1,6.944444444444444e-05,0.0,9.768833675564615,0.0,-9.768532561505321,0.07670055837843236,9.768833675564615,-6.870107596111836,1.1102230246251565e-16,0.0,-1.000088900581841e-12,0,0,1.0,6.944444444444444e-05,0.0,9.579051746468124,0.0,-9.57856978603394,0.09420439302000108,9.579051746468124,-0.8202749875275941,6.661338147750939e-17,0.0,-1.000088900581841e-12,0.0,0.0,Train007,10.0
17,0,1,6.944444444444444e-05,0.0,6.594581763798762,0.0,-6.564504080206898,0.6291222618650305,6.594581763798762,-6.822312314935726,1.1102230246251565e-16,0.0,-1.000088900581841e-12,0,0,1.0,6.944444444444444e-05,0.0,7.444747813741017,0.0,-7.367557228076427,1.003513104296958,7.444747813741017,-3.315018852705735,2.2204460492503132e-17,0.0,-1.000088900581841e-12,0.0,0.0,Train007,10.0
17,1,4,0.0002777777777777778,0.0,6.307336991840206,1.0286219278283233,-2.108231539349659,1.522258343297189,2.6003674138949164,-7.828823867447889,0.49415300323843625,19.761827157349487,1.3862943611158907,0,0,4.0,0.0002777777777777778,0.0,6.835140073812589,1.9774931006971137,-2.0431054971688667,1.8739139275866397,2.8661939429418277,0.8876536770944188,0.5610467186889139,17.432147214005493,1.3862943611158907,0.0,0.0,Train007,10.0
17,2,1,6.944444444444444e-05,0.0,9.376383854189934,0.0,-9.361482579543717,-0.528410913980003,9.376383854189934,-8.424688092519013,0.0,0.0,-1.000088900581841e-12,0,0,1.0,6.944444444444444e-05,0.0,9.345046195307829,0.0,-9.317775263175648,-0.6728577214855059,9.345046195307829,4.754175247391418,4.4408920985006264e-17,0.0,-1.000088900581841e-12,0.0,0.0,Train007,10.0
17,3,1,6.944444444444444e-05,0.0,7.170396520205325,0.0,7.039057254227695,-1.3661109869542485,7.170396520205325,-6.814029354630158,1.1102230246251565e-16,0.0,-1.000088900581841e-12,0,0,1.0,6.944444444444444e-05,0.0,7.491595718100197,0.0,7.3696153407544855,-1.3403042642604397,7.491595718100197,0.9760967998851566,6.661338147750939e-17,0.0,-1.000088900581841e-12,0.0,0.0,Train007,10.0
17,4,1,6.944444444444444e-05,0.0,6.870654681931973,0.0,6.866809065120095,0.22984564720314915,6.870654681931973,-6.693007748006883,0.0,0.0,-1.000088900581841e-12,0,0,1.0,6.944444444444444e-05,0.0,7.351628598829491,0.0,7.345480502029257,0.2933965005991465,7.351628598829491,-0.3321226740717922,0.0,0.0,-1.000088900581841e-12,0.0,0.0,Train007,10.0
17,5,1,6.944444444444444e-05,0.0,8.900788849560431,0.0,-8.900523566529383,0.06871961957370187,8.900788849560431,-8.680448260041835,0.0,0.0,-1.000088900581841e-12,0,0,1.0,6.944444444444444e-05,0.0,9.532894989406014,0.0,-9.53249108586932,0.08606472028722005,9.532894989406014,-0.46156757062110004,4.4408920985006264e-17,0.0,-1.000088900581841e-12,0.0,0.0,Train007,10.0
18,0,1,6.944444444444444e-05,0.0,5.941448696361109,0.0,-5.915315407105858,0.5566473263630854,5.941448696361109,-6.531330674376532,0.0,0.0,-1.000088900581841e-12,0,0,1.0,6.944444444444444e-05,0.0,7.173249725600309,0.0,-7.129637776169481,0.780493738198253,7.173249725600309,-2.7149808814070884,2.2204460492503132e-17,0.0,-1.000088900581841e-12,0.0,0.0,Train007,10.0
18,1,4,0.0002777777777777778,0.0,5.588541174544268,0.9048442240886712,-1.842753689209955,1.35854459236124,2.2894070342625548,-7.187958172959368,0.4946016694612104,19.807909772637643,1.3862943611158907,0,0,4.0,0.0002777777777777778,0.0,6.92632394298519,1.2595414573909154,-2.315975152564424,1.714676570095424,2.8826350227909048,0.9118386917260068,0.49252456220347407,19.003575873553096,1.3862943611158907,0.0,0.0,Train007,10.0
18,2,1,6.944444444444444e-05,0.0,8.491515231649542,0.0,-8.478304228392703,-0.4734853114454269,8.491515231649542,-8.848686225403917,0.0,0.0,-1.000088900581841e-12,0,0,1.0,6.944444444444444e-05,0.0,9.795992021015076,0.0,-9.777395929628156,-0.5999101859541532,9.795992021015076,4.509458257072458,4.4408920985006264e-17,0.0,-1.000088900581841e-12,0.0,0.0,Train007,10.0
18,3,1,6.944444444444444e-05,0.0,6.480521373618656,0.0,6.361237437483936,-1.2376653577930672,6.480521373618656,-6.898751465866688,0.0,0.0,-1.000088900581841e-12,0,0,1.0,6.944444444444444e-05,0.0,7.605598363101633,0.0,7.471641918451647,-1.4206629201333931,7.605598363101633,1.14002645001436,4.4408920985006264e-17,0.0,-1.000088900581841e-12,0.0,0.0,Train007,10.0
18,4,1,6.944444444444444e-05,0.0,6.204760054371233,0.0,6.201341820377061,0.20592950046905434,6.204760054371233,-6.6589462756074,0.0,0.0,-1.000088900581841e-12,0,0,1.0,6.944444444444444e-05,0.0,7.343508910954372,0.0,7.338835714865169,0.2611814341965625,7.343508910954372,-0.08119687875118764,0.0,0.0,-1.000088900581841e-12,0.0,0.0,Train007,10.0
18,5,1,6.944444444444444e-05,0.0,8.037805639613095,0.0,-8.03756938993682,0.061626310507333734,8.037805639613095,-8.629832099473358,0.0,0.0,-1.000088900581841e-12,0,0,1.0,6.944444444444444e-05,0.0,9.516434688072993,0.0,-9.516117287321014,0.07754731756103306,9.51643468807299,-0.16460301333022614,4.4408920985006264e-17,0.0,-1.000088900581841e-12,0.0,0.0,Train007,10.0
19,0,1,6.944444444444444e-05,0.0,8.169395525447808,0.0,-8.167396285723408,0.18072399718394838,8.169395525447808,22.27946829086699,0.0,0.0,-1.000088900581841e-12,0,0,1.0,6.944444444444444e-05,0.0,7.175063453416141,0.0,-7.146624390322808,0.5917187055826892,7.175063453416141,0.018137278158327774,2.2204460492503132e-17,0.0,-1.000088900581841e-12,0.0,0.0,Train007,10.0
19,1,4,0.0002777777777777778,0.0,6.943491683828615,2.6054782997574226,-1.693663344066084,0.9633738946981953,1.9484826876364798,13.54950509284345,0.6089101459212576,24.951844995913838,1.3862943611158907,0,0,4.0,0.0002777777777777778,0.0,6.744927602888869,1.4266976259763235,-2.143696080637265,1.4905047272606669,2.6128665458866274,-1.8139634009632075,0.5163885483735998,20.592066111804932,1.3862943611158907,0.0,0.0,Train007,10.0
19,2,1,6.944444444444444e-05,0.0,9.223275135295449,0.0,-9.222627938158174,-0.10926177585773932,9.223275135295449,7.317599036459068,0.0,0.0,-1.000088900581841e-12,0,0,1.0,6.944444444444444e-05,0.0,9.610300145062684,0.0,-9.59703985550257,-0.4728907760135006,9.610300145062684,-1.8569187595238923,4.4408920985006264e-17,0.0,-1.000088900581841e-12,0.0,0.0,Train007,10.0
19,3,1,6.944444444444444e-05,0.0,9.275208834170177,0.0,9.207832550344758,-1.1159384581060185,9.275208834170177,27.946874605515212,0.0,0.0,-1.000088900581841e-12,0,0,1.0,6.944444444444444e-05,0.0,7.826044366691946,0.0,7.704723221435545,-1.3528546533584649,7.826044366691946,2.2044600359031215,4.4408920985006264e-17,0.0,-1.000088900581841e-12,0.0,0.0,Train007,10.0
19,4,1,6.944444444444444e-05,0.0,7.165528337295329,0.0,7.16314415716656,0.18483001983698227,7.165528337295329,9.607682829240956,0.0,0.0,-1.000088900581841e-12,0,0,1.0,6.944444444444444e-05,0.0,7.169813606001656,0.0,7.165975801597286,0.23322243850107877,7.169813606001656,-1.7369530495271495,0.0,0.0,-1.000088900581841e-12,0.0,0.0,Train007,10.0
19,5,1,6.944444444444444e-05,0.0,10.079649665788034,0.0,-10.079497783461287,0.05533369877227207,10.079649665788034,20.41844026174939,0.0,0.0,-1.000088900581841e-12,0,0,1.0,6.944444444444444e-05,0.0,9.448584453140395,0.0,-9.448323497728266,0.06959229152904403,9.448584453140395,-0.6785023493259714,4.4408920985006264e-17,0.0,-1.000088900581841e-12,0.0,0.0,Train007,10.0
20,0,2,0.0001388888888888889,1.0,8.706155799732104,0.28302722904477307,-8.706104288824989,0.02082979452747457,8.706129206957414,2.6233122766865424,3.057711005838293e-06,110.06180473714666,0.6931471805579453,1,0,1.2,8.333333333333334e-05,0.2,7.337678956126423,0.056605445808954616,-7.318796925552467,0.42234863128432637,7.337673637571484,1.0772969338715406,6.11542201189863e-07,22.012360947429332,0.13862943611078898,0.2,0.0,Train007,10.0
20,1,3,0.00020833333333333335,-1.0,6.371142622492847,2.982744685298704,1.0268567524872212,1.0253454369772474,1.4511264780365165,0.19238250281059668,0.6477436828361086,32.8734003089676,1.0986122886651097,0,1,3.8,0.0002638888888888889,-0.2,6.460146370258185,1.7426494050436159,-1.404819406687407,1.3150578119652496,2.247790110643248,-1.6646377030731834,0.5477105905855497,23.389185325565276,1.3287579466257344,0.0,0.2,Train007,10.0
20,2,1,6.944444444444444e-05,0.0,8.90070654741285,0.0,-8.900680797323641,0.021409981601527434,8.90070654741285,-3.2256858788259812,0.0,0.0,-1.000088900581841e-12,0,0,1.0,6.944444444444444e-05,0.0,9.242146686397922,0.0,-9.232969749292971,-0.3361327400023997,9.242146686397922,-3.681534586647632,2.2204460492503132e-17,0.0,-1.000088900581841e-12,0.0,0.0,Train007,10.0
20,3,1,6.944444444444444e-05,0.0,9.653039988202577,0.0,9.600592097423041,-1.0048942196750101,9.653039988202577,3.7783115403239975,0.0,0.0,-1.000088900581841e-12,0,0,1.0,6.944444444444444e-05,0.0,8.086193234373017,0.0,7.983683677537161,-1.242330296524265,8.086193234373017,2.601488676810696,2.2204460492503132e-17,0.0,-1.000088900581841e-12,0.0,0.0,Train007,10.0
20,4,1,6.944444444444444e-05,0.0,7.045528534168842,0.0,7.043569629863329,0.16613005463885355,7.045528534168842,-1.1999980312648706,0.0,0.0,-1.000088900581841e-12,0,0,1.0,6.944444444444444e-05,0.0,6.965285412900007,0.0,6.96208705084301,0.20876855662479907,6.965285412900007,-2.045281931016496,0.0,0.0,-1.000088900581841e-12,0.0,0.0,Train007,10.0
20,5,1,6.944444444444444e-05,0.0,10.145510822832103,0.0,-10.145388875464638,0.04974356040422846,10.145510822832103,0.6586115704406836,0.0,0.0,-1.000088900581841e-12,0,0,1.0,6.944444444444444e-05,0.0,9.386517730671654,0.0,-9.38630243537949,0.0624247495271937,9.386517730671656,-0.6206672246873921,2.2204460492503132e-17,0.0,-1.000088900581841e-12,0.0,0.0,Train007,10.0
21,0,2,0.0001388888888888889,0.0,8.180075627901807,0.19014489947426938,-8.180073438855333,-0.004182143577314036,8.180074507936428,-5.260801718302961,1.3698783507543055e-07,110.07020534977131,0.6931471805579453,0,0,1.4,9.722222222222222e-05,0.2,7.5183314826483185,0.09463442570380849,-7.506678700143297,0.27662824727244495,7.518325940100304,1.2576671719876629,6.389397682049491e-07,44.026402017383596,0.27725887222257806,0.2,0.0,Train007,10.0
21,1,3,0.00020833333333333335,0.0,6.00901498875109,2.8157451124959105,1.0806637089443838,0.8729996253873478,1.389230865535272,-3.6212763374175823,0.653211273361789,33.08283669900882,1.0986122886651097,0,0,3.6,0.00025,-0.2,6.243905492291406,2.067486849893806,-0.7074256222388186,1.1485043785442441,1.9357228958731476,-0.9792341564341589,0.5797239549637604,26.09556378677548,1.2712215321355784,0.0,0.2,Train007,10.0
21,2,1,6.944444444444444e-05,0.0,8.241761355423707,0.0,-8.241507463231612,0.06469136923327923,8.241761355423707,-6.589451919891438,0.0,0.0,-1.000088900581841e-12,0,0,1.0,6.944444444444444e-05,0.0,8.846728424794296,0.0,-8.84092060132997,-0.20501133008967248,8.846728424794296,-3.954182616036255,0.0,0.0,-1.000088900581841e-12,0.0,0.0,Train007,10.0
21,3,1,6.944444444444444e-05,0.0,9.186221114736684,0.0,9.141540511371481,-0.9049284213616675,9.186221114736684,-4.6681887346589335,0.0,0.0,-1.000088900581841e-12,0,0,1.0,6.944444444444444e-05,0.0,8.353077566186684,0.0,8.270051970170183,-1.1259074887780023,8.353077566186684,2.668843318136686,2.2204460492503132e-17,0.0,-1.000088900581841e-12,0.0,0.0,Train007,10.0
21,4,1,6.944444444444444e-05,0.0,6.569780647242303,0.0,6.568079555078718,0.14949485287607692,6.569780647242303,-4.757478869265386,0.0,0.0,-1.000088900581841e-12,0,0,1.0,6.944444444444444e-05,0.0,6.771250451001936,0.0,6.768588845521153,0.18724601500482324,6.771250451001936,-1.9403496189807161,0.0,0.0,-1.000088900581841e-12,0.0,0.0,Train007,10.0
21,5,1,6.944444444444444e-05,0.0,9.541888862222864,0.0,-9.541783852829074,0.04476566656596538,9.541888862222864,-6.036219606092388,0.0,0.0,-1.000088900581841e-12,0,0,1.0,6.944444444444444e-05,0.0,9.341128768003305,0.0,-9.34095269364424,0.05603777116470031,9.341128768003305,-0.45388962668350247,0.0,0.0,-1.000088900581841e-12,0.0,0.0,Train007,10.0
22,0,2,0.0001388888888888889,0.0,7.451989226800141,0.09958149717251885,-7.451968019727806,-0.012486896845033416,7.451978481560368,-7.280864011016668,1.4421865874858497e-06,110.08027013384971,0.6931471805579453,0,0,1.6,0.00011111111111111112,0.2,7.689812975248593,0.11455072513831226,-7.68417148804748,0.1483064155304322,7.689805283652625,1.1659568327714744,9.273770856799146e-07,66.04245604415354,0.4158883083343672,0.2,0.0,Train007,10.0
22,1,3,0.00020833333333333335,0.0,5.51475342469934,2.5716053699312575,1.0251946088945,0.7667647074683893,1.2802156469616484,-4.942615640517484,0.6552418762806984,33.16267179679307,1.0986122886651097,0,0,3.4,0.00023611111111111112,-0.2,6.085388778863232,2.3760835383143935,-0.08074039258998678,0.9974056513784839,1.6716925424864943,-0.40199251104807787,0.6119417295722128,28.775732714664194,1.2136851176454222,0.0,0.2,Train007,10.0
22,2,1,6.944444444444444e-05,0.0,7.511885753991846,0.0,-7.511505815744917,0.0755510493371025,7.511885753991846,-7.298756014318606,0.0,0.0,-1.000088900581841e-12,0,0,1.0,6.944444444444444e-05,0.0,8.473828804754678,0.0,-8.47092524857021,-0.0842189374262514,8.473828804754678,-3.728996200396174,0.0,0.0,-1.000088900581841e-12,0.0,0.0,Train007,10.0
22,3,1,6.944444444444444e-05,0.0,8.463927219487008,0.0,8.424568924672172,-0.8152928370966096,8.463927219487008,-7.222938952496758,0.0,0.0,-1.000088900581841e-12,0,0,1.0,6.944444444444444e-05,0.0,8.611783706043019,0.0,8.547154304259077,-1.0157438588064744,8.611783706043019,2.587061398563366,0.0,0.0,-1.000088900581841e-12,0.0,0.0,Train007,10.0
22,4,1,6.944444444444444e-05,0.0,6.004877150555627,0.0,6.00336727012181,0.1346514511443198,6.004877150555627,-5.649034966866759,1.1102230246251565e-16,0.0,-1.000088900581841e-12,0,0,1.0,6.944444444444444e-05,0.0,6.598094944726666,0.0,6.595900486521495,0.16820717579305738,6.598094944726666,-1.7315550627526914,2.2204460492503132e-17,0.0,-1.000088900581841e-12,0.0,0.0,Train007,10.0
22,5,1,6.944444444444444e-05,0.0,8.751332781840565,0.0,-8.751239888775387,0.04032204885493405,8.751332781840565,-7.905560803822986,1.1102230246251565e-16,0.0,-1.000088900581841e-12,0,0,1.0,6.944444444444444e-05,0.0,9.311237554459332,0.0,-9.311095958093441,0.05035825702094674,9.311237554459332,-0.29891213543973266,2.2204460492503132e-17,0.0,-1.000088900581841e-12,0.0,0.0,Train007,10.0
23,0,2,0.0001388888888888889,0.0,6.7177842686676525,0.03123321238950183,-6.717752488955895,-0.014577230713226086,6.717768304915584,-7.342049581324881,2.3763932444076374e-06,110.0883184664443,0.6931471805579453,0,0,1.8,0.000125,0.2,7.845080089709903,0.12079736761621263,-7.844658904417486,0.03406150411516988,7.8450692053635205,1.0038130513818047,1.402655734561442e-06,88.06011973744239,0.5545177444461562,0.2,0.0,Train007,10.0
23,1,3,0.00020833333333333335,0.0,5.005398663340968,2.324897891429977,0.9385348112781884,0.6831648229328414,1.160845281367782,-5.09354761358373,0.6560460889261477,33.192692073455895,1.0986122886651097,0,0,3.2,0.00022222222222222223,-0.2,5.9687602766225725,2.6600942717826546,0.4755173075076419,0.8623296974928044,1.4459801919075397,0.016889600827049732,0.6442306134652002,31.452689174827846,1.156148703155266,0.0,0.2,Train007,10.0
23,2,1,6.944444444444444e-05,0.0,6.804885528930643,0.0,-6.804475652899763,0.07468701991661734,6.804885528930643,-7.070002250612033,0.0,0.0,-1.000088900581841e-12,0,0,1.0,6.944444444444444e-05,0.0,8.136502864210899,0.0,-8.136159533471622,0.025415528846157436,8.136502864210899,-3.373259405437797,0.0,0.0,-1.000088900581841e-12,0.0,0.0,Train007,10.0
23,3,1,6.944444444444444e-05,0.0,7.701389581351673,0.0,7.666240306104719,-0.7349564972211147,7.701389581351673,-7.625376381353348,0.0,0.0,-1.000088900581841e-12,0,0,1.0,6.944444444444444e-05,0.0,8.855957347589625,0.0,8.808154877983235,-0.9152020866920841,8.855957347589625,2.4417364154660333,0.0,0.0,-1.000088900581841e-12,0.0,0.0,Train007,10.0
23,4,1,6.944444444444444e-05,0.0,5.44607093109801,0.0,5.444718259731092,0.12137404459595881,5.44607093109801,-5.588062194576171,0.0,0.0,-1.000088900581841e-12,0,0,1.0,6.944444444444444e-05,0.0,6.446357120072022,0.0,6.444575774392303,0.15129608461843827,6.446357120072022,-1.5173782465464456,2.2204460492503132e-17,0.0,-1.000088900581841e-12,0.0,0.0,Train007,10.0
23,5,1,6.944444444444444e-05,0.0,7.948174056489825,0.0,-7.948090950862838,0.03634651386561813,7.948174056489825,-8.031587253507402,1.1102230246251565e-16,0.0,-1.000088900581841e-12,0,0,1.0,6.944444444444444e-05,0.0,9.293311237834677,0.0,-9.293200270278644,0.04530229769260362,9.29331123783468,-0.17926316624654143,4.4408920985006264e-17,0.0,-1.000088900581841e-12,0.0,0.0,Train007,10.0
24,0,2,0.0001388888888888889,0.0,8.038736193370383,1.0785087752772782,-8.03870634051896,-0.01441463644293758,8.038719264338289,13.209519247027302,2.1445336221281863e-06,108.11053242451125,0.6931471805579453,0,0,2.0,0.0001388888888888889,0.2,7.818948223294417,0.33649912267166826,-7.818920915376597,-0.004966222610207309,7.818933953141617,-0.810176757386133,1.8315624589870794e-06,109.68222622234464,0.6931471805579453,0.2,0.0,Train007,10.0
24,1,4,0.0002777777777777778,1.0,5.755337151951975,3.8195074187030236,1.4155972706698068,0.688548651996417,1.5741711720438438,26.683842059283318,0.5100352484185018,22.61466696928462,1.3862943611158907,1,0,3.2,0.00022222222222222223,0.0,5.731129370247244,2.9029000955717743,1.09736943045482,0.8073646489524486,1.3711178887890125,2.6437569941150234,0.6244556339646491,30.985253569502003,1.156148703155266,0.2,0.2,Train007,10.0
24,2,2,0.0001388888888888889,1.0,4.442733436998813,4.442733436998813,-4.434691056865514,-0.2671995927847063,4.442733436998813,20.805813450669824,0.9699148506131887,51.02980200836047,0.6931471805579453,1,0,1.2,8.333333333333333e-05,0.2,7.180394524551572,0.8885466873997625,-7.178572157213088,-0.0061720345392359596,7.180394524551572,-0.6756165225956459,0.19398297012263774,10.205960401672094,0.13862943611078898,0.2,0.0,Train007,10.0
24,3,1,6.944444444444444e-05,0.0,9.109386102677387,0.0,9.058107073112495,-0.9652001966852806,9.109386102677387,14.07996521325714,1.1102230246251565e-16,0.0,-1.000088900581841e-12,0,0,1.0,6.944444444444444e-05,0.0,8.822792801291067,0.0,8.77820978253678,-0.8850544344079365,8.822792801291067,-0.33164546298558123,2.2204460492503132e-17,0.0,-1.000088900581841e-12,0.0,0.0,Train007,10.0
24,4,1,6.944444444444444e-05,0.0,8.563542490921565,0.0,8.549235668164066,-0.4948024696891052,8.563542490921565,31.174715598235547,0.0,0.0,-1.000088900581841e-12,0,0,1.0,6.944444444444444e-05,0.0,6.72595995079727,0.0,6.721794076591803,0.015369586713220784,6.72595995079727,2.7960283072524725,2.2204460492503132e-17,0.0,-1.000088900581841e-12,0.0,0.0,Train007,10.0
24,5,1,6.944444444444444e-05,0.0,11.421571771100444,0.0,-11.42152472313008,0.03278294262068813,11.421571771100444,34.73397714610619,0.0,0.0,-1.000088900581841e-12,0,0,1.0,6.944444444444444e-05,0.0,9.561695658897161,0.0,-9.561605658212404,0.040792146462286835,9.56169565889716,2.6838442106248195,4.4408920985006264e-17,0.0,-1.000088900581841e-12,0.0,0.0,Train007,10.0
25,0,2,0.0001388888888888889,0.0,7.96398122879623,1.3283259557075424,-7.963953799092521,-0.013491230695312058,7.963965226404864,-0.7475496457415209,2.0668442624049987e-06,107.3705872876457,0.6931471805579453,0,0,2.0,0.0001388888888888889,0.0,7.670513309107243,0.5455588680042222,-7.670490817430102,-0.011830427654764634,7.670501157031107,-1.4843491418717458,1.6333891103004206e-06,109.14398273244447,0.6931471805579453,0.0,0.0,Train007,10.0
25,1,4,0.0002777777777777778,0.0,6.12116074881453,3.911291592592924,1.5698935889987222,0.7072230278134854,1.721839217769465,3.658235968625554,0.5069874273828137,22.9595961533702,1.3862943611158907,0,0,3.4,0.00023611111111111112,0.2,5.681132995511581,3.0886094770306185,1.20597679775712,0.7437401671196963,1.4252604367356023,3.3369276872780147,0.5963043828739901,29.00249273838252,1.213685117645422,0.2,0.0,Train007,10.0
25,2,2,0.0001388888888888889,0.0,4.5376008194896675,4.5376008194896675,-4.5236112609570815,-0.3560370160188228,4.5376008194896675,0.948673824908548,0.9607378694106812,52.12821665463816,0.6931471805579453,0,0,1.4,9.722222222222222e-05,0.2,6.307773378966935,1.7960668512976958,-6.303158249939778,-0.081661434063306,6.307773378966935,0.15925541815126004,0.386130544004774,20.631603732599725,0.27725887222257806,0.2,0.0,Train007,10.0
25,3,1,6.944444444444444e-05,0.0,9.04636843277185,0.0,8.992427689530935,-0.9864208381863854,9.04636843277185,-0.6301766990553759,0.0,0.0,-1.000088900581841e-12,0,0,1.0,6.944444444444444e-05,0.0,8.701458490204919,0.0,8.65657690095836,-0.8813597581102115,8.701458490204919,-1.2133431108614559,2.2204460492503132e-17,0.0,-1.000088900581841e-12,0.0,0.0,Train007,10.0
25,4,1,6.944444444444444e-05,0.0,9.129615894533885,0.0,9.104457650434867,-0.677301464020095,9.129615894533885,5.660734036123198,0.0,0.0,-1.000088900581841e-12,0,0,1.0,6.944444444444444e-05,0.0,7.142777422870279,0.0,7.133971680706111,-0.15331671701856892,7.142777422870279,4.168174720730087,2.2204460492503132e-17,0.0,-1.000088900581841e-12,0.0,0.0,Train007,10.0
25,5,1,6.944444444444444e-05,0.0,11.93110425382118,0.0,-11.931067577158307,0.02958352297595517,11.93110425382118,5.095324827207364,0.0,0.0,-1.000088900581841e-12,0,0,1.0,6.944444444444444e-05,0.0,9.918814345094976,0.0,-9.918741398551138,0.036760138976632176,9.918814345094976,3.5711868619781555,4.4408920985006264e-17,0.0,-1.000088900581841e-12,0.0,0.0,Train007,10.0
26,0,2,0.0001388888888888889,0.0,7.434755540811167,1.3088044978947853,-7.434730586272279,-0.012364047104463252,7.4347408670452895,-5.292256879850634,2.0367910327223626e-06,107.10102992935487,0.6931471805579453,0,0,2.0,0.0001388888888888889,0.0,7.521449291689114,0.7692907876883253,-7.521422246913493,-0.013466808360194477,7.52143442885288,-1.4906401741812805,2.013349749829807e-06,108.55014764836116,0.6931471805579453,0.0,0.0,Train007,10.0
26,1,4,0.0002777777777777778,0.0,5.878300543501082,3.709964435181047,1.5257221518362567,0.6709326756088938,1.666726954184028,-2.4286020531344854,0.506177811567039,23.090924647719245,1.3862943611158907,0,0,3.6,0.00025,0.2,5.654990106461579,3.267453341567646,1.294988486335495,0.7033267771640055,1.4807596544653534,3.575462544134634,0.56689769051504,27.004110328124607,1.2712215321355782,0.2,0.0,Train007,10.0
26,2,2,0.0001388888888888889,0.0,4.298778229485487,4.298778229485487,-4.283224945365937,-0.36534686763861357,4.298778229485487,-2.388225900041805,0.9574672430316725,52.51546697982434,0.6931471805579453,0,0,1.6,0.00011111111111111112,0.2,5.519176753779291,2.6558224971947935,-5.511501746366642,-0.16766908143768458,5.519176753779291,0.9995006221211866,0.5776239926111085,31.134697128564596,0.4158883083343672,0.2,0.0,Train007,10.0
26,3,1,6.944444444444444e-05,0.0,8.482389907563395,0.0,8.430743787832602,-0.9346110034957472,8.482389907563395,-5.63978525208455,1.1102230246251565e-16,0.0,-1.000088900581841e-12,0,0,1.0,6.944444444444444e-05,0.0,8.560692248770263,0.0,8.514417556250585,-0.8872962745370275,8.560692248770263,-1.4076624143465792,4.4408920985006264e-17,0.0,-1.000088900581841e-12,0.0,0.0,Train007,10.0
26,4,1,6.944444444444444e-05,0.0,8.778358379751122,0.0,8.750430810691443,-0.69966882926756,8.778358379751122,-3.5125751478276257,0.0,0.0,-1.000088900581841e-12,0,0,1.0,6.944444444444444e-05,0.0,7.584492969372041,0.0,7.570441931828656,-0.32314945344729634,7.584492969372041,4.417155465017639,2.2204460492503132e-17,0.0,-1.000088900581841e-12,0.0,0.0,Train007,10.0
26,5,1,6.944444444444444e-05,0.0,11.391942361129457,0.0,-11.391911054911436,0.026707232772856818,11.391942361129457,-5.391618926917232,0.0,0.0,-1.000088900581841e-12,0,0,1.0,6.944444444444444e-05,0.0,10.288825044876294,0.0,-10.288766838967609,0.03314845221801046,10.288825044876294,3.7001069978131866,4.4408920985006264e-17,0.0,-1.000088900581841e-12,0.0,0.0,Train007,10.0
27,0,2,0.0001388888888888889,0.0,6.791023359485999,1.207111820694573,-6.791000749991673,-0.011236053803153696,6.791010045294627,-6.437321813251682,2.0245232268401026e-06,107.00932414953311,0.6931471805579453,0,0,2.0,0.0001388888888888889,0.0,7.389256118226285,0.9907968523927362,-7.389228792966266,-0.013216639751818535,7.389240741599731,-1.3219317346282833,2.1298170777006575e-06,107.93595845149784,0.6931471805579453,0.0,0.0,Train007,10.0
27,1,4,0.0002777777777777778,0.0,5.441227133936866,3.4173834497295466,1.4171572782762518,0.6180883608387246,1.5460814898237594,-4.370734095642161,0.5058880598232038,23.138069249826014,1.3862943611158907,0,0,3.8,0.00026388888888888886,0.2,5.640284848309085,3.4366089575273038,1.3733810202118453,0.6735915078380725,1.5339328230377756,3.6898388531096993,0.5370269272235412,24.999189818731196,1.3287579466257344,0.2,0.0,Train007,10.0
27,2,2,0.0001388888888888889,0.0,3.9595648995310535,3.9595648995310535,-3.944353840149751,-0.3467376202465985,3.9595648995310535,-3.3921332995443354,0.9561730750411238,52.63323678773777,0.6931471805579453,0,0,1.8,0.000125,0.2,4.808712582887133,3.4477354771010043,-4.79807135124761,-0.25212681535442477,4.808712582887133,1.7808251650760407,0.7688586076193332,41.66134448611215,0.5545177444461562,0.2,0.0,Train007,10.0
27,3,1,6.944444444444444e-05,0.0,7.7808081632331625,0.0,7.73303748144664,-0.8608757073917344,7.7808081632331625,-7.015817443302321,0.0,0.0,-1.000088900581841e-12,0,0,1.0,6.944444444444444e-05,0.0,8.424068437519495,0.0,8.376111267605477,-0.8964128485960524,8.424068437519495,-1.366238112507692,4.4408920985006264e-17,0.0,-1.000088900581841e-12,0.0,0.0,Train007,10.0
27,4,1,6.944444444444444e-05,0.0,8.132749195657588,0.0,8.105466617286707,-0.6655977730731479,8.132749195657588,-6.456091840935336,1.1102230246251565e-16,0.0,-1.000088900581841e-12,0,0,1.0,6.944444444444444e-05,0.0,8.010067378392435,0.0,7.990861801261635,-0.4831992982907899,8.010067378392435,4.255744090203923,2.2204460492503132e-17,0.0,-1.000088900581841e-12,0.0,0.0,Train007,10.0
27,5,1,6.944444444444444e-05,0.0,10.525255075071975,0.0,-10.525227441136767,0.024118616666974027,10.525255075071975,-8.666872860574824,1.1102230246251565e-16,0.0,-1.000088900581841e-12,0,0,1.0,6.944444444444444e-05,0.0,10.643609503522578,0.0,-10.643564349439886,0.029907765780418455,10.643609503522576,3.547844586462819,4.4408920985006264e-17,0.0,-1.000088900581841e-12,0.0,0.0,Train007,10.0
28,0,2,0.0001388888888888889,0.0,6.152268882503373,1.0884816159190516,-6.1522484308483545,-0.010176561894386588,6.152256847473782,-6.387544769826263,2.0194051005839597e-06,106.98404420789592,0.6931471805579453,0,0,2.0,0.0001388888888888889,0.0,7.276153040993431,1.202246533098646,-7.276127981344757,-0.012336505988050634,7.276138450111371,-1.1310307723285598,2.058419448935922e-06,107.31510359978816,0.6931471805579453,0.0,0.0,Train007,10.0
28,1,4,0.0002777777777777778,0.0,4.964444463377961,3.11127571894617,1.293680767021698,0.5628315311782166,1.4108115605743614,-4.767826705589043,0.5057732814037881,23.152922953713016,1.3862943611158907,0,0,4.0,0.0002777777777777778,0.2,5.632094008316483,3.5938845230305416,1.444410211360547,0.6495248494871476,1.5839260788790914,3.7549830347086357,0.5069723657190692,22.99123599478262,1.3862943611158907,0.2,0.0,Train007,10.0
28,2,2,0.0001388888888888889,0.0,3.606401487812826,3.606401487812826,-3.592208009648514,-0.31964559548917515,3.606401487812826,-3.531634117182274,0.9556399136987056,52.65065863985482,0.6931471805579453,0,0,2.0,0.0001388888888888889,0.2,4.169015774663569,4.169015774663569,-4.1556178225973595,-0.33099333843558326,4.169015774663569,2.4884987917619923,0.9599865903590743,52.19147621408312,0.6931471805579453,0.2,0.0,Train007,10.0
28,3,1,6.944444444444444e-05,0.0,7.074613888438327,0.0,7.031029198697929,-0.7840855039736495,7.074613888438327,-7.061942747948358,0.0,0.0,-1.000088900581841e-12,0,0,1.0,6.944444444444444e-05,0.0,8.298713298936823,0.0,8.24906904612412,-0.9062386499465594,8.298713298936823,-1.2535513858266938,4.4408920985006264e-17,0.0,-1.000088900581841e-12,0.0,0.0,Train007,10.0
28,4,1,6.944444444444444e-05,0.0,7.425032585639871,0.0,7.399588715225878,-0.6141626358838015,7.425032585639871,-7.077166100177177,1.1102230246251565e-16,0.0,-1.000088900581841e-12,0,0,1.0,6.944444444444444e-05,0.0,8.405859709300806,0.0,8.381835892360593,-0.630306634386742,8.405859709300806,3.9579233090837223,4.4408920985006264e-17,0.0,-1.000088900581841e-12,0.0,0.0,Train007,10.0
28,5,1,6.944444444444444e-05,0.0,9.59856143817023,0.0,-9.598536712271526,0.021786819508132604,9.59856143817023,-9.26693636901744,0.0,0.0,-1.000088900581841e-12,0,0,1.0,6.944444444444444e-05,0.0,10.973686979858659,0.0,-10.973653501721623,0.02699582690892135,10.973686979858657,3.300774763360811,2.2204460492503132e-17,0.0,-1.000088900581841e-12,0.0,0.0,Train007,10.0
29,0,2,0.0001388888888888889,0.0,7.564024274701229,1.4672076069415234,-7.547682872942194,0.44404186389242234,7.560733425230253,14.117553921978555,0.0004520791705042715,106.01091055046271,0.6931471805579453,0,0,2.0,0.0001388888888888889,0.0,7.1812106572596,1.2799862994314952,-7.177923287829404,0.07935479407902135,7.180541282289764,-0.949423837338309,9.204534682536459e-05,106.89517922497846,0.6931471805579453,0.0,0.0,Train007,10.0
29,1,4,0.0002777777777777778,0.0,8.602140559704416,1.433134775863908,-0.9905758919548775,0.7348312942356134,1.2333765153878145,36.37696096326454,0.9001206444468782,23.057342478962973,1.3862943611158907,0,0,4.0,0.0002777777777777778,0.0,6.201454689866972,3.1166099944627192,0.9631755788356102,0.6587813779349869,1.5157671475478858,5.6936068155048805,0.5849894449247446,23.079771096718286,1.3862943611158907,0.0,0.0,Train007,10.0
29,2,2,0.0001388888888888889,0.0,9.43598815694369,1.2436888025042423,-9.402452332877857,0.36544798194980477,9.40955164179205,58.295866691308646,0.0028512706893483175,54.24314027403474,0.6931471805579453,0,0,2.0,0.0001388888888888889,0.0,5.167666718652545,3.529206847764655,-5.149170077799829,-0.20446382348868103,5.162379415622217,9.986509439889756,0.7665738743743062,52.834143867217975,0.6931471805579453,0.0,0.0,Train007,10.0
29,3,1,6.944444444444444e-05,0.0,8.461728497072109,0.0,8.45161760512019,-0.413532362681178,8.461728497072109,13.87114608633782,0.0,0.0,-1.000088900581841e-12,0,0,1.0,6.944444444444444e-05,0.0,8.16918177781577,0.0,8.127771152525659,-0.7959050831457388,8.16918177781577,-1.2953152112105577,2.2204460492503132e-17,0.0,-1.000088900581841e-12,0.0,0.0,Train007,10.0
29,4,1,6.944444444444444e-05,0.0,8.202040990016748,0.0,8.201967362747613,0.03475316299099834,8.202040990016748,7.770084043768772,0.0,0.0,-1.000088900581841e-12,0,0,1.0,6.944444444444444e-05,0.0,8.333559409119843,0.0,8.3123822312773,-0.5243955078507213,8.333559409119843,-0.723003001809633,4.4408920985006264e-17,0.0,-1.000088900581841e-12,0.0,0.0,Train007,10.0
29,5,1,6.944444444444444e-05,0.0,10.788412906186986,0.0,-10.788394947445392,0.019684824527319674,10.788412906186986,11.898514680167551,0.0,0.0,-1.000088900581841e-12,0,0,1.0,6.944444444444444e-05,0.0,10.847055206875966,0.0,-10.847027546584687,0.02437620329024766,10.847055206875968,-1.2663177298269168,2.2204460492503132e-17,0.0,-1.000088900581841e-12,0.0,0.0,Train007,10.0
30,0,2,0.0001388888888888889,0.0,7.595121693900083,1.4917965015949197,-7.567699600933691,0.5737681582841081,7.5894194211041395,0.31097419198854226,0.0007809192799550502,105.65236995625116,0.6931471805579453,0,0,2.0,0.0001388888888888889,0.0,7.10743875028037,1.3126804086089705,-7.098672448197638,0.1968066718749054,7.105632121229618,-0.7377190697922964,0.00024781583396389363,106.55153575869956,0.6931471805579453,0.0,0.0,Train007,10.0
30,1,4,0.0002777777777777778,0.0,8.738481167563272,1.4862517906415575,-1.1083415049488354,0.7503963730322084,1.338475105578039,1.3634060785885493,0.9010698210365802,23.071036361988604,1.3862943611158907,0,0,4.0,0.0002777777777777778,0.0,6.724918773616719,2.631602034072446,0.4275285600460988,0.6674160469787315,1.4390943251096004,5.234640837497479,0.6638059236554978,23.102059138441966,1.3862943611158907,0.0,0.0,Train007,10.0
30,2,2,0.0001388888888888889,0.0,9.903815807448568,1.3476464682857046,-9.870307784602119,0.4577484479949953,9.88091642533318,4.678276505048773,0.002355849123264364,54.96411572743022,0.6931471805579453,0,0,2.0,0.0001388888888888889,0.0,6.240909716244325,2.8912159775238626,-6.218509382528835,-0.04170673068591742,6.231042536790919,10.732429975917801,0.5748974703168229,53.401323681776375,0.6931471805579453,0.0,0.0,Train007,10.0
30,3,1,6.944444444444444e-05,0.0,8.445502793483541,0.0,8.441476812629075,-0.2607425101205857,8.445502793483541,-0.16225703588567342,0.0,0.0,-1.000088900581841e-12,0,0,1.0,6.944444444444444e-05,0.0,8.049008649958107,0.0,8.017580977145288,-0.6507694175325789,8.049008649958107,-1.2017312785766172,2.2204460492503132e-17,0.0,-1.000088900581841e-12,0.0,0.0,Train007,10.0
30,4,1,6.944444444444444e-05,0.0,7.9969375013864425,0.0,7.99279791988102,0.2572757528926683,7.9969375013864425,-2.0510348863030536,1.1102230246251565e-16,0.0,-1.000088900581841e-12,0,0,1.0,6.944444444444444e-05,0.0,8.107023730490354,0.0,8.090050285166532,-0.33748006446816853,8.107023730490354,-2.265356786294883,6.661338147750939e-17,0.0,-1.000088900581841e-12,0.0,0.0,Train007,10.0
30,5,1,6.944444444444444e-05,0.0,10.559814723179565,0.0,-10.559799739801193,0.017788849725680046,10.559814723179565,-2.2859818300742063,0.0,0.0,-1.000088900581841e-12,0,0,1.0,6.944444444444444e-05,0.0,10.572797300747641,0.0,-10.572773979113261,0.022017268640192635,10.572797300747643,-2.742579061283231,2.2204460492503132e-17,0.0,-1.000088900581841e-12,0.0,0.0,Train007,10.0
31,0,2,0.0001388888888888889,0.0,7.147506323629462,1.4026104974392313,-7.117217744217317,0.5841200223201135,7.141147290112219,-4.476153702706207,0.0009253354502830602,105.52715744765965,0.6931471805579453,0,0,2.0,0.0001388888888888889,0.0,7.04998890684403,1.33144160851786,-7.035169879786646,0.3161034857598207,7.046913405843003,-0.574498434363411,0.0004324755658139612,106.2367612623605,0.6931471805579453,0.0,0.0,Train007,10.0
31,1,3,0.00020833333333333335,-1.0,7.969003277869383,1.348502779409133,-3.9209142368355785,0.473182478775589,3.9493632538474017,-7.013220475151523,0.652044273084533,20.434172204038877,1.0986122886651097,0,1,3.8,0.0002638888888888889,-0.2,7.14305932049038,2.159309702918063,-0.6617987176882683,0.6278660076120706,1.895621585042275,4.317717153094072,0.6929792159589967,22.5707086497059,1.3287579466257344,0.0,0.2,Train007,10.0
31,2,2,0.0001388888888888889,0.0,9.1536122205737,1.6293495298712792,-9.124377622126293,0.4222189954413551,9.134141222428662,-7.502035868748682,0.0021968168874253458,55.26890365897708,0.6931471805579453,0,0,2.0,0.0001388888888888889,0.0,7.211876514461968,2.3573302376010212,-7.186739917880907,0.1158064419300763,7.198115135379554,9.709667982176427,0.3838433850879735,53.95201101760692,0.6931471805579453,0.0,0.0,Train007,10.0
31,3,1,6.944444444444444e-05,0.0,7.939840029793215,0.0,7.937509000707109,-0.1923812943098721,7.939840029793215,-5.0566276369032614,0.0,0.0,-1.000088900581841e-12,0,0,1.0,6.944444444444444e-05,0.0,7.940498674404071,0.0,7.918934019720188,-0.5023234756954039,7.940498674404071,-1.0850997555403594,0.0,0.0,-1.000088900581841e-12,0.0,0.0,Train007,10.0
31,4,2,0.0001388888888888889,1.0,7.904058024361156,0.45064791518474534,7.839438713476716,0.8719890701433511,7.887785765397469,-5.6588507338180305,0.0020654431281126318,26.44775669321506,0.6931471805579453,1,0,1.2,8.333333333333334e-05,0.2,7.932163659412362,0.09012958303694907,7.907851865723586,-0.02314848458598633,7.928909207619624,-2.6946119034929645,0.00041308862562259294,5.289551338643012,0.13862943611078898,0.2,0.0,Train007,10.0
31,5,1,6.944444444444444e-05,0.0,9.854700306453276,0.0,-9.854687190989859,0.01607786524069419,9.854700306453276,-7.0511441672628905,0.0,0.0,-1.000088900581841e-12,0,0,1.0,6.944444444444444e-05,0.0,10.265348889812406,0.0,-10.265329206328948,0.01989139513376011,10.265348889812406,-3.0744841093523627,2.2204460492503132e-17,0.0,-1.000088900581841e-12,0.0,0.0,Train007,10.0
32,0,2,0.0001388888888888889,0.0,6.563505548424877,1.2827993252289414,-6.533933806303093,0.5527933222925161,6.5572762212920095,-5.840007752045846,0.0009867974119084355,105.48985615028616,0.6931471805579453,0,0,2.0,0.0001388888888888889,0.0,7.004485344631805,1.3465791094247337,-6.983756491048931,0.4289093609789547,7.0001666410424805,-0.45503562212224385,0.0006294301435502802,105.93286766251113,0.6931471805579453,0.0,0.0,Train007,10.0
32,1,3,0.00020833333333333335,0.0,7.126330692340379,1.0398075646077698,-3.3887234595501297,0.4333891016601583,3.4163244574751968,-8.426725855290037,0.6524869117941327,20.503917311121917,1.0986122886651097,0,0,3.6,0.00025000000000000006,-0.2,7.480080032171083,1.6837945258937075,-1.6229748652535445,0.5909261557763572,2.2696701785725626,3.5065188011644963,0.7222989863531823,22.043878261965077,1.2712215321355782,0.0,0.2,Train007,10.0
32,2,2,0.0001388888888888889,0.0,8.197038892224336,1.785232212733018,-8.172180407618429,0.3657181899735769,8.180359552558803,-9.565733283493643,0.002136230526028182,55.39104365973573,0.6931471805579453,0,0,2.0,0.0001388888888888889,0.0,8.059371313000625,1.9224637002414142,-8.032305231374641,0.2582976039741114,8.042274065985104,8.474947985386564,0.19303601618495436,54.50357239200652,0.6931471805579453,0.0,0.0,Train007,10.0
32,3,1,6.944444444444444e-05,0.0,7.294603679270664,0.0,7.29290727588221,-0.15730957699211806,7.294603679270664,-6.452363505225511,0.0,0.0,-1.000088900581841e-12,0,0,1.0,6.944444444444444e-05,0.0,7.843257777611572,0.0,7.830907978607303,-0.36161024961548066,7.843257777611572,-0.9724089679249974,0.0,0.0,-1.000088900581841e-12,0.0,0.0,Train007,10.0
32,4,2,0.0001388888888888889,0.0,7.238836482193964,0.41480260050078765,7.1776195669294545,0.8212652032278642,7.2244514796350785,-6.652215421671923,0.001993751289357082,26.44067388522491,0.6931471805579453,0,0,1.4,9.722222222222222e-05,0.2,7.753381116719636,0.1730901031371066,7.722282455652136,0.2742241106742161,7.747249664415122,-2.7338366196402815,0.0008118388834939871,10.577686115687992,0.27725887222257806,0.2,0.0,Train007,10.0
32,5,1,6.944444444444444e-05,0.0,9.026948466568957,0.0,-9.026936767480672,0.014533203268454326,9.026948466568957,-8.277518398843196,0.0,0.0,-1.000088900581841e-12,0,0,1.0,6.944444444444444e-05,0.0,9.965687568111804,0.0,-9.965671071597729,0.017974312454056167,9.965687568111804,-2.996613217006037,0.0,0.0,-1.000088900581841e-12,0.0,0.0,Train007,10.0
33,0,2,0.0001388888888888889,0.0,5.9688013004447145,1.1613238349256205,-5.941218867756575,0.5090225566223496,5.962984621625069,-5.9470424798016275,0.0010128756504028669,105.48502383471894,0.6931471805579453,0,0,2.0,0.0001388888888888889,0.0,6.967791828220074,1.361147553226047,-6.941550578430574,0.5327491846823019,6.962312195872738,-0.3669351641173167,0.0008316013926107368,105.63306358787572,0.6931471805579453,0.0,0.0,Train007,10.0
33,1,3,0.00020833333333333335,0.0,6.3375304158762695,0.8404737363311596,-2.9285982784145816,0.39396285285131927,2.954977936594384,-7.888002764641098,0.6526673406728608,20.51887532280851,1.0986122886651097,0,0,3.4,0.00023611111111111112,-0.2,7.754697222670745,1.2296341293707056,-2.4674306743408003,0.5571524201109778,2.578503453776567,2.8824835893540857,0.7516777982069971,21.517068735784175,1.2136851176454222,0.0,0.2,Train007,10.0
33,2,2,0.0001388888888888889,0.0,7.289672895009632,1.8246519671632488,-7.268499597180984,0.31321781987303465,7.275245136550805,-9.073659972147041,0.002111637457575921,55.43481014291822,0.6931471805579453,0,0,2.0,0.0001388888888888889,0.0,8.796025594439985,1.5661137961114986,-8.767563548881137,0.38487028704655335,8.7760427957327,7.366542814393611,0.0023303609367284262,55.0604026926192,0.6931471805579453,0.0,0.0,Train007,10.0
33,3,1,6.944444444444444e-05,0.0,6.639487624372143,0.0,6.638097659744464,-0.13585055717927427,6.639487624372143,-6.551160548985209,0.0,0.0,-1.000088900581841e-12,0,0,1.0,6.944444444444444e-05,0.0,7.756232524798335,0.0,7.7523216708166105,-0.2319632602566056,7.756232524798335,-0.8702525281323676,0.0,0.0,-1.000088900581841e-12,0.0,0.0,Train007,10.0
33,4,2,0.0001388888888888889,0.0,6.57918515588971,0.37688294914084786,6.522762229693367,0.7549374505737391,6.5663047187435,-6.5965132630425405,0.001964207500233184,26.442110370575833,0.6931471805579453,0,0,1.6,0.00011111111111111112,0.2,7.584211630769604,0.24846669296527618,7.546917158545634,0.5480441279657242,7.575504091035848,-2.637706052213354,0.0012046803835406017,15.86610818980316,0.4158883083343672,0.2,0.0,Train007,10.0
33,5,1,6.944444444444444e-05,0.0,8.20612851915722,0.0,-8.20611800180792,0.013138239206658242,8.20612851915722,-8.208199474117368,0.0,0.0,-1.000088900581841e-12,0,0,1.0,6.944444444444444e-05,0.0,9.6872009843092,0.0,-9.687187329505008,0.016244596393761294,9.687200984309202,-2.7848658380260227,0.0,0.0,-1.000088900581841e-12,0.0,0.0,Train007,10.0
34,0,1,6.944444444444444e-05,-1.0,8.255942780456085,0.0,-8.251110773213373,-0.28242202875687633,8.255942780456085,11.258176450857498,0.0,0.0,-1.000088900581841e-12,0,1,1.8,0.000125,-0.2,7.106175529371043,1.0677060318377425,-7.082236158484809,0.3874564061524422,7.101354066917904,-0.9388106583415279,0.0007411855585098825,84.43088147778317,0.5545177444461563,0.0,0.2,Train007,10.0
34,1,3,0.00020833333333333335,0.0,8.440052761421041,1.0524822567357104,2.134822418951161,0.2197442503225984,2.1461021168635774,21.414762121576143,0.6665527338242303,38.1528060147603,1.0986122886651097,1,1,3.2,0.00022222222222222223,-0.2,7.722279663014069,1.153503625545066,-1.8423510121595927,0.45413501132837475,2.7610485740717197,-0.10995617898359314,0.7049642160824674,24.536161442943644,1.156148703155266,0.2,0.4,Train007,10.0
34,2,2,0.0001388888888888889,0.0,8.632623406503576,1.710952688562598,-8.628886020886224,-0.1818164776108639,8.630801306540228,13.429505114939442,0.0002197026121989465,55.99071269338959,0.6931471805579453,0,0,2.0,0.0001388888888888889,0.0,8.635352644351963,1.6595665733231697,-8.61285028648281,0.2754173951344196,8.620292728682335,-1.606729500880229,0.001804047321298552,55.40991717649017,0.6931471805579453,0.0,0.0,Train007,10.0
34,3,1,6.944444444444444e-05,0.0,9.57465080160255,0.0,9.565611277570166,-0.415955357040646,9.57465080160255,29.351631772304067,0.0,0.0,-1.000088900581841e-12,0,0,1.0,6.944444444444444e-05,0.0,7.978816985704422,0.0,7.975120405306605,-0.23244785912849925,7.978816985704422,2.225844609060881,0.0,0.0,-1.000088900581841e-12,0.0,0.0,Train007,10.0
34,4,1,6.944444444444444e-05,-1.0,7.391835187126555,0.0,7.386559987850823,0.2792113527840948,7.391835187126555,11.895329803776926,0.0,0.0,-1.000088900581841e-12,0,1,1.6,0.00011111111111111112,0.0,7.422170470191565,0.24846669296527618,7.383835683566275,0.5969357659243435,7.4134629304578095,-1.8126569002117232,0.0012046803835406017,15.86610818980316,0.4158883083343672,0.2,0.2,Train007,10.0
34,5,1,6.944444444444444e-05,0.0,10.392071968764547,0.0,-10.392065180417964,0.011878128068759423,10.392071968764547,21.859434496073273,1.1102230246251565e-16,0.0,-1.000088900581841e-12,0,0,1.0,6.944444444444444e-05,0.0,9.607932796824713,0.0,-9.60792137609952,0.014683257102049246,9.607932796824715,-0.7926818748448781,2.2204460492503132e-17,0.0,-1.000088900581841e-12,0.0,0.0,Train007,10.0
35,0,1,6.944444444444444e-05,0.0,8.160713067850203,0.0,-8.146352282809078,-0.48392381647570504,8.160713067850203,-0.9522971260588164,0.0,0.0,-1.000088900581841e-12,0,0,1.6,0.00011111111111111112,-0.2,7.219293804161069,0.7693467315187587,-7.197966694859888,0.1759180112004796,7.215612796267118,-1.1914649219509996,0.0005850017025188725,63.30040748653295,0.4158883083343672,0.0,0.2,Train007,10.0
35,1,3,0.00020833333333333335,0.0,8.57983524298259,0.9766657403789827,2.269714577096856,0.03827404391206146,2.2700372604702643,1.3978248156154915,0.6666933957356369,38.53579003676864,1.0986122886651097,0,0,3.0,0.00020833333333333335,-0.2,7.690550478097933,1.0515864154925514,-1.1667397957504548,0.31171054550434535,2.9473610050501646,-0.1030724315782047,0.6580889310222788,27.62911217789965,1.0986122886651097,0.2,0.4,Train007,10.0
35,2,2,0.0001388888888888889,0.0,8.487050912163587,1.6716585786646152,-8.474004646083008,-0.31693481027823267,8.47992938743021,-1.455724943399881,0.0008729869519644717,56.209504806070534,0.6931471805579453,0,0,2.0,0.0001388888888888889,0.0,8.351999665294967,1.724368995398952,-8.333589658778987,0.12048074347977403,8.340095321101742,-2.8335297905699597,0.0015074748870385734,55.65899499221823,0.6931471805579453,0.0,0.0,Train007,10.0
35,3,1,6.944444444444444e-05,0.0,10.027308370623572,0.0,10.015402785134055,-0.48848767753809175,10.027308370623572,4.526575690210226,0.0,0.0,-1.000088900581841e-12,0,0,1.0,6.944444444444444e-05,0.0,8.295178101132429,0.0,8.2899055998076,-0.27799689261200045,8.295178101132429,3.1636111542800616,0.0,0.0,-1.000088900581841e-12,0.0,0.0,Train007,10.0
35,4,1,6.944444444444444e-05,0.0,7.3677378947762655,0.0,7.3633473450033025,0.2543178384522271,7.3677378947762655,-0.24097292350289123,0.0,0.0,-1.000088900581841e-12,0,0,1.6,0.00011111111111111112,0.0,7.29633054886953,0.24846669296527618,7.257945568590733,0.5963441830362554,7.287623009135774,-1.4506445076516912,0.0012046803835405796,15.86610818980316,0.4158883083343672,0.2,0.2,Train007,10.0
35,5,1,6.944444444444444e-05,0.0,10.536006737237418,0.0,-10.536001263688373,0.010739584222451914,10.536006737237418,1.439347684728709,0.0,0.0,-1.000088900581841e-12,0,0,1.0,6.944444444444444e-05,0.0,9.603171199636284,0.0,-9.603161680876957,0.01327340400140362,9.603171199636282,-0.04761597188429505,2.2204460492503132e-17,0.0,-1.000088900581841e-12,0.0,0.0,Train007,10.0
36,0,1,6.944444444444444e-05,0.0,7.641579311926986,0.0,-7.623550989177406,-0.5245995576463098,7.641579311926986,-5.191337559232174,0.0,0.0,-1.000088900581841e-12,0,0,1.4,9.722222222222222e-05,-0.2,7.318108401820572,0.48882463203091236,-7.299233343851905,-0.045825904792805086,7.315699200630069,-1.334501693256193,0.0003999346124622605,42.194975997001016,0.27725887222257806,0.0,0.2,Train007,10.0
36,1,3,0.00020833333333333335,0.0,8.061514149973329,0.8415228974888789,2.242614214738906,-0.022203210725824003,2.2427241245225713,-5.183210930092598,0.6665006324957545,38.30615592399878,1.0986122886651097,0,0,3.0,0.00020833333333333335,0.0,7.7090526525187215,0.9501904391085002,0.06596589456444235,0.21263340760406274,2.6060331791851987,0.26292947743358025,0.6609802029045231,31.203508921891626,1.0986122886651097,0.2,0.2,Train007,10.0
36,2,2,0.0001388888888888889,0.0,7.873170265963865,1.6216315534428327,-7.857015645798002,-0.3344836832508514,7.864132132198419,-6.138806461997226,0.0011988549364773116,56.28969017554357,0.6931471805579453,0,0,2.0,0.0001388888888888889,0.0,8.095911274373,1.7228254001132626,-8.08011726351333,-0.030859792258667286,8.086093503055693,-2.5608839092196685,0.0013078824968489667,55.86315229553153,0.6931471805579453,0.0,0.0,Train007,10.0
36,3,1,6.944444444444444e-05,0.0,9.592248065600508,0.0,9.5799894397448,-0.4847940659649276,9.592248065600508,-4.350603050230646,0.0,0.0,-1.000088900581841e-12,0,0,1.0,6.944444444444444e-05,0.0,8.625659708293886,0.0,8.618401687615139,-0.3364794469430115,8.625659708293886,3.3048160716145842,0.0,0.0,-1.000088900581841e-12,0.0,0.0,Train007,10.0
36,4,1,6.944444444444444e-05,0.0,6.924383407161733,0.0,6.920540209422104,0.23067028232652864,6.924383407161733,-4.433544876145321,0.0,0.0,-1.000088900581841e-12,0,0,1.4,9.722222222222222e-05,-0.2,7.100395625429646,0.1583371099283271,7.07416586777981,0.46808042547289086,7.094942537488626,-1.2055833361171493,0.0007915917579180531,10.576556851160149,0.2772588722225781,0.0,0.2,Train007,10.0
36,5,1,6.944444444444444e-05,0.0,9.963832220733599,0.0,-9.963827488737588,0.009710695456473887,9.963832220733599,-5.721745165038197,0.0,0.0,-1.000088900581841e-12,0,0,1.0,6.944444444444444e-05,0.0,9.624997582492346,0.0,-9.624989740426503,0.01199997004455956,9.624997582492348,0.2182638285606437,2.2204460492503132e-17,0.0,-1.000088900581841e-12,0.0,0.0,Train007,10.0
37,0,1,6.944444444444444e-05,0.0,7.00700652783824,0.0,-6.988611099601051,-0.5074006106625218,7.00700652783824,-6.345727840887454,0.0,0.0,-1.000088900581841e-12,0,0,1.2,8.333333333333333e-05,-0.2,7.406808597703245,0.2322647669851241,-7.390168802511496,-0.2578646913838127,7.405645261939317,-1.4356457110245147,0.00020257513008057338,21.09700476694379,0.13862943611078898,0.0,0.2,Train007,10.0
37,1,3,0.00020833333333333335,0.0,7.368378789611554,0.7206439484774565,2.1378320742609835,-0.03924209170954721,2.1381922082686486,-6.931353603617758,0.6663906794060928,38.23905778380146,1.0986122886651097,0,0,3.0,0.00020833333333333335,0.0,7.757462271972957,0.8863577158824375,1.171277001326665,0.11810716893012166,2.350406729343889,0.5620039277680362,0.6637609564269151,34.75053701642754,1.0986122886651097,0.2,0.2,Train007,10.0
37,2,2,0.0001388888888888889,0.0,7.156146717775899,1.5480403433625791,-7.140051522400143,-0.31542539340744596,7.147015385553249,-7.170235481879659,0.001338697776961384,56.313803542092096,0.6931471805579453,0,0,2.0,0.0001388888888888889,0.0,7.887732839483311,1.675387026239175,-7.8736914864696725,-0.16708850893487187,7.879424669654583,-2.081784348896872,0.001148375947035607,56.047704272002804,0.6931471805579453,0.0,0.0,Train007,10.0
37,3,1,6.944444444444444e-05,0.0,8.87523307775297,0.0,8.863567466384984,-0.45489993765896186,8.87523307775297,-7.170149878475378,0.0,0.0,-1.000088900581841e-12,0,0,1.0,6.944444444444444e-05,0.0,8.94178558799035,0.0,8.932533725715695,-0.3959975190763803,8.94178558799035,3.1612587969646113,0.0,0.0,-1.000088900581841e-12,0.0,0.0,Train007,10.0
37,4,1,6.944444444444444e-05,0.0,6.361961862593782,0.0,6.358532703377087,0.20885545523595989,6.361961862593782,-5.624215445679512,1.1102230246251565e-16,0.0,-1.000088900581841e-12,0,0,1.2,8.333333333333333e-05,-0.2,6.9250207015096095,0.07537658982816957,6.9103484950693375,0.3455984758745099,6.9224446140803675,-0.9999833409186671,0.000392841500046659,5.288422074115166,0.13862943611078898,0.0,0.2,Train007,10.0
37,5,1,6.944444444444444e-05,0.0,9.177348450157025,0.0,-9.177344249496878,0.00878076455393258,9.177348450157025,-7.864837705765737,0.0,0.0,-1.000088900581841e-12,0,0,1.0,6.944444444444444e-05,0.0,9.655077579209962,0.0,-9.655071236829745,0.010849482301655208,9.655077579209962,0.3007999671761354,2.2204460492503132e-17,0.0,-1.000088900581841e-12,0.0,0.0,Train007,10.0
38,0,1,6.944444444444444e-05,0.0,6.370901972067082,0.0,-6.353446766803332,-0.4712813587280101,6.370901972067082,-6.361045557711584,0.0,0.0,-1.000088900581841e-12,0,0,1.0,6.944444444444444e-05,-0.2,7.487228732027719,0.0,-7.472614382320847,-0.45392547445388465,7.487228732027719,-1.518446326606506,0.0,0.0,-1.000088900581841e-12,0.0,0.2,Train007,10.0
38,1,3,0.00020833333333333335,0.0,6.66794586887426,0.6239870017498014,2.0001439920644013,-0.041167108919586616,2.0005675994197536,-7.004329207372933,0.6663400335465015,38.23147898747993,1.0986122886651097,0,0,3.0,0.00020833333333333335,0.0,7.823545362572554,0.8430603689661659,2.1570254554224615,0.031081176575940495,2.159524661908963,0.738738639221669,0.6664954950016432,38.29305774936182,1.0986122886651097,0.2,0.2,Train007,10.0
38,2,2,0.0001388888888888889,0.0,6.4585502333617235,1.457883600543128,-6.4435987137720385,-0.28695030391033083,6.449984872931013,-6.975964844141758,0.0013974577218950346,56.315402854929175,0.6931471805579453,0,0,2.0,0.0001388888888888889,0.0,7.721508307153731,1.6020333529151507,-7.708711309787884,-0.28712213369154493,7.714372616930623,-1.662245323295815,0.0010055399998994297,56.22382281440499,0.6931471805579453,0.0,0.0,Train007,10.0
38,3,1,6.944444444444444e-05,0.0,8.10290241784032,0.0,8.092129563488418,-0.41769213633878466,8.10290241784032,-7.7233065991264915,0.0,0.0,-1.000088900581841e-12,0,0,1.0,6.944444444444444e-05,0.0,9.234468546683983,0.0,9.223340106464484,-0.4523658349082824,9.234468546683983,2.9268295869363548,0.0,0.0,-1.000088900581841e-12,0.0,0.0,Train007,10.0
38,4,1,6.944444444444444e-05,0.0,5.791543959434747,0.0,5.788460323030344,0.18896698856822847,5.791543959434747,-5.704179031590355,0.0,0.0,-1.000088900581841e-12,0,0,1.0,6.944444444444444e-05,-0.2,6.767492462218617,0.0,6.763488113736732,0.2324043834734078,6.767492462218617,-0.8215164946282301,2.2204460492503132e-17,0.0,-1.000088900581841e-12,0.0,0.2,Train007,10.0
38,5,1,6.944444444444444e-05,0.0,8.363111978983857,0.0,-8.363108209671422,0.00794017315664491,8.363111978983857,-8.142364711731673,0.0,0.0,-1.000088900581841e-12,0,0,1.0,6.944444444444444e-05,0.0,9.686474271175289,0.0,-9.686469278402445,0.009809869091652542,9.686474271175289,0.31396691965327433,2.2204460492503132e-17,0.0,-1.000088900581841e-12,0.0,0.0,Train007,10.0
39,0,1,6.944444444444444e-05,0.0,8.735102821080721,0.0,-8.724472928830401,-0.4308055349665805,8.735102821080721,23.64200849013639,1.1102230246251565e-16,0.0,-1.000088900581841e-12,0,0,1.0,6.944444444444444e-05,0.0,7.583060740152646,0.0,-7.5672868134442535,-0.4836021756958254,7.583060740152646,0.9583200812492727,2.2204460492503132e-17,0.0,-1.000088900581841e-12,0.0,0.0,Train007,10.0
39,1,4,0.0002777777777777778,1.0,9.337363251661666,1.097565599693009,-0.5714335497607554,0.524228732004475,0.7754689324861425,20.98528757851378,0.9383602974298392,22.981468404362516,1.3862943611158907,1,0,3.2,0.00022222222222222223,0.2,8.00300746062068,0.8520770375576256,1.615774261680078,0.09197807291231581,1.885398025033476,0.6528437306091966,0.720857007722765,35.25879022728226,1.156148703155266,0.2,0.0,Train007,10.0
39,2,2,0.0001388888888888889,0.0,9.431711218008772,0.17064608913040757,-9.415211279422266,-0.5528974819472816,9.431431442877795,29.731609846470484,2.9672955427439973e-05,53.709489273396606,0.6931471805579453,0,0,2.0,0.0001388888888888889,0.0,7.88132586945477,1.2939720330287126,-7.8659763614950915,-0.36133833455882847,7.874498644198138,1.5981756230103934,0.0009675340685451284,55.7675781304064,0.6931471805579453,0.0,0.0,Train007,10.0
39,3,2,0.0001388888888888889,1.0,9.097089043593094,0.02759104762327169,3.579982528937549,4.237869747426956,5.547595416363264,10.217776733760449,0.39018379477178977,42.94436393770327,0.6931471805579453,1,0,1.2,8.333333333333333e-05,0.2,9.138956195082093,0.005518209524654339,8.026214356737961,0.478399185985238,8.429057469636128,-0.8999414207723688,0.07803675895435795,8.588872787540655,0.13862943611078898,0.2,0.0,Train007,10.0
39,4,1,6.944444444444444e-05,0.0,7.6228479592961005,0.0,7.608600966888371,0.46583509658470035,7.6228479592961005,18.31303999861354,0.0,0.0,-1.000088900581841e-12,0,0,1.0,6.944444444444444e-05,0.0,6.813695016652526,0.0,6.807896309544242,0.2697291322335289,6.813695016652526,0.46202554433909315,2.2204460492503132e-17,0.0,-1.000088900581841e-12,0.0,0.0,Train007,10.0
39,5,1,6.944444444444444e-05,0.0,11.421261361877125,0.0,-11.421259104849943,0.007180263897068138,11.421261361877125,30.581493828932675,0.0,0.0,-1.000088900581841e-12,0,0,1.0,6.944444444444444e-05,0.0,9.892312149797807,0.0,-9.89230806328884,0.008870296257314286,9.892312149797805,2.0583787862251546,0.0,0.0,-1.000088900581841e-12,0.0,0.0,Train007,10.0
40,0,1,6.944444444444444e-05,0.0,9.036780562956212,0.0,-9.028306812052694,-0.3912531794964949,9.036780562956212,3.0167774187549057,0.0,0.0,-1.000088900581841e-12,0,0,1.0,6.944444444444444e-05,0.0,7.758274239173848,0.0,-7.743677719292977,-0.46506804829998344,7.758274239173848,1.7521349902120171,2.2204460492503132e-17,0.0,-1.000088900581841e-12,0.0,0.0,Train007,10.0
40,1,4,0.0002777777777777778,0.0,9.39243705187209,0.877756996084188,-0.34612175215902274,0.6525957220610207,0.7387025407902541,0.5507380021042474,0.9255048811564217,22.64999227488117,1.3862943611158907,0,0,3.4,0.00023611111111111112,0.2,8.165527822398579,0.8322952886986668,1.0926069958289024,0.21484240854210768,1.5791310810974741,0.4834263679069478,0.7726193048069219,32.08163067490477,1.2136851176454222,0.2,0.0,Train007,10.0
40,2,2,0.0001388888888888889,0.0,9.838412389959728,0.649953518090876,-9.817108544420947,-0.6110399275301299,9.836106443404258,4.0670117195095745,0.00023540949590139526,52.731079381802545,0.6931471805579453,0,0,2.0,0.0001388888888888889,0.0,8.151598165013997,1.0896310209139646,-8.13459714116268,-0.4201593580092079,8.145734055392946,2.7027229555922845,0.0008400185773325131,55.071893045552805,0.6931471805579453,0.0,0.0,Train007,10.0
40,3,2,0.0001388888888888889,0.0,8.9896084760327,0.04838144605783512,3.6349512957392864,4.269327008494769,5.607140450163489,-1.0748056756039404,0.37627840687387193,43.41069988517825,0.6931471805579453,0,0,1.4,9.722222222222222e-05,0.2,8.93141621616392,0.015194498736221362,6.750124058859006,1.42996212319181,7.545023885544111,-2.0202176939352023,0.15329244032913233,17.271012764576305,0.27725887222257806,0.2,0.0,Train007,10.0
40,4,1,6.944444444444444e-05,0.0,7.809641660057388,0.0,7.7913354429746615,0.5344107723004438,7.809641660057388,1.8679370076128787,0.0,0.0,-1.000088900581841e-12,0,0,1.0,6.944444444444444e-05,0.0,6.90207576970875,0.0,6.893493929138513,0.32574771900317223,6.90207576970875,0.8838075305622468,2.2204460492503132e-17,0.0,-1.000088900581841e-12,0.0,0.0,Train007,10.0
40,5,1,6.944444444444444e-05,0.0,11.808632128518362,0.0,-11.808630343293023,0.006493237664414778,11.808632128518362,3.873707666412365,0.0,0.0,-1.000088900581841e-12,0,0,1.0,6.944444444444444e-05,0.0,10.146837228053993,0.0,-10.14683387920977,0.008021026945706859,10.146837228053993,2.5452507825618857,0.0,0.0,-1.000088900581841e-12,0.0,0.0,Train007,10.0
41,0,1,6.944444444444444e-05,0.0,8.606286843077925,0.0,-8.598987370465663,-0.35438598717814024,8.606286843077925,-4.30493719878287,1.1102230246251565e-16,0.0,-1.000088900581841e-12,0,0,1.0,6.944444444444444e-05,0.0,7.951215745404037,0.0,-7.938764995550628,-0.43102533420634953,7.951215745404037,1.929415062301878,4.4408920985006264e-17,0.0,-1.000088900581841e-12,0.0,0.0,Train007,10.0
41,1,4,0.0002777777777777778,0.0,8.850367917804501,0.7802981297960082,-0.23936971870478607,0.6592625491469,0.7013736314835889,-5.420691340675887,0.921055274678788,22.542860618249108,1.3862943611158907,0,0,3.6,0.00025,0.2,8.323298575964815,0.8200503351600925,0.5962102091401642,0.3511355605166525,1.2708609824896775,0.43593028579029003,0.8235302332435286,28.928971613754833,1.2712215321355782,0.2,0.0,Train007,10.0
41,2,2,0.0001388888888888889,0.0,9.36079463227827,0.7384798948858382,-9.338609739683177,-0.5941043157979582,9.357488541705797,-4.776177576814602,0.000355397112953848,52.36799419979446,0.6931471805579453,0,0,2.0,0.0001388888888888889,0.0,8.449123038276877,0.9130006892025657,-8.430915959939714,-0.47208348451862925,8.444405337294423,2.9752487326288093,0.0006713270126278203,54.28755385040298,0.6931471805579453,0.0,0.0,Train007,10.0
41,3,2,0.0001388888888888889,0.0,8.4288464057601,0.07840929872833158,3.435114067274047,4.033216363461472,5.297814916517698,-5.607620702726006,0.371507842770712,43.57657208339293,0.6931471805579453,0,0,1.6,0.00011111111111111112,0.2,8.698735884195838,0.03087635848188768,5.5211489843648565,2.33356420907709,6.686137255727549,-2.2716212244342744,0.22759400888327477,25.986327181254893,0.4158883083343672,0.2,0.0,Train007,10.0
41,4,1,6.944444444444444e-05,0.0,7.414099346643827,0.0,7.395367685701597,0.5266933787176599,7.414099346643827,-3.955423134135616,0.0,0.0,-1.000088900581841e-12,0,0,1.0,6.944444444444444e-05,0.0,7.000018957605169,0.0,6.988459424394412,0.38495233828139847,7.000018957605169,0.9794318789641878,2.2204460492503132e-17,0.0,-1.000088900581841e-12,0.0,0.0,Train007,10.0
41,5,1,6.944444444444444e-05,0.0,11.246805104824459,0.0,-11.24680357189434,0.0058720635396947995,11.246805104824459,-5.618270236939029,0.0,0.0,-1.000088900581841e-12,0,0,1.0,6.944444444444444e-05,0.0,10.403431804872167,0.0,-10.403429095841123,0.007253300562351041,10.403431804872167,2.5659457681817193,0.0,0.0,-1.000088900581841e-12,0.0,0.0,Train007,10.0
42,0,1,6.944444444444444e-05,0.0,7.948017021727132,0.0,-7.941546447635817,-0.3206471545284176,7.948017021727132,-6.582698213507925,1.1102230246251565e-16,0.0,-1.000088900581841e-12,0,0,1.0,6.944444444444444e-05,0.0,8.139417844181814,0.0,-8.129352065157581,-0.39367464297952864,8.139417844181814,1.8820209877777838,6.661338147750939e-17,0.0,-1.000088900581841e-12,0.0,0.0,Train007,10.0
42,1,4,0.0002777777777777778,0.0,8.131451032364792,0.7126498394428393,-0.17916352003417924,0.6230201557489643,0.6482697597300845,-7.189168854397103,0.919312613488407,22.514086194403095,1.3862943611158907,0,0,3.8,0.0002638888888888889,0.2,8.475913024515462,0.8184515133531691,0.13281109028113156,0.4835880100083547,0.9728764927819649,0.3843672356344211,0.8741146200599914,25.783977295875168,1.3287579466257344,0.2,0.0,Train007,10.0
42,2,2,0.0001388888888888889,0.0,8.619198617416277,0.7014711083882417,-8.597962547826853,-0.5524242608698788,8.615691065598329,-7.415960148619916,0.00040966032308231703,52.237524454478304,0.6931471805579453,0,0,2.0,0.0001388888888888889,0.0,8.741733418204955,0.7436868422076983,-8.722498165025057,-0.519483258011116,8.738140473303439,2.9261037992807575,0.000485519521852007,53.472298032880225,0.6931471805579453,0.0,0.0,Train007,10.0
42,3,2,0.0001388888888888889,0.0,7.737290448222529,0.08407704303898678,3.163464951560389,3.7133089365763188,4.878132199747002,-6.915559575375698,0.3695860829066804,43.60985382103149,0.6931471805579453,0,0,1.8,0.000125,0.2,8.471147358289748,0.04769176708968503,4.381128481399938,3.1672059839241458,5.886717080126354,-2.2207031638143384,0.3015112254646108,34.70829794546119,0.5545177444461562,0.2,0.0,Train007,10.0
42,4,1,6.944444444444444e-05,0.0,6.839827504528743,0.0,6.822039509363637,0.4929677721610634,6.839827504528743,-5.742718421150839,0.0,0.0,-1.000088900581841e-12,0,0,1.0,6.944444444444444e-05,0.0,7.095592085992162,0.0,7.081160785591722,0.44177480166641914,7.095592085992162,0.9557312838699226,0.0,0.0,-1.000088900581841e-12,0.0,0.0,Train007,10.0
42,5,1,6.944444444444444e-05,0.0,10.388894556784836,0.0,-10.388893199549766,0.00531039944006134,10.388894556784836,-8.57910548039623,0.0,0.0,-1.000088900581841e-12,0,0,1.0,6.944444444444444e-05,0.0,10.64574102619773,0.0,-10.6457388858517,0.006559227539576794,10.645741026197728,2.4230922132556207,0.0,0.0,-1.000088900581841e-12,0.0,0.0,Train007,10.0
43,0,1,6.944444444444444e-05,0.0,7.250047125980872,0.0,-7.244244863826783,-0.2899994514870419,7.250047125980872,-6.979698957462599,0.0,0.0,-1.000088900581841e-12,0,0,1.0,6.944444444444444e-05,0.0,8.315246874964572,0.0,-8.307511684562272,-0.357418261531335,8.315246874964572,1.758290307827581,6.661338147750939e-17,0.0,-1.000088900581841e-12,0.0,0.0,Train007,10.0
43,1,4,0.0002777777777777778,0.0,7.395422482041813,0.6537232137053401,-0.14052861345097512,0.5739112366850969,0.5908658043852859,-7.3602855032297905,0.9185974580548285,22.51366496526455,1.3862943611158907,0,0,4.0,0.0002777777777777778,0.2,8.621408347148972,0.824398755744277,-0.29532343082194373,0.6066036791292915,0.6909361337750711,0.3131759764630496,0.9245661049616569,22.64041449143209,1.3862943611158907,0.2,0.0,Train007,10.0
43,2,2,0.0001388888888888889,0.0,7.837570566755437,0.630972498928708,-7.817915380925162,-0.5048321080488797,7.8341978760191715,-7.8162805066084085,0.0004331313233781886,52.19442298865381,0.6931471805579453,0,0,2.0,0.0001388888888888889,0.0,9.017537484883695,0.5783046218848144,-8.99736149845568,-0.5630596188388257,9.01498307392107,2.7580406667874278,0.0002926542421486378,52.648102059625145,0.6931471805579453,0.0,0.0,Train007,10.0
43,3,2,0.0001388888888888889,0.0,7.039551497752338,0.07934252852522894,2.8830887703782087,3.381709659821633,4.443890309313662,-6.977389504701916,0.3687858952835853,43.593771716079395,0.6931471805579453,0,0,2.0,0.0001388888888888889,0.2,8.258477174272153,0.06356027279473082,3.3393203227778963,3.9270863431562297,5.154914658421023,-2.071519744929423,0.37526840452132787,43.42705228867707,0.6931471805579453,0.2,0.0,Train007,10.0
43,4,1,6.944444444444444e-05,0.0,6.2374303299405325,0.0,6.221016251147889,0.45221004391314756,6.2374303299405325,-6.023971745882104,0.0,0.0,-1.000088900581841e-12,0,0,1.0,6.944444444444444e-05,0.0,7.184769360093318,0.0,7.167671971215232,0.494423412735403,7.184769360093318,0.8917727410115728,0.0,0.0,-1.000088900581841e-12,0.0,0.0,Train007,10.0
43,5,1,6.944444444444444e-05,0.0,9.478896722124468,0.0,-9.478895505515682,0.0048025218977917295,9.478896722124468,-9.099978346603681,0.0,0.0,-1.000088900581841e-12,0,0,1.0,6.944444444444444e-05,0.0,10.86889797482585,0.0,-10.86889634502055,0.005931697287806156,10.868897974825849,2.231569486281219,0.0,0.0,-1.000088900581841e-12,0.0,0.0,Train007,10.0
44,0,1,6.944444444444444e-05,0.0,9.232928943478061,0.0,-9.232869522489784,0.033124854628808036,9.232928943478061,19.82881817497189,0.0,0.0,-1.000088900581841e-12,0,0,1.0,6.944444444444444e-05,0.0,8.41481209944404,0.0,-8.409191003294149,-0.2646321836122573,8.41481209944404,0.9956522447946806,4.4408920985006264e-17,0.0,-1.000088900581841e-12,0.0,0.0,Train007,10.0
44,1,2,0.0001388888888888889,-2.0,9.460860124735358,0.05390486622883994,-0.0001957165715262832,-0.8397852569029394,0.8397852797093506,22.634148036289563,0.9114174567468425,23.524670369599278,0.6931471805579453,0,2,3.6,0.00024999999999999995,-0.4,8.64610772176371,0.6156666090514431,-0.18107586418409788,0.3338008813478086,0.7037994032197128,0.642948068018206,0.9191775368250574,22.749054884479442,1.2476649250043015,0.0,0.4,Train007,10.0
44,2,3,0.00020833333333333335,1.0,9.50047158585236,0.7005752581844998,-3.7470380197827953,-0.13858107092242086,3.7495997966337393,19.694674853185607,0.6666901390369717,47.18782464969528,1.0986122886651097,1,0,2.2,0.00015277777777777777,0.2,9.031289558452414,0.6842904556956328,-7.863726846527787,-0.4801963366338534,7.87861674467226,0.7506536681304524,0.13362474745845748,51.34376913488488,0.7742402021793782,0.2,0.0,Train007,10.0
44,3,2,0.0001388888888888889,0.0,7.098850210558886,1.2769109946887092,3.7957621487405877,3.064131798727802,4.878187570172619,0.5929871280654853,0.3257828939947499,45.62318526278591,0.6931471805579453,0,0,2.0,0.0001388888888888889,0.0,7.858829407665311,0.3134242622078183,3.3824762467385034,3.6923387534163985,5.021033089182894,-3.996477666068416,0.36238822436591994,43.9628165536936,0.6931471805579453,0.0,0.0,Train007,10.0
44,4,1,6.944444444444444e-05,0.0,8.311398506553736,0.0,8.297950081191184,-0.4726199157916666,8.311398506553736,20.739681766132037,0.0,0.0,-1.000088900581841e-12,0,0,1.0,6.944444444444444e-05,0.0,7.322479469544845,0.0,7.305541794075793,0.30673241026012954,7.322479469544845,1.3771010945152722,0.0,0.0,-1.000088900581841e-12,0.0,0.0,Train007,10.0
44,5,1,6.944444444444444e-05,0.0,10.667262012712413,0.0,-10.667261128514562,0.0043432636948631245,10.667262012712413,11.883652905879458,1.1102230246251565e-16,0.0,-1.000088900581841e-12,0,0,1.0,6.944444444444444e-05,0.0,10.718098104992908,0.0,-10.718096749753474,0.005364297247365155,10.718098104992908,-1.507998698329424,2.2204460492503132e-17,0.0,-1.000088900581841e-12,0.0,0.0,Train007,10.0
45,0,1,6.944444444444444e-05,0.0,9.378369094089434,0.0,-9.377275587731086,0.14321109145064262,9.378369094089434,1.4544015061137294,0.0,0.0,-1.000088900581841e-12,0,0,1.0,6.944444444444444e-05,0.0,8.483129805670684,0.0,-8.478984758429826,-0.1577393294228298,8.483129805670684,0.6831770622664454,4.4408920985006264e-17,0.0,-1.000088900581841e-12,0.0,0.0,Train007,10.0
45,1,2,0.0001388888888888889,0.0,9.688764613153065,0.08520561617489708,-0.17663306060896122,-1.041723115856368,1.056591826681235,2.279044884177086,0.8912976608342151,21.26487380364813,0.6931471805579453,0,0,3.2,0.00022222222222222223,-0.4,8.705373234019905,0.45715633306958486,-0.14717812587408557,-0.005062886235669151,0.767377260397909,0.9886094444327738,0.9123360927606162,22.472031190232833,1.1090354888927125,0.0,0.4,Train007,10.0
45,2,3,0.00020833333333333335,0.0,9.650054887243563,0.8554819571398286,-3.766272502186245,-0.31339731537009813,3.779289144535705,1.4958330139120275,0.6659069804785788,45.64063640447376,1.0986122886651097,0,0,2.4,0.00016666666666666666,0.2,8.99361805790918,0.7253961435054233,-6.653559638080847,-0.4206678142018472,6.667253284898548,0.23641792701094305,0.26675906165499297,49.92568053941912,0.855333223800811,0.2,0.0,Train007,10.0
45,3,2,0.0001388888888888889,0.0,6.706233763569571,1.6769209014451323,3.8888273334803753,2.7725422384986746,4.775978276110909,-3.9261644698931475,0.3112934993439569,46.3756074981079,0.6931471805579453,0,0,2.0,0.0001388888888888889,0.0,7.402154465172686,0.6391321532852777,3.4332514542867214,3.39298179941718,4.854800654372378,-4.5667494249262575,0.34939124285993695,44.55579807627952,0.6931471805579453,0.0,0.0,Train007,10.0
45,4,1,6.944444444444444e-05,0.0,8.563893539305619,0.0,8.529597298807623,-0.7656647260611139,8.563893539305619,2.5249503275188268,0.0,0.0,-1.000088900581841e-12,0,0,1.0,6.944444444444444e-05,0.0,7.473329845394491,0.0,7.453194165242385,0.04671731058781807,7.473329845394491,1.5085037584964618,0.0,0.0,-1.000088900581841e-12,0.0,0.0,Train007,10.0
45,5,1,6.944444444444444e-05,0.0,10.450968843232639,0.0,-10.450968105078253,0.003927958303075357,10.450968843232639,-2.162931694797745,0.0,0.0,-1.000088900581841e-12,0,0,1.0,6.944444444444444e-05,0.0,10.446565447935765,0.0,-10.446564302110522,0.00485124137509727,10.446565447935763,-2.715326570571446,2.2204460492503132e-17,0.0,-1.000088900581841e-12,0.0,0.0,Train007,10.0
46,0,1,6.944444444444444e-05,0.0,8.875602555204832,0.0,-8.873917607137669,0.17293646142624386,8.875602555204832,-5.027665388846021,0.0,0.0,-1.000088900581841e-12,0,0,1.0,6.944444444444444e-05,0.0,8.536992948096067,0.0,-8.533970805764227,-0.05227483970195299,8.536992948096067,0.5386314242538152,2.2204460492503132e-17,0.0,-1.000088900581841e-12,0.0,0.0,Train007,10.0
46,1,2,0.0001388888888888889,0.0,9.18704939714538,0.11450473053282462,-0.2156326959393038,-1.0501952072939538,1.0721042080792533,-5.017152160076854,0.883961143173015,20.468507123261883,0.6931471805579453,0,0,2.8,0.00019444444444444443,-0.4,8.77270952988808,0.32399765321694823,-0.14243072132098913,-0.3469544375238399,0.8415233757170419,1.0693172805525806,0.9049172664594616,22.057160491235386,0.9704060527811235,0.0,0.4,Train007,10.0
46,2,3,0.00020833333333333335,0.0,9.130199071485608,0.8751092038632552,-3.544347288633988,-0.35500367857342746,3.562081598482518,-5.198558157579551,0.6649184177407557,45.094417797553994,1.0986122886651097,0,0,2.6,0.00018055555555555555,0.2,8.947498945750649,0.7527220053009067,-5.494707147871009,-0.37284768675694097,5.508171896253892,0.1519418108579531,0.3996716657805533,48.47096525897103,0.9364262454222441,0.2,0.0,Train007,10.0
46,3,2,0.0001388888888888889,0.0,6.174975401424739,1.717789263096829,3.6920061125388823,2.5074164116779345,4.462963835454677,-5.312583621448335,0.30551843982144855,46.634817340687974,0.6931471805579453,0,0,2.0,0.0001388888888888889,0.0,6.951380264305612,0.9670081461589772,3.4846298633396886,3.0878218090604728,4.687830438159773,-4.507742008670723,0.3361933622700842,45.167447127738534,0.6931471805579453,0.0,0.0,Train007,10.0
46,4,1,6.944444444444444e-05,0.0,8.148941197108364,0.0,8.107353543273287,-0.8222293830215323,8.148941197108364,-4.14952342197255,0.0,0.0,-1.000088900581841e-12,0,0,1.0,6.944444444444444e-05,0.0,7.6202982154873995,0.0,7.595591336756724,-0.22306724176002035,7.6202982154873995,1.469683700929075,0.0,0.0,-1.000088900581841e-12,0.0,0.0,Train007,10.0
46,5,1,6.944444444444444e-05,0.0,9.760074980523894,0.0,-9.760074334039262,0.003552390258507891,9.760074980523894,-6.908938627087444,0.0,0.0,-1.000088900581841e-12,0,0,1.0,6.944444444444444e-05,0.0,10.14921942307565,0.0,-10.149218454539504,0.004387306718859889,10.14921942307565,-2.9734602486011292,2.2204460492503132e-17,0.0,-1.000088900581841e-12,0.0,0.0,Train007,10.0
47,0,1,6.944444444444444e-05,0.0,8.177613145206655,0.0,-8.175782089353111,0.17304328958257198,8.177613145206655,-6.979894099981774,0.0,0.0,-1.000088900581841e-12,0,0,1.0,6.944444444444444e-05,0.0,8.58291217279197,0.0,-8.580817934107687,0.046463249120244916,8.58291217279197,0.45919224695904537,0.0,0.0,-1.000088900581841e-12,0.0,0.0,Train007,10.0
47,1,2,0.0001388888888888889,0.0,8.464147982493538,0.11000504368658426,-0.20883225348136936,-0.9911019932843785,1.0128642906067797,-7.229014146518429,0.8810325727276319,20.221251844797052,0.6931471805579453,0,0,2.4,0.00016666666666666666,-0.4,8.839248919913832,0.2034686940656972,-0.14836446801042716,-0.6697788673305085,0.914442281892381,1.0613482221283153,0.8972612583073065,21.59859362131418,0.8317766166695344,0.0,0.4,Train007,10.0
47,2,3,0.00020833333333333335,0.0,8.40778561468337,0.8347154355347208,-3.253987253376635,-0.3481568178456149,3.2725595815737263,-7.2241345680223885,0.664423711020135,44.92711208915373,1.0986122886651097,0,0,2.8,0.00019444444444444446,0.2,8.905216345204067,0.7793708707302025,-4.425912088980964,-0.3319941981520882,4.439545599448972,0.19030692697745852,0.5324744759199638,47.00888278590612,1.0175192670436768,0.2,0.0,Train007,10.0
47,3,2,0.0001388888888888889,0.0,5.626459206725448,1.6312154010833368,3.4062009414175662,2.2672468132956456,4.091773816538883,-5.485161946992907,0.3031201393633166,46.70678910653567,0.6931471805579453,0,0,2.0,0.0001388888888888889,0.0,6.529214016006196,1.276435817767847,3.533177061311124,2.798609384404338,4.530558761518149,-4.221662482994164,0.3229001735614115,45.78683418483937,0.6931471805579453,0.0,0.0,Train007,10.0
47,4,1,6.944444444444444e-05,0.0,7.525066622839408,0.0,7.483123074824847,-0.7934082966516214,7.525066622839408,-6.238745742689558,0.0,0.0,-1.000088900581841e-12,0,0,1.0,6.944444444444444e-05,0.0,7.757346039149532,0.0,7.727808049848965,-0.4803424555225574,7.757346039149532,1.3704782366213313,0.0,0.0,-1.000088900581841e-12,0.0,0.0,Train007,10.0
47,5,1,6.944444444444444e-05,0.0,8.945240195904999,0.0,-8.945239618963104,0.0032127507401966816,8.945240195904999,-8.148347846188955,0.0,0.0,-1.000088900581841e-12,0,0,1.0,6.944444444444444e-05,0.0,9.860488550899683,0.0,-9.860487738422172,0.003967776978886957,9.860488550899683,-2.8873087217596742,2.2204460492503132e-17,0.0,-1.000088900581841e-12,0.0,0.0,Train007,10.0
48,0,1,6.944444444444444e-05,0.0,7.453169859356145,0.0,-7.451390009430186,0.1628738155103765,7.453169859356145,-7.244432858505094,0.0,0.0,-1.000088900581841e-12,0,0,1.0,6.944444444444444e-05,0.0,8.623536719467026,0.0,-8.622246963228367,0.1370379025197286,8.623536719467026,0.4062454667505463,0.0,0.0,-1.000088900581841e-12,0.0,0.0,Train007,10.0
48,1,2,0.0001388888888888889,0.0,7.709243234286717,0.09663198443322908,-0.18888185718238404,-0.9120897036515044,0.9314418841128821,-7.549047482068212,0.879821071658144,20.17814639411075,0.6931471805579453,0,0,2.0,0.0001388888888888889,-0.4,8.902013070362813,0.09205044821127499,-0.15803511675670895,-0.9669790553978286,0.9825574978379003,1.0235958263606308,0.8895059810279697,21.13148990708342,0.6931471805579453,0.0,0.4,Train007,10.0
48,2,3,0.00020833333333333335,0.0,7.658580042208307,0.7738375263035289,-2.958307999042621,-0.32501782775687976,2.976108668304865,-7.492055724750631,0.6642027504838335,44.900988797608456,1.0986122886651097,0,0,3.0,0.00020833333333333335,0.2,8.869418240294642,0.8079438762051667,-3.453990612604457,-0.2960313420936882,3.4679277579061107,0.25515188334901406,0.6652283997520549,45.55019594769705,1.0986122886651097,0.2,0.0,Train007,10.0
48,3,2,0.0001388888888888889,0.0,5.104303902624848,1.505386423752878,3.10636039515313,2.0500006554514956,3.721824497733265,-5.221553041006002,0.3021110651635933,46.7094225059535,0.6931471805579453,0,0,2.0,0.0001388888888888889,0.0,6.1421644969806986,1.5616445968133772,3.5778313862661086,2.5322675835303103,4.386145599202071,-3.8704951902549825,0.309565207537413,46.409964342814185,0.6931471805579453,0.0,0.0,Train007,10.0
48,4,1,6.944444444444444e-05,0.0,6.865240093409159,0.0,6.825602901669391,-0.7366590587748059,6.865240093409159,-6.598265294302497,0.0,0.0,-1.000088900581841e-12,0,0,1.0,6.944444444444444e-05,0.0,7.8829079918432585,0.0,7.848725379953267,-0.7181162760601479,7.8829079918432585,1.2556195269372528,0.0,0.0,-1.000088900581841e-12,0.0,0.0,Train007,10.0
48,5,1,6.944444444444444e-05,0.0,8.135431106920636,0.0,-8.135430588048411,0.0029055977353044248,8.135431106920636,-8.098090889843625,0.0,0.0,-1.000088900581841e-12,0,0,1.0,6.944444444444444e-05,0.0,9.591795427858916,0.0,-9.591794754928719,0.0035883921463894957,9.591795427858916,-2.686931230407663,2.2204460492503132e-17,0.0,-1.000088900581841e-12,0.0,0.0,Train007,10.0
49,0,1,6.944444444444444e-05,0.0,9.120614940185332,0.0,-9.119460604540674,-0.1451039949917159,9.120614940185332,16.674450808291866,0.0,0.0,-1.000088900581841e-12,0,0,1.0,6.944444444444444e-05,0.0,8.601073918808481,0.0,-8.599565179638546,0.10139213259562381,8.601073918808481,-0.22462800658545845,0.0,0.0,-1.000088900581841e-12,0.0,0.0,Train007,10.0
49,1,2,0.0001388888888888889,0.0,8.663298898000933,1.1151307491523608,-1.2257211230002385,-0.8278083659359873,1.4790736837908296,9.540556637142164,0.886899791900465,16.939269865125727,0.6931471805579453,0,0,2.0,0.0001388888888888889,0.0,8.742500825015927,0.30429562479597916,-0.4031401980424514,-0.9645836772044383,1.1104151786541958,-1.5951224534688493,0.8846024480586943,19.81440980618871,0.6931471805579453,0.0,0.0,Train007,10.0
49,2,2,0.0001388888888888889,-1.0,9.747172738178113,0.26045738977248867,-9.746098472513257,-0.1320366011377789,9.746992823428426,17.815118157586788,1.8471336448833142e-05,54.76643108248285,0.6931471805579453,0,1,2.8,0.00019444444444444443,-0.2,8.918758470759792,0.7199203025227644,-4.653802703150549,-0.29472244813675985,4.667406363265049,-0.12075945577074947,0.5318940662119503,47.06591723425456,1.0175192670436768,0.0,0.2,Train007,10.0
49,3,2,0.0001388888888888889,0.0,6.659852414107309,2.852440965521215,5.473224695398173,1.7067236317361374,5.733157430373163,15.555485114824615,0.17362338593855942,48.536767763060574,0.6931471805579453,0,0,2.0,0.0001388888888888889,0.0,6.054364937690383,1.8767505909798783,3.9133238955976255,2.260785950131978,4.557139571242179,-0.8779955929031559,0.2791333059261749,46.99268084286913,0.6931471805579453,0.0,0.0,Train007,10.0
49,4,1,6.944444444444444e-05,0.0,7.963292752771165,0.0,7.962845722910677,-0.08437688937679849,7.963292752771165,10.980526593620068,1.1102230246251565e-16,0.0,-1.000088900581841e-12,0,0,1.0,6.944444444444444e-05,0.0,7.813286841086743,0.0,7.781704508297165,-0.6404676707771744,7.813286841086743,-0.6962115075651412,2.2204460492503132e-17,0.0,-1.000088900581841e-12,0.0,0.0,Train007,10.0
49,5,0,0.0,-1.0,0.0,0.0,0.0,0.0,0.0,0.0,0.0,0.0,0.0,0,1,0.8,5.5555555555555545e-05,-0.2,7.458343025316433,0.0,-7.458342529225805,0.0027197394074168707,7.458343025316434,-5.063661811583555,0.0,0.0,-8.000711204654728e-13,0.0,0.2,Train007,10.0
50,0,1,6.944444444444444e-05,0.0,9.163718871506658,0.0,-9.160485968954392,-0.24339344403038973,9.163718871506658,0.4310393132132617,0.0,0.0,-1.000088900581841e-12,0,0,1.0,6.944444444444444e-05,0.0,8.558143874291925,0.0,-8.556207255883207,0.024071225499417342,8.558143874291925,-0.429300445165552,0.0,0.0,-1.000088900581841e-12,0.0,0.0,Train007,10.0
50,1,2,0.0001388888888888889,0.0,8.478525994456803,1.3966358600422506,-1.5063882835419213,-0.7501875153932798,1.6828508457508402,-1.8477290354413034,0.8877364820189969,15.796277276924892,0.6931471805579453,0,0,2.0,0.0001388888888888889,0.0,8.500453101276674,0.5665816735694499,-0.6690912426290434,-0.9062765571118205,1.235666982468117,-2.4204772373925274,0.8838902122956505,18.72069050084406,0.6931471805579453,0.0,0.0,Train007,10.0
50,2,2,0.0001388888888888889,0.0,9.78633495468759,0.06806143543274512,-9.786138045890752,-0.06179795549496557,9.786333166234114,0.3916221650947538,1.8275891766617036e-07,54.405590453958915,0.6931471805579453,0,0,2.6,0.00018055555555555555,-0.2,8.946014484248597,0.5624361981813477,-5.85777581189145,-0.2444025761617333,5.86881516760473,-0.34160162553420415,0.3987127066680181,48.81890804415159,0.936426245422244,0.0,0.2,Train007,10.0
50,3,2,0.0001388888888888889,0.0,6.909172345687971,3.061524432429213,5.971718564564105,1.48680977830405,6.154025181230582,2.493199315806618,0.1381035123212122,49.21412190639124,0.6931471805579453,0,0,2.0,0.0001388888888888889,0.0,6.094952654114063,2.153671297176694,4.329902141814371,2.0036394580930525,4.832748952266114,0.4058771642367972,0.244495308521626,47.56038372452579,0.6931471805579453,0.0,0.0,Train007,10.0
50,4,1,6.944444444444444e-05,0.0,7.8897005499913115,0.0,7.88833207645513,0.14694155335467668,7.8897005499913115,-0.735922027798539,0.0,0.0,-1.000088900581841e-12,0,0,1.0,6.944444444444444e-05,0.0,7.678448243223881,0.0,7.653451463826667,-0.4579464148940162,7.678448243223881,-1.3483859786286143,2.2204460492503132e-17,0.0,-1.000088900581841e-12,0.0,0.0,Train007,10.0
50,5,0,0.0,0.0,0.0,0.0,0.0,0.0,0.0,0.0,0.0,0.0,0.0,0,0,0.6,4.166666666666667e-05,-0.2,5.368149256669906,0.0,-5.368148908210155,0.0019341477468017994,5.3681492566699065,-4.631075472624006,0.0,0.0,-6.000533403491046e-13,0.0,0.2,Train007,10.0
51,0,1,6.944444444444444e-05,0.0,8.638725370509661,0.0,-8.634716559415118,-0.2631462818464905,8.638725370509661,-5.24993500996997,1.1102230246251565e-16,0.0,-1.000088900581841e-12,0,0,1.0,6.944444444444444e-05,0.0,8.51076843735289,0.0,-8.508367046338696,-0.06314532315512954,8.51076843735289,-0.4737543693903419,2.2204460492503132e-17,0.0,-1.000088900581841e-12,0.0,0.0,Train007,10.0
51,1,2,0.0001388888888888889,0.0,7.9109098180574655,1.4079828067393865,-1.510930194687155,-0.6792392447940736,1.65658564671006,-5.676161763993366,0.8878753468686676,15.415186960000337,0.6931471805579453,0,0,2.0,0.0001388888888888889,0.0,8.245225185459091,0.8252772888107621,-0.9281507423786136,-0.8320853646118446,1.3525632701942782,-2.5522791581758293,0.884673053034781,17.71002646819175,0.6931471805579453,0.0,0.0,Train007,10.0
51,2,2,0.0001388888888888889,0.0,9.219399323431105,0.0012485152672958577,-9.219296387643352,-0.03387242644101495,9.219358612424552,-5.669356312564835,4.415798239176816e-06,54.268123816272755,0.6931471805579453,0,0,2.4,0.0001666666666666667,-0.2,8.963854534637695,0.38766406046215585,-6.992765631693324,-0.18017632573525083,7.000270570393137,-0.43576125653126085,0.26572990627951476,50.65364924789534,0.855333223800811,0.0,0.2,Train007,10.0
51,3,2,0.0001388888888888889,0.0,6.599450119999694,2.9438545768648168,5.792696962734338,1.3227390226048872,5.9417991066673865,-3.09722225688277,0.1261678420229294,49.4469788759364,0.6931471805579453,0,0,2.0,0.0001388888888888889,0.0,6.179847597829054,2.398884359930292,4.750040311853462,1.766703980278443,5.128516006508656,0.8489494371499102,0.20862518896192217,48.122816031575475,0.6931471805579453,0.0,0.0,Train007,10.0
51,4,1,6.944444444444444e-05,0.0,7.400958290556812,0.0,7.39773056703497,0.21855451520858618,7.400958290556812,-4.887422594344999,1.1102230246251565e-16,0.0,-1.000088900581841e-12,0,0,1.0,6.944444444444444e-05,0.0,7.528851661913572,0.0,7.511526868579002,-0.24978963524799253,7.528851661913572,-1.4959658131031042,4.4408920985006264e-17,0.0,-1.000088900581841e-12,0.0,0.0,Train007,10.0
51,5,0,0.0,0.0,0.0,0.0,0.0,0.0,0.0,0.0,0.0,0.0,0.0,0,0,0.4,2.777777777777778e-05,-0.2,3.4161342605651273,0.0,-3.416134041402303,0.0012236696951002212,3.4161342605651273,-3.249287747206517,0.0,0.0,-4.000355602327364e-13,0.0,0.2,Train007,10.0
52,0,1,6.944444444444444e-05,0.0,7.947427299628108,0.0,-7.943351676557873,-0.25448934240819293,7.947427299628108,-6.912980708815528,0.0,0.0,-1.000088900581841e-12,0,0,1.0,6.944444444444444e-05,0.0,8.46473126823718,0.0,-8.461880963779649,-0.14865184955328253,8.46473126823718,-0.46037169115709276,2.2204460492503132e-17,0.0,-1.000088900581841e-12,0.0,0.0,Train007,10.0
52,1,2,0.0001388888888888889,0.0,7.245143837102214,1.326256322207346,-1.4207727255620104,-0.6147047582302292,1.5480494428447007,-6.657659809552521,0.887902845095873,15.314831131545844,0.6931471805579453,0,0,2.0,0.0001388888888888889,0.0,8.001424356380827,1.0685275445149145,-1.1705388367947418,-0.7568059176010148,1.4596003006418623,-2.4380082907826477,0.8860471075084293,16.72874232554151,0.6931471805579453,0.0,0.0,Train007,10.0
52,2,2,0.0001388888888888889,0.0,8.476798255107173,0.019296953312108123,-8.476704457964015,-0.022217974018706867,8.476733575265682,-7.42601068323931,7.630260238977726e-06,54.216006028270115,0.6931471805579453,0,0,2.2,0.00015277777777777777,-0.2,8.977657062722457,0.2245803640176333,-8.0373090726108,-0.11498855696986923,8.041105369131527,-0.4761364795746452,0.13284669012753564,52.51142803571862,0.7742402021793782,0.0,0.2,Train007,10.0
52,3,2,0.0001388888888888889,0.0,6.104501868172587,2.7283798318570995,5.389198330878528,1.1877608013210843,5.51853552771918,-4.949482518271068,0.12158506209987541,49.51113950764617,0.6931471805579453,0,0,2.0,0.0001388888888888889,0.0,6.2754561301184815,2.618317246085044,5.146639789745654,1.5508067778835308,5.413868348744716,0.956085322894278,0.17231817350923395,48.68368611179758,0.6931471805579453,0.0,0.0,Train007,10.0
52,4,1,6.944444444444444e-05,0.0,6.795564892768107,0.0,6.7916535901976065,0.23052922282949875,6.795564892768107,-6.053933977887045,0.0,0.0,-1.000088900581841e-12,0,0,1.0,6.944444444444444e-05,0.0,7.3829513158993105,0.0,7.373232971653555,-0.045002131351768525,7.3829513158993105,-1.4590034601426016,4.4408920985006264e-17,0.0,-1.000088900581841e-12,0.0,0.0,Train007,10.0
52,5,0,0.0,0.0,0.0,0.0,0.0,0.0,0.0,0.0,0.0,0.0,0.0,0,0,0.2,1.388888888888889e-05,-0.2,1.6270862213841273,0.0,-1.6270861176096822,0.0005811195470608849,1.6270862213841273,-1.6196181779687258,0.0,0.0,-2.000177801163682e-13,0.0,0.2,Train007,10.0
53,0,1,6.944444444444444e-05,0.0,7.239185525393217,0.0,-7.235321755984719,-0.23648712108032793,7.239185525393217,-7.082417742348914,0.0,0.0,-1.000088900581841e-12,0,0,1.0,6.944444444444444e-05,0.0,8.421934401444595,0.0,-8.418667313090555,-0.22852403687142342,8.421934401444595,-0.42796866792585675,2.2204460492503132e-17,0.0,-1.000088900581841e-12,0.0,0.0,Train007,10.0
53,1,2,0.0001388888888888889,0.0,6.585344748269478,1.2178516371863877,-1.3038740420672887,-0.5561610293904942,1.4175339883719136,-6.597990888327363,0.8879092149491259,15.316976759399557,0.6931471805579453,0,0,2.0,0.0001388888888888889,0.0,7.776644659177379,1.2927714750655461,-1.3935372737717227,-0.6856201827488126,1.5568187214936686,-2.247796972034478,0.8876647361666257,15.756508398599271,0.6931471805579453,0.0,0.0,Train007,10.0
53,2,2,0.0001388888888888889,0.0,7.717795134038981,0.023376435997001455,-7.7177056202056695,-0.016877510944489395,7.717724074526755,-7.590031210681922,9.207314125125876e-06,54.19646151274267,0.6931471805579453,0,0,2.0,0.0001388888888888889,-0.2,8.989500081088591,0.07448814595632784,-8.989188596843409,-0.05336049360739113,8.989428450375906,-0.4957315767609035,7.981493593955946e-06,54.37052257874545,0.6931471805579453,0.0,0.2,Train007,10.0
53,3,2,0.0001388888888888889,0.0,5.573226250308436,2.4927717906577547,4.931615259163361,1.0708626009175721,5.04654097124524,-5.312756178641507,0.1197211887313071,49.512887470638546,0.6931471805579453,0,0,2.0,0.0001388888888888889,0.0,6.3692405996552,2.8157943194660198,5.5116907625477,1.3549791669767461,5.67881164344711,0.937844695367177,0.1358401982227767,49.24437910473459,0.6931471805579453,0.0,0.0,Train007,10.0
53,4,1,6.944444444444444e-05,0.0,6.185170241607217,0.0,6.181217048374616,0.2211034114311455,6.185170241607217,-6.1039465116089,1.1102230246251565e-16,0.0,-1.000088900581841e-12,0,0,1.0,6.944444444444444e-05,0.0,7.246937345538923,0.0,7.2443558009946,0.14655036268942176,7.246937345538923,-1.3601397036038823,6.661338147750939e-17,0.0,-1.000088900581841e-12,0.0,0.0,Train007,10.0
53,5,0,0.0,0.0,0.0,0.0,0.0,0.0,0.0,0.0,0.0,0.0,0.0,0,0,0.0,0.0,-0.2,0.0,0.0,0.0,0.0,0.0,0.0,0.0,0.0,0.0,0.0,0.2,Train007,10.0
54,0,1,6.944444444444444e-05,0.0,9.222702009210344,0.0,-9.215155993720717,0.373004506790032,9.222702009210344,19.835164838171274,0.0,0.0,-1.000088900581841e-12,0,0,1.0,6.944444444444444e-05,0.0,8.442351815249598,0.0,-8.437806390926564,-0.12490233651507383,8.442351815249598,0.20417413805002482,2.2204460492503132e-17,0.0,-1.000088900581841e-12,0.0,0.0,Train007,10.0
54,1,2,0.0001388888888888889,0.0,10.15015828562716,1.3021376180298967,-1.310439001659275,-0.12233726019319213,1.3161370682042712,34.80527556514173,0.9809807341734823,14.762387057899193,0.6931471805579453,1,1,2.0,0.0001388888888888889,0.0,8.074016536702624,1.3301728488410536,-1.41048084950353,-0.5445259616002536,1.5242313983763573,2.8051468135654347,0.9064809246212292,15.321131837153965,0.6931471805579453,0.2,0.2,Train007,10.0
54,2,2,0.0001388888888888889,0.0,10.402571655048188,1.0697923546157844,-10.402510691207144,-0.01403607263970477,10.402520160615603,26.84776521009207,5.003075886467201e-06,51.91005099305116,0.6931471805579453,0,0,2.0,0.0001388888888888889,0.0,9.120579864462607,0.236355138924987,-9.120471040582185,-0.029760387907776308,9.120533917813342,1.3107978337401534,5.2878414814827576e-06,53.799246560859125,0.6931471805579453,0.0,0.0,Train007,10.0
54,3,2,0.0001388888888888889,0.0,7.1937201324036515,2.191319427307945,6.840154263301471,1.1145860238544123,6.930368846629513,16.204938820952158,0.04043159506144567,48.81710209538994,0.6931471805579453,0,0,2.0,0.0001388888888888889,0.0,6.476014143314468,2.683570011823366,5.7850766761283605,1.2365516454004013,5.918253926698381,1.0677354365926857,0.10920184004735396,49.30044597120046,0.6931471805579453,0.0,0.0,Train007,10.0
54,4,1,6.944444444444444e-05,0.0,7.08100773385501,0.0,7.0780452613458955,0.20480675099560525,7.08100773385501,8.95837492247793,0.0,0.0,-1.000088900581841e-12,0,0,1.0,6.944444444444444e-05,0.0,7.070480341755692,0.0,7.067395708681643,0.20438709076390255,7.070480341755692,-1.76457003783231,4.4408920985006264e-17,0.0,-1.000088900581841e-12,0.0,0.0,Train007,10.0
54,5,1,6.944444444444444e-05,1.0,11.741803179328056,0.0,-11.619217674048855,-1.6922536881771437,11.741803179328056,0.0,1.1102230246251565e-16,0.0,-1.000088900581841e-12,1,0,0.2,1.388888888888889e-05,0.2,2.3483606358656113,0.0,-2.323843534809771,-0.33845073763542877,2.3483606358656113,0.0,2.2204460492503132e-17,0.0,-2.000177801163682e-13,0.2,0.0,Train007,10.0
55,0,1,6.944444444444444e-05,0.0,9.376002455123556,0.0,-9.359113419258058,0.56251048341049,9.376002455123556,1.533004459132119,0.0,0.0,-1.000088900581841e-12,0,0,1.0,6.944444444444444e-05,0.0,8.484808531972977,0.0,-8.477531880987296,0.03627844897310213,8.484808531972977,0.4245671672337963,2.2204460492503132e-17,0.0,-1.000088900581841e-12,0.0,0.0,Train007,10.0
55,1,2,0.0001388888888888889,0.0,10.249971532778908,0.6780606859660399,-0.6781002594464995,0.011195124220465896,0.6781926663328951,0.9981324715174811,0.9986918583539773,16.927682242118802,0.6931471805579453,0,0,2.0,0.0001388888888888889,0.0,8.428305644367045,1.1864578140258115,-1.2448232446844458,-0.39224943367750453,1.3232997624927683,3.374319114957191,0.9286719998882254,15.547412830192746,0.6931471805579453,0.2,0.2,Train007,10.0
55,2,2,0.0001388888888888889,0.0,10.717900481193439,1.3663852486951535,-10.71785037412457,-0.012226609009112165,10.717857348000582,3.1532882614524915,4.090895357911073e-06,51.04594906688143,0.6931471805579453,0,0,2.0,0.0001388888888888889,0.0,9.306892969763776,0.49601990157746867,-9.30681350622895,-0.019846118610605628,9.306838754166634,1.863131053011701,6.069468769531738e-06,53.12731828344363,0.6931471805579453,0.0,0.0,Train007,10.0
55,3,2,0.0001388888888888889,0.0,7.384378983946661,1.9056593284130852,7.099244329092482,1.0640280580562247,7.178539249212381,1.90658851543009,0.02989451843880786,48.535387079237815,0.6931471805579453,0,0,2.0,0.0001388888888888889,0.0,6.571055470966206,2.45239699102014,6.010581829034036,1.151995301350836,6.123156740294741,0.9504132765173801,0.08756004127087309,49.164699005769776,0.6931471805579453,0.0,0.0,Train007,10.0
55,4,1,6.944444444444444e-05,0.0,6.974790819899408,0.0,6.972281249296341,0.18708597505888147,6.974790819899408,-1.0621691395560173,0.0,0.0,-1.000088900581841e-12,0,0,1.0,6.944444444444444e-05,0.0,6.88749839573731,0.0,6.884185543249886,0.21241597510474347,6.88749839573731,-1.8298194601838056,4.4408920985006264e-17,0.0,-1.000088900581841e-12,0.0,0.0,Train007,10.0
55,5,1,6.944444444444444e-05,0.0,11.316535834542497,0.0,-11.187168616618038,-1.706236102607396,11.316535834542497,-4.252673447855582,0.0,0.0,-1.000088900581841e-12,0,0,0.4,2.777777777777778e-05,0.2,4.61166780277411,0.0,-4.561277258133378,-0.6796979581569079,4.61166780277411,-0.850534689571117,2.2204460492503132e-17,0.0,-4.000355602327364e-13,0.2,0.0,Train007,10.0
56,0,1,6.944444444444444e-05,0.0,8.87756335838902,0.0,-8.857593351707303,0.5951228427828483,8.87756335838902,-4.984390967345362,0.0,0.0,-1.000088900581841e-12,0,0,1.0,6.944444444444444e-05,0.0,8.532576129548849,0.0,-8.522107239445734,0.2079322738989699,8.532576129548849,0.4776759757587179,0.0,0.0,-1.000088900581841e-12,0.0,0.0,Train007,10.0
56,1,2,0.0001388888888888889,0.0,9.690559028615736,0.42878639363305027,-0.4272429791072305,0.057179879290308794,0.4310523190890819,-5.594125041631717,0.995440596393421,17.71823145137812,0.6931471805579453,0,0,2.0,0.0001388888888888889,0.0,8.7842354864787,0.9906185314045441,-1.0280858015684609,-0.24496560886062807,1.0781930969685725,3.3907264594295214,0.9501850497931759,16.008021728468304,0.6931471805579453,0.2,0.2,Train007,10.0
56,2,2,0.0001388888888888889,0.0,10.193925729106214,1.386817591125915,-10.193882071973922,-0.01088063447579573,10.193887878798645,-5.239747520872244,3.783041699678691e-06,50.72598606234024,0.6931471805579453,0,0,2.0,0.0001388888888888889,0.0,9.501798250898798,0.7731337167491925,-9.501730643095064,-0.015247760217561784,9.501744607441454,1.949052811350219,5.942917461632114e-06,52.41889073265712,0.6931471805579453,0.0,0.0,Train007,10.0
56,3,2,0.0001388888888888889,0.0,7.018852791341558,1.6909475606342421,6.770798640800155,0.9837550749062011,6.841892156535715,-3.655261926051021,0.02678703142399652,48.413635904664375,0.6931471805579453,0,0,2.0,0.0001388888888888889,0.0,6.654936005234579,2.2018155877740253,6.206202164647199,1.0841985118110988,6.303175350268406,0.8388053426837297,0.0676838791510865,48.95803041151537,0.6931471805579453,0.0,0.0,Train007,10.0
56,4,1,6.944444444444444e-05,0.0,6.527045352938814,0.0,6.524833324759159,0.16991504769295981,6.527045352938814,-4.47745466960594,1.1102230246251565e-16,0.0,-1.000088900581841e-12,0,0,1.0,6.944444444444444e-05,0.0,6.712715808213711,0.0,6.709606094794724,0.2026880816016182,6.712715808213711,-1.7478258752359939,4.4408920985006264e-17,0.0,-1.000088900581841e-12,0.0,0.0,Train007,10.0
56,5,1,6.944444444444444e-05,0.0,10.525850876281714,0.0,-10.401657707694374,-1.6121580572892722,10.525850876281714,-7.906849582607833,0.0,0.0,-1.000088900581841e-12,0,0,0.6,4.1666666666666665e-05,0.2,6.716837978030453,0.0,-6.6416087996722535,-1.0021295696147623,6.716837978030453,-2.431904606092684,2.2204460492503132e-17,0.0,-6.000533403491046e-13,0.2,0.0,Train007,10.0
57,0,1,6.944444444444444e-05,0.0,8.181644311887364,0.0,-8.161668654038381,0.5713741575589277,8.181644311887364,-6.959190465016558,0.0,0.0,-1.000088900581841e-12,0,0,1.0,6.944444444444444e-05,0.0,8.579419532000701,0.0,-8.565770634941837,0.37310497389239405,8.579419532000701,0.4684340245185119,0.0,0.0,-1.000088900581841e-12,0.0,0.0,Train007,10.0
57,1,2,0.0001388888888888889,0.0,8.91784779183485,0.3090193681228932,-0.3071822356628795,0.0694926093476507,0.314944675555549,-7.727112367808857,0.993177617478928,17.960129956975482,0.6931471805579453,0,0,2.0,0.0001388888888888889,0.0,9.118776277425226,0.7871711405876536,-0.8053677035886346,-0.10812613534505208,0.8315721435107422,3.176835947778254,0.9712400042697868,16.537081493554233,0.6931471805579453,0.2,0.2,Train007,10.0
57,2,2,0.0001388888888888889,0.0,9.41027519648426,1.3109213145437417,-9.410236313103265,-0.009774112665383326,9.410241389131617,-7.836505326219543,3.6636997275962813e-06,50.61358977531652,0.6931471805579453,0,0,2.0,0.0001388888888888889,0.0,9.688493639174217,1.0314585889955192,-9.688437014122915,-0.012758987946897078,9.688446170214641,1.8669538827541725,5.149605359355824e-06,51.69840748206641,0.6931471805579453,0.0,0.0,Train007,10.0
57,3,2,0.0001388888888888889,0.0,6.4788556801171895,1.516490923487396,6.2578676869452625,0.8979132320713836,6.321958253551073,-5.399971112243693,0.025638986841415634,48.35452423439257,0.6931471805579453,0,0,2.0,0.0001388888888888889,0.0,6.729806767623499,1.9594378061000846,6.379936035860546,1.0262289979611587,6.463859895434784,0.7487076238892045,0.048494664099394555,48.72670735686465,0.6931471805579453,0.0,0.0,Train007,10.0
57,4,1,6.944444444444444e-05,0.0,5.987155998757816,0.0,5.985176473061166,0.1539465484406694,5.987155998757816,-5.398893541809988,0.0,0.0,-1.000088900581841e-12,0,0,1.0,6.944444444444444e-05,0.0,6.551034029411653,0.0,6.548310671367434,0.1873715467238523,6.551034029411653,-1.6168177880205825,4.4408920985006264e-17,0.0,-1.000088900581841e-12,0.0,0.0,Train007,10.0
57,5,1,6.944444444444444e-05,0.0,9.630361302259299,0.0,-9.515264243225099,-1.4844545104701958,9.630361302259299,-8.95489574022415,0.0,0.0,-1.000088900581841e-12,0,0,0.8,5.555555555555556e-05,0.2,8.642910238482312,0.0,-8.544661648317273,-1.2990204717088016,8.642910238482312,-4.222883754137514,2.2204460492503132e-17,0.0,-8.000711204654728e-13,0.2,0.0,Train007,10.0
58,0,1,6.944444444444444e-05,0.0,7.458122670380939,0.0,-7.439304855024588,0.52946863973015,7.458122670380939,-7.235216415064256,0.0,0.0,-1.000088900581841e-12,0,0,1.0,6.944444444444444e-05,0.0,8.623206960998244,0.0,-8.606567254749809,0.5262961260544896,8.623206960998244,0.43787428997544353,0.0,0.0,-1.000088900581841e-12,0.0,0.0,Train007,10.0
58,1,2,0.0001388888888888889,0.0,8.116601099271254,0.24147591570904048,-0.23967320987186502,0.06940054025478447,0.24951890212554842,-8.012466925635966,0.992254219166521,17.992833910120954,0.6931471805579453,0,0,2.0,0.0001388888888888889,0.0,9.425027547625582,0.5918959962921841,-0.59252753714955,0.016986178584003635,0.597969126261469,2.893940740316533,0.9921090051132658,17.072252923698507,0.6931471805579453,0.2,0.2,Train007,10.0
58,2,2,0.0001388888888888889,0.0,8.583074445093525,1.206462978822382,-8.583039503951513,-0.008815439600789073,8.583044031016478,-8.272007513907354,3.614918050454108e-06,50.579793012075264,0.6931471805579453,0,0,2.0,0.0001388888888888889,0.0,9.861549501385126,1.2680758975605955,-9.861503790872083,-0.011146573678157013,9.861510161512584,1.7305586221090863,4.031126144421471e-06,50.97507378193292,0.6931471805579453,0.0,0.0,Train007,10.0
58,3,2,0.0001388888888888889,0.0,5.909794792590428,1.3666117844883585,5.71116139162865,0.815204937544338,5.76904875446779,-5.690608875267618,0.02517856634369564,48.3206276740448,0.6931471805579453,0,0,2.0,0.0001388888888888889,0.0,6.797120476079897,1.7342058048662055,6.535845262353604,0.975097465286512,6.6083614520792935,0.6731370845639827,0.029586139621872266,48.4882553975459,0.6931471805579453,0.0,0.0,Train007,10.0
58,4,1,6.944444444444444e-05,0.0,5.44709696819065,0.0,5.445314576628424,0.1393360772728192,5.44709696819065,-5.40059030567166,0.0,0.0,-1.000088900581841e-12,0,0,1.0,6.944444444444444e-05,0.0,6.403419374728339,0.0,6.401130177018198,0.17101807989218706,6.403419374728339,-1.4761465468331345,2.2204460492503132e-17,0.0,-1.000088900581841e-12,0.0,0.0,Train007,10.0
58,5,1,6.944444444444444e-05,0.0,8.747819948688363,0.0,-8.642707319991525,-1.3520222023454362,8.747819948688363,-8.825413535709359,0.0,0.0,-1.000088900581841e-12,0,0,1.0,6.944444444444444e-05,0.2,10.392474228219985,0.0,-10.273203112315578,-1.569424912177889,10.392474228219985,-5.9879664612793855,2.2204460492503132e-17,0.0,-1.000088900581841e-12,0.2,0.0,Train007,10.0
59,0,1,6.944444444444444e-05,0.0,8.825695908191731,0.0,-8.812429358295182,0.4837324352670805,8.825695908191731,13.675732378107925,1.1102230246251565e-16,0.0,-1.000088900581841e-12,0,0,1.0,6.944444444444444e-05,0.0,8.543805740794522,0.0,-8.526021927664702,0.5484417117498992,8.543805740794522,-0.7940122020372261,2.2204460492503132e-17,0.0,-1.000088900581841e-12,0.0,0.0,Train007,10.0
59,1,3,0.00020833333333333335,1.0,9.76196267857595,0.1606014831222881,-3.4009755399658506,0.26920145788905686,3.4116131152836777,16.49032782236756,0.6635513616550546,15.726098350012279,1.0986122886651097,1,0,2.2,0.00015277777777777777,0.2,9.347388426215339,0.3635887693106624,-1.010634844810865,0.09529392220045343,1.0170643356773503,-0.7690488082382998,0.9286231306095803,17.264995182121126,0.7742402021793782,0.2,0.0,Train007,10.0
59,2,3,0.00020833333333333335,1.0,10.451588123842741,0.581582947542685,-3.2770028874957826,-0.04650754405648874,3.2773328906764814,17.13202541185788,0.666616817483547,27.54162638382775,1.0986122886651097,1,0,2.2,0.00015277777777777777,0.2,9.871352795144036,1.1704340161459754,-8.436402230129811,-0.017640867961513807,8.43647270752476,-0.21258933753775153,0.1333263940076765,46.10138886008824,0.7742402021793783,0.2,0.0,Train007,10.0
59,3,2,0.0001388888888888889,0.0,6.943116325453615,1.4340054120532733,6.805274209650549,0.5911873225746948,6.830904736483151,10.333215328631873,0.01688786859203084,48.60149641784338,0.6931471805579453,0,0,2.0,0.0001388888888888889,0.0,6.74699971468989,1.5827430018152708,6.528869251623419,0.8704177250305684,6.588468630050022,-0.5012076139000744,0.0248773943279893,48.44513426203659,0.6931471805579453,0.0,0.0,Train007,10.0
59,4,1,6.944444444444444e-05,0.0,8.178215648117833,0.0,8.177244075204356,0.12605761244228653,8.178215648117833,27.311186799271834,0.0,0.0,-1.000088900581841e-12,0,0,1.0,6.944444444444444e-05,0.0,6.622860957580903,0.0,6.620969939789889,0.15526825218152332,6.622860957580903,2.1944158285256465,2.2204460492503132e-17,0.0,-1.000088900581841e-12,0.0,0.0,Train007,10.0
59,5,1,6.944444444444444e-05,0.0,10.198264140004861,0.0,-10.198184024206613,-0.04042372726615118,10.198264140004861,14.504441913164978,1.1102230246251565e-16,0.0,-1.000088900581841e-12,0,0,1.0,6.944444444444444e-05,0.0,10.083766420355348,0.0,-9.98899638234713,-1.2390589199956903,10.083766420355348,-3.08707807864639,2.2204460492503132e-17,0.0,-1.000088900581841e-12,0.0,0.0,Train007,10.0
60,0,1,6.944444444444444e-05,0.0,8.780729978719984,0.0,-8.769730888272068,0.4393621586785321,8.780729978719984,-0.44965929471747046,1.1102230246251565e-16,0.0,-1.000088900581841e-12,0,0,1.0,6.944444444444444e-05,0.0,8.424751245513807,0.0,-8.408145421467504,0.5238120468035077,8.424751245513807,-1.190544952807144,4.4408920985006264e-17,0.0,-1.000088900581841e-12,0.0,0.0,Train007,10.0
60,1,3,0.00020833333333333335,0.0,9.623085179164766,0.24153197875261295,-3.241157705411025,0.3441208462837683,3.259374545552002,-1.3887749941118344,0.6613675336794411,16.60000930998633,1.0986122886651097,0,0,2.4,0.0001666666666666667,0.2,9.222011155492511,0.276283027867977,-1.52324633400377,0.16187906661311394,1.5333007115211719,-1.2464303013641629,0.8611582656746732,17.199460595694635,0.855333223800811,0.2,0.0,Train007,10.0
60,2,3,0.00020833333333333335,0.0,10.28626894317874,0.35111580072638093,-3.4250523205271723,-0.041560484283146744,3.425304464161167,-1.653191806640007,0.6666236810230133,26.628246962641025,1.0986122886651097,0,0,2.4,0.0001666666666666667,0.2,9.785026487541096,0.9673801265522209,-6.97784261941033,-0.023507643016320724,6.977962130756877,-1.1738853511562513,0.2666503120332076,41.21784843924016,0.855333223800811,0.2,0.0,Train007,10.0
60,3,2,0.0001388888888888889,0.0,6.899452788772306,1.3675047976409638,6.783987368236668,0.478609033057195,6.800849301294553,-0.4366353668130918,0.014880308107034446,48.69900417097692,0.6931471805579453,0,0,2.0,0.0001388888888888889,0.0,6.65001447565502,1.4751120956608468,6.465817859452256,0.7533339200307625,6.512930640466456,-0.9698523903487107,0.021874552261634615,48.47785768038441,0.6931471805579453,0.0,0.0,Train007,10.0
60,4,1,6.944444444444444e-05,0.0,8.64431685165004,0.0,8.64356479934601,0.11402364328249821,8.64431685165004,4.661012035322063,0.0,0.0,-1.000088900581841e-12,0,0,1.0,6.944444444444444e-05,0.0,6.9567661639310305,0.0,6.955226649799823,0.14065578582624666,6.9567661639310305,3.339052063501262,2.2204460492503132e-17,0.0,-1.000088900581841e-12,0.0,0.0,Train007,10.0
60,5,1,6.944444444444444e-05,0.0,10.141799116308132,0.0,-10.133232454183332,0.41676053680027947,10.141799116308132,-0.5646502369672923,1.1102230246251565e-16,0.0,-1.000088900581841e-12,0,0,1.0,6.944444444444444e-05,0.0,9.848819076708475,0.0,-9.778209149860189,-0.8144595921141551,9.848819076708475,-2.349473436468732,4.4408920985006264e-17,0.0,-1.000088900581841e-12,0.0,0.0,Train007,10.0
61,0,1,6.944444444444444e-05,0.0,8.24786426716131,0.0,-8.238252058281773,0.39808038601830986,8.24786426716131,-5.3286571155867435,0.0,0.0,-1.000088900581841e-12,0,0,1.0,6.944444444444444e-05,0.0,8.298811427268266,0.0,-8.284277162782399,0.4844035554506,8.298811427268266,-1.2593981824554201,4.4408920985006264e-17,0.0,-1.000088900581841e-12,0.0,0.0,Train007,10.0
61,1,3,0.00020833333333333335,0.0,9.012393625411704,0.27307150470033753,-2.998056358193459,0.35004612289801945,3.0184224712687526,-6.106915537530628,0.6604358398123202,16.920147112315544,1.0986122886651097,0,0,2.6,0.00018055555555555555,0.2,9.086378074851705,0.24514005008143447,-2.037409009821016,0.22045231533465603,2.050774741957106,-1.3489884005439452,0.7941573143584529,17.03984372788212,0.936426245422244,0.2,0.0,Train007,10.0
61,2,3,0.00020833333333333335,0.0,9.627938064225567,0.27231298284296956,-3.268917444074234,-0.03748441047620657,3.269132352353078,-6.5833087895317215,0.6666261267774363,26.31080561044817,1.0986122886651097,0,0,2.6,0.00018055555555555555,0.2,9.671828954564967,0.7444792048956319,-5.592849693830393,-0.028828398216402894,5.5930110254677645,-1.4425976048881466,0.3999747807803549,36.334812348861746,0.936426245422244,0.2,0.0,Train007,10.0
61,3,2,0.0001388888888888889,0.0,6.478533458405665,1.2633441733443274,6.376915612452062,0.4113379566374702,6.390168357946882,-4.2091933036664075,0.014182730544827438,48.72664781309954,0.6931471805579453,0,0,2.0,0.0001388888888888889,0.0,6.541950609067841,1.3895914182028637,6.387041253782638,0.6388504963770163,6.42258588074869,-1.080638665871788,0.0193536920858008,48.54046006207144,0.6931471805579453,0.0,0.0,Train007,10.0
61,4,1,6.944444444444444e-05,0.0,8.296839982659817,0.0,8.296198997251969,0.10313047977189746,8.296839982659817,-3.4747686899022234,0.0,0.0,-1.000088900581841e-12,0,0,1.0,6.944444444444444e-05,0.0,7.310725089875231,0.0,7.309499784298384,0.1272988722420342,7.310725089875231,3.539589259442006,0.0,0.0,-1.000088900581841e-12,0.0,0.0,Train007,10.0
61,5,1,6.944444444444444e-05,0.0,9.526652025165893,0.0,-9.510731872419155,0.5505252578654396,9.526652025165893,-6.15147091142239,0.0,0.0,-1.000088900581841e-12,0,0,1.0,6.944444444444444e-05,0.0,9.64897930648531,0.0,-9.600023982805144,-0.3819229290832129,9.64897930648531,-1.998397702231643,4.4408920985006264e-17,0.0,-1.000088900581841e-12,0.0,0.0,Train007,10.0
62,0,1,6.944444444444444e-05,0.0,7.577049824846888,0.0,-7.568478444913739,0.36030275753646424,7.577049824846888,-6.7081444231442156,0.0,0.0,-1.000088900581841e-12,0,0,1.0,6.944444444444444e-05,0.0,8.17789252986017,0.0,-8.16563912095747,0.4421892754461073,8.17789252986017,-1.2091889740809516,4.4408920985006264e-17,0.0,-1.000088900581841e-12,0.0,0.0,Train007,10.0
62,1,3,0.00020833333333333335,0.0,8.266804886918484,0.2678007993632328,-2.734183919602133,0.33155454532972223,2.7542131585517637,-7.4558873849322005,0.6600444759343976,17.019757228439303,1.0986122886651097,0,0,2.8,0.00019444444444444443,0.2,8.956169493868432,0.23689633632950238,-2.522809346608866,0.27286470253107037,2.538628438556349,-1.2947434039686139,0.727530686049547,16.851769182174884,1.0175192670436768,0.2,0.0,Train007,10.0
62,2,3,0.00020833333333333335,0.0,8.82721870356922,0.23659099224946353,-3.0267426545919918,-0.03380346181366314,3.0269314117034702,-8.007193606563483,0.6666271261392491,26.228214320012068,1.0986122886651097,0,0,2.8,0.00019444444444444443,0.2,9.555217655981957,0.5296131404367762,-4.316150962128138,-0.03363426804605885,4.316349029982135,-1.4767352609569346,0.5332994732682592,31.457737257800858,1.0175192670436768,0.2,0.0,Train007,10.0
62,3,2,0.0001388888888888889,0.0,5.950888377553199,1.1527254989448341,5.859963138028839,0.36375486283142244,5.87124225179734,-5.2764508085246575,0.013909355590450478,48.72835291228118,0.6931471805579453,0,0,2.0,0.0001388888888888889,0.0,6.436357148555042,1.3168383332943514,6.307460343999353,0.5320188225290241,6.332442680397944,-1.0559346051279808,0.017007765835607768,48.61522579764916,0.6931471805579453,0.0,0.0,Train007,10.0
62,4,1,6.944444444444444e-05,0.0,7.687495551861977,0.0,7.686929663245335,0.09327492812449913,7.687495551861977,-6.093444307978402,1.1102230246251565e-16,0.0,-1.000088900581841e-12,0,0,1.0,6.944444444444444e-05,0.0,7.650793000496063,0.0,7.649850422335218,0.11516454817880013,7.650793000496063,3.4006791062083237,2.2204460492503132e-17,0.0,-1.000088900581841e-12,0.0,0.0,Train007,10.0
62,5,1,6.944444444444444e-05,0.0,8.75054623610814,0.0,-8.73233134283047,0.5643126343499071,8.75054623610814,-7.761057890577536,1.1102230246251565e-16,0.0,-1.000088900581841e-12,0,0,1.0,6.944444444444444e-05,0.0,9.473016293255077,0.0,-9.44343740272622,0.027830499880807748,9.473016293255077,-1.7596301323023205,6.661338147750939e-17,0.0,-1.000088900581841e-12,0.0,0.0,Train007,10.0
63,0,1,6.944444444444444e-05,0.0,6.897884140609485,0.0,-6.890177876060458,0.32596695157461464,6.897884140609485,-6.79165684237403,0.0,0.0,-1.000088900581841e-12,0,0,1.0,6.944444444444444e-05,0.0,8.06584482390588,0.0,-8.055813725164644,0.4014889378150002,8.06584482390588,-1.1204770595429063,4.4408920985006264e-17,0.0,-1.000088900581841e-12,0.0,0.0,Train007,10.0
63,1,3,0.00020833333333333335,0.0,7.518032970301927,0.2506498873614722,-2.47848321642789,0.30568010368576765,2.497262377064949,-7.487719166165571,0.6598793668443033,17.035825057048367,1.0986122886651097,0,0,3.0,0.00020833333333333335,0.2,8.836455868074566,0.23873113065998872,-2.970571347920072,0.320120615217267,2.988177133544229,-1.1897938520745348,0.6610557155851033,16.660367411560365,1.0986122886651097,0.2,0.0,Train007,10.0
63,2,3,0.00020833333333333335,0.0,8.024344775511722,0.21468653640896299,-2.7690357364445153,-0.030484290255878246,2.7692035320032407,-8.028739280574976,0.666627543915862,26.233952627934684,1.0986122886651097,0,0,3.0,0.00020833333333333335,0.2,9.443471722065599,0.3312578519540924,-3.153350208626739,-0.03796803817707669,3.1535809301794875,-1.428081614290459,0.6666242590678214,26.58856918097274,1.0986122886651097,0.2,0.0,Train007,10.0
63,3,2,0.0001388888888888889,0.0,5.4172147358888125,1.0464401123476397,5.335341819138515,0.3258088445758778,5.345280509968784,-5.336736416643872,0.013797117691220051,48.720949017802134,0.6931471805579453,0,0,2.0,0.0001388888888888889,0.0,6.33784113721472,1.2528039988662076,6.232296429501327,0.434139603935332,6.247689031498142,-0.9851601134032318,0.014731476105112652,48.69529006640063,0.6931471805579453,0.0,0.0,Train007,10.0
63,4,1,6.944444444444444e-05,0.0,7.023172978202422,0.0,7.022666307329914,0.08436004768794272,7.023172978202422,-6.643225736595548,0.0,0.0,-1.000088900581841e-12,0,0,1.0,6.944444444444444e-05,0.0,7.966008202498418,0.0,7.965320768475516,0.10416934226182484,7.966008202498418,3.152152020023545,2.2204460492503132e-17,0.0,-1.000088900581841e-12,0.0,0.0,Train007,10.0
63,5,1,6.944444444444444e-05,0.0,7.964333394347095,0.0,-7.946294667834531,0.5357307796429324,7.964333394347095,-7.862128417610439,0.0,0.0,-1.000088900581841e-12,0,0,1.0,6.944444444444444e-05,0.0,9.316318982386823,0.0,-9.30415487229482,0.4053810962784815,9.316318982386823,-1.5669731086825365,6.661338147750939e-17,0.0,-1.000088900581841e-12,0.0,0.0,Train007,10.0
64,0,1,6.944444444444444e-05,0.0,8.357673104009512,0.0,-8.310794389926638,0.883966244744619,8.357673104009512,14.59788963400027,1.1102230246251565e-16,0.0,-1.000088900581841e-12,0,0,1.0,6.944444444444444e-05,0.0,7.972240263069436,0.0,-7.955486731490936,0.48153569971050797,7.972240263069436,-0.9360456083644376,4.4408920985006264e-17,0.0,-1.000088900581841e-12,0.0,0.0,Train007,10.0
64,1,3,0.00020833333333333335,0.0,9.393639811908477,0.8674916636614366,-3.633443126743384,0.37664690046144056,3.6529127888448074,18.756068416065492,0.6591924262611285,19.12178165031928,1.0986122886651097,0,0,3.0,0.00020833333333333335,0.0,8.762791294741072,0.3801091667678184,-3.0170648652755783,0.34160970373174376,3.036437068256455,-0.7366457333349488,0.6601839285063182,17.339504071621768,1.0986122886651097,0.0,0.0,Train007,10.0
64,2,3,0.00020833333333333335,0.0,8.955121758057691,1.1538056273889674,-3.1963452388313693,0.07294151278552408,3.1971774035995257,9.307769825459706,0.6666860433420445,24.021833894659505,1.0986122886651097,0,0,3.0,0.00020833333333333335,0.0,9.144178448908587,0.44570238792334893,-3.1372186788938565,-0.014078226808674127,3.1375498327640963,-2.992932731570094,0.6666381042395211,25.88461068313909,1.0986122886651097,0.0,0.0,Train007,10.0
64,3,2,0.0001388888888888889,0.0,7.808952340104919,0.9920763817016178,7.7846455977571525,0.14614956441439597,7.786017388746209,23.917376042161067,0.0029852606706987084,48.73140040772112,0.6931471805579453,0,0,2.0,0.0001388888888888889,0.0,6.51100834014498,1.1644181927958765,6.428170707122646,0.34513205230327226,6.438711561950754,1.7316720293026069,0.011950954520846224,48.72127086437617,0.6931471805579453,0.0,0.0,Train007,10.0
64,4,2,0.0001388888888888889,1.0,9.307687161548763,1.747899351849691,-1.7439499182964973,0.13796065559351087,1.7493983137119318,18.139339752740046,0.992080169369821,37.5333872349082,0.6931471805579453,1,0,1.2,8.333333333333333e-05,0.2,8.191902505184604,0.3495798703699382,5.981081969775346,0.10654995089206971,6.680244735617238,1.3177826107171882,0.19841603387396423,7.506677446981639,0.13862943611078898,0.2,0.0,Train007,10.0
64,5,0,0.0,-1.0,0.0,0.0,0.0,0.0,0.0,0.0,0.0,0.0,0.0,0,1,0.8,5.5555555555555545e-05,-0.2,7.276666154385852,0.0,-7.264518067453497,0.41346584173171175,7.276666154385852,-4.467861491315532,4.4408920985006264e-17,0.0,-8.000711204654728e-13,0.0,0.2,Train007,10.0
65,0,1,6.944444444444444e-05,0.0,8.37718639230283,0.0,-8.314177356979421,1.0255275364778909,8.37718639230283,0.19513288293317999,1.1102230246251565e-16,0.0,-1.000088900581841e-12,0,0,1.0,6.944444444444444e-05,0.0,7.891531545786006,0.0,-7.8643760252324055,0.5987687752703797,7.891531545786006,-0.8070871728343075,4.4408920985006264e-17,0.0,-1.000088900581841e-12,0.0,0.0,Train007,10.0
65,1,3,0.00020833333333333335,0.0,9.488205370598807,1.060185173669479,-3.8161686382696995,0.3791957729518025,3.834961865512841,0.9456555869033068,0.659053909617799,20.009840521958726,1.0986122886651097,0,0,3.0,0.00020833333333333335,0.0,8.73581533302788,0.5438398057511916,-3.1320670518473133,0.3486246890653506,3.1515545322486225,-0.2697596171319205,0.6597212036939897,18.021470314016245,1.0986122886651097,0.0,0.0,Train007,10.0
65,2,3,0.00020833333333333335,0.0,8.748529961724692,1.415099971119706,-3.160122211228284,0.10427348585286657,3.161842081722338,-2.0659179633299964,0.6665688456365072,23.23096128573772,1.0986122886651097,0,0,3.0,0.00020833333333333335,0.0,8.836630652617778,0.6584992220020138,-3.084232657034079,0.015088567218528536,3.0848573562763306,-3.0754779629080917,0.6666271371622198,25.20515354775843,1.0986122886651097,0.0,0.0,Train007,10.0
65,3,2,0.0001388888888888889,0.0,8.190099057836862,0.9044132184984246,8.175984039900543,0.07519430376851974,8.176329812576522,3.811467177319434,0.0017019780338145551,48.72935959340905,0.6931471805579453,0,0,2.0,0.0001388888888888889,0.0,6.7691375939578915,1.071799876967369,6.706570041455423,0.2644491064455372,6.713807664207147,2.581292538129112,0.009315288506202246,48.72734194886261,0.6931471805579453,0.0,0.0,Train007,10.0
65,4,2,0.0001388888888888889,0.0,9.389434971868202,2.0860538239878825,-2.0849288333298914,0.07008733546743712,2.0861065348258863,0.8174781031943779,0.9983801198751904,35.539250440427466,0.6931471805579453,0,0,1.4,9.722222222222222e-05,0.2,8.340926129228237,0.7667906351675147,3.835383243240166,0.09776268932905749,5.368602672252407,0.5490758242916511,0.3980920578490023,14.614527535067134,0.27725887222257806,0.2,0.0,Train007,10.0
65,5,0,0.0,0.0,0.0,0.0,0.0,0.0,0.0,0.0,0.0,0.0,0.0,0,0,0.6,4.166666666666667e-05,-0.2,5.248306331124224,0.0,-5.237871576616831,0.3301137343716558,5.248306331124224,-4.354931443922074,2.2204460492503132e-17,0.0,-6.000533403491046e-13,0.0,0.2,Train007,10.0
66,0,1,6.944444444444444e-05,0.0,7.891008336518732,0.0,-7.825556507676312,1.014237601439154,7.891008336518732,-4.86178055784098,1.1102230246251565e-16,0.0,-1.000088900581841e-12,0,0,1.0,6.944444444444444e-05,0.0,7.82016035965749,0.0,-7.781836915111313,0.7220002183545485,7.82016035965749,-0.7137118612851548,6.661338147750939e-17,0.0,-1.000088900581841e-12,0.0,0.0,Train007,10.0
66,1,3,0.00020833333333333335,0.0,8.95962030108573,1.063692238419754,-3.6522086805631857,0.35778560573244517,3.6696919197734323,-5.285850695130776,0.6590083345778723,20.32928376229383,1.0986122886651097,0,0,3.0,0.00020833333333333335,0.0,8.725260668162685,0.7019639524950749,-3.262897516321259,0.3501725856322357,3.2818084219495587,-0.10554664865195011,0.6594357026471002,18.7032976440119,1.0986122886651097,0.0,0.0,Train007,10.0
66,2,3,0.00020833333333333335,0.0,8.158829618983436,1.4228685895186155,-2.964014191119253,0.10884022651831653,2.9660118543365397,-5.897003427412564,0.6664986305423757,22.966687267900017,1.0986122886651097,0,0,3.0,0.00020833333333333335,0.0,8.542808963569353,0.8886103433371432,-3.023252006443083,0.04435349461743315,3.0242332566730226,-2.9382168904842603,0.6666016379152077,24.5363298792488,1.0986122886651097,0.0,0.0,Train007,10.0
66,3,2,0.0001388888888888889,0.0,7.840712528206339,0.8199693870647722,7.8301244632406295,0.046141025823571435,7.830260411001885,-3.4938652963052386,0.0013478073942235769,48.72265247683078,0.6931471805579453,0,0,2.0,0.0001388888888888889,0.0,7.041573407918027,0.9831249197114577,6.997211811613136,0.19140972028275746,7.001826074818148,2.724358139601346,0.006748303876081474,48.72654288160885,0.6931471805579453,0.0,0.0,Train007,10.0
66,4,2,0.0001388888888888889,0.0,8.864180381386168,2.0796760322207963,-2.079728639265022,0.04238420634167531,2.080160482733569,-5.252545904820334,0.9947902295797539,34.84279545204155,0.6931471805579453,0,0,1.6,0.00011111111111111112,0.2,8.454394208973506,1.182725841611674,1.7601977159367679,0.08561343464301306,4.125266772267158,0.19352038130802907,0.5970501037649532,21.583086625475442,0.4158883083343672,0.2,0.0,Train007,10.0
66,5,0,0.0,0.0,0.0,0.0,0.0,0.0,0.0,0.0,0.0,0.0,0.0,0,0,0.4,2.777777777777778e-05,-0.2,3.3429759260910474,0.0,-3.3357252021329997,0.2200086827985679,3.3429759260910474,-3.124637261637596,2.2204460492503132e-17,0.0,-4.000355602327364e-13,0.0,0.2,Train007,10.0
67,0,1,6.944444444444444e-05,0.0,7.257508604738207,0.0,-7.194987611952771,0.9505705716543469,7.257508604738207,-6.334997317805255,0.0,0.0,-1.000088900581841e-12,0,0,1.0,6.944444444444444e-05,0.0,7.756252115635753,0.0,-7.707138748519121,0.8400537811781252,7.756252115635753,-0.6390824402173628,6.661338147750939e-17,0.0,-1.000088900581841e-12,0.0,0.0,Train007,10.0
67,1,3,0.00020833333333333335,0.0,8.246683134015262,1.0012590557801933,-3.3784486796818314,0.3293052603822249,3.3944598150161265,-7.129371670704669,0.6589908428988862,20.42176516974743,1.0986122886651097,0,0,3.0,0.00020833333333333335,0.0,8.72123631758204,0.8486556037784669,-3.391750468337198,0.34972272864273624,3.409857753242431,-0.04024350580644374,0.6592249760399979,19.383699232273525,1.0986122886651097,0.0,0.0,Train007,10.0
67,2,3,0.00020833333333333335,0.0,7.471582025716006,1.342103921653625,-2.7231759569733462,0.10391348194539933,2.7251578494406004,-6.872475932674301,0.6664656999344112,22.898367288531258,1.0986122886651097,0,0,3.0,0.00020833333333333335,0.0,8.271681627998708,1.1097129292179755,-2.962538666919354,0.07189688336924564,2.963878544220449,-2.7112733557064237,0.6665693526742401,23.870360472952637,1.0986122886651097,0.0,0.0,Train007,10.0
67,3,2,0.0001388888888888889,0.0,7.257669025403626,0.7422800993446415,7.248822436778509,0.03334013872141062,7.248899108471126,-5.830435028027132,0.0012211467147177357,48.71465214033157,0.6931471805579453,0,0,2.0,0.0001388888888888889,0.0,7.302929537488112,0.9010358397914192,7.27498367136307,0.1253267754607551,7.277357446152905,2.613561295700851,0.004210662100934926,48.72380272721893,0.6931471805579453,0.0,0.0,Train007,10.0
67,4,2,0.0001388888888888889,0.0,8.15929201825363,1.9544698127477829,-1.9549480090980045,0.030258612104136717,1.9551821659074942,-7.048883631325369,0.9933381370259676,34.63648608008327,0.6931471805579453,0,0,1.8,0.000125,0.2,8.548753502251838,1.5736198041612304,-0.16817781853190034,0.07301017143894058,2.978804095076261,0.00243251663863564,0.7957177311701467,28.510383841492096,0.5545177444461562,0.2,0.0,Train007,10.0
67,5,0,0.0,0.0,0.0,0.0,0.0,0.0,0.0,0.0,0.0,0.0,0.0,0,0,0.2,1.388888888888889e-05,-0.2,1.592866678869419,0.0,-1.589258933566906,0.10714615592858648,1.592866678869419,-1.5724256835220884,0.0,0.0,-2.000177801163682e-13,0.0,0.2,Train007,10.0
68,0,1,6.944444444444444e-05,0.0,6.6101411114283986,0.0,-6.552308513471541,0.8724784566304399,6.6101411114283986,-6.473674933098081,0.0,0.0,-1.000088900581841e-12,0,0,1.0,6.944444444444444e-05,0.0,7.698703509799536,0.0,-7.639564876001337,0.9493560821892901,7.698703509799536,-0.5754860583621731,6.661338147750939e-17,0.0,-1.000088900581841e-12,0.0,0.0,Train007,10.0
68,1,3,0.00020833333333333335,0.0,7.512269209279526,0.9198816929044142,-3.083223040052515,0.3000413314715211,3.0977877776409852,-7.344139247357362,0.6589837230213733,20.428806163102834,1.0986122886651097,0,0,3.0,0.00020833333333333335,0.0,8.72008356537756,0.9825019648870554,-3.5126984330621234,0.34859497419988694,3.529962833357638,-0.011527522044801942,0.6590458472754118,20.062295453484417,1.0986122886651097,0.0,0.0,Train007,10.0
68,2,3,0.00020833333333333335,0.0,6.791512482833312,1.2352872070372647,-2.4804825747262274,0.09601673411124527,2.4823402298536443,-6.800695428826946,0.66645121981629,22.901776394331478,1.0986122886651097,0,0,3.0,0.00020833333333333335,0.0,8.025115169463026,1.3138330633436357,-2.9048280345756963,0.09719708824267036,2.9065058837905298,-2.465664585356818,0.6665340878543257,23.203925226231995,1.0986122886651097,0.0,0.0,Train007,10.0
68,3,2,0.0001388888888888889,0.0,6.6278017769695445,0.6715890897770191,6.620065022234047,0.02693339024500971,6.620119810556057,-6.298672484340813,0.0011710830957083473,48.70666321004557,0.6931471805579453,0,0,2.0,0.0001388888888888889,0.0,7.545046945704259,0.8260656352772952,7.531928311982176,0.0655516845945815,7.53232530627036,2.421174082161463,0.0016854551818325848,48.72094556566762,0.6931471805579453,0.0,0.0,Train007,10.0
68,4,2,0.0001388888888888889,0.0,7.4337053074241695,1.7955593018611355,-1.7961603293964274,0.024257096558252533,1.7963241176443965,-7.255867108294609,0.9927341265547096,34.61224473090256,0.6931471805579453,0,0,2.0,0.0001388888888888889,0.2,8.630859968096185,1.9327316645334576,-1.9319431458771685,0.06098958121300254,1.9334343229646556,-0.12009575770117653,0.9942645564810885,35.43283278767261,0.6931471805579453,0.2,0.0,Train007,10.0
68,5,0,0.0,0.0,0.0,0.0,0.0,0.0,0.0,0.0,0.0,0.0,0.0,0,0,0.0,0.0,-0.2,0.0,0.0,0.0,0.0,0.0,0.0,0.0,0.0,0.0,0.0,0.2,Train007,10.0
69,0,0,0.0,-1.0,0.0,0.0,0.0,0.0,0.0,0.0,0.0,0.0,0.0,0,1,0.8,5.555555555555556e-05,-0.2,6.027168888997633,0.0,-5.977405998016009,0.7725628332403663,6.027168888997633,-3.495063985162227,4.4408920985006264e-17,0.0,-8.000711204654728e-13,0.0,0.2,Train007,10.0
69,1,3,0.00020833333333333335,0.0,9.446460243713886,0.6326699619281355,-3.4913098410751324,0.3714469438410936,3.511013705253364,19.34191034434361,0.664437216119111,21.742215886193232,1.0986122886651097,0,0,3.0,0.00020833333333333335,0.0,8.730647651738641,0.9355376245403952,-3.4842717759284723,0.34755498287581754,3.50158301663935,0.10564086361082162,0.6600948052470084,20.58638230065921,1.0986122886651097,0.0,0.0,Train007,10.0
69,2,1,6.944444444444444e-05,-2.0,11.487628657009983,0.0,-11.484080059179036,0.2855124440780791,11.487628657009983,30.455187379279725,1.1102230246251565e-16,0.0,-1.000088900581841e-12,0,2,2.6,0.00018055555555555557,-0.4,8.531616549253487,1.0830719378658422,-4.56237499864523,0.13971127450118134,4.564596134472621,1.7638189254071854,0.5331968791859168,18.399558447300095,0.8788898309318878,0.0,0.4,Train007,10.0
69,3,3,0.00020833333333333335,1.0,5.987593431140741,4.260752760138476,5.971605837236623,0.3099706218287812,5.979645312367234,23.535883697415677,0.001227468997547554,30.56474237350382,1.0986122886651097,1,0,2.2,0.00015277777777777777,0.2,7.180775163911423,1.4798009109646666,7.1693203598780695,0.09831589607745854,7.1710508909945645,2.3448756132123854,0.0013338968472023538,45.08761395882416,0.7742402021793783,0.2,0.0,Train007,10.0
69,4,2,0.0001388888888888889,0.0,8.956451371869033,1.4973608516709742,-1.488840224204182,0.3154389899367162,1.5218892763866414,15.227460644448628,0.9691820256589487,29.99515743066097,0.6931471805579453,0,0,2.0,0.0001388888888888889,0.0,8.56061281016024,1.8826239644977143,-1.8809212070587056,0.0964852480816436,1.8879325154995974,-0.7024715793594598,0.989684927738914,33.925186826823165,0.6931471805579453,0.0,0.0,Train007,10.0
69,5,0,0.0,0.0,0.0,0.0,0.0,0.0,0.0,0.0,0.0,0.0,0.0,0,0,0.0,0.0,0.0,0.0,0.0,0.0,0.0,0.0,0.0,0.0,0.0,0.0,0.0,0.0,Train007,10.0
70,0,0,0.0,0.0,0.0,0.0,0.0,0.0,0.0,0.0,0.0,0.0,0.0,0,0,0.6,4.1666666666666665e-05,-0.2,4.351731610537067,0.0,-4.314570526620125,0.5674573259447881,4.351731610537067,-3.534090561748863,2.2204460492503132e-17,0.0,-6.000533403491046e-13,0.0,0.2,Train007,10.0
70,1,3,0.00020833333333333335,0.0,9.570067140077747,0.49553260247406006,-3.425767212563619,0.374200530755539,3.4461437915289657,1.2360689636385835,0.6652155122788015,22.282538180829658,1.0986122886651097,0,0,3.0,0.00020833333333333335,0.0,8.74702000563443,0.8226071103013114,-3.4061914907872564,0.34655593443656485,3.4238194018425743,0.16372353895787697,0.6613271257792089,21.040921832433398,1.0986122886651097,0.0,0.0,Train007,10.0
70,2,1,6.944444444444444e-05,0.0,11.875009432113249,0.0,-11.865167364351372,0.48337607378702324,11.875009432113249,3.873807751032654,1.1102230246251565e-16,0.0,-1.000088900581841e-12,0,0,2.2,0.0001527777777777778,-0.4,9.156912443331198,0.800051943641901,-6.303384029269847,0.2155317920880127,6.307229604550804,2.951764068279716,0.39988311005861543,13.753366190152551,0.6591673731986659,0.0,0.4,Train007,10.0
70,3,3,0.00020833333333333335,0.0,6.181386868376191,4.391535847415839,6.160557352094128,0.39304525018797887,6.173082816319278,1.9379343723545084,0.0013914779244094122,31.18697090531153,1.0986122886651097,0,0,2.4,0.0001666666666666667,0.2,6.779032726019288,2.1772254367481496,6.7662350223167875,0.16188608536135035,6.770401491743115,1.9701690522194002,0.0012717968253213251,41.57913622120465,0.855333223800811,0.2,0.0,Train007,10.0
70,4,2,0.0001388888888888889,0.0,8.959267448986244,1.303922330498045,-1.2941544583626148,0.39787478206867893,1.3539350443451974,0.02816077117211435,0.958867748763806,28.313465733929466,0.6931471805579453,0,0,2.0,0.0001388888888888889,0.0,8.474579305583848,1.7261976657997469,-1.7227663320652504,0.16204273740189196,1.74149821740346,-0.8603350457639125,0.9817824535166372,32.480029885523564,0.6931471805579453,0.0,0.0,Train007,10.0
70,5,0,0.0,0.0,0.0,0.0,0.0,0.0,0.0,0.0,0.0,0.0,0.0,0,0,0.0,0.0,0.0,0.0,0.0,0.0,0.0,0.0,0.0,0.0,0.0,0.0,0.0,0.0,Train007,10.0
71,0,0,0.0,0.0,0.0,0.0,0.0,0.0,0.0,0.0,0.0,0.0,0.0,0,0,0.4,2.7777777777777772e-05,-0.2,2.773529943233321,0.0,-2.7494592250848626,0.36460980565695733,2.773529943233321,-2.561734450180667,0.0,0.0,-4.000355602327364e-13,0.0,0.2,Train007,10.0
71,1,3,0.00020833333333333335,0.0,9.049304954327342,0.4191188580959219,-3.2003168691190473,0.35304216066076693,3.2197308629716184,-5.207621857504024,0.665444365082233,22.475224977709544,1.0986122886651097,0,0,3.0,0.00020833333333333335,0.0,8.764956936282752,0.693692434236545,-3.315813128498429,0.3456072454222292,3.333827190482212,0.1793693064832274,0.662614331880081,21.47011007551654,1.0986122886651097,0.0,0.0,Train007,10.0
71,2,1,6.944444444444444e-05,0.0,11.310388283169686,0.0,-11.298264339051642,0.5235513737696599,11.310388283169686,-5.646211489435622,0.0,0.0,-1.000088900581841e-12,0,0,1.8,0.000125,-0.4,9.787224176168447,0.5154782257381779,-7.970234058856325,0.29847402153828134,7.9761048903174325,3.0019224558751043,0.26658338395014025,9.160028736572547,0.43944491546544384,0.0,0.4,Train007,10.0
71,3,3,0.00020833333333333335,0.0,5.8846748341278365,4.178582883695317,5.863209847991663,0.3987194061349026,5.876751388855495,-2.9671203424835526,0.001454528360914753,31.411513313530364,1.0986122886651097,0,0,2.6,0.00018055555555555555,0.2,6.387825187203588,2.8489481360742586,6.372852099266995,0.2324017614236166,6.379699687313838,2.0755180429837377,0.0012931410186595605,38.11690838854457,0.936426245422244,0.2,0.0,Train007,10.0
71,4,2,0.0001388888888888889,0.0,8.432484848661712,1.1596530765030701,-1.1501500465714338,0.40302750607072924,1.2187191227997791,-5.267826003245313,0.9551255248438795,27.733719609827492,0.6931471805579453,0,0,2.0,0.0001388888888888889,0.0,8.388240199038957,1.5421930746562016,-1.5368506135265325,0.2341713973477028,1.5692099454167017,-0.8633910654489083,0.9738495125694623,31.05821471708075,0.6931471805579453,0.0,0.0,Train007,10.0
71,5,0,0.0,0.0,0.0,0.0,0.0,0.0,0.0,0.0,0.0,0.0,0.0,0,0,0.0,0.0,0.0,0.0,0.0,0.0,0.0,0.0,0.0,0.0,0.0,0.0,0.0,0.0,Train007,10.0
72,0,0,0.0,0.0,0.0,0.0,0.0,0.0,0.0,0.0,0.0,0.0,0.0,0,0,0.2,1.388888888888889e-05,-0.2,1.3220282222856796,0.0,-1.3104617026943082,0.17449569132608797,1.3220282222856796,-1.2947349866196158,0.0,0.0,-2.000177801163682e-13,0.0,0.2,Train007,10.0
72,1,3,0.00020833333333333335,0.0,8.335038153004264,0.3678381158464921,-2.9329537322472077,0.3248619602816179,2.9508901858152634,-7.142668013230775,0.6655285994846616,22.530107696192214,1.0986122886651097,0,0,3.0,0.00020833333333333335,0.0,8.782627940080554,0.5670082462498047,-3.2267141390115044,0.3447185854021078,3.245113264642039,0.17671003797800608,0.6639218831972361,21.8917785808055,1.0986122886651097,0.0,0.0,Train007,10.0
72,2,1,6.944444444444444e-05,0.0,10.448136404837086,0.0,-10.435845251227526,0.5066440826792655,10.448136404837086,-8.622518783326,0.0,0.0,-1.000088900581841e-12,0,0,1.4,9.722222222222222e-05,-0.4,10.382535051992665,0.2470574414074529,-9.512767917707162,0.3790201416850546,9.52070060139673,2.651913885744764,0.13329024396325803,4.580355278866295,0.21972245773222188,0.0,0.4,Train007,10.0
72,3,3,0.00020833333333333335,0.0,5.435068567013244,3.85857338842909,5.4146233981106064,0.37719979168131906,5.427745961834551,-4.496062671145922,0.0014801495751760596,31.480825697743953,1.0986122886651097,0,0,2.8,0.00019444444444444443,0.2,6.023305095525512,3.472206793891148,6.0060122915334135,0.30117369201559824,6.015469057986523,2.3423925143599793,0.0013449415907512252,34.67014310002705,1.0175192670436768,0.2,0.0,Train007,10.0
72,4,2,0.0001388888888888889,0.0,7.752820058626234,1.0411176778853952,-1.032282522305303,0.38106350600270317,1.100371119879139,-6.796647900354782,0.9536332498913019,27.567677289135478,0.6931471805579453,0,0,2.0,0.0001388888888888889,0.0,8.306945807113479,1.359522647683724,-1.3523175161679923,0.30433237612741604,1.3982477362110306,-0.8129439192547909,0.9659085351425292,29.64445295889119,0.6931471805579453,0.0,0.0,Train007,10.0
72,5,0,0.0,0.0,0.0,0.0,0.0,0.0,0.0,0.0,0.0,0.0,0.0,0,0,0.0,0.0,0.0,0.0,0.0,0.0,0.0,0.0,0.0,0.0,0.0,0.0,0.0,0.0,Train007,10.0
73,0,0,0.0,0.0,0.0,0.0,0.0,0.0,0.0,0.0,0.0,0.0,0.0,0,0,0.0,0.0,-0.2,0.0,0.0,0.0,0.0,0.0,0.0,0.0,0.0,0.0,0.0,0.2,Train007,10.0
73,1,3,0.00020833333333333335,0.0,7.595758528546063,0.3282274365612183,-2.666972184155951,0.2959192139856776,2.683339116151267,-7.392796244582034,0.6655623229149608,22.533240530997052,1.0986122886651097,0,0,3.0,0.00020833333333333335,0.0,8.79932580393386,0.44867739498116554,-3.1434639678321914,0.3438941619049391,3.162223532344096,0.16697863853307152,0.6652376031759536,22.31266545438434,1.0986122886651097,0.0,0.0,Train007,10.0
73,2,1,6.944444444444444e-05,0.0,9.53335410787484,0.0,-9.521715648973958,0.4709263702730536,9.53335410787484,-9.147822969622457,0.0,0.0,-1.000088900581841e-12,0,0,1.0,6.944444444444444e-05,-0.4,10.93090337700097,0.0,-10.921014532556706,0.45400206891741635,10.93090337700097,2.182488377585662,4.4408920985006264e-17,0.0,-1.000088900581841e-12,0.0,0.4,Train007,10.0
73,3,3,0.00020833333333333335,0.0,4.958870865062585,3.520223440549018,4.939980395959377,0.34751115192908194,4.952188436759857,-4.761977019506594,0.0014908218595678369,31.49168668177474,1.0986122886651097,0,0,3.0,0.00020833333333333335,0.2,5.68951891314412,4.0419336640455485,5.66999536627848,0.3652892443524127,5.681882783227283,2.6497316073268236,0.0014088893435231231,31.227147794372883,1.0986122886651097,0.2,0.0,Train007,10.0
73,4,2,0.0001388888888888889,0.0,7.060154009533025,0.9385493261419668,-0.9304690017102031,0.3509864164126938,0.9944667051489491,-6.9266604909320995,0.9530161397347358,27.55457980670184,0.6931471805579453,0,0,2.0,0.0001388888888888889,0.0,8.23223554753525,1.1881206525398902,-1.1791792506307472,0.3696782400983043,1.2378762537119412,-0.747102595782289,0.9579649377785344,28.23291997405105,0.6931471805579453,0.0,0.0,Train007,10.0
73,5,0,0.0,0.0,0.0,0.0,0.0,0.0,0.0,0.0,0.0,0.0,0.0,0,0,0.0,0.0,0.0,0.0,0.0,0.0,0.0,0.0,0.0,0.0,0.0,0.0,0.0,0.0,Train007,10.0
74,0,0,0.0,0.0,0.0,0.0,0.0,0.0,0.0,0.0,0.0,0.0,0.0,0,0,0.0,0.0,0.0,0.0,0.0,0.0,0.0,0.0,0.0,0.0,0.0,0.0,0.0,0.0,Train007,10.0
74,1,3,0.00020833333333333335,0.0,9.546361573333266,0.8654451997269629,-3.106680274167125,0.36647460553363165,3.1282208941185967,19.506030447872046,0.6641319285689447,25.15411024204042,1.0986122886651097,0,0,3.0,0.00020833333333333335,0.0,8.819306069857735,0.495232442540931,-3.0665380544505902,0.3428996942434467,3.0856649701171426,0.1998026592387589,0.6651765456659203,22.995044325553778,1.0986122886651097,0.0,0.0,Train007,10.0
74,2,3,0.00020833333333333335,2.0,6.788580081593449,3.1999743508214147,-3.8120481314614456,-0.3809149182380244,3.831032123529504,17.705008016072377,0.6357851093285266,20.960002154310022,1.0986122886651097,2,0,1.4,9.722222222222223e-05,0.4,9.991093661917663,0.6399948701642829,-9.386608147013188,0.32071659645419553,9.399584070304874,-0.36754749505580764,0.12715702186570535,4.192000430862004,0.21972245773222188,0.4,0.0,Train007,10.0
74,3,3,0.00020833333333333335,0.0,6.3123799258337145,3.453909733011345,6.0993388555101715,0.5671175152580846,6.125647455612234,13.535090607711297,0.09607368634731095,32.36043964213267,1.0986122886651097,0,0,3.0,0.00020833333333333335,0.0,5.7544762120827135,3.880565058620122,5.695541969933189,0.41671862303827345,5.711083211876284,0.6495729893859472,0.0203781328134758,31.586287248098653,1.0986122886651097,0.0,0.0,Train007,10.0
74,4,2,0.0001388888888888889,0.0,8.605156060818645,1.5766388667495135,-1.577186492576311,0.0252085030459717,1.5773879361117813,15.450020512856208,0.9942542109362246,23.386830585163537,0.6931471805579453,0,0,2.0,0.0001388888888888889,0.0,8.161976485325173,1.2039762555555982,-1.1968485043051733,0.31163214272015544,1.2489759856569693,-0.7025906221007734,0.9629793748339897,26.911254604951562,0.6931471805579453,0.0,0.0,Train007,10.0
74,5,0,0.0,0.0,0.0,0.0,0.0,0.0,0.0,0.0,0.0,0.0,0.0,0,0,0.0,0.0,0.0,0.0,0.0,0.0,0.0,0.0,0.0,0.0,0.0,0.0,0.0,0.0,Train007,10.0
75,0,0,0.0,0.0,0.0,0.0,0.0,0.0,0.0,0.0,0.0,0.0,0.0,0,0,0.0,0.0,0.0,0.0,0.0,0.0,0.0,0.0,0.0,0.0,0.0,0.0,0.0,0.0,Train007,10.0
75,1,3,0.00020833333333333335,0.0,9.663512516101456,1.0226871117713336,-3.0757149671412276,0.3693768061861628,3.0978156472012426,1.1715094276818998,0.6636919632001155,26.14226630515333,1.0986122886651097,0,0,3.0,0.00020833333333333335,0.0,8.837995145062477,0.6006633444003857,-2.996527605366112,0.34193494932957147,3.0159993412515975,0.18689075204742217,0.6648718358501832,23.766989950418512,1.0986122886651097,0.0,0.0,Train007,10.0
75,2,3,0.00020833333333333335,0.0,6.680873852028583,3.2529088640228414,-3.816817184683733,-0.4933803900478792,3.848573453967178,-1.077062295648652,0.6307717310995704,21.056961317955267,1.0986122886651097,0,0,1.8,0.000125,0.4,8.95226654590073,1.2905766429688512,-7.7769381110796605,0.12536530368721507,7.794296874675659,-1.3577215043920687,0.2533113680856194,8.403392694453057,0.43944491546544384,0.4,0.0,Train007,10.0
75,3,3,0.00020833333333333335,0.0,6.3085800964535785,3.4045316655564384,6.059812767213212,0.692461165253793,6.099248579871531,-0.037998293801353444,0.10163287278813504,32.7089398164126,1.0986122886651097,0,0,3.0,0.00020833333333333335,0.0,5.779914857698191,3.6831642222482417,5.675393052957006,0.4766018060514362,5.696316364586734,0.2543864561547749,0.04042641178622093,31.890681030318866,1.0986122886651097,0.0,0.0,Train007,10.0
75,4,2,0.0001388888888888889,0.0,8.639519094960068,1.7102845224038528,-1.7085648102556048,-0.08931616467438468,1.7108977433253902,0.34363034141422943,0.9945913621713978,21.928029359087947,0.6931471805579453,0,0,2.0,0.0001388888888888889,0.0,8.098026814519937,1.2852486939367598,-1.2797305746837713,0.21419395337154273,1.3203685254530078,-0.63949670805235,0.9701240975155079,25.634167329983264,0.6931471805579453,0.0,0.0,Train007,10.0
75,5,0,0.0,0.0,0.0,0.0,0.0,0.0,0.0,0.0,0.0,0.0,0.0,0,0,0.0,0.0,0.0,0.0,0.0,0.0,0.0,0.0,0.0,0.0,0.0,0.0,0.0,0.0,Train007,10.0
76,0,0,0.0,0.0,0.0,0.0,0.0,0.0,0.0,0.0,0.0,0.0,0.0,0,0,0.0,0.0,0.0,0.0,0.0,0.0,0.0,0.0,0.0,0.0,0.0,0.0,0.0,0.0,Train007,10.0
76,1,3,0.00020833333333333335,0.0,9.134874354027948,1.0178765325617993,-2.883456636981734,0.3486245341012264,2.9044554124880806,-5.2863816207350895,0.6635288449001633,26.495959722579112,1.0986122886651097,0,0,3.0,0.00020833333333333335,0.0,8.8551090250026,0.7204148792935612,-2.933155558938649,0.3410514240176633,2.9529442511548902,0.17113879940120907,0.6644887318137692,24.571136899392425,1.0986122886651097,0.0,0.0,Train007,10.0
76,2,3,0.00020833333333333335,0.0,6.259819694120334,3.073997928139972,-3.5931826580053126,-0.5030430285449611,3.628224621265587,-4.2105415790824985,0.6291742463805569,21.089856899192096,1.0986122886651097,0,0,2.2,0.00015277777777777777,0.4,7.942152828090859,1.9053762285968456,-6.235921774870395,-0.07995357677570913,6.257864142294839,-1.070587522321444,0.37914621736173076,12.621364074291478,0.6591673731986658,0.4,0.0,Train007,10.0
76,3,3,0.00020833333333333335,0.0,5.899059912091823,3.242195669413932,5.662071914341165,0.7222116771288322,5.707946046499761,-4.095201843617573,0.10382232243979927,32.83429958338828,1.0986122886651097,0,0,3.0,0.00020833333333333335,0.0,5.782791873290989,3.4958867793919643,5.635165466226907,0.5413002602502222,5.6625552961155865,0.028770155927970897,0.06089997060199783,32.175238284290444,1.0986122886651097,0.0,0.0,Train007,10.0
76,4,2,0.0001388888888888889,0.0,8.142934540260548,1.6563424604199293,-1.653424692289688,-0.1237917064670945,1.658052351303566,-4.965845546995218,0.9905576301410024,21.435976618032115,0.6931471805579453,0,0,2.0,0.0001388888888888889,0.0,8.040116752839703,1.3845865707201317,-1.3803855038274222,0.10883011086397794,1.408235171153765,-0.579100616802331,0.9772105185749325,24.374618731624185,0.6931471805579453,0.0,0.0,Train007,10.0
76,5,0,0.0,0.0,0.0,0.0,0.0,0.0,0.0,0.0,0.0,0.0,0.0,0,0,0.0,0.0,0.0,0.0,0.0,0.0,0.0,0.0,0.0,0.0,0.0,0.0,0.0,0.0,Train007,10.0
77,0,0,0.0,0.0,0.0,0.0,0.0,0.0,0.0,0.0,0.0,0.0,0.0,0,0,0.0,0.0,0.0,0.0,0.0,0.0,0.0,0.0,0.0,0.0,0.0,0.0,0.0,0.0,Train007,10.0
77,1,3,0.00020833333333333335,0.0,8.413122016778557,0.9563254689648997,-2.6466601831686902,0.32088460648842787,2.666041458014439,-7.217523372493912,0.6634633723814444,26.60753708449705,1.0986122886651097,0,0,3.0,0.00020833333333333335,0.0,8.870725797757459,0.8381123499172427,-2.8758968491229457,0.34025595325902536,2.895974505594725,0.1561677275485817,0.6640756863931258,25.386622777053393,1.0986122886651097,0.0,0.0,Train007,10.0
77,2,3,0.00020833333333333335,0.0,5.745155557666126,2.8308308956518378,-3.3039474482738966,-0.4766246788118578,3.338149161647529,-5.146641364542077,0.6285557744249701,21.11144139882494,1.0986122886651097,0,0,2.6,0.00018055555555555557,0.4,7.001556658656666,2.4715424077272132,-4.809542214279669,-0.2766073290739338,4.835866693656928,-0.37541203856465943,0.5048573722467248,16.843652354056466,0.8788898309318878,0.4,0.0,Train007,10.0
77,3,3,0.00020833333333333335,0.0,5.391483340671389,3.0207492854428346,5.1776354523139005,0.7028539374232244,5.2251232075817216,-5.0757657142043335,0.10472141470665641,32.870801158576874,1.0986122886651097,0,0,3.0,0.00020833333333333335,0.0,5.774074828022618,3.3283219587947137,5.587767877067565,0.6064310893986031,5.622030745265021,-0.08717045268371137,0.0815482236282939,32.453233376457035,1.0986122886651097,0.0,0.0,Train007,10.0
77,4,2,0.0001388888888888889,0.0,7.490932254932304,1.5400651761388304,-1.536834040486942,-0.12846008820698812,1.5421935229605805,-6.520022853282437,0.9889516414759949,21.29728665940807,0.6931471805579453,0,0,2.0,0.0001388888888888889,0.0,7.987739192100918,1.4843760703708184,-1.48129580746375,0.006925392022039683,1.4965996517700535,-0.523775607387862,0.9842741968918711,23.120540605678702,0.6931471805579453,0.0,0.0,Train007,10.0
77,5,0,0.0,0.0,0.0,0.0,0.0,0.0,0.0,0.0,0.0,0.0,0.0,0,0,0.0,0.0,0.0,0.0,0.0,0.0,0.0,0.0,0.0,0.0,0.0,0.0,0.0,0.0,Train007,10.0
78,0,0,0.0,0.0,0.0,0.0,0.0,0.0,0.0,0.0,0.0,0.0,0.0,0,0,0.0,0.0,0.0,0.0,0.0,0.0,0.0,0.0,0.0,0.0,0.0,0.0,0.0,0.0,Train007,10.0
78,1,3,0.00020833333333333335,0.0,7.6669016811542745,0.8786283770301246,-2.408421318712775,0.29235381146855355,2.426100574895932,-7.462203356242822,0.663436230725952,26.628391632940197,1.0986122886651097,0,0,3.0,0.00020833333333333335,0.0,8.8849544282791,0.9481925380110241,-2.82418667603431,0.3395428727556006,2.8445267973436583,0.1422863052164244,0.663650467955324,26.20565299744202,1.0986122886651097,0.0,0.0,Train007,10.0
78,2,3,0.00020833333333333335,0.0,5.226948850595082,2.5805002097361696,-3.008940946267302,-0.4391883989981924,3.040824241540205,-5.182067070710446,0.6283030667097125,21.127604718471677,1.0986122886651097,0,0,3.0,0.00020833333333333335,0.4,6.1402756072007145,2.987642449674447,-3.506987273738338,-0.458630282928183,3.5373607203900006,0.41773914121774264,0.6305179855886672,21.0691732977508,1.0986122886651097,0.4,0.0,Train007,10.0
78,3,3,0.00020833333333333335,0.0,4.887069350111168,2.781098310130981,4.696947344866844,0.6622989758881377,4.74341167240565,-5.044139905602214,0.10509757692168054,32.87323193830905,1.0986122886651097,0,0,3.0,0.00020833333333333335,0.0,5.759714525032335,3.180496932711106,5.539161266849058,0.6693886541904144,5.58027539239418,-0.14360302990283547,0.10226957464071644,32.72954242776389,1.0986122886651097,0.0,0.0,Train007,10.0
78,4,2,0.0001388888888888889,0.0,6.823361513797866,1.4089629218618045,-1.405802895996624,-0.12251083059236109,1.4111309953384643,-6.675707411344374,0.9882879630652486,21.287789511428855,0.6931471805579453,0,0,2.0,0.0001388888888888889,0.0,7.940380692953886,1.578458789514786,-1.576362586321034,-0.0877740573789713,1.5799325098079566,-0.47358499147031685,0.9913285615579737,21.867182546624104,0.6931471805579453,0.0,0.0,Train007,10.0
78,5,0,0.0,0.0,0.0,0.0,0.0,0.0,0.0,0.0,0.0,0.0,0.0,0,0,0.0,0.0,0.0,0.0,0.0,0.0,0.0,0.0,0.0,0.0,0.0,0.0,0.0,0.0,Train007,10.0
79,0,1,6.944444444444444e-05,1.0,10.016394090819375,0.0,-10.016389577007153,-0.009509165250354695,10.016394090819375,0.0,1.1102230246251565e-16,0.0,-1.000088900581841e-12,1,0,0.2,1.388888888888889e-05,0.2,2.003278818163875,0.0,-2.003277915401431,-0.001901833050070939,2.003278818163875,0.0,2.2204460492503132e-17,0.0,-2.000177801163682e-13,0.2,0.0,Train007,10.0
79,1,3,0.00020833333333333335,0.0,9.601083884153233,0.7571136168877118,-3.853835604497298,-0.029400734055287814,3.8539477512875084,19.341822029989586,0.6666337147696679,27.7733270620235,1.0986122886651097,0,0,3.0,0.00020833333333333335,0.0,8.895898890443094,0.9265262214431738,-2.9736177421003447,0.26036780483781663,2.9896721687774406,0.10944462163993265,0.6641508251954686,26.729496361438642,1.0986122886651097,0.0,0.0,Train007,10.0
79,2,3,0.00020833333333333335,0.0,5.8902960861149865,4.031079983326451,-4.501781614199695,-0.20235018784062986,4.506327029906457,6.633472355199049,0.49151434251902837,22.66114388308286,1.0986122886651097,0,0,3.0,0.00020833333333333335,0.0,5.960618808105022,3.1538635761754543,-3.644933970285988,-0.42291733684870414,3.6724197016653912,-1.7965679909569225,0.6016638322267677,21.40940164350537,1.0986122886651097,0.0,0.0,Train007,10.0
79,3,3,0.00020833333333333335,0.0,6.464400843371311,2.6270808386196682,6.374720326329354,0.07107193365764701,6.3751165054977985,15.773314932601423,0.02261675591272161,33.07963859727823,1.0986122886651097,0,0,3.0,0.00020833333333333335,0.0,5.790118708539854,3.0151311538327707,5.5942375610128945,0.5701795378703268,5.630169202371293,0.30404183507518995,0.08757818855379858,32.873382218793004,1.0986122886651097,0.0,0.0,Train007,10.0
79,4,2,0.0001388888888888889,0.0,8.98703381477371,1.1326323314363522,-1.1304070049575516,-0.11322806326724774,1.13606363869651,21.63672300975845,0.9901035755528237,16.33113912094612,0.6931471805579453,0,0,2.0,0.0001388888888888889,0.0,8.016756243744899,1.4896574824521538,-1.4870066887972822,-0.11546137064161519,1.4916676503249022,0.7637555079101318,0.9904984344812935,20.45604425378062,0.6931471805579453,0.0,0.0,Train007,10.0
79,5,0,0.0,0.0,0.0,0.0,0.0,0.0,0.0,0.0,0.0,0.0,0.0,0,0,0.0,0.0,0.0,0.0,0.0,0.0,0.0,0.0,0.0,0.0,0.0,0.0,0.0,0.0,Train007,10.0
80,0,1,6.944444444444444e-05,0.0,9.57891621045424,0.0,-9.578852316064763,-0.034986767838056355,9.57891621045424,-4.374778803651349,1.1102230246251565e-16,0.0,-1.000088900581841e-12,0,0,0.4,2.777777777777778e-05,0.2,3.919062060254723,0.0,-3.919048378614383,-0.00889918661768221,3.919062060254723,-0.8749557607302695,4.4408920985006264e-17,0.0,-4.000355602327364e-13,0.2,0.0,Train007,10.0
80,1,3,0.00020833333333333335,0.0,9.710713640770267,0.9536311526080827,-4.128177010562997,-0.13931376715490004,4.1305270555051115,1.096297566170345,0.6668035751789334,28.203247731536965,1.0986122886651097,0,0,3.0,0.00020833333333333335,0.0,8.905339115376856,0.9127150296105236,-3.1841101507846985,0.1586296901696041,3.196214450438214,0.09440224933762167,0.6647731475912322,27.141692646715363,1.0986122886651097,0.0,0.0,Train007,10.0
80,2,3,0.00020833333333333335,0.0,6.170064297482966,4.047764179726041,-4.754026068935855,-0.10829463503032966,4.755259361180844,2.797682113679807,0.5080597120809931,23.316913565497572,1.0986122886651097,0,0,3.0,0.00020833333333333335,0.0,5.858456897195898,3.312834639316094,-3.8323757471364117,-0.34590018584519416,3.8537568831081246,-1.021619109091231,0.5771214284230523,21.86139209301383,1.0986122886651097,0.0,0.0,Train007,10.0
80,3,3,0.00020833333333333335,0.0,6.615328187153402,2.5843754382519246,6.526447810153399,-0.12461424160879087,6.52763737717314,1.5092734378209267,0.01911859098787838,33.1655824095106,1.0986122886651097,0,0,3.0,0.00020833333333333335,0.0,5.851468326679819,2.851099908371868,5.687564569600933,0.40676445649781,5.715846961831614,0.613496181399646,0.07107533219374725,32.96471073741261,1.0986122886651097,0.0,0.0,Train007,10.0
80,4,2,0.0001388888888888889,0.0,9.208549090114845,0.9700433972291425,-0.9681986051780411,-0.10333568875195116,0.9736974908248169,2.21515275341134,0.9907967560894546,14.723107199885664,0.6931471805579453,0,0,2.0,0.0001388888888888889,0.0,8.130562242775856,1.3416092574172118,-1.3389334477817694,-0.11826527545712848,1.3442275998247877,1.1380599903095543,0.9897395132649048,19.015059821940167,0.6931471805579453,0.0,0.0,Train007,10.0
80,5,0,0.0,0.0,0.0,0.0,0.0,0.0,0.0,0.0,0.0,0.0,0.0,0,0,0.0,0.0,0.0,0.0,0.0,0.0,0.0,0.0,0.0,0.0,0.0,0.0,0.0,0.0,Train007,10.0
81,0,1,6.944444444444444e-05,0.0,8.87782941137844,0.0,-8.877732337471901,-0.04151628285108028,8.87782941137844,-7.010867990757994,0.0,0.0,-1.000088900581841e-12,0,0,0.6,4.1666666666666665e-05,0.2,5.694627942530412,0.0,-5.694594846108764,-0.017202443187898264,5.694627942530412,-2.277129358881868,4.4408920985006264e-17,0.0,-6.000533403491046e-13,0.2,0.0,Train007,10.0
81,1,3,0.00020833333333333335,0.0,9.17697319220992,0.9823120898341104,-3.9800605579394284,-0.16924380780599976,3.9836573034519156,-5.3374044856035,0.6667782141012515,28.34796577674959,1.0986122886651097,0,0,3.0,0.00020833333333333335,0.0,8.91375888301325,0.9056021410649858,-3.4034309349762375,0.05505602178815885,3.412054828630981,0.0841976763639396,0.6654230214314498,27.512093857549463,1.0986122886651097,0.0,0.0,Train007,10.0
81,2,3,0.00020833333333333335,0.0,5.937303710397928,3.797148368337809,-4.561076206424713,-0.06931879970165078,4.561602926253635,-2.3276058708503853,0.5208638944079345,23.574923355283772,1.0986122886651097,0,0,3.0,0.00020833333333333335,0.0,5.793953700451418,3.4574647273556613,-4.025954456820292,-0.2591553400765321,4.040432544105734,-0.6450319674448083,0.5554593580285277,22.358405384232164,1.0986122886651097,0.0,0.0,Train007,10.0
81,3,3,0.00020833333333333335,0.0,6.254084856424073,2.4621499786515764,6.168694833365394,-0.1781283405736641,6.171266130455276,-3.6124333072932955,0.018477121500533267,33.19411682320887,1.0986122886651097,0,0,3.0,0.00020833333333333335,0.0,5.922473315546268,2.695090770219397,5.788889153405778,0.22669645295731083,5.808510978622717,0.7100498886645014,0.05400629200589404,33.036674185376725,1.0986122886651097,0.0,0.0,Train007,10.0
81,4,2,0.0001388888888888889,0.0,8.742939519115376,0.8564562287709467,-0.8548438565580492,-0.09381475789808581,0.8599762949608059,-4.656095709994688,0.9910664280287884,14.198084582117493,0.6931471805579453,0,0,2.0,0.0001388888888888889,0.0,8.250563238546821,1.1816320110874152,-1.179217280635442,-0.11226988574332675,1.1846123885562354,1.2000099577096606,0.989841272842462,17.56748141475724,0.6931471805579453,0.0,0.0,Train007,10.0
81,5,0,0.0,0.0,0.0,0.0,0.0,0.0,0.0,0.0,0.0,0.0,0.0,0,0,0.0,0.0,0.0,0.0,0.0,0.0,0.0,0.0,0.0,0.0,0.0,0.0,0.0,0.0,Train007,10.0
82,0,1,6.944444444444444e-05,0.0,8.098061940925502,0.0,-8.097956354796363,-0.04135305163233895,8.098061940925502,-7.797674704529385,0.0,0.0,-1.000088900581841e-12,0,0,0.8,5.555555555555556e-05,0.2,7.314240330715512,0.0,-7.314186117068036,-0.025473053514366056,7.314240330715512,-3.8366642997877447,4.4408920985006264e-17,0.0,-8.000711204654728e-13,0.2,0.0,Train007,10.0
82,1,3,0.00020833333333333335,0.0,8.4511130048663,0.9359215323277488,-3.694111946016502,-0.1696570590766661,3.698005758161603,-7.25860187343617,0.6667543648738377,28.383581522226866,1.0986122886651097,0,0,3.0,0.00020833333333333335,0.0,8.921357080630798,0.9015213537375557,-3.6129212875458,-0.04305231132485994,3.6184476886604138,0.07598197617548799,0.6660812199299284,27.867302745095422,1.0986122886651097,0.0,0.0,Train007,10.0
82,2,3,0.00020833333333333335,0.0,5.5102046403391105,3.484819980450759,-4.225155508376116,-0.05173079318551754,4.225472180114862,-4.270990700588182,0.526513991364108,23.674850141820006,1.0986122886651097,0,0,3.0,0.00020833333333333335,0.0,5.746963516986015,3.588262544315446,-4.210196068840736,-0.17417656295126407,4.217897147799201,-0.4699018346540293,0.5350510014163553,22.871087132831178,1.0986122886651097,0.0,0.0,Train007,10.0
82,3,3,0.00020833333333333335,0.0,5.74523883307037,2.2945441922023297,5.666316437523485,-0.1819199556865272,5.669236001475492,-5.088460233537034,0.018301246638129376,33.19871085205788,1.0986122886651097,0,0,3.0,0.00020833333333333335,0.0,5.993224414026065,2.5498497515712955,5.886625350447695,0.04974167433536051,5.8973335374014715,0.7075109847979613,0.036722258392188636,33.10225612407292,1.0986122886651097,0.0,0.0,Train007,10.0
82,4,2,0.0001388888888888889,0.0,8.066307543288925,0.7665676751864803,-0.7651297803190715,-0.08498376640165065,0.7698349311916944,-6.766319758264521,0.9911765310760905,14.041272023133379,0.6931471805579453,0,0,2.0,0.0001388888888888889,0.0,8.365638296218146,1.0269325108969451,-1.0248764286018677,-0.10357462138225926,1.0301406702024583,1.1507505767132435,0.990286250762481,16.116278487502303,0.6931471805579453,0.0,0.0,Train007,10.0
82,5,0,0.0,0.0,0.0,0.0,0.0,0.0,0.0,0.0,0.0,0.0,0.0,0,0,0.0,0.0,0.0,0.0,0.0,0.0,0.0,0.0,0.0,0.0,0.0,0.0,0.0,0.0,Train007,10.0
83,0,1,6.944444444444444e-05,0.0,7.336962275414208,0.0,-7.3368596752195785,-0.038801249826355313,7.336962275414208,-7.610996655112947,0.0,0.0,-1.000088900581841e-12,0,0,1.0,6.944444444444444e-05,0.2,8.781632785798354,0.0,-8.78155805211195,-0.033233303479637114,8.781632785798354,-5.358863630810335,4.4408920985006264e-17,0.0,-1.000088900581841e-12,0.2,0.0,Train007,10.0
83,1,3,0.00020833333333333335,0.0,7.701322867281273,0.8648556333048559,-3.3772033768060545,-0.1598040559609624,3.3809821035627787,-7.49790137585029,0.6667421572882692,28.37901786693358,1.0986122886651097,0,0,3.0,0.00020833333333333335,0.0,8.928241317856198,0.8987668049925019,-3.8066776991644558,-0.13348388481076312,3.8094239943937835,0.06884237225399428,0.6667424052423919,28.217427991894102,1.0986122886651097,0.0,0.0,Train007,10.0
83,2,3,0.00020833333333333335,0.0,5.037550173963944,3.1711094087240315,-3.8594995706319613,-0.042590366768575603,3.859734560180243,-4.7265446637516595,0.5289119049608532,23.71343551837073,1.0986122886651097,0,0,3.0,0.00020833333333333335,0.0,5.709083781659787,3.7063843841130186,-4.380307793713668,-0.0948569565053407,4.381679211527208,-0.37879735326227193,0.5151727690665834,23.38825329281099,1.0986122886651097,0.0,0.0,Train007,10.0
83,3,3,0.00020833333333333335,0.0,5.220269822194659,2.113318456354389,5.14860169956338,-0.16966224666830973,5.151396387261561,-5.24969010875711,0.018241990134790886,33.193929206647105,1.0986122886651097,0,0,3.0,0.00020833333333333335,0.0,6.059864508442763,2.4162937808159777,5.9769562213870016,-0.11665057017592897,5.978930480372654,0.666400944166982,0.019351141034810705,33.16639557774054,1.0986122886651097,0.0,0.0,Train007,10.0
83,4,2,0.0001388888888888889,0.0,7.3563093510037705,0.6902030610394503,-0.6889102445316269,-0.07691254917064357,0.6931903528184394,-7.099981922851537,0.9912224823003546,14.015576860849142,0.6931471805579453,0,0,2.0,0.0001388888888888889,0.0,8.472227863659326,0.8831805387324744,-0.8814978983088683,-0.09445496509791575,0.8865525416984534,1.0658956744118107,0.9908731546095023,14.661835957386362,0.6931471805579453,0.0,0.0,Train007,10.0
83,5,0,0.0,0.0,0.0,0.0,0.0,0.0,0.0,0.0,0.0,0.0,0.0,0,0,0.0,0.0,0.0,0.0,0.0,0.0,0.0,0.0,0.0,0.0,0.0,0.0,0.0,0.0,Train007,10.0
84,0,1,6.944444444444444e-05,0.0,9.04997950149325,0.0,-9.043695290035828,-0.33720094666499156,9.04997950149325,17.130172260790417,0.0,0.0,-1.000088900581841e-12,0,0,1.0,6.944444444444444e-05,0.0,8.588349867933129,0.0,-8.587019194717687,-0.0987716597625645,8.588349867933129,-1.9328291786522513,2.2204460492503132e-17,0.0,-1.000088900581841e-12,0.0,0.0,Train007,10.0
84,1,3,0.00020833333333333335,0.0,9.537956563159456,0.33183637227498974,-3.461211742643879,0.04944241735039009,3.461564860009029,18.366336958781854,0.666667735827172,29.964678305645872,1.0986122886651097,0,0,3.0,0.00020833333333333335,0.0,8.915615853657442,0.8137113560699575,-3.728152926793772,-0.11771525452962757,3.7309474161380876,-0.12625464198755196,0.6667492094538927,28.655698240618573,1.0986122886651097,0.0,0.0,Train007,10.0
84,2,3,0.00020833333333333335,0.0,6.674533798467114,3.1061935270550984,-4.2909553512131575,-0.23384772137243157,4.297322722683964,16.369836245031703,0.6632920534246378,23.280407643704255,1.0986122886651097,0,0,3.0,0.00020833333333333335,0.0,5.865931324130213,3.5214070928587473,-4.33814254111636,-0.10115646321170106,4.339878350082709,1.5684754247042587,0.5495283112477053,23.51210604493527,1.0986122886651097,0.0,0.0,Train007,10.0
84,3,3,0.00020833333333333335,0.0,7.833329567433942,1.262577249884109,7.802150543126032,0.1740668127489223,7.804092026168221,26.130597452392834,0.0035864373067951982,32.61776334217087,1.0986122886651097,0,0,3.0,0.00020833333333333335,0.0,6.333650253255289,2.1433930630688653,6.262442264746338,-0.09605159435767391,6.2647255845067376,2.737857448125264,0.015545077313625422,33.07402052671907,1.0986122886651097,0.0,0.0,Train007,10.0
84,4,1,6.944444444444444e-05,-1.0,7.828349457207926,0.0,7.820542206193314,0.34953515605249585,7.828349457207926,11.622431672436058,0.0,0.0,-1.000088900581841e-12,0,1,1.8,0.000125,-0.2,8.240490992146167,0.6566540724452039,0.908691943921305,-0.0019023212339670304,2.2250097054007365,-0.936962593052668,0.7928524394989376,11.395608133197136,0.5545177444461562,0.0,0.2,Train007,10.0
84,5,0,0.0,0.0,0.0,0.0,0.0,0.0,0.0,0.0,0.0,0.0,0.0,0,0,0.0,0.0,0.0,0.0,0.0,0.0,0.0,0.0,0.0,0.0,0.0,0.0,0.0,0.0,Train007,10.0
85,0,1,6.944444444444444e-05,0.0,9.098663625746726,0.0,-9.088967393594134,-0.41994224920721646,9.098663625746726,0.4868412425347657,0.0,0.0,-1.000088900581841e-12,0,0,1.0,6.944444444444444e-05,0.0,8.492299350991626,0.0,-8.489042210223563,-0.17576275603639652,8.492299350991626,-0.9605051694150284,0.0,0.0,-1.000088900581841e-12,0.0,0.0,Train007,10.0
85,1,3,0.00020833333333333335,0.0,9.617984847003804,0.19834625335300718,-3.286399378928157,0.11913733197461868,3.2885581311099563,0.8002828384434698,0.6666662234372147,30.5622703270581,1.0986122886651097,0,0,3.0,0.00020833333333333335,0.0,8.897070094904151,0.6626543762189424,-3.559797400466804,-0.06602503470372381,3.562553631259057,-0.185457587532927,0.666721739105549,29.127502759722802,1.0986122886651097,0.0,0.0,Train007,10.0
85,2,3,0.00020833333333333335,0.0,6.921141965716681,2.8356372531712575,-4.187755326322253,-0.28636265622259544,4.197534781752172,2.4660816724956667,0.6681231362977755,22.615035025946856,1.0986122886651097,0,0,3.0,0.00020833333333333335,0.0,6.016146857776955,3.2789817075477914,-4.22488839259364,-0.13677006745015421,4.2283334341969745,1.5021553364674307,0.5815409960910618,23.371730337025124,1.0986122886651097,0.0,0.0,Train007,10.0
85,3,3,0.00020833333333333335,0.0,8.256992284672014,0.9232830844208144,8.226227134584084,0.279105497793739,8.230960621255951,4.236627172380727,0.003006129416438963,32.401959458381164,1.0986122886651097,0,0,3.0,0.00020833333333333335,0.0,6.6619830727590115,1.8111745923026437,6.6023981296324745,-0.015307646477167947,6.6053902333233,3.2833281950372237,0.012322584999337537,32.92129593649317,1.0986122886651097,0.0,0.0,Train007,10.0
85,4,1,6.944444444444444e-05,0.0,7.77241369444389,0.0,7.760557451095239,0.4291418015401054,7.77241369444389,-0.5593576276403578,1.1102230246251565e-16,0.0,-1.000088900581841e-12,0,0,1.6,0.00011111111111111112,-0.2,7.953263913011978,0.46264539299937546,2.6544431551759606,0.10459317682444429,3.5847529461245515,-1.4918646692630078,0.5946930882810467,8.450986693220003,0.4158883083343672,0.0,0.2,Train007,10.0
85,5,0,0.0,0.0,0.0,0.0,0.0,0.0,0.0,0.0,0.0,0.0,0.0,0,0,0.0,0.0,0.0,0.0,0.0,0.0,0.0,0.0,0.0,0.0,0.0,0.0,0.0,0.0,Train007,10.0
86,0,1,6.944444444444444e-05,0.0,8.570088066043267,0.0,-8.559626674669651,-0.4233209775347606,8.570088066043267,-5.285755597034587,0.0,0.0,-1.000088900581841e-12,0,0,1.0,6.944444444444444e-05,0.0,8.43075108192459,0.0,-8.425421077663112,-0.2521236949731326,8.43075108192459,-0.615482690670347,0.0,0.0,-1.000088900581841e-12,0.0,0.0,Train007,10.0
86,1,3,0.00020833333333333335,0.0,9.079616345404647,0.1801642016360267,-3.0320947464508556,0.13630208111249167,3.035156801348239,-5.383685015991577,0.6666627265402099,30.771322990310484,1.0986122886651097,0,0,3.0,0.00020833333333333335,0.0,8.877598725543097,0.5022247985793257,-3.3702042381690895,-0.004915856920025513,3.3728535308383214,-0.1947136936105423,0.6666986415933407,29.61217420243498,1.0986122886651097,0.0,0.0,Train007,10.0
86,2,3,0.00020833333333333335,0.0,6.602574161669413,2.5713027538895137,-3.90514942388884,-0.2876774887045242,3.915731139954157,-3.185678040472686,0.6684239465696384,22.384660960541442,1.0986122886651097,0,0,3.0,0.00020833333333333335,0.0,6.149200948031252,3.033812584658132,-4.093703036086466,-0.1804418052507289,4.099159076937079,1.3305409025429706,0.6110530065234026,23.13367785807666,1.0986122886651097,0.0,0.0,Train007,10.0
86,3,3,0.00020833333333333335,0.0,7.89899073249761,0.7718501307104867,7.869574134021257,0.29750057134279534,7.875195466831646,-3.5800155217440377,0.0028737683664077363,32.31994370788026,1.0986122886651097,0,0,3.0,0.00020833333333333335,0.0,6.990964247973719,1.4731146227144256,6.942573989763647,0.07981813590612394,6.946176100598575,3.289811752147075,0.009201914372512433,32.74646131342746,1.0986122886651097,0.0,0.0,Train007,10.0
86,4,1,6.944444444444444e-05,0.0,7.29534738470455,0.0,7.282575944726139,0.43148704825485684,7.29534738470455,-4.770663097393406,1.1102230246251565e-16,0.0,-1.000088900581841e-12,0,0,1.4,9.722222222222222e-05,-0.2,7.663745486129812,0.2913541472451861,4.281927115432799,0.20965353805503284,4.8718271640733,-1.5147781467427515,0.39647980267528904,5.611369776796503,0.27725887222257806,0.0,0.2,Train007,10.0
86,5,0,0.0,0.0,0.0,0.0,0.0,0.0,0.0,0.0,0.0,0.0,0.0,0,0,0.0,0.0,0.0,0.0,0.0,0.0,0.0,0.0,0.0,0.0,0.0,0.0,0.0,0.0,Train007,10.0
87,0,1,6.944444444444444e-05,0.0,7.875274877345172,0.0,-7.865151469520732,-0.39918260888956336,7.875274877345172,-6.948131886980953,0.0,0.0,-1.000088900581841e-12,0,0,1.0,6.944444444444444e-05,0.0,8.386193669208524,0.0,-8.378860100607984,-0.32368960642457745,8.386193669208524,-0.4455741271606605,0.0,0.0,-1.000088900581841e-12,0.0,0.0,Train007,10.0
87,1,3,0.00020833333333333335,0.0,8.357958519209253,0.17108579728001835,-2.7651989544539224,0.13422769128168968,2.768454863424701,-7.216578261953928,0.66666062877304,30.831995662440125,1.0986122886651097,0,0,3.0,0.00020833333333333335,0.0,8.858967828411688,0.34925765156977956,-3.184421639856574,0.05586109315164565,3.186943351890941,-0.18630897131409388,0.6666798943731812,30.10185703047763,1.0986122886651097,0.0,0.0,Train007,10.0
87,2,3,0.00020833333333333335,0.0,6.103228734487942,2.327863479410139,-3.576963007007278,-0.271163758475182,3.5872265244069736,-4.993454271814712,0.668398238758682,22.317971853693237,1.0986122886651097,0,0,3.0,0.00020833333333333335,0.0,6.267805766861018,2.802421284450008,-3.9640645358126982,-0.22432839830866177,3.971509945795502,1.186048188297665,0.6394298560023174,22.862302200451303,1.0986122886651097,0.0,0.0,Train007,10.0
87,3,3,0.00020833333333333335,0.0,7.297832749862785,0.6861327506284108,7.270568145444397,0.2855716164911582,7.276174290497456,-6.011579826348263,0.0028290819777674336,32.28805450251871,1.0986122886651097,0,0,3.0,0.00020833333333333335,0.0,7.301483031332202,1.1514323343996418,7.263424331347831,0.17331645034166102,7.267563758402967,3.10518783358483,0.0061074814404400435,32.564330043519625,1.0986122886651097,0.0,0.0,Train007,10.0
87,4,1,6.944444444444444e-05,0.0,6.700062534483295,0.0,6.687696508230512,0.40688251349516913,6.700062534483295,-5.952848502212547,0.0,0.0,-1.000088900581841e-12,0,0,1.2,8.333333333333333e-05,-0.2,7.390496484368685,0.13804061220789005,5.772492373142716,0.30802679403439676,6.0578726847316196,-1.3520838955323566,0.19824449646007097,2.8031153721698283,0.13862943611078898,0.0,0.2,Train007,10.0
87,5,0,0.0,0.0,0.0,0.0,0.0,0.0,0.0,0.0,0.0,0.0,0.0,0,0,0.0,0.0,0.0,0.0,0.0,0.0,0.0,0.0,0.0,0.0,0.0,0.0,0.0,0.0,Train007,10.0
88,0,1,6.944444444444444e-05,0.0,7.16561514273738,0.0,-7.156208613809698,-0.3670403921411536,7.16561514273738,-7.0965973460779175,0.0,0.0,-1.000088900581841e-12,0,0,1.0,6.944444444444444e-05,0.0,8.351924242673158,0.0,-8.342729888326009,-0.3893374348875371,8.351924242673158,-0.3426942653536546,0.0,0.0,-1.000088900581841e-12,0.0,0.0,Train007,10.0
88,1,3,0.00020833333333333335,0.0,7.615157808623383,0.15897445434632387,-2.5096645624782923,0.12559962503720593,2.5128055002265586,-7.428007105858704,0.666659626639705,30.837446285930834,1.0986122886651097,0,0,3.0,0.00020833333333333335,0.0,8.841734816680109,0.20808141577807318,-3.0109138769910215,0.1129418293512793,3.013308031223697,-0.17233011731577666,0.6666633882434684,30.593542714277085,1.0986122886651097,0.0,0.0,Train007,10.0
88,2,3,0.00020833333333333335,0.0,5.5702612304501615,2.106320161152013,-3.2523110535222486,-0.24944389675711834,3.2618628797808737,-5.329675040377793,0.6683668530436633,22.311898152339865,1.0986122886651097,0,0,3.0,0.00020833333333333335,0.0,6.374347978158262,2.589463434935604,-3.8426268323907555,-0.26569910430637034,3.8519356097156283,1.0654221129724386,0.6673208456188794,22.58199472724513,1.0986122886651097,0.0,0.0,Train007,10.0
88,3,3,0.00020833333333333335,0.0,6.651512355049733,0.6243669612293552,6.626603536105939,0.2641529778426259,6.631866345187821,-6.463203948130513,0.0028117684727725356,32.27496830593285,1.0986122886651097,0,0,3.0,0.00020833333333333335,0.0,7.587731537903217,0.8536420353746351,7.5590246986563425,0.26007949524384816,7.563657749988219,2.8624850657101497,0.0030214371080363733,32.38053786337677,1.0986122886651097,0.0,0.0,Train007,10.0
88,4,1,6.944444444444444e-05,0.0,6.098795607561625,0.0,6.087294234975806,0.37437515895594187,6.098795607561625,-6.012669269216699,1.1102230246251565e-16,0.0,-1.000088900581841e-12,0,0,1.0,6.944444444444444e-05,-0.2,7.138993735680257,0.0,7.127733269044202,0.39828433565971383,7.138993735680257,-1.134621364805389,6.661338147750939e-17,0.0,-1.000088900581841e-12,0.0,0.2,Train007,10.0
88,5,0,0.0,0.0,0.0,0.0,0.0,0.0,0.0,0.0,0.0,0.0,0.0,0,0,0.0,0.0,0.0,0.0,0.0,0.0,0.0,0.0,0.0,0.0,0.0,0.0,0.0,0.0,Train007,10.0
89,0,1,6.944444444444444e-05,0.0,8.57406518541961,0.0,-8.567553846081116,-0.3340881595107408,8.57406518541961,14.084500426822295,1.1102230246251565e-16,0.0,-1.000088900581841e-12,0,0,1.0,6.944444444444444e-05,0.0,8.25674137945843,0.0,-8.247501599535067,-0.388714877456687,8.25674137945843,-0.9518286321472786,2.2204460492503132e-17,0.0,-1.000088900581841e-12,0.0,0.0,Train007,10.0
89,1,2,0.0001388888888888889,-1.0,9.53278627792835,0.7100041761210907,-9.532725523722636,0.013219133608757677,9.532734689276019,19.36856511695821,5.441895579827438e-06,21.92399140799199,0.6931471805579453,0,1,2.8,0.00019444444444444443,-0.2,8.840700759633886,0.2837149765472934,-4.225216633206773,0.10569717260295283,4.227541997077095,0.028115514319494394,0.53333092945715,28.98540533474631,1.0175192670436768,0.0,0.2,Train007,10.0
89,2,2,0.0001388888888888889,-1.0,6.154964088770973,0.30965116229074763,-0.3021197318940043,-0.07147750424343113,0.31045992658083066,20.202706369921337,0.9963569049005279,35.521996190099074,0.6931471805579453,0,1,2.8,0.00019444444444444446,-0.2,6.270434036219034,2.030154961982734,-3.044859708526925,-0.23322506088057024,3.0545630504950014,1.8319961379503653,0.7339338159140574,25.030312436524092,1.0175192670436768,0.0,0.2,Train007,10.0
89,3,3,0.00020833333333333335,0.0,7.627111607690406,0.9152769503237996,7.595406119207749,0.13693898609563357,7.596640468102424,9.755992526406716,0.0037039724381172645,32.78715270309344,1.0986122886651097,0,0,3.0,0.00020833333333333335,0.0,7.5464879459545084,0.7841819754625732,7.517675813872685,0.2526539299131904,7.522167438375059,-0.4124359194870742,0.0030449441343007866,32.414415735561285,1.0986122886651097,0.0,0.0,Train007,10.0
89,4,1,6.944444444444444e-05,0.0,7.287757328791104,0.0,7.2876090034334995,0.0464961979460176,7.287757328791104,11.889617212294787,0.0,0.0,-1.000088900581841e-12,0,0,1.0,6.944444444444444e-05,0.0,7.030875309996892,0.0,7.0211466284922395,0.33767654403841824,7.030875309996892,-1.0811842568336432,6.661338147750939e-17,0.0,-1.000088900581841e-12,0.0,0.0,Train007,10.0
89,5,0,0.0,0.0,0.0,0.0,0.0,0.0,0.0,0.0,0.0,0.0,0.0,0,0,0.0,0.0,0.0,0.0,0.0,0.0,0.0,0.0,0.0,0.0,0.0,0.0,0.0,0.0,Train007,10.0
90,0,1,6.944444444444444e-05,0.0,8.55250076077315,0.0,-8.547137197763385,-0.3028448210466388,8.55250076077315,-0.21564424646459912,0.0,0.0,-1.000088900581841e-12,0,0,1.0,6.944444444444444e-05,0.0,8.147508806463716,0.0,-8.139135560368917,-0.36529539182457144,8.147508806463716,-1.0923257299471516,2.2204460492503132e-17,0.0,-1.000088900581841e-12,0.0,0.0,Train007,10.0
90,1,2,0.0001388888888888889,0.0,9.64636750311117,0.9809935911622034,-9.645836176222533,-0.09966489433487415,9.64635105258388,1.1358122518281988,1.7231809541495835e-06,22.63364247663493,0.6931471805579453,0,0,2.6,0.00018055555555555555,-0.2,8.846377290855362,0.4402444441091326,-5.497103992665648,0.06193672734105425,5.49910058137188,0.0952213969964402,0.3999980294058978,27.39967976466167,0.936426245422244,0.0,0.2,Train007,10.0
90,2,2,0.0001388888888888889,0.0,6.4939124503739905,0.15947039065945168,-0.1601381282206984,-0.009015627866520215,0.16039171317701054,3.3894836160301756,0.9973556934753801,37.502681661582734,0.6931471805579453,0,0,2.6,0.00018055555555555555,-0.2,6.184988133150496,1.494921589480373,-2.2393362689066136,-0.17775565520935518,2.2471344367799686,2.0166765266572666,0.7997803273495784,28.00784176365127,0.936426245422244,0.0,0.2,Train007,10.0
90,3,3,0.00020833333333333335,0.0,7.511604321282948,1.030487587826657,7.477562509504274,0.08540129563656972,7.478050178010326,-1.1550728640745749,0.004106012487493094,32.991075412322544,1.0986122886651097,0,0,3.0,0.00020833333333333335,0.0,7.397410353276696,0.8056228761437417,7.367942888856723,0.21391308948175655,7.371585349725935,-1.4907759267781346,0.0032649207485116126,32.532238926349564,1.0986122886651097,0.0,0.0,Train007,10.0
90,4,1,6.944444444444444e-05,0.0,7.2751806423402074,0.0,7.274843632632592,-0.0700249914437309,7.2751806423402074,-0.12576686450896268,1.1102230246251565e-16,0.0,-1.000088900581841e-12,0,0,1.0,6.944444444444444e-05,0.0,6.9314286995761565,0.0,6.92400386479971,0.23784318544165095,6.9314286995761565,-0.994466104207364,6.661338147750939e-17,0.0,-1.000088900581841e-12,0.0,0.0,Train007,10.0
90,5,0,0.0,0.0,0.0,0.0,0.0,0.0,0.0,0.0,0.0,0.0,0.0,0,0,0.0,0.0,0.0,0.0,0.0,0.0,0.0,0.0,0.0,0.0,0.0,0.0,0.0,0.0,Train007,10.0
91,0,1,6.944444444444444e-05,0.0,8.03789866843439,0.0,-8.033224825876685,-0.2740691535686725,8.03789866843439,-5.146020923387589,1.1102230246251565e-16,0.0,-1.000088900581841e-12,0,0,1.0,6.944444444444444e-05,0.0,8.04107092694194,0.0,-8.033855190610325,-0.3354450270313538,8.04107092694194,-1.064378795217752,4.4408920985006264e-17,0.0,-1.000088900581841e-12,0.0,0.0,Train007,10.0
91,1,2,0.0001388888888888889,0.0,9.117814833144276,1.0171831594741603,-9.116839077663636,-0.13296649554195783,9.117808665296254,-5.285526699668948,6.849862933533402e-07,22.898452586210745,0.6931471805579453,0,0,2.4,0.0001666666666666667,-0.2,8.854016988403286,0.6076482356767594,-6.714052858908204,0.008083012010164353,6.715630954161483,0.11485306026096609,0.2666656210951145,25.825105683841723,0.855333223800811,0.0,0.2,Train007,10.0
91,2,2,0.0001388888888888889,0.0,6.2287317922482925,0.09788377279236471,-0.10141543374569206,0.013189950092131864,0.1022695701822384,-2.6518065812569835,0.9952427091004907,38.21350260610925,0.6931471805579453,0,0,2.4,0.00016666666666666666,-0.2,6.1102196592662725,1.000237793260943,-1.4785894708779843,-0.11758216745002399,1.4844421228255853,2.1234508185004075,0.8651440798557488,31.17361009276483,0.855333223800811,0.0,0.2,Train007,10.0
91,3,3,0.00020833333333333335,0.0,7.025039379238344,1.0192234262346673,6.991970111975394,0.06277573203899116,6.99225191474751,-4.86564942044603,0.004275711123255643,33.06714265084395,1.0986122886651097,0,0,3.0,0.00020833333333333335,0.0,7.222620082624843,0.8550975352485779,7.192422084447552,0.16696812162099572,7.194996639309108,-1.747902706518533,0.003545309299881194,32.681678714942294,1.0986122886651097,0.0,0.0,Train007,10.0
91,4,1,6.944444444444444e-05,0.0,6.84268756284522,0.0,6.841861282702803,-0.10633565238904572,6.84268756284522,-4.324930794949875,0.0,0.0,-1.000088900581841e-12,0,0,1.0,6.944444444444444e-05,0.0,6.840896735204291,0.0,6.8358609323950414,0.13027864531287042,6.840896735204291,-0.9053196437186578,4.4408920985006264e-17,0.0,-1.000088900581841e-12,0.0,0.0,Train007,10.0
91,5,0,0.0,0.0,0.0,0.0,0.0,0.0,0.0,0.0,0.0,0.0,0.0,0,0,0.0,0.0,0.0,0.0,0.0,0.0,0.0,0.0,0.0,0.0,0.0,0.0,0.0,0.0,Train007,10.0
92,0,1,6.944444444444444e-05,0.0,7.383589485078414,0.0,-7.379427779932067,-0.247869572411384,7.383589485078414,-6.543091833559771,0.0,0.0,-1.000088900581841e-12,0,0,1.0,6.944444444444444e-05,0.0,7.942733848488589,0.0,-7.936710452692592,-0.3051824197357179,7.942733848488589,-0.9833707845335156,4.4408920985006264e-17,0.0,-1.000088900581841e-12,0.0,0.0,Train007,10.0
92,1,2,0.0001388888888888889,0.0,8.397301196684772,0.9698081676733552,-8.396185464420881,-0.13668967202960636,8.397298042786861,-7.205136364595037,3.80661995036391e-07,22.992867493370913,0.6931471805579453,0,0,2.2,0.00015277777777777777,-0.2,8.86188552389839,0.7673927097554267,-7.840250160901595,-0.04610046065209485,7.841399590033914,0.11714143973274424,0.13333357147290548,24.25728005002788,0.7742402021793782,0.0,0.2,Train007,10.0
92,2,2,0.0001388888888888889,0.0,5.769578446110096,0.07072365257096758,-0.07504814069741039,0.020119261266353772,0.07769818592504016,-4.591533461381974,0.9944230721056081,38.44175570632491,0.6931471805579453,0,0,2.2,0.00015277777777777777,-0.2,6.043489601590703,0.5488098278931088,-0.7782064976160108,-0.059325563501716826,0.7825364551291987,2.2038349805869553,0.930349046525134,34.39836686329117,0.7742402021793782,0.0,0.2,Train007,10.0
92,3,3,0.00020833333333333335,0.0,6.439491719474049,0.9596779491995,6.408678195947714,0.05137556734798863,6.408884120354804,-5.855476597642951,0.004347257915165881,33.09306575435482,1.0986122886651097,0,0,3.0,0.00020833333333333335,0.0,7.050951876547096,0.9098065749627956,7.020044094548214,0.1201289117923618,7.021538605280577,-1.7166820607774707,0.0038489444873608834,32.842680965309526,1.0986122886651097,0.0,0.0,Train007,10.0
92,4,1,6.944444444444444e-05,0.0,6.2895689662899334,0.0,6.288559671852651,-0.11267224709705362,6.2895689662899334,-5.531185965552865,0.0,0.0,-1.000088900581841e-12,0,0,1.0,6.944444444444444e-05,0.0,6.758798021565617,0.0,6.756033565119471,0.02636769319442589,6.758798021565619,-0.8209871363867215,4.4408920985006264e-17,0.0,-1.000088900581841e-12,0.0,0.0,Train007,10.0
92,5,0,0.0,0.0,0.0,0.0,0.0,0.0,0.0,0.0,0.0,0.0,0.0,0,0,0.0,0.0,0.0,0.0,0.0,0.0,0.0,0.0,0.0,0.0,0.0,0.0,0.0,0.0,Train007,10.0
93,0,1,6.944444444444444e-05,0.0,6.719993437780445,0.0,-6.7162548821206975,-0.22412532699841964,6.719993437780445,-6.635960472979683,0.0,0.0,-1.000088900581841e-12,0,0,1.0,6.944444444444444e-05,0.0,7.853609507497202,0.0,-7.84871970635479,-0.2765994067071712,7.853609507497202,-0.8912434099138686,4.4408920985006264e-17,0.0,-1.000088900581841e-12,0.0,0.0,Train007,10.0
93,1,2,0.0001388888888888889,0.0,7.652585120167511,0.8962339783245143,-7.65147994401814,-0.1299292407380549,7.652583024137054,-7.447160765172609,2.777073787596507e-07,23.022532357501728,0.6931471805579453,0,0,2.0,0.0001388888888888889,-0.2,8.869370986207215,0.9148446145510647,-8.868613237209566,-0.09720623380714702,8.869355094816012,0.11331070786996325,1.7016864402252808e-06,22.69429726434206,0.6931471805579453,0.0,0.2,Train007,10.0
93,2,2,0.0001388888888888889,0.0,5.27021683541278,0.0571197480184682,-0.06146562913934206,0.02133946583857882,0.06506455538748428,-4.993616106973153,0.9940878367224145,38.489103274472946,0.6931471805579453,0,0,2.0,0.0001388888888888889,-0.2,5.983480722583226,0.13896974526639996,-0.14003741273942943,-0.005168890982577401,0.14317679025052082,2.271046767267883,0.9954932432608843,37.633807887717786,0.6931471805579453,0.0,0.2,Train007,10.0
93,3,3,0.00020833333333333335,0.0,5.8548865378249175,0.8853970293660107,5.826667768451369,0.044483172113215896,5.82683756736974,-5.846051816491323,0.004377494583227781,33.09980913979883,1.0986122886651097,0,0,3.0,0.00020833333333333335,0.0,6.8916267131021325,0.9620125885901268,6.8600569410173,0.0761949506464798,6.860532849716961,-1.5932516344496326,0.004162089709451933,33.00764913208271,1.0986122886651097,0.0,0.0,Train007,10.0
93,4,1,6.944444444444444e-05,0.0,5.727121449035864,0.0,5.726098631135619,-0.10823381409452175,5.727121449035864,-5.624475172540695,0.0,0.0,-1.000088900581841e-12,0,0,1.0,6.944444444444444e-05,0.0,6.684463189860466,0.0,6.683794444351433,-0.07015410141566683,6.684463189860466,-0.7433483170515206,2.2204460492503132e-17,0.0,-1.000088900581841e-12,0.0,0.0,Train007,10.0
93,5,0,0.0,0.0,0.0,0.0,0.0,0.0,0.0,0.0,0.0,0.0,0.0,0,0,0.0,0.0,0.0,0.0,0.0,0.0,0.0,0.0,0.0,0.0,0.0,0.0,0.0,0.0,Train007,10.0
94,0,1,6.944444444444444e-05,0.0,8.752190007888974,0.0,-8.749843706634394,-0.2026451175382279,8.752190007888974,20.321965701085283,1.1102230246251565e-16,0.0,-1.000088900581841e-12,0,0,1.0,6.944444444444444e-05,0.0,7.889234471991074,0.0,-7.885177678465446,-0.25031079831266856,7.889234471991074,0.35624964493872896,4.4408920985006264e-17,0.0,-1.000088900581841e-12,0.0,0.0,Train007,10.0
94,1,3,0.00020833333333333335,1.0,9.284976321962027,1.022440365223202,-9.26379990090258,-0.4337230237162107,9.273947609581596,24.0747404737327,0.0011214627762019536,47.29840186238068,1.0986122886651097,1,0,2.2,0.00015277777777777777,0.2,8.819808995013952,0.977331852371487,-8.814828112645554,-0.1865946652721407,8.81759767887713,1.0545457792248611,0.0002249058625646505,27.769179355219798,0.7742402021793782,0.2,0.0,Train007,10.0
94,2,1,6.944444444444444e-05,-1.0,6.750100596708415,0.0,6.73056985541943,0.5131154714122034,6.750100596708415,15.370035093141032,0.0,0.0,-1.000088900581841e-12,0,1,1.8,0.000125,-0.2,6.1025080241707155,0.07703951280825043,1.2665005047232576,0.1117497041485495,1.4311049242760376,1.3045125119118226,0.7962218622807786,30.529408649697967,0.5545177444461562,0.0,0.2,Train007,10.0
94,3,3,0.00020833333333333335,0.0,7.7769298080044456,0.9549393654280991,7.751011939832584,-0.058650173272950606,7.751233833026341,19.220432701795286,0.0031270154962536045,33.2290619334173,1.0986122886651097,0,0,3.0,0.00020833333333333335,0.0,6.92159035316494,0.9699450716109868,6.8911781051422665,0.03707711877276296,6.891451522701745,0.2996364006280814,0.004046698321079201,33.09603097814749,1.0986122886651097,0.0,0.0,Train007,10.0
94,4,2,0.0001388888888888889,1.0,7.855884264511938,0.30527213432192735,7.592496096610557,1.3912414229363463,7.718908580488597,18.23490681154147,0.01746266489445436,19.6998457242237,0.6931471805579453,1,0,1.2,8.333333333333333e-05,0.2,6.798088577004632,0.06105442686438547,6.744771862986845,0.19879494358239894,6.770693440199965,0.5257096027978161,0.003492532978890894,3.93996914484474,0.13862943611078898,0.2,0.0,Train007,10.0
94,5,0,0.0,0.0,0.0,0.0,0.0,0.0,0.0,0.0,0.0,0.0,0.0,0,0,0.0,0.0,0.0,0.0,0.0,0.0,0.0,0.0,0.0,0.0,0.0,0.0,0.0,0.0,Train007,10.0
95,0,1,6.944444444444444e-05,0.0,8.939719711080546,0.0,-8.937841845192269,-0.18322571602291188,8.939719711080546,1.8752970319157214,0.0,0.0,-1.000088900581841e-12,0,0,1.0,6.944444444444444e-05,0.0,7.966678262052554,0.0,-7.963318607951223,-0.22638697730792318,7.966678262052554,0.774437900614793,4.4408920985006264e-17,0.0,-1.000088900581841e-12,0.0,0.0,Train007,10.0
95,1,3,0.00020833333333333335,0.0,9.5775962594519,0.8840720934014501,-9.554127715848784,-0.4308614867175642,9.56383803875235,2.92619937489872,0.001360974336699905,47.32936259752407,1.0986122886651097,0,0,2.4,0.0001666666666666667,0.2,8.806054746282097,0.9579475528193363,-8.796486420570805,-0.2528339837486787,8.801095076110823,1.4126232038389657,0.0004967560937138016,32.708323379397626,0.855333223800811,0.2,0.0,Train007,10.0
95,2,1,6.944444444444444e-05,0.0,6.895953858290184,0.0,6.886919871284372,0.3528658416108432,6.895953858290184,1.4585326158176937,1.1102230246251565e-16,0.0,-1.000088900581841e-12,0,0,1.6,0.00011111111111111112,-0.2,6.182916305753954,0.0451454346763601,2.6759121046242718,0.1841259980440222,2.7782173532986727,0.9183223118693261,0.5967507235857027,23.02887231738142,0.4158883083343671,0.0,0.2,Train007,10.0
95,3,3,0.00020833333333333335,0.0,7.982699994083068,1.015836024476854,7.958620961516115,-0.09094245329164409,7.95914054021503,2.0577018607862176,0.002816706238882749,33.27621764208916,1.0986122886651097,0,0,3.0,0.00020833333333333335,0.0,7.015809487724965,0.967014758941026,6.987389795544635,0.0018083689871201986,6.987669595142686,0.9421913456002396,0.0037888370713571318,33.15305942410081,1.0986122886651097,0.0,0.0,Train007,10.0
95,4,2,0.0001388888888888889,0.0,7.756124559517053,0.0174740951675596,7.470110022274102,1.4169077529717273,7.603300028626476,-0.9975970499488573,0.019703824147741855,20.03925064388764,0.6931471805579453,0,0,1.4,9.722222222222222e-05,0.2,6.894277360440002,0.06454924589789739,6.783825140915146,0.4961814924654906,6.836317317457218,0.35134356570983716,0.007433297808439243,7.947819273622268,0.27725887222257806,0.2,0.0,Train007,10.0
95,5,0,0.0,0.0,0.0,0.0,0.0,0.0,0.0,0.0,0.0,0.0,0.0,0,0,0.0,0.0,0.0,0.0,0.0,0.0,0.0,0.0,0.0,0.0,0.0,0.0,0.0,0.0,Train007,10.0
96,0,1,6.944444444444444e-05,0.0,8.476850183968129,0.0,-8.475231065614132,-0.16567264677564192,8.476850183968129,-4.6286952711241725,0.0,0.0,-1.000088900581841e-12,0,0,1.0,6.944444444444444e-05,0.0,8.0544685651593,0.0,-8.051719855898712,-0.20470767594931708,8.0544685651593,0.8779030310674762,2.2204460492503132e-17,0.0,-1.000088900581841e-12,0.0,0.0,Train007,10.0
96,1,3,0.00020833333333333335,0.0,9.115245259260124,0.7889269785916101,-9.091990350421847,-0.4044834926921777,9.100983212160346,-4.623510001917743,0.0014923141088233338,47.33698007001626,1.0986122886651097,0,0,2.6,0.00018055555555555557,0.2,8.805540831505267,0.9122963166428264,-8.791516675122447,-0.3071373831787227,8.797729985483642,1.5450265433892063,0.0007950819182197977,37.59602887615873,0.936426245422244,0.2,0.0,Train007,10.0
96,2,1,6.944444444444444e-05,0.0,6.541211303279843,0.0,6.53536615321928,0.27646800449927533,6.541211303279843,-3.5474255501034158,0.0,0.0,-1.000088900581841e-12,0,0,1.4,9.722222222222222e-05,-0.2,6.245412207960263,0.025568680117887155,4.003268422017266,0.23678160892545091,4.066005699918193,0.7391985181000397,0.39770218176560457,15.386171796159573,0.27725887222257806,0.0,0.2,Train007,10.0
96,3,3,0.00020833333333333335,0.0,7.581855376933,0.9872449924086922,7.559780834085672,-0.09676057361407192,7.560400046823923,-4.0084461715006725,0.00270757282064904,33.29153723946206,1.0986122886651097,0,0,3.0,0.00020833333333333335,0.0,7.127172687263896,0.960619072175831,7.100951939966691,-0.030098892143492418,7.1012992215579676,1.1136319953893115,0.003475209410835811,33.19793834182443,1.0986122886651097,0.0,0.0,Train007,10.0
96,4,2,0.0001388888888888889,0.0,7.274398523015005,0.07363486253463414,6.997068860590183,1.3434728741712574,7.12487838517085,-4.817260365020473,0.020556424041496935,20.164858546901353,0.6931471805579453,0,0,1.6,0.00011111111111111112,0.2,6.980619552473959,0.07927621840482421,6.8148666564926215,0.7861431977775512,6.892755481922345,0.25287765169571763,0.01154458261673863,11.980790983002539,0.4158883083343672,0.2,0.0,Train007,10.0
96,5,0,0.0,0.0,0.0,0.0,0.0,0.0,0.0,0.0,0.0,0.0,0.0,0,0,0.0,0.0,0.0,0.0,0.0,0.0,0.0,0.0,0.0,0.0,0.0,0.0,0.0,0.0,Train007,10.0
97,0,1,6.944444444444444e-05,0.0,7.815984846235874,0.0,-7.814549065674856,-0.14980659781546746,7.815984846235874,-6.608653377322549,1.1102230246251565e-16,0.0,-1.000088900581841e-12,0,0,1.0,6.944444444444444e-05,0.0,8.140947637390793,0.0,-8.13874411304727,-0.18509508103013375,8.140947637390793,0.8647907223149207,4.4408920985006264e-17,0.0,-1.000088900581841e-12,0.0,0.0,Train007,10.0
97,1,3,0.00020833333333333335,0.0,8.417836533065053,0.7103042664360412,-8.395976387734448,-0.37149951691833066,8.404191299254494,-6.974087261950705,0.0015508346919850258,47.3354455931018,1.0986122886651097,0,0,2.8,0.00019444444444444443,0.2,8.809647898781323,0.8603955363953635,-8.79147485978516,-0.3540993521564676,8.799108636777166,1.591236363918073,0.0011051727242177955,42.46454449610491,1.0175192670436768,0.2,0.0,Train007,10.0
97,2,1,6.944444444444444e-05,0.0,6.032831625655337,0.0,6.028304621641812,0.23366816685030392,6.032831625655337,-5.083796776245055,0.0,0.0,-1.000088900581841e-12,0,0,1.2,8.333333333333333e-05,-0.2,6.298062843869312,0.01142394960369364,5.22393897448511,0.27949139004224094,5.257032387864252,0.6407458551274232,0.19881756734448292,7.697820654894589,0.13862943611078898,0.0,0.2,Train007,10.0
97,3,3,0.00020833333333333335,0.0,6.994790776916424,0.921443334451297,6.97470509515616,-0.0930570108671724,6.975325854156839,-5.870646000165773,0.0026645945964273166,33.294763679552105,1.0986122886651097,0,0,3.0,0.00020833333333333335,0.0,7.238232498752372,0.9529721492261904,7.214157319808381,-0.05898540778652463,7.2145875683183744,1.1105981148847468,0.0031386767470880984,33.23827792686389,1.0986122886651097,0.0,0.0,Train007,10.0
97,4,2,0.0001388888888888889,0.0,6.678381333951233,0.10123474534180987,6.420316883173745,1.2387842908493485,6.53873499995381,-5.96017189063772,0.02091506391563913,20.214355983998267,0.6931471805579453,0,0,1.8,0.000125,0.2,7.0583820260062184,0.0995231674731862,6.8412180987568405,1.0564345053668316,6.942588688655119,0.16708046667874665,0.015727595399866456,16.023662179802194,0.5545177444461562,0.2,0.0,Train007,10.0
97,5,0,0.0,0.0,0.0,0.0,0.0,0.0,0.0,0.0,0.0,0.0,0.0,0,0,0.0,0.0,0.0,0.0,0.0,0.0,0.0,0.0,0.0,0.0,0.0,0.0,0.0,0.0,Train007,10.0
98,0,1,6.944444444444444e-05,0.0,7.125601650618896,0.0,-7.124313878007959,-0.13546457443161605,7.125601650618896,-6.903831956169775,0.0,0.0,-1.000088900581841e-12,0,0,1.0,6.944444444444444e-05,0.0,8.222069279958484,0.0,-8.220355912224722,-0.16736293051677303,8.222069279958484,0.8112164256769023,4.4408920985006264e-17,0.0,-1.000088900581841e-12,0.0,0.0,Train007,10.0
98,1,3,0.00020833333333333335,0.0,7.679911542981085,0.6413323796483589,-7.659815832131476,-0.33816680962990703,7.667276920348403,-7.3792499008396915,0.0015760328612307584,47.330739505686175,1.0986122886651097,0,0,3.0,0.00020833333333333335,0.2,8.815113183344039,0.8094152166601324,-8.793142037407828,-0.395746865934838,8.802047416019438,1.6048185367846564,0.0014203237549881953,47.3261859257418,1.0986122886651097,0.2,0.0,Train007,10.0
98,2,1,6.944444444444444e-05,0.0,5.500993127334491,0.0,5.497170209637918,0.20504895330312833,5.500993127334491,-5.318384983208464,1.1102230246251565e-16,0.0,-1.000088900581841e-12,0,0,1.0,6.944444444444444e-05,-0.2,6.344218102253654,0.0,6.335666142240563,0.31623328753515084,6.344218102253654,0.5757920798803611,4.4408920985006264e-17,0.0,-1.000088900581841e-12,0.0,0.2,Train007,10.0
98,3,3,0.00020833333333333335,0.0,6.378086033841811,0.8453784345827835,6.359872787464389,-0.08627331293069977,6.360457920405896,-6.167047430746123,0.0026469135721715054,33.293547262476324,1.0986122886651097,0,0,3.0,0.00020833333333333335,0.0,7.34287239795575,0.9449684302695449,7.320798323610984,-0.08513670479530774,7.321311638925605,1.0463989920337866,0.0027925605448768432,33.27702555139939,1.0986122886651097,0.0,0.0,Train007,10.0
98,4,2,0.0001388888888888889,0.0,6.076609800013303,0.10637224324625683,5.840530366308446,1.12890866398634,5.9486325934112365,-6.017715339379306,0.02106715113144364,20.2367213321301,0.6931471805579453,0,0,2.0,0.0001388888888888889,0.2,7.128279696201706,0.12079761612243756,6.864104445791407,1.3038630009830041,6.986890917530194,0.08843243331102446,0.019941025626155184,20.07100644622821,0.6931471805579453,0.2,0.0,Train007,10.0
98,5,0,0.0,0.0,0.0,0.0,0.0,0.0,0.0,0.0,0.0,0.0,0.0,0,0,0.0,0.0,0.0,0.0,0.0,0.0,0.0,0.0,0.0,0.0,0.0,0.0,0.0,0.0,Train007,10.0
99,0,2,0.0001388888888888889,1.0,9.518676037842514,0.6372336248740336,-9.483431638063864,-0.24501958179306627,9.486596345860443,16.631873292759987,0.00338538221450857,64.06578526863355,0.6931471805579453,1,0,1.2,8.333333333333333e-05,0.2,8.375366485949192,0.12744672497480672,-8.367073498510615,-0.17583782336774073,8.368950547552778,0.07319794401184296,0.0006770764429017362,12.813157053726709,0.13862943611078898,0.2,0.0,Train007,10.0
99,1,3,0.00020833333333333335,0.0,6.029862767622672,4.3381320608070855,-6.026820240681481,-0.18453683630049697,6.029644770418883,18.176147202194485,0.6663974960983841,42.13651051429957,1.0986122886651097,1,1,3.0,0.00020833333333333335,0.0,8.164090472476165,1.4725535557769092,-8.145746105363607,-0.34590962845169526,8.153186848186895,0.4250998824770136,0.13447553041942462,46.29380765612558,1.0986122886651097,0.2,0.2,Train007,10.0
99,2,2,0.0001388888888888889,1.0,10.166405875828833,2.217198313734033,-2.2214796611773133,0.049342323290731516,2.2220275763122737,24.482144347603096,0.9852426430386344,9.151179109338,0.6931471805579453,1,0,1.2,8.333333333333334e-05,0.2,7.027479158077737,0.44343966274680663,4.545256238921214,0.22347865791085644,5.438603498174426,2.398213930772774,0.19704852860772692,1.8302358218676003,0.13862943611078898,0.2,0.0,Train007,10.0
99,3,3,0.00020833333333333335,0.0,8.239442380624842,0.06755928420673067,8.233995861786374,-0.27593915696790594,8.238618225786608,18.6135634678303,0.00010055470142555922,32.523275069044814,1.0986122886651097,0,0,3.0,0.00020833333333333335,0.0,7.43537491247983,0.7674924140252714,7.417395108001742,-0.1285945015342988,7.41878851747766,0.9250251452407895,0.002187268385911234,33.13586817852489,1.0986122886651097,0.0,0.0,Train007,10.0
99,4,2,0.0001388888888888889,0.0,5.765219946785461,2.210459057772893,5.138735150456148,1.1728931734555776,5.270889615887651,-3.113898532278414,0.1013466806516482,24.403443105985318,0.6931471805579453,0,0,2.0,0.0001388888888888889,0.0,6.71014683265641,0.5018350008126307,6.3733522565605245,1.2601933510868502,6.497287124610004,-4.181328635452952,0.036717828777593955,21.011725922580535,0.6931471805579453,0.0,0.0,Train007,10.0
99,5,0,0.0,0.0,0.0,0.0,0.0,0.0,0.0,0.0,0.0,0.0,0.0,0,0,0.0,0.0,0.0,0.0,0.0,0.0,0.0,0.0,0.0,0.0,0.0,0.0,0.0,0.0,Train007,10.0
100,0,2,0.0001388888888888889,0.0,9.54224926732509,0.5613798128440877,-9.490136123580074,-0.3342817071599611,9.496021688255626,0.23573229482575897,0.004861382586461294,64.10771418523835,0.6931471805579453,0,0,1.4,9.722222222222222e-05,0.2,8.4958723971981,0.23972268754362425,-8.477532354188178,-0.20604902159515054,8.480210942987792,-0.2547150034061495,0.0016493529601939948,25.634699890774378,0.27725887222257806,0.2,0.0,Train007,10.0
100,1,3,0.00020833333333333335,0.0,6.098704556370341,4.437061851498,-6.097782578926986,-0.09217902746872579,6.098479265601427,0.688417887476683,0.6666273672899501,42.217709221857255,1.0986122886651097,0,0,3.0,0.00020833333333333335,0.0,7.4683121318598555,2.1831515073962193,-7.454477077979249,-0.27817313660192755,7.460115093556711,-0.022456415007393836,0.26752880901007464,45.27147698099221,1.0986122886651097,0.2,0.2,Train007,10.0
100,2,2,0.0001388888888888889,0.0,10.081835734472648,1.7507930240735412,-1.7569198588328563,0.09116214768710726,1.7592833562369052,-0.8457014135618568,0.9826127729994024,10.88092229510418,0.6931471805579453,0,0,1.4,9.722222222222222e-05,0.2,7.66465553331423,0.7935982675615149,2.816488292897768,0.17113791912610926,4.41126939776377,1.937367124896864,0.3935710832076074,4.006420280888436,0.27725887222257806,0.2,0.0,Train007,10.0
100,3,3,0.00020833333333333335,0.0,8.404567023289731,0.2791859906690434,8.397592087992733,-0.3253817886951928,8.403893513409878,1.6512464266489069,8.034646256371847e-05,32.23398143203455,1.0986122886651097,0,0,3.0,0.00020833333333333335,0.0,7.519748318321161,0.6201624072637092,7.505189333297065,-0.17548236861500857,7.507739112116629,0.8437340584133274,0.001639996430647428,32.92742093651397,1.0986122886651097,0.0,0.0,Train007,10.0
100,4,2,0.0001388888888888889,0.0,5.503537287278353,2.625949241083613,4.592522473162596,1.1185430890368842,4.726774937368571,-2.6168265950710867,0.18740662068394864,26.12637428529888,0.6931471805579453,0,0,2.0,0.0001388888888888889,0.0,6.259629378208671,1.0235300299958414,5.797834746738223,1.2005204182998814,5.921982106358423,-4.5051745444773985,0.07025838808483531,22.229150650862785,0.6931471805579453,0.0,0.0,Train007,10.0
100,5,0,0.0,0.0,0.0,0.0,0.0,0.0,0.0,0.0,0.0,0.0,0.0,0,0,0.0,0.0,0.0,0.0,0.0,0.0,0.0,0.0,0.0,0.0,0.0,0.0,0.0,0.0,Train007,10.0
101,0,2,0.0001388888888888889,0.0,8.988829199340142,0.5015680146489041,-8.933172005419724,-0.34552001086766276,8.939851573506388,-5.5342006798494925,0.005465785898960074,64.12827188821281,0.6931471805579453,0,0,1.6,0.00011111111111111112,0.2,8.598268200272503,0.34003629047340506,-8.569120542149296,-0.24201849441355475,8.572811220895446,-0.4358160851512135,0.00274251013998601,38.460354268416935,0.4158883083343672,0.2,0.0,Train007,10.0
101,1,3,0.00020833333333333335,0.0,5.763664272345494,4.2130309976957765,-5.76317768999827,-0.054698914417404425,5.763437260674592,-3.3504028402484596,0.6666714911773776,42.25302510563032,1.0986122886651097,0,0,3.0,0.00020833333333333335,0.0,6.797995934476928,2.867972311217053,-6.788714545894533,-0.2082162209469729,6.7926059032595605,0.23216501732646283,0.4005646444237855,44.25468598811502,1.0986122886651097,0.2,0.2,Train007,10.0
101,2,2,0.0001388888888888889,0.0,9.467899701750031,1.4951230487510445,-1.501550311911906,0.10001556262606276,1.504877553812984,-6.139360327226173,0.9817024335310996,11.507039805917353,0.6931471805579453,0,0,1.6,0.00011111111111111112,0.2,8.249993213008269,1.0926228773117237,1.2091049998715309,0.1358474307514667,3.404002647870398,1.4189801694723125,0.5899115699138273,6.307828242071906,0.4158883083343672,0.2,0.0,Train007,10.0
101,3,3,0.00020833333333333335,0.0,7.966405003543824,0.3587852994572865,7.95869775237635,-0.3233090073033323,7.965261993675025,-4.3816201974590845,0.00014687351485320743,32.12557865283705,1.0986122886651097,0,0,3.0,0.00020833333333333335,0.0,7.596658243643326,0.4944704686734281,7.5849727169552015,-0.22079205535286062,7.5887115014868485,0.7690992532216449,0.0011278565694882615,32.69422921918896,1.0986122886651097,0.0,0.0,Train007,10.0
101,4,2,0.0001388888888888889,0.0,5.136383921399759,2.567727501120694,4.132561117072127,1.0333955158398944,4.259808408660468,-3.6715336587859393,0.23593857749823344,26.781297428132056,0.6931471805579453,0,0,2.0,0.0001388888888888889,0.0,5.832026457885622,1.522348557713053,5.224933198034613,1.1385049466336088,5.3489681110563465,-4.276029203230491,0.11333481877618261,23.552438427108925,0.6931471805579453,0.0,0.0,Train007,10.0
101,5,0,0.0,0.0,0.0,0.0,0.0,0.0,0.0,0.0,0.0,0.0,0.0,0,0,0.0,0.0,0.0,0.0,0.0,0.0,0.0,0.0,0.0,0.0,0.0,0.0,0.0,0.0,Train007,10.0
102,0,2,0.0001388888888888889,0.0,8.267201210051047,0.4513339009774566,-8.213490494664086,-0.3290384469083881,8.220078613096177,-7.216279892890944,0.005717033632479551,64.13943670559244,0.6931471805579453,0,0,1.8,0.000125,0.2,8.688511473035536,0.4303030706688964,-8.648908827947142,-0.27786486423213885,8.653629974267506,-0.5573413882648927,0.0038859168664818976,51.28824160953543,0.5545177444461562,0.2,0.0,Train007,10.0
102,1,3,0.00020833333333333335,0.0,5.3079031543262145,3.8875036454569187,-5.307547619008837,-0.03847031720510897,5.307687037999908,-4.557611180192802,0.6666831762709421,42.27001677484509,1.0986122886651097,0,0,3.0,0.00020833333333333335,0.0,6.176009258729161,3.5034121870212283,-6.171028792149409,-0.14161038100432857,6.173305051008643,0.7154602336780433,0.5335911127395769,43.24160022446368,1.0986122886651097,0.2,0.2,Train007,10.0
102,2,2,0.0001388888888888889,0.0,8.688745975963297,1.3099900660191488,-1.316150131332348,0.09745052473639285,1.3197529211854602,-7.7915372578673425,0.9813456142895884,11.68657693102691,0.6931471805579453,0,0,1.8,0.000125,0.2,8.78117608306986,1.3546208905155535,-0.2597859507233011,0.10860390232868453,2.461386906976423,0.8774320731478552,0.786180692771745,8.645143628277289,0.5545177444461562,0.2,0.0,Train007,10.0
102,3,3,0.00020833333333333335,0.0,7.3445152333611,0.3647917705284665,7.336925197732974,-0.30350589930128213,7.343200064552219,-6.218897701827242,0.0001845667642403903,32.085840503063274,1.0986122886651097,0,0,3.0,0.00020833333333333335,0.0,7.666603134932261,0.38314015588886197,7.657416737470564,-0.2628818330396826,7.662286343565924,0.6994489128893513,0.0006318510030508762,32.4524445838912,1.0986122886651097,0.0,0.0,Train007,10.0
102,4,2,0.0001388888888888889,0.0,4.7146599794105715,2.3880156613427266,3.7295415370977305,0.9426950020483476,3.846836875125359,-4.217239419891872,0.2581123544710513,27.014619851445353,0.6931471805579453,0,0,2.0,0.0001388888888888889,0.0,5.439282186977489,1.979704740913237,4.68677812881941,1.0792870888734087,4.810588486090657,-3.9274427090813226,0.16077427688726503,24.91249120059834,0.6931471805579453,0.0,0.0,Train007,10.0
102,5,0,0.0,0.0,0.0,0.0,0.0,0.0,0.0,0.0,0.0,0.0,0.0,0,0,0.0,0.0,0.0,0.0,0.0,0.0,0.0,0.0,0.0,0.0,0.0,0.0,0.0,0.0,Train007,10.0
103,0,2,0.0001388888888888889,0.0,7.529669975220581,0.4074118390235455,-7.479784360741272,-0.30391746038772066,7.485956178466331,-7.3753123483046545,0.005822635802654963,64.14658218828079,0.6931471805579453,0,0,2.0,0.0001388888888888889,0.2,8.769325137955875,0.5117854384736055,-8.720002924493803,-0.3115554414233598,8.725700879836994,-0.6516374666918686,0.0050504440270128905,64.11755804719158,0.6931471805579453,0.2,0.0,Train007,10.0
103,1,3,0.00020833333333333335,0.0,4.837059364473138,3.5455872047936383,-4.836762837516098,-0.03057242544631913,4.836859458323597,-4.708437898530766,0.6666870186990512,42.27961303379819,1.0986122886651097,0,0,3.0,0.00020833333333333335,0.0,5.6074388230275725,4.084263152050284,-5.606418193226334,-0.08009150416761097,5.6072215586036815,1.2496226341398287,0.666613309907141,42.23137493008609,1.0986122886651097,0.2,0.2,Train007,10.0
103,2,2,0.0001388888888888889,0.0,7.898197730574399,1.1602777277794574,-1.1659865306112915,0.09107280885618194,1.1695378771463159,-7.905482453888979,0.9811990718536358,11.695550159616008,0.6931471805579453,0,0,2.0,0.0001388888888888889,0.2,9.260617003717842,1.586676436071445,-1.592417298773143,0.08580867343929524,1.5950958569387876,0.3600125790117524,0.9824205071424721,10.98425366020049,0.6931471805579453,0.2,0.0,Train007,10.0
103,3,3,0.00020833333333333335,0.0,6.69562401857332,0.3449038829335722,6.688509806878595,-0.2787290358630203,6.694314999471138,-6.488912147877783,0.0002020282575222465,32.072181578031035,1.0986122886651097,0,0,3.0,0.00020833333333333335,0.0,7.730110731878563,0.28304524555901966,7.723144141353406,-0.30137297762614673,7.729057759378973,0.6350759694630194,0.0001428739401210244,32.208171447002144,1.0986122886651097,0.0,0.0,Train007,10.0
103,4,2,0.0001388888888888889,0.0,4.291769562199235,2.1837857124620035,3.3699846681752517,0.8554900759121389,3.476875024173348,-4.228904172113364,0.26772252155516507,27.086368675862083,0.6931471805579453,0,0,2.0,0.0001388888888888889,0.0,5.082314139414676,2.395187434756386,4.192668989192771,1.0246033712585687,4.316236972243079,-3.5696804756281337,0.2101053509720093,26.28242066934474,0.6931471805579453,0.0,0.0,Train007,10.0
103,5,0,0.0,0.0,0.0,0.0,0.0,0.0,0.0,0.0,0.0,0.0,0.0,0,0,0.0,0.0,0.0,0.0,0.0,0.0,0.0,0.0,0.0,0.0,0.0,0.0,0.0,0.0,Train007,10.0
104,0,1,6.944444444444444e-05,-1.0,10.434080967128608,0.0,-10.424646782832012,0.4436046458116244,10.434080967128608,24.969991528844815,0.0,0.0,-1.000088900581841e-12,0,1,1.8,0.000125,-0.2,8.952406123813095,0.3843387134987988,-8.908245953447434,-0.17383059590242164,8.915197804090626,1.015986180525097,0.0043733675841111765,51.30440099346488,0.5545177444461562,0.0,0.2,Train007,10.0
104,1,3,0.00020833333333333335,0.0,8.051432845134327,0.7032940503506314,-3.2938978973191375,-0.22241103088583195,3.3013981923759417,32.14373480661189,0.6674158477930848,40.8387540105908,1.0986122886651097,0,0,3.0,0.00020833333333333335,0.0,6.011752838529903,3.357295549958993,-5.059833724553865,-0.08766634308467795,5.061572242995093,4.043140155023309,0.6668169802460812,41.971823629344335,1.0986122886651097,0.0,0.0,Train007,10.0
104,2,2,0.0001388888888888889,0.0,9.241298235065322,1.3686466829329311,-1.3619484959041763,-0.21441224104783552,1.3787227112827305,13.431005044909243,0.9817951904959439,16.13942616998571,0.6931471805579453,0,0,2.0,0.0001388888888888889,0.0,9.07559547556514,1.4169661099112247,-1.4205110657185156,0.03305776057158183,1.4264348839328789,-1.8502152815270183,0.9817310166339341,12.381903072330031,0.6931471805579453,0.0,0.0,Train007,10.0
104,3,3,0.00020833333333333335,0.0,8.823280933603172,0.27093123055343626,8.820718280534013,-0.15551183367956112,8.822089033497752,21.27656915029851,0.00013345280874299537,32.10957167835507,1.0986122886651097,0,0,3.0,0.00020833333333333335,0.0,7.84687844247423,0.3237196348283608,7.840488625102933,-0.27728751296847776,7.845751920921202,1.167677105956661,0.0001494535615845116,32.12543076886419,1.0986122886651097,0.0,0.0,Train007,10.0
104,4,2,0.0001388888888888889,0.0,5.729016458642358,1.9084617258048093,2.1579214418450983,1.069233382948035,2.408295035161873,14.372468964431231,0.7280724674303536,32.790900003676356,0.6931471805579453,0,0,2.0,0.0001388888888888889,0.0,5.075073441786055,2.334787968362769,3.5965062474705602,1.00387141315706,3.7437180560979235,-0.0724069762862051,0.3354505083277504,27.959912048882945,0.6931471805579453,0.0,0.0,Train007,10.0
104,5,0,0.0,0.0,0.0,0.0,0.0,0.0,0.0,0.0,0.0,0.0,0.0,0,0,0.0,0.0,0.0,0.0,0.0,0.0,0.0,0.0,0.0,0.0,0.0,0.0,0.0,0.0,Train007,10.0
105,0,1,6.944444444444444e-05,0.0,10.686562876441581,0.0,-10.678993453192687,0.40215039326981394,10.686562876441581,2.5248190931297287,1.1102230246251565e-16,0.0,-1.000088900581841e-12,0,0,1.6,0.00011111111111111112,-0.2,9.181268845636392,0.2720627509299812,-9.146017419369956,-0.02654417581646664,9.153306041727816,1.4738035401858909,0.00340109106681894,38.48285815641721,0.4158883083343671,0.0,0.2,Train007,10.0
105,1,3,0.00020833333333333335,0.0,8.120815656246856,0.49019860270126653,-3.1422382278576024,-0.27587924540743464,3.154325670988375,0.6938281111253038,0.6681480451589574,40.449862440001006,1.0986122886651097,0,0,3.0,0.00020833333333333335,0.0,6.416175058505206,2.567922900199646,-4.468724854339989,-0.12440638667241974,4.472741524072483,4.044222199753033,0.6671211158198826,41.61825427297308,1.0986122886651097,0.0,0.0,Train007,10.0
105,2,2,0.0001388888888888889,0.0,9.157560989721329,1.350730100358494,-1.341768138730472,-0.30720517854865276,1.3764871084900667,-0.8373724534399418,0.9707379910632248,17.7807585869929,0.6931471805579453,0,0,2.0,0.0001388888888888889,0.0,8.890740526614877,1.3369535251682152,-1.3374807216980389,-0.04661570467557017,1.3498756343835114,-1.8485494895026353,0.9793560602466984,13.761870330707776,0.6931471805579453,0.0,0.0,Train007,10.0
105,3,3,0.00020833333333333335,0.0,9.042613015377269,0.341158120763077,9.040434575043825,-0.10357829162286573,9.041027915460903,2.1933208177409704,0.00017655425940432679,32.12549246954706,1.0986122886651097,0,0,3.0,0.00020833333333333335,0.0,7.974487640891738,0.33611406084716755,7.969057122513151,-0.2329268135540123,7.973178801331407,1.2760919841750737,0.00016869512095263328,32.1037329763667,1.0986122886651097,0.0,0.0,Train007,10.0
105,4,2,0.0001388888888888889,0.0,6.147517868326818,1.4551693597959048,1.610933436679331,1.080315815479877,1.9396362541949541,4.185014096844599,0.7852857757662831,34.95233520316444,0.6931471805579453,0,0,2.0,0.0001388888888888889,0.0,5.203869557995748,2.100631992105227,3.0001884401739076,0.9962259584456585,3.1862903194632004,1.287961162096932,0.4550263393442173,29.725104232456054,0.6931471805579453,0.0,0.0,Train007,10.0
105,5,0,0.0,0.0,0.0,0.0,0.0,0.0,0.0,0.0,0.0,0.0,0.0,0,0,0.0,0.0,0.0,0.0,0.0,0.0,0.0,0.0,0.0,0.0,0.0,0.0,0.0,0.0,Train007,10.0
106,0,1,6.944444444444444e-05,0.0,10.144704852288454,0.0,-10.13816977093027,0.36407449215866494,10.144704852288454,-5.41858024153127,0.0,0.0,-1.000088900581841e-12,0,0,1.4,9.722222222222222e-05,-0.2,9.412443976226054,0.1717491480002004,-9.387016972472065,0.11537472478879889,9.39427669748423,1.4969276278495354,0.002307933887026925,25.657203778774647,0.27725887222257806,0.0,0.2,Train007,10.0
106,1,3,0.00020833333333333335,0.0,7.477758040715751,0.6787018034135043,-3.093814509594153,-0.278181032968195,3.1062956888999738,-6.430576155311056,0.6684814583399097,40.33496365654574,1.0986122886651097,0,0,3.0,0.00020833333333333335,0.0,6.758993812179257,1.861057061343192,-3.9348522182591656,-0.16910281038257785,3.941313209717559,3.428187536740514,0.6674831092523891,41.23464198315616,1.0986122886651097,0.0,0.0,Train007,10.0
106,2,2,0.0001388888888888889,0.0,8.583893519690657,1.2593468484055497,-1.2503208097344558,-0.3209292001731647,1.2908515324307488,-5.736674700306725,0.9666177868094251,18.34441419609074,0.6931471805579453,0,0,2.0,0.0001388888888888889,0.0,8.713939290203001,1.2897982850991163,-1.2872348212625488,-0.13080465723541565,1.3070704301070646,-1.7680123641187457,0.9763391309023636,15.129345208742453,0.6931471805579453,0.0,0.0,Train007,10.0
106,3,3,0.00020833333333333335,0.0,8.585819168190264,0.3522350945597638,8.583768333407628,-0.07944478610296565,8.584135965585034,-4.567938471870043,0.00019892980040936425,32.13264352781212,1.0986122886651097,0,0,3.0,0.00020833333333333335,0.0,8.098370473821024,0.334804019867663,8.094071238719406,-0.18415396931393896,8.096953595713408,1.238828329292882,0.00017910637806386464,32.10514595136171,1.0986122886651097,0.0,0.0,Train007,10.0
106,4,2,0.0001388888888888889,0.0,5.939733470051113,1.204311608293645,1.3265911547796976,1.020444550398835,1.6736639962604238,-2.077843982757055,0.8001787646763208,35.74135240766736,0.6931471805579453,0,0,2.0,0.0001388888888888889,0.0,5.364539467726019,1.8279488135398179,2.4389944477154217,0.9936357653574468,2.669061436983191,1.6066990973027089,0.5678743767798348,31.517115228363117,0.6931471805579453,0.0,0.0,Train007,10.0
106,5,0,0.0,0.0,0.0,0.0,0.0,0.0,0.0,0.0,0.0,0.0,0.0,0,0,0.0,0.0,0.0,0.0,0.0,0.0,0.0,0.0,0.0,0.0,0.0,0.0,0.0,0.0,Train007,10.0
107,0,1,6.944444444444444e-05,0.0,9.359061013196813,0.0,-9.353261969953317,0.32941397991818194,9.359061013196813,-7.856438390916409,1.1102230246251565e-16,0.0,-1.000088900581841e-12,0,0,1.2,8.333333333333333e-05,-0.2,9.630815936855209,0.0814823678047091,-9.614971267529913,0.24706521015411292,9.622073177504358,1.3688959282444422,0.001164527160531037,12.829316437656157,0.13862943611078898,0.0,0.2,Train007,10.0
107,1,3,0.00020833333333333335,0.0,6.724128064627308,0.8307022883768687,-2.9847931201359423,-0.2625917323778251,2.996321809806824,-7.536299760884422,0.6686250907580757,40.301566810602566,1.0986122886651097,0,0,3.0,0.00020833333333333335,0.0,7.042238794239476,1.249696789927182,-3.4703013184845863,-0.21392709341712107,3.479040164078943,2.83244982060219,0.6678714921498158,40.84095199030766,1.0986122886651097,0.0,0.0,Train007,10.0
107,2,2,0.0001388888888888889,0.0,7.875469550431005,1.149713111687444,-1.141230193251106,-0.3065393655354089,1.1816821639556077,-7.084239692596519,0.9649591793567305,18.5003476273475,0.6931471805579453,0,0,2.0,0.0001388888888888889,0.0,8.551284005096543,1.2577428942327753,-1.2522508336463003,-0.21160263528977602,1.279456278661094,-1.6265528510645808,0.9730618439157921,16.49209934800657,0.6931471805579453,0.0,0.0,Train007,10.0
107,3,3,0.00020833333333333335,0.0,7.921305420090763,0.33588496094021697,7.919401477409083,-0.06638278627015025,7.91967969268342,-6.645137480995008,0.00020885640257328753,32.136264347469286,1.0986122886651097,0,0,3.0,0.00020833333333333335,0.0,8.213728511166957,0.32902265795001306,8.210566494654628,-0.13672934670771258,8.21224952133965,1.1535803734593286,0.00018396430573044408,32.11523072024291,1.0986122886651097,0.0,0.0,Train007,10.0
107,4,2,0.0001388888888888889,0.0,5.518492705558083,1.04572651025258,1.1499893959945395,0.9394976823474581,1.4849685202172236,-4.212407644930294,0.8054226856709751,36.006038298818694,0.6931471805579453,0,0,2.0,0.0001388888888888889,0.0,5.525306012955521,1.5594909833217883,1.9230840194947834,0.9929963014172689,2.1966877660015642,1.6076654522950247,0.6773364430198197,33.31539891783778,0.6931471805579453,0.0,0.0,Train007,10.0
107,5,0,0.0,0.0,0.0,0.0,0.0,0.0,0.0,0.0,0.0,0.0,0.0,0,0,0.0,0.0,0.0,0.0,0.0,0.0,0.0,0.0,0.0,0.0,0.0,0.0,0.0,0.0,Train007,10.0
108,0,1,6.944444444444444e-05,0.0,8.535092372864513,0.0,-8.529889180342012,0.2979805101248293,8.535092372864513,-8.239686403322999,1.1102230246251565e-16,0.0,-1.000088900581841e-12,0,0,1.0,6.944444444444444e-05,-0.2,9.831900416383993,0.0,-9.824992231450059,0.36744480425662285,9.831900416383993,1.1960211172407735,6.661338147750939e-17,0.0,-1.000088900581841e-12,0.0,0.2,Train007,10.0
108,1,3,0.00020833333333333335,0.0,6.01352797487921,0.9084091820852613,-2.8240956896374505,-0.2417123857105843,2.834420812376795,-7.106000897480993,0.6686863092626949,40.295110110135894,1.0986122886651097,0,0,3.0,0.00020833333333333335,0.0,7.27753251632069,0.7222611853855064,-3.0677678889088575,-0.2561550854699741,3.0785524348895814,2.3529372208121444,0.6682713502625445,40.4440514055752,1.0986122886651097,0.0,0.0,Train007,10.0
108,2,2,0.0001388888888888889,0.0,7.163063438867585,1.0413059712451282,-1.0335206039080376,-0.2833185784069846,1.071650248715965,-7.12406111563419,0.9642708251387592,18.50566148547735,0.6931471805579453,0,0,2.0,0.0001388888888888889,0.0,8.40425714675518,1.2339485429259094,-1.2257576483056496,-0.2864809127424093,1.2598787529750237,-1.4702685834136233,0.9696761945728166,17.85412161317884,0.6931471805579453,0.0,0.0,Train007,10.0
108,3,3,0.00020833333333333335,0.0,7.223907160427186,0.31044301110547406,7.222163658040292,-0.057934191319480445,7.222396020299757,-6.973982596635771,0.00021312895102332252,32.13843121542637,1.0986122886651097,0,0,3.0,0.00020833333333333335,0.0,8.319385139537731,0.32213048358439345,8.31729726488697,-0.09257037779900464,8.317865725505374,1.0565662837077312,0.00018618444443065929,32.128480647721986,1.0986122886651097,0.0,0.0,Train007,10.0
108,4,2,0.0001388888888888889,0.0,5.047210883027638,0.9291317687662839,1.0211044775119604,0.8560203770059803,1.3324508395601071,-4.712818225304454,0.8074845808901839,36.073004302012826,0.6931471805579453,0,0,2.0,0.0001388888888888889,0.0,5.676394277121202,1.3085601945826446,1.4533079813621255,0.9931023616360373,1.7678029290789161,1.5108826416568066,0.7852888548868233,35.11272604306794,0.6931471805579453,0.0,0.0,Train007,10.0
108,5,0,0.0,0.0,0.0,0.0,0.0,0.0,0.0,0.0,0.0,0.0,0.0,0,0,0.0,0.0,0.0,0.0,0.0,0.0,0.0,0.0,0.0,0.0,0.0,0.0,0.0,0.0,Train007,10.0
109,0,1,6.944444444444444e-05,0.0,10.008957284556603,0.0,-10.00079640677837,0.40410042594324763,10.008957284556603,0.0,0.0,0.0,-1.000088900581841e-12,1,1,1.0,6.944444444444444e-05,0.0,9.746875679869593,0.0,-9.740222156239332,0.35954396028294755,9.746875679869593,-3.797977188528189,6.661338147750939e-17,0.0,-1.000088900581841e-12,0.2,0.2,Train007,10.0
109,1,3,0.00020833333333333335,0.0,8.349224933583587,0.44926992889350315,-3.201023542970552,-0.5208859437842692,3.243127177445216,23.356969587043775,0.6590701791084512,39.49258826192421,1.0986122886651097,0,0,3.0,0.00020833333333333335,0.0,7.337090934010543,0.6714563610940808,-3.0491930180391402,-0.31585006804966154,3.066898231903437,0.5955841768985216,0.6666022165256178,40.174818255841885,1.0986122886651097,0.0,0.0,Train007,10.0
109,2,2,0.0001388888888888889,0.0,10.187647470605334,1.0986072598488272,-1.0995923897035933,0.03755836910874372,1.1002336363628262,30.245840317377485,0.9940956306983227,26.569732563825376,0.6931471805579453,0,0,2.0,0.0001388888888888889,0.0,8.593526993863183,1.1799406583090888,-1.173286427065533,-0.23608679071109345,1.2041809379910426,1.8926984710800254,0.9721362826132924,19.940182891946773,0.6931471805579453,0.0,0.0,Train007,10.0
109,3,2,0.0001388888888888889,-1.0,8.780311711002081,0.330039903195666,8.777886225814495,-0.2047970567079159,8.780274963107935,17.014197933151753,4.191182525370429e-06,23.774094772122503,0.6931471805579453,0,1,2.8,0.00019444444444444446,-0.2,8.310791295017513,0.33395221811283937,8.308730853943064,-0.10242742240467559,8.30950291142741,0.20409204027837974,0.0001603321191871343,30.461385266475475,1.0175192670436768,0.0,0.2,Train007,10.0
109,4,2,0.0001388888888888889,0.0,6.610389113956561,0.2793637839626135,0.3258283655954548,0.7765934486699015,0.8421766491322449,15.631782309289228,0.8797041550161944,40.40858911873513,0.6931471805579453,0,0,2.0,0.0001388888888888889,0.0,5.852668808184044,0.9827406062142053,1.0868893661121968,0.9345743747804104,1.4545792518729908,1.762745310628406,0.8156151924039914,36.63626386607969,0.6931471805579453,0.0,0.0,Train007,10.0
109,5,0,0.0,0.0,0.0,0.0,0.0,0.0,0.0,0.0,0.0,0.0,0.0,0,0,0.0,0.0,0.0,0.0,0.0,0.0,0.0,0.0,0.0,0.0,0.0,0.0,0.0,0.0,Train007,10.0
110,0,1,6.944444444444444e-05,0.0,9.638427803933494,0.0,-9.626552149440412,0.4783139614755384,9.638427803933494,-3.7052948062310875,0.0,0.0,-1.000088900581841e-12,0,0,1.0,6.944444444444444e-05,0.0,9.537248665367976,0.0,-9.529733895488878,0.3747766739240924,9.537248665367974,-5.043999968400352,4.4408920985006264e-17,0.0,-1.000088900581841e-12,0.2,0.2,Train007,10.0
110,1,3,0.00020833333333333335,0.0,8.568344748852729,0.44447363541176016,-3.2492780052096957,-0.5664303818167215,3.2982799960865266,2.1911981526914146,0.6570543747801992,39.34490227190424,1.0986122886651097,0,0,3.0,0.00020833333333333335,0.0,7.426596752531718,0.6623113676361795,-3.0706009735095585,-0.3739602953315189,3.095689096923067,0.8950581852117437,0.6643834824498661,39.95382622222253,1.0986122886651097,0.0,0.0,Train007,10.0
110,2,2,0.0001388888888888889,0.0,10.63571120881036,1.0507269120593001,-1.0535323199056679,0.1465681050530462,1.0636787853974805,4.480637382050263,0.9843640717196286,29.582762016396146,0.6931471805579453,0,0,2.0,0.0001388888888888889,0.0,8.889157037680988,1.1199400206492498,-1.115639263300572,-0.14533213399075368,1.1416192733725254,2.956300438178066,0.9748614987445732,22.30058357782742,0.6931471805579453,0.0,0.0,Train007,10.0
110,3,2,0.0001388888888888889,0.0,8.85433130559262,0.5254495641853092,8.851006131952644,-0.24126283534947615,8.854293721330018,0.7401959459053842,4.2597333781424496e-06,24.282481563144902,0.6931471805579453,0,0,2.6,0.00018055555555555557,-0.2,8.273134953060582,0.37081050679728583,8.270845165324827,-0.12996433114999767,8.272156072601232,-0.08653293408873752,0.00012587321398189745,28.89278308519504,0.9364262454222441,0.0,0.2,Train007,10.0
110,4,2,0.0001388888888888889,0.0,6.770728439525795,0.030450151966254335,0.06563840329633086,0.7032591420892276,0.7063156666246106,1.6033932556923425,0.8957769268109133,42.03238124864556,0.6931471805579453,0,0,2.0,0.0001388888888888889,0.0,5.977310922423838,0.6977967646482753,0.7778303594355966,0.8591630401022805,1.2079151343589218,1.2464211423979545,0.8377134226129174,38.05227307517591,0.6931471805579453,0.0,0.0,Train007,10.0
110,5,0,0.0,0.0,0.0,0.0,0.0,0.0,0.0,0.0,0.0,0.0,0.0,0,0,0.0,0.0,0.0,0.0,0.0,0.0,0.0,0.0,0.0,0.0,0.0,0.0,0.0,0.0,Train007,10.0
111,0,1,6.944444444444444e-05,0.0,8.962360138420262,0.0,-8.949786362561769,0.47457698558594086,8.962360138420262,-6.760676655132318,0.0,0.0,-1.000088900581841e-12,0,0,1.0,6.944444444444444e-05,0.0,9.300779722594337,0.0,-9.292057213815177,0.3968771726095476,9.300779722594338,-5.312419251120562,4.4408920985006264e-17,0.0,-1.000088900581841e-12,0.2,0.2,Train007,10.0
111,1,3,0.00020833333333333335,0.0,8.085378342395847,0.4885942191102377,-3.1287031186427416,-0.5394240886538046,3.174864021029059,-4.829664064568811,0.6564284345437977,39.31675683007247,1.0986122886651097,0,0,3.0,0.00020833333333333335,0.0,7.548120812867737,0.6242898507755262,-3.0775786953192763,-0.42620890646864085,3.1094027633488843,1.2152406033601926,0.6619728776906437,39.75018485692787,1.0986122886651097,0.0,0.0,Train007,10.0
111,2,2,0.0001388888888888889,0.0,10.16245541919476,0.9698810566755531,-0.9730434755809574,0.17571799356762552,0.9887822908173979,-4.732557896155987,0.9809798805028899,30.659343276966375,0.6931471805579453,0,0,2.0,0.0001388888888888889,0.0,9.204869417581808,1.0620468623032506,-1.0601837964698724,-0.046002695242595634,1.0812054250498555,3.157123799008214,0.9777339174832662,24.76356939400255,0.6931471805579453,0.0,0.0,Train007,10.0
111,3,2,0.0001388888888888889,0.0,8.358357377988426,0.5625618051279115,8.354815413473279,-0.23970169089381832,8.358253256143177,-4.959739276041928,1.2513902228783458e-05,24.47296963266352,0.6931471805579453,0,0,2.4,0.00016666666666666666,-0.2,8.227642595020216,0.41287584891091533,8.22505458133796,-0.16201571210816818,8.226979530712862,-0.16489309492311435,8.859003434578128e-05,27.360848306165316,0.8553332238008112,0.0,0.2,Train007,10.0
111,4,2,0.0001388888888888889,0.0,6.427936617900706,0.0581091070435078,-0.028362110903204396,0.6363651483264867,0.6369968691755691,-3.427918216250898,0.901310975455677,42.60940863848356,0.6931471805579453,0,0,2.0,0.0001388888888888889,0.0,6.074951551993757,0.4685562643982479,0.5068397062990162,0.7823471596878109,1.000581708941951,0.9764062956991857,0.8579398647687887,39.425884321339154,0.6931471805579453,0.0,0.0,Train007,10.0
111,5,0,0.0,0.0,0.0,0.0,0.0,0.0,0.0,0.0,0.0,0.0,0.0,0,0,0.0,0.0,0.0,0.0,0.0,0.0,0.0,0.0,0.0,0.0,0.0,0.0,0.0,0.0,Train007,10.0
112,0,1,6.944444444444444e-05,0.0,8.198880367880916,0.0,-8.186775359735627,0.44536333038170406,8.198880367880916,-7.6347977053934635,0.0,0.0,-1.000088900581841e-12,0,0,1.0,6.944444444444444e-05,0.0,9.068743593531158,0.0,-9.05875989177164,0.42006704270225204,9.068743593531158,-5.268091114015973,2.2204460492503132e-17,0.0,-1.000088900581841e-12,0.2,0.2,Train007,10.0
112,1,3,0.00020833333333333335,0.0,7.408495489051744,0.5173055740292493,-2.9351896702393176,-0.4929991455884794,2.9763041776388657,-6.768828533441028,0.6561979236569474,39.308028790347144,1.0986122886651097,0,0,3.0,0.00020833333333333335,0.0,7.684994297752624,0.5616105079060023,-3.0676580053399514,-0.4722903891107717,3.1053992369152925,1.3687348488488715,0.659487444270418,39.55147725287679,1.0986122886651097,0.0,0.0,Train007,10.0
112,2,2,0.0001388888888888889,0.0,9.397998200927695,0.8831115718346991,-0.8861970177791942,0.17546517176274004,0.9034008970675562,-7.644572182670668,0.9796517345417519,31.000092616483848,0.6931471805579453,0,0,2.0,0.0001388888888888889,0.0,9.509375147681148,1.0087265543327015,-1.00917716137549,0.05039821221703415,1.0255491716722451,3.045057300993384,0.9806724285202705,27.26351839182982,0.6931471805579453,0.0,0.0,Train007,10.0
112,3,2,0.0001388888888888889,0.0,7.693764212870525,0.5424232536198303,7.690342265789008,-0.2250370482902368,7.693634111269134,-6.645931651179016,1.6994477838538913e-05,24.541884522808502,0.6931471805579453,0,0,2.2,0.00015277777777777777,-0.2,8.182134353576169,0.45418350744683805,8.179242739013944,-0.1937465645121855,8.181770414430003,-0.1650519289599158,5.0217649398831554e-05,25.841972341233163,0.7742402021793783,0.0,0.2,Train007,10.0
112,4,2,0.0001388888888888889,0.0,5.930288823237507,0.08538478991505993,-0.05921033917892604,0.575651174934168,0.5786882921476565,-4.976477946631985,0.9034762441006707,42.78802376060481,0.6931471805579453,0,0,2.0,0.0001388888888888889,0.0,6.157310775529641,0.2764879203307439,0.2649997592643231,0.7095778582051528,0.8193256633280376,0.8235922353588476,0.8775505764547278,40.782281413696374,0.6931471805579453,0.0,0.0,Train007,10.0
112,5,0,0.0,0.0,0.0,0.0,0.0,0.0,0.0,0.0,0.0,0.0,0.0,0,0,0.0,0.0,0.0,0.0,0.0,0.0,0.0,0.0,0.0,0.0,0.0,0.0,0.0,0.0,Train007,10.0
113,0,1,6.944444444444444e-05,0.0,7.447121224980649,0.0,-7.4358921343670294,0.40880644028174473,7.447121224980649,-7.517591429002666,0.0,0.0,-1.000088900581841e-12,0,0,1.0,6.944444444444444e-05,0.0,8.851149363954384,0.0,-8.839960482576641,0.44223222873363516,8.851149363954386,-5.123672119151907,0.0,0.0,-1.000088900581841e-12,0.2,0.2,Train007,10.0
113,1,3,0.00020833333333333335,0.0,6.715247323443926,0.5256008199628106,-2.716804790192207,-0.44448461218995766,2.752924778936936,-6.932481656078186,0.6561068968647608,39.30313501808549,1.0986122886651097,0,0,3.0,0.00020833333333333335,0.0,7.825338167465567,0.4850488354815122,-3.046199825450903,-0.5128448344066463,3.0891000302273204,1.403438697129433,0.6569715617908314,39.35308223446671,1.0986122886651097,0.0,0.0,Train007,10.0
113,2,2,0.0001388888888888889,0.0,8.577976768036343,0.7998675843098857,-0.8027423825158109,0.16503331101410829,0.8195311625749443,-8.2002143289135,0.9791060934839692,31.065417106573474,0.6931471805579453,0,0,2.0,0.0001388888888888889,0.0,9.792357813514899,0.9604388769456531,-0.9630215170970449,0.14006859010125275,0.9751253544440409,2.8298266583375224,0.9836394821893124,29.775469516049043,0.6931471805579453,0.0,0.0,Train007,10.0
113,3,2,0.0001388888888888889,0.0,7.00982686798215,0.5035614307084186,7.006646150542087,-0.20668965267353134,7.00969406546595,-6.83937344888375,1.9043466454427005e-05,24.56454350937535,0.6931471805579453,0,0,2.0,0.0001388888888888889,-0.2,8.139318295087161,0.49280719136742696,8.136139237514303,-0.22349765678299569,8.139230023463243,-0.13813009940951151,1.1400552485052451e-05,24.327194800022955,0.6931471805579453,0.0,0.2,Train007,10.0
113,4,2,0.0001388888888888889,0.0,5.408186532802853,0.08975960349616052,-0.06635729213776909,0.5206616839416703,0.5248732031117925,-5.221022904346535,0.9043648906633759,42.81772184497083,0.6931471805579453,0,0,2.0,0.0001388888888888889,0.0,6.229505905484684,0.10861348727671923,0.04750740533437723,0.6425061195922909,0.6578101360383747,0.7219512995504314,0.8969266384093663,42.131224922287984,0.6931471805579453,0.0,0.0,Train007,10.0
113,5,0,0.0,0.0,0.0,0.0,0.0,0.0,0.0,0.0,0.0,0.0,0.0,0,0,0.0,0.0,0.0,0.0,0.0,0.0,0.0,0.0,0.0,0.0,0.0,0.0,0.0,0.0,Train007,10.0
114,0,2,0.0001388888888888889,1.0,9.538000477995743,1.2947379900821545,-9.523732823974505,0.246906690481736,9.526932865106904,7.96141262932939,0.0011821665011466642,60.86695797303691,0.6931471805579453,1,0,1.2,8.333333333333333e-05,0.2,8.756958002642213,0.2589475980164309,-8.744547766015867,0.41079348164133284,8.754744480064446,-3.531389593286028,0.00023643330022933285,12.173391594607383,0.13862943611078898,0.2,0.0,Train007,10.0
114,1,3,0.00020833333333333335,0.0,9.207581973873307,1.0397846577777439,-4.049879401929853,-0.08815000121703125,4.050838628344786,24.923346504293807,0.6660746364852943,39.607257174602374,1.0986122886651097,0,0,3.0,0.00020833333333333335,0.0,7.997009575523511,0.6031517812583603,-3.2159709972427626,-0.42629764589319874,3.250642320407235,1.7167140805794396,0.6583724532661999,39.37601601700235,1.0986122886651097,0.0,0.0,Train007,10.0
114,2,2,0.0001388888888888889,0.0,9.563080765395458,1.031412332652721,-1.0239711026299627,-0.2911986825083663,1.064571975826825,9.85103997359114,0.9722705112822945,34.963246047873696,0.6931471805579453,0,0,2.0,0.0001388888888888889,0.0,9.667444472472923,0.9469998915064318,-0.9478972596823187,0.07431717977783073,0.9679930223368409,-1.2491334104197467,0.9792744583061068,31.45417221285871,0.6931471805579453,0.0,0.0,Train007,10.0
114,3,2,0.0001388888888888889,0.0,8.45957065662769,0.4620706346489407,8.454970723960802,0.03642529319755258,8.455049186434032,4.841117232881809,0.000536079665741096,51.662995696125904,0.6931471805579453,1,1,2.0,0.0001388888888888889,0.0,8.075170084212283,0.5192133376580819,8.071556137143563,-0.175253186801902,8.074184868128462,-2.5727462394635,0.00011777824912819756,29.90497498482364,0.6931471805579453,0.2,0.2,Train007,10.0
114,4,2,0.0001388888888888889,0.0,7.684948989287324,0.07669879876235841,0.08187739340198386,0.17629903785986248,0.19438430569522955,22.767624564844716,0.9767569370674184,48.780491563639316,0.6931471805579453,0,0,2.0,0.0001388888888888889,0.0,6.444417880550837,0.0680804902366682,-0.0012827891043169614,0.5224472374302831,0.5282516673509716,2.149119750661529,0.9163371948196112,43.805605411268814,0.6931471805579453,0.0,0.0,Train007,10.0
114,5,0,0.0,0.0,0.0,0.0,0.0,0.0,0.0,0.0,0.0,0.0,0.0,0,0,0.0,0.0,0.0,0.0,0.0,0.0,0.0,0.0,0.0,0.0,0.0,0.0,0.0,0.0,Train007,10.0
115,0,2,0.0001388888888888889,0.0,9.200608516959003,1.1685975468836975,-9.183584781229143,0.26172703091328536,9.18731356125033,-3.373919610367402,0.001468719298033383,60.92098617225587,0.6931471805579453,0,0,1.4,9.722222222222222e-05,0.2,8.669394145247313,0.49266710739317043,-8.655954292373613,0.36747609552888216,8.664521631527812,-3.465114554113291,0.0005301771598360094,24.357588829058557,0.27725887222257806,0.2,0.0,Train007,10.0
115,1,3,0.00020833333333333335,0.0,9.50665046704898,1.216268010345923,-4.303638446677802,0.03961847817527157,4.303820802907138,2.9906849317567374,0.6669263685248904,39.779045084706944,1.0986122886651097,0,0,3.0,0.00020833333333333335,0.0,8.18467071916276,0.7575106562451929,-3.426843085536384,-0.3050878738948002,3.451750481771357,1.8766114363925042,0.6603468520151381,39.46284457956288,1.0986122886651097,0.0,0.0,Train007,10.0
115,2,2,0.0001388888888888889,0.0,9.345316147486223,1.0517282733368791,-1.039281872690946,-0.4322121594595163,1.1255728149207664,-2.1776461790923562,0.9568190424006882,36.38416859961434,0.6931471805579453,0,0,2.0,0.0001388888888888889,0.0,9.409365460208097,0.9472001637619476,-0.9450471702393741,-0.041438873124681766,0.980371828241498,-2.5807901226482706,0.9737654524423187,32.81445352950235,0.6931471805579453,0.0,0.0,Train007,10.0
115,3,2,0.0001388888888888889,0.0,8.101367365526823,0.40694830262175685,8.096792066582648,0.050216165890726805,8.096947784986172,-3.58203291100867,0.0005469155212868282,51.59161486957249,0.6931471805579453,0,0,2.0,0.0001388888888888889,0.0,7.924577296199123,0.4955130853453714,7.920713324069565,-0.11695738655386138,7.922715680859693,-3.437192010846311,0.00022630940670993472,35.36680164610915,0.6931471805579453,0.2,0.2,Train007,10.0
115,4,2,0.0001388888888888889,0.0,8.028623162797828,0.12739814493350954,0.12860844460106335,0.04641447443519489,0.1367275958239599,3.4367417351050378,0.9938163198942492,51.01734160065704,0.6931471805579453,0,0,2.0,0.0001388888888888889,0.0,6.695996825205244,0.08747008883011924,0.011311219156629537,0.39107830389947656,0.41433405319084154,2.515789446544068,0.9359450734362783,45.60259748167111,0.6931471805579453,0.0,0.0,Train007,10.0
115,5,0,0.0,0.0,0.0,0.0,0.0,0.0,0.0,0.0,0.0,0.0,0.0,0,0,0.0,0.0,0.0,0.0,0.0,0.0,0.0,0.0,0.0,0.0,0.0,0.0,0.0,0.0,Train007,10.0
116,0,2,0.0001388888888888889,0.0,8.55210253148276,1.0687519286665443,-8.535056680408998,0.2514791254234058,8.538760699792329,-6.485059854762438,0.001584834811013791,60.92670732543001,0.6931471805579453,0,0,1.6,0.00011111111111111112,0.2,8.587342623859815,0.7064174931264793,-8.57300835594306,0.3228565234963752,8.579801743802225,-3.4099911940393155,0.0008471441220387676,36.54293029414456,0.4158883083343672,0.2,0.0,Train007,10.0
116,1,3,0.00020833333333333335,0.0,9.033929665683473,1.2304320862416531,-4.155204985885482,0.0814716194716511,4.1560036212095515,-4.727208013655068,0.6670688474519748,39.91206496927386,1.0986122886651097,0,0,3.0,0.00020833333333333335,0.0,8.374380983820284,0.905878229671476,-3.6321434589849324,-0.18090873226970902,3.6479784018074555,1.897102646575253,0.6624749345967735,39.581906207403165,1.0986122886651097,0.0,0.0,Train007,10.0
116,2,2,0.0001388888888888889,0.0,8.71908332000806,0.9963180978699815,-0.9826629688341377,-0.45560832252180333,1.0831460907324797,-6.262328274781628,0.9509443750335416,36.861892872815794,0.6931471805579453,0,0,2.0,0.0001388888888888889,0.0,9.120691040370755,0.9524875720008332,-0.9469710688900104,-0.16770413634256753,0.9992445882245142,-2.886744198373399,0.9677583513484491,34.05496344867223,0.6931471805579453,0.0,0.0,Train007,10.0
116,3,2,0.0001388888888888889,0.0,7.509809441021407,0.3738306214060647,7.505506513484917,0.052157707782097884,7.50568774000395,-5.9155792450541655,0.000550206046297852,51.58244294181468,0.6931471805579453,0,0,2.0,0.0001388888888888889,0.0,7.754867708805719,0.4577668486010021,7.750851544071892,-0.058585506818678156,7.752202577631847,-3.6283600046487585,0.0003338478355237484,40.78869630793938,0.6931471805579453,0.2,0.2,Train007,10.0
116,4,2,0.0001388888888888889,0.0,7.675415045564894,0.1373087878026329,0.13731452572102087,-0.0013924217838745395,0.13732158538413802,-3.5320811723293444,0.9997557098975702,51.818665759179666,0.6931471805579453,0,0,2.0,0.0001388888888888889,0.0,6.945492510738082,0.10331002498194426,0.04444654648147459,0.26352678987740424,0.31439899643255526,2.494956855328379,0.9556340203246568,47.44444890581034,0.6931471805579453,0.0,0.0,Train007,10.0
116,5,0,0.0,0.0,0.0,0.0,0.0,0.0,0.0,0.0,0.0,0.0,0.0,0,0,0.0,0.0,0.0,0.0,0.0,0.0,0.0,0.0,0.0,0.0,0.0,0.0,0.0,0.0,Train007,10.0
117,0,2,0.0001388888888888889,0.0,7.821941315547035,0.9714468508197092,-7.805884465075583,0.23302215439725715,7.809361792524935,-7.301612159357234,0.001633450744149334,60.93175271899573,0.6931471805579453,0,0,1.8,0.000125,0.2,8.511954813393038,0.9007068632904212,-8.496830177011052,0.2803882882994858,8.501898028731029,-3.343354084832069,0.0011738342708686345,48.729280837943705,0.5545177444461562,0.2,0.0,Train007,10.0
117,1,3,0.00020833333333333335,0.0,8.326750055189379,1.1783402547068156,-3.869941833523002,0.09127769908367749,3.871018136511554,-7.071796104940934,0.6671024793836842,39.958472270189134,1.0986122886651097,0,0,3.0,0.00020833333333333335,0.0,8.558031897047814,1.0380851658069892,-3.819093891641669,-0.06405336333527765,3.826921193581993,1.8365091322752716,0.6646558457421209,39.71199490337156,1.0986122886651097,0.0,0.0,Train007,10.0
117,2,2,0.0001388888888888889,0.0,7.987730422301545,0.9179422835139208,-0.9046447631549492,-0.436842197618281,1.0045960646566576,-7.313528977065151,0.9485607414785917,36.984190600812525,0.6931471805579453,0,0,2.0,0.0001388888888888889,0.0,8.838637484645526,0.9594537143366775,-0.9506606179651612,-0.29016561021877174,1.0194836217423346,-2.8205355572522954,0.9615401527358169,35.25178304553797,0.6931471805579453,0.0,0.0,Train007,10.0
117,3,2,0.0001388888888888889,0.0,6.861697832051593,0.33988292543521315,6.857741658441908,0.04975244016835953,6.857922131318806,-6.481116089698129,0.0005516112858533484,51.580187388258906,0.6931471805579453,0,0,2.0,0.0001388888888888889,0.0,7.588454432641933,0.41725878296407864,7.584331422602472,-0.0036276091269588973,7.585060181641782,-3.595396892352581,0.0004407711971267103,46.196356881029466,0.6931471805579453,0.2,0.2,Train007,10.0
117,4,2,0.0001388888888888889,0.0,7.1007228081751865,0.1326695692023474,0.13228935007028886,-0.017900842633425673,0.13349498982735683,-5.7469223738970765,0.9979122137671445,52.07339047690111,0.6931471805579453,0,0,2.0,0.0001388888888888889,0.0,7.179579307725616,0.11276698083940176,0.08274648433131757,0.14481638636388555,0.2253603359684954,2.3408679698753607,0.9745212142579517,49.30152224906959,0.6931471805579453,0.0,0.0,Train007,10.0
117,5,0,0.0,0.0,0.0,0.0,0.0,0.0,0.0,0.0,0.0,0.0,0.0,0,0,0.0,0.0,0.0,0.0,0.0,0.0,0.0,0.0,0.0,0.0,0.0,0.0,0.0,0.0,Train007,10.0
118,0,2,0.0001388888888888889,0.0,7.105143579901492,0.878991761081954,-7.0903771849129615,0.21287024635704307,7.093571904627341,-7.167977356455433,0.0016539676300305617,60.940262647744696,0.6931471805579453,0,0,2.0,0.0001388888888888889,0.2,8.443559284377207,1.076505215506812,-8.427727187120237,0.2412010495145455,8.431188164660366,-3.2734312703226225,0.0015046277968747469,60.917333367492645,0.6931471805579453,0.2,0.0,Train007,10.0
118,1,3,0.00020833333333333335,0.0,7.583197352891631,1.1015318413700044,-3.5506079520901075,0.0894216684734922,3.55173381100528,-7.4355270229774995,0.6671126517513666,39.964352865045704,1.0986122886651097,0,0,3.0,0.00020833333333333335,0.0,8.731621902937354,1.153271370088428,-3.9858545240212493,0.04272789279741231,3.9866829999956614,1.735900058895409,0.6668569967194421,39.8442384727636,1.0986122886651097,0.0,0.0,Train007,10.0
118,2,2,0.0001388888888888889,0.0,7.263051724192984,0.8363285488333783,-0.8239352623704059,-0.4045658339076472,0.9179013185211031,-7.246786981085607,0.9475681522477136,36.975959804333975,0.6931471805579453,0,0,2.0,0.0001388888888888889,0.0,8.575652475876854,0.9667459072413761,-0.9548991939360804,-0.40408543920312284,1.0391576529315665,-2.629850087686717,0.955232564488566,36.433891585090066,0.6931471805579453,0.0,0.0,Train007,10.0
118,3,2,0.0001388888888888889,0.0,6.230891889781235,0.30639941273098215,6.22729007235295,0.04592449891660795,6.227459410130776,-6.308059422703578,0.0005522166377492921,51.57713694052941,0.6931471805579453,0,0,2.0,0.0001388888888888889,0.0,7.43266743700175,0.3778263793685913,7.428460206964644,0.04689522119106896,7.428613250574747,-3.489134087116547,0.0005474058313856833,51.59887556726028,0.6931471805579453,0.2,0.2,Train007,10.0
118,4,2,0.0001388888888888889,0.0,6.482976146541736,0.12326910812395342,0.12278221197933625,-0.022575552689801104,0.12484040675113427,-6.177466616334502,0.9969538227251982,52.12327733676427,0.6931471805579453,0,0,2.0,0.0001388888888888889,0.0,7.394537230473394,0.11946888176496033,0.12057438515473864,0.036168939037591254,0.1453537766963637,2.149579227477767,0.993039000670316,51.162633347428276,0.6931471805579453,0.0,0.0,Train007,10.0
118,5,0,0.0,0.0,0.0,0.0,0.0,0.0,0.0,0.0,0.0,0.0,0.0,0,0,0.0,0.0,0.0,0.0,0.0,0.0,0.0,0.0,0.0,0.0,0.0,0.0,0.0,0.0,Train007,10.0
119,0,2,0.0001388888888888889,0.0,9.686359129157106,1.09917199498463,-9.67752124692984,0.3415066775636382,9.683545027292382,25.812155492556137,0.0002943125220150611,60.31111221302525,0.6931471805579453,0,0,2.0,0.0001388888888888889,0.0,8.473231014609478,1.037392016487307,-8.458484871711306,0.2601210469309259,8.462510597097463,0.2967173023227275,0.001327057001048426,60.80616421549031,0.6931471805579453,0.0,0.0,Train007,10.0
119,1,2,0.0001388888888888889,-1.0,9.057208214197644,0.16630724275546704,-0.1725757067480611,0.33827787816031424,0.37975557588037756,17.6232773567462,0.9622995476967743,15.981763073911328,0.6931471805579453,0,1,2.8,0.00019444444444444446,-0.2,8.70154715100222,0.9785758870839725,-3.210393784984891,0.1280134686728814,3.25246638950278,0.2758862293858876,0.726101978961738,35.11913965262539,1.0175192670436768,0.0,0.2,Train007,10.0
119,2,2,0.0001388888888888889,0.0,9.3761276626383,0.8907743478751993,-0.896363120373846,-0.2218488943220237,0.923408780269195,21.130759384453157,0.9739310271397676,43.05086953979497,0.6931471805579453,0,0,2.0,0.0001388888888888889,0.0,8.538261855325423,0.9386183102858718,-0.929377597484857,-0.39021548156585434,1.0109250138200405,-0.3739062055143137,0.9555646676600607,38.051416283474325,0.6931471805579453,0.0,0.0,Train007,10.0
119,3,3,0.00020833333333333335,1.0,9.29736606086608,0.8427327820373709,9.288297519759965,0.0011510170128703756,9.288297591077672,25.255755191789085,0.0010290657069939035,31.29883875697134,1.0986122886651097,1,0,2.2,0.00015277777777777777,0.2,7.600226517849427,0.4539588088462773,7.595125566124477,0.03984036595413252,7.595262931503475,0.5937935046649088,0.0006460030396362448,47.52604417942936,0.7742402021793782,0.2,0.0,Train007,10.0
119,4,2,0.0001388888888888889,0.0,8.537426166066172,1.0656710991278078,-1.0661780449771716,-0.022868248836218526,1.0664232651232712,20.544500195244368,0.9952723743345984,57.834174010184874,0.6931471805579453,0,0,2.0,0.0001388888888888889,0.0,7.565032665829163,0.3172633418380502,-0.10903670252109246,-0.003664518301624946,0.319761568581972,1.7049543535576972,0.9967420881237521,52.97336983673739,0.6931471805579453,0.0,0.0,Train007,10.0
119,5,0,0.0,0.0,0.0,0.0,0.0,0.0,0.0,0.0,0.0,0.0,0.0,0,0,0.0,0.0,0.0,0.0,0.0,0.0,0.0,0.0,0.0,0.0,0.0,0.0,0.0,0.0,Train007,10.0
120,0,2,0.0001388888888888889,0.0,10.00999874787709,1.1098253807378544,-10.002027872512333,0.36593000291541905,10.008719514980289,3.236396187199837,0.0001293860941907754,60.07935838562667,0.6931471805579453,0,0,2.0,0.0001388888888888889,0.0,8.635109060793097,1.0256375832581384,-8.622173489967944,0.28096164133135265,8.626791787843455,1.618780461836175,0.0010591903602799047,60.63783865816447,0.6931471805579453,0.0,0.0,Train007,10.0
120,1,2,0.0001388888888888889,0.0,9.120291431253523,0.20240837467570838,0.18970111143541946,0.36811647355323984,0.4141210569158571,0.6308321705587883,0.9603768856799749,17.52154162899591,0.6931471805579453,0,0,2.6,0.00018055555555555557,-0.2,8.62427534384313,0.7758039599499297,-2.3117258733622466,0.19371306774847508,2.474526440304524,-0.19608432285370228,0.784792082392755,30.667638961483185,0.936426245422244,0.0,0.2,Train007,10.0
120,2,2,0.0001388888888888889,0.0,9.56288092688689,0.8619350347167725,-0.8682209520167161,-0.14541528175246218,0.8803142766580357,1.8675326424859051,0.9812110930420199,45.31453116773987,0.6931471805579453,0,0,2.0,0.0001388888888888889,0.0,8.581774811205557,0.9006596625618505,-0.895165413350011,-0.3328561060244435,0.9618733061674943,0.43512955880133897,0.9604430777883269,39.837488797099425,0.6931471805579453,0.0,0.0,Train007,10.0
120,3,3,0.00020833333333333335,0.0,9.424669488115953,0.5705242379831282,9.413437553187537,0.001639758561912776,9.413437696005083,1.2730342724987231,0.0012274450447647967,31.72756987250979,1.0986122886651097,0,0,2.4,0.00016666666666666666,0.2,7.864886942367254,0.48667399591855165,7.858454663445455,0.030125084488369713,7.858560913707258,1.564806941366387,0.0007821089443318385,43.55323518001682,0.855333223800811,0.2,0.0,Train007,10.0
120,4,2,0.0001388888888888889,0.0,8.747449312585893,1.415457124987416,-1.4159134249127732,-0.02162296210944254,1.4160785216006229,2.1002314651972,0.9951406800261731,59.96227205238589,0.6931471805579453,0,0,2.0,0.0001388888888888889,0.0,7.708797895786776,0.5748751378488315,-0.41794107642385975,-0.01727200561055243,0.5756317537373047,1.4376522995761296,0.9970069601501368,54.76235592708316,0.6931471805579453,0.0,0.0,Train007,10.0
120,5,0,0.0,0.0,0.0,0.0,0.0,0.0,0.0,0.0,0.0,0.0,0.0,0,0,0.0,0.0,0.0,0.0,0.0,0.0,0.0,0.0,0.0,0.0,0.0,0.0,0.0,0.0,Train007,10.0
121,0,2,0.0001388888888888889,0.0,9.530486000094273,1.0469758188651532,-9.523133341065996,0.3527668069981523,9.529664897143157,-4.795127477828167,8.720790179528315e-05,59.99888208110865,0.6931471805579453,0,0,2.0,0.0001388888888888889,0.0,8.8307857545154,1.02128236129786,-8.819788822099344,0.30121917764630196,8.824972627313619,1.9567669372230292,0.0007596649784362031,60.4522736093002,0.6931471805579453,0.0,0.0,Train007,10.0
121,1,2,0.0001388888888888889,0.0,8.593788162546527,0.30689462878488616,0.292650885688416,0.3555622914428583,0.4605095916376883,-5.2650326870699615,0.9600219772951323,18.083442900759103,0.6931471805579453,0,0,2.4,0.00016666666666666666,-0.2,8.536247043215742,0.5910964684585763,-1.4221546990474672,0.24853120214271648,1.7354276343901514,-0.3036492575366809,0.8433827083613863,26.301914547780235,0.855333223800811,0.0,0.2,Train007,10.0
121,2,2,0.0001388888888888889,0.0,9.064685174316082,0.8013873543190746,-0.8070285416733629,-0.1103425115386665,0.8145370077093462,-4.981957525708074,0.9838557151254302,46.11355283345959,0.6931471805579453,0,0,2.0,0.0001388888888888889,0.0,8.65089518206716,0.8616735138516691,-0.8600385279178561,-0.2638029438278161,0.9081514895628675,0.6912037086160499,0.9670253458067046,41.687820789228184,0.6931471805579453,0.0,0.0,Train007,10.0
121,3,3,0.00020833333333333335,0.0,8.919252643222089,0.4647634100542283,8.907895383897626,0.0015416821036129448,8.90789551730645,-5.0541684489386185,0.0013010526594221528,31.882810080406827,1.0986122886651097,0,0,2.6,0.00018055555555555557,0.2,8.14677558280739,0.5048605536481844,8.138932437527997,0.020001879352672728,8.139002469167758,1.7370891005894964,0.0009322782669566986,39.613308607735256,0.9364262454222441,0.2,0.0,Train007,10.0
121,4,2,0.0001388888888888889,0.0,8.305004512288747,1.4534283341468481,-1.4538386786349768,-0.01991724822862137,1.4539751030440982,-4.424448002971464,0.9951239374685557,60.71599730138821,0.6931471805579453,0,0,2.0,0.0001388888888888889,0.0,7.834715789131548,0.8380990471176745,-0.7361717172950593,-0.020976970899501797,0.8389624572692966,1.2591789334477057,0.9960806056643339,56.54182223552486,0.6931471805579453,0.0,0.0,Train007,10.0
121,5,0,0.0,0.0,0.0,0.0,0.0,0.0,0.0,0.0,0.0,0.0,0.0,0,0,0.0,0.0,0.0,0.0,0.0,0.0,0.0,0.0,0.0,0.0,0.0,0.0,0.0,0.0,Train007,10.0
122,0,2,0.0001388888888888889,0.0,8.801107900746416,0.962647576952389,-8.794383545178512,0.3273633237717529,8.800474344344028,-7.293780993478571,7.285765013065326e-05,59.975554357465136,0.6931471805579453,0,0,2.0,0.0001388888888888889,0.0,9.026619071555276,1.019522506524396,-9.017488638119929,0.3200874115212011,9.023195137677439,1.9583331703987619,0.00044754635963246693,60.26103393699408,0.6931471805579453,0.0,0.0,Train007,10.0
122,1,1,6.944444444444444e-05,-1.0,7.579813582875979,0.0,-7.5797950826347895,-0.016746833033580148,7.579813582875979,-7.070799508856611,0.0,0.0,-1.000088900581841e-12,0,1,2.0,0.00013888888888888886,-0.4,8.38685974875306,0.3554284175172132,-2.1641253488698244,0.22692629571926498,2.4771867236630363,-0.3034499383198163,0.7099622124846496,18.31022009374241,0.6356107660675892,0.0,0.4,Train007,10.0
122,2,2,0.0001388888888888889,0.0,8.357706021180523,0.733051369208721,-0.7380663699632768,-0.09168015232089127,0.7437386750736783,-7.069791531355598,0.9849102037871631,46.356265205859636,0.6931471805579453,0,0,2.0,0.0001388888888888889,0.0,8.724890301842956,0.8246953309906292,-0.8267228492795216,-0.1947705347683382,0.8559800116462718,0.7399511977579604,0.9742952382684189,43.56223571023761,0.6931471805579453,0.0,0.0,Train007,10.0
122,3,3,0.00020833333333333335,0.0,8.217438879118765,0.40333702292678164,8.206703763738034,0.0013746050887970009,8.206703878859718,-7.0181376410332446,0.001330592903966421,31.940239690262334,1.0986122886651097,0,0,2.8,0.00019444444444444446,0.2,8.417923792220824,0.517551373146498,8.408724858587224,0.010326312336760221,8.40875881867594,1.629684790322473,0.0010880745905793132,35.68531906813594,1.0175192670436768,0.2,0.0,Train007,10.0
122,4,3,0.00020833333333333335,1.0,7.846477532586989,1.1572759058232567,1.808166094244977,0.21318461525440613,1.8206900627394835,-6.570864060493126,0.6669635812486574,28.89588320836202,1.0986122886651097,1,0,2.2,0.00015277777777777777,0.2,7.983866734013908,1.0430203144418564,-0.40099636846012165,0.025240120678064564,1.176401471851722,1.094390596128496,0.9298908791606365,51.90632078181706,0.7742402021793782,0.2,0.0,Train007,10.0
122,5,0,0.0,0.0,0.0,0.0,0.0,0.0,0.0,0.0,0.0,0.0,0.0,0,0,0.0,0.0,0.0,0.0,0.0,0.0,0.0,0.0,0.0,0.0,0.0,0.0,0.0,0.0,Train007,10.0
123,0,2,0.0001388888888888889,0.0,8.028435912688895,0.8760785296188982,-8.022323323711543,0.29922609869883476,8.027901828517134,-7.72671988057521,6.73257774129743e-05,59.97339210456151,0.6931471805579453,0,0,2.0,0.0001388888888888889,0.0,9.211277538112757,1.018939860231785,-9.203877865879644,0.3373585819895594,9.210061122455397,1.8465846655748066,0.00013021798910894944,60.06765982835744,0.6931471805579453,0.0,0.0,Train007,10.0
123,1,1,6.944444444444444e-05,0.0,6.887930410825076,0.0,-6.887897092834394,-0.021423886024922775,6.887930410825076,-6.918831720509031,0.0,0.0,-1.000088900581841e-12,0,0,1.6,0.00011111111111111112,-0.4,8.24780636033975,0.1351220492432123,-2.8315831770186817,0.204757184819582,3.1444260436269955,-0.20011087782612264,0.5765396821343762,10.317349520733268,0.4158883083343672,0.0,0.4,Train007,10.0
123,2,2,0.0001388888888888889,0.0,7.619905608293903,0.6660338286813752,-0.6705255470958718,-0.07980832809898519,0.6752583790980852,-7.378004128866205,0.9853462057789356,46.39150580577678,0.6931471805579453,0,0,2.0,0.0001388888888888889,0.0,8.79626107866314,0.7906363869602285,-0.7960409062246148,-0.1298190336066058,0.8074514237616681,0.7137077682018409,0.9818508489746633,45.445344910526174,0.6931471805579453,0.0,0.0,Train007,10.0
123,3,3,0.00020833333333333335,0.0,7.4879959295447405,0.3574875324730016,7.478109448883159,0.0012133903721310336,7.478109547324897,-7.294429495740256,0.001342836309357609,31.96255856843699,1.0986122886651097,0,0,3.0,0.00020833333333333335,0.2,8.669344600173526,0.527768997094902,8.658888733893264,0.001384090627864837,8.658888846114763,1.4324107757151379,0.0012461985249009766,31.762403393717456,1.0986122886651097,0.2,0.0,Train007,10.0
123,4,3,0.00020833333333333335,0.0,7.15277227976016,1.0664344176734135,1.6357576075196902,0.19660053184564782,1.6475298843057544,-6.937052528268299,0.6669663687416744,28.902229328238633,1.0986122886651097,0,0,2.4,0.00016666666666666666,0.2,8.117825960657592,1.2316533763517485,-0.09840128935205086,0.06907533758515436,1.4809393673626459,0.9424734137417362,0.8638933883639318,47.26211118011192,0.855333223800811,0.2,0.0,Train007,10.0
123,5,0,0.0,0.0,0.0,0.0,0.0,0.0,0.0,0.0,0.0,0.0,0.0,0,0,0.0,0.0,0.0,0.0,0.0,0.0,0.0,0.0,0.0,0.0,0.0,0.0,0.0,0.0,Train007,10.0
124,0,3,0.00020833333333333335,1.0,9.16420271329371,0.8693812535419615,-9.154272393252478,-0.16256752768291308,9.155715769448141,7.295178562490028,0.0008757689014688985,36.33846471069091,1.0986122886651097,1,0,2.2,0.00015277777777777777,0.2,9.106846254940077,0.9729817119432512,-9.099228095144174,0.2365437409402492,9.104495270886549,-1.8568107204384154,0.00024650926499971695,55.27313032789058,0.7742402021793783,0.2,0.0,Train007,10.0
124,1,1,6.944444444444444e-05,0.0,9.187502957655527,0.0,-9.18747713008565,-0.021784881964187968,9.187502957655527,22.995725468304506,0.0,0.0,-1.000088900581841e-12,0,0,1.4,9.722222222222222e-05,-0.2,8.273865309031327,0.10186060069211891,-4.6345634616862,0.13274463279468154,4.905975519982025,0.8743787444855385,0.38407977259502146,7.120996905951003,0.2772588722225781,0.0,0.2,Train007,10.0
124,2,2,0.0001388888888888889,0.0,10.149872645748246,0.6087592006667419,-0.60827826995639,0.2235538063923853,0.6480576811161666,25.29967037454344,0.9780645863470958,53.55422254819496,0.6931471805579453,0,0,2.0,0.0001388888888888889,0.0,8.95101007528513,0.734233357518537,-0.7384239361411236,-0.04073849346372399,0.7523812039310623,1.547489966219897,0.9826775608161288,47.54601551220617,0.6931471805579453,0.0,0.0,Train007,10.0
124,3,3,0.00020833333333333335,0.0,8.656283760110572,0.315560932828463,8.652929015329336,-0.19586193925855064,8.655145431682731,11.682878305658326,0.0001306040059336766,32.63207952202304,1.0986122886651097,0,0,3.0,0.00020833333333333335,0.0,8.541128140022423,0.42233462725312043,8.531815033007138,-0.038018500626419365,8.532258414235775,-1.2821646015110137,0.0010665061846889313,32.02905154672779,1.0986122886651097,0.0,0.0,Train007,10.0
124,4,2,0.0001388888888888889,-1.0,9.073132532400912,0.49317696729601757,-0.5024376156443235,0.3169000674526279,0.5940279541956196,12.00624961170304,0.9634505330067002,54.706312697495065,0.6931471805579453,0,1,2.4,0.00016666666666666666,0.0,8.224967233924541,1.1171545499853903,0.014346796514518756,0.13702900084292363,1.3864603051771156,-0.7651767029665294,0.8575290200983522,46.636538917573965,0.8553332238008112,0.2,0.2,Train007,10.0
124,5,1,6.944444444444444e-05,1.0,7.241200234264078,0.0,7.240555263836519,-0.09664524838508279,7.241200234264078,15.278985374448162,0.0,0.0,-1.000088900581841e-12,1,0,0.2,1.388888888888889e-05,0.2,1.4482400468528156,0.0,1.4481110527673038,-0.01932904967701656,1.4482400468528156,3.0557970748896315,0.0,0.0,-2.000177801163682e-13,0.2,0.0,Train007,10.0
125,0,3,0.00020833333333333335,0.0,8.840894545446195,0.7658551706474692,-8.83054086547178,-0.20759557273066478,8.832980691622986,-3.233081678475145,0.0008453662727817557,36.44025825350842,1.0986122886651097,0,0,2.4,0.0001666666666666667,0.2,8.873025414453897,0.9041876699251743,-8.864930693736062,0.12183862581103241,8.869347506215089,-3.150706293573412,0.000389705300717913,50.54531030146693,0.855333223800811,0.2,0.0,Train007,10.0
125,1,1,6.944444444444444e-05,0.0,9.444286983309505,0.0,-9.444264458222248,-0.020626833721746937,9.444286983309505,2.5678402565397818,0.0,0.0,-1.000088900581841e-12,0,0,1.2,8.333333333333333e-05,-0.2,8.338664419442523,0.06137892575697723,-6.561356575617734,0.05499597133968418,6.712008705260755,1.2617803616817374,0.19200439545902645,3.6166885801518207,0.13862943611078898,0.0,0.2,Train007,10.0
125,2,2,0.0001388888888888889,0.0,10.434948588688924,0.5477850057809626,-0.5506584376797043,0.31565625414093706,0.6347153580670163,2.850759429406766,0.9692322826704016,56.21727492608841,0.6931471805579453,0,0,2.0,0.0001388888888888889,0.0,9.125423607645535,0.6714033517313751,-0.6749114332737212,0.05147581371495587,0.7032614202128584,1.7441353236040693,0.9802817987418052,49.72656426387588,0.6931471805579453,0.0,0.0,Train007,10.0
125,3,3,0.00020833333333333335,0.0,8.554206003874064,0.5132851980896884,8.549377717638412,-0.2526412901195785,8.553109784185251,-1.020777562365079,0.00013383429621061094,32.88966790874006,1.0986122886651097,0,0,3.0,0.00020833333333333335,0.0,8.367035443174046,0.4108868192744325,8.359003065897314,-0.08887471036271762,8.36019283187181,-1.7409269684837743,0.0008477840349780941,32.26147115397386,1.0986122886651097,0.0,0.0,Train007,10.0
125,4,2,0.0001388888888888889,0.0,8.950045353793254,0.5052559149019578,-0.5129812768174613,0.28709966941865656,0.5878571344685499,-1.2308717860765928,0.9663725704937354,56.249026380130616,0.6931471805579453,0,0,2.4,0.0001666666666666667,0.0,8.265486442166013,0.9351143079682988,0.19493322613358113,0.19877352714854346,1.2208160277507012,-1.4313973532212878,0.8517753981918645,45.89388978312291,0.855333223800811,0.2,0.2,Train007,10.0
125,5,1,6.944444444444444e-05,0.0,7.3448845751565734,0.0,7.3443643697967795,-0.08741525057170699,7.3448845751565734,1.03684340892495,0.0,0.0,-1.000088900581841e-12,0,0,0.4,2.777777777777778e-05,0.2,2.9172169618841304,0.0,2.9169839267266595,-0.03681209979135795,2.9172169618841304,3.2631657566746215,0.0,0.0,-4.000355602327364e-13,0.2,0.0,Train007,10.0
126,0,3,0.00020833333333333335,0.0,8.21492367974367,0.6913474431781284,-8.204883050270665,-0.2112793216690753,8.20760286687799,-6.259708657025257,0.0008418864163336481,36.46652617682632,1.0986122886651097,0,0,2.6,0.00018055555555555557,0.2,8.609912950383777,0.8330619947877693,-8.601280635576995,0.009029400077586907,8.604935100162056,-3.44362252941283,0.000540641003625586,45.83883912061046,0.936426245422244,0.2,0.0,Train007,10.0
126,1,1,6.944444444444444e-05,0.0,8.977045299063443,0.0,-8.977025171330267,-0.019009859017030045,8.977045299063443,-4.6724168424606205,0.0,0.0,-1.000088900581841e-12,0,0,1.0,6.944444444444444e-05,-0.2,8.415315846745907,0.0,-8.41529178702147,-0.019918458752293484,8.415315846745907,1.3803035306036056,0.0,0.0,-1.000088900581841e-12,0.0,0.2,Train007,10.0
126,2,2,0.0001388888888888889,0.0,9.919519972342933,0.4937994086006192,-0.4981149188927674,0.3290213832142487,0.596970303311451,-5.154286163459911,0.9661395084110187,57.16139627968692,0.6931471805579453,0,0,2.0,0.0001388888888888889,0.0,9.296390567250906,0.609885762587684,-0.6131287087176021,0.1393485926655389,0.6597480793332794,1.7096695960537018,0.976738557398923,51.936132953121344,0.6931471805579453,0.0,0.0,Train007,10.0
126,3,3,0.00020833333333333335,0.0,8.01425060179958,0.5538183863986718,8.008747374807957,-0.2574284055546156,8.012883619364487,-5.399554020744851,0.00017977047693429338,32.98620305842673,1.0986122886651097,0,0,3.0,0.00020833333333333335,0.0,8.186035034889544,0.42869781454332107,8.17917346407938,-0.14066872789436333,8.181190452283417,-1.8100040828450203,0.0006235275984805222,32.48214974957783,1.0986122886651097,0.0,0.0,Train007,10.0
126,4,2,0.0001388888888888889,0.0,8.3767382534866,0.48302159428065483,-0.4897829759957144,0.2596783757730348,0.5543647016354306,-5.733071003066517,0.9674692165974735,56.77577045913213,0.6931471805579453,0,0,2.4,0.0001666666666666667,0.0,8.279833190405583,0.74103295999506,0.38774436666143364,0.2546926519488747,1.0408939474689676,-1.6931219532402983,0.8462444540176481,45.105844414671694,0.855333223800811,0.2,0.2,Train007,10.0
126,5,1,6.944444444444444e-05,0.0,6.94819073126826,0.0,6.9477408940087,-0.07906268273553899,6.94819073126826,-3.9669384388831386,0.0,0.0,-1.000088900581841e-12,0,0,0.6,4.1666666666666665e-05,0.2,4.306855108137782,0.0,4.3065321055284,-0.052624636338465744,4.306855108137782,2.469778068897994,0.0,0.0,-6.000533403491046e-13,0.2,0.0,Train007,10.0
127,0,3,0.00020833333333333335,0.0,7.513172131150756,0.6244400477372525,-7.503810298588401,-0.20009954354403833,7.506477790850238,-7.017515485929131,0.000842071392025523,36.47521864410564,1.0986122886651097,0,0,2.8,0.00019444444444444443,0.2,8.352325796464644,0.765420488944742,-8.343165986258974,-0.09646317338557135,8.346135789463299,-3.388369427902942,0.0006944837520045599,41.13877197793856,1.0175192670436768,0.2,0.0,Train007,10.0
127,1,1,6.944444444444444e-05,0.0,8.286073421036518,0.0,-8.286055300849473,-0.01732887971493806,8.286073421036518,-6.909718780269252,1.1102230246251565e-16,0.0,-1.000088900581841e-12,0,0,1.0,6.944444444444444e-05,0.0,8.556567814378015,0.0,-8.556543830664406,-0.02003486808856507,8.556567814378013,1.4125196763210774,2.2204460492503132e-17,0.0,-1.000088900581841e-12,0.0,0.0,Train007,10.0
127,2,2,0.0001388888888888889,0.0,9.156294925760161,0.4458447868159796,-0.4504654941735158,0.314275858228508,0.5492617559108363,-7.632250465827726,0.9649226816983387,57.45332627697398,0.6931471805579453,0,0,2.0,0.0001388888888888889,0.0,9.456108348166833,0.5524444461091357,-0.5556085335596499,0.22053979477541877,0.6208526955007111,1.5971778091592763,0.9727410529811582,54.155545167344215,0.6931471805579453,0.0,0.0,Train007,10.0
127,3,3,0.00020833333333333335,0.0,7.354083587965405,0.5359906421657532,7.348607017168237,-0.24390604673158997,7.352653619776094,-6.601670138341742,0.00020521749967161718,33.02074945421533,1.0986122886651097,0,0,3.0,0.00020833333333333335,0.0,8.013363976658871,0.4552285383911154,8.007554114765421,-0.1897248582584407,8.010380400466692,-1.7267105823067201,0.00039845251762156143,32.69825170236843,1.0986122886651097,0.0,0.0,Train007,10.0
127,4,2,0.0001388888888888889,0.0,7.682038528035095,0.4491229308053648,-0.4551521436319552,0.2347423612246974,0.5121205424566664,-6.946997254515064,0.9679117706262087,56.919018805704575,0.6931471805579453,0,0,2.2,0.00015277777777777777,-0.2,8.246945389495204,0.5994023649914817,-0.06491928091395285,0.25900420114293293,0.7791800434124042,-1.768348592044686,0.9064340918931585,50.71047153414021,0.7742402021793782,0.0,0.2,Train007,10.0
127,5,1,6.944444444444444e-05,0.0,6.40121888974276,0.0,6.40081948457746,-0.07150664481766972,6.40121888974276,-5.469718415254992,0.0,0.0,-1.000088900581841e-12,0,0,0.8,5.555555555555556e-05,0.2,5.587098886086334,0.0,5.586696002443892,-0.06692596530199971,5.587098886086334,1.3758343858469957,0.0,0.0,-8.000711204654728e-13,0.2,0.0,Train007,10.0
128,0,3,0.00020833333333333335,0.0,6.825591552163549,0.5632976495237993,-6.8170171553809595,-0.18433826069166412,6.8195090359286965,-6.8758057898720795,0.0008424320912128191,36.479535553474676,1.0986122886651097,0,0,3.0,0.00020833333333333335,0.2,8.111756924359575,0.7028643129257222,-8.102104752592858,-0.19317604526367113,8.104457230945611,-3.2181866097623155,0.0008495050147645289,36.44000066772119,1.0986122886651097,0.2,0.0,Train007,10.0
128,1,1,6.944444444444444e-05,0.0,7.558166012714168,0.0,-7.558149655115396,-0.015724713880292278,7.558166012714168,-7.2790740832234935,0.0,0.0,-1.000088900581841e-12,0,0,1.0,6.944444444444444e-05,0.0,8.690614934755832,0.0,-8.690594343120607,-0.01889503365963897,8.690614934755832,1.340471203778185,2.2204460492503132e-17,0.0,-1.000088900581841e-12,0.0,0.0,Train007,10.0
128,2,2,0.0001388888888888889,0.0,8.352008682266403,0.4028796785553066,-0.40734293669332544,0.2906442210197059,0.5004021695457507,-8.04286243493757,0.9644222109605877,57.50172565427978,0.6931471805579453,0,0,2.0,0.0001388888888888889,0.0,9.602528962961333,0.499813616083922,-0.5029720114791406,0.29463030459915696,0.5858814535902441,1.4642061479450033,0.9685562540174886,56.37758913704481,0.6931471805579453,0.0,0.0,Train007,10.0
128,3,3,0.00020833333333333335,0.0,6.691246440023484,0.4987048189234808,6.686092219556579,-0.2248333108449191,6.689871387857953,-6.6283714794192035,0.00021695895413087474,33.03167901256936,1.0986122886651097,0,0,3.0,0.00020833333333333335,0.0,7.854014078754621,0.4834719956812113,7.849150668900104,-0.23493419850185077,7.852732768573304,-1.5934989790425096,0.00017327704657621457,32.91207579119491,1.0986122886651097,0.0,0.0,Train007,10.0
128,4,2,0.0001388888888888889,0.0,6.986797223406574,0.4125162633387487,-0.4179343000891942,0.21217003753995778,0.46870588221266407,-6.9524130462852,0.9680955765636137,56.920824673546356,0.6931471805579453,0,0,2.0,0.0001388888888888889,-0.2,8.213750378224486,0.46861873412454874,-0.4756576624357297,0.26211810228179494,0.5434152429937862,-1.7714206956480658,0.9666599334575462,56.314190603201745,0.6931471805579453,0.0,0.2,Train007,10.0
128,5,1,6.944444444444444e-05,0.0,5.83431789629752,0.0,5.833959447012358,-0.06467213985008058,5.83431789629752,-5.6690099344524025,0.0,0.0,-1.000088900581841e-12,0,0,1.0,6.944444444444444e-05,0.2,6.753962465345839,0.0,6.753487891846364,-0.07986039327201581,6.753962465345839,0.24203239895651513,0.0,0.0,-1.000088900581841e-12,0.2,0.0,Train007,10.0
129,0,3,0.00020833333333333335,0.0,9.034621253400784,0.844976137377688,-9.030721276005345,-0.06858257170779707,9.030981692708586,22.09029701237237,0.0004345723244080224,36.21299886919402,1.0986122886651097,0,0,3.0,0.00020833333333333335,0.0,8.085840632380991,0.6979832896928675,-8.07739452914343,-0.17437905406864793,8.0795104155977,-0.25916291978584666,0.0007612656993523537,36.414907499421815,1.0986122886651097,0.0,0.0,Train007,10.0
129,1,1,6.944444444444444e-05,0.0,9.809754005099588,0.0,-9.805748525703263,0.2803024995173659,9.809754005099588,22.5158799238542,0.0,0.0,-1.000088900581841e-12,0,0,1.0,6.944444444444444e-05,0.0,8.815065144244645,0.0,-8.81424862224413,0.041522442636671805,8.815065144244645,1.2445020948881236,2.2204460492503132e-17,0.0,-1.000088900581841e-12,0.0,0.0,Train007,10.0
129,2,1,6.944444444444444e-05,-1.0,9.570601519855124,0.0,9.563214069983726,0.3759655616123653,9.570601519855124,16.214725161440278,1.1102230246251565e-16,0.0,-1.000088900581841e-12,0,1,1.8,0.000125,-0.2,9.48667473778271,0.3780617759505736,1.5313264565088827,0.32511265564315295,2.3703902213380355,-0.35278289467562873,0.7729433367480694,45.66674462740582,0.5545177444461563,0.0,0.2,Train007,10.0
129,3,2,0.0001388888888888889,-1.0,7.972515817140426,0.7032463397800695,7.970808536464443,-0.13531584296549362,7.971957043432428,12.934100908753194,7.063713328980814e-05,24.598255362487954,0.6931471805579453,0,1,2.8,0.00019444444444444446,-0.2,7.717260490160593,0.5610090770715326,7.712726573127125,-0.22282497924323935,7.716095090923242,-1.343254458423536,0.00016128367204744088,31.305310959287887,1.0175192670436768,0.0,0.2,Train007,10.0
129,4,2,0.0001388888888888889,0.0,8.903920620360466,0.754251413948646,-0.7562164874487234,-0.2991919223992259,0.8132522255230721,18.464999432176842,0.9657219733054576,51.62504920637584,0.6931471805579453,1,1,2.0,0.0001388888888888889,0.0,8.179907995816398,0.5208336234550744,-0.5264134367966097,0.13889970431142418,0.5872600972592766,-0.47967073155330553,0.9671142215172978,55.697937904977906,0.6931471805579453,0.2,0.2,Train007,10.0
129,5,1,6.944444444444444e-05,0.0,7.061080036505233,0.0,7.0608377780029175,-0.058490637366777405,7.061080036505233,12.267621402077129,0.0,0.0,-1.000088900581841e-12,0,0,1.0,6.944444444444444e-05,0.0,6.7179384257940695,0.0,6.717544394679644,-0.07222947106835473,6.7179384257940695,-0.36024039551769144,0.0,0.0,-1.000088900581841e-12,0.0,0.0,Train007,10.0
130,0,3,0.00020833333333333335,0.0,9.27177728055105,0.8991023207191954,-9.265296496131997,-0.02443566614370929,9.265328718562325,2.3715602715026427,0.0007517009448069212,36.11718038375749,1.0986122886651097,0,0,3.0,0.00020833333333333335,0.0,8.172017179401962,0.7246327197072128,-8.164345655275472,-0.1377470727512568,8.165980020985568,0.8617654702097106,0.0007425326337573868,36.35029192547163,1.0986122886651097,0.0,0.0,Train007,10.0
130,1,1,6.944444444444444e-05,0.0,10.014785054569598,0.0,-10.008075914575352,0.3665189999540509,10.014785054569598,2.0503104947001027,1.1102230246251565e-16,0.0,-1.000088900581841e-12,0,0,1.0,6.944444444444444e-05,0.0,8.929164758496663,0.0,-8.927010913514751,0.11895160937183138,8.929164758496665,1.1409961425201878,4.4408920985006264e-17,0.0,-1.000088900581841e-12,0.0,0.0,Train007,10.0
130,2,1,6.944444444444444e-05,0.0,9.569770610506678,0.0,9.563661079692082,0.34190099517294736,9.569770610506678,-0.00830909348445985,0.0,0.0,-1.000088900581841e-12,0,0,1.6,0.00011111111111111112,-0.2,9.313639142146261,0.26850477479438106,3.5541903599832394,0.33036160384955504,4.157401271825968,-0.9245965992538739,0.579096880213989,34.42328964218814,0.4158883083343672,0.0,0.2,Train007,10.0
130,3,2,0.0001388888888888889,0.0,7.951088515905606,0.6947781133343023,7.949687189269534,-0.12238224055867634,7.950629146177069,-0.2142730123481984,5.8218990884428834e-05,24.711511300448006,0.6931471805579453,0,0,2.6,0.00018055555555555557,-0.2,7.5966369925669,0.5973076601204553,7.59278846745335,-0.1967731693310589,7.595598963321606,-1.1819535484201598,0.00014616061098220444,29.669679637629475,0.936426245422244,0.0,0.2,Train007,10.0
130,4,2,0.0001388888888888889,0.0,9.020877071691332,0.8539036672593951,-0.8539304667333436,-0.3280253866043382,0.9147665802117781,1.1695645133086607,0.9634653037540698,49.62319250096431,0.6931471805579453,0,0,2.0,0.0001388888888888889,0.0,8.194074339396014,0.5905631739265619,-0.5946032747797861,0.01587469310682523,0.6526419864079223,0.0004165283237451689,0.9665327681693647,54.372771129144645,0.6931471805579453,0.2,0.2,Train007,10.0
130,5,1,6.944444444444444e-05,0.0,7.070847359865531,0.0,7.070649474296421,-0.05289988798751908,7.070847359865531,0.0976732336029773,0.0,0.0,-1.000088900581841e-12,0,0,1.0,6.944444444444444e-05,0.0,6.6631309827358605,0.0,6.662801415579571,-0.06532639855151715,6.6631309827358605,-0.5480744305820859,0.0,0.0,-1.000088900581841e-12,0.0,0.0,Train007,10.0
131,0,3,0.00020833333333333335,0.0,8.80709655196363,0.864771363136082,-8.799684101329069,-0.007737044518128918,8.799687502692437,-4.6468072858742016,0.0009071313799611236,36.08325121171308,1.0986122886651097,0,0,3.0,0.00020833333333333335,0.0,8.290451753845954,0.7593175036988035,-8.283305865487154,-0.09703861732106754,8.284396948148457,1.1843457444399217,0.0007555816264828818,36.27363693244898,1.0986122886651097,0.0,0.0,Train007,10.0
131,1,1,6.944444444444444e-05,0.0,9.496125654352412,0.0,-9.488724472987053,0.3748470607949027,9.496125654352412,-5.186594002171869,0.0,0.0,-1.000088900581841e-12,0,0,1.0,6.944444444444444e-05,0.0,9.032980829554457,0.0,-9.029350773846108,0.19772299333421792,9.032980829554457,1.038160710577938,4.4408920985006264e-17,0.0,-1.000088900581841e-12,0.0,0.0,Train007,10.0
131,2,1,6.944444444444444e-05,0.0,9.005767054074749,0.0,9.000432111822349,0.30993875642658747,9.005767054074749,-5.6400355643192945,0.0,0.0,-1.000088900581841e-12,0,0,1.4,9.722222222222222e-05,-0.2,9.130888558492623,0.16974489307425725,5.453899766126263,0.3265450784920228,5.839160621978627,-1.0217464794257505,0.3858689785317853,22.991010386250753,0.27725887222257806,0.0,0.2,Train007,10.0
131,3,2,0.0001388888888888889,0.0,7.474853708781774,0.6513342906696376,7.473634163657927,-0.11068336972326764,7.4744537205422725,-4.7623480712383115,5.3920599409895686e-05,24.7500968943375,0.6931471805579453,0,0,2.4,0.00016666666666666666,-0.2,7.4887576139633385,0.6168108409746484,7.4857658252233445,-0.1674241621647893,7.487912983557163,-1.0545123585188518,0.00012099063547732491,28.02245840481163,0.855333223800811,0.0,0.2,Train007,10.0
131,4,2,0.0001388888888888889,0.0,8.529973880301435,0.8384170358129701,-0.8377037299291081,-0.31870230943232564,0.8962804813085232,-4.909031913898971,0.9626771848038865,48.9218858123694,0.6931471805579453,0,0,2.0,0.0001388888888888889,0.0,8.22472146475898,0.6616422622330249,-0.6641874255664649,-0.09980144393424686,0.7210251423425407,0.16522434615725423,0.9655743618106472,52.801994199792105,0.6931471805579453,0.2,0.2,Train007,10.0
131,5,1,6.944444444444444e-05,0.0,6.657702688353036,0.0,6.657530780030806,-0.04784348906242271,6.657702688353036,-4.1314467151249445,1.1102230246251565e-16,0.0,-1.000088900581841e-12,0,0,1.0,6.944444444444444e-05,0.0,6.605033374152816,0.0,6.6047593927839925,-0.0590825598168939,6.605033374152816,-0.5809760858304471,2.2204460492503132e-17,0.0,-1.000088900581841e-12,0.0,0.0,Train007,10.0
132,0,3,0.00020833333333333335,0.0,8.126252113762716,0.8015441128470308,-8.118897757906032,-0.0015237214873636458,8.118897900888935,-6.808444382009136,0.0009748534039257795,36.0723285855313,1.0986122886651097,0,0,3.0,0.00020833333333333335,0.0,8.413067750368345,0.794738316720759,-8.406323357350681,-0.057323452909732606,8.406880970156195,1.2261599652239208,0.0007821380288629331,36.19305892073412,1.0986122886651097,0.0,0.0,Train007,10.0
132,1,1,6.944444444444444e-05,0.0,8.756752408426223,0.0,-8.749526961378729,0.3556553030465834,8.756752408426223,-7.393732459261884,0.0,0.0,-1.000088900581841e-12,0,0,1.0,6.944444444444444e-05,0.0,9.127116627032397,0.0,-9.122045105951958,0.27231982988652226,9.127116627032398,0.9413579747794116,2.2204460492503132e-17,0.0,-1.000088900581841e-12,0.0,0.0,Train007,10.0
132,2,1,6.944444444444444e-05,0.0,8.279528626890498,0.0,8.274772754118715,0.28058893633543847,8.279528626890498,-7.26238427184251,0.0,0.0,-1.000088900581841e-12,0,0,1.2,8.333333333333333e-05,-0.2,8.95553529871869,0.08057593571106132,7.198947415784708,0.3198076941134088,7.385213996174559,-0.9477732406287075,0.19288444219211756,11.500345130855957,0.13862943611078898,0.0,0.2,Train007,10.0
132,3,2,0.0001388888888888889,0.0,6.868974990986548,0.5981693829012076,6.867889400350659,-0.10010245978365138,6.868618879942581,-6.058787177952274,5.223956806255092e-05,24.760463366516586,0.6931471805579453,0,0,2.2,0.00015277777777777777,-0.2,7.391735894567567,0.6292465891217394,7.389622301859829,-0.1386634447752016,7.391106035590461,-0.9459357664409582,9.039504915551167e-05,26.37040118727188,0.7742402021793782,0.0,0.2,Train007,10.0
132,4,2,0.0001388888888888889,0.0,7.857022823162849,0.7837739422239594,-0.7828369602225234,-0.2966886451211717,0.8371725380316039,-6.729510571385866,0.9623675155160567,48.71253560345593,0.6931471805579453,0,0,2.0,0.0001388888888888889,0.0,8.259718323784531,0.7285724645167438,-0.7297243888845786,-0.20608764520342068,0.7860355414575283,0.20872168278309378,0.9644655107886168,51.16069755934237,0.6931471805579453,0.2,0.2,Train007,10.0
132,5,1,6.944444444444444e-05,0.0,6.122133970483964,0.0,6.121981054033482,-0.043270389515841993,6.122133970483964,-5.355687178690722,1.1102230246251565e-16,0.0,-1.000088900581841e-12,0,0,1.0,6.944444444444444e-05,0.0,6.549216390301058,0.0,6.5489917066751975,-0.053435308756528355,6.549216390301058,-0.5581698385175933,4.4408920985006264e-17,0.0,-1.000088900581841e-12,0.0,0.0,Train007,10.0
133,0,3,0.00020833333333333335,0.0,7.4106987789812,0.732089747853423,-7.403789961603747,0.0006987812029166651,7.403789994579775,-7.155533347815144,0.0010037957164397149,36.06994592674907,1.0986122886651097,0,0,3.0,0.00020833333333333335,0.0,8.530089195731875,0.8284967363866839,-8.523677918595236,-0.02031604453081646,8.52373716188641,1.1702144536353078,0.0008144107539083123,36.11114099538899,1.0986122886651097,0.0,0.0,Train007,10.0
133,1,1,6.944444444444444e-05,0.0,7.984324535595284,0.0,-7.977582678449265,0.328044049199335,7.984324535595284,-7.724278728309395,0.0,0.0,-1.000088900581841e-12,0,0,1.0,6.944444444444444e-05,0.0,9.21234833160862,0.0,-9.205931710618733,0.3410735825024477,9.212348331608622,0.8523170457622313,2.2204460492503132e-17,0.0,-1.000088900581841e-12,0.0,0.0,Train007,10.0
133,2,1,6.944444444444444e-05,0.0,7.539769141640392,0.0,7.535493770755181,0.2538746543917931,7.539769141640392,-7.3975948525010615,1.1102230246251565e-16,0.0,-1.000088900581841e-12,0,0,1.0,6.944444444444444e-05,-0.2,8.793087390593488,0.0,8.78751475727441,0.3124537807878263,8.793087390593488,-0.8187197241414058,4.4408920985006264e-17,0.0,-1.000088900581841e-12,0.0,0.2,Train007,10.0
133,3,2,0.0001388888888888889,0.0,6.253879205430101,0.5446802872903977,6.252903903484275,-0.09053304931700773,6.2535592632698,-6.150957855564458,5.155003556067683e-05,24.760414585691986,0.6931471805579453,0,0,2.0,0.0001388888888888889,-0.2,7.304262447648891,0.6384416827951227,7.302984638645368,-0.11180339246961932,7.30384361067283,-0.8504530416700092,5.7313265441472085e-05,24.716148301896407,0.6931471805579453,0.0,0.2,Train007,10.0
133,4,2,0.0001388888888888889,0.0,7.16056300466394,0.7187210482696198,-0.7177602693685823,-0.2715688768524631,0.7674173956583002,-6.964598184989086,0.9622402233863662,48.686138412439,0.6931471805579453,0,0,2.0,0.0001388888888888889,0.0,8.294471480036005,0.7898134215029181,-0.7896895827404562,-0.3028354280819049,0.8457778441466555,0.20628465504231652,0.9632944401531673,49.5137603071209,0.6931471805579453,0.2,0.2,Train007,10.0
133,5,1,6.944444444444444e-05,0.0,5.575630656143792,0.0,5.575493315595587,-0.039134402759985254,5.575630656143792,-5.465033143401721,0.0,0.0,-1.000088900581841e-12,0,0,1.0,6.944444444444444e-05,0.0,6.497478942270311,0.0,6.4972984803918425,-0.04832776133850929,6.497478942270311,-0.5173744803074569,4.4408920985006264e-17,0.0,-1.000088900581841e-12,0.0,0.0,Train007,10.0
134,0,3,0.00020833333333333335,0.0,9.301138194060293,0.2683886009872806,-9.274230707844351,0.6893711187134993,9.299816544515243,18.904394150790907,0.00014442933078850917,36.59530777460343,1.0986122886651097,0,0,3.0,0.00020833333333333335,0.0,8.583392583863779,0.7131792291086023,-8.572379804963038,0.13127469355344282,8.577504132247743,0.5330338813190153,0.0007563821551844097,36.187602776470875,1.0986122886651097,0.0,0.0,Train007,10.0
134,1,1,6.944444444444444e-05,0.0,9.596102926637657,0.0,-9.596101827249395,0.004593439301717878,9.596102926637657,16.11778391042374,1.1102230246251565e-16,0.0,-1.000088900581841e-12,0,0,1.0,6.944444444444444e-05,0.0,9.169618115916233,0.0,-9.164002370927959,0.28593177045931806,9.169618115916235,-0.4273021569238608,4.4408920985006264e-17,0.0,-1.000088900581841e-12,0.0,0.0,Train007,10.0
134,2,1,6.944444444444444e-05,0.0,8.897084042553253,0.0,8.896847365295988,-0.0648954457689814,8.897084042553253,13.573149009128613,0.0,0.0,-1.000088900581841e-12,0,0,1.0,6.944444444444444e-05,0.0,8.658383895133113,0.0,8.654241416336863,0.22428157931155696,8.658383895133113,-1.3470349546037383,2.2204460492503132e-17,0.0,-1.000088900581841e-12,0.0,0.0,Train007,10.0
134,3,2,0.0001388888888888889,0.0,8.209638975201562,0.21150307301375415,8.176353975594287,-0.523694675867513,8.19310810668018,19.557597697714606,0.002014931328718217,23.64043580456231,0.6931471805579453,0,0,2.0,0.0001388888888888889,0.0,7.351687079261117,0.5400930294418597,7.344093726471337,-0.1894791590500232,7.34807382332238,0.474246316122273,0.00044617210452715386,24.524584390311276,0.6931471805579453,0.0,0.0,Train007,10.0
134,4,2,0.0001388888888888889,0.0,9.88328993898806,0.8002653417168748,-0.7996053112824173,-0.2468517502933418,0.8368419447266836,27.2272693432412,0.9751591124341918,41.30754423279912,0.6931471805579453,0,0,2.0,0.0001388888888888889,0.0,8.490345343761524,0.7990162070565638,-0.798367347507195,-0.29236739366072806,0.8504957879873778,1.9587386372551883,0.9651818679789143,47.45025931240555,0.6931471805579453,0.0,0.0,Train007,10.0
134,5,1,6.944444444444444e-05,0.0,7.413839932109385,0.0,7.413755446554909,-0.03539375110258474,7.413839932109385,18.382092759655926,0.0,0.0,-1.000088900581841e-12,0,0,1.0,6.944444444444444e-05,0.0,6.568030921391141,0.0,6.56788201410224,-0.04370838408567076,6.568030921391141,0.7055197912083024,4.4408920985006264e-17,0.0,-1.000088900581841e-12,0.0,0.0,Train007,10.0
135,0,3,0.00020833333333333335,0.0,9.41904790703824,0.21804536802081897,-9.376315284468118,0.8876345589375859,9.418236747075897,1.1790971297794666,8.750295804582642e-05,36.79587584729171,1.0986122886651097,0,0,3.0,0.00020833333333333335,0.0,8.612846709161214,0.5769678385689271,-8.594583562630264,0.31368873856970186,8.608085737950457,0.29454125297437933,0.0006235425578321907,36.323341869177725,1.0986122886651097,0.0,0.0,Train007,10.0
135,1,1,6.944444444444444e-05,0.0,9.593080217182505,0.0,-9.592473131313103,-0.10792255711648727,9.593080217182505,-0.030227094551520395,0.0,0.0,-1.000088900581841e-12,0,0,1.0,6.944444444444444e-05,0.0,9.085277148438816,0.0,-9.080881814275509,0.19104345904521042,9.085277148438816,-0.8434096747741855,2.2204460492503132e-17,0.0,-1.000088900581841e-12,0.0,0.0,Train007,10.0
135,2,1,6.944444444444444e-05,0.0,8.846834316079338,0.0,8.845168098798963,-0.17169368115370948,8.846834316079338,-0.5024972647391479,0.0,0.0,-1.000088900581841e-12,0,0,1.0,6.944444444444444e-05,0.0,8.513796636247644,0.0,8.51054282015824,0.12156264404622559,8.513796636247644,-1.445872588854676,2.2204460492503132e-17,0.0,-1.000088900581841e-12,0.0,0.0,Train007,10.0
135,3,2,0.0001388888888888889,0.0,8.4128277983221,0.45262412236524696,8.361817413295629,-0.6431619428976747,8.38651582828566,2.031888231205383,0.0031366949462527938,23.240242052427597,0.6931471805579453,0,0,2.0,0.0001388888888888889,0.0,7.444034935744417,0.49166223124804864,7.426519771276555,-0.29363509951782285,7.435251159744098,0.9234785648329893,0.0010618672956008268,24.230330540707193,0.6931471805579453,0.0,0.0,Train007,10.0
135,4,2,0.0001388888888888889,0.0,10.24604936528458,0.7815805880527824,-0.7810376583164196,-0.2237309661358038,0.8124502255008957,3.6275942629651947,0.9782867462870618,38.569266318421185,0.6931471805579453,0,0,2.0,0.0001388888888888889,0.0,8.735379802480173,0.7845515912152413,-0.7837887858238102,-0.2715085095670212,0.8300325170452014,2.4503445871864953,0.9681461564855125,45.23947407589692,0.6931471805579453,0.0,0.0,Train007,10.0
135,5,1,6.944444444444444e-05,0.0,7.615009847074209,0.0,7.614942566392524,-0.03201064792224611,7.615009847074209,2.0116991496482406,0.0,0.0,-1.000088900581841e-12,0,0,1.0,6.944444444444444e-05,0.0,6.676863418832878,0.0,6.676740632521461,-0.039530536072616154,6.676863418832878,1.088324974417355,4.4408920985006264e-17,0.0,-1.000088900581841e-12,0.0,0.0,Train007,10.0
136,0,3,0.00020833333333333335,0.0,8.905662240366086,0.23136613868166575,-8.858983979022815,0.9040880199191998,8.904997040333273,-5.133856666721511,7.609299705524375e-05,36.87165770100368,1.0986122886651097,0,0,3.0,0.00020833333333333335,0.0,8.632559846841707,0.4502867936780438,-8.606443538169012,0.4960537514571676,8.629147645478625,0.1971313768049175,0.00045733488125101476,36.48102316703584,1.0986122886651097,0.0,0.0,Train007,10.0
136,1,1,6.944444444444444e-05,0.0,9.027227747305,0.0,-9.026132582705866,-0.14061081440926515,9.027227747305,-5.658524698775054,0.0,0.0,-1.000088900581841e-12,0,0,1.0,6.944444444444444e-05,0.0,8.991497567029334,0.0,-8.98836343621927,0.08795188400437685,8.991497567029333,-0.9377958140948224,2.2204460492503132e-17,0.0,-1.000088900581841e-12,0.0,0.0,Train007,10.0
136,2,1,6.944444444444444e-05,0.0,8.30855057165104,0.0,8.306175674416668,-0.19864105167768295,8.30855057165104,-5.382837444282984,0.0,0.0,-1.000088900581841e-12,0,0,1.0,6.944444444444444e-05,0.0,8.374353339762903,0.0,8.371691532677103,0.01984668242537151,8.374353339762903,-1.3944329648474139,2.2204460492503132e-17,0.0,-1.000088900581841e-12,0.0,0.0,Train007,10.0
136,3,2,0.0001388888888888889,0.0,7.9884673717149415,0.5085049382772286,7.9333865287391685,-0.6467318822042826,7.959703759678472,-4.243604266071586,0.0036153176455556713,23.092895975337743,0.6931471805579453,0,0,2.0,0.0001388888888888889,0.0,7.546757668331051,0.46309636076956684,7.518470244292804,-0.4008448020140259,7.5323011675713385,1.0272273258663347,0.001774146704829982,23.89889035690724,0.6931471805579453,0.0,0.0,Train007,10.0
136,4,2,0.0001388888888888889,0.0,9.768295659154461,0.7291345536998586,-0.7286613425738482,-0.20252658279632824,0.7562832596988254,-4.777537061301178,0.9793845262450664,37.59569398050487,0.6931471805579453,0,0,2.0,0.0001388888888888889,0.0,8.983044158250777,0.762695094792619,-0.7619803083527581,-0.24827336423982166,0.8020330727232619,2.476643557706054,0.9714876247737486,42.974235709524024,0.6931471805579453,0.0,0.0,Train007,10.0
136,5,1,6.944444444444444e-05,0.0,7.2362301561380304,0.0,7.236172242074788,-0.028950917563593317,7.2362301561380304,-3.7877969093617825,1.1102230246251565e-16,0.0,-1.000088900581841e-12,0,0,1.0,6.944444444444444e-05,0.0,6.792568912389877,0.0,6.792468924930257,-0.035752021772850286,6.792568912389877,1.1570549355699875,4.4408920985006264e-17,0.0,-1.000088900581841e-12,0.0,0.0,Train007,10.0
137,0,3,0.00020833333333333335,0.0,8.202735641903034,0.22752887224300647,-8.157309392701787,0.8565027493878249,8.20215175962806,-7.029265984630519,7.261225966626039e-05,36.899625632317,1.0986122886651097,0,0,3.0,0.00020833333333333335,0.0,8.647856552469772,0.3354837455572389,-8.614125865128162,0.6676590456322054,8.645798417226448,0.1529670562806409,0.0002768866523991109,36.64648257639298,1.0986122886651097,0.0,0.0,Train007,10.0
137,1,1,6.944444444444444e-05,0.0,8.299123178391046,0.0,-8.297879494565608,-0.14367123503014212,8.299123178391046,-7.2810456891395425,0.0,0.0,-1.000088900581841e-12,0,0,1.0,6.944444444444444e-05,0.0,8.8999717210223,0.0,-8.898033942856646,-0.011913423610968244,8.899971721022299,-0.9152584600703542,2.2204460492503132e-17,0.0,-1.000088900581841e-12,0.0,0.0,Train007,10.0
137,2,1,6.944444444444444e-05,0.0,7.632349429144353,0.0,7.629824883336135,-0.19629074910669847,7.632349429144353,-6.762011425066863,0.0,0.0,-1.000088900581841e-12,0,0,1.0,6.944444444444444e-05,0.0,8.244917500213676,0.0,8.242701958520588,-0.07552925466305588,8.244917500213676,-1.2943583954922844,2.2204460492503132e-17,0.0,-1.000088900581841e-12,0.0,0.0,Train007,10.0
137,3,2,0.0001388888888888889,0.0,7.370608566254414,0.4976785763145628,7.317230433278019,-0.6098723339886247,7.342602091728433,-6.178588054605276,0.0038171872407821716,23.03875555035899,0.6931471805579453,0,0,2.0,0.0001388888888888889,0.0,7.647084383384623,0.4429981994522379,7.608338450878276,-0.5027987768550205,7.627097809928509,1.0032671505357338,0.0025271362393739063,23.554548793675725,0.6931471805579453,0.0,0.0,Train007,10.0
137,4,2,0.0001388888888888889,0.0,9.02701519433749,0.6680326074378398,-0.6676110573868792,-0.18323666790619714,0.6923006575257551,-7.412804648169722,0.9798168748663424,37.2905555668893,0.6931471805579453,0,0,2.0,0.0001388888888888889,0.0,9.217042632485706,0.739546827835395,-0.7389351277856293,-0.22558296879682677,0.773058696622092,2.3399847423492823,0.9749774966438057,40.6898397022107,0.6931471805579453,0.0,0.0,Train007,10.0
137,5,1,6.944444444444444e-05,0.0,6.678506498553037,0.0,6.678455170744987,-0.026183650713717664,6.678506498553037,-5.577236575849938,0.0,0.0,-1.000088900581841e-12,0,0,1.0,6.944444444444444e-05,0.0,6.9038434180036905,0.0,6.903763748272558,-0.032334674012425416,6.9038434180036905,1.1127450561381445,2.2204460492503132e-17,0.0,-1.000088900581841e-12,0.0,0.0,Train007,10.0
138,0,3,0.00020833333333333335,0.0,7.47541225389152,0.21359153489047053,-7.433078282771773,0.7895094901689744,7.474889831487835,-7.2732338801151615,7.133362675126875e-05,36.90934123178119,1.0986122886651097,0,0,3.0,0.00020833333333333335,0.0,8.660799247451836,0.2317841029646485,-8.61998352936177,0.8254211874254167,8.660018384608062,0.12942694982063738,9.03942344614217e-05,36.8143616373994,1.0986122886651097,0.0,0.0,Train007,10.0
138,1,1,6.944444444444444e-05,0.0,7.557567900105624,0.0,-7.5563392666949465,-0.1362697740183565,7.557567900105624,-7.415552782854213,0.0,0.0,-1.000088900581841e-12,0,0,1.0,6.944444444444444e-05,0.0,8.814620393924367,0.0,-8.813785260505785,-0.10477618825450655,8.814620393924367,-0.8535132709793178,2.2204460492503132e-17,0.0,-1.000088900581841e-12,0.0,0.0,Train007,10.0
138,2,1,6.944444444444444e-05,0.0,6.9480848042371814,0.0,6.945650355983274,-0.1839118791732925,6.9480848042371814,-6.84264624907172,0.0,0.0,-1.000088900581841e-12,0,0,1.0,6.944444444444444e-05,0.0,8.126580632733035,0.0,8.124733275566205,-0.16308656137607297,8.126580632733035,-1.183368674806416,0.0,0.0,-1.000088900581841e-12,0.0,0.0,Train007,10.0
138,3,2,0.0001388888888888889,0.0,6.721929487230974,0.4644913614591104,6.6722668436846,-0.561154151313875,6.695822489796877,-6.486790790234398,0.0039025253292901407,23.019676164582553,0.6931471805579453,0,0,2.0,0.0001388888888888889,0.0,7.740694439744798,0.4269604142859804,7.692211038918342,-0.596922997254394,7.715550455233926,0.936100563601746,0.003297331298119799,23.20640110945384,0.6931471805579453,0.0,0.0,Train007,10.0
138,4,2,0.0001388888888888889,0.0,8.237965647766533,0.6075107287461039,-0.6071318726191683,-0.16574769242457174,0.6293499887138543,-7.890495465709577,0.9799947709408604,37.23516051342213,0.6931471805579453,0,0,2.0,0.0001388888888888889,0.0,9.432523161106225,0.7173047639306919,-0.7168094484357466,-0.20441873191124849,0.7454452152332027,2.1548052862051845,0.9785284061547046,38.399644122407324,0.6931471805579453,0.0,0.0,Train007,10.0
138,5,1,6.944444444444444e-05,0.0,6.091539610082804,0.0,6.091493580111797,-0.023680892392861294,6.091539610082804,-5.869668884702328,0.0,0.0,-1.000088900581841e-12,0,0,1.0,6.944444444444444e-05,0.0,7.007025208791492,0.0,7.0069638011758,-0.029243971939000624,7.007025208791492,1.031817907878023,2.2204460492503132e-17,0.0,-1.000088900581841e-12,0.0,0.0,Train007,10.0
139,0,2,0.0001388888888888889,-1.0,8.595139364074097,0.07313061561212297,-8.589226006757123,0.30515504952582245,8.59464501881282,11.944441336163333,5.751867779757447e-05,83.83277363492755,0.6931471805579453,0,1,2.8,0.00019444444444444443,-0.2,8.519599481454595,0.19273250588961693,-8.482982589144324,0.7485779735878816,8.518984079467577,-1.2625636131048772,7.301210386323476e-05,46.261854809464225,1.0175192670436768,0.0,0.2,Train007,10.0
139,1,1,6.944444444444444e-05,0.0,9.514052897852721,0.0,-9.504768248920294,-0.4202178928322787,9.514052897852721,19.56484997747097,0.0,0.0,-1.000088900581841e-12,0,0,1.0,6.944444444444444e-05,0.0,8.79821038816738,0.0,-8.795518544839963,-0.18973845468130585,8.79821038816738,-0.16410005756987117,0.0,0.0,-1.000088900581841e-12,0.0,0.0,Train007,10.0
139,2,1,6.944444444444444e-05,0.0,10.128918775126145,0.0,10.128138005849173,0.12576202756178273,10.128918775126145,31.808339708889637,1.1102230246251565e-16,0.0,-1.000088900581841e-12,0,0,1.0,6.944444444444444e-05,0.0,8.372947579247612,0.0,8.370991403676843,-0.12495506670992015,8.372947579247612,2.463669465145789,2.2204460492503132e-17,0.0,-1.000088900581841e-12,0.0,0.0,Train007,10.0
139,3,2,0.0001388888888888889,0.0,8.814384451895183,0.3638685526612866,8.706742886612666,-0.9530068242720278,8.758743842623172,20.9245496466421,0.006323288141933947,23.47922758069403,0.6931471805579453,0,0,2.0,0.0001388888888888889,0.0,7.861643535083521,0.4574335102154869,7.798288821122017,-0.682785426935297,7.828677602422523,1.2094909533872447,0.0041590026607629445,23.17415946468018,0.6931471805579453,0.0,0.0,Train007,10.0
139,4,2,0.0001388888888888889,0.0,9.540811067536133,0.2557000560310332,-0.25569392993319795,-0.002621052943621388,0.2557073634513023,13.028454197696009,0.9997973081499055,32.86276051659186,0.6931471805579453,0,0,2.0,0.0001388888888888889,0.0,9.364027386815838,0.6083917067935236,-0.6080271721659026,-0.1555725924413044,0.6292182989781266,-0.6849577429038544,0.9834560452978472,36.71068737916587,0.6931471805579453,0.0,0.0,Train007,10.0
139,5,2,0.0001388888888888889,1.0,8.526134236324122,1.2298776610908098,8.513272383205669,0.3430737851473159,8.52018229222284,12.047169651505092,0.0007129216675159089,15.89004775215307,0.6931471805579453,1,0,1.2,8.333333333333334e-05,0.2,7.229484069634441,0.24597553221816196,7.226867188505952,0.046449535310979506,7.228293680814184,-0.23516671375214387,0.000142584333503204,3.178009550430614,0.13862943611078898,0.2,0.0,Train007,10.0
140,0,2,0.0001388888888888889,0.0,8.513244892142541,0.010331108898728125,-8.511356111328977,0.1087058618127258,8.51205027113031,-0.818944719315553,0.00014032519759121787,83.71832012552203,0.6931471805579453,0,0,2.6,0.00018055555555555555,-0.2,8.338438878475456,0.15118965406519877,-8.309990754516495,0.5927922341629095,8.33774678427846,-1.6621719829238812,8.357655177231305e-05,55.64634366511028,0.9364262454222441,0.0,0.2,Train007,10.0
140,1,1,6.944444444444444e-05,0.0,9.633681010065656,0.0,-9.621006880641747,-0.4940004112789822,9.633681010065656,1.1962811221293457,0.0,0.0,-1.000088900581841e-12,0,0,1.0,6.944444444444444e-05,0.0,8.80633054674401,0.0,-8.801225294705691,-0.26695402551380487,8.806330546744011,0.08120158576630203,0.0,0.0,-1.000088900581841e-12,0.0,0.0,Train007,10.0
140,2,1,6.944444444444444e-05,0.0,10.638300691866023,0.0,10.635903713574582,0.22581808193215624,10.638300691866023,5.093819167398781,1.1102230246251565e-16,0.0,-1.000088900581841e-12,0,0,1.0,6.944444444444444e-05,0.0,8.731240854404948,0.0,8.729138526631965,-0.045452714092747024,8.731240854404948,3.5829327515733747,4.4408920985006264e-17,0.0,-1.000088900581841e-12,0.0,0.0,Train007,10.0
140,3,2,0.0001388888888888889,0.0,9.02269684094076,0.30584043621910073,8.899727069045806,-1.0328488646111114,8.959459731514793,2.0831238904557736,0.007016761183325282,23.66244043520423,0.6931471805579453,0,0,2.0,0.0001388888888888889,0.0,7.983617343607255,0.4280767729862577,7.905870752272051,-0.7607228112779844,7.94326638306835,1.2197380852373227,0.004935015908177442,23.25859914123551,0.6931471805579453,0.0,0.0,Train007,10.0
140,4,2,0.0001388888888888889,0.0,9.43199462571473,0.11747856216391828,-0.11871656567030975,0.05413959085065423,0.13047880388028246,-1.088164418214026,0.9939800294594928,31.271629329372377,0.6931471805579453,0,0,2.0,0.0001388888888888889,0.0,9.20121643890187,0.47557130161575073,-0.47556295363668066,-0.0999984810440128,0.49282401465400394,-1.6281094791396984,0.9865947019323335,35.25115998135611,0.6931471805579453,0.0,0.0,Train007,10.0
140,5,2,0.0001388888888888889,0.0,8.303879617834696,1.0193688981366327,8.291486663533057,0.3298281951285049,8.298044211128804,-2.222546184894263,0.0007134883128254721,15.98084939856999,0.6931471805579453,0,0,1.4,9.722222222222222e-05,0.2,7.367258023786538,0.4498493118454885,7.362176007934059,0.11881730392112973,7.364900553625103,-1.0820157806606445,0.0002852819960682984,6.374179430144612,0.27725887222257806,0.2,0.0,Train007,10.0
141,0,2,0.0001388888888888889,0.0,7.984254827857029,0.012448278349247222,-7.982753209178695,0.03414076809493605,7.982826215739565,-5.28990064285511,0.0001789291075072752,83.67462211783814,0.6931471805579453,0,0,2.4,0.0001666666666666667,-0.2,8.154157395973645,0.10740608199871507,-8.134744600547672,0.4188027837980567,8.153312619359719,-1.6933807781506012,0.00010414377386271933,65.00693654847717,0.8553332238008112,0.0,0.2,Train007,10.0
141,1,1,6.944444444444444e-05,0.0,9.107800140247987,0.0,-9.094582421293985,-0.4905037991613199,9.107800140247987,-5.2588086981766935,0.0,0.0,-1.000088900581841e-12,0,0,1.0,6.944444444444444e-05,0.0,8.822445025332607,0.0,-8.814915262423316,-0.3369326224642158,8.822445025332607,0.16114478588597408,0.0,0.0,-1.000088900581841e-12,0.0,0.0,Train007,10.0
141,2,1,6.944444444444444e-05,0.0,10.188562708784449,0.0,10.18556251594532,0.24723734467663613,10.188562708784449,-4.497379830815742,0.0,0.0,-1.000088900581841e-12,0,0,1.0,6.944444444444444e-05,0.0,9.107243281831632,0.0,9.105015894937697,0.043722965178116795,9.107243281831632,3.760024274266823,4.4408920985006264e-17,0.0,-1.000088900581841e-12,0.0,0.0,Train007,10.0
141,3,2,0.0001388888888888889,0.0,8.563536153541229,0.2674714749069853,8.44235050168259,-0.9997120750555898,8.501335555444934,-4.591606873995326,0.007270543187524847,23.732431572853443,0.6931471805579453,0,0,2.0,0.0001388888888888889,0.0,8.098631099972511,0.379870080312209,8.007663546860735,-0.8313188498482458,8.051592742221642,1.1501375636525748,0.005666061016571277,23.38650626073865,0.6931471805579453,0.0,0.0,Train007,10.0
141,4,2,0.0001388888888888889,0.0,8.838698331602465,0.06250125660618533,-0.06421444227754325,0.0706463444383535,0.0954693698498027,-5.932962941122657,0.9918349703949596,30.729474437398984,0.6931471805579453,0,0,2.0,0.0001388888888888889,0.0,9.01529697339147,0.3422446421970161,-0.3426735735774197,-0.04536389559707645,0.36066123668419936,-1.8591946551039942,0.9890847907623123,33.87791607273493,0.6931471805579453,0.0,0.0,Train007,10.0
141,5,2,0.0001388888888888889,0.0,7.744772762265378,0.8934599241624399,7.733254550794875,0.3063086500546312,7.739318505946628,-5.591068555693184,0.0007137524148917995,16.00921449858503,0.6931471805579453,0,0,1.6,0.00011111111111111112,0.2,7.468966545012007,0.6285412966779764,7.461592469678076,0.18586921744477464,7.465518223586822,-1.4426701099269248,0.0004280324790466361,9.576022329861619,0.4158883083343672,0.2,0.0,Train007,10.0
142,0,2,0.0001388888888888889,0.0,7.3303713902262055,0.019581928586305253,-7.328935335772643,0.006258541070989415,7.328938008011338,-6.53883437630824,0.00019554158559609292,83.6580028120578,0.6931471805579453,0,0,2.2,0.00015277777777777777,-0.2,7.979684545638278,0.06581669326737483,-7.969069789161843,0.2487539421346896,7.9786698690363735,-1.5952944564861453,0.00012872963904868583,74.35861198442534,0.7742402021793783,0.0,0.2,Train007,10.0
142,1,1,6.944444444444444e-05,0.0,8.388792217257851,0.0,-8.376148933174651,-0.46039538833816096,8.388792217257851,-7.190079229901354,0.0,0.0,-1.000088900581841e-12,0,0,1.0,6.944444444444444e-05,0.0,8.84037883310597,0.0,-8.830569150145125,-0.4002774531258195,8.840378833105968,0.17933807773361182,0.0,0.0,-1.000088900581841e-12,0.0,0.0,Train007,10.0
142,2,1,6.944444444444444e-05,0.0,9.43231998724189,0.0,9.429263465282382,0.24010590166366472,9.43231998724189,-7.562427215425593,1.1102230246251565e-16,0.0,-1.000088900581841e-12,0,0,1.0,6.944444444444444e-05,0.0,9.467237393451137,0.0,9.464903611326946,0.13100229533218943,9.467237393451137,3.599941116195077,6.661338147750939e-17,0.0,-1.000088900581841e-12,0.0,0.0,Train007,10.0
142,3,2,0.0001388888888888889,0.0,7.899697568627331,0.23833209327474147,7.786251277062313,-0.929320885662259,7.841514283483935,-6.638385849138979,0.007371989754962782,23.758110227770896,0.6931471805579453,0,0,2.0,0.0001388888888888889,0.0,8.204448900447096,0.32800078370424474,8.101467715617593,-0.8952085601829726,8.151375180572742,1.0581780047458342,0.0063770215194074,23.530377196221032,0.6931471805579453,0.0,0.0,Train007,10.0
142,4,2,0.0001388888888888889,0.0,8.112131222251435,0.039742086939015486,-0.041535345671769086,0.0722121746854215,0.08330536064906734,-7.265671093510306,0.9909745928282908,30.581548378072974,0.6931471805579453,0,0,2.0,0.0001388888888888889,0.0,8.83232017897426,0.21658653809725123,-0.21745843123439768,0.005725872921247277,0.2388621773088618,-1.829767944172111,0.9913163343547019,32.53611463497167,0.6931471805579453,0.0,0.0,Train007,10.0
142,5,2,0.0001388888888888889,0.0,7.087839439156157,0.7904597578489514,7.077320748233189,0.27961999137038557,7.082842389390431,-6.569333231092203,0.0007138995796918124,16.0229310677178,0.6931471805579453,0,0,1.8,0.000125,0.2,7.550833133132632,0.7866332482477667,7.541365585175717,0.24702994586159527,7.546385401754302,-1.641089440975378,0.0005708123949849986,12.780608543405178,0.5545177444461562,0.2,0.0,Train007,10.0
143,0,2,0.0001388888888888889,0.0,6.671569708409811,0.020835184197689482,-6.670216920732537,-0.0037834433537402706,6.670217993744302,-6.588016818163944,0.0002026101666232627,83.65174932635023,0.6931471805579453,0,0,2.0,0.0001388888888888889,-0.2,7.818916036541937,0.027265423128818612,-7.816497516753995,0.09009535543014666,7.817735501487666,-1.4582510440959018,0.00015498494702308462,83.70709360333915,0.6931471805579453,0.0,0.2,Train007,10.0
143,1,1,6.944444444444444e-05,0.0,7.645107109323886,0.0,-7.633405607174907,-0.42282567257124365,7.645107109323886,-7.43685107933965,0.0,0.0,-1.000088900581841e-12,0,0,1.0,6.944444444444444e-05,0.0,8.85788667494962,0.0,-8.845982418241118,-0.45758863283639695,8.85788667494962,0.17507841843652444,0.0,0.0,-1.000088900581841e-12,0.0,0.0,Train007,10.0
143,2,1,6.944444444444444e-05,0.0,8.614241659602053,0.0,8.611342115996969,0.22348675862426282,8.614241659602053,-8.180783276398369,1.1102230246251565e-16,0.0,-1.000088900581841e-12,0,0,1.0,6.944444444444444e-05,0.0,9.800468764524112,0.0,9.798041963329684,0.2124820228917005,9.800468764524112,3.332313710729747,8.881784197001253e-17,0.0,-1.000088900581841e-12,0.0,0.0,Train007,10.0
143,3,2,0.0001388888888888889,0.0,7.203935386114916,0.21414269024784405,7.099855026984474,-0.8501481658613711,7.150572935654468,-6.957621825124156,0.00741397830888979,23.766779658160093,0.6931471805579453,0,0,2.0,0.0001388888888888889,0.0,8.300850080223883,0.27793104946199143,8.18698535227757,-0.9530073630924718,8.24232526974426,0.9640117977678822,0.00707931211532733,23.679797894936534,0.6931471805579453,0.0,0.0,Train007,10.0
143,4,2,0.0001388888888888889,0.0,7.382108184046032,0.02951269254339417,-0.031230547850194412,0.06850115486460086,0.07528449599225137,-7.30023038205402,0.9906179683595118,30.578906243605164,0.6931471805579453,0,0,2.0,0.0001388888888888889,0.0,8.66114868623016,0.10098693085670929,-0.10227816628060289,0.0525756423790818,0.12804907876454125,-1.7117149274409997,0.9934409738384321,31.20486378100827,0.6931471805579453,0.0,0.0,Train007,10.0
143,5,2,0.0001388888888888889,0.0,6.435713646118325,0.7015337338321301,6.426179069088267,0.2534037565560275,6.431173368198439,-6.521257930378326,0.0007139682981944784,16.032578976408313,0.6931471805579453,0,0,2.0,0.0001388888888888889,0.2,7.619667940339736,0.9269399950141928,7.608302682971012,0.30244687565137307,7.614312153377429,-1.7714072501105775,0.0007136060546238943,15.98712433868684,0.6931471805579453,0.2,0.0,Train007,10.0
144,0,3,0.00020833333333333335,1.0,9.78600471202588,1.4620422628347318,-9.784985348180314,-0.07987456790877233,9.785311349706866,21.77361130940978,6.871236122152347e-05,37.14623820035471,1.0986122886651097,1,0,2.2,0.00015277777777777777,0.2,8.057089106132294,0.3050477525733404,-8.055649385038633,0.013089431943227712,8.055868767666476,0.5075829505533875,0.00015722368370787442,74.36978651642458,0.7742402021793782,0.2,0.0,Train007,10.0
144,1,2,0.0001388888888888889,1.0,5.084008053619096,5.084008053619096,-5.082982651174185,0.10210414842737925,5.084008053619096,25.22908997914305,0.9899577954902106,40.078197874513094,0.6931471805579453,1,0,1.2,8.333333333333333e-05,0.2,7.9718777061028945,1.0168016107238191,-7.961625298691895,-0.3531242245844654,7.971877706102896,1.3079264187709405,0.1979915590980421,8.015639574902618,0.13862943611078898,0.2,0.0,Train007,10.0
144,2,1,6.944444444444444e-05,0.0,10.188803302515389,0.0,10.176571803496074,0.49909825248857814,10.188803302515389,15.74561642913336,1.1102230246251565e-16,0.0,-1.000088900581841e-12,0,0,1.0,6.944444444444444e-05,0.0,9.81244567000196,0.0,9.807728722859064,0.2871492678770596,9.81244567000196,0.11976905477849158,8.881784197001253e-17,0.0,-1.000088900581841e-12,0.0,0.0,Train007,10.0
144,3,2,0.0001388888888888889,0.0,8.41293428425166,0.4809968232039892,8.3580104594603,-0.91990634296908,8.408481820179103,12.089988981367458,0.000530976444359843,24.732948282889662,0.6931471805579453,0,0,2.0,0.0001388888888888889,0.0,8.22056004669518,0.30135670357053196,8.117238866847098,-0.9463872668318822,8.172272865255447,-0.8029003352870461,0.005920849775812509,23.930542035375662,0.6931471805579453,0.0,0.0,Train007,10.0
144,4,2,0.0001388888888888889,0.0,9.501650932624687,1.0522821081508589,-1.0566835564922696,0.06318524901171149,1.0585709774284497,21.195427485786546,0.9877989842898232,24.867361172944886,0.6931471805579453,0,0,2.0,0.0001388888888888889,0.0,8.653316659247869,0.26030334128067445,-0.26247609159241725,0.06573690277014838,0.28862180155997075,-0.07832026982289193,0.9910413090664155,29.605783912278877,0.6931471805579453,0.0,0.0,Train007,10.0
144,5,2,0.0001388888888888889,0.0,8.071084507769227,0.5085620515819129,8.051027998700654,0.5271566078903451,8.068267839202186,16.353708616509017,0.0003503739985037946,16.182237022641694,0.6931471805579453,0,0,2.0,0.0001388888888888889,0.0,7.528657994628756,0.7826768731124134,7.515853806070008,0.33926344019997884,7.523929262773298,-0.9100994571097928,0.0006410965208214714,16.045562192784566,0.6931471805579453,0.0,0.0,Train007,10.0
145,0,3,0.00020833333333333335,0.0,9.810811536731935,1.294943743381004,-9.809007331474952,-0.12419595032563802,9.809793548439572,0.24806824706052666,0.00010960659468950418,36.70118841643437,1.0986122886651097,0,0,2.4,0.0001666666666666667,0.2,8.316602435050171,0.5619702794697956,-8.315179629067828,-0.033490930484445056,8.315417423128329,0.7209855438286035,0.0001510799631275317,64.96636017460705,0.855333223800811,0.2,0.0,Train007,10.0
145,1,2,0.0001388888888888889,0.0,5.226997879353055,5.226997879353055,-5.2229807525021466,0.2048875051179365,5.226997879353055,1.4298982573395946,0.9803972675173537,41.389443520680736,0.6931471805579453,0,0,1.4,9.722222222222222e-05,0.2,7.090541079960376,2.06220118659443,-7.082020073063974,-0.21334664130508166,7.090541079960374,1.3546498458129903,0.39407101260151284,16.293528279038764,0.27725887222257806,0.2,0.0,Train007,10.0
145,2,1,6.944444444444444e-05,0.0,10.136033951326699,0.0,10.120255619666258,0.5653410077652818,10.136033951326699,-0.527693511886902,0.0,0.0,-1.000088900581841e-12,0,0,1.0,6.944444444444444e-05,0.0,9.711992321894096,0.0,9.704599104077401,0.3550538530436847,9.711992321894096,-1.004533481078645,6.661338147750939e-17,0.0,-1.000088900581841e-12,0.0,0.0,Train007,10.0
145,3,2,0.0001388888888888889,0.0,8.349946567736303,0.6975478137280136,8.302230301395078,-0.88991729352134,8.34978926480848,-0.6298771651535784,1.8971191887318106e-05,25.126129531356295,0.6931471805579453,0,0,2.0,0.0001388888888888889,0.0,8.086009992054288,0.3796981790723145,7.997739513316951,-0.9178009526139279,8.050338771914184,-1.3455005464089165,0.004521291777524916,24.22327985460608,0.6931471805579453,0.0,0.0,Train007,10.0
145,4,2,0.0001388888888888889,0.0,9.678479318189485,1.3449777630497772,-1.3503063369264483,0.05761697859130774,1.3515350235068695,1.7682838556479918,0.9861263801260286,22.814106827524736,0.6931471805579453,0,0,2.0,0.0001388888888888889,0.0,8.702613597742822,0.5058031814578462,-0.508794045843645,0.06643238031827907,0.5328330454852882,0.49296938494951126,0.9894705791997227,27.914279411909348,0.6931471805579453,0.0,0.0,Train007,10.0
145,5,2,0.0001388888888888889,0.0,8.15764940182402,0.4041715296924022,8.13393995653912,0.5903878571015138,8.155337947528388,0.8656489405479295,0.0002840454298869144,16.244229901834785,0.6931471805579453,0,0,2.0,0.0001388888888888889,0.0,7.499411951426621,0.6596373994235674,7.484344464671222,0.39137537259458066,7.495388010053214,-0.29246043202135397,0.0005552079442337598,16.098238293437525,0.6931471805579453,0.0,0.0,Train007,10.0
146,0,3,0.00020833333333333335,0.0,9.249073231141844,1.1856128974857003,-9.246996226898801,-0.13186305409006252,9.247936369013068,-5.617383055900896,0.00013246644824105314,36.53885276958761,1.0986122886651097,0,0,2.6,0.00018055555555555557,0.2,8.569566115707136,0.7966032032970862,-8.568028232611848,-0.06669169492144476,8.568439453783029,0.6554890612194461,0.00014178743127428727,55.53920630495695,0.9364262454222441,0.2,0.0,Train007,10.0
146,1,2,0.0001388888888888889,0.0,4.969139749591843,4.969139749591843,-4.963883953602053,0.2284862055917863,4.969139749591843,-2.5785812976121214,0.9770033991976502,41.8544130740237,0.6931471805579453,0,0,1.6,0.00011111111111111112,0.2,6.262809001829146,3.056029136512799,-6.255880379525588,-0.06954864035446043,6.262809001829146,1.8906953259259047,0.5894716924410429,24.664410893843506,0.4158883083343672,0.2,0.0,Train007,10.0
146,2,1,6.944444444444444e-05,0.0,9.520731993213733,0.0,9.504540208743268,0.555025321031413,9.520731993213733,-6.153019581129655,0.0,0.0,-1.000088900581841e-12,0,0,1.0,6.944444444444444e-05,0.0,9.578426178779953,0.0,9.568394642636992,0.41661144831464003,9.578426178779953,-1.3356614311414277,6.661338147750939e-17,0.0,-1.000088900581841e-12,0.0,0.0,Train007,10.0
146,3,2,0.0001388888888888889,0.0,7.837594490495525,0.7318489401845563,7.793778823870382,-0.8270832173779185,7.837541387697969,-5.123520772407777,6.834990823656462e-06,25.275330129121716,0.6931471805579453,0,0,2.0,0.0001388888888888889,0.0,7.940821659445147,0.47257367212782875,7.868025177754509,-0.8832751810783936,7.917579938364791,-1.4518833260914066,0.003068550138184678,24.531859565859733,0.6931471805579453,0.0,0.0,Train007,10.0
146,4,2,0.0001388888888888889,0.0,9.169793471713202,1.3672872720139173,-1.3726638759979743,0.0522897713676429,1.3736594689585415,-5.086858464762827,0.9854246941016807,22.103455490307528,0.6931471805579453,0,0,2.0,0.0001388888888888889,0.0,8.768832625764968,0.7667603845393927,-0.7704839325877312,0.06276106570413695,0.7884710653070359,0.6621902802214773,0.9881885239410669,26.18907562249106,0.6931471805579453,0.0,0.0,Train007,10.0
146,5,2,0.0001388888888888889,0.0,7.702716643950727,0.33953563274694876,7.67904335601188,0.5770812015052511,7.700696694237537,-4.549327578732929,0.0002627492114583019,16.27098816742503,0.6931471805579453,0,0,2.0,0.0001388888888888889,0.0,7.4910007277636925,0.5488525411404691,7.473502225714621,0.44552988288470463,7.487663647711396,-0.084112236629303,0.00046500730354706035,16.150593027205524,0.6931471805579453,0.0,0.0,Train007,10.0
147,0,3,0.00020833333333333335,0.0,8.508920535340701,1.079881963488106,-8.506856669266211,-0.12677038470649174,8.507801191957746,-7.4015269580114245,0.00014267602804196589,36.47967882883835,1.0986122886651097,0,0,2.8,0.00019444444444444443,0.2,8.805275944730035,1.0086632102774462,-8.803612499310564,-0.09329748007694098,8.80421209057231,0.48295054487880956,0.00013121431976346188,46.10354150831306,1.0175192670436768,0.2,0.0,Train007,10.0
147,1,2,0.0001388888888888889,0.0,4.586988753496024,4.586988753496024,-4.581554384782654,0.2232156893630853,4.586988753496024,-3.8215099609581937,0.9756613931665683,41.997804628592476,0.6931471805579453,0,0,1.8,0.000125,0.2,5.502448309076781,3.9734268872120033,-5.496961469847189,0.06717357518578884,5.502448309076781,2.564409179714537,0.7846039710743565,33.063971819562,0.5545177444461562,0.2,0.0,Train007,10.0
147,2,1,6.944444444444444e-05,0.0,8.746367569865553,0.0,8.73097042044266,0.5187496357118764,8.746367569865553,-7.743644233481799,0.0,0.0,-1.000088900581841e-12,0,0,1.0,6.944444444444444e-05,0.0,9.441235695304687,0.0,9.428736033669045,0.4723401951242824,9.441235695304687,-1.3719048347526688,4.4408920985006264e-17,0.0,-1.000088900581841e-12,0.0,0.0,Train007,10.0
147,3,2,0.0001388888888888889,0.0,7.1982764817156815,0.7006773760778389,7.158197521048416,-0.7565538694069183,7.1980667896080455,-6.393180087798438,2.9409536484337195e-05,25.328074965580385,0.6931471805579453,0,0,2.0,0.0001388888888888889,0.0,7.800537442062817,0.5650427286884482,7.74241442655173,-0.8487217778273255,7.788890439589613,-1.4028421738232983,0.001600034094488989,24.84585251342163,0.6931471805579453,0.0,0.0,Train007,10.0
147,4,2,0.0001388888888888889,0.0,8.45309412026226,1.2944833432843317,-1.299565974271522,0.047360312930275705,1.3004286680649362,-7.166993514509419,0.9851308416094421,21.890774747977474,0.6931471805579453,0,0,2.0,0.0001388888888888889,0.0,8.837025205367134,1.017708635808456,-1.0220900583076817,0.05779069335310779,1.0318957267902096,0.6819257960216548,0.9870197736972972,24.450920896471956,0.6931471805579453,0.0,0.0,Train007,10.0
147,5,2,0.0001388888888888889,0.0,7.088011031054762,0.2940042149047004,7.065744828576756,0.5381560110820867,7.086209273992898,-6.147056128959649,0.0002546359960944322,16.28368789361432,0.6931471805579453,0,0,2.0,0.0001388888888888889,0.0,7.491035046143412,0.4495614325516189,7.4711870417833355,0.4972370868270448,7.488337024631889,0.0003431837972076579,0.0003731545868275843,16.20274439238483,0.6931471805579453,0.0,0.0,Train007,10.0
148,0,3,0.00020833333333333335,0.0,7.749311639683214,0.9784859993124986,-7.747371685305943,-0.1175390112262495,7.748263253751792,-7.596088956574884,0.00014707571502270422,36.458502898713014,1.0986122886651097,0,0,3.0,0.00020833333333333335,0.2,9.020824330984714,1.200193373300408,-9.019043452225244,-0.11604859365144285,9.019821142573807,0.2813361171966216,0.00012010742944335018,36.66489222278561,1.0986122886651097,0.2,0.0,Train007,10.0
148,1,2,0.0001388888888888889,0.0,4.184167544728188,4.184167544728188,-4.178982563046839,0.2082373167979027,4.184167544728188,-4.028212087678353,0.9751083272833063,42.021085575648044,0.6931471805579453,0,0,2.0,0.0001388888888888889,0.2,4.810260396157641,4.810260396157641,-4.806076861021576,0.19338617305961808,4.810260396157641,3.2461369780467964,0.9796256365310179,41.46818893469161,0.6931471805579453,0.2,0.0,Train007,10.0
148,2,1,6.944444444444444e-05,0.0,7.962408093431105,0.0,7.948191319283932,0.47560214296899994,7.962408093431105,-7.839594764344486,0.0,0.0,-1.000088900581841e-12,0,0,1.0,6.944444444444444e-05,0.0,9.310868982070495,0.0,9.29610587432644,0.5227632719932298,9.310868982070495,-1.3036671323418922,2.2204460492503132e-17,0.0,-1.000088900581841e-12,0.0,0.0,Train007,10.0
148,3,2,0.0001388888888888889,0.0,6.5523957613971575,0.6485970633835456,6.5159442137822206,-0.687509503573126,6.552114034006533,-6.458807203185244,4.342155446068752e-05,25.343815682487335,0.6931471805579453,0,0,2.0,0.0001388888888888889,0.0,7.670229517119266,0.6519336033155885,7.62563226391128,-0.8161940453696765,7.669198659260026,-1.303079249435516,0.00012592274360316845,25.161259718287077,0.6931471805579453,0.0,0.0,Train007,10.0
148,4,2,0.0001388888888888889,0.0,7.706417983779659,1.192965035999471,-1.1976471891664633,0.04285941698588494,1.1984138347593873,-7.4667613648260245,0.9850069845480415,21.861947039341757,0.6931471805579453,0,0,2.0,0.0001388888888888889,0.0,8.901887165313859,1.2503991044996714,-1.2553733865709353,0.052662345777364616,1.2565215945436368,0.648619599467254,0.9858975769350031,22.707529055619275,0.6931471805579453,0.0,0.0,Train007,10.0
148,5,2,0.0001388888888888889,0.0,6.45496387646422,0.2586978303479963,6.434506077780068,0.4927286171273692,6.453344090866756,-6.330471545905425,0.0002513401827139994,16.290672648851825,0.6931471805579453,0,0,2.0,0.0001388888888888889,0.0,7.494885092212591,0.3609942518547921,7.472852443521695,0.5451020589413131,7.492771169165553,0.03850046069178781,0.0002806289637314885,16.254363126873532,0.6931471805579453,0.0,0.0,Train007,10.0
149,0,3,0.00020833333333333335,0.0,9.500476311505883,0.8512584366388083,-9.48632107769297,0.2847384964804786,9.49059342720253,17.5116467182267,0.0010074386763616605,36.64796477392024,1.0986122886651097,0,0,3.0,0.00020833333333333335,0.0,8.963718650880717,1.0780366080612236,-8.959310598127775,-0.043125980773592656,8.96087755807294,-0.5710568010399946,0.0003078526924713776,36.56523753749872,1.0986122886651097,0.0,0.0,Train007,10.0
149,1,2,0.0001388888888888889,0.0,11.807965593778595,2.4540940462440304,-11.789641202563654,0.5515652290085702,11.802536332798889,76.23798049050407,0.000480558935631481,38.827188199127356,0.6931471805579453,0,0,2.0,0.0001388888888888889,0.0,6.155051904189541,4.284277594682628,-6.14740857129947,0.2832783891758563,6.1539660519936,13.447915080319001,0.7817301892201021,41.21798699961446,0.6931471805579453,0.0,0.0,Train007,10.0
149,2,1,6.944444444444444e-05,0.0,10.154708480341464,0.0,10.153769824396885,0.13806764242968894,10.154708480341464,21.923003869103592,0.0,0.0,-1.000088900581841e-12,0,0,1.0,6.944444444444444e-05,0.0,9.30405001763571,0.0,9.2915454785066,0.450557149981452,9.30405001763571,-0.06818964434784576,0.0,0.0,-1.000088900581841e-12,0.0,0.0,Train007,10.0
149,3,2,0.0001388888888888889,0.0,7.71601949138889,0.3141823527022787,7.676531293478808,-0.7703201954489638,7.715084309537774,11.636237299917326,0.00012140132951221627,24.89327159087723,0.6931471805579453,0,0,2.0,0.0001388888888888889,0.0,7.5308465585467115,0.6185707092152464,7.489336430714981,-0.7862768158656532,7.530519157131761,-1.3938295857255425,4.400772063364311e-05,25.193324379884594,0.6931471805579453,0.0,0.0,Train007,10.0
149,4,2,0.0001388888888888889,0.0,9.632274234507587,0.7966272396131258,-0.7971578390911311,0.038769708017178106,0.7981000630774182,19.25856250727928,0.994951293763626,16.321031812520342,0.6931471805579453,0,0,2.0,0.0001388888888888889,0.0,8.928011825690438,1.1992681307921247,-1.203468243090708,0.047779237578457937,1.2044274116734306,0.26124660376580094,0.9873280388297638,20.99826318353437,0.6931471805579453,0.0,0.0,Train007,10.0
149,5,2,0.0001388888888888889,0.0,8.064321640409828,0.9694412665745173,8.058690001407044,0.29903197079229416,8.064236148472698,16.09357763945608,1.0756705213443851e-05,15.91707842839092,0.6931471805579453,0,0,2.0,0.0001388888888888889,0.0,7.493532518740712,0.453170094853313,7.474384844062973,0.49947713152170303,7.491964831019655,-0.013525734718800208,0.00021270550507341835,16.201331408023375,0.6931471805579453,0.0,0.0,Train007,10.0
