frame_idx,zone_id,count,density,delta_count,speed_mean,speed_std,flow_x,flow_y,flow_magnitude,accel_mean,flow_divergence,compression,spatial_entropy,zone_inflow,zone_outflow,count_sm,density_sm,delta_count_sm,speed_mean_sm,speed_std_sm,flow_x_sm,flow_y_sm,flow_magnitude_sm,accel_mean_sm,flow_divergence_sm,compression_sm,spatial_entropy_sm,zone_inflow_sm,zone_outflow_sm,vid_id,fps
0,0,1,6.944444444444444e-05,0.0,0.0,0.0,0.0,0.0,0.0,0.0,0.0,0.0,-1.000088900581841e-12,1,0,1.0,6.944444444444444e-05,0.0,0.0,0.0,0.0,0.0,0.0,0.0,0.0,0.0,-1.000088900581841e-12,1.0,0.0,Train004,10.0
0,1,2,0.0001388888888888889,0.0,0.0,0.0,0.0,0.0,0.0,0.0,0.0,68.0,0.6931471805579453,2,0,2.0,0.0001388888888888889,0.0,0.0,0.0,0.0,0.0,0.0,0.0,0.0,68.0,0.6931471805579453,2.0,0.0,Train004,10.0
0,2,2,0.0001388888888888889,0.0,0.0,0.0,0.0,0.0,0.0,0.0,0.0,66.6802069582871,0.6931471805579453,2,0,2.0,0.0001388888888888889,0.0,0.0,0.0,0.0,0.0,0.0,0.0,0.0,66.6802069582871,0.6931471805579453,2.0,0.0,Train004,10.0
0,3,0,0.0,0.0,0.0,0.0,0.0,0.0,0.0,0.0,0.0,0.0,0.0,0,0,0.0,0.0,0.0,0.0,0.0,0.0,0.0,0.0,0.0,0.0,0.0,0.0,0.0,0.0,Train004,10.0
0,4,0,0.0,0.0,0.0,0.0,0.0,0.0,0.0,0.0,0.0,0.0,0.0,0,0,0.0,0.0,0.0,0.0,0.0,0.0,0.0,0.0,0.0,0.0,0.0,0.0,0.0,0.0,Train004,10.0
0,5,1,6.944444444444444e-05,0.0,0.0,0.0,0.0,0.0,0.0,0.0,0.0,0.0,-1.000088900581841e-12,1,0,1.0,6.944444444444444e-05,0.0,0.0,0.0,0.0,0.0,0.0,0.0,0.0,0.0,-1.000088900581841e-12,1.0,0.0,Train004,10.0
1,0,1,6.944444444444444e-05,0.0,0.0,0.0,0.0,0.0,0.0,0.0,0.0,0.0,-1.000088900581841e-12,0,0,1.0,6.944444444444444e-05,0.0,0.0,0.0,0.0,0.0,0.0,0.0,0.0,0.0,-1.000088900581841e-12,0.5,0.0,Train004,10.0
1,1,2,0.0001388888888888889,0.0,0.0,0.0,0.0,0.0,0.0,0.0,0.0,68.0,0.6931471805579453,0,0,2.0,0.0001388888888888889,0.0,0.0,0.0,0.0,0.0,0.0,0.0,0.0,68.0,0.6931471805579453,1.0,0.0,Train004,10.0
1,2,2,0.0001388888888888889,0.0,0.0,0.0,0.0,0.0,0.0,0.0,0.0,66.6802069582871,0.6931471805579453,0,0,2.0,0.0001388888888888889,0.0,0.0,0.0,0.0,0.0,0.0,0.0,0.0,66.6802069582871,0.6931471805579453,1.0,0.0,Train004,10.0
1,3,0,0.0,0.0,0.0,0.0,0.0,0.0,0.0,0.0,0.0,0.0,0.0,0,0,0.0,0.0,0.0,0.0,0.0,0.0,0.0,0.0,0.0,0.0,0.0,0.0,0.0,0.0,Train004,10.0
1,4,0,0.0,0.0,0.0,0.0,0.0,0.0,0.0,0.0,0.0,0.0,0.0,0,0,0.0,0.0,0.0,0.0,0.0,0.0,0.0,0.0,0.0,0.0,0.0,0.0,0.0,0.0,Train004,10.0
1,5,1,6.944444444444444e-05,0.0,0.0,0.0,0.0,0.0,0.0,0.0,0.0,0.0,-1.000088900581841e-12,0,0,1.0,6.944444444444444e-05,0.0,0.0,0.0,0.0,0.0,0.0,0.0,0.0,0.0,-1.000088900581841e-12,0.5,0.0,Train004,10.0
2,0,1,6.944444444444444e-05,0.0,0.0,0.0,0.0,0.0,0.0,0.0,0.0,0.0,-1.000088900581841e-12,0,0,1.0,6.944444444444444e-05,0.0,0.0,0.0,0.0,0.0,0.0,0.0,0.0,0.0,-1.000088900581841e-12,0.3333333333333333,0.0,Train004,10.0
2,1,2,0.0001388888888888889,0.0,0.0,0.0,0.0,0.0,0.0,0.0,0.0,68.0,0.6931471805579453,0,0,2.0,0.0001388888888888889,0.0,0.0,0.0,0.0,0.0,0.0,0.0,0.0,68.0,0.6931471805579453,0.6666666666666666,0.0,Train004,10.0
2,2,2,0.0001388888888888889,0.0,0.0,0.0,0.0,0.0,0.0,0.0,0.0,66.6802069582871,0.6931471805579453,0,0,2.0,0.0001388888888888889,0.0,0.0,0.0,0.0,0.0,0.0,0.0,0.0,66.6802069582871,0.6931471805579453,0.6666666666666666,0.0,Train004,10.0
2,3,0,0.0,0.0,0.0,0.0,0.0,0.0,0.0,0.0,0.0,0.0,0.0,0,0,0.0,0.0,0.0,0.0,0.0,0.0,0.0,0.0,0.0,0.0,0.0,0.0,0.0,0.0,Train004,10.0
2,4,0,0.0,0.0,0.0,0.0,0.0,0.0,0.0,0.0,0.0,0.0,0.0,0,0,0.0,0.0,0.0,0.0,0.0,0.0,0.0,0.0,0.0,0.0,0.0,0.0,0.0,0.0,Train004,10.0
2,5,1,6.944444444444444e-05,0.0,0.0,0.0,0.0,0.0,0.0,0.0,0.0,0.0,-1.000088900581841e-12,0,0,1.0,6.944444444444444e-05,0.0,0.0,0.0,0.0,0.0,0.0,0.0,0.0,0.0,-1.000088900581841e-12,0.3333333333333333,0.0,Train004,10.0
3,0,1,6.944444444444444e-05,0.0,0.0,0.0,0.0,0.0,0.0,0.0,0.0,0.0,-1.000088900581841e-12,0,0,1.0,6.944444444444444e-05,0.0,0.0,0.0,0.0,0.0,0.0,0.0,0.0,0.0,-1.000088900581841e-12,0.25,0.0,Train004,10.0
3,1,2,0.0001388888888888889,0.0,0.0,0.0,0.0,0.0,0.0,0.0,0.0,68.0,0.6931471805579453,0,0,2.0,0.0001388888888888889,0.0,0.0,0.0,0.0,0.0,0.0,0.0,0.0,68.0,0.6931471805579453,0.5,0.0,Train004,10.0
3,2,2,0.0001388888888888889,0.0,0.0,0.0,0.0,0.0,0.0,0.0,0.0,66.6802069582871,0.6931471805579453,0,0,2.0,0.0001388888888888889,0.0,0.0,0.0,0.0,0.0,0.0,0.0,0.0,66.6802069582871,0.6931471805579453,0.5,0.0,Train004,10.0
3,3,0,0.0,0.0,0.0,0.0,0.0,0.0,0.0,0.0,0.0,0.0,0.0,0,0,0.0,0.0,0.0,0.0,0.0,0.0,0.0,0.0,0.0,0.0,0.0,0.0,0.0,0.0,Train004,10.0
3,4,0,0.0,0.0,0.0,0.0,0.0,0.0,0.0,0.0,0.0,0.0,0.0,0,0,0.0,0.0,0.0,0.0,0.0,0.0,0.0,0.0,0.0,0.0,0.0,0.0,0.0,0.0,Train004,10.0
3,5,1,6.944444444444444e-05,0.0,0.0,0.0,0.0,0.0,0.0,0.0,0.0,0.0,-1.000088900581841e-12,0,0,1.0,6.944444444444444e-05,0.0,0.0,0.0,0.0,0.0,0.0,0.0,0.0,0.0,-1.000088900581841e-12,0.25,0.0,Train004,10.0
4,0,1,6.944444444444444e-05,0.0,9.948035016874636,0.0,-9.8480522278786,1.4068646039826571,9.948035016874636,99.48035016874636,0.0,0.0,-1.000088900581841e-12,0,0,1.0,6.944444444444444e-05,0.0,1.9896070033749271,0.0,-1.9696104455757202,0.2813729207965314,1.9896070033749271,19.89607003374927,0.0,0.0,-1.000088900581841e-12,0.2,0.0,Train004,10.0
4,1,2,0.0001388888888888889,0.0,13.357598642069231,7.556947278905976,-6.330890717921957,-10.55148452986993,12.305039742575188,133.57598642069232,0.11832540123205626,68.57858492996169,0.6931471805579453,0,0,2.0,0.0001388888888888889,0.0,2.671519728413846,1.511389455781195,-1.2661781435843913,-2.110296905973986,2.4610079485150376,26.715197284138462,0.02366508024641125,68.11571698599235,0.6931471805579453,0.4,0.0,Train004,10.0
4,2,2,0.0001388888888888889,0.0,10.09508196660375,0.14704694972911359,0.0,-0.7034323019913286,0.7034323019913286,100.95081966603749,0.9318515576275196,72.25886524216648,0.6931471805579453,0,0,2.0,0.0001388888888888889,0.0,2.01901639332075,0.029409389945822716,0.0,-0.1406864603982657,0.1406864603982657,20.190163933207497,0.18637031152550393,67.79593861506298,0.6931471805579453,0.4,0.0,Train004,10.0
4,3,0,0.0,0.0,0.0,0.0,0.0,0.0,0.0,0.0,0.0,0.0,0.0,0,0,0.0,0.0,0.0,0.0,0.0,0.0,0.0,0.0,0.0,0.0,0.0,0.0,0.0,0.0,Train004,10.0
4,4,0,0.0,0.0,0.0,0.0,0.0,0.0,0.0,0.0,0.0,0.0,0.0,0,0,0.0,0.0,0.0,0.0,0.0,0.0,0.0,0.0,0.0,0.0,0.0,0.0,0.0,0.0,Train004,10.0
4,5,1,6.944444444444444e-05,0.0,7.173630068690555,0.0,7.034323019913286,-1.4068646039826571,7.173630068690555,71.73630068690555,1.1102230246251565e-16,0.0,-1.000088900581841e-12,0,0,1.0,6.944444444444444e-05,0.0,1.434726013738111,0.0,1.4068646039826571,-0.2813729207965314,1.434726013738111,14.34726013738111,2.2204460492503132e-17,0.0,-1.000088900581841e-12,0.2,0.0,Train004,10.0
5,0,1,6.944444444444444e-05,0.0,9.500360876037288,0.0,-9.40487743883147,1.343553919833066,9.500360876037288,-4.476741408373481,0.0,0.0,-1.000088900581841e-12,0,0,1.0,6.944444444444444e-05,0.0,3.889679178582385,0.0,-3.850585933342014,0.5500837047631446,3.889679178582385,19.000721752074575,0.0,0.0,-1.000088900581841e-12,0.0,0.0,Train004,10.0
5,1,2,0.0001388888888888889,0.0,12.756489831575994,7.21687510639162,-6.045992639248796,-10.076654398747994,11.75129741201617,-6.011088104932387,0.11832540123205626,68.82580532762164,0.6931471805579453,0,0,2.0,0.0001388888888888889,0.0,5.222817694729045,2.954764477059519,-2.4753766714341507,-4.125627785723585,4.811267430918272,25.512979663151988,0.0473301604928225,68.28087805151667,0.6931471805579453,0.0,0.0,Train004,10.0
5,2,2,0.0001388888888888889,0.0,9.640790527297792,0.1404296512605141,0.0,-0.671776959916533,0.671776959916533,-4.542914393059565,0.9318515576275198,73.93995035912192,0.6931471805579453,0,0,2.0,0.0001388888888888889,0.0,3.9471744987803086,0.05749532019792554,0.0,-0.2750418523815723,0.2750418523815723,19.281581054595584,0.37274062305100786,69.24788729522994,0.6931471805579453,0.0,0.0,Train004,10.0
5,3,0,0.0,0.0,0.0,0.0,0.0,0.0,0.0,0.0,0.0,0.0,0.0,0,0,0.0,0.0,0.0,0.0,0.0,0.0,0.0,0.0,0.0,0.0,0.0,0.0,0.0,0.0,Train004,10.0
5,4,0,0.0,0.0,0.0,0.0,0.0,0.0,0.0,0.0,0.0,0.0,0.0,0,0,0.0,0.0,0.0,0.0,0.0,0.0,0.0,0.0,0.0,0.0,0.0,0.0,0.0,0.0,Train004,10.0
5,5,1,6.944444444444444e-05,0.0,6.850807654792879,0.0,6.7177695991653295,-1.343553919833066,6.850807654792879,-3.2282241389767563,1.1102230246251565e-16,0.0,-1.000088900581841e-12,0,0,1.0,6.944444444444444e-05,0.0,2.8048875446966868,0.0,2.750418523815723,-0.5500837047631446,2.8048875446966868,13.701615309585758,4.4408920985006264e-17,0.0,-1.000088900581841e-12,0.0,0.0,Train004,10.0
6,0,1,6.944444444444444e-05,0.0,7.904049606776252,0.0,-7.8246099061008945,1.11780141515726,7.904049606776252,-15.963112692610357,0.0,0.0,-1.000088900581841e-12,0,0,1.0,6.944444444444444e-05,0.0,5.470489099937636,0.0,-5.415507914562193,0.7736439877945965,5.470489099937636,15.808099213552504,0.0,0.0,-1.000088900581841e-12,0.0,0.0,Train004,10.0
6,1,2,0.0001388888888888889,0.0,10.613062993368104,6.00424969020978,-5.030106368207714,-8.383510613679517,9.776769419658056,-21.4342683820789,0.11832540123205681,68.90026932806221,0.6931471805579453,0,0,2.0,0.0001388888888888889,0.0,7.345430293402666,4.155614415101475,-3.481397945075693,-5.802329908459488,6.766621314849883,21.226125986736207,0.07099524073923387,68.4609319171291,0.6931471805579453,0.0,0.0,Train004,10.0
6,2,2,0.0001388888888888889,0.0,8.020883371757286,0.1168337649809752,0.0,-0.5589007075786411,0.5589007075786411,-16.199071555405062,0.9318515576275195,74.40626172340431,0.6931471805579453,0,0,2.0,0.0001388888888888889,0.0,5.551351173131765,0.08086207319412057,0.0,-0.3868219938973005,0.3868219938973005,16.04176674351457,0.5591109345765117,70.79309824825339,0.6931471805579453,0.0,0.0,Train004,10.0
6,3,0,0.0,0.0,0.0,0.0,0.0,0.0,0.0,0.0,0.0,0.0,0.0,0,0,0.0,0.0,0.0,0.0,0.0,0.0,0.0,0.0,0.0,0.0,0.0,0.0,0.0,0.0,Train004,10.0
6,4,0,0.0,0.0,0.0,0.0,0.0,0.0,0.0,0.0,0.0,0.0,0.0,0,0,0.0,0.0,0.0,0.0,0.0,0.0,0.0,0.0,0.0,0.0,0.0,0.0,0.0,0.0,Train004,10.0
6,5,1,6.944444444444444e-05,0.0,5.6996912282085415,0.0,5.589007075786344,-1.11780141515726,5.6996912282085415,-11.511164265843377,0.0,0.0,-1.000088900581841e-12,0,0,1.0,6.944444444444444e-05,0.0,3.9448257903383945,0.0,3.8682199389729917,-0.7736439877945965,3.9448257903383945,11.399382456417083,4.4408920985006264e-17,0.0,-1.000088900581841e-12,0.0,0.0,Train004,10.0
7,0,1,6.944444444444444e-05,0.0,6.495297144289016,0.0,-6.430016119167734,0.9185737313096681,6.495297144289016,-14.087524624872358,0.0,0.0,-1.000088900581841e-12,0,0,1.0,6.944444444444444e-05,0.0,6.769548528795438,0.0,-6.701511138395739,0.9573587340565302,6.769548528795438,12.990594288578032,0.0,0.0,-1.000088900581841e-12,0.0,0.0,Train004,10.0
7,1,2,0.0001388888888888889,0.0,8.721478379119006,4.9341018600115,-4.1335817908935235,-6.88930298482256,8.034238858702892,-18.915846142490974,0.11832540123205659,68.91289316887617,0.6931471805579453,0,0,2.0,0.0001388888888888889,0.0,9.089725969226468,5.142434787103776,-4.308114303254397,-7.180190505423999,8.373469086590461,17.44295675823801,0.09466032098564518,68.64351055090434,0.6931471805579453,0.0,0.0,Train004,10.0
7,2,2,0.0001388888888888889,0.0,6.5913074248149695,0.09601028052592975,0.0,-0.45928686565483595,0.45928686565483595,-14.295759469423178,0.9318515576275204,74.48377098773977,0.6931471805579453,0,0,2.0,0.0001388888888888889,0.0,6.869612658094759,0.10006412929930653,0.0,-0.4786793670282677,0.4786793670282677,13.182614849629937,0.7454812461020158,72.35381105414392,0.6931471805579453,0.0,0.0,Train004,10.0
7,3,0,0.0,0.0,0.0,0.0,0.0,0.0,0.0,0.0,0.0,0.0,0.0,0,0,0.0,0.0,0.0,0.0,0.0,0.0,0.0,0.0,0.0,0.0,0.0,0.0,0.0,0.0,Train004,10.0
7,4,0,0.0,0.0,0.0,0.0,0.0,0.0,0.0,0.0,0.0,0.0,0.0,0,0,0.0,0.0,0.0,0.0,0.0,0.0,0.0,0.0,0.0,0.0,0.0,0.0,0.0,0.0,Train004,10.0
7,5,1,6.944444444444444e-05,0.0,4.683825380621756,0.0,4.592868656548367,-0.9185737313096496,4.683825380621756,-10.158658475867854,0.0,0.0,-1.000088900581841e-12,0,0,1.0,6.944444444444444e-05,0.0,4.881590866462746,0.0,4.786793670282665,-0.9573587340565265,4.881590866462746,9.367650761243514,4.4408920985006264e-17,0.0,-1.000088900581841e-12,0.0,0.0,Train004,10.0
8,0,1,6.944444444444444e-05,0.0,5.400327681546259,0.0,-5.346051653951102,0.7637216648501483,5.400327681546259,-10.949694627427569,0.0,0.0,-1.000088900581841e-12,0,0,1.0,6.944444444444444e-05,0.0,7.84961406510469,0.0,-7.77072146918596,1.11010306702656,7.84961406510469,10.800655363092519,0.0,0.0,-1.000088900581841e-12,0.0,0.0,Train004,10.0
8,1,2,0.0001388888888888889,0.0,7.251221933114369,4.102316840364598,-3.436747491825708,-5.7279124863761695,6.6798364331886395,-14.702564460046364,0.11832540123205693,68.90629557623733,0.6931471805579453,0,0,2.0,0.0001388888888888889,0.0,10.53997035584934,5.962898155176695,-4.99546380161954,-8.325773002699233,9.70943637322819,14.502443866228736,0.11832540123205657,68.82476966615181,0.6931471805579453,0.0,0.0,Train004,10.0
8,2,2,0.0001388888888888889,0.0,5.480152663239835,0.07982498169357699,0.0,-0.3818608324250841,0.3818608324250841,-11.111547615751336,0.9318515576275188,74.44331613424441,0.6931471805579453,0,0,2.0,0.0001388888888888889,0.0,7.9656431907427265,0.11602912563802192,0.0,-0.5550515335132845,0.5550515335132845,10.96030532647967,0.9318515576275196,73.90643288933538,0.6931471805579453,0.0,0.0,Train004,10.0
8,3,0,0.0,0.0,0.0,0.0,0.0,0.0,0.0,0.0,0.0,0.0,0.0,0,0,0.0,0.0,0.0,0.0,0.0,0.0,0.0,0.0,0.0,0.0,0.0,0.0,0.0,0.0,Train004,10.0
8,4,0,0.0,0.0,0.0,0.0,0.0,0.0,0.0,0.0,0.0,0.0,0.0,0,0,0.0,0.0,0.0,0.0,0.0,0.0,0.0,0.0,0.0,0.0,0.0,0.0,0.0,0.0,Train004,10.0
8,5,1,6.944444444444444e-05,0.0,3.894231672024447,0.0,3.81860832425072,-0.7637216648501137,3.894231672024447,-7.895937085973088,0.0,0.0,-1.000088900581841e-12,0,0,1.0,6.944444444444444e-05,0.0,5.660437200867635,0.0,5.550515335132809,-1.1101030670265493,5.660437200867635,7.788463344048895,4.4408920985006264e-17,0.0,-1.000088900581841e-12,0.0,0.0,Train004,10.0
9,0,1,6.944444444444444e-05,0.0,7.090791491180139,0.0,-6.998264701153564,1.1417596699746724,7.090791491180139,16.904638096338793,0.0,0.0,-1.000088900581841e-12,0,0,1.0,6.944444444444444e-05,0.0,7.278165359965792,0.0,-7.200763963840953,1.0570820802249628,7.278165359965792,-5.7144870513889945,0.0,0.0,-1.000088900581841e-12,0.0,0.0,Train004,10.0
9,1,2,0.0001388888888888889,0.0,4.4158906897762495,4.4158906897762495,-4.3454786579405855,-0.7854335219707981,4.4158906897762495,-25.217573939264692,0.9107107277447247,16.311100911239574,0.6931471805579453,1,1,2.0,0.0001388888888888889,0.0,8.751628765390745,5.334686837350749,-4.598381389623265,-6.3725628011194075,8.1316065626684,-17.256268205762662,0.27680246653459023,58.37127286240739,0.6931471805579453,0.2,0.2,Train004,10.0
9,2,1,6.944444444444444e-05,-1.0,8.018280546527707,0.0,-7.992317689822757,0.6447331756400515,8.018280546527707,26.17952864981449,0.0,0.0,-1.000088900581841e-12,0,1,1.8,0.000125,-0.2,7.550282906727517,0.0866197356921992,-1.5984635379645513,-0.2854184379870085,2.0180211824205605,-3.9939528767649306,0.7454812461020157,59.45465984090208,0.5545177444461562,0.0,0.2,Train004,10.0
9,3,0,0.0,0.0,0.0,0.0,0.0,0.0,0.0,0.0,0.0,0.0,0.0,0,0,0.0,0.0,0.0,0.0,0.0,0.0,0.0,0.0,0.0,0.0,0.0,0.0,0.0,0.0,Train004,10.0
9,4,0,0.0,0.0,0.0,0.0,0.0,0.0,0.0,0.0,0.0,0.0,0.0,0,0,0.0,0.0,0.0,0.0,0.0,0.0,0.0,0.0,0.0,0.0,0.0,0.0,0.0,0.0,Train004,10.0
9,5,0,0.0,-1.0,0.0,0.0,0.0,0.0,0.0,0.0,0.0,0.0,0.0,0,1,0.8,5.555555555555556e-05,-0.2,4.225711187129525,0.0,4.143650731150151,-0.8287301462300178,4.225711187129525,-6.558796793332215,2.2204460492503132e-17,0.0,-8.000711204654728e-13,0.0,0.2,Train004,10.0
10,0,1,6.944444444444444e-05,0.0,6.9452633080600155,0.0,-6.849531504259026,1.149173873026979,6.9452633080600155,-1.4552818312012317,0.0,0.0,-1.000088900581841e-12,0,0,1.0,6.944444444444444e-05,0.0,6.767145846370336,0.0,-6.689694776926464,1.0182060708637455,6.767145846370336,-5.110195135954544,0.0,0.0,-1.000088900581841e-12,0.0,0.0,Train004,10.0
10,1,2,0.0001388888888888889,0.0,4.705622444499164,4.705622444499164,-4.664963092962356,0.617253539052929,4.705622444499164,2.8973175472291413,0.9342710511797682,18.659874679446265,0.6931471805579453,0,0,2.0,0.0001388888888888889,0.0,7.141455287975378,4.8324363049722585,-4.322175480365977,-4.233781213559224,6.722471569165,-15.474587075330358,0.43999159652413267,48.33808673277231,0.6931471805579453,0.2,0.2,Train004,10.0
10,2,1,6.944444444444444e-05,0.0,8.063122624720407,0.0,-8.04421711118889,0.5518310695620172,8.063122624720407,0.44842078192699475,0.0,0.0,-1.000088900581841e-12,0,0,1.6,0.00011111111111111112,-0.2,7.234749326212041,0.058533805440096384,-3.2073069602023296,-0.040696832091298485,3.496290315381335,-2.9956858417676187,0.5591109345765117,44.6666697690777,0.4158883083343671,0.0,0.2,Train004,10.0
10,3,0,0.0,0.0,0.0,0.0,0.0,0.0,0.0,0.0,0.0,0.0,0.0,0,0,0.0,0.0,0.0,0.0,0.0,0.0,0.0,0.0,0.0,0.0,0.0,0.0,0.0,0.0,Train004,10.0
10,4,0,0.0,0.0,0.0,0.0,0.0,0.0,0.0,0.0,0.0,0.0,0.0,0,0,0.0,0.0,0.0,0.0,0.0,0.0,0.0,0.0,0.0,0.0,0.0,0.0,0.0,0.0,Train004,10.0
10,5,0,0.0,0.0,0.0,0.0,0.0,0.0,0.0,0.0,0.0,0.0,0.0,0,0,0.6,4.1666666666666665e-05,-0.2,2.855549656170949,0.0,2.8000968113170863,-0.5600193622634047,2.855549656170949,-5.913151965536864,0.0,0.0,-6.000533403491046e-13,0.0,0.2,Train004,10.0
11,0,1,6.944444444444444e-05,0.0,6.322083055816347,0.0,-6.233334307749524,1.0555934693209026,6.322083055816347,-6.231802522436682,1.1102230246251565e-16,0.0,-1.000088900581841e-12,0,0,1.0,6.944444444444444e-05,0.0,6.450752536178355,0.0,-6.3714396572561895,1.0057644816964741,6.450752536178355,-3.163933101919809,2.2204460492503132e-17,0.0,-1.000088900581841e-12,0.0,0.0,Train004,10.0
11,1,2,0.0001388888888888889,0.0,4.483502554684287,4.483502554684287,-4.372713639547542,0.9905405516057432,4.483502554684287,-2.2211988981487707,0.8888461662697196,19.51320613806416,0.6931471805579453,0,0,2.0,0.0001388888888888889,0.0,5.915543200238615,4.52828687786716,-4.190696934633943,-2.3589709805021712,5.663818196170246,-11.631973178544332,0.5940957495316652,38.4606740947727,0.6931471805579453,0.2,0.2,Train004,10.0
11,2,1,6.944444444444444e-05,0.0,7.404578486233077,0.0,-7.389154285246309,0.47768348057247,7.404578486233077,-6.585441384873301,0.0,0.0,-1.000088900581841e-12,0,0,1.4,9.722222222222222e-05,-0.2,7.1114883491072,0.03516705244390135,-4.685137817251592,0.16662000553892373,4.8654258711122225,-1.0729598076612663,0.37274062305100786,29.785417424396837,0.27725887222257806,0.0,0.2,Train004,10.0
11,3,0,0.0,0.0,0.0,0.0,0.0,0.0,0.0,0.0,0.0,0.0,0.0,0,0,0.0,0.0,0.0,0.0,0.0,0.0,0.0,0.0,0.0,0.0,0.0,0.0,0.0,0.0,Train004,10.0
11,4,0,0.0,0.0,0.0,0.0,0.0,0.0,0.0,0.0,0.0,0.0,0.0,0,0,0.0,0.0,0.0,0.0,0.0,0.0,0.0,0.0,0.0,0.0,0.0,0.0,0.0,0.0,Train004,10.0
11,5,0,0.0,0.0,0.0,0.0,0.0,0.0,0.0,0.0,0.0,0.0,0.0,0,0,0.4,2.7777777777777772e-05,-0.2,1.7156114105292406,0.0,1.6822953961598173,-0.3364590792319527,1.7156114105292406,-3.610919112368188,0.0,0.0,-4.000355602327364e-13,0.0,0.2,Train004,10.0
12,0,1,6.944444444444444e-05,0.0,5.63345262133098,0.0,-5.553817864654659,0.9438726413153662,5.63345262133098,-6.886304344853675,0.0,0.0,-1.000088900581841e-12,0,0,1.0,6.944444444444444e-05,0.0,6.278383631586748,0.0,-6.196200006353576,1.0108242636976137,6.278383631586748,-1.7236890459160725,2.2204460492503132e-17,0.0,-1.000088900581841e-12,0.0,0.0,Train004,10.0
12,1,2,0.0001388888888888889,0.0,4.071847113661015,4.071847113661015,-3.939617540117905,1.029248538801433,4.071847113661015,-4.116554410232718,0.8725753148262204,19.80560600649885,0.6931471805579453,0,0,2.0,0.0001388888888888889,0.0,4.985616947147017,4.355835928597062,-4.1519040844788195,-0.7752606757773725,4.871339847161871,-8.672114832092682,0.744945732250498,28.639216662297237,0.6931471805579453,0.2,0.2,Train004,10.0
12,2,1,6.944444444444444e-05,0.0,6.620268969781784,0.0,-6.6071084892075636,0.41722732903886717,6.620268969781784,-7.843095164512928,1.1102230246251565e-16,0.0,-1.000088900581841e-12,0,0,1.2,8.333333333333333e-05,-0.2,7.117280658100562,0.015964996338715398,-6.0065595150931035,0.34192284447766436,6.097622291937612,0.21757305332078367,0.1863703115255038,14.888663226848882,0.13862943611078898,0.0,0.2,Train004,10.0
12,3,0,0.0,0.0,0.0,0.0,0.0,0.0,0.0,0.0,0.0,0.0,0.0,0,0,0.0,0.0,0.0,0.0,0.0,0.0,0.0,0.0,0.0,0.0,0.0,0.0,0.0,0.0,Train004,10.0
12,4,0,0.0,0.0,0.0,0.0,0.0,0.0,0.0,0.0,0.0,0.0,0.0,0,0,0.0,0.0,0.0,0.0,0.0,0.0,0.0,0.0,0.0,0.0,0.0,0.0,0.0,0.0,Train004,10.0
12,5,0,0.0,0.0,0.0,0.0,0.0,0.0,0.0,0.0,0.0,0.0,0.0,0,0,0.2,1.388888888888889e-05,-0.2,0.7788463344048895,0.0,0.7637216648501439,-0.15274433297002274,0.7788463344048895,-1.5791874171946176,0.0,0.0,-2.000177801163682e-13,0.0,0.2,Train004,10.0
13,0,1,6.944444444444444e-05,0.0,4.995945376819681,0.0,-4.9251246104750015,0.8382229891021904,4.995945376819681,-6.375072445112986,1.1102230246251565e-16,0.0,-1.000088900581841e-12,0,0,1.0,6.944444444444444e-05,0.0,6.197507170641432,0.0,-6.112014597658356,1.025724528548022,6.197507170641432,-0.8087646094531561,4.4408920985006264e-17,0.0,-1.000088900581841e-12,0.0,0.0,Train004,10.0
13,1,2,0.0001388888888888889,0.0,3.6395042243307834,3.6395042243307834,-3.509211942616226,0.9651023472778779,3.6395042243307834,-4.323428893302315,0.8662101295868463,19.889642333256088,0.6931471805579453,0,0,2.0,0.0001388888888888889,0.0,4.263273405390299,4.263273405390299,-4.166396974636923,0.563342290953437,4.263273405390299,-6.596287718743871,0.8945226779214558,18.835886013700986,0.6931471805579453,0.2,0.2,Train004,10.0
13,2,1,6.944444444444444e-05,0.0,5.879027448530665,0.0,-5.867560923715397,0.3670048324819485,5.879027448530665,-7.412415212511192,0.0,0.0,-1.000088900581841e-12,0,0,1.0,6.944444444444444e-05,-0.2,7.197055615158727,0.0,-7.1800716998361835,0.49169597745907084,7.197055615158729,0.9573995339688125,2.2204460492503132e-17,0.0,-1.000088900581841e-12,0.0,0.2,Train004,10.0
13,3,0,0.0,0.0,0.0,0.0,0.0,0.0,0.0,0.0,0.0,0.0,0.0,0,0,0.0,0.0,0.0,0.0,0.0,0.0,0.0,0.0,0.0,0.0,0.0,0.0,0.0,0.0,Train004,10.0
13,4,0,0.0,0.0,0.0,0.0,0.0,0.0,0.0,0.0,0.0,0.0,0.0,0,0,0.0,0.0,0.0,0.0,0.0,0.0,0.0,0.0,0.0,0.0,0.0,0.0,0.0,0.0,Train004,10.0
13,5,0,0.0,0.0,0.0,0.0,0.0,0.0,0.0,0.0,0.0,0.0,0.0,0,0,0.0,0.0,-0.2,0.0,0.0,0.0,0.0,0.0,0.0,0.0,0.0,0.0,0.0,0.2,Train004,10.0
14,0,1,6.944444444444444e-05,0.0,7.585384701719963,0.0,-7.575438769630962,0.3883149760946627,7.585384701719963,25.894393249002825,0.0,0.0,-1.000088900581841e-12,0,0,1.0,6.944444444444444e-05,0.0,6.296425812749397,0.0,-6.227449411353835,0.8750355897720201,6.296425812749397,0.9891864210796498,4.4408920985006264e-17,0.0,-1.000088900581841e-12,0.0,0.0,Train004,10.0
14,1,2,0.0001388888888888889,0.0,10.744866185550467,1.376613462342016,-1.3958657989085266,2.069780316985126,2.4964839052438506,71.05361961219684,0.8045633627658452,25.897474391712493,0.6931471805579453,0,0,2.0,0.0001388888888888889,0.0,5.529068504545144,3.6554179599034535,-3.576474402830511,1.1343850587446218,3.87939204848382,12.657950991548436,0.87329320492568,20.753160709795573,0.6931471805579453,0.0,0.0,Train004,10.0
14,2,1,6.944444444444444e-05,0.0,8.068171623211171,0.0,-8.058862574657763,-0.3874627006183039,8.068171623211171,21.891441746805064,0.0,0.0,-1.000088900581841e-12,0,0,1.0,6.944444444444444e-05,0.0,7.207033830495421,0.0,-7.1933806768031845,0.28525680220739985,7.207033830495421,0.09978215336692742,2.2204460492503132e-17,0.0,-1.000088900581841e-12,0.0,0.0,Train004,10.0
14,3,0,0.0,0.0,0.0,0.0,0.0,0.0,0.0,0.0,0.0,0.0,0.0,0,0,0.0,0.0,0.0,0.0,0.0,0.0,0.0,0.0,0.0,0.0,0.0,0.0,0.0,0.0,Train004,10.0
14,4,0,0.0,0.0,0.0,0.0,0.0,0.0,0.0,0.0,0.0,0.0,0.0,0,0,0.0,0.0,0.0,0.0,0.0,0.0,0.0,0.0,0.0,0.0,0.0,0.0,0.0,0.0,Train004,10.0
14,5,0,0.0,0.0,0.0,0.0,0.0,0.0,0.0,0.0,0.0,0.0,0.0,0,0,0.0,0.0,0.0,0.0,0.0,0.0,0.0,0.0,0.0,0.0,0.0,0.0,0.0,0.0,Train004,10.0
15,0,1,6.944444444444444e-05,0.0,7.926102514650968,0.0,-7.92321031658588,0.21410126553449876,7.926102514650968,3.407178129310049,0.0,0.0,-1.000088900581841e-12,0,0,1.0,6.944444444444444e-05,0.0,6.492593654067588,0.0,-6.442185173819206,0.6880210682735242,6.492593654067588,1.961678413181906,4.4408920985006264e-17,0.0,-1.000088900581841e-12,0.0,0.0,Train004,10.0
15,1,2,0.0001388888888888889,0.0,11.335978489271174,1.5516245192948084,-1.5884442939168952,2.0714609196542946,2.6103841894503117,5.911123037207062,0.8130618094798377,28.3627405798589,0.6931471805579453,0,0,2.0,0.0001388888888888889,0.0,6.855139713499545,3.0246183748625817,-2.9611706430214193,1.4252265348648947,3.4603443974740493,13.260712089544018,0.8490513565856939,22.693733889878096,0.6931471805579453,0.0,0.0,Train004,10.0
15,2,1,6.944444444444444e-05,0.0,8.245351630218924,0.0,-8.22289285253378,-0.6081584018187405,8.245351630218924,1.771800070077525,1.1102230246251565e-16,0.0,-1.000088900581841e-12,0,0,1.0,6.944444444444444e-05,0.0,7.243479631595124,0.0,-7.229115825072162,0.05325890793124825,7.243479631595124,0.36445801099703345,4.4408920985006264e-17,0.0,-1.000088900581841e-12,0.0,0.0,Train004,10.0
15,3,0,0.0,0.0,0.0,0.0,0.0,0.0,0.0,0.0,0.0,0.0,0.0,0,0,0.0,0.0,0.0,0.0,0.0,0.0,0.0,0.0,0.0,0.0,0.0,0.0,0.0,0.0,Train004,10.0
15,4,0,0.0,0.0,0.0,0.0,0.0,0.0,0.0,0.0,0.0,0.0,0.0,0,0,0.0,0.0,0.0,0.0,0.0,0.0,0.0,0.0,0.0,0.0,0.0,0.0,0.0,0.0,Train004,10.0
15,5,0,0.0,0.0,0.0,0.0,0.0,0.0,0.0,0.0,0.0,0.0,0.0,0,0,0.0,0.0,0.0,0.0,0.0,0.0,0.0,0.0,0.0,0.0,0.0,0.0,0.0,0.0,Train004,10.0
16,0,1,6.944444444444444e-05,0.0,7.509919858771173,0.0,-7.508576284402977,0.14205092913046108,7.509919858771173,-4.16182655879795,0.0,0.0,-1.000088900581841e-12,0,0,1.0,6.944444444444444e-05,0.0,6.730161014658553,0.0,-6.697233569149896,0.5053125602354358,6.730161014658553,2.375673605909652,2.2204460492503132e-17,0.0,-1.000088900581841e-12,0.0,0.0,Train004,10.0
16,1,2,0.0001388888888888889,0.0,10.442361905849697,1.8380383340909132,-1.8699169022950741,1.8615102697469235,2.6385241529806147,-8.936165834214753,0.8158445741958777,29.225818591948094,0.6931471805579453,0,0,2.0,0.0001388888888888889,0.0,8.046911583732626,2.4955255307439073,-2.4606112955709256,1.599420478493131,3.0913487171333154,11.917718702330822,0.8344510381709254,24.636256380654885,0.6931471805579453,0.0,0.0,Train004,10.0
16,2,1,6.944444444444444e-05,0.0,7.753837176933315,0.0,-7.727327771911808,-0.6406219414238705,7.753837176933315,-4.915144532856086,0.0,0.0,-1.000088900581841e-12,0,0,1.0,6.944444444444444e-05,0.0,7.313331369735171,0.0,-7.296750522405262,-0.17040217646801986,7.313331369735171,0.6985173814004764,4.4408920985006264e-17,0.0,-1.000088900581841e-12,0.0,0.0,Train004,10.0
16,3,0,0.0,0.0,0.0,0.0,0.0,0.0,0.0,0.0,0.0,0.0,0.0,0,0,0.0,0.0,0.0,0.0,0.0,0.0,0.0,0.0,0.0,0.0,0.0,0.0,0.0,0.0,Train004,10.0
16,4,0,0.0,0.0,0.0,0.0,0.0,0.0,0.0,0.0,0.0,0.0,0.0,0,0,0.0,0.0,0.0,0.0,0.0,0.0,0.0,0.0,0.0,0.0,0.0,0.0,0.0,0.0,Train004,10.0
16,5,0,0.0,0.0,0.0,0.0,0.0,0.0,0.0,0.0,0.0,0.0,0.0,0,0,0.0,0.0,0.0,0.0,0.0,0.0,0.0,0.0,0.0,0.0,0.0,0.0,0.0,0.0,Train004,10.0
17,0,1,6.944444444444444e-05,0.0,6.880144802895724,0.0,-6.8792863186650886,0.10868419682905886,6.880144802895724,-6.297750558754496,1.1102230246251565e-16,0.0,-1.000088900581841e-12,0,0,1.0,6.944444444444444e-05,0.0,6.9794994509715025,0.0,-6.962327259951982,0.33827487133817435,6.9794994509715025,2.493384363129489,4.4408920985006264e-17,0.0,-1.000088900581841e-12,0.0,0.0,Train004,10.0
17,1,2,0.0001388888888888889,0.0,9.303587406126733,1.971405952908862,-1.9957464937123293,1.635470068707855,2.580264795094552,-11.387744997229658,0.8169081643404534,29.477989137420728,0.6931471805579453,0,0,2.0,0.0001388888888888889,0.0,9.093259642225771,2.0754372985934766,-2.0718370862898103,1.7206647844744154,2.7930322534200225,10.463480584931435,0.8233176080737721,26.57073300683926,0.6931471805579453,0.0,0.0,Train004,10.0
17,2,1,6.944444444444444e-05,0.0,7.08297235039459,0.0,-7.056690135067769,-0.6096077870987933,7.08297235039459,-6.708648265387254,0.0,0.0,-1.000088900581841e-12,0,0,1.0,6.944444444444444e-05,0.0,7.405872045857732,0.0,-7.386666851577305,-0.37576919969555195,7.405872045857732,0.9254067612256112,2.2204460492503132e-17,0.0,-1.000088900581841e-12,0.0,0.0,Train004,10.0
17,3,0,0.0,0.0,0.0,0.0,0.0,0.0,0.0,0.0,0.0,0.0,0.0,0,0,0.0,0.0,0.0,0.0,0.0,0.0,0.0,0.0,0.0,0.0,0.0,0.0,0.0,0.0,Train004,10.0
17,4,0,0.0,0.0,0.0,0.0,0.0,0.0,0.0,0.0,0.0,0.0,0.0,0,0,0.0,0.0,0.0,0.0,0.0,0.0,0.0,0.0,0.0,0.0,0.0,0.0,0.0,0.0,Train004,10.0
17,5,0,0.0,0.0,0.0,0.0,0.0,0.0,0.0,0.0,0.0,0.0,0.0,0,0,0.0,0.0,0.0,0.0,0.0,0.0,0.0,0.0,0.0,0.0,0.0,0.0,0.0,0.0,Train004,10.0
18,0,1,6.944444444444444e-05,0.0,6.226962457507523,0.0,-6.226305023609448,0.09048314861831117,6.226962457507523,-6.531823453882009,0.0,0.0,-1.000088900581841e-12,0,0,1.0,6.944444444444444e-05,0.0,7.225702867109071,0.0,-7.222563342578871,0.1887269032413985,7.225702867109071,2.4620341613756844,2.2204460492503132e-17,0.0,-1.000088900581841e-12,0.0,0.0,Train004,10.0
18,1,2,0.0001388888888888889,0.0,8.231511287825493,1.9820207632949534,-2.0000621227653337,1.4345155807630317,2.461317420889161,-10.720761183012403,0.817338676692048,29.508904848840263,0.6931471805579453,0,0,2.0,0.0001388888888888889,0.0,10.011661054924712,1.7439406063863103,-1.7700071223196319,1.8145474311714462,2.557394892731698,9.184014126989418,0.8135433174948125,28.494585509956096,0.6931471805579453,0.0,0.0,Train004,10.0
18,2,1,6.944444444444444e-05,0.0,6.402956748516274,0.0,-6.378414482735019,-0.5600748251852223,6.402956748516274,-6.800156018783152,1.1102230246251565e-16,0.0,-1.000088900581841e-12,0,0,1.0,6.944444444444444e-05,0.0,7.510657905854854,0.0,-7.488837563381227,-0.5611851312289862,7.510657905854854,1.047858599971219,4.4408920985006264e-17,0.0,-1.000088900581841e-12,0.0,0.0,Train004,10.0
18,3,0,0.0,0.0,0.0,0.0,0.0,0.0,0.0,0.0,0.0,0.0,0.0,0,0,0.0,0.0,0.0,0.0,0.0,0.0,0.0,0.0,0.0,0.0,0.0,0.0,0.0,0.0,Train004,10.0
18,4,0,0.0,0.0,0.0,0.0,0.0,0.0,0.0,0.0,0.0,0.0,0.0,0,0,0.0,0.0,0.0,0.0,0.0,0.0,0.0,0.0,0.0,0.0,0.0,0.0,0.0,0.0,Train004,10.0
18,5,0,0.0,0.0,0.0,0.0,0.0,0.0,0.0,0.0,0.0,0.0,0.0,0,0,0.0,0.0,0.0,0.0,0.0,0.0,0.0,0.0,0.0,0.0,0.0,0.0,0.0,0.0,Train004,10.0
19,0,1,6.944444444444444e-05,0.0,8.769769726374548,0.0,-8.769417414557326,0.07860828769423694,8.769769726374548,25.428072688670255,0.0,0.0,-1.000088900581841e-12,0,0,1.0,6.944444444444444e-05,0.0,7.462579872039987,0.0,-7.461359071564144,0.12678556556131335,7.462579872039987,2.3687700493091706,2.2204460492503132e-17,0.0,-1.000088900581841e-12,0.0,0.0,Train004,10.0
19,1,3,0.00020833333333333335,1.0,9.20534985944411,2.244643165077105,-3.480664867025076,-0.763298528892772,3.5633765673518933,17.515925460299254,0.7211712598491887,38.81009276661789,1.0986122886651097,1,0,2.2,0.00015277777777777777,0.2,9.703757789703442,1.9175465469333282,-2.186966935942942,1.2479316619958665,2.7707734251533065,-1.5235247033900996,0.7968648969114811,31.07710918493718,0.7742402021793782,0.2,0.0,Train004,10.0
19,2,2,0.0001388888888888889,1.0,4.774171650693174,4.774171650693174,-4.767411663100348,-0.2539704408334931,4.774171650693174,31.453865528700735,0.9733922018793967,82.46408678640786,0.6931471805579453,1,0,1.2,8.333333333333333e-05,0.2,6.851857911351256,0.9548343301386348,-6.830547381069745,-0.534486679272024,6.851857911351256,2.9603433563503536,0.1946784403758794,16.492817357281574,0.13862943611078898,0.2,0.0,Train004,10.0
19,3,0,0.0,0.0,0.0,0.0,0.0,0.0,0.0,0.0,0.0,0.0,0.0,0,0,0.0,0.0,0.0,0.0,0.0,0.0,0.0,0.0,0.0,0.0,0.0,0.0,0.0,0.0,Train004,10.0
19,4,0,0.0,0.0,0.0,0.0,0.0,0.0,0.0,0.0,0.0,0.0,0.0,0,0,0.0,0.0,0.0,0.0,0.0,0.0,0.0,0.0,0.0,0.0,0.0,0.0,0.0,0.0,Train004,10.0
19,5,0,0.0,0.0,0.0,0.0,0.0,0.0,0.0,0.0,0.0,0.0,0.0,0,0,0.0,0.0,0.0,0.0,0.0,0.0,0.0,0.0,0.0,0.0,0.0,0.0,0.0,0.0,Train004,10.0
20,0,1,6.944444444444444e-05,0.0,9.087697834210008,0.0,-9.087430781850884,0.06966857953411552,9.087697834210008,3.179281078354599,0.0,0.0,-1.000088900581841e-12,0,0,1.0,6.944444444444444e-05,0.0,7.694898935951795,0.0,-7.694203164617145,0.09789902836123672,7.694898935951795,2.3231906391180805,2.2204460492503132e-17,0.0,-1.000088900581841e-12,0.0,0.0,Train004,10.0
20,1,3,0.00020833333333333335,0.0,9.005586546273888,2.3611364355578495,-3.4473454315903242,-0.7623371724346363,3.530630041392374,-1.9976331317022182,0.7189611394346198,39.62878577954996,1.0986122886651097,0,0,2.4,0.0001666666666666667,0.2,9.237679401103984,2.0794489301859365,-2.5587471634776273,0.6811720435780803,2.954822595541719,-3.105275937171956,0.7780447629024375,33.330318224875384,0.855333223800811,0.2,0.0,Train004,10.0
20,2,2,0.0001388888888888889,0.0,5.012081663565324,5.012081663565324,-5.006835112177994,-0.2292700628283513,5.012081663565324,2.3791001287214986,0.9771222716761683,83.91737780744411,0.6931471805579453,0,0,1.4,9.722222222222222e-05,0.2,6.205203918020535,1.9572506628516997,-6.1873358329985875,-0.45870901147394605,6.205203918020535,3.0818033680791483,0.39010289471111304,33.276292918770395,0.27725887222257806,0.2,0.0,Train004,10.0
20,3,0,0.0,0.0,0.0,0.0,0.0,0.0,0.0,0.0,0.0,0.0,0.0,0,0,0.0,0.0,0.0,0.0,0.0,0.0,0.0,0.0,0.0,0.0,0.0,0.0,0.0,0.0,Train004,10.0
20,4,0,0.0,0.0,0.0,0.0,0.0,0.0,0.0,0.0,0.0,0.0,0.0,0,0,0.0,0.0,0.0,0.0,0.0,0.0,0.0,0.0,0.0,0.0,0.0,0.0,0.0,0.0,Train004,10.0
20,5,0,0.0,0.0,0.0,0.0,0.0,0.0,0.0,0.0,0.0,0.0,0.0,0,0,0.0,0.0,0.0,0.0,0.0,0.0,0.0,0.0,0.0,0.0,0.0,0.0,0.0,0.0,Train004,10.0
21,0,1,6.944444444444444e-05,0.0,8.635397487226303,0.0,-8.635172624852322,0.062317745429514564,8.635397487226303,-4.52300346983705,0.0,0.0,-1.000088900581841e-12,0,0,1.0,6.944444444444444e-05,0.0,7.919994461642821,0.0,-7.919522432707014,0.08195239162104742,7.919994461642821,2.2509552569102604,2.2204460492503132e-17,0.0,-1.000088900581841e-12,0.0,0.0,Train004,10.0
21,1,3,0.00020833333333333335,0.0,8.3481876488324,2.2788306323540275,-3.26498264220202,-0.7220252835768184,3.3438648543272005,-6.573988974414877,0.7181139195348586,39.90878411636589,1.0986122886651097,0,0,2.6,0.00018055555555555555,0.2,8.818844549700525,2.1676073898385595,-2.8377603114590166,0.16446493291333197,3.0958907358110364,-2.6328405652119806,0.7584986319702336,35.46691132975894,0.9364262454222441,0.2,0.0,Train004,10.0
21,2,2,0.0001388888888888889,0.0,4.784041777112155,4.784041777112155,-4.779574759975217,-0.2066902004505067,4.784041777112155,-2.2803988645316853,0.9783929075724549,84.43527829623038,0.6931471805579453,0,0,1.6,0.00011111111111111112,0.2,5.611244838056303,2.9140590182741306,-5.59778523061127,-0.37192266327927337,5.611244838056303,3.6087525017440285,0.585781476225604,50.163348578016475,0.4158883083343672,0.2,0.0,Train004,10.0
21,3,0,0.0,0.0,0.0,0.0,0.0,0.0,0.0,0.0,0.0,0.0,0.0,0,0,0.0,0.0,0.0,0.0,0.0,0.0,0.0,0.0,0.0,0.0,0.0,0.0,0.0,0.0,Train004,10.0
21,4,0,0.0,0.0,0.0,0.0,0.0,0.0,0.0,0.0,0.0,0.0,0.0,0,0,0.0,0.0,0.0,0.0,0.0,0.0,0.0,0.0,0.0,0.0,0.0,0.0,0.0,0.0,Train004,10.0
21,5,0,0.0,0.0,0.0,0.0,0.0,0.0,0.0,0.0,0.0,0.0,0.0,0,0,0.0,0.0,0.0,0.0,0.0,0.0,0.0,0.0,0.0,0.0,0.0,0.0,0.0,0.0,Train004,10.0
22,0,1,6.944444444444444e-05,0.0,7.9521205336569265,0.0,-7.95192343811637,0.05598764277638903,7.9521205336569265,-6.832769535693766,0.0,0.0,-1.000088900581841e-12,0,0,1.0,6.944444444444444e-05,0.0,8.134389607795061,0.0,-8.134049856597269,0.07141308081051345,8.134389607795061,2.1439514615224065,0.0,0.0,-1.000088900581841e-12,0.0,0.0,Train004,10.0
22,1,3,0.00020833333333333335,0.0,7.585445162121961,2.130801380007368,-3.02464246622594,-0.6650266288076656,3.096889159385693,-7.6274248671043905,0.7177752366524768,39.98894852614652,1.0986122886651097,0,0,2.8,0.00019444444444444443,0.2,8.475216100899571,2.1994864752582606,-3.0435395059617387,-0.29563440658977214,3.1992156086692645,-1.8807765391869267,0.7386720464326384,37.5691032075041,1.0175192670436768,0.2,0.0,Train004,10.0
22,2,2,0.0001388888888888889,0.0,4.413227042966822,4.413227042966822,-4.40929256535446,-0.18631158279496965,4.413227042966822,-3.7081473414533317,0.9788869777186834,84.59873245215306,0.6931471805579453,0,0,1.8,0.000125,0.2,5.07729577657075,3.796704426867495,-5.068305716668608,-0.2872634224185086,5.07729577657075,4.208852686530813,0.7815588717693407,67.08309506844708,0.5545177444461562,0.2,0.0,Train004,10.0
22,3,0,0.0,0.0,0.0,0.0,0.0,0.0,0.0,0.0,0.0,0.0,0.0,0,0,0.0,0.0,0.0,0.0,0.0,0.0,0.0,0.0,0.0,0.0,0.0,0.0,0.0,0.0,Train004,10.0
22,4,0,0.0,0.0,0.0,0.0,0.0,0.0,0.0,0.0,0.0,0.0,0.0,0,0,0.0,0.0,0.0,0.0,0.0,0.0,0.0,0.0,0.0,0.0,0.0,0.0,0.0,0.0,Train004,10.0
22,5,0,0.0,0.0,0.0,0.0,0.0,0.0,0.0,0.0,0.0,0.0,0.0,0,0,0.0,0.0,0.0,0.0,0.0,0.0,0.0,0.0,0.0,0.0,0.0,0.0,0.0,0.0,Train004,10.0
23,0,1,6.944444444444444e-05,0.0,7.234350830939082,0.0,-7.234175178471776,0.050412620362814346,7.234350830939082,-7.177697027178445,0.0,0.0,-1.000088900581841e-12,0,0,1.0,6.944444444444444e-05,0.0,8.335867282481374,0.0,-8.335623887569735,0.06339897515941409,8.335867282481374,2.0147767468631193,0.0,0.0,-1.000088900581841e-12,0.0,0.0,Train004,10.0
23,1,3,0.00020833333333333335,0.0,6.843450078752922,1.9648709339910966,-2.7723394776243673,-0.6050675124278533,2.8375998438451786,-7.419950833690396,0.7176363153289524,39.99630339632521,1.0986122886651097,0,0,3.0,0.00020833333333333335,0.2,8.197603859085056,2.196056509397489,-3.1979949769335456,-0.7035510252279491,3.274472093260468,-1.2206144693225256,0.7187315741600193,39.666582917001094,1.0986122886651097,0.2,0.0,Train004,10.0
23,2,2,0.0001388888888888889,0.0,4.017762507792676,4.017762507792676,-4.014248779324197,-0.16799496039667824,4.017762507792676,-3.9546453517414637,0.9790888956155095,84.62993352272595,0.6931471805579453,0,0,2.0,0.0001388888888888889,0.2,4.60025692842603,4.60025692842603,-4.595472575986443,-0.20884744946079978,4.60025692842603,4.7779548199391515,0.9773766508924426,84.00908177299227,0.6931471805579453,0.2,0.0,Train004,10.0
23,3,0,0.0,0.0,0.0,0.0,0.0,0.0,0.0,0.0,0.0,0.0,0.0,0,0,0.0,0.0,0.0,0.0,0.0,0.0,0.0,0.0,0.0,0.0,0.0,0.0,0.0,0.0,Train004,10.0
23,4,0,0.0,0.0,0.0,0.0,0.0,0.0,0.0,0.0,0.0,0.0,0.0,0,0,0.0,0.0,0.0,0.0,0.0,0.0,0.0,0.0,0.0,0.0,0.0,0.0,0.0,0.0,Train004,10.0
23,5,0,0.0,0.0,0.0,0.0,0.0,0.0,0.0,0.0,0.0,0.0,0.0,0,0,0.0,0.0,0.0,0.0,0.0,0.0,0.0,0.0,0.0,0.0,0.0,0.0,0.0,0.0,Train004,10.0
24,0,1,6.944444444444444e-05,0.0,8.370236145984245,0.0,-8.36301599090255,0.34758693221903253,8.370236145984245,11.358853150451633,0.0,0.0,-1.000088900581841e-12,0,0,1.0,6.944444444444444e-05,0.0,8.255960566403314,0.0,-8.25434360283878,0.1171947040643732,8.255960566403314,-0.7990671607806054,0.0,0.0,-1.000088900581841e-12,0.0,0.0,Train004,10.0
24,1,3,0.00020833333333333335,0.0,8.828906706525062,2.3400111132225776,-3.2081978864728744,-0.5557627807345181,3.255980028688564,19.854566277721393,0.6758268161735663,42.17075569443929,1.0986122886651097,0,0,3.0,0.00020833333333333335,0.0,8.122315228501247,2.2151300990265836,-3.143501580823105,-0.6620438755962983,3.2129927855278018,-0.7528863058380978,0.7096626854248947,40.33871550256537,1.0986122886651097,0.0,0.0,Train004,10.0
24,2,2,0.0001388888888888889,0.0,7.429312353462156,1.9572865822260015,-7.233623634052405,1.0156545491727154,7.304578361711013,34.1154984566948,0.01805318669178635,85.07968953020496,0.6931471805579453,0,0,2.0,0.0001388888888888889,0.0,5.131285068979826,4.036879914732596,-5.088714970176855,0.0450775485404419,5.106338270629598,5.310281405537964,0.7863088478549205,84.5322023217517,0.6931471805579453,0.0,0.0,Train004,10.0
24,3,0,0.0,0.0,0.0,0.0,0.0,0.0,0.0,0.0,0.0,0.0,0.0,0,0,0.0,0.0,0.0,0.0,0.0,0.0,0.0,0.0,0.0,0.0,0.0,0.0,0.0,0.0,Train004,10.0
24,4,1,6.944444444444444e-05,1.0,0.0,0.0,0.0,0.0,0.0,0.0,0.0,0.0,-1.000088900581841e-12,1,0,0.2,1.388888888888889e-05,0.2,0.0,0.0,0.0,0.0,0.0,0.0,0.0,0.0,-2.000177801163682e-13,0.2,0.0,Train004,10.0
24,5,0,0.0,0.0,0.0,0.0,0.0,0.0,0.0,0.0,0.0,0.0,0.0,0,0,0.0,0.0,0.0,0.0,0.0,0.0,0.0,0.0,0.0,0.0,0.0,0.0,0.0,0.0,Train004,10.0
25,0,1,6.944444444444444e-05,0.0,8.260008146116315,0.0,-8.248857496413699,0.42905078693251447,8.260008146116315,-1.1022799986793075,0.0,0.0,-1.000088900581841e-12,0,0,1.0,6.944444444444444e-05,0.0,8.090422628784573,0.0,-8.086628945751343,0.18907114554405297,8.090422628784573,-1.6553793761873865,0.0,0.0,-1.000088900581841e-12,0.0,0.0,Train004,10.0
25,1,3,0.00020833333333333335,0.0,9.005031481144504,2.3452814178318535,-3.193283741860942,-0.5038483087408577,3.232788915820896,1.761247746194415,0.6697526764119164,41.65895758591183,1.0986122886651097,0,0,3.0,0.00020833333333333335,0.0,8.122204215475369,2.2119590954813844,-3.0926892428772286,-0.6103461028575425,3.1534245604135065,-0.001110130258771136,0.699820992820354,40.744749863837754,1.0986122886651097,0.0,0.0,Train004,10.0
25,2,2,0.0001388888888888889,0.0,7.502813460111684,1.787741646776677,-7.298080106490548,1.1185228943984258,7.383296466081158,0.7350110664952814,0.016896711664722175,85.31122147213257,0.6931471805579453,0,0,2.0,0.0001388888888888889,0.0,5.629431428289098,3.3920119113748664,-5.546963969039365,0.3146361399857973,5.580581231132765,4.981463593092721,0.5942637358526313,84.81097105468938,0.6931471805579453,0.0,0.0,Train004,10.0
25,3,0,0.0,0.0,0.0,0.0,0.0,0.0,0.0,0.0,0.0,0.0,0.0,0,0,0.0,0.0,0.0,0.0,0.0,0.0,0.0,0.0,0.0,0.0,0.0,0.0,0.0,0.0,Train004,10.0
25,4,1,6.944444444444444e-05,0.0,0.0,0.0,0.0,0.0,0.0,0.0,0.0,0.0,-1.000088900581841e-12,0,0,0.4,2.777777777777778e-05,0.2,0.0,0.0,0.0,0.0,0.0,0.0,0.0,0.0,-4.000355602327364e-13,0.2,0.0,Train004,10.0
25,5,0,0.0,0.0,0.0,0.0,0.0,0.0,0.0,0.0,0.0,0.0,0.0,0,0,0.0,0.0,0.0,0.0,0.0,0.0,0.0,0.0,0.0,0.0,0.0,0.0,0.0,0.0,Train004,10.0
26,0,1,6.944444444444444e-05,0.0,7.727254371585098,0.0,-7.715200439211889,0.431442123541133,7.727254371585098,-5.327537745312165,0.0,0.0,-1.000088900581841e-12,0,0,1.0,6.944444444444444e-05,0.0,7.908794005656333,0.0,-7.902634508623256,0.26289602116637667,7.908794005656333,-1.8162862312824095,0.0,0.0,-1.000088900581841e-12,0.0,0.0,Train004,10.0
26,1,3,0.00020833333333333335,0.0,8.513128902243517,2.2088657960817244,-3.011794455224216,-0.45513755648725435,3.045990156885692,-4.919025789009852,0.6681528053326784,41.48210061135517,1.0986122886651097,0,0,3.0,0.00020833333333333335,0.0,8.155192466157592,2.1979661282269243,-3.042051605481668,-0.5569685574396298,3.0938496209252047,0.32988250682223386,0.6898287699799182,41.05941316283561,1.0986122886651097,0.0,0.0,Train004,10.0
26,2,2,0.0001388888888888889,0.0,6.863441306519398,1.8376289464324707,-6.683084874861278,1.0070151217319174,6.758528160775564,-6.393721535922858,0.016476062108273237,85.40938140756221,0.6931471805579453,0,0,2.0,0.0001388888888888889,0.0,6.045311334170547,2.8027293452389292,-5.9276659920165775,0.5573772044222822,5.975478507865446,4.158799058814486,0.40188036675979494,85.00579167695574,0.6931471805579453,0.0,0.0,Train004,10.0
26,3,0,0.0,0.0,0.0,0.0,0.0,0.0,0.0,0.0,0.0,0.0,0.0,0,0,0.0,0.0,0.0,0.0,0.0,0.0,0.0,0.0,0.0,0.0,0.0,0.0,0.0,0.0,Train004,10.0
26,4,1,6.944444444444444e-05,0.0,0.0,0.0,0.0,0.0,0.0,0.0,0.0,0.0,-1.000088900581841e-12,0,0,0.6,4.1666666666666665e-05,0.2,0.0,0.0,0.0,0.0,0.0,0.0,0.0,0.0,-6.000533403491046e-13,0.2,0.0,Train004,10.0
26,5,0,0.0,0.0,0.0,0.0,0.0,0.0,0.0,0.0,0.0,0.0,0.0,0,0,0.0,0.0,0.0,0.0,0.0,0.0,0.0,0.0,0.0,0.0,0.0,0.0,0.0,0.0,Train004,10.0
27,0,1,6.944444444444444e-05,0.0,7.0817219666996465,0.0,-7.070045784819401,0.4064955278889737,7.0817219666996465,-6.455324048854516,1.1102230246251565e-16,0.0,-1.000088900581841e-12,0,0,1.0,6.944444444444444e-05,0.0,7.7347142922648775,0.0,-7.726258977963863,0.33299759818889363,7.7347142922648775,-1.7407971339145596,2.2204460492503132e-17,0.0,-1.000088900581841e-12,0.0,0.0,Train004,10.0
27,1,3,0.00020833333333333335,0.0,7.823498794324624,2.0324478486416635,-2.7786055569424106,-0.41079473094122326,2.808807781255299,-6.8963010791889445,0.6676045614854229,41.42721847084629,1.0986122886651097,0,0,3.0,0.00020833333333333335,0.0,8.202803192598127,2.1782954219537833,-2.9928442236249624,-0.5061221778663414,3.036233345299126,0.4761072644053229,0.6797946349465073,41.34706715177556,1.0986122886651097,0.0,0.0,Train004,10.0
27,2,2,0.0001388888888888889,0.0,6.13027195522762,1.8475217928635623,-5.976407968230854,0.8703192047789552,6.039445977980126,-7.331693512917785,0.016308382510625496,85.4431113780843,0.6931471805579453,0,0,2.0,0.0001388888888888889,0.0,6.388720316622707,2.2895882952182776,-6.241089072591857,0.7687033619370671,6.300722294868107,3.434089824521595,0.20936464771818333,85.174667462142,0.6931471805579453,0.0,0.0,Train004,10.0
27,3,0,0.0,0.0,0.0,0.0,0.0,0.0,0.0,0.0,0.0,0.0,0.0,0,0,0.0,0.0,0.0,0.0,0.0,0.0,0.0,0.0,0.0,0.0,0.0,0.0,0.0,0.0,Train004,10.0
27,4,1,6.944444444444444e-05,0.0,0.0,0.0,0.0,0.0,0.0,0.0,0.0,0.0,-1.000088900581841e-12,0,0,0.8,5.555555555555556e-05,0.2,0.0,0.0,0.0,0.0,0.0,0.0,0.0,0.0,-8.000711204654728e-13,0.2,0.0,Train004,10.0
27,5,0,0.0,0.0,0.0,0.0,0.0,0.0,0.0,0.0,0.0,0.0,0.0,0,0,0.0,0.0,0.0,0.0,0.0,0.0,0.0,0.0,0.0,0.0,0.0,0.0,0.0,0.0,Train004,10.0
28,0,1,6.944444444444444e-05,0.0,6.436651265718973,0.0,-6.425796708317569,0.3736524854149293,6.436651265718973,-6.450707009806731,0.0,0.0,-1.000088900581841e-12,0,0,1.0,6.944444444444444e-05,0.0,7.575174379220856,0.0,-7.564583283933023,0.39764557119931665,7.575174379220856,-1.5953991304402169,2.2204460492503132e-17,0.0,-1.000088900581841e-12,0.0,0.0,Train004,10.0
28,1,3,0.00020833333333333335,0.0,7.11087169516727,1.8525701810563888,-2.5388450393011777,-0.37077624270546433,2.5657765210047,-7.126270991573526,0.6673929953902948,41.41699979963849,1.0986122886651097,0,0,3.0,0.00020833333333333335,0.0,8.256287515880995,2.155835271366841,-2.9461453359603245,-0.4592639239218636,2.98186868073103,0.534843232828697,0.6697459709587757,41.63120643243822,1.0986122886651097,0.0,0.0,Train004,10.0
28,2,2,0.0001388888888888889,0.0,5.451405094009061,1.8010580957252826,-5.320167374727459,0.7488590630430915,5.3726130319813885,-6.78866861218558,0.016239100442746013,85.44777903802245,0.6931471805579453,0,0,2.0,0.0001388888888888889,0.0,6.675448833865984,1.8462474128047988,-6.5022727916725085,0.9520741666250212,6.57169239970585,2.867285172432772,0.016794688683630654,85.3382365652013,0.6931471805579453,0.0,0.0,Train004,10.0
28,3,0,0.0,0.0,0.0,0.0,0.0,0.0,0.0,0.0,0.0,0.0,0.0,0,0,0.0,0.0,0.0,0.0,0.0,0.0,0.0,0.0,0.0,0.0,0.0,0.0,0.0,0.0,Train004,10.0
28,4,1,6.944444444444444e-05,0.0,0.0,0.0,0.0,0.0,0.0,0.0,0.0,0.0,-1.000088900581841e-12,0,0,1.0,6.944444444444444e-05,0.2,0.0,0.0,0.0,0.0,0.0,0.0,0.0,0.0,-1.000088900581841e-12,0.2,0.0,Train004,10.0
28,5,0,0.0,0.0,0.0,0.0,0.0,0.0,0.0,0.0,0.0,0.0,0.0,0,0,0.0,0.0,0.0,0.0,0.0,0.0,0.0,0.0,0.0,0.0,0.0,0.0,0.0,0.0,Train004,10.0
29,0,2,0.0001388888888888889,1.0,10.350804755746875,2.741848801270874,-10.348620895253365,-0.10051867062754288,10.349109064881832,23.701122920717765,0.0001761857322831739,110.39355166262787,0.6931471805579453,1,0,1.2,8.333333333333333e-05,0.2,7.971288101173381,0.5483697602541748,-7.961704264803184,0.3080244506300015,7.970948963000373,0.873054823613009,3.5237146456656984e-05,22.078710332525574,0.13862943611078898,0.2,0.0,Train004,10.0
29,1,2,0.0001388888888888889,-1.0,7.632313510335093,1.6164767383651917,1.6616100240246703,-0.37296992565258336,1.7029546198829137,17.28372798399799,0.9281719824567258,34.31290736007095,0.6931471805579453,0,1,2.8,0.00019444444444444443,-0.2,8.016968876643002,2.0111283963953643,-1.972183753860815,-0.4227053529054766,2.6712635989699,0.020675574084016546,0.7202150042154077,40.05963676556455,1.017519267043677,0.0,0.2,Train004,10.0
29,2,2,0.0001388888888888889,0.0,7.791365617065948,1.168119101650258,-7.7337414485105285,0.350505657820863,7.741680115360888,23.399605230568866,0.006524111286076439,85.41231205328512,0.6931471805579453,0,0,2.0,0.0001388888888888889,0.0,6.7478594865867425,1.68841391668965,-6.6022963545641336,0.8190443883546505,6.659112750435824,0.7241065272075851,0.014488873602488673,85.40476106981733,0.6931471805579453,0.0,0.0,Train004,10.0
29,3,0,0.0,0.0,0.0,0.0,0.0,0.0,0.0,0.0,0.0,0.0,0.0,0,0,0.0,0.0,0.0,0.0,0.0,0.0,0.0,0.0,0.0,0.0,0.0,0.0,0.0,0.0,Train004,10.0
29,4,1,6.944444444444444e-05,0.0,11.223519112837854,0.0,-11.177426437135649,1.0161296761032408,11.223519112837854,112.23519112837855,0.0,0.0,-1.000088900581841e-12,0,0,1.0,6.944444444444444e-05,0.0,2.244703822567571,0.0,-2.23548528742713,0.20322593522064816,2.244703822567571,22.44703822567571,0.0,0.0,-1.000088900581841e-12,0.0,0.0,Train004,10.0
29,5,0,0.0,0.0,0.0,0.0,0.0,0.0,0.0,0.0,0.0,0.0,0.0,0,0,0.0,0.0,0.0,0.0,0.0,0.0,0.0,0.0,0.0,0.0,0.0,0.0,0.0,0.0,Train004,10.0
30,0,2,0.0001388888888888889,0.0,10.5627030415584,2.98762150701699,-10.555769350382691,-0.20518878562923842,10.557763447635423,2.118982858115257,0.0005083211076141181,109.29277420973084,0.6931471805579453,0,0,1.4,9.722222222222222e-05,0.2,8.4318270802618,1.1458940616575728,-8.423086635596983,0.18117653611765094,8.430500023304194,1.5173073949719222,0.0001369013679794806,43.93726517447174,0.27725887222257806,0.2,0.0,Train004,10.0
30,1,2,0.0001388888888888889,0.0,7.761914140483746,1.7582839006552582,1.792798003945998,-0.27718608705046016,1.8140994487092212,1.2960063014865275,0.9409354818456344,32.526645640966485,0.6931471805579453,0,0,2.6,0.00018055555555555555,-0.2,7.768345408510851,1.8937288929600453,-0.9749674046994272,-0.377372908567397,2.387525705547565,-0.07237271485756094,0.7744515653021512,38.23317437657548,0.936426245422244,0.0,0.2,Train004,10.0
30,2,2,0.0001388888888888889,0.0,8.012120089532146,1.0144858445113916,-7.963919311801266,0.18196877125316513,7.965997956225732,2.207544724661976,0.005850616090704586,85.41184677350267,0.6931471805579453,0,0,2.0,0.0001388888888888889,0.0,6.849720812470835,1.533762756236593,-6.735464195626276,0.6317335637255985,6.77565304846474,1.018613258840924,0.012279654487685154,85.42488613009135,0.6931471805579453,0.0,0.0,Train004,10.0
30,3,0,0.0,0.0,0.0,0.0,0.0,0.0,0.0,0.0,0.0,0.0,0.0,0,0,0.0,0.0,0.0,0.0,0.0,0.0,0.0,0.0,0.0,0.0,0.0,0.0,0.0,0.0,Train004,10.0
30,4,1,6.944444444444444e-05,0.0,11.722024056497837,0.0,-11.67388412391719,1.061262193083389,11.722024056497837,4.985049436599827,1.1102230246251565e-16,0.0,-1.000088900581841e-12,0,0,1.0,6.944444444444444e-05,0.0,4.589108633867139,0.0,-4.570262112210568,0.41547837383732594,4.589108633867139,23.444048112995674,2.2204460492503132e-17,0.0,-1.000088900581841e-12,0.0,0.0,Train004,10.0
30,5,0,0.0,0.0,0.0,0.0,0.0,0.0,0.0,0.0,0.0,0.0,0.0,0,0,0.0,0.0,0.0,0.0,0.0,0.0,0.0,0.0,0.0,0.0,0.0,0.0,0.0,0.0,Train004,10.0
31,0,2,0.0001388888888888889,0.0,10.010598044163363,2.894973097219484,-10.001777648110505,-0.22926910307195314,10.004405051969174,-5.52104997395038,0.0006751224439860426,108.89382029986363,0.6931471805579453,0,0,1.6,0.00011111111111111112,0.2,8.888495814777452,1.7248886811014696,-8.880402077376706,0.04903429079503371,8.88593015938101,1.478604949244279,0.0002719258567766891,65.71602923444446,0.4158883083343672,0.2,0.0,Train004,10.0
31,1,2,0.0001388888888888889,0.0,7.336333673394785,1.6943552183338029,1.7233085079883668,-0.22802202667919025,1.7383285818152954,-4.255804670889614,0.9455703438367036,31.90048953122917,0.6931471805579453,0,0,2.4,0.0001666666666666667,-0.2,7.532986362741104,1.790826777410461,-0.02794681205691063,-0.33194980260578427,2.125993390533486,0.06027150876648672,0.8299350730029562,36.316852160550276,0.855333223800811,0.0,0.2,Train004,10.0
31,2,2,0.0001388888888888889,0.0,7.541842395971001,0.9737628230859272,-7.498824439208281,0.10595724337778051,7.499572981676464,-4.702776935611452,0.0056999429381253686,85.4134514164547,0.6931471805579453,0,0,2.0,0.0001388888888888889,0.0,6.985401030361156,1.3609895315672842,-6.898612108495678,0.4515219880547711,6.92386201264492,1.3568021789032054,0.010124430653655581,85.42570013186985,0.6931471805579453,0.0,0.0,Train004,10.0
31,3,0,0.0,0.0,0.0,0.0,0.0,0.0,0.0,0.0,0.0,0.0,0.0,0,0,0.0,0.0,0.0,0.0,0.0,0.0,0.0,0.0,0.0,0.0,0.0,0.0,0.0,0.0,Train004,10.0
31,4,1,6.944444444444444e-05,0.0,10.308303257173737,0.0,-10.265969184028227,0.9332699258207491,10.308303257173737,-14.137207993240999,0.0,0.0,-1.000088900581841e-12,0,0,1.0,6.944444444444444e-05,0.0,6.650769285301886,0.0,-6.623455949016213,0.6021323590014758,6.650769285301886,20.616606514347474,2.2204460492503132e-17,0.0,-1.000088900581841e-12,0.0,0.0,Train004,10.0
31,5,0,0.0,0.0,0.0,0.0,0.0,0.0,0.0,0.0,0.0,0.0,0.0,0,0,0.0,0.0,0.0,0.0,0.0,0.0,0.0,0.0,0.0,0.0,0.0,0.0,0.0,0.0,Train004,10.0
32,0,2,0.0001388888888888889,0.0,9.226709373237743,2.691376521887556,-9.217666493191718,-0.2240354933285324,9.220388683888562,-7.83888670925621,0.0007487742636486105,108.76174855765541,0.6931471805579453,0,0,1.8,0.000125,0.2,9.317493296085072,2.2631639854789807,-9.30992621905117,-0.0770719134484675,9.313663502818795,1.2018924171639405,0.00042168070950638904,87.46837894597556,0.5545177444461562,0.2,0.0,Train004,10.0
32,1,2,0.0001388888888888889,0.0,6.747633087429339,1.5662632728979524,1.5916001253917793,-0.19772737960103337,1.6038351149014722,-5.887005859654457,0.9474172838426211,31.71264803089613,0.6931471805579453,0,0,2.2,0.00015277777777777777,-0.2,7.317813221362047,1.6975898622617187,0.8460943244099273,-0.28933633233774625,1.8849988572627203,0.2621305526733842,0.885897617474396,34.37393807256024,0.7742402021793782,0.0,0.2,Train004,10.0
32,2,2,0.0001388888888888889,0.0,6.889098019701056,0.9453989608334226,-6.850543670273268,0.06850310782851182,6.850886165606848,-6.527443762699452,0.005653479140720119,85.41189324697734,0.6931471805579453,0,0,2.0,0.0001388888888888889,0.0,7.137166243255843,1.1805649651612564,-7.073439248904161,0.29115876866468243,7.0861500501702634,1.5176521289468716,0.007993449979674504,85.41945650564845,0.6931471805579453,0.0,0.0,Train004,10.0
32,3,0,0.0,0.0,0.0,0.0,0.0,0.0,0.0,0.0,0.0,0.0,0.0,0,0,0.0,0.0,0.0,0.0,0.0,0.0,0.0,0.0,0.0,0.0,0.0,0.0,0.0,0.0,Train004,10.0
32,4,1,6.944444444444444e-05,0.0,8.784229152477698,0.0,-8.748154137008095,0.7952867397280026,8.784229152477698,-15.240741046960391,1.1102230246251565e-16,0.0,-1.000088900581841e-12,0,0,1.0,6.944444444444444e-05,0.0,8.407615115797425,0.0,-8.373086776417832,0.7611897069470762,8.407615115797425,17.568458304955396,4.4408920985006264e-17,0.0,-1.000088900581841e-12,0.0,0.0,Train004,10.0
32,5,0,0.0,0.0,0.0,0.0,0.0,0.0,0.0,0.0,0.0,0.0,0.0,0,0,0.0,0.0,0.0,0.0,0.0,0.0,0.0,0.0,0.0,0.0,0.0,0.0,0.0,0.0,Train004,10.0
33,0,2,0.0001388888888888889,0.0,8.409285714891167,2.461604259631917,-8.400686733577585,-0.20896909334409097,8.403285409747754,-8.174236583465749,0.0007804303968730331,108.73002370876621,0.6931471805579453,0,0,2.0,0.0001388888888888889,0.2,9.71202018591951,2.755484837405364,-9.70490422410317,-0.19359622920027156,9.70699033162455,0.8571865024321369,0.0005777667888809956,109.21438368772878,0.6931471805579453,0.2,0.0,Train004,10.0
33,1,2,0.0001388888888888889,0.0,6.139661312260262,1.4253345215752096,1.4479232684222887,-0.1756823043553831,1.4585424448065614,-6.07971775169077,0.9481802833666659,31.687565270272636,0.6931471805579453,0,0,2.0,0.0001388888888888889,-0.2,7.123571144780645,1.612142730365483,1.6434479859546207,-0.25031754466773004,1.6635520420230925,0.47144120064993567,0.9420550750696701,32.42805116668707,0.6931471805579453,0.0,0.2,Train004,10.0
33,2,2,0.0001388888888888889,0.0,6.226775782725943,0.9082725854379978,-6.192237448873454,0.048013299335202764,6.192423588559158,-6.623222369751129,0.005637123547026834,85.40750248971382,0.6931471805579453,0,0,2.0,0.0001388888888888889,0.0,7.292240380999219,1.0020078631037994,-7.24785326373336,0.1509896159231047,7.250112161485818,1.5507413774337622,0.005873054600530669,85.41140119598674,0.6931471805579453,0.0,0.0,Train004,10.0
33,3,0,0.0,0.0,0.0,0.0,0.0,0.0,0.0,0.0,0.0,0.0,0.0,0,0,0.0,0.0,0.0,0.0,0.0,0.0,0.0,0.0,0.0,0.0,0.0,0.0,0.0,0.0,Train004,10.0
33,4,1,6.944444444444444e-05,0.0,7.487124698696816,0.0,-7.456376623408714,0.6778524203098718,7.487124698696816,-12.971044537808822,0.0,0.0,-1.000088900581841e-12,0,0,1.0,6.944444444444444e-05,0.0,9.905040055536789,0.0,-9.864362101099577,0.8967601910090506,9.905040055536789,14.974249397393631,4.4408920985006264e-17,0.0,-1.000088900581841e-12,0.0,0.0,Train004,10.0
33,5,0,0.0,0.0,0.0,0.0,0.0,0.0,0.0,0.0,0.0,0.0,0.0,0,0,0.0,0.0,0.0,0.0,0.0,0.0,0.0,0.0,0.0,0.0,0.0,0.0,0.0,0.0,Train004,10.0
34,0,2,0.0001388888888888889,0.0,9.993384761465501,2.831562488078972,-9.985360376322419,-0.04361894315704487,9.98545564594986,15.840990465743342,0.0008627267800042082,107.42933794015923,0.6931471805579453,0,0,2.0,0.0001388888888888889,0.0,9.640536187063235,2.7734275747669836,-9.632252120316982,-0.18221628370617196,9.634259647838155,-0.7148399885627477,0.0007150749984252025,108.62154094323505,0.6931471805579453,0.0,0.0,Train004,10.0
34,1,2,0.0001388888888888889,0.0,7.073901346437115,0.9976491685235604,1.0218556600753699,-0.15561677889433312,1.0336370600464737,9.342400341768528,0.9613928819083919,28.39126162491236,0.6931471805579453,0,0,2.0,0.0001388888888888889,0.0,7.01188871200105,1.4883772163971567,1.5154971131647605,-0.20684691531608,1.529688530055805,-1.1168243277959569,0.9486992549600034,31.243722019655355,0.6931471805579453,0.0,0.0,Train004,10.0
34,2,3,0.00020833333333333335,1.0,5.986789165653032,4.234933572179513,-5.981360407902192,-0.20557945849235257,5.984892249905079,27.534079657536044,0.6664938348998644,40.423490783508285,1.0986122886651097,1,0,2.2,0.00015277777777777777,0.2,6.931325090716635,1.6153707572096505,-6.897377055611692,0.03977259266046158,6.898754588394657,2.3776362628271976,0.13786699932328825,76.41363694203137,0.7742402021793782,0.2,0.0,Train004,10.0
34,3,0,0.0,0.0,0.0,0.0,0.0,0.0,0.0,0.0,0.0,0.0,0.0,0,0,0.0,0.0,0.0,0.0,0.0,0.0,0.0,0.0,0.0,0.0,0.0,0.0,0.0,0.0,Train004,10.0
34,4,1,6.944444444444444e-05,0.0,10.466329463150478,0.0,-10.465504271408346,0.13142593482812182,10.466329463150478,29.792047644536623,0.0,0.0,-1.000088900581841e-12,0,0,1.0,6.944444444444444e-05,0.0,9.753602125599311,0.0,-9.721977667954114,0.7198194427540269,9.753602125599311,-1.5143792993747525,4.4408920985006264e-17,0.0,-1.000088900581841e-12,0.0,0.0,Train004,10.0
34,5,0,0.0,0.0,0.0,0.0,0.0,0.0,0.0,0.0,0.0,0.0,0.0,0,0,0.0,0.0,0.0,0.0,0.0,0.0,0.0,0.0,0.0,0.0,0.0,0.0,0.0,0.0,Train004,10.0
35,0,2,0.0001388888888888889,0.0,9.953051306510343,2.7929375403873786,-9.944870129335328,0.016282015734901734,9.944883458009071,-0.40333454955157944,0.0008908112727762374,106.95306177651378,0.6931471805579453,0,0,2.0,0.0001388888888888889,0.0,9.518605840053624,2.7344907814410613,-9.510072276107511,-0.13792212343334392,9.511683649912886,-1.219303470096115,0.0007915730314576264,108.15359845659164,0.6931471805579453,0.0,0.0,Train004,10.0
35,1,2,0.0001388888888888889,0.0,6.976197308195708,0.7880353216397928,0.8105943882413946,-0.13986187491342716,0.8225719459735664,-0.9770403824140672,0.9659744883772976,27.1831220289244,0.6931471805579453,0,0,2.0,0.0001388888888888889,0.0,6.85474534554344,1.2943275005940638,1.31905639002384,-0.17938207288867342,1.331383029508674,-1.5714336645760758,0.9537070562663361,30.17501729724694,0.6931471805579453,0.0,0.0,Train004,10.0
35,2,3,0.00020833333333333335,0.0,6.23553077083191,4.40964031141108,-6.229348890910128,-0.271702684759824,6.235271441853108,2.4874160517887787,0.6660595439367711,40.897236171810526,1.0986122886651097,0,0,2.4,0.0001666666666666667,0.2,6.576007226976588,2.294401650589588,-6.550462971433464,-0.05096169854213626,6.552609285520131,2.4336105282525584,0.2699087848925016,67.51071482169293,0.855333223800811,0.2,0.0,Train004,10.0
35,3,0,0.0,0.0,0.0,0.0,0.0,0.0,0.0,0.0,0.0,0.0,0.0,0,0,0.0,0.0,0.0,0.0,0.0,0.0,0.0,0.0,0.0,0.0,0.0,0.0,0.0,0.0,Train004,10.0
35,4,1,6.944444444444444e-05,0.0,10.504134480804044,0.0,-10.504038087668903,-0.04500048463581267,10.504134480804044,0.37805017653566253,1.1102230246251565e-16,0.0,-1.000088900581841e-12,0,0,1.0,6.944444444444444e-05,0.0,9.510024210460553,0.0,-9.488008460704457,0.49856690721018654,9.510024210460553,-2.4357791513875853,4.4408920985006264e-17,0.0,-1.000088900581841e-12,0.0,0.0,Train004,10.0
35,5,0,0.0,0.0,0.0,0.0,0.0,0.0,0.0,0.0,0.0,0.0,0.0,0,0,0.0,0.0,0.0,0.0,0.0,0.0,0.0,0.0,0.0,0.0,0.0,0.0,0.0,0.0,Train004,10.0
36,0,2,0.0001388888888888889,0.0,9.35149221293673,2.614682464922179,-9.343649757312345,0.036091082762071264,9.343719460342225,-6.015590935736137,0.0009016987342437277,106.79069594940347,0.6931471805579453,0,0,2.0,0.0001388888888888889,0.0,9.386784673808297,2.6784326549816004,-9.37844669794788,-0.08485008626653905,9.379546531587495,-1.3182116624532663,0.0008368882895091634,107.73297358649961,0.6931471805579453,0.0,0.0,Train004,10.0
36,1,2,0.0001388888888888889,0.0,6.527664455989546,0.666845505576998,0.6874111827074341,-0.12635462479177179,0.6989274821592744,-4.485328522061622,0.9677640809642968,26.77037884166079,0.6931471805579453,0,0,2.0,0.0001388888888888889,0.0,6.693011502062395,1.0888255580427026,1.1118769249676532,-0.1590485925111897,1.1235028095774697,-1.6173384348104776,0.9581458036918546,29.148995159333264,0.6931471805579453,0.0,0.0,Train004,10.0
36,2,3,0.00020833333333333335,0.0,5.9317718627966896,4.195482509069599,-5.925264861829093,-0.2768706077185471,5.931730018826293,-3.0375890803522054,0.6659440033371493,41.073533971283695,1.0986122886651097,0,0,2.6,0.00018055555555555555,0.2,6.253993120341725,2.9387455877863227,-6.235751055957627,-0.12752726876140177,6.239040692950097,2.7666480993044074,0.4019575969723063,58.64273133265874,0.9364262454222441,0.2,0.0,Train004,10.0
36,3,0,0.0,0.0,0.0,0.0,0.0,0.0,0.0,0.0,0.0,0.0,0.0,0,0,0.0,0.0,0.0,0.0,0.0,0.0,0.0,0.0,0.0,0.0,0.0,0.0,0.0,0.0,Train004,10.0
36,4,1,6.944444444444444e-05,0.0,9.694687751688173,0.0,-9.694208434064858,-0.09640248771923945,9.694687751688173,-8.094467291158711,0.0,0.0,-1.000088900581841e-12,0,0,1.0,6.944444444444444e-05,0.0,9.387301109363442,0.0,-9.373656310711784,0.29263242450218885,9.387301109363442,-1.2272310109711277,4.4408920985006264e-17,0.0,-1.000088900581841e-12,0.0,0.0,Train004,10.0
36,5,0,0.0,0.0,0.0,0.0,0.0,0.0,0.0,0.0,0.0,0.0,0.0,0,0,0.0,0.0,0.0,0.0,0.0,0.0,0.0,0.0,0.0,0.0,0.0,0.0,0.0,0.0,Train004,10.0
37,0,2,0.0001388888888888889,0.0,8.590970258767273,2.3985542708601604,-8.583695529588082,0.04083074242174636,8.583792640447294,-7.6052195416945745,0.0009061475092001503,106.74678457791252,0.6931471805579453,0,0,2.0,0.0001388888888888889,0.0,9.259636850914202,2.6198682047761217,-9.251652505227153,-0.0318768391164833,9.252227322899241,-1.2714782289409392,0.0008683629386194713,107.32998079055103,0.6931471805579453,0.0,0.0,Train004,10.0
37,1,2,0.0001388888888888889,0.0,5.9849152555060545,0.5840307686780788,0.6026823420649561,-0.11434655921914011,0.6134338929682293,-5.427492004834913,0.9684972982392863,26.657804553606475,0.6931471805579453,0,0,2.0,0.0001388888888888889,0.0,6.540467935677737,0.8923790571987279,0.9140933683022887,-0.14237242843481107,0.9254225651908209,-1.5254356638465687,0.9623618065711878,28.13802646387533,0.6931471805579453,0.0,0.0,Train004,10.0
37,2,3,0.00020833333333333335,0.0,5.462457604885292,3.8634537144943617,-5.456189206581359,-0.2614527221834679,5.4624498335409974,-4.69314257911396,0.6659037330972868,41.12663256527273,1.0986122886651097,0,0,2.8,0.00019444444444444443,0.2,5.968665037378574,3.5223565385185105,-5.956880163219244,-0.1935184347637977,5.961353426536927,3.1335083360215057,0.5340076477636198,49.785679196317815,1.0175192670436768,0.2,0.0,Train004,10.0
37,3,0,0.0,0.0,0.0,0.0,0.0,0.0,0.0,0.0,0.0,0.0,0.0,0,0,0.0,0.0,0.0,0.0,0.0,0.0,0.0,0.0,0.0,0.0,0.0,0.0,0.0,0.0,Train004,10.0
37,4,1,6.944444444444444e-05,0.0,8.717138255229184,0.0,-8.716498727405572,-0.10559022642810428,8.717138255229184,-9.775494964589893,0.0,0.0,-1.000088900581841e-12,0,0,1.0,6.944444444444444e-05,0.0,9.373882929913739,0.0,-9.367325228791278,0.11245703127096744,9.373882929913739,-0.13418179449702805,2.2204460492503132e-17,0.0,-1.000088900581841e-12,0.0,0.0,Train004,10.0
37,5,0,0.0,0.0,0.0,0.0,0.0,0.0,0.0,0.0,0.0,0.0,0.0,0,0,0.0,0.0,0.0,0.0,0.0,0.0,0.0,0.0,0.0,0.0,0.0,0.0,0.0,0.0,Train004,10.0
38,0,2,0.0001388888888888889,0.0,7.8203359572647635,2.1820815201766455,-7.813685409758836,0.04006566731565667,7.813788129990188,-7.7063430150250944,0.0009080052127993232,106.74655362410817,0.6931471805579453,0,0,2.0,0.0001388888888888889,0.0,9.141846899388922,2.5639636568850674,-9.134252240463402,0.01793011301546623,9.134327866947729,-1.1778995152528082,0.0008938779018047294,106.93328677361941,0.6931471805579453,0.0,0.0,Train004,10.0
38,1,2,0.0001388888888888889,0.0,5.442168874987688,0.5198139799054804,0.5367025787040389,-0.10352640774867,0.5465961718571664,-5.427463805183663,0.9688036796146373,26.65593619706815,0.6931471805579453,0,0,2.0,0.0001388888888888889,0.0,6.400969448223222,0.711274948864782,0.7318492303586387,-0.12794124911346844,0.743033310600942,-1.3949848745451474,0.9664864858207819,27.13170064923444,0.6931471805579453,0.0,0.0,Train004,10.0
38,2,3,0.00020833333333333335,0.0,4.9679346117186505,3.5134331562292105,-4.962124473070529,-0.24016121681438798,4.967932839351518,-4.945229931666419,0.6658880824156901,41.132769202780786,1.0986122886651097,0,0,3.0,0.00020833333333333335,0.2,5.716896803177114,4.043388652676752,-5.71085756805866,-0.2511533379937158,5.716455276695399,3.469106823638448,0.6660578395373523,40.9307325389312,1.0986122886651097,0.2,0.0,Train004,10.0
38,3,0,0.0,0.0,0.0,0.0,0.0,0.0,0.0,0.0,0.0,0.0,0.0,0,0,0.0,0.0,0.0,0.0,0.0,0.0,0.0,0.0,0.0,0.0,0.0,0.0,0.0,0.0,Train004,10.0
38,4,1,6.944444444444444e-05,0.0,7.780196183613389,0.0,-7.779540018891904,-0.10104330740669931,7.780196183613389,-9.369420716157952,0.0,0.0,-1.000088900581841e-12,0,0,1.0,6.944444444444444e-05,0.0,9.432497226897052,0.0,-9.431957907887917,-0.04332211427234678,9.432497226897052,0.586142969833146,2.2204460492503132e-17,0.0,-1.000088900581841e-12,0.0,0.0,Train004,10.0
38,5,0,0.0,0.0,0.0,0.0,0.0,0.0,0.0,0.0,0.0,0.0,0.0,0,0,0.0,0.0,0.0,0.0,0.0,0.0,0.0,0.0,0.0,0.0,0.0,0.0,0.0,0.0,Train004,10.0
39,0,1,6.944444444444444e-05,-1.0,12.308246616436612,0.0,-12.308205757397051,0.03171442260850511,12.308246616436612,23.05829138995204,0.0,0.0,-1.000088900581841e-12,0,1,1.8,0.000125,-0.2,9.604819270383144,1.9976511592692727,-9.598821316678329,0.03299678616857623,9.598886061045079,0.2655606695889311,0.0007213325458038877,85.44741918558759,0.5545177444461563,0.0,0.2,Train004,10.0
39,1,1,6.944444444444444e-05,-1.0,6.51518825874234,0.0,-6.4778993881022,-0.6960585927055168,6.51518825874234,15.92833363660132,0.0,0.0,-1.000088900581841e-12,0,1,1.8,0.000125,-0.2,6.289226830684267,0.51174511516007,-0.7681017792768753,-0.23602961187570518,1.839343550340115,-0.07779821557858924,0.7742079094391036,21.453448324251962,0.5545177444461563,0.0,0.2,Train004,10.0
39,2,3,0.00020833333333333335,0.0,7.710820211031901,2.4935538273046345,-7.660619951265095,0.4322112635285215,7.672802917711476,27.428855993132515,0.006654923514849975,42.210768950937315,1.0986122886651097,0,0,3.0,0.00020833333333333335,0.0,6.061703012252889,3.695112703701777,-6.046709476731241,-0.12359519358954103,6.054037410256678,3.4480620907577424,0.5340900572603495,41.28818817241701,1.0986122886651097,0.0,0.0,Train004,10.0
39,3,0,0.0,0.0,0.0,0.0,0.0,0.0,0.0,0.0,0.0,0.0,0.0,0,0,0.0,0.0,0.0,0.0,0.0,0.0,0.0,0.0,0.0,0.0,0.0,0.0,0.0,0.0,Train004,10.0
39,4,1,6.944444444444444e-05,0.0,9.689296974500895,0.0,-9.688854462022507,-0.09260169447024388,9.689296974500895,19.091007908875063,0.0,0.0,-1.000088900581841e-12,0,0,1.0,6.944444444444444e-05,0.0,9.277090729167139,0.0,-9.276627946010748,-0.08812764013201993,9.277090729167139,-1.5540649772991657,2.2204460492503132e-17,0.0,-1.000088900581841e-12,0.0,0.0,Train004,10.0
39,5,0,0.0,0.0,0.0,0.0,0.0,0.0,0.0,0.0,0.0,0.0,0.0,0,0,0.0,0.0,0.0,0.0,0.0,0.0,0.0,0.0,0.0,0.0,0.0,0.0,0.0,0.0,Train004,10.0
40,0,1,6.944444444444444e-05,0.0,12.384790696374255,0.0,-12.384509129434678,-0.08351177131046089,12.384790696374255,0.7654407993764245,0.0,0.0,-1.000088900581841e-12,0,0,1.6,0.00011111111111111112,-0.2,10.091167148355927,1.4390636511917971,-10.086749116698197,0.013038028759503703,10.086867508718115,0.4993157393745319,0.0005431702912486403,64.05680683028484,0.4158883083343672,0.0,0.2,Train004,10.0
40,1,1,6.944444444444444e-05,0.0,6.6856340251677455,0.0,-6.655852754367659,-0.6303383461737949,6.6856340251677455,1.7044576642540576,1.1102230246251565e-16,0.0,-1.000088900581841e-12,0,0,1.6,0.00011111111111111112,-0.2,6.231114174078675,0.3541380508321114,-2.261391207798686,-0.3341249061277788,3.011955966178951,0.45850139375503574,0.5810130117636441,16.016823918467082,0.4158883083343672,0.0,0.2,Train004,10.0
40,2,3,0.00020833333333333335,0.0,7.8628255929232616,2.4740792157950997,-7.8032997590223685,0.5551397945294835,7.82302162342843,1.5200538189135937,0.006309858738312024,42.652453315149934,1.0986122886651097,0,0,3.0,0.00020833333333333335,0.0,6.387161976671159,3.3080004845785806,-6.361499650353689,0.041773302268320454,6.371587446571743,3.2545896441827056,0.4021401202206576,41.639231601084894,1.0986122886651097,0.0,0.0,Train004,10.0
40,3,0,0.0,0.0,0.0,0.0,0.0,0.0,0.0,0.0,0.0,0.0,0.0,0,0,0.0,0.0,0.0,0.0,0.0,0.0,0.0,0.0,0.0,0.0,0.0,0.0,0.0,0.0,Train004,10.0
40,4,1,6.944444444444444e-05,0.0,9.673973381173328,0.0,-9.673612051492318,-0.08361134416276828,9.673973381173328,-0.15323593327567053,0.0,0.0,-1.000088900581841e-12,0,0,1.0,6.944444444444444e-05,0.0,9.111058509240994,0.0,-9.110542738775433,-0.09584981203741103,9.111058509240994,-1.6603221992614323,0.0,0.0,-1.000088900581841e-12,0.0,0.0,Train004,10.0
40,5,0,0.0,0.0,0.0,0.0,0.0,0.0,0.0,0.0,0.0,0.0,0.0,0,0,0.0,0.0,0.0,0.0,0.0,0.0,0.0,0.0,0.0,0.0,0.0,0.0,0.0,0.0,Train004,10.0
41,0,1,6.944444444444444e-05,0.0,11.681414809956806,0.0,-11.68081310772039,-0.11856266185326979,11.681414809956806,-7.033758864174491,0.0,0.0,-1.000088900581841e-12,0,0,1.4,9.722222222222222e-05,-0.2,10.557151667759943,0.9161271582073613,-10.554181786779807,-0.017892720163564507,10.554406578641032,0.29568215368686096,0.0003628305443998947,42.69866764040414,0.27725887222257806,0.0,0.2,Train004,10.0
41,1,1,6.944444444444444e-05,0.0,6.350525388613978,0.0,-6.324861272090992,-0.5703530487638683,6.350525388613978,-3.351086365537679,0.0,0.0,-1.000088900581841e-12,0,0,1.4,9.722222222222222e-05,-0.2,6.1956863606035615,0.22076894971671185,-3.663845698758371,-0.42292459092219803,4.142275547469891,0.6853498250598244,0.38746019557078476,10.662748150134925,0.27725887222257806,0.0,0.2,Train004,10.0
41,2,3,0.00020833333333333335,0.0,7.334203370754977,2.475088041430076,-7.277642039867004,0.5369155136367699,7.297420909418848,-5.286222221682848,0.006232267375304579,42.823804568884405,1.0986122886651097,0,0,3.0,0.00020833333333333335,0.0,6.667648278262817,2.9639215910506764,-6.631975085961271,0.20453052653938383,6.644725624690254,2.8048630159165766,0.2701977730282887,41.98928572060503,1.0986122886651097,0.0,0.0,Train004,10.0
41,3,0,0.0,0.0,0.0,0.0,0.0,0.0,0.0,0.0,0.0,0.0,0.0,0,0,0.0,0.0,0.0,0.0,0.0,0.0,0.0,0.0,0.0,0.0,0.0,0.0,0.0,0.0,Train004,10.0
41,4,1,6.944444444444444e-05,0.0,9.036647400704318,0.0,-9.03633498189518,-0.07514212955143541,9.036647400704318,-6.373259804690097,0.0,0.0,-1.000088900581841e-12,0,0,1.0,6.944444444444444e-05,0.0,8.979450439044223,0.0,-8.978968048341496,-0.09159774040385024,8.979450439044223,-1.3160807019677094,0.0,0.0,-1.000088900581841e-12,0.0,0.0,Train004,10.0
41,5,0,0.0,0.0,0.0,0.0,0.0,0.0,0.0,0.0,0.0,0.0,0.0,0,0,0.0,0.0,0.0,0.0,0.0,0.0,0.0,0.0,0.0,0.0,0.0,0.0,0.0,0.0,Train004,10.0
42,0,1,6.944444444444444e-05,0.0,10.748810138701549,0.0,-10.74809793735692,-0.12373409730998575,10.748810138701549,-9.326046712552571,0.0,0.0,-1.000088900581841e-12,0,0,1.2,8.333333333333333e-05,-0.2,10.988719643746798,0.4364163040353291,-10.987062268333574,-0.05080568810991093,10.987410078291882,-0.048483280484738246,0.00018160104255986463,21.349310724821635,0.13862943611078898,0.0,0.2,Train004,10.0
42,1,1,6.944444444444444e-05,0.0,5.859732131296024,0.0,-5.836977302618154,-0.5159036918491114,5.859732131296024,-4.9079325731795365,0.0,0.0,-1.000088900581841e-12,0,0,1.2,8.333333333333333e-05,-0.2,6.170649735761555,0.10396279598109608,-4.951777627694993,-0.5032360174481922,5.191535195135451,0.7892617113908997,0.19376073592292747,5.33118723941363,0.13862943611078898,0.0,0.2,Train004,10.0
42,2,3,0.00020833333333333335,0.0,6.660893395345583,2.401501625214731,-6.610221973977566,0.48545805690524096,6.628024145269093,-6.733099754093935,0.006208359081169124,42.88473046655145,1.0986122886651097,0,0,3.0,0.00020833333333333335,0.0,6.907335436354875,2.67153117319475,-6.862781639440513,0.35391268235712564,6.877840487035873,2.396871580920582,0.13825869822506515,42.340905300860776,1.0986122886651097,0.0,0.0,Train004,10.0
42,3,0,0.0,0.0,0.0,0.0,0.0,0.0,0.0,0.0,0.0,0.0,0.0,0,0,0.0,0.0,0.0,0.0,0.0,0.0,0.0,0.0,0.0,0.0,0.0,0.0,0.0,0.0,Train004,10.0
42,4,1,6.944444444444444e-05,0.0,8.242611757561058,0.0,-8.242335593417504,-0.06747259715405572,8.242611757561058,-7.940356431432605,0.0,0.0,-1.000088900581841e-12,0,0,1.0,6.944444444444444e-05,0.0,8.884545139510596,0.0,-8.884135421543883,-0.08397421454904053,8.884545139510596,-0.9490529953362519,0.0,0.0,-1.000088900581841e-12,0.0,0.0,Train004,10.0
42,5,0,0.0,0.0,0.0,0.0,0.0,0.0,0.0,0.0,0.0,0.0,0.0,0,0,0.0,0.0,0.0,0.0,0.0,0.0,0.0,0.0,0.0,0.0,0.0,0.0,0.0,0.0,Train004,10.0
43,0,1,6.944444444444444e-05,0.0,9.791687929998014,0.0,-9.790974054918797,-0.11823525014049487,9.791687929998014,-9.571222087035345,0.0,0.0,-1.000088900581841e-12,0,0,1.0,6.944444444444444e-05,-0.2,11.382990038293446,0.0,-11.382519997365566,-0.08246587160114123,11.382990038293448,-0.42145909488678834,0.0,0.0,-1.000088900581841e-12,0.0,0.2,Train004,10.0
43,1,1,6.944444444444444e-05,0.0,5.343926529198308,0.0,-5.323517892101125,-0.4665919008605519,5.343926529198308,-5.15805602097716,0.0,0.0,-1.000088900581841e-12,0,0,1.0,6.944444444444444e-05,-0.2,6.1510012666036795,0.0,-6.123821721856026,-0.5758491160705687,6.151001266603679,0.8431432682322004,2.2204460492503132e-17,0.0,-1.000088900581841e-12,0.0,0.2,Train004,10.0
43,2,3,0.00020833333333333335,0.0,6.0002490959989885,2.276404926294154,-5.955549234263465,0.43102433931011497,5.971126247435559,-6.606442993465943,0.006199633298138885,42.90129593366774,1.0986122886651097,0,0,3.0,0.00020833333333333335,0.0,7.1137983332109425,2.4241255272077393,-7.0614665916791,0.48814979358202626,7.078479168652682,2.064628968560677,0.006321008401554917,42.69461064703817,1.0986122886651097,0.0,0.0,Train004,10.0
43,3,0,0.0,0.0,0.0,0.0,0.0,0.0,0.0,0.0,0.0,0.0,0.0,0,0,0.0,0.0,0.0,0.0,0.0,0.0,0.0,0.0,0.0,0.0,0.0,0.0,0.0,0.0,Train004,10.0
43,4,1,6.944444444444444e-05,0.0,7.453334222443605,0.0,-7.453087733370922,-0.06061575805764978,7.453334222443605,-7.892775351174528,0.0,0.0,-1.000088900581841e-12,0,0,1.0,6.944444444444444e-05,0.0,8.819172747276642,0.0,-8.818844964439688,-0.07588870467923062,8.819172747276642,-0.653723922339567,0.0,0.0,-1.000088900581841e-12,0.0,0.0,Train004,10.0
43,5,0,0.0,0.0,0.0,0.0,0.0,0.0,0.0,0.0,0.0,0.0,0.0,0,0,0.0,0.0,0.0,0.0,0.0,0.0,0.0,0.0,0.0,0.0,0.0,0.0,0.0,0.0,Train004,10.0
44,0,1,6.944444444444444e-05,0.0,13.303318426267076,0.0,-13.30202757734355,0.1853199456313948,13.303318426267076,35.11630496269062,0.0,0.0,-1.000088900581841e-12,0,0,1.0,6.944444444444444e-05,0.0,11.582004400259539,0.0,-11.581284361354866,-0.051744766996563295,11.582004400259539,1.9901436196609281,0.0,0.0,-1.000088900581841e-12,0.0,0.0,Train004,10.0
44,1,1,6.944444444444444e-05,0.0,9.515800405722329,0.0,7.014126465152234,6.430589964567501,9.515800405722329,0.0,0.0,0.0,-1.000088900581841e-12,1,1,1.0,6.944444444444444e-05,0.0,6.751123695999676,0.0,-3.4254165512051395,0.8494805953840349,6.751123695999678,-2.3425234590880635,2.2204460492503132e-17,0.0,-1.000088900581841e-12,0.2,0.2,Train004,10.0
44,2,3,0.00020833333333333335,0.0,8.412770178680056,0.7786282040567306,-8.400379874873048,0.2812942016932983,8.405088248797773,24.12521082681066,0.0009222352099180764,41.97249007588015,1.0986122886651097,0,0,3.0,0.00020833333333333335,0.0,7.254188326740573,2.0811404025581584,-7.209418576400691,0.45796638121498157,7.224936234869941,1.4038999352963066,0.0051744707405685375,42.64695487202674,1.0986122886651097,0.0,0.0,Train004,10.0
44,3,0,0.0,0.0,0.0,0.0,0.0,0.0,0.0,0.0,0.0,0.0,0.0,0,0,0.0,0.0,0.0,0.0,0.0,0.0,0.0,0.0,0.0,0.0,0.0,0.0,0.0,0.0,Train004,10.0
44,4,0,0.0,-1.0,0.0,0.0,0.0,0.0,0.0,0.0,0.0,0.0,0.0,0,1,0.8,5.555555555555556e-05,-0.2,6.881313352376462,0.0,-6.881074072035186,-0.05736836578518183,6.881313352376462,-4.47192550411458,0.0,0.0,-8.000711204654728e-13,0.0,0.2,Train004,10.0
44,5,0,0.0,0.0,0.0,0.0,0.0,0.0,0.0,0.0,0.0,0.0,0.0,0,0,0.0,0.0,0.0,0.0,0.0,0.0,0.0,0.0,0.0,0.0,0.0,0.0,0.0,0.0,Train004,10.0
45,0,1,6.944444444444444e-05,0.0,13.739237587768892,0.0,-13.73638972744785,0.27972620332522957,13.739237587768892,4.359191615018165,0.0,0.0,-1.000088900581841e-12,0,0,1.0,6.944444444444444e-05,0.0,11.852893778538467,0.0,-11.851660480957502,0.020902827930574797,11.852893778538467,2.7088937827892763,0.0,0.0,-1.000088900581841e-12,0.0,0.0,Train004,10.0
45,1,1,6.944444444444444e-05,0.0,9.285876949384582,0.0,6.685694531415422,6.444299756506817,9.285876949384582,-2.2992345633774747,0.0,0.0,-1.000088900581841e-12,0,0,1.0,6.944444444444444e-05,0.0,7.271172280843044,0.0,-0.7571070940485229,2.2644082159201573,7.271172280843044,-3.14326190461437,0.0,0.0,-1.000088900581841e-12,0.2,0.2,Train004,10.0
45,2,3,0.00020833333333333335,0.0,8.63023206698108,0.40808429031836174,-8.622666809271669,0.20952362823343862,8.625212058523742,2.1746188830102366,0.0005917680809752746,41.63125116894424,1.0986122886651097,0,0,3.0,0.00020833333333333335,0.0,7.407669621552136,1.6679414174628107,-7.373291986450551,0.3888431479557726,7.385374321889003,1.5348129481156352,0.004030852609101188,42.4427144427856,1.0986122886651097,0.0,0.0,Train004,10.0
45,3,0,0.0,0.0,0.0,0.0,0.0,0.0,0.0,0.0,0.0,0.0,0.0,0,0,0.0,0.0,0.0,0.0,0.0,0.0,0.0,0.0,0.0,0.0,0.0,0.0,0.0,0.0,Train004,10.0
45,4,0,0.0,0.0,0.0,0.0,0.0,0.0,0.0,0.0,0.0,0.0,0.0,0,0,0.6,4.1666666666666665e-05,-0.2,4.946518676141797,0.0,-4.946351661736721,-0.040646096952628184,4.946518676141797,-4.441278317459446,0.0,0.0,-6.000533403491046e-13,0.0,0.2,Train004,10.0
45,5,0,0.0,0.0,0.0,0.0,0.0,0.0,0.0,0.0,0.0,0.0,0.0,0,0,0.0,0.0,0.0,0.0,0.0,0.0,0.0,0.0,0.0,0.0,0.0,0.0,0.0,0.0,Train004,10.0
46,0,1,6.944444444444444e-05,0.0,13.08101497208901,0.0,-13.07766555400457,0.29600060408580076,13.08101497208901,-6.582226156798825,1.1102230246251565e-16,0.0,-1.000088900581841e-12,0,0,1.0,6.944444444444444e-05,0.0,12.132813810964908,0.0,-12.131030970214336,0.1038154811183889,12.132813810964908,2.7992003242644095,2.2204460492503132e-17,0.0,-1.000088900581841e-12,0.0,0.0,Train004,10.0
46,1,1,6.944444444444444e-05,0.0,8.67566774752763,0.0,6.193009148743627,6.075676797614311,8.67566774752763,-6.102092018569518,0.0,0.0,-1.000088900581841e-12,0,0,1.0,6.944444444444444e-05,0.0,7.736200752625774,0.0,1.746466990118401,3.5936141851957935,7.736200752625774,-3.693463035220738,0.0,0.0,-1.000088900581841e-12,0.2,0.2,Train004,10.0
46,2,3,0.00020833333333333335,0.0,8.13381453909264,0.3470975484882741,-8.12801342676311,0.1699496617541106,8.129789982107269,-4.964175278884391,0.000505184010479609,41.506403533904304,1.0986122886651097,0,0,3.0,0.00020833333333333335,0.0,7.5675918552196695,1.2423433188744504,-7.54336626382977,0.3154499775792407,7.551848136426687,1.5992223366753264,0.0028854359361361937,42.17923423578958,1.0986122886651097,0.0,0.0,Train004,10.0
46,3,0,0.0,0.0,0.0,0.0,0.0,0.0,0.0,0.0,0.0,0.0,0.0,0,0,0.0,0.0,0.0,0.0,0.0,0.0,0.0,0.0,0.0,0.0,0.0,0.0,0.0,0.0,Train004,10.0
46,4,0,0.0,0.0,0.0,0.0,0.0,0.0,0.0,0.0,0.0,0.0,0.0,0,0,0.4,2.777777777777778e-05,-0.2,3.1391891960009324,0.0,-3.139084665357685,-0.025617671042341104,3.1391891960009324,-3.1666263565214265,0.0,0.0,-4.000355602327364e-13,0.0,0.2,Train004,10.0
46,5,0,0.0,0.0,0.0,0.0,0.0,0.0,0.0,0.0,0.0,0.0,0.0,0,0,0.0,0.0,0.0,0.0,0.0,0.0,0.0,0.0,0.0,0.0,0.0,0.0,0.0,0.0,Train004,10.0
47,0,1,6.944444444444444e-05,0.0,12.081852365364403,0.0,-12.07850915263301,0.2842063127765066,12.081852365364403,-9.991626067246067,0.0,0.0,-1.000088900581841e-12,0,0,1.0,6.944444444444444e-05,0.0,12.399422256297479,0.0,-12.397113213269556,0.18540356313568737,12.39942225629748,2.6660844533257104,2.2204460492503132e-17,0.0,-1.000088900581841e-12,0.0,0.0,Train004,10.0
47,1,1,6.944444444444444e-05,0.0,7.9516336435111,0.0,5.656079066068851,5.589029182156354,7.9516336435111,-7.240341040165301,0.0,0.0,-1.000088900581841e-12,0,0,1.0,6.944444444444444e-05,0.0,8.15458105506879,0.0,4.045078263855801,4.814600759996886,8.15458105506879,-4.159944728617891,0.0,0.0,-1.000088900581841e-12,0.2,0.2,Train004,10.0
47,2,3,0.00020833333333333335,0.0,7.445079291344686,0.34989224051675466,-7.440221260659069,0.14453942558235053,7.441625094904398,-6.887352477479541,0.00047510294062169667,41.46134620424224,1.0986122886651097,0,0,3.0,0.00020833333333333335,0.0,7.724429034419489,0.832021441934855,-7.709366121166072,0.24726625131466262,7.7145683263537475,1.5683717919982052,0.0017387847080267082,41.89455738332774,1.0986122886651097,0.0,0.0,Train004,10.0
47,3,0,0.0,0.0,0.0,0.0,0.0,0.0,0.0,0.0,0.0,0.0,0.0,0,0,0.0,0.0,0.0,0.0,0.0,0.0,0.0,0.0,0.0,0.0,0.0,0.0,0.0,0.0,Train004,10.0
47,4,0,0.0,0.0,0.0,0.0,0.0,0.0,0.0,0.0,0.0,0.0,0.0,0,0,0.2,1.388888888888889e-05,-0.2,1.490666844488721,0.0,-1.4906175466741844,-0.012123151611529956,1.490666844488721,-1.5785550702349056,0.0,0.0,-2.000177801163682e-13,0.0,0.2,Train004,10.0
47,5,0,0.0,0.0,0.0,0.0,0.0,0.0,0.0,0.0,0.0,0.0,0.0,0,0,0.0,0.0,0.0,0.0,0.0,0.0,0.0,0.0,0.0,0.0,0.0,0.0,0.0,0.0,Train004,10.0
48,0,1,6.944444444444444e-05,0.0,11.023272128659247,0.0,-11.02012548549338,0.2633680057544107,11.023272128659247,-10.58580236705156,0.0,0.0,-1.000088900581841e-12,0,0,1.0,6.944444444444444e-05,0.0,12.645739096029725,0.0,-12.642943499384472,0.2617242143146685,12.645739096029725,2.4631683973224674,2.2204460492503132e-17,0.0,-1.000088900581841e-12,0.0,0.0,Train004,10.0
48,1,1,6.944444444444444e-05,0.0,7.227869906655308,0.0,5.133591648460527,5.088058585982452,7.227869906655308,-7.237637368557914,0.0,0.0,-1.000088900581841e-12,0,0,1.0,6.944444444444444e-05,0.0,8.53136973056019,0.0,6.136500171968132,5.925530857365487,8.53136973056019,-4.575860998134042,0.0,0.0,-1.000088900581841e-12,0.2,0.2,Train004,10.0
48,2,3,0.00020833333333333335,0.0,6.743066906354194,0.35904744498477653,-6.738845250456431,0.12601070686963134,6.740023294310264,-7.0201238499049206,0.0004634484122607585,41.445401714044,1.0986122886651097,0,0,3.0,0.00020833333333333335,0.0,7.872992596490531,0.4485499456729795,-7.8660253244046645,0.1862635248265659,7.868347735728689,1.4856356207104098,0.000591547730851083,41.60337853940299,1.0986122886651097,0.0,0.0,Train004,10.0
48,3,0,0.0,0.0,0.0,0.0,0.0,0.0,0.0,0.0,0.0,0.0,0.0,0,0,0.0,0.0,0.0,0.0,0.0,0.0,0.0,0.0,0.0,0.0,0.0,0.0,0.0,0.0,Train004,10.0
48,4,0,0.0,0.0,0.0,0.0,0.0,0.0,0.0,0.0,0.0,0.0,0.0,0,0,0.0,0.0,-0.2,0.0,0.0,0.0,0.0,0.0,0.0,0.0,0.0,0.0,0.0,0.2,Train004,10.0
48,5,0,0.0,0.0,0.0,0.0,0.0,0.0,0.0,0.0,0.0,0.0,0.0,0,0,0.0,0.0,0.0,0.0,0.0,0.0,0.0,0.0,0.0,0.0,0.0,0.0,0.0,0.0,Train004,10.0
49,0,1,6.944444444444444e-05,0.0,12.37190024316672,0.0,-12.360318056734581,0.5352131941850934,12.37190024316672,13.486281145074734,1.1102230246251565e-16,0.0,-1.000088900581841e-12,0,0,1.0,6.944444444444444e-05,0.0,12.459455459409655,0.0,-12.454601595262679,0.33170286402540816,12.459455459409654,-1.8628363662007097,4.4408920985006264e-17,0.0,-1.000088900581841e-12,0.0,0.0,Train004,10.0
49,1,1,6.944444444444444e-05,0.0,7.62220983431415,0.0,-7.020503463813784,-2.968267823646309,7.62220983431415,0.0,1.1102230246251565e-16,0.0,-1.000088900581841e-12,1,1,1.0,6.944444444444444e-05,0.0,8.152651616278554,0.0,3.3295741861749284,4.045759299722725,8.152651616278552,-4.575860998134042,2.2204460492503132e-17,0.0,-1.000088900581841e-12,0.2,0.2,Train004,10.0
49,2,3,0.00020833333333333335,0.0,6.291825651586073,4.455880595823009,-6.258651257328772,0.4952815393833338,6.278217849367521,27.283923924283357,0.6659218382362682,15.201461494152968,1.0986122886651097,1,1,3.0,0.00020833333333333335,0.0,7.448803691071734,1.1840004240262352,-7.43767960089581,0.22906099236457306,7.442973655842638,2.117378240204949,0.1335914683361211,36.24917282305755,1.0986122886651097,0.2,0.2,Train004,10.0
49,3,0,0.0,0.0,0.0,0.0,0.0,0.0,0.0,0.0,0.0,0.0,0.0,0,0,0.0,0.0,0.0,0.0,0.0,0.0,0.0,0.0,0.0,0.0,0.0,0.0,0.0,0.0,Train004,10.0
49,4,1,6.944444444444444e-05,1.0,9.615248440579771,0.0,-9.610071839679676,0.31547077561541215,9.615248440579771,0.0,0.0,0.0,-1.000088900581841e-12,1,0,0.2,1.388888888888889e-05,0.2,1.9230496881159542,0.0,-1.9220143679359354,0.06309415512308243,1.9230496881159542,0.0,0.0,0.0,-2.000177801163682e-13,0.2,0.0,Train004,10.0
49,5,0,0.0,0.0,0.0,0.0,0.0,0.0,0.0,0.0,0.0,0.0,0.0,0,0,0.0,0.0,0.0,0.0,0.0,0.0,0.0,0.0,0.0,0.0,0.0,0.0,0.0,0.0,Train004,10.0
50,0,1,6.944444444444444e-05,0.0,12.111916319005587,0.0,-12.097144202919836,0.598012585450216,12.111916319005587,-2.5998392416113347,0.0,0.0,-1.000088900581841e-12,0,0,1.0,6.944444444444444e-05,0.0,12.133991205656994,0.0,-12.126752490357076,0.3953601404504055,12.133991205656994,-3.2546425375266095,4.4408920985006264e-17,0.0,-1.000088900581841e-12,0.0,0.0,Train004,10.0
50,1,1,6.944444444444444e-05,0.0,7.355698860623358,0.0,-6.732901821321749,-2.9621510414929944,7.355698860623358,-2.6651097369079224,0.0,0.0,-1.000088900581841e-12,0,0,1.0,6.944444444444444e-05,0.0,7.7666159985263095,0.0,0.6458549156274944,2.1644691401227627,7.7666159985263095,-4.649036032840131,2.2204460492503132e-17,0.0,-1.000088900581841e-12,0.2,0.2,Train004,10.0
50,2,3,0.00020833333333333335,0.0,6.514978161082479,4.612871712597793,-6.470670719993241,0.5701474882942318,6.495740737205116,2.2315250949640606,0.6659313689431617,15.801943232357374,1.0986122886651097,0,0,3.0,0.00020833333333333335,0.0,7.025752909892015,2.024957908482121,-7.007280383040124,0.30118576437673167,7.017079391578913,2.128759482595714,0.2666593885085584,31.083311235740183,1.0986122886651097,0.2,0.2,Train004,10.0
50,3,0,0.0,0.0,0.0,0.0,0.0,0.0,0.0,0.0,0.0,0.0,0.0,0,0,0.0,0.0,0.0,0.0,0.0,0.0,0.0,0.0,0.0,0.0,0.0,0.0,0.0,0.0,Train004,10.0
50,4,1,6.944444444444444e-05,0.0,9.196667655400725,0.0,-9.19106810638596,0.32087852478577145,9.196667655400725,-4.185807851790457,0.0,0.0,-1.000088900581841e-12,0,0,0.4,2.777777777777778e-05,0.2,3.7623832191960993,0.0,-3.760227989213127,0.12726986008023672,3.7623832191960993,-0.8371615703580915,0.0,0.0,-4.000355602327364e-13,0.2,0.0,Train004,10.0
50,5,0,0.0,0.0,0.0,0.0,0.0,0.0,0.0,0.0,0.0,0.0,0.0,0,0,0.0,0.0,0.0,0.0,0.0,0.0,0.0,0.0,0.0,0.0,0.0,0.0,0.0,0.0,Train004,10.0
51,0,1,6.944444444444444e-05,0.0,11.308231212544301,0.0,-11.293111534754349,0.5845725104377155,11.308231212544301,-8.036851064612858,1.1102230246251565e-16,0.0,-1.000088900581841e-12,0,0,1.0,6.944444444444444e-05,0.0,11.779434453748053,0.0,-11.769841686507032,0.45307452172078844,11.779434453748053,-3.545567519089416,4.4408920985006264e-17,0.0,-1.000088900581841e-12,0.0,0.0,Train004,10.0
51,1,1,6.944444444444444e-05,0.0,6.845154621791051,0.0,-6.251206644382972,-2.789006505092731,6.845154621791051,-5.1054423883230715,0.0,0.0,-1.000088900581841e-12,0,0,1.0,6.944444444444444e-05,0.0,7.400513373378994,0.0,-1.8429882429978257,0.3915324795813544,7.400513373378994,-4.449706106790842,2.2204460492503132e-17,0.0,-1.000088900581841e-12,0.2,0.2,Train004,10.0
51,2,3,0.00020833333333333335,0.0,6.185987286162249,4.38096979553286,-6.140572809431422,0.5581240715993953,6.165884924909578,-3.289908749202297,0.6659421413197701,16.020327457971653,1.0986122886651097,0,0,3.0,0.00020833333333333335,0.0,6.636187459305937,2.831732357891039,-6.609792259573787,0.3788206463457886,6.624298380139375,2.4636127885321324,0.39974677997041647,25.986096020553646,1.0986122886651097,0.2,0.2,Train004,10.0
51,3,0,0.0,0.0,0.0,0.0,0.0,0.0,0.0,0.0,0.0,0.0,0.0,0,0,0.0,0.0,0.0,0.0,0.0,0.0,0.0,0.0,0.0,0.0,0.0,0.0,0.0,0.0,Train004,10.0
51,4,1,6.944444444444444e-05,0.0,8.523814508801848,0.0,-8.518398829820022,0.30380117936206424,8.523814508801848,-6.72853146598877,0.0,0.0,-1.000088900581841e-12,0,0,0.6,4.1666666666666665e-05,0.2,5.467146120956469,0.0,-5.463907755177131,0.18803009595264958,5.467146120956469,-2.1828678635558454,0.0,0.0,-6.000533403491046e-13,0.2,0.0,Train004,10.0
51,5,0,0.0,0.0,0.0,0.0,0.0,0.0,0.0,0.0,0.0,0.0,0.0,0,0,0.0,0.0,0.0,0.0,0.0,0.0,0.0,0.0,0.0,0.0,0.0,0.0,0.0,0.0,Train004,10.0
52,0,1,6.944444444444444e-05,0.0,10.363141787814117,0.0,-10.348776318966843,0.545468985672176,10.363141787814117,-9.450894247301846,0.0,0.0,-1.000088900581841e-12,0,0,1.0,6.944444444444444e-05,0.0,11.435692338237995,0.0,-11.423895119773798,0.5053270562999224,11.435692338237995,-3.437421155100572,4.4408920985006264e-17,0.0,-1.000088900581841e-12,0.0,0.0,Train004,10.0
52,1,1,6.944444444444444e-05,0.0,6.2640712617045775,0.0,-5.715094272455527,-2.564427076104761,6.2640712617045775,-5.810833600864731,1.1102230246251565e-16,0.0,-1.000088900581841e-12,0,0,1.0,6.944444444444444e-05,0.0,7.063000897017689,0.0,-4.117222910702702,-1.2391587720708686,7.063000897017689,-4.163804618930728,4.4408920985006264e-17,0.0,-1.000088900581841e-12,0.2,0.2,Train004,10.0
52,2,3,0.00020833333333333335,0.0,5.692861391879487,4.033127541339996,-5.6499507378377025,0.5184409738465063,5.673687018452438,-4.931258942827632,0.6659474549457634,16.086445000515806,1.0986122886651097,0,0,3.0,0.00020833333333333335,0.0,6.285743879412896,3.568379418055687,-6.251738155009514,0.45360095599861977,6.2707107648489835,2.854831495462514,0.5328412503714448,20.911115779808362,1.0986122886651097,0.2,0.2,Train004,10.0
52,3,0,0.0,0.0,0.0,0.0,0.0,0.0,0.0,0.0,0.0,0.0,0.0,0,0,0.0,0.0,0.0,0.0,0.0,0.0,0.0,0.0,0.0,0.0,0.0,0.0,0.0,0.0,Train004,10.0
52,4,1,6.944444444444444e-05,0.0,7.782639881045354,0.0,-7.777609001703678,0.2797887321811896,7.782639881045354,-7.411746277564948,0.0,0.0,-1.000088900581841e-12,0,0,0.8,5.555555555555556e-05,0.2,7.023674097165539,0.0,-7.019429555517867,0.2439878423888875,7.023674097165539,-3.665217119068835,0.0,0.0,-8.000711204654728e-13,0.2,0.0,Train004,10.0
52,5,0,0.0,0.0,0.0,0.0,0.0,0.0,0.0,0.0,0.0,0.0,0.0,0,0,0.0,0.0,0.0,0.0,0.0,0.0,0.0,0.0,0.0,0.0,0.0,0.0,0.0,0.0,Train004,10.0
53,0,1,6.944444444444444e-05,0.0,9.424657131586168,0.0,-9.411397233599493,0.49976410370676083,9.424657131586168,-9.384846562279492,0.0,0.0,-1.000088900581841e-12,0,0,1.0,6.944444444444444e-05,0.0,11.11596933882338,0.0,-11.10214946939502,0.5526062758903925,11.115969338823378,-3.1972299941461584,4.4408920985006264e-17,0.0,-1.000088900581841e-12,0.0,0.0,Train004,10.0
53,1,1,6.944444444444444e-05,0.0,5.690479412020354,0.0,-5.189685999761322,-2.3342483078089296,5.690479412020354,-5.735918496842238,0.0,0.0,-1.000088900581841e-12,0,0,1.0,6.944444444444444e-05,0.0,6.755522798090698,0.0,-6.181878440347071,-2.723620150829145,6.755522798090698,-3.8634608445875926,4.4408920985006264e-17,0.0,-1.000088900581841e-12,0.2,0.2,Train004,10.0
53,2,3,0.00020833333333333335,0.0,5.176371039427416,3.6685344520998027,-5.137011842538469,0.47238494802934544,5.1586857056332835,-5.164903524520709,0.6659498291854268,16.095192747267483,1.0986122886651097,0,0,3.0,0.00020833333333333335,0.0,5.972404706027541,4.230276819478692,-5.931371473425921,0.5228758042305626,5.954443247113587,3.225875560539356,0.665938526526078,15.841073986453058,1.0986122886651097,0.2,0.2,Train004,10.0
53,3,0,0.0,0.0,0.0,0.0,0.0,0.0,0.0,0.0,0.0,0.0,0.0,0,0,0.0,0.0,0.0,0.0,0.0,0.0,0.0,0.0,0.0,0.0,0.0,0.0,0.0,0.0,Train004,10.0
53,4,1,6.944444444444444e-05,0.0,7.059990885399987,0.0,-7.055394133038709,0.25472520372720636,7.059990885399987,-7.2264899564536655,0.0,0.0,-1.000088900581841e-12,0,0,1.0,6.944444444444444e-05,0.2,8.435672274245537,0.0,-8.430508382125609,0.29493288313432875,8.435672274245537,-5.110515110359568,0.0,0.0,-1.000088900581841e-12,0.2,0.0,Train004,10.0
53,5,0,0.0,0.0,0.0,0.0,0.0,0.0,0.0,0.0,0.0,0.0,0.0,0,0,0.0,0.0,0.0,0.0,0.0,0.0,0.0,0.0,0.0,0.0,0.0,0.0,0.0,0.0,Train004,10.0
54,0,1,6.944444444444444e-05,0.0,11.772931856620195,0.0,-11.771845935863745,0.15989922736170614,11.772931856620195,23.482747250340275,0.0,0.0,-1.000088900581841e-12,0,0,1.0,6.944444444444444e-05,0.0,10.996175661514073,0.0,-10.984455045220852,0.4775434825257149,10.996175661514075,-1.1979367730930506,2.2204460492503132e-17,0.0,-1.000088900581841e-12,0.0,0.0,Train004,10.0
54,1,1,6.944444444444444e-05,0.0,11.231526711364308,0.0,-11.223968620918548,-0.4119716795190584,11.231526711364308,0.0,0.0,0.0,-1.000088900581841e-12,1,1,1.0,6.944444444444444e-05,0.0,7.47738617350073,0.0,-7.022571471768023,-2.2123609220036946,7.47738617350073,-3.8634608445875926,2.2204460492503132e-17,0.0,-1.000088900581841e-12,0.2,0.2,Train004,10.0
54,2,3,0.00020833333333333335,0.0,7.704793705377493,3.3239174909627303,-7.683821766855168,0.5203416567103174,7.701420153744718,25.284226659500764,0.0007577177321960171,17.677304807914894,1.0986122886651097,0,0,3.0,0.00020833333333333335,0.0,6.254998316785825,4.003884198506637,-6.2164055753312,0.5278878276959593,6.239083707989027,2.8259361075828373,0.5329057024252636,16.336242649205442,1.0986122886651097,0.0,0.0,Train004,10.0
54,3,0,0.0,0.0,0.0,0.0,0.0,0.0,0.0,0.0,0.0,0.0,0.0,0,0,0.0,0.0,0.0,0.0,0.0,0.0,0.0,0.0,0.0,0.0,0.0,0.0,0.0,0.0,Train004,10.0
54,4,1,6.944444444444444e-05,0.0,9.969253211748002,0.0,-9.966580499351013,0.23083056535905336,9.969253211748002,29.092623263480153,0.0,0.0,-1.000088900581841e-12,0,0,1.0,6.944444444444444e-05,0.0,8.506473228479184,0.0,-8.501810114059875,0.278004841083057,8.506473228479184,0.7080095423364625,0.0,0.0,-1.000088900581841e-12,0.0,0.0,Train004,10.0
54,5,0,0.0,0.0,0.0,0.0,0.0,0.0,0.0,0.0,0.0,0.0,0.0,0,0,0.0,0.0,0.0,0.0,0.0,0.0,0.0,0.0,0.0,0.0,0.0,0.0,0.0,0.0,Train004,10.0
55,0,1,6.944444444444444e-05,0.0,11.897510035471834,0.0,-11.897465537068577,0.03253979745722217,11.897510035471834,1.245781788516389,0.0,0.0,-1.000088900581841e-12,0,0,1.0,6.944444444444444e-05,0.0,10.953294404807323,0.0,-10.9445193120506,0.3644489249271161,10.953294404807322,-0.42881256706750576,2.2204460492503132e-17,0.0,-1.000088900581841e-12,0.0,0.0,Train004,10.0
55,1,1,6.944444444444444e-05,0.0,10.882172796116386,0.0,-10.874569117452147,-0.40673243575052725,10.882172796116386,-3.493539152479226,1.1102230246251565e-16,0.0,-1.000088900581841e-12,0,0,1.0,6.944444444444444e-05,0.0,8.182680960599335,0.0,-7.850904930994102,-1.7012772008552013,8.182680960599336,-4.029146727701853,4.4408920985006264e-17,0.0,-1.000088900581841e-12,0.2,0.2,Train004,10.0
55,2,3,0.00020833333333333335,0.0,7.872745239280328,3.3550408581860927,-7.853865810979186,0.5062526240394734,7.870165175916869,1.6795153390283628,0.0006152678176907234,18.29691482397632,1.0986122886651097,0,0,3.0,0.00020833333333333335,0.0,6.5265517324253945,3.752318027624296,-6.49304459352839,0.5151088548450076,6.513968595731377,2.7155341563956976,0.3998424822001694,16.835236967529234,1.0986122886651097,0.0,0.0,Train004,10.0
55,3,0,0.0,0.0,0.0,0.0,0.0,0.0,0.0,0.0,0.0,0.0,0.0,0,0,0.0,0.0,0.0,0.0,0.0,0.0,0.0,0.0,0.0,0.0,0.0,0.0,0.0,0.0,Train004,10.0
55,4,1,6.944444444444444e-05,0.0,10.381796931047225,0.0,-10.379696968028007,0.20880222559102835,10.381796931047225,4.125437192992223,1.1102230246251565e-16,0.0,-1.000088900581841e-12,0,0,1.0,6.944444444444444e-05,0.0,8.743499083608482,0.0,-8.739535886388285,0.25558958124410835,8.743499083608482,2.3702585512929986,2.2204460492503132e-17,0.0,-1.000088900581841e-12,0.0,0.0,Train004,10.0
55,5,0,0.0,0.0,0.0,0.0,0.0,0.0,0.0,0.0,0.0,0.0,0.0,0,0,0.0,0.0,0.0,0.0,0.0,0.0,0.0,0.0,0.0,0.0,0.0,0.0,0.0,0.0,Train004,10.0
56,0,1,6.944444444444444e-05,0.0,11.2401718190883,0.0,-11.240163623589527,-0.013573413775726179,11.2401718190883,-6.573382163835344,1.1102230246251565e-16,0.0,-1.000088900581841e-12,0,0,1.0,6.944444444444444e-05,0.0,10.939682526116123,0.0,-10.933929729817638,0.2448197400844278,10.939682526116123,-0.13611878691200302,2.2204460492503132e-17,0.0,-1.000088900581841e-12,0.0,0.0,Train004,10.0
56,1,1,6.944444444444444e-05,0.0,10.140918277294402,0.0,-10.133738043815812,-0.381545234649463,10.140918277294402,-7.412545188219841,0.0,0.0,-1.000088900581841e-12,0,0,1.0,6.944444444444444e-05,0.0,8.841833691700007,0.0,-8.627411210880672,-1.2197849467665478,8.841833691700005,-4.490567287681207,4.4408920985006264e-17,0.0,-1.000088900581841e-12,0.2,0.2,Train004,10.0
56,2,3,0.00020833333333333335,0.0,7.378742681071176,3.2778864875585856,-7.361176547099675,0.4712974543192012,7.376248467074443,-4.940025582091523,0.0006171116840700819,18.527911074947045,1.0986122886651097,0,0,3.0,0.00020833333333333335,0.0,6.76510281140718,3.5317013660294414,-6.73716534106204,0.4977435313889688,6.75604130416435,2.385510789817853,0.2667774762730294,17.336753690924308,1.0986122886651097,0.0,0.0,Train004,10.0
56,3,0,0.0,0.0,0.0,0.0,0.0,0.0,0.0,0.0,0.0,0.0,0.0,0,0,0.0,0.0,0.0,0.0,0.0,0.0,0.0,0.0,0.0,0.0,0.0,0.0,0.0,0.0,Train004,10.0
56,4,1,6.944444444444444e-05,0.0,9.906794907398996,0.0,-9.904996520925065,0.18875713954451853,9.906794907398996,-4.750020236482282,0.0,0.0,-1.000088900581841e-12,0,0,1.0,6.944444444444444e-05,0.0,9.020095163327913,0.0,-9.016855424609295,0.23258077328059926,9.020095163327913,2.765960797194296,2.2204460492503132e-17,0.0,-1.000088900581841e-12,0.0,0.0,Train004,10.0
56,5,0,0.0,0.0,0.0,0.0,0.0,0.0,0.0,0.0,0.0,0.0,0.0,0,0,0.0,0.0,0.0,0.0,0.0,0.0,0.0,0.0,0.0,0.0,0.0,0.0,0.0,0.0,Train004,10.0
57,0,1,6.944444444444444e-05,0.0,10.349939218762971,0.0,-10.349899215542031,-0.028776035347606456,10.349939218762971,-8.902326003253282,1.1102230246251565e-16,0.0,-1.000088900581841e-12,0,0,1.0,6.944444444444444e-05,0.0,10.937042012305893,0.0,-10.934154309132676,0.1299707358804713,10.937042012305893,-0.026405138102290237,4.4408920985006264e-17,0.0,-1.000088900581841e-12,0.0,0.0,Train004,10.0
57,1,1,6.944444444444444e-05,0.0,9.285337902110356,0.0,-9.278727822560276,-0.35029980190261234,9.285337902110356,-8.555803751840454,0.0,0.0,-1.000088900581841e-12,0,0,1.0,6.944444444444444e-05,0.0,9.446087019781162,0.0,-9.34013792090162,-0.776959491926118,9.44608701978116,-5.039561317876351,2.2204460492503132e-17,0.0,-1.000088900581841e-12,0.2,0.2,Train004,10.0
57,2,3,0.00020833333333333335,0.0,6.728926025754322,3.1092291606690283,-6.712785168376271,0.4311671542978437,6.726618008458467,-6.498166553168551,0.0006255848644814987,18.605548320720185,1.0986122886651097,0,0,3.0,0.00020833333333333335,0.0,6.972315738182147,3.3469216898952476,-6.949732227169754,0.48028876747923627,6.966627502165556,2.072129267749669,0.13371310225677302,17.840574354965185,1.0986122886651097,0.0,0.0,Train004,10.0
57,3,0,0.0,0.0,0.0,0.0,0.0,0.0,0.0,0.0,0.0,0.0,0.0,0,0,0.0,0.0,0.0,0.0,0.0,0.0,0.0,0.0,0.0,0.0,0.0,0.0,0.0,0.0,Train004,10.0
57,4,1,6.944444444444444e-05,0.0,9.153950552299353,0.0,-9.152360548787627,0.17060802717773813,9.153950552299353,-7.528443550996435,0.0,0.0,-1.000088900581841e-12,0,0,1.0,6.944444444444444e-05,0.0,9.294357297578713,0.0,-9.291805734026084,0.21074463227990897,9.294357297578713,2.7426213425079986,2.2204460492503132e-17,0.0,-1.000088900581841e-12,0.0,0.0,Train004,10.0
57,5,0,0.0,0.0,0.0,0.0,0.0,0.0,0.0,0.0,0.0,0.0,0.0,0,0,0.0,0.0,0.0,0.0,0.0,0.0,0.0,0.0,0.0,0.0,0.0,0.0,0.0,0.0,Train004,10.0
58,0,1,6.944444444444444e-05,0.0,9.43129673593078,0.0,-9.431241232226835,-0.03235646338893324,9.43129673593078,-9.186424828321904,0.0,0.0,-1.000088900581841e-12,0,0,1.0,6.944444444444444e-05,0.0,10.938369933174817,0.0,-10.938123108858143,0.02354662246133249,10.938369933174815,0.013279208689227318,4.4408920985006264e-17,0.0,-1.000088900581841e-12,0.0,0.0,Train004,10.0
58,1,1,6.944444444444444e-05,0.0,8.437144613407805,0.0,-8.431124737343584,-0.318661090987609,8.437144613407805,-8.481932887025518,0.0,0.0,-1.000088900581841e-12,0,0,1.0,6.944444444444444e-05,0.0,9.99542006005865,0.0,-9.988425668418072,-0.373842048561854,9.995420060058652,-5.588764195913008,2.2204460492503132e-17,0.0,-1.000088900581841e-12,0.2,0.2,Train004,10.0
58,2,3,0.00020833333333333335,0.0,6.080706726846401,2.897340786982458,-6.066005890202109,0.39164940911458723,6.078636090409302,-6.482192989079191,0.0006303655412288611,18.62358484973032,1.0986122886651097,0,0,3.0,0.00020833333333333335,0.0,7.1531828756659435,3.1926829568717787,-7.135531036702481,0.4641416596962847,7.15061757912076,1.8086713748379721,0.0006492095279334364,18.346252775457753,1.0986122886651097,0.0,0.0,Train004,10.0
58,3,0,0.0,0.0,0.0,0.0,0.0,0.0,0.0,0.0,0.0,0.0,0.0,0,0,0.0,0.0,0.0,0.0,0.0,0.0,0.0,0.0,0.0,0.0,0.0,0.0,0.0,0.0,Train004,10.0
58,4,1,6.944444444444444e-05,0.0,8.350364506767042,0.0,-8.348940536539542,0.15420542533127507,8.350364506767042,-8.035860455323114,0.0,0.0,-1.000088900581841e-12,0,0,1.0,6.944444444444444e-05,0.0,9.552432021852123,0.0,-9.55051501472625,0.1906406766007227,9.552432021852123,2.580747242734109,2.2204460492503132e-17,0.0,-1.000088900581841e-12,0.0,0.0,Train004,10.0
58,5,0,0.0,0.0,0.0,0.0,0.0,0.0,0.0,0.0,0.0,0.0,0.0,0,0,0.0,0.0,0.0,0.0,0.0,0.0,0.0,0.0,0.0,0.0,0.0,0.0,0.0,0.0,Train004,10.0
59,0,1,6.944444444444444e-05,0.0,12.683284847905483,0.0,-12.680560723733352,0.26285787950887995,12.683284847905483,32.519881119747026,0.0,0.0,-1.000088900581841e-12,0,0,1.0,6.944444444444444e-05,0.0,11.120440531431873,0.0,-11.119866066432063,0.04413835289076725,11.120440531431873,1.8207059825705776,4.4408920985006264e-17,0.0,-1.000088900581841e-12,0.0,0.0,Train004,10.0
59,1,3,0.00020833333333333335,2.0,5.984338742709625,4.27439661583679,-5.8913530944882355,0.6068698694076388,5.9225275282037275,12.78597566155474,0.6692085919315374,21.643909954135097,1.0986122886651097,2,0,1.4,9.722222222222222e-05,0.4,8.945982466327715,0.8548793231673579,-8.921902563132011,-0.17007373877651455,8.933620223426534,-3.0315690636020594,0.13384171838630748,4.32878199082702,0.21972245773222188,0.4,0.0,Train004,10.0
59,2,3,0.00020833333333333335,0.0,8.525102107097153,2.5474840096505154,-8.508385058867978,0.20438676442071538,8.510839574298073,24.44395380250751,0.0023492145357711935,19.20907732747754,1.0986122886651097,0,0,3.0,0.00020833333333333335,0.0,7.317244556009877,3.037396260609336,-7.300443695105043,0.4009506812383642,7.31250146323143,1.6406168034393218,0.0009675088886484717,18.65260727937028,1.0986122886651097,0.0,0.0,Train004,10.0
59,3,0,0.0,0.0,0.0,0.0,0.0,0.0,0.0,0.0,0.0,0.0,0.0,0,0,0.0,0.0,0.0,0.0,0.0,0.0,0.0,0.0,0.0,0.0,0.0,0.0,0.0,0.0,Train004,10.0
59,4,1,6.944444444444444e-05,0.0,9.955208352098156,0.0,-9.945674282928135,0.4355874098121215,9.955208352098156,16.048438453311142,0.0,0.0,-1.000088900581841e-12,0,0,1.0,6.944444444444444e-05,0.0,9.549623049922156,0.0,-9.546333771441676,0.23159204549133633,9.549623049922156,-0.028089719299693172,2.2204460492503132e-17,0.0,-1.000088900581841e-12,0.0,0.0,Train004,10.0
59,5,0,0.0,0.0,0.0,0.0,0.0,0.0,0.0,0.0,0.0,0.0,0.0,0,0,0.0,0.0,0.0,0.0,0.0,0.0,0.0,0.0,0.0,0.0,0.0,0.0,0.0,0.0,Train004,10.0
60,0,1,6.944444444444444e-05,0.0,13.065821344377182,0.0,-13.061137548719996,0.3498190054856445,13.065821344377182,3.825364964716993,0.0,0.0,-1.000088900581841e-12,0,0,1.0,6.944444444444444e-05,0.0,11.354102793212942,0.0,-11.352600468762349,0.10759419449645172,11.354102793212943,2.3366226178106984,4.4408920985006264e-17,0.0,-1.000088900581841e-12,0.0,0.0,Train004,10.0
60,1,3,0.00020833333333333335,0.0,5.867681947722926,4.1979161563858165,-5.756538710840881,0.6716938223335324,5.795594061040734,-1.1665679498669708,0.6692515027064285,21.777422665600223,1.0986122886651097,0,0,1.8,0.000125,0.4,7.943084296649023,1.6944625544445213,-7.8982964818097585,0.045611512840297366,7.916304476411403,-2.566174823079609,0.2676920189275932,8.684266523947064,0.43944491546544384,0.4,0.0,Train004,10.0
60,2,3,0.00020833333333333335,0.0,8.784056817962723,2.413462696966566,-8.766667401883,0.13757705892997385,8.767746847530548,2.589547108655701,0.002511523738892296,19.440512626404807,1.0986122886651097,0,0,3.0,0.00020833333333333335,0.0,7.499506871746355,2.8490806283654306,-7.4830040132858056,0.3272155682164643,7.492017797554166,1.8226231573647893,0.0013467600728887864,18.88132683985598,1.0986122886651097,0.0,0.0,Train004,10.0
60,3,0,0.0,0.0,0.0,0.0,0.0,0.0,0.0,0.0,0.0,0.0,0.0,0,0,0.0,0.0,0.0,0.0,0.0,0.0,0.0,0.0,0.0,0.0,0.0,0.0,0.0,0.0,Train004,10.0
60,4,1,6.944444444444444e-05,0.0,9.923285844666447,0.0,-9.910310259243348,0.5072992415661037,9.923285844666447,-0.3192250743170888,0.0,0.0,-1.000088900581841e-12,0,0,1.0,6.944444444444444e-05,0.0,9.457920832646,0.0,-9.452456429684743,0.2912914486863514,9.457920832646,-0.9170221727615555,0.0,0.0,-1.000088900581841e-12,0.0,0.0,Train004,10.0
60,5,0,0.0,0.0,0.0,0.0,0.0,0.0,0.0,0.0,0.0,0.0,0.0,0,0,0.0,0.0,0.0,0.0,0.0,0.0,0.0,0.0,0.0,0.0,0.0,0.0,0.0,0.0,Train004,10.0
61,0,1,6.944444444444444e-05,0.0,12.428975760520064,0.0,-12.423778739023712,0.3593887858263032,12.428975760520064,-6.368455838571183,0.0,0.0,-1.000088900581841e-12,0,0,1.0,6.944444444444444e-05,0.0,11.591863581499297,0.0,-11.589323491849186,0.1821866344168576,11.591863581499297,2.3776078828635305,2.2204460492503132e-17,0.0,-1.000088900581841e-12,0.0,0.0,Train004,10.0
61,1,3,0.00020833333333333335,0.0,5.485651364523929,3.92593826064935,-5.374604857722623,0.6540088889840331,5.414250179251579,-3.8203058319899754,0.6692500989559939,21.825887131485064,1.0986122886651097,0,0,2.2,0.00015277777777777777,0.4,7.012030914094927,2.4796502065743913,-6.946469844591119,0.2527223375669966,6.970970856802841,-1.8477269518336357,0.40154203871879196,13.049443950244077,0.6591673731986658,0.4,0.0,Train004,10.0
61,2,3,0.00020833333333333335,0.0,8.312903747175527,2.2819168223274895,-8.296493070502935,0.1109278141016831,8.297234614547463,-4.711530707871947,0.0025495431621151976,19.52374914636752,1.0986122886651097,0,0,3.0,0.00020833333333333335,0.0,7.6863390849672255,2.6498866953192115,-7.670067317966459,0.2551416401729607,7.676215027048771,1.8683221322087042,0.0017332463684978094,19.080494454140073,1.0986122886651097,0.0,0.0,Train004,10.0
61,3,0,0.0,0.0,0.0,0.0,0.0,0.0,0.0,0.0,0.0,0.0,0.0,0,0,0.0,0.0,0.0,0.0,0.0,0.0,0.0,0.0,0.0,0.0,0.0,0.0,0.0,0.0,Train004,10.0
61,4,1,6.944444444444444e-05,0.0,9.32558480824936,0.0,-9.312055189682072,0.5021555139261548,9.32558480824936,-5.977010364170869,0.0,0.0,-1.000088900581841e-12,0,0,1.0,6.944444444444444e-05,0.0,9.341678812816072,0.0,-9.333868163436145,0.3539711235626787,9.341678812816072,-1.162420198299273,0.0,0.0,-1.000088900581841e-12,0.0,0.0,Train004,10.0
61,5,0,0.0,0.0,0.0,0.0,0.0,0.0,0.0,0.0,0.0,0.0,0.0,0,0,0.0,0.0,0.0,0.0,0.0,0.0,0.0,0.0,0.0,0.0,0.0,0.0,0.0,0.0,Train004,10.0
62,0,1,6.944444444444444e-05,0.0,11.475804710877306,0.0,-11.470721222118101,0.34153829454865864,11.475804710877306,-9.531710496427586,0.0,0.0,-1.000088900581841e-12,0,0,1.0,6.944444444444444e-05,0.0,11.817036679922165,0.0,-11.813487893164398,0.2562495003961106,11.817036679922163,2.25173098422867,0.0,0.0,-1.000088900581841e-12,0.0,0.0,Train004,10.0
62,1,3,0.00020833333333333335,0.0,5.028916390272584,3.599524872681749,-4.924374004869509,0.609305816880198,4.961926331407854,-4.5673497425134535,0.6692481716209338,21.839837503215254,1.0986122886651097,0,0,2.6,0.00018055555555555557,0.4,6.160746611727374,3.199555181110741,-6.0755990810529665,0.4446434613235587,6.10628854266234,-1.0500361499682356,0.5353916730429786,17.417411450887126,0.8788898309318878,0.4,0.0,Train004,10.0
62,2,3,0.00020833333333333335,0.0,7.633983330862553,2.133296401501899,-7.6190170674911455,0.09772269912051683,7.619643744995219,-6.789204163129743,0.0025616455747148326,19.547765087815616,1.0986122886651097,0,0,3.0,0.00020833333333333335,0.0,7.867350545988872,2.4547001434857854,-7.8513136977894336,0.18845274913749532,7.854820174356121,1.8101146102164662,0.002120458510544476,19.268937807559162,1.0986122886651097,0.0,0.0,Train004,10.0
62,3,0,0.0,0.0,0.0,0.0,0.0,0.0,0.0,0.0,0.0,0.0,0.0,0,0,0.0,0.0,0.0,0.0,0.0,0.0,0.0,0.0,0.0,0.0,0.0,0.0,0.0,0.0,Train004,10.0
62,4,1,6.944444444444444e-05,0.0,8.567361497755957,0.0,-8.554421338356082,0.4707001159011196,8.567361497755957,-7.582233104934026,0.0,0.0,-1.000088900581841e-12,0,0,1.0,6.944444444444444e-05,0.0,9.224361001907392,0.0,-9.214280321349836,0.413989541307355,9.224361001907392,-1.1731781090867912,0.0,0.0,-1.000088900581841e-12,0.0,0.0,Train004,10.0
62,5,0,0.0,0.0,0.0,0.0,0.0,0.0,0.0,0.0,0.0,0.0,0.0,0,0,0.0,0.0,0.0,0.0,0.0,0.0,0.0,0.0,0.0,0.0,0.0,0.0,0.0,0.0,Train004,10.0
63,0,1,6.944444444444444e-05,0.0,10.469001116922676,0.0,-10.464254309717834,0.3152239325939242,10.469001116922676,-10.068035939546292,0.0,0.0,-1.000088900581841e-12,0,0,1.0,6.944444444444444e-05,0.0,12.024577556120544,0.0,-12.0200905086626,0.3257655795926821,12.024577556120542,2.0754087619837924,0.0,0.0,-1.000088900581841e-12,0.0,0.0,Train004,10.0
63,1,3,0.00020833333333333335,0.0,4.572516638358619,3.273189029863104,-4.476427468520691,0.5575740733651315,4.5110189235044835,-4.563997519139648,0.6692471849689572,21.83920017893321,1.0986122886651097,0,0,3.0,0.00020833333333333335,0.4,5.387821016717536,3.854192987083362,-5.284659627288388,0.6198904941941068,5.321063404681675,-0.2664490763910615,0.6692411100367701,21.78525148667377,1.0986122886651097,0.4,0.0,Train004,10.0
63,2,3,0.00020833333333333335,0.0,6.931775681578569,1.97629960605411,-6.91828351657244,0.0890195654368387,6.918856213183541,-7.022076492839862,0.0025660285625873636,19.54873325141321,1.0986122886651097,0,0,3.0,0.00020833333333333335,0.0,8.037564336935304,2.2704919073001157,-8.0217692230635,0.12792678040194563,8.02286419891097,1.7021379094643323,0.0025075911148161765,19.45396748789574,1.0986122886651097,0.0,0.0,Train004,10.0
63,3,0,0.0,0.0,0.0,0.0,0.0,0.0,0.0,0.0,0.0,0.0,0.0,0,0,0.0,0.0,0.0,0.0,0.0,0.0,0.0,0.0,0.0,0.0,0.0,0.0,0.0,0.0,Train004,10.0
63,4,1,6.944444444444444e-05,0.0,7.798512307971128,0.0,-7.786537985554819,0.4319958530924425,7.798512307971128,-7.688491897848291,0.0,0.0,-1.000088900581841e-12,0,0,1.0,6.944444444444444e-05,0.0,9.11399056214821,0.0,-9.10179981115289,0.46954762685958845,9.11399056214821,-1.1037043975918266,0.0,0.0,-1.000088900581841e-12,0.0,0.0,Train004,10.0
63,5,0,0.0,0.0,0.0,0.0,0.0,0.0,0.0,0.0,0.0,0.0,0.0,0,0,0.0,0.0,0.0,0.0,0.0,0.0,0.0,0.0,0.0,0.0,0.0,0.0,0.0,0.0,Train004,10.0
64,0,1,6.944444444444444e-05,0.0,12.152864641986195,0.0,-12.14946294127743,0.2875225990502064,12.152864641986195,16.838635250635186,0.0,0.0,-1.000088900581841e-12,0,0,1.0,6.944444444444444e-05,0.0,11.918493514936683,0.0,-11.913870952171417,0.3306985235009474,11.918493514936685,-1.0608404118385757,0.0,0.0,-1.000088900581841e-12,0.0,0.0,Train004,10.0
64,1,3,0.00020833333333333335,0.0,8.316748683375488,1.1472561670038013,-2.09248218199189,0.9865655347264184,2.3133943105885697,37.44232045016869,0.6442001293969762,22.47138372041108,1.0986122886651097,0,0,3.0,0.00020833333333333335,0.0,5.854303004850709,3.228764897316764,-4.524885444789119,0.6958296272578627,4.599236761158645,4.664819881331728,0.6642394175298578,21.950746239928968,1.0986122886651097,0.0,0.0,Train004,10.0
64,2,3,0.00020833333333333335,0.0,9.187939408453618,1.4757665039397367,-9.176782732322474,0.2961716306522481,9.181560812359473,22.561637268750502,0.0006830035134478551,19.04747895102514,1.0986122886651097,0,0,3.0,0.00020833333333333335,0.0,8.170131797206597,2.05614840615796,-8.1554487577544,0.14628375364825216,8.15700844652325,1.3256746027129303,0.002174348910351509,19.42164781260526,1.0986122886651097,0.0,0.0,Train004,10.0
64,3,0,0.0,0.0,0.0,0.0,0.0,0.0,0.0,0.0,0.0,0.0,0.0,0,0,0.0,0.0,0.0,0.0,0.0,0.0,0.0,0.0,0.0,0.0,0.0,0.0,0.0,0.0,Train004,10.0
64,4,1,6.944444444444444e-05,0.0,9.446916806548348,0.0,-9.421814368145025,0.688223192039916,9.446916806548348,16.484044985772197,0.0,0.0,-1.000088900581841e-12,0,0,1.0,6.944444444444444e-05,0.0,9.012332253038249,0.0,-8.99702782819627,0.5200747833051473,9.012332253038249,-1.0165830910996156,0.0,0.0,-1.000088900581841e-12,0.0,0.0,Train004,10.0
64,5,0,0.0,0.0,0.0,0.0,0.0,0.0,0.0,0.0,0.0,0.0,0.0,0,0,0.0,0.0,0.0,0.0,0.0,0.0,0.0,0.0,0.0,0.0,0.0,0.0,0.0,0.0,Train004,10.0
65,0,1,6.944444444444444e-05,0.0,12.021388606711378,0.0,-12.018555559317594,0.2609718397955986,12.021388606711378,-1.31476035274817,0.0,0.0,-1.000088900581841e-12,0,0,1.0,6.944444444444444e-05,0.0,11.709606967403525,0.0,-11.705354554290935,0.3129290903629382,11.709606967403523,-2.088865475331608,0.0,0.0,-1.000088900581841e-12,0.0,0.0,Train004,10.0
65,1,3,0.00020833333333333335,0.0,8.36833937688648,1.3763320757694504,-1.8833224947584615,0.9121551715652232,2.0925894667316896,0.5159069351099058,0.6467279074173276,22.733606904473856,1.0986122886651097,0,0,3.0,0.00020833333333333335,0.0,6.35443449068342,2.6644480811934907,-3.7502422015726347,0.7439218971042009,3.8586358422968354,5.001314858327103,0.6597346984720377,22.141983087703693,1.0986122886651097,0.0,0.0,Train004,10.0
65,2,3,0.00020833333333333335,0.0,9.398692877521535,1.260530047111922,-9.383505050617927,0.3484748038746954,9.389973467689227,2.107534690679168,0.0008657325924661396,18.858011139062413,1.0986122886651097,0,0,3.0,0.00020833333333333335,0.0,8.29305900911836,1.8255618761870316,-8.278816287501385,0.1884633026371965,8.281453770554986,1.2292721191176237,0.0018451906810662776,19.30514751513678,1.0986122886651097,0.0,0.0,Train004,10.0
65,3,0,0.0,0.0,0.0,0.0,0.0,0.0,0.0,0.0,0.0,0.0,0.0,0,0,0.0,0.0,0.0,0.0,0.0,0.0,0.0,0.0,0.0,0.0,0.0,0.0,0.0,0.0,Train004,10.0
65,4,1,6.944444444444444e-05,0.0,9.461705785046014,0.0,-9.432999391475287,0.7364773202211263,9.461705785046014,0.1478897849766625,0.0,0.0,-1.000088900581841e-12,0,0,1.0,6.944444444444444e-05,0.0,8.920016241114162,0.0,-8.901565654642656,0.5659103990361519,8.920016241114162,-0.9231601192408654,0.0,0.0,-1.000088900581841e-12,0.0,0.0,Train004,10.0
65,5,0,0.0,0.0,0.0,0.0,0.0,0.0,0.0,0.0,0.0,0.0,0.0,0,0,0.0,0.0,0.0,0.0,0.0,0.0,0.0,0.0,0.0,0.0,0.0,0.0,0.0,0.0,Train004,10.0
66,0,1,6.944444444444444e-05,0.0,11.267604580977714,0.0,-11.265124738851927,0.2363844567146715,11.267604580977714,-7.5378402573366365,0.0,0.0,-1.000088900581841e-12,0,0,1.0,6.944444444444444e-05,0.0,11.477332731495054,0.0,-11.473623754256575,0.2883282245406119,11.477332731495054,-2.3227423590846987,0.0,0.0,-1.000088900581841e-12,0.0,0.0,Train004,10.0
66,1,3,0.00020833333333333335,0.0,7.6434620102592605,1.1381120505752726,-1.9421716788736496,0.7784472592222597,2.0923697009872653,-7.24877366627218,0.6476557838833358,22.814342282068413,1.0986122886651097,0,0,3.0,0.00020833333333333335,0.0,6.785996619830486,2.1068828391786756,-3.06375556580284,0.7688095711518461,3.1942597466439726,4.315621291470663,0.6554158354575061,22.339674117820362,1.0986122886651097,0.0,0.0,Train004,10.0
66,2,3,0.00020833333333333335,0.0,8.898854361391525,1.1363665906321085,-8.882722892030975,0.3452331255611531,8.889429221698986,-4.998385161300103,0.0009825714290340182,18.783733304757558,1.0986122886651097,0,0,3.0,0.00020833333333333335,0.0,8.41024913196156,1.5964518298479553,-8.396062251806992,0.23532436492909045,8.39989269198529,1.1719012284319923,0.0015317963344500419,19.15714434681479,1.0986122886651097,0.0,0.0,Train004,10.0
66,3,0,0.0,0.0,0.0,0.0,0.0,0.0,0.0,0.0,0.0,0.0,0.0,0,0,0.0,0.0,0.0,0.0,0.0,0.0,0.0,0.0,0.0,0.0,0.0,0.0,0.0,0.0,Train004,10.0
66,4,1,6.944444444444444e-05,0.0,8.908747088251372,0.0,-8.880427991784977,0.7097699381836077,8.908747088251372,-5.529586967946418,1.1102230246251565e-16,0.0,-1.000088900581841e-12,0,0,1.0,6.944444444444444e-05,0.0,8.836648697114564,0.0,-8.815240215063238,0.6074332838876424,8.836648697114564,-0.8336754399959752,2.2204460492503132e-17,0.0,-1.000088900581841e-12,0.0,0.0,Train004,10.0
66,5,0,0.0,0.0,0.0,0.0,0.0,0.0,0.0,0.0,0.0,0.0,0.0,0,0,0.0,0.0,0.0,0.0,0.0,0.0,0.0,0.0,0.0,0.0,0.0,0.0,0.0,0.0,Train004,10.0
67,0,1,6.944444444444444e-05,0.0,10.34226050121465,0.0,-10.340047755202104,0.21392684526405445,10.34226050121465,-9.253440797630645,0.0,0.0,-1.000088900581841e-12,0,0,1.0,6.944444444444444e-05,0.0,11.250623889562522,0.0,-11.247489060873377,0.26280593468369107,11.250623889562522,-2.2670884193253107,0.0,0.0,-1.000088900581841e-12,0.0,0.0,Train004,10.0
67,1,3,0.00020833333333333335,0.0,6.822417354299513,0.9220412210639127,-1.9632345730761251,0.6604121098980448,2.071336318375503,-8.210446559597479,0.6480269960285285,22.82848510847513,1.0986122886651097,0,0,3.0,0.00020833333333333335,0.0,7.144696812635871,1.571386108855108,-2.4715276794441636,0.7790308297554155,2.6161417440375025,3.587001928053857,0.6511716003390251,22.53740363887234,1.0986122886651097,0.0,0.0,Train004,10.0
67,2,3,0.00020833333333333335,0.0,8.188872334946252,1.0416983775800517,-8.173312833811734,0.32335003254013467,8.179706469238079,-7.099820264452721,0.0010361656757850168,18.75263574158441,1.0986122886651097,0,0,3.0,0.00020833333333333335,0.0,8.5212269327783,1.378132225063586,-8.50692140507111,0.28044983161301407,8.511905236833861,1.109778008167397,0.0012267003546640788,18.998118477568546,1.0986122886651097,0.0,0.0,Train004,10.0
67,3,0,0.0,0.0,0.0,0.0,0.0,0.0,0.0,0.0,0.0,0.0,0.0,0,0,0.0,0.0,0.0,0.0,0.0,0.0,0.0,0.0,0.0,0.0,0.0,0.0,0.0,0.0,Train004,10.0
67,4,1,6.944444444444444e-05,0.0,8.191546308001096,0.0,-8.165023905896813,0.658646743148355,8.191546308001096,-7.172007802502769,1.1102230246251565e-16,0.0,-1.000088900581841e-12,0,0,1.0,6.944444444444444e-05,0.0,8.761485659163593,0.0,-8.737360728571385,0.6450226093370895,8.761485659163593,-0.7516303795097237,4.4408920985006264e-17,0.0,-1.000088900581841e-12,0.0,0.0,Train004,10.0
67,5,0,0.0,0.0,0.0,0.0,0.0,0.0,0.0,0.0,0.0,0.0,0.0,0,0,0.0,0.0,0.0,0.0,0.0,0.0,0.0,0.0,0.0,0.0,0.0,0.0,0.0,0.0,Train004,10.0
68,0,1,6.944444444444444e-05,0.0,9.411891167427216,0.0,-9.409901221079878,0.1935312817450035,9.411891167427216,-9.30369333787434,1.1102230246251565e-16,0.0,-1.000088900581841e-12,0,0,1.0,6.944444444444444e-05,0.0,11.03920189966343,0.0,-11.036618443145787,0.23846740451390688,11.03920189966343,-2.11421989899092,2.2204460492503132e-17,0.0,-1.000088900581841e-12,0.0,0.0,Train004,10.0
68,1,3,0.00020833333333333335,0.0,6.065327779703094,0.7873932351253975,-1.9224864612745272,0.5653712832137369,2.0038959258570794,-7.570895745964194,0.6481806593477901,22.820546339164633,1.0986122886651097,0,0,3.0,0.00020833333333333335,0.0,7.443259040904768,1.0742269499075667,-1.9607394779949305,0.7805902717251365,2.1147171445080213,2.985622282688948,0.6469582952147916,22.73367287091862,1.0986122886651097,0.0,0.0,Train004,10.0
68,2,3,0.00020833333333333335,0.0,7.4516895717198475,0.9579061929508088,-7.437241311964795,0.2964639354040466,7.44314780166235,-7.371827632264043,0.0010594793021689863,18.737871922498897,1.0986122886651097,0,0,3.0,0.00020833333333333335,0.0,8.625209710806555,1.1744535424429254,-8.610712964149581,0.3219387056064556,8.616763554529623,1.0398277802825606,0.0009253905025804032,18.835946211785682,1.0986122886651097,0.0,0.0,Train004,10.0
68,3,0,0.0,0.0,0.0,0.0,0.0,0.0,0.0,0.0,0.0,0.0,0.0,0,0,0.0,0.0,0.0,0.0,0.0,0.0,0.0,0.0,0.0,0.0,0.0,0.0,0.0,0.0,Train004,10.0
68,4,1,6.944444444444444e-05,0.0,7.45974328139177,0.0,-7.435406829068961,0.6020756684207601,7.45974328139177,-7.318030266093256,1.1102230246251565e-16,0.0,-1.000088900581841e-12,0,0,1.0,6.944444444444444e-05,0.0,8.69373185384772,0.0,-8.667134497274212,0.679038572402753,8.69373185384772,-0.6775380531587167,6.661338147750939e-17,0.0,-1.000088900581841e-12,0.0,0.0,Train004,10.0
68,5,0,0.0,0.0,0.0,0.0,0.0,0.0,0.0,0.0,0.0,0.0,0.0,0,0,0.0,0.0,0.0,0.0,0.0,0.0,0.0,0.0,0.0,0.0,0.0,0.0,0.0,0.0,Train004,10.0
69,0,1,6.944444444444444e-05,0.0,13.25197888152781,0.0,-13.245509333644524,-0.414037158712675,13.25197888152781,38.40087714100594,0.0,0.0,-1.000088900581841e-12,0,0,1.0,6.944444444444444e-05,0.0,11.259024747571754,0.0,-11.255827721619204,0.09815545296133062,11.259024747571754,2.198228479083231,2.2204460492503132e-17,0.0,-1.000088900581841e-12,0.0,0.0,Train004,10.0
69,1,3,0.00020833333333333335,0.0,7.779589848525091,1.3276761981654417,-2.4123814050753007,0.7378349453833217,2.5226938875301324,17.142620688219967,0.6473646450617636,22.975448265308376,1.0986122886651097,0,0,3.0,0.00020833333333333335,0.0,7.335827273934688,1.110310956139895,-2.0247193226116127,0.7308441538565172,2.156577059896334,-1.0743176697007961,0.6475911983477491,22.83448577989808,1.0986122886651097,0.0,0.0,Train004,10.0
69,2,3,0.00020833333333333335,0.0,9.633069934526977,1.39105757621797,-9.627813371698094,0.16532637934581818,9.629232738487332,21.81380362807128,0.00044593173976914535,19.62629439365006,1.0986122886651097,0,0,3.0,0.00020833333333333335,0.0,8.714235816021226,1.1575117568985722,-8.700919092024705,0.29576965534516964,8.706297939755194,0.890261052146716,0.0008779761478446612,18.951709300310664,1.0986122886651097,0.0,0.0,Train004,10.0
69,3,0,0.0,0.0,0.0,0.0,0.0,0.0,0.0,0.0,0.0,0.0,0.0,0,0,0.0,0.0,0.0,0.0,0.0,0.0,0.0,0.0,0.0,0.0,0.0,0.0,0.0,0.0,Train004,10.0
69,4,1,6.944444444444444e-05,0.0,10.001327826145832,0.0,-9.986360621802302,0.546955041438741,10.001327826145832,25.415845447540626,0.0,0.0,-1.000088900581841e-12,0,0,1.0,6.944444444444444e-05,0.0,8.804614057767216,0.0,-8.780043748005667,0.6507849422825179,8.804614057767216,1.108822039194969,6.661338147750939e-17,0.0,-1.000088900581841e-12,0.0,0.0,Train004,10.0
69,5,0,0.0,0.0,0.0,0.0,0.0,0.0,0.0,0.0,0.0,0.0,0.0,0,0,0.0,0.0,0.0,0.0,0.0,0.0,0.0,0.0,0.0,0.0,0.0,0.0,0.0,0.0,Train004,10.0
70,0,1,6.944444444444444e-05,0.0,13.809342425357348,0.0,-13.796280389201684,-0.6004878377647753,13.809342425357348,5.573635438295383,0.0,0.0,-1.000088900581841e-12,0,0,1.0,6.944444444444444e-05,0.0,11.616615511300946,0.0,-11.611372687596022,-0.07413648255074416,11.616615511300948,3.575907637291942,2.2204460492503132e-17,0.0,-1.000088900581841e-12,0.0,0.0,Train004,10.0
70,1,3,0.00020833333333333335,0.0,7.824049984073611,1.420537537428104,-2.531675087383618,0.7371628843749184,2.636813961237842,0.4446013554852109,0.6474029758725883,22.149527290590893,1.0986122886651097,0,0,3.0,0.00020833333333333335,0.0,7.226969395372114,1.1191520484716257,-2.154389841136644,0.6958456964184563,2.2654219587975644,-1.0885787856257352,0.6477262120388013,22.71766985712149,1.0986122886651097,0.0,0.0,Train004,10.0
70,2,3,0.00020833333333333335,0.0,9.814950810057065,1.5101095296463265,-9.809939224619326,0.11088978665943867,9.810565943691026,1.8188087553008951,0.0005111161830148037,19.961266451629168,1.0986122886651097,0,0,3.0,0.00020833333333333335,0.0,8.797487402528333,1.207427653405453,-8.786205926824984,0.24825265190211826,8.790416434955555,0.8325158650710615,0.0008070528659543941,19.172360362824016,1.0986122886651097,0.0,0.0,Train004,10.0
70,3,0,0.0,0.0,0.0,0.0,0.0,0.0,0.0,0.0,0.0,0.0,0.0,0,0,0.0,0.0,0.0,0.0,0.0,0.0,0.0,0.0,0.0,0.0,0.0,0.0,0.0,0.0,Train004,10.0
70,4,1,6.944444444444444e-05,0.0,10.294702632067462,0.0,-10.282766757572459,0.4955906496893741,10.294702632067462,2.933748059216299,1.1102230246251565e-16,0.0,-1.000088900581841e-12,0,0,1.0,6.944444444444444e-05,0.0,8.971213427171506,0.0,-8.949997221225102,0.6026076081761677,8.971213427171506,1.6659936940428963,8.881784197001253e-17,0.0,-1.000088900581841e-12,0.0,0.0,Train004,10.0
70,5,0,0.0,0.0,0.0,0.0,0.0,0.0,0.0,0.0,0.0,0.0,0.0,0,0,0.0,0.0,0.0,0.0,0.0,0.0,0.0,0.0,0.0,0.0,0.0,0.0,0.0,0.0,Train004,10.0
71,0,1,6.944444444444444e-05,0.0,13.189732933853744,0.0,-13.174687312079715,-0.6298167156497687,13.189732933853744,-6.196094915036046,0.0,0.0,-1.000088900581841e-12,0,0,1.0,6.944444444444444e-05,0.0,12.001041181876154,0.0,-11.993285202241582,-0.2473767170236322,12.001041181876152,3.84425670575206,2.2204460492503132e-17,0.0,-1.000088900581841e-12,0.0,0.0,Train004,10.0
71,1,3,0.00020833333333333335,0.0,7.328181396289389,1.369663817599401,-2.4728486989686216,0.6840943939792233,2.565729102587529,-4.958685877842226,0.6474417432402091,21.86409931087532,1.0986122886651097,0,0,3.0,0.00020833333333333335,0.0,7.16391327257814,1.1654624018764512,-2.2605252451556384,0.676975123369849,2.360093839117617,-0.6305612279397443,0.647683403910176,22.52762126288287,1.0986122886651097,0.0,0.0,Train004,10.0
71,2,3,0.00020833333333333335,0.0,9.293768447753445,1.4729429232843516,-9.28882165320393,0.08584513362051542,9.289218325133527,-5.211823623036187,0.0005575120848635429,20.083545721459675,1.0986122886651097,0,0,3.0,0.00020833333333333335,0.0,8.876470219800717,1.274742919935902,-8.867425679059576,0.19637505351399076,8.870374255642464,0.7898281727238444,0.000722040997120299,19.432322846164443,1.0986122886651097,0.0,0.0,Train004,10.0
71,3,0,0.0,0.0,0.0,0.0,0.0,0.0,0.0,0.0,0.0,0.0,0.0,0,0,0.0,0.0,0.0,0.0,0.0,0.0,0.0,0.0,0.0,0.0,0.0,0.0,0.0,0.0,Train004,10.0
71,4,1,6.944444444444444e-05,0.0,9.789839987337805,0.0,-9.779558330861306,0.44855972953388856,9.789839987337805,-5.048626447296574,0.0,0.0,-1.000088900581841e-12,0,0,1.0,6.944444444444444e-05,0.0,9.147432006988792,0.0,-9.129823289040369,0.5503655664462237,9.147432006988792,1.7621857981728652,6.661338147750939e-17,0.0,-1.000088900581841e-12,0.0,0.0,Train004,10.0
71,5,0,0.0,0.0,0.0,0.0,0.0,0.0,0.0,0.0,0.0,0.0,0.0,0,0,0.0,0.0,0.0,0.0,0.0,0.0,0.0,0.0,0.0,0.0,0.0,0.0,0.0,0.0,Train004,10.0
72,0,1,6.944444444444444e-05,0.0,12.197781180172843,0.0,-12.182872652304981,-0.6028927409565972,12.197781180172843,-9.91951753680901,0.0,0.0,-1.000088900581841e-12,0,0,1.0,6.944444444444444e-05,0.0,12.372145317667792,0.0,-12.361850181662156,-0.4107406342677626,12.372145317667792,3.711041357916387,2.2204460492503132e-17,0.0,-1.000088900581841e-12,0.0,0.0,Train004,10.0
72,1,3,0.00020833333333333335,0.0,6.692942494601415,1.2756802120504511,-2.3371548912986286,0.6194278110646086,2.4178469345765867,-6.352389016879731,0.6474599068541195,21.780028715576055,1.0986122886651097,0,0,3.0,0.00020833333333333335,0.0,7.138018300638519,1.236190200073759,-2.3353093088001393,0.6687782636031618,2.429395962357834,-0.2589497193961948,0.6475699860752941,22.317929984303056,1.0986122886651097,0.0,0.0,Train004,10.0
72,2,3,0.00020833333333333335,0.0,8.561219072301741,1.3787515311337863,-8.55654738208565,0.07230814056595301,8.556852900983452,-7.32549375451705,0.0005792708597793794,20.12451814280099,1.0986122886651097,0,0,3.0,0.00020833333333333335,0.0,8.950939567271815,1.3421535506466487,-8.94407258871436,0.14616667511915443,8.945803541991538,0.7446934747109788,0.0006306620339191715,19.706699326407758,1.0986122886651097,0.0,0.0,Train004,10.0
72,3,0,0.0,0.0,0.0,0.0,0.0,0.0,0.0,0.0,0.0,0.0,0.0,0,0,0.0,0.0,0.0,0.0,0.0,0.0,0.0,0.0,0.0,0.0,0.0,0.0,0.0,0.0,Train004,10.0
72,4,1,6.944444444444444e-05,0.0,9.03773359551335,0.0,-9.028618381472448,0.4058061916832939,9.03773359551335,-7.5210639182445505,0.0,0.0,-1.000088900581841e-12,0,0,1.0,6.944444444444444e-05,0.0,9.316669464491245,0.0,-9.302542184155495,0.4997974561532116,9.316669464491245,1.692374575024509,4.4408920985006264e-17,0.0,-1.000088900581841e-12,0.0,0.0,Train004,10.0
72,5,0,0.0,0.0,0.0,0.0,0.0,0.0,0.0,0.0,0.0,0.0,0.0,0,0,0.0,0.0,0.0,0.0,0.0,0.0,0.0,0.0,0.0,0.0,0.0,0.0,0.0,0.0,Train004,10.0
73,0,1,6.944444444444444e-05,0.0,11.135000672501459,0.0,-11.121008873063094,-0.5580337103257151,11.135000672501459,-10.627805076713841,1.1102230246251565e-16,0.0,-1.000088900581841e-12,0,0,1.0,6.944444444444444e-05,0.0,12.71676721868264,0.0,-12.7040717120588,-0.5610536326819062,12.716767218682643,3.4462190101484866,2.2204460492503132e-17,0.0,-1.000088900581841e-12,0.0,0.0,Train004,10.0
73,1,3,0.00020833333333333335,0.0,6.056983528586705,1.1724436040583488,-2.1728686698896387,0.5564516260454491,2.242988334503011,-6.35958966014712,0.6474675273309975,21.76985530020802,1.0986122886651097,0,0,3.0,0.00020833333333333335,0.0,7.136349450415243,1.3132002738603492,-2.3853857505231617,0.6669943321695042,2.4772144440870205,-0.016688502232780067,0.6474273596719357,22.107791776511736,1.0986122886651097,0.0,0.0,Train004,10.0
73,2,3,0.00020833333333333335,0.0,7.7997074680430245,1.2685123419591882,-7.795403143499734,0.06348542738807263,7.795661650506401,-7.615116042587171,0.0005887907480564003,20.134715016663808,1.0986122886651097,0,0,3.0,0.00020833333333333335,0.0,9.02054314653645,1.4042747804483244,-9.015704955021347,0.09957097351595963,9.016306311760347,0.6960357926463532,0.0005365243230966543,19.98606794524074,1.0986122886651097,0.0,0.0,Train004,10.0
73,3,0,0.0,0.0,0.0,0.0,0.0,0.0,0.0,0.0,0.0,0.0,0.0,0,0,0.0,0.0,0.0,0.0,0.0,0.0,0.0,0.0,0.0,0.0,0.0,0.0,0.0,0.0,Train004,10.0
73,4,1,6.944444444444444e-05,0.0,8.244185426083181,0.0,-8.236010072528167,0.36705779498180546,8.244185426083181,-7.935481694301689,0.0,0.0,-1.000088900581841e-12,0,0,1.0,6.944444444444444e-05,0.0,9.473557893429525,0.0,-9.462662832847336,0.4527938814654206,9.473557893429525,1.5688842893828223,2.2204460492503132e-17,0.0,-1.000088900581841e-12,0.0,0.0,Train004,10.0
73,5,0,0.0,0.0,0.0,0.0,0.0,0.0,0.0,0.0,0.0,0.0,0.0,0,0,0.0,0.0,0.0,0.0,0.0,0.0,0.0,0.0,0.0,0.0,0.0,0.0,0.0,0.0,Train004,10.0
74,0,1,6.944444444444444e-05,0.0,13.337615097685466,0.0,-13.337378189433256,0.07949544664557093,13.337615097685466,22.026144251840076,0.0,0.0,-1.000088900581841e-12,0,0,1.0,6.944444444444444e-05,0.0,12.733894461914172,0.0,-12.722445483216546,-0.46234711161025704,12.733894461914172,0.17127243231531325,2.2204460492503132e-17,0.0,-1.000088900581841e-12,0.0,0.0,Train004,10.0
74,1,3,0.00020833333333333335,0.0,7.86871768155572,1.0941083425746985,-2.345986806238304,0.6954884214668731,2.4469078935339352,18.117341529690165,0.6542538622502155,20.247652588645582,1.0986122886651097,0,0,3.0,0.00020833333333333335,0.0,7.154175017021368,1.2664867027422004,-2.3721068307557625,0.6585250273862145,2.4620572452877805,0.1782556660612599,0.6488052031096261,21.562232641179172,1.0986122886651097,0.0,0.0,Train004,10.0
74,2,3,0.00020833333333333335,0.0,9.945754612545732,1.4307493382206797,-9.935038959140263,0.2533401723458801,9.938268479094287,21.46047144502707,0.0008123922721230414,19.996093438303987,1.0986122886651097,0,0,3.0,0.00020833333333333335,0.0,9.083080082140203,1.4122131328488665,-9.077150072509781,0.117173732115972,9.078113459881738,0.6253693560375112,0.0006098164295674335,20.06002775417153,1.0986122886651097,0.0,0.0,Train004,10.0
74,3,0,0.0,0.0,0.0,0.0,0.0,0.0,0.0,0.0,0.0,0.0,0.0,0,0,0.0,0.0,0.0,0.0,0.0,0.0,0.0,0.0,0.0,0.0,0.0,0.0,0.0,0.0,Train004,10.0
74,4,1,6.944444444444444e-05,0.0,10.42721302670856,0.0,-10.421926809902143,0.3319835438747738,10.42721302670856,21.830276006253797,0.0,0.0,-1.000088900581841e-12,0,0,1.0,6.944444444444444e-05,0.0,9.558734933542073,0.0,-9.549776070467306,0.40979958195262717,9.558734933542073,0.8517704011254565,2.2204460492503132e-17,0.0,-1.000088900581841e-12,0.0,0.0,Train004,10.0
74,5,0,0.0,0.0,0.0,0.0,0.0,0.0,0.0,0.0,0.0,0.0,0.0,0,0,0.0,0.0,0.0,0.0,0.0,0.0,0.0,0.0,0.0,0.0,0.0,0.0,0.0,0.0,Train004,10.0
75,0,1,6.944444444444444e-05,0.0,13.324112754910718,0.0,-13.32082334509207,0.2960508645902405,13.324112754910718,-0.13502342774748044,1.1102230246251565e-16,0.0,-1.000088900581841e-12,0,0,1.0,6.944444444444444e-05,0.0,12.636848527824847,0.0,-12.627354074394624,-0.2830393711392539,12.636848527824846,-0.9704593408932596,4.4408920985006264e-17,0.0,-1.000088900581841e-12,0.0,0.0,Train004,10.0
75,1,3,0.00020833333333333335,0.0,8.001674592386506,1.0269741071914062,-2.3023361861994185,0.7007026730108592,2.4066026157734988,1.329569108307836,0.6554378378431167,19.73685050273014,1.0986122886651097,0,0,3.0,0.00020833333333333335,0.0,7.189699938683947,1.1877740166948612,-2.3262390505189225,0.6512329851134027,2.416014976194912,0.35524921662578424,0.6504121755037316,21.07969728360702,1.0986122886651097,0.0,0.0,Train004,10.0
75,2,3,0.00020833333333333335,0.0,10.101643486305925,1.4786709441229497,-10.088038693997357,0.30433703353990094,10.09262828610921,1.5588887376019251,0.0009307491718827388,19.755323267885867,1.0986122886651097,0,0,3.0,0.00020833333333333335,0.0,9.140418617389974,1.4059254157441912,-9.132769966385387,0.15586318149206446,9.134525928365376,0.5733853524977172,0.0006937430273410205,20.018839117422864,1.0986122886651097,0.0,0.0,Train004,10.0
75,3,0,0.0,0.0,0.0,0.0,0.0,0.0,0.0,0.0,0.0,0.0,0.0,0,0,0.0,0.0,0.0,0.0,0.0,0.0,0.0,0.0,0.0,0.0,0.0,0.0,0.0,0.0,Train004,10.0
75,4,1,6.944444444444444e-05,0.0,10.570617575213342,0.0,-10.566352484840724,0.30025170692182224,10.570617575213342,1.4340454850478146,0.0,0.0,-1.000088900581841e-12,0,0,1.0,6.944444444444444e-05,0.0,9.613917922171249,0.0,-9.606493215920958,0.37073179339911677,9.613917922171249,0.5518298862917597,0.0,0.0,-1.000088900581841e-12,0.0,0.0,Train004,10.0
75,5,0,0.0,0.0,0.0,0.0,0.0,0.0,0.0,0.0,0.0,0.0,0.0,0,0,0.0,0.0,0.0,0.0,0.0,0.0,0.0,0.0,0.0,0.0,0.0,0.0,0.0,0.0,Train004,10.0
76,0,1,6.944444444444444e-05,0.0,12.535356624975346,0.0,-12.530363877831894,0.3537609425007326,12.535356624975346,-7.88756129935372,0.0,0.0,-1.000088900581841e-12,0,0,1.0,6.944444444444444e-05,0.0,12.505973266049166,0.0,-12.498489387545058,-0.08632383950915366,12.505973266049168,-1.3087526177567945,4.4408920985006264e-17,0.0,-1.000088900581841e-12,0.0,0.0,Train004,10.0
76,1,3,0.00020833333333333335,0.0,7.557090782195703,0.9354547148020174,-2.1707947305411115,0.6597463357128569,2.268835602160632,-4.4458381019080155,0.6558115464423653,19.572705541306387,1.0986122886651097,0,0,3.0,0.00020833333333333335,0.0,7.235481815865209,1.1009321961353844,-2.2658282568334203,0.6463633734601294,2.3566362761095325,0.4578187718126262,0.6520861361441629,20.621418529693237,1.0986122886651097,0.0,0.0,Train004,10.0
76,2,3,0.00020833333333333335,0.0,9.558287180304239,1.4181371581476965,-9.54436710096614,0.30413941037625764,9.549211702488789,-5.433563060016849,0.0009785589646672532,19.663428746013782,1.0986122886651097,0,0,3.0,0.00020833333333333335,0.0,9.193322363900132,1.3949642627168601,-9.183879055937828,0.1995220368432129,9.186524603836428,0.5290374651015848,0.0007779524033017626,19.934815722333685,1.0986122886651097,0.0,0.0,Train004,10.0
76,3,0,0.0,0.0,0.0,0.0,0.0,0.0,0.0,0.0,0.0,0.0,0.0,0,0,0.0,0.0,0.0,0.0,0.0,0.0,0.0,0.0,0.0,0.0,0.0,0.0,0.0,0.0,Train004,10.0
76,4,1,6.944444444444444e-05,0.0,9.997591045452477,0.0,-9.993902507823602,0.27154995162707174,9.997591045452477,-5.73026529760865,0.0,0.0,-1.000088900581841e-12,0,0,1.0,6.944444444444444e-05,0.0,9.655468133794182,0.0,-9.649362051313418,0.33532983781775344,9.655468133794182,0.4155021162293444,0.0,0.0,-1.000088900581841e-12,0.0,0.0,Train004,10.0
76,5,0,0.0,0.0,0.0,0.0,0.0,0.0,0.0,0.0,0.0,0.0,0.0,0,0,0.0,0.0,0.0,0.0,0.0,0.0,0.0,0.0,0.0,0.0,0.0,0.0,0.0,0.0,Train004,10.0
77,0,1,6.944444444444444e-05,0.0,11.523311980600413,0.0,-11.5179054791747,0.3529481194827703,11.523311980600413,-10.120446443749334,0.0,0.0,-1.000088900581841e-12,0,0,1.0,6.944444444444444e-05,0.0,12.371079426134681,0.0,-12.365495952919002,0.10484433257871983,12.371079426134681,-1.3489383991448591,4.4408920985006264e-17,0.0,-1.000088900581841e-12,0.0,0.0,Train004,10.0
77,1,3,0.00020833333333333335,0.0,6.945154991975642,0.8419673341692162,-2.009523138858186,0.6055876268263153,2.098790036990738,-6.119357902200612,0.6559518016180296,19.53031024900822,1.0986122886651097,0,0,3.0,0.00020833333333333335,0.0,7.285924315340054,1.0141896205591374,-2.2003019063453317,0.6435953366124707,2.292824896592363,0.5044249947484503,0.6537845150969449,20.17147483637967,1.0986122886651097,0.0,0.0,Train004,10.0
77,2,3,0.00020833333333333335,0.0,8.805036679861916,1.3163797058314448,-8.791812834464993,0.2861809448538024,8.796469317257964,-7.532505004423247,0.0009983038017602475,19.6279310249503,1.0986122886651097,0,0,3.0,0.00020833333333333335,0.0,9.242085885412166,1.3824898976563917,-9.230932146413696,0.2422965977007828,9.23444788709133,0.4876352151203454,0.0008617589916979362,19.835498298763547,1.0986122886651097,0.0,0.0,Train004,10.0
77,3,0,0.0,0.0,0.0,0.0,0.0,0.0,0.0,0.0,0.0,0.0,0.0,0,0,0.0,0.0,0.0,0.0,0.0,0.0,0.0,0.0,0.0,0.0,0.0,0.0,0.0,0.0,Train004,10.0
77,4,1,6.944444444444444e-05,0.0,9.209716058143357,0.0,-9.206440943938416,0.24559115903860318,9.209716058143357,-7.878749873091202,1.1102230246251565e-16,0.0,-1.000088900581841e-12,0,0,1.0,6.944444444444444e-05,0.0,9.689864626320183,0.0,-9.68492656380661,0.3032868312888153,9.689864626320183,0.3439649252600141,2.2204460492503132e-17,0.0,-1.000088900581841e-12,0.0,0.0,Train004,10.0
77,5,0,0.0,0.0,0.0,0.0,0.0,0.0,0.0,0.0,0.0,0.0,0.0,0,0,0.0,0.0,0.0,0.0,0.0,0.0,0.0,0.0,0.0,0.0,0.0,0.0,0.0,0.0,Train004,10.0
78,0,1,6.944444444444444e-05,0.0,10.493300218839865,0.0,-10.488050769463246,0.33187428322507145,10.493300218839865,-10.30011761760548,0.0,0.0,-1.000088900581841e-12,0,0,1.0,6.944444444444444e-05,0.0,12.242739335402362,0.0,-12.238904332199033,0.2828259312888771,12.242739335402362,-1.283400907323187,2.2204460492503132e-17,0.0,-1.000088900581841e-12,0.0,0.0,Train004,10.0
78,1,3,0.00020833333333333335,0.0,6.315075308359322,0.7555994844265392,-1.8435959624250702,0.5503300139919816,1.923982639467008,-6.300796836163194,0.6560079998569742,19.531201156222902,1.0986122886651097,0,0,3.0,0.00020833333333333335,0.0,7.337542671294578,0.9308207966327755,-2.134447364852418,0.6423710142017771,2.2290237575851624,0.5161835595452352,0.6554926096021403,19.723744007582646,1.0986122886651097,0.0,0.0,Train004,10.0
78,2,3,0.00020833333333333335,0.0,8.02379929001003,1.2049718228214972,-8.0115943981273,0.26311060391602664,8.015913671565944,-7.81237389851884,0.0010065810755353066,19.613977741004913,1.0986122886651097,0,0,3.0,0.00020833333333333335,0.0,9.286904249805568,1.3697817938288535,-9.27417039733921,0.28222163300637354,9.27849829130324,0.44818364393401156,0.0009453170571937175,19.731350843631766,1.0986122886651097,0.0,0.0,Train004,10.0
78,3,0,0.0,0.0,0.0,0.0,0.0,0.0,0.0,0.0,0.0,0.0,0.0,0,0,0.0,0.0,0.0,0.0,0.0,0.0,0.0,0.0,0.0,0.0,0.0,0.0,0.0,0.0,Train004,10.0
78,4,1,6.944444444444444e-05,0.0,8.393715929294451,0.0,-8.390776632812768,0.22211393458002515,8.393715929294451,-8.160001288489056,0.0,0.0,-1.000088900581841e-12,0,0,1.0,6.944444444444444e-05,0.0,9.719770726962437,0.0,-9.715879875863532,0.27429805920845923,9.719770726962437,0.29906100642254074,2.2204460492503132e-17,0.0,-1.000088900581841e-12,0.0,0.0,Train004,10.0
78,5,0,0.0,0.0,0.0,0.0,0.0,0.0,0.0,0.0,0.0,0.0,0.0,0,0,0.0,0.0,0.0,0.0,0.0,0.0,0.0,0.0,0.0,0.0,0.0,0.0,0.0,0.0,Train004,10.0
79,0,1,6.944444444444444e-05,0.0,11.87309873646314,0.0,-11.869180342882517,0.3050108095361375,11.87309873646314,13.79798517623275,0.0,0.0,-1.000088900581841e-12,0,0,1.0,6.944444444444444e-05,0.0,11.949836063157896,0.0,-11.945264762888886,0.3279290038669905,11.949836063157896,-2.929032722444652,2.2204460492503132e-17,0.0,-1.000088900581841e-12,0.0,0.0,Train004,10.0
79,1,1,6.944444444444444e-05,-2.0,6.532783802192911,0.0,-6.50791684845575,0.5694580755243078,6.532783802192911,12.733064262945959,0.0,0.0,-1.000088900581841e-12,0,2,2.6,0.00018055555555555557,-0.4,7.070355895422017,0.7119991281178357,-2.966833373295907,0.6171649450132641,3.046198939316958,-0.560671893803606,0.5246418371520971,15.674213489853532,0.8788898309318878,0.0,0.4,Train004,10.0
79,2,3,0.00020833333333333335,0.0,10.22969377944929,1.0153140834586185,-10.221330817943254,0.24037015717846943,10.224156762408258,22.058944894392585,0.0005084190500874719,19.977724682587603,1.0986122886651097,0,0,3.0,0.00020833333333333335,0.0,9.34369208318628,1.2866947428764413,-9.33142876909981,0.2796276299728915,9.335675947966033,0.5678783338071142,0.0008845224127866036,19.72767709248849,1.0986122886651097,0.0,0.0,Train004,10.0
79,3,0,0.0,0.0,0.0,0.0,0.0,0.0,0.0,0.0,0.0,0.0,0.0,0,0,0.0,0.0,0.0,0.0,0.0,0.0,0.0,0.0,0.0,0.0,0.0,0.0,0.0,0.0,Train004,10.0
79,4,1,6.944444444444444e-05,0.0,9.97042083741118,0.0,-9.96998061100789,-0.09369253550722996,9.97042083741118,15.76704908116728,1.1102230246251565e-16,0.0,-1.000088900581841e-12,0,0,1.0,6.944444444444444e-05,0.0,9.628412289102961,0.0,-9.625490636084681,0.1891628433320585,9.628412289102961,-0.9135843785947628,4.4408920985006264e-17,0.0,-1.000088900581841e-12,0.0,0.0,Train004,10.0
79,5,0,0.0,0.0,0.0,0.0,0.0,0.0,0.0,0.0,0.0,0.0,0.0,0,0,0.0,0.0,0.0,0.0,0.0,0.0,0.0,0.0,0.0,0.0,0.0,0.0,0.0,0.0,Train004,10.0
80,0,1,6.944444444444444e-05,0.0,11.652576983435502,0.0,-11.649266997367288,0.2777206851139174,11.652576983435502,-2.205217530276382,0.0,0.0,-1.000088900581841e-12,0,0,1.0,6.944444444444444e-05,0.0,11.615528908862853,0.0,-11.61095349334393,0.3242629679717258,11.615528908862853,-3.3430715429504323,0.0,0.0,-1.000088900581841e-12,0.0,0.0,Train004,10.0
80,1,1,6.944444444444444e-05,0.0,6.590827511956555,0.0,-6.570601637763925,0.5159471001735136,6.590827511956555,0.5804370976364392,1.1102230246251565e-16,0.0,-1.000088900581841e-12,0,0,2.2,0.0001527777777777778,-0.4,6.7881864793360265,0.5066043066795546,-3.820486463608808,0.580213830445795,3.883043918553569,-0.7104982959378854,0.39355426958347384,11.7268433893075,0.6591673731986658,0.0,0.4,Train004,10.0
80,2,3,0.00020833333333333335,0.0,10.392552692940372,0.9514619709246692,-10.384266413863905,0.21821842896561128,10.386559018117701,1.6285891349108301,0.0005423665408531564,20.125540215349854,1.0986122886651097,0,0,3.0,0.00020833333333333335,0.0,9.401873924513168,1.1812529482367853,-9.390674313073118,0.2624039090580335,9.39446209436773,0.5818184132688952,0.0008068458865806872,19.80172048198129,1.0986122886651097,0.0,0.0,Train004,10.0
80,3,0,0.0,0.0,0.0,0.0,0.0,0.0,0.0,0.0,0.0,0.0,0.0,0,0,0.0,0.0,0.0,0.0,0.0,0.0,0.0,0.0,0.0,0.0,0.0,0.0,0.0,0.0,Train004,10.0
80,4,1,6.944444444444444e-05,0.0,9.932588522544723,0.0,-9.930619559576973,-0.19776228440833848,9.932588522544723,-0.3783231486645633,0.0,0.0,-1.000088900581841e-12,0,0,1.0,6.944444444444444e-05,0.0,9.500806478569237,0.0,-9.49834405103193,0.08956004506602631,9.500806478569237,-1.2760581053372384,4.4408920985006264e-17,0.0,-1.000088900581841e-12,0.0,0.0,Train004,10.0
80,5,0,0.0,0.0,0.0,0.0,0.0,0.0,0.0,0.0,0.0,0.0,0.0,0,0,0.0,0.0,0.0,0.0,0.0,0.0,0.0,0.0,0.0,0.0,0.0,0.0,0.0,0.0,Train004,10.0
81,0,1,6.944444444444444e-05,0.0,10.889620530754197,0.0,-10.8867068788015,0.2518901325566965,10.889620530754197,-7.6295645268130485,0.0,0.0,-1.000088900581841e-12,0,0,1.0,6.944444444444444e-05,0.0,11.286381690018624,0.0,-11.28222209353785,0.3038888059829187,11.286381690018624,-3.291472188442298,0.0,0.0,-1.000088900581841e-12,0.0,0.0,Train004,10.0
81,1,1,6.944444444444444e-05,0.0,6.222718284020712,0.0,-6.2051716919452415,0.46697656875598126,6.222718284020712,-3.681092279358431,0.0,0.0,-1.000088900581841e-12,0,0,1.8,0.000125,-0.4,6.521311979701028,0.31951336371915107,-4.627361855889634,0.5416598770544199,4.673820454925585,-0.5575491314279685,0.2623919602950008,7.8123022810462235,0.43944491546544384,0.0,0.4,Train004,10.0
81,2,3,0.00020833333333333335,0.0,9.835987887997964,0.8837313526663213,-9.82805396751086,0.1976286517421129,9.830040786909043,-5.565648049424083,0.0005696616609549565,20.181533002137982,1.0986122886651097,0,0,3.0,0.00020833333333333335,0.0,9.457414066051914,1.07437178714051,-9.447411686382063,0.24110175733120456,9.450627911251782,0.5554014153874485,0.0007250664258382278,19.90534133320613,1.0986122886651097,0.0,0.0,Train004,10.0
81,3,0,0.0,0.0,0.0,0.0,0.0,0.0,0.0,0.0,0.0,0.0,0.0,0,0,0.0,0.0,0.0,0.0,0.0,0.0,0.0,0.0,0.0,0.0,0.0,0.0,0.0,0.0,Train004,10.0
81,4,1,6.944444444444444e-05,0.0,9.334565702736503,0.0,-9.331920096640912,-0.2222254904688066,9.334565702736503,-5.980228198082198,0.0,0.0,-1.000088900581841e-12,0,0,1.0,6.944444444444444e-05,0.0,9.368201410026042,0.0,-9.365947568795391,-0.00919504335314934,9.368201410026042,-1.326050685431948,4.4408920985006264e-17,0.0,-1.000088900581841e-12,0.0,0.0,Train004,10.0
81,5,0,0.0,0.0,0.0,0.0,0.0,0.0,0.0,0.0,0.0,0.0,0.0,0,0,0.0,0.0,0.0,0.0,0.0,0.0,0.0,0.0,0.0,0.0,0.0,0.0,0.0,0.0,Train004,10.0
82,0,1,6.944444444444444e-05,0.0,9.983362279873388,0.0,-9.980756403995422,0.22808773597705884,9.983362279873388,-9.062582508808088,0.0,0.0,-1.000088900581841e-12,0,0,1.0,6.944444444444444e-05,0.0,10.97839174987322,0.0,-10.974792278501996,0.27891672928177635,10.978391749873218,-3.079899401454049,0.0,0.0,-1.000088900581841e-12,0.0,0.0,Train004,10.0
82,1,1,6.944444444444444e-05,0.0,5.728341314303055,0.0,-5.712741436808708,0.4224683293692328,5.728341314303055,-4.943769697176572,1.1102230246251565e-16,0.0,-1.000088900581841e-12,0,0,1.4,9.722222222222222e-05,-0.4,6.2779492441665115,0.15111989688530786,-5.368005515479739,0.5050360175630034,5.399730710388049,-0.3224314904231605,0.13120159997139488,3.9062402312445803,0.21972245773222188,0.0,0.4,Train004,10.0
82,2,3,0.00020833333333333335,0.0,9.062766801161775,0.810354266812261,-9.055401161533242,0.17881455835714147,9.057166490828026,-7.732210868361893,0.0005826528113009877,20.201236670981608,1.0986122886651097,0,0,3.0,0.00020833333333333335,0.0,9.508960090311884,0.9731666993366735,-9.500129351795712,0.21962848003187235,9.502767345965793,0.515460242599719,0.0006419362277463759,20.020002462412393,1.0986122886651097,0.0,0.0,Train004,10.0
82,3,0,0.0,0.0,0.0,0.0,0.0,0.0,0.0,0.0,0.0,0.0,0.0,0,0,0.0,0.0,0.0,0.0,0.0,0.0,0.0,0.0,0.0,0.0,0.0,0.0,0.0,0.0,Train004,10.0
82,4,1,6.944444444444444e-05,0.0,8.577159059663733,0.0,-8.57439781014934,-0.21762290338531737,8.577159059663733,-7.574066430727697,1.1102230246251565e-16,0.0,-1.000088900581841e-12,0,0,1.0,6.944444444444444e-05,0.0,9.24169001033012,0.0,-9.239538942037576,-0.10183785583793345,9.24169001033012,-1.265113996959247,4.4408920985006264e-17,0.0,-1.000088900581841e-12,0.0,0.0,Train004,10.0
82,5,0,0.0,0.0,0.0,0.0,0.0,0.0,0.0,0.0,0.0,0.0,0.0,0,0,0.0,0.0,0.0,0.0,0.0,0.0,0.0,0.0,0.0,0.0,0.0,0.0,0.0,0.0,Train004,10.0
83,0,1,6.944444444444444e-05,0.0,9.080760192100875,0.0,-9.078414414679079,0.20639133167615276,9.080760192100875,-9.026020877725127,0.0,0.0,-1.000088900581841e-12,0,0,1.0,6.944444444444444e-05,0.0,10.695883744525421,0.0,-10.692865007545162,0.2538201389719926,10.695883744525421,-2.8250800534779783,0.0,0.0,-1.000088900581841e-12,0.0,0.0,Train004,10.0
83,1,1,6.944444444444444e-05,0.0,5.219278125004364,0.0,-5.205270344028163,0.3821319035751922,5.219278125004364,-5.090631892986908,1.1102230246251565e-16,0.0,-1.000088900581841e-12,0,0,1.0,6.944444444444444e-05,-0.4,6.058789807495519,0.0,-6.040340391800358,0.47139639547964557,6.058789807495519,-0.08039850178790324,6.661338147750939e-17,0.0,-1.000088900581841e-12,0.0,0.4,Train004,10.0
83,2,3,0.00020833333333333335,0.0,8.260094882310211,0.7379339311616329,-8.253357372184377,0.16173459598473497,8.254941913334616,-8.026719188515642,0.0005883686317686987,20.20702123203358,1.0986122886651097,0,0,3.0,0.00020833333333333335,0.0,9.556219208771923,0.8797591210047007,-9.548481946607128,0.19935327844561407,9.550572994319529,0.4725911846003587,0.0005582937389930542,20.138611160618126,1.0986122886651097,0.0,0.0,Train004,10.0
83,3,0,0.0,0.0,0.0,0.0,0.0,0.0,0.0,0.0,0.0,0.0,0.0,0,0,0.0,0.0,0.0,0.0,0.0,0.0,0.0,0.0,0.0,0.0,0.0,0.0,0.0,0.0,Train004,10.0
83,4,1,6.944444444444444e-05,0.0,7.809036804796938,0.0,-7.8063924736831645,-0.20320522999177246,7.809036804796938,-7.681222548667952,0.0,0.0,-1.000088900581841e-12,0,0,1.0,6.944444444444444e-05,0.0,9.124754185430616,0.0,-9.122662110211655,-0.18690168875229296,9.124754185430616,-1.1693582489950263,4.4408920985006264e-17,0.0,-1.000088900581841e-12,0.0,0.0,Train004,10.0
83,5,0,0.0,0.0,0.0,0.0,0.0,0.0,0.0,0.0,0.0,0.0,0.0,0,0,0.0,0.0,0.0,0.0,0.0,0.0,0.0,0.0,0.0,0.0,0.0,0.0,0.0,0.0,Train004,10.0
84,0,1,6.944444444444444e-05,0.0,11.471985385784857,0.0,-11.47046600434907,0.18670386909106482,11.471985385784857,23.912251936839812,1.1102230246251565e-16,0.0,-1.000088900581841e-12,0,0,1.0,6.944444444444444e-05,0.0,10.615661074389765,0.0,-10.613122139838472,0.23015875088297805,10.615661074389763,-0.802226701356566,2.2204460492503132e-17,0.0,-1.000088900581841e-12,0.0,0.0,Train004,10.0
84,1,2,0.0001388888888888889,1.0,6.629506964802936,0.7284299482818568,0.07770462015160895,2.1148253361577387,2.116252397623591,6.817988915167152,0.698463304173076,40.65691874905012,0.6931471805579453,1,0,1.2,8.333333333333334e-05,0.2,6.078134440017525,0.14568598965637136,-4.723216098078886,0.7804698476063318,5.1754835265816554,-1.2634135713436645,0.13969266083461526,8.131383749810023,0.13862943611078898,0.2,0.0,Train004,10.0
84,2,3,0.00020833333333333335,0.0,10.04641009194359,1.4305593780793917,-10.042723386008111,0.04781191503260807,10.042837198077708,17.86315209633378,0.00033893193132639166,20.905919729143303,1.0986122886651097,0,0,3.0,0.00020833333333333335,0.0,9.519562471270783,0.9628081799288551,-9.512760460220099,0.16084163001644178,9.514309081453419,-0.3665673750114017,0.0005243963152408382,20.324250169929265,1.0986122886651097,0.0,0.0,Train004,10.0
84,3,1,6.944444444444444e-05,1.0,0.0,0.0,0.0,0.0,0.0,0.0,0.0,0.0,-1.000088900581841e-12,1,0,0.2,1.388888888888889e-05,0.2,0.0,0.0,0.0,0.0,0.0,0.0,0.0,0.0,-2.000177801163682e-13,0.2,0.0,Train004,10.0
84,4,1,6.944444444444444e-05,0.0,10.033637899333712,0.0,-10.025546272055163,0.4028789419002422,10.033637899333712,22.246010945367736,0.0,0.0,-1.000088900581841e-12,0,0,1.0,6.944444444444444e-05,0.0,9.137397597815122,0.0,-9.133775242421112,-0.08758739327079854,9.137397597815122,0.12643412384506547,2.2204460492503132e-17,0.0,-1.000088900581841e-12,0.0,0.0,Train004,10.0
84,5,0,0.0,0.0,0.0,0.0,0.0,0.0,0.0,0.0,0.0,0.0,0.0,0,0,0.0,0.0,0.0,0.0,0.0,0.0,0.0,0.0,0.0,0.0,0.0,0.0,0.0,0.0,Train004,10.0
85,0,1,6.944444444444444e-05,0.0,11.626082243336167,0.0,-11.624855703577744,0.1688733247512768,11.626082243336167,1.5409685755131086,1.1102230246251565e-16,0.0,-1.000088900581841e-12,0,0,1.0,6.944444444444444e-05,0.0,10.610362126369896,0.0,-10.608239881080562,0.20838927881044994,10.610362126369896,-0.05298948019866785,4.4408920985006264e-17,0.0,-1.000088900581841e-12,0.0,0.0,Train004,10.0
85,1,2,0.0001388888888888889,0.0,6.412838487079831,0.6178803137369804,-0.0630343793217345,2.046171026984178,2.047141715818903,-2.166684777231054,0.6942396143846403,41.27651812887273,0.6931471805579453,0,0,1.4,9.722222222222222e-05,0.2,6.04253663504218,0.26926205240376744,-3.4217026463904476,1.0865146329684647,4.266746367354125,-1.8128379463171633,0.2785405837115433,16.386687375584568,0.27725887222257806,0.2,0.0,Train004,10.0
85,2,3,0.00020833333333333335,0.0,10.075190688754766,1.5884149124796973,-10.071599759938222,0.005493523812311117,10.071601258151135,0.2878059681117732,0.00035521121839532377,21.170485144915357,1.0986122886651097,0,0,3.0,0.00020833333333333335,0.0,9.456090070433662,1.0901987682398608,-9.45022712943496,0.11829664898578174,9.451317529460106,-0.6347240083712138,0.00048696525074927167,20.533239155842363,1.0986122886651097,0.0,0.0,Train004,10.0
85,3,1,6.944444444444444e-05,0.0,0.0,0.0,0.0,0.0,0.0,0.0,0.0,0.0,-1.000088900581841e-12,0,0,0.4,2.777777777777778e-05,0.2,0.0,0.0,0.0,0.0,0.0,0.0,0.0,0.0,-4.000355602327364e-13,0.2,0.0,Train004,10.0
85,4,1,6.944444444444444e-05,0.0,10.222039209590678,0.0,-10.205028746724562,0.5894691518090853,10.222039209590678,1.8840131025696571,1.1102230246251565e-16,0.0,-1.000088900581841e-12,0,0,1.0,6.944444444444444e-05,0.0,9.195287735224312,0.0,-9.188657079850628,0.06985889397268623,9.195287735224312,0.5789013740919092,4.4408920985006264e-17,0.0,-1.000088900581841e-12,0.0,0.0,Train004,10.0
85,5,0,0.0,0.0,0.0,0.0,0.0,0.0,0.0,0.0,0.0,0.0,0.0,0,0,0.0,0.0,0.0,0.0,0.0,0.0,0.0,0.0,0.0,0.0,0.0,0.0,0.0,0.0,Train004,10.0
86,0,1,6.944444444444444e-05,0.0,10.99468716267903,0.0,-10.993626200887723,0.1527375537778624,10.99468716267903,-6.313950806571373,0.0,0.0,-1.000088900581841e-12,0,0,1.0,6.944444444444444e-05,0.0,10.631375452754863,0.0,-10.629623745497806,0.18855876305468314,10.631375452754863,0.21013326384966718,4.4408920985006264e-17,0.0,-1.000088900581841e-12,0.0,0.0,Train004,10.0
86,1,2,0.0001388888888888889,0.0,5.966332990240303,0.5490354299336611,-0.10201077076028886,1.9026964130368893,1.9054290429020317,-4.465054968395283,0.6928783669408898,41.49466273059978,0.6931471805579453,0,0,1.6,0.00011111111111111112,0.2,5.991259576286097,0.37906913839049966,-2.2010704621534574,1.3736586018246464,3.403288519130389,-1.9696304841245336,0.4171162570997213,24.685619921704525,0.4158883083343672,0.2,0.0,Train004,10.0
86,2,3,0.00020833333333333335,0.0,9.491501726412631,1.549978343025689,-9.4880188809797,-0.009501453119557551,9.488023638431697,-5.8368896234213565,0.00037310067497819954,21.26741716149407,1.0986122886651097,0,0,3.0,0.00020833333333333335,0.0,9.387192838116594,1.2234481663117345,-9.382220112128731,0.07687062801344766,9.382914099764637,-0.6889723231706685,0.00044765305355392026,20.750415987713584,1.0986122886651097,0.0,0.0,Train004,10.0
86,3,1,6.944444444444444e-05,0.0,0.0,0.0,0.0,0.0,0.0,0.0,0.0,0.0,-1.000088900581841e-12,0,0,0.6,4.1666666666666665e-05,0.2,0.0,0.0,0.0,0.0,0.0,0.0,0.0,0.0,-6.000533403491046e-13,0.2,0.0,Train004,10.0
86,4,1,6.944444444444444e-05,0.0,9.685963152837108,0.0,-9.666132064007511,0.6194942447545873,9.685963152837108,-5.360760567535703,1.1102230246251565e-16,0.0,-1.000088900581841e-12,0,0,1.0,6.944444444444444e-05,0.0,9.265567225244435,0.0,-9.255499473323948,0.23820284101736497,9.265567225244435,0.7027949002012083,6.661338147750939e-17,0.0,-1.000088900581841e-12,0.0,0.0,Train004,10.0
86,5,0,0.0,0.0,0.0,0.0,0.0,0.0,0.0,0.0,0.0,0.0,0.0,0,0,0.0,0.0,0.0,0.0,0.0,0.0,0.0,0.0,0.0,0.0,0.0,0.0,0.0,0.0,Train004,10.0
87,0,1,6.944444444444444e-05,0.0,10.127894434926757,0.0,-10.126952300712237,0.1381404506997162,10.127894434926757,-8.667927277522729,0.0,0.0,-1.000088900581841e-12,0,0,1.0,6.944444444444444e-05,0.0,10.660281883765537,0.0,-10.65886292484117,0.1705693059992146,10.660281883765538,0.289064310106739,4.4408920985006264e-17,0.0,-1.000088900581841e-12,0.0,0.0,Train004,10.0
87,1,2,0.0001388888888888889,0.0,5.457916715740431,0.49074531704243585,-0.11123914711342664,1.7395840259039463,1.7431370373641608,-5.084162744998717,0.6922939595272302,41.54394896330558,0.6931471805579453,0,0,1.8,0.000125,0.2,5.937174656573573,0.47721820179898683,-1.0807700042144008,1.637081741131589,2.60624766374261,-1.9977090936889623,0.5555750490051673,32.994409714365645,0.5545177444461562,0.2,0.0,Train004,10.0
87,2,3,0.00020833333333333335,0.0,8.72963182372308,1.445579358368281,-8.726372180746205,-0.014137893894550271,8.726383633381303,-7.618699026895512,0.0003821847624790875,21.30029168645378,1.0986122886651097,0,0,3.0,0.00020833333333333335,0.0,9.320565842628856,1.3504931846229382,-9.316414315971324,0.038280137563109315,9.316757528275293,-0.6662699548773924,0.0004075594437895402,20.97022699080802,1.0986122886651097,0.0,0.0,Train004,10.0
87,3,1,6.944444444444444e-05,0.0,0.0,0.0,0.0,0.0,0.0,0.0,0.0,0.0,-1.000088900581841e-12,0,0,0.8,5.555555555555556e-05,0.2,0.0,0.0,0.0,0.0,0.0,0.0,0.0,0.0,-8.000711204654728e-13,0.2,0.0,Train004,10.0
87,4,1,6.944444444444444e-05,0.0,8.92943104432296,0.0,-8.909690926829983,0.5934192141160599,8.92943104432296,-7.56532108514147,1.1102230246251565e-16,0.0,-1.000088900581841e-12,0,0,1.0,6.944444444444444e-05,0.0,9.336021622176279,0.0,-9.322558096660076,0.4004112645176405,9.336021622176279,0.7045439693184538,6.661338147750939e-17,0.0,-1.000088900581841e-12,0.0,0.0,Train004,10.0
87,5,0,0.0,0.0,0.0,0.0,0.0,0.0,0.0,0.0,0.0,0.0,0.0,0,0,0.0,0.0,0.0,0.0,0.0,0.0,0.0,0.0,0.0,0.0,0.0,0.0,0.0,0.0,Train004,10.0
88,0,1,6.944444444444444e-05,0.0,9.230473656038921,0.0,-9.229628086245704,0.12493720187762405,9.230473656038921,-8.974207788878363,0.0,0.0,-1.000088900581841e-12,0,0,1.0,6.944444444444444e-05,0.0,10.690224576553145,0.0,-10.689105659154496,0.15427848003950886,10.690224576553145,0.29942692787609176,4.4408920985006264e-17,0.0,-1.000088900581841e-12,0.0,0.0,Train004,10.0
88,1,2,0.0001388888888888889,0.0,4.957310405803161,0.43895869288043876,-0.11001354272806374,1.5789038256676893,1.582731900952162,-5.006063099372695,0.6920427104066166,41.5291733966761,0.6931471805579453,0,0,2.0,0.0001388888888888889,0.2,5.884781112733332,0.5650099403750746,-0.06171864395438096,1.8764361255500883,1.8789384189321698,-1.98079533496612,0.6939835910864905,41.30024439370086,0.6931471805579453,0.2,0.0,Train004,10.0
88,2,3,0.00020833333333333335,0.0,7.950850870242026,1.3243721050774044,-7.947857763120562,-0.01490942807528923,7.947871747445433,-7.7878095348105445,0.00038627735366059124,21.308975027063042,1.0986122886651097,0,0,3.0,0.00020833333333333335,0.0,9.25871704021522,1.4677808194060926,-9.25531439415856,0.002951332751104472,9.255343495097454,-0.6184880241363728,0.0003671411881679187,21.19061774981391,1.0986122886651097,0.0,0.0,Train004,10.0
88,3,1,6.944444444444444e-05,0.0,0.0,0.0,0.0,0.0,0.0,0.0,0.0,0.0,-1.000088900581841e-12,0,0,1.0,6.944444444444444e-05,0.2,0.0,0.0,0.0,0.0,0.0,0.0,0.0,0.0,-1.000088900581841e-12,0.2,0.0,Train004,10.0
88,4,1,6.944444444444444e-05,0.0,8.140881083516584,0.0,-8.122320533682986,0.5494123807031219,8.140881083516584,-7.885499608063764,1.1102230246251565e-16,0.0,-1.000088900581841e-12,0,0,1.0,6.944444444444444e-05,0.0,9.402390477920209,0.0,-9.38574370866004,0.5509347866566193,9.402390477920209,0.6636885574392913,8.881784197001253e-17,0.0,-1.000088900581841e-12,0.0,0.0,Train004,10.0
88,5,0,0.0,0.0,0.0,0.0,0.0,0.0,0.0,0.0,0.0,0.0,0.0,0,0,0.0,0.0,0.0,0.0,0.0,0.0,0.0,0.0,0.0,0.0,0.0,0.0,0.0,0.0,Train004,10.0
89,0,1,6.944444444444444e-05,0.0,12.49865597461931,0.0,-12.498145190456897,0.11299544303268619,12.49865597461931,32.6818231858039,1.1102230246251565e-16,0.0,-1.000088900581841e-12,0,0,1.0,6.944444444444444e-05,0.0,10.895558694320037,0.0,-10.89464149637606,0.13953679482783313,10.895558694320036,2.0533411776689094,4.4408920985006264e-17,0.0,-1.000088900581841e-12,0.0,0.0,Train004,10.0
89,1,3,0.00020833333333333335,1.0,4.070403626723359,1.2879975536181623,-2.4021411441247205,0.31142622588915153,2.4222444902338784,-3.3081508334744747,0.49671937135137256,21.34614494390665,1.0986122886651097,1,0,2.2,0.00015277777777777777,0.2,5.372960445117417,0.6769234614423356,-0.5576877968096469,1.5157563034963708,1.9401368374542272,-4.006023284694445,0.6536348045221498,37.43808963267217,0.7742402021793782,0.2,0.0,Train004,10.0
89,2,3,0.00020833333333333335,0.0,9.768312362171494,1.2301122254361285,-9.763070324849036,0.18206742563357867,9.764767827010774,18.174614919294704,0.00040060990208512504,20.643203318685703,1.0986122886651097,0,0,3.0,0.00020833333333333335,0.0,9.203097494260799,1.42769138887744,-9.199383781926745,0.029802434871298588,9.199729620884067,-0.5561954595441883,0.00037947678231966544,21.13807446772239,1.0986122886651097,0.0,0.0,Train004,10.0
89,3,1,6.944444444444444e-05,0.0,8.129037408825926,0.0,8.129037408825926,0.0,8.129037408825926,81.29037408825926,0.0,0.0,-1.000088900581841e-12,0,0,1.0,6.944444444444444e-05,0.0,1.6258074817651853,0.0,1.6258074817651853,0.0,1.6258074817651853,16.258074817651853,0.0,0.0,-1.000088900581841e-12,0.0,0.0,Train004,10.0
89,4,1,6.944444444444444e-05,0.0,10.034088579675034,0.0,-10.02153457094073,0.5017753164562067,10.034088579675034,18.932074961584497,0.0,0.0,-1.000088900581841e-12,0,0,1.0,6.944444444444444e-05,0.0,9.402480613988473,0.0,-9.384941368437154,0.5707140615678122,9.402480613988473,0.0009013606826435705,8.881784197001253e-17,0.0,-1.000088900581841e-12,0.0,0.0,Train004,10.0
89,5,0,0.0,0.0,0.0,0.0,0.0,0.0,0.0,0.0,0.0,0.0,0.0,0,0,0.0,0.0,0.0,0.0,0.0,0.0,0.0,0.0,0.0,0.0,0.0,0.0,0.0,0.0,Train004,10.0
90,0,1,6.944444444444444e-05,0.0,12.896555838733795,0.0,-12.896150925697187,0.1021949275568363,12.896555838733795,3.9789986411448375,0.0,0.0,-1.000088900581841e-12,0,0,1.0,6.944444444444444e-05,0.0,11.149653413399562,0.0,-11.148900540799948,0.12620111538894502,11.149653413399562,2.540947190795255,2.2204460492503132e-17,0.0,-1.000088900581841e-12,0.0,0.0,Train004,10.0
90,1,3,0.00020833333333333335,0.0,3.9396617077578457,1.465047827542773,-2.765533508028012,0.23221420930730532,2.7752655770268078,-1.3074191896551375,0.38618050374132185,22.087338878090065,1.0986122886651097,0,0,2.4,0.0001666666666666667,0.2,4.878325089253019,0.8463569642034943,-1.0981876225509022,1.1529649399609965,2.0857616096958083,-3.8341701671792627,0.5920229823934863,33.60025378251564,0.855333223800811,0.2,0.0,Train004,10.0
90,2,3,0.00020833333333333335,0.0,9.826219865699898,1.2693882635500038,-9.81764351515343,0.2397000380169342,9.820569245153742,0.5790750352840254,0.0006274525839616851,20.421377541987514,1.0986122886651097,0,0,3.0,0.00020833333333333335,0.0,9.153303329649827,1.3638860590915012,-9.148592532969786,0.07664373771222321,9.149523218284589,-0.4979416461097378,0.0004339250554329377,20.98825294713682,1.0986122886651097,0.0,0.0,Train004,10.0
90,3,1,6.944444444444444e-05,0.0,8.490097544667046,0.0,8.490097544667046,0.0,8.490097544667046,3.6106013584111984,0.0,0.0,-1.000088900581841e-12,0,0,1.0,6.944444444444444e-05,0.0,3.3238269906985947,0.0,3.3238269906985947,0.0,3.3238269906985947,16.980195089334092,0.0,0.0,-1.000088900581841e-12,0.0,0.0,Train004,10.0
90,4,1,6.944444444444444e-05,0.0,10.100527576886552,0.0,-10.090243241802138,0.4556848172936962,10.100527576886552,0.6643899721151847,0.0,0.0,-1.000088900581841e-12,0,0,1.0,6.944444444444444e-05,0.0,9.378178287447648,0.0,-9.36198426745267,0.5439571946647344,9.378178287447648,-0.24302326540825092,6.661338147750939e-17,0.0,-1.000088900581841e-12,0.0,0.0,Train004,10.0
90,5,0,0.0,0.0,0.0,0.0,0.0,0.0,0.0,0.0,0.0,0.0,0.0,0,0,0.0,0.0,0.0,0.0,0.0,0.0,0.0,0.0,0.0,0.0,0.0,0.0,0.0,0.0,Train004,10.0
91,0,1,6.944444444444444e-05,0.0,12.27491976818528,0.0,-12.274571789718875,0.09242669756807553,12.27491976818528,-6.216360705485151,1.1102230246251565e-16,0.0,-1.000088900581841e-12,0,0,1.0,6.944444444444444e-05,0.0,11.405699934500813,0.0,-11.40508965856618,0.11413894414698766,11.405699934500813,2.5604652110124997,4.4408920985006264e-17,0.0,-1.000088900581841e-12,0.0,0.0,Train004,10.0
91,1,3,0.00020833333333333335,0.0,3.702180921744722,1.416791806245927,-2.7298902717259868,0.189714885643636,2.7364744898315716,-2.374807860131233,0.34422499308607335,22.353703369529555,1.0986122886651097,0,0,2.6,0.00018055555555555557,0.2,4.425494675553905,1.0199082394659473,-1.6237635227440417,0.8103686344823456,2.251970699081716,-3.4161207455264524,0.5222923076225229,29.77206191030159,0.936426245422244,0.2,0.0,Train004,10.0
91,2,3,0.00020833333333333335,0.0,9.267692421598923,1.2238179796067665,-9.258107571158448,0.2455810992721048,9.261364147654549,-5.585274441009751,0.0007441077492152948,20.34157420273134,1.0986122886651097,0,0,3.0,0.00020833333333333335,0.0,9.108541468687084,1.2986539864077167,-9.102610271005537,0.1276602481905557,9.10419132012916,-0.44761860962741656,0.0005081264702803568,20.803084355384275,1.0986122886651097,0.0,0.0,Train004,10.0
91,3,1,6.944444444444444e-05,0.0,7.466159406565969,0.0,7.466159406565969,0.0,7.466159406565969,-10.239381381010775,0.0,0.0,-1.000088900581841e-12,0,0,1.0,6.944444444444444e-05,0.0,4.817058872011788,0.0,4.817058872011788,0.0,4.817058872011788,14.932318813131937,0.0,0.0,-1.000088900581841e-12,0.0,0.0,Train004,10.0
91,4,1,6.944444444444444e-05,0.0,9.528624996858142,0.0,-9.519677112571884,0.41284622212740985,9.528624996858142,-5.719025800284108,0.0,0.0,-1.000088900581841e-12,0,0,1.0,6.944444444444444e-05,0.0,9.346710656251854,0.0,-9.332693277165543,0.5026275901392989,9.346710656251854,-0.3146763119579319,4.4408920985006264e-17,0.0,-1.000088900581841e-12,0.0,0.0,Train004,10.0
91,5,0,0.0,0.0,0.0,0.0,0.0,0.0,0.0,0.0,0.0,0.0,0.0,0,0,0.0,0.0,0.0,0.0,0.0,0.0,0.0,0.0,0.0,0.0,0.0,0.0,0.0,0.0,Train004,10.0
92,0,1,6.944444444444444e-05,0.0,11.336096051878878,0.0,-11.335787844389946,0.0835921312385788,11.336096051878878,-9.38823716306402,0.0,0.0,-1.000088900581841e-12,0,0,1.0,6.944444444444444e-05,0.0,11.647340257891237,0.0,-11.646856767301722,0.10322928025476016,11.647340257891237,2.4164032339042416,4.4408920985006264e-17,0.0,-1.000088900581841e-12,0.0,0.0,Train004,10.0
92,1,3,0.00020833333333333335,0.0,3.4054641940593875,1.3150212728632609,-2.555384106434767,0.16425869442505694,2.560657894001781,-2.967167276853347,0.3282958662972342,22.448048821095682,1.0986122886651097,0,0,2.8,0.00019444444444444443,0.2,4.015004171217695,1.1847634306301125,-2.11259251460831,0.49530356818656784,2.4154748704092404,-2.992721651897378,0.4494926889765237,25.95288188185961,1.0175192670436768,0.2,0.0,Train004,10.0
92,2,2,0.0001388888888888889,-1.0,8.752881753805383,1.3380822989710532,-8.751377886640753,0.03057314384018242,8.751431290475235,-7.309671679740504,0.00016967841860915378,24.878192605030357,0.6931471805579453,0,1,2.8,0.00019444444444444443,-0.2,9.113191454703545,1.2771545745282713,-9.107611412184445,0.1366024557375022,9.109200851547946,-0.38581314019641494,0.00046562520150636997,21.518664539099593,1.017519267043677,0.0,0.2,Train004,10.0
92,3,1,6.944444444444444e-05,0.0,6.362293917824053,0.0,6.362293917824053,0.0,6.362293917824053,-11.038654887419153,0.0,0.0,-1.000088900581841e-12,0,0,1.0,6.944444444444444e-05,0.0,6.089517655576598,0.0,6.089517655576598,0.0,6.089517655576598,12.724587835648105,0.0,0.0,-1.000088900581841e-12,0.0,0.0,Train004,10.0
92,4,1,6.944444444444444e-05,0.0,8.768844769644764,0.0,-8.760879921143479,0.37365974017997006,8.768844769644764,-7.59780227213378,0.0,0.0,-1.000088900581841e-12,0,0,1.0,6.944444444444444e-05,0.0,9.314593401316214,0.0,-9.302931076028244,0.4586756953520809,9.314593401316214,-0.32117254935639394,2.2204460492503132e-17,0.0,-1.000088900581841e-12,0.0,0.0,Train004,10.0
92,5,1,6.944444444444444e-05,1.0,8.07790278159875,0.0,-8.052642911567332,0.6383224010993429,8.07790278159875,-7.574766396391546,0.0,0.0,-1.000088900581841e-12,1,0,0.2,1.388888888888889e-05,0.2,1.61558055631975,0.0,-1.6105285823134665,0.1276644802198686,1.61558055631975,-1.5149532792783091,0.0,0.0,-2.000177801163682e-13,0.2,0.0,Train004,10.0
93,0,1,6.944444444444444e-05,0.0,10.34250492048555,0.0,-10.342228597713536,0.0756020033076823,10.34250492048555,-9.935911313933268,1.1102230246251565e-16,0.0,-1.000088900581841e-12,0,0,1.0,6.944444444444444e-05,0.0,11.869746510780562,0.0,-11.869376869595289,0.09336224054077183,11.869746510780564,2.2240625288932607,6.661338147750939e-17,0.0,-1.000088900581841e-12,0.0,0.0,Train004,10.0
93,1,3,0.00020833333333333335,0.0,3.1011376492183658,1.2031099618505032,-2.3432430030014424,0.14636569338988656,2.3478097638685975,-3.0432654484102124,0.32190384937034877,22.4777026595318,1.0986122886651097,0,0,3.0,0.00020833333333333335,0.2,3.6437696199007363,1.3375936844241254,-2.5592384066629856,0.2087959417310073,2.5684904429925273,-2.6001621217048814,0.37546491676927013,22.14258773443075,1.0986122886651097,0.2,0.0,Train004,10.0
93,2,2,0.0001388888888888889,0.0,7.983508094635466,1.220027110496801,-7.982159022091455,0.02762715240651016,7.982206832293066,-7.6937365916991585,0.00016689161871974445,24.88401843979554,0.6931471805579453,0,0,2.6,0.00018055555555555555,-0.2,9.119722899582232,1.2562855756121505,-9.114471663978623,0.14510977183386212,9.116067868517472,-0.36699855157413774,0.0004217480545182006,22.233673221646093,0.936426245422244,0.0,0.2,Train004,10.0
93,3,1,6.944444444444444e-05,0.0,5.42281936247905,0.0,5.42281936247905,0.0,5.42281936247905,-9.394745553450035,0.0,0.0,-1.000088900581841e-12,0,0,1.0,6.944444444444444e-05,0.0,7.174081528072409,0.0,7.174081528072409,0.0,7.174081528072409,10.845638724958098,0.0,0.0,-1.000088900581841e-12,0.0,0.0,Train004,10.0
93,4,1,6.944444444444444e-05,0.0,7.988618490479602,0.0,-7.981462785312914,0.33804909864932264,7.988618490479602,-7.80226279165162,0.0,0.0,-1.000088900581841e-12,0,0,1.0,6.944444444444444e-05,0.0,9.284140882708819,0.0,-9.274759526354229,0.41640303894132114,9.284140882708819,-0.30452518607396506,0.0,0.0,-1.000088900581841e-12,0.0,0.0,Train004,10.0
93,5,1,6.944444444444444e-05,0.0,7.339203288560227,0.0,-7.3154435433540606,0.5900768380580906,7.339203288560227,-7.386994930385233,0.0,0.0,-1.000088900581841e-12,0,0,0.4,2.777777777777778e-05,0.2,3.0834212140317954,0.0,-3.0736172909842785,0.2456798478314867,3.0834212140317954,-2.992352265355356,0.0,0.0,-4.000355602327364e-13,0.2,0.0,Train004,10.0
94,0,1,6.944444444444444e-05,0.0,12.057026122468365,0.0,-12.03908718651832,0.6574637885807344,12.057026122468365,17.14521201982814,0.0,0.0,-1.000088900581841e-12,0,0,1.0,6.944444444444444e-05,0.0,11.781420540350373,0.0,-11.777565268807573,0.20225590965038148,11.781420540350373,-0.8832597043018915,4.4408920985006264e-17,0.0,-1.000088900581841e-12,0.0,0.0,Train004,10.0
94,1,3,0.00020833333333333335,0.0,3.9931440154816813,1.9155402456958954,-2.304027079600593,0.22962524483332994,2.315441326528833,8.920063662633149,0.6829886542413517,26.122907420408676,1.0986122886651097,0,0,3.0,0.00020833333333333335,0.0,3.6283176976524003,1.463102222839672,-2.5396155937581604,0.19243574551984294,2.5471298102515183,-0.15451922248335706,0.412718773347266,23.097940229731158,1.0986122886651097,0.0,0.0,Train004,10.0
94,2,3,0.00020833333333333335,1.0,9.692369607495335,0.7235076877381851,-9.690795773062112,-0.00018786636133948562,9.690795774883105,19.236297815516142,0.0001657040733579196,20.259386581587922,1.0986122886651097,1,0,2.6,0.00018055555555555557,0.0,9.104534348647002,1.1549646680725618,-9.10001675362124,0.10865871343487847,9.10127345809194,-0.15466197232984982,0.00037476688877275955,22.156909874226535,0.936426245422244,0.2,0.2,Train004,10.0
94,3,1,6.944444444444444e-05,0.0,8.729910594964025,0.0,8.718253618679086,0.45099094941493967,8.729910594964025,33.07091232484975,0.0,0.0,-1.000088900581841e-12,0,0,1.0,6.944444444444444e-05,0.0,7.294256165300029,0.0,7.291924770043041,0.09019818988298793,7.294256165300029,1.2017463722761974,0.0,0.0,-1.000088900581841e-12,0.0,0.0,Train004,10.0
94,4,1,6.944444444444444e-05,0.0,9.307648161019054,0.0,-9.302624071261926,0.30577717066447135,9.307648161019054,13.190296705394529,0.0,0.0,-1.000088900581841e-12,0,0,1.0,6.944444444444444e-05,0.0,9.138852798977622,0.0,-9.130977426418468,0.37720340978297406,9.138852798977622,-1.4528808373119593,0.0,0.0,-1.000088900581841e-12,0.0,0.0,Train004,10.0
94,5,1,6.944444444444444e-05,0.0,0.0,0.0,0.0,0.0,0.0,0.0,0.0,0.0,-1.000088900581841e-12,1,1,0.6,4.1666666666666665e-05,0.2,3.0834212140317954,0.0,-3.0736172909842785,0.2456798478314867,3.0834212140317954,-2.992352265355356,0.0,0.0,-6.000533403491046e-13,0.4,0.2,Train004,10.0
95,0,1,6.944444444444444e-05,0.0,11.9469502227695,0.0,-11.918730923466574,0.82065388522435,11.9469502227695,-1.1007589969886489,1.1102230246251565e-16,0.0,-1.000088900581841e-12,0,0,1.0,6.944444444444444e-05,0.0,11.591499417157516,0.0,-11.582081268361451,0.3459477011838842,11.591499417157515,-1.8992112319285888,6.661338147750939e-17,0.0,-1.000088900581841e-12,0.0,0.0,Train004,10.0
95,1,3,0.00020833333333333335,0.0,4.432090907191381,1.7982553841636988,-2.157091888616799,0.2453950834351707,2.1710053346112588,4.389468917096997,0.6826008774102634,27.5218124539919,1.0986122886651097,0,0,3.0,0.00020833333333333335,0.0,3.7268035375391078,1.5297437341638571,-2.4179272698759178,0.19507192034541604,2.426277761768408,0.9848583988670698,0.47200284808105425,24.184834944911522,1.0986122886651097,0.0,0.0,Train004,10.0
95,2,3,0.00020833333333333335,0.0,9.791159698810501,0.5744994126812124,-9.789896316119439,-0.07488990251529513,9.790182755080096,0.9879009131516684,9.904642740654612e-05,20.24498920652761,1.0986122886651097,0,0,2.6,0.00018055555555555557,0.0,9.09752231526912,1.0159868978988036,-9.094467313814441,0.04574072532843261,9.095196160077212,-0.07289679675632124,0.0002690856574617317,22.121632207134553,0.936426245422244,0.2,0.2,Train004,10.0
95,3,1,6.944444444444444e-05,0.0,9.005990168502526,0.0,8.98918302877687,0.5499521709331434,9.005990168502526,2.760795735385013,0.0,0.0,-1.000088900581841e-12,0,0,1.0,6.944444444444444e-05,0.0,7.397434690067125,0.0,7.391741866865006,0.2001886240696166,7.397434690067125,1.0317852476709604,0.0,0.0,-1.000088900581841e-12,0.0,0.0,Train004,10.0
95,4,1,6.944444444444444e-05,0.0,9.217240572582362,0.0,-9.213090446989812,0.27656498050819095,9.217240572582362,-0.9040758843669217,0.0,0.0,-1.000088900581841e-12,0,0,1.0,6.944444444444444e-05,0.0,8.962195398116785,0.0,-8.955546867456002,0.341379442425873,8.962195398116785,-1.7665740086083805,0.0,0.0,-1.000088900581841e-12,0.0,0.0,Train004,10.0
95,5,1,6.944444444444444e-05,0.0,0.0,0.0,0.0,0.0,0.0,0.0,0.0,0.0,-1.000088900581841e-12,0,0,0.8,5.555555555555556e-05,0.2,3.0834212140317954,0.0,-3.0736172909842785,0.2456798478314867,3.0834212140317954,-2.992352265355356,0.0,0.0,-8.000711204654728e-13,0.4,0.2,Train004,10.0
96,0,1,6.944444444444444e-05,0.0,11.205548875544968,0.0,-11.174845956876155,0.8289411573301021,11.205548875544968,-7.4140134722453155,1.1102230246251565e-16,0.0,-1.000088900581841e-12,0,0,1.0,6.944444444444444e-05,0.0,11.377625238629452,0.0,-11.362136101792906,0.4932505931362895,11.377625238629452,-2.1387417852806214,6.661338147750939e-17,0.0,-1.000088900581841e-12,0.0,0.0,Train004,10.0
96,1,3,0.00020833333333333335,0.0,4.334479055000323,1.657769672151218,-1.9805335063215466,0.2366836588707056,1.9946258105315755,-0.9761185219105725,0.6794976448874572,28.03874048387638,1.0986122886651097,0,0,3.0,0.00020833333333333335,0.0,3.8532631641902277,1.5779393073449153,-2.2680559167950296,0.20446567499082993,2.277908025908409,1.264596266511202,0.5390573784413311,25.32184236778089,1.0986122886651097,0.0,0.0,Train004,10.0
96,2,3,0.00020833333333333335,0.0,9.248841406294117,0.4898883296896931,-9.247524042758247,-0.09640120799137296,9.248026498355962,-5.423182925163837,8.66676985885606e-05,20.239769458966432,1.0986122886651097,0,0,2.6,0.00018055555555555555,0.0,9.093752112208161,0.8692009679153891,-9.092350608134401,-0.022655736124262953,9.092528630217494,-0.04047849358713851,0.0001375976473363849,22.101271258381573,0.936426245422244,0.2,0.2,Train004,10.0
96,3,1,6.944444444444444e-05,0.0,8.387475612771063,0.0,8.37022052737607,0.537731789948841,8.387475612771063,-6.185145557314637,0.0,0.0,-1.000088900581841e-12,0,0,1.0,6.944444444444444e-05,0.0,7.581697931308144,0.0,7.572554091027025,0.30773498205938477,7.581697931308144,1.8426324124101878,0.0,0.0,-1.000088900581841e-12,0.0,0.0,Train004,10.0
96,4,1,6.944444444444444e-05,0.0,8.642906389952053,0.0,-8.639286030348657,0.2501354658911329,8.642906389952053,-5.743341826303094,0.0,0.0,-1.000088900581841e-12,0,0,1.0,6.944444444444444e-05,0.0,8.785051676735566,0.0,-8.779468651011356,0.3088372911786176,8.785051676735566,-1.771437213812178,0.0,0.0,-1.000088900581841e-12,0.0,0.0,Train004,10.0
96,5,1,6.944444444444444e-05,0.0,0.0,0.0,0.0,0.0,0.0,0.0,0.0,0.0,-1.000088900581841e-12,0,0,1.0,6.944444444444444e-05,0.2,3.0834212140317954,0.0,-3.0736172909842785,0.2456798478314867,3.0834212140317954,-2.992352265355356,0.0,0.0,-1.000088900581841e-12,0.4,0.2,Train004,10.0
97,0,0,0.0,-1.0,0.0,0.0,0.0,0.0,0.0,0.0,0.0,0.0,0.0,0,1,0.8,5.555555555555556e-05,-0.2,9.110406028253676,0.0,-9.094978532914917,0.4765321668885737,9.110406028253676,-0.2610943526678177,6.661338147750939e-17,0.0,-8.000711204654728e-13,0.0,0.2,Train004,10.0
97,1,3,0.00020833333333333335,0.0,4.045385201625256,1.5132383480833278,-1.8034920903637646,0.21991008221098973,1.8168500665334786,-2.8909385337506763,0.678232507802893,28.217292401526432,1.0986122886651097,0,0,3.0,0.00020833333333333335,0.0,3.981247365703401,1.6175827223889285,-2.117677513580829,0.2155959525480165,2.129146460414749,1.279842015131736,0.6090447067424628,26.475691083867037,1.0986122886651097,0.0,0.0,Train004,10.0
97,2,3,0.00020833333333333335,0.0,8.515803949326207,0.43186569614466097,-8.514512901779858,-0.09818694810909556,8.51507901498011,-7.33037456967909,8.348791820556034e-05,20.237918727636313,1.0986122886651097,0,0,2.8,0.00019444444444444443,0.2,9.046336551312326,0.6879576473501106,-9.04497761116222,-0.04840775451411855,9.045258175118468,-0.044619071574855694,0.00012035954725566622,21.173216482902763,1.0175192670436768,0.2,0.0,Train004,10.0
97,3,2,0.0001388888888888889,1.0,8.927972521522532,1.360267639894035,-1.3534158415884567,0.6384423320974688,1.4964434675846077,-8.685397226354832,0.9293144676714761,41.07683452048135,0.6931471805579453,1,0,1.2,8.333333333333333e-05,0.2,8.09483365204784,0.272053527978807,6.029412139144523,0.4354234484788786,6.608527841260253,2.3132839446230515,0.18586289353429522,8.21536690409627,0.13862943611078898,0.2,0.0,Train004,10.0
97,4,1,6.944444444444444e-05,0.0,7.934456104082632,0.0,-7.931230315038341,0.22622855131694156,7.934456104082632,-7.084502858694206,1.1102230246251565e-16,0.0,-1.000088900581841e-12,0,0,1.0,6.944444444444444e-05,0.0,8.618173943623141,0.0,-8.61353872979033,0.2793510534060119,8.618173943623141,-1.668777331124263,2.2204460492503132e-17,0.0,-1.000088900581841e-12,0.0,0.0,Train004,10.0
97,5,1,6.944444444444444e-05,0.0,0.0,0.0,0.0,0.0,0.0,0.0,0.0,0.0,-1.000088900581841e-12,0,0,1.0,6.944444444444444e-05,0.0,1.4678406577120453,0.0,-1.4630887086708122,0.11801536761161813,1.4678406577120453,-1.4773989860770467,0.0,0.0,-1.000088900581841e-12,0.2,0.2,Train004,10.0
98,0,0,0.0,0.0,0.0,0.0,0.0,0.0,0.0,0.0,0.0,0.0,0.0,0,0,0.6,4.1666666666666665e-05,-0.2,7.041905044156566,0.0,-7.026532813372209,0.4614117662270373,7.041905044156567,1.7260879101188358,4.4408920985006264e-17,0.0,-6.000533403491046e-13,0.0,0.2,Train004,10.0
98,1,3,0.00020833333333333335,0.0,3.706121771600856,1.3745684271701526,-1.6363938668974451,0.20127379809529156,1.6487255773533926,-3.3926343002440014,0.677716022004818,28.267696783006574,1.0986122886651097,0,0,3.0,0.00020833333333333335,0.0,4.102244190179899,1.6518744154528584,-1.9763076863600293,0.22657757348909752,1.9893296231117077,1.2099682447649784,0.6802071412693567,27.63368990856199,1.0986122886651097,0.0,0.0,Train004,10.0
98,2,3,0.00020833333333333335,0.0,7.759747096208394,0.3863347758836762,-7.75853627782621,-0.09302232478628152,7.759093911485673,-7.560568531178132,8.24657706280929e-05,20.237327020329264,1.0986122886651097,0,0,3.0,0.00020833333333333335,0.2,9.00158435162691,0.5212191804274856,-9.000253062309174,-0.07253764995267689,9.000635590956989,-0.017985459470650333,0.00010347437763733592,20.243878199009508,1.0986122886651097,0.2,0.0,Train004,10.0
98,3,2,0.0001388888888888889,0.0,8.063749193380675,1.3001065068400908,-1.2935229315652634,0.582731651414465,1.4187239872665234,-8.642233281418573,0.9286411686166598,41.06261755472144,0.6931471805579453,0,0,1.4,9.722222222222222e-05,0.2,8.623019618228165,0.5320748293468252,4.686143680335661,0.5519697787617716,5.807708766217749,2.4637863990293445,0.3715911272576272,16.427890415040558,0.27725887222257806,0.2,0.0,Train004,10.0
98,4,1,6.944444444444444e-05,0.0,7.221196356048509,0.0,-7.218297129652646,0.20460537787811006,7.221196356048509,-7.132597480341234,0.0,0.0,-1.000088900581841e-12,0,0,1.0,6.944444444444444e-05,0.0,8.464689516736922,0.0,-8.460905598658275,0.25266230925176936,8.464689516736922,-1.534844268862186,2.2204460492503132e-17,0.0,-1.000088900581841e-12,0.0,0.0,Train004,10.0
98,5,1,6.944444444444444e-05,0.0,0.0,0.0,0.0,0.0,0.0,0.0,0.0,0.0,-1.000088900581841e-12,0,0,1.0,6.944444444444444e-05,0.0,0.0,0.0,0.0,0.0,0.0,0.0,0.0,0.0,-1.000088900581841e-12,0.2,0.2,Train004,10.0
99,0,1,6.944444444444444e-05,1.0,12.000732962030877,0.0,-12.000541349834535,0.06781546199743249,12.000732962030877,26.368772618101115,0.0,0.0,-1.000088900581841e-12,1,0,0.6,4.1666666666666665e-05,0.0,7.0306464120690695,0.0,-7.018823646035453,0.34348210091037695,7.0306464120690695,3.570800029773431,4.4408920985006264e-17,0.0,-6.000533403491046e-13,0.2,0.2,Train004,10.0
99,1,3,0.00020833333333333335,0.0,5.163719876073025,1.2119278675934715,-2.362789427766883,0.4805188448459137,2.411155789288408,14.575981044721695,0.6604764131038438,30.773401253141035,1.0986122886651097,0,0,3.0,0.00020833333333333335,0.0,4.336359362298168,1.5111519398323736,-1.9880601559932878,0.27675629349161424,2.0084725156636227,2.3411517211826878,0.6757046930418551,28.563788675108462,1.0986122886651097,0.0,0.0,Train004,10.0
99,2,3,0.00020833333333333335,0.0,9.989453503721306,1.208156652222503,-9.984646230075901,0.012419159223421386,9.984653953707396,22.29706407512911,0.0005164611667124452,21.070632648108326,1.0986122886651097,0,0,3.0,0.00020833333333333335,0.0,9.061001130872105,0.6181489733243491,-9.05902315371193,-0.0700162448357247,9.059407226721847,0.5941677924519432,0.00017362579630824103,20.406127412313587,1.0986122886651097,0.0,0.0,Train004,10.0
99,3,1,6.944444444444444e-05,-1.0,9.46564964794751,0.0,9.461202417917526,-0.2901242231878941,9.46564964794751,27.020069614069257,0.0,0.0,-1.000088900581841e-12,0,1,1.4,9.722222222222222e-05,0.0,8.77016742882486,0.5320748293468252,4.834733440183349,0.4037467442412049,5.954856576814446,1.253617856873246,0.3715911272576272,16.427890415040558,0.27725887222257806,0.2,0.2,Train004,10.0
99,4,1,6.944444444444444e-05,0.0,9.78740993171895,0.0,-9.78566043843693,0.18504852099130722,9.78740993171895,25.662135756704405,0.0,0.0,-1.000088900581841e-12,0,0,1.0,6.944444444444444e-05,0.0,8.560641870876902,0.0,-8.557512872093277,0.22851657931713656,8.560641870876902,0.9595235413997891,2.2204460492503132e-17,0.0,-1.000088900581841e-12,0.0,0.0,Train004,10.0
99,5,1,6.944444444444444e-05,0.0,3.048389028309723,0.0,-3.048389028309723,0.0,3.048389028309723,30.483890283097228,0.0,0.0,-1.000088900581841e-12,0,0,1.0,6.944444444444444e-05,0.0,0.6096778056619445,0.0,-0.6096778056619445,0.0,0.6096778056619445,6.096778056619446,0.0,0.0,-1.000088900581841e-12,0.0,0.0,Train004,10.0
100,0,1,6.944444444444444e-05,0.0,12.219328615461881,0.0,-12.218243791043355,-0.1628203773368719,12.219328615461881,2.1859565343100407,0.0,0.0,-1.000088900581841e-12,0,0,0.6,4.1666666666666665e-05,0.0,7.085122090607546,0.0,-7.078726219550807,0.14678724839813254,7.085122090607546,4.228143136033169,2.2204460492503132e-17,0.0,-6.000533403491046e-13,0.2,0.2,Train004,10.0
100,1,3,0.00020833333333333335,0.0,5.394781437654871,1.088681689963309,-2.476449028231363,0.5487572879134227,2.536520126170135,2.3106156158184454,0.6533516356506974,31.721633842560994,1.0986122886651097,0,0,3.0,0.00020833333333333335,0.0,4.528897468390866,1.3692372009922957,-2.0519315839162005,0.3374287343872647,2.081575473975398,1.925381060926977,0.6698548446899419,29.40375295282228,1.0986122886651097,0.0,0.0,Train004,10.0
100,2,3,0.00020833333333333335,0.0,10.177782054233186,1.5016381046196001,-10.168954449728616,0.04828030724662311,10.169069062049056,1.883285505118799,0.0009332617007117294,21.402962563087485,1.0986122886651097,0,0,3.0,0.00020833333333333335,0.0,9.138325601956641,0.8035767117120265,-9.134834780433767,-0.04538220288334106,9.135184488115637,0.7732447108453694,0.0003404688509692777,20.637722083625565,1.0986122886651097,0.0,0.0,Train004,10.0
100,3,1,6.944444444444444e-05,0.0,9.740824644979064,0.0,9.727244287283574,-0.514182204807375,9.740824644979064,2.75174997031554,0.0,0.0,-1.000088900581841e-12,0,0,1.4,9.722222222222222e-05,0.0,8.917134324120168,0.5320748293468252,4.9823456918846905,0.19091986909310116,6.1018234721097535,1.2518087038593513,0.3715911272576272,16.427890415040558,0.27725887222257806,0.2,0.2,Train004,10.0
100,4,1,6.944444444444444e-05,0.0,10.101522867338877,0.0,-10.100136365463523,0.16736080309180512,10.101522867338877,3.1411293561992792,0.0,0.0,-1.000088900581841e-12,0,0,1.0,6.944444444444444e-05,0.0,8.737498329828204,0.0,-8.73492205578802,0.2066757438338594,8.737498329828204,1.7685645895130295,2.2204460492503132e-17,0.0,-1.000088900581841e-12,0.0,0.0,Train004,10.0
100,5,1,6.944444444444444e-05,0.0,3.1837865792501225,0.0,-3.1837865792501225,0.0,3.1837865792501225,1.3539755094039974,0.0,0.0,-1.000088900581841e-12,0,0,1.0,6.944444444444444e-05,0.0,1.2464351215119691,0.0,-1.2464351215119691,0.0,1.2464351215119691,6.367573158500245,0.0,0.0,-1.000088900581841e-12,0.0,0.0,Train004,10.0
101,0,1,6.944444444444444e-05,0.0,11.576380057223723,0.0,-11.574029660338866,-0.23326519432463955,11.576380057223723,-6.429485582381584,0.0,0.0,-1.000088900581841e-12,0,0,0.6,4.1666666666666665e-05,0.0,7.159288326943296,0.0,-7.15856296024335,-0.0656540219328158,7.159288326943296,4.425048714005915,0.0,0.0,-6.000533403491046e-13,0.2,0.2,Train004,10.0
101,1,3,0.00020833333333333335,0.0,5.158780241501115,0.9842727848059165,-2.3704597396735876,0.5399479490285315,2.4311773207796854,-2.3600119615375537,0.6505266985300686,32.06153103369991,1.0986122886651097,0,0,3.0,0.00020833333333333335,0.0,4.6937577056910245,1.2345378235232354,-2.1299168305866085,0.3980815924188298,2.16888577602502,1.6486023730015809,0.6640606554184642,30.208311062786986,1.0986122886651097,0.0,0.0,Train004,10.0
101,2,3,0.00020833333333333335,0.0,9.643869167776176,1.516678995318155,-9.633858129138213,0.05788188053102761,9.634032009727612,-5.339128864570109,0.0011185230224308729,21.528668398385104,1.0986122886651097,0,0,3.0,0.00020833333333333335,0.0,9.217331154253054,1.0089348448377191,-9.21210159770976,-0.014525585178860951,9.212385590389967,0.7900555229641147,0.0005468399157377401,20.8955018715093,1.0986122886651097,0.0,0.0,Train004,10.0
101,3,1,6.944444444444444e-05,0.0,9.197273677376938,0.0,9.180484324706233,-0.5554733660526069,9.197273677376938,-5.435509676021262,1.1102230246251565e-16,0.0,-1.000088900581841e-12,0,0,1.4,9.722222222222222e-05,0.0,9.079093937041344,0.5320748293468252,5.144398451350723,-0.027721162107188425,6.263783085030928,1.4017358801180264,0.3715911272576272,16.427890415040558,0.27725887222257806,0.2,0.2,Train004,10.0
101,4,1,6.944444444444444e-05,0.0,9.6154709132309,0.0,-9.614279479863335,0.15136368873769482,9.6154709132309,-4.860519541079764,1.1102230246251565e-16,0.0,-1.000088900581841e-12,0,0,1.0,6.944444444444444e-05,0.0,8.932011234483975,0.0,-8.929920745690955,0.18692138840317177,8.932011234483975,1.9451290465576956,4.4408920985006264e-17,0.0,-1.000088900581841e-12,0.0,0.0,Train004,10.0
101,5,1,6.944444444444444e-05,0.0,2.79980977746224,0.0,-2.79980977746224,0.0,2.79980977746224,-3.839768017878824,0.0,0.0,-1.000088900581841e-12,0,0,1.0,6.944444444444444e-05,0.0,1.806397077004417,0.0,-1.806397077004417,0.0,1.806397077004417,5.59961955492448,0.0,0.0,-1.000088900581841e-12,0.0,0.0,Train004,10.0
102,0,1,6.944444444444444e-05,0.0,10.67144811019362,0.0,-10.668658933814907,-0.24396992127378786,10.67144811019362,-9.049319470301036,0.0,0.0,-1.000088900581841e-12,0,0,0.8,5.555555555555556e-05,0.2,9.29357794898202,0.0,-9.292294747006332,-0.11444800618757336,9.293577948982021,2.615184819945708,0.0,0.0,-8.000711204654728e-13,0.2,0.0,Train004,10.0
102,1,3,0.00020833333333333335,0.0,4.772783877682843,0.8908511887656219,-2.194335356279124,0.5049949664631573,2.2516943780117575,-3.8599636381827183,0.6493714219215152,32.16899142277354,1.0986122886651097,0,0,3.0,0.00020833333333333335,0.0,4.839237440902542,1.1100603916596943,-2.2080854837696804,0.4550985692692634,2.2558546383206757,1.4547973521151725,0.6582884382421886,30.998650867036407,1.0986122886651097,0.0,0.0,Train004,10.0
102,2,3,0.00020833333333333335,0.0,8.890511428605828,1.4327275152675099,-8.880637118506813,0.05780471672462897,8.880825244079325,-7.533577391703468,0.0011975842402940362,21.57345909855013,1.0986122886651097,0,0,3.0,0.00020833333333333335,0.0,9.292272650108979,1.2091072086622887,-9.285326441055151,0.016672747787883958,9.285534836209811,0.7494149585592395,0.0007696591801554353,21.16260994569206,1.0986122886651097,0.0,0.0,Train004,10.0
102,3,1,6.944444444444444e-05,0.0,8.424633874463384,0.0,8.407708780006823,-0.533749931477364,8.424633874463384,-7.726398029135542,1.1102230246251565e-16,0.0,-1.000088900581841e-12,0,0,1.2,8.333333333333333e-05,-0.2,8.978426207629514,0.26002130136801815,7.096623375669779,-0.262159614822155,7.649421166406684,1.5935357195618844,0.185728233723332,8.212523510944289,0.13862943611078898,0.0,0.2,Train004,10.0
102,4,1,6.944444444444444e-05,0.0,8.880363943570085,0.0,-8.879308720667186,0.13689562937983266,8.880363943570085,-7.351069696608157,0.0,0.0,-1.000088900581841e-12,0,0,1.0,6.944444444444444e-05,0.0,9.121192802381463,0.0,-9.119536426816724,0.16905480401575,9.121192802381463,1.8918156789749054,2.2204460492503132e-17,0.0,-1.000088900581841e-12,0.0,0.0,Train004,10.0
102,5,1,6.944444444444444e-05,0.0,2.385860219184048,0.0,-2.385860219184048,0.0,2.385860219184048,-4.139495582781922,0.0,0.0,-1.000088900581841e-12,0,0,1.0,6.944444444444444e-05,0.0,2.2835691208412268,0.0,-2.2835691208412268,0.0,2.2835691208412268,4.771720438368096,0.0,0.0,-1.000088900581841e-12,0.0,0.0,Train004,10.0
103,0,1,6.944444444444444e-05,0.0,9.728792709554765,0.0,-9.725994691906074,-0.23331274826041692,9.728792709554765,-9.426554006388539,0.0,0.0,-1.000088900581841e-12,0,0,1.0,6.944444444444444e-05,0.2,11.239336490892972,0.0,-11.237493685387546,-0.16111055583965675,11.239336490892972,0.729874018668,0.0,0.0,-1.000088900581841e-12,0.2,0.0,Train004,10.0
103,1,3,0.00020833333333333335,0.0,4.357370091166586,0.806325856192209,-2.0041583758072608,0.4630616923408306,2.056958173184849,-4.154137865162573,0.6488894555828916,32.18930059151237,1.0986122886651097,0,0,3.0,0.00020833333333333335,0.0,4.969487104815689,0.9964118774641054,-2.281638385551644,0.5074561481183711,2.337501157486967,1.302496639131458,0.6525231249578033,31.782971628737567,1.0986122886651097,0.0,0.0,Train004,10.0
103,2,3,0.00020833333333333335,0.0,8.10534726979944,1.3192250630404967,-8.096095663912243,0.05437313657068377,8.096278246033737,-7.851641588063875,0.0012311518844204672,21.587279427966845,1.0986122886651097,0,0,3.0,0.00020833333333333335,0.0,9.361392684827187,1.3956852660936527,-9.352838318272358,0.04615184005927701,9.352971703119426,0.6912003471820908,0.0009993964029139102,21.43260042721958,1.0986122886651097,0.0,0.0,Train004,10.0
103,3,1,6.944444444444444e-05,0.0,7.631124180738354,0.0,7.615202612822127,-0.4926920209589958,7.631124180738354,-7.935096937250297,0.0,0.0,-1.000088900581841e-12,0,0,1.0,6.944444444444444e-05,-0.2,8.89190120510105,0.0,8.878368484547256,-0.4772443492968471,8.89190120510105,1.7349629883955395,4.4408920985006264e-17,0.0,-1.000088900581841e-12,0.0,0.2,Train004,10.0
103,4,1,6.944444444444444e-05,0.0,8.102131703526565,0.0,-8.10118566040194,0.1238104881997791,8.102131703526565,-7.782322400435202,1.1102230246251565e-16,0.0,-1.000088900581841e-12,0,0,1.0,6.944444444444444e-05,0.0,9.297379871877075,0.0,-9.296114132966583,0.1528958260800838,9.297379871877075,1.7618706949561123,4.4408920985006264e-17,0.0,-1.000088900581841e-12,0.0,0.0,Train004,10.0
103,5,1,6.944444444444444e-05,0.0,2.0335572609296837,0.0,-2.0335572609296837,0.0,2.0335572609296837,-3.523029582543642,0.0,0.0,-1.000088900581841e-12,0,0,1.0,6.944444444444444e-05,0.0,2.6902805730271635,0.0,-2.6902805730271635,0.0,2.6902805730271635,4.067114521859367,0.0,0.0,-1.000088900581841e-12,0.0,0.0,Train004,10.0
104,0,1,6.944444444444444e-05,0.0,12.36069932162877,0.0,-12.36044894612245,0.07867382038728943,12.36069932162877,26.319066120740047,1.1102230246251565e-16,0.0,-1.000088900581841e-12,0,0,1.0,6.944444444444444e-05,0.0,11.311329762812552,0.0,-11.30947520464513,-0.15893888416168536,11.311329762812552,0.7199327191957863,2.2204460492503132e-17,0.0,-1.000088900581841e-12,0.0,0.0,Train004,10.0
104,1,3,0.00020833333333333335,0.0,6.3553228872637275,0.8118577853323358,-2.8004572564118937,0.8147796680294873,2.9165779181129845,19.979527960971424,0.6403144879926026,35.54575454703896,1.0986122886651097,0,0,3.0,0.00020833333333333335,0.0,5.207807707053829,0.9163978610118784,-2.369171951280646,0.5743083127550859,2.438585583251882,2.3832060223814038,0.6484907399355551,32.737442287517155,1.0986122886651097,0.0,0.0,Train004,10.0
104,2,4,0.0002777777777777778,1.0,7.283168504694176,4.353415645179491,-7.277473838965069,0.11112067198067285,7.278322147347039,16.055440697927946,0.5005282391807964,26.134514694332243,1.3862943611158907,1,0,3.2,0.00022222222222222223,0.2,8.82013568502176,2.0247370646850507,-8.811403840050192,0.06589214261072732,8.811705341847354,-0.5571243282581421,0.1010017520057307,22.445376836464362,1.156148703155266,0.2,0.0,Train004,10.0
104,3,1,6.944444444444444e-05,0.0,11.572353186636077,0.0,11.547384890181755,-0.7597765949594895,11.572353186636077,39.412290058977234,0.0,0.0,-1.000088900581841e-12,0,0,1.0,6.944444444444444e-05,0.0,9.313241912838764,0.0,9.295604979000103,-0.5711748236511662,9.313241912838762,4.213407077377135,4.4408920985006264e-17,0.0,-1.000088900581841e-12,0.0,0.0,Train004,10.0
104,4,1,6.944444444444444e-05,0.0,9.718786086355687,0.0,-9.710280334972682,0.406520366751445,9.718786086355687,16.166543828291218,0.0,0.0,-1.000088900581841e-12,0,0,1.0,6.944444444444444e-05,0.0,9.283655102804422,0.0,-9.281038112273734,0.19719019523211137,9.283655102804422,-0.13724769072652593,4.4408920985006264e-17,0.0,-1.000088900581841e-12,0.0,0.0,Train004,10.0
104,5,1,6.944444444444444e-05,0.0,5.355178248048782,0.0,-5.355178248048782,0.0,5.355178248048782,33.21620987119098,0.0,0.0,-1.000088900581841e-12,0,0,1.0,6.944444444444444e-05,0.0,3.151638416974975,0.0,-3.151638416974975,0.0,3.151638416974975,4.613578439478118,0.0,0.0,-1.000088900581841e-12,0.0,0.0,Train004,10.0
105,0,1,6.944444444444444e-05,0.0,12.547855095624707,0.0,-12.54653067185747,0.1823063381636944,12.547855095624707,1.8715577399593641,0.0,0.0,-1.000088900581841e-12,0,0,1.0,6.944444444444444e-05,0.0,11.377035058845117,0.0,-11.375132580807954,-0.0899135410615721,11.377035058845118,0.657052960325651,2.2204460492503132e-17,0.0,-1.000088900581841e-12,0.0,0.0,Train004,10.0
105,1,3,0.00020833333333333335,0.0,6.674446216951803,0.9844285608507423,-2.9121697205943113,0.888682476733428,3.044747777074385,3.1912332968807475,0.6383878466301811,36.616359792680605,1.0986122886651097,0,0,3.0,0.00020833333333333335,0.0,5.4637406629132155,0.8955472351893651,-2.4563160897532357,0.6422933505190869,2.5402311134327324,2.5593295585938645,0.6454979821314518,33.71638747754107,1.0986122886651097,0.0,0.0,Train004,10.0
105,2,4,0.0002777777777777778,0.0,7.27271130965747,4.350880251929281,-7.267063400447069,0.128984853153723,7.268208001870915,-0.10457195036706501,0.5004769242895868,26.22453511509343,1.3862943611158907,0,0,3.4,0.00023611111111111112,0.2,8.23912153610662,2.594585494146987,-8.23102563019388,0.08203305179214729,8.231533129811726,-0.9546958193553149,0.20091048452350568,23.40969134686555,1.2136851176454222,0.2,0.0,Train004,10.0
105,3,1,6.944444444444444e-05,0.0,12.20347136800076,0.0,12.176954083497048,-0.8040539024337096,12.20347136800076,6.311181813646822,0.0,0.0,-1.000088900581841e-12,0,0,1.0,6.944444444444444e-05,0.0,9.805771257443102,0.0,9.785546938242797,-0.6291491631764331,9.805771257443102,4.9252934460433915,4.4408920985006264e-17,0.0,-1.000088900581841e-12,0.0,0.0,Train004,10.0
105,4,1,6.944444444444444e-05,0.0,9.708561428894505,0.0,-9.696654665276224,0.48068006095005766,9.708561428894505,-0.10224657461181508,0.0,0.0,-1.000088900581841e-12,0,0,1.0,6.944444444444444e-05,0.0,9.205062815115548,0.0,-9.200341772236273,0.2598540468037619,9.205062815115548,-0.7859228768887447,4.4408920985006264e-17,0.0,-1.000088900581841e-12,0.0,0.0,Train004,10.0
105,5,1,6.944444444444444e-05,0.0,5.914472426357102,0.0,-5.914472426357102,0.0,5.914472426357102,5.592941783083196,0.0,0.0,-1.000088900581841e-12,0,0,1.0,6.944444444444444e-05,0.0,3.6977755863963706,0.0,-3.6977755863963706,0.0,3.6977755863963706,5.461371694213957,0.0,0.0,-1.000088900581841e-12,0.0,0.0,Train004,10.0
106,0,1,6.944444444444444e-05,0.0,11.873818113919283,0.0,-11.872004376801764,0.20752994877236228,11.873818113919283,-6.740369817054237,0.0,0.0,-1.000088900581841e-12,0,0,1.0,6.944444444444444e-05,0.0,11.436522670184228,0.0,-11.434727524100534,-0.0017545124421717352,11.436522670184228,0.5948761133911205,2.2204460492503132e-17,0.0,-1.000088900581841e-12,0.0,0.0,Train004,10.0
106,1,3,0.00020833333333333335,0.0,6.391681499832244,0.9994650327561383,-2.779584869009908,0.8618938621900821,2.910146572547466,-2.8276471711955833,0.6377306512131253,36.67836904698066,1.0986122886651097,0,0,3.0,0.00020833333333333335,0.0,5.710320914579441,0.8985856847794095,-2.5381411156205,0.7066825331513971,2.6360249637862885,2.465802516662259,0.6429387726680632,34.63975508019722,1.0986122886651097,0.0,0.0,Train004,10.0
106,2,4,0.0002777777777777778,0.0,6.840734903214688,4.096267813863141,-6.835352128932683,0.12758593687316386,6.836542759157757,-4.3197640644278135,0.5004656365722835,26.25414262380435,1.3862943611158907,0,0,3.6,0.00025,0.2,7.67849468319432,3.110503257855984,-7.671324430152775,0.09597386306057452,7.672035279697755,-0.7508228593268557,0.30077990723347625,24.354786191949398,1.2712215321355784,0.2,0.0,Train004,10.0
106,3,1,6.944444444444444e-05,0.0,11.672785972870148,0.0,11.647360876690932,-0.7700110236636304,11.672785972870148,-5.30685395130611,1.1102230246251565e-16,0.0,-1.000088900581841e-12,0,0,1.0,6.944444444444444e-05,0.0,10.300873716541744,0.0,10.278922248639738,-0.6720566946986378,10.300873716541744,4.951024590986422,4.4408920985006264e-17,0.0,-1.000088900581841e-12,0.0,0.0,Train004,10.0
106,4,1,6.944444444444444e-05,0.0,9.133229666232019,0.0,-9.12070750949097,0.4780990090511299,9.133229666232019,-5.753317626624863,0.0,0.0,-1.000088900581841e-12,0,0,1.0,6.944444444444444e-05,0.0,9.108614565715772,0.0,-9.1016273781618,0.3252011108664489,9.108614565715772,-0.9644824939977645,2.2204460492503132e-17,0.0,-1.000088900581841e-12,0.0,0.0,Train004,10.0
106,5,1,6.944444444444444e-05,0.0,5.6258422262793495,0.0,-5.6258422262793495,0.0,5.6258422262793495,-2.886302000777521,0.0,0.0,-1.000088900581841e-12,0,0,1.0,6.944444444444444e-05,0.0,4.262982076159792,0.0,-4.262982076159792,0.0,4.262982076159792,5.652064897634219,0.0,0.0,-1.000088900581841e-12,0.0,0.0,Train004,10.0
107,0,1,6.944444444444444e-05,0.0,10.940464412839084,0.0,-10.938561238689488,0.20405782523189936,10.940464412839084,-9.333537010801987,0.0,0.0,-1.000088900581841e-12,0,0,1.0,6.944444444444444e-05,0.0,11.490325930713322,0.0,-11.488707985075449,0.08785103685896571,11.490325930713322,0.5380326052909303,2.2204460492503132e-17,0.0,-1.000088900581841e-12,0.0,0.0,Train004,10.0
107,1,3,0.00020833333333333335,0.0,5.916785114559502,0.9472040199048853,-2.569963010445379,0.8017722688913924,2.69212716011349,-4.7489638527274165,0.6374747563419698,36.69101024904585,1.0986122886651097,0,0,3.0,0.00020833333333333335,0.0,5.939121161954772,0.9098562510072622,-2.613266646453751,0.7660379936370441,2.724111520206635,2.288002473753319,0.6405594395521541,35.54415884545169,1.0986122886651097,0.0,0.0,Train004,10.0
107,2,3,0.00020833333333333335,-1.0,5.6872295331866765,4.180547496980345,-5.683472747509448,0.0346160893656674,5.683578163914486,-4.838033580757684,0.6671065126795996,33.13364307354079,1.0986122886651097,0,1,3.6,0.00025,0.0,7.037838304110491,3.660067254198551,-7.031891555953303,0.09133613758878222,7.032585863664787,-0.21171409713769887,0.43396169292133735,26.666822986947533,1.2712215321355784,0.2,0.2,Train004,10.0
107,3,1,6.944444444444444e-05,0.0,10.781281391789088,0.0,10.757776237804972,-0.7115327583859866,10.781281391789088,-8.9150458108106,0.0,0.0,-1.000088900581841e-12,0,0,1.0,6.944444444444444e-05,0.0,10.772203220006885,0.0,10.748935740199366,-0.7076132600803623,10.772203220006885,4.71329503465141,2.2204460492503132e-17,0.0,-1.000088900581841e-12,0.0,0.0,Train004,10.0
107,4,1,6.944444444444444e-05,0.0,8.395566346298269,0.0,-8.383549260028904,0.44903906262693916,8.395566346298269,-7.376633199337501,1.1102230246251565e-16,0.0,-1.000088900581841e-12,0,0,1.0,6.944444444444444e-05,0.0,9.01165504626141,0.0,-9.002475486034145,0.3876297975158702,9.01165504626141,-0.9695951945436334,4.4408920985006264e-17,0.0,-1.000088900581841e-12,0.0,0.0,Train004,10.0
107,5,2,0.0001388888888888889,1.0,6.602933636263012,1.4868091455842176,-6.598597338046373,0.18724511666733923,6.601253484254975,-6.349079464123717,0.0002680480442716071,74.49912282434619,0.6931471805579453,1,0,1.2,8.333333333333334e-05,0.2,5.106396759575587,0.2973618291168435,-5.105529499932258,0.03744902333346785,5.106060729173978,5.210148121365859,5.360960885432142e-05,14.899824564869238,0.13862943611078898,0.2,0.0,Train004,10.0
108,0,1,6.944444444444444e-05,0.0,9.972081656805655,0.0,-9.970255547225769,0.19083210687300042,9.972081656805655,-9.683827560334297,1.1102230246251565e-16,0.0,-1.000088900581841e-12,0,0,1.0,6.944444444444444e-05,0.0,11.5389837201635,0.0,-11.537560156139389,0.1726800078856492,11.5389837201635,0.48657789450177874,4.4408920985006264e-17,0.0,-1.000088900581841e-12,0.0,0.0,Train004,10.0
108,1,3,0.00020833333333333335,0.0,5.4032602015864795,0.8735103961250671,-2.345916375175128,0.7336415868770815,2.4579572041250706,-5.1352491297302345,0.6373699682963051,36.685735096026654,1.0986122886651097,0,0,3.0,0.00020833333333333335,0.0,6.148299184038751,0.9232931589938337,-2.681618246327324,0.8201539725442941,2.8043113263946795,2.0917802208397864,0.6382555420948368,36.44344574635455,1.0986122886651097,0.0,0.0,Train004,10.0
108,2,3,0.00020833333333333335,0.0,5.184307670044324,3.8108007436640317,-5.18093475551395,0.031325042429679095,5.181029453610123,-5.029218631423531,0.6670998652768083,33.141935699704995,1.0986122886651097,0,0,3.6,0.00025,0.0,6.453630384159467,4.158382390323259,-6.448859374273643,0.08672651876058128,6.449536105180064,0.3527704941903698,0.5671354355998149,28.977754241295163,1.2712215321355784,0.2,0.2,Train004,10.0
108,3,1,6.944444444444444e-05,0.0,9.823194339552707,0.0,9.801769836184722,-0.6484251005934791,9.823194339552707,-9.580870522363814,0.0,0.0,-1.000088900581841e-12,0,0,1.0,6.944444444444444e-05,0.0,11.210617251769756,0.0,11.186249184871887,-0.738759876007259,11.210617251769756,4.384140317628707,2.2204460492503132e-17,0.0,-1.000088900581841e-12,0.0,0.0,Train004,10.0
108,4,1,6.944444444444444e-05,0.0,7.645008734619006,0.0,-7.633871921303259,0.4125021715562178,7.645008734619006,-7.505576116792625,0.0,0.0,-1.000088900581841e-12,0,0,1.0,6.944444444444444e-05,0.0,8.920230452479897,0.0,-8.909012738214406,0.4453681341871579,8.920230452479897,-0.914245937815118,2.2204460492503132e-17,0.0,-1.000088900581841e-12,0.0,0.0,Train004,10.0
108,5,2,0.0001388888888888889,0.0,5.968173588481976,1.3812444905009413,-5.964120717335363,0.17253932511800285,5.966615937837885,-6.3476004778103645,0.00027576537358986464,74.46629004874568,0.6931471805579453,0,0,1.4,9.722222222222222e-05,0.2,5.893320025086044,0.5736107272170318,-5.8916421912133945,0.07195688835706841,5.892672464555619,4.645233942312515,0.00010876268357229435,29.79308257461837,0.27725887222257806,0.2,0.0,Train004,10.0
109,0,1,6.944444444444444e-05,0.0,12.295846960509776,0.0,-12.28687837141547,0.4695448459095342,12.295846960509776,23.237653037041213,0.0,0.0,-1.000088900581841e-12,0,0,1.0,6.944444444444444e-05,0.0,11.526013247939702,0.0,-11.52284604119799,0.25085421299009814,11.526013247939702,-0.12970472223798807,2.2204460492503132e-17,0.0,-1.000088900581841e-12,0.0,0.0,Train004,10.0
109,1,3,0.00020833333333333335,0.0,6.967228226746439,0.26989522773947344,-2.227023857614318,0.7649636537993317,2.354740888933936,15.639680251599591,0.6522331337388192,38.86172004188834,1.0986122886651097,0,0,3.0,0.00020833333333333335,0.0,6.270680251935294,0.8149006474752613,-2.566931566567809,0.8101907696982631,2.6919439205588693,1.2238106789654197,0.64063927124408,37.10663884532442,1.0986122886651097,0.0,0.0,Train004,10.0
109,2,4,0.0002777777777777778,1.0,8.48952184641174,2.6269010663504604,-8.487896971968707,0.026253236757062502,8.487937572767354,27.63936574132769,0.0001590301912870462,26.7477033984383,1.3862943611158907,1,0,3.6,0.00025,0.0,6.6949010525029795,3.813079474557452,-6.690944000874372,0.0697530317158592,6.691459190264126,2.669555502870319,0.46706159380191303,29.10039198211637,1.2712215321355782,0.2,0.2,Train004,10.0
109,3,1,6.944444444444444e-05,0.0,11.890310283946379,0.0,11.89030227627532,0.013799540680243944,11.890310283946379,20.67115944393672,0.0,0.0,-1.000088900581841e-12,0,0,1.0,6.944444444444444e-05,0.0,11.274208671231815,0.0,11.254832662090598,-0.5840446488793124,11.274208671231815,0.6359141946206037,2.2204460492503132e-17,0.0,-1.000088900581841e-12,0.0,0.0,Train004,10.0
109,4,1,6.944444444444444e-05,0.0,9.282823065908637,0.0,-9.280366043669485,-0.21356537282955612,9.282823065908637,16.37814331289631,0.0,0.0,-1.000088900581841e-12,0,0,1.0,6.944444444444444e-05,0.0,8.833037848390488,0.0,-8.823029879953769,0.3213509862709577,8.833037848390488,-0.8719260408940996,2.2204460492503132e-17,0.0,-1.000088900581841e-12,0.0,0.0,Train004,10.0
109,5,1,6.944444444444444e-05,-1.0,8.919930696739941,0.0,-8.913296635237451,-0.3439574492698705,8.919930696739941,43.330015987589064,0.0,0.0,-1.000088900581841e-12,0,1,1.4,9.722222222222222e-05,0.0,6.606270514824277,0.5736107272170318,-6.6032658686511265,0.0031653985030943186,6.60562295429385,6.6679951655921315,0.00010876268357229435,29.79308257461837,0.27725887222257806,0.2,0.2,Train004,10.0
110,0,1,6.944444444444444e-05,0.0,12.378721683378151,0.0,-12.366998642315,0.5386047674458059,12.378721683378151,0.8287472286837527,1.1102230246251565e-16,0.0,-1.000088900581841e-12,0,0,1.0,6.944444444444444e-05,0.0,11.492186565490389,0.0,-11.486939635289499,0.3221138988465204,11.492186565490389,-0.33826682449311035,4.4408920985006264e-17,0.0,-1.000088900581841e-12,0.0,0.0,Train004,10.0
110,1,3,0.00020833333333333335,0.0,7.101898967501957,0.3229678634080855,-2.0547986637763263,0.7307476375966914,2.1808690145238256,1.3467074075551928,0.6548424962354915,39.67699794658118,1.0986122886651097,0,0,3.0,0.00020833333333333335,0.0,6.356170802045325,0.6826085079867299,-2.3954573552042118,0.7786038018709158,2.5191681680487577,0.8549055011003087,0.6439302011651422,37.71876647610454,1.0986122886651097,0.0,0.0,Train004,10.0
110,2,4,0.0002777777777777778,0.0,8.701837235337665,2.6161579901798815,-8.70042279746763,-0.004273395240979576,8.700423846951443,2.123153889259237,0.0001365240227330089,26.95059212189941,1.3862943611158907,0,0,3.6,0.00025,0.0,6.9807262376390184,3.4661350222075717,-6.977615880278483,0.0431013820369187,6.977902359280233,3.1151006707955795,0.36699351374854233,29.245603383477565,1.2712215321355782,0.2,0.2,Train004,10.0
110,3,1,6.944444444444444e-05,0.0,11.900699500541876,0.0,11.898250849366157,0.24140283294768144,11.900699500541876,0.10389216595497075,0.0,0.0,-1.000088900581841e-12,0,0,1.0,6.944444444444444e-05,0.0,11.213654297740039,0.0,11.199092015264421,-0.37495330180303416,11.213654297740039,-0.6055437349177666,2.2204460492503132e-17,0.0,-1.000088900581841e-12,0.0,0.0,Train004,10.0
110,4,1,6.944444444444444e-05,0.0,9.314439881874916,0.0,-9.305044923574444,-0.4182454821316048,9.314439881874916,0.31616815966279077,0.0,0.0,-1.000088900581841e-12,0,0,1.0,6.944444444444444e-05,0.0,8.754213538986571,0.0,-8.744707931613412,0.14156587765462522,8.754213538986571,-0.7882430940391785,2.2204460492503132e-17,0.0,-1.000088900581841e-12,0.0,0.0,Train004,10.0
110,5,1,6.944444444444444e-05,0.0,9.760592742013435,0.0,-9.750897414703472,-0.4349371027798117,9.760592742013435,8.406620452734934,0.0,0.0,-1.000088900581841e-12,0,0,1.4,9.722222222222222e-05,0.0,7.375494577955543,0.5736107272170318,-7.370550866320402,-0.08382202205286801,7.374847017425116,7.230730899522479,0.00010876268357229435,29.79308257461837,0.27725887222257806,0.2,0.2,Train004,10.0
111,0,0,0.0,-1.0,0.0,0.0,0.0,0.0,0.0,0.0,0.0,0.0,0.0,0,1,0.8,5.555555555555556e-05,-0.2,9.117422942706533,0.0,-9.112538759929146,0.28060790909204797,9.117422942706535,1.009807138917737,4.4408920985006264e-17,0.0,-8.000711204654728e-13,0.0,0.2,Train004,10.0
111,1,3,0.00020833333333333335,0.0,6.730305066196568,0.3688773183805748,-1.8741104923250258,0.6758107904161049,1.9922375264725818,-3.7159390130538985,0.6556844442745671,39.971725306660545,1.0986122886651097,0,0,3.0,0.00020833333333333335,0.0,6.423895515318189,0.5564909651116172,-2.2143624798672352,0.7413871875161204,2.335586358833781,0.6772471327286456,0.6475209597774305,38.37743772804052,1.0986122886651097,0.0,0.0,Train004,10.0
111,2,4,0.0002777777777777778,0.0,8.181845016133055,2.5990955262782225,-8.18050429042141,-0.014615129881249411,8.180517345964407,-5.199922192046098,0.0001351422999600338,27.029161209321643,1.3862943611158907,0,0,3.6,0.00025,0.0,7.248948260222693,3.166700564690588,-7.246646312576229,0.014661168686036046,7.246697276641562,2.939069045271922,0.26692741489407756,29.400607100581027,1.2712215321355784,0.2,0.2,Train004,10.0
111,3,2,0.0001388888888888889,1.0,11.436384126852559,0.24196397808601233,-0.2380142503327214,0.41821040876470017,0.48119718345038653,-7.0332646510745445,0.9636221718666035,28.460505771314608,0.6931471805579453,1,0,1.2,8.333333333333333e-05,0.2,11.16637392853652,0.048392795617202465,8.822016989859689,-0.137309015317368,8.975336539856086,-0.9508258748714535,0.1927244343733207,5.692101154262922,0.13862943611078898,0.2,0.0,Train004,10.0
111,4,1,6.944444444444444e-05,0.0,8.777765822353288,0.0,-8.76545982926073,-0.4646362165070257,8.777765822353288,-5.366740595216282,1.1102230246251565e-16,0.0,-1.000088900581841e-12,0,0,1.0,6.944444444444444e-05,0.0,8.683120770210824,0.0,-8.673658395567363,-0.0469811674570059,8.683120770210824,-0.7109276877574622,4.4408920985006264e-17,0.0,-1.000088900581841e-12,0.0,0.0,Train004,10.0
111,5,1,6.944444444444444e-05,0.0,9.403796670957032,0.0,-9.393640880777042,-0.4369242860002897,9.403796670957032,-3.5679607105640265,0.0,0.0,-1.000088900581841e-12,0,0,1.4,9.722222222222223e-05,0.0,8.13108546689108,0.5736107272170318,-8.124110597219941,-0.17120687925292594,8.130437906360653,7.094399157565178,0.00010876268357229435,29.79308257461837,0.27725887222257806,0.2,0.2,Train004,10.0
112,0,0,0.0,0.0,0.0,0.0,0.0,0.0,0.0,0.0,0.0,0.0,0.0,0,0,0.6,4.1666666666666665e-05,-0.2,6.9293300601387156,0.0,-6.924826512191248,0.23979634404566813,6.9293300601387156,2.8765145410781345,4.4408920985006264e-17,0.0,-6.000533403491046e-13,0.0,0.2,Train004,10.0
112,1,3,0.00020833333333333335,0.0,6.204793780033675,0.3661047694661754,-1.7010840378251997,0.6169239423137419,1.8094977353795207,-5.255112861628926,0.6560061237393942,40.06840553289043,1.0986122886651097,0,0,3.0,0.00020833333333333335,0.0,6.4814972484130235,0.4402711150238752,-2.0405866853431993,0.7044175222005903,2.1590604738869867,0.5760173309483436,0.6512272332569153,39.052916784809426,1.0986122886651097,0.0,0.0,Train004,10.0
112,2,4,0.0002777777777777778,0.0,7.4808328378789195,2.506764532076581,-7.47958566451341,-0.017342990335026308,7.479605771169244,-7.010121782541352,0.0001355380065315437,27.056997411797234,1.3862943611158907,0,0,3.8,0.0002638888888888889,0.2,7.607668921161141,2.8319439717098356,-7.605868895977021,0.0042693527458973046,7.605902798092515,2.504651404915189,0.133533219959464,28.185277968232317,1.3287579466257344,0.2,0.0,Train004,10.0
112,3,2,0.0001388888888888889,0.0,10.51539677373411,0.23195799719008203,-0.22854204554993718,0.4032146675026984,0.4634798104270144,-9.209873531184494,0.9618314967008658,28.52837263133728,0.6931471805579453,0,0,1.4,9.722222222222222e-05,0.2,11.113197004925526,0.09478439505521888,6.624753333188709,0.08564046986036897,6.911776223583672,-1.0097914189462323,0.38509073371349384,11.397775680530378,0.27725887222257806,0.2,0.0,Train004,10.0
112,4,1,6.944444444444444e-05,0.0,8.074585006301657,0.0,-8.061847449941501,-0.45336378093452284,8.074585006301657,-7.031808160516313,1.1102230246251565e-16,0.0,-1.000088900581841e-12,0,0,1.0,6.944444444444444e-05,0.0,8.618924502211502,0.0,-8.609318033549883,-0.22746173616929827,8.618924502211502,-0.6419626799932245,4.4408920985006264e-17,0.0,-1.000088900581841e-12,0.0,0.0,Train004,10.0
112,5,1,6.944444444444444e-05,0.0,8.680650264852133,0.0,-8.670982556031511,-0.40957359982624997,8.680650264852133,-7.231464061048989,0.0,0.0,-1.000088900581841e-12,0,0,1.2,8.333333333333333e-05,-0.2,8.546628792608903,0.27624889810018827,-8.538587640816967,-0.2905706225516438,8.546317262480084,6.917922238180123,5.515307471797293e-05,14.893258009749136,0.13862943611078898,0.0,0.2,Train004,10.0
113,0,0,0.0,0.0,0.0,0.0,0.0,0.0,0.0,0.0,0.0,0.0,0.0,0,0,0.4,2.777777777777778e-05,-0.2,4.934913728777585,0.0,-4.930775402746095,0.201629922671068,4.934913728777586,4.813280053144994,2.2204460492503132e-17,0.0,-4.000355602327364e-13,0.0,0.2,Train004,10.0
113,1,3,0.00020833333333333335,0.0,5.656837776745547,0.3438437318574769,-1.5408845863571594,0.5601383134722183,1.6395365926665302,-5.479560032881275,0.6561368913817225,40.09065932959803,1.0986122886651097,0,0,3.0,0.00020833333333333335,0.0,6.5322127634448375,0.3343377821703572,-1.8795803275796057,0.6697168675196177,1.9953763515952787,0.507155150318136,0.654980617873999,39.73390163152371,1.0986122886651097,0.0,0.0,Train004,10.0
113,2,4,0.0002777777777777778,0.0,6.774176601772143,2.3661573886068026,-6.773033707930861,-0.017267956903435078,6.773055720360146,-7.066562361067767,0.00013585567781038144,27.06453739742669,1.3862943611158907,0,0,4.0,0.0002777777777777778,0.2,7.925642707506704,2.5430153006983898,-7.924288686460405,-0.005449247120725529,7.92430805144252,2.097182658986342,0.0001404180396644028,26.96979830777666,1.3862943611158907,0.2,0.0,Train004,10.0
113,3,2,0.0001388888888888889,0.0,9.574034573195094,0.2171301309038558,-0.2141089852201894,0.3741701986758641,0.43109859096169045,-9.413622005390154,0.9610904919137513,28.541103906448978,0.6931471805579453,0,0,1.6,0.00011111111111111112,0.2,11.063365051654003,0.13821042123599003,4.621577568907726,0.2901595297142376,5.033357073865469,-0.9763417155515004,0.5773088320962441,17.105996461820173,0.4158883083343672,0.2,0.0,Train004,10.0
113,4,1,6.944444444444444e-05,0.0,7.354921789254254,0.0,-7.342762513352929,-0.4227448385799447,7.354921789254254,-7.196632170474029,0.0,0.0,-1.000088900581841e-12,0,0,1.0,6.944444444444444e-05,0.0,8.560907113138551,0.0,-8.551096151959818,-0.39451113819653083,8.560907113138551,-0.5801738907295053,4.4408920985006264e-17,0.0,-1.000088900581841e-12,0.0,0.0,Train004,10.0
113,5,1,6.944444444444444e-05,0.0,7.887709782805946,0.0,-7.878816613666943,-0.3744521143996929,7.887709782805946,-7.929404820461867,0.0,0.0,-1.000088900581841e-12,0,0,1.0,6.944444444444444e-05,-0.2,8.930536031473697,0.0,-8.921526820083283,-0.39996891045518296,8.930536031473697,6.601561369649824,0.0,0.0,-1.000088900581841e-12,0.0,0.2,Train004,10.0
114,0,1,6.944444444444444e-05,1.0,12.113451639852494,0.0,-12.112855504159374,0.12017556490839243,12.113451639852494,23.22286935753544,0.0,0.0,-1.000088900581841e-12,1,0,0.4,2.777777777777778e-05,0.0,4.898434664646129,0.0,-4.895970829294875,0.13175606647083965,4.898434664646129,4.8103233172438395,2.2204460492503132e-17,0.0,-4.000355602327364e-13,0.2,0.2,Train004,10.0
114,1,2,0.0001388888888888889,-1.0,6.944720723859191,0.27258075109861846,-6.930637104319903,0.19632178609051518,6.933417116795263,15.309132724373505,0.001630168093736395,36.87894799239952,0.6931471805579453,0,1,2.8,0.00019444444444444446,-0.2,6.5277112628673875,0.3348748868421862,-2.820302976920723,0.5559884939778543,2.9111115971675443,0.44104564487291853,0.5248600247449823,39.33734722162594,1.0175192670436768,0.0,0.2,Train004,10.0
114,2,5,0.00034722222222222224,1.0,8.955508489534102,2.4798557287876255,-5.409385221817575,-0.08524269016777374,5.410056819872174,23.07587522637794,0.40246256646134226,26.76754684659334,1.6094379124291003,1,0,4.2,0.00029166666666666664,0.2,8.018840036131177,2.513606233185823,-7.308586336430177,-0.027748432505692776,7.308731900863483,1.1844845559963915,0.08060112529367544,26.973766997407665,1.4309230713785326,0.2,0.0,Train004,10.0
114,3,2,0.0001388888888888889,0.0,10.528679015092134,0.9204482883886058,0.919211314554147,-0.061231777055966385,0.9212484851145181,21.727658993193877,0.9963398444308822,85.49560584897154,0.6931471805579453,1,1,1.8,0.000125,0.2,10.791038797883155,0.3223000789137112,2.4273593765634915,0.27515326616699554,2.8395447140990973,-0.7650418057000692,0.7765768009824205,34.20511763161448,0.5545177444461562,0.4,0.2,Train004,10.0
114,4,0,0.0,-1.0,0.0,0.0,0.0,0.0,0.0,0.0,0.0,0.0,0.0,0,1,0.8,5.555555555555556e-05,-0.2,6.704342499956823,0.0,-6.69502294322592,-0.3517980636306196,6.704342499956823,-3.8558025533087674,4.4408920985006264e-17,0.0,-8.000711204654728e-13,0.0,0.2,Train004,10.0
114,5,1,6.944444444444444e-05,0.0,8.67704093142766,0.0,-8.676997694635858,-0.027392206099508612,8.67704093142766,7.893311486217138,0.0,0.0,-1.000088900581841e-12,0,0,1.0,6.944444444444444e-05,0.0,8.881958078411241,0.0,-8.874267031962965,-0.33665586182111057,8.881958078411241,-0.48577953062456203,0.0,0.0,-1.000088900581841e-12,0.0,0.0,Train004,10.0
115,0,1,6.944444444444444e-05,0.0,12.208670417646548,0.0,-12.208669949611728,-0.003380556981230822,12.208670417646548,0.9521877779405408,0.0,0.0,-1.000088900581841e-12,0,0,0.4,2.777777777777778e-05,0.0,4.864424411499809,0.0,-4.86430509075422,0.02335900158543232,4.864424411499809,4.835011427095197,0.0,0.0,-4.000355602327364e-13,0.2,0.2,Train004,10.0
115,1,2,0.0001388888888888889,0.0,7.074129311427226,0.35122172533687523,-7.064537151165438,0.06501039609206782,7.064836269284429,1.294085875680362,0.001316914183991269,36.634638488004754,0.6931471805579453,0,0,2.6,0.00018055555555555557,-0.2,6.5221573316524415,0.34052565922794414,-3.822250674398545,0.42284104567692965,3.887905048119665,0.4305213384979524,0.3941549083346823,38.72887532991065,0.936426245422244,0.0,0.2,Train004,10.0
115,2,5,0.00034722222222222224,0.0,9.192445595431316,2.5716638551136173,-5.472972417212041,-0.1341031135000667,5.474615121139953,2.3693710589721384,0.40345268597584827,26.414539165306316,1.6094379124291003,0,0,4.4,0.00030555555555555555,0.2,8.116961708149907,2.50470740617257,-6.663096260379059,-0.0537143761575102,6.663570155701184,1.2337279899389717,0.1612643576842985,26.866556406089046,1.4755517816411747,0.2,0.0,Train004,10.0
115,3,2,0.0001388888888888889,0.0,10.668180455420881,0.8341025403108944,0.8324591850602792,-0.055983449431414783,0.8343395240556832,1.395014403287469,0.9981303685817596,83.05066328926291,0.6931471805579453,0,0,2.0,0.0001388888888888889,0.2,10.544534988858956,0.48912058697589006,0.21420104370231563,0.21567600969117634,0.6262727188018585,-0.5068173582335689,0.9762028746987724,50.815250289467066,0.6931471805579453,0.4,0.2,Train004,10.0
115,4,0,0.0,0.0,0.0,0.0,0.0,0.0,0.0,0.0,0.0,0.0,0.0,0,0,0.6,4.1666666666666665e-05,-0.2,4.84145452358184,0.0,-4.834013958511032,-0.26814896720429865,4.84145452358184,-3.9190361852413256,4.4408920985006264e-17,0.0,-6.000533403491046e-13,0.0,0.2,Train004,10.0
115,5,1,6.944444444444444e-05,0.0,8.414476973682627,0.0,-8.413965656131628,0.09276140400298508,8.414476973682627,-2.625639577450336,1.1102230246251565e-16,0.0,-1.000088900581841e-12,0,0,1.0,6.944444444444444e-05,0.0,8.61273492474508,0.0,-8.606880680248597,-0.23111616046455122,8.61273492474508,-2.692231536661616,2.2204460492503132e-17,0.0,-1.000088900581841e-12,0.0,0.0,Train004,10.0
116,0,1,6.944444444444444e-05,0.0,11.52281369145135,0.0,-11.522721639706717,-0.046058459953015184,11.52281369145135,-6.8585672619519755,0.0,0.0,-1.000088900581841e-12,0,0,0.6,4.1666666666666665e-05,0.2,7.168987149790079,0.0,-7.168849418695563,0.014147309594829285,7.168987149790079,3.463297974704802,0.0,0.0,-6.000533403491046e-13,0.2,0.0,Train004,10.0
116,1,2,0.0001388888888888889,0.0,6.702978893518764,0.3581982091847635,-6.694824578216544,0.015612238281130397,6.694842781953619,-3.7115041790846304,0.0012172836359790606,36.54374135367673,0.6931471805579453,0,0,2.4,0.00016666666666666666,-0.2,6.516692097116881,0.33838983738878187,-4.786393491576848,0.2908013352499347,4.828426099215872,0.43140830529180596,0.26326147620696466,38.043278539313896,0.855333223800811,0.0,0.2,Train004,10.0
116,2,5,0.00034722222222222224,0.0,8.71284892431411,2.4901511725867875,-5.152910015052114,-0.13749645354022447,5.154744115662824,-4.795966711172042,0.40378731649572375,26.293052869854385,1.6094379124291003,0,0,4.6,0.00031944444444444446,0.2,8.22316248978612,2.4829185354342824,-6.0575774053052,-0.07829064088930522,6.058415509640868,1.3145190861137828,0.24199479252345127,26.719334738195595,1.5201804919038164,0.2,0.0,Train004,10.0
116,3,2,0.0001388888888888889,0.0,10.087241234564743,0.7531647718922097,0.7515688762496024,-0.050725505133990545,0.7532787350099489,-5.809392208561386,0.9986974328098729,82.18997983455785,0.6931471805579453,0,0,2.0,0.0001388888888888889,0.0,10.274706410401393,0.5913607457371295,0.4121176690187804,0.12188882691143817,0.680689029113771,-0.26204286973093716,0.9832179268874264,61.56114510211571,0.6931471805579453,0.2,0.2,Train004,10.0
116,4,0,0.0,0.0,0.0,0.0,0.0,0.0,0.0,0.0,0.0,0.0,0.0,0,0,0.4,2.7777777777777772e-05,-0.2,3.0859013591111824,0.0,-3.0809219926588858,-0.17522172390289348,3.0859013591111824,-2.8456880661980692,2.2204460492503132e-17,0.0,-4.000355602327364e-13,0.0,0.2,Train004,10.0
116,5,1,6.944444444444444e-05,0.0,7.810090955467273,0.0,-7.8090383392190095,0.12822226514653484,7.810090955467273,-6.043860182153535,1.1102230246251565e-16,0.0,-1.000088900581841e-12,0,0,1.0,6.944444444444444e-05,0.0,8.293993781647128,0.0,-8.28996017193699,-0.11808685023518632,8.293993781647128,-3.187411430979518,4.4408920985006264e-17,0.0,-1.000088900581841e-12,0.0,0.0,Train004,10.0
117,0,1,6.944444444444444e-05,0.0,10.606050053461148,0.0,-10.60589061200549,-0.0581555044432311,10.606050053461148,-9.167636379902024,1.1102230246251565e-16,0.0,-1.000088900581841e-12,0,0,0.8,5.555555555555556e-05,0.2,9.290197160482307,0.0,-9.290027541096661,0.002516208706183065,9.290197160482307,1.629770698724397,2.2204460492503132e-17,0.0,-8.000711204654728e-13,0.2,0.0,Train004,10.0
117,1,2,0.0001388888888888889,0.0,6.179397670706104,0.33955955739571,-6.172130635998147,-0.0024501268053571668,6.172131122306804,-5.235812228126604,0.001179495124140617,36.511435985695734,0.6931471805579453,0,0,2.2,0.00015277777777777777,-0.2,6.511612875251366,0.33308079497468884,-5.680602811211438,0.16692652142611492,5.700952776601329,0.4352684319922705,0.13229615048391397,37.33188462987495,0.7742402021793782,0.0,0.2,Train004,10.0
117,2,5,0.00034722222222222224,0.0,8.02087822559967,2.3358869862321336,-4.726444366118594,-0.1274108678914787,4.728161363074557,-6.919706987144397,0.4039154572945831,26.256234769700143,1.6094379124291003,0,0,4.8,0.0003333333333333333,0.2,8.33117156733027,2.4487430262653933,-5.506949145626237,-0.1003042164005957,5.508126628021931,1.3326020451931742,0.3227507763810616,26.559182209776175,1.5648092021664584,0.2,0.0,Train004,10.0
117,3,2,0.0001388888888888889,0.0,9.29036195184635,0.6795318449388725,0.6780592821108735,-0.045834933951589885,0.6796066739129772,-7.968792827183933,0.9989115738192522,81.92964434537392,0.6931471805579453,0,0,2.0,0.0001388888888888889,0.0,10.029699446023841,0.6808755152868876,0.5934379345509425,0.0320789066205805,0.7239144018109636,-0.013826728930824927,0.9906339423111037,72.24139944492303,0.6931471805579453,0.2,0.2,Train004,10.0
117,4,0,0.0,0.0,0.0,0.0,0.0,0.0,0.0,0.0,0.0,0.0,0.0,0,0,0.2,1.388888888888889e-05,-0.2,1.4709843578508508,0.0,-1.4685525026705857,-0.08454896771598892,1.4709843578508508,-1.4393264340948064,0.0,0.0,-2.000177801163682e-13,0.0,0.2,Train004,10.0
117,5,1,6.944444444444444e-05,0.0,7.12808838661432,0.0,-7.1268549182917855,0.13260098418233648,7.12808838661432,-6.82002568852953,0.0,0.0,-1.000088900581841e-12,0,0,1.0,6.944444444444444e-05,0.0,7.983481405999565,0.0,-7.981134644389044,-0.009651933433469023,7.983481405999565,-3.105123756475626,4.4408920985006264e-17,0.0,-1.000088900581841e-12,0.0,0.0,Train004,10.0
118,0,1,6.944444444444444e-05,0.0,9.663126647345155,0.0,-9.662946969722581,-0.05892760780149833,9.663126647345155,-9.429234061159928,0.0,0.0,-1.000088900581841e-12,0,0,1.0,6.944444444444444e-05,0.2,11.222822489951339,0.0,-11.222616935041177,-0.009269312854116602,11.222822489951339,-0.2560761135075886,2.2204460492503132e-17,0.0,-1.000088900581841e-12,0.2,0.0,Train004,10.0
118,1,2,0.0001388888888888889,0.0,5.633687633729593,0.31308899993144435,-5.62714272715502,-0.00857413898181525,5.6271492594059485,-5.457100369765104,0.0011641828588982994,36.501366337440786,0.6931471805579453,0,0,2.0,0.0001388888888888889,-0.2,6.506982846648175,0.3269298485894823,-6.497854439371009,0.05318403093530819,6.498475309949212,0.4397603646155046,0.0013016087793491283,36.6140260314435,0.6931471805579453,0.0,0.2,Train004,10.0
118,2,5,0.00034722222222222224,0.0,7.300114189773372,2.158295025703811,-4.292173093020513,-0.1143897808731501,4.293697111163931,-7.207640358262985,0.4039670611424454,26.25033565413971,1.6094379124291003,0,0,5.0,0.00034722222222222224,0.2,8.436359084930514,2.407170553684795,-5.0107770226441675,-0.1197285811945387,5.012254906182688,1.3043864457541303,0.40351701747398855,26.396341861118778,1.6094379124291003,0.2,0.0,Train004,10.0
118,3,2,0.0001388888888888889,0.0,8.46573527571545,0.6131244728400178,0.6117844382335544,-0.04138798873148933,0.613182814889641,-8.246266761308991,0.998998230498478,81.89293562060395,0.6931471805579453,0,0,2.0,0.0001388888888888889,0.0,9.808039586527912,0.7600743836741201,0.7586166192416913,-0.051032730860890184,0.7603312465965537,0.21964431988540767,0.998215490028049,82.91176578775404,0.6931471805579453,0.2,0.2,Train004,10.0
118,4,0,0.0,0.0,0.0,0.0,0.0,0.0,0.0,0.0,0.0,0.0,0.0,0,0,0.0,0.0,-0.2,0.0,0.0,0.0,0.0,0.0,0.0,0.0,0.0,0.0,0.0,0.2,Train004,10.0
118,5,1,6.944444444444444e-05,0.0,6.462814570402952,0.0,-6.46158436011564,0.12609412564294867,6.462814570402952,-6.652738162113678,0.0,0.0,-1.000088900581841e-12,0,0,1.0,6.944444444444444e-05,0.0,7.698502363518966,0.0,-7.697688193678784,0.09045731457505927,7.698502363518966,-2.849790424805988,4.4408920985006264e-17,0.0,-1.000088900581841e-12,0.0,0.0,Train004,10.0
119,0,1,6.944444444444444e-05,0.0,12.892318659054071,0.0,-12.89010649547051,0.2388198945288112,12.892318659054071,32.29192011708916,1.1102230246251565e-16,0.0,-1.000088900581841e-12,0,0,1.0,6.944444444444444e-05,0.0,11.378595893791655,0.0,-11.378067133303405,0.014459553069967152,11.378595893791655,1.5577340384031557,4.4408920985006264e-17,0.0,-1.000088900581841e-12,0.0,0.0,Train004,10.0
119,1,2,0.0001388888888888889,0.0,7.470837355812856,1.4722784724602955,-7.46294287992594,0.28435510800492175,7.468358203546866,18.371497220832637,0.0003452547113182991,33.89017163975908,0.6931471805579453,0,0,2.0,0.0001388888888888889,0.0,6.612206173038908,0.5668693928618177,-6.604315594492218,0.07079069531818952,6.605463527299534,1.0522332639073313,0.001044626102865509,36.01627076091542,0.6931471805579453,0.0,0.0,Train004,10.0
119,2,5,0.00034722222222222224,0.0,8.572374697766953,2.0382902154714295,-5.7294767827836415,0.025955678926653503,5.729535574697598,12.722605079935814,0.39965837451840225,25.59451774156768,1.6094379124291003,0,0,5.0,0.00034722222222222224,0.0,8.359732326577085,2.3188574510215556,-5.074795334837381,-0.09748890737565326,5.076150657147773,-0.7662675835342945,0.40295617908540055,26.161736040113645,1.6094379124291003,0.0,0.0,Train004,10.0
119,3,2,0.0001388888888888889,0.0,10.790618067428635,1.2935293597625934,1.2938660601901235,-0.03778426793254758,1.2944176422681788,23.248827917131845,0.9955244131537009,75.15634170026118,0.6931471805579453,0,0,2.0,0.0001388888888888889,0.0,9.860427396995211,0.8346905979489175,0.8335475683688867,-0.046343229036206426,0.8349650780272858,0.5238781046730011,0.9980524037726127,80.84391295801196,0.6931471805579453,0.0,0.0,Train004,10.0
119,4,0,0.0,0.0,0.0,0.0,0.0,0.0,0.0,0.0,0.0,0.0,0.0,0,0,0.0,0.0,0.0,0.0,0.0,0.0,0.0,0.0,0.0,0.0,0.0,0.0,0.0,0.0,Train004,10.0
119,5,1,6.944444444444444e-05,0.0,8.552424146542863,0.0,-8.550434392775028,-0.18447351359851477,8.552424146542863,20.89609576139911,0.0,0.0,-1.000088900581841e-12,0,0,1.0,6.944444444444444e-05,0.0,7.673579006542008,0.0,-7.672375533306618,0.05904105307525807,7.673579006542008,-0.24923356976959354,4.4408920985006264e-17,0.0,-1.000088900581841e-12,0.0,0.0,Train004,10.0
120,0,1,6.944444444444444e-05,0.0,13.254731049991543,0.0,-13.250670195615966,0.32807708640601774,13.254731049991543,3.624123909374717,0.0,0.0,-1.000088900581841e-12,0,0,1.0,6.944444444444444e-05,0.0,11.587808020260653,0.0,-11.586467182504254,0.08075108174741687,11.587808020260653,2.092121264689991,4.4408920985006264e-17,0.0,-1.000088900581841e-12,0.0,0.0,Train004,10.0
120,1,2,0.0001388888888888889,0.0,7.670522707994122,1.7858298417482867,-7.660364585611038,0.36925685451142276,7.66925916950832,1.996853521812656,0.0001741678651866474,32.90425669598835,0.6931471805579453,0,0,2.0,0.0001388888888888889,0.0,6.731484852352288,0.8537910161441001,-6.723481081381337,0.1316399870020605,6.726348107344312,1.19278679313379,0.0008160768391045847,35.27019440251214,0.6931471805579453,0.0,0.0,Train004,10.0
120,2,5,0.00034722222222222224,0.0,8.497280015927927,1.976903390115005,-5.87385424868212,0.0724789868395053,5.8743014000214755,-0.7509468183902683,0.3989363548051068,25.252268783315746,1.6094379124291003,0,0,5.0,0.00034722222222222224,0.0,8.220699210676406,2.1999053580218333,-5.154971701131396,-0.05617248730773885,5.156087912924077,-1.390331159006776,0.40205291285125233,25.929281963715532,1.6094379124291003,0.0,0.0,Train004,10.0
120,3,2,0.0001388888888888889,0.0,10.960859905181309,1.451973450838162,1.4531149075134042,-0.03422215389697203,1.4535178327956757,1.702418377526742,0.9938342366085106,72.66461195407388,0.6931471805579453,0,0,2.0,0.0001388888888888889,0.0,9.918963286947298,0.9582647800543711,0.9576787128595117,-0.041990969929317876,0.9588007397752843,0.5853588995208557,0.9971931773779629,78.76670269097414,0.6931471805579453,0.0,0.0,Train004,10.0
120,4,0,0.0,0.0,0.0,0.0,0.0,0.0,0.0,0.0,0.0,0.0,0.0,0,0,0.0,0.0,0.0,0.0,0.0,0.0,0.0,0.0,0.0,0.0,0.0,0.0,0.0,0.0,Train004,10.0
120,5,1,6.944444444444444e-05,0.0,8.76311232025386,0.0,-8.758620344645895,-0.28054802751048524,8.76311232025386,2.106881737109969,0.0,0.0,-1.000088900581841e-12,0,0,1.0,6.944444444444444e-05,0.0,7.743306075856253,0.0,-7.741306471009471,-0.015620833227435993,7.743306075856253,0.6972706931424671,2.2204460492503132e-17,0.0,-1.000088900581841e-12,0.0,0.0,Train004,10.0
121,0,1,6.944444444444444e-05,0.0,12.599794249780752,0.0,-12.595213460524848,0.3397249190474483,12.599794249780752,-6.5493680021079115,1.1102230246251565e-16,0.0,-1.000088900581841e-12,0,0,1.0,6.944444444444444e-05,0.0,11.803204131926535,0.0,-11.800965546667879,0.15790775754750955,11.803204131926535,2.1539611166588037,6.661338147750939e-17,0.0,-1.000088900581841e-12,0.0,0.0,Train004,10.0
121,1,2,0.0001388888888888889,0.0,7.288207093631828,1.7891962165750845,-7.277604158072395,0.37696686433208415,7.287360722401285,-3.8231561436229367,0.00012357681683983213,32.5403568783851,0.6931471805579453,0,0,2.0,0.0001388888888888889,0.0,6.848530492374901,1.1399906176221641,-6.840036997352509,0.20391091221225127,6.844851695433844,1.1704564002261288,0.000597335475276739,34.4695175074538,0.6931471805579453,0.0,0.0,Train004,10.0
121,2,5,0.00034722222222222224,0.0,7.961909727838287,1.858361794205041,-5.568782654984922,0.0842616521916541,5.569420103070963,-5.353702880896403,0.3986679558893369,25.141680725719198,1.6094379124291003,0,0,5.0,0.00034722222222222224,0.0,8.070511371381242,2.0735474823454845,-5.238146229117958,-0.01182086616136314,5.2390231104057055,-1.5018783929516482,0.4010290407299749,25.699007534888494,1.6094379124291003,0.0,0.0,Train004,10.0
121,3,2,0.0001388888888888889,0.0,10.373561155112728,1.420676038976863,1.4220571740357864,-0.030921411090847062,1.4223933140627791,-5.872987500685802,0.9932001829684697,71.78869227185353,0.6931471805579453,0,0,2.0,0.0001388888888888889,0.0,9.976227271056894,1.0917670334713017,1.0917763724167484,-0.03803015112068918,1.0926236555858504,0.5726398410959724,0.9960937274096823,76.68644517843329,0.6931471805579453,0.0,0.0,Train004,10.0
121,4,0,0.0,0.0,0.0,0.0,0.0,0.0,0.0,0.0,0.0,0.0,0.0,0,0,0.0,0.0,0.0,0.0,0.0,0.0,0.0,0.0,0.0,0.0,0.0,0.0,0.0,0.0,Train004,10.0
121,5,1,6.944444444444444e-05,0.0,8.312617980378885,0.0,-8.307311769467304,-0.2969660798615592,8.312617980378885,-4.504943398749752,1.1102230246251565e-16,0.0,-1.000088900581841e-12,0,0,1.0,6.944444444444444e-05,0.0,7.843811480838577,0.0,-7.840961157059129,-0.10065850222905479,7.843811480838577,1.0050540498232237,2.2204460492503132e-17,0.0,-1.000088900581841e-12,0.0,0.0,Train004,10.0
122,0,0,0.0,-1.0,0.0,0.0,0.0,0.0,0.0,0.0,0.0,0.0,0.0,0,1,0.8,5.555555555555556e-05,-0.2,9.681994121234306,0.0,-9.679787424266781,0.16953885843615576,9.681994121234306,3.9874883926392086,4.4408920985006264e-17,0.0,-8.000711204654728e-13,0.0,0.2,Train004,10.0
122,1,2,0.0001388888888888889,0.0,6.726226208813241,1.6849262335102004,-6.716056780792158,0.35743542998486666,6.725561595096189,-5.619808848185874,0.00010542513400169096,32.41373663373933,0.6931471805579453,0,0,2.0,0.0001388888888888889,0.0,6.957896199996329,1.4090639528450624,-6.94882222631131,0.275888023570296,6.9555377899917215,1.0936570762142748,0.0003825214772489538,33.64997763706253,0.6931471805579453,0.0,0.0,Train004,10.0
122,2,4,0.0002777777777777778,-1.0,6.8168681309280075,1.5813985560844317,-4.102852832983741,0.025964555143489422,4.102934989400455,-6.189214103845854,0.49817900653733915,32.51289785172166,1.3862943611158907,0,1,4.8,0.0003333333333333333,-0.2,7.82970935244691,1.9226497963159435,-5.113427922490987,0.01885421844563049,5.113977835670886,-1.3557798162919394,0.41988175057852606,26.9503401512928,1.5648092021664586,0.0,0.2,Train004,10.0
122,3,3,0.00020833333333333335,1.0,10.248891120990118,1.4579760802281823,-2.9905715346236312,0.08930266700515377,2.991904589059513,-8.66747732345285,0.666840556983264,50.31154036630485,1.0986122886651097,1,0,2.2,0.00015277777777777777,0.2,10.167933104885648,1.2474558805291636,0.35805020906984747,-0.011002630929340446,1.5550832386151574,0.4329029418421889,0.9296795240424846,70.36282438261948,0.7742402021793782,0.2,0.0,Train004,10.0
122,4,0,0.0,0.0,0.0,0.0,0.0,0.0,0.0,0.0,0.0,0.0,0.0,0,0,0.0,0.0,0.0,0.0,0.0,0.0,0.0,0.0,0.0,0.0,0.0,0.0,0.0,0.0,Train004,10.0
122,5,2,0.0001388888888888889,1.0,8.450620472593457,0.7889790794782883,-8.445313276596778,0.014184600009020498,8.445325188691033,-7.388837545665163,0.0006321266121432911,76.34326931798438,0.6931471805579453,1,0,1.2,8.333333333333334e-05,0.2,8.108317898034404,0.15779581589565767,-8.104652828720129,-0.12434177906371799,8.107258841253918,0.891291678396097,0.00012642532242868043,15.268653863596876,0.13862943611078898,0.2,0.0,Train004,10.0
123,0,0,0.0,0.0,0.0,0.0,0.0,0.0,0.0,0.0,0.0,0.0,0.0,0,0,0.6,4.1666666666666665e-05,-0.2,7.749368791765273,0.0,-7.747198030322265,0.18132437999645545,7.749368791765273,5.873335204871195,4.4408920985006264e-17,0.0,-6.000533403491046e-13,0.0,0.2,Train004,10.0
123,1,2,0.0001388888888888889,0.0,6.134973072774956,1.5494762899314165,-6.125547488900274,0.32960121459990727,6.134408610407216,-5.912531360382842,9.827654255289975e-05,32.37691577016687,0.6931471805579453,0,0,2.0,0.0001388888888888889,0.0,7.058153287805401,1.6563414108450565,-7.048503178660361,0.3435230942866405,7.0569896601919755,1.0025708780907272,0.00016934021397987386,32.82508752360775,0.6931471805579453,0.0,0.0,Train004,10.0
123,2,4,0.0002777777777777778,0.0,6.195642713269229,1.4466702670561573,-3.737307290350756,0.025440883507153268,3.737393880909869,-6.212254176587784,0.4981227274794978,32.51946226904204,1.3862943611158907,0,0,4.6,0.00031944444444444446,-0.2,7.60881505714608,1.7803248445864128,-5.002454761957035,0.04682035132169116,5.002717189620072,-1.1567025799568993,0.43871288384593654,28.204165474273264,1.5201804919038164,0.0,0.2,Train004,10.0
123,3,3,0.00020833333333333335,0.0,9.34413825492179,1.3351100628516528,-2.724465835570456,0.08290267430476476,2.72572686500271,-9.047528660683271,0.6668419700054917,50.32482650076423,1.0986122886651097,0,0,2.4,0.00016666666666666666,0.2,10.343613700726916,1.3918529985314907,-0.3091998456909546,0.013855501677910373,1.9775920486377714,0.2726505619673329,0.8632482719438874,64.04920255865153,0.855333223800811,0.2,0.0,Train004,10.0
123,4,0,0.0,0.0,0.0,0.0,0.0,0.0,0.0,0.0,0.0,0.0,0.0,0,0,0.0,0.0,0.0,0.0,0.0,0.0,0.0,0.0,0.0,0.0,0.0,0.0,0.0,0.0,Train004,10.0
123,5,2,0.0001388888888888889,0.0,7.6946543620157914,0.7137386264529328,-7.689663510367039,0.012952792754041653,7.689674419473848,-7.559661105776647,0.0006528137175253468,76.32688844916717,0.6931471805579453,0,0,1.4,9.722222222222222e-05,0.2,8.354685856356971,0.3005435411862442,-8.350268658770407,-0.14697004564149943,8.3526308110681,0.7099070896635032,0.00025698806593374977,30.53403155343031,0.27725887222257806,0.2,0.0,Train004,10.0
124,0,0,0.0,0.0,0.0,0.0,0.0,0.0,0.0,0.0,0.0,0.0,0.0,0,0,0.4,2.777777777777778e-05,-0.2,5.1709050599544595,0.0,-5.169176731228163,0.13356040109069323,5.1709050599544595,-0.5850488185466383,2.2204460492503132e-17,0.0,-4.000355602327364e-13,0.0,0.2,Train004,10.0
124,1,2,0.0001388888888888889,0.0,7.77507563840868,1.5572452246633546,-7.768871484979356,0.15325342187403712,7.770382922446065,16.401025656337232,0.0006287903044563947,32.06442771450882,0.6931471805579453,0,0,2.0,0.0001388888888888889,0.0,7.119000944324566,1.6733347612856684,-7.109688899671045,0.31730275706046357,7.117394603971815,0.6084765651916463,0.00022604733260749298,32.45993873855769,0.6931471805579453,0.0,0.0,Train004,10.0
124,2,3,0.00020833333333333335,-1.0,9.092833567629379,1.1076925142595317,-9.086348219833143,-0.29741432937353524,9.091214399373806,24.756642482985956,0.00018128777699255583,35.89421528334335,1.0986122886651097,0,1,4.2,0.0002916666666666667,-0.4,7.712906831118566,1.5942053043440334,-5.673829049366937,-0.01785365033834659,5.675052954555314,1.2501049006531288,0.35881746649765467,30.264104982628396,1.4180153671510183,0.0,0.4,Train004,10.0
124,3,3,0.00020833333333333335,0.0,11.316461874256232,1.0256616050243295,-2.9614859098030686,0.07590889093686261,2.962458599488839,19.723236193344405,0.6666663206674021,51.16732840809465,1.0986122886651097,0,0,2.6,0.00018055555555555555,0.2,10.448782462092435,1.338279447583838,-1.160270239689593,0.03659413345179241,2.311200240081903,-0.4324677827901553,0.7974766534466277,59.251399900218225,0.9364262454222441,0.2,0.0,Train004,10.0
124,4,0,0.0,0.0,0.0,0.0,0.0,0.0,0.0,0.0,0.0,0.0,0.0,0,0,0.0,0.0,0.0,0.0,0.0,0.0,0.0,0.0,0.0,0.0,0.0,0.0,0.0,0.0,Train004,10.0
124,5,1,6.944444444444444e-05,-1.0,9.89423080840589,0.0,-9.887941835689167,0.3527173713275684,9.89423080840589,29.13315072843031,0.0,0.0,-1.000088900581841e-12,0,1,1.4,9.722222222222222e-05,0.0,8.623047188729577,0.3005435411862442,-8.617770147353237,-0.03953186865628276,8.620992143440704,2.3573180830697433,0.00025698806593374977,30.53403155343031,0.27725887222257806,0.2,0.2,Train004,10.0
125,0,0,0.0,0.0,0.0,0.0,0.0,0.0,0.0,0.0,0.0,0.0,0.0,0,0,0.2,1.388888888888889e-05,-0.2,2.5199588499561503,0.0,-2.5190426921049696,0.06794498380948966,2.5199588499561503,-1.3098736004215816,2.2204460492503132e-17,0.0,-2.000177801163682e-13,0.0,0.2,Train004,10.0
125,1,2,0.0001388888888888889,0.0,7.888160441443183,1.4666955335434255,-7.881486593092072,0.08302825863209312,7.881923915442317,1.1308480303450397,0.0008189424934625933,31.956735279352547,0.6931471805579453,0,0,2.0,0.0001388888888888889,0.0,7.162528491014378,1.609507899644696,-7.15391330116725,0.26005703788459766,7.159927553158615,0.435275466898123,0.00035500225826268217,32.270434455230536,0.6931471805579453,0.0,0.0,Train004,10.0
125,2,3,0.00020833333333333335,0.0,9.405366241725881,0.9663964748438585,-9.399333397463613,-0.30646728253156036,9.404328286057284,3.125326740965022,0.0001166986536631498,35.724864150152555,1.0986122886651097,0,0,3.8,0.0002638888888888889,-0.4,7.894524076278157,1.392103921289804,-6.378924879123234,-0.09364290421255972,6.3810583317624765,2.025359612524187,0.2790535352673659,32.35862405599576,1.3158502423982203,0.0,0.4,Train004,10.0
125,3,3,0.00020833333333333335,0.0,11.336892529687253,1.0033997583737102,-2.8695753016269188,0.06900288733482642,2.8704048164270777,0.20430655431022515,0.6666710313861256,51.52611764642257,1.0986122886651097,0,0,2.8,0.00019444444444444446,0.2,10.523988986993624,1.2485647090909475,-2.024808281517658,0.0572391416981521,2.5945776368081837,-0.732090147433458,0.7320440124021507,55.02370103868797,1.0175192670436768,0.2,0.0,Train004,10.0
125,4,0,0.0,0.0,0.0,0.0,0.0,0.0,0.0,0.0,0.0,0.0,0.0,0,0,0.0,0.0,0.0,0.0,0.0,0.0,0.0,0.0,0.0,0.0,0.0,0.0,0.0,0.0,Train004,10.0
125,5,1,6.944444444444444e-05,0.0,10.324542708027703,0.0,-10.310132282324304,0.5453021647327959,10.324542708027703,4.3031189962181315,0.0,0.0,-1.000088900581841e-12,0,0,1.4,9.722222222222222e-05,0.0,8.935333266284344,0.3005435411862442,-8.928072534888917,0.12563816979237347,8.933278220995472,2.796565534891376,0.00025698806593374977,30.53403155343031,0.27725887222257806,0.2,0.2,Train004,10.0
126,0,0,0.0,0.0,0.0,0.0,0.0,0.0,0.0,0.0,0.0,0.0,0.0,0,0,0.0,0.0,-0.2,0.0,0.0,0.0,0.0,0.0,0.0,0.0,0.0,0.0,0.0,0.2,Train004,10.0
126,1,2,0.0001388888888888889,0.0,7.462898484051772,1.348736165611756,-7.456275273424787,0.05376719899959126,7.456469128533567,-4.252619573914118,0.0008906105822987787,31.925712821987187,0.6931471805579453,0,0,2.0,0.0001388888888888889,0.0,7.197466769098367,1.5214158894520307,-7.18964752423773,0.1954171048180991,7.193749234385071,0.3493827808398867,0.0005084090113544714,32.14750564395096,0.6931471805579453,0.0,0.0,Train004,10.0
126,2,3,0.00020833333333333335,0.0,8.953049501259223,0.8748744394135004,-8.947415921901285,-0.29149314993946324,8.952162863574046,-4.52316740466659,0.00010589197553223517,35.657322701375456,1.0986122886651097,0,0,3.4,0.00023611111111111112,-0.4,8.092752030962345,1.195406450331496,-7.054651532506507,-0.16879386463878315,7.057606883863092,2.1914667077701493,0.19934112248460498,34.46175245112701,1.2136851176454222,0.0,0.4,Train004,10.0
126,3,3,0.00020833333333333335,0.0,10.676242626526802,0.9574955899908589,-2.6688122133994554,0.06253957596563288,2.669544872998403,-6.606499031604495,0.6666762968234927,51.65084768701585,1.0986122886651097,0,0,3.0,0.00020833333333333335,0.2,10.58452528127644,1.1559286192937468,-2.8429821590047064,0.07593133910944809,2.8440079485953085,-0.8787924536171966,0.6667392351731551,50.99613212172043,1.0986122886651097,0.2,0.0,Train004,10.0
126,4,0,0.0,0.0,0.0,0.0,0.0,0.0,0.0,0.0,0.0,0.0,0.0,0,0,0.0,0.0,0.0,0.0,0.0,0.0,0.0,0.0,0.0,0.0,0.0,0.0,0.0,0.0,Train004,10.0
126,5,1,6.944444444444444e-05,0.0,9.862966942701705,0.0,-9.845914594239517,0.5797264145852905,9.862966942701705,-4.61575765325998,0.0,0.0,-1.000088900581841e-12,0,0,1.4,9.722222222222223e-05,0.0,9.24540305874891,0.3005435411862442,-9.23579309984336,0.3009766686817434,9.243348013460036,2.7744026839893303,0.0002569880659337276,30.53403155343031,0.27725887222257806,0.2,0.2,Train004,10.0
127,0,0,0.0,0.0,0.0,0.0,0.0,0.0,0.0,0.0,0.0,0.0,0.0,0,0,0.0,0.0,0.0,0.0,0.0,0.0,0.0,0.0,0.0,0.0,0.0,0.0,0.0,0.0,Train004,10.0
127,1,2,0.0001388888888888889,0.0,6.875713748702774,1.2283297741159007,-6.86947433370054,0.040445458802200546,6.869593398193826,-5.871847353489983,0.0009194992484952147,31.923016593609784,0.6931471805579453,0,0,2.0,0.0001388888888888889,0.0,7.227364277076274,1.4300965975731708,-7.220331034819407,0.13201911058156585,7.222555595004598,0.298975079779065,0.0006712238342531762,32.04936163592504,0.6931471805579453,0.0,0.0,Train004,10.0
127,2,3,0.00020833333333333335,0.0,8.264317839583411,0.7985339673044547,-8.259139720758712,-0.2690790151379778,8.263521794211107,-6.887316616758111,0.00010338506523788205,35.62883956639383,1.0986122886651097,0,0,3.2,0.00022222222222222223,-0.2,8.382241972693425,1.0388335325755005,-7.885908910061502,-0.22780257869507664,7.8897242448252225,2.0518462051876987,0.09972599819018473,35.084940794061446,1.156148703155266,0.0,0.2,Train004,10.0
127,3,3,0.00020833333333333335,0.0,9.817977049920467,0.8878691034385525,-2.442042200628549,0.056612226013096366,2.442698314115946,-8.58265576606336,0.6666788421803986,51.68134338376478,1.0986122886651097,0,0,3.0,0.00020833333333333335,0.0,10.498342467062509,1.0419072239358207,-2.73327629220569,0.06939325091103661,2.7341666936065954,-0.8618281421392984,0.6667068922125822,51.27009272521242,1.0986122886651097,0.0,0.0,Train004,10.0
127,4,0,0.0,0.0,0.0,0.0,0.0,0.0,0.0,0.0,0.0,0.0,0.0,0,0,0.0,0.0,0.0,0.0,0.0,0.0,0.0,0.0,0.0,0.0,0.0,0.0,0.0,0.0,Train004,10.0
127,5,1,6.944444444444444e-05,0.0,9.119666494744603,0.0,-9.102618612233794,0.5573610818690564,9.119666494744603,-7.4330044795710215,0.0,0.0,-1.000088900581841e-12,0,0,1.2,8.333333333333333e-05,-0.2,9.379212263179138,0.14274772529058657,-9.367254166970763,0.40961196505375064,9.378216274670752,2.7655692972081587,0.00013056274350506936,15.265377689833434,0.13862943611078898,0.0,0.2,Train004,10.0
128,0,0,0.0,0.0,0.0,0.0,0.0,0.0,0.0,0.0,0.0,0.0,0.0,0,0,0.0,0.0,0.0,0.0,0.0,0.0,0.0,0.0,0.0,0.0,0.0,0.0,0.0,0.0,Train004,10.0
128,1,2,0.0001388888888888889,0.0,6.266908291282806,1.1141825189836094,-6.261166018688941,0.033439843190574095,6.261255316364102,-6.088054574199679,0.0009314921918001096,31.930294562677112,0.6931471805579453,0,0,2.0,0.0001388888888888889,0.0,7.253751320777843,1.3430378433836094,-7.2474547407771395,0.07278683629969923,7.247924936195976,0.26387043701569757,0.0008378669641026182,31.960037394427086,0.6931471805579453,0.0,0.0,Train004,10.0
128,2,3,0.00020833333333333335,0.0,7.535458703686537,0.7293349563699573,-7.530741579798889,-0.24541542293196583,7.534739376483087,-7.288591358968738,0.00010264342869836796,35.61548942279916,1.0986122886651097,0,0,3.0,0.00020833333333333335,-0.2,8.650205170776886,0.8953664704382606,-8.644595767951127,-0.2819738399829005,8.649193343939865,1.8365787687115074,0.00012198138002483816,35.704146224812874,1.0986122886651097,0.0,0.2,Train004,10.0
128,3,3,0.00020833333333333335,0.0,8.941695958179343,0.8117145388368274,-2.219571389033559,0.051220461673612216,2.220162310893152,-8.76281091741126,0.6666799640747021,51.6766627266882,1.0986122886651097,0,0,3.0,0.00020833333333333335,0.0,10.41785400771402,0.9372281191328558,-2.6322974028983106,0.0630568083848061,2.633053782784683,-0.804884593484896,0.6666744910264242,51.54045997039721,1.0986122886651097,0.0,0.0,Train004,10.0
128,4,0,0.0,0.0,0.0,0.0,0.0,0.0,0.0,0.0,0.0,0.0,0.0,0,0,0.0,0.0,0.0,0.0,0.0,0.0,0.0,0.0,0.0,0.0,0.0,0.0,0.0,0.0,Train004,10.0
128,5,1,6.944444444444444e-05,0.0,8.322979499092748,0.0,-8.306927638248338,0.5166632899907552,8.322979499092748,-7.966869956518554,0.0,0.0,-1.000088900581841e-12,0,0,1.0,6.944444444444444e-05,-0.2,9.50487729059453,0.0,-9.490706992547024,0.5103540645010932,9.50487729059453,2.684127527059777,0.0,0.0,-1.000088900581841e-12,0.0,0.2,Train004,10.0
129,0,1,6.944444444444444e-05,1.0,10.632474282933243,0.0,-10.63170025246899,-0.12829309758367052,10.632474282933243,21.484564743224333,0.0,0.0,-1.000088900581841e-12,1,0,0.2,1.388888888888889e-05,0.2,2.126494856586649,0.0,-2.126340050493798,-0.025658619516734104,2.126494856586649,4.296912948644867,0.0,0.0,-2.000177801163682e-13,0.2,0.0,Train004,10.0
129,1,2,0.0001388888888888889,0.0,8.039926705411897,0.7159812953761753,-8.037586973674232,0.17631083015867927,8.03952049989357,17.730184141290906,5.092742384404936e-05,32.57359355963022,0.6931471805579453,0,0,2.0,0.0001388888888888889,0.0,7.306721534178486,1.1747850575261733,-7.3011978385161145,0.07739831795662766,7.301752451685476,0.5297021340064323,0.0007222943879801492,32.06187056345137,0.6931471805579453,0.0,0.0,Train004,10.0
129,2,3,0.00020833333333333335,0.0,8.914609782710833,0.8811661292484888,-8.908455049436347,-0.3229684423383698,8.914307599728339,13.791510790242953,3.3157128735861185e-05,36.25310892658447,1.0986122886651097,0,0,3.0,0.00020833333333333335,0.0,8.614560413793177,0.8500611934360519,-8.60901713387177,-0.28708466257586734,8.613811984010772,-0.3564475698370927,9.235525037349923e-05,35.77592495346109,1.0986122886651097,0.0,0.0,Train004,10.0
129,3,2,0.0001388888888888889,-1.0,11.123241929370561,0.9758420058763919,0.9734403377540959,-0.16095432054351233,0.9866571767683201,19.527068964069542,0.9868517545717411,55.0307511081238,0.6931471805579453,0,1,2.8,0.00019444444444444446,-0.2,10.379210018736885,0.9272641993032682,-1.845312153386877,0.015684166088731112,2.23789349824058,-0.8441180393398688,0.7307115778072919,52.313144510403035,1.0175192670436768,0.0,0.2,Train004,10.0
129,4,0,0.0,0.0,0.0,0.0,0.0,0.0,0.0,0.0,0.0,0.0,0.0,0,0,0.0,0.0,0.0,0.0,0.0,0.0,0.0,0.0,0.0,0.0,0.0,0.0,0.0,0.0,Train004,10.0
129,5,2,0.0001388888888888889,1.0,10.711781985878625,1.3975444192418305,-10.710398576217653,0.16961501054842532,10.711741544363758,9.91258067544047,3.840801458543375e-06,78.45202380307117,0.6931471805579453,1,0,1.2,8.333333333333334e-05,0.2,9.668387526089077,0.2795088838483661,-9.65519834065272,0.4737335923452647,9.668379437786104,-1.1599864835381908,7.68160291708675e-07,15.690404760614234,0.13862943611078898,0.2,0.0,Train004,10.0
130,0,1,6.944444444444444e-05,0.0,10.75382893904588,0.0,-10.751389577851445,-0.22903928817557323,10.75382893904588,1.213546561126364,1.1102230246251565e-16,0.0,-1.000088900581841e-12,0,0,0.4,2.777777777777778e-05,0.2,4.277260644395825,0.0,-4.276617966064087,-0.07146647715184876,4.277260644395825,4.53962226087014,2.2204460492503132e-17,0.0,-4.000355602327364e-13,0.2,0.0,Train004,10.0
130,1,2,0.0001388888888888889,0.0,8.18341868391312,0.533938086311299,-8.18056310025663,0.21550432817967458,8.183401172663146,1.4349197850122275,2.1489937531704584e-06,32.82491689959101,0.6931471805579453,0,0,2.0,0.0001388888888888889,0.0,7.365773182672473,0.988233568079748,-7.3610131399490255,0.10389353186614395,7.362047903129643,0.5905164849398699,0.0005589356880382646,32.23550688749906,0.6931471805579453,0.0,0.0,Train004,10.0
130,2,3,0.00020833333333333335,0.0,8.86496382692762,0.9337269884664983,-8.858027354516352,-0.33052683855534004,8.864191819019112,-0.49645955783212514,8.717956968351537e-05,36.492653434901996,1.0986122886651097,0,0,3.0,0.00020833333333333335,0.0,8.506479930833525,0.8435272961605799,-8.500755925282316,-0.2918965737806233,8.505784690603138,-1.0808048295965222,8.645143357757234e-05,35.92948281041098,1.0986122886651097,0.0,0.0,Train004,10.0
130,3,2,0.0001388888888888889,0.0,11.146064212647179,0.9410505524878685,0.9373899713298082,-0.20209011258913046,0.958926677048869,0.22822283276616062,0.9834063178827581,52.89247244890402,0.6931471805579453,0,0,2.6,0.00018055555555555557,-0.2,10.341044355328872,0.9147943581260998,-1.0839190987955318,-0.03853443389606026,1.8555978703649383,-0.8393347836486817,0.7940586351066186,52.586415470899325,0.936426245422244,0.0,0.2,Train004,10.0
130,4,0,0.0,0.0,0.0,0.0,0.0,0.0,0.0,0.0,0.0,0.0,0.0,0,0,0.0,0.0,0.0,0.0,0.0,0.0,0.0,0.0,0.0,0.0,0.0,0.0,0.0,0.0,Train004,10.0
130,5,2,0.0001388888888888889,0.0,10.38766398711019,1.2761209263328537,-10.387148403091624,0.09673490291322592,10.387598836559414,-3.241179987684335,6.3680222323059255e-06,78.40546447669728,0.6931471805579453,0,0,1.4,9.722222222222222e-05,0.2,9.681011781905575,0.5347330691149368,-9.670601564806185,0.38402013998135065,9.680990663492446,-2.668846280318684,2.04176473816986e-06,31.371497655953693,0.27725887222257806,0.2,0.0,Train004,10.0
131,0,1,6.944444444444444e-05,0.0,10.162661075940836,0.0,-10.159573108243245,-0.25050828869246244,10.162661075940836,-5.911678631050439,1.1102230246251565e-16,0.0,-1.000088900581841e-12,0,0,0.6,4.1666666666666665e-05,0.2,6.309792859583991,0.0,-6.308532587712736,-0.12156813489034124,6.309792859583991,3.3572865346600524,4.4408920985006264e-17,0.0,-6.000533403491046e-13,0.2,0.0,Train004,10.0
131,1,2,0.0001388888888888889,0.0,7.751294986063369,0.4391696119633903,-7.74827123108256,0.21641032288479473,7.751292827539981,-4.321236978497502,2.7936941404682614e-07,32.92459022282485,0.6931471805579453,0,0,2.0,0.0001388888888888889,0.0,7.423452483074793,0.806320257350075,-7.419412331480581,0.13642215664318463,7.421012642930924,0.576793004023193,0.00038086944546131816,32.435282367666595,0.6931471805579453,0.0,0.0,Train004,10.0
131,2,3,0.00020833333333333335,0.0,8.323333713727234,0.9028251558906207,-8.316472576625252,-0.3135099600718115,8.322379744569703,-5.416301132003862,0.00011516689899593313,36.57969520354646,1.0986122886651097,0,0,3.0,0.00020833333333333335,0.0,8.380536773327128,0.8491174394560039,-8.374567256227111,-0.2962999358070929,8.37982806680227,-1.2594315750639766,8.830641827031193e-05,36.11395731084518,1.0986122886651097,0.0,0.0,Train004,10.0
131,3,2,0.0001388888888888889,0.0,10.497356411319242,0.873514439556609,0.8695701172202925,-0.2044560430095648,0.893282968765017,-6.487078013279355,0.9821347354704805,52.15071416695745,0.6931471805579453,0,0,2.4,0.00016666666666666666,-0.2,10.305267112287357,0.8979981280392499,-0.3762426326715823,-0.09193355769109979,1.5003454895182606,-0.8154505799836537,0.8571503228360161,52.686388766887646,0.855333223800811,0.0,0.2,Train004,10.0
131,4,0,0.0,0.0,0.0,0.0,0.0,0.0,0.0,0.0,0.0,0.0,0.0,0,0,0.0,0.0,0.0,0.0,0.0,0.0,0.0,0.0,0.0,0.0,0.0,0.0,0.0,0.0,Train004,10.0
131,5,2,0.0001388888888888889,0.0,9.675165032775304,1.1712540256380555,-9.674768669152385,0.06605695062881095,9.674994176863311,-7.1249895433488675,1.792187167326542e-05,78.40064506453592,0.6931471805579453,0,0,1.6,0.00011111111111111112,0.2,9.643451399920293,0.7689838742425479,-9.636372379788758,0.2812862471900548,9.643396110324767,-3.1706926583364616,5.626139072822945e-06,47.05162666886088,0.4158883083343672,0.2,0.0,Train004,10.0
132,0,1,6.944444444444444e-05,0.0,9.358870111540062,0.0,-9.3557096382111,-0.24320141891413707,9.358870111540062,-8.037909644007737,0.0,0.0,-1.000088900581841e-12,0,0,0.8,5.555555555555556e-05,0.2,8.181566881892005,0.0,-8.179674515354955,-0.17020841867316866,8.181566881892005,1.7497046058585048,4.4408920985006264e-17,0.0,-8.000711204654728e-13,0.2,0.0,Train004,10.0
132,1,2,0.0001388888888888889,0.0,7.144737728449041,0.38039283734979934,-7.141813138321869,0.20397623547072224,7.144725411612658,-6.065572576143277,1.7288036956442099e-06,32.965648849235706,0.6931471805579453,0,0,2.0,0.0001388888888888889,0.0,7.477257279024046,0.6367328699968546,-7.473880092404846,0.169128311976889,7.476039045614693,0.5380479594925344,0.00019731535650140407,32.64380881879178,0.6931471805579453,0.0,0.0,Train004,10.0
132,2,3,0.00020833333333333335,0.0,7.643572848423541,0.8405376107914441,-7.637136079899029,-0.28903453075025587,7.642603513388714,-6.7976086530369315,0.00012759514623961188,36.6086176168885,1.0986122886651097,0,0,3.0,0.00020833333333333335,0.0,8.256387775095153,0.8575181681534019,-8.250166528055173,-0.30029103892954856,8.25564441063779,-1.2414899823197407,9.31484344706579e-05,36.309912920944114,1.0986122886651097,0.0,0.0,Train004,10.0
132,3,2,0.0001388888888888889,0.0,9.653800876204446,0.7985690570200878,0.7947499545189753,-0.19323022272023976,0.8179030561016549,-8.435555351147972,0.9816245661515957,51.93483541691432,0.6931471805579453,0,0,2.2,0.00015277777777777777,-0.2,10.272431877544154,0.880138118755557,0.2711157983579226,-0.14190204743776702,1.1753864379154026,-0.7860304970005763,0.9201394676302554,52.73708717351756,0.7742402021793782,0.0,0.2,Train004,10.0
132,4,0,0.0,0.0,0.0,0.0,0.0,0.0,0.0,0.0,0.0,0.0,0.0,0,0,0.0,0.0,0.0,0.0,0.0,0.0,0.0,0.0,0.0,0.0,0.0,0.0,0.0,0.0,Train004,10.0
132,5,2,0.0001388888888888889,0.0,8.857123713573884,1.0656246504553728,-8.856762082332683,0.051511713967254125,8.856911879414959,-8.180413192014209,2.426810018107961e-05,78.3958849200828,0.6931471805579453,0,0,1.8,0.000125,0.2,9.59094284368615,0.9821088043336225,-9.587201073808535,0.18011637360969432,9.590845187258838,-3.320174400825099,1.0479759109038867e-05,62.730803652877434,0.5545177444461562,0.2,0.0,Train004,10.0
133,0,1,6.944444444444444e-05,0.0,8.528619139537529,0.0,-8.525615230808633,-0.22633904543788816,8.528619139537529,-8.30250972002533,0.0,0.0,-1.000088900581841e-12,0,0,1.0,6.944444444444444e-05,0.2,9.88729070979951,0.0,-9.884797561516683,-0.21547622776074632,9.88729070979951,0.08920266185343877,4.4408920985006264e-17,0.0,-1.000088900581841e-12,0.2,0.0,Train004,10.0
133,1,2,0.0001388888888888889,0.0,6.51336189955302,0.33758422826928003,-6.510640928580571,0.187645288772722,6.513344460053305,-6.313758288960214,2.684707819500254e-06,32.98393099916705,0.6931471805579453,0,0,2.0,0.0001388888888888889,0.0,7.5265480006780905,0.4814132118539888,-7.523775074383172,0.19996940109331857,7.526456874352531,0.49290721654042746,1.1553859705282222e-05,32.85453610608977,0.6931471805579453,0.0,0.0,Train004,10.0
133,2,3,0.00020833333333333335,0.0,6.95635495817874,0.7702754477906486,-6.95044539993118,-0.2634463980866163,6.955436381859108,-6.872178902447998,0.00013294531945551302,36.61563662788472,1.0986122886651097,0,0,3.0,0.00020833333333333335,0.0,8.140567025993594,0.8657062664375401,-8.134107292081632,-0.30389723396047863,8.139783811712995,-1.1582074910155928,9.920881262208692e-05,36.50994236196123,1.0986122886651097,0.0,0.0,Train004,10.0
133,3,2,0.0001388888888888889,0.0,8.79233124905465,0.7254774996002293,0.721925531298532,-0.17794989132522362,0.743533883937596,-8.614696271497957,0.9814130813918037,51.91384417589199,0.6931471805579453,0,0,2.0,0.0001388888888888889,-0.2,10.242558935719215,0.8628907109082373,0.8594151824243408,-0.18773611803753418,0.8800607525242914,-0.7564075678179156,0.9830860910936758,52.78452346335831,0.6931471805579453,0.0,0.2,Train004,10.0
133,4,0,0.0,0.0,0.0,0.0,0.0,0.0,0.0,0.0,0.0,0.0,0.0,0,0,0.0,0.0,0.0,0.0,0.0,0.0,0.0,0.0,0.0,0.0,0.0,0.0,0.0,0.0,Train004,10.0
133,5,2,0.0001388888888888889,0.0,8.0489527924186,0.9641226674258596,-8.048620046556389,0.04340241870637172,8.048737070110995,-8.081709211552838,2.719143162166482e-05,78.38709490262116,0.6931471805579453,0,0,2.0,0.0001388888888888889,0.2,9.53613750235132,1.1749333378187945,-9.535539555470148,0.08546419935281763,9.535996701462487,-3.3431422518319556,1.591804543337183e-05,78.40822263340166,0.6931471805579453,0.2,0.0,Train004,10.0
134,0,0,0.0,-1.0,0.0,0.0,0.0,0.0,0.0,0.0,0.0,0.0,0.0,0,1,0.8,5.555555555555556e-05,-0.2,7.76079585321286,0.0,-7.758457511022885,-0.1898176082440122,7.76079585321286,-4.207710286791428,4.4408920985006264e-17,0.0,-8.000711204654728e-13,0.0,0.2,Train004,10.0
134,1,2,0.0001388888888888889,0.0,7.693051108710233,0.9076362587209568,-7.675340678283051,0.4654686940646846,7.689441828433376,11.796892091572136,0.0004757853860534178,31.726317988688407,0.6931471805579453,0,0,2.0,0.0001388888888888889,0.0,7.4571728813377565,0.5197442045229451,-7.451325815304936,0.2578009738745196,7.456441140060493,-0.6937511934033264,9.652545214715591e-05,32.6850809919014,0.6931471805579453,0.0,0.0,Train004,10.0
134,2,3,0.00020833333333333335,0.0,9.217681211091229,1.0435166088018255,-9.05778845084153,0.7420624412284748,9.088134477816673,22.61326252912487,0.013204527146752576,36.81216728790278,1.0986122886651097,0,0,3.0,0.00020833333333333335,0.0,8.201181311669673,0.8981763623482074,-8.163973972362669,-0.09089105724710973,8.174549187330664,0.6061428567607912,0.00273348281622543,36.62175403422489,1.0986122886651097,0.0,0.0,Train004,10.0
134,3,2,0.0001388888888888889,0.0,10.6316163365754,1.2517513575015151,1.2434056108150457,-0.30945544007981834,1.2813353122431814,18.3928508752075,0.9740710411551666,46.49967554452974,0.6931471805579453,0,0,2.0,0.0001388888888888889,0.0,10.144233817160183,0.918072581233262,0.9134082370365307,-0.2174363419447954,0.9389963796192637,-0.9832511855903242,0.980529948410361,51.0783083506395,0.6931471805579453,0.0,0.0,Train004,10.0
134,4,0,0.0,0.0,0.0,0.0,0.0,0.0,0.0,0.0,0.0,0.0,0.0,0,0,0.0,0.0,0.0,0.0,0.0,0.0,0.0,0.0,0.0,0.0,0.0,0.0,0.0,0.0,Train004,10.0
134,5,2,0.0001388888888888889,0.0,10.102806916319913,0.4376156349414533,-10.099128481569306,0.18618875798949439,10.100844635021668,20.53854123901313,0.0001945964539303846,77.37470660310629,0.6931471805579453,0,0,2.0,0.0001388888888888889,0.0,9.414342488439578,0.982947580958719,-9.413285536540476,0.08877894884103145,9.41381731959407,-1.2179501391174234,5.4069175927740075e-05,78.1927591934087,0.6931471805579453,0.0,0.0,Train004,10.0
135,0,0,0.0,0.0,0.0,0.0,0.0,0.0,0.0,0.0,0.0,0.0,0.0,0,0,0.6,4.1666666666666665e-05,-0.2,5.610030065403686,0.0,-5.6081795954525955,-0.14400975060889754,5.610030065403686,-4.4504195990167,2.2204460492503132e-17,0.0,-6.000533403491046e-13,0.0,0.2,Train004,10.0
135,1,2,0.0001388888888888889,0.0,7.652091608694217,1.0548003184662722,-7.627374690151181,0.5344600313116139,7.646076914930195,-0.40959500016016115,0.0008012502457817039,31.256992313078864,0.6931471805579453,0,0,2.0,0.0001388888888888889,0.0,7.350907466293977,0.6239166509539398,-7.340688133283846,0.32159211450090747,7.348976288513903,-1.0626541504378042,0.0002563457025528626,32.37149607459897,0.6931471805579453,0.0,0.0,Train004,10.0
135,2,3,0.00020833333333333335,0.0,9.514741428571456,1.1582889981166573,-9.253942637005302,1.0474315183572092,9.313032111757842,2.970602174802283,0.019829060733658754,36.952254593903525,1.0986122886651097,0,0,3.0,0.00020833333333333335,0.0,8.331136831998439,0.9430887642782393,-8.243157028860457,0.1847006141354001,8.264317245878408,1.2995552032876723,0.006681859049020478,36.713674266025194,1.0986122886651097,0.0,0.0,Train004,10.0
135,3,2,0.0001388888888888889,0.0,10.643759669511418,1.3608036846579834,1.3510692766776362,-0.3368576091348896,1.3924299764132864,0.12143332936017437,0.9720469409329154,44.52835812518605,0.6931471805579453,0,0,2.0,0.0001388888888888889,0.0,10.04377290853303,1.002023207667285,0.9961440981060964,-0.24438984125394722,1.0256970394921472,-1.0046090862715213,0.9782580730203924,49.40548548589591,0.6931471805579453,0.0,0.0,Train004,10.0
135,4,0,0.0,0.0,0.0,0.0,0.0,0.0,0.0,0.0,0.0,0.0,0.0,0,0,0.0,0.0,0.0,0.0,0.0,0.0,0.0,0.0,0.0,0.0,0.0,0.0,0.0,0.0,Train004,10.0
135,5,2,0.0001388888888888889,0.0,10.218650314988817,0.228113791298318,-10.213373293012502,0.22466364771514774,10.21584395813805,1.1584339866890403,0.00027476781593116506,76.9857757543503,0.6931471805579453,0,0,2.0,0.0001388888888888889,0.0,9.380539754015304,0.7733461539518118,-9.378530514524652,0.11436469780141581,9.379466343909797,-0.3380273442427484,0.0001077491346675119,77.90882144893929,0.6931471805579453,0.0,0.0,Train004,10.0
136,0,0,0.0,0.0,0.0,0.0,0.0,0.0,0.0,0.0,0.0,0.0,0.0,0,0,0.4,2.7777777777777772e-05,-0.2,3.5774978502155177,0.0,-3.5762649738039465,-0.09390809287040505,3.5774978502155177,-3.2680838728066126,0.0,0.0,-4.000355602327364e-13,0.0,0.2,Train004,10.0
136,1,2,0.0001388888888888889,0.0,7.187387188519718,1.0440134876763838,-7.161409361296421,0.5269172892989556,7.180767777182756,-4.647044201744985,0.0009408362642957524,31.085516501778624,0.6931471805579453,0,0,2.0,0.0001388888888888889,0.0,7.238125906785245,0.7448854260965384,-7.223315759326619,0.3836935077837397,7.234871278442458,-1.1278155950873008,0.00044445708152920373,32.00368133038973,0.6931471805579453,0.0,0.0,Train004,10.0
136,2,3,0.00020833333333333335,0.0,9.061421108575074,1.137619488184167,-8.775960158978682,1.0917807091423952,8.84361135672733,-4.533203199963829,0.022441977841038074,37.01058083643057,1.0986122886651097,0,0,3.0,0.00020833333333333335,0.0,8.478754310968009,0.9900476307369483,-8.335054545331143,0.4657587479782414,8.368563568309934,1.4761747896956792,0.011147221237428905,36.799851392602015,1.0986122886651097,0.0,0.0,Train004,10.0
136,3,2,0.0001388888888888889,0.0,10.020951231207036,1.3184730125223165,1.3088082988535863,-0.3265208117280649,1.3489236463342071,-6.228084383043813,0.9713103668319617,43.84672214900021,0.6931471805579453,0,0,2.0,0.0001388888888888889,0.0,9.94849187251059,1.0910149222604264,1.0839917344327552,-0.26880279499764725,1.1168251750059852,-0.952810360224413,0.9760931992926887,47.74468708230446,0.6931471805579453,0.0,0.0,Train004,10.0
136,4,0,0.0,0.0,0.0,0.0,0.0,0.0,0.0,0.0,0.0,0.0,0.0,0,0,0.0,0.0,0.0,0.0,0.0,0.0,0.0,0.0,0.0,0.0,0.0,0.0,0.0,0.0,Train004,10.0
136,5,2,0.0001388888888888889,0.0,9.655191611985156,0.14071287807422106,-9.649600480606185,0.22469297112288256,9.65221613758142,-5.634587030036622,0.00030823900066156984,76.83589742199837,0.6931471805579453,0,0,2.0,0.0001388888888888889,0.0,9.376545069857276,0.567237924439045,-9.373496876815413,0.1460919019002301,9.374910736053419,-0.039946841580299264,0.0001658125604651728,77.59587192043179,0.6931471805579453,0.0,0.0,Train004,10.0
137,0,0,0.0,0.0,0.0,0.0,0.0,0.0,0.0,0.0,0.0,0.0,0.0,0,0,0.2,1.388888888888889e-05,-0.2,1.7057238279075058,0.0,-1.7051230461617266,-0.04526780908757763,1.7057238279075058,-1.6605019440050655,0.0,0.0,-2.000177801163682e-13,0.0,0.2,Train004,10.0
137,1,2,0.0001388888888888889,0.0,6.602761529768517,0.9788067347983773,-6.577837436705233,0.4932596694226203,6.59630581804693,-5.846256587512015,0.0009997091001734404,31.026984887463673,0.6931471805579453,0,0,2.0,0.0001388888888888889,0.0,7.1297306670491425,0.864568205586254,-7.1105206190032915,0.44155019457411926,7.1251873597293125,-1.0839523973610485,0.000644053140824763,31.615948538035326,0.6931471805579453,0.0,0.0,Train004,10.0
137,2,3,0.00020833333333333335,0.0,8.370359996146423,1.0647867967478932,-8.09250672951062,1.0429072980959229,8.159431401733604,-6.910611124286501,0.02350938046357709,37.029471456806625,1.0986122886651097,0,0,3.0,0.00020833333333333335,0.0,8.624111740512584,1.0348974679282386,-8.426128675253462,0.7321471137474772,8.47192914597891,1.453574295445765,0.015823578300896403,36.884022160585644,1.0986122886651097,0.0,0.0,Train004,10.0
137,3,2,0.0001388888888888889,0.0,9.214479813496135,1.2260945135150858,1.217020360661623,-0.3036973668849418,1.254340722817287,-8.064714177109003,0.9710163994352409,43.64921857220161,0.6931471805579453,0,0,2.0,0.0001388888888888889,0.0,9.860627659968927,1.176520013559426,1.1684458156612847,-0.29089622383058766,1.2041127083491117,-0.8786421254166192,0.9739715659494177,46.08756371336192,0.6931471805579453,0.0,0.0,Train004,10.0
137,4,0,0.0,0.0,0.0,0.0,0.0,0.0,0.0,0.0,0.0,0.0,0.0,0,0,0.0,0.0,0.0,0.0,0.0,0.0,0.0,0.0,0.0,0.0,0.0,0.0,0.0,0.0,Train004,10.0
137,5,2,0.0001388888888888889,0.0,8.88966897229606,0.1011621071583928,-8.884289541913574,0.21140845882105785,8.886804498863244,-7.655226396890962,0.0003222667226914222,76.77782207703893,0.6931471805579453,0,0,2.0,0.0001388888888888889,0.0,9.38305412160171,0.37434541577964897,-9.37900236873159,0.17807125087099088,9.380889259943075,0.06509051744435013,0.0002254122849672413,77.27225935182301,0.6931471805579453,0.0,0.0,Train004,10.0
138,0,0,0.0,0.0,0.0,0.0,0.0,0.0,0.0,0.0,0.0,0.0,0.0,0,0,0.0,0.0,-0.2,0.0,0.0,0.0,0.0,0.0,0.0,0.0,0.0,0.0,0.0,0.2,Train004,10.0
138,1,2,0.0001388888888888889,0.0,6.010926786567486,0.8985236935225926,-5.987830692185245,0.4525222766878948,6.0049057285834575,-5.918347432010305,0.00102459121242926,31.01102094765744,0.6931471805579453,0,0,2.0,0.0001388888888888889,0.0,7.029243644452035,0.9767560986369166,-7.005958571724226,0.49452559215715386,7.023499613435343,-1.0048702259710667,0.0008484344417467149,31.2213665277334,0.6931471805579453,0.0,0.0,Train004,10.0
138,2,3,0.00020833333333333335,0.0,7.637132133907073,0.9772296722466917,-7.3781913195590505,0.9645462564182902,7.440971484207359,-7.332278622393505,0.02395468691394753,37.03249299067935,1.0986122886651097,0,0,3.0,0.00020833333333333335,0.0,8.760267175658251,1.0762883128194471,-8.511677859179036,0.9777456446484585,8.569036166448562,1.3615543514566633,0.020587926619794805,36.96739343314457,1.0986122886651097,0.0,0.0,Train004,10.0
138,3,2,0.0001388888888888889,0.0,8.391785010594457,1.1217940441559495,1.1134589501763448,-0.27788567257685304,1.147611119130212,-8.226948029016782,0.9708947967788595,43.630879797622434,0.6931471805579453,0,0,2.0,0.0001388888888888889,0.0,9.780518412276889,1.25578332247057,1.246752499436847,-0.31088338008091354,1.2849281553876348,-0.8010924769203843,0.9718679090268288,44.43097083770801,0.6931471805579453,0.0,0.0,Train004,10.0
138,4,0,0.0,0.0,0.0,0.0,0.0,0.0,0.0,0.0,0.0,0.0,0.0,0,0,0.0,0.0,0.0,0.0,0.0,0.0,0.0,0.0,0.0,0.0,0.0,0.0,0.0,0.0,Train004,10.0
138,5,2,0.0001388888888888889,0.0,8.099467125990927,0.08080762413991849,-8.094477521021426,0.1943048377845789,8.096809291832658,-7.9020184630513235,0.00032818193393879813,76.75505746802102,0.6931471805579453,0,0,2.0,0.0001388888888888889,0.0,9.393156988316175,0.1976824071224607,-9.388173863624598,0.20825173468663233,9.390503704287408,0.10102866714465293,0.00028561038543066796,76.94585186490298,0.6931471805579453,0.0,0.0,Train004,10.0
139,0,0,0.0,0.0,0.0,0.0,0.0,0.0,0.0,0.0,0.0,0.0,0.0,0,0,0.0,0.0,0.0,0.0,0.0,0.0,0.0,0.0,0.0,0.0,0.0,0.0,0.0,0.0,Train004,10.0
139,1,2,0.0001388888888888889,0.0,8.107747566878619,1.7071151989941267,-8.081245492055599,0.5589999641025801,8.100556132929123,20.968207803111312,0.0009281486613974543,29.089125333940565,0.6931471805579453,0,0,2.0,0.0001388888888888889,0.0,7.112182936085712,1.1366518866915505,-7.087139534478736,0.5132318461647329,7.105722474334492,0.8293929163367686,0.0009389070968155222,30.693927996783835,0.6931471805579453,0.0,0.0,Train004,10.0
139,2,5,0.00034722222222222224,2.0,6.206933845247934,5.097702537856615,-6.198820940106081,-0.060753191962362486,6.199118646858701,27.07757608172817,0.8006202082850924,19.895747710424363,1.6094379124291003,2,0,3.4,0.00023611111111111115,0.4,8.158117702489593,1.8871254986304051,-7.939884357031948,0.8171825180102911,7.991233000256967,2.2544170619773234,0.17807106284746277,33.58410951764888,1.200777413417908,0.4,0.0,Train004,10.0
139,3,3,0.00020833333333333335,1.0,7.327874681392871,5.315842778405705,0.9692193824289159,0.02800072830232064,0.9696237683046706,26.000270114948492,0.6666650864400293,44.21211364030108,1.0986122886651097,1,0,2.2,0.00015277777777777777,0.2,9.119770081240384,2.0686016066514084,1.1919152537596212,-0.24339214640448575,1.2225858465999326,0.7203913710278144,0.9103867180838014,43.973458456862275,0.7742402021793783,0.2,0.0,Train004,10.0
139,4,1,6.944444444444444e-05,1.0,10.065722136664284,0.0,-10.065464512232412,0.07201586994107133,10.065722136664284,18.85447386533439,0.0,0.0,-1.000088900581841e-12,1,0,0.2,1.388888888888889e-05,0.2,2.0131444273328567,0.0,-2.0130929024464823,0.014403173988214288,2.0131444273328567,3.7708947730668774,0.0,0.0,-2.000177801163682e-13,0.2,0.0,Train004,10.0
139,5,1,6.944444444444444e-05,-1.0,10.818482849598004,0.0,-10.814832095380398,0.28103009763401304,10.818482849598004,27.998233477469956,0.0,0.0,-1.000088900581841e-12,0,1,1.8,0.000125,-0.2,9.536292174971791,0.11015928013417006,-9.531314586386817,0.22722000261553604,9.534031347202674,1.5929671148360178,0.00024669109464459105,61.47091054428172,0.5545177444461563,0.0,0.2,Train004,10.0
140,0,0,0.0,0.0,0.0,0.0,0.0,0.0,0.0,0.0,0.0,0.0,0.0,0,0,0.0,0.0,0.0,0.0,0.0,0.0,0.0,0.0,0.0,0.0,0.0,0.0,0.0,0.0,Train004,10.0
140,1,2,0.0001388888888888889,0.0,8.357889463784543,1.8872155697889852,-8.331655632823566,0.5630203198691001,8.350657307334924,2.5014189690592525,0.0009118189450999514,28.369574356403987,0.6931471805579453,0,0,2.0,0.0001388888888888889,0.0,7.253342507103777,1.3031349369560932,-7.227995723013213,0.5189439038762302,7.246638552815438,1.4115957101806513,0.0009610208366791717,30.116444405448856,0.6931471805579453,0.0,0.0,Train004,10.0
140,2,5,0.00034722222222222224,0.0,6.4542385276928105,5.297009494177997,-6.44812487176726,-0.2790789025513848,6.454161401433406,2.4730468244487582,0.7988718060787159,20.953919775536434,1.6094379124291003,0,0,3.8,0.0002638888888888889,0.4,7.546017122313863,2.714869597842673,-7.378720803984339,0.5518804338285722,7.41945885819208,2.1549059919066185,0.3338796119164742,30.384442553975468,1.3029425381707058,0.4,0.0,Train004,10.0
140,3,3,0.00020833333333333335,0.0,7.500664481932006,5.441144932570426,0.9908534485910773,0.10035588180467321,0.9959226172738644,1.7278980053913469,0.6666618626174248,43.33517148134175,1.0986122886651097,0,0,2.4,0.00016666666666666666,0.2,8.491151043724502,2.884669856233897,1.1198720881423094,-0.15594944821657317,1.143284374772048,1.0416843062340488,0.8493097024207034,43.734821128093415,0.855333223800811,0.2,0.0,Train004,10.0
140,4,1,6.944444444444444e-05,0.0,10.128341961932879,0.0,-10.128231853317624,-0.04722735745958648,10.128341961932879,0.6261982526859455,1.1102230246251565e-16,0.0,-1.000088900581841e-12,0,0,0.4,2.777777777777778e-05,0.2,4.038812819719433,0.0,-4.038739273110007,0.004957702496296993,4.038812819719433,3.8961344236040665,2.2204460492503132e-17,0.0,-4.000355602327364e-13,0.2,0.0,Train004,10.0
140,5,1,6.944444444444444e-05,0.0,11.153835827006708,0.0,-11.147789705001854,0.36720341620560903,11.153835827006708,3.3535297740870362,0.0,0.0,-1.000088900581841e-12,0,0,1.6,0.00011111111111111112,-0.2,9.72332927737537,0.06453652187450647,-9.718197868784689,0.25572795631362827,9.721629720976406,2.031986272315617,0.00019173753145835805,46.07375539341166,0.4158883083343672,0.0,0.2,Train004,10.0
141,0,0,0.0,0.0,0.0,0.0,0.0,0.0,0.0,0.0,0.0,0.0,0.0,0,0,0.0,0.0,0.0,0.0,0.0,0.0,0.0,0.0,0.0,0.0,0.0,0.0,0.0,0.0,Train004,10.0
141,1,2,0.0001388888888888889,0.0,7.952351203266863,1.8385461092893571,-7.927746056805239,0.531248608300443,7.945525950181786,-4.055382605176803,0.0009067566728953036,28.107865720126973,0.6931471805579453,0,0,2.0,0.0001388888888888889,0.0,7.406335310053206,1.4620414612786878,-7.381263062114977,0.5198101676765277,7.399590187415244,1.5299280294942879,0.000954204918399082,29.520914249118526,0.6931471805579453,0.0,0.0,Train004,10.0
141,2,5,0.00034722222222222224,0.0,6.164222956627839,5.058596355476151,-6.154542996489038,-0.3383949237010588,6.163838951499213,-2.9001557106497096,0.7982788330061542,21.33724469612303,1.6094379124291003,0,0,4.2,0.0002916666666666667,0.4,6.966577491924416,3.4990649713010695,-6.8544373714864095,0.2658453072598814,6.883504377146457,2.4815154897694423,0.48904698294949744,27.249775325913966,1.4051076629235042,0.4,0.0,Train004,10.0
141,3,3,0.00020833333333333335,0.0,7.119043346571961,5.164358135578889,0.9399822044745397,0.119552581204016,0.9475544123697374,-3.8162113536004463,0.6666609291396564,43.04295569396286,1.0986122886651097,0,0,2.6,0.00018055555555555557,0.2,7.910769466797487,3.6538468808452107,1.0461068692665,-0.066734769630157,1.0630105279791544,1.524058912122722,0.7883798148822422,43.57406783708595,0.936426245422244,0.2,0.0,Train004,10.0
141,4,1,6.944444444444444e-05,0.0,9.552581440142857,0.0,-9.552196182074205,-0.08579201436477239,9.552581440142857,-5.757605217900217,0.0,0.0,-1.000088900581841e-12,0,0,0.6,4.1666666666666665e-05,0.2,5.949329107748004,0.0,-5.949178509524848,-0.012200700376657487,5.949329107748004,2.744613380024023,2.2204460492503132e-17,0.0,-6.000533403491046e-13,0.2,0.0,Train004,10.0
141,5,1,6.944444444444444e-05,0.0,10.613100107950268,0.0,-10.606456410518074,0.37546812535026375,10.613100107950268,-5.40735719056439,0.0,0.0,-1.000088900581841e-12,0,0,1.4,9.722222222222222e-05,-0.2,9.914910976568393,0.03639394625966226,-9.909569054767065,0.28588298715910454,9.913806515050176,2.0774322402100633,0.00013008973132604406,30.706575909011985,0.27725887222257806,0.0,0.2,Train004,10.0
142,0,0,0.0,0.0,0.0,0.0,0.0,0.0,0.0,0.0,0.0,0.0,0.0,0,0,0.0,0.0,0.0,0.0,0.0,0.0,0.0,0.0,0.0,0.0,0.0,0.0,0.0,0.0,Train004,10.0
142,1,2,0.0001388888888888889,0.0,7.343156937198558,1.7133505638221207,-7.320565149975482,0.4889277977627776,7.336874300849151,-6.091942660683047,0.0009048596648213447,28.02017258427505,0.6931471805579453,0,0,2.0,0.0001388888888888889,0.0,7.554414391539214,1.6089502270834362,-7.529808604769026,0.5189437933445591,7.5477038839756885,1.4807908148600812,0.0009352350313286628,28.9195517884808,0.6931471805579453,0.0,0.0,Train004,10.0
142,2,5,0.00034722222222222224,0.0,5.700901787749077,4.678355362640827,-5.689946655164921,-0.3390385475708051,5.7000386029711585,-4.633211688787625,0.7980489270206902,21.4625524969563,1.6094379124291003,0,0,4.6,0.00031944444444444446,0.4,6.432685850244947,4.221778684479657,-6.373925356617271,-0.010543861873464155,6.391625817393967,2.9369953768692176,0.64395489226092,24.136391533943897,1.5072727876763021,0.4,0.0,Train004,10.0
142,3,3,0.00020833333333333335,0.0,6.567268795300412,4.764110715999988,0.8669495819500034,0.11917135655507033,0.8751019311294321,-5.517745512715499,0.6666605909494339,42.95776875688542,1.0986122886651097,0,0,2.8,0.00019444444444444446,0.2,7.381327263158342,4.361450121342192,0.9760927135241761,0.01783897505784543,0.9871627696415833,2.033452645001423,0.7275086531850807,43.43577787402271,1.0175192670436768,0.2,0.0,Train004,10.0
142,4,1,6.944444444444444e-05,0.0,8.789308932703213,0.0,-8.78880513333999,-0.09410548694491891,8.789308932703213,-7.632725074396447,0.0,0.0,-1.000088900581841e-12,0,0,0.8,5.555555555555556e-05,0.2,7.7071908942886465,0.0,-7.706939536192846,-0.03102179776564127,7.7071908942886465,1.218068365144734,2.2204460492503132e-17,0.0,-8.000711204654728e-13,0.2,0.0,Train004,10.0
142,5,1,6.944444444444444e-05,0.0,9.800147862768112,0.0,-9.793671956280098,0.3562130610900459,9.800147862768112,-8.129522451821565,1.1102230246251565e-16,0.0,-1.000088900581841e-12,0,0,1.2,8.333333333333333e-05,-0.2,10.097006754662804,0.0161615248279837,-10.09144553764037,0.31484390761290215,10.09647518783115,1.9825730292239427,6.563638678778184e-05,15.351011493604204,0.13862943611078898,0.0,0.2,Train004,10.0
143,0,0,0.0,0.0,0.0,0.0,0.0,0.0,0.0,0.0,0.0,0.0,0.0,0,0,0.0,0.0,0.0,0.0,0.0,0.0,0.0,0.0,0.0,0.0,0.0,0.0,0.0,0.0,Train004,10.0
143,1,3,0.00020833333333333335,1.0,7.134823465909878,1.421512352427901,-7.120941113464975,0.26648007576046534,7.125925481803266,-6.903841364568996,0.0011170967769994489,42.73447536673803,1.0986122886651097,1,0,2.2,0.00015277777777777777,0.2,7.779193727407692,1.713547958864498,-7.756430689024972,0.48173535315907323,7.7719078346196495,1.283692028348343,0.0009537361442427006,31.264242672296916,0.7742402021793782,0.2,0.0,Train004,10.0
143,2,5,0.00034722222222222224,0.0,5.204264266644356,4.2708165890615275,-5.193421241307748,-0.3192850594124514,5.2032266084450445,-4.966375211047204,0.7979549616530829,21.490782557495237,1.6094379124291003,0,0,5.0,0.00034722222222222224,0.4,5.9461122767924035,4.880496067842624,-5.93697134096701,-0.2673101250396125,5.944076842241505,3.410176059138478,0.7987549472087471,21.028049447307076,1.6094379124291003,0.4,0.0,Train004,10.0
143,3,3,0.00020833333333333335,0.0,5.988920883683736,4.344568338125938,0.7905304073243794,0.11201866337289644,0.7984275207232648,-5.783479116166748,0.6666604567024632,42.9475499777079,1.0986122886651097,0,0,3.0,0.00020833333333333335,0.2,6.900754437776198,5.006004980136188,0.9115070049537831,0.09581984224779533,0.917326049960194,2.5221464275714296,0.6666617851698015,43.2991119100398,1.0986122886651097,0.2,0.0,Train004,10.0
143,4,0,0.0,-1.0,0.0,0.0,0.0,0.0,0.0,0.0,0.0,0.0,0.0,0,1,0.8,5.555555555555556e-05,0.0,7.7071908942886465,0.0,-7.706939536192846,-0.03102179776564127,7.7071908942886465,1.218068365144734,2.2204460492503132e-17,0.0,-8.000711204654728e-13,0.2,0.2,Train004,10.0
143,5,1,6.944444444444444e-05,0.0,8.940640382134255,0.0,-8.934601802790315,0.32854386042935824,8.940640382134255,-8.59507480633857,0.0,0.0,-1.000088900581841e-12,0,0,1.0,6.944444444444444e-05,-0.2,10.26524140589147,0.0,-10.259470393994148,0.341691712141858,10.26524140589147,1.8439617605664935,2.2204460492503132e-17,0.0,-1.000088900581841e-12,0.0,0.2,Train004,10.0
144,0,0,0.0,0.0,0.0,0.0,0.0,0.0,0.0,0.0,0.0,0.0,0.0,0,0,0.0,0.0,0.0,0.0,0.0,0.0,0.0,0.0,0.0,0.0,0.0,0.0,0.0,0.0,Train004,10.0
144,1,2,0.0001388888888888889,-1.0,7.8452292730176545,1.1289496528933562,-7.829674283292734,0.4041073499484554,7.840095798696464,11.4605446020207,0.0006681847316583056,28.64905337560344,0.6931471805579453,0,1,2.2,0.00015277777777777777,0.0,7.7266900686355005,1.597914849644344,-7.706116447272398,0.45075683032824826,7.7198157677731185,-0.6178406118697793,0.0009017433582948709,31.176228280629495,0.7742402021793782,0.2,0.2,Train004,10.0
144,2,5,0.00034722222222222224,0.0,8.25154926399428,3.7472206335261378,-4.182418669371469,-0.2347092718399148,4.188999208426116,30.47284997349923,0.40000340451266714,22.87856316592707,1.6094379124291003,0,0,5.0,0.00034722222222222224,0.0,6.355035360541672,4.610399686976528,-5.533690886820088,-0.3021013410151229,5.542052954554988,4.089230837492689,0.7186315864542621,21.62461253840761,1.6094379124291003,0.0,0.0,Train004,10.0
144,3,3,0.00020833333333333335,0.0,7.965423216498675,4.075204497913723,1.198510408140609,0.24528467812058272,1.2233526767625462,19.765023328149393,0.6708871533067192,40.9709562811758,1.0986122886651097,0,0,3.0,0.00020833333333333335,0.0,7.028264144797357,4.757877324037793,0.9573652100961217,0.13927663221144773,0.9680718316517691,1.27509707021161,0.6675061985431394,42.65088043821474,1.0986122886651097,0.0,0.0,Train004,10.0
144,4,1,6.944444444444444e-05,1.0,10.507333466942866,0.0,-10.505239979880042,0.20973686053614396,10.507333466942866,25.01212694844403,0.0,0.0,-1.000088900581841e-12,1,0,0.8,5.555555555555556e-05,0.0,7.795513160344363,0.0,-7.794894629722373,-0.0034775996466267444,7.795513160344363,2.4495989817666617,2.2204460492503132e-17,0.0,-8.000711204654728e-13,0.2,0.2,Train004,10.0
144,5,1,6.944444444444444e-05,0.0,10.189528161250943,0.0,-10.172189833951355,0.5941701195640228,10.189528161250943,12.488877791166875,1.1102230246251565e-16,0.0,-1.000088900581841e-12,0,0,1.0,6.944444444444444e-05,0.0,10.139450468222057,0.0,-10.13094194170834,0.4043197165278599,10.139450468222057,-1.2579093766941227,4.4408920985006264e-17,0.0,-1.000088900581841e-12,0.0,0.0,Train004,10.0
145,0,0,0.0,0.0,0.0,0.0,0.0,0.0,0.0,0.0,0.0,0.0,0.0,0,0,0.0,0.0,0.0,0.0,0.0,0.0,0.0,0.0,0.0,0.0,0.0,0.0,0.0,0.0,Train004,10.0
145,1,2,0.0001388888888888889,0.0,7.781049483291594,0.9099881234317602,-7.7678844854155455,0.3659586599755797,7.776500184502708,-0.6417978972606031,0.000592773723633977,28.904816102204943,0.6931471805579453,0,0,2.2,0.00015277777777777777,0.0,7.611322072536909,1.402469360372899,-7.593362217790795,0.4113444983495442,7.6049843432066755,-1.2464839851337506,0.0008379343140016759,31.283276629789686,0.7742402021793782,0.2,0.2,Train004,10.0
145,2,5,0.00034722222222222224,0.0,8.279030151418793,3.7857038330921733,-4.030817687896631,-0.19153047386559907,4.035365554132553,0.274808874245152,0.4000078176498376,22.92574443634026,1.6094379124291003,0,0,5.0,0.00034722222222222224,0.0,6.719993685286869,4.308138554759363,-5.050229450045961,-0.2845916552779658,5.058293785094817,3.649583247451968,0.6388587887684865,22.01897747056838,1.6094379124291003,0.0,0.0,Train004,10.0
145,3,3,0.00020833333333333335,0.0,7.999514449735551,4.006890073779074,1.1043953259727555,0.1945382101195443,1.121398301776396,0.3409123323687539,0.6729665994701827,40.36481875177722,1.0986122886651097,0,0,3.0,0.00020833333333333335,0.0,7.128034138358066,4.471026352279522,0.9800735855724575,0.15811309787442193,0.9931669685522753,0.9976999356070915,0.668767145913691,42.05680989230184,1.0986122886651097,0.0,0.0,Train004,10.0
145,4,1,6.944444444444444e-05,0.0,10.757257958009772,0.0,-10.753022036747096,0.3018540249788335,10.757257958009772,2.499244910669063,1.1102230246251565e-16,0.0,-1.000088900581841e-12,0,0,0.8,5.555555555555556e-05,0.0,7.921296359559742,0.0,-7.919852666408266,0.06633867684105725,7.921296359559742,2.824208313363285,2.2204460492503132e-17,0.0,-8.000711204654728e-13,0.2,0.2,Train004,10.0
145,5,1,6.944444444444444e-05,0.0,10.023532576914777,0.0,-10.00234782563946,0.6513396160202017,10.023532576914777,-1.659955843361658,1.1102230246251565e-16,0.0,-1.000088900581841e-12,0,0,1.0,6.944444444444444e-05,0.0,9.913389818203672,0.0,-9.90185356583586,0.4611469564907785,9.913389818203672,-2.2606065001838616,6.661338147750939e-17,0.0,-1.000088900581841e-12,0.0,0.0,Train004,10.0
146,0,0,0.0,0.0,0.0,0.0,0.0,0.0,0.0,0.0,0.0,0.0,0.0,0,0,0.0,0.0,0.0,0.0,0.0,0.0,0.0,0.0,0.0,0.0,0.0,0.0,0.0,0.0,Train004,10.0
146,1,2,0.0001388888888888889,0.0,7.300437268527409,0.7804268723730066,-7.28884496303942,0.3311619213489751,7.296364102303055,-4.806122147641854,0.0005643861077890833,29.008300772285622,0.6931471805579453,0,0,2.2,0.00015277777777777777,0.0,7.480939285589018,1.190845512989629,-7.4655819990376315,0.3713271609592506,7.475151973630929,-1.3966318936267608,0.0007694602009804319,31.463363640221417,0.7742402021793782,0.2,0.2,Train004,10.0
146,2,5,0.00034722222222222224,0.0,7.622388834302851,3.5183911232103706,-3.886733819350791,-0.1652617108983633,3.890245649772549,-6.56641317115943,0.4000128721797064,22.957313984095787,1.6094379124291003,0,0,5.0,0.00034722222222222224,0.0,7.011626860821872,4.000097508306207,-4.596667614618312,-0.24996501271742672,4.603575124749484,2.916331755350024,0.5592055966031968,22.34299132816293,1.6094379124291003,0.0,0.0,Train004,10.0
146,3,3,0.00020833333333333335,0.0,7.4798193229363354,3.833637637799033,0.9525826573838403,0.13842229662282587,0.9625873733593208,-5.196951267992151,0.6736775459113848,40.17485413179748,1.0986122886651097,0,0,3.0,0.00020833333333333335,0.0,7.200189333630942,4.204882252723551,0.9825936761543176,0.16188704095818393,0.996173560750192,0.7215519527287506,0.6701704692680368,41.483189579868764,1.0986122886651097,0.0,0.0,Train004,10.0
146,4,1,6.944444444444444e-05,0.0,10.20997994971619,0.0,-10.205088089756627,0.3160184391994272,10.20997994971619,-5.472780082935813,1.1102230246251565e-16,0.0,-1.000088900581841e-12,0,0,0.8,5.555555555555556e-05,0.0,8.052776061474407,0.0,-8.050431047944752,0.14670076755389716,8.052776061474407,2.881173340356166,4.4408920985006264e-17,0.0,-8.000711204654728e-13,0.2,0.2,Train004,10.0
146,5,1,6.944444444444444e-05,0.0,9.375509915874579,0.0,-9.354129780825222,0.6328050459195538,9.375509915874579,-6.480226610401978,0.0,0.0,-1.000088900581841e-12,0,0,1.0,6.944444444444444e-05,0.0,9.665871779788532,0.0,-9.65138823989729,0.5126143406046365,9.665871779788533,-2.475180384151379,6.661338147750939e-17,0.0,-1.000088900581841e-12,0.0,0.0,Train004,10.0
147,0,0,0.0,0.0,0.0,0.0,0.0,0.0,0.0,0.0,0.0,0.0,0.0,0,0,0.0,0.0,0.0,0.0,0.0,0.0,0.0,0.0,0.0,0.0,0.0,0.0,0.0,0.0,Train004,10.0
147,1,2,0.0001388888888888889,0.0,6.703597423911508,0.6894962727511658,-6.693229071504887,0.2995782285887485,6.699930038342381,-5.9683984461590045,0.0005529283139283914,29.052839983448937,0.6931471805579453,0,0,2.2,0.00015277777777777777,0.0,7.353027382931609,0.986074654775438,-7.340114783343512,0.33345724712444486,7.347763121129574,-1.3719230507219522,0.0006990739308018412,31.66989712005619,0.7742402021793782,0.2,0.2,Train004,10.0
147,2,5,0.00034722222222222224,0.0,6.860562760278898,3.207525009702437,-3.6771825715629363,-0.14640908424531124,3.6800960971903653,-7.6182607402395135,0.40001538537309156,22.97201851789449,1.6094379124291003,0,0,5.0,0.00034722222222222224,0.0,7.243559055327836,3.7059314377185286,-4.194114797897915,-0.21143912005232793,4.199586623593325,2.319321945059646,0.47959888827367714,22.644884532350567,1.6094379124291003,0.0,0.0,Train004,10.0
147,3,3,0.00020833333333333335,0.0,6.830106987778859,3.5884404182386076,0.8180566586122189,0.09793139312216925,0.8238975994980428,-6.497123351574767,0.6739545619153677,40.12366101575601,1.0986122886651097,0,0,3.0,0.00020833333333333335,0.0,7.2527569721266305,3.969748193171275,0.9728150914867607,0.15763904827160372,0.985932694423914,0.5256763849568971,0.6716292634612235,40.916368031642875,1.0986122886651097,0.0,0.0,Train004,10.0
147,4,1,6.944444444444444e-05,0.0,9.41831336983515,0.0,-9.413460468094305,0.3023057194981848,9.41831336983515,-7.916665798810403,0.0,0.0,-1.000088900581841e-12,0,0,0.8,5.555555555555556e-05,0.0,8.178576948900796,0.0,-8.175362114895615,0.22598300884251793,8.178576948900796,2.8243851954733747,4.4408920985006264e-17,0.0,-8.000711204654728e-13,0.2,0.2,Train004,10.0
147,5,1,6.944444444444444e-05,0.0,8.598309731022445,0.0,-8.578105855228856,0.5890926642589474,8.598309731022445,-7.772001848521342,1.1102230246251565e-16,0.0,-1.000088900581841e-12,0,0,1.0,6.944444444444444e-05,0.0,9.4255041534394,0.0,-9.408275019687043,0.5591902612384169,9.4255041534394,-2.4036762634913345,6.661338147750939e-17,0.0,-1.000088900581841e-12,0.0,0.0,Train004,10.0
148,0,0,0.0,0.0,0.0,0.0,0.0,0.0,0.0,0.0,0.0,0.0,0.0,0,0,0.0,0.0,0.0,0.0,0.0,0.0,0.0,0.0,0.0,0.0,0.0,0.0,0.0,0.0,Train004,10.0
148,1,2,0.0001388888888888889,0.0,6.101578869612307,0.6173243543745097,-6.092245315422835,0.2709701011325459,6.098268424643118,-6.020185542992009,0.0005481681951901018,29.074299202757548,0.6931471805579453,0,0,2.0,0.0001388888888888889,-0.2,7.146378463672095,0.8252370551647596,-7.134375623735084,0.3343552521988609,7.142231709697545,-1.1951918864065547,0.0005852882144399719,28.9378618872601,0.6931471805579453,0.0,0.2,Train004,10.0
148,2,5,0.00034722222222222224,0.0,6.142067764383453,2.912727427025584,-3.4286730319065795,-0.13124097623892955,3.431183899701035,-7.18494995895446,0.40001650652557186,22.97746389649303,1.6094379124291003,0,0,5.0,0.00034722222222222224,0.0,7.431119754875655,3.4343136053113406,-3.8411651560176816,-0.17383030341762357,3.845178081844524,1.8756069954781953,0.4000111972481749,22.942220800150128,1.6094379124291003,0.0,0.0,Train004,10.0
148,3,3,0.00020833333333333335,0.0,6.185369259229557,3.3158420367891877,0.7080465436227779,0.07054388418362591,0.7115520694452901,-6.447377285493023,0.6740680373887209,40.120922439945964,1.0986122886651097,0,0,3.0,0.00020833333333333335,0.0,7.292046647235796,3.7640029329039253,0.9563183187464404,0.1493440924337496,0.9685576041683192,0.392896751091642,0.6731107795984751,40.351042524090495,1.0986122886651097,0.0,0.0,Train004,10.0
148,4,1,6.944444444444444e-05,0.0,8.588548643994132,0.0,-8.583991986905197,0.27973090462233,8.588548643994132,-8.297647258410183,0.0,0.0,-1.000088900581841e-12,0,0,1.0,6.944444444444444e-05,0.2,9.896286677699623,0.0,-9.892160512276652,0.2819291897669839,9.896286677699623,1.1648557437913383,4.4408920985006264e-17,0.0,-1.000088900581841e-12,0.2,0.0,Train004,10.0
148,5,1,6.944444444444444e-05,0.0,7.822062801224707,0.0,-7.803454973563186,0.5392188255942918,7.822062801224707,-7.762469297977379,1.1102230246251565e-16,0.0,-1.000088900581841e-12,0,0,1.0,6.944444444444444e-05,0.0,9.20178863725749,0.0,-9.182045653841616,0.6013252542714035,9.20178863725749,-2.2371551618190963,8.881784197001253e-17,0.0,-1.000088900581841e-12,0.0,0.0,Train004,10.0
149,0,0,0.0,0.0,0.0,0.0,0.0,0.0,0.0,0.0,0.0,0.0,0.0,0,0,0.0,0.0,0.0,0.0,0.0,0.0,0.0,0.0,0.0,0.0,0.0,0.0,0.0,0.0,Train004,10.0
149,1,3,0.00020833333333333335,1.0,9.302355362723901,1.7298321233134364,-9.290301096350989,-0.08874980034155244,9.290724997970882,20.839691248337406,0.001130609207254607,46.14234970752642,1.0986122886651097,1,0,2.2,0.00015277777777777777,0.2,7.437803681613343,0.9454135492487759,-7.426500986346736,0.23578382214085933,7.43235754955243,0.6806374428567864,0.0006777731095592321,32.4365211536447,0.7742402021793782,0.2,0.0,Train004,10.0
149,2,3,0.00020833333333333335,-2.0,8.26707065717031,1.2981752910403845,-2.2687820482728767,-0.2605974994892535,2.283699419649031,34.287788699276796,0.6666666666666667,37.63986016973376,1.0986122886651097,0,2,4.6,0.00031944444444444446,-0.4,7.434224033510861,2.94450453681419,-3.458437831797963,-0.1790079489474913,3.4641181240891066,2.638594740633708,0.45334384967897484,25.894480200911467,1.5072727876763021,0.0,0.4,Train004,10.0
149,3,3,0.00020833333333333335,0.0,9.053327384766153,1.9060465521136123,2.9132027766408233,-0.19043019561408317,2.91942016113293,28.679581255365964,0.669702044542863,37.50789439499605,1.0986122886651097,0,0,3.0,0.00020833333333333335,0.0,7.50962748088929,3.3301713437439027,1.299256792446483,0.062201117686816444,1.307771101042396,2.1758083365349563,0.6728737578457038,39.65843014685454,1.0986122886651097,0.0,0.0,Train004,10.0
149,4,1,6.944444444444444e-05,0.0,11.339571432649413,0.0,-11.326221845822833,0.5500717911002926,11.339571432649413,27.510227886552805,1.1102230246251565e-16,0.0,-1.000088900581841e-12,0,0,1.0,6.944444444444444e-05,0.0,10.06273427084093,0.0,-10.056356885465211,0.34999617587981363,10.06273427084093,1.664475931413093,6.661338147750939e-17,0.0,-1.000088900581841e-12,0.0,0.0,Train004,10.0
149,5,1,6.944444444444444e-05,0.0,9.727917499602269,0.0,-9.72595110095428,0.19558645381078626,9.727917499602269,19.058546983775617,0.0,0.0,-1.000088900581841e-12,0,0,1.0,6.944444444444444e-05,0.0,9.109466504927756,0.0,-9.0927979072422,0.5216085211207562,9.109466504927756,-0.9232213232973479,6.661338147750939e-17,0.0,-1.000088900581841e-12,0.0,0.0,Train004,10.0
150,0,0,0.0,0.0,0.0,0.0,0.0,0.0,0.0,0.0,0.0,0.0,0.0,0,0,0.0,0.0,0.0,0.0,0.0,0.0,0.0,0.0,0.0,0.0,0.0,0.0,0.0,0.0,Train004,10.0
150,1,3,0.00020833333333333335,0.0,9.479309286073052,1.6588199344283143,-9.46440091036297,-0.15531845881866968,9.465675275210385,1.7695392334915045,0.001300885679663244,45.992719058562614,1.0986122886651097,0,0,2.4,0.0001666666666666667,0.2,7.777455642169636,1.0951799114480867,-7.76580427133622,0.13152839838200947,7.770192567693964,1.162904869007208,0.0008193955007650855,35.85410174491623,0.855333223800811,0.2,0.0,Train004,10.0
150,2,3,0.00020833333333333335,0.0,8.727996222401798,0.8157889751072146,-2.7801031289320144,-0.3110483613881399,2.7974496404081743,4.609255652314881,0.6666666666666667,36.735177814745896,1.0986122886651097,0,0,4.2,0.0002916666666666667,-0.4,7.524017247707462,2.350521565217198,-3.2082949200050392,-0.20291152645199945,3.216534941344231,3.505484096247654,0.5066756194823407,28.656366876592593,1.405107662923504,0.0,0.4,Train004,10.0
150,3,3,0.00020833333333333335,0.0,9.397632844133264,1.5883249248995517,3.3762342298295587,-0.28344763589439,3.3881115886238033,3.443054593671103,0.6687671182844138,36.665490753839215,1.0986122886651097,0,0,3.0,0.00020833333333333335,0.0,7.789251159768834,2.846458313967999,1.7536245732178437,-0.03339605151597043,1.7611137584118772,2.7962367887954263,0.67203386160855,38.91856454726694,1.0986122886651097,0.0,0.0,Train004,10.0
150,4,1,6.944444444444444e-05,0.0,11.626400415876004,0.0,-11.61031011653995,0.611461877840164,11.626400415876004,2.8682898322659156,1.1102230246251565e-16,0.0,-1.000088900581841e-12,0,0,1.0,6.944444444444444e-05,0.0,10.236562762414177,0.0,-10.227814501423783,0.41191774645207974,10.236562762414177,1.7382849157324636,6.661338147750939e-17,0.0,-1.000088900581841e-12,0.0,0.0,Train004,10.0
150,5,1,6.944444444444444e-05,0.0,9.820341536218526,0.0,-9.82012762901486,0.06481695640697817,9.820341536218526,0.9242403661625787,1.1102230246251565e-16,0.0,-1.000088900581841e-12,0,0,1.0,6.944444444444444e-05,0.0,9.068828296788505,0.0,-9.05635386791728,0.4043039891981114,9.068828296788507,-0.40638208139250054,6.661338147750939e-17,0.0,-1.000088900581841e-12,0.0,0.0,Train004,10.0
151,0,0,0.0,0.0,0.0,0.0,0.0,0.0,0.0,0.0,0.0,0.0,0.0,0,0,0.0,0.0,0.0,0.0,0.0,0.0,0.0,0.0,0.0,0.0,0.0,0.0,0.0,0.0,Train004,10.0
151,1,3,0.00020833333333333335,0.0,8.982480853805894,1.5371693029997187,-8.967281202170431,-0.16926981279519462,8.968878660586444,-4.968284322671567,0.0013710043311790931,45.94208770812738,1.0986122886651097,0,0,2.6,0.00018055555555555557,0.2,8.113864359225333,1.246528397573429,-8.101491519162423,0.031442051553175525,8.104695479350642,1.1304724340012648,0.0009807191454430874,39.24085913208458,0.936426245422244,0.2,0.0,Train004,10.0
151,2,3,0.00020833333333333335,0.0,8.253797898665152,0.7043804367104537,-2.7863731004671908,-0.3102264390717483,2.803589752176,-4.741983237366473,0.6666666666666667,36.41904017642413,1.0986122886651097,0,0,3.8,0.0002638888888888889,-0.4,7.650299060579923,1.787719427917215,-2.9882227762283193,-0.23190447208667644,2.999203761824921,3.8703700830062444,0.5600063783797327,31.348712115058266,1.3029425381707058,0.0,0.4,Train004,10.0
151,3,3,0.00020833333333333335,0.0,8.902435907179003,1.4712490820936983,3.2767026146042775,-0.30608239455285924,3.290967404397941,-4.95196936954262,0.6684158084403182,36.38452987173746,1.0986122886651097,0,0,3.0,0.00020833333333333335,0.0,8.073774476617368,2.3739806028269315,2.2184485646619314,-0.12229698975110745,2.2267897646196015,2.845233168485332,0.6709815141143367,38.16049969525494,1.0986122886651097,0.0,0.0,Train004,10.0
151,4,1,6.944444444444444e-05,0.0,11.04089662143909,0.0,-11.024758810492472,0.5967339237664883,11.04089662143909,-5.855037944369137,0.0,0.0,-1.000088900581841e-12,0,0,1.0,6.944444444444444e-05,0.0,10.402746096758758,0.0,-10.391748645570951,0.4680608433654919,10.402746096758758,1.6618333434457988,4.4408920985006264e-17,0.0,-1.000088900581841e-12,0.0,0.0,Train004,10.0
151,5,1,6.944444444444444e-05,0.0,9.274310453371035,0.0,-9.27429730159705,0.015618805873048487,9.274310453371035,-5.460310828474917,0.0,0.0,-1.000088900581841e-12,0,0,1.0,6.944444444444444e-05,0.0,9.048588404287797,0.0,-9.040387372071645,0.2808667411888104,9.048588404287797,-0.20239892500708834,6.661338147750939e-17,0.0,-1.000088900581841e-12,0.0,0.0,Train004,10.0
152,0,0,0.0,0.0,0.0,0.0,0.0,0.0,0.0,0.0,0.0,0.0,0.0,0,0,0.0,0.0,0.0,0.0,0.0,0.0,0.0,0.0,0.0,0.0,0.0,0.0,0.0,0.0,Train004,10.0
152,1,3,0.00020833333333333335,0.0,8.280946321109786,1.4045038069464912,-8.266516362069394,-0.16413979546990437,8.268145779847977,-7.0153453269611035,0.0014002193672780772,45.928742001096346,1.0986122886651097,0,0,2.8,0.00019444444444444443,0.2,8.429334138664988,1.389529904412494,-8.416148977275324,-0.06130155325855504,8.41833862765176,0.9210830578408455,0.0011501773561130245,42.616039535614064,1.0175192670436768,0.2,0.0,Train004,10.0
152,2,3,0.00020833333333333335,0.0,7.5321157722059455,0.6822946000670609,-2.6233754260655195,-0.2916624134183565,2.6395388971343965,-7.216821264592049,0.6666666666666667,36.32032296300337,1.0986122886651097,0,0,3.4,0.00023611111111111112,-0.4,7.784609662965332,1.2826733459901394,-2.777461347128836,-0.2609551379212855,2.791092321813727,3.9506579781357374,0.6133366346384477,34.01837300408003,1.200777413417908,0.0,0.4,Train004,10.0
152,3,3,0.00020833333333333335,0.0,8.171025397000319,1.381045218704629,3.014182576415878,-0.3001920352084582,3.0290942312796507,-7.314105101786839,0.6682745967276364,36.296397817276535,1.0986122886651097,0,0,3.0,0.00020833333333333335,0.0,8.341958158461658,1.932501562920136,2.657673748222663,-0.20192167541723297,2.667829090975923,2.6818368184429175,0.6698455210767904,37.39504705555905,1.0986122886651097,0.0,0.0,Train004,10.0
152,4,1,6.944444444444444e-05,0.0,10.187188592510523,0.0,-10.171979178108616,0.5564629542937121,10.187188592510523,-8.537080289285672,0.0,0.0,-1.000088900581841e-12,0,0,1.0,6.944444444444444e-05,0.0,10.556521141293832,0.0,-10.543452387573813,0.5188922903245974,10.556521141293832,1.537750445350745,4.4408920985006264e-17,0.0,-1.000088900581841e-12,0.0,0.0,Train004,10.0
152,5,1,6.944444444444444e-05,0.0,8.538529864012743,0.0,-8.538529533952756,-0.0023741217262713762,8.538529864012743,-7.3578058935829205,0.0,0.0,-1.000088900581841e-12,0,0,1.0,6.944444444444444e-05,0.0,9.036632430885856,0.0,-9.032472107816426,0.16257338399176666,9.036632430885856,-0.11955973401940412,4.4408920985006264e-17,0.0,-1.000088900581841e-12,0.0,0.0,Train004,10.0
153,0,0,0.0,0.0,0.0,0.0,0.0,0.0,0.0,0.0,0.0,0.0,0.0,0,0,0.0,0.0,0.0,0.0,0.0,0.0,0.0,0.0,0.0,0.0,0.0,0.0,0.0,0.0,Train004,10.0
153,1,3,0.00020833333333333335,0.0,7.5496793765162495,1.2757439325189737,-7.536362825905375,-0.15269027086117107,7.537909455711451,-7.31266944593535,0.001412510789385757,45.92911465157612,1.0986122886651097,0,0,3.0,0.00020833333333333335,0.2,8.718954240045777,1.5212138200413867,-8.70497247937183,-0.14603362765729844,8.706266833865428,0.6625862772521772,0.0013230458749521556,45.98700262537777,1.0986122886651097,0.2,0.0,Train004,10.0
153,2,3,0.00020833333333333335,0.0,6.791391941663637,0.6685454998508363,-2.4127459067015167,-0.26803624608242677,2.4275885647116735,-7.40723830542309,0.6666666666666667,36.300486827422596,1.0986122886651097,0,0,3.0,0.00020833333333333335,-0.4,7.9144744984213675,0.8338369605551901,-2.5742759220878235,-0.28831419188998497,2.590373254815855,3.906200308842012,0.6666666666666667,36.682977590265956,1.0986122886651097,0.0,0.4,Train004,10.0
153,3,3,0.00020833333333333335,0.0,7.413170310821708,1.2917634022910534,2.722996042562228,-0.2833207780936975,2.7376957667186423,-7.578550861786096,0.6682164282908105,36.27735109214825,1.0986122886651097,0,0,3.0,0.00020833333333333335,0.0,8.58751836878009,1.5276858360205088,3.0606636480105527,-0.2726946078726976,3.0730578304305936,2.455602103184303,0.6686751992572084,36.6263327859995,1.0986122886651097,0.0,0.0,Train004,10.0
153,4,1,6.944444444444444e-05,0.0,9.290729835478468,0.0,-9.276737801972082,0.5097024909807211,9.290729835478468,-8.964587570320557,0.0,0.0,-1.000088900581841e-12,0,0,1.0,6.944444444444444e-05,0.0,10.6969573795907,0.0,-10.68200155058719,0.5648866075962756,10.6969573795907,1.4043623829686702,4.4408920985006264e-17,0.0,-1.000088900581841e-12,0.0,0.0,Train004,10.0
153,5,1,6.944444444444444e-05,0.0,7.780200473754471,0.0,-7.780195854336407,-0.008478205935338063,7.780200473754471,-7.583293902582717,1.1102230246251565e-16,0.0,-1.000088900581841e-12,0,0,1.0,6.944444444444444e-05,0.0,9.028259965391808,0.0,-9.02782028397107,0.05303397768584069,9.02825996539181,-0.08372465494047177,4.4408920985006264e-17,0.0,-1.000088900581841e-12,0.0,0.0,Train004,10.0
154,0,0,0.0,0.0,0.0,0.0,0.0,0.0,0.0,0.0,0.0,0.0,0.0,0,0,0.0,0.0,0.0,0.0,0.0,0.0,0.0,0.0,0.0,0.0,0.0,0.0,0.0,0.0,Train004,10.0
154,1,3,0.00020833333333333335,0.0,9.604505272416977,2.15877118544116,-9.588101335500737,-0.3360849217525279,9.593989800623117,20.54825895900729,0.0011388113502107666,44.261028621850244,1.0986122886651097,0,0,3.0,0.00020833333333333335,0.0,8.779384221984392,1.6070016324669314,-8.764532527201782,-0.1955006519394935,8.766919794395875,0.6042998193861535,0.0013246863035433875,45.61073840824254,1.0986122886651097,0.0,0.0,Train004,10.0
154,2,3,0.00020833333333333335,0.0,8.212665612706932,1.420346537701089,-3.3930120960438117,-0.35869839322924574,3.4119196387378268,14.212736710432948,0.6647787599720244,35.93904189157727,1.0986122886651097,0,0,3.0,0.00020833333333333335,0.0,7.903593489528693,0.8582712098873309,-2.7991219316420106,-0.3079343706379834,2.8160172986336143,-0.10881008892675723,0.6662890853277383,36.342813934634655,1.0986122886651097,0.0,0.0,Train004,10.0
154,3,2,0.0001388888888888889,-1.0,10.097907651899224,2.617193350882276,10.068431441191102,-0.05368733259941916,10.068574577150788,24.822267569673755,0.0031143804491587934,64.66680620771919,0.6931471805579453,0,1,2.8,0.00019444444444444446,-0.2,8.796434422206705,1.6699151957742415,4.491709380920609,-0.2453460352697648,4.5028887136341655,1.6841393660458615,0.5353576664384676,42.05811514854413,1.0175192670436768,0.0,0.2,Train004,10.0
154,4,1,6.944444444444444e-05,0.0,10.188438827642713,0.0,-10.187039416865884,0.16885989410868912,10.188438827642713,8.977089921642456,0.0,0.0,-1.000088900581841e-12,0,0,1.0,6.944444444444444e-05,0.0,10.46673085858936,0.0,-10.4541650647958,0.4886442281979549,10.46673085858936,-2.3022652100134,2.2204460492503132e-17,0.0,-1.000088900581841e-12,0.0,0.0,Train004,10.0
154,5,1,6.944444444444444e-05,0.0,10.891564988678208,0.0,-10.88784986502068,0.284452490532427,10.891564988678208,31.113645149237374,0.0,0.0,-1.000088900581841e-12,0,0,1.0,6.944444444444444e-05,0.0,9.260989463206997,0.0,-9.26020003678435,0.07080718503016883,9.260989463206997,2.3272949781518797,4.4408920985006264e-17,0.0,-1.000088900581841e-12,0.0,0.0,Train004,10.0
155,0,0,0.0,0.0,0.0,0.0,0.0,0.0,0.0,0.0,0.0,0.0,0.0,0,0,0.0,0.0,0.0,0.0,0.0,0.0,0.0,0.0,0.0,0.0,0.0,0.0,0.0,0.0,Train004,10.0
155,1,3,0.00020833333333333335,0.0,9.755982334831778,2.3543717211066504,-9.735281915778879,-0.3799290622162627,9.742692649981718,1.514770624148006,0.0015565159539594475,43.641081471100186,1.0986122886651097,0,0,3.0,0.00020833333333333335,0.0,8.834718831736136,1.7461119898025987,-8.818708728284964,-0.24042277261901215,8.822323269350141,0.5533460975174538,0.0013758123584026282,45.140410890750054,1.0986122886651097,0.0,0.0,Train004,10.0
155,2,3,0.00020833333333333335,0.0,8.176331569425141,1.6395870177432434,-3.531190660752545,-0.36632196094785435,3.550140738288931,-0.36334043281789796,0.6640593889099323,35.81951248486473,1.0986122886651097,0,0,3.0,0.00020833333333333335,0.0,7.79326055893336,1.0230308184145367,-2.949339438006117,-0.3189890905499263,2.9665555182097654,-1.1033293059533131,0.6657676297763915,36.15968086865842,1.0986122886651097,0.0,0.0,Train004,10.0
155,3,2,0.0001388888888888889,0.0,10.325556754982047,2.8769670977490827,10.30204839794142,-0.053971855942116786,10.302189774740183,2.276491030828227,0.0024537285661279107,65.7614210825552,0.6931471805579453,0,0,2.6,0.00018055555555555555,-0.2,8.98201920437646,1.9276436303441478,5.87687221454298,-0.19945087927931018,5.8857043508574405,1.4508266534772862,0.4020949884948104,47.87730121428733,0.9364262454222441,0.0,0.2,Train004,10.0
155,4,1,6.944444444444444e-05,0.0,9.90283064427846,0.0,-9.902747272050602,0.040635392884750474,9.90283064427846,-2.856081833642534,1.1102230246251565e-16,0.0,-1.000088900581841e-12,0,0,1.0,6.944444444444444e-05,0.0,10.122016904269852,0.0,-10.112652495897931,0.3744789312068722,10.122016904269852,-3.4471395431950898,2.2204460492503132e-17,0.0,-1.000088900581841e-12,0.0,0.0,Train004,10.0
155,5,1,6.944444444444444e-05,0.0,11.330898767059082,0.0,-11.324877396836698,0.369349178905686,11.330898767059082,4.3933377838087395,0.0,0.0,-1.000088900581841e-12,0,0,1.0,6.944444444444444e-05,0.0,9.563100909375109,0.0,-9.561149990348719,0.13171362952991042,9.563100909375107,3.021114461681112,2.2204460492503132e-17,0.0,-1.000088900581841e-12,0.0,0.0,Train004,10.0
156,0,0,0.0,0.0,0.0,0.0,0.0,0.0,0.0,0.0,0.0,0.0,0.0,0,0,0.0,0.0,0.0,0.0,0.0,0.0,0.0,0.0,0.0,0.0,0.0,0.0,0.0,0.0,Train004,10.0
156,1,3,0.00020833333333333335,0.0,9.234321758653298,2.284335712580566,-9.212863290955914,-0.37276289794981815,9.220401411865483,-5.21660576178481,0.001775937162656005,43.41632602986969,1.0986122886651097,0,0,3.0,0.00020833333333333335,0.0,8.885087012705617,1.8955452717187682,-8.86782514604206,-0.2811213896499368,8.872627819605949,0.5036818096948054,0.0014567989246980107,44.63525855509852,1.0986122886651097,0.0,0.0,Train004,10.0
156,2,3,0.00020833333333333335,0.0,7.6537089824327635,1.6395183347221962,-3.3702651863169932,-0.34606586322979177,3.3879859810502904,-5.226225869923793,0.6637694078433383,35.788531629052166,1.0986122886651097,0,0,3.0,0.00020833333333333335,0.0,7.673242775686885,1.210058398016885,-3.066117855176077,-0.326156975381535,3.0834347639846236,-1.200177832464777,0.6651881780117257,36.03357915918402,1.0986122886651097,0.0,0.0,Train004,10.0
156,3,2,0.0001388888888888889,0.0,9.772677637695491,2.8214392714230634,9.752492055975488,-0.05243331171333587,9.752633006221561,-5.528791172865559,0.0022378054961230687,66.16231450116952,0.6931471805579453,0,0,2.4,0.00016666666666666666,-0.2,9.156067550479758,2.197681668210021,7.172030102817223,-0.1487210627114055,7.178037471222166,1.3354622928126985,0.26885938790597136,53.83285814017374,0.8553332238008112,0.0,0.2,Train004,10.0
156,4,1,6.944444444444444e-05,0.0,9.220681442600354,0.0,-9.220679321541304,-0.006254215787352855,9.220681442600354,-6.821492016781061,0.0,0.0,-1.000088900581841e-12,0,0,1.0,6.944444444444444e-05,0.0,9.757973868502102,0.0,-9.751836598107698,0.253881303296104,9.757973868502102,-3.6404303576774746,2.2204460492503132e-17,0.0,-1.000088900581841e-12,0.0,0.0,Train004,10.0
156,5,1,6.944444444444444e-05,0.0,10.815966972999691,0.0,-10.809392825571454,0.37705212306055197,10.815966972999691,-5.149317940593914,1.1102230246251565e-16,0.0,-1.000088900581841e-12,0,0,1.0,6.944444444444444e-05,0.0,9.871432213300839,0.0,-9.868169095143598,0.2040002929674111,9.871432213300839,3.0833130392573125,4.4408920985006264e-17,0.0,-1.000088900581841e-12,0.0,0.0,Train004,10.0
157,0,0,0.0,0.0,0.0,0.0,0.0,0.0,0.0,0.0,0.0,0.0,0.0,0,0,0.0,0.0,0.0,0.0,0.0,0.0,0.0,0.0,0.0,0.0,0.0,0.0,0.0,0.0,Train004,10.0
157,1,3,0.00020833333333333335,0.0,8.50937929947851,2.1255448224468543,-8.488852151533928,-0.3483170393689324,8.4959952689792,-7.249424591747872,0.0018743556919156301,43.34109417005947,1.0986122886651097,0,0,3.0,0.00020833333333333335,0.0,8.930773608379363,2.0397534748188404,-8.912292303934965,-0.3179568384297425,8.918197717432195,0.45686595673745156,0.0015516261896255212,44.117728988891145,1.0986122886651097,0.0,0.0,Train004,10.0
157,2,3,0.00020833333333333335,0.0,7.002511807208187,1.5563130267517242,-3.115462495135729,-0.3178822698720568,3.1316378615823943,-6.511971752245754,0.6636497562617585,35.78912236989489,1.0986122886651097,0,0,3.0,0.00020833333333333335,0.0,7.567321982687332,1.3848620833538177,-3.164535268990119,-0.33140094667227504,3.181854556874223,-1.059207929995518,0.664584795930744,35.92733904056233,1.0986122886651097,0.0,0.0,Train004,10.0
157,3,2,0.0001388888888888889,0.0,8.989589560278056,2.651514783482125,8.97176247423058,-0.049931583274286095,8.97190141815102,-7.830880774174345,0.002155317926174405,66.29782035346533,0.6931471805579453,0,0,2.2,0.00015277777777777777,-0.2,9.319780383135306,2.45177558116552,8.363546082380164,-0.09866897232457109,8.36659890859644,1.2321071583351972,0.13563553214567894,59.8331426474115,0.7742402021793783,0.0,0.2,Train004,10.0
157,4,1,6.944444444444444e-05,0.0,8.44079863331323,0.0,-8.440769551875213,-0.02215717217543412,8.44079863331323,-7.798828092871233,0.0,0.0,-1.000088900581841e-12,0,0,1.0,6.944444444444444e-05,0.0,9.408695876662645,0.0,-9.405594672861017,0.13815727800227473,9.408695876662645,-3.4927799183945867,2.2204460492503132e-17,0.0,-1.000088900581841e-12,0.0,0.0,Train004,10.0
157,5,1,6.944444444444444e-05,0.0,10.000125289040449,0.0,-9.993732537474743,0.3575133087382016,10.000125289040449,-8.15841683959242,0.0,0.0,-1.000088900581841e-12,0,0,1.0,6.944444444444444e-05,0.0,10.16375129830638,0.0,-10.159209695847997,0.2759777790603057,10.16375129830638,2.9231908500554127,4.4408920985006264e-17,0.0,-1.000088900581841e-12,0.0,0.0,Train004,10.0
158,0,0,0.0,0.0,0.0,0.0,0.0,0.0,0.0,0.0,0.0,0.0,0.0,0,0,0.0,0.0,0.0,0.0,0.0,0.0,0.0,0.0,0.0,0.0,0.0,0.0,0.0,0.0,Train004,10.0
158,1,3,0.00020833333333333335,0.0,7.756539537610263,1.9452380269258225,-7.737534035994103,-0.3193147736492707,7.744120019914327,-7.52839761868248,0.0019169308781931127,43.322055739614484,1.0986122886651097,0,0,3.0,0.00020833333333333335,0.0,8.972145640598166,2.1736522937002105,-8.952526545952711,-0.35128173898736237,8.95943983027277,0.4137203221880254,0.0016525102073869924,43.59631720649882,1.0986122886651097,0.0,0.0,Train004,10.0
158,2,3,0.00020833333333333335,0.0,6.35070269916351,1.4451434259758174,-2.84326809277028,-0.28887440686237725,2.857905154182979,-6.518091080446773,0.6635998242125918,35.80009502022563,1.0986122886651097,0,0,3.0,0.00020833333333333335,0.0,7.479184134187307,1.5401816685788141,-3.2506397062038714,-0.33556857882826513,3.2679178747684845,-0.8813784850002545,0.6639714274399291,35.827260679122936,1.0986122886651097,0.0,0.0,Train004,10.0
158,3,2,0.0001388888888888889,0.0,8.177458080862316,2.4471666545953097,8.161527027332118,-0.04694018074029868,8.1616620120194,-8.1213147941574,0.0021218680834007575,66.33265815530387,0.6931471805579453,0,0,2.0,0.0001388888888888889,-0.2,9.472637937143427,2.6828562316263715,9.451252279334142,-0.05139285285389132,9.45139215765659,1.1235543718609364,0.002416620104196987,65.84420406004263,0.6931471805579453,0.0,0.2,Train004,10.0
158,4,1,6.944444444444444e-05,0.0,7.672905349574065,0.0,-7.672860034156873,-0.026370433452868845,7.672905349574065,-7.678932837391654,1.1102230246251565e-16,0.0,-1.000088900581841e-12,0,0,1.0,6.944444444444444e-05,0.0,9.085130979481765,0.0,-9.084819119297975,0.030942693115556752,9.085130979481765,-3.2356489718088057,4.4408920985006264e-17,0.0,-1.000088900581841e-12,0.0,0.0,Train004,10.0
158,5,1,6.944444444444444e-05,0.0,9.127910451830806,0.0,-9.1219551401889,0.32967201431632,9.127910451830806,-8.722148372096434,0.0,0.0,-1.000088900581841e-12,0,0,1.0,6.944444444444444e-05,0.0,10.433293293921647,0.0,-10.427561553018496,0.3436078231106373,10.433293293921647,2.6954199561526693,2.2204460492503132e-17,0.0,-1.000088900581841e-12,0.0,0.0,Train004,10.0
159,0,0,0.0,0.0,0.0,0.0,0.0,0.0,0.0,0.0,0.0,0.0,0.0,0,0,0.0,0.0,0.0,0.0,0.0,0.0,0.0,0.0,0.0,0.0,0.0,0.0,0.0,0.0,Train004,10.0
159,1,3,0.00020833333333333335,0.0,8.693480781116664,2.064281320749745,-8.69008213960492,-0.09407708667308246,8.690591354523425,9.369412435064001,0.00040008461055385247,43.06163300491505,1.0986122886651097,0,0,3.0,0.00020833333333333335,0.0,8.789940742338104,2.1547543207619277,-8.772922706773548,-0.30288017197147327,8.778760141052832,-1.8220489826006319,0.0015047648594556096,43.356438083111776,1.0986122886651097,0.0,0.0,Train004,10.0
159,2,4,0.0002777777777777778,1.0,8.917744456212656,0.5944999769198297,-4.515210209249325,0.24212255332818625,4.521697310141347,23.77066626189,0.49802729817854063,21.13847641990192,1.3862943611158907,1,0,3.2,0.00022222222222222223,0.2,7.6201999028884515,1.375012356422562,-3.4750793288449744,-0.2154043895167787,3.4898734090491885,1.030207425291156,0.6306211350812323,32.86714758478787,1.156148703155266,0.2,0.0,Train004,10.0
159,3,3,0.00020833333333333335,1.0,10.339988297283465,1.4819576975231232,2.996939543213187,0.5929645966675415,3.055037420159689,18.09304090100411,0.6599268035625605,34.027584888360785,1.0986122886651097,1,0,2.2,0.00015277777777777777,0.2,9.521054066220275,2.4558091009545406,8.03695389973856,0.07793753299950082,8.048684726258372,-0.2222909618729929,0.13377910472687732,59.716359796170934,0.7742402021793782,0.2,0.0,Train004,10.0
159,4,1,6.944444444444444e-05,0.0,10.199560129744363,0.0,-10.194512716471955,-0.32083845461920846,10.199560129744363,25.266547801702977,0.0,0.0,-1.000088900581841e-12,0,0,1.0,6.944444444444444e-05,0.0,9.087355239902095,0.0,-9.08631377921919,-0.06699697663002277,9.087355239902095,0.022242604203298554,4.4408920985006264e-17,0.0,-1.000088900581841e-12,0.0,0.0,Train004,10.0
159,5,1,6.944444444444444e-05,0.0,10.343884457322117,0.0,-10.343882691765016,0.006043627570797364,10.343884457322117,12.159740054913115,0.0,0.0,-1.000088900581841e-12,0,0,1.0,6.944444444444444e-05,0.0,10.323757187650429,0.0,-10.318768118367363,0.2879260505183114,10.323757187650429,-1.0953610627121826,2.2204460492503132e-17,0.0,-1.000088900581841e-12,0.0,0.0,Train004,10.0
160,0,0,0.0,0.0,0.0,0.0,0.0,0.0,0.0,0.0,0.0,0.0,0.0,0,0,0.0,0.0,0.0,0.0,0.0,0.0,0.0,0.0,0.0,0.0,0.0,0.0,0.0,0.0,Train004,10.0
160,1,3,0.00020833333333333335,0.0,8.509916244312402,2.002092776120021,-8.50871756335069,-0.010372036936745285,8.508723885050138,-1.835645368042611,0.0001700436898831592,42.972254902187295,1.0986122886651097,0,0,3.0,0.00020833333333333335,0.0,8.540727524234228,2.0842985317646017,-8.527609836287912,-0.22896876691556978,8.531966388066515,-2.4921321810387553,0.0012274704066403519,43.2226727693292,1.0986122886651097,0.0,0.0,Train004,10.0
160,2,4,0.0002777777777777778,0.0,9.031741807679591,0.4189791174977164,-4.28726717253824,0.3699905423950903,4.303202622487796,1.1399735146693502,0.49625286733181395,21.835088980865386,1.3862943611158907,0,0,3.4,0.00023611111111111112,0.2,7.791281950539341,1.1308907763734568,-3.626294631202113,-0.06814188884818981,3.6404857858889614,1.3308702147886056,0.5970598307656086,30.070262883988,1.2136851176454222,0.2,0.0,Train004,10.0
160,3,3,0.00020833333333333335,0.0,10.239719575178404,1.1674741841032767,3.1339875565801165,0.6713723328681213,3.20509263737256,-1.0026872210506295,0.658259578134471,33.90699571851803,1.0986122886651097,0,0,2.4,0.00016666666666666666,0.2,9.503886630259547,2.1139105182253797,6.6033417314662985,0.22300637076154844,6.629265298784847,-0.8781266122487642,0.2649402746405459,53.34547472336351,0.855333223800811,0.2,0.0,Train004,10.0
160,4,1,6.944444444444444e-05,0.0,10.476800487891108,0.0,-10.469003417653862,-0.4041236249306629,10.476800487891108,2.772403581467451,0.0,0.0,-1.000088900581841e-12,0,0,1.0,6.944444444444444e-05,0.0,9.202149208624624,0.0,-9.199565008339842,-0.15594878019310543,9.202149208624624,1.1479396872252956,2.2204460492503132e-17,0.0,-1.000088900581841e-12,0.0,0.0,Train004,10.0
160,5,1,6.944444444444444e-05,0.0,10.159131370642562,0.0,-10.158571874783725,-0.10661927980873313,10.159131370642562,-1.8475308667955481,0.0,0.0,-1.000088900581841e-12,0,0,1.0,6.944444444444444e-05,0.0,10.089403708367124,0.0,-10.085507013956768,0.19273235877542755,10.089403708367126,-2.34353479283304,2.2204460492503132e-17,0.0,-1.000088900581841e-12,0.0,0.0,Train004,10.0
161,0,0,0.0,0.0,0.0,0.0,0.0,0.0,0.0,0.0,0.0,0.0,0.0,0,0,0.0,0.0,0.0,0.0,0.0,0.0,0.0,0.0,0.0,0.0,0.0,0.0,0.0,0.0,Train004,10.0
161,1,3,0.00020833333333333335,0.0,7.945278837773794,1.8649363336030136,-7.944541055946917,0.01928670178134992,7.944564466759129,-5.646374065386074,0.0001096597373178021,42.94669403729933,1.0986122886651097,0,0,3.0,0.00020833333333333335,0.0,8.282918940058327,2.0004186559690913,-8.273945389286112,-0.1505588469693362,8.276798999045244,-2.578085841759008,0.0008942149215727113,43.12874637081513,1.0986122886651097,0.0,0.0,Train004,10.0
161,2,4,0.0002777777777777778,0.0,8.531982655724068,0.43170354162679053,-3.960124216113244,0.3914370981237191,3.979422924097671,-4.997591519555251,0.4955475358996202,22.08716646450363,1.3862943611158907,0,0,3.6,0.00025,0.2,7.966936685197602,0.8893278177543756,-3.7442664371613636,0.07935870342251236,3.7587731744984376,1.376597084862314,0.563415456376865,27.329989851078288,1.2712215321355784,0.2,0.0,Train004,10.0
161,3,3,0.00020833333333333335,0.0,9.601997641459661,1.0037099093038593,2.9827762208940225,0.6588313728658367,3.0546706470261418,-6.377219337187399,0.6576237747354754,33.8745885666377,1.0986122886651097,0,0,2.6,0.00018055555555555557,0.2,9.46975063101238,1.750364645801539,5.249398564450005,0.36525930767738296,5.289672826945762,-1.0478122451131322,0.3960174684884164,46.88792953645714,0.9364262454222441,0.2,0.0,Train004,10.0
161,4,1,6.944444444444444e-05,0.0,9.955932767561839,0.0,-9.947519182470092,-0.40921801842181305,9.955932767561839,-5.208677203292691,0.0,0.0,-1.000088900581841e-12,0,0,1.0,6.944444444444444e-05,0.0,9.349199473616922,0.0,-9.344932980525599,-0.23654154071999747,9.349199473616922,1.4705026499229696,2.2204460492503132e-17,0.0,-1.000088900581841e-12,0.0,0.0,Train004,10.0
161,5,1,6.944444444444444e-05,0.0,9.496856031510706,0.0,-9.495832365138817,-0.1394352051076208,9.496856031510706,-6.622753391318561,0.0,0.0,-1.000088900581841e-12,0,0,1.0,6.944444444444444e-05,0.0,9.825581520069328,0.0,-9.82279492187024,0.08943489314179298,9.825581520069328,-2.6382218829779696,0.0,0.0,-1.000088900581841e-12,0.0,0.0,Train004,10.0
162,0,0,0.0,0.0,0.0,0.0,0.0,0.0,0.0,0.0,0.0,0.0,0.0,0,0,0.0,0.0,0.0,0.0,0.0,0.0,0.0,0.0,0.0,0.0,0.0,0.0,0.0,0.0,Train004,10.0
162,1,4,0.0002777777777777778,1.0,7.758177700769808,1.6939971375171867,-7.755700607841678,-0.07538751203348598,7.756066992712633,-6.897646194509967,0.0002493745814905468,20.42933113873182,1.3862943611158907,1,0,3.2,0.00022222222222222226,0.2,8.132678620316586,1.9141091189831578,-8.127315080547662,-0.0959729415022469,8.12881334379193,-2.507730162311427,0.0005692186994876947,38.54639376454959,1.156148703155266,0.2,0.0,Train004,10.0
162,2,4,0.0002777777777777778,0.0,7.845507135453224,0.4204685459011754,-3.6106482301330862,0.37507902302298607,3.6300778111873946,-6.8647552027084195,0.4952597449112651,22.157513163195688,1.3862943611158907,0,0,3.8,0.00026388888888888886,0.2,8.13553575084661,0.6621589215842659,-3.843303584160835,0.21795096200152092,3.8584611644194373,1.3060403947697807,0.5297374541067664,24.60366800973845,1.3287579466257344,0.2,0.0,Train004,10.0
162,3,3,0.00020833333333333335,0.0,8.81020796581668,0.8940845342503035,2.750310065003854,0.6155034190450933,2.8183416954864975,-7.917896756429833,0.657360322043147,33.86142094565676,1.0986122886651097,0,0,2.8,0.00019444444444444446,0.2,9.433874312120105,1.3988785959551744,4.00510808260466,0.4983463081412588,4.058960882412858,-1.0652154415642299,0.5270584693118109,40.40064965489543,1.0175192670436768,0.2,0.0,Train004,10.0
162,4,0,0.0,-1.0,0.0,0.0,0.0,0.0,0.0,0.0,0.0,0.0,0.0,0,1,0.8,5.5555555555555545e-05,-0.2,7.661039746954276,0.0,-7.656779070150556,-0.23211010628491063,7.661039746954276,3.030268268497216,2.2204460492503132e-17,0.0,-8.000711204654728e-13,0.0,0.2,Train004,10.0
162,5,1,6.944444444444444e-05,0.0,8.707623124329622,0.0,-8.706455255080334,-0.14260913941257777,8.707623124329622,-7.892329071810842,1.1102230246251565e-16,0.0,-1.000088900581841e-12,0,0,1.0,6.944444444444444e-05,0.0,9.567081087127162,0.0,-9.565339465391359,-0.010589596488362874,9.567081087127162,-2.585004329421654,2.2204460492503132e-17,0.0,-1.000088900581841e-12,0.0,0.0,Train004,10.0
163,0,0,0.0,0.0,0.0,0.0,0.0,0.0,0.0,0.0,0.0,0.0,0.0,0,0,0.0,0.0,0.0,0.0,0.0,0.0,0.0,0.0,0.0,0.0,0.0,0.0,0.0,0.0,Train004,10.0
163,1,4,0.0002777777777777778,0.0,7.06179116502485,1.5454796469636904,-7.059515703419011,-0.06662526356369441,7.059830089496811,-6.96386535744959,0.0002527520128268179,20.442227488117638,1.3862943611158907,0,0,3.4,0.00023611111111111112,0.2,7.9937289457995035,1.8341574429907315,-7.991711414032643,-0.04543503948513165,7.991955357708427,-2.3948237100648493,0.0002363829264144357,33.970428114250225,1.2136851176454222,0.2,0.0,Train004,10.0
163,2,4,0.0002777777777777778,0.0,7.136913228006835,0.39272601458891043,-3.2738435673395268,0.3467952645480048,3.292160181237134,-7.085939074463903,0.4951399033294792,22.158651188649532,1.3862943611158907,0,0,4.0,0.0002777777777777778,0.2,8.292777856615274,0.4516754393068845,-3.929418679074684,0.3450848962835974,3.945312169830268,1.1924707959663547,0.49604546993014387,21.875379243423232,1.3862943611158907,0.2,0.0,Train004,10.0
163,3,3,0.00020833333333333335,0.0,8.01186322054202,0.8072408219494527,2.5058356176665644,0.5639196213287585,2.568504911828269,-7.983447452746588,0.6572494151827759,33.8545695730835,1.0986122886651097,0,0,3.0,0.00020833333333333335,0.2,9.400755340056046,1.0708934294260033,2.873969800671549,0.6205182685550703,2.940329462374631,-1.0376419732820676,0.658083978731686,33.90503193845135,1.0986122886651097,0.2,0.0,Train004,10.0
163,4,0,0.0,0.0,0.0,0.0,0.0,0.0,0.0,0.0,0.0,0.0,0.0,0,0,0.6,4.166666666666667e-05,-0.2,6.126458677039461,0.0,-6.122207063319182,-0.22683601959433686,6.126458677039461,4.566054835975547,0.0,0.0,-6.000533403491046e-13,0.0,0.2,Train004,10.0
163,5,1,6.944444444444444e-05,0.0,7.920789348093413,0.0,-7.919633527250085,-0.13530961136023711,7.920789348093413,-7.868337762362092,0.0,0.0,-1.000088900581841e-12,0,0,1.0,6.944444444444444e-05,0.0,9.325656866379685,0.0,-9.324875142803595,-0.1035859216236743,9.325656866379683,-2.4142422074747856,2.2204460492503132e-17,0.0,-1.000088900581841e-12,0.0,0.0,Train004,10.0
164,0,0,0.0,0.0,0.0,0.0,0.0,0.0,0.0,0.0,0.0,0.0,0.0,0,0,0.0,0.0,0.0,0.0,0.0,0.0,0.0,0.0,0.0,0.0,0.0,0.0,0.0,0.0,Train004,10.0
164,1,3,0.00020833333333333335,-1.0,8.952740692558887,1.6455879623123482,-8.948102503455754,-0.2658421597887107,8.952050629116899,23.30729793661962,8.949530539448247e-05,42.635671270241424,1.0986122886651097,0,1,3.4,0.00023611111111111112,0.0,8.045580928087949,1.7504187713032517,-8.04331548680281,-0.07978805410825729,8.044247212627122,0.39275339024627415,0.0001742650653825617,33.8852357673155,1.2136851176454222,0.2,0.2,Train004,10.0
164,2,3,0.00020833333333333335,-1.0,9.27122043575458,0.7422496305174493,-9.263681801618729,-0.2349061299521146,9.266659668485246,23.45335945103172,0.0004891497592072191,33.69129456263654,1.0986122886651097,0,1,3.8,0.0002638888888888889,-0.2,8.36347305252366,0.4812253700264083,-4.879112997548566,0.24967915962753717,4.894304641499049,1.129009433794699,0.3965378402462772,24.385942871970155,1.3287579466257344,0.0,0.2,Train004,10.0
164,3,3,0.00020833333333333335,0.0,10.422253811679573,0.8242694862114196,3.664033916140308,0.3162059502473599,3.677652884870773,24.103905911375517,0.6637206385147146,34.23628989049236,1.0986122886651097,0,0,3.0,0.00020833333333333335,0.0,9.417208442935268,0.9393557871636624,3.007388675256973,0.5651665392710339,3.064852555316848,0.16453102879221362,0.6588427457221168,33.94677293887767,1.0986122886651097,0.0,0.0,Train004,10.0
164,4,1,6.944444444444444e-05,1.0,11.137959807077767,0.0,-11.13482218358409,0.2643550719078836,11.137959807077767,27.56827843669143,0.0,0.0,-1.000088900581841e-12,1,0,0.6,4.1666666666666665e-05,0.0,6.314138612506143,0.0,-6.310268956741609,-0.10979731428891845,6.314138612506143,5.026400962973237,0.0,0.0,-6.000533403491046e-13,0.2,0.2,Train004,10.0
164,5,0,0.0,-1.0,0.0,0.0,0.0,0.0,0.0,0.0,0.0,0.0,0.0,0,1,0.8,5.555555555555556e-05,-0.2,7.256879974915262,0.0,-7.256098604450592,-0.10479464713783378,7.256879974915262,-4.846190218457409,2.2204460492503132e-17,0.0,-8.000711204654728e-13,0.0,0.2,Train004,10.0
165,0,0,0.0,0.0,0.0,0.0,0.0,0.0,0.0,0.0,0.0,0.0,0.0,0,0,0.0,0.0,0.0,0.0,0.0,0.0,0.0,0.0,0.0,0.0,0.0,0.0,0.0,0.0,Train004,10.0
165,1,3,0.00020833333333333335,0.0,9.235821672071058,1.5809149617019949,-9.228368230353984,-0.3528271261236555,9.235110566524659,2.8308097951217124,8.759969106542087e-05,42.522202265981974,1.0986122886651097,0,0,3.4,0.00023611111111111112,0.0,8.19076201363968,1.6661832084196468,-8.18724562020347,-0.14827907194563933,8.189524548922027,1.3260444228791393,0.00015777626561901402,33.79522524007443,1.2136851176454222,0.2,0.2,Train004,10.0
165,2,3,0.00020833333333333335,0.0,9.530588404088387,1.001599026879919,-9.518900235247036,-0.3261610650338327,9.524486481114353,2.593679683338076,0.0006368613753765517,33.18535004916426,1.0986122886651097,0,0,3.6,0.00025,-0.2,8.463242371805418,0.597749351902849,-5.925439610090325,0.11044883814175258,5.9385614132243605,1.4197506675284441,0.29741463905498966,26.655995085629932,1.2712215321355782,0.0,0.2,Train004,10.0
165,3,3,0.00020833333333333335,0.0,10.641663700708605,0.8306324475885309,3.8463833895883197,0.21144875427265028,3.852191033085507,2.1940988902903356,0.6649608255406729,34.58056659786121,1.0986122886651097,0,0,3.0,0.00020833333333333335,0.0,9.497597268041307,0.8719874398607133,3.149867841858614,0.4731818235519397,3.1942722344594374,0.8038882510604066,0.6601829952033571,34.08148711474631,1.0986122886651097,0.0,0.0,Train004,10.0
165,4,1,6.944444444444444e-05,0.0,11.446511796303946,0.0,-11.437096359475163,0.46417579321349745,11.446511796303946,3.0855198922617966,0.0,0.0,-1.000088900581841e-12,0,0,0.6,4.1666666666666665e-05,0.0,6.5080808741887095,0.0,-6.503887545105869,0.0638625693399136,6.5080808741887095,5.089024225132106,0.0,0.0,-6.000533403491046e-13,0.2,0.2,Train004,10.0
165,5,0,0.0,0.0,0.0,0.0,0.0,0.0,0.0,0.0,0.0,0.0,0.0,0,0,0.6,4.1666666666666665e-05,-0.2,5.225053700786748,0.0,-5.224384229493848,-0.08347079117608715,5.225053700786749,-4.476684045098299,2.2204460492503132e-17,0.0,-6.000533403491046e-13,0.0,0.2,Train004,10.0
166,0,1,6.944444444444444e-05,1.0,7.015696570085951,0.0,-7.002332565349079,-0.432824453754137,7.015696570085951,-3.0585114731079255,1.1102230246251565e-16,0.0,-1.000088900581841e-12,1,0,0.2,1.388888888888889e-05,0.2,1.4031393140171902,0.0,-1.4004665130698157,-0.08656489075082739,1.4031393140171902,-0.6117022946215844,2.2204460492503132e-17,0.0,-2.000177801163682e-13,0.2,0.0,Train004,10.0
166,1,2,0.0001388888888888889,-1.0,9.67735482594118,0.9270522327124384,-9.671826444865932,-0.3269304397140196,9.677350375594528,-5.156038234670364,4.641315006770341e-07,79.10541792639626,0.6931471805579453,0,1,3.2,0.00022222222222222223,-0.2,8.537177211273157,1.4786063882415317,-8.532702697987272,-0.21752250024471326,8.536081730689107,1.424111589022281,0.00013593714445558902,41.026970017893824,1.1325920960239892,0.2,0.4,Train004,10.0
166,2,3,0.00020833333333333335,0.0,9.05285814223445,1.030456891616007,-9.040243715747394,-0.3383438350409304,9.046572997042608,-4.77730261853937,0.0006913978610095795,32.997560738769955,1.0986122886651097,0,0,3.4,0.00023611111111111112,-0.2,8.567417469107495,0.7175000219006922,-6.941463510017155,-0.03550734849117733,6.951991427813347,1.4638084477316204,0.19844341144726754,28.838073940483195,1.2136851176454222,0.0,0.2,Train004,10.0
166,3,3,0.00020833333333333335,0.0,10.087280780254746,0.791613905521424,3.681178507697678,0.16251796520118097,3.6847642115267614,-5.543829204538587,0.6653555388719513,34.72087083952232,1.0986122886651097,0,0,3.0,0.00020833333333333335,0.0,9.594653895800324,0.8295682391042261,3.289548299219345,0.37391914201900855,3.320290947359562,0.970566277590169,0.6617293480306523,34.250743569323234,1.0986122886651097,0.0,0.0,Train004,10.0
166,4,1,6.944444444444444e-05,0.0,10.880018907983878,0.0,-10.868238103622458,0.5061738446972535,10.880018907983878,-5.664928883200684,0.0,0.0,-1.000088900581841e-12,0,0,0.6,4.1666666666666665e-05,0.0,6.6928981022731175,0.0,-6.688031329336343,0.2469409419637269,6.6928981022731175,4.9977738891505075,0.0,0.0,-6.000533403491046e-13,0.2,0.2,Train004,10.0
166,5,0,0.0,0.0,0.0,0.0,0.0,0.0,0.0,0.0,0.0,0.0,0.0,0,0,0.4,2.7777777777777772e-05,-0.2,3.3256824944846075,0.0,-3.325217756466084,-0.05558375015456298,3.3256824944846075,-3.152133366834587,2.2204460492503132e-17,0.0,-4.000355602327364e-13,0.0,0.2,Train004,10.0
167,0,1,6.944444444444444e-05,0.0,6.496286379586589,0.0,-6.483464246402893,-0.4079559917657819,6.496286379586589,-5.194101904993618,1.1102230246251565e-16,0.0,-1.000088900581841e-12,0,0,0.4,2.777777777777778e-05,0.2,2.7023965899345077,0.0,-2.697159362350394,-0.16815608910398377,2.7023965899345077,-1.650522675620308,4.4408920985006264e-17,0.0,-4.000355602327364e-13,0.2,0.0,Train004,10.0
167,1,2,0.0001388888888888889,0.0,8.928368511764443,0.8470181111406108,-8.922901342198692,-0.3122507338223221,8.92836316932638,-7.489863141767366,6.03800854537262e-07,79.09738246825114,0.6931471805579453,0,0,2.8,0.00019444444444444443,-0.4,8.771215373472083,1.3092105829662164,-8.766142844858674,-0.2648951446024805,8.770540966011856,1.305668199570802,8.618298832838712e-05,52.76058028379769,0.9939626599124003,0.0,0.4,Train004,10.0
167,2,3,0.00020833333333333335,0.0,8.349528877008764,0.9783600079060076,-8.337319373447587,-0.32248570395480297,8.343553880938247,-7.033292652256878,0.0007132263995828225,32.93112354098397,1.0986122886651097,0,0,3.2,0.00022222222222222223,-0.2,8.668221817418603,0.8290783143016587,-7.8867977386800545,-0.17502029388673512,7.894686641763518,1.4301009578219288,0.09953410774493107,30.992796016040852,1.156148703155266,0.0,0.2,Train004,10.0
167,3,3,0.00020833333333333335,0.0,9.29808790637699,0.7339737228523469,3.4058037577427895,0.1358753016781636,3.4085130678730042,-7.891928738777558,0.6655047048667324,34.76330713693135,1.0986122886651097,0,0,3.0,0.00020833333333333335,0.0,9.692229883912386,0.7975460768246349,3.4206470377671323,0.27799351854562265,3.4383252218368625,0.975759881120624,0.6633582245953694,34.431120807578154,1.0986122886651097,0.0,0.0,Train004,10.0
167,4,1,6.944444444444444e-05,0.0,10.042595777835187,0.0,-10.030589112437816,0.4909297449096427,10.042595777835187,-8.374231301486912,1.1102230246251565e-16,0.0,-1.000088900581841e-12,0,0,0.8,5.555555555555556e-05,0.2,8.701417257840156,0.0,-8.694149151823906,0.3451268909456554,8.701417257840156,3.322927628853125,2.2204460492503132e-17,0.0,-8.000711204654728e-13,0.2,0.0,Train004,10.0
167,5,0,0.0,0.0,0.0,0.0,0.0,0.0,0.0,0.0,0.0,0.0,0.0,0,0,0.2,1.388888888888889e-05,-0.2,1.5841578696186827,0.0,-1.583926705450017,-0.02706192227204742,1.5841578696186827,-1.5736675524724184,0.0,0.0,-2.000177801163682e-13,0.0,0.2,Train004,10.0
168,0,1,6.944444444444444e-05,0.0,5.933351680386407,0.0,-5.9214708238615525,-0.37529381196680306,5.933351680386407,-5.629346992001825,0.0,0.0,-1.000088900581841e-12,0,0,0.6,4.1666666666666665e-05,0.2,3.8890669260117896,0.0,-3.881453527122705,-0.2432148514973444,3.8890669260117896,-2.7763920740206727,4.4408920985006264e-17,0.0,-6.000533403491046e-13,0.2,0.0,Train004,10.0
168,1,2,0.0001388888888888889,0.0,8.142495401030805,0.7693470070359343,-8.137368139172178,-0.2887621893445963,8.142490026669332,-7.85873110733637,6.659841964573587e-07,79.10012204399914,0.6931471805579453,0,0,2.4,0.00016666666666666666,-0.4,8.987356220673274,1.1539840549806653,-8.98171333200931,-0.3093225297586608,8.98707295344636,1.1266950495934456,3.5765782602315e-05,64.492159194974,0.855333223800811,0.0,0.4,Train004,10.0
168,2,3,0.00020833333333333335,0.0,7.610614864576493,0.901692379121159,-7.599266479193365,-0.297885554918661,7.605102683437031,-7.389140124322691,0.00072226098410344,32.910665562397874,1.0986122886651097,0,0,3.0,0.00020833333333333335,-0.2,8.762962144732535,0.9308715872081084,-8.751882321050823,-0.3039564577800683,8.757275142203497,1.369460747850171,0.0006505792758559226,33.143198890790515,1.0986122886651097,0.0,0.2,Train004,10.0
168,3,3,0.00020833333333333335,0.0,8.474650482240122,0.6721678449084176,3.1087890028033804,0.11856010727315192,3.111048948986155,-8.23437424136868,0.6655650135465114,34.76702996682867,1.0986122886651097,0,0,3.0,0.00020833333333333335,0.0,9.784787336252007,0.7705314814164279,3.5412377147944953,0.18892161573450134,3.54683402926844,0.9255745233962053,0.6650213442681165,34.613612886327175,1.0986122886651097,0.0,0.0,Train004,10.0
168,4,1,6.944444444444444e-05,0.0,9.160402393673227,0.0,-9.149009752849672,0.45671934081640153,9.160402393673227,-8.8219338416196,0.0,0.0,-1.000088900581841e-12,0,0,1.0,6.944444444444444e-05,0.2,10.5334977365748,0.0,-10.523951102393841,0.4364707591089358,10.5334977365748,1.5585408605292053,2.2204460492503132e-17,0.0,-1.000088900581841e-12,0.2,0.0,Train004,10.0
168,5,0,0.0,0.0,0.0,0.0,0.0,0.0,0.0,0.0,0.0,0.0,0.0,0,0,0.0,0.0,-0.2,0.0,0.0,0.0,0.0,0.0,0.0,0.0,0.0,0.0,0.0,0.2,Train004,10.0
169,0,1,6.944444444444444e-05,0.0,6.555965311212276,0.0,-6.555794628220257,-0.04730702291521609,6.555965311212276,6.226136308258692,0.0,0.0,-1.000088900581841e-12,0,0,0.8,5.555555555555556e-05,0.2,5.200259988254245,0.0,-5.192612452766756,-0.2526762560803876,5.200259988254245,-1.5311648123689345,4.4408920985006264e-17,0.0,-8.000711204654728e-13,0.2,0.0,Train004,10.0
169,1,2,0.0001388888888888889,0.0,10.774446249323198,0.55133868539607,-10.772662834928047,-0.1163283980653493,10.773290901634303,26.319508482923926,0.0001075118856795898,79.45542202125378,0.6931471805579453,0,0,2.2,0.00015277777777777777,-0.2,9.351697332026136,0.9351341995974096,-9.346625398303766,-0.27941977741398855,9.35132100794984,1.7291371588543065,3.936909865933647e-05,71.85610934517646,0.7742402021793782,0.0,0.2,Train004,10.0
169,2,3,0.00020833333333333335,0.0,9.564225786053141,0.4826246497723699,-9.558268688264233,-0.17204729384761838,9.559816974627326,19.536109214766466,0.0004652138185216037,33.66987276978103,1.0986122886651097,0,0,3.0,0.00020833333333333335,0.0,8.821563214792246,0.8789465910590926,-8.810799698379924,-0.29138469055916905,8.815906603431912,0.5860107005971201,0.0006457920877187995,33.13891453221942,1.0986122886651097,0.0,0.0,Train004,10.0
169,3,3,0.00020833333333333335,0.0,10.334692143672319,1.9261404387287997,3.9027167284384223,0.10523411978330134,3.9041352541119356,18.600416614321976,0.6663292664932932,37.866717576356905,1.0986122886651097,0,0,3.0,0.00020833333333333335,0.0,9.767275002650557,0.9909056719199038,3.588974277254118,0.1467272496416896,3.5921305031166724,-0.17512333601450294,0.6655430698638323,35.33969842350009,1.0986122886651097,0.0,0.0,Train004,10.0
169,4,1,6.944444444444444e-05,0.0,10.3666768953516,0.0,-10.365942464973305,0.1233963754730217,10.3666768953516,12.06274501678374,0.0,0.0,-1.000088900581841e-12,0,0,1.0,6.944444444444444e-05,0.0,10.379241154229568,0.0,-10.370175158671682,0.40827901982196335,10.379241154229568,-1.5425658234523325,2.2204460492503132e-17,0.0,-1.000088900581841e-12,0.0,0.0,Train004,10.0
169,5,0,0.0,0.0,0.0,0.0,0.0,0.0,0.0,0.0,0.0,0.0,0.0,0,0,0.0,0.0,0.0,0.0,0.0,0.0,0.0,0.0,0.0,0.0,0.0,0.0,0.0,0.0,Train004,10.0
170,0,1,6.944444444444444e-05,0.0,6.390102439023085,0.0,-6.389726659336683,0.06929935187908952,6.390102439023085,-1.6586287218919082,0.0,0.0,-1.000088900581841e-12,0,0,1.0,6.944444444444444e-05,0.2,6.4782804760588615,0.0,-6.470557784634093,-0.2388163857045697,6.4782804760588615,-1.8628905567473162,4.4408920985006264e-17,0.0,-1.000088900581841e-12,0.2,0.0,Train004,10.0
170,1,2,0.0001388888888888889,0.0,11.05453850065467,0.4419411233601025,-11.052570818120365,-0.04963681512985302,11.05268227639708,2.8009225133147275,0.00016818395328976887,79.59493581226303,0.6931471805579453,0,0,2.0,0.0001388888888888889,-0.2,9.71544069774286,0.7073394319290311,-9.711465915857044,-0.21878171521522805,9.714835349924325,1.7231597024929095,5.548595110420607e-05,79.27065605443266,0.6931471805579453,0.0,0.2,Train004,10.0
170,2,3,0.00020833333333333335,0.0,9.678939208377747,0.4007475143093067,-9.671370130217552,-0.11841703435911498,9.672095056899032,1.1471342232460675,0.0006931001003216419,33.964343528437844,1.0986122886651097,0,0,3.0,0.00020833333333333335,0.0,8.85123337565012,0.75877628854497,-8.841293677374026,-0.2498358844242255,8.845428318588848,0.2967016085787184,0.0006570398327078175,33.29471322807414,1.0986122886651097,0.0,0.0,Train004,10.0
170,3,3,0.00020833333333333335,0.0,10.37220216800617,2.255336329766889,3.9477842651654957,0.09441697303510321,3.948913163021616,0.37510024333849756,0.6664947945841525,39.10087047252273,1.0986122886651097,0,0,3.0,0.00020833333333333335,0.0,9.71338269611007,1.2758464483555754,3.609254452369554,0.1233208933941802,3.611474929103894,-0.5389230654048706,0.6658498636725282,36.24375919843239,1.0986122886651097,0.0,0.0,Train004,10.0
170,4,1,6.944444444444444e-05,0.0,10.177598636941507,0.0,-10.177598626722883,0.0004560724889079125,10.177598636941507,-1.8907825841009362,0.0,0.0,-1.000088900581841e-12,0,0,1.0,6.944444444444444e-05,0.0,10.125458522357082,0.0,-10.118275612121227,0.3155350756770455,10.125458522357082,-2.5378263187248793,2.2204460492503132e-17,0.0,-1.000088900581841e-12,0.0,0.0,Train004,10.0
170,5,0,0.0,0.0,0.0,0.0,0.0,0.0,0.0,0.0,0.0,0.0,0.0,0,0,0.0,0.0,0.0,0.0,0.0,0.0,0.0,0.0,0.0,0.0,0.0,0.0,0.0,0.0,Train004,10.0
171,0,1,6.944444444444444e-05,0.0,5.956623284953391,0.0,-5.955685704078812,0.1056823215121508,5.956623284953391,-4.334791540696941,0.0,0.0,-1.000088900581841e-12,0,0,1.0,6.944444444444444e-05,0.0,6.26646581903235,0.0,-6.2612284123800395,-0.13111503065131214,6.26646581903235,-2.118146570265119,2.2204460492503132e-17,0.0,-1.000088900581841e-12,0.0,0.0,Train004,10.0
171,1,2,0.0001388888888888889,0.0,10.500655804599049,0.3778333752037373,-10.498611977034388,-0.023569130933678475,10.498638433066589,-5.538826960556218,0.00019236770449138074,79.65111518946513,0.6931471805579453,0,0,2.0,0.0001388888888888889,0.0,9.880100893474433,0.597495660427291,-9.876823022290733,-0.15810945345915983,9.879092961418737,1.6466019573157387,9.38666657023468e-05,79.37979550704645,0.6931471805579453,0.0,0.0,Train004,10.0
171,2,3,0.00020833333333333335,0.0,9.1468054960592,0.37251781800968614,-9.138689596441445,-0.09290595559148092,9.139161835567387,-5.321337123185472,0.0008147373946693071,34.07767619232251,1.0986122886651097,0,0,3.0,0.00020833333333333335,0.0,8.870022846415068,0.6271884738237059,-8.860982853512835,-0.20074830853433562,8.863946086293804,0.18789470764949795,0.000681707739439763,33.510736318784645,1.0986122886651097,0.0,0.0,Train004,10.0
171,3,3,0.00020833333333333335,0.0,9.773356943063968,2.2378713670833403,3.730493916238952,0.08509609805870444,3.731464351297041,-5.988452249422022,0.666543930125201,39.55293872723713,1.0986122886651097,0,0,3.0,0.00020833333333333335,0.0,9.650597928671914,1.5650979406679586,3.619117534077808,0.10783651996568488,3.62081495705795,-0.6278476743815576,0.6660875419231781,37.21017277597535,1.0986122886651097,0.0,0.0,Train004,10.0
171,4,1,6.944444444444444e-05,0.0,9.51277938572541,0.0,-9.512685631568921,-0.0422340671083215,9.51277938572541,-6.648192512160964,0.0,0.0,-1.000088900581841e-12,0,0,1.0,6.944444444444444e-05,0.0,9.852010617905387,0.0,-9.847165117710519,0.20585349331593047,9.852010617905387,-2.7344790445169354,2.2204460492503132e-17,0.0,-1.000088900581841e-12,0.0,0.0,Train004,10.0
171,5,0,0.0,0.0,0.0,0.0,0.0,0.0,0.0,0.0,0.0,0.0,0.0,0,0,0.0,0.0,0.0,0.0,0.0,0.0,0.0,0.0,0.0,0.0,0.0,0.0,0.0,0.0,Train004,10.0
172,0,1,6.944444444444444e-05,0.0,5.455371804657964,0.0,-5.454220296344649,0.11208249639967487,5.455371804657964,-5.012514802954273,0.0,0.0,-1.000088900581841e-12,0,0,1.0,6.944444444444444e-05,0.0,6.058282904046625,0.0,-6.05537962236839,-0.02710733301822079,6.058282904046625,-2.08182914985725,0.0,0.0,-1.000088900581841e-12,0.0,0.0,Train004,10.0
172,1,2,0.0001388888888888889,0.0,9.68988041675518,0.3333142633289876,-9.687913666802329,-0.013134566500873426,9.68792257051286,-8.107753878438677,0.00020228999006477455,79.67503274365986,0.6931471805579453,0,0,2.0,0.0001388888888888889,0.0,10.032403274472582,0.4947548908649663,-10.029825487211461,-0.09828621999487011,10.031004841656031,1.5230238099814764,0.00013420390354439425,79.49532556212819,0.6931471805579453,0.0,0.0,Train004,10.0
172,2,3,0.00020833333333333335,0.0,8.42190607004639,0.34526960948552693,-8.414017550719272,-0.07861947779987215,8.414384847753368,-7.248994260128093,0.0008693891706378354,34.12112905900816,1.0986122886651097,0,0,3.0,0.00020833333333333335,0.0,8.884498285022593,0.5005703941396098,-8.876322488967173,-0.15197506330334945,8.878112279656829,0.14475438607525498,0.0007129402936507656,33.74873742238948,1.0986122886651097,0.0,0.0,Train004,10.0
172,3,3,0.00020833333333333335,0.0,8.989083361517146,2.1006208210650272,3.435064666720578,0.07684173463633553,3.4359240266242903,-7.84273581546822,0.6665616027285245,39.700376394358585,1.0986122886651097,0,0,3.0,0.00020833333333333335,0.0,9.588797019699944,1.8384273603104948,3.624969715873365,0.09602980655731927,3.626297148808208,-0.6180090897196902,0.6662989214955365,38.19758662746081,1.0986122886651097,0.0,0.0,Train004,10.0
172,4,1,6.944444444444444e-05,0.0,8.721732047369587,0.0,-8.721561388018348,-0.0545606189587058,8.721732047369587,-7.910473383558241,0.0,0.0,-1.000088900581841e-12,0,0,1.0,6.944444444444444e-05,0.0,9.587837871812265,0.0,-9.585359572826626,0.09675542054226076,9.587837871812265,-2.641727460931201,0.0,0.0,-1.000088900581841e-12,0.0,0.0,Train004,10.0
172,5,0,0.0,0.0,0.0,0.0,0.0,0.0,0.0,0.0,0.0,0.0,0.0,0,0,0.0,0.0,0.0,0.0,0.0,0.0,0.0,0.0,0.0,0.0,0.0,0.0,0.0,0.0,Train004,10.0
173,0,1,6.944444444444444e-05,0.0,4.960067084690759,0.0,-4.958897660513882,0.10770086899662974,4.960067084690759,-4.953047199672049,0.0,0.0,-1.000088900581841e-12,0,0,1.0,6.944444444444444e-05,0.0,5.863625984907495,0.0,-5.862864989698856,0.06949160317446576,5.863625984907495,-1.9465691913912953,0.0,0.0,-1.000088900581841e-12,0.0,0.0,Train004,10.0
173,1,2,0.0001388888888888889,0.0,8.837704327761978,0.29822772079306326,-8.83587765330941,-0.008739771324496978,8.835881975663517,-8.52176088993203,0.0002064370746537314,79.68634108935265,0.6931471805579453,0,0,2.0,0.0001388888888888889,0.0,10.171445059818815,0.40053103361639214,-10.169527390038908,-0.04228173639085024,10.16968323145487,1.3904178534623441,0.00017535812163584907,79.61256937119889,0.6931471805579453,0.0,0.0,Train004,10.0
173,2,3,0.00020833333333333335,0.0,7.6731957018835395,0.3166723134861881,-7.665841706698354,-0.06905434342386962,7.666152723139661,-7.487103681628507,0.000893033908915486,34.1377193271065,1.0986122886651097,0,0,3.0,0.00020833333333333335,0.0,8.897014452484004,0.3835663810126156,-8.889637534468172,-0.10620882100439118,8.890322287597353,0.125161674614092,0.0007470948786131748,33.994148175331205,1.0986122886651097,0.0,0.0,Train004,10.0
173,3,3,0.00020833333333333335,0.0,8.186848443844655,1.9296871918224197,3.129994530778457,0.06944453678191499,3.130764811734013,-8.0223491767249,0.6665685715772136,39.732652865151216,1.0986122886651097,0,0,3.0,0.00020833333333333335,0.0,9.531236612020852,2.0899312296932955,3.629210821468381,0.08620669245907189,3.630240321357779,-0.5756040767909341,0.666499633101677,39.19071120712532,1.0986122886651097,0.0,0.0,Train004,10.0
173,4,1,6.944444444444444e-05,0.0,7.93343842670685,0.0,-7.933243424181482,-0.05562412273581804,7.93343842670685,-7.882936206627367,0.0,0.0,-1.000088900581841e-12,0,0,1.0,6.944444444444444e-05,0.0,9.342445078418992,0.0,-9.342206307092988,-0.005713272168183148,9.342445078418992,-2.4539279339327544,0.0,0.0,-1.000088900581841e-12,0.0,0.0,Train004,10.0
173,5,0,0.0,0.0,0.0,0.0,0.0,0.0,0.0,0.0,0.0,0.0,0.0,0,0,0.0,0.0,0.0,0.0,0.0,0.0,0.0,0.0,0.0,0.0,0.0,0.0,0.0,0.0,Train004,10.0
174,0,1,6.944444444444444e-05,0.0,5.970781599177528,0.0,-5.9676060183556245,-0.19470828118670294,5.970781599177528,10.107145144867689,0.0,0.0,-1.000088900581841e-12,0,0,1.0,6.944444444444444e-05,0.0,5.746589242500545,0.0,-5.74522726772593,0.0400113515201684,5.746589242500545,-1.170367424069496,0.0,0.0,-1.000088900581841e-12,0.0,0.0,Train004,10.0
174,1,2,0.0001388888888888889,0.0,10.24403119126715,0.6962841005689686,-10.22876950551523,0.28784426736651003,10.232818767046256,14.063268635051713,0.001099615296644374,78.7685951032313,0.6931471805579453,0,0,2.0,0.0001388888888888889,0.0,10.065362048207607,0.42952011665097184,-10.060748724156344,0.03855279669552163,10.06158880453726,-1.0608301161120983,0.0003737788038288059,79.4752039875944,0.6931471805579453,0.0,0.0,Train004,10.0
174,2,4,0.0002777777777777778,1.0,9.11903550209255,0.7695670945933151,-4.1637806761546745,0.41713054171735686,4.18462273185439,11.558297754871086,0.4944891139429579,22.474447631598984,1.3862943611158907,1,0,3.2,0.00022222222222222223,0.2,8.807976395691885,0.4409548699768046,-7.8107399320462605,0.01162674610860388,7.8152834390427675,-1.4704006173649842,0.09955187490350044,31.755063147694802,1.156148703155266,0.2,0.0,Train004,10.0
174,3,3,0.00020833333333333335,0.0,10.181063212028247,1.4795265732501717,3.233544053866883,0.06261173683874431,3.2341501786231017,19.942147681835905,0.6665674790565679,37.47125228487795,1.0986122886651097,0,0,3.0,0.00020833333333333335,0.0,9.500510825692036,2.0006084565975693,3.495376286554073,0.07768221587016047,3.4962433062600127,-0.3072578632881481,0.6665472756143318,39.11161814882952,1.0986122886651097,0.0,0.0,Train004,10.0
174,4,1,6.944444444444444e-05,0.0,10.137924017428466,0.0,-10.1377869558247,-0.05271642498771646,10.137924017428466,22.044855907216157,0.0,0.0,-1.000088900581841e-12,0,0,1.0,6.944444444444444e-05,0.0,9.296694502834365,0.0,-9.296575205263267,-0.040935832260330776,9.296694502834365,-0.457505755846271,0.0,0.0,-1.000088900581841e-12,0.0,0.0,Train004,10.0
174,5,1,6.944444444444444e-05,1.0,10.748674393381101,0.0,-10.745829848899412,0.2472692326777838,10.748674393381101,0.0,0.0,0.0,-1.000088900581841e-12,1,0,0.2,1.388888888888889e-05,0.2,2.1497348786762203,0.0,-2.149165969779882,0.04945384653555676,2.1497348786762203,0.0,0.0,0.0,-2.000177801163682e-13,0.2,0.0,Train004,10.0
175,0,1,6.944444444444444e-05,0.0,5.973064283117974,0.0,-5.966108297106711,-0.2881817437904558,5.973064283117974,0.02282683940446617,0.0,0.0,-1.000088900581841e-12,0,0,1.0,6.944444444444444e-05,0.0,5.663181611319523,0.0,-5.660503595279936,-0.03148486761374066,5.663181611319523,-0.834076311810221,0.0,0.0,-1.000088900581841e-12,0.0,0.0,Train004,10.0
175,1,2,0.0001388888888888889,0.0,10.131928655892374,0.7901235506132078,-10.109572912037134,0.37380974058451416,10.116481512163745,-1.1210253537477577,0.0015339361717506828,78.42491132771512,0.6931471805579453,0,0,2.0,0.0001388888888888889,0.0,9.880840079255146,0.4991566021015929,-9.8721491429397,0.12324210783839507,9.874348651690593,-1.8452196895245954,0.0006469292475209887,79.24119909068482,0.6931471805579453,0.0,0.0,Train004,10.0
175,2,4,0.0002777777777777778,0.0,8.910258545913528,0.7808692408816111,-4.191401030897126,0.40164390804237615,4.210600958375543,-2.087769561790256,0.49435795815390926,22.300691116443307,1.3862943611158907,0,0,3.4,0.00023611111111111112,0.2,8.654240263199041,0.5169792152912656,-6.7147461121821745,0.11563893458890209,6.722984619338069,-2.117381374372249,0.19828484651421796,29.42233266529589,1.2136851176454222,0.2,0.0,Train004,10.0
175,3,3,0.00020833333333333335,0.0,10.27360715533665,1.293082936913265,3.078708577277044,0.056573798473842286,3.0792283284084343,0.9254394330840476,0.6666108396049486,36.579581987594786,1.0986122886651097,0,0,3.0,0.00020833333333333335,0.0,9.480791823158134,1.8081577780268447,3.321561148976383,0.07011358095790829,3.322306339337376,-0.19719002533903804,0.666570484618491,38.60736045184393,1.0986122886651097,0.0,0.0,Train004,10.0
175,4,1,6.944444444444444e-05,0.0,10.305726145145009,0.0,-10.305611540938571,-0.04860191353379659,10.305726145145009,1.6780212771654313,0.0,0.0,-1.000088900581841e-12,0,0,1.0,6.944444444444444e-05,0.0,9.322320004475063,0.0,-9.322177788106405,-0.05074742946487167,9.322320004475063,0.2562550164070025,0.0,0.0,-1.000088900581841e-12,0.0,0.0,Train004,10.0
175,5,1,6.944444444444444e-05,0.0,10.253133392704274,0.0,-10.250200517008315,0.24522179697156285,10.253133392704274,-4.955410006768268,0.0,0.0,-1.000088900581841e-12,0,0,0.4,2.777777777777778e-05,0.2,4.200361557217075,0.0,-4.1992060731815455,0.09849820592986933,4.200361557217075,-0.9910820013536537,0.0,0.0,-4.000355602327364e-13,0.2,0.0,Train004,10.0
176,0,1,6.944444444444444e-05,0.0,5.622337504816686,0.0,-5.614132167879981,-0.3036429146934699,5.622337504816686,-3.507267783012882,0.0,0.0,-1.000088900581841e-12,0,0,1.0,6.944444444444444e-05,0.0,5.596324455292182,0.0,-5.592192888040169,-0.11334991485486481,5.596324455292182,-0.6685715602734092,0.0,0.0,-1.000088900581841e-12,0.0,0.0,Train004,10.0
176,1,2,0.0001388888888888889,0.0,9.496558434591478,0.7757564288272141,-9.472665747125193,0.3816212084003902,9.480349735292464,-6.353702213008967,0.0017182729571467714,78.29931229331238,0.6931471805579453,0,0,2.0,0.0001388888888888889,0.0,9.680020605253631,0.5787412128262883,-9.66695989695786,0.2042801757052088,9.670690912135768,-2.008194740015145,0.0009521102980520668,78.97083851145426,0.6931471805579453,0.0,0.0,Train004,10.0
176,2,4,0.0002777777777777778,0.0,8.316023810943024,0.7536355535831641,-3.9499533918667376,0.37325792391869056,3.9675500344277497,-5.942347349705012,0.494308121246839,22.243671568478174,1.3862943611158907,0,0,3.6,0.00025,0.2,8.488083926175808,0.593202762405961,-5.676998871267233,0.2088717104909364,5.688662259110143,-2.2415834196761564,0.2969835232846519,27.055531740527023,1.2712215321355782,0.2,0.0,Train004,10.0
176,3,3,0.00020833333333333335,0.0,9.700124538757022,1.1634918332617676,2.843445729715263,0.05115572212488221,2.8439058573978997,-5.734826165796291,0.6666304688573624,36.26328571613764,1.0986122886651097,0,0,3.0,0.00020833333333333335,0.0,9.466145342296745,1.5932818712625303,3.1441515116716454,0.06332550577114385,3.144794640557548,-0.14646480861389186,0.6665877923649235,37.94942984962404,1.0986122886651097,0.0,0.0,Train004,10.0
176,4,1,6.944444444444444e-05,0.0,9.756859003857814,0.0,-9.756758383668656,-0.04431099042809211,9.756859003857814,-5.488671412871948,0.0,0.0,-1.000088900581841e-12,0,0,1.0,6.944444444444444e-05,0.0,9.371135928101545,0.0,-9.370992338526353,-0.0511628141288258,9.371135928101545,0.4881592362648057,0.0,0.0,-1.000088900581841e-12,0.0,0.0,Train004,10.0
176,5,1,6.944444444444444e-05,0.0,9.493528892481864,0.0,-9.490733980266734,0.2303461486508409,9.493528892481864,-7.5960450022241055,0.0,0.0,-1.000088900581841e-12,0,0,0.6,4.1666666666666665e-05,0.2,6.099067335713448,0.0,-6.097352869234892,0.14456743566003752,6.099067335713448,-2.5102910017984748,0.0,0.0,-6.000533403491046e-13,0.2,0.0,Train004,10.0
177,0,1,6.944444444444444e-05,0.0,5.169469629828618,0.0,-5.16126581083845,-0.29112108063577935,5.169469629828618,-4.528678749880681,0.0,0.0,-1.000088900581841e-12,0,0,1.0,6.944444444444444e-05,0.0,5.539144020326313,0.0,-5.533601990938929,-0.19399063026195568,5.539144020326313,-0.5718043496586909,0.0,0.0,-1.000088900581841e-12,0.0,0.0,Train004,10.0
177,1,2,0.0001388888888888889,0.0,8.716694531477751,0.7250161730287954,-8.693619584313932,0.3618511280421462,8.701146919552166,-7.798639031137262,0.0017960959593275039,78.25659115184487,0.6931471805579453,0,0,2.0,0.0001388888888888889,0.0,9.485383428198146,0.6570815947662498,-9.46810108046018,0.27927731461381267,9.473335781943629,-1.9463717705548624,0.0012708714919046128,78.68715019309127,0.6931471805579453,0.0,0.0,Train004,10.0
177,2,4,0.0002777777777777778,0.0,7.616046710006971,0.6990728572996409,-3.636564783927212,0.34076462521381323,3.652495579394543,-6.9997710093605425,0.49428759186344207,22.225172531663834,1.3862943611158907,0,0,3.8,0.00026388888888888886,0.2,8.326912054167924,0.6639634119687838,-4.721508317908821,0.2927485310936735,4.7362844054383775,-2.1917387695226465,0.39566716382321276,24.676340435058158,1.3287579466257344,0.2,0.0,Train004,10.0
177,3,3,0.00020833333333333335,0.0,8.929380109007997,1.0520541183581729,2.5941889171110843,0.04626744528101658,2.5946014750159248,-7.707444297490241,0.6666388413718791,36.158977788094155,1.0986122886651097,0,0,3.0,0.00020833333333333335,0.0,9.454204691794915,1.3835685307211594,2.9759763617497463,0.05721064790008005,2.976530130235875,-0.11940650501829601,0.6666032400935944,37.241150128371146,1.0986122886651097,0.0,0.0,Train004,10.0
177,4,1,6.944444444444444e-05,0.0,8.991622793957713,0.0,-8.991532877893647,-0.04021162241831411,8.991622793957713,-7.652362099001007,0.0,0.0,-1.000088900581841e-12,0,0,1.0,6.944444444444444e-05,0.0,9.42511407741917,0.0,-9.42498663650141,-0.04829301482074746,9.42511407741917,0.5397814931762526,0.0,0.0,-1.000088900581841e-12,0.0,0.0,Train004,10.0
177,5,1,6.944444444444444e-05,0.0,8.656166300515702,0.0,-8.653587174693914,0.21129134425405366,8.656166300515702,-8.37362591966162,0.0,0.0,-1.000088900581841e-12,0,0,0.8,5.555555555555556e-05,0.2,7.830300595816588,0.0,-7.828070304173676,0.18682570451084826,7.830300595816588,-4.185016185730799,0.0,0.0,-8.000711204654728e-13,0.2,0.0,Train004,10.0
178,0,1,6.944444444444444e-05,0.0,4.707793250298671,0.0,-4.700065856651089,-0.269626094249776,4.707793250298671,-4.616763795299468,1.1102230246251565e-16,0.0,-1.000088900581841e-12,0,0,1.0,6.944444444444444e-05,0.0,5.488689253447896,0.0,-5.481835630166371,-0.26945602291123677,5.488689253447896,-0.5045476687841746,2.2204460492503132e-17,0.0,-1.000088900581841e-12,0.0,0.0,Train004,10.0
178,1,2,0.0001388888888888889,0.0,7.932580922867711,0.6646895880525245,-7.9111403416817785,0.3336741964649268,7.9181740303665595,-7.841136086100393,0.001829020626444522,78.24511919874814,0.6931471805579453,0,0,2.0,0.0001388888888888889,0.0,9.304358747219293,0.730373968218142,-9.283153618134653,0.34776010817169745,9.289794192884237,-1.810246809788535,0.0015953882022627709,78.39890581497036,0.6931471805579453,0.0,0.0,Train004,10.0
178,2,4,0.0002777777777777778,0.0,6.920790445364853,0.637361608563462,-3.316702403659328,0.3087700736361647,3.3310439493967725,-6.952562646421182,0.49427898346778665,22.220384474811915,1.3862943611158907,0,0,4.0,0.0002777777777777778,0.2,8.176431002864186,0.7281012709842386,-3.8516804573010157,0.3683134145056804,3.8692626506897994,-2.0848305624811814,0.494344353734987,22.292873464599243,1.3862943611158907,0.2,0.0,Train004,10.0
178,3,3,0.00020833333333333335,0.0,8.135670162962606,0.951875444500466,2.3547923522454566,0.041848970585833256,2.355164189293983,-7.9370994604539,0.6666423920168323,36.133503480334376,1.0986122886651097,0,0,3.0,0.00020833333333333335,0.0,9.443969035618505,1.1880061812567686,2.820935926043146,0.0516915346608637,2.821410005747869,-0.10235656176409602,0.6666180041815181,36.52132025140778,1.0986122886651097,0.0,0.0,Train004,10.0
178,4,1,6.944444444444444e-05,0.0,8.196380442563628,0.0,-8.196299526428025,-0.03642021849553018,8.196380442563628,-7.952423513940854,0.0,0.0,-1.000088900581841e-12,0,0,1.0,6.944444444444444e-05,0.0,9.477702480590526,0.0,-9.47759785695072,-0.044452233972689895,9.477702480590526,0.5258840317135551,0.0,0.0,-1.000088900581841e-12,0.0,0.0,Train004,10.0
178,5,1,6.944444444444444e-05,0.0,7.84126546400866,0.0,-7.838917307367314,0.1918841455465337,7.84126546400866,-8.14900836507042,1.1102230246251565e-16,0.0,-1.000088900581841e-12,0,0,1.0,6.944444444444444e-05,0.2,9.39855368861832,0.0,-9.395853765647137,0.225202533620155,9.39855368861832,-5.814817858744883,2.2204460492503132e-17,0.0,-1.000088900581841e-12,0.2,0.0,Train004,10.0
179,0,1,6.944444444444444e-05,0.0,6.6240753648410315,0.0,-6.619495366249338,-0.2462834450331105,6.6240753648410315,19.162821145423603,0.0,0.0,-1.000088900581841e-12,0,0,1.0,6.944444444444444e-05,0.0,5.619348006580596,0.0,-5.612213499745114,-0.2797710556805183,5.619348006580596,1.3065875313270083,2.2204460492503132e-17,0.0,-1.000088900581841e-12,0.0,0.0,Train004,10.0
179,1,2,0.0001388888888888889,0.0,9.989505796030958,1.0547327236577084,-9.971733475893469,0.15696770527224826,9.972968834542344,20.569248731632456,0.0016741118614985728,77.30019422603088,0.6931471805579453,0,0,2.0,0.0001388888888888889,0.0,9.253453668172055,0.8020636928358901,-9.231746412210303,0.32158479575284515,9.237824206383456,-0.5090507904723864,0.0017102875152336106,78.10522563953029,0.6931471805579453,0.0,0.0,Train004,10.0
179,2,2,0.0001388888888888889,-2.0,9.828590365195907,1.04036922268181,-9.819275667283446,-0.3520176249386884,9.825583496076568,29.015803214744796,0.00030939804280005756,69.59578202874584,0.6931471805579453,0,2,3.6,0.00025,-0.4,8.318341975484858,0.7822616966019377,-4.982779455526769,0.2144837811744713,4.997454803534235,1.4066705294935609,0.3955084105549554,31.717140344028614,1.2476649250043015,0.0,0.4,Train004,10.0
179,3,3,0.00020833333333333335,0.0,10.52722915030069,0.5896322006304846,3.311941037455164,0.13617282768923947,3.3147392770141773,23.91558987338082,0.6659478248878082,34.12813168950549,1.0986122886651097,0,0,3.0,0.00020833333333333335,0.0,9.513202223272994,1.0100273067328314,2.836615322760802,0.06640375283096274,2.8375278254260836,0.6923318765448869,0.666494073347766,35.85269613233329,1.0986122886651097,0.0,0.0,Train004,10.0
179,4,1,6.944444444444444e-05,0.0,11.855710348858306,0.0,-11.855664535492709,-0.032959033456468306,11.855710348858306,36.593299062946784,0.0,0.0,-1.000088900581841e-12,0,0,1.0,6.944444444444444e-05,0.0,9.821259746876494,0.0,-9.82117337288432,-0.04050075566644026,9.821259746876494,3.4355726628596805,0.0,0.0,-1.000088900581841e-12,0.0,0.0,Train004,10.0
179,5,2,0.0001388888888888889,1.0,9.722198600917618,0.07717477661937178,-0.16444044364300936,0.8514191652487595,0.8671535356892712,21.679184008316255,0.9111579835356906,19.33332555950247,0.6931471805579453,1,0,1.2,8.333333333333333e-05,0.2,9.193258530125624,0.015434955323874355,-7.279575884595857,0.3460325201343501,7.422249517079955,-1.4789810570816315,0.18223159670713812,3.866665111900494,0.13862943611078898,0.2,0.0,Train004,10.0
