frame_idx,zone_id,count,density,delta_count,speed_mean,speed_std,flow_x,flow_y,flow_magnitude,accel_mean,flow_divergence,compression,spatial_entropy,zone_inflow,zone_outflow,count_sm,density_sm,delta_count_sm,speed_mean_sm,speed_std_sm,flow_x_sm,flow_y_sm,flow_magnitude_sm,accel_mean_sm,flow_divergence_sm,compression_sm,spatial_entropy_sm,zone_inflow_sm,zone_outflow_sm,vid_id,fps
0,0,1,6.944444444444444e-05,0.0,0.0,0.0,0.0,0.0,0.0,0.0,0.0,0.0,-1.000088900581841e-12,1,0,1.0,6.944444444444444e-05,0.0,0.0,0.0,0.0,0.0,0.0,0.0,0.0,0.0,-1.000088900581841e-12,1.0,0.0,Train015,10.0
0,1,0,0.0,0.0,0.0,0.0,0.0,0.0,0.0,0.0,0.0,0.0,0.0,0,0,0.0,0.0,0.0,0.0,0.0,0.0,0.0,0.0,0.0,0.0,0.0,0.0,0.0,0.0,Train015,10.0
0,2,2,0.0001388888888888889,0.0,0.0,0.0,0.0,0.0,0.0,0.0,0.0,41.35516896350443,0.6931471805579453,2,0,2.0,0.0001388888888888889,0.0,0.0,0.0,0.0,0.0,0.0,0.0,0.0,41.35516896350443,0.6931471805579453,2.0,0.0,Train015,10.0
0,3,1,6.944444444444444e-05,0.0,0.0,0.0,0.0,0.0,0.0,0.0,0.0,0.0,-1.000088900581841e-12,1,0,1.0,6.944444444444444e-05,0.0,0.0,0.0,0.0,0.0,0.0,0.0,0.0,0.0,-1.000088900581841e-12,1.0,0.0,Train015,10.0
0,4,3,0.00020833333333333335,0.0,0.0,0.0,0.0,0.0,0.0,0.0,0.0,32.11314647159654,0.6365141682928128,3,0,3.0,0.00020833333333333335,0.0,0.0,0.0,0.0,0.0,0.0,0.0,0.0,32.11314647159654,0.6365141682928128,3.0,0.0,Train015,10.0
0,5,1,6.944444444444444e-05,0.0,0.0,0.0,0.0,0.0,0.0,0.0,0.0,0.0,-1.000088900581841e-12,1,0,1.0,6.944444444444444e-05,0.0,0.0,0.0,0.0,0.0,0.0,0.0,0.0,0.0,-1.000088900581841e-12,1.0,0.0,Train015,10.0
1,0,1,6.944444444444444e-05,0.0,0.0,0.0,0.0,0.0,0.0,0.0,0.0,0.0,-1.000088900581841e-12,0,0,1.0,6.944444444444444e-05,0.0,0.0,0.0,0.0,0.0,0.0,0.0,0.0,0.0,-1.000088900581841e-12,0.5,0.0,Train015,10.0
1,1,0,0.0,0.0,0.0,0.0,0.0,0.0,0.0,0.0,0.0,0.0,0.0,0,0,0.0,0.0,0.0,0.0,0.0,0.0,0.0,0.0,0.0,0.0,0.0,0.0,0.0,0.0,Train015,10.0
1,2,2,0.0001388888888888889,0.0,0.0,0.0,0.0,0.0,0.0,0.0,0.0,41.35516896350443,0.6931471805579453,0,0,2.0,0.0001388888888888889,0.0,0.0,0.0,0.0,0.0,0.0,0.0,0.0,41.35516896350443,0.6931471805579453,1.0,0.0,Train015,10.0
1,3,1,6.944444444444444e-05,0.0,0.0,0.0,0.0,0.0,0.0,0.0,0.0,0.0,-1.000088900581841e-12,0,0,1.0,6.944444444444444e-05,0.0,0.0,0.0,0.0,0.0,0.0,0.0,0.0,0.0,-1.000088900581841e-12,0.5,0.0,Train015,10.0
1,4,3,0.00020833333333333335,0.0,0.0,0.0,0.0,0.0,0.0,0.0,0.0,32.11314647159654,0.6365141682928128,0,0,3.0,0.00020833333333333335,0.0,0.0,0.0,0.0,0.0,0.0,0.0,0.0,32.11314647159654,0.6365141682928128,1.5,0.0,Train015,10.0
1,5,1,6.944444444444444e-05,0.0,0.0,0.0,0.0,0.0,0.0,0.0,0.0,0.0,-1.000088900581841e-12,0,0,1.0,6.944444444444444e-05,0.0,0.0,0.0,0.0,0.0,0.0,0.0,0.0,0.0,-1.000088900581841e-12,0.5,0.0,Train015,10.0
2,0,1,6.944444444444444e-05,0.0,0.0,0.0,0.0,0.0,0.0,0.0,0.0,0.0,-1.000088900581841e-12,0,0,1.0,6.944444444444444e-05,0.0,0.0,0.0,0.0,0.0,0.0,0.0,0.0,0.0,-1.000088900581841e-12,0.3333333333333333,0.0,Train015,10.0
2,1,0,0.0,0.0,0.0,0.0,0.0,0.0,0.0,0.0,0.0,0.0,0.0,0,0,0.0,0.0,0.0,0.0,0.0,0.0,0.0,0.0,0.0,0.0,0.0,0.0,0.0,0.0,Train015,10.0
2,2,2,0.0001388888888888889,0.0,0.0,0.0,0.0,0.0,0.0,0.0,0.0,41.35516896350443,0.6931471805579453,0,0,2.0,0.0001388888888888889,0.0,0.0,0.0,0.0,0.0,0.0,0.0,0.0,41.35516896350443,0.6931471805579453,0.6666666666666666,0.0,Train015,10.0
2,3,1,6.944444444444444e-05,0.0,0.0,0.0,0.0,0.0,0.0,0.0,0.0,0.0,-1.000088900581841e-12,0,0,1.0,6.944444444444444e-05,0.0,0.0,0.0,0.0,0.0,0.0,0.0,0.0,0.0,-1.000088900581841e-12,0.3333333333333333,0.0,Train015,10.0
2,4,3,0.00020833333333333335,0.0,0.0,0.0,0.0,0.0,0.0,0.0,0.0,32.11314647159654,0.6365141682928128,0,0,3.0,0.00020833333333333335,0.0,0.0,0.0,0.0,0.0,0.0,0.0,0.0,32.11314647159654,0.6365141682928128,1.0,0.0,Train015,10.0
2,5,1,6.944444444444444e-05,0.0,0.0,0.0,0.0,0.0,0.0,0.0,0.0,0.0,-1.000088900581841e-12,0,0,1.0,6.944444444444444e-05,0.0,0.0,0.0,0.0,0.0,0.0,0.0,0.0,0.0,-1.000088900581841e-12,0.3333333333333333,0.0,Train015,10.0
3,0,1,6.944444444444444e-05,0.0,0.0,0.0,0.0,0.0,0.0,0.0,0.0,0.0,-1.000088900581841e-12,0,0,1.0,6.944444444444444e-05,0.0,0.0,0.0,0.0,0.0,0.0,0.0,0.0,0.0,-1.000088900581841e-12,0.25,0.0,Train015,10.0
3,1,0,0.0,0.0,0.0,0.0,0.0,0.0,0.0,0.0,0.0,0.0,0.0,0,0,0.0,0.0,0.0,0.0,0.0,0.0,0.0,0.0,0.0,0.0,0.0,0.0,0.0,0.0,Train015,10.0
3,2,2,0.0001388888888888889,0.0,0.0,0.0,0.0,0.0,0.0,0.0,0.0,41.35516896350443,0.6931471805579453,0,0,2.0,0.0001388888888888889,0.0,0.0,0.0,0.0,0.0,0.0,0.0,0.0,41.35516896350443,0.6931471805579453,0.5,0.0,Train015,10.0
3,3,1,6.944444444444444e-05,0.0,0.0,0.0,0.0,0.0,0.0,0.0,0.0,0.0,-1.000088900581841e-12,0,0,1.0,6.944444444444444e-05,0.0,0.0,0.0,0.0,0.0,0.0,0.0,0.0,0.0,-1.000088900581841e-12,0.25,0.0,Train015,10.0
3,4,3,0.00020833333333333335,0.0,0.0,0.0,0.0,0.0,0.0,0.0,0.0,32.11314647159654,0.6365141682928128,0,0,3.0,0.00020833333333333335,0.0,0.0,0.0,0.0,0.0,0.0,0.0,0.0,32.11314647159654,0.6365141682928128,0.75,0.0,Train015,10.0
3,5,1,6.944444444444444e-05,0.0,0.0,0.0,0.0,0.0,0.0,0.0,0.0,0.0,-1.000088900581841e-12,0,0,1.0,6.944444444444444e-05,0.0,0.0,0.0,0.0,0.0,0.0,0.0,0.0,0.0,-1.000088900581841e-12,0.25,0.0,Train015,10.0
4,0,1,6.944444444444444e-05,0.0,9.8480522278786,0.0,-9.8480522278786,0.0,9.8480522278786,98.480522278786,0.0,0.0,-1.000088900581841e-12,0,0,1.0,6.944444444444444e-05,0.0,1.9696104455757202,0.0,-1.9696104455757202,0.0,1.9696104455757202,19.6961044557572,0.0,0.0,-1.000088900581841e-12,0.2,0.0,Train015,10.0
4,1,0,0.0,0.0,0.0,0.0,0.0,0.0,0.0,0.0,0.0,0.0,0.0,0,0,0.0,0.0,0.0,0.0,0.0,0.0,0.0,0.0,0.0,0.0,0.0,0.0,0.0,0.0,Train015,10.0
4,2,2,0.0001388888888888889,0.0,5.741609763984638,1.2927132559286476,-1.4068646039826573,-0.7034323019913286,1.5729224448217716,57.416097639846384,0.8398177569930328,44.47761738568766,0.6931471805579453,0,0,2.0,0.0001388888888888889,0.0,1.1483219527969275,0.2585426511857295,-0.2813729207965315,-0.1406864603982657,0.3145844889643543,11.483219527969277,0.16796355139860658,41.97965864794108,0.6931471805579453,0.4,0.0,Train015,10.0
4,3,1,6.944444444444444e-05,0.0,5.800651363163256,0.0,-5.6274584159306285,1.4068646039826571,5.800651363163256,58.00651363163256,0.0,0.0,-1.000088900581841e-12,0,0,1.0,6.944444444444444e-05,0.0,1.1601302726326512,0.0,-1.1254916831861257,0.2813729207965314,1.1601302726326512,11.601302726326512,0.0,0.0,-1.000088900581841e-12,0.2,0.0,Train015,10.0
4,4,3,0.00020833333333333335,0.0,12.427935525961956,0.7675152470426191,-3.7516389439537523,0.46895486799421904,3.780835018088716,124.27935525961958,0.6666666666666667,29.53346700224589,0.6365141682928128,0,0,3.0,0.00020833333333333335,0.0,2.4855871051923915,0.15350304940852383,-0.7503277887907505,0.09379097359884381,0.7561670036177432,24.855871051923916,0.13333333333333336,31.597210577726408,0.6365141682928128,0.6,0.0,Train015,10.0
4,5,1,6.944444444444444e-05,0.0,4.448896508055991,0.0,-4.220593811947971,1.4068646039826571,4.448896508055991,44.48896508055991,0.0,0.0,-1.000088900581841e-12,0,0,1.0,6.944444444444444e-05,0.0,0.8897793016111981,0.0,-0.8441187623895943,0.2813729207965314,0.8897793016111981,8.897793016111981,0.0,0.0,-1.000088900581841e-12,0.2,0.0,Train015,10.0
5,0,1,6.944444444444444e-05,0.0,9.40487743883146,0.0,-9.40487743883146,0.0,9.40487743883146,-4.431747890471396,0.0,0.0,-1.000088900581841e-12,0,0,1.0,6.944444444444444e-05,0.0,3.850585933342012,0.0,-3.850585933342012,0.0,3.850585933342012,18.809754877662918,0.0,0.0,-1.000088900581841e-12,0.0,0.0,Train015,10.0
5,1,0,0.0,0.0,0.0,0.0,0.0,0.0,0.0,0.0,0.0,0.0,0.0,0,0,0.0,0.0,0.0,0.0,0.0,0.0,0.0,0.0,0.0,0.0,0.0,0.0,0.0,0.0,Train015,10.0
5,2,2,0.0001388888888888889,0.0,5.483230072542546,1.2345395266227834,-1.3435539198330657,-0.671776959916533,1.502138948091519,-2.5837969144209216,0.8398177569930328,45.41903705893203,0.6931471805579453,0,0,2.0,0.0001388888888888889,0.0,2.244967967305437,0.5054505565102863,-0.5500837047631446,-0.2750418523815723,0.6150122785826582,10.966460145085092,0.33592710279721316,42.7924322670266,0.6931471805579453,0.0,0.0,Train015,10.0
5,3,1,6.944444444444444e-05,0.0,5.539614725184373,0.0,-5.374215679332264,1.343553919833066,5.539614725184373,-2.610366379788829,0.0,0.0,-1.000088900581841e-12,0,0,1.0,6.944444444444444e-05,0.0,2.268053217669526,0.0,-2.2003348190525784,0.5500837047631446,2.268053217669526,11.079229450368747,0.0,0.0,-1.000088900581841e-12,0.0,0.0,Train015,10.0
5,4,3,0.00020833333333333335,0.0,11.868662729924411,0.7329760914991565,-3.582810452888195,0.44785130661102196,3.6106926668103605,-5.592727960375446,0.6666666666666666,28.75750283308371,0.6365141682928128,0,0,3.0,0.00020833333333333335,0.0,4.859319651177273,0.3000982677083551,-1.4668898793683893,0.1833612349210482,1.4783055369798153,23.737325459848826,0.2666666666666667,30.92608185002384,0.6365141682928128,0.0,0.0,Train015,10.0
5,5,1,6.944444444444444e-05,0.0,4.248690545919763,0.0,-4.030661759499198,1.343553919833066,4.248690545919763,-2.00205962136228,0.0,0.0,-1.000088900581841e-12,0,0,1.0,6.944444444444444e-05,0.0,1.7395174107951505,0.0,-1.6502511142894338,0.5500837047631446,1.7395174107951505,8.497381091839525,0.0,0.0,-1.000088900581841e-12,0.0,0.0,Train015,10.0
6,0,1,6.944444444444444e-05,0.0,7.8246099061008865,0.0,-7.8246099061008865,0.0,7.8246099061008865,-15.802675327305744,0.0,0.0,-1.000088900581841e-12,0,0,1.0,6.944444444444444e-05,0.0,5.415507914562189,0.0,-5.415507914562189,0.0,5.415507914562189,15.649219812201773,0.0,0.0,-1.000088900581841e-12,0.0,0.0,Train015,10.0
6,1,0,0.0,0.0,0.0,0.0,0.0,0.0,0.0,0.0,0.0,0.0,0.0,0,0,0.0,0.0,0.0,0.0,0.0,0.0,0.0,0.0,0.0,0.0,0.0,0.0,0.0,0.0,Train015,10.0
6,2,2,0.0001388888888888889,0.0,4.561902759721395,1.027104316064949,-1.1178014151572595,-0.55890070757863,1.249739974818548,-9.21327312821151,0.8398177569930348,45.6802115966357,0.6931471805579453,0,0,2.0,0.0001388888888888889,0.0,3.157348519249716,0.7108714197232759,-0.7736439877945965,-0.38682199389729827,0.8649602735463677,9.123805519442792,0.5038906541958201,43.65744079365285,0.6931471805579453,0.0,0.0,Train015,10.0
6,3,1,6.944444444444444e-05,0.0,4.6088133031583185,0.0,-4.471205660629079,1.11780141515726,4.6088133031583185,-9.308014220260548,0.0,0.0,-1.000088900581841e-12,0,0,1.0,6.944444444444444e-05,0.0,3.1898158783011894,0.0,-3.094575951178394,0.7736439877945965,3.1898158783011894,9.217626606316637,0.0,0.0,-1.000088900581841e-12,0.0,0.0,Train015,10.0
6,4,3,0.00020833333333333335,0.0,9.874414267781852,0.6098167704769063,-2.980803773752742,0.37260047171909405,3.004001040136951,-19.94248462142561,0.6666666666666667,28.54238811321294,0.6365141682928128,0,0,3.0,0.00020833333333333335,0.0,6.834202504733644,0.4220616218037364,-2.0630506341189383,0.257881329264867,2.0791057450072055,19.748828535563707,0.4,30.21193017834712,0.6365141682928128,0.0,0.0,Train015,10.0
6,5,1,6.944444444444444e-05,0.0,3.534798443656446,0.0,-3.353404245471825,1.11780141515726,3.534798443656446,-7.1389210226331645,1.1102230246251565e-16,0.0,-1.000088900581841e-12,0,0,1.0,6.944444444444444e-05,0.0,2.4464770995264398,0.0,-2.320931963383799,0.7736439877945965,2.4464770995264398,7.069596887312892,2.2204460492503132e-17,0.0,-1.000088900581841e-12,0.0,0.0,Train015,10.0
7,0,1,6.944444444444444e-05,0.0,6.4300161191677265,0.0,-6.4300161191677265,0.0,6.4300161191677265,-13.9459378693316,0.0,0.0,-1.000088900581841e-12,0,0,1.0,6.944444444444444e-05,0.0,6.701511138395735,0.0,-6.701511138395735,0.0,6.701511138395735,12.860032238335453,0.0,0.0,-1.000088900581841e-12,0.0,0.0,Train015,10.0
7,1,0,0.0,0.0,0.0,0.0,0.0,0.0,0.0,0.0,0.0,0.0,0.0,0,0,0.0,0.0,0.0,0.0,0.0,0.0,0.0,0.0,0.0,0.0,0.0,0.0,0.0,0.0,Train015,10.0
7,2,2,0.0001388888888888889,0.0,3.748826923143251,0.8440417334051158,-0.9185737313096494,-0.45928686565483406,1.0269966527770056,-8.130758365781439,0.8398177569930363,45.723624972287446,0.6931471805579453,0,0,2.0,0.0001388888888888889,0.0,3.9071139038783658,0.8796797664042991,-0.9573587340565265,-0.4786793670282651,1.070359604101769,7.497653846286502,0.6718542055944273,44.53113199540945,0.6931471805579453,0.0,0.0,Train015,10.0
7,3,1,6.944444444444444e-05,0.0,3.7873765191075224,0.0,-3.6742949252387023,0.9185737313096496,3.7873765191075224,-8.214367840507961,1.1102230246251565e-16,0.0,-1.000088900581841e-12,0,0,1.0,6.944444444444444e-05,0.0,3.9472911821226946,0.0,-3.8294349362261344,0.9573587340565265,3.9472911821226946,7.574753038215045,2.2204460492503132e-17,0.0,-1.000088900581841e-12,0.0,0.0,Train015,10.0
7,4,3,0.00020833333333333335,0.0,8.114480296285654,0.5011280704035974,-2.4495299501591643,0.30619124376989065,2.4685927275450097,-17.599339714961964,0.6666666666666667,28.506637769326236,0.6365141682928128,0,0,3.0,0.00020833333333333335,0.0,8.457098563990774,0.5222872358844558,-2.552956624150771,0.3191195780188451,2.5728242905162073,16.228960592571312,0.5333333333333334,29.490628437893065,0.6365141682928128,0.0,0.0,Train015,10.0
7,5,1,6.944444444444444e-05,0.0,2.9047851897381296,0.0,-2.7557211939290682,0.9185737313096496,2.9047851897381296,-6.300132539183165,0.0,0.0,-1.000088900581841e-12,0,0,1.0,6.944444444444444e-05,0.0,3.027434137474066,0.0,-2.8720762021696125,0.9573587340565265,3.027434137474066,5.80957037947626,2.2204460492503132e-17,0.0,-1.000088900581841e-12,0.0,0.0,Train015,10.0
8,0,1,6.944444444444444e-05,0.0,5.346051653951102,0.0,-5.346051653951102,0.0,5.346051653951102,-10.839644652166243,0.0,0.0,-1.000088900581841e-12,0,0,1.0,6.944444444444444e-05,0.0,7.770721469185955,0.0,-7.770721469185955,0.0,7.770721469185955,10.692103307902205,0.0,0.0,-1.000088900581841e-12,0.0,0.0,Train015,10.0
8,1,0,0.0,0.0,0.0,0.0,0.0,0.0,0.0,0.0,0.0,0.0,0.0,0,0,0.0,0.0,0.0,0.0,0.0,0.0,0.0,0.0,0.0,0.0,0.0,0.0,0.0,0.0,Train015,10.0
8,2,2,0.0001388888888888889,0.0,3.1168541417964954,0.7017541824542242,-0.7637216648501135,-0.3818608324250741,0.8538667792470905,-6.319727813467555,0.839817756993036,45.70096592753497,0.6931471805579453,0,0,2.0,0.0001388888888888889,0.0,4.530484732237666,1.020030602895144,-1.110103067026549,-0.55505153351328,1.2411329599511869,6.233708283592992,0.8398177569930345,45.400291388215564,0.6931471805579453,0.0,0.0,Train015,10.0
8,3,1,6.944444444444444e-05,0.0,3.148905092749756,0.0,-3.0548866594006268,0.7637216648501137,3.148905092749756,-6.384714263577664,0.0,0.0,-1.000088900581841e-12,0,0,1.0,6.944444444444444e-05,0.0,4.577072200672645,0.0,-4.44041226810626,1.1101030670265493,4.577072200672645,6.297810185499511,2.2204460492503132e-17,0.0,-1.000088900581841e-12,0.0,0.0,Train015,10.0
8,4,3,0.00020833333333333335,0.0,6.74655086471643,0.4166484966711321,-2.0365911062671223,0.2545738882833894,2.0524403033272525,-13.679294315692237,0.6666666666666667,28.525296951504473,0.6365141682928128,0,0,3.0,0.00020833333333333335,0.0,9.806408736934062,0.6056169352186822,-2.960274845404195,0.370034355675523,2.983312351181658,13.493101729432865,0.6666666666666667,28.77305853387465,0.6365141682928128,0.0,0.0,Train015,10.0
8,5,1,6.944444444444444e-05,0.0,2.415099959342261,0.0,-2.291164994550493,0.7637216648501137,2.415099959342261,-4.8968523039586875,1.1102230246251565e-16,0.0,-1.000088900581841e-12,0,0,1.0,6.944444444444444e-05,0.0,3.5104541293425178,0.0,-3.330309201079711,1.1101030670265493,3.5104541293425178,4.830199918684523,4.4408920985006264e-17,0.0,-1.000088900581841e-12,0.0,0.0,Train015,10.0
9,0,0,0.0,-1.0,0.0,0.0,0.0,0.0,0.0,0.0,0.0,0.0,0.0,0,1,0.8,5.555555555555556e-05,-0.2,5.801111023610235,0.0,-5.801111023610235,0.0,5.801111023610235,-9.004001147854996,0.0,0.0,-8.000711204654728e-13,0.0,0.2,Train015,10.0
9,1,0,0.0,0.0,0.0,0.0,0.0,0.0,0.0,0.0,0.0,0.0,0.0,0,0,0.0,0.0,0.0,0.0,0.0,0.0,0.0,0.0,0.0,0.0,0.0,0.0,0.0,0.0,Train015,10.0
9,2,1,6.944444444444444e-05,-1.0,8.690957315881079,0.0,-8.690957315881079,0.0,8.690957315881079,48.72348991630359,0.0,0.0,-1.000088900581841e-12,0,1,1.8,0.000125,-0.2,5.120354242616953,0.7614879517094144,-2.5669216094062337,-0.41436507311501425,2.664739934163048,4.495186738884433,0.671854205594428,36.50476791107803,0.5545177444461562,0.0,0.2,Train015,10.0
9,3,2,0.0001388888888888889,1.0,9.318410873594969,1.2646075952193936,-9.261837150868502,0.5708798349873259,9.279414377815181,50.7093250024454,0.004263575821927157,52.298409863155875,0.6931471805579453,1,0,1.2,8.333333333333333e-05,0.2,5.2806241027589875,0.2529215190438787,-5.167288015093834,0.942906113227483,5.272824803603029,4.838372459662079,0.0008527151643854536,10.459681972631175,0.13862943611078898,0.2,0.0,Train015,10.0
9,4,3,0.00020833333333333335,0.0,10.096109307861028,0.2369180102806714,-3.541718947600483,0.5462620547697757,3.583598099155871,33.49558443144596,0.6656165792845834,26.928196090209795,0.6365141682928128,0,0,3.0,0.00020833333333333335,0.0,9.340043493313875,0.4994974878662927,-2.9182908461335417,0.38549579303063436,2.943864967395089,-4.663652436201859,0.66645664919025,28.252004351467427,0.6365141682928128,0.0,0.0,Train015,10.0
9,5,0,0.0,-1.0,0.0,0.0,0.0,0.0,0.0,0.0,0.0,0.0,0.0,0,1,0.8,5.555555555555556e-05,-0.2,2.6206748277313197,0.0,-2.486190438690117,0.8287301462300178,2.6206748277313197,-4.0675930974274594,4.4408920985006264e-17,0.0,-8.000711204654728e-13,0.0,0.2,Train015,10.0
10,0,0,0.0,0.0,0.0,0.0,0.0,0.0,0.0,0.0,0.0,0.0,0.0,0,0,0.6,4.1666666666666665e-05,-0.2,3.9201355358439427,0.0,-3.9201355358439427,0.0,3.9201355358439427,-8.117651569760715,0.0,0.0,-6.000533403491046e-13,0.0,0.2,Train015,10.0
10,1,0,0.0,0.0,0.0,0.0,0.0,0.0,0.0,0.0,0.0,0.0,0.0,0,0,0.0,0.0,0.0,0.0,0.0,0.0,0.0,0.0,0.0,0.0,0.0,0.0,0.0,0.0,Train015,10.0
10,2,1,6.944444444444444e-05,0.0,9.32992618592462,0.0,-9.32992618592462,0.0,9.32992618592462,6.389688700435414,0.0,0.0,-1.000088900581841e-12,0,0,1.6,0.00011111111111111112,-0.2,5.889693465293368,0.5145800463848578,-4.164196062624544,-0.28000968113170766,4.2302973817296685,6.289883861855701,0.5038906541958215,27.420960499291624,0.4158883083343671,0.0,0.2,Train015,10.0
10,3,2,0.0001388888888888889,0.0,9.988574042969613,1.1869710169223486,-9.904513122438193,0.5745869365134793,9.921165775258586,6.701631693746437,0.006845533548694882,52.0872577555444,0.6931471805579453,0,0,1.4,9.722222222222222e-05,0.2,6.170415966316035,0.4903157224283484,-6.07334750371502,0.7891127165635657,6.149135013617872,6.700772074369132,0.00222182187412443,20.877133523740053,0.27725887222257806,0.2,0.0,Train015,10.0
10,4,3,0.00020833333333333335,0.0,10.183218303717462,0.3094100957697583,-3.661806464870292,0.5821722254973164,3.707795987686804,0.8710899585643676,0.6642719113619747,26.37404837015478,0.6365141682928128,0,0,3.0,0.00020833333333333335,0.0,9.002954608072486,0.41478428872041306,-2.934090048529961,0.41235997680789327,2.9632856315703777,-3.3708888524138962,0.6659776981293117,27.775313458881648,0.6365141682928128,0.0,0.0,Train015,10.0
10,5,0,0.0,0.0,0.0,0.0,0.0,0.0,0.0,0.0,0.0,0.0,0.0,0,0,0.6,4.1666666666666665e-05,-0.2,1.7709367185473674,0.0,-1.6800580867902775,0.5600193622634047,1.7709367185473674,-3.6671811731550035,4.4408920985006264e-17,0.0,-6.000533403491046e-13,0.0,0.2,Train015,10.0
11,0,0,0.0,0.0,0.0,0.0,0.0,0.0,0.0,0.0,0.0,0.0,0.0,0,0,0.4,2.7777777777777772e-05,-0.2,2.3552135546237656,0.0,-2.3552135546237656,0.0,2.3552135546237656,-4.957116504299568,0.0,0.0,-4.000355602327364e-13,0.0,0.2,Train015,10.0
11,1,0,0.0,0.0,0.0,0.0,0.0,0.0,0.0,0.0,0.0,0.0,0.0,0,0,0.0,0.0,0.0,0.0,0.0,0.0,0.0,0.0,0.0,0.0,0.0,0.0,0.0,0.0,Train015,10.0
11,2,1,6.944444444444444e-05,0.0,8.74542727909504,0.0,-8.74542727909504,0.0,8.74542727909504,-5.844989068295803,0.0,0.0,-1.000088900581841e-12,0,0,1.4,9.722222222222222e-05,-0.2,6.7263983691680975,0.30915918317186797,-5.6897212354121,-0.16822953961598164,5.729434842584967,6.963540673838841,0.3359271027972145,18.284918179964485,0.27725887222257806,0.0,0.2,Train015,10.0
11,3,2,0.0001388888888888889,0.0,9.359701448108117,1.0641932282056512,-9.273224013755527,0.5277967346604411,9.28823196321078,-6.288725948614955,0.007736268250833733,52.02115001296118,0.6931471805579453,0,0,1.6,0.00011111111111111112,0.2,7.120593595305996,0.7031543680694787,-7.03375117434031,0.671111780464202,7.085018745628365,7.3046297286982504,0.0037690755242911766,31.281363526332292,0.4158883083343672,0.2,0.0,Train015,10.0
11,4,3,0.00020833333333333335,0.0,9.361794557727293,0.3101936065349281,-3.392825906937539,0.5445011526897733,3.436240553288874,-8.214237459901709,0.6637312943566847,26.195770408053942,0.6365141682928128,0,0,3.0,0.00020833333333333335,0.0,8.900430666061574,0.35485965593201746,-3.01649447516692,0.4467401130020291,3.049733534200762,-1.0252394201091164,0.6653906236673153,27.305989917849843,0.6365141682928128,0.0,0.0,Train015,10.0
11,5,0,0.0,0.0,0.0,0.0,0.0,0.0,0.0,0.0,0.0,0.0,0.0,0,0,0.4,2.7777777777777772e-05,-0.2,1.063977029816078,0.0,-1.009377237695912,0.3364590792319527,1.063977029816078,-2.2393969686283706,2.2204460492503132e-17,0.0,-4.000355602327364e-13,0.0,0.2,Train015,10.0
12,0,0,0.0,0.0,0.0,0.0,0.0,0.0,0.0,0.0,0.0,0.0,0.0,0,0,0.2,1.388888888888889e-05,-0.2,1.0692103307902205,0.0,-1.0692103307902205,0.0,1.0692103307902205,-2.1679289304332485,0.0,0.0,-2.000177801163682e-13,0.0,0.2,Train015,10.0
12,1,0,0.0,0.0,0.0,0.0,0.0,0.0,0.0,0.0,0.0,0.0,0.0,0,0,0.0,0.0,0.0,0.0,0.0,0.0,0.0,0.0,0.0,0.0,0.0,0.0,0.0,0.0,Train015,10.0
12,2,1,6.944444444444444e-05,0.0,7.879235080235788,0.0,-7.879235080235788,0.0,7.879235080235788,-8.661921988592516,0.0,0.0,-1.000088900581841e-12,0,0,1.2,8.333333333333333e-05,-0.2,7.5524800005866055,0.14035083649084484,-7.081853505197328,-0.07637216648501483,7.099882528076724,6.857307949276627,0.1679635513986072,9.140193185506995,0.13862943611078898,0.0,0.2,Train015,10.0
12,3,2,0.0001388888888888889,0.0,8.431750265108798,0.9426824863513534,-8.351171400893492,0.47193632065766716,8.36449566069929,-9.27951182999319,0.008077725675974867,52.00640168799608,0.6931471805579453,0,0,1.8,0.000125,0.2,8.04946834450625,0.8916908653397494,-7.969126469471267,0.5817842983338053,8.000442573946717,7.091600930801204,0.005384620659486128,41.68264386393151,0.5545177444461562,0.2,0.0,Train015,10.0
12,4,3,0.00020833333333333335,0.0,8.373778141358203,0.2864614074021017,-3.0436390224508485,0.49017265119728687,3.082857072095191,-9.880164163690894,0.6635130530723332,26.153224478993067,0.6365141682928128,0,0,3.0,0.00020833333333333335,0.0,8.952290235076083,0.3119263233317183,-3.135316289625257,0.4835363944875084,3.1725864031107984,0.5185956901450975,0.6647599009484486,26.835307259783214,0.6365141682928128,0.0,0.0,Train015,10.0
12,5,0,0.0,0.0,0.0,0.0,0.0,0.0,0.0,0.0,0.0,0.0,0.0,0,0,0.2,1.388888888888889e-05,-0.2,0.4830199918684522,0.0,-0.45823299891009855,0.15274433297002274,0.4830199918684522,-0.9793704607917375,2.2204460492503132e-17,0.0,-2.000177801163682e-13,0.0,0.2,Train015,10.0
13,0,0,0.0,0.0,0.0,0.0,0.0,0.0,0.0,0.0,0.0,0.0,0.0,0,0,0.0,0.0,-0.2,0.0,0.0,0.0,0.0,0.0,0.0,0.0,0.0,0.0,0.0,0.2,Train015,10.0
13,1,0,0.0,0.0,0.0,0.0,0.0,0.0,0.0,0.0,0.0,0.0,0.0,0,0,0.0,0.0,0.0,0.0,0.0,0.0,0.0,0.0,0.0,0.0,0.0,0.0,0.0,0.0,Train015,10.0
13,2,1,6.944444444444444e-05,0.0,7.018423885232409,0.0,-7.018423885232409,0.0,7.018423885232409,-8.608111950033797,0.0,0.0,-1.000088900581841e-12,0,0,1.0,6.944444444444444e-05,-0.2,8.332793949273789,0.0,-8.332793949273789,0.0,8.332793949273787,6.399631121963378,0.0,0.0,-1.000088900581841e-12,0.0,0.2,Train015,10.0
13,3,2,0.0001388888888888889,0.0,7.51026757767944,0.8340038917290782,-7.437535379783528,0.4191114945510846,7.449334666290444,-9.21482687429358,0.008215000843822429,52.0093939226715,0.6931471805579453,0,0,2.0,0.0001388888888888889,0.2,8.921740841492186,1.058491643685565,-8.84565621354785,0.5128622642739996,8.860528488654856,6.525578408658021,0.007027620828250614,52.08452264846581,0.6931471805579453,0.2,0.0,Train015,10.0
13,4,3,0.00020833333333333335,0.0,7.4375036820503935,0.25766563581250707,-2.7064794608928078,0.43648038190747956,2.7414496522870384,-9.362744593078109,0.663423562295617,26.15818596583422,0.6365141682928128,0,0,3.0,0.00020833333333333335,0.0,9.090480798542874,0.2801297511599933,-3.2692939605503946,0.5199176932123264,3.310388272902755,1.3819056346679233,0.6641112800742386,26.36188506264916,0.6365141682928128,0.0,0.0,Train015,10.0
13,5,0,0.0,0.0,0.0,0.0,0.0,0.0,0.0,0.0,0.0,0.0,0.0,0,0,0.0,0.0,-0.2,0.0,0.0,0.0,0.0,0.0,0.0,0.0,0.0,0.0,0.0,0.2,Train015,10.0
14,0,0,0.0,0.0,0.0,0.0,0.0,0.0,0.0,0.0,0.0,0.0,0.0,0,0,0.0,0.0,0.0,0.0,0.0,0.0,0.0,0.0,0.0,0.0,0.0,0.0,0.0,0.0,Train015,10.0
14,1,0,0.0,0.0,0.0,0.0,0.0,0.0,0.0,0.0,0.0,0.0,0.0,0,0,0.0,0.0,0.0,0.0,0.0,0.0,0.0,0.0,0.0,0.0,0.0,0.0,0.0,0.0,Train015,10.0
14,2,2,0.0001388888888888889,1.0,9.562785901725617,0.11148544667906535,0.09979697333201543,-0.2031632768318541,0.22635095082479237,24.328765698141428,0.97939877178275,63.446608335610215,0.6931471805579453,1,0,1.2,8.333333333333334e-05,0.2,8.507159666442695,0.02229708933581307,-6.5746430914311675,-0.04063265536637082,6.63987267626253,1.5206862783309454,0.19587975435655,12.689321667122043,0.13862943611078898,0.2,0.0,Train015,10.0
14,3,2,0.0001388888888888889,0.0,10.358016243134164,0.1986876148644381,-10.35083692346182,-0.1618863614190187,10.352102791709232,28.477486654547242,0.0005711159899145501,53.8056992916294,0.6931471805579453,0,0,2.0,0.0001388888888888889,0.0,9.129661915400026,0.8453076476145739,-9.063456168066512,0.36630902499273066,9.075066171433665,2.07921073907839,0.006289128861848093,52.38598053416051,0.6931471805579453,0.0,0.0,Train015,10.0
14,4,3,0.00020833333333333335,0.0,9.804417384896862,0.578195618393296,-3.4728222438083645,0.26934960111376194,3.483251863519247,23.669137028464693,0.6662282449312356,24.15031481110941,1.0986122886651097,0,0,3.0,0.00020833333333333335,0.0,9.032142413950044,0.3483852727825182,-3.2555146197919704,0.46453520248112357,3.290319025775431,-0.5833838459283307,0.6642336132035691,25.806308806829083,0.7289337923672722,0.0,0.0,Train015,10.0
14,5,1,6.944444444444444e-05,1.0,11.375729859572717,0.0,-11.375262029911898,-0.10316777025300747,11.375729859572717,0.0,0.0,0.0,-1.000088900581841e-12,1,0,0.2,1.388888888888889e-05,0.2,2.2751459719145433,0.0,-2.27505240598238,-0.020633554050601494,2.2751459719145433,0.0,0.0,0.0,-2.000177801163682e-13,0.2,0.0,Train015,10.0
15,0,1,6.944444444444444e-05,1.0,10.095257485063538,0.0,-10.092796524702523,-0.2228945954572472,10.095257485063538,-0.6407114320618845,1.1102230246251565e-16,0.0,-1.000088900581841e-12,1,0,0.2,1.388888888888889e-05,0.2,2.0190514970127076,0.0,-2.0185593049405046,-0.04457891909144944,2.0190514970127076,-0.1281422864123769,2.2204460492503132e-17,0.0,-2.000177801163682e-13,0.2,0.0,Train015,10.0
15,1,0,0.0,0.0,0.0,0.0,0.0,0.0,0.0,0.0,0.0,0.0,0.0,0,0,0.0,0.0,0.0,0.0,0.0,0.0,0.0,0.0,0.0,0.0,0.0,0.0,0.0,0.0,Train015,10.0
15,2,2,0.0001388888888888889,0.0,9.483021216110977,0.11774580742043472,-0.12602416592439525,-0.13135940653923633,0.18203676574604336,-0.7976468561463879,0.9853591969320654,65.17792874421428,0.6931471805579453,0,0,1.4,9.722222222222222e-05,0.2,8.537778672479964,0.045846250819900014,-4.733862687431123,-0.06690453667421808,4.810294792226815,0.08321916701458498,0.3929515937429631,25.7249074159649,0.27725887222257806,0.2,0.0,Train015,10.0
15,3,1,6.944444444444444e-05,-1.0,11.104525649936487,0.0,-11.095012062805436,-0.4595620048472516,11.104525649936487,5.478217919378849,0.0,0.0,-1.000088900581841e-12,0,1,1.8,0.000125,-0.2,9.352852236793401,0.6079134442301042,-9.30155595613996,0.1594792367205845,9.311738146369247,1.8345279842048723,0.004920022152109116,41.968528983051634,0.5545177444461563,0.0,0.2,Train015,10.0
15,4,3,0.00020833333333333335,0.0,9.911702330498338,0.716567382127672,-3.4851647290695293,0.19602733332274214,3.4906732737625146,1.07284945601475,0.6670431178842295,23.452278171897607,1.0986122886651097,0,0,3.0,0.00020833333333333335,0.0,8.977839219306217,0.42981673005410104,-3.2201862726318184,0.38730622404620874,3.246894482990573,-0.5430319464382543,0.66478785450802,25.22195476717765,0.8213534164417317,0.0,0.0,Train015,10.0
15,5,1,6.944444444444444e-05,0.0,11.034447926120306,0.0,-11.033601398664912,-0.13667922168503216,11.034447926120306,-3.4128193345241087,0.0,0.0,-1.000088900581841e-12,0,0,0.4,2.777777777777778e-05,0.2,4.482035557138604,0.0,-4.481772685715361,-0.04796939838760793,4.482035557138604,-0.6825638669048217,0.0,0.0,-4.000355602327364e-13,0.2,0.0,Train015,10.0
16,0,1,6.944444444444444e-05,0.0,9.402706034795912,0.0,-9.39636836868387,-0.34516989553651023,9.402706034795912,-6.925514502676258,0.0,0.0,-1.000088900581841e-12,0,0,0.4,2.777777777777778e-05,0.2,3.89959270397189,0.0,-3.897832978677279,-0.11361289819875149,3.89959270397189,-1.5132451869476284,2.2204460492503132e-17,0.0,-4.000355602327364e-13,0.2,0.0,Train015,10.0
16,1,0,0.0,0.0,0.0,0.0,0.0,0.0,0.0,0.0,0.0,0.0,0.0,0,0,0.0,0.0,0.0,0.0,0.0,0.0,0.0,0.0,0.0,0.0,0.0,0.0,0.0,0.0,Train015,10.0
16,2,2,0.0001388888888888889,0.0,8.832000172809845,0.1763995276942012,-0.18297621917400964,-0.09991987435773847,0.2084808817970642,-6.510210433011325,0.9874160547708922,65.77672194779228,0.6931471805579453,0,0,1.6,0.00011111111111111112,0.2,8.555093251222926,0.08112615635874025,-3.0213724754469173,-0.08688851154576578,3.1029055127672196,-0.04982510592851952,0.5904348046971416,38.88025180552336,0.4158883083343672,0.2,0.0,Train015,10.0
16,3,1,6.944444444444444e-05,0.0,10.543555840064968,0.0,-10.535561322401104,-0.41050867773286015,10.543555840064968,-5.609698098715192,0.0,0.0,-1.000088900581841e-12,0,0,1.6,0.00011111111111111112,-0.2,9.589623115184773,0.39507479858897393,-9.554023417869077,-0.02818184575807574,9.562802921740085,1.9703335541848248,0.003372768501942369,31.564298980459398,0.4158883083343672,0.0,0.2,Train015,10.0
16,4,3,0.00020833333333333335,0.0,9.284858920991104,0.7165721229490533,-3.256177520501797,0.15861968282827846,3.2600386882369623,-6.268434095072326,0.6673418321568751,23.216221262937676,1.0986122886651097,0,0,3.0,0.00020833333333333335,0.0,8.96245209195898,0.511092433336926,-3.1928565953446695,0.3101299300739098,3.2116541099801905,-0.15387127347237772,0.665509962068058,24.626044938154397,0.913773040516191,0.0,0.0,Train015,10.0
16,5,1,6.944444444444444e-05,0.0,10.205162652805603,0.0,-10.204232485049063,-0.13778302249445568,10.205162652805603,-8.29285273314703,0.0,0.0,-1.000088900581841e-12,0,0,0.6,4.1666666666666665e-05,0.2,6.523068087699725,0.0,-6.522619182725174,-0.07552600288649906,6.523068087699725,-2.3411344135342276,0.0,0.0,-6.000533403491046e-13,0.2,0.0,Train015,10.0
17,0,1,6.944444444444444e-05,0.0,8.557239784322691,0.0,-8.549516468952163,-0.3634843511222869,8.557239784322691,-8.454662504732209,0.0,0.0,-1.000088900581841e-12,0,0,0.6,4.1666666666666665e-05,0.2,5.611040660836428,0.0,-5.607736272467712,-0.18630976842320884,5.611040660836428,-3.20417768789407,2.2204460492503132e-17,0.0,-6.000533403491046e-13,0.2,0.0,Train015,10.0
17,1,1,6.944444444444444e-05,1.0,9.38038254847574,0.0,-9.372692114480778,-0.3797621398956039,9.38038254847574,-8.825391017170539,0.0,0.0,-1.000088900581841e-12,1,0,0.2,1.388888888888889e-05,0.2,1.8760765096951482,0.0,-1.8745384228961555,-0.07595242797912079,1.8760765096951482,-1.7650782034341077,0.0,0.0,-2.000177801163682e-13,0.2,0.0,Train015,10.0
17,2,2,0.0001388888888888889,0.0,8.037592010678132,0.1841153467814287,-0.18968420656616614,-0.08290442276605708,0.2070102449996355,-7.944081621317132,0.9882235202627369,65.94318860293919,0.6931471805579453,0,0,1.8,0.000125,0.2,8.586764637311395,0.117949225715026,-1.4834623007129928,-0.1034693960989772,1.5684605457199887,0.09374296752655731,0.7880795087496889,52.06888952611119,0.5545177444461562,0.2,0.0,Train015,10.0
17,3,1,6.944444444444444e-05,0.0,9.667027598023369,0.0,-9.660047846320634,-0.3672848863505737,9.667027598023369,-8.765282420415996,0.0,0.0,-1.000088900581841e-12,0,0,1.4,9.722222222222222e-05,-0.2,9.836678581767686,0.20653830131870327,-9.815798706954505,-0.19602608715972392,9.8233093092049,2.0731794361002636,0.0017572233667473957,21.16301864286018,0.27725887222257806,0.0,0.2,Train015,10.0
17,4,2,0.0001388888888888889,-1.0,8.012728047278864,0.2230922379050977,0.23608427397567233,0.3935058017507405,0.45889279840733327,-7.830995091113948,0.9499334308510557,44.65209006272199,0.6931471805579453,0,1,2.8,0.00019444444444444443,-0.2,8.890242073143112,0.49841859943752514,-2.5369119360593655,0.29079656018460054,2.6868612552426194,0.2559625410430115,0.7227940376238026,28.32581805490018,0.9250996429692175,0.0,0.2,Train015,10.0
17,5,1,6.944444444444444e-05,0.0,9.261933478988945,0.0,-9.261032687961404,-0.1291716754038463,9.261933478988945,-9.432291738166576,0.0,0.0,-1.000088900581841e-12,0,0,0.8,5.555555555555556e-05,0.2,8.375454783497513,0.0,-8.374825720317455,-0.10136033796726833,8.375454783497513,-4.227592761167543,0.0,0.0,-8.000711204654728e-13,0.2,0.0,Train015,10.0
18,0,1,6.944444444444444e-05,0.0,7.723962289613017,0.0,-7.716193537617054,-0.3463390555521908,7.723962289613017,-8.33277494709674,0.0,0.0,-1.000088900581841e-12,0,0,0.8,5.555555555555556e-05,0.2,7.155833118759031,0.0,-7.150974979991122,-0.255577579533647,7.155833118759031,-4.870732677313418,2.2204460492503132e-17,0.0,-8.000711204654728e-13,0.2,0.0,Train015,10.0
18,1,1,6.944444444444444e-05,0.0,8.481788243129847,0.0,-8.474391594107354,-0.354145324716146,8.481788243129847,-8.985943053458936,1.1102230246251565e-16,0.0,-1.000088900581841e-12,0,0,0.4,2.777777777777778e-05,0.2,3.572434158321117,0.0,-3.569416741717626,-0.14678149292235,3.572434158321117,-3.562266814125895,2.2204460492503132e-17,0.0,-4.000355602327364e-13,0.2,0.0,Train015,10.0
18,2,2,0.0001388888888888889,0.0,7.253382371266083,0.17627704828477242,-0.181144086160399,-0.0717555961982291,0.19483851143100372,-7.842096394120492,0.9885541406998607,65.94828120548758,0.6931471805579453,0,0,2.0,0.0001388888888888889,0.2,8.63375633451813,0.15320463537198048,-0.11600634089859092,-0.117820515338623,0.20374347095970782,0.24694607870921814,0.9857903368896611,65.25854576720872,0.6931471805579453,0.2,0.0,Train015,10.0
18,3,1,6.944444444444444e-05,0.0,8.752052827613559,0.0,-8.74586003936914,-0.3291821214837426,8.752052827613559,-9.149747704098097,0.0,0.0,-1.000088900581841e-12,0,0,1.2,8.333333333333333e-05,-0.2,10.085035631754511,0.039737522972887615,-10.077463638871627,-0.34568481036668935,10.083852941469523,2.0861952701393607,0.00011422319798291004,10.76113985832588,0.13862943611078898,0.0,0.2,Train015,10.0
18,4,2,0.0001388888888888889,0.0,7.235288985179682,0.20656320276134954,0.21841110208525905,0.3560921421553926,0.41773798393121225,-7.774390620991816,0.9497958883537058,44.640423912537884,0.6931471805579453,0,0,2.6,0.00018055555555555555,-0.2,8.849799133768972,0.4881981128272937,-1.951933823463752,0.27471891223418315,2.222118921571454,0.5736333354602701,0.7800685028354203,32.02226564424091,0.936426245422244,0.0,0.2,Train015,10.0
18,5,1,6.944444444444444e-05,0.0,8.347256156582514,0.0,-8.346422751629664,-0.11795166248683989,8.347256156582514,-9.146773224064315,0.0,0.0,-1.000088900581841e-12,0,0,1.0,6.944444444444444e-05,0.2,10.044906014814018,0.0,-10.044110270643388,-0.1249506704646363,10.044906014814018,-6.056947405980406,0.0,0.0,-1.000088900581841e-12,0.2,0.0,Train015,10.0
19,0,1,6.944444444444444e-05,0.0,9.206142875434097,0.0,-9.156982106304671,-0.95012912160508,9.206142875434097,14.821805858210793,1.1102230246251565e-16,0.0,-1.000088900581841e-12,0,0,1.0,6.944444444444444e-05,0.2,8.99706169384585,0.0,-8.982371401252056,-0.44560340385466296,8.99706169384585,-1.9063715056712596,4.4408920985006264e-17,0.0,-1.000088900581841e-12,0.2,0.0,Train015,10.0
19,1,0,0.0,-1.0,0.0,0.0,0.0,0.0,0.0,0.0,0.0,0.0,0.0,0,1,0.4,2.777777777777778e-05,0.0,3.572434158321117,0.0,-3.569416741717626,-0.14678149292235,3.572434158321117,-3.562266814125895,2.2204460492503132e-17,0.0,-4.000355602327364e-13,0.2,0.2,Train015,10.0
19,2,2,0.0001388888888888889,0.0,8.432644949351202,0.4855118540331307,-0.4802531870887141,0.09449917153225096,0.4894621712953405,11.792625780851193,0.9926282649816356,69.82662219203928,0.6931471805579453,0,0,2.0,0.0001388888888888889,0.0,8.407728144043247,0.22800991684279354,-0.23201637298273683,-0.058288025665802004,0.25636571505381744,-2.2602819047488287,0.9884362355294382,66.53454853849453,0.6931471805579453,0.0,0.0,Train015,10.0
19,3,1,6.944444444444444e-05,0.0,8.831350912492335,0.0,-8.831327731590504,0.020234545206934546,8.831350912492335,0.7929808487877565,0.0,0.0,-1.000088900581841e-12,0,0,1.0,6.944444444444444e-05,-0.2,9.779702565626144,0.0,-9.773561800497365,-0.3092606290414987,9.779702565626144,-3.4507058910125368,0.0,0.0,-1.000088900581841e-12,0.0,0.2,Train015,10.0
19,4,2,0.0001388888888888889,0.0,9.69713018746955,1.0997771282830486,-1.0979312352334984,0.2095102304457403,1.117742158980676,17.353099719341117,0.9792835365929506,51.993953249123706,0.6931471805579453,1,1,2.4,0.0001666666666666667,-0.2,8.828341694283507,0.5925144148052441,-1.4769556217487787,0.26275103810057876,1.7490169806637397,-0.6895741263644453,0.8426795611677633,37.59099333184377,0.855333223800811,0.2,0.4,Train015,10.0
19,5,1,6.944444444444444e-05,0.0,9.09504754852731,0.0,-9.092612929768539,0.21042818104668068,9.09504754852731,7.4779139194479605,0.0,0.0,-1.000088900581841e-12,0,0,1.0,6.944444444444444e-05,0.0,9.588769552604935,0.0,-9.587580450614714,-0.062231480204698666,9.588769552604935,-4.561364622090814,0.0,0.0,-1.000088900581841e-12,0.0,0.0,Train015,10.0
20,0,1,6.944444444444444e-05,0.0,9.141931545170191,0.0,-9.0759700431543,-1.0962117278808834,9.141931545170191,-0.6421133026390535,0.0,0.0,-1.000088900581841e-12,0,0,1.0,6.944444444444444e-05,0.0,8.80639650586718,0.0,-8.779006104942411,-0.6202668303393903,8.80639650586718,-1.9066518797866934,2.2204460492503132e-17,0.0,-1.000088900581841e-12,0.0,0.0,Train015,10.0
20,1,0,0.0,0.0,0.0,0.0,0.0,0.0,0.0,0.0,0.0,0.0,0.0,0,0,0.4,2.777777777777778e-05,0.0,3.572434158321117,0.0,-3.569416741717626,-0.14678149292235,3.572434158321117,-3.562266814125895,2.2204460492503132e-17,0.0,-4.000355602327364e-13,0.2,0.2,Train015,10.0
20,2,2,0.0001388888888888889,0.0,8.307336239788826,0.5617633087015257,-0.5531430365282821,0.14520229828967474,0.5718836649951912,-1.2530870956237594,0.9870767936433475,71.24371969546173,0.6931471805579453,0,0,2.0,0.0001388888888888889,0.0,8.172591148778817,0.31681341709901173,-0.3174401471035142,-0.0029756847000197927,0.334335094903647,-2.3513699526443035,0.9887797548716947,67.74770672874402,0.6931471805579453,0.0,0.0,Train015,10.0
20,3,1,6.944444444444444e-05,0.0,8.310869539831346,0.0,-8.309727109799915,0.13779647583610732,8.310869539831346,-5.204813726609885,0.0,0.0,-1.000088900581841e-12,0,0,1.0,6.944444444444444e-05,0.0,9.220971343605115,0.0,-9.21650480989626,-0.18978893290482693,9.220971343605115,-5.587312220210284,0.0,0.0,-1.000088900581841e-12,0.0,0.0,Train015,10.0
20,4,2,0.0001388888888888889,0.0,9.68711066874552,1.232868149287489,-1.22709920023608,0.30695217617870885,1.2649079356541615,-0.10019518724031506,0.9705575932341977,50.25524482153287,0.6931471805579453,0,0,2.2,0.00015277777777777777,-0.2,8.783423361932943,0.6957745682372076,-1.0253425159820888,0.2849360066717721,1.303863913042069,-0.9241830550154584,0.9033824562377569,42.951586661770826,0.7742402021793782,0.2,0.4,Train015,10.0
20,5,1,6.944444444444444e-05,0.0,8.782314938870792,0.0,-8.776881871003264,0.30886940276974,8.782314938870792,-3.1273260965651772,0.0,0.0,-1.000088900581841e-12,0,0,1.0,6.944444444444444e-05,0.0,9.138342955155034,0.0,-9.136236545082387,0.026878244686255763,9.138342955155034,-4.504265974499027,0.0,0.0,-1.000088900581841e-12,0.0,0.0,Train015,10.0
21,0,1,6.944444444444444e-05,0.0,8.55645088963499,0.0,-8.488218409403848,-1.0784248054421834,8.55645088963499,-5.854806555352017,0.0,0.0,-1.000088900581841e-12,0,0,1.0,6.944444444444444e-05,0.0,8.637145476834997,0.0,-8.597376113086407,-0.7669178123205249,8.637145476834997,-1.6925102903218452,2.2204460492503132e-17,0.0,-1.000088900581841e-12,0.0,0.0,Train015,10.0
21,1,0,0.0,0.0,0.0,0.0,0.0,0.0,0.0,0.0,0.0,0.0,0.0,0,0,0.4,2.777777777777778e-05,0.0,3.572434158321117,0.0,-3.569416741717626,-0.14678149292235,3.572434158321117,-3.562266814125895,2.2204460492503132e-17,0.0,-4.000355602327364e-13,0.2,0.2,Train015,10.0
21,2,1,6.944444444444444e-05,-1.0,7.197100606048903,0.0,7.1869182197501935,-0.3827056783119382,7.197100606048903,-5.484723250383974,0.0,0.0,-1.000088900581841e-12,0,1,1.8,0.000125,-0.2,7.845611235426629,0.2815335115601715,1.1565387406813266,-0.05953284549085973,1.7320590397540148,-2.146272516118833,0.7912965439175161,54.592362339185556,0.5545177444461562,0.0,0.2,Train015,10.0
21,3,1,6.944444444444444e-05,0.0,7.620757965245553,0.0,-7.618874499570978,0.1694205555433456,7.620757965245553,-6.901115745857931,0.0,0.0,-1.000088900581841e-12,0,0,1.0,6.944444444444444e-05,0.0,8.636411768641231,0.0,-8.633167445330233,-0.07380308624958577,8.636411768641231,-5.84559574963883,0.0,0.0,-1.000088900581841e-12,0.0,0.0,Train015,10.0
21,4,2,0.0001388888888888889,0.0,9.086308598953927,1.2026432757732652,-1.1954613697121763,0.3212696341048244,1.237878049030663,-6.008020697915923,0.9674405255431673,49.65481099133231,0.6931471805579453,0,0,2.0,0.0001388888888888889,-0.2,8.743713297525508,0.79298879880205,-0.6131992858241647,0.31746599692708133,0.8994317852008091,-0.8721003755841779,0.9634021949150154,48.23930460744975,0.6931471805579453,0.2,0.4,Train015,10.0
21,5,2,0.0001388888888888889,1.0,8.21854651853855,0.08656236646704762,-8.200980251191135,0.5065955235720165,8.216612203635401,-6.071607251420215,0.00023538584722870848,52.067270589139234,0.6931471805579453,1,0,1.2,8.333333333333334e-05,0.2,8.741019728301621,0.017312473293409524,-8.735586098310801,0.1557539538995502,8.740632865320993,-4.0600168781536645,4.7077169445741696e-05,10.413454117827847,0.13862943611078898,0.2,0.0,Train015,10.0
22,0,1,6.944444444444444e-05,0.0,7.832490767765361,0.0,-7.767572628301945,-1.0063434260648878,7.832490767765361,-7.23960121869629,1.1102230246251565e-16,0.0,-1.000088900581841e-12,0,0,1.0,6.944444444444444e-05,0.0,8.49219567352353,0.0,-8.440987344956364,-0.8954896273090451,8.49219567352353,-1.4494980331146614,4.4408920985006264e-17,0.0,-1.000088900581841e-12,0.0,0.0,Train015,10.0
22,1,0,0.0,0.0,0.0,0.0,0.0,0.0,0.0,0.0,0.0,0.0,0.0,0,0,0.2,1.388888888888889e-05,-0.2,1.6963576486259693,0.0,-1.6948783188214709,-0.0708290649432292,1.6963576486259693,-1.7971886106917871,2.2204460492503132e-17,0.0,-2.000177801163682e-13,0.0,0.2,Train015,10.0
22,2,1,6.944444444444444e-05,0.0,6.56771930162913,0.0,6.5586711480011,-0.34462965248185673,6.56771930162913,-6.293813044197734,0.0,0.0,-1.000088900581841e-12,0,0,1.6,0.00011111111111111112,-0.2,7.551636693616828,0.24471044220388577,2.50620981159478,-0.11187789143401967,3.0042008510799136,-1.8162188006949536,0.5936518398649688,41.40372461859772,0.4158883083343672,0.0,0.2,Train015,10.0
22,3,1,6.944444444444444e-05,0.0,6.918213382234664,0.0,-6.916127314782889,0.16988045162646917,6.918213382234664,-7.02544583010889,1.1102230246251565e-16,0.0,-1.000088900581841e-12,0,0,1.0,6.944444444444444e-05,0.0,8.086648925483491,0.0,-8.084383339022684,0.033629981345822804,8.086648925483491,-5.497628431577409,2.2204460492503132e-17,0.0,-1.000088900581841e-12,0.0,0.0,Train015,10.0
22,4,2,0.0001388888888888889,0.0,8.32465385168976,1.1187597385973276,-1.111476059327953,0.3065121921127468,1.1529652008508136,-7.61654747264167,0.9662077459607749,49.48083876945082,0.6931471805579453,0,0,2.0,0.0001388888888888889,0.0,8.80609845840769,0.9721222989404961,-0.8827113524848897,0.3000672749994826,1.038246265689505,-0.8292108518897223,0.9666570579369592,49.20505434879552,0.6931471805579453,0.2,0.2,Train015,10.0
22,5,2,0.0001388888888888889,0.0,7.5071151673431356,0.09669994271785676,-7.490464337519509,0.4736060046770799,7.505421949452126,-7.114313511954151,0.00022558584425191874,52.10358761183046,0.6931471805579453,0,0,1.4,9.722222222222222e-05,0.2,8.39005606597246,0.03665246183698088,-8.381472428222423,0.27630948991573545,8.389330559413628,-3.5964212329111795,9.219433829612544e-05,20.834171640193937,0.27725887222257806,0.2,0.0,Train015,10.0
23,0,1,6.944444444444444e-05,0.0,7.108040336928452,0.0,-7.048192236085624,-0.9204475186474653,7.108040336928452,-7.244504308369084,0.0,0.0,-1.000088900581841e-12,0,0,1.0,6.944444444444444e-05,0.0,8.36901128298662,0.0,-8.307387084650077,-1.0103113199281,8.36901128298662,-1.2318439053691304,4.4408920985006264e-17,0.0,-1.000088900581841e-12,0.0,0.0,Train015,10.0
23,1,0,0.0,0.0,0.0,0.0,0.0,0.0,0.0,0.0,0.0,0.0,0.0,0,0,0.0,0.0,-0.2,0.0,0.0,0.0,0.0,0.0,0.0,0.0,0.0,0.0,0.0,0.2,Train015,10.0
23,2,1,6.944444444444444e-05,0.0,5.951732922399698,0.0,5.943624145842012,-0.3105749386867217,5.951732922399698,-6.159863792294322,1.1102230246251565e-16,0.0,-1.000088900581841e-12,0,0,1.4,9.722222222222222e-05,-0.2,7.291306803843551,0.20945503254693126,3.7311634579952617,-0.1596417599317182,4.155579733273653,-1.4797722803297193,0.3959410117249966,28.2140683775002,0.2772588722225781,0.0,0.2,Train015,10.0
23,3,1,6.944444444444444e-05,0.0,6.2566718205225325,0.0,-6.254632965413109,0.15971455064694756,6.2566718205225325,-6.615415617121316,1.1102230246251565e-16,0.0,-1.000088900581841e-12,0,0,1.0,6.944444444444444e-05,0.0,7.587572724065287,0.0,-7.58613792423148,0.13140931577196083,7.587572724065285,-4.990762014182054,4.4408920985006264e-17,0.0,-1.000088900581841e-12,0.0,0.0,Train015,10.0
23,4,2,0.0001388888888888889,0.0,7.557352838356962,1.0219900913809354,-1.015105507873579,0.2828201987410056,1.0537677433529546,-7.673010133327982,0.9657005321443837,49.464173825479556,0.6931471805579453,0,0,2.0,0.0001388888888888889,0.0,8.870511229043142,1.1352076766644132,-1.1294146744766573,0.28541288631660516,1.1654522175738538,-0.8089347543569556,0.9698379866950948,50.16980433138385,0.6931471805579453,0.2,0.2,Train015,10.0
23,5,2,0.0001388888888888889,0.0,6.806254009265681,0.09477616242268816,-6.79092543964018,0.43347992059566076,6.804746370608664,-7.008611580774549,0.00022155080870733812,52.11705812137519,0.6931471805579453,0,0,1.6,0.00011111111111111112,0.2,8.081855636509093,0.055607694321518505,-8.070372965824525,0.3865958065322356,8.080828602218858,-3.1687889042532262,0.00013650450003759306,31.257583264468973,0.4158883083343672,0.2,0.0,Train015,10.0
24,0,1,6.944444444444444e-05,0.0,9.411375426414779,0.0,-9.39626203300585,-0.5331484071219715,9.411375426414779,23.033350894863265,0.0,0.0,-1.000088900581841e-12,0,0,1.0,6.944444444444444e-05,0.0,8.410057793182755,0.0,-8.355243069990314,-0.9269151770314782,8.410057793182755,0.4104651019613641,2.2204460492503132e-17,0.0,-1.000088900581841e-12,0.0,0.0,Train015,10.0
24,1,0,0.0,0.0,0.0,0.0,0.0,0.0,0.0,0.0,0.0,0.0,0.0,0,0,0.0,0.0,0.0,0.0,0.0,0.0,0.0,0.0,0.0,0.0,0.0,0.0,0.0,0.0,Train015,10.0
24,2,1,6.944444444444444e-05,0.0,9.615370820795476,0.0,9.611291273392057,-0.2800644201300142,9.615370820795476,36.63637898395778,1.1102230246251565e-16,0.0,-1.000088900581841e-12,0,0,1.2,8.333333333333333e-05,-0.2,7.527851978132406,0.11235266174030514,5.749472350091416,-0.23455447826417122,5.98076146317368,3.488978360291599,0.19741535872866955,14.248743939092346,0.13862943611078898,0.0,0.2,Train015,10.0
24,3,1,6.944444444444444e-05,0.0,7.765532847670813,0.0,-7.764149564816222,0.14656719762089276,7.765532847670813,15.088610271482805,0.0,0.0,-1.000088900581841e-12,0,0,1.0,6.944444444444444e-05,0.0,7.374409111100983,0.0,-7.372702290876623,0.15667584625475248,7.374409111100983,-2.131636129643044,4.4408920985006264e-17,0.0,-1.000088900581841e-12,0.0,0.0,Train015,10.0
24,4,3,0.00020833333333333335,1.0,10.386826947201598,1.244312438891226,-4.626222649123487,0.09254650548804573,4.627148242161816,24.47342818473741,0.6671123454232687,19.05796039220726,1.0986122886651097,1,0,2.2,0.00015277777777777777,0.2,9.008450580989555,1.1641147387860487,-1.835072957254655,0.2620201413250663,1.8673334342100816,0.615130938722303,0.9074037484611583,43.58260576000056,0.7742402021793782,0.2,0.0,Train015,10.0
24,5,2,0.0001388888888888889,0.0,9.326365194254853,0.06996076104959847,-9.315637093985593,0.09068785689970221,9.316078507302812,25.201111849891724,0.001103030594616472,51.70152695090634,0.6931471805579453,0,0,1.8,0.000125,0.2,8.128119165654603,0.0695998465314382,-8.114977798667937,0.36264774170283987,8.12503479397396,0.3758506818355265,0.0003571106189608875,41.59788865465025,0.5545177444461562,0.2,0.0,Train015,10.0
25,0,1,6.944444444444444e-05,0.0,9.64696432786234,0.0,-9.639955614304668,-0.36766356534797534,9.64696432786234,2.3558890144756184,0.0,0.0,-1.000088900581841e-12,0,0,1.0,6.944444444444444e-05,0.0,8.511064349721185,0.0,-8.468040184220389,-0.7812055445248968,8.511064349721185,1.0100655653842985,2.2204460492503132e-17,0.0,-1.000088900581841e-12,0.0,0.0,Train015,10.0
25,1,0,0.0,0.0,0.0,0.0,0.0,0.0,0.0,0.0,0.0,0.0,0.0,0,0,0.0,0.0,0.0,0.0,0.0,0.0,0.0,0.0,0.0,0.0,0.0,0.0,0.0,0.0,Train015,10.0
25,2,1,6.944444444444444e-05,0.0,10.297938446238987,0.0,10.294837840512166,-0.25268573383924525,10.297938446238987,6.825676254435109,0.0,0.0,-1.000088900581841e-12,0,0,1.0,6.944444444444444e-05,-0.2,7.925972419422439,0.0,7.919068525499506,-0.31413208468995524,7.925972419422439,5.104731030303372,4.4408920985006264e-17,0.0,-1.000088900581841e-12,0.0,0.2,Train015,10.0
25,3,1,6.944444444444444e-05,0.0,7.818282267585175,0.0,-7.817147139627931,0.13322241944826324,7.818282267585175,0.5274941991436233,0.0,0.0,-1.000088900581841e-12,0,0,1.0,6.944444444444444e-05,0.0,7.275891656651747,0.0,-7.274186296842226,0.15576103497718366,7.275891656651749,-0.9851745444923423,4.4408920985006264e-17,0.0,-1.000088900581841e-12,0.0,0.0,Train015,10.0
25,4,3,0.00020833333333333335,0.0,10.421849920216921,1.1798250823545975,-4.524299863376749,-0.02074191599916958,4.524347409387368,0.35022973015322495,0.6671670257077091,18.297899802411877,1.0986122886651097,0,0,2.4,0.00016666666666666666,0.2,9.155398431283833,1.15350612539947,-2.4945130898827887,0.1964813228894906,2.5192213289567227,0.705215922201011,0.8467256349558607,37.19113675617636,0.855333223800811,0.2,0.0,Train015,10.0
25,5,2,0.0001388888888888889,0.0,9.637795510290816,0.1256502872770433,-9.624251346332281,-0.03276683834888394,9.624307125350589,3.1143031603596327,0.0013997681876166679,51.54598944194456,0.6931471805579453,0,0,2.0,0.0001388888888888889,0.2,8.299215279938608,0.09472990398684686,-8.28445169373374,0.29432049347911515,8.293433231269919,1.6241765332204885,0.000637064256484221,51.907086543039156,0.6931471805579453,0.2,0.0,Train015,10.0
26,0,1,6.944444444444444e-05,0.0,9.150931978344714,0.0,-9.14638152651582,-0.28854989811474985,9.150931978344714,-4.960323495176269,0.0,0.0,-1.000088900581841e-12,0,0,1.0,6.944444444444444e-05,0.0,8.62996056746313,0.0,-8.599672807642781,-0.6232305630594099,8.62996056746313,1.188962177419448,2.2204460492503132e-17,0.0,-1.000088900581841e-12,0.0,0.0,Train015,10.0
26,1,0,0.0,0.0,0.0,0.0,0.0,0.0,0.0,0.0,0.0,0.0,0.0,0,0,0.0,0.0,0.0,0.0,0.0,0.0,0.0,0.0,0.0,0.0,0.0,0.0,0.0,0.0,Train015,10.0
26,2,1,6.944444444444444e-05,0.0,9.915368099880494,0.0,9.912744445548466,-0.22808356664995186,9.915368099880494,-3.825703463584933,0.0,0.0,-1.000088900581841e-12,0,0,1.0,6.944444444444444e-05,0.0,8.469625918188758,0.0,8.46423377065916,-0.28320766235755795,8.469625918188758,5.436534987663181,4.4408920985006264e-17,0.0,-1.000088900581841e-12,0.0,0.0,Train015,10.0
26,3,1,6.944444444444444e-05,0.0,7.368005625889439,0.0,-7.367017969144131,0.12063641840636571,7.368005625889439,-4.502766416957362,0.0,0.0,-1.000088900581841e-12,0,0,1.0,6.944444444444444e-05,0.0,7.225341188780524,0.0,-7.223814990756855,0.14600420754978768,7.225341188780524,-0.5055046787122286,4.4408920985006264e-17,0.0,-1.000088900581841e-12,0.0,0.0,Train015,10.0
26,4,3,0.00020833333333333335,0.0,9.817159046975512,1.1059075260912958,-4.225386068053126,-0.05805009472124232,4.225784807298474,-6.0469087324140895,0.6671381751767098,18.040905514736377,1.0986122886651097,0,0,2.6,0.00018055555555555555,0.2,9.30156852088815,1.1341589754630763,-3.100498029550979,0.12061737712427725,3.1168026806102853,0.6974383153013777,0.7866651648825693,30.86835566085718,0.9364262454222441,0.2,0.0,Train015,10.0
26,5,2,0.0001388888888888889,0.0,9.16769971407299,0.1372128381038351,-9.153562701644368,-0.07334791957269748,9.153856567056346,-4.700957962178265,0.001510329908483432,51.488349084666396,0.6931471805579453,0,0,2.0,0.0001388888888888889,0.0,8.489045919045495,0.10485999831420437,-8.474968183824386,0.1783318048501723,8.480882103954107,1.8983063910688784,0.0008920530687351657,51.791302242144596,0.6931471805579453,0.0,0.0,Train015,10.0
27,0,1,6.944444444444444e-05,0.0,8.433106668737738,0.0,-8.42957622043225,-0.2439935044874275,8.433106668737738,-7.17825309606976,0.0,0.0,-1.000088900581841e-12,0,0,1.0,6.944444444444444e-05,0.0,8.750083747657603,0.0,-8.732073526068842,-0.47076057874391797,8.750083747657603,1.201231801944754,0.0,0.0,-1.000088900581841e-12,0.0,0.0,Train015,10.0
27,1,1,6.944444444444444e-05,1.0,10.200077250936644,0.0,-10.191717544558145,-0.41287942189090876,10.200077250936644,-8.677146103310935,0.0,0.0,-1.000088900581841e-12,1,0,0.2,1.388888888888889e-05,0.2,2.0400154501873287,0.0,-2.038343508911629,-0.08257588437818175,2.0400154501873287,-1.735429220662187,0.0,0.0,-2.000177801163682e-13,0.2,0.0,Train015,10.0
27,2,1,6.944444444444444e-05,0.0,9.190325510440225,0.0,9.18801759204488,-0.20595076140229737,9.190325510440225,-7.250425894402692,0.0,0.0,-1.000088900581841e-12,0,0,1.0,6.944444444444444e-05,0.0,8.994147159950977,0.0,8.990103059467916,-0.255471884141646,8.994147159950977,5.24521241762219,4.4408920985006264e-17,0.0,-1.000088900581841e-12,0.0,0.0,Train015,10.0
27,3,1,6.944444444444444e-05,0.0,6.772384788777949,0.0,-6.771506215446919,0.10908391923050173,6.772384788777949,-5.956208371114897,0.0,0.0,-1.000088900581841e-12,0,0,1.0,6.944444444444444e-05,0.0,7.196175470089182,0.0,-7.194890770889662,0.1338449010705942,7.196175470089182,-0.2916571869134302,2.2204460492503132e-17,0.0,-1.000088900581841e-12,0.0,0.0,Train015,10.0
27,4,2,0.0001388888888888889,-1.0,8.43253966356592,0.7128387705225587,-0.7084186895680236,0.10521503891532771,0.716189391252921,-7.593029762634775,0.9917646520731763,29.088002811640987,0.6931471805579453,0,1,2.6,0.00018055555555555557,0.0,9.323145683263382,1.0529747818481225,-3.019886555598993,0.08035794648479343,3.0294475186907066,0.7021418573027569,0.7917765461050494,26.78978846929521,0.9364262454222441,0.2,0.2,Train015,10.0
27,5,2,0.0001388888888888889,0.0,8.457492302844209,0.13275947609499017,-8.443939189602537,-0.08295727540561526,8.444346685638164,-7.102074112287822,0.0015546995716118062,51.46783549077454,0.6931471805579453,0,0,2.0,0.0001388888888888889,0.0,8.67912134614571,0.11207190498963104,-8.665663154240992,0.06701914883363326,8.668667051191315,1.9007542710021443,0.0011578758142071432,51.66415181793341,0.6931471805579453,0.0,0.0,Train015,10.0
28,0,1,6.944444444444444e-05,0.0,7.682538536479375,0.0,-7.679555893933834,-0.21405521819561155,7.682538536479375,-7.505681322583628,0.0,0.0,-1.000088900581841e-12,0,0,1.0,6.944444444444444e-05,0.0,8.864983387567788,0.0,-8.858346257638484,-0.32948211865354715,8.864983387567788,1.1489963991018453,0.0,0.0,-1.000088900581841e-12,0.0,0.0,Train015,10.0
28,1,1,6.944444444444444e-05,0.0,9.29242111412128,0.0,-9.284410111692882,-0.3857707091809083,9.29242111412128,-9.076561368153637,0.0,0.0,-1.000088900581841e-12,0,0,0.4,2.777777777777778e-05,0.2,3.8984996730115853,0.0,-3.8952255312502055,-0.1597300262143634,3.8984996730115853,-3.5507414942929145,0.0,0.0,-4.000355602327364e-13,0.2,0.0,Train015,10.0
28,2,1,6.944444444444444e-05,0.0,8.391690203306462,0.0,8.389628173578698,-0.186020368143421,8.391690203306462,-7.9863530713376285,0.0,0.0,-1.000088900581841e-12,0,0,1.0,6.944444444444444e-05,0.0,9.482138616132328,0.0,9.479303865015254,-0.23056097003298595,9.482138616132328,4.879914561813528,2.2204460492503132e-17,0.0,-1.000088900581841e-12,0.0,0.0,Train015,10.0
28,3,1,6.944444444444444e-05,0.0,6.1629922169721505,0.0,-6.162203568256407,0.09859132734324749,6.1629922169721505,-6.093925718057989,0.0,0.0,-1.000088900581841e-12,0,0,1.0,6.944444444444444e-05,0.0,7.1774395493791046,0.0,-7.176404891458323,0.12162025640985416,7.1774395493791046,-0.18735920710076465,0.0,0.0,-1.000088900581841e-12,0.0,0.0,Train015,10.0
28,4,2,0.0001388888888888889,0.0,7.665610290584774,0.6335883832604283,-0.629688009197817,0.09268038971993114,0.6364720288953383,-7.6692937298114705,0.9920781804331077,29.07918506019257,0.6931471805579453,0,0,2.6,0.00018055555555555557,0.0,9.344797173708944,0.9752944402240212,-2.9428030558638403,0.04232998468057854,2.9459883757991836,0.7028851380060592,0.7970520757627944,22.712790716237812,0.936426245422244,0.2,0.2,Train015,10.0
28,5,2,0.0001388888888888889,0.0,7.707893957223678,0.12311276258549153,-7.695342284132973,-0.08132108955420644,7.69577195540325,-7.495983456205293,0.0015730752925365854,51.4613666969542,0.6931471805579453,0,0,2.0,0.0001388888888888889,0.0,8.85944933573731,0.11773922502219172,-8.846546523139551,-0.03594105319634018,8.846872168150233,1.803279895915995,0.0014281807109729927,51.533013533049214,0.6931471805579453,0.0,0.0,Train015,10.0
29,0,1,6.944444444444444e-05,0.0,9.937104621806105,0.0,-9.936535711491496,0.1063311759290238,9.937104621806105,22.5456608532673,0.0,0.0,-1.000088900581841e-12,0,0,1.0,6.944444444444444e-05,0.0,8.970129226646055,0.0,-8.966400993335615,-0.2015862020433481,8.970129226646055,1.051458390782652,0.0,0.0,-1.000088900581841e-12,0.0,0.0,Train015,10.0
29,1,1,6.944444444444444e-05,0.0,11.694206903079724,0.0,-11.688864099977883,-0.3534560004946924,11.694206903079724,24.017857889584437,0.0,0.0,-1.000088900581841e-12,0,0,0.6,4.1666666666666665e-05,0.2,6.23734105362753,0.0,-6.232998351245781,-0.23042122631330192,6.23734105362753,1.252830083623973,0.0,0.0,-6.000533403491046e-13,0.2,0.0,Train015,10.0
29,2,1,6.944444444444444e-05,0.0,8.222574200785843,0.0,8.20938166283324,-0.4655955340918898,8.222574200785843,-1.691160025206191,0.0,0.0,-1.000088900581841e-12,0,0,1.0,6.944444444444444e-05,0.0,9.203579292130403,0.0,9.198921942903489,-0.26766719282536106,9.203579292130403,-2.785593240019267,0.0,0.0,-1.000088900581841e-12,0.0,0.0,Train015,10.0
29,3,0,0.0,-1.0,0.0,0.0,0.0,0.0,0.0,0.0,0.0,0.0,0.0,0,1,0.8,5.555555555555556e-05,-0.2,5.624332979844942,0.0,-5.6235749784950775,0.09230681688567563,5.624332979844943,-3.205081261397326,0.0,0.0,-8.000711204654728e-13,0.0,0.2,Train015,10.0
29,4,2,0.0001388888888888889,0.0,9.620451728244092,0.020083942678250644,0.025088123236374216,0.2313905974198523,0.23274669170976342,19.54841437659317,0.9758972808369295,25.307230224023428,0.6931471805579453,0,0,2.4,0.00016666666666666666,-0.2,9.191522129917445,0.7304487409814262,-2.0125409013918683,0.07009880306693986,2.0671080657087733,-0.2821176236227892,0.8588090628455266,23.962644682601045,0.855333223800811,0.0,0.2,Train015,10.0
29,5,2,0.0001388888888888889,0.0,9.807811456706775,0.5534297940344128,-9.804360725756698,0.0728585294716037,9.804631436524128,20.999174994830963,0.0003252692568567195,50.535194978561776,0.6931471805579453,0,0,2.0,0.0001388888888888889,0.0,8.955738588227694,0.21443303161915458,-8.94429124949377,-0.03950691868195989,8.944582753994494,0.9628925249038425,0.0012726284434210421,51.2997471385803,0.6931471805579453,0.0,0.0,Train015,10.0
30,0,1,6.944444444444444e-05,0.0,10.130026257210382,0.0,-10.127830561792198,0.21090301894398436,10.130026257210382,1.9292163540427687,0.0,0.0,-1.000088900581841e-12,0,0,1.0,6.944444444444444e-05,0.0,9.066741612515662,0.0,-9.063975982833119,-0.08587288518495613,9.066741612515662,0.9661238586960827,0.0,0.0,-1.000088900581841e-12,0.0,0.0,Train015,10.0
30,1,1,6.944444444444444e-05,0.0,11.831544074865308,0.0,-11.827180868220651,-0.321290998746919,11.831544074865308,1.3733717178558358,0.0,0.0,-1.000088900581841e-12,0,0,0.8,5.555555555555556e-05,0.2,8.603649868600591,0.0,-8.598434524889912,-0.29467942606268566,8.603649868600591,1.5275044271951401,0.0,0.0,-8.000711204654728e-13,0.2,0.0,Train015,10.0
30,2,1,6.944444444444444e-05,0.0,7.6780327821668015,0.0,7.659393417063586,-0.5346773668962282,7.6780327821668015,-5.445414186190414,1.1102230246251565e-16,0.0,-1.000088900581841e-12,0,0,1.0,6.944444444444444e-05,0.0,8.679598159315965,0.0,8.671833058213775,-0.32406551943675765,8.679598159315965,-5.239811328144372,2.2204460492503132e-17,0.0,-1.000088900581841e-12,0.0,0.0,Train015,10.0
30,3,0,0.0,0.0,0.0,0.0,0.0,0.0,0.0,0.0,0.0,0.0,0.0,0,0,0.6,4.1666666666666665e-05,-0.2,4.060676526327907,0.0,-4.060145550569492,0.06566233299602298,4.060676526327908,-3.31058010122605,0.0,0.0,-6.000533403491046e-13,0.0,0.2,Train015,10.0
30,4,2,0.0001388888888888889,0.0,9.725858305865035,0.24828943041061446,0.2519883214112548,0.2655945556571133,0.3661127997248407,1.054065776209434,0.9723270322052727,24.125875066692043,0.6931471805579453,0,0,2.2,0.00015277777777777777,-0.2,9.052323807047065,0.5441416105926296,-1.0572832644342676,0.12736609739819643,1.2354611437762677,-0.14135041441154733,0.9198410641450392,25.12823973545708,0.7742402021793782,0.0,0.2,Train015,10.0
30,5,2,0.0001388888888888889,0.0,9.954266588832876,0.6711411929814579,-9.951995999064414,0.12188409402091986,9.952742340569728,1.464551321261025,0.00015382442662414952,50.187199717332376,0.6931471805579453,0,0,2.0,0.0001388888888888889,0.0,9.019032803936105,0.3235312127600375,-9.009840180040197,-0.008576732207999125,9.010269797038323,0.6329421570841209,0.0010234396912225385,51.02798919365786,0.6931471805579453,0.0,0.0,Train015,10.0
31,0,1,6.944444444444444e-05,0.0,9.596584707244844,0.0,-9.59371648099282,0.23461058299310944,9.596584707244844,-5.334415499655378,0.0,0.0,-1.000088900581841e-12,0,0,1.0,6.944444444444444e-05,0.0,9.155872158295688,0.0,-9.15344297372852,0.018759211036615715,9.155872158295688,0.8913054578002608,0.0,0.0,-1.000088900581841e-12,0.0,0.0,Train015,10.0
31,1,1,6.944444444444444e-05,0.0,11.177780580725745,0.0,-11.17398920585521,-0.29110812128965413,11.177780580725745,-6.537634941395627,0.0,0.0,-1.000088900581841e-12,0,0,1.0,6.944444444444444e-05,0.2,10.83920598474574,0.0,-10.833232366060955,-0.3529010503206165,10.83920598474574,0.21997743891601473,0.0,0.0,-1.000088900581841e-12,0.2,0.0,Train015,10.0
31,2,1,6.944444444444444e-05,0.0,7.034479619279133,0.0,7.014720121892824,-0.5268824589653974,7.034479619279133,-6.435531628876685,0.0,0.0,-1.000088900581841e-12,0,0,1.0,6.944444444444444e-05,0.0,8.103420463195693,0.0,8.092228193482645,-0.38382529789984676,8.103420463195693,-5.761776961202722,2.2204460492503132e-17,0.0,-1.000088900581841e-12,0.0,0.0,Train015,10.0
31,3,0,0.0,0.0,0.0,0.0,0.0,0.0,0.0,0.0,0.0,0.0,0.0,0,0,0.4,2.777777777777778e-05,-0.2,2.58707540115002,0.0,-2.586741956740665,0.04153504931474984,2.58707540115002,-2.410026817834578,0.0,0.0,-4.000355602327364e-13,0.0,0.2,Train015,10.0
31,4,2,0.0001388888888888889,0.0,9.184635807333411,0.3140603881372419,0.3169675714678206,0.26164606729810935,0.41100742802870943,-5.412224985316243,0.9711165746644829,23.74893096349559,0.6931471805579453,0,0,2.0,0.0001388888888888889,-0.2,8.925819159118648,0.3857721830018188,-0.14881253653007817,0.19130532980206677,0.4725056679223146,-0.014413664991977982,0.9806367440425937,26.269844825208924,0.6931471805579453,0.0,0.2,Train015,10.0
31,5,2,0.0001388888888888889,0.0,9.414944281127484,0.6721209847500624,-9.413013474024499,0.13163140868753198,9.413933794642908,-5.39322307705393,0.00010787774284370943,50.05944911785101,0.6931471805579453,0,0,2.0,0.0001388888888888889,0.0,9.068481717347003,0.430512842089283,-9.061730334516223,0.03241913344404677,9.062285242555635,0.4944891341089878,0.000742949258094594,50.74220920029478,0.6931471805579453,0.0,0.0,Train015,10.0
32,0,1,6.944444444444444e-05,0.0,8.843615992875232,0.0,-8.840652360591644,0.22893158061738478,8.843615992875232,-7.5296871436961155,1.1102230246251565e-16,0.0,-1.000088900581841e-12,0,0,1.0,6.944444444444444e-05,0.0,9.237974023123188,0.0,-9.235658201760398,0.11334422805757818,9.237974023123188,0.8210186482749897,2.2204460492503132e-17,0.0,-1.000088900581841e-12,0.0,0.0,Train015,10.0
32,1,1,6.944444444444444e-05,0.0,10.289480455057074,0.0,-10.28610810609698,-0.2634161435590734,10.289480455057074,-8.883001256686711,0.0,0.0,-1.000088900581841e-12,0,0,1.0,6.944444444444444e-05,0.0,10.857086625569826,0.0,-10.85211047836872,-0.32300839465424946,10.857086625569826,0.17880640824085958,0.0,0.0,-1.000088900581841e-12,0.0,0.0,Train015,10.0
32,2,1,6.944444444444444e-05,0.0,6.394945933974486,0.0,6.375916532780829,-0.4929724794234455,6.394945933974486,-6.395336853046469,1.1102230246251565e-16,0.0,-1.000088900581841e-12,0,0,1.0,6.944444444444444e-05,0.0,7.544344547902545,0.0,7.529807981629835,-0.4412296415040764,7.544344547902544,-5.5907591529314775,4.4408920985006264e-17,0.0,-1.000088900581841e-12,0.0,0.0,Train015,10.0
32,3,0,0.0,0.0,0.0,0.0,0.0,0.0,0.0,0.0,0.0,0.0,0.0,0,0,0.2,1.388888888888889e-05,-0.2,1.2325984433944301,0.0,-1.2324407136512814,0.019718265468649493,1.2325984433944301,-1.2187851436115984,0.0,0.0,-2.000177801163682e-13,0.0,0.2,Train015,10.0
32,4,2,0.0001388888888888889,0.0,8.45240747546812,0.31920762639323375,0.32165216600495405,0.24475109943469378,0.4041821576593528,-7.322283318652882,0.9706464880460116,23.64446444968132,0.6931471805579453,0,0,2.0,0.0001388888888888889,0.0,8.929792721499087,0.3070459541759538,0.057201634584517345,0.21921254190594,0.4101042212036009,0.03973562380440061,0.976413111237161,25.18113715281699,0.6931471805579453,0.0,0.0,Train015,10.0
32,5,2,0.0001388888888888889,0.0,8.670574303914806,0.6325735843927411,-8.668848293992534,0.12721269154360326,8.669781647374231,-7.443699772126777,9.190836759631615e-05,50.015502782295826,0.6931471805579453,0,0,2.0,0.0001388888888888889,0.0,9.111098117561124,0.5304756637488331,-9.106712155394224,0.07445312683389047,9.107372234902849,0.4261640021411967,0.000450391017291496,50.45174265859904,0.6931471805579453,0.0,0.0,Train015,10.0
33,0,1,6.944444444444444e-05,0.0,8.05955948046467,0.0,-8.056733233990025,0.21342121606949538,8.05955948046467,-7.840565124105616,0.0,0.0,-1.000088900581841e-12,0,0,1.0,6.944444444444444e-05,0.0,9.313378211920247,0.0,-9.311093669771637,0.19883951491059956,9.313378211920247,0.7540418879705921,2.2204460492503132e-17,0.0,-1.000088900581841e-12,0.0,0.0,Train015,10.0
33,1,1,6.944444444444444e-05,0.0,9.372994752502485,0.0,-9.3699665572024,-0.2382380056744452,9.372994752502485,-9.164857025545885,0.0,0.0,-1.000088900581841e-12,0,0,1.0,6.944444444444444e-05,0.0,10.873201353246067,0.0,-10.869221767470625,-0.2935018539529568,10.873201353246067,0.16114727676241003,0.0,0.0,-1.000088900581841e-12,0.0,0.0,Train015,10.0
33,2,1,6.944444444444444e-05,0.0,5.794946114246876,0.0,5.777287420816682,-0.45205146200217206,5.794946114246876,-5.999998197276097,0.0,0.0,-1.000088900581841e-12,0,0,1.0,6.944444444444444e-05,0.0,7.0249957300906285,0.0,7.007339831077433,-0.4944358602758266,7.024995730090628,-5.193488178119171,4.4408920985006264e-17,0.0,-1.000088900581841e-12,0.0,0.0,Train015,10.0
33,3,0,0.0,0.0,0.0,0.0,0.0,0.0,0.0,0.0,0.0,0.0,0.0,0,0,0.0,0.0,-0.2,0.0,0.0,0.0,0.0,0.0,0.0,0.0,0.0,0.0,0.0,0.2,Train015,10.0
33,4,2,0.0001388888888888889,0.0,7.698006524912423,0.3027822749010687,0.304919074717648,0.22439270324581648,0.37858648601955097,-7.544009505556986,0.9704542037683663,23.63665842265968,0.6931471805579453,0,0,2.0,0.0001388888888888889,0.0,8.936271968364617,0.24088473250408188,0.24412305136761034,0.245555004611117,0.3585271126284435,0.0647924686552976,0.9720883159042126,24.092631825310413,0.6931471805579453,0.0,0.0,Train015,10.0
33,5,2,0.0001388888888888889,0.0,7.899653120760531,0.5813735099790911,-7.898096082330085,0.11815569189970304,7.898979838766911,-7.709211831542753,8.569346356979146e-05,50.00319582648568,0.6931471805579453,0,0,2.0,0.0001388888888888889,0.0,9.149449950268496,0.6221278132275531,-9.147262915033647,0.11434848312467238,9.14801381157558,0.38351832707370476,0.0001529146514981372,50.16010848450533,0.6931471805579453,0.0,0.0,Train015,10.0
34,0,1,6.944444444444444e-05,0.0,9.084196408676743,0.0,-9.082094008701207,0.19542980460791462,9.084196408676743,10.246369282120718,1.1102230246251565e-16,0.0,-1.000088900581841e-12,0,0,1.0,6.944444444444444e-05,0.0,9.142796569294376,0.0,-9.140205329213577,0.2166592406463777,9.142796569294376,-1.705816426258724,4.4408920985006264e-17,0.0,-1.000088900581841e-12,0.0,0.0,Train015,10.0
34,1,0,0.0,-1.0,0.0,0.0,0.0,0.0,0.0,0.0,0.0,0.0,0.0,0,1,0.8,5.555555555555556e-05,-0.2,8.534359972630122,0.0,-8.531448947475049,-0.22281065385401835,8.534359972630122,-4.6424243011544775,0.0,0.0,-8.000711204654728e-13,0.0,0.2,Train015,10.0
34,2,1,6.944444444444444e-05,0.0,7.298592668678888,0.0,7.297678651379708,-0.11550430507156394,7.298592668678888,15.036465544320112,0.0,0.0,-1.000088900581841e-12,0,0,1.0,6.944444444444444e-05,0.0,6.840199423669238,0.0,6.824999228786726,-0.4244176144717614,6.840199423669238,-1.8479630642139107,4.4408920985006264e-17,0.0,-1.000088900581841e-12,0.0,0.0,Train015,10.0
34,3,0,0.0,0.0,0.0,0.0,0.0,0.0,0.0,0.0,0.0,0.0,0.0,0,0,0.0,0.0,0.0,0.0,0.0,0.0,0.0,0.0,0.0,0.0,0.0,0.0,0.0,0.0,Train015,10.0
34,4,2,0.0001388888888888889,0.0,7.62282072934449,0.22902139713388747,0.4289452111279388,-1.2774158176741208,1.3475107292313613,-0.7518579556793314,0.8257199296927469,25.443283394536504,0.6931471805579453,0,0,2.0,0.0001388888888888889,0.0,8.536745768584696,0.28267222339520925,0.3248944689459233,-0.0562062784076776,0.5814799201327631,-3.995261997799202,0.9420528456753761,24.11984245941303,0.6931471805579453,0.0,0.0,Train015,10.0
34,5,3,0.00020833333333333335,1.0,6.16126518981068,4.377784899567224,-6.155459206770721,0.0719930119454295,6.1558802002627875,13.422446639554888,0.667185099792351,52.504256157377476,1.0986122886651097,1,0,2.2,0.00015277777777777777,0.2,8.420140696889275,1.3869988343341153,-8.41748261123645,0.11417537961943751,8.418263564323315,-1.13182734398151,0.13352488075859698,50.55392072026847,0.7742402021793782,0.2,0.0,Train015,10.0
35,0,1,6.944444444444444e-05,0.0,8.90283076550495,0.0,-8.901058191151277,0.17764773277534893,8.90283076550495,-1.8136564317179271,1.1102230246251565e-16,0.0,-1.000088900581841e-12,0,0,1.0,6.944444444444444e-05,0.0,8.897357470953287,0.0,-8.894850855085394,0.21000818341265065,8.897357470953287,-2.454390983410863,6.661338147750939e-17,0.0,-1.000088900581841e-12,0.0,0.0,Train015,10.0
35,1,0,0.0,0.0,0.0,0.0,0.0,0.0,0.0,0.0,0.0,0.0,0.0,0,0,0.6,4.1666666666666665e-05,-0.2,6.168051157657061,0.0,-6.166012773830919,-0.15855245410463453,6.168051157657061,-4.917098644725645,0.0,0.0,-6.000533403491046e-13,0.0,0.2,Train015,10.0
35,2,1,6.944444444444444e-05,0.0,7.393533150461096,0.0,7.3935288370862775,0.007986372193663598,7.393533150461096,0.9494048178220815,0.0,0.0,-1.000088900581841e-12,0,0,1.0,6.944444444444444e-05,0.0,6.7832994973280965,0.0,6.771826312791265,-0.31588486665378307,6.7832994973280965,-0.5689992634114116,2.2204460492503132e-17,0.0,-1.000088900581841e-12,0.0,0.0,Train015,10.0
35,3,0,0.0,0.0,0.0,0.0,0.0,0.0,0.0,0.0,0.0,0.0,0.0,0,0,0.0,0.0,0.0,0.0,0.0,0.0,0.0,0.0,0.0,0.0,0.0,0.0,0.0,0.0,Train015,10.0
35,4,2,0.0001388888888888889,0.0,7.264396951632992,0.07485787838944624,0.44702106519736295,-1.7220720351498313,1.7791458419632908,-3.5842377771149847,0.7552908090183412,26.192394823711858,0.6931471805579453,0,0,2.0,0.0001388888888888889,0.0,8.044453497738285,0.2479859129909756,0.36390101770314487,-0.45373959656906654,0.864086528580453,-4.922922708464086,0.8986456010379898,24.53314641081699,0.6931471805579453,0.0,0.0,Train015,10.0
35,5,3,0.00020833333333333335,0.0,6.108459297419201,4.3367734473908515,-6.100346799301062,0.06539457565007949,6.1006972980362795,-0.5280589239147915,0.6674566700606354,52.75408922651946,1.0986122886651097,0,0,2.4,0.0001666666666666667,0.2,7.650979238606541,2.1201252852159937,-7.64715277128378,0.10287747594526946,7.6478545558166235,-1.5303493930166734,0.26698544988539924,51.06729862210589,0.855333223800811,0.2,0.0,Train015,10.0
36,0,1,6.944444444444444e-05,0.0,8.314293415039614,0.0,-8.312734584489842,0.1609929166068931,8.314293415039614,-5.885373504653355,0.0,0.0,-1.000088900581841e-12,0,0,1.0,6.944444444444444e-05,0.0,8.640899212512242,0.0,-8.638654475784799,0.19528465013540736,8.640899212512242,-2.5645825844104584,6.661338147750939e-17,0.0,-1.000088900581841e-12,0.0,0.0,Train015,10.0
36,1,0,0.0,0.0,0.0,0.0,0.0,0.0,0.0,0.0,0.0,0.0,0.0,0,0,0.4,2.7777777777777772e-05,-0.2,3.932495041511912,0.0,-3.9312149326598758,-0.10033082984670372,3.932495041511912,-3.6095716564465192,0.0,0.0,-4.000355602327364e-13,0.0,0.2,Train015,10.0
36,2,1,6.944444444444444e-05,0.0,6.990319295321713,0.0,6.990138093569069,0.05033173334615003,6.990319295321713,-4.032138551393825,0.0,0.0,-1.000088900581841e-12,0,0,1.0,6.944444444444444e-05,0.0,6.774467432536612,0.0,6.7669099071265135,-0.20044202819147355,6.774467432536612,-0.08832064791483951,2.2204460492503132e-17,0.0,-1.000088900581841e-12,0.0,0.0,Train015,10.0
36,3,0,0.0,0.0,0.0,0.0,0.0,0.0,0.0,0.0,0.0,0.0,0.0,0,0,0.0,0.0,0.0,0.0,0.0,0.0,0.0,0.0,0.0,0.0,0.0,0.0,0.0,0.0,Train015,10.0
36,4,2,0.0001388888888888889,0.0,6.725809277906208,0.0027846792107211193,0.4271881803267803,-1.7743110146188057,1.8250121418797525,-5.38587673726783,0.7286556757109407,26.494238294882873,0.6931471805579453,0,0,2.0,0.0001388888888888889,0.0,7.552688191852846,0.18573077120567144,0.3859451394749368,-0.8609310129524494,1.1468874713506616,-4.917653058854404,0.8501534212472814,25.082207877094447,0.6931471805579453,0.0,0.0,Train015,10.0
36,5,3,0.00020833333333333335,0.0,5.729558921062577,4.066622063707246,-5.721015202691574,0.05924749534061798,5.721321981424595,-3.789003763566233,0.667570672204015,52.84119081789367,1.0986122886651097,0,0,2.6,0.00018055555555555557,0.2,6.913902166593559,2.7990255010074305,-6.908753117017194,0.08840069327588665,6.90933219317296,-1.209505530319134,0.4004780087776335,51.62364696211442,0.936426245422244,0.2,0.0,Train015,10.0
37,0,1,6.944444444444444e-05,0.0,7.6194899682539985,0.0,-7.618096506833323,0.14571543808821866,7.6194899682539985,-6.948034467856159,0.0,0.0,-1.000088900581841e-12,0,0,1.0,6.944444444444444e-05,0.0,8.396074007587995,0.0,-8.394143305033134,0.17864142162957414,8.396074007587995,-2.448252049242467,4.4408920985006264e-17,0.0,-1.000088900581841e-12,0.0,0.0,Train015,10.0
37,1,0,0.0,0.0,0.0,0.0,0.0,0.0,0.0,0.0,0.0,0.0,0.0,0,0,0.2,1.388888888888889e-05,-0.2,1.8745989505004972,0.0,-1.8739933114404799,-0.04764760113488904,1.8745989505004972,-1.832971405109177,0.0,0.0,-2.000177801163682e-13,0.0,0.2,Train015,10.0
37,2,1,6.944444444444444e-05,0.0,6.437934341966287,0.0,6.437635357016177,0.06204515745880183,6.437934341966287,-5.523849533554266,0.0,0.0,-1.000088900581841e-12,0,0,1.0,6.944444444444444e-05,0.0,6.783065114134972,0.0,6.779253671973583,-0.08943850081502411,6.783065114134972,0.08597681598360118,0.0,0.0,-1.000088900581841e-12,0.0,0.0,Train015,10.0
37,3,0,0.0,0.0,0.0,0.0,0.0,0.0,0.0,0.0,0.0,0.0,0.0,0,0,0.0,0.0,0.0,0.0,0.0,0.0,0.0,0.0,0.0,0.0,0.0,0.0,0.0,0.0,Train015,10.0
37,4,2,0.0001388888888888889,0.0,6.143966094686867,0.024198660970488728,0.3953097715621894,-1.6875531148214915,1.7332355093397633,-5.81843183219342,0.7179216175190366,26.618872257033907,0.6931471805579453,0,0,2.0,0.0001388888888888889,0.0,7.090999915696597,0.12672897812112244,0.4006766605863839,-1.2473918558036865,1.412698141686744,-4.616882761562511,0.7996084471418864,25.677089438564963,0.6931471805579453,0.0,0.0,Train015,10.0
37,5,3,0.00020833333333333335,0.0,5.2599962087253544,3.7329291369888105,-5.251791632129103,0.05362016992286578,5.252065352784923,-4.695627123372231,0.6676185380125879,52.866474128105985,1.0986122886651097,0,0,2.8,0.00019444444444444443,0.2,6.23178654755567,3.419096611526645,-6.225341784644509,0.07368218895173916,6.225788934255099,-0.6598910005682246,0.5339833347066318,52.19384123127645,1.0175192670436768,0.2,0.0,Train015,10.0
38,0,1,6.944444444444444e-05,0.0,6.928963852759805,0.0,-6.9277098434009075,0.13181956796386912,6.928963852759805,-6.905261154941931,0.0,0.0,-1.000088900581841e-12,0,0,1.0,6.944444444444444e-05,0.0,8.169954882047023,0.0,-8.168338626915311,0.16232109200844888,8.169954882047023,-2.26119125540973,4.4408920985006264e-17,0.0,-1.000088900581841e-12,0.0,0.0,Train015,10.0
38,1,0,0.0,0.0,0.0,0.0,0.0,0.0,0.0,0.0,0.0,0.0,0.0,0,0,0.0,0.0,-0.2,0.0,0.0,0.0,0.0,0.0,0.0,0.0,0.0,0.0,0.0,0.2,Train015,10.0
38,2,1,6.944444444444444e-05,0.0,5.866484828623907,0.0,5.866152458860288,0.06244656821531272,5.866484828623907,-5.714495133423796,0.0,0.0,-1.000088900581841e-12,0,0,1.0,6.944444444444444e-05,0.0,6.797372857010378,0.0,6.797026679582304,0.013461105228472848,6.7973728570103775,0.1430774287540615,0.0,0.0,-1.000088900581841e-12,0.0,0.0,Train015,10.0
38,3,0,0.0,0.0,0.0,0.0,0.0,0.0,0.0,0.0,0.0,0.0,0.0,0,0,0.0,0.0,0.0,0.0,0.0,0.0,0.0,0.0,0.0,0.0,0.0,0.0,0.0,0.0,Train015,10.0
38,4,2,0.0001388888888888889,0.0,5.57981825488411,0.03226480474296034,0.3610853073442546,-1.5577957681601042,1.5990966995392817,-5.641478398027564,0.7134677473800595,26.674286568659717,0.6931471805579453,0,0,2.0,0.0001388888888888889,0.0,6.6673622616909345,0.07262548408950079,0.4119099071117052,-1.6038295500848707,1.6568001843906899,-4.236376540056627,0.748211155864225,26.284615067764975,0.6931471805579453,0.0,0.0,Train015,10.0
38,5,3,0.00020833333333333335,0.0,4.786785064789748,3.3969424535726143,-4.779179801606136,0.048505648175357075,4.779425946071869,-4.732111439356069,0.6676387385394786,52.86878863203526,1.0986122886651097,0,0,3.0,0.00020833333333333335,0.2,5.609212936361512,3.982210400245349,-5.601558528499719,0.05975218020686997,5.601878155716091,-0.06447092213088776,0.6674939437218136,52.76695979238637,1.0986122886651097,0.2,0.0,Train015,10.0
39,0,0,0.0,-1.0,0.0,0.0,0.0,0.0,0.0,0.0,0.0,0.0,0.0,0,1,0.8,5.555555555555556e-05,-0.2,6.353115600311673,0.0,-6.35191982517507,0.12323513108686597,6.353115600311673,-4.3104651118338735,2.2204460492503132e-17,0.0,-8.000711204654728e-13,0.0,0.2,Train015,10.0
39,1,0,0.0,0.0,0.0,0.0,0.0,0.0,0.0,0.0,0.0,0.0,0.0,0,0,0.0,0.0,0.0,0.0,0.0,0.0,0.0,0.0,0.0,0.0,0.0,0.0,0.0,0.0,Train015,10.0
39,2,1,6.944444444444444e-05,0.0,10.362530093582281,0.0,-10.161296761032407,-2.0322593522064816,10.362530093582281,103.6253009358228,0.0,0.0,-1.000088900581841e-12,1,1,1.0,6.944444444444444e-05,0.0,7.410160341991056,0.0,3.3052315970998807,-0.3698899041985107,7.410160341991056,17.8608445070546,0.0,0.0,-1.000088900581841e-12,0.2,0.2,Train015,10.0
39,3,0,0.0,0.0,0.0,0.0,0.0,0.0,0.0,0.0,0.0,0.0,0.0,0,0,0.0,0.0,0.0,0.0,0.0,0.0,0.0,0.0,0.0,0.0,0.0,0.0,0.0,0.0,Train015,10.0
39,4,1,6.944444444444444e-05,-1.0,9.73893815044121,0.0,-9.379603087458896,-2.6210612773933395,9.73893815044121,41.2685509081414,0.0,0.0,-1.000088900581841e-12,0,1,1.8,0.000125,-0.2,7.0905857459102775,0.026821204662723287,-1.549799752605662,-1.8725586420287144,3.3350856686326593,4.16770523270752,0.5830671699256756,21.19595838885767,0.5545177444461562,0.0,0.2,Train015,10.0
39,5,2,0.0001388888888888889,-1.0,9.451988026198393,0.02939346108406493,-9.449280870804465,-0.08164961879300728,9.449633624411067,22.718104290137706,0.0002490930534848612,50.570148322439465,0.6931471805579453,0,1,2.8,0.00019444444444444446,-0.2,6.2673575036390545,3.1125321125487178,-6.260322861306468,0.029023654059182606,6.260628840545746,1.7946606079856757,0.5341067423740403,52.38013822539877,1.0175192670436768,0.0,0.2,Train015,10.0
40,0,0,0.0,0.0,0.0,0.0,0.0,0.0,0.0,0.0,0.0,0.0,0.0,0,0,0.6,4.1666666666666665e-05,-0.2,4.572549447210683,0.0,-4.571708186944814,0.08770558453179618,4.572549447210683,-3.947733825490288,0.0,0.0,-6.000533403491046e-13,0.0,0.2,Train015,10.0
40,1,0,0.0,0.0,0.0,0.0,0.0,0.0,0.0,0.0,0.0,0.0,0.0,0,0,0.0,0.0,0.0,0.0,0.0,0.0,0.0,0.0,0.0,0.0,0.0,0.0,0.0,0.0,Train015,10.0
40,2,1,6.944444444444444e-05,0.0,10.822793263140861,0.0,-10.6126219308338,-2.122524386166778,10.822793263140861,4.602631695585799,0.0,0.0,-1.000088900581841e-12,0,0,1.0,6.944444444444444e-05,0.0,8.09601236452701,0.0,-0.29599855648413465,-0.7959920558705991,8.09601236452701,18.59148988260734,0.0,0.0,-1.000088900581841e-12,0.2,0.2,Train015,10.0
40,3,0,0.0,0.0,0.0,0.0,0.0,0.0,0.0,0.0,0.0,0.0,0.0,0,0,0.0,0.0,0.0,0.0,0.0,0.0,0.0,0.0,0.0,0.0,0.0,0.0,0.0,0.0,Train015,10.0
40,4,1,6.944444444444444e-05,0.0,10.675589854966592,0.0,-10.407246638162311,-2.3785365592996293,10.675589854966592,9.366517045253815,0.0,0.0,-1.000088900581841e-12,0,0,1.6,0.00011111111111111112,-0.2,7.772824326576997,0.011849628984834038,-3.7206532932775973,-2.003851546858674,5.114374471233321,6.7578561971812805,0.43200900812200727,15.957479424115297,0.4158883083343672,0.0,0.2,Train015,10.0
40,5,2,0.0001388888888888889,0.0,9.684980892585799,0.08633804384706334,-9.683140368548345,-0.13039838981409888,9.684018336262932,2.329928663874057,9.939439617057122e-05,50.835692922585146,0.6931471805579453,0,0,2.6,0.00018055555555555557,-0.2,6.982661822672374,2.26244503183996,-6.976881575155924,-0.010134939033653062,6.977293048191077,2.366258125543445,0.40063528724114744,51.996458964611904,0.936426245422244,0.0,0.2,Train015,10.0
41,0,0,0.0,0.0,0.0,0.0,0.0,0.0,0.0,0.0,0.0,0.0,0.0,0,0,0.4,2.777777777777778e-05,-0.2,2.909690764202761,0.0,-2.909161270046846,0.05550700121041756,2.909690764202761,-2.770659124559617,0.0,0.0,-4.000355602327364e-13,0.0,0.2,Train015,10.0
41,1,0,0.0,0.0,0.0,0.0,0.0,0.0,0.0,0.0,0.0,0.0,0.0,0,0,0.0,0.0,0.0,0.0,0.0,0.0,0.0,0.0,0.0,0.0,0.0,0.0,0.0,0.0,Train015,10.0
41,2,1,6.944444444444444e-05,0.0,9.517523126418498,0.0,-9.332699258207402,-1.8665398516415168,9.517523126418498,-13.052701367223634,0.0,0.0,-1.000088900581841e-12,0,0,1.0,6.944444444444444e-05,0.0,8.601453130746368,0.0,-3.560566026839429,-1.1793663728681323,8.601453130746368,16.787377319441383,0.0,0.0,-1.000088900581841e-12,0.2,0.2,Train015,10.0
41,3,0,0.0,0.0,0.0,0.0,0.0,0.0,0.0,0.0,0.0,0.0,0.0,0,0,0.0,0.0,0.0,0.0,0.0,0.0,0.0,0.0,0.0,0.0,0.0,0.0,0.0,0.0,Train015,10.0
41,4,1,6.944444444444444e-05,0.0,10.375727826295371,0.0,-10.149661422549489,-2.154089351204061,10.375727826295371,-2.9986202867122103,0.0,0.0,-1.000088900581841e-12,0,0,1.4,9.722222222222222e-05,-0.2,8.50280803625483,0.011292693142689814,-5.83602321385285,-2.0798072141757253,6.824517608116443,7.235307487292403,0.2862778729798192,10.658631765138725,0.27725887222257806,0.0,0.2,Train015,10.0
41,5,2,0.0001388888888888889,0.0,9.194987759774786,0.12160010140681177,-9.193351368266725,-0.1396219682913107,9.19441154584899,-4.899931328110121,6.267705143592206e-05,50.93654991565237,0.6931471805579453,0,0,2.4,0.00016666666666666666,-0.2,7.675747590414815,1.473440639379873,-7.671348808270954,-0.0499088317600388,7.671910961075956,2.144072612634668,0.26713368821063155,51.61553078416365,0.855333223800811,0.0,0.2,Train015,10.0
42,0,0,0.0,0.0,0.0,0.0,0.0,0.0,0.0,0.0,0.0,0.0,0.0,0,0,0.2,1.388888888888889e-05,-0.2,1.385792770551961,0.0,-1.3855419686801815,0.026363913592773826,1.385792770551961,-1.3810522309883855,0.0,0.0,-2.000177801163682e-13,0.0,0.2,Train015,10.0
42,1,0,0.0,0.0,0.0,0.0,0.0,0.0,0.0,0.0,0.0,0.0,0.0,0,0,0.0,0.0,0.0,0.0,0.0,0.0,0.0,0.0,0.0,0.0,0.0,0.0,0.0,0.0,Train015,10.0
42,2,1,6.944444444444444e-05,0.0,8.110365209549293,0.0,-7.952867397279968,-1.5905734794560398,8.110365209549293,-14.071579168692043,0.0,0.0,-1.000088900581841e-12,0,0,1.0,6.944444444444444e-05,0.0,8.935939304262968,0.0,-6.438666577698657,-1.5098901002511007,8.935939304262968,15.077831392413827,0.0,0.0,-1.000088900581841e-12,0.2,0.2,Train015,10.0
42,3,0,0.0,0.0,0.0,0.0,0.0,0.0,0.0,0.0,0.0,0.0,0.0,0,0,0.0,0.0,0.0,0.0,0.0,0.0,0.0,0.0,0.0,0.0,0.0,0.0,0.0,0.0,Train015,10.0
42,4,1,6.944444444444444e-05,0.0,9.6603506105545,0.0,-9.461662869705284,-1.9491817921582042,9.6603506105545,-7.1537721574087065,0.0,0.0,-1.000088900581841e-12,0,0,1.2,8.333333333333333e-05,-0.2,9.206084939428356,0.006452960948592068,-7.807417742106345,-2.1321329496430677,8.40994062835939,6.968239422249345,0.1426935494760119,5.334857313731943,0.13862943611078898,0.0,0.2,Train015,10.0
42,5,2,0.0001388888888888889,0.0,8.482965747303332,0.1267032211408763,-8.481469581631265,-0.13459109319321313,8.48253741674644,-7.120220124714525,5.050428701558474e-05,50.97428304924801,0.6931471805579453,0,0,2.2,0.00015277777777777777,-0.2,8.320341498130412,0.7521954562102862,-8.317284398171388,-0.08755108438325458,8.318005373868258,1.659154012366209,0.13362008146551713,51.23709256839205,0.7742402021793782,0.0,0.2,Train015,10.0
43,0,0,0.0,0.0,0.0,0.0,0.0,0.0,0.0,0.0,0.0,0.0,0.0,0,0,0.0,0.0,-0.2,0.0,0.0,0.0,0.0,0.0,0.0,0.0,0.0,0.0,0.0,0.2,Train015,10.0
43,1,0,0.0,0.0,0.0,0.0,0.0,0.0,0.0,0.0,0.0,0.0,0.0,0,0,0.0,0.0,0.0,0.0,0.0,0.0,0.0,0.0,0.0,0.0,0.0,0.0,0.0,0.0,Train015,10.0
43,2,1,6.944444444444444e-05,0.0,6.912765436992278,0.0,-6.778524203098717,-1.3557048406197925,6.912765436992278,-11.975997725570151,1.1102230246251565e-16,0.0,-1.000088900581841e-12,0,0,1.0,6.944444444444444e-05,0.0,9.145195425936643,0.0,-8.96760191009046,-1.7935203820181218,9.145195425936643,13.825530873984556,2.2204460492503132e-17,0.0,-1.000088900581841e-12,0.2,0.2,Train015,10.0
43,3,0,0.0,0.0,0.0,0.0,0.0,0.0,0.0,0.0,0.0,0.0,0.0,0,0,0.0,0.0,0.0,0.0,0.0,0.0,0.0,0.0,0.0,0.0,0.0,0.0,0.0,0.0,Train015,10.0
43,4,1,6.944444444444444e-05,0.0,8.842616372294675,0.0,-8.665052635845445,-1.763158281494248,8.842616372294675,-8.177342382598258,0.0,0.0,-1.000088900581841e-12,0,0,1.0,6.944444444444444e-05,-0.2,9.85864456291047,0.0,-9.612645330744286,-2.1732054523098965,9.85864456291047,6.4610666253352065,0.0,0.0,-1.000088900581841e-12,0.0,0.2,Train015,10.0
43,5,2,0.0001388888888888889,0.0,7.7359182921219345,0.12101877865271504,-7.734554913595293,-0.12491232027371194,7.735563508832259,-7.470474551813986,4.587304629544153e-05,50.98788295941807,0.6931471805579453,0,0,2.0,0.0001388888888888889,-0.2,8.910168143596849,0.09701072122630627,-8.908359420569218,-0.12223467807306838,8.909232886420337,1.1114813898746256,0.00010150836688047616,50.860911433868615,0.6931471805579453,0.0,0.2,Train015,10.0
44,0,1,6.944444444444444e-05,1.0,10.278182027731987,0.0,-10.274732028498196,-0.2662846930376519,10.278182027731987,0.0,0.0,0.0,-1.000088900581841e-12,1,0,0.2,1.388888888888889e-05,0.2,2.055636405546397,0.0,-2.0549464056996394,-0.05325693860753038,2.055636405546397,0.0,0.0,0.0,-2.000177801163682e-13,0.2,0.0,Train015,10.0
44,1,0,0.0,0.0,0.0,0.0,0.0,0.0,0.0,0.0,0.0,0.0,0.0,0,0,0.0,0.0,0.0,0.0,0.0,0.0,0.0,0.0,0.0,0.0,0.0,0.0,0.0,0.0,Train015,10.0
44,2,1,6.944444444444444e-05,0.0,8.876877326960797,0.0,-7.1771416906755094,-5.223752313220654,8.876877326960797,19.641118899685182,0.0,0.0,-1.000088900581841e-12,0,0,1.0,6.944444444444444e-05,0.0,8.848064872612346,0.0,-8.37077089601908,-2.431818974220956,8.848064872612346,-2.971305533242969,2.2204460492503132e-17,0.0,-1.000088900581841e-12,0.0,0.0,Train015,10.0
44,3,0,0.0,0.0,0.0,0.0,0.0,0.0,0.0,0.0,0.0,0.0,0.0,0,0,0.0,0.0,0.0,0.0,0.0,0.0,0.0,0.0,0.0,0.0,0.0,0.0,0.0,0.0,Train015,10.0
44,4,3,0.00020833333333333335,2.0,9.598211942279086,0.12678530546674419,-3.2121584895139925,-0.5100611081577503,3.2524028803043334,12.915939473339643,0.6671497042951806,34.06950293204088,1.0986122886651097,2,0,1.4,9.722222222222223e-05,0.4,9.830499321278044,0.025357061093348836,-8.379156411155304,-1.7510054184627784,8.561337508883096,0.7905443383748558,0.13342994085903612,6.8139005864081765,0.21972245773222188,0.4,0.0,Train015,10.0
44,5,1,6.944444444444444e-05,-1.0,10.148829086650625,0.0,-10.14816057587092,0.11648500497905105,10.148829086650625,25.33929573181406,0.0,0.0,-1.000088900581841e-12,0,1,1.8,0.000125,-0.2,9.049536355687295,0.09113202900949328,-9.04813536158251,-0.08260775331865672,9.04907197886825,1.6357196782098966,5.168975618350391e-05,40.74688176938072,0.5545177444461562,0.0,0.2,Train015,10.0
45,0,1,6.944444444444444e-05,0.0,9.913453345045596,0.0,-9.909583486540805,-0.27696994001782765,9.913453345045596,-3.6472868268639047,0.0,0.0,-1.000088900581841e-12,0,0,0.4,2.777777777777778e-05,0.2,4.038327074555516,0.0,-4.036863103007801,-0.1086509266110959,4.038327074555516,-0.7294573653727803,0.0,0.0,-4.000355602327364e-13,0.2,0.0,Train015,10.0
45,1,0,0.0,0.0,0.0,0.0,0.0,0.0,0.0,0.0,0.0,0.0,0.0,0,0,0.0,0.0,0.0,0.0,0.0,0.0,0.0,0.0,0.0,0.0,0.0,0.0,0.0,0.0,Train015,10.0
45,2,1,6.944444444444444e-05,0.0,8.966433014575491,0.0,-6.699373375772623,-5.959472910992908,8.966433014575491,0.8955568761469479,0.0,0.0,-1.000088900581841e-12,0,0,1.0,6.944444444444444e-05,0.0,8.476792822899272,0.0,-7.588121185006844,-3.1992086791861825,8.476792822899272,-3.7127204971307393,2.2204460492503132e-17,0.0,-1.000088900581841e-12,0.0,0.0,Train015,10.0
45,3,0,0.0,0.0,0.0,0.0,0.0,0.0,0.0,0.0,0.0,0.0,0.0,0,0,0.0,0.0,0.0,0.0,0.0,0.0,0.0,0.0,0.0,0.0,0.0,0.0,0.0,0.0,Train015,10.0
45,4,3,0.00020833333333333335,0.0,9.427402363175464,0.1396710469745619,-3.232515803063608,-0.39744129206492995,3.256857073574799,-1.7080957910362216,0.6683238393557595,33.85029564321113,1.0986122886651097,0,0,1.8,0.000125,0.4,9.580861822919818,0.05329127048826121,-6.944210244135563,-1.3547863650158385,7.077590952604735,-1.4243782288831515,0.26709470873018804,13.583959715050403,0.43944491546544384,0.4,0.0,Train015,10.0
45,5,1,6.944444444444444e-05,0.0,10.432251664617711,0.0,-10.429965277607687,0.21840124042000222,10.432251664617711,2.834225779670856,0.0,0.0,-1.000088900581841e-12,0,0,1.6,0.00011111111111111112,-0.2,9.198990510093678,0.07386442024008062,-9.197500343394378,-0.012847827271836509,9.198718644539204,1.7365791013692564,3.181087694938967e-05,30.57974318486369,0.4158883083343671,0.0,0.2,Train015,10.0
46,0,1,6.944444444444444e-05,0.0,9.223084537345851,0.0,-9.219293841192473,-0.26440395756998536,9.223084537345851,-6.903688076997447,1.1102230246251565e-16,0.0,-1.000088900581841e-12,0,0,0.6,4.1666666666666665e-05,0.2,5.8829439820246865,0.0,-5.880721871246295,-0.16153171812509298,5.8829439820246865,-2.1101949807722695,2.2204460492503132e-17,0.0,-6.000533403491046e-13,0.2,0.0,Train015,10.0
46,1,0,0.0,0.0,0.0,0.0,0.0,0.0,0.0,0.0,0.0,0.0,0.0,0,0,0.0,0.0,0.0,0.0,0.0,0.0,0.0,0.0,0.0,0.0,0.0,0.0,0.0,0.0,Train015,10.0
46,2,1,6.944444444444444e-05,0.0,8.310393908083393,0.0,-6.026488392142202,-5.722244713998594,8.310393908083393,-6.560391064920985,0.0,0.0,-1.000088900581841e-12,0,0,1.0,6.944444444444444e-05,0.0,8.23536697923225,0.0,-6.926879011793804,-3.9703496516575973,8.23536697923225,-2.4142584366702096,2.2204460492503132e-17,0.0,-1.000088900581841e-12,0.0,0.0,Train015,10.0
46,3,0,0.0,0.0,0.0,0.0,0.0,0.0,0.0,0.0,0.0,0.0,0.0,0,0,0.0,0.0,0.0,0.0,0.0,0.0,0.0,0.0,0.0,0.0,0.0,0.0,0.0,0.0,Train015,10.0
46,4,3,0.00020833333333333335,0.0,8.818755652839865,0.155070950309612,-3.043224240714873,-0.3352110367723545,3.0616303203438213,-6.086467103355986,0.6687200191555298,33.77783662491064,1.0986122886651097,0,0,2.2,0.00015277777777777777,0.4,9.269467388228719,0.08430546055018362,-5.522922807768641,-0.9910107021294973,5.614771451414426,-2.0419475922119066,0.40083871256129394,20.339527040032532,0.6591673731986658,0.4,0.0,Train015,10.0
46,5,1,6.944444444444444e-05,0.0,9.916052593250015,0.0,-9.913126088687441,0.24089454515365993,9.916052593250015,-5.1619907136769605,0.0,0.0,-1.000088900581841e-12,0,0,1.4,9.722222222222222e-05,-0.2,9.343203476788725,0.04954439995871827,-9.34145528747852,0.06325547541715762,9.34304685401941,1.6841672242558885,1.9275466662205255e-05,20.39243320173322,0.27725887222257806,0.0,0.2,Train015,10.0
47,0,1,6.944444444444444e-05,0.0,8.439178123246206,0.0,-8.435636753862397,-0.24445848883446084,8.439178123246206,-7.839064140996452,0.0,0.0,-1.000088900581841e-12,0,0,0.8,5.555555555555556e-05,0.2,7.570779606673928,0.0,-7.567849222018774,-0.21042341589198515,7.570779606673928,-3.67800780897156,2.2204460492503132e-17,0.0,-8.000711204654728e-13,0.2,0.0,Train015,10.0
47,1,0,0.0,0.0,0.0,0.0,0.0,0.0,0.0,0.0,0.0,0.0,0.0,0,0,0.0,0.0,0.0,0.0,0.0,0.0,0.0,0.0,0.0,0.0,0.0,0.0,0.0,0.0,Train015,10.0
47,2,1,6.944444444444444e-05,0.0,7.486474342780278,0.0,-5.364792027493382,-5.221714717106904,7.486474342780278,-8.239195653031146,0.0,0.0,-1.000088900581841e-12,0,0,1.0,6.944444444444444e-05,0.0,8.110588805878447,0.0,-6.409263937836488,-4.696577899187771,8.110588805878447,-1.2477817335380301,2.2204460492503132e-17,0.0,-1.000088900581841e-12,0.0,0.0,Train015,10.0
47,3,0,0.0,0.0,0.0,0.0,0.0,0.0,0.0,0.0,0.0,0.0,0.0,0,0,0.0,0.0,0.0,0.0,0.0,0.0,0.0,0.0,0.0,0.0,0.0,0.0,0.0,0.0,Train015,10.0
47,4,3,0.00020833333333333335,0.0,8.087685749480016,0.15364233321347115,-2.798453367596274,-0.2938492391527802,2.8138387704276155,-7.310699033598492,0.66887302968534,33.751791721602835,1.0986122886651097,0,0,2.6,0.00018055555555555557,0.4,8.954934416013822,0.11503392719287783,-4.190280907346838,-0.6599441915284125,4.2454690833890485,-2.0733329674498635,0.5346133184983619,27.089885384353103,0.8788898309318878,0.4,0.0,Train015,10.0
47,5,1,6.944444444444444e-05,0.0,9.152662655861398,0.0,-9.149657980451325,0.2345048672484029,9.152662655861398,-7.633899373886166,0.0,0.0,-1.000088900581841e-12,0,0,1.2,8.333333333333333e-05,-0.2,9.477142858500336,0.02420375573054301,-9.475092967242533,0.13707466750548084,9.477071901842402,1.5814313744215602,9.174609259088307e-06,10.197576591883614,0.13862943611078898,0.0,0.2,Train015,10.0
48,0,1,6.944444444444444e-05,0.0,7.666013830076614,0.0,-7.662768909002876,-0.2230262095467388,7.666013830076614,-7.731642931695921,0.0,0.0,-1.000088900581841e-12,0,0,1.0,6.944444444444444e-05,0.2,9.10398237268925,0.0,-9.100403003819348,-0.2550286578013329,9.10398237268925,-5.224336395310745,2.2204460492503132e-17,0.0,-1.000088900581841e-12,0.2,0.0,Train015,10.0
48,1,0,0.0,0.0,0.0,0.0,0.0,0.0,0.0,0.0,0.0,0.0,0.0,0,0,0.0,0.0,0.0,0.0,0.0,0.0,0.0,0.0,0.0,0.0,0.0,0.0,0.0,0.0,Train015,10.0
48,2,1,6.944444444444444e-05,0.0,6.687140499853446,0.0,-4.768727586170506,-4.687972405387708,6.687140499853446,-7.993338429268322,0.0,0.0,-1.000088900581841e-12,0,0,1.0,6.944444444444444e-05,0.0,8.06546381845068,0.0,-6.007304614450844,-5.363031412141353,8.06546381845068,-0.4512498742776643,0.0,0.0,-1.000088900581841e-12,0.0,0.0,Train015,10.0
48,3,0,0.0,0.0,0.0,0.0,0.0,0.0,0.0,0.0,0.0,0.0,0.0,0,0,0.0,0.0,0.0,0.0,0.0,0.0,0.0,0.0,0.0,0.0,0.0,0.0,0.0,0.0,Train015,10.0
48,4,3,0.00020833333333333335,0.0,7.356246474580896,0.14593119213471445,-2.5498180173976652,-0.2621191546495535,2.563255424861119,-7.314392748991206,0.6689354436045778,33.74249272630342,1.0986122886651097,0,0,3.0,0.00020833333333333335,0.4,8.657660436471065,0.14422016561982073,-2.9672339836572825,-0.3597363661594737,2.9895968939023376,-1.9007430407284531,0.6684004072192775,33.838383929613784,1.0986122886651097,0.4,0.0,Train015,10.0
48,5,1,6.944444444444444e-05,0.0,8.348480002197254,0.0,-8.34562095494248,0.21847018907037702,8.348480002197254,-8.041826536641441,0.0,0.0,-1.000088900581841e-12,0,0,1.0,6.944444444444444e-05,-0.2,9.5996552005154,0.0,-9.59730617551197,0.20575116937429866,9.599655200515402,1.4671609774560692,0.0,0.0,-1.000088900581841e-12,0.0,0.2,Train015,10.0
49,0,1,6.944444444444444e-05,0.0,8.754625522614022,0.0,-8.718438843962797,-0.7951680107282105,8.754625522614022,10.88611692537408,1.1102230246251565e-16,0.0,-1.000088900581841e-12,0,0,1.0,6.944444444444444e-05,0.0,8.799271071665657,0.0,-8.789144366912272,-0.3608053213394446,8.799271071665657,-3.047113010235928,4.4408920985006264e-17,0.0,-1.000088900581841e-12,0.0,0.0,Train015,10.0
49,1,0,0.0,0.0,0.0,0.0,0.0,0.0,0.0,0.0,0.0,0.0,0.0,0,0,0.0,0.0,0.0,0.0,0.0,0.0,0.0,0.0,0.0,0.0,0.0,0.0,0.0,0.0,Train015,10.0
49,2,2,0.0001388888888888889,1.0,8.30448613333198,0.9253003467914604,0.9358418828268711,-0.6572611220422719,1.143587430938802,6.920452866870734,0.9185703745301554,13.93931535348488,0.6931471805579453,1,0,1.2,8.333333333333333e-05,0.2,7.950985579724917,0.18506006935829208,-4.384707899750369,-4.449733173905678,6.518805839246282,-2.9953830808405537,0.1837140749060311,2.787863070696976,0.13862943611078898,0.2,0.0,Train015,10.0
49,3,0,0.0,0.0,0.0,0.0,0.0,0.0,0.0,0.0,0.0,0.0,0.0,0,0,0.0,0.0,0.0,0.0,0.0,0.0,0.0,0.0,0.0,0.0,0.0,0.0,0.0,0.0,Train015,10.0
49,4,3,0.00020833333333333335,0.0,9.111068327917206,0.36447609480776083,-3.1933392725450105,-0.23440710498772208,3.2019310424253393,17.54821853336311,0.6673586442690553,34.849164526008195,1.0986122886651097,0,0,3.0,0.00020833333333333335,0.0,8.56023171359869,0.19175832348802407,-2.963470140263486,-0.3046055655254681,2.979502526326539,-0.9742872287237596,0.6684421952140525,33.994316248407245,1.0986122886651097,0.0,0.0,Train015,10.0
49,5,1,6.944444444444444e-05,0.0,10.53249514457381,0.0,-10.520874182862789,0.49463157889698023,10.53249514457381,21.840151423765555,0.0,0.0,-1.000088900581841e-12,0,0,1.0,6.944444444444444e-05,0.0,9.676388412100039,0.0,-9.671848896910344,0.28138048415788447,9.676388412100037,0.767332115846368,0.0,0.0,-1.000088900581841e-12,0.0,0.0,Train015,10.0
50,0,1,6.944444444444444e-05,0.0,8.619905413380028,0.0,-8.567791628772099,-0.9464227076529019,8.619905413380028,-1.3472010923399402,1.1102230246251565e-16,0.0,-1.000088900581841e-12,0,0,1.0,6.944444444444444e-05,0.0,8.540561485332544,0.0,-8.520785995358528,-0.4946958748664595,8.540561485332544,-2.587095863331135,6.661338147750939e-17,0.0,-1.000088900581841e-12,0.0,0.0,Train015,10.0
50,1,0,0.0,0.0,0.0,0.0,0.0,0.0,0.0,0.0,0.0,0.0,0.0,0,0,0.0,0.0,0.0,0.0,0.0,0.0,0.0,0.0,0.0,0.0,0.0,0.0,0.0,0.0,Train015,10.0
50,2,2,0.0001388888888888889,0.0,8.278951611777057,0.5529906188413007,0.5561897822247275,0.02615712829460698,0.5568045161560835,-0.2553452155492275,0.9921240755611479,15.891940107489662,0.6931471805579453,0,0,1.4,9.722222222222222e-05,0.2,7.813489299165231,0.2956581931265522,-2.9335952681508983,-3.2526071660481746,4.836880139562401,-3.2255634991797892,0.3821388900182606,5.9662510921949075,0.27725887222257806,0.2,0.0,Train015,10.0
50,3,0,0.0,0.0,0.0,0.0,0.0,0.0,0.0,0.0,0.0,0.0,0.0,0,0,0.0,0.0,0.0,0.0,0.0,0.0,0.0,0.0,0.0,0.0,0.0,0.0,0.0,0.0,Train015,10.0
50,4,3,0.00020833333333333335,0.0,9.19063477260575,0.45982876886952273,-3.2296513576404475,-0.2110674706837443,3.236540957425013,0.7956644468854298,0.6669877368536985,35.42374453323644,1.0986122886651097,0,0,3.0,0.00020833333333333335,0.0,8.512878195484747,0.25578986786701624,-2.962897251178854,-0.2673308012492309,2.9754393030965813,-0.4735351811394296,0.6681749747136403,34.309006026412305,1.0986122886651097,0.0,0.0,Train015,10.0
50,5,1,6.944444444444444e-05,0.0,10.670611374608244,0.0,-10.655837280566034,0.5613189450017769,10.670611374608244,1.381162300344343,0.0,0.0,-1.000088900581841e-12,0,0,1.0,6.944444444444444e-05,0.0,9.724060354098144,0.0,-9.717023297502013,0.3499640250742394,9.724060354098146,0.4767194199810653,0.0,0.0,-1.000088900581841e-12,0.0,0.0,Train015,10.0
51,0,1,6.944444444444444e-05,0.0,8.063542576058804,0.0,-8.008236621005144,-0.9427964244232007,8.063542576058804,-5.563628373212239,0.0,0.0,-1.000088900581841e-12,0,0,1.0,6.944444444444444e-05,0.0,8.308653093075137,0.0,-8.278574551321062,-0.6303743682371026,8.308653093075137,-2.3190839225740936,4.4408920985006264e-17,0.0,-1.000088900581841e-12,0.0,0.0,Train015,10.0
51,1,0,0.0,0.0,0.0,0.0,0.0,0.0,0.0,0.0,0.0,0.0,0.0,0,0,0.0,0.0,0.0,0.0,0.0,0.0,0.0,0.0,0.0,0.0,0.0,0.0,0.0,0.0,Train015,10.0
51,2,2,0.0001388888888888889,0.0,7.788731357737998,0.3985887430120756,0.42564261796214753,0.25083088295298905,0.4940523960762125,-4.902202540390599,0.9624715887737597,16.611819440677785,0.6931471805579453,0,0,1.6,0.00011111111111111112,0.2,7.709156789096153,0.3753759417289674,-1.6431690661300287,-2.0579920466578576,3.2736118371609644,-2.8939257942737115,0.5746332077730126,9.288614980330465,0.4158883083343672,0.2,0.0,Train015,10.0
51,3,0,0.0,0.0,0.0,0.0,0.0,0.0,0.0,0.0,0.0,0.0,0.0,0,0,0.0,0.0,0.0,0.0,0.0,0.0,0.0,0.0,0.0,0.0,0.0,0.0,0.0,0.0,Train015,10.0
51,4,3,0.00020833333333333335,0.0,8.676754380773671,0.46671065456723776,-3.0528597472077017,-0.1906100171725461,3.0588044747527734,-5.1388039183207885,0.6668689351033041,35.649353252282644,1.0986122886651097,0,0,3.0,0.00020833333333333335,0.0,8.484477941071507,0.3181178087185414,-2.96482435247742,-0.23841059732926922,2.974874133978372,-0.2840025441323902,0.6678047579031952,34.683309351886706,1.0986122886651097,0.0,0.0,Train015,10.0
51,5,1,6.944444444444444e-05,0.0,10.089948983519486,0.0,-10.07487171822544,0.5513894733553276,10.089948983519486,-5.806623910887581,0.0,0.0,-1.000088900581841e-12,0,0,1.0,6.944444444444444e-05,0.0,9.758839632152037,0.0,-9.749372423409614,0.4120630107145729,9.75883963215204,0.3477927805389413,0.0,0.0,-1.000088900581841e-12,0.0,0.0,Train015,10.0
52,0,1,6.944444444444444e-05,0.0,7.393756748345708,0.0,-7.340508910724055,-0.8857583108774301,7.393756748345708,-6.697858277130964,1.1102230246251565e-16,0.0,-1.000088900581841e-12,0,0,1.0,6.944444444444444e-05,0.0,8.099568818095035,0.0,-8.059548982693396,-0.7586343326456964,8.099568818095035,-2.090842749800996,6.661338147750939e-17,0.0,-1.000088900581841e-12,0.0,0.0,Train015,10.0
52,1,0,0.0,0.0,0.0,0.0,0.0,0.0,0.0,0.0,0.0,0.0,0.0,0,0,0.0,0.0,0.0,0.0,0.0,0.0,0.0,0.0,0.0,0.0,0.0,0.0,0.0,0.0,Train015,10.0
52,2,2,0.0001388888888888889,0.0,7.139235807330606,0.3296191467338092,0.3661579896114331,0.30958503541497623,0.4794940745297886,-6.4949555040739115,0.9511706663919587,16.849074985304288,0.6931471805579453,0,0,1.8,0.000125,0.2,7.639709082006218,0.4412997710757292,-0.4969790627090654,-0.9517320961534814,1.8722157835108664,-2.5450777644822646,0.7648673410514044,12.658429977391322,0.5545177444461562,0.2,0.0,Train015,10.0
52,3,0,0.0,0.0,0.0,0.0,0.0,0.0,0.0,0.0,0.0,0.0,0.0,0,0,0.0,0.0,0.0,0.0,0.0,0.0,0.0,0.0,0.0,0.0,0.0,0.0,0.0,0.0,Train015,10.0
52,4,3,0.00020833333333333335,0.0,7.986730447104122,0.4419273084868877,-2.812268707659623,-0.17232978168219448,2.8175437596843387,-6.900239336695492,0.6668243754303755,35.7248720556947,1.0986122886651097,0,0,3.0,0.00020833333333333335,0.0,8.46428688059633,0.3757748037732247,-2.9675874204900894,-0.2141067058351521,2.9756151318297164,-0.20191060475179015,0.6673950270522023,35.07792541870508,1.0986122886651097,0.0,0.0,Train015,10.0
52,5,1,6.944444444444444e-05,0.0,9.294016493476517,0.0,-9.279711456525163,0.5154588874480575,9.294016493476517,-7.959324900429685,0.0,0.0,-1.000088900581841e-12,0,0,1.0,6.944444444444444e-05,0.0,9.787110399675061,0.0,-9.775383118624381,0.46825381475450384,9.787110399675063,0.2827076752302375,0.0,0.0,-1.000088900581841e-12,0.0,0.0,Train015,10.0
53,0,1,6.944444444444444e-05,0.0,6.72449469883914,0.0,-6.675091679944025,-0.813621545350023,6.72449469883914,-6.692620495065675,0.0,0.0,-1.000088900581841e-12,0,0,1.0,6.944444444444444e-05,0.0,7.911264991847541,0.0,-7.862013536881625,-0.8767533998063533,7.911264991847541,-1.8830382624749469,6.661338147750939e-17,0.0,-1.000088900581841e-12,0.0,0.0,Train015,10.0
53,1,1,6.944444444444444e-05,1.0,6.921448981184337,0.0,-6.915701574157721,-0.28200662462098286,6.921448981184337,-6.81153608454399,0.0,0.0,-1.000088900581841e-12,1,0,0.2,1.388888888888889e-05,0.2,1.3842897962368674,0.0,-1.3831403148315442,-0.05640132492419657,1.3842897962368674,-1.362307216908798,0.0,0.0,-2.000177801163682e-13,0.2,0.0,Train015,10.0
53,2,2,0.0001388888888888889,0.0,6.475568283173828,0.29154940393806816,0.32943632217020413,0.309500466603516,0.45201640367670803,-6.636675241567782,0.9466031910798243,16.902940352396413,0.6931471805579453,0,0,2.0,0.0001388888888888889,0.2,7.597394638670293,0.49960965186334283,0.5226537189590766,0.04776247824476326,0.6251909642755189,-2.273745126942157,0.9541879792673692,16.039018047870606,0.6931471805579453,0.2,0.0,Train015,10.0
53,3,0,0.0,0.0,0.0,0.0,0.0,0.0,0.0,0.0,0.0,0.0,0.0,0,0,0.0,0.0,0.0,0.0,0.0,0.0,0.0,0.0,0.0,0.0,0.0,0.0,0.0,0.0,Train015,10.0
53,4,2,0.0001388888888888889,-1.0,7.453759103608615,0.39325211742265775,-0.3874524925515135,-0.09279451365344923,0.39840965820190755,-7.250352722281992,0.9914153796609996,30.960479973377424,0.6931471805579453,0,1,2.8,0.00019444444444444443,-0.2,8.483789406401872,0.42523898883081335,-2.5351143155208593,-0.18024177763593124,2.542645978497874,-0.18910259940994756,0.7318910142634867,34.52152286811988,1.0175192670436768,0.0,0.2,Train015,10.0
53,5,1,6.944444444444444e-05,0.0,8.470273604176255,0.0,-8.457077659004986,0.47262289318626255,8.470273604176255,-8.23742889300263,0.0,0.0,-1.000088900581841e-12,0,0,1.0,6.944444444444444e-05,0.0,9.811469120070862,0.0,-9.797674459436882,0.519084355577681,9.811469120070862,0.24358720395799976,0.0,0.0,-1.000088900581841e-12,0.0,0.0,Train015,10.0
54,0,1,6.944444444444444e-05,0.0,9.034587064146304,0.0,-9.004185708462762,-0.7405424681641861,9.034587064146304,23.10092365307164,1.1102230246251565e-16,0.0,-1.000088900581841e-12,0,0,1.0,6.944444444444444e-05,0.0,7.967257300153998,0.0,-7.919162909781616,-0.8658282912935483,7.967257300153998,0.5599230830645652,6.661338147750939e-17,0.0,-1.000088900581841e-12,0.0,0.0,Train015,10.0
54,1,0,0.0,-1.0,0.0,0.0,0.0,0.0,0.0,0.0,0.0,0.0,0.0,0,1,0.2,1.388888888888889e-05,0.0,1.3842897962368674,0.0,-1.3831403148315442,-0.05640132492419657,1.3842897962368674,-1.362307216908798,0.0,0.0,-2.000177801163682e-13,0.2,0.2,Train015,10.0
54,2,2,0.0001388888888888889,0.0,8.483065072406653,1.4048817716058553,-1.4288471640900844,-0.1676492089882226,1.4386488367918882,20.07496789232824,0.9629607957513758,21.07220694013265,0.6931471805579453,0,0,2.0,0.0001388888888888889,0.0,7.633110426485229,0.5955259368262218,0.04971590957568557,0.1456848608555731,0.6842032454461362,0.3571578781493443,0.9630660635116133,17.465596365200156,0.6931471805579453,0.0,0.0,Train015,10.0
54,3,0,0.0,0.0,0.0,0.0,0.0,0.0,0.0,0.0,0.0,0.0,0.0,0,0,0.0,0.0,0.0,0.0,0.0,0.0,0.0,0.0,0.0,0.0,0.0,0.0,0.0,0.0,Train015,10.0
54,4,3,0.00020833333333333335,1.0,9.735188062730652,1.4962527250221735,-4.485285229801543,-0.1412756353205289,4.48750959863164,24.58865666596795,0.6668918599572538,36.950705300253645,1.0986122886651097,1,0,2.8,0.00019444444444444446,0.0,8.60861335336456,0.6515943148736959,-2.793503506972166,-0.1616154837024926,2.7997616897391344,1.218985027111021,0.7317976574011263,34.94183102296897,1.0175192670436768,0.2,0.2,Train015,10.0
54,5,1,6.944444444444444e-05,0.0,9.73662798482708,0.0,-9.735326178343694,-0.15921280153871642,9.73662798482708,12.663543806508262,0.0,0.0,-1.000088900581841e-12,0,0,1.0,6.944444444444444e-05,0.0,9.652295688121516,0.0,-9.640564858533065,0.3883154794905416,9.652295688121516,-1.5917343194934588,0.0,0.0,-1.000088900581841e-12,0.0,0.0,Train015,10.0
55,0,1,6.944444444444444e-05,0.0,9.304304694173462,0.0,-9.280043607440797,-0.6714733695504957,9.304304694173462,2.6971763002715754,0.0,0.0,-1.000088900581841e-12,0,0,1.0,6.944444444444444e-05,0.0,8.104137156312683,0.0,-8.061613305515356,-0.8108384236730671,8.104137156312683,1.368798561586868,4.4408920985006264e-17,0.0,-1.000088900581841e-12,0.0,0.0,Train015,10.0
55,1,0,0.0,0.0,0.0,0.0,0.0,0.0,0.0,0.0,0.0,0.0,0.0,0,0,0.2,1.388888888888889e-05,0.0,1.3842897962368674,0.0,-1.3831403148315442,-0.05640132492419657,1.3842897962368674,-1.362307216908798,0.0,0.0,-2.000177801163682e-13,0.2,0.2,Train015,10.0
55,2,2,0.0001388888888888889,0.0,8.662375311100707,1.8932814107843847,-1.9348862883111448,-0.322042762091604,1.9615036296958688,1.7931023869405438,0.9393326389160809,22.762606121117997,0.6931471805579453,0,0,2.0,0.0001388888888888889,0.0,7.709795166349958,0.8635840952148385,-0.4484993045314889,0.07604488277833094,0.9651430681540933,0.7668473986472982,0.9525077761826,18.839729567925826,0.6931471805579453,0.0,0.0,Train015,10.0
55,3,0,0.0,0.0,0.0,0.0,0.0,0.0,0.0,0.0,0.0,0.0,0.0,0,0,0.0,0.0,0.0,0.0,0.0,0.0,0.0,0.0,0.0,0.0,0.0,0.0,0.0,0.0,Train015,10.0
55,4,3,0.00020833333333333335,0.0,10.017316020863893,1.820827075036367,-4.888362342913877,-0.1278634152674815,4.8900342993257535,2.821279581332403,0.6668710859253933,37.534952623023436,1.0986122886651097,0,0,2.8,0.00019444444444444446,0.0,8.77394960301619,0.9237939761070649,-3.1252457040268515,-0.14497467261924007,3.1304603581192825,1.624108054000415,0.7317743272154653,35.364072640926366,1.0175192670436768,0.2,0.2,Train015,10.0
55,5,1,6.944444444444444e-05,0.0,9.61246260511466,0.0,-9.605373944303807,-0.36909175663676497,9.61246260511466,-1.2416537971242114,0.0,0.0,-1.000088900581841e-12,0,0,1.0,6.944444444444444e-05,0.0,9.4406659342228,0.0,-9.430472191280618,0.20223333916283326,9.440665934222798,-2.11629753898717,0.0,0.0,-1.000088900581841e-12,0.0,0.0,Train015,10.0
56,0,1,6.944444444444444e-05,0.0,8.848849755292955,0.0,-8.827945131096861,-0.6078871228208437,8.848849755292955,-4.554549388805071,0.0,0.0,-1.000088900581841e-12,0,0,1.0,6.944444444444444e-05,0.0,8.261198592159513,0.0,-8.225555007533702,-0.7438565633525956,8.261198592159513,1.5706143584683017,4.4408920985006264e-17,0.0,-1.000088900581841e-12,0.0,0.0,Train015,10.0
56,1,0,0.0,0.0,0.0,0.0,0.0,0.0,0.0,0.0,0.0,0.0,0.0,0,0,0.2,1.388888888888889e-05,0.0,1.3842897962368674,0.0,-1.3831403148315442,-0.05640132492419657,1.3842897962368674,-1.362307216908798,0.0,0.0,-2.000177801163682e-13,0.2,0.2,Train015,10.0
56,2,2,0.0001388888888888889,0.0,8.198516661245408,1.9407871204037037,-1.9860919352149007,-0.35607539445442365,2.01775887104023,-4.638586498552986,0.9307019414519114,23.369165877946603,0.6931471805579453,0,0,2.0,0.0001388888888888889,0.0,7.791752227051441,1.1720237706931642,-0.9308462151668986,-0.04533637270315162,1.2698843631468968,0.8195706070148209,0.9461538467182302,20.19119885537959,0.6931471805579453,0.0,0.0,Train015,10.0
56,3,0,0.0,0.0,0.0,0.0,0.0,0.0,0.0,0.0,0.0,0.0,0.0,0,0,0.0,0.0,0.0,0.0,0.0,0.0,0.0,0.0,0.0,0.0,0.0,0.0,0.0,0.0,Train015,10.0
56,4,3,0.00020833333333333335,0.0,9.525081829782374,1.8272444943767707,-4.740529060120895,-0.11566659711117055,4.741939954442483,-4.922341910815167,0.6668510359670174,37.75404840438798,1.0986122886651097,0,0,2.8,0.00019444444444444443,0.0,8.94361509281793,1.1959007440689713,-3.4627795666094903,-0.12998598860696492,3.467087454057224,1.6674004555015394,0.731770747388208,35.78501167134744,1.0175192670436768,0.2,0.2,Train015,10.0
56,5,1,6.944444444444444e-05,0.0,9.004220731025297,0.0,-8.994411578916544,-0.42018010671346906,9.004220731025297,-6.0824187408936226,0.0,0.0,-1.000088900581841e-12,0,0,1.0,6.944444444444444e-05,0.0,9.223520283723962,0.0,-9.21438016341884,0.007919423149073911,9.22352028372396,-2.1714565049883783,0.0,0.0,-1.000088900581841e-12,0.0,0.0,Train015,10.0
57,0,1,6.944444444444444e-05,0.0,8.168791180138088,0.0,-8.15025687633457,-0.5499656302559806,8.168791180138088,-6.800585751548667,0.0,0.0,-1.000088900581841e-12,0,0,1.0,6.944444444444444e-05,0.0,8.416205478517991,0.0,-8.387504600655802,-0.6766980272283057,8.416205478517991,1.550068863584761,2.2204460492503132e-17,0.0,-1.000088900581841e-12,0.0,0.0,Train015,10.0
57,1,0,0.0,0.0,0.0,0.0,0.0,0.0,0.0,0.0,0.0,0.0,0.0,0,0,0.2,1.388888888888889e-05,0.0,1.3842897962368674,0.0,-1.3831403148315442,-0.05640132492419657,1.3842897962368674,-1.362307216908798,0.0,0.0,-2.000177801163682e-13,0.2,0.2,Train015,10.0
57,2,2,0.0001388888888888889,0.0,7.543791927592989,1.836559458072382,-1.8804623803653602,-0.3466421361630919,1.9121452702483324,-6.547247336524191,0.9272490910174475,23.552298249730683,0.6931471805579453,0,0,2.0,0.0001388888888888889,0.0,7.872663451103916,1.4734118329608787,-1.3801702891622571,-0.17658180701876525,1.5564146022906056,0.809112240524765,0.941369531643328,21.53184350826487,0.6931471805579453,0.0,0.0,Train015,10.0
57,3,0,0.0,0.0,0.0,0.0,0.0,0.0,0.0,0.0,0.0,0.0,0.0,0,0,0.0,0.0,0.0,0.0,0.0,0.0,0.0,0.0,0.0,0.0,0.0,0.0,0.0,0.0,Train015,10.0
57,4,3,0.00020833333333333335,0.0,8.792978721119669,1.7221347620024363,-4.410144392436864,-0.1046157834067147,4.411385046023541,-7.321031086627049,0.6668406888499034,37.81962986859697,1.0986122886651097,0,0,2.8,0.00019444444444444443,0.0,9.10486474762104,1.4519422347720812,-3.7823547035649385,-0.11644318895186898,3.785855711325065,1.5832421055152281,0.7317740100721135,36.203963233927894,1.0175192670436768,0.2,0.2,Train015,10.0
57,5,1,6.944444444444444e-05,0.0,8.262861378606214,0.0,-8.25252571143569,-0.4131555931547432,8.262861378606214,-7.4135935241908335,0.0,0.0,-1.000088900581841e-12,0,0,1.0,6.944444444444444e-05,0.0,9.017289260749902,0.0,-9.008943014400945,-0.17780347297148621,9.017289260749902,-2.062310229740608,0.0,0.0,-1.000088900581841e-12,0.0,0.0,Train015,10.0
58,0,1,6.944444444444444e-05,0.0,7.451055177498652,0.0,-7.4344322391459166,-0.4974339550908279,7.451055177498652,-7.177360026394357,0.0,0.0,-1.000088900581841e-12,0,0,1.0,6.944444444444444e-05,0.0,8.561517574249892,0.0,-8.539372712496181,-0.6134605091764668,8.561517574249892,1.4531209573190247,2.2204460492503132e-17,0.0,-1.000088900581841e-12,0.0,0.0,Train015,10.0
58,1,0,0.0,0.0,0.0,0.0,0.0,0.0,0.0,0.0,0.0,0.0,0.0,0,0,0.0,0.0,-0.2,0.0,0.0,0.0,0.0,0.0,0.0,0.0,0.0,0.0,0.0,0.2,Train015,10.0
58,2,2,0.0001388888888888889,0.0,6.864625779535466,1.6878973657137712,-1.7287044043340085,-0.3228041338106673,1.7585850637285234,-6.791661480575226,0.9258202894970432,23.5766632931337,0.6931471805579453,0,0,2.0,0.0001388888888888889,0.0,7.950474950376244,1.7526814253160192,-1.7917984344630997,-0.3030427271016019,1.8177283343009685,0.7781149927232759,0.9372129513267717,22.866588096412325,0.6931471805579453,0.0,0.0,Train015,10.0
58,3,0,0.0,0.0,0.0,0.0,0.0,0.0,0.0,0.0,0.0,0.0,0.0,0,0,0.0,0.0,0.0,0.0,0.0,0.0,0.0,0.0,0.0,0.0,0.0,0.0,0.0,0.0,Train015,10.0
58,4,3,0.00020833333333333335,0.0,8.020790963881884,1.5843882620613006,-4.035822261952906,-0.09461577771926721,4.03693119528536,-7.721877572377842,0.6668359849368022,37.826352304789964,1.0986122886651097,0,0,3.0,0.00020833333333333335,0.2,9.218271119675695,1.6901694636998095,-4.512028657445217,-0.11680744176503258,4.513560018741755,1.488937135496058,0.6668581311272741,37.5771377002104,1.0986122886651097,0.2,0.0,Train015,10.0
58,5,1,6.944444444444444e-05,0.0,7.518848727885163,0.0,-7.508914547980177,-0.3863787053552399,7.518848727885163,-7.440126507210509,1.1102230246251565e-16,0.0,-1.000088900581841e-12,0,0,1.0,6.944444444444444e-05,0.0,8.827004285491682,0.0,-8.819310392195982,-0.3496037926797867,8.827004285491684,-1.9028497525821837,2.2204460492503132e-17,0.0,-1.000088900581841e-12,0.0,0.0,Train015,10.0
59,0,1,6.944444444444444e-05,0.0,9.992395954995215,0.0,-9.991193532888074,-0.15501196657125835,9.992395954995215,25.41340777496563,0.0,0.0,-1.000088900581841e-12,0,0,1.0,6.944444444444444e-05,0.0,8.753079352419675,0.0,-8.736774277381244,-0.49635440885788124,8.753079352419675,1.9156177816978228,0.0,0.0,-1.000088900581841e-12,0.0,0.0,Train015,10.0
59,1,0,0.0,0.0,0.0,0.0,0.0,0.0,0.0,0.0,0.0,0.0,0.0,0,0,0.0,0.0,0.0,0.0,0.0,0.0,0.0,0.0,0.0,0.0,0.0,0.0,0.0,0.0,Train015,10.0
59,2,1,6.944444444444444e-05,-1.0,8.993343018212554,0.0,-8.951299872702078,0.8685903707710918,8.993343018212554,4.40819872963317,1.1102230246251565e-16,0.0,-1.000088900581841e-12,0,1,1.8,0.00012499999999999998,-0.2,8.052530539537425,1.4717050709948485,-3.2962889761854983,-0.095794811149739,3.328667170585102,-2.355238839815738,0.7446207921764967,18.652146708385793,0.5545177444461563,0.0,0.2,Train015,10.0
59,3,0,0.0,0.0,0.0,0.0,0.0,0.0,0.0,0.0,0.0,0.0,0.0,0,0,0.0,0.0,0.0,0.0,0.0,0.0,0.0,0.0,0.0,0.0,0.0,0.0,0.0,0.0,Train015,10.0
59,4,3,0.00020833333333333335,0.0,9.640218714135626,1.0712073088162521,-4.059971844072862,0.30727192235586737,4.07158291195607,16.194277502537396,0.6654004195060079,37.05925772509426,1.0986122886651097,0,0,3.0,0.00020833333333333335,0.0,9.199277249956689,1.6051603804586254,-4.426965980299481,-0.02709793022975331,4.430374681406642,-0.1899386971900526,0.6665598430370249,37.59884818517852,1.0986122886651097,0.0,0.0,Train015,10.0
59,5,1,6.944444444444444e-05,0.0,9.48170334057854,0.0,-9.45947450969572,-0.6488761354489327,9.48170334057854,19.628546126933763,0.0,0.0,-1.000088900581841e-12,0,0,1.0,6.944444444444444e-05,0.0,8.776019356641974,0.0,-8.764140058466387,-0.44753645946183,8.776019356641976,-0.5098492884970838,2.2204460492503132e-17,0.0,-1.000088900581841e-12,0.0,0.0,Train015,10.0
60,0,1,6.944444444444444e-05,0.0,10.289119391332552,0.0,-10.289083754059723,-0.02708045494139952,10.289119391332552,2.967234363373361,1.1102230246251565e-16,0.0,-1.000088900581841e-12,0,0,1.0,6.944444444444444e-05,0.0,8.950042291851492,0.0,-8.938582306705028,-0.367475825936062,8.950042291851492,1.96962939431818,2.2204460492503132e-17,0.0,-1.000088900581841e-12,0.0,0.0,Train015,10.0
60,1,0,0.0,0.0,0.0,0.0,0.0,0.0,0.0,0.0,0.0,0.0,0.0,0,0,0.0,0.0,0.0,0.0,0.0,0.0,0.0,0.0,0.0,0.0,0.0,0.0,0.0,0.0,Train015,10.0
60,2,1,6.944444444444444e-05,0.0,8.614075595236834,0.0,-8.554283441673538,1.0131797273755265,8.614075595236834,-3.792674229757207,0.0,0.0,-1.000088900581841e-12,0,0,1.6,0.00011111111111111112,-0.2,8.04287059636465,1.0930487888379714,-4.620168406857977,0.17124968674368707,4.659181563693295,-3.4723941631552875,0.5567542643932805,14.099625484162198,0.4158883083343672,0.0,0.2,Train015,10.0
60,3,0,0.0,0.0,0.0,0.0,0.0,0.0,0.0,0.0,0.0,0.0,0.0,0,0,0.0,0.0,0.0,0.0,0.0,0.0,0.0,0.0,0.0,0.0,0.0,0.0,0.0,0.0,Train015,10.0
60,4,3,0.00020833333333333335,0.0,9.637935447106111,0.8438197499262029,-3.829403246083526,0.42861955004971103,3.853315966774573,-0.022832670295128327,0.6642386330105338,36.79565923403665,1.0986122886651097,0,0,3.0,0.00020833333333333335,0.0,9.123401135205134,1.4097589154365926,-4.215174160933411,0.08419866283368518,4.223031014896405,-0.7587611475155589,0.6660333524540529,37.450989507381166,1.0986122886651097,0.0,0.0,Train015,10.0
60,5,1,6.944444444444444e-05,0.0,9.604774688523257,0.0,-9.579105025663331,-0.7017433466791945,9.604774688523257,1.2307134794471786,0.0,0.0,-1.000088900581841e-12,0,0,1.0,6.944444444444444e-05,0.0,8.774481773323695,0.0,-8.758886274738293,-0.5140667774703159,8.774481773323695,-0.015375833182805465,2.2204460492503132e-17,0.0,-1.000088900581841e-12,0.0,0.0,Train015,10.0
61,0,1,6.944444444444444e-05,0.0,9.7858926475438,0.0,-9.785874396149884,0.018900053701996114,9.7858926475438,-5.032267437887512,0.0,0.0,-1.000088900581841e-12,0,0,1.0,6.944444444444444e-05,0.0,9.137450870301661,0.0,-9.130168159715634,-0.24211839063149404,9.137450870301661,1.8740857845016918,2.2204460492503132e-17,0.0,-1.000088900581841e-12,0.0,0.0,Train015,10.0
61,1,0,0.0,0.0,0.0,0.0,0.0,0.0,0.0,0.0,0.0,0.0,0.0,0,0,0.0,0.0,0.0,0.0,0.0,0.0,0.0,0.0,0.0,0.0,0.0,0.0,0.0,0.0,Train015,10.0
61,2,0,0.0,-1.0,0.0,0.0,0.0,0.0,0.0,0.0,0.0,0.0,0.0,0,1,1.2,8.333333333333333e-05,-0.4,6.403167264115569,0.7048913647572307,-4.222950019814997,0.2424647656345718,4.2556297894852495,-2.5446768634446904,0.37061387610289814,9.425792308572875,0.2772588722227781,0.0,0.4,Train015,10.0
61,3,0,0.0,0.0,0.0,0.0,0.0,0.0,0.0,0.0,0.0,0.0,0.0,0,0,0.0,0.0,0.0,0.0,0.0,0.0,0.0,0.0,0.0,0.0,0.0,0.0,0.0,0.0,Train015,10.0
61,4,3,0.00020833333333333335,0.0,9.069675788090633,0.7186074114970874,-3.5239304337565294,0.4454726996804059,3.551975735856881,-5.682596590154804,0.6637322545821338,36.717263878681585,1.0986122886651097,0,0,3.0,0.00020833333333333335,0.0,9.032319926866784,1.188031498860656,-3.971854435660538,0.19642652219200046,3.985038171179285,-0.9108120833834864,0.6654095961770763,37.243632602239884,1.0986122886651097,0.0,0.0,Train015,10.0
61,5,2,0.0001388888888888889,1.0,8.525611476505983,0.5561048769114434,-8.481253759562708,0.161918527507258,8.482799239852767,-5.838136653740618,0.005043113812506883,61.2756523287033,0.6931471805579453,1,0,1.2,8.333333333333333e-05,0.2,8.678759922419832,0.11122097538228867,-8.656254710867525,-0.39764705062617045,8.670197475089187,0.03348058424779552,0.0010086227625013989,12.25513046574066,0.13862943611078898,0.2,0.0,Train015,10.0
62,0,1,6.944444444444444e-05,0.0,9.034530772604302,0.0,-9.034467773874427,0.03373905687104588,9.034530772604302,-7.513618749394979,0.0,0.0,-1.000088900581841e-12,0,0,1.0,6.944444444444444e-05,0.0,9.310598788794904,0.0,-9.307010339223606,-0.12537745320608876,9.310598788794904,1.7314791849324294,2.2204460492503132e-17,0.0,-1.000088900581841e-12,0.0,0.0,Train015,10.0
62,1,0,0.0,0.0,0.0,0.0,0.0,0.0,0.0,0.0,0.0,0.0,0.0,0,0,0.0,0.0,0.0,0.0,0.0,0.0,0.0,0.0,0.0,0.0,0.0,0.0,0.0,0.0,Train015,10.0
62,2,0,0.0,0.0,0.0,0.0,0.0,0.0,0.0,0.0,0.0,0.0,0.0,0,0,0.8,5.5555555555555545e-05,-0.4,4.894408878596971,0.33757947314275427,-3.846857543741925,0.3117931928671902,3.873200735435583,-1.2352273961398523,0.18516405789940865,4.71533265862674,0.13862943611118902,0.0,0.4,Train015,10.0
62,3,0,0.0,0.0,0.0,0.0,0.0,0.0,0.0,0.0,0.0,0.0,0.0,0,0,0.0,0.0,0.0,0.0,0.0,0.0,0.0,0.0,0.0,0.0,0.0,0.0,0.0,0.0,Train015,10.0
62,4,3,0.00020833333333333335,0.0,8.338160368382804,0.6335527321508269,-3.210414928563947,0.42507423881650763,3.2384335908046173,-7.31515419707829,0.6635175356653384,36.693890615536084,1.0986122886651097,0,0,3.0,0.00020833333333333335,0.0,8.941356256319413,0.9703150928903341,-3.7319085428859546,0.3023645266366449,3.750447880135501,-0.9096367054737348,0.6647449655401632,37.01848475162771,1.0986122886651097,0.0,0.0,Train015,10.0
62,5,2,0.0001388888888888889,0.0,7.818609108955508,0.5466001236910305,-7.776249142242029,0.15420085880445855,7.777777872058055,-7.070023675504755,0.005248031357606986,61.355185517967065,0.6931471805579453,0,0,1.4,9.722222222222222e-05,0.2,8.58990946848969,0.22054100012049477,-8.560999397028793,-0.2841757602343301,8.573180773779557,0.10219455398501118,0.002058229034022796,24.526167569334074,0.27725887222257806,0.2,0.0,Train015,10.0
63,0,1,6.944444444444444e-05,0.0,8.241369603812204,0.0,-8.24128699881047,0.036899185319638934,8.241369603812204,-7.931611687920981,1.1102230246251565e-16,0.0,-1.000088900581841e-12,0,0,1.0,6.944444444444444e-05,0.0,9.468661674057614,0.0,-9.468381291156515,-0.01851082512399539,9.468661674057614,1.5806288526271046,4.4408920985006264e-17,0.0,-1.000088900581841e-12,0.0,0.0,Train015,10.0
63,1,0,0.0,0.0,0.0,0.0,0.0,0.0,0.0,0.0,0.0,0.0,0.0,0,0,0.0,0.0,0.0,0.0,0.0,0.0,0.0,0.0,0.0,0.0,0.0,0.0,0.0,0.0,Train015,10.0
63,2,0,0.0,0.0,0.0,0.0,0.0,0.0,0.0,0.0,0.0,0.0,0.0,0,0,0.4,2.777777777777778e-05,-0.4,3.521483722689877,0.0,-3.5011166628751234,0.3763540196293237,3.521483722689878,0.12310489997519287,2.2204460492503132e-17,0.0,-4.000355602327364e-13,0.0,0.4,Train015,10.0
63,3,0,0.0,0.0,0.0,0.0,0.0,0.0,0.0,0.0,0.0,0.0,0.0,0,0,0.0,0.0,0.0,0.0,0.0,0.0,0.0,0.0,0.0,0.0,0.0,0.0,0.0,0.0,Train015,10.0
63,4,3,0.00020833333333333335,0.0,7.593059734942929,0.5668871779136597,-2.9125523999820615,0.39295180543776337,2.9389407282281255,-7.451006334398749,0.6634265974528959,36.68914493241898,1.0986122886651097,0,0,3.0,0.00020833333333333335,0.0,8.855810010531622,0.7668148760608058,-3.507254570491786,0.3998780432680511,3.5308497867240534,-0.8554624578779162,0.664063088043382,36.79104327715351,1.0986122886651097,0.0,0.0,Train015,10.0
63,5,2,0.0001388888888888889,0.0,7.111076739704897,0.5126986959223676,-7.071909222411792,0.14221597232319416,7.073339058239523,-7.075323692506115,0.005334691923512103,61.38241314370699,0.6931471805579453,0,0,1.6,0.00011111111111111112,0.2,8.508355070853636,0.3230807393049683,-8.473598331915117,-0.1784568246986433,8.484078839850428,0.17515511692589011,0.003125167418725194,36.80265019807547,0.4158883083343672,0.2,0.0,Train015,10.0
64,0,1,6.944444444444444e-05,0.0,8.662907203258241,0.0,-8.659039381849249,-0.25884009706243016,8.662907203258241,4.215375994460366,0.0,0.0,-1.000088900581841e-12,0,0,1.0,6.944444444444444e-05,0.0,9.202763923710219,0.0,-9.20195046094875,-0.03927645122222975,9.202763923710219,-2.658977503473948,4.4408920985006264e-17,0.0,-1.000088900581841e-12,0.0,0.0,Train015,10.0
64,1,0,0.0,0.0,0.0,0.0,0.0,0.0,0.0,0.0,0.0,0.0,0.0,0,0,0.0,0.0,0.0,0.0,0.0,0.0,0.0,0.0,0.0,0.0,0.0,0.0,0.0,0.0,Train015,10.0
64,2,0,0.0,0.0,0.0,0.0,0.0,0.0,0.0,0.0,0.0,0.0,0.0,0,0,0.2,1.388888888888889e-05,-0.2,1.7228151190473668,0.0,-1.7108566883347076,0.2026359454751053,1.7228151190473668,-0.7585348459514412,0.0,0.0,-2.000177801163682e-13,0.0,0.2,Train015,10.0
64,3,0,0.0,0.0,0.0,0.0,0.0,0.0,0.0,0.0,0.0,0.0,0.0,0,0,0.0,0.0,0.0,0.0,0.0,0.0,0.0,0.0,0.0,0.0,0.0,0.0,0.0,0.0,Train015,10.0
64,4,3,0.00020833333333333335,0.0,9.630172691188244,0.4184770303580911,-3.422733594955146,0.1622508353428652,3.4265770961126845,20.371129562453167,0.6665526691654157,36.294005393213965,1.0986122886651097,0,0,3.0,0.00020833333333333335,0.0,8.853800805942145,0.6362688203691736,-3.379806920668242,0.3708738258654506,3.4018486235553764,-0.02009204589476212,0.6642935379752635,36.63799281077745,1.0986122886651097,0.0,0.0,Train015,10.0
64,5,2,0.0001388888888888889,0.0,9.531154245501252,1.197882786393616,-9.511473149137668,0.2767945834195893,9.515499813891925,24.200775057963547,0.0016688306267139685,63.04653265443278,0.6931471805579453,0,0,1.8,0.000125,0.2,8.518245251838179,0.5626572965836915,-8.483998059803506,0.006677319075061106,8.490838134513105,1.089600903131847,0.003458933544067988,49.411956728962025,0.5545177444461562,0.2,0.0,Train015,10.0
65,0,1,6.944444444444444e-05,0.0,8.30095621239873,0.0,-8.293733574768073,-0.346204319623391,8.30095621239873,-3.619509908595102,0.0,0.0,-1.000088900581841e-12,0,0,1.0,6.944444444444444e-05,0.0,8.805131287923455,0.0,-8.802880425090422,-0.10310122415862803,8.805131287923455,-3.9763263578676407,2.2204460492503132e-17,0.0,-1.000088900581841e-12,0.0,0.0,Train015,10.0
65,1,0,0.0,0.0,0.0,0.0,0.0,0.0,0.0,0.0,0.0,0.0,0.0,0,0,0.0,0.0,0.0,0.0,0.0,0.0,0.0,0.0,0.0,0.0,0.0,0.0,0.0,0.0,Train015,10.0
65,2,0,0.0,0.0,0.0,0.0,0.0,0.0,0.0,0.0,0.0,0.0,0.0,0,0,0.0,0.0,-0.2,0.0,0.0,0.0,0.0,0.0,0.0,0.0,0.0,0.0,0.0,0.2,Train015,10.0
65,3,0,0.0,0.0,0.0,0.0,0.0,0.0,0.0,0.0,0.0,0.0,0.0,0,0,0.0,0.0,0.0,0.0,0.0,0.0,0.0,0.0,0.0,0.0,0.0,0.0,0.0,0.0,Train015,10.0
65,4,3,0.00020833333333333335,0.0,9.771985175251595,0.3514181948287871,-3.39823470686166,0.07263832442226949,3.399010951599601,1.418124840633504,0.666788748060858,36.324188144365856,1.0986122886651097,0,0,3.0,0.00020833333333333335,0.0,8.880610751571242,0.5377885093496906,-3.293573212823869,0.2996775807399623,3.3109876205203816,0.2680994562909643,0.6648035609853283,36.54369859284329,1.0986122886651097,0.0,0.0,Train015,10.0
65,5,2,0.0001388888888888889,0.0,9.810707273280212,1.368718509183358,-9.795551555345167,0.30707628774674944,9.800363570802945,2.795530277789604,0.0010752677498548913,63.67375070617503,0.6931471805579453,0,0,2.0,0.0001388888888888889,0.2,8.55943176878957,0.836400998420363,-8.527287365739873,0.20844124596024988,8.529955910969042,1.402564262800332,0.0036739870940389664,62.146706870197036,0.6931471805579453,0.2,0.0,Train015,10.0
66,0,1,6.944444444444444e-05,0.0,7.68652519840354,0.0,-7.678271211183545,-0.35611912782461874,7.68652519840354,-6.144310139951905,1.1102230246251565e-16,0.0,-1.000088900581841e-12,0,0,1.0,6.944444444444444e-05,0.0,8.385257798095404,0.0,-8.381359788097154,-0.178105060463951,8.385257798095404,-4.198734898280519,4.4408920985006264e-17,0.0,-1.000088900581841e-12,0.0,0.0,Train015,10.0
66,1,0,0.0,0.0,0.0,0.0,0.0,0.0,0.0,0.0,0.0,0.0,0.0,0,0,0.0,0.0,0.0,0.0,0.0,0.0,0.0,0.0,0.0,0.0,0.0,0.0,0.0,0.0,Train015,10.0
66,2,0,0.0,0.0,0.0,0.0,0.0,0.0,0.0,0.0,0.0,0.0,0.0,0,0,0.0,0.0,0.0,0.0,0.0,0.0,0.0,0.0,0.0,0.0,0.0,0.0,0.0,0.0,Train015,10.0
66,3,0,0.0,0.0,0.0,0.0,0.0,0.0,0.0,0.0,0.0,0.0,0.0,0,0,0.0,0.0,0.0,0.0,0.0,0.0,0.0,0.0,0.0,0.0,0.0,0.0,0.0,0.0,Train015,10.0
66,4,3,0.00020833333333333335,0.0,9.245710772916416,0.30943272109386766,-3.189596538900105,0.03726340776561655,3.189814201881018,-5.262744023351787,0.666813331154894,36.35876747177995,1.0986122886651097,0,0,3.0,0.00020833333333333335,0.0,8.915817748536398,0.4559535712690465,-3.226706433852584,0.21803572235700447,3.2385553137252097,0.35206996965156795,0.6654197762998804,36.471999311462966,1.0986122886651097,0.0,0.0,Train015,10.0
66,5,2,0.0001388888888888889,0.0,9.328778456511705,1.3487871752963358,-9.315783575879834,0.29941116386318395,9.320593901553613,-4.819288167685074,0.0008960850947767884,63.904009022833286,0.6931471805579453,0,0,2.0,0.0001388888888888889,0.0,8.720065164790714,0.9949374580973416,-8.694193329003298,0.23593977323143508,8.69751484330921,1.606333960011441,0.0028445813504929473,62.67237820902303,0.6931471805579453,0.0,0.0,Train015,10.0
67,0,1,6.944444444444444e-05,0.0,7.02045953330142,0.0,-7.012290500360433,-0.33857642752798967,7.02045953330142,-6.660656651021206,0.0,0.0,-1.000088900581841e-12,0,0,1.0,6.944444444444444e-05,0.0,7.982443550234828,0.0,-7.976924333394353,-0.2525681573437581,7.982443550234828,-4.028142478605765,4.4408920985006264e-17,0.0,-1.000088900581841e-12,0.0,0.0,Train015,10.0
67,1,0,0.0,0.0,0.0,0.0,0.0,0.0,0.0,0.0,0.0,0.0,0.0,0,0,0.0,0.0,0.0,0.0,0.0,0.0,0.0,0.0,0.0,0.0,0.0,0.0,0.0,0.0,Train015,10.0
67,2,0,0.0,0.0,0.0,0.0,0.0,0.0,0.0,0.0,0.0,0.0,0.0,0,0,0.0,0.0,0.0,0.0,0.0,0.0,0.0,0.0,0.0,0.0,0.0,0.0,0.0,0.0,Train015,10.0
67,3,0,0.0,0.0,0.0,0.0,0.0,0.0,0.0,0.0,0.0,0.0,0.0,0,0,0.0,0.0,0.0,0.0,0.0,0.0,0.0,0.0,0.0,0.0,0.0,0.0,0.0,0.0,Train015,10.0
67,4,3,0.00020833333333333335,0.0,8.518420553801043,0.27700231879899656,-2.9293310713710263,0.022793243778484313,2.9294197476056025,-7.2729021911537295,0.6668142590610205,36.37015618130017,1.0986122886651097,0,0,3.0,0.00020833333333333335,0.0,8.951869785620046,0.3846434885986804,-3.170489662414,0.13757952334939977,3.176752545085406,0.36052037083647975,0.6660791209790168,36.407252424615784,1.0986122886651097,0.0,0.0,Train015,10.0
67,5,2,0.0001388888888888889,0.0,8.611163349314054,1.2632930607887873,-8.599645632804208,0.2790512495940849,8.604171930506068,-7.176151071976489,0.000829767363467071,63.9828831624868,0.6931471805579453,0,0,2.0,0.0001388888888888889,0.0,8.878576012862423,1.138276045516893,-8.858872627115733,0.26090985138936035,8.862793654998814,1.585108480717094,0.0019609285516649644,63.19791773792698,0.6931471805579453,0.0,0.0,Train015,10.0
68,0,1,6.944444444444444e-05,0.0,6.375698888042208,0.0,-6.368033827585861,-0.31254036812037433,6.375698888042208,-6.447606452592121,0.0,0.0,-1.000088900581841e-12,0,0,1.0,6.944444444444444e-05,0.0,7.609309407080827,0.0,-7.602273699149431,-0.3224560680317608,7.609309407080827,-3.7313414315399926,2.2204460492503132e-17,0.0,-1.000088900581841e-12,0.0,0.0,Train015,10.0
68,1,0,0.0,0.0,0.0,0.0,0.0,0.0,0.0,0.0,0.0,0.0,0.0,0,0,0.0,0.0,0.0,0.0,0.0,0.0,0.0,0.0,0.0,0.0,0.0,0.0,0.0,0.0,Train015,10.0
68,2,0,0.0,0.0,0.0,0.0,0.0,0.0,0.0,0.0,0.0,0.0,0.0,0,0,0.0,0.0,0.0,0.0,0.0,0.0,0.0,0.0,0.0,0.0,0.0,0.0,0.0,0.0,Train015,10.0
68,3,0,0.0,0.0,0.0,0.0,0.0,0.0,0.0,0.0,0.0,0.0,0.0,0,0,0.0,0.0,0.0,0.0,0.0,0.0,0.0,0.0,0.0,0.0,0.0,0.0,0.0,0.0,Train015,10.0
68,4,3,0.00020833333333333335,0.0,7.764201643045614,0.24949993200290427,-2.6664718188944994,0.016429581278608673,2.666522434201432,-7.542189107554294,0.6668131768877891,36.36976813749224,1.0986122886651097,0,0,3.0,0.00020833333333333335,0.0,8.986098167240582,0.3211660394165293,-3.1212735461964876,0.06227507851756884,3.122268886280067,0.34228381620537096,0.6667564368659955,36.343377065630435,1.0986122886651097,0.0,0.0,Train015,10.0
68,5,2,0.0001388888888888889,0.0,7.854256176816065,1.1598149831167568,-7.843925223616425,0.2555015284142817,7.848085368082334,-7.569071724979901,0.0008031850954269837,64.00454336260174,0.6931471805579453,0,0,2.0,0.0001388888888888889,0.0,9.027211900284659,1.2676993029557706,-9.013275827356662,0.28356696260757785,9.017742916967377,1.4863588742223368,0.0010546271860479405,63.72234378170592,0.6931471805579453,0.0,0.0,Train015,10.0
69,0,1,6.944444444444444e-05,0.0,8.734410996971427,0.0,-8.715153940714522,-0.5796785778891,8.734410996971427,23.58712108929219,0.0,0.0,-1.000088900581841e-12,0,0,1.0,6.944444444444444e-05,0.0,7.6236101658234645,0.0,-7.613496610922487,-0.38662376419709477,7.6236101658234645,0.14300758742637215,2.2204460492503132e-17,0.0,-1.000088900581841e-12,0.0,0.0,Train015,10.0
69,1,0,0.0,0.0,0.0,0.0,0.0,0.0,0.0,0.0,0.0,0.0,0.0,0,0,0.0,0.0,0.0,0.0,0.0,0.0,0.0,0.0,0.0,0.0,0.0,0.0,0.0,0.0,Train015,10.0
69,2,0,0.0,0.0,0.0,0.0,0.0,0.0,0.0,0.0,0.0,0.0,0.0,0,0,0.0,0.0,0.0,0.0,0.0,0.0,0.0,0.0,0.0,0.0,0.0,0.0,0.0,0.0,Train015,10.0
69,3,0,0.0,0.0,0.0,0.0,0.0,0.0,0.0,0.0,0.0,0.0,0.0,0,0,0.0,0.0,0.0,0.0,0.0,0.0,0.0,0.0,0.0,0.0,0.0,0.0,0.0,0.0,Train015,10.0
69,4,3,0.00020833333333333335,0.0,9.303578995098357,1.3808409961854353,-4.283617262737472,0.11143566102116638,4.28506648258457,15.393773520527432,0.6666604343054385,37.10417122025246,1.0986122886651097,0,0,3.0,0.00020833333333333335,0.0,8.920779428022605,0.5136388325819983,-3.2934502797529523,0.05211204365322908,3.2939667635744447,-0.6531873921797761,0.6667779898940001,36.505410231038134,1.0986122886651097,0.0,0.0,Train015,10.0
69,5,2,0.0001388888888888889,0.0,10.08699993849044,0.4256205606146599,-10.07077770194878,0.5272005845222718,10.084567614845437,22.32743761674375,0.00024156463295099684,60.75985230322467,0.6931471805579453,0,0,2.0,0.0001388888888888889,0.0,9.138381038882496,1.1132468577999797,-9.125136737918883,0.3336481628281144,9.13155647715808,1.111691385978378,0.0007691739872953462,63.26500771146431,0.6931471805579453,0.0,0.0,Train015,10.0
70,0,1,6.944444444444444e-05,0.0,9.03872910503526,0.0,-9.01616832922457,-0.6382260518807968,9.03872910503526,3.0431810806383375,0.0,0.0,-1.000088900581841e-12,0,0,1.0,6.944444444444444e-05,0.0,7.77116474435077,0.0,-7.757983561813786,-0.44502811064857595,7.77116474435077,1.47554578527306,2.2204460492503132e-17,0.0,-1.000088900581841e-12,0.0,0.0,Train015,10.0
70,1,0,0.0,0.0,0.0,0.0,0.0,0.0,0.0,0.0,0.0,0.0,0.0,0,0,0.0,0.0,0.0,0.0,0.0,0.0,0.0,0.0,0.0,0.0,0.0,0.0,0.0,0.0,Train015,10.0
70,2,0,0.0,0.0,0.0,0.0,0.0,0.0,0.0,0.0,0.0,0.0,0.0,0,0,0.0,0.0,0.0,0.0,0.0,0.0,0.0,0.0,0.0,0.0,0.0,0.0,0.0,0.0,Train015,10.0
70,3,0,0.0,0.0,0.0,0.0,0.0,0.0,0.0,0.0,0.0,0.0,0.0,0,0,0.0,0.0,0.0,0.0,0.0,0.0,0.0,0.0,0.0,0.0,0.0,0.0,0.0,0.0,Train015,10.0
70,4,3,0.00020833333333333335,0.0,9.29026614413974,1.7198665526851784,-4.592479043691331,0.13784077561096789,4.594547186194204,-0.1331285095861793,0.6666500933859416,37.16729395497082,1.0986122886651097,0,0,3.0,0.00020833333333333335,0.0,8.824435621800234,0.7873285041532765,-3.532299147118887,0.06515253389096876,3.5330740104933653,-0.9634380622237128,0.6667502589590167,36.674031393159126,1.0986122886651097,0.0,0.0,Train015,10.0
70,5,2,0.0001388888888888889,0.0,10.26738489923767,0.9485093234242736,-10.249054668158827,0.5903440000371762,10.266042452147182,1.8038496074723032,0.00013187420284554996,59.52601847712727,0.6931471805579453,0,0,2.0,0.0001388888888888889,0.0,9.229716564073987,1.0292050206481627,-9.215837360481615,0.39030170528619973,9.224692253426927,0.9133552519149177,0.000580495277893478,62.43546126565475,0.6931471805579453,0.0,0.0,Train015,10.0
71,0,1,6.944444444444444e-05,0.0,8.611855788328358,0.0,-8.589440678819024,-0.6209419811976241,8.611855788328358,-4.26873316706903,0.0,0.0,-1.000088900581841e-12,0,0,1.0,6.944444444444444e-05,0.0,7.956230862335735,0.0,-7.940217455340883,-0.4979926813231771,7.956230862335735,1.850661179849635,0.0,0.0,-1.000088900581841e-12,0.0,0.0,Train015,10.0
71,1,0,0.0,0.0,0.0,0.0,0.0,0.0,0.0,0.0,0.0,0.0,0.0,0,0,0.0,0.0,0.0,0.0,0.0,0.0,0.0,0.0,0.0,0.0,0.0,0.0,0.0,0.0,Train015,10.0
71,2,0,0.0,0.0,0.0,0.0,0.0,0.0,0.0,0.0,0.0,0.0,0.0,0,0,0.0,0.0,0.0,0.0,0.0,0.0,0.0,0.0,0.0,0.0,0.0,0.0,0.0,0.0,Train015,10.0
71,3,0,0.0,0.0,0.0,0.0,0.0,0.0,0.0,0.0,0.0,0.0,0.0,0,0,0.0,0.0,0.0,0.0,0.0,0.0,0.0,0.0,0.0,0.0,0.0,0.0,0.0,0.0,Train015,10.0
71,4,3,0.00020833333333333335,0.0,8.738407255980816,1.736660536494174,-4.429134563040824,0.13888412143563372,4.431311518806795,-5.518588881589229,0.6666492097731243,37.17603583370131,1.0986122886651097,0,0,3.0,0.00020833333333333335,0.0,8.722974918413113,1.0727740672333377,-3.7802067519470306,0.0854766766249722,3.7813734738785207,-1.0146070338712012,0.6667174346826628,36.8374850655434,1.0986122886651097,0.0,0.0,Train015,10.0
71,5,2,0.0001388888888888889,0.0,9.724571979172243,1.0732671218808854,-9.706464512359094,0.577430705131265,9.723624815310124,-5.428129200654279,9.86001119263058e-05,59.06216320841444,0.6931471805579453,0,0,2.0,0.0001388888888888889,0.0,9.308875268606096,0.9741010099650727,-9.293973547777465,0.4459056135398159,9.30529843617823,0.7915870453210765,0.0004209982813233815,61.467092102770984,0.6931471805579453,0.0,0.0,Train015,10.0
72,0,1,6.944444444444444e-05,0.0,7.956374518922082,0.0,-7.9353256117626225,-0.5783622745794822,7.956374518922082,-6.554812694062759,0.0,0.0,-1.000088900581841e-12,0,0,1.0,6.944444444444444e-05,0.0,8.143413859459866,0.0,-8.12482447762132,-0.5459498507334756,8.143413859459866,1.8718299712413244,0.0,0.0,-1.000088900581841e-12,0.0,0.0,Train015,10.0
72,1,0,0.0,0.0,0.0,0.0,0.0,0.0,0.0,0.0,0.0,0.0,0.0,0,0,0.0,0.0,0.0,0.0,0.0,0.0,0.0,0.0,0.0,0.0,0.0,0.0,0.0,0.0,Train015,10.0
72,2,0,0.0,0.0,0.0,0.0,0.0,0.0,0.0,0.0,0.0,0.0,0.0,0,0,0.0,0.0,0.0,0.0,0.0,0.0,0.0,0.0,0.0,0.0,0.0,0.0,0.0,0.0,Train015,10.0
72,3,0,0.0,0.0,0.0,0.0,0.0,0.0,0.0,0.0,0.0,0.0,0.0,0,0,0.0,0.0,0.0,0.0,0.0,0.0,0.0,0.0,0.0,0.0,0.0,0.0,0.0,0.0,Train015,10.0
72,4,3,0.00020833333333333335,0.0,8.032127218580783,1.6402405951766712,-4.111542284339392,0.13106480560993367,4.113630749007543,-7.062800374000332,0.6666492613430094,37.183684318742614,1.0986122886651097,0,0,3.0,0.00020833333333333335,0.0,8.625716251369061,1.3454217225088727,-4.016648994540704,0.10713098899126205,4.018215674158909,-0.9725866704405217,0.6666844351390606,37.00019069303189,1.0986122886651097,0.0,0.0,Train015,10.0
72,5,2,0.0001388888888888889,0.0,8.962910120108846,1.0528707924453804,-8.945929090214857,0.5389019137106482,8.962146091185605,-7.616618590633961,8.643619510684264e-05,58.89273001333492,0.6931471805579453,0,0,2.0,0.0001388888888888889,0.0,9.379224622765054,0.9320165562963911,-9.363230239259597,0.4978757463631286,9.376893268314136,0.7034935415895822,0.0002723320476513358,60.449061472940606,0.6931471805579453,0.0,0.0,Train015,10.0
73,0,1,6.944444444444444e-05,0.0,7.26018100367449,0.0,-7.240845504445112,-0.5295135379505869,7.26018100367449,-6.961935152475913,0.0,0.0,-1.000088900581841e-12,0,0,1.0,6.944444444444444e-05,0.0,8.320310282586323,0.0,-8.299386812993172,-0.5893444846995181,8.320310282586323,1.768964231264566,0.0,0.0,-1.000088900581841e-12,0.0,0.0,Train015,10.0
73,1,0,0.0,0.0,0.0,0.0,0.0,0.0,0.0,0.0,0.0,0.0,0.0,0,0,0.0,0.0,0.0,0.0,0.0,0.0,0.0,0.0,0.0,0.0,0.0,0.0,0.0,0.0,Train015,10.0
73,2,0,0.0,0.0,0.0,0.0,0.0,0.0,0.0,0.0,0.0,0.0,0.0,0,0,0.0,0.0,0.0,0.0,0.0,0.0,0.0,0.0,0.0,0.0,0.0,0.0,0.0,0.0,Train015,10.0
73,3,0,0.0,0.0,0.0,0.0,0.0,0.0,0.0,0.0,0.0,0.0,0.0,0,0,0.0,0.0,0.0,0.0,0.0,0.0,0.0,0.0,0.0,0.0,0.0,0.0,0.0,0.0,Train015,10.0
73,4,3,0.00020833333333333335,0.0,7.31386186552287,1.510169711475652,-3.7591291720750526,0.12063052350789087,3.7610641918940253,-7.182653530579124,0.6666493485006275,37.189484979465796,1.0986122886651097,0,0,3.0,0.00020833333333333335,0.0,8.535648295864513,1.5975556784034222,-4.235180465176814,0.12797117743711853,4.237124025697428,-0.9006795550454877,0.6666516694616283,37.1641340614266,1.0986122886651097,0.0,0.0,Train015,10.0
73,5,2,0.0001388888888888889,0.0,8.170293294996753,0.9834573735362229,-8.15470137123814,0.4937633044532257,8.169636262092565,-7.926168251120944,8.159963471288112e-05,58.835421224390046,0.6931471805579453,0,0,2.0,0.0001388888888888889,0.0,9.44243204640119,0.8967450343802845,-9.42538546878394,0.5455281015709174,9.441203447116184,0.6320742363613734,0.00012801495550851527,59.41523704529827,0.6931471805579453,0.0,0.0,Train015,10.0
74,0,1,6.944444444444444e-05,0.0,10.119448686626992,0.0,-10.107993228100074,-0.48136745004185844,10.119448686626992,28.59267682952502,0.0,0.0,-1.000088900581841e-12,0,0,1.0,6.944444444444444e-05,0.0,8.597317820517436,0.0,-8.57795467047028,-0.5696822591300696,8.597317820517436,2.7700753793111317,0.0,0.0,-1.000088900581841e-12,0.0,0.0,Train015,10.0
74,1,0,0.0,0.0,0.0,0.0,0.0,0.0,0.0,0.0,0.0,0.0,0.0,0,0,0.0,0.0,0.0,0.0,0.0,0.0,0.0,0.0,0.0,0.0,0.0,0.0,0.0,0.0,Train015,10.0
74,2,0,0.0,0.0,0.0,0.0,0.0,0.0,0.0,0.0,0.0,0.0,0.0,0,0,0.0,0.0,0.0,0.0,0.0,0.0,0.0,0.0,0.0,0.0,0.0,0.0,0.0,0.0,Train015,10.0
74,3,0,0.0,0.0,0.0,0.0,0.0,0.0,0.0,0.0,0.0,0.0,0.0,0,0,0.0,0.0,0.0,0.0,0.0,0.0,0.0,0.0,0.0,0.0,0.0,0.0,0.0,0.0,Train015,10.0
74,4,3,0.00020833333333333335,0.0,9.382323468859738,0.8835630514975065,-3.808056256784697,0.10990343192404574,3.8096418754504686,20.68461603336867,0.6666383567214371,37.19074720699883,1.0986122886651097,0,0,3.0,0.00020833333333333335,0.0,8.55139719061679,1.4981000894658363,-4.14006826398626,0.12766473161769437,4.142039104270607,0.15748894752276002,0.666647253944828,37.18144925877588,1.0986122886651097,0.0,0.0,Train015,10.0
74,5,2,0.0001388888888888889,0.0,9.611593295116045,0.1338722324647943,-9.609205542140996,0.15430121759062776,9.61044431942994,14.413000001192922,0.00011956380204447559,61.090172492936546,0.6931471805579453,0,0,2.0,0.0001388888888888889,0.0,9.34735071772631,0.8383953687503112,-9.333071036822384,0.4709482281845886,9.346378788033082,-0.9508132867487926,0.00010361478932721102,59.481301083240645,0.6931471805579453,0.0,0.0,Train015,10.0
75,0,1,6.944444444444444e-05,0.0,10.516528030705299,0.0,-10.507473652899918,-0.43630179259809554,10.516528030705299,3.970793440783069,1.1102230246251565e-16,0.0,-1.000088900581841e-12,0,0,1.0,6.944444444444444e-05,0.0,8.892877605651444,0.0,-8.87621573520535,-0.5292974072735295,8.892877605651444,2.955597851340078,2.2204460492503132e-17,0.0,-1.000088900581841e-12,0.0,0.0,Train015,10.0
75,1,0,0.0,0.0,0.0,0.0,0.0,0.0,0.0,0.0,0.0,0.0,0.0,0,0,0.0,0.0,0.0,0.0,0.0,0.0,0.0,0.0,0.0,0.0,0.0,0.0,0.0,0.0,Train015,10.0
75,2,0,0.0,0.0,0.0,0.0,0.0,0.0,0.0,0.0,0.0,0.0,0.0,0,0,0.0,0.0,0.0,0.0,0.0,0.0,0.0,0.0,0.0,0.0,0.0,0.0,0.0,0.0,Train015,10.0
75,3,0,0.0,0.0,0.0,0.0,0.0,0.0,0.0,0.0,0.0,0.0,0.0,0,0,0.0,0.0,0.0,0.0,0.0,0.0,0.0,0.0,0.0,0.0,0.0,0.0,0.0,0.0,Train015,10.0
75,4,3,0.00020833333333333335,0.0,9.547489377778826,0.6398623471462965,-3.6007189510304336,0.09970663159403692,3.602099162529196,1.6516590891908816,0.6666394031521522,37.45157677734492,1.0986122886651097,0,0,3.0,0.00020833333333333335,0.0,8.602841837344606,1.28209924835806,-3.94171624545408,0.12003790281430819,3.9435494995376055,0.5144464672781722,0.6666451158980701,37.23830582325069,1.0986122886651097,0.0,0.0,Train015,10.0
75,5,2,0.0001388888888888889,0.0,9.548616507398457,0.5138625494217193,-9.547636271192342,0.02742046808276359,9.54767564641036,-0.6297678771758886,9.88199558445979e-05,61.94972316415814,0.6931471805579453,0,0,2.0,0.0001388888888888889,0.0,9.203597039358469,0.7514660139498004,-9.192787357429086,0.35836352179370606,9.202705426885718,-1.437536783678431,9.700393992702061e-05,59.96604202064682,0.6931471805579453,0.0,0.0,Train015,10.0
76,0,1,6.944444444444444e-05,0.0,10.034872218744091,0.0,-10.02709663511972,-0.3949601454485333,10.034872218744091,-4.8165581196120755,1.1102230246251565e-16,0.0,-1.000088900581841e-12,0,0,1.0,6.944444444444444e-05,0.0,9.177480891734593,0.0,-9.163746926465489,-0.48410104012371136,9.177480891734593,2.846032860831469,4.4408920985006264e-17,0.0,-1.000088900581841e-12,0.0,0.0,Train015,10.0
76,1,0,0.0,0.0,0.0,0.0,0.0,0.0,0.0,0.0,0.0,0.0,0.0,0,0,0.0,0.0,0.0,0.0,0.0,0.0,0.0,0.0,0.0,0.0,0.0,0.0,0.0,0.0,Train015,10.0
76,2,0,0.0,0.0,0.0,0.0,0.0,0.0,0.0,0.0,0.0,0.0,0.0,0,0,0.0,0.0,0.0,0.0,0.0,0.0,0.0,0.0,0.0,0.0,0.0,0.0,0.0,0.0,Train015,10.0
76,3,0,0.0,0.0,0.0,0.0,0.0,0.0,0.0,0.0,0.0,0.0,0.0,0,0,0.0,0.0,0.0,0.0,0.0,0.0,0.0,0.0,0.0,0.0,0.0,0.0,0.0,0.0,Train015,10.0
76,4,3,0.00020833333333333335,0.0,9.04237451490344,0.5263637350516579,-3.316660306686378,0.09029452440331621,3.3178891921048534,-5.051148628753861,0.6666401190456411,37.57624156717042,1.0986122886651097,0,0,3.0,0.00020833333333333335,0.0,8.663635289129132,1.040039888069557,-3.719221394183191,0.11031998340784469,3.7208650341972174,0.6079345178452457,0.6666432977525735,37.318346969944514,1.0986122886651097,0.0,0.0,Train015,10.0
76,5,2,0.0001388888888888889,0.0,8.964470964333213,0.6155393550245751,-8.963666210245663,-0.01822294248008799,8.96368473365348,-5.841455430652429,8.812068435004594e-05,62.27423080641006,0.6931471805579453,0,0,2.0,0.0001388888888888889,0.0,9.051576836390662,0.6599204605785384,-9.0442276970064,0.23923279227143546,9.05071741055439,-1.520202029678061,9.490805441176864e-05,60.60845554024594,0.6931471805579453,0.0,0.0,Train015,10.0
77,0,1,6.944444444444444e-05,0.0,9.276579225067575,0.0,-9.269693936160085,-0.3573463989916015,9.276579225067575,-7.5829299367651615,0.0,0.0,-1.000088900581841e-12,0,0,1.0,6.944444444444444e-05,0.0,9.44152183296369,0.0,-9.430620591344981,-0.4398978650061351,9.44152183296369,2.640409412290988,4.4408920985006264e-17,0.0,-1.000088900581841e-12,0.0,0.0,Train015,10.0
77,1,0,0.0,0.0,0.0,0.0,0.0,0.0,0.0,0.0,0.0,0.0,0.0,0,0,0.0,0.0,0.0,0.0,0.0,0.0,0.0,0.0,0.0,0.0,0.0,0.0,0.0,0.0,Train015,10.0
77,2,0,0.0,0.0,0.0,0.0,0.0,0.0,0.0,0.0,0.0,0.0,0.0,0,0,0.0,0.0,0.0,0.0,0.0,0.0,0.0,0.0,0.0,0.0,0.0,0.0,0.0,0.0,Train015,10.0
77,3,0,0.0,0.0,0.0,0.0,0.0,0.0,0.0,0.0,0.0,0.0,0.0,0,0,0.0,0.0,0.0,0.0,0.0,0.0,0.0,0.0,0.0,0.0,0.0,0.0,0.0,0.0,Train015,10.0
77,4,3,0.00020833333333333335,0.0,8.334407699487462,0.45798256682295496,-3.022708609364684,0.08170917202779109,3.0238127795749605,-7.079668154159773,0.6666404489282027,37.6177186591292,1.0986122886651097,0,0,3.0,0.00020833333333333335,0.0,8.724091385310468,0.8035882823988135,-3.501454659188249,0.10044885669141616,3.5029014403107004,0.6045609618133575,0.6666415352696121,37.40515383802183,1.0986122886651097,0.0,0.0,Train015,10.0
77,5,2,0.0001388888888888889,0.0,8.233610145369722,0.6146624351495364,-8.232860658232763,-0.032988526396818166,8.232926749385703,-7.308608189634902,8.346594925812134e-05,62.39391190803615,0.6931471805579453,0,0,2.0,0.0001388888888888889,0.0,8.905716841442837,0.5722787891193696,-8.90161401060998,0.12485470424994219,8.90487354219441,-1.4585999494782491,9.431400524202438e-05,61.30869191918619,0.6931471805579453,0.0,0.0,Train015,10.0
78,0,1,6.944444444444444e-05,0.0,8.466951278758941,0.0,-8.460778829794299,-0.32324224690205383,8.466951278758941,-8.09627946308634,0.0,0.0,-1.000088900581841e-12,0,0,1.0,6.944444444444444e-05,0.0,9.68287588798058,0.0,-9.67460725641482,-0.3986436067964285,9.68287588798058,2.4135405501689036,4.4408920985006264e-17,0.0,-1.000088900581841e-12,0.0,0.0,Train015,10.0
78,1,0,0.0,0.0,0.0,0.0,0.0,0.0,0.0,0.0,0.0,0.0,0.0,0,0,0.0,0.0,0.0,0.0,0.0,0.0,0.0,0.0,0.0,0.0,0.0,0.0,0.0,0.0,Train015,10.0
78,2,0,0.0,0.0,0.0,0.0,0.0,0.0,0.0,0.0,0.0,0.0,0.0,0,0,0.0,0.0,0.0,0.0,0.0,0.0,0.0,0.0,0.0,0.0,0.0,0.0,0.0,0.0,Train015,10.0
78,3,0,0.0,0.0,0.0,0.0,0.0,0.0,0.0,0.0,0.0,0.0,0.0,0,0,0.0,0.0,0.0,0.0,0.0,0.0,0.0,0.0,0.0,0.0,0.0,0.0,0.0,0.0,Train015,10.0
78,4,3,0.00020833333333333335,0.0,7.597752333122801,0.40765384437635527,-2.7426388069556538,0.07391647018364672,2.743634682311685,-7.3665536636466085,0.6666405923844768,37.624236922157586,1.0986122886651097,0,0,3.0,0.00020833333333333335,0.0,8.780869478830454,0.5830851089789543,-3.2981565861643687,0.09110604602656733,3.299415538394233,0.5677809351998606,0.6666397840463819,37.492104226560194,1.0986122886651097,0.0,0.0,Train015,10.0
78,5,2,0.0001388888888888889,0.0,7.4948767384060035,0.5782288949733685,-7.494182379510479,-0.03616951648341832,7.49426966230119,-7.38733406963719,8.148383102435375e-05,62.43545470421796,0.6931471805579453,0,0,2.0,0.0001388888888888889,0.0,8.770633530124687,0.4912330934067987,-8.769510212264448,0.018868140062613375,8.769800222236134,-1.3508331131814983,9.42908445043189e-05,62.02869861515178,0.6931471805579453,0.0,0.0,Train015,10.0
79,0,1,6.944444444444444e-05,0.0,8.859842503227762,0.0,-8.859842233874513,0.0021846863979318315,8.859842503227762,3.9289122446882097,1.1102230246251565e-16,0.0,-1.000088900581841e-12,0,0,1.0,6.944444444444444e-05,0.0,9.430954651300734,0.0,-9.424977057569707,-0.30193317950847043,9.430954651300734,-2.5192123667984583,6.661338147750939e-17,0.0,-1.000088900581841e-12,0.0,0.0,Train015,10.0
79,1,0,0.0,0.0,0.0,0.0,0.0,0.0,0.0,0.0,0.0,0.0,0.0,0,0,0.0,0.0,0.0,0.0,0.0,0.0,0.0,0.0,0.0,0.0,0.0,0.0,0.0,0.0,Train015,10.0
79,2,0,0.0,0.0,0.0,0.0,0.0,0.0,0.0,0.0,0.0,0.0,0.0,0,0,0.0,0.0,0.0,0.0,0.0,0.0,0.0,0.0,0.0,0.0,0.0,0.0,0.0,0.0,Train015,10.0
79,3,0,0.0,0.0,0.0,0.0,0.0,0.0,0.0,0.0,0.0,0.0,0.0,0,0,0.0,0.0,0.0,0.0,0.0,0.0,0.0,0.0,0.0,0.0,0.0,0.0,0.0,0.0,Train015,10.0
79,4,3,0.00020833333333333335,0.0,9.550301953662158,0.446297489950236,-3.5638648127265498,-0.12950306722265817,3.56621696589124,19.52549620539358,0.6667838032763094,39.43310644151076,1.0986122886651097,0,0,3.0,0.00020833333333333335,0.0,8.814465175790938,0.4956319966695002,-3.2493182973527395,0.04322474619722656,3.250730556482387,0.33595696960484245,0.6666688733573565,37.94057607346257,1.0986122886651097,0.0,0.0,Train015,10.0
79,5,2,0.0001388888888888889,0.0,10.335010886642273,1.1167593483227618,-10.331390477484844,0.11218414336080235,10.331999539309228,28.401341482362703,0.0002948162082571093,63.710306044049574,0.6931471805579453,0,0,2.0,0.0001388888888888889,0.0,8.915317048429932,0.6878105165783922,-8.913947199333219,0.010444725216648293,8.914111266211993,1.4468351830524582,0.00012934132574684564,62.552725325374375,0.6931471805579453,0.0,0.0,Train015,10.0
80,0,1,6.944444444444444e-05,0.0,8.477175113603574,0.0,-8.476395223801507,0.11498659319568655,8.477175113603574,-3.8266738962418856,0.0,0.0,-1.000088900581841e-12,0,0,1.0,6.944444444444444e-05,0.0,9.02308406788039,0.0,-9.018761371750026,-0.19167550234971403,9.02308406788039,-4.078705834203449,4.4408920985006264e-17,0.0,-1.000088900581841e-12,0.0,0.0,Train015,10.0
80,1,0,0.0,0.0,0.0,0.0,0.0,0.0,0.0,0.0,0.0,0.0,0.0,0,0,0.0,0.0,0.0,0.0,0.0,0.0,0.0,0.0,0.0,0.0,0.0,0.0,0.0,0.0,Train015,10.0
80,2,0,0.0,0.0,0.0,0.0,0.0,0.0,0.0,0.0,0.0,0.0,0.0,0,0,0.0,0.0,0.0,0.0,0.0,0.0,0.0,0.0,0.0,0.0,0.0,0.0,0.0,0.0,Train015,10.0
80,3,0,0.0,0.0,0.0,0.0,0.0,0.0,0.0,0.0,0.0,0.0,0.0,0,0,0.0,0.0,0.0,0.0,0.0,0.0,0.0,0.0,0.0,0.0,0.0,0.0,0.0,0.0,Train015,10.0
80,4,3,0.00020833333333333335,0.0,9.668974919629512,0.4627135925846909,-3.638911255911917,-0.1924660845138495,3.643997574380441,1.1867296596735244,0.6668164169555795,40.24946245673212,1.0986122886651097,0,0,3.0,0.00020833333333333335,0.0,8.838762284161074,0.4602022457571791,-3.2569567583290366,-0.01520979702435073,3.259110238852636,0.24297108370137105,0.6667042761180418,38.50015320934001,1.0986122886651097,0.0,0.0,Train015,10.0
80,5,2,0.0001388888888888889,0.0,10.712312973893104,1.2373855987597704,-10.707236024237059,0.1570494248412445,10.708387731146214,3.773020872508299,0.00037137956957777885,64.18998929015314,0.6931471805579453,0,0,2.0,0.0001388888888888889,0.0,9.148056341728863,0.8325151264460026,-9.145867149942163,0.03637051656834448,9.146253683159163,2.3273929329892953,0.00018385324849348183,63.00077855057337,0.6931471805579453,0.0,0.0,Train015,10.0
81,0,1,6.944444444444444e-05,0.0,7.845373260088628,0.0,-7.8439892470444805,0.14735766815552329,7.845373260088628,-6.318018535149452,1.1102230246251565e-16,0.0,-1.000088900581841e-12,0,0,1.0,6.944444444444444e-05,0.0,8.585184276149295,0.0,-8.582139894134977,-0.08321193962890273,8.585184276149295,-4.378997917310924,4.4408920985006264e-17,0.0,-1.000088900581841e-12,0.0,0.0,Train015,10.0
81,1,0,0.0,0.0,0.0,0.0,0.0,0.0,0.0,0.0,0.0,0.0,0.0,0,0,0.0,0.0,0.0,0.0,0.0,0.0,0.0,0.0,0.0,0.0,0.0,0.0,0.0,0.0,Train015,10.0
81,2,0,0.0,0.0,0.0,0.0,0.0,0.0,0.0,0.0,0.0,0.0,0.0,0,0,0.0,0.0,0.0,0.0,0.0,0.0,0.0,0.0,0.0,0.0,0.0,0.0,0.0,0.0,Train015,10.0
81,3,0,0.0,0.0,0.0,0.0,0.0,0.0,0.0,0.0,0.0,0.0,0.0,0,0,0.0,0.0,0.0,0.0,0.0,0.0,0.0,0.0,0.0,0.0,0.0,0.0,0.0,0.0,Train015,10.0
81,4,3,0.00020833333333333335,0.0,9.140927479581128,0.44424772156781417,-3.4505924734121076,-0.2029779914440417,3.4565573165476287,-5.280474400483832,0.6668275637401453,40.55483750438876,1.0986122886651097,0,0,3.0,0.00020833333333333335,0.0,8.858472877096613,0.4437790430604103,-3.2837431916741826,-0.07386430019382231,3.286843863741191,0.19710592935537682,0.6667417650569428,39.09587239678368,1.0986122886651097,0.0,0.0,Train015,10.0
81,5,2,0.0001388888888888889,0.0,10.212182821247119,1.2063714022681387,-10.206839308407492,0.16336284149721444,10.208146554866577,-5.001301526459843,0.00040083501235887997,64.36477334385053,0.6931471805579453,0,0,2.0,0.0001388888888888889,0.0,9.397598713111645,0.950681535894715,-9.394501769574529,0.07268767336380497,9.395146047401782,2.4954237138278126,0.0002463961140952486,63.41888705806148,0.6931471805579453,0.0,0.0,Train015,10.0
82,0,1,6.944444444444444e-05,0.0,7.1640130487867,0.0,-7.16244440289217,0.14991043547642072,7.1640130487867,-6.813602113019286,0.0,0.0,-1.000088900581841e-12,0,0,1.0,6.944444444444444e-05,0.0,8.162671040893121,0.0,-8.160689987481394,0.018239427264701707,8.162671040893121,-4.225132352561749,4.4408920985006264e-17,0.0,-1.000088900581841e-12,0.0,0.0,Train015,10.0
82,1,1,6.944444444444444e-05,1.0,8.621945743851908,0.0,-8.596125369347314,-0.6667661092088722,8.621945743851908,-7.237507401757153,1.1102230246251565e-16,0.0,-1.000088900581841e-12,1,0,0.2,1.388888888888889e-05,0.2,1.7243891487703817,0.0,-1.7192250738694628,-0.13335322184177445,1.7243891487703817,-1.4475014803514306,2.2204460492503132e-17,0.0,-2.000177801163682e-13,0.2,0.0,Train015,10.0
82,2,0,0.0,0.0,0.0,0.0,0.0,0.0,0.0,0.0,0.0,0.0,0.0,0,0,0.0,0.0,0.0,0.0,0.0,0.0,0.0,0.0,0.0,0.0,0.0,0.0,0.0,0.0,Train015,10.0
82,3,0,0.0,0.0,0.0,0.0,0.0,0.0,0.0,0.0,0.0,0.0,0.0,0,0,0.0,0.0,0.0,0.0,0.0,0.0,0.0,0.0,0.0,0.0,0.0,0.0,0.0,0.0,Train015,10.0
82,4,2,0.0001388888888888889,-1.0,8.31789898123127,0.47317789327923654,-0.47489578474502014,0.041379910309308585,0.47669518913640707,-7.206439961266109,0.9930397081844813,76.23026865932863,0.6931471805579453,0,1,2.8,0.00019444444444444446,-0.2,8.855171133445374,0.4468181083516666,-2.77418062675025,-0.08193015253751881,2.7774203456534803,0.1717515679341096,0.7320216169081984,46.818382396823566,1.0175192670436768,0.0,0.2,Train015,10.0
82,5,2,0.0001388888888888889,0.0,9.436997073025571,1.1245838296347372,-9.431867860868957,0.15592762459304002,9.433156670436677,-7.751857482215483,0.00041281530658698884,64.42335419775497,0.6931471805579453,0,0,2.0,0.0001388888888888889,0.0,9.638276098642814,1.0526658147917551,-9.634303210101766,0.1104709035617766,9.635192031611975,2.4067738553116964,0.00031226598556102216,63.82477551600523,0.6931471805579453,0.0,0.0,Train015,10.0
83,0,1,6.944444444444444e-05,0.0,6.5055464809112,0.0,-6.503997301824265,0.1419651829103358,6.5055464809112,-6.584665678755002,0.0,0.0,-1.000088900581841e-12,0,0,1.0,6.944444444444444e-05,0.0,7.770390081323572,0.0,-7.769333681887387,0.11128091322717963,7.770390081323572,-3.922809595695482,4.4408920985006264e-17,0.0,-1.000088900581841e-12,0.0,0.0,Train015,10.0
83,1,1,6.944444444444444e-05,0.0,7.862890646992108,0.0,-7.838739498157816,-0.6158022463230596,7.862890646992108,-7.590550968598002,0.0,0.0,-1.000088900581841e-12,0,0,0.4,2.777777777777778e-05,0.2,3.296967278168803,0.0,-3.286972973501026,-0.25651367110638634,3.296967278168803,-2.965611674071031,2.2204460492503132e-17,0.0,-4.000355602327364e-13,0.2,0.0,Train015,10.0
83,2,0,0.0,0.0,0.0,0.0,0.0,0.0,0.0,0.0,0.0,0.0,0.0,0,0,0.0,0.0,0.0,0.0,0.0,0.0,0.0,0.0,0.0,0.0,0.0,0.0,0.0,0.0,Train015,10.0
83,3,0,0.0,0.0,0.0,0.0,0.0,0.0,0.0,0.0,0.0,0.0,0.0,0,0,0.0,0.0,0.0,0.0,0.0,0.0,0.0,0.0,0.0,0.0,0.0,0.0,0.0,0.0,Train015,10.0
83,4,2,0.0001388888888888889,0.0,7.57782282291772,0.43100743622878657,-0.4325941141432148,0.03742473189651166,0.43420994708652005,-7.4007615831355045,0.9930422776016482,76.25505616158426,0.6931471805579453,0,0,2.6,0.00018055555555555557,-0.2,8.851185231404358,0.45148882672215285,-2.3121716881877616,-0.08922850019494583,2.3155353986084473,0.1649099840363304,0.7973019539516327,54.54454624470891,0.936426245422244,0.0,0.2,Train015,10.0
83,5,2,0.0001388888888888889,0.0,8.612033204576715,1.0299863968542202,-8.60727935061476,0.14416016072331952,8.60848650875745,-8.249638684488566,0.0004178077250872603,64.43814382163578,0.6931471805579453,0,0,2.0,0.0001388888888888889,0.0,9.861707391876957,1.1430173151679257,-9.856922604322623,0.14653683900312417,9.85803540090323,2.234312932341422,0.00037953076437360347,64.22531333948879,0.6931471805579453,0.0,0.0,Train015,10.0
84,0,1,6.944444444444444e-05,0.0,8.544838778117647,0.0,-8.54327054708972,-0.1637012622199667,8.544838778117647,20.392922972064476,0.0,0.0,-1.000088900581841e-12,0,0,1.0,6.944444444444444e-05,0.0,7.70738933630155,0.0,-7.7060193445304295,0.07810372350359994,7.70738933630155,-0.6300074502202285,2.2204460492503132e-17,0.0,-1.000088900581841e-12,0.0,0.0,Train015,10.0
84,1,0,0.0,-1.0,0.0,0.0,0.0,0.0,0.0,0.0,0.0,0.0,0.0,0,1,0.4,2.777777777777778e-05,0.0,3.296967278168803,0.0,-3.286972973501026,-0.25651367110638634,3.296967278168803,-2.965611674071031,2.2204460492503132e-17,0.0,-4.000355602327364e-13,0.2,0.2,Train015,10.0
84,2,0,0.0,0.0,0.0,0.0,0.0,0.0,0.0,0.0,0.0,0.0,0.0,0,0,0.0,0.0,0.0,0.0,0.0,0.0,0.0,0.0,0.0,0.0,0.0,0.0,0.0,0.0,Train015,10.0
84,3,0,0.0,0.0,0.0,0.0,0.0,0.0,0.0,0.0,0.0,0.0,0.0,0,0,0.0,0.0,0.0,0.0,0.0,0.0,0.0,0.0,0.0,0.0,0.0,0.0,0.0,0.0,Train015,10.0
84,4,3,0.00020833333333333335,1.0,9.70807834649677,0.811048547136673,-3.811171389104166,0.12982971017449146,3.813382109200463,20.352329155542535,0.6657906753090079,42.97358851023957,1.0986122886651097,1,0,2.6,0.00018055555555555555,0.0,8.88274050997128,0.5244390381594404,-2.361633003463285,-0.03736194471551589,2.364968427270292,0.3302765740661215,0.7971033283581724,55.25264265845467,0.936426245422244,0.2,0.2,Train015,10.0
84,5,2,0.0001388888888888889,0.0,10.46804258633264,0.24046037996781777,-10.465216922304284,0.13158302089959814,10.46604411046853,18.560093817559252,0.00019101288761225188,61.83871024138952,0.6931471805579453,0,0,2.0,0.0001388888888888889,0.0,9.88831373181503,0.967757521496937,-9.88368789328651,0.15041661451088334,9.884844315135089,0.26606339938073165,0.00035877010024463194,63.85099417895678,0.6931471805579453,0.0,0.0,Train015,10.0
85,0,1,6.944444444444444e-05,0.0,8.751537664630865,0.0,-8.747670727139893,-0.26013139947435765,8.751537664630865,2.0669888651321777,0.0,0.0,-1.000088900581841e-12,0,0,1.0,6.944444444444444e-05,0.0,7.762261846507007,0.0,-7.760274445198105,0.0030801249695910915,7.762261846507007,0.5487251020545841,2.2204460492503132e-17,0.0,-1.000088900581841e-12,0.0,0.0,Train015,10.0
85,1,0,0.0,0.0,0.0,0.0,0.0,0.0,0.0,0.0,0.0,0.0,0.0,0,0,0.4,2.777777777777778e-05,0.0,3.296967278168803,0.0,-3.286972973501026,-0.25651367110638634,3.296967278168803,-2.965611674071031,2.2204460492503132e-17,0.0,-4.000355602327364e-13,0.2,0.2,Train015,10.0
85,2,0,0.0,0.0,0.0,0.0,0.0,0.0,0.0,0.0,0.0,0.0,0.0,0,0,0.0,0.0,0.0,0.0,0.0,0.0,0.0,0.0,0.0,0.0,0.0,0.0,0.0,0.0,Train015,10.0
85,3,0,0.0,0.0,0.0,0.0,0.0,0.0,0.0,0.0,0.0,0.0,0.0,0,0,0.0,0.0,0.0,0.0,0.0,0.0,0.0,0.0,0.0,0.0,0.0,0.0,0.0,0.0,Train015,10.0
85,4,3,0.00020833333333333335,0.0,9.844963191005759,0.9375556479589879,-3.9024059021527306,0.22981029105510245,3.909166739220943,1.3688484450898741,0.6650073862644001,43.91498232734262,1.0986122886651097,0,0,2.6,0.00018055555555555555,0.0,8.917938164246529,0.6194074492342997,-2.4143319327114474,0.0470933303982745,2.418002260238392,0.36670033114939143,0.7967415222199365,55.98574663257678,0.936426245422244,0.2,0.2,Train015,10.0
85,5,2,0.0001388888888888889,0.0,10.495656324149794,0.6673605099458477,-10.493417083367222,0.11946614726956124,10.494097114370843,0.27613737817153705,0.0001491607241701498,60.84929057529862,0.6931471805579453,0,0,2.0,0.0001388888888888889,0.0,9.844982401866368,0.8537525037341525,-9.840924105112544,0.14289995899654667,9.841986191780014,-0.4333132994866208,0.00031432633116310613,63.18285443598588,0.6931471805579453,0.0,0.0,Train015,10.0
86,0,1,6.944444444444444e-05,0.0,8.30794674105077,0.0,-8.303285154817722,-0.27827089305164415,8.30794674105077,-4.4359092358009455,0.0,0.0,-1.000088900581841e-12,0,0,1.0,6.944444444444444e-05,0.0,7.854776542699436,0.0,-7.852133626752755,-0.08204558727184239,7.854776542699436,0.9251469619242855,0.0,0.0,-1.000088900581841e-12,0.0,0.0,Train015,10.0
86,1,0,0.0,0.0,0.0,0.0,0.0,0.0,0.0,0.0,0.0,0.0,0.0,0,0,0.4,2.777777777777778e-05,0.0,3.296967278168803,0.0,-3.286972973501026,-0.25651367110638634,3.296967278168803,-2.965611674071031,2.2204460492503132e-17,0.0,-4.000355602327364e-13,0.2,0.2,Train015,10.0
86,2,0,0.0,0.0,0.0,0.0,0.0,0.0,0.0,0.0,0.0,0.0,0.0,0,0,0.0,0.0,0.0,0.0,0.0,0.0,0.0,0.0,0.0,0.0,0.0,0.0,0.0,0.0,Train015,10.0
86,3,0,0.0,0.0,0.0,0.0,0.0,0.0,0.0,0.0,0.0,0.0,0.0,0,0,0.0,0.0,0.0,0.0,0.0,0.0,0.0,0.0,0.0,0.0,0.0,0.0,0.0,0.0,Train015,10.0
86,4,3,0.00020833333333333335,0.0,9.312762274719082,0.9272299327220539,-3.704181220590756,0.2509681146186728,3.712673364239369,-5.322009162866739,0.6646709567913116,44.25481064652353,1.0986122886651097,0,0,2.6,0.00018055555555555557,0.0,8.952305123274119,0.7160038914651476,-2.4650496821471775,0.1378825516108174,2.469225469776741,0.35839337867280996,0.7963102008301699,56.725741261003726,0.936426245422244,0.2,0.2,Train015,10.0
86,5,2,0.0001388888888888889,0.0,9.886940943396691,0.7761803081334326,-9.88501571371421,0.1082230264427545,9.885608119070334,-6.087153807531029,0.00013564258197373835,60.47663490756891,0.6931471805579453,0,0,2.0,0.0001388888888888889,0.0,9.779934026296283,0.7677142849072112,-9.776559386173886,0.1318719959856547,9.777478504620767,-0.6504837557008581,0.00026128784508607785,62.40522674872956,0.6931471805579453,0.0,0.0,Train015,10.0
87,0,1,6.944444444444444e-05,0.0,7.664626810304029,0.0,-7.659933899688234,-0.26817306657888873,7.664626810304029,-6.43319930746741,1.1102230246251565e-16,0.0,-1.000088900581841e-12,0,0,1.0,6.944444444444444e-05,0.0,7.954899295002901,0.0,-7.951631526111967,-0.16566228768290428,7.954899295002901,1.0012275230346606,2.2204460492503132e-17,0.0,-1.000088900581841e-12,0.0,0.0,Train015,10.0
87,1,0,0.0,0.0,0.0,0.0,0.0,0.0,0.0,0.0,0.0,0.0,0.0,0,0,0.2,1.388888888888889e-05,-0.2,1.5725781293984216,0.0,-1.5677478996315632,-0.12316044926461192,1.5725781293984216,-1.5181101937196004,0.0,0.0,-2.000177801163682e-13,0.0,0.2,Train015,10.0
87,2,0,0.0,0.0,0.0,0.0,0.0,0.0,0.0,0.0,0.0,0.0,0.0,0,0,0.0,0.0,0.0,0.0,0.0,0.0,0.0,0.0,0.0,0.0,0.0,0.0,0.0,0.0,Train015,10.0
87,3,0,0.0,0.0,0.0,0.0,0.0,0.0,0.0,0.0,0.0,0.0,0.0,0,0,0.0,0.0,0.0,0.0,0.0,0.0,0.0,0.0,0.0,0.0,0.0,0.0,0.0,0.0,Train015,10.0
87,4,3,0.00020833333333333335,0.0,8.579505569490074,0.8691352926904562,-3.4171839171165916,0.2435261255495611,3.4258503903739688,-7.332567052290096,0.664529112892631,44.35707734713628,1.0986122886651097,0,0,2.8,0.00019444444444444446,0.2,9.00462644092588,0.7951953713473915,-3.0535073086214917,0.1783117946588679,3.059056510024253,0.3331679604680124,0.7306080817717997,50.35110299856525,1.0175192670436768,0.2,0.0,Train015,10.0
87,5,2,0.0001388888888888889,0.0,9.093255069869366,0.7682010917650555,-9.09154942470063,0.0979456107758081,9.092077006077577,-7.936858735273242,0.00013048490603340124,60.33992580763998,0.6931471805579453,0,0,2.0,0.0001388888888888889,0.0,9.711185625665042,0.6964377373332747,-9.708495698940222,0.12027559322220831,9.709262571748946,-0.68748400631241,0.00020482176497536032,61.58854107070656,0.6931471805579453,0.0,0.0,Train015,10.0
88,0,1,6.944444444444444e-05,0.0,6.989868049114434,0.0,-6.9854361737186625,-0.24887106487816169,6.989868049114434,-6.7475876118959555,0.0,0.0,-1.000088900581841e-12,0,0,1.0,6.944444444444444e-05,0.0,8.05176360864355,0.0,-8.047919300490847,-0.24382953724060377,8.05176360864355,0.9686431364064699,2.2204460492503132e-17,0.0,-1.000088900581841e-12,0.0,0.0,Train015,10.0
88,1,0,0.0,0.0,0.0,0.0,0.0,0.0,0.0,0.0,0.0,0.0,0.0,0,0,0.0,0.0,-0.2,0.0,0.0,0.0,0.0,0.0,0.0,0.0,0.0,0.0,0.0,0.2,Train015,10.0
88,2,0,0.0,0.0,0.0,0.0,0.0,0.0,0.0,0.0,0.0,0.0,0.0,0,0,0.0,0.0,0.0,0.0,0.0,0.0,0.0,0.0,0.0,0.0,0.0,0.0,0.0,0.0,Train015,10.0
88,3,0,0.0,0.0,0.0,0.0,0.0,0.0,0.0,0.0,0.0,0.0,0.0,0,0,0.0,0.0,0.0,0.0,0.0,0.0,0.0,0.0,0.0,0.0,0.0,0.0,0.0,0.0,Train015,10.0
88,4,3,0.00020833333333333335,0.0,7.819643571872508,0.797791076323163,-3.116286822470974,0.22659770328291395,3.124514374913217,-7.5986199761756525,0.6644691791723635,44.36982046961534,1.0986122886651097,0,0,3.0,0.00020833333333333335,0.2,9.052990590716837,0.8685520993662669,-3.590245850287044,0.21614638893614835,3.597117395589592,0.29359628185998315,0.6648934620859428,43.974055860171475,1.0986122886651097,0.2,0.0,Train015,10.0
88,5,2,0.0001388888888888889,0.0,8.282139006068988,0.7201638813344298,-8.280609625120654,0.08860887538522681,8.28108370302087,-8.111160638003794,0.00012838995699715472,60.29314289894947,0.6931471805579453,0,0,2.0,0.0001388888888888889,0.0,9.645206785963495,0.6344732342293167,-9.643161753841401,0.10916533615458976,9.643782010601631,-0.6597883970154556,0.0001469382113573392,60.75954088616929,0.6931471805579453,0.0,0.0,Train015,10.0
89,0,0,0.0,-1.0,0.0,0.0,0.0,0.0,0.0,0.0,0.0,0.0,0.0,0,1,0.8,5.555555555555556e-05,-0.2,6.34279585302002,0.0,-6.3392651910729025,-0.21108928479661043,6.34279585302002,-3.1099414580064253,2.2204460492503132e-17,0.0,-8.000711204654728e-13,0.0,0.2,Train015,10.0
89,1,0,0.0,0.0,0.0,0.0,0.0,0.0,0.0,0.0,0.0,0.0,0.0,0,0,0.0,0.0,0.0,0.0,0.0,0.0,0.0,0.0,0.0,0.0,0.0,0.0,0.0,0.0,Train015,10.0
89,2,0,0.0,0.0,0.0,0.0,0.0,0.0,0.0,0.0,0.0,0.0,0.0,0,0,0.0,0.0,0.0,0.0,0.0,0.0,0.0,0.0,0.0,0.0,0.0,0.0,0.0,0.0,Train015,10.0
89,3,0,0.0,0.0,0.0,0.0,0.0,0.0,0.0,0.0,0.0,0.0,0.0,0,0,0.0,0.0,0.0,0.0,0.0,0.0,0.0,0.0,0.0,0.0,0.0,0.0,0.0,0.0,Train015,10.0
89,4,2,0.0001388888888888889,-1.0,8.514404855985651,0.34263579957726087,-0.3408810821911503,0.5153902473955658,0.6179215316739435,12.464047773972396,0.939556286893477,39.53958209413767,0.6931471805579453,0,1,2.8,0.00019444444444444443,-0.2,8.814255892614614,0.7748695498543844,-2.8961877889044407,0.2932584963803632,2.9580252800842883,-1.2840599944540443,0.7196465844028366,43.28725457695109,1.0175192670436768,0.0,0.2,Train015,10.0
89,5,2,0.0001388888888888889,0.0,9.579779991274133,0.07722528148300523,-9.573227391222808,0.22742812673468968,9.575928479102624,12.976409852051471,0.0004020721278722439,61.54532624816932,0.6931471805579453,0,0,2.0,0.0001388888888888889,0.0,9.467554266951794,0.6018262145323542,-9.464763847625104,0.12833435732160808,9.46575888432845,-1.7765251901170118,0.0001891500594093376,60.70086408752526,0.6931471805579453,0.0,0.0,Train015,10.0
90,0,0,0.0,0.0,0.0,0.0,0.0,0.0,0.0,0.0,0.0,0.0,0.0,0,0,0.6,4.1666666666666665e-05,-0.2,4.592488320093847,0.0,-4.589731045644923,-0.1590630049017389,4.592488320093847,-3.5233392310328613,2.2204460492503132e-17,0.0,-6.000533403491046e-13,0.0,0.2,Train015,10.0
90,1,0,0.0,0.0,0.0,0.0,0.0,0.0,0.0,0.0,0.0,0.0,0.0,0,0,0.0,0.0,0.0,0.0,0.0,0.0,0.0,0.0,0.0,0.0,0.0,0.0,0.0,0.0,Train015,10.0
90,2,0,0.0,0.0,0.0,0.0,0.0,0.0,0.0,0.0,0.0,0.0,0.0,0,0,0.0,0.0,0.0,0.0,0.0,0.0,0.0,0.0,0.0,0.0,0.0,0.0,0.0,0.0,Train015,10.0
90,3,0,0.0,0.0,0.0,0.0,0.0,0.0,0.0,0.0,0.0,0.0,0.0,0,0,0.0,0.0,0.0,0.0,0.0,0.0,0.0,0.0,0.0,0.0,0.0,0.0,0.0,0.0,Train015,10.0
90,4,2,0.0001388888888888889,0.0,8.44945543137731,0.3741146244560509,-0.3648142351144328,0.5800795989507239,0.6852603645775533,-0.6494942460834263,0.9319850805145548,40.47813010908378,0.6931471805579453,0,0,2.6,0.00018055555555555557,-0.2,8.535154340688925,0.662181345153797,-2.1886694554967807,0.3633123579594875,2.3132440051556107,-1.6877285326887044,0.7730421232528675,42.59988413329932,0.9364262454222441,0.0,0.2,Train015,10.0
90,5,2,0.0001388888888888889,0.0,9.466484878202962,0.14972084175351785,-9.457837103560403,0.2622030482890323,9.461470980561948,-1.132951130711728,0.000529779800992114,62.024512558832384,0.6931471805579453,0,0,2.0,0.0001388888888888889,0.0,9.261719977762429,0.49829828089388817,-9.257647851663743,0.15688173752550227,9.259233657566671,-2.058342891893665,0.00026527387477373046,60.935908484232,0.6931471805579453,0.0,0.0,Train015,10.0
91,0,0,0.0,0.0,0.0,0.0,0.0,0.0,0.0,0.0,0.0,0.0,0.0,0,0,0.4,2.7777777777777772e-05,-0.2,2.9308989718836926,0.0,-2.929074014681379,-0.10340882629141009,2.9308989718836926,-2.6361573838726717,2.2204460492503132e-17,0.0,-4.000355602327364e-13,0.0,0.2,Train015,10.0
91,1,0,0.0,0.0,0.0,0.0,0.0,0.0,0.0,0.0,0.0,0.0,0.0,0,0,0.0,0.0,0.0,0.0,0.0,0.0,0.0,0.0,0.0,0.0,0.0,0.0,0.0,0.0,Train015,10.0
91,2,0,0.0,0.0,0.0,0.0,0.0,0.0,0.0,0.0,0.0,0.0,0.0,0,0,0.0,0.0,0.0,0.0,0.0,0.0,0.0,0.0,0.0,0.0,0.0,0.0,0.0,0.0,Train015,10.0
91,3,0,0.0,0.0,0.0,0.0,0.0,0.0,0.0,0.0,0.0,0.0,0.0,0,0,0.0,0.0,0.0,0.0,0.0,0.0,0.0,0.0,0.0,0.0,0.0,0.0,0.0,0.0,Train015,10.0
91,4,2,0.0001388888888888889,0.0,7.929612650271272,0.36339896558039264,-0.3516292559946672,0.5683565913239969,0.6683355059944039,-5.198427811060364,0.9291902164429084,40.80409059968572,0.6931471805579453,0,0,2.4,0.0001666666666666667,-0.2,8.258524415799362,0.5494151517254647,-1.5181590625775634,0.4267900533005523,1.7043764335066172,-1.6630122623274297,0.8259459751831869,41.90974012393176,0.8553332238008112,0.0,0.2,Train015,10.0
91,5,2,0.0001388888888888889,0.0,8.869593097237164,0.2195736162588302,-8.860635299099076,0.25882404597284614,8.864414689668706,-5.968917809657963,0.0005841963620697443,62.2065324195404,0.6931471805579453,0,0,2.0,0.0001388888888888889,0.0,9.058250408530522,0.3869769425189677,-9.052771768740715,0.1870019414315206,9.054994971686344,-2.0346956923190516,0.00035498463079293164,61.281887986626316,0.6931471805579453,0.0,0.0,Train015,10.0
92,0,0,0.0,0.0,0.0,0.0,0.0,0.0,0.0,0.0,0.0,0.0,0.0,0,0,0.2,1.388888888888889e-05,-0.2,1.3979736098228868,0.0,-1.3970872347437324,-0.04977421297563232,1.3979736098228868,-1.3495175223791898,0.0,0.0,-2.000177801163682e-13,0.0,0.2,Train015,10.0
92,1,0,0.0,0.0,0.0,0.0,0.0,0.0,0.0,0.0,0.0,0.0,0.0,0,0,0.0,0.0,0.0,0.0,0.0,0.0,0.0,0.0,0.0,0.0,0.0,0.0,0.0,0.0,Train015,10.0
92,2,0,0.0,0.0,0.0,0.0,0.0,0.0,0.0,0.0,0.0,0.0,0.0,0,0,0.0,0.0,0.0,0.0,0.0,0.0,0.0,0.0,0.0,0.0,0.0,0.0,0.0,0.0,Train015,10.0
92,3,0,0.0,0.0,0.0,0.0,0.0,0.0,0.0,0.0,0.0,0.0,0.0,0,0,0.0,0.0,0.0,0.0,0.0,0.0,0.0,0.0,0.0,0.0,0.0,0.0,0.0,0.0,Train015,10.0
92,4,2,0.0001388888888888889,0.0,7.282152087628047,0.33832898246921284,-0.3263399448995501,0.5308071879865743,0.6231003373897785,-6.474605626432246,0.9280689643329965,40.890140039855055,0.6931471805579453,0,0,2.2,0.00015277777777777777,-0.2,7.999053719426958,0.44325388968121604,-0.899990268134155,0.48424626578795493,1.1438264229097794,-1.4914199771558594,0.8786539454712601,41.216352662475515,0.7742402021793783,0.0,0.2,Train015,10.0
92,5,2,0.0001388888888888889,0.0,8.139967256454712,0.23087181850403837,-8.131415998158058,0.24240399831267126,8.13502832407477,-7.29625840782453,0.0006072395295955157,62.274609280715346,0.6931471805579453,0,0,2.0,0.0001388888888888889,0.0,8.867592845847593,0.27951108786676426,-8.860745083432201,0.21589361893889322,8.863585235285782,-1.906575626829309,0.00045033555550535456,61.66882468124138,0.6931471805579453,0.0,0.0,Train015,10.0
93,0,0,0.0,0.0,0.0,0.0,0.0,0.0,0.0,0.0,0.0,0.0,0.0,0,0,0.0,0.0,-0.2,0.0,0.0,0.0,0.0,0.0,0.0,0.0,0.0,0.0,0.0,0.2,Train015,10.0
93,1,0,0.0,0.0,0.0,0.0,0.0,0.0,0.0,0.0,0.0,0.0,0.0,0,0,0.0,0.0,0.0,0.0,0.0,0.0,0.0,0.0,0.0,0.0,0.0,0.0,0.0,0.0,Train015,10.0
93,2,0,0.0,0.0,0.0,0.0,0.0,0.0,0.0,0.0,0.0,0.0,0.0,0,0,0.0,0.0,0.0,0.0,0.0,0.0,0.0,0.0,0.0,0.0,0.0,0.0,0.0,0.0,Train015,10.0
93,3,0,0.0,0.0,0.0,0.0,0.0,0.0,0.0,0.0,0.0,0.0,0.0,0,0,0.0,0.0,0.0,0.0,0.0,0.0,0.0,0.0,0.0,0.0,0.0,0.0,0.0,0.0,Train015,10.0
93,4,2,0.0001388888888888889,0.0,6.628493529926532,0.30970724110211423,-0.2983398152372305,0.4865073774784569,0.5706978830316007,-6.536585577015153,0.9276041813315038,40.886874672934454,0.6931471805579453,0,0,2.0,0.0001388888888888889,-0.2,7.760823711037761,0.3456371226370063,-0.3364008666874062,0.5362282006270636,0.633063124533456,-1.2790130973237595,0.9312809459030881,40.51976350313934,0.6931471805579453,0.0,0.2,Train015,10.0
93,5,2,0.0001388888888888889,0.0,7.4072509936419975,0.22119429660117973,-7.399342448915011,0.22242580703995446,7.402684777562325,-7.327162628127146,0.0006170025574974147,62.299121332344534,0.6931471805579453,0,0,2.0,0.0001388888888888889,0.0,8.692615243362194,0.17971717092011427,-8.684491648191072,0.24265700526983877,8.687905450194075,-1.7497760248539795,0.0005480580756054065,62.07002036792039,0.6931471805579453,0.0,0.0,Train015,10.0
94,0,0,0.0,0.0,0.0,0.0,0.0,0.0,0.0,0.0,0.0,0.0,0.0,0,0,0.0,0.0,0.0,0.0,0.0,0.0,0.0,0.0,0.0,0.0,0.0,0.0,0.0,0.0,Train015,10.0
94,1,0,0.0,0.0,0.0,0.0,0.0,0.0,0.0,0.0,0.0,0.0,0.0,0,0,0.0,0.0,0.0,0.0,0.0,0.0,0.0,0.0,0.0,0.0,0.0,0.0,0.0,0.0,Train015,10.0
94,2,0,0.0,0.0,0.0,0.0,0.0,0.0,0.0,0.0,0.0,0.0,0.0,0,0,0.0,0.0,0.0,0.0,0.0,0.0,0.0,0.0,0.0,0.0,0.0,0.0,0.0,0.0,Train015,10.0
94,3,0,0.0,0.0,0.0,0.0,0.0,0.0,0.0,0.0,0.0,0.0,0.0,0,0,0.0,0.0,0.0,0.0,0.0,0.0,0.0,0.0,0.0,0.0,0.0,0.0,0.0,0.0,Train015,10.0
94,4,3,0.00020833333333333335,1.0,9.741413273099928,0.9876712760555598,-3.9621030067509384,-0.0753745937276017,3.9628199007126765,24.576206448847614,0.6666672592290184,50.86730323883253,1.0986122886651097,1,0,2.2,0.00015277777777777777,0.2,8.006225394460618,0.4746442179326661,-1.0606452515993638,0.41807523240243,1.3020427983412026,1.143418637651284,0.8767031403701964,42.7853077320783,0.7742402021793782,0.2,0.0,Train015,10.0
94,5,2,0.0001388888888888889,0.0,9.952464792390423,0.21400940445127947,-9.949419894169585,-0.09215696931709719,9.949846689145076,25.45213798748426,0.0002631824972988417,62.307065897661346,0.6931471805579453,0,0,2.0,0.0001388888888888889,0.0,8.767152203585452,0.20707399551376912,-8.759730148780427,0.17873998605948138,8.762689092202566,0.745369602232578,0.0005202801494907261,62.2223682978188,0.6931471805579453,0.0,0.0,Train015,10.0
95,0,0,0.0,0.0,0.0,0.0,0.0,0.0,0.0,0.0,0.0,0.0,0.0,0,0,0.0,0.0,0.0,0.0,0.0,0.0,0.0,0.0,0.0,0.0,0.0,0.0,0.0,0.0,Train015,10.0
95,1,0,0.0,0.0,0.0,0.0,0.0,0.0,0.0,0.0,0.0,0.0,0.0,0,0,0.0,0.0,0.0,0.0,0.0,0.0,0.0,0.0,0.0,0.0,0.0,0.0,0.0,0.0,Train015,10.0
95,2,0,0.0,0.0,0.0,0.0,0.0,0.0,0.0,0.0,0.0,0.0,0.0,0,0,0.0,0.0,0.0,0.0,0.0,0.0,0.0,0.0,0.0,0.0,0.0,0.0,0.0,0.0,Train015,10.0
95,3,0,0.0,0.0,0.0,0.0,0.0,0.0,0.0,0.0,0.0,0.0,0.0,0,0,0.0,0.0,0.0,0.0,0.0,0.0,0.0,0.0,0.0,0.0,0.0,0.0,0.0,0.0,Train015,10.0
95,4,3,0.00020833333333333335,0.0,9.796358321753926,0.649749935170723,-3.810934178194062,-0.19266847453984112,3.8158014166894434,0.549450486539976,0.6662430947436031,52.01702246649668,1.0986122886651097,0,0,2.4,0.0001666666666666667,0.2,8.275605972535942,0.5297712800756005,-1.7498692402152898,0.26352561770431704,1.9281510087635805,1.3832075841759646,0.8235547432160061,45.09308620356089,0.855333223800811,0.2,0.0,Train015,10.0
95,5,2,0.0001388888888888889,0.0,10.252165964826297,0.1974435635726568,-10.24824496206373,-0.19589591029203368,10.250117072996472,2.9970117243587335,0.00019992381366840117,62.30879712269857,0.6931471805579453,0,0,2.0,0.0001388888888888889,0.0,8.924288420910118,0.2166185398775969,-8.917811720481094,0.0871201943432682,8.92041831068947,1.5713621732466705,0.00045430895202598355,62.27922521059204,0.6931471805579453,0.0,0.0,Train015,10.0
96,0,0,0.0,0.0,0.0,0.0,0.0,0.0,0.0,0.0,0.0,0.0,0.0,0,0,0.0,0.0,0.0,0.0,0.0,0.0,0.0,0.0,0.0,0.0,0.0,0.0,0.0,0.0,Train015,10.0
96,1,0,0.0,0.0,0.0,0.0,0.0,0.0,0.0,0.0,0.0,0.0,0.0,0,0,0.0,0.0,0.0,0.0,0.0,0.0,0.0,0.0,0.0,0.0,0.0,0.0,0.0,0.0,Train015,10.0
96,2,0,0.0,0.0,0.0,0.0,0.0,0.0,0.0,0.0,0.0,0.0,0.0,0,0,0.0,0.0,0.0,0.0,0.0,0.0,0.0,0.0,0.0,0.0,0.0,0.0,0.0,0.0,Train015,10.0
96,3,0,0.0,0.0,0.0,0.0,0.0,0.0,0.0,0.0,0.0,0.0,0.0,0,0,0.0,0.0,0.0,0.0,0.0,0.0,0.0,0.0,0.0,0.0,0.0,0.0,0.0,0.0,Train015,10.0
96,4,3,0.00020833333333333335,0.0,9.246876949767655,0.5173572826706219,-3.5420248651009554,-0.22199256752197857,3.5489746188199827,-5.494813719862701,0.6660108017718365,52.434248627786616,1.0986122886651097,0,0,2.6,0.00018055555555555555,0.2,8.539058832435218,0.5605629434936464,-2.3879483620365476,0.10545578593512198,2.5042788313286963,1.323930402415497,0.7709188602817916,47.41911780918106,0.9364262454222441,0.2,0.0,Train015,10.0
96,5,2,0.0001388888888888889,0.0,9.752472026051194,0.17993590263866377,-9.748228818766945,-0.22035581713940078,9.750719039598339,-4.996939387751036,0.00017980912373349867,62.30826990112953,0.6931471805579453,0,0,2.0,0.0001388888888888889,0.0,9.100864206672924,0.20869099715356362,-9.095330424414666,-0.008715778279181186,9.097679180675396,1.765757857628056,0.0003734315043587344,62.29957270690986,0.6931471805579453,0.0,0.0,Train015,10.0
97,0,0,0.0,0.0,0.0,0.0,0.0,0.0,0.0,0.0,0.0,0.0,0.0,0,0,0.0,0.0,0.0,0.0,0.0,0.0,0.0,0.0,0.0,0.0,0.0,0.0,0.0,0.0,Train015,10.0
97,1,0,0.0,0.0,0.0,0.0,0.0,0.0,0.0,0.0,0.0,0.0,0.0,0,0,0.0,0.0,0.0,0.0,0.0,0.0,0.0,0.0,0.0,0.0,0.0,0.0,0.0,0.0,Train015,10.0
97,2,0,0.0,0.0,0.0,0.0,0.0,0.0,0.0,0.0,0.0,0.0,0.0,0,0,0.0,0.0,0.0,0.0,0.0,0.0,0.0,0.0,0.0,0.0,0.0,0.0,0.0,0.0,Train015,10.0
97,3,0,0.0,0.0,0.0,0.0,0.0,0.0,0.0,0.0,0.0,0.0,0.0,0,0,0.0,0.0,0.0,0.0,0.0,0.0,0.0,0.0,0.0,0.0,0.0,0.0,0.0,0.0,Train015,10.0
97,4,3,0.00020833333333333335,0.0,8.511185706479196,0.4438328058747818,-3.239699462539194,-0.2190914488491542,3.2470992702003376,-7.3569124328845845,0.665907152469233,52.56121294135077,1.0986122886651097,0,0,2.8,0.00019444444444444443,0.2,8.784865556205448,0.5816637081747602,-2.970620265564476,-0.04452394143202375,3.029078617890808,1.1474690411250292,0.7184864979090391,49.75333238948021,1.0175192670436768,0.2,0.0,Train015,10.0
97,5,2,0.0001388888888888889,0.0,9.004589765172739,0.16324563221042876,-9.000451606758407,-0.2158630760533266,9.003039819594445,-7.478822608784537,0.0001721849906642925,62.306989897468014,0.6931471805579453,0,0,2.0,0.0001388888888888889,0.0,9.273788708416529,0.1951657598948417,-9.269137546134735,-0.10036919315238077,9.271281479779333,1.7292450174360545,0.00028642059657248977,62.306048830260394,0.6931471805579453,0.0,0.0,Train015,10.0
98,0,0,0.0,0.0,0.0,0.0,0.0,0.0,0.0,0.0,0.0,0.0,0.0,0,0,0.0,0.0,0.0,0.0,0.0,0.0,0.0,0.0,0.0,0.0,0.0,0.0,0.0,0.0,Train015,10.0
98,1,0,0.0,0.0,0.0,0.0,0.0,0.0,0.0,0.0,0.0,0.0,0.0,0,0,0.0,0.0,0.0,0.0,0.0,0.0,0.0,0.0,0.0,0.0,0.0,0.0,0.0,0.0,Train015,10.0
98,2,0,0.0,0.0,0.0,0.0,0.0,0.0,0.0,0.0,0.0,0.0,0.0,0,0,0.0,0.0,0.0,0.0,0.0,0.0,0.0,0.0,0.0,0.0,0.0,0.0,0.0,0.0,Train015,10.0
98,3,0,0.0,0.0,0.0,0.0,0.0,0.0,0.0,0.0,0.0,0.0,0.0,0,0,0.0,0.0,0.0,0.0,0.0,0.0,0.0,0.0,0.0,0.0,0.0,0.0,0.0,0.0,Train015,10.0
98,4,3,0.00020833333333333335,0.0,7.753117771479519,0.39149534945227116,-2.9425478704047143,-0.20514707265060075,2.9496903720628764,-7.580679349996782,0.6658624821647525,52.577929245927606,1.0986122886651097,0,0,3.0,0.00020833333333333335,0.2,9.009790404516044,0.5980213298447915,-3.499461876597972,-0.18285483145783527,3.504877115697063,0.9386502865287035,0.6661381580756887,52.09154330407885,1.0986122886651097,0.2,0.0,Train015,10.0
98,5,2,0.0001388888888888889,0.0,8.214609479298893,0.14783625086511076,-8.210746578097048,-0.20158772689666768,8.213220865249378,-7.899802858738454,0.00016909677631515851,62.30552401688703,0.6931471805579453,0,0,2.0,0.0001388888888888889,0.0,9.43526040554791,0.18049415074762792,-9.431418371971143,-0.18517189993970518,9.433388697316742,1.614716971313793,0.0001968394403360385,62.30732936716889,0.6931471805579453,0.0,0.0,Train015,10.0
99,0,0,0.0,0.0,0.0,0.0,0.0,0.0,0.0,0.0,0.0,0.0,0.0,0,0,0.0,0.0,0.0,0.0,0.0,0.0,0.0,0.0,0.0,0.0,0.0,0.0,0.0,0.0,Train015,10.0
99,1,0,0.0,0.0,0.0,0.0,0.0,0.0,0.0,0.0,0.0,0.0,0.0,0,0,0.0,0.0,0.0,0.0,0.0,0.0,0.0,0.0,0.0,0.0,0.0,0.0,0.0,0.0,Train015,10.0
99,2,0,0.0,0.0,0.0,0.0,0.0,0.0,0.0,0.0,0.0,0.0,0.0,0,0,0.0,0.0,0.0,0.0,0.0,0.0,0.0,0.0,0.0,0.0,0.0,0.0,0.0,0.0,Train015,10.0
99,3,0,0.0,0.0,0.0,0.0,0.0,0.0,0.0,0.0,0.0,0.0,0.0,0,0,0.0,0.0,0.0,0.0,0.0,0.0,0.0,0.0,0.0,0.0,0.0,0.0,0.0,0.0,Train015,10.0
99,4,1,6.944444444444444e-05,-2.0,9.849860806357034,0.0,-9.834639095625647,-0.5473863018015552,9.849860806357034,19.320963979611268,0.0,0.0,-1.000088900581841e-12,0,2,2.6,0.00018055555555555557,-0.4,9.031479911167466,0.40048707463367955,-4.673969094372914,-0.277257173072626,4.682285296825935,-0.11239820731856583,0.5328047062298851,41.918082656312336,0.8788898309318878,0.0,0.4,Train015,10.0
99,5,2,0.0001388888888888889,0.0,5.282795193704004,5.282795193704004,-5.281320668904035,0.12480805594657106,5.282795193704004,24.988171589742247,0.9881864844902539,54.05559300318499,0.6931471805579453,1,1,2.0,0.0001388888888888889,0.0,8.501326485810626,1.1942513085981727,-8.497798526918032,-0.14177889488697154,8.499978398228528,1.5219236917653909,0.19778149983892707,60.65703478827362,0.6931471805579453,0.2,0.2,Train015,10.0
100,0,0,0.0,0.0,0.0,0.0,0.0,0.0,0.0,0.0,0.0,0.0,0.0,0,0,0.0,0.0,0.0,0.0,0.0,0.0,0.0,0.0,0.0,0.0,0.0,0.0,0.0,0.0,Train015,10.0
100,1,0,0.0,0.0,0.0,0.0,0.0,0.0,0.0,0.0,0.0,0.0,0.0,0,0,0.0,0.0,0.0,0.0,0.0,0.0,0.0,0.0,0.0,0.0,0.0,0.0,0.0,0.0,Train015,10.0
100,2,0,0.0,0.0,0.0,0.0,0.0,0.0,0.0,0.0,0.0,0.0,0.0,0,0,0.0,0.0,0.0,0.0,0.0,0.0,0.0,0.0,0.0,0.0,0.0,0.0,0.0,0.0,Train015,10.0
100,3,0,0.0,0.0,0.0,0.0,0.0,0.0,0.0,0.0,0.0,0.0,0.0,0,0,0.0,0.0,0.0,0.0,0.0,0.0,0.0,0.0,0.0,0.0,0.0,0.0,0.0,0.0,Train015,10.0
100,4,1,6.944444444444444e-05,0.0,9.940873337022285,0.0,-9.922143375201502,-0.6099455259820808,9.940873337022285,0.9101253066525139,1.1102230246251565e-16,0.0,-1.000088900581841e-12,0,0,2.2,0.00015277777777777777,-0.4,9.060382914221137,0.27053708759953504,-5.896210933774403,-0.3607125833610739,5.907299680892503,-0.04026324329605826,0.39955608728116443,31.514678163012995,0.6591673731986658,0.0,0.4,Train015,10.0
100,5,2,0.0001388888888888889,0.0,5.40592947873003,5.40592947873003,-5.403289670491315,0.16892088611003198,5.40592947873003,1.231342850260262,0.9843744251294404,55.378051202365945,0.6931471805579453,0,0,2.0,0.0001388888888888889,0.0,7.532079188591372,2.2359484916296473,-7.52880746860355,-0.06881553560655841,7.531140879375239,1.168789916945696,0.39461640010208143,59.2708856042071,0.6931471805579453,0.2,0.2,Train015,10.0
101,0,0,0.0,0.0,0.0,0.0,0.0,0.0,0.0,0.0,0.0,0.0,0.0,0,0,0.0,0.0,0.0,0.0,0.0,0.0,0.0,0.0,0.0,0.0,0.0,0.0,0.0,0.0,Train015,10.0
101,1,1,6.944444444444444e-05,1.0,9.386930129667201,0.0,-9.368007804167476,-0.5957239631835899,9.386930129667201,-5.539432073550845,1.1102230246251565e-16,0.0,-1.000088900581841e-12,1,0,0.2,1.388888888888889e-05,0.2,1.8773860259334403,0.0,-1.8736015608334953,-0.11914479263671798,1.8773860259334403,-1.107886414710169,2.2204460492503132e-17,0.0,-2.000177801163682e-13,0.2,0.0,Train015,10.0
101,2,0,0.0,0.0,0.0,0.0,0.0,0.0,0.0,0.0,0.0,0.0,0.0,0,0,0.0,0.0,0.0,0.0,0.0,0.0,0.0,0.0,0.0,0.0,0.0,0.0,0.0,0.0,Train015,10.0
101,3,0,0.0,0.0,0.0,0.0,0.0,0.0,0.0,0.0,0.0,0.0,0.0,0,0,0.0,0.0,0.0,0.0,0.0,0.0,0.0,0.0,0.0,0.0,0.0,0.0,0.0,0.0,Train015,10.0
101,4,0,0.0,-1.0,0.0,0.0,0.0,0.0,0.0,0.0,0.0,0.0,0.0,0,1,1.6,0.00011111111111111113,-0.6,7.211007524267606,0.16706563106541064,-5.187805960754211,-0.31631406985667815,5.197504757128507,1.0586995006764819,0.26635392692679716,21.027828437455675,0.43944491546564385,0.0,0.6,Train015,10.0
101,5,2,0.0001388888888888889,0.0,5.130274058768712,5.130274058768712,-5.127313043800388,0.17427813675153342,5.130274058768712,-2.756554199613186,0.9830122828710566,55.84546597510162,0.6931471805579453,0,0,2.0,0.0001388888888888889,0.0,6.607639595134875,3.2260161228556568,-6.604624313610239,0.01011125517162843,6.607051883209314,1.616866954573266,0.5911828948515461,57.97832481900152,0.6931471805579453,0.2,0.2,Train015,10.0
102,0,0,0.0,0.0,0.0,0.0,0.0,0.0,0.0,0.0,0.0,0.0,0.0,0,0,0.0,0.0,0.0,0.0,0.0,0.0,0.0,0.0,0.0,0.0,0.0,0.0,0.0,0.0,Train015,10.0
102,1,1,6.944444444444444e-05,0.0,8.641735849514916,0.0,-8.623850717032786,-0.555695333005767,8.641735849514916,-7.451942801522851,0.0,0.0,-1.000088900581841e-12,0,0,0.4,2.777777777777778e-05,0.2,3.605733195836423,0.0,-3.5983717042400527,-0.23028385923787137,3.605733195836423,-2.598274975014739,2.2204460492503132e-17,0.0,-4.000355602327364e-13,0.2,0.0,Train015,10.0
102,2,0,0.0,0.0,0.0,0.0,0.0,0.0,0.0,0.0,0.0,0.0,0.0,0,0,0.0,0.0,0.0,0.0,0.0,0.0,0.0,0.0,0.0,0.0,0.0,0.0,0.0,0.0,Train015,10.0
102,3,0,0.0,0.0,0.0,0.0,0.0,0.0,0.0,0.0,0.0,0.0,0.0,0,0,0.0,0.0,0.0,0.0,0.0,0.0,0.0,0.0,0.0,0.0,0.0,0.0,0.0,0.0,Train015,10.0
102,4,0,0.0,0.0,0.0,0.0,0.0,0.0,0.0,0.0,0.0,0.0,0.0,0,0,1.0,6.944444444444446e-05,-0.6,5.508770382971767,0.07829906989045428,-4.539866068246373,-0.2724957800868474,4.548084903088439,2.5300819872533986,0.13317249643295054,10.515585849185522,0.21972245773262192,0.0,0.6,Train015,10.0
102,5,2,0.0001388888888888889,0.0,4.7324051292579625,4.7324051292579625,-4.729497354475212,0.1658706768511083,4.7324051292579625,-3.9786892951074915,0.9824723203582643,55.98852753697431,0.6931471805579453,0,0,2.0,0.0001388888888888889,0.0,5.75320266795192,4.139848022265165,-5.7504334631536,0.08645800575251542,5.752924945142017,2.3168936173086747,0.7876429219250661,56.714632346902775,0.6931471805579453,0.2,0.2,Train015,10.0
103,0,0,0.0,0.0,0.0,0.0,0.0,0.0,0.0,0.0,0.0,0.0,0.0,0,0,0.0,0.0,0.0,0.0,0.0,0.0,0.0,0.0,0.0,0.0,0.0,0.0,0.0,0.0,Train015,10.0
103,1,1,6.944444444444444e-05,0.0,7.874062093768118,0.0,-7.857588851617194,-0.5090690478286192,7.874062093768118,-7.676737557467979,0.0,0.0,-1.000088900581841e-12,0,0,0.6,4.1666666666666665e-05,0.2,5.180545614590047,0.0,-5.169889474563492,-0.3320976688035952,5.180545614590047,-4.133622486508335,2.2204460492503132e-17,0.0,-6.000533403491046e-13,0.2,0.0,Train015,10.0
103,2,0,0.0,0.0,0.0,0.0,0.0,0.0,0.0,0.0,0.0,0.0,0.0,0,0,0.0,0.0,0.0,0.0,0.0,0.0,0.0,0.0,0.0,0.0,0.0,0.0,0.0,0.0,Train015,10.0
103,3,0,0.0,0.0,0.0,0.0,0.0,0.0,0.0,0.0,0.0,0.0,0.0,0,0,0.0,0.0,0.0,0.0,0.0,0.0,0.0,0.0,0.0,0.0,0.0,0.0,0.0,0.0,Train015,10.0
103,4,0,0.0,0.0,0.0,0.0,0.0,0.0,0.0,0.0,0.0,0.0,0.0,0,0,0.4,2.777777777777778e-05,-0.6,3.958146828675864,0.0,-3.9513564941654296,-0.2314663655567272,3.9581468286758636,4.0462178572527545,2.2204460492503132e-17,0.0,-4.000355602327364e-13,0.0,0.6,Train015,10.0
103,5,2,0.0001388888888888889,0.0,4.315555098882229,4.315555098882229,-4.312835626982091,0.1531818074132977,4.315555098882229,-4.168500303757332,0.9822495667757044,56.01058993595712,0.6931471805579453,0,0,2.0,0.0001388888888888889,0.0,4.973391791868588,4.973391791868588,-4.970851272930608,0.1574119126145085,4.973391791868588,3.063154128304899,0.9840590159249439,55.45564553071679,0.6931471805579453,0.2,0.2,Train015,10.0
104,0,0,0.0,0.0,0.0,0.0,0.0,0.0,0.0,0.0,0.0,0.0,0.0,0,0,0.0,0.0,0.0,0.0,0.0,0.0,0.0,0.0,0.0,0.0,0.0,0.0,0.0,0.0,Train015,10.0
104,1,0,0.0,-1.0,0.0,0.0,0.0,0.0,0.0,0.0,0.0,0.0,0.0,0,1,0.6,4.1666666666666665e-05,0.0,5.180545614590047,0.0,-5.169889474563492,-0.3320976688035952,5.180545614590047,-4.133622486508335,2.2204460492503132e-17,0.0,-6.000533403491046e-13,0.2,0.2,Train015,10.0
104,2,0,0.0,0.0,0.0,0.0,0.0,0.0,0.0,0.0,0.0,0.0,0.0,0,0,0.0,0.0,0.0,0.0,0.0,0.0,0.0,0.0,0.0,0.0,0.0,0.0,0.0,0.0,Train015,10.0
104,3,0,0.0,0.0,0.0,0.0,0.0,0.0,0.0,0.0,0.0,0.0,0.0,0,0,0.0,0.0,0.0,0.0,0.0,0.0,0.0,0.0,0.0,0.0,0.0,0.0,0.0,0.0,Train015,10.0
104,4,3,0.00020833333333333335,3.0,10.516855902624998,0.9406065382491813,-10.51526286110621,0.0672888399400871,10.515478154898142,13.180840334015729,0.00013998077080712434,50.05081312775559,1.0986122886651097,3,0,0.8,5.555555555555556e-05,0.4,4.091545847929457,0.1881213076498363,-4.087481247261542,-0.10853133720839876,4.091270298384086,2.818193128133647,2.7996154161447074e-05,10.010162625551118,0.21972245773282192,0.6,0.2,Train015,10.0
104,5,3,0.00020833333333333335,1.0,7.230789341392303,2.5671914952437347,-1.4120317331315626,0.9689966251392149,1.7125384885898807,23.161472721160216,0.6465969987716811,58.159784681642144,1.0986122886651097,1,0,2.2,0.00015277777777777777,0.2,5.362990621406247,4.430271052176534,-4.1969934857761135,0.32624962645303723,4.259340450845763,2.697814354588493,0.9157411187812293,56.27648386640823,0.7742402021793782,0.2,0.0,Train015,10.0
105,0,0,0.0,0.0,0.0,0.0,0.0,0.0,0.0,0.0,0.0,0.0,0.0,0,0,0.0,0.0,0.0,0.0,0.0,0.0,0.0,0.0,0.0,0.0,0.0,0.0,0.0,0.0,Train015,10.0
105,1,0,0.0,0.0,0.0,0.0,0.0,0.0,0.0,0.0,0.0,0.0,0.0,0,0,0.6,4.1666666666666665e-05,0.0,5.180545614590047,0.0,-5.169889474563492,-0.3320976688035952,5.180545614590047,-4.133622486508335,2.2204460492503132e-17,0.0,-6.000533403491046e-13,0.2,0.2,Train015,10.0
105,2,0,0.0,0.0,0.0,0.0,0.0,0.0,0.0,0.0,0.0,0.0,0.0,0,0,0.0,0.0,0.0,0.0,0.0,0.0,0.0,0.0,0.0,0.0,0.0,0.0,0.0,0.0,Train015,10.0
105,3,0,0.0,0.0,0.0,0.0,0.0,0.0,0.0,0.0,0.0,0.0,0.0,0,0,0.0,0.0,0.0,0.0,0.0,0.0,0.0,0.0,0.0,0.0,0.0,0.0,0.0,0.0,Train015,10.0
105,4,3,0.00020833333333333335,0.0,10.194631505204963,0.7710474449256622,-10.193257506314675,0.122912763643174,10.193998535290598,-3.2222439742003495,6.525723633654668e-05,50.14169328738837,1.0986122886651097,0,0,1.2,8.333333333333334e-05,0.4,4.1422974815659925,0.3423307966349688,-4.141704073484177,0.03804032071665222,4.141895338037748,1.9917192719630745,4.10476014287342e-05,20.03850128302879,0.4394449154660439,0.6,0.2,Train015,10.0
105,5,3,0.00020833333333333335,0.0,7.076509035052877,2.3621446899250995,-1.5137318262348298,0.9952196741243847,1.8115866640932416,-1.5428030633942507,0.6458194245303224,58.09222212732353,1.0986122886651097,0,0,2.4,0.00016666666666666666,0.2,5.697106532670817,3.821514094415547,-3.4190819169248163,0.4915093840559078,3.540471887918405,2.1429851718575903,0.8480301186614057,56.81931805139974,0.855333223800811,0.2,0.0,Train015,10.0
106,0,0,0.0,0.0,0.0,0.0,0.0,0.0,0.0,0.0,0.0,0.0,0.0,0,0,0.0,0.0,0.0,0.0,0.0,0.0,0.0,0.0,0.0,0.0,0.0,0.0,0.0,0.0,Train015,10.0
106,1,0,0.0,0.0,0.0,0.0,0.0,0.0,0.0,0.0,0.0,0.0,0.0,0,0,0.4,2.7777777777777772e-05,-0.2,3.3031595886566065,0.0,-3.2962879137299965,-0.21295287616687722,3.3031595886566065,-3.025736071798166,0.0,0.0,-4.000355602327364e-13,0.0,0.2,Train015,10.0
106,2,0,0.0,0.0,0.0,0.0,0.0,0.0,0.0,0.0,0.0,0.0,0.0,0,0,0.0,0.0,0.0,0.0,0.0,0.0,0.0,0.0,0.0,0.0,0.0,0.0,0.0,0.0,Train015,10.0
106,3,0,0.0,0.0,0.0,0.0,0.0,0.0,0.0,0.0,0.0,0.0,0.0,0,0,0.0,0.0,0.0,0.0,0.0,0.0,0.0,0.0,0.0,0.0,0.0,0.0,0.0,0.0,Train015,10.0
106,4,3,0.00020833333333333335,0.0,9.497522886492238,0.6773094275815701,-9.496159705596371,0.13479673503082124,9.497116368349245,-6.971086187127249,4.46883024678435e-05,50.16996363442519,1.0986122886651097,0,0,1.8,0.000125,0.6,6.041802058864439,0.47779268215128273,-6.040936014603451,0.06499966772281647,6.041318611707597,0.5975020345376245,4.99852619223029e-05,30.07249400991383,0.6591673731990658,0.6,0.0,Train015,10.0
106,5,3,0.00020833333333333335,0.0,6.514939524251492,2.2895238610060065,-1.372373899590568,0.891713777533386,1.6366317793933625,-5.615695108013849,0.6455405936037167,58.07377755252438,1.0986122886651097,0,0,2.6,0.00018055555555555555,0.2,5.9740396257673725,3.253364054863007,-2.6680940880828525,0.6349965122122783,2.841743432043335,1.5711569901774578,0.7805357808079377,57.2649803668843,0.9364262454222441,0.2,0.0,Train015,10.0
107,0,0,0.0,0.0,0.0,0.0,0.0,0.0,0.0,0.0,0.0,0.0,0.0,0,0,0.0,0.0,0.0,0.0,0.0,0.0,0.0,0.0,0.0,0.0,0.0,0.0,0.0,0.0,Train015,10.0
107,1,0,0.0,0.0,0.0,0.0,0.0,0.0,0.0,0.0,0.0,0.0,0.0,0,0,0.2,1.388888888888889e-05,-0.2,1.5748124187536237,0.0,-1.5715177703234389,-0.10181380956572383,1.5748124187536237,-1.5353475114935957,0.0,0.0,-2.000177801163682e-13,0.0,0.2,Train015,10.0
107,2,0,0.0,0.0,0.0,0.0,0.0,0.0,0.0,0.0,0.0,0.0,0.0,0,0,0.0,0.0,0.0,0.0,0.0,0.0,0.0,0.0,0.0,0.0,0.0,0.0,0.0,0.0,Train015,10.0
107,3,0,0.0,0.0,0.0,0.0,0.0,0.0,0.0,0.0,0.0,0.0,0.0,0,0,0.0,0.0,0.0,0.0,0.0,0.0,0.0,0.0,0.0,0.0,0.0,0.0,0.0,0.0,Train015,10.0
107,4,3,0.00020833333333333335,0.0,8.695200191886284,0.60417277617709,-8.693899601662636,0.13097773205096971,8.694886166597177,-8.023226946059522,3.75882112102488e-05,50.180390180482014,1.0986122886651097,0,0,2.4,0.0001666666666666667,0.6,7.780842097241697,0.5986272373867008,-7.779715934935979,0.09119521413301042,7.780295845027032,-1.0071433546742798,5.750290416435266e-05,40.10857204601023,0.8788898309320878,0.6,0.0,Train015,10.0
107,5,3,0.00020833333333333335,0.0,5.8896235343187415,2.1931965189583758,-1.2041601682578322,0.7775319241578801,1.4333728070196485,-6.253159899327497,0.64542391562327,58.07243497976344,1.0986122886651097,0,0,2.8,0.00019444444444444446,0.2,6.205483306779529,2.745522332803089,-1.9630266508393768,0.7573287616736326,2.1819369675956723,1.1162628693334566,0.7131260998609389,57.68176185544212,1.0175192670436768,0.2,0.0,Train015,10.0
108,0,0,0.0,0.0,0.0,0.0,0.0,0.0,0.0,0.0,0.0,0.0,0.0,0,0,0.0,0.0,0.0,0.0,0.0,0.0,0.0,0.0,0.0,0.0,0.0,0.0,0.0,0.0,Train015,10.0
108,1,0,0.0,0.0,0.0,0.0,0.0,0.0,0.0,0.0,0.0,0.0,0.0,0,0,0.0,0.0,-0.2,0.0,0.0,0.0,0.0,0.0,0.0,0.0,0.0,0.0,0.0,0.2,Train015,10.0
108,2,0,0.0,0.0,0.0,0.0,0.0,0.0,0.0,0.0,0.0,0.0,0.0,0,0,0.0,0.0,0.0,0.0,0.0,0.0,0.0,0.0,0.0,0.0,0.0,0.0,0.0,0.0,Train015,10.0
108,3,0,0.0,0.0,0.0,0.0,0.0,0.0,0.0,0.0,0.0,0.0,0.0,0,0,0.0,0.0,0.0,0.0,0.0,0.0,0.0,0.0,0.0,0.0,0.0,0.0,0.0,0.0,Train015,10.0
108,4,3,0.00020833333333333335,0.0,7.901541151214651,0.5410539622105754,-7.900336169463743,0.12187970379308366,7.901276242021521,-7.936590406716351,3.4840041921668785e-05,50.185312900118156,1.0986122886651097,0,0,3.0,0.00020833333333333335,0.6,9.361150327484626,0.7068380298288158,-9.359783168828727,0.11557115489162714,9.360551093431337,-2.59446143601755,6.447091254868642e-05,50.14563462603387,1.0986122886651097,0.6,0.0,Train015,10.0
108,5,3,0.00020833333333333335,0.0,5.297331267925066,2.0677844118124864,-1.0532037853643306,0.6768911492056023,1.251966389875797,-5.922922663936762,0.6453744679938525,58.07600930898215,1.0986122886651097,0,0,3.0,0.00020833333333333335,0.2,6.401838540588097,2.2959681953891407,-1.3111002825158247,0.8620706300320936,1.569219225794386,0.7653783972975704,0.6457510801045685,58.09484573004713,1.0986122886651097,0.2,0.0,Train015,10.0
109,0,0,0.0,0.0,0.0,0.0,0.0,0.0,0.0,0.0,0.0,0.0,0.0,0,0,0.0,0.0,0.0,0.0,0.0,0.0,0.0,0.0,0.0,0.0,0.0,0.0,0.0,0.0,Train015,10.0
109,1,1,6.944444444444444e-05,1.0,9.734151799160731,0.0,-9.717884230296276,-0.5625276310218451,9.734151799160731,25.907391413686838,0.0,0.0,-1.000088900581841e-12,1,0,0.2,1.388888888888889e-05,0.2,1.9468303598321461,0.0,-1.9435768460592553,-0.11250552620436902,1.9468303598321461,5.181478282737368,0.0,0.0,-2.000177801163682e-13,0.2,0.0,Train015,10.0
109,2,0,0.0,0.0,0.0,0.0,0.0,0.0,0.0,0.0,0.0,0.0,0.0,0,0,0.0,0.0,0.0,0.0,0.0,0.0,0.0,0.0,0.0,0.0,0.0,0.0,0.0,0.0,Train015,10.0
109,3,0,0.0,0.0,0.0,0.0,0.0,0.0,0.0,0.0,0.0,0.0,0.0,0,0,0.0,0.0,0.0,0.0,0.0,0.0,0.0,0.0,0.0,0.0,0.0,0.0,0.0,0.0,Train015,10.0
109,4,2,0.0001388888888888889,-1.0,11.059099550227213,0.2106092911596642,-11.054824774209752,-0.14270792178757064,11.055745851792299,27.7849415230126,0.00030336243400852503,104.39022350442947,0.6931471805579453,0,1,2.8,0.00019444444444444443,-0.2,9.46959905700507,0.5608385804109124,-9.467695551449435,0.0735718025460956,9.468604632810168,0.32635880178182364,9.714724518896655e-05,61.013516701368644,1.0175192670436768,0.0,0.2,Train015,10.0
109,5,3,0.00020833333333333335,0.0,7.93160265086919,1.1572007818244274,-2.028784998923233,0.047928030739827245,2.0293510460210036,26.342713829441234,0.668770503387713,55.061632936606316,1.0986122886651097,0,0,3.0,0.00020833333333333335,0.0,6.5420012024834735,2.0139700527052793,-1.4344509356741588,0.6778569111522161,1.6325817372806106,1.4016266189537738,0.650185781027775,57.47521538103996,1.0986122886651097,0.0,0.0,Train015,10.0
110,0,0,0.0,0.0,0.0,0.0,0.0,0.0,0.0,0.0,0.0,0.0,0.0,0,0,0.0,0.0,0.0,0.0,0.0,0.0,0.0,0.0,0.0,0.0,0.0,0.0,0.0,0.0,Train015,10.0
110,1,1,6.944444444444444e-05,0.0,10.06562574964432,0.0,-10.038838129309841,-0.7338601674826728,10.06562574964432,3.314739504835895,0.0,0.0,-1.000088900581841e-12,0,0,0.4,2.777777777777778e-05,0.2,3.9599555097610106,0.0,-3.951344471921223,-0.25927755970090355,3.9599555097610106,5.844426183704547,0.0,0.0,-4.000355602327364e-13,0.2,0.0,Train015,10.0
110,2,0,0.0,0.0,0.0,0.0,0.0,0.0,0.0,0.0,0.0,0.0,0.0,0,0,0.0,0.0,0.0,0.0,0.0,0.0,0.0,0.0,0.0,0.0,0.0,0.0,0.0,0.0,Train015,10.0
110,3,0,0.0,0.0,0.0,0.0,0.0,0.0,0.0,0.0,0.0,0.0,0.0,0,0,0.0,0.0,0.0,0.0,0.0,0.0,0.0,0.0,0.0,0.0,0.0,0.0,0.0,0.0,Train015,10.0
110,4,2,0.0001388888888888889,0.0,11.370346335640754,0.29918672468012186,-11.361931810795296,-0.24245832034499992,11.364518490031445,3.11246785413541,0.0005129029745544189,104.14913575238333,0.6931471805579453,0,0,2.6,0.00018055555555555557,-0.2,9.704742023092228,0.4664664363618044,-9.701430412345559,0.0004975857484608104,9.702708623758337,1.5933011674489759,0.000186676392832541,71.81500519436763,0.936426245422244,0.0,0.2,Train015,10.0
110,5,3,0.00020833333333333335,0.0,8.306080155130678,0.9346139210795065,-2.13579760564584,-0.16945043634941914,2.142509011103923,3.7447750426148976,0.6676180601931738,53.71040983705202,1.0986122886651097,0,0,3.0,0.00020833333333333335,0.0,6.787915426499033,1.7284638989361603,-1.558864091556361,0.44492288905745536,1.698766206682747,2.4591422401556033,0.6545455081603453,56.59885292298567,1.0986122886651097,0.0,0.0,Train015,10.0
111,0,0,0.0,0.0,0.0,0.0,0.0,0.0,0.0,0.0,0.0,0.0,0.0,0,0,0.0,0.0,0.0,0.0,0.0,0.0,0.0,0.0,0.0,0.0,0.0,0.0,0.0,0.0,Train015,10.0
111,1,1,6.944444444444444e-05,0.0,9.588225640178157,0.0,-9.558841035518025,-0.7500859848487456,9.588225640178157,-4.774001094661635,0.0,0.0,-1.000088900581841e-12,0,0,0.6,4.1666666666666665e-05,0.2,5.877600637796641,0.0,-5.8631126790248285,-0.4092947566706527,5.877600637796641,4.88962596477222,0.0,0.0,-6.000533403491046e-13,0.2,0.0,Train015,10.0
111,2,0,0.0,0.0,0.0,0.0,0.0,0.0,0.0,0.0,0.0,0.0,0.0,0,0,0.0,0.0,0.0,0.0,0.0,0.0,0.0,0.0,0.0,0.0,0.0,0.0,0.0,0.0,Train015,10.0
111,3,0,0.0,0.0,0.0,0.0,0.0,0.0,0.0,0.0,0.0,0.0,0.0,0,0,0.0,0.0,0.0,0.0,0.0,0.0,0.0,0.0,0.0,0.0,0.0,0.0,0.0,0.0,Train015,10.0
111,4,2,0.0001388888888888889,0.0,10.805078078688172,0.3120777826010377,-10.795390305586745,-0.26265146200112943,10.798584983248851,-5.652682569525798,0.0006014318528636542,104.05936416187322,0.6931471805579453,0,0,2.4,0.0001666666666666667,-0.2,9.966253061531415,0.3934201073656979,-9.961276532343636,-0.07899205365792931,9.963002346738259,1.8569818909692664,0.00029802510291170313,82.59288529985724,0.855333223800811,0.0,0.2,Train015,10.0
111,5,3,0.00020833333333333335,0.0,7.893375260361414,0.8847251491018457,-1.9938922986026613,-0.2347756049160288,2.0076668257185233,-4.12704894769264,0.6668494160790148,53.23519451459267,1.0986122886651097,0,0,3.0,0.00020833333333333335,0.0,7.063602573721018,1.4475041565553284,-1.6831677713587794,0.21962501256757236,1.7729732159477791,2.7568714722198457,0.6588072726554048,55.63113631539932,1.0986122886651097,0.0,0.0,Train015,10.0
112,0,0,0.0,0.0,0.0,0.0,0.0,0.0,0.0,0.0,0.0,0.0,0.0,0,0,0.0,0.0,0.0,0.0,0.0,0.0,0.0,0.0,0.0,0.0,0.0,0.0,0.0,0.0,Train015,10.0
112,1,1,6.944444444444444e-05,0.0,8.857794276405272,0.0,-8.829170085808263,-0.7115300689264649,8.857794276405272,-7.30431363772885,0.0,0.0,-1.000088900581841e-12,0,0,0.8,5.555555555555556e-05,0.2,7.649159493077695,0.0,-7.62894669618648,-0.5516007704559456,7.649159493077695,3.4287632372264496,0.0,0.0,-8.000711204654728e-13,0.2,0.0,Train015,10.0
112,2,1,6.944444444444444e-05,1.0,7.474875262865656,0.0,-7.450231139589915,-0.6064784926818644,7.474875262865656,-6.577653700654595,0.0,0.0,-1.000088900581841e-12,1,0,0.2,1.388888888888889e-05,0.2,1.4949750525731313,0.0,-1.4900462279179831,-0.12129569853637287,1.4949750525731313,-1.3155307401309189,0.0,0.0,-2.000177801163682e-13,0.2,0.0,Train015,10.0
112,3,0,0.0,0.0,0.0,0.0,0.0,0.0,0.0,0.0,0.0,0.0,0.0,0,0,0.0,0.0,0.0,0.0,0.0,0.0,0.0,0.0,0.0,0.0,0.0,0.0,0.0,0.0,Train015,10.0
112,4,2,0.0001388888888888889,0.0,9.969830271533535,0.29819631126532453,-9.960229354497407,-0.25409917927532827,9.963470037446804,-8.35247807154639,0.0006385194827047691,104.02727318954477,0.6931471805579453,0,0,2.2,0.00015277777777777777,-0.2,10.221179077460866,0.3322248143833448,-10.214542482910588,-0.15600743592318894,10.216719120908184,1.7911316658718923,0.0004182113572106072,93.36226190166978,0.7742402021793782,0.0,0.2,Train015,10.0
112,5,2,0.0001388888888888889,-1.0,7.142613017561442,1.032145477252251,1.0303002607550615,-0.06310444883039457,1.0322309813089974,-6.311295565151225,0.9981201936046822,102.06830261255436,0.6931471805579453,0,1,2.8,0.00019444444444444446,-0.2,7.314200470369558,1.2152939482141032,-1.2362756855562007,0.05149773796991741,1.6927448508056488,2.7452443390551,0.7293465282516872,64.4303098419575,1.017519267043677,0.0,0.2,Train015,10.0
113,0,0,0.0,0.0,0.0,0.0,0.0,0.0,0.0,0.0,0.0,0.0,0.0,0,0,0.0,0.0,0.0,0.0,0.0,0.0,0.0,0.0,0.0,0.0,0.0,0.0,0.0,0.0,Train015,10.0
113,1,1,6.944444444444444e-05,0.0,8.082524646300959,0.0,-8.055840150421027,-0.656234812340045,8.082524646300959,-7.752696301043134,0.0,0.0,-1.000088900581841e-12,0,0,1.0,6.944444444444444e-05,0.2,9.265664422337888,0.0,-9.240114726270686,-0.6828477329239547,9.265664422337888,1.8782239770178228,0.0,0.0,-1.000088900581841e-12,0.2,0.0,Train015,10.0
113,2,1,6.944444444444444e-05,0.0,6.806298749066344,0.0,-6.783116618418115,-0.5612767610386781,6.806298749066344,-6.685765137993123,0.0,0.0,-1.000088900581841e-12,0,0,0.4,2.777777777777778e-05,0.2,2.8562348023864,0.0,-2.846669551601606,-0.23355105074410848,2.8562348023864,-2.652683767729543,0.0,0.0,-4.000355602327364e-13,0.2,0.0,Train015,10.0
113,3,0,0.0,0.0,0.0,0.0,0.0,0.0,0.0,0.0,0.0,0.0,0.0,0,0,0.0,0.0,0.0,0.0,0.0,0.0,0.0,0.0,0.0,0.0,0.0,0.0,0.0,0.0,Train015,10.0
113,4,2,0.0001388888888888889,0.0,9.090832322039969,0.2758607073537016,-9.081822492275908,-0.2361056758646189,9.084891065466007,-8.789979494935647,0.0006541462867224457,104.01707406894151,0.6931471805579453,0,0,2.0,0.0001388888888888889,-0.2,10.459037311625929,0.27918616341197,-10.450839747473022,-0.22760451185472946,10.45344208559708,1.6204538482280335,0.0005420726061707626,104.12861413543446,0.6931471805579453,0.0,0.2,Train015,10.0
113,5,2,0.0001388888888888889,0.0,6.471629458402482,0.9902335107885372,0.9880114724078761,-0.07001046532829014,0.9904888363152121,-6.709835591589601,0.9964836694238106,102.01225353668478,0.6931471805579453,0,0,2.6,0.00018055555555555555,-0.2,7.549060108465042,0.9997837680093136,-0.8280326340017593,-0.09788258493686108,1.6404493400935318,2.587861753524532,0.7995683685376789,73.21755868749804,0.936426245422244,0.0,0.2,Train015,10.0
114,0,0,0.0,0.0,0.0,0.0,0.0,0.0,0.0,0.0,0.0,0.0,0.0,0,0,0.0,0.0,0.0,0.0,0.0,0.0,0.0,0.0,0.0,0.0,0.0,0.0,0.0,0.0,Train015,10.0
114,1,1,6.944444444444444e-05,0.0,9.968443928801635,0.0,-9.963812184998183,-0.3038438805437855,9.968443928801635,18.859192825006765,0.0,0.0,-1.000088900581841e-12,0,0,1.0,6.944444444444444e-05,0.0,9.312522848266067,0.0,-9.289300317211067,-0.6311109828283428,9.312522848266067,0.46858425928180836,0.0,0.0,-1.000088900581841e-12,0.0,0.0,Train015,10.0
114,2,0,0.0,-1.0,0.0,0.0,0.0,0.0,0.0,0.0,0.0,0.0,0.0,0,1,0.4,2.777777777777778e-05,0.0,2.8562348023864,0.0,-2.846669551601606,-0.23355105074410848,2.8562348023864,-2.652683767729543,0.0,0.0,-4.000355602327364e-13,0.2,0.2,Train015,10.0
114,3,0,0.0,0.0,0.0,0.0,0.0,0.0,0.0,0.0,0.0,0.0,0.0,0,0,0.0,0.0,0.0,0.0,0.0,0.0,0.0,0.0,0.0,0.0,0.0,0.0,0.0,0.0,Train015,10.0
114,4,1,6.944444444444444e-05,-1.0,10.273170139564524,0.0,-10.272882148781155,0.07692251746837062,10.273170139564524,9.064771101708526,1.1102230246251565e-16,0.0,-1.000088900581841e-12,0,1,1.8,0.000125,-0.2,10.301851429493391,0.23706430518003718,-10.294451222387302,-0.18367842400354117,10.296926943151526,-2.123580236032781,0.00048140011936907977,83.25056943454857,0.5545177444461562,0.0,0.2,Train015,10.0
114,5,3,0.00020833333333333335,1.0,9.066693279168701,0.29419136298910825,-2.9803461951989845,0.07794227405011768,2.981365197576635,24.83507390544931,0.6666538189378792,49.552334763145744,1.0986122886651097,1,0,2.6,0.00018055555555555555,0.0,7.7760782341249435,0.8271818842422498,-1.0183448732569096,-0.09187973627480299,1.830852170404658,2.286333768726147,0.7991450316477122,72.11569905280592,0.936426245422244,0.2,0.2,Train015,10.0
115,0,0,0.0,0.0,0.0,0.0,0.0,0.0,0.0,0.0,0.0,0.0,0.0,0,0,0.0,0.0,0.0,0.0,0.0,0.0,0.0,0.0,0.0,0.0,0.0,0.0,0.0,0.0,Train015,10.0
115,1,1,6.944444444444444e-05,0.0,10.040303432462743,0.0,-10.038969548999656,-0.16365637836874858,10.040303432462743,0.7185950366110738,0.0,0.0,-1.000088900581841e-12,0,0,1.0,6.944444444444444e-05,0.0,9.307458384829753,0.0,-9.289326601149032,-0.5170702250055579,9.307458384829753,-0.050644634363155916,0.0,0.0,-1.000088900581841e-12,0.0,0.0,Train015,10.0
115,2,0,0.0,0.0,0.0,0.0,0.0,0.0,0.0,0.0,0.0,0.0,0.0,0,0,0.4,2.777777777777778e-05,0.0,2.8562348023864,0.0,-2.846669551601606,-0.23355105074410848,2.8562348023864,-2.652683767729543,0.0,0.0,-4.000355602327364e-13,0.2,0.2,Train015,10.0
115,3,0,0.0,0.0,0.0,0.0,0.0,0.0,0.0,0.0,0.0,0.0,0.0,0,0,0.0,0.0,0.0,0.0,0.0,0.0,0.0,0.0,0.0,0.0,0.0,0.0,0.0,0.0,Train015,10.0
115,4,1,6.944444444444444e-05,0.0,9.980866605487956,0.0,-9.9806242444429,0.06955492637650829,9.980866605487956,-2.923035340765683,0.0,0.0,-1.000088900581841e-12,0,0,1.6,0.00011111111111111112,-0.2,10.023955483462831,0.1772269602440128,-10.018189709116823,-0.12127577465923953,10.020196566242827,-3.3306808750129995,0.000378819524458196,62.4207422840719,0.4158883083343671,0.0,0.2,Train015,10.0
115,5,3,0.00020833333333333335,0.0,9.35940340735228,0.2751736327217093,-3.2438241410850917,0.18108361061558606,3.2488746255157355,2.927101281835789,0.6663323775059388,48.29330820364114,1.0986122886651097,0,0,2.6,0.00018055555555555557,0.0,7.9867428845692645,0.6952938265706903,-1.23995018034476,-0.021772926881801945,2.0521252932870206,2.122799016570325,0.7988878951102651,71.03227872612374,0.936426245422244,0.2,0.2,Train015,10.0
116,0,0,0.0,0.0,0.0,0.0,0.0,0.0,0.0,0.0,0.0,0.0,0.0,0,0,0.0,0.0,0.0,0.0,0.0,0.0,0.0,0.0,0.0,0.0,0.0,0.0,0.0,0.0,Train015,10.0
116,1,1,6.944444444444444e-05,0.0,9.474253135085254,0.0,-9.473667202188732,-0.1053670244729914,9.474253135085254,-5.660502973774886,0.0,0.0,-1.000088900581841e-12,0,0,1.0,6.944444444444444e-05,0.0,9.284663883811174,0.0,-9.272291834483173,-0.3881264329304071,9.284663883811174,-0.22794501018580604,0.0,0.0,-1.000088900581841e-12,0.0,0.0,Train015,10.0
116,2,0,0.0,0.0,0.0,0.0,0.0,0.0,0.0,0.0,0.0,0.0,0.0,0,0,0.4,2.777777777777778e-05,0.0,2.8562348023864,0.0,-2.846669551601606,-0.23355105074410848,2.8562348023864,-2.652683767729543,0.0,0.0,-4.000355602327364e-13,0.2,0.2,Train015,10.0
116,3,0,0.0,0.0,0.0,0.0,0.0,0.0,0.0,0.0,0.0,0.0,0.0,0,0,0.0,0.0,0.0,0.0,0.0,0.0,0.0,0.0,0.0,0.0,0.0,0.0,0.0,0.0,Train015,10.0
116,4,1,6.944444444444444e-05,0.0,9.290395110921496,0.0,-9.29018221516801,0.06289456264302021,9.290395110921496,-6.904714945664594,0.0,0.0,-1.000088900581841e-12,0,0,1.4,9.722222222222222e-05,-0.2,9.721018889909496,0.11481140372380527,-9.717148091033078,-0.05616656973040961,9.718558591777358,-3.5810873502407587,0.00025853315388546516,41.60886945169726,0.27725887222257806,0.0,0.2,Train015,10.0
116,5,3,0.00020833333333333335,0.0,8.88804565132695,0.29222306130297127,-3.1228115253285775,0.2058951459677393,3.129591767924065,-4.713577560253306,0.6661650682929938,47.854618498155844,1.0986122886651097,0,0,2.6,0.00018055555555555557,0.0,8.185676962762372,0.5767934090109155,-1.4657340256899432,0.06636122329495167,2.276510281728129,2.005493294058192,0.798751025553061,69.95616352283636,0.936426245422244,0.2,0.2,Train015,10.0
117,0,0,0.0,0.0,0.0,0.0,0.0,0.0,0.0,0.0,0.0,0.0,0.0,0,0,0.0,0.0,0.0,0.0,0.0,0.0,0.0,0.0,0.0,0.0,0.0,0.0,0.0,0.0,Train015,10.0
117,1,1,6.944444444444444e-05,0.0,8.719767955418089,0.0,-8.719410697773606,-0.0789321220248218,8.719767955418089,-7.544851796671654,1.1102230246251565e-16,0.0,-1.000088900581841e-12,0,0,1.0,6.944444444444444e-05,0.0,9.257058619613735,0.0,-9.250339956876243,-0.26160684355007846,9.257058619613735,-0.27605264197436696,2.2204460492503132e-17,0.0,-1.000088900581841e-12,0.0,0.0,Train015,10.0
117,2,0,0.0,0.0,0.0,0.0,0.0,0.0,0.0,0.0,0.0,0.0,0.0,0,0,0.2,1.388888888888889e-05,-0.2,1.3612597498132688,0.0,-1.356623323683623,-0.11225535220773561,1.3612597498132688,-1.3371530275986243,0.0,0.0,-2.000177801163682e-13,0.0,0.2,Train015,10.0
117,3,0,0.0,0.0,0.0,0.0,0.0,0.0,0.0,0.0,0.0,0.0,0.0,0,0,0.0,0.0,0.0,0.0,0.0,0.0,0.0,0.0,0.0,0.0,0.0,0.0,0.0,0.0,Train015,10.0
117,4,1,6.944444444444444e-05,0.0,8.502761193364293,0.0,-8.502570982050681,0.056873601710218345,8.502761193364293,-7.876339175572031,1.1102230246251565e-16,0.0,-1.000088900581841e-12,0,0,1.2,8.333333333333334e-05,-0.2,9.427605074275647,0.055172141470740364,-9.42561641654373,0.006027986466699713,9.426416822960856,-3.485859571045887,0.00013082925734453354,20.8034148137883,0.13862943611078898,0.0,0.2,Train015,10.0
117,5,3,0.00020833333333333335,0.0,8.187063161011443,0.28975708471228684,-2.8834405892783432,0.20214919645538676,2.8905179344756537,-7.0098249031550735,0.6660905913188483,47.72039426860704,1.0986122886651097,0,0,2.8,0.00019444444444444443,0.2,8.39456699145237,0.4283157305029226,-2.2484821956966243,0.11941195235210793,2.6481676723614607,1.8657874264574226,0.7323451050958941,59.086581854046905,1.0175192670436768,0.2,0.0,Train015,10.0
118,0,0,0.0,0.0,0.0,0.0,0.0,0.0,0.0,0.0,0.0,0.0,0.0,0,0,0.0,0.0,0.0,0.0,0.0,0.0,0.0,0.0,0.0,0.0,0.0,0.0,0.0,0.0,Train015,10.0
118,1,1,6.944444444444444e-05,0.0,7.944281568813093,0.0,-7.944014759210466,-0.0651087553996848,7.944281568813093,-7.754863866049959,1.1102230246251565e-16,0.0,-1.000088900581841e-12,0,0,1.0,6.944444444444444e-05,0.0,9.229410004116163,0.0,-9.227974878634129,-0.14338163216200642,9.229410004116163,-0.27648615497573203,4.4408920985006264e-17,0.0,-1.000088900581841e-12,0.0,0.0,Train015,10.0
118,2,0,0.0,0.0,0.0,0.0,0.0,0.0,0.0,0.0,0.0,0.0,0.0,0,0,0.0,0.0,-0.2,0.0,0.0,0.0,0.0,0.0,0.0,0.0,0.0,0.0,0.0,0.2,Train015,10.0
118,3,0,0.0,0.0,0.0,0.0,0.0,0.0,0.0,0.0,0.0,0.0,0.0,0,0,0.0,0.0,0.0,0.0,0.0,0.0,0.0,0.0,0.0,0.0,0.0,0.0,0.0,0.0,Train015,10.0
118,4,1,6.944444444444444e-05,0.0,7.728018080735984,0.0,-7.727846942611794,0.05143041656282105,7.728018080735984,-7.747431126283093,0.0,0.0,-1.000088900581841e-12,0,0,1.0,6.944444444444444e-05,-0.2,9.155042226014851,0.0,-9.15482130661091,0.0635352049521877,9.155042226014851,-3.2773498973153763,4.4408920985006264e-17,0.0,-1.000088900581841e-12,0.0,0.2,Train015,10.0
118,5,3,0.00020833333333333335,0.0,7.4520437362342165,0.27788033107085924,-2.6213669642456354,0.18877539547233338,2.628155419904636,-7.35019424777225,0.6660584753248963,47.69869611575108,1.0986122886651097,0,0,3.0,0.00020833333333333335,0.2,8.59064984701872,0.285845094559387,-2.9703578830273263,0.17116912451223265,2.9757009890793453,1.7377156952208925,0.6662600662761113,48.223870369860165,1.0986122886651097,0.2,0.0,Train015,10.0
119,0,0,0.0,0.0,0.0,0.0,0.0,0.0,0.0,0.0,0.0,0.0,0.0,0,0,0.0,0.0,0.0,0.0,0.0,0.0,0.0,0.0,0.0,0.0,0.0,0.0,0.0,0.0,Train015,10.0
119,1,0,0.0,-1.0,0.0,0.0,0.0,0.0,0.0,0.0,0.0,0.0,0.0,0,1,0.8,5.5555555555555545e-05,-0.2,7.235721218355835,0.0,-7.2352124416344905,-0.08261285605324932,7.235721218355835,-4.048324719977085,4.4408920985006264e-17,0.0,-8.000711204654728e-13,0.0,0.2,Train015,10.0
119,2,0,0.0,0.0,0.0,0.0,0.0,0.0,0.0,0.0,0.0,0.0,0.0,0,0,0.0,0.0,0.0,0.0,0.0,0.0,0.0,0.0,0.0,0.0,0.0,0.0,0.0,0.0,Train015,10.0
119,3,0,0.0,0.0,0.0,0.0,0.0,0.0,0.0,0.0,0.0,0.0,0.0,0,0,0.0,0.0,0.0,0.0,0.0,0.0,0.0,0.0,0.0,0.0,0.0,0.0,0.0,0.0,Train015,10.0
119,4,2,0.0001388888888888889,1.0,9.024237969263702,0.3412927014684559,-9.020959163704923,-0.005140261996220016,9.020960628199482,11.880881444891633,0.000363691237659447,44.48456662392068,0.6931471805579453,1,0,1.2,8.333333333333334e-05,0.2,8.905255791954685,0.06825854029369123,-8.904436709595661,0.04712264905926958,8.904600323741843,-2.714127828678755,7.27382475319116e-05,8.896913324784135,0.13862943611078898,0.2,0.0,Train015,10.0
119,5,3,0.00020833333333333335,0.0,9.155272766162781,0.309303762164496,-2.997840418252745,0.36936003309858195,3.0205088987388162,17.032290299285645,0.664709795129432,45.07988052091225,1.0986122886651097,0,0,3.0,0.00020833333333333335,0.0,8.608365744417535,0.28886757439446453,-2.9738567276380783,0.2294526763219255,2.983529729311781,0.17715897398815983,0.6658712615144218,47.32937952141347,1.0986122886651097,0.0,0.0,Train015,10.0
120,0,0,0.0,0.0,0.0,0.0,0.0,0.0,0.0,0.0,0.0,0.0,0.0,0,0,0.0,0.0,0.0,0.0,0.0,0.0,0.0,0.0,0.0,0.0,0.0,0.0,0.0,0.0,Train015,10.0
120,1,0,0.0,0.0,0.0,0.0,0.0,0.0,0.0,0.0,0.0,0.0,0.0,0,0,0.6,4.166666666666667e-05,-0.2,5.227660531863288,0.0,-5.2274185318345605,-0.0498815803794996,5.227660531863288,-4.1920437272993,4.4408920985006264e-17,0.0,-6.000533403491046e-13,0.0,0.2,Train015,10.0
120,2,0,0.0,0.0,0.0,0.0,0.0,0.0,0.0,0.0,0.0,0.0,0.0,0,0,0.0,0.0,0.0,0.0,0.0,0.0,0.0,0.0,0.0,0.0,0.0,0.0,0.0,0.0,Train015,10.0
120,3,0,0.0,0.0,0.0,0.0,0.0,0.0,0.0,0.0,0.0,0.0,0.0,0,0,0.0,0.0,0.0,0.0,0.0,0.0,0.0,0.0,0.0,0.0,0.0,0.0,0.0,0.0,Train015,10.0
120,4,2,0.0001388888888888889,0.0,8.906708099424264,0.4766100990258533,-8.900452496883991,-0.004225598946108411,8.900453499961388,-1.1752986983943714,0.0007042520072272351,44.08459495272634,0.6931471805579453,0,0,1.4,9.722222222222222e-05,0.2,8.690424090741947,0.16358056009886188,-8.68840236008388,0.03236654399474624,8.688517702636528,-2.3645805002044926,0.00021358864897735863,17.713832315329405,0.27725887222257806,0.2,0.0,Train015,10.0
120,5,3,0.00020833333333333335,0.0,9.196498980825554,0.34891723359432997,-2.9411437935678086,0.41016458403025197,2.969606337620384,0.4122621466277228,0.6642157000161832,44.173847752702876,1.0986122886651097,0,0,3.0,0.00020833333333333335,0.0,8.57578485911219,0.30361629456898864,-2.913320658134622,0.27526887100485864,2.927676071732711,-0.3258088530534541,0.6654479260164707,46.505487431225816,1.0986122886651097,0.0,0.0,Train015,10.0
121,0,0,0.0,0.0,0.0,0.0,0.0,0.0,0.0,0.0,0.0,0.0,0.0,0,0,0.0,0.0,0.0,0.0,0.0,0.0,0.0,0.0,0.0,0.0,0.0,0.0,0.0,0.0,Train015,10.0
121,1,0,0.0,0.0,0.0,0.0,0.0,0.0,0.0,0.0,0.0,0.0,0.0,0,0,0.4,2.777777777777778e-05,-0.2,3.3328099048462363,0.0,-3.3326850913968142,-0.028808175484901322,3.3328099048462363,-3.0599431325443227,4.4408920985006264e-17,0.0,-4.000355602327364e-13,0.0,0.2,Train015,10.0
121,2,0,0.0,0.0,0.0,0.0,0.0,0.0,0.0,0.0,0.0,0.0,0.0,0,0,0.0,0.0,0.0,0.0,0.0,0.0,0.0,0.0,0.0,0.0,0.0,0.0,0.0,0.0,Train015,10.0
121,3,0,0.0,0.0,0.0,0.0,0.0,0.0,0.0,0.0,0.0,0.0,0.0,0,0,0.0,0.0,0.0,0.0,0.0,0.0,0.0,0.0,0.0,0.0,0.0,0.0,0.0,0.0,Train015,10.0
121,4,2,0.0001388888888888889,0.0,8.341282241953857,0.49525284945714176,-8.334121195004542,-0.003648296210589763,8.334121993532923,-5.65425857470407,0.0008614491157677984,43.93584685519075,0.6931471805579453,0,0,1.6,0.00011111111111111112,0.2,8.50060151694842,0.26263112999029026,-8.497190156051186,0.019057972224024243,8.497263079158813,-2.1144892260123878,0.0003858784721309183,26.501001686367555,0.4158883083343672,0.2,0.0,Train015,10.0
121,5,3,0.00020833333333333335,0.0,8.662411155084238,0.3541977908657855,-2.7417710918830966,0.4000894883011083,2.7708086038077173,-5.340878257413155,0.6640234617542635,43.86715675236551,1.0986122886651097,0,0,3.0,0.00020833333333333335,0.0,8.530657959863646,0.3160112404815515,-2.837112571445526,0.3141077394715325,2.8559194389094413,-0.45126899248542396,0.6650196047087247,45.70799508206775,1.0986122886651097,0.0,0.0,Train015,10.0
122,0,0,0.0,0.0,0.0,0.0,0.0,0.0,0.0,0.0,0.0,0.0,0.0,0,0,0.0,0.0,0.0,0.0,0.0,0.0,0.0,0.0,0.0,0.0,0.0,0.0,0.0,0.0,Train015,10.0
122,1,0,0.0,0.0,0.0,0.0,0.0,0.0,0.0,0.0,0.0,0.0,0.0,0,0,0.2,1.388888888888889e-05,-0.2,1.5888563137626186,0.0,-1.5888029518420932,-0.013021751079936961,1.5888563137626186,-1.5509727732099918,2.2204460492503132e-17,0.0,-2.000177801163682e-13,0.0,0.2,Train015,10.0
122,2,0,0.0,0.0,0.0,0.0,0.0,0.0,0.0,0.0,0.0,0.0,0.0,0,0,0.0,0.0,0.0,0.0,0.0,0.0,0.0,0.0,0.0,0.0,0.0,0.0,0.0,0.0,Train015,10.0
122,3,0,0.0,0.0,0.0,0.0,0.0,0.0,0.0,0.0,0.0,0.0,0.0,0,0,0.0,0.0,0.0,0.0,0.0,0.0,0.0,0.0,0.0,0.0,0.0,0.0,0.0,0.0,Train015,10.0
122,4,2,0.0001388888888888889,0.0,7.653592584083116,0.4724086626541464,-7.646504890054799,-0.0032266620737178564,7.646505570846077,-6.8768965787074166,0.0009295150358440418,43.882858444690726,0.6931471805579453,0,0,1.8,0.000125,0.2,8.330767795092184,0.3571128625211195,-8.32597693765201,0.007037919467237003,8.32601195465517,-1.9146007066394648,0.0005717814792997045,35.2775733753057,0.5545177444461562,0.2,0.0,Train015,10.0
122,5,3,0.00020833333333333335,0.0,7.962322191901738,0.3416310109912219,-2.5067843301831765,0.3729718185359541,2.5343787513854226,-7.000889631824994,0.6639449057149833,43.77842996396961,1.0986122886651097,0,0,3.0,0.00020833333333333335,0.0,8.485709766041706,0.32638602573733855,-2.7617813196264924,0.3482722638876459,2.784691602291395,-0.4494819382194081,0.6645904675879517,44.919602221140266,1.0986122886651097,0.0,0.0,Train015,10.0
123,0,0,0.0,0.0,0.0,0.0,0.0,0.0,0.0,0.0,0.0,0.0,0.0,0,0,0.0,0.0,0.0,0.0,0.0,0.0,0.0,0.0,0.0,0.0,0.0,0.0,0.0,0.0,Train015,10.0
123,1,0,0.0,0.0,0.0,0.0,0.0,0.0,0.0,0.0,0.0,0.0,0.0,0,0,0.0,0.0,-0.2,0.0,0.0,0.0,0.0,0.0,0.0,0.0,0.0,0.0,0.0,0.2,Train015,10.0
123,2,0,0.0,0.0,0.0,0.0,0.0,0.0,0.0,0.0,0.0,0.0,0.0,0,0,0.0,0.0,0.0,0.0,0.0,0.0,0.0,0.0,0.0,0.0,0.0,0.0,0.0,0.0,Train015,10.0
123,3,0,0.0,0.0,0.0,0.0,0.0,0.0,0.0,0.0,0.0,0.0,0.0,0,0,0.0,0.0,0.0,0.0,0.0,0.0,0.0,0.0,0.0,0.0,0.0,0.0,0.0,0.0,Train015,10.0
123,4,2,0.0001388888888888889,0.0,6.963995014563581,0.43655765542179426,-6.95734508096883,-0.002886091044945749,6.957345679582314,-6.895975695195342,0.0009585849719425665,43.86619245144856,0.6931471805579453,0,0,2.0,0.0001388888888888889,0.2,8.177963181857702,0.4444243936054784,-8.171876565323418,-0.003825382054316358,8.171877474424438,-1.7443096204219146,0.0007634984736882178,44.05081186559541,0.6931471805579453,0.2,0.0,Train015,10.0
123,5,3,0.00020833333333333335,0.0,7.247183175870693,0.3215020192766329,-2.2745512789524014,0.3415516232217652,2.3000523976443294,-7.151390160310453,0.6639121020299836,43.76941348078148,1.0986122886651097,0,0,3.0,0.00020833333333333335,0.0,8.444737653969,0.33511036337849326,-2.6924181825678453,0.3788275094375323,2.719070997839334,-0.4097211207270487,0.6641611929289691,44.13374569414634,1.0986122886651097,0.0,0.0,Train015,10.0
124,0,0,0.0,0.0,0.0,0.0,0.0,0.0,0.0,0.0,0.0,0.0,0.0,0,0,0.0,0.0,0.0,0.0,0.0,0.0,0.0,0.0,0.0,0.0,0.0,0.0,0.0,0.0,Train015,10.0
124,1,0,0.0,0.0,0.0,0.0,0.0,0.0,0.0,0.0,0.0,0.0,0.0,0,0,0.0,0.0,0.0,0.0,0.0,0.0,0.0,0.0,0.0,0.0,0.0,0.0,0.0,0.0,Train015,10.0
124,2,0,0.0,0.0,0.0,0.0,0.0,0.0,0.0,0.0,0.0,0.0,0.0,0,0,0.0,0.0,0.0,0.0,0.0,0.0,0.0,0.0,0.0,0.0,0.0,0.0,0.0,0.0,Train015,10.0
124,3,1,6.944444444444444e-05,1.0,0.0,0.0,0.0,0.0,0.0,0.0,0.0,0.0,-1.000088900581841e-12,1,0,0.2,1.388888888888889e-05,0.2,0.0,0.0,0.0,0.0,0.0,0.0,0.0,0.0,-2.000177801163682e-13,0.2,0.0,Train015,10.0
124,4,2,0.0001388888888888889,0.0,9.9908933529344,0.8412169729493799,-9.990877468839841,-0.0025375767980939656,9.990877791098617,30.26898338370819,1.568723293932095e-06,42.98859042272017,0.6931471805579453,0,0,2.0,0.0001388888888888889,0.0,8.371294258591842,0.5444092479016632,-8.365860226350401,-0.0033048450146911474,8.365860907004265,1.9333107673413963,0.0006910739708151148,43.75161662535531,0.6931471805579453,0.0,0.0,Train015,10.0
124,5,3,0.00020833333333333335,0.0,8.840235218607752,0.4862403000095707,-2.955616889834623,0.31049946370522036,2.971881746711487,15.930520427370594,0.6651017669972793,41.822522787003116,1.0986122886651097,0,0,3.0,0.00020833333333333335,0.0,8.381730144457993,0.3704976709475082,-2.683973476884221,0.36705539555885996,2.7093455674338682,-0.6300750951100585,0.6642395873025386,43.48227414736452,1.0986122886651097,0.0,0.0,Train015,10.0
125,0,0,0.0,0.0,0.0,0.0,0.0,0.0,0.0,0.0,0.0,0.0,0.0,0,0,0.0,0.0,0.0,0.0,0.0,0.0,0.0,0.0,0.0,0.0,0.0,0.0,0.0,0.0,Train015,10.0
125,1,0,0.0,0.0,0.0,0.0,0.0,0.0,0.0,0.0,0.0,0.0,0.0,0,0,0.0,0.0,0.0,0.0,0.0,0.0,0.0,0.0,0.0,0.0,0.0,0.0,0.0,0.0,Train015,10.0
125,2,0,0.0,0.0,0.0,0.0,0.0,0.0,0.0,0.0,0.0,0.0,0.0,0,0,0.0,0.0,0.0,0.0,0.0,0.0,0.0,0.0,0.0,0.0,0.0,0.0,0.0,0.0,Train015,10.0
125,3,1,6.944444444444444e-05,0.0,0.0,0.0,0.0,0.0,0.0,0.0,0.0,0.0,-1.000088900581841e-12,0,0,0.4,2.777777777777778e-05,0.2,0.0,0.0,0.0,0.0,0.0,0.0,0.0,0.0,-4.000355602327364e-13,0.2,0.0,Train015,10.0
125,4,2,0.0001388888888888889,0.0,10.455659258230927,0.9317282959495126,-10.454869311401287,-0.002273541797993231,10.454869558606303,4.647659052965256,7.613303520859205e-05,42.66338244075099,0.6931471805579453,0,0,2.0,0.0001388888888888889,0.0,8.681084490353175,0.635432887286395,-8.67674358925386,-0.0029144335850681117,8.676744118733248,3.0979023176133222,0.0005654501764113862,43.46737412296024,0.6931471805579453,0.0,0.0,Train015,10.0
125,5,3,0.00020833333333333335,0.0,8.868742823029327,0.5354749350761155,-3.0141277535606217,0.2814116914287356,3.0272361412445483,0.2850760442157411,0.6653814093167039,41.18805140718759,1.0986122886651097,0,0,3.0,0.00020833333333333335,0.0,8.31617891289875,0.4078092112438654,-2.6985702688827837,0.34130481703855675,2.720871528158701,-0.6555123155924557,0.6644727291626428,42.88511487826146,1.0986122886651097,0.0,0.0,Train015,10.0
126,0,0,0.0,0.0,0.0,0.0,0.0,0.0,0.0,0.0,0.0,0.0,0.0,0,0,0.0,0.0,0.0,0.0,0.0,0.0,0.0,0.0,0.0,0.0,0.0,0.0,0.0,0.0,Train015,10.0
126,1,0,0.0,0.0,0.0,0.0,0.0,0.0,0.0,0.0,0.0,0.0,0.0,0,0,0.0,0.0,0.0,0.0,0.0,0.0,0.0,0.0,0.0,0.0,0.0,0.0,0.0,0.0,Train015,10.0
126,2,0,0.0,0.0,0.0,0.0,0.0,0.0,0.0,0.0,0.0,0.0,0.0,0,0,0.0,0.0,0.0,0.0,0.0,0.0,0.0,0.0,0.0,0.0,0.0,0.0,0.0,0.0,Train015,10.0
126,3,1,6.944444444444444e-05,0.0,0.0,0.0,0.0,0.0,0.0,0.0,0.0,0.0,-1.000088900581841e-12,0,0,0.6,4.1666666666666665e-05,0.2,0.0,0.0,0.0,0.0,0.0,0.0,0.0,0.0,-6.000533403491046e-13,0.2,0.0,Train015,10.0
126,4,2,0.0001388888888888889,0.0,10.001176741143132,0.9081312359049569,-9.999905767257976,-0.002050708651111649,9.999905977530254,-4.544825170877944,0.0001281178185946752,42.54610066547162,0.6931471805579453,0,0,2.0,0.0001388888888888889,0.0,9.013063390191032,0.7180085645759581,-9.009900503704547,-0.002594916073172489,9.009900915532715,3.3197889983785474,0.00041878391697676155,43.18942488501641,0.6931471805579453,0.0,0.0,Train015,10.0
126,5,3,0.00020833333333333335,0.0,8.353894826313217,0.5245755336431878,-2.8546366589104166,0.2547245809271644,2.8659789019676585,-5.148479967161099,0.6654774794181055,40.98047941649321,1.0986122886651097,0,0,3.0,0.00020833333333333335,0.0,8.254475647144545,0.44188475979934577,-2.721143382288248,0.31223183556376793,2.7399055877906893,-0.6170326575420445,0.6647635326954111,42.307779411087,1.0986122886651097,0.0,0.0,Train015,10.0
127,0,0,0.0,0.0,0.0,0.0,0.0,0.0,0.0,0.0,0.0,0.0,0.0,0,0,0.0,0.0,0.0,0.0,0.0,0.0,0.0,0.0,0.0,0.0,0.0,0.0,0.0,0.0,Train015,10.0
127,1,0,0.0,0.0,0.0,0.0,0.0,0.0,0.0,0.0,0.0,0.0,0.0,0,0,0.0,0.0,0.0,0.0,0.0,0.0,0.0,0.0,0.0,0.0,0.0,0.0,0.0,0.0,Train015,10.0
127,2,0,0.0,0.0,0.0,0.0,0.0,0.0,0.0,0.0,0.0,0.0,0.0,0,0,0.0,0.0,0.0,0.0,0.0,0.0,0.0,0.0,0.0,0.0,0.0,0.0,0.0,0.0,Train015,10.0
127,3,1,6.944444444444444e-05,0.0,0.0,0.0,0.0,0.0,0.0,0.0,0.0,0.0,-1.000088900581841e-12,0,0,0.8,5.555555555555556e-05,0.2,0.0,0.0,0.0,0.0,0.0,0.0,0.0,0.0,-8.000711204654728e-13,0.2,0.0,Train015,10.0
127,4,2,0.0001388888888888889,0.0,9.25427391486495,0.8463799284663676,-9.252877187914525,-0.0018539620925773354,9.252877373650017,-7.469028262781823,0.00015218073197198478,42.50743956016428,0.6931471805579453,0,0,2.0,0.0001388888888888889,0.0,9.333199656347398,0.7928028177384023,-9.331174963276492,-0.0023203760769443848,9.331175276093502,3.2013626615636652,0.0002633170562023501,42.914341108111124,0.6931471805579453,0.0,0.0,Train015,10.0
127,5,3,0.00020833333333333335,0.0,7.681564398163155,0.4916704991150603,-2.6296340951256174,0.2304466718844593,2.639712321983164,-6.723304281500617,0.6655149463120058,40.92257180737815,1.0986122886651097,0,0,3.0,0.00020833333333333335,0.0,8.198324088396827,0.47189265742411346,-2.7457133352767356,0.28372680623346896,2.760972301910237,-0.5615155874771691,0.6650775408148156,41.73660777976871,1.0986122886651097,0.0,0.0,Train015,10.0
128,0,0,0.0,0.0,0.0,0.0,0.0,0.0,0.0,0.0,0.0,0.0,0.0,0,0,0.0,0.0,0.0,0.0,0.0,0.0,0.0,0.0,0.0,0.0,0.0,0.0,0.0,0.0,Train015,10.0
128,1,1,6.944444444444444e-05,1.0,7.674835808138052,0.0,-7.673317683734801,-0.1526447062981858,7.674835808138052,-7.330581782605297,0.0,0.0,-1.000088900581841e-12,1,0,0.2,1.388888888888889e-05,0.2,1.5349671616276104,0.0,-1.5346635367469603,-0.03052894125963716,1.5349671616276104,-1.4661163565210593,0.0,0.0,-2.000177801163682e-13,0.2,0.0,Train015,10.0
128,2,0,0.0,0.0,0.0,0.0,0.0,0.0,0.0,0.0,0.0,0.0,0.0,0,0,0.0,0.0,0.0,0.0,0.0,0.0,0.0,0.0,0.0,0.0,0.0,0.0,0.0,0.0,Train015,10.0
128,3,1,6.944444444444444e-05,0.0,0.0,0.0,0.0,0.0,0.0,0.0,0.0,0.0,-1.000088900581841e-12,0,0,1.0,6.944444444444444e-05,0.2,0.0,0.0,0.0,0.0,0.0,0.0,0.0,0.0,-1.000088900581841e-12,0.2,0.0,Train015,10.0
128,4,1,6.944444444444444e-05,-1.0,9.224931117432547,0.0,-9.22372303278468,0.14929010634561632,9.224931117432547,-8.757227258987701,0.0,0.0,-1.000088900581841e-12,0,1,1.8,0.00012499999999999998,-0.2,9.78538687692119,0.7054912866540434,-9.784450553639662,0.028114863401168026,9.784692363663549,2.829112348805194,7.160006181383682e-05,34.14110261782141,0.5545177444461562,0.0,0.2,Train015,10.0
128,5,3,0.00020833333333333335,0.0,6.994643531083661,0.45248244886532774,-2.3955920790867125,0.20843795136034035,2.4046429649638825,-6.86920867079493,0.6655302966446754,40.918568404053566,1.0986122886651097,0,0,3.0,0.00020833333333333335,0.0,8.147816159439424,0.49808874334185244,-2.769921495303598,0.257104071861184,2.7818904153741477,-0.5050792895740646,0.665401179737754,41.16643876442313,1.0986122886651097,0.0,0.0,Train015,10.0
129,0,0,0.0,0.0,0.0,0.0,0.0,0.0,0.0,0.0,0.0,0.0,0.0,0,0,0.0,0.0,0.0,0.0,0.0,0.0,0.0,0.0,0.0,0.0,0.0,0.0,0.0,0.0,Train015,10.0
129,1,1,6.944444444444444e-05,0.0,9.618838229427784,0.0,-9.6178122932874,-0.14048336197279782,9.618838229427784,19.440024212897313,0.0,0.0,-1.000088900581841e-12,0,0,0.4,2.777777777777778e-05,0.2,3.458734807513167,0.0,-3.4582259954044403,-0.05862561365419672,3.458734807513167,2.4218884860584033,0.0,0.0,-4.000355602327364e-13,0.2,0.0,Train015,10.0
129,2,0,0.0,0.0,0.0,0.0,0.0,0.0,0.0,0.0,0.0,0.0,0.0,0,0,0.0,0.0,0.0,0.0,0.0,0.0,0.0,0.0,0.0,0.0,0.0,0.0,0.0,0.0,Train015,10.0
129,3,2,0.0001388888888888889,1.0,5.611759556418927,5.611759556418927,-5.5887132185678245,0.5080648380516204,5.611759556418927,112.23519112837855,0.9546855788280587,12.161650071861294,0.6931471805579453,1,0,1.2,8.333333333333333e-05,0.2,1.1223519112837854,1.1223519112837854,-1.117742643713565,0.10161296761032408,1.1223519112837854,22.44703822567571,0.19093711576561173,2.432330014372259,0.13862943611078898,0.2,0.0,Train015,10.0
129,4,1,6.944444444444444e-05,0.0,10.14486240528111,0.0,-10.143931254705869,0.13744788789735335,10.14486240528111,9.199312878485628,0.0,0.0,-1.000088900581841e-12,0,0,1.6,0.00011111111111111112,-0.2,9.816180687390531,0.5372478920641675,-9.815061310812867,0.05611195634025749,9.815489286500046,-1.3848217522393185,7.12863171550504e-05,25.54338453327738,0.4158883083343671,0.0,0.2,Train015,10.0
129,5,3,0.00020833333333333335,0.0,9.197156668615131,0.465368791994456,-3.4585085142666467,-0.007861352341768843,3.458517448866715,22.025131375314704,0.6666564459003461,38.786329416965756,1.0986122886651097,0,0,3.0,0.00020833333333333335,0.0,8.2192004494409,0.49391444173882953,-2.870499820190003,0.19343190865178617,2.8792175558051936,0.7138429000147575,0.6657121155183674,40.55920009041565,1.0986122886651097,0.0,0.0,Train015,10.0
130,0,0,0.0,0.0,0.0,0.0,0.0,0.0,0.0,0.0,0.0,0.0,0.0,0,0,0.0,0.0,0.0,0.0,0.0,0.0,0.0,0.0,0.0,0.0,0.0,0.0,0.0,0.0,Train015,10.0
130,1,1,6.944444444444444e-05,0.0,9.726868417243464,0.0,-9.726026343833565,-0.12798736431330054,9.726868417243464,1.0803018781568063,0.0,0.0,-1.000088900581841e-12,0,0,0.6,4.1666666666666665e-05,0.2,5.40410849096186,0.0,-5.403431264171154,-0.08422308651685684,5.40410849096186,2.6379488616897646,0.0,0.0,-6.000533403491046e-13,0.2,0.0,Train015,10.0
130,2,0,0.0,0.0,0.0,0.0,0.0,0.0,0.0,0.0,0.0,0.0,0.0,0,0,0.0,0.0,0.0,0.0,0.0,0.0,0.0,0.0,0.0,0.0,0.0,0.0,0.0,0.0,Train015,10.0
130,3,2,0.0001388888888888889,0.0,5.861012028248918,5.861012028248918,-5.836942061958595,0.5306310965416945,5.861012028248918,2.4925247182999133,0.9546855788280583,13.06158085168271,0.6931471805579453,0,0,1.4,9.722222222222222e-05,0.2,2.2945543169335694,2.2945543169335694,-2.285131056105284,0.20773918691866297,2.2945543169335694,22.945543169335693,0.3818742315312234,5.0446461847088,0.27725887222257806,0.2,0.0,Train015,10.0
130,4,1,6.944444444444444e-05,0.0,9.86641146706774,0.0,-9.865616555029472,0.12524067475947306,9.86641146706774,-2.7845093821336953,0.0,0.0,-1.000088900581841e-12,0,0,1.4,9.722222222222222e-05,-0.2,9.698331129157896,0.3509022328742649,-9.697210759538503,0.08161479965175075,9.697797668192333,-2.8712554392591088,5.6059710113331994e-05,17.01070804512718,0.27725887222257806,0.0,0.2,Train015,10.0
130,5,3,0.00020833333333333335,0.0,9.419677035705806,0.6603115993481904,-3.6216351570148118,-0.08246196804187333,3.622573834540718,2.2252036709067426,0.6664877670685282,38.11333144956608,1.0986122886651097,0,0,3.0,0.00020833333333333335,0.0,8.329387291976193,0.5188817745932445,-2.9920013008808413,0.12065717675766437,2.9982850944644275,1.1018684253529578,0.6659333870687322,39.94425609889136,1.0986122886651097,0.0,0.0,Train015,10.0
131,0,0,0.0,0.0,0.0,0.0,0.0,0.0,0.0,0.0,0.0,0.0,0.0,0,0,0.0,0.0,0.0,0.0,0.0,0.0,0.0,0.0,0.0,0.0,0.0,0.0,0.0,0.0,Train015,10.0
131,1,1,6.944444444444444e-05,0.0,9.191364030476828,0.0,-9.1906306036785,-0.11611135806391108,9.191364030476828,-5.35504386766636,0.0,0.0,-1.000088900581841e-12,0,0,0.8,5.555555555555556e-05,0.2,7.242381297057226,0.0,-7.241557384906853,-0.10744535812963904,7.242381297057226,1.5669400881564925,0.0,0.0,-8.000711204654728e-13,0.2,0.0,Train015,10.0
131,2,0,0.0,0.0,0.0,0.0,0.0,0.0,0.0,0.0,0.0,0.0,0.0,0,0,0.0,0.0,0.0,0.0,0.0,0.0,0.0,0.0,0.0,0.0,0.0,0.0,0.0,0.0,Train015,10.0
131,3,2,0.0001388888888888889,0.0,5.154151628586858,5.154151628586858,-5.132984592014104,0.46663496291037454,5.154151628586858,-7.068603996620606,0.9546855788280586,13.35579043447237,0.6931471805579453,0,0,1.6,0.00011111111111111112,0.2,3.3253846426509406,3.3253846426509406,-3.3117279745081047,0.3010661795007379,3.3253846426509406,21.53182237001157,0.5728113472968351,7.715804271603275,0.4158883083343672,0.2,0.0,Train015,10.0
131,4,1,6.944444444444444e-05,0.0,9.188512975661439,0.0,-9.187810392436722,0.11362612609075912,9.188512975661439,-6.778984914063013,0.0,0.0,-1.000088900581841e-12,0,0,1.2,8.333333333333333e-05,-0.2,9.535798376061557,0.16927598569327357,-9.534791684574254,0.1047501666001249,9.53551906781857,-3.318087387896122,3.0436146394396955e-05,8.501487912032855,0.13862943611078898,0.0,0.2,Train015,10.0
131,5,3,0.00020833333333333335,0.0,8.941040090940435,0.6923908896592899,-3.4637666341726328,-0.10349482558130814,3.465312464256249,-4.786369447653733,0.6663750379788076,37.89004513956233,1.0986122886651097,0,0,3.0,0.00020833333333333335,0.0,8.446816344901638,0.5524448457964649,-3.1138272959332842,0.04901329545596987,3.118151806922145,1.1742905292544308,0.6661128987808727,39.326169243505184,1.0986122886651097,0.0,0.0,Train015,10.0
132,0,0,0.0,0.0,0.0,0.0,0.0,0.0,0.0,0.0,0.0,0.0,0.0,0,0,0.0,0.0,0.0,0.0,0.0,0.0,0.0,0.0,0.0,0.0,0.0,0.0,0.0,0.0,Train015,10.0
132,1,1,6.944444444444444e-05,0.0,8.464078957357318,0.0,-8.463425786975549,-0.10515010573578393,8.464078957357318,-7.272850731195106,1.1102230246251565e-16,0.0,-1.000088900581841e-12,0,0,1.0,6.944444444444444e-05,0.2,8.935197088528689,0.0,-8.934242542301963,-0.12847537927679584,8.935197088528689,0.1123699419174713,2.2204460492503132e-17,0.0,-1.000088900581841e-12,0.2,0.0,Train015,10.0
132,2,0,0.0,0.0,0.0,0.0,0.0,0.0,0.0,0.0,0.0,0.0,0.0,0,0,0.0,0.0,0.0,0.0,0.0,0.0,0.0,0.0,0.0,0.0,0.0,0.0,0.0,0.0,Train015,10.0
132,3,2,0.0001388888888888889,0.0,4.392114576238839,4.392114576238839,-4.374077068504038,0.3976433698640013,4.392114576238839,-7.620370523480187,0.9546855788280589,13.426441017876027,0.6931471805579453,0,0,1.8,0.000125,0.2,4.203807557898708,4.203807557898708,-4.1865433882089125,0.3805948534735381,4.203807557898708,20.007748265315534,0.7637484630624469,10.40109247517848,0.5545177444461562,0.2,0.0,Train015,10.0
132,4,1,6.944444444444444e-05,0.0,8.411945360058615,0.0,-8.411315949488557,0.10290159615419572,8.411945360058615,-7.765676156028238,0.0,0.0,-1.000088900581841e-12,0,0,1.0,6.944444444444444e-05,-0.2,9.36733266510029,0.0,-9.366479436889062,0.12570127824947952,9.367332665100289,-3.3774169665454052,0.0,0.0,-1.000088900581841e-12,0.0,0.2,Train015,10.0
132,5,3,0.00020833333333333335,0.0,8.247513122306595,0.6621274916815947,-3.2042072541812807,-0.10469886591056086,3.2059173383402917,-6.93526968633838,0.6663224110549972,37.82085094924411,1.0986122886651097,0,0,3.0,0.00020833333333333335,0.0,8.560006089730326,0.5865362443097718,-3.228741927744417,-0.018015812103034164,3.2313928101935714,1.1318974482868782,0.6662743917294709,38.705825071878365,1.0986122886651097,0.0,0.0,Train015,10.0
133,0,0,0.0,0.0,0.0,0.0,0.0,0.0,0.0,0.0,0.0,0.0,0.0,0,0,0.0,0.0,0.0,0.0,0.0,0.0,0.0,0.0,0.0,0.0,0.0,0.0,0.0,0.0,Train015,10.0
133,1,1,6.944444444444444e-05,0.0,7.713084166214314,0.0,-7.712497225287316,-0.09515201018061505,7.713084166214314,-7.509947911430039,0.0,0.0,-1.000088900581841e-12,0,0,1.0,6.944444444444444e-05,0.0,8.942846760143942,0.0,-8.942078450612467,-0.11697684005328168,8.942846760143942,0.07649671615252274,2.2204460492503132e-17,0.0,-1.000088900581841e-12,0.0,0.0,Train015,10.0
133,2,0,0.0,0.0,0.0,0.0,0.0,0.0,0.0,0.0,0.0,0.0,0.0,0,0,0.0,0.0,0.0,0.0,0.0,0.0,0.0,0.0,0.0,0.0,0.0,0.0,0.0,0.0,Train015,10.0
133,3,2,0.0001388888888888889,0.0,3.743562349348405,3.743562349348405,-3.728188311704354,0.3389262101549359,3.743562349348405,-6.48552226890434,0.9546855788280594,13.421798604152384,0.6931471805579453,0,0,2.0,0.0001388888888888889,0.2,4.952520027768389,4.952520027768389,-4.932181050549783,0.4483800955045253,4.952520027768389,18.710643811534666,0.9546855788280588,13.085452196008955,0.6931471805579453,0.2,0.0,Train015,10.0
133,4,1,6.944444444444444e-05,0.0,7.646893774524701,0.0,-7.646326796161466,0.09311780263605152,7.646893774524701,-7.650515855339144,0.0,0.0,-1.000088900581841e-12,0,0,1.0,6.944444444444444e-05,0.0,9.05172519651872,0.0,-9.051000189564416,0.11446681750756656,9.05172519651872,-3.1560746858156943,0.0,0.0,-1.000088900581841e-12,0.0,0.0,Train015,10.0
133,5,3,0.00020833333333333335,0.0,7.520474566789749,0.6119786476028777,-2.924872627150636,-0.09895044495126952,2.9265459291818945,-7.270385555168467,0.6662993686513343,37.807209047782344,1.0986122886651097,0,0,3.0,0.00020833333333333335,0.0,8.665172296871543,0.6184354840572818,-3.334598037357202,-0.07949349136535613,3.335773403037173,1.0516620714121712,0.6664282061308027,38.083553200624124,1.0986122886651097,0.0,0.0,Train015,10.0
134,0,0,0.0,0.0,0.0,0.0,0.0,0.0,0.0,0.0,0.0,0.0,0.0,0,0,0.0,0.0,0.0,0.0,0.0,0.0,0.0,0.0,0.0,0.0,0.0,0.0,0.0,0.0,Train015,10.0
134,1,1,6.944444444444444e-05,0.0,8.765259421571008,0.0,-8.764836761465451,-0.08607712996570163,8.765259421571008,10.521752553566941,1.1102230246251565e-16,0.0,-1.000088900581841e-12,0,0,1.0,6.944444444444444e-05,0.0,8.772130998572587,0.0,-8.771483344248077,-0.10609559365186245,8.772130998572587,-1.7071576157135517,4.4408920985006264e-17,0.0,-1.000088900581841e-12,0.0,0.0,Train015,10.0
134,2,0,0.0,0.0,0.0,0.0,0.0,0.0,0.0,0.0,0.0,0.0,0.0,0,0,0.0,0.0,0.0,0.0,0.0,0.0,0.0,0.0,0.0,0.0,0.0,0.0,0.0,0.0,Train015,10.0
134,3,3,0.00020833333333333335,1.0,5.335936284424832,3.9868242269523573,-5.220100143065969,0.8715587454831809,5.292358656635581,42.60342077288844,0.6602885206730504,39.434181820434645,1.0986122886651097,1,0,2.2,0.00015277777777777777,0.2,4.89735537336957,4.627532961875075,-4.858458435449412,0.5210788769908374,4.88863984781172,4.784289740436644,0.8958061671970571,18.53995854572363,0.7742402021793782,0.2,0.0,Train015,10.0
134,4,1,6.944444444444444e-05,0.0,9.294599629206118,0.0,-9.286877600954695,0.3787963729030424,9.294599629206118,16.477058546814174,1.1102230246251565e-16,0.0,-1.000088900581841e-12,0,0,1.0,6.944444444444444e-05,0.0,8.881672641303723,0.0,-8.879589458814182,0.16273651450870436,8.881672641303723,-1.7005255521499856,2.2204460492503132e-17,0.0,-1.000088900581841e-12,0.0,0.0,Train015,10.0
134,5,3,0.00020833333333333335,0.0,9.575382174300795,0.06417733280045129,-3.246227010758076,0.10524023247128544,3.2479324672637393,20.54907607511046,0.6665099459774887,37.21585905626975,1.0986122886651097,0,0,3.0,0.00020833333333333335,0.0,8.740817398008677,0.5381971922184807,-3.292141736655487,-0.05687317440274529,3.293656406716578,0.7564510113713219,0.6663989061462312,37.769459128484925,1.0986122886651097,0.0,0.0,Train015,10.0
135,0,0,0.0,0.0,0.0,0.0,0.0,0.0,0.0,0.0,0.0,0.0,0.0,0,0,0.0,0.0,0.0,0.0,0.0,0.0,0.0,0.0,0.0,0.0,0.0,0.0,0.0,0.0,Train015,10.0
135,1,1,6.944444444444444e-05,0.0,8.614050449489003,0.0,-8.613698590025505,-0.07785721889673339,8.614050449489003,-1.5120897208200468,1.1102230246251565e-16,0.0,-1.000088900581841e-12,0,0,1.0,6.944444444444444e-05,0.0,8.549567405021694,0.0,-8.549017793486463,-0.09606956456854901,8.549567405021694,-2.2256359355089224,6.661338147750939e-17,0.0,-1.000088900581841e-12,0.0,0.0,Train015,10.0
135,2,0,0.0,0.0,0.0,0.0,0.0,0.0,0.0,0.0,0.0,0.0,0.0,0,0,0.0,0.0,0.0,0.0,0.0,0.0,0.0,0.0,0.0,0.0,0.0,0.0,0.0,0.0,Train015,10.0
135,3,3,0.00020833333333333335,0.0,5.376564013518606,3.9590185500438664,-5.257235634767638,0.8758253574880323,5.329690101337012,0.4062772909377325,0.6610378153824576,39.324016576566144,1.0986122886651097,0,0,2.4,0.0001666666666666667,0.2,4.800465770423508,4.247134266234065,-4.742517150011221,0.5901177291801051,4.782375462429338,4.367040254964208,0.837076614507937,23.792445690700315,0.855333223800811,0.2,0.0,Train015,10.0
135,4,1,6.944444444444444e-05,0.0,9.320221658828086,0.0,-9.3090786263202,0.4556170526621459,9.320221658828086,0.25622029621967357,0.0,0.0,-1.000088900581841e-12,0,0,1.0,6.944444444444444e-05,0.0,8.772434679655792,0.0,-8.768281873072329,0.22881179008923894,8.772434679655792,-1.0923796164793114,2.2204460492503132e-17,0.0,-1.000088900581841e-12,0.0,0.0,Train015,10.0
135,5,3,0.00020833333333333335,0.0,9.725346245344323,0.13819548734342274,-3.165971851499377,0.169898339743532,3.1705272763901595,1.4996407104352787,0.6662539164032178,37.27221969027088,1.0986122886651097,0,0,3.0,0.00020833333333333335,0.0,8.80195123993638,0.4337739698175273,-3.2010090755524003,-0.0064011128456642145,3.203247095086467,0.6113384192770297,0.6663521360131692,37.60123677662588,1.0986122886651097,0.0,0.0,Train015,10.0
136,0,0,0.0,0.0,0.0,0.0,0.0,0.0,0.0,0.0,0.0,0.0,0.0,0,0,0.0,0.0,0.0,0.0,0.0,0.0,0.0,0.0,0.0,0.0,0.0,0.0,0.0,0.0,Train015,10.0
136,1,1,6.944444444444444e-05,0.0,8.054134933275531,0.0,-8.053827090053923,-0.07041822862567507,8.054134933275531,-5.599155162134721,0.0,0.0,-1.000088900581841e-12,0,0,1.0,6.944444444444444e-05,0.0,8.322121585581435,0.0,-8.321657090761548,-0.08693093868090182,8.322121585581435,-2.2744581944025946,6.661338147750939e-17,0.0,-1.000088900581841e-12,0.0,0.0,Train015,10.0
136,2,0,0.0,0.0,0.0,0.0,0.0,0.0,0.0,0.0,0.0,0.0,0.0,0,0,0.0,0.0,0.0,0.0,0.0,0.0,0.0,0.0,0.0,0.0,0.0,0.0,0.0,0.0,Train015,10.0
136,3,3,0.00020833333333333335,0.0,4.844184676970236,3.601799042983884,-4.739454803030559,0.7692897179570218,4.801482948019688,-5.323793365483711,0.6612970367339586,39.29407346611627,1.0986122886651097,0,0,2.6,0.00018055555555555557,0.2,4.738472380100184,3.93666374911347,-4.663811192214512,0.6506486801894343,4.711841726315905,4.716002381191587,0.778398906089117,28.980102297029095,0.936426245422244,0.2,0.0,Train015,10.0
136,4,1,6.944444444444444e-05,0.0,8.780196663758971,0.0,-8.76837686055335,0.4554346117685345,8.780196663758971,-5.4002499506911406,0.0,0.0,-1.000088900581841e-12,0,0,1.0,6.944444444444444e-05,0.0,8.690771417275297,0.0,-8.684395166695655,0.29717348722479403,8.690771417275297,-0.8166326238049368,2.2204460492503132e-17,0.0,-1.000088900581841e-12,0.0,0.0,Train015,10.0
136,5,3,0.00020833333333333335,0.0,9.204267754124269,0.1983088357836901,-2.951283890893995,0.18232682695185054,2.9569104951751126,-5.210784912200541,0.6661347708297325,37.33202402032475,1.0986122886651097,0,0,3.0,0.00020833333333333335,0.0,8.854596772573148,0.3349575590424073,-3.098512526896673,0.050763217660967516,3.1015667012702393,0.5264553263676681,0.6663040825833542,37.48963255277837,1.0986122886651097,0.0,0.0,Train015,10.0
137,0,0,0.0,0.0,0.0,0.0,0.0,0.0,0.0,0.0,0.0,0.0,0.0,0,0,0.0,0.0,0.0,0.0,0.0,0.0,0.0,0.0,0.0,0.0,0.0,0.0,0.0,0.0,Train015,10.0
137,1,1,6.944444444444444e-05,0.0,7.385370943097116,0.0,-7.385096326201895,-0.06368845941342499,7.385370943097116,-6.68763990178415,0.0,0.0,-1.000088900581841e-12,0,0,1.0,6.944444444444444e-05,0.0,8.106379982729395,0.0,-8.105991198606818,-0.07863860941643003,8.106379982729395,-2.1574160285204034,4.4408920985006264e-17,0.0,-1.000088900581841e-12,0.0,0.0,Train015,10.0
137,2,0,0.0,0.0,0.0,0.0,0.0,0.0,0.0,0.0,0.0,0.0,0.0,0,0,0.0,0.0,0.0,0.0,0.0,0.0,0.0,0.0,0.0,0.0,0.0,0.0,0.0,0.0,Train015,10.0
137,3,3,0.00020833333333333335,0.0,4.2560944192476216,3.206233644615256,-4.1668066813207085,0.6596276046445376,4.218694880683834,-5.880902577226135,0.6613974104606112,39.28878977926462,1.0986122886651097,0,0,2.8,0.00019444444444444443,0.2,4.711268348701941,3.699487562788754,-4.622357114777846,0.7030455271455417,4.677157787204903,5.063895970442397,0.7197412724156275,34.15257204930681,1.0175192670436768,0.2,0.0,Train015,10.0
137,4,1,6.944444444444444e-05,0.0,8.075570898090582,0.0,-8.064192308088545,0.42854141953032604,8.075570898090582,-7.046257656683892,0.0,0.0,-1.000088900581841e-12,0,0,1.0,6.944444444444444e-05,0.0,8.623496524881691,0.0,-8.61497043841565,0.36230145190002006,8.623496524881691,-0.6727489239360676,2.2204460492503132e-17,0.0,-1.000088900581841e-12,0.0,0.0,Train015,10.0
137,5,3,0.00020833333333333335,0.0,8.481010952368,0.20790605127137274,-2.7026993109509587,0.17589849920604864,2.708417221817519,-7.232568017562671,0.6660836420456906,37.357474874396615,1.0986122886651097,0,0,3.0,0.00020833333333333335,0.0,8.901296338585428,0.24411327096036292,-2.9982109382506086,0.10688269068428942,3.002066677965685,0.4669956601228099,0.6662563287814928,37.39695733780887,1.0986122886651097,0.0,0.0,Train015,10.0
138,0,0,0.0,0.0,0.0,0.0,0.0,0.0,0.0,0.0,0.0,0.0,0.0,0,0,0.0,0.0,0.0,0.0,0.0,0.0,0.0,0.0,0.0,0.0,0.0,0.0,0.0,0.0,Train015,10.0
138,1,1,6.944444444444444e-05,0.0,6.718229765784859,0.0,-6.717982828337857,-0.05760125029340962,6.718229765784859,-6.671411773122573,0.0,0.0,-1.000088900581841e-12,0,0,1.0,6.944444444444444e-05,0.0,7.907409102643503,0.0,-7.907088319216927,-0.07112845743898893,7.907409102643503,-1.98970880085891,4.4408920985006264e-17,0.0,-1.000088900581841e-12,0.0,0.0,Train015,10.0
138,2,0,0.0,0.0,0.0,0.0,0.0,0.0,0.0,0.0,0.0,0.0,0.0,0,0,0.0,0.0,0.0,0.0,0.0,0.0,0.0,0.0,0.0,0.0,0.0,0.0,0.0,0.0,Train015,10.0
138,3,3,0.00020833333333333335,0.0,3.728703533007714,2.844046676927614,-3.6525176335715415,0.5664041177437689,3.696173519756364,-5.27390886239908,0.6614380313475549,39.29061735309836,1.0986122886651097,0,0,3.0,0.00020833333333333335,0.2,4.708296585433802,3.519584428304596,-4.607222979151283,0.7485411086633083,4.667680021286496,5.306218651743449,0.6610917629195265,39.32633579909601,1.0986122886651097,0.2,0.0,Train015,10.0
138,4,1,6.944444444444444e-05,0.0,7.35531987635181,0.0,-7.344761622978282,0.3939634311474047,7.35531987635181,-7.202510217387719,1.1102230246251565e-16,0.0,-1.000088900581841e-12,0,0,1.0,6.944444444444444e-05,0.0,8.565181745247113,0.0,-8.554657403779014,0.4224705776022907,8.565181745247113,-0.5831477963457825,4.4408920985006264e-17,0.0,-1.000088900581841e-12,0.0,0.0,Train015,10.0
138,5,3,0.00020833333333333335,0.0,7.730252187918911,0.19922349138929693,-2.457060978184798,0.16330526339291354,2.4624819308109176,-7.507587644490901,0.666061912707228,37.365311768498934,1.0986122886651097,0,0,3.0,0.00020833333333333335,0.0,8.94325186281126,0.16156223971764677,-2.904648608457441,0.159333832353126,2.90925387829149,0.41955524225832336,0.6662088375926716,37.30857788195219,1.0986122886651097,0.0,0.0,Train015,10.0
139,0,0,0.0,0.0,0.0,0.0,0.0,0.0,0.0,0.0,0.0,0.0,0.0,0,0,0.0,0.0,0.0,0.0,0.0,0.0,0.0,0.0,0.0,0.0,0.0,0.0,0.0,0.0,Train015,10.0
139,1,1,6.944444444444444e-05,0.0,9.631498297417918,0.0,-9.625258457335944,-0.34663970148721956,9.631498297417918,29.132685316330598,0.0,0.0,-1.000088900581841e-12,0,0,1.0,6.944444444444444e-05,0.0,8.080656877812885,0.0,-8.079172658391025,-0.12324097174329252,8.080656877812885,1.7324777516938212,2.2204460492503132e-17,0.0,-1.000088900581841e-12,0.0,0.0,Train015,10.0
139,2,0,0.0,0.0,0.0,0.0,0.0,0.0,0.0,0.0,0.0,0.0,0.0,0,0,0.0,0.0,0.0,0.0,0.0,0.0,0.0,0.0,0.0,0.0,0.0,0.0,0.0,0.0,Train015,10.0
139,3,3,0.00020833333333333335,0.0,6.659945871191481,4.1685974169964055,-5.981766310147573,-0.07563584938233957,5.9822444760247215,29.31242338183767,0.6666389537016952,38.0724856106747,1.0986122886651097,0,0,3.0,0.00020833333333333335,0.0,4.973098502787132,3.5559390663134054,-4.759556212567604,0.5591021896902042,4.805657185164324,2.648019173533295,0.6623618495252556,39.05399655714402,1.0986122886651097,0.0,0.0,Train015,10.0
139,4,1,6.944444444444444e-05,0.0,10.197222242539848,0.0,-10.197020106509003,0.06420600595386523,10.197222242539848,28.419023661880374,1.1102230246251565e-16,0.0,-1.000088900581841e-12,0,0,1.0,6.944444444444444e-05,0.0,8.74570626791386,0.0,-8.736685904889876,0.35955250421245527,8.745706267913858,1.805245226667458,4.4408920985006264e-17,0.0,-1.000088900581841e-12,0.0,0.0,Train015,10.0
139,5,3,0.00020833333333333335,0.0,9.081651593485505,0.7334579637331893,-3.7005782076101057,-0.14543227248551266,3.7034348403231183,13.513994055665941,0.6669586746761844,37.45407414330634,1.0986122886651097,0,0,3.0,0.00020833333333333335,0.0,8.8445057466482,0.29541836590419435,-2.9955188478278467,0.1091993313617664,3.0003543529033654,-0.9874611616305803,0.6662985833324108,37.356220899359506,1.0986122886651097,0.0,0.0,Train015,10.0
140,0,0,0.0,0.0,0.0,0.0,0.0,0.0,0.0,0.0,0.0,0.0,0.0,0,0,0.0,0.0,0.0,0.0,0.0,0.0,0.0,0.0,0.0,0.0,0.0,0.0,0.0,0.0,Train015,10.0
140,1,1,6.944444444444444e-05,0.0,10.076174204966888,0.0,-10.067142824809288,-0.42652309870741056,10.076174204966888,4.446759075489695,1.1102230246251565e-16,0.0,-1.000088900581841e-12,0,0,1.0,6.944444444444444e-05,0.0,8.373081628908462,0.0,-8.369861505347782,-0.19297414770542795,8.373081628908462,2.9242475109557695,2.2204460492503132e-17,0.0,-1.000088900581841e-12,0.0,0.0,Train015,10.0
140,2,0,0.0,0.0,0.0,0.0,0.0,0.0,0.0,0.0,0.0,0.0,0.0,0,0,0.0,0.0,0.0,0.0,0.0,0.0,0.0,0.0,0.0,0.0,0.0,0.0,0.0,0.0,Train015,10.0
140,3,3,0.00020833333333333335,0.0,7.062488313737938,4.418960645274317,-6.346606766899565,-0.2676031954650486,6.352245974761876,4.025424425464576,0.6663157992296875,37.65737149525504,1.0986122886651097,0,0,3.0,0.00020833333333333335,0.0,5.310283362830998,3.647927485359495,-4.97743043899399,0.330416479099588,5.010168359849297,3.371848600438664,0.6634174462947015,38.72066754088179,1.0986122886651097,0.0,0.0,Train015,10.0
140,4,1,6.944444444444444e-05,0.0,10.586253282929865,0.0,-10.586115506503052,-0.05400975207280993,10.586253282929865,3.890310403900177,0.0,0.0,-1.000088900581841e-12,0,0,1.0,6.944444444444444e-05,0.0,8.998912592734214,0.0,-8.992093280926447,0.2576271432654641,8.998912592734216,2.5320632482035577,4.4408920985006264e-17,0.0,-1.000088900581841e-12,0.0,0.0,Train015,10.0
140,5,3,0.00020833333333333335,0.0,9.018602276929778,0.9798871294069353,-3.9138941960258884,-0.2439748431296422,3.921490979431837,-0.6304931655572776,0.6665151058850278,37.57334682045076,1.0986122886651097,0,0,3.0,0.00020833333333333335,0.0,8.703156952965292,0.4637566943168968,-3.1451033167331492,0.02642469478713157,3.150547093511701,-1.4134879368290916,0.6663508212287728,37.41644632539548,1.0986122886651097,0.0,0.0,Train015,10.0
141,0,0,0.0,0.0,0.0,0.0,0.0,0.0,0.0,0.0,0.0,0.0,0.0,0,0,0.0,0.0,0.0,0.0,0.0,0.0,0.0,0.0,0.0,0.0,0.0,0.0,0.0,0.0,Train015,10.0
141,1,1,6.944444444444444e-05,0.0,9.637002902750782,0.0,-9.627444215834746,-0.4291186533082519,9.637002902750782,-4.391713022161063,1.1102230246251565e-16,0.0,-1.000088900581841e-12,0,0,1.0,6.944444444444444e-05,0.0,8.689655222803513,0.0,-8.684584930503945,-0.2647142326419433,8.689655222803513,3.165735938950501,4.4408920985006264e-17,0.0,-1.000088900581841e-12,0.0,0.0,Train015,10.0
141,2,0,0.0,0.0,0.0,0.0,0.0,0.0,0.0,0.0,0.0,0.0,0.0,0,0,0.0,0.0,0.0,0.0,0.0,0.0,0.0,0.0,0.0,0.0,0.0,0.0,0.0,0.0,Train015,10.0
141,3,3,0.00020833333333333335,0.0,6.6715257778332315,4.234189271103871,-6.037718024348673,-0.3080759916637092,6.045572740293878,-3.9096253590470647,0.6661358893924876,37.51850610258263,1.0986122886651097,0,0,3.0,0.00020833333333333335,0.0,5.675751583003597,3.7744055309834925,-5.237083083257612,0.1149433371754418,5.258986318304134,3.6546822017259926,0.6643852168264072,38.36555406817507,1.0986122886651097,0.0,0.0,Train015,10.0
141,4,1,6.944444444444444e-05,0.0,10.097934910458893,0.0,-10.097517156405853,-0.09185168454573728,10.097934910458893,-4.883183724709728,0.0,0.0,-1.000088900581841e-12,0,0,1.0,6.944444444444444e-05,0.0,9.2624602420742,0.0,-9.257921340096946,0.14816988400260975,9.2624602420742,2.6354764933998402,4.4408920985006264e-17,0.0,-1.000088900581841e-12,0.0,0.0,Train015,10.0
141,5,3,0.00020833333333333335,0.0,8.46566464185589,1.0082074694760286,-3.757227339383718,-0.2637844063395289,3.766475739048421,-5.5293763507388745,0.6662495476205985,37.55252623511377,1.0986122886651097,0,0,3.0,0.00020833333333333335,0.0,8.555436330511617,0.6257364210553645,-3.306292006431094,-0.0627975518711443,3.312460142286363,-1.4772062245367583,0.6663737765869459,37.46054676835329,1.0986122886651097,0.0,0.0,Train015,10.0
142,0,1,6.944444444444444e-05,1.0,10.130795573791984,0.0,-10.128982656024792,-0.19164892880521583,10.130795573791984,-8.920365970109092,1.1102230246251565e-16,0.0,-1.000088900581841e-12,1,0,0.2,1.388888888888889e-05,0.2,2.026159114758397,0.0,-2.0257965312049584,-0.03832978576104316,2.026159114758397,-1.784073194021817,2.2204460492503132e-17,0.0,-2.000177801163682e-13,0.2,0.0,Train015,10.0
142,1,1,6.944444444444444e-05,0.0,8.916906880270854,0.0,-8.90771651079123,-0.4047405030374648,8.916906880270854,-7.200960224799271,1.1102230246251565e-16,0.0,-1.000088900581841e-12,0,0,1.0,6.944444444444444e-05,0.0,8.99596241023826,0.0,-8.989108967421812,-0.33292464136675126,8.99596241023826,3.0630718743474765,6.661338147750939e-17,0.0,-1.000088900581841e-12,0.0,0.0,Train015,10.0
142,2,0,0.0,0.0,0.0,0.0,0.0,0.0,0.0,0.0,0.0,0.0,0.0,0,0,0.0,0.0,0.0,0.0,0.0,0.0,0.0,0.0,0.0,0.0,0.0,0.0,0.0,0.0,Train015,10.0
142,3,2,0.0001388888888888889,-1.0,4.049127370928331,3.253840631200325,-3.2367824380975665,-0.3525400068809878,3.2559246010969716,-4.4674521042007065,0.9516699978660988,92.60873200598543,0.6931471805579453,0,1,2.8,0.00019444444444444443,-0.2,5.63435817333974,3.783926928300507,-5.051078234612984,-0.08749018512966326,5.066432262386762,3.937372296331079,0.7224397343075049,49.02954251351923,1.0175192670436768,0.0,0.2,Train015,10.0
142,4,1,6.944444444444444e-05,0.0,9.333654124724672,0.0,-9.333122980976437,-0.09957279728614045,9.333654124724672,-7.642807857342202,1.1102230246251565e-16,0.0,-1.000088900581841e-12,0,0,1.0,6.944444444444444e-05,0.0,9.514076887401018,0.0,-9.511707474674527,0.04254704063931645,9.514076887401018,2.5161664532681782,6.661338147750939e-17,0.0,-1.000088900581841e-12,0.0,0.0,Train015,10.0
142,5,3,0.00020833333333333335,0.0,7.775040088682682,0.9586444125166613,-3.4814401111330056,-0.2551108176762264,3.490774523898848,-6.906245531732094,0.6661261351916343,37.528818644385304,1.0986122886651097,0,0,3.0,0.00020833333333333335,0.0,8.414242157774554,0.7758840933044222,-3.462040166467503,-0.14899941524759933,3.4689316027026287,-1.411941727370643,0.6663822752161346,37.494815522351026,1.0986122886651097,0.0,0.0,Train015,10.0
143,0,1,6.944444444444444e-05,0.0,9.189116779607511,0.0,-9.187376004088367,-0.17885566461698962,9.189116779607511,-9.416787941844724,1.1102230246251565e-16,0.0,-1.000088900581841e-12,0,0,0.4,2.777777777777778e-05,0.2,3.863982470679899,0.0,-3.863271732022632,-0.07410091868444109,3.863982470679899,-3.667430782390762,4.4408920985006264e-17,0.0,-4.000355602327364e-13,0.2,0.0,Train015,10.0
143,1,1,6.944444444444444e-05,0.0,8.141732968615656,0.0,-8.133210051829394,-0.3724378942379718,8.141732968615656,-7.751739116551981,0.0,0.0,-1.000088900581841e-12,0,0,1.0,6.944444444444444e-05,0.0,9.28066305080442,0.0,-9.27215441212012,-0.3958919701556637,9.28066305080442,2.8470064056615954,6.661338147750939e-17,0.0,-1.000088900581841e-12,0.0,0.0,Train015,10.0
143,2,0,0.0,0.0,0.0,0.0,0.0,0.0,0.0,0.0,0.0,0.0,0.0,0,0,0.0,0.0,0.0,0.0,0.0,0.0,0.0,0.0,0.0,0.0,0.0,0.0,0.0,0.0,Train015,10.0
143,3,2,0.0001388888888888889,0.0,3.608229480869893,2.9303770605600126,-2.9143504277712067,-0.32331871741585805,2.932230108446752,-4.40897890058438,0.950491639936103,92.59223168589699,0.6931471805579453,0,0,2.6,0.00018055555555555557,-0.2,5.610263362912175,3.801193005026987,-4.903444793452917,-0.2654347521615886,4.913643580124839,4.110358288694019,0.7802504560252145,59.689865380078956,0.936426245422244,0.0,0.2,Train015,10.0
143,4,1,6.944444444444444e-05,0.0,8.518597359969542,0.0,-8.518052044639344,-0.09638644145075215,8.518597359969542,-8.150567647551306,0.0,0.0,-1.000088900581841e-12,0,0,1.0,6.944444444444444e-05,0.0,9.746732384124565,0.0,-9.746365559006737,-0.055522933880314915,9.746732384124563,2.326554967235461,4.4408920985006264e-17,0.0,-1.000088900581841e-12,0.0,0.0,Train015,10.0
143,5,3,0.00020833333333333335,0.0,7.077302885758108,0.884943381656964,-3.1805870016055926,-0.23706680455823204,3.18940971726837,-6.977372029245732,0.6660720419027735,37.526381851304464,1.0986122886651097,0,0,3.0,0.00020833333333333335,0.0,8.283652297342393,0.9130280713579557,-3.606745371151662,-0.22907382883782845,3.614317159994118,-1.3058986043216092,0.6663843010552437,37.527029538912124,1.0986122886651097,0.0,0.0,Train015,10.0
144,0,1,6.944444444444444e-05,0.0,10.789684986647915,0.0,-10.788448357156051,-0.16335285755785978,10.789684986647915,16.005682070404035,0.0,0.0,-1.000088900581841e-12,0,0,0.6,4.1666666666666665e-05,0.2,6.021919468009481,0.0,-6.020961403453842,-0.10677149019601304,6.021919468009481,-0.46629436830995485,4.4408920985006264e-17,0.0,-6.000533403491046e-13,0.2,0.0,Train015,10.0
144,1,1,6.944444444444444e-05,0.0,9.741774703363744,0.0,-9.74167194759015,-0.04474412400396338,9.741774703363744,16.000417347480873,0.0,0.0,-1.000088900581841e-12,0,0,1.0,6.944444444444444e-05,0.0,9.302718331993585,0.0,-9.295437110170962,-0.3355128546590125,9.302718331993585,0.22055281189165044,6.661338147750939e-17,0.0,-1.000088900581841e-12,0.0,0.0,Train015,10.0
144,2,0,0.0,0.0,0.0,0.0,0.0,0.0,0.0,0.0,0.0,0.0,0.0,0,0,0.0,0.0,0.0,0.0,0.0,0.0,0.0,0.0,0.0,0.0,0.0,0.0,0.0,0.0,Train015,10.0
144,3,2,0.0001388888888888889,0.0,7.573193325625704,2.0298759978182903,-2.024627626484349,0.22443914175863838,2.0370296891005304,39.64963844755812,0.9766220058630463,85.22410554950287,0.6931471805579453,0,0,2.4,0.0001666666666666667,-0.2,5.792912853799019,3.3734487211913633,-4.112017056720272,-0.20541975393339307,4.124600622740002,6.177801301838108,0.8422470664574846,69.12018936784459,0.855333223800811,0.0,0.2,Train015,10.0
144,4,1,6.944444444444444e-05,0.0,10.68083886100136,0.0,-10.678872456224415,0.204943500429686,10.68083886100136,21.622415010318186,0.0,0.0,-1.000088900581841e-12,0,0,1.0,6.944444444444444e-05,0.0,9.843455707816867,0.0,-9.84273602894982,-0.02737543498515076,9.843455707816867,0.9672332369230233,2.2204460492503132e-17,0.0,-1.000088900581841e-12,0.0,0.0,Train015,10.0
144,5,3,0.00020833333333333335,0.0,9.361449960644748,0.6460485975574184,-3.6746229407007043,-0.020400107704034182,3.674679567080404,22.84147074886641,0.6664717350398361,36.36302540745805,1.0986122886651097,0,0,3.0,0.00020833333333333335,0.0,8.339611970774241,0.8955461981228016,-3.6015543177697813,-0.20406739588153275,3.608566105345576,0.5595967343184846,0.6662869131279742,37.308819791742465,1.0986122886651097,0.0,0.0,Train015,10.0
145,0,1,6.944444444444444e-05,0.0,10.670193595392796,0.0,-10.66916740809859,-0.1479803403437488,10.670193595392796,-1.1949139125511898,1.1102230246251565e-16,0.0,-1.000088900581841e-12,0,0,0.8,5.555555555555556e-05,0.2,8.155958187088041,0.0,-8.15479488507356,-0.1363675582647628,8.155958187088041,-0.7052771508201928,6.661338147750939e-17,0.0,-8.000711204654728e-13,0.2,0.0,Train015,10.0
145,1,1,6.944444444444444e-05,0.0,9.726241479242844,0.0,-9.725977862372524,0.07160958862904424,9.726241479242844,-0.15533224120899192,0.0,0.0,-1.000088900581841e-12,0,0,1.0,6.944444444444444e-05,0.0,9.232731786848776,0.0,-9.227204117683609,-0.23588631719172154,9.232731786848776,-0.6998654514480869,4.4408920985006264e-17,0.0,-1.000088900581841e-12,0.0,0.0,Train015,10.0
145,2,0,0.0,0.0,0.0,0.0,0.0,0.0,0.0,0.0,0.0,0.0,0.0,0,0,0.0,0.0,0.0,0.0,0.0,0.0,0.0,0.0,0.0,0.0,0.0,0.0,0.0,0.0,Train015,10.0
145,3,2,0.0001388888888888889,0.0,8.279369691325908,1.7249441247641153,-1.7096432555374719,0.39094830963082977,1.7537732584367822,7.061763657002023,0.960892108776911,82.49987631364367,0.6931471805579453,0,0,2.2,0.00015277777777777777,-0.2,6.036289129316613,2.8346454170893223,-3.184624354447853,-0.07370945291421738,3.204906079474983,6.785069148145598,0.9011623283669292,78.08869033152232,0.7742402021793782,0.0,0.2,Train015,10.0
145,4,1,6.944444444444444e-05,0.0,10.803741221701408,0.0,-10.79964602624215,0.2974392263342872,10.803741221701408,1.2290236070004745,0.0,0.0,-1.000088900581841e-12,0,0,1.0,6.944444444444444e-05,0.0,9.886953295571175,0.0,-9.88544213289764,0.042914360696268666,9.886953295571175,0.43497587754308287,2.2204460492503132e-17,0.0,-1.000088900581841e-12,0.0,0.0,Train015,10.0
145,5,3,0.00020833333333333335,0.0,9.6071977455237,0.5925480721288902,-3.629507124189016,0.05598251551633574,3.629938843366698,2.457477848789521,0.6665641935588142,36.13724925412101,1.0986122886651097,0,0,3.0,0.00020833333333333335,0.0,8.457331064493026,0.8180783866671923,-3.544676903402407,-0.14407592415233714,3.5502556781325483,1.1771909371878444,0.6662967306627313,37.02160027847653,1.0986122886651097,0.0,0.0,Train015,10.0
146,0,1,6.944444444444444e-05,0.0,9.97635009154078,0.0,-9.97545465827836,-0.13366192284380182,9.97635009154078,-6.938435038520154,1.1102230246251565e-16,0.0,-1.000088900581841e-12,0,0,1.0,6.944444444444444e-05,0.2,10.151228205396198,0.0,-10.149885816729233,-0.16309994283352316,10.151228205396198,-2.092964158524224,8.881784197001253e-17,0.0,-1.000088900581841e-12,0.2,0.0,Train015,10.0
146,1,1,6.944444444444444e-05,0.0,9.148220569395972,0.0,-9.147585773050842,0.10776878489332212,9.148220569395972,-5.78020909846872,0.0,0.0,-1.000088900581841e-12,0,0,1.0,6.944444444444444e-05,0.0,9.134975320177814,0.0,-9.131232429126829,-0.12850882955140672,9.134975320177814,-0.9775646667096183,2.2204460492503132e-17,0.0,-1.000088900581841e-12,0.0,0.0,Train015,10.0
146,2,0,0.0,0.0,0.0,0.0,0.0,0.0,0.0,0.0,0.0,0.0,0.0,0,0,0.0,0.0,0.0,0.0,0.0,0.0,0.0,0.0,0.0,0.0,0.0,0.0,0.0,0.0,Train015,10.0
146,3,2,0.0001388888888888889,0.0,7.921573290107975,1.5651942984413743,-1.5464693360974393,0.42105669647503163,1.6027651572005555,-3.577964012179309,0.955572554179313,81.53258737934141,0.6931471805579453,0,0,2.0,0.0001388888888888889,-0.2,6.286298631771563,2.3008464225568237,-2.2863746167976067,0.07211708471353079,2.316344562856318,6.851401417519147,0.9590496613242945,86.89150658687407,0.6931471805579453,0.0,0.2,Train015,10.0
146,4,1,6.944444444444444e-05,0.0,10.21012865736458,0.0,-10.20536003555819,0.31201561590599103,10.21012865736458,-5.936125643368282,1.1102230246251565e-16,0.0,-1.000088900581841e-12,0,0,1.0,6.944444444444444e-05,0.0,9.909392044952313,0.0,-9.907010708728107,0.12368782078661433,9.909392044952313,0.224387493811372,4.4408920985006264e-17,0.0,-1.000088900581841e-12,0.0,0.0,Train015,10.0
146,5,3,0.00020833333333333335,0.0,9.126907935540222,0.5507754709148471,-3.3999876886698632,0.07918805494999875,3.400909735813846,-4.8028980998347786,0.6665917929130379,36.077477563295226,1.0986122886651097,0,0,3.0,0.00020833333333333335,0.0,8.589579723229892,0.7265919869549562,-3.473228973259636,-0.07548143189443164,3.4771424774856334,1.3224865873686635,0.6663651797212192,36.72659054411282,1.0986122886651097,0.0,0.0,Train015,10.0
147,0,1,6.944444444444444e-05,0.0,9.13194048579001,0.0,-9.131143777482345,-0.12062483556930978,9.13194048579001,-8.44409605750771,0.0,0.0,-1.000088900581841e-12,0,0,1.0,6.944444444444444e-05,0.0,9.951457187795802,0.0,-9.950318041020743,-0.14889512418634196,9.951457187795802,-1.9977101760039475,6.661338147750939e-17,0.0,-1.000088900581841e-12,0.0,0.0,Train015,10.0
147,1,1,6.944444444444444e-05,0.0,8.408768245595137,0.0,-8.40799587377108,0.11396839376606246,8.408768245595137,-7.39452323800835,0.0,0.0,-1.000088900581841e-12,0,0,1.0,6.944444444444444e-05,0.0,9.033347593242672,0.0,-9.0312883017228,-0.024767050190701273,9.033347593242672,-1.0162772693514341,0.0,0.0,-1.000088900581841e-12,0.0,0.0,Train015,10.0
147,2,0,0.0,0.0,0.0,0.0,0.0,0.0,0.0,0.0,0.0,0.0,0.0,0,0,0.0,0.0,0.0,0.0,0.0,0.0,0.0,0.0,0.0,0.0,0.0,0.0,0.0,0.0,Train015,10.0
147,3,2,0.0001388888888888889,0.0,7.262826484958597,1.4416219805178878,-1.4228129007626897,0.40418916849777453,1.4791096762943787,-6.587468051493786,0.9535149668733577,81.2260288993564,0.6931471805579453,0,0,2.0,0.0001388888888888889,0.0,6.929038454577615,1.9384026924203361,-1.9235807093306314,0.2234629197892833,1.9609815778957995,6.427398228060534,0.9594186551257462,84.61496596554827,0.6931471805579453,0.0,0.0,Train015,10.0
147,4,1,6.944444444444444e-05,0.0,9.402685768051136,0.0,-9.397940300039057,0.2986934375127364,9.402685768051136,-8.074428893134442,0.0,0.0,-1.000088900581841e-12,0,0,1.0,6.944444444444444e-05,0.0,9.923198373617605,0.0,-9.91997417254063,0.2033410677463897,9.923198373617605,0.13806328665292397,2.2204460492503132e-17,0.0,-1.000088900581841e-12,0.0,0.0,Train015,10.0
147,5,3,0.00020833333333333335,0.0,8.422601913963456,0.5055514693640862,-3.1200145802556407,0.0825744614991723,3.121107098883289,-7.0430602157676665,0.6666017634978803,36.05661551772636,1.0986122886651097,0,0,3.0,0.00020833333333333335,0.0,8.719092088286047,0.6359733983244411,-3.4009438670841634,-0.007944376059351896,3.4032089924825213,1.2951236505615489,0.6664603053824684,36.43214991878102,1.0986122886651097,0.0,0.0,Train015,10.0
148,0,1,6.944444444444444e-05,0.0,8.289715797311379,0.0,-8.289001098541034,-0.1088521409038643,8.289715797311379,-8.422246884786304,0.0,0.0,-1.000088900581841e-12,0,0,1.0,6.944444444444444e-05,0.0,9.771576991336577,0.0,-9.770643059911276,-0.13489441944371688,9.771576991336577,-1.7988019645922635,4.4408920985006264e-17,0.0,-1.000088900581841e-12,0.0,0.0,Train015,10.0
148,1,0,0.0,-1.0,0.0,0.0,0.0,0.0,0.0,0.0,0.0,0.0,0.0,0,1,0.8,5.555555555555556e-05,-0.2,7.405000999519541,0.0,-7.40464629135692,0.04972052865689309,7.405000999519541,0.5340705539589621,0.0,0.0,-8.000711204654728e-13,0.0,0.2,Train015,10.0
148,2,0,0.0,0.0,0.0,0.0,0.0,0.0,0.0,0.0,0.0,0.0,0.0,0,0,0.0,0.0,0.0,0.0,0.0,0.0,0.0,0.0,0.0,0.0,0.0,0.0,0.0,0.0,Train015,10.0
148,3,2,0.0001388888888888889,0.0,6.56178928159356,1.328222748780893,-1.3105537513420473,0.3729563096217223,1.3625885453956255,-7.010372033650376,0.9526775608791882,81.16392067034093,0.6931471805579453,0,0,2.0,0.0001388888888888889,0.0,7.51975041472235,1.617971830064512,-1.6028213740447996,0.3627179251967993,1.6470532652855745,5.907119601447334,0.9598558393143632,82.32930376243705,0.6931471805579453,0.0,0.0,Train015,10.0
148,4,2,0.0001388888888888889,1.0,8.112700249106876,0.4558838821317375,-8.110078642902897,0.19294032602893132,8.11237336193779,-7.930267577162615,4.0420905178306654e-05,42.12666938956579,0.6931471805579453,1,0,1.2,8.333333333333333e-05,0.2,9.842018951445072,0.09117677642634754,-9.838379492193344,0.26120642124232635,9.841953574011255,0.18212330073066205,8.084181035683536e-06,8.425333877913157,0.13862943611078898,0.2,0.0,Train015,10.0
148,5,3,0.00020833333333333335,0.0,7.682008147845731,0.460314400921939,-2.8390361466262157,0.07888431849555853,2.8401318591844884,-7.405937661177265,0.66660570538066,36.04769196680679,1.0986122886651097,0,0,3.0,0.00020833333333333335,0.0,8.840033140703571,0.5510476021774362,-3.332633696088288,0.05524584855140622,3.3333534208657456,1.2094105241752424,0.6665670380780457,36.13641194188149,1.0986122886651097,0.0,0.0,Train015,10.0
149,0,1,6.944444444444444e-05,0.0,10.808936221333575,0.0,-10.808489685958405,-0.0982494040068232,10.808936221333575,25.192204240221958,0.0,0.0,-1.000088900581841e-12,0,0,1.0,6.944444444444444e-05,0.0,9.775427238273709,0.0,-9.774651325671746,-0.12187372873350957,9.775427238273709,0.03850246937132127,4.4408920985006264e-17,0.0,-1.000088900581841e-12,0.0,0.0,Train015,10.0
149,1,0,0.0,0.0,0.0,0.0,0.0,0.0,0.0,0.0,0.0,0.0,0.0,0,0,0.6,4.1666666666666665e-05,-0.2,5.4566460588467915,0.0,-5.456311901838889,0.05866935345768576,5.4566460588467915,-2.6660129155372125,0.0,0.0,-6.000533403491046e-13,0.0,0.2,Train015,10.0
149,2,0,0.0,0.0,0.0,0.0,0.0,0.0,0.0,0.0,0.0,0.0,0.0,0,0,0.0,0.0,0.0,0.0,0.0,0.0,0.0,0.0,0.0,0.0,0.0,0.0,0.0,0.0,Train015,10.0
149,3,2,0.0001388888888888889,0.0,7.382004318902707,0.981330662801843,-0.9675604537409774,0.3390800089750889,1.0252553263114474,8.202150373091479,0.9594229452635683,78.26405728828463,0.6931471805579453,0,0,2.0,0.0001388888888888889,0.0,7.48151261337775,1.4082627630612226,-1.3914079394961252,0.3856460986400894,1.444698392727758,-0.38237801344599376,0.9564160271944676,80.9372941101934,0.6931471805579453,0.0,0.0,Train015,10.0
149,4,2,0.0001388888888888889,0.0,8.983489384391856,0.5573846084512573,-8.977165365231933,0.3241995974129619,8.983017498239803,8.7078913528498,5.27311594290536e-05,41.747836497632214,0.6931471805579453,0,0,1.4,9.722222222222222e-05,0.2,9.502549056123172,0.202653698116599,-9.498038073994845,0.28505764063898154,9.502389301458944,-2.4007814307630158,1.8630412921494255e-05,16.774901177439602,0.27725887222257806,0.2,0.0,Train015,10.0
149,5,3,0.00020833333333333335,0.0,9.225119482673014,0.619201076241684,-3.6543554675554453,0.17113775740994122,3.6583605638678756,15.431113348272829,0.6665772481110981,37.183701458139105,1.0986122886651097,0,0,3.0,0.00020833333333333335,0.0,8.812767045109226,0.5456780979142893,-3.3285802014592365,0.0935534215742013,3.3300896202232395,-0.27266095594347384,0.6665881406922981,36.3005471520177,1.0986122886651097,0.0,0.0,Train015,10.0
