frame_idx,zone_id,count,density,delta_count,speed_mean,speed_std,flow_x,flow_y,flow_magnitude,accel_mean,flow_divergence,compression,spatial_entropy,zone_inflow,zone_outflow,count_sm,density_sm,delta_count_sm,speed_mean_sm,speed_std_sm,flow_x_sm,flow_y_sm,flow_magnitude_sm,accel_mean_sm,flow_divergence_sm,compression_sm,spatial_entropy_sm,zone_inflow_sm,zone_outflow_sm,vid_id,fps
0,0,3,0.00020833333333333335,0.0,0.0,0.0,0.0,0.0,0.0,0.0,0.0,24.21388235744394,1.0986122886651097,3,0,3.0,0.00020833333333333335,0.0,0.0,0.0,0.0,0.0,0.0,0.0,0.0,24.21388235744394,1.0986122886651097,3.0,0.0,Train010,10.0
0,1,2,0.0001388888888888889,0.0,0.0,0.0,0.0,0.0,0.0,0.0,0.0,84.53697415923993,0.6931471805579453,2,0,2.0,0.0001388888888888889,0.0,0.0,0.0,0.0,0.0,0.0,0.0,0.0,84.53697415923993,0.6931471805579453,2.0,0.0,Train010,10.0
0,2,0,0.0,0.0,0.0,0.0,0.0,0.0,0.0,0.0,0.0,0.0,0.0,0,0,0.0,0.0,0.0,0.0,0.0,0.0,0.0,0.0,0.0,0.0,0.0,0.0,0.0,0.0,Train010,10.0
0,3,2,0.0001388888888888889,0.0,0.0,0.0,0.0,0.0,0.0,0.0,0.0,43.54882317583335,0.6931471805579453,2,0,2.0,0.0001388888888888889,0.0,0.0,0.0,0.0,0.0,0.0,0.0,0.0,43.54882317583335,0.6931471805579453,2.0,0.0,Train010,10.0
0,4,2,0.0001388888888888889,0.0,0.0,0.0,0.0,0.0,0.0,0.0,0.0,10.307764064044152,0.6931471805579453,2,0,2.0,0.0001388888888888889,0.0,0.0,0.0,0.0,0.0,0.0,0.0,0.0,10.307764064044152,0.6931471805579453,2.0,0.0,Train010,10.0
0,5,0,0.0,0.0,0.0,0.0,0.0,0.0,0.0,0.0,0.0,0.0,0.0,0,0,0.0,0.0,0.0,0.0,0.0,0.0,0.0,0.0,0.0,0.0,0.0,0.0,0.0,0.0,Train010,10.0
1,0,3,0.00020833333333333335,0.0,0.0,0.0,0.0,0.0,0.0,0.0,0.0,24.21388235744394,1.0986122886651097,0,0,3.0,0.00020833333333333335,0.0,0.0,0.0,0.0,0.0,0.0,0.0,0.0,24.21388235744394,1.0986122886651097,1.5,0.0,Train010,10.0
1,1,2,0.0001388888888888889,0.0,0.0,0.0,0.0,0.0,0.0,0.0,0.0,84.53697415923993,0.6931471805579453,0,0,2.0,0.0001388888888888889,0.0,0.0,0.0,0.0,0.0,0.0,0.0,0.0,84.53697415923993,0.6931471805579453,1.0,0.0,Train010,10.0
1,2,0,0.0,0.0,0.0,0.0,0.0,0.0,0.0,0.0,0.0,0.0,0.0,0,0,0.0,0.0,0.0,0.0,0.0,0.0,0.0,0.0,0.0,0.0,0.0,0.0,0.0,0.0,Train010,10.0
1,3,2,0.0001388888888888889,0.0,0.0,0.0,0.0,0.0,0.0,0.0,0.0,43.54882317583335,0.6931471805579453,0,0,2.0,0.0001388888888888889,0.0,0.0,0.0,0.0,0.0,0.0,0.0,0.0,43.54882317583335,0.6931471805579453,1.0,0.0,Train010,10.0
1,4,2,0.0001388888888888889,0.0,0.0,0.0,0.0,0.0,0.0,0.0,0.0,10.307764064044152,0.6931471805579453,0,0,2.0,0.0001388888888888889,0.0,0.0,0.0,0.0,0.0,0.0,0.0,0.0,10.307764064044152,0.6931471805579453,1.0,0.0,Train010,10.0
1,5,0,0.0,0.0,0.0,0.0,0.0,0.0,0.0,0.0,0.0,0.0,0.0,0,0,0.0,0.0,0.0,0.0,0.0,0.0,0.0,0.0,0.0,0.0,0.0,0.0,0.0,0.0,Train010,10.0
2,0,3,0.00020833333333333335,0.0,0.0,0.0,0.0,0.0,0.0,0.0,0.0,24.21388235744394,1.0986122886651097,0,0,3.0,0.00020833333333333335,0.0,0.0,0.0,0.0,0.0,0.0,0.0,0.0,24.21388235744394,1.0986122886651097,1.0,0.0,Train010,10.0
2,1,2,0.0001388888888888889,0.0,0.0,0.0,0.0,0.0,0.0,0.0,0.0,84.53697415923993,0.6931471805579453,0,0,2.0,0.0001388888888888889,0.0,0.0,0.0,0.0,0.0,0.0,0.0,0.0,84.53697415923993,0.6931471805579453,0.6666666666666666,0.0,Train010,10.0
2,2,0,0.0,0.0,0.0,0.0,0.0,0.0,0.0,0.0,0.0,0.0,0.0,0,0,0.0,0.0,0.0,0.0,0.0,0.0,0.0,0.0,0.0,0.0,0.0,0.0,0.0,0.0,Train010,10.0
2,3,2,0.0001388888888888889,0.0,0.0,0.0,0.0,0.0,0.0,0.0,0.0,43.54882317583335,0.6931471805579453,0,0,2.0,0.0001388888888888889,0.0,0.0,0.0,0.0,0.0,0.0,0.0,0.0,43.54882317583335,0.6931471805579453,0.6666666666666666,0.0,Train010,10.0
2,4,2,0.0001388888888888889,0.0,0.0,0.0,0.0,0.0,0.0,0.0,0.0,10.307764064044152,0.6931471805579453,0,0,2.0,0.0001388888888888889,0.0,0.0,0.0,0.0,0.0,0.0,0.0,0.0,10.307764064044152,0.6931471805579453,0.6666666666666666,0.0,Train010,10.0
2,5,0,0.0,0.0,0.0,0.0,0.0,0.0,0.0,0.0,0.0,0.0,0.0,0,0,0.0,0.0,0.0,0.0,0.0,0.0,0.0,0.0,0.0,0.0,0.0,0.0,0.0,0.0,Train010,10.0
3,0,3,0.00020833333333333335,0.0,0.0,0.0,0.0,0.0,0.0,0.0,0.0,24.21388235744394,1.0986122886651097,0,0,3.0,0.00020833333333333335,0.0,0.0,0.0,0.0,0.0,0.0,0.0,0.0,24.21388235744394,1.0986122886651097,0.75,0.0,Train010,10.0
3,1,2,0.0001388888888888889,0.0,0.0,0.0,0.0,0.0,0.0,0.0,0.0,84.53697415923993,0.6931471805579453,0,0,2.0,0.0001388888888888889,0.0,0.0,0.0,0.0,0.0,0.0,0.0,0.0,84.53697415923993,0.6931471805579453,0.5,0.0,Train010,10.0
3,2,0,0.0,0.0,0.0,0.0,0.0,0.0,0.0,0.0,0.0,0.0,0.0,0,0,0.0,0.0,0.0,0.0,0.0,0.0,0.0,0.0,0.0,0.0,0.0,0.0,0.0,0.0,Train010,10.0
3,3,2,0.0001388888888888889,0.0,0.0,0.0,0.0,0.0,0.0,0.0,0.0,43.54882317583335,0.6931471805579453,0,0,2.0,0.0001388888888888889,0.0,0.0,0.0,0.0,0.0,0.0,0.0,0.0,43.54882317583335,0.6931471805579453,0.5,0.0,Train010,10.0
3,4,2,0.0001388888888888889,0.0,0.0,0.0,0.0,0.0,0.0,0.0,0.0,10.307764064044152,0.6931471805579453,0,0,2.0,0.0001388888888888889,0.0,0.0,0.0,0.0,0.0,0.0,0.0,0.0,10.307764064044152,0.6931471805579453,0.5,0.0,Train010,10.0
3,5,0,0.0,0.0,0.0,0.0,0.0,0.0,0.0,0.0,0.0,0.0,0.0,0,0,0.0,0.0,0.0,0.0,0.0,0.0,0.0,0.0,0.0,0.0,0.0,0.0,0.0,0.0,Train010,10.0
4,0,4,0.0002777777777777778,1.0,7.1791373307359025,4.32712395030216,-7.034323019913286,0.0,7.034323019913286,95.7218310764787,0.5137889135497768,18.694283218171567,1.3862943611158907,1,0,3.2,0.00022222222222222223,0.2,1.4358274661471806,0.8654247900604319,-1.4068646039826571,0.0,1.4068646039826571,19.14436621529574,0.10275778270995536,23.109962529589463,1.156148703155266,0.8,0.0,Train010,10.0
4,1,2,0.0001388888888888889,0.0,10.764937905690484,4.964286542527227,-10.551484529869928,-0.7034323019913286,10.574906277956757,107.64937905690482,0.0224755954866509,81.777528513305,0.6931471805579453,0,0,2.0,0.0001388888888888889,0.0,2.1529875811380967,0.9928573085054454,-2.1102969059739856,-0.1406864603982657,2.1149812555913514,21.529875811380965,0.00449511909733018,83.98508503005294,0.6931471805579453,0.4,0.0,Train010,10.0
4,2,0,0.0,0.0,0.0,0.0,0.0,0.0,0.0,0.0,0.0,0.0,0.0,0,0,0.0,0.0,0.0,0.0,0.0,0.0,0.0,0.0,0.0,0.0,0.0,0.0,0.0,0.0,Train010,10.0
4,3,2,0.0001388888888888889,0.0,4.307190285564285,1.493461077598971,4.220593811947971,0.7034323019913286,4.2788116491542745,43.07190285564285,0.007492443317097086,44.229206932268966,0.6931471805579453,0,0,2.0,0.0001388888888888889,0.0,0.861438057112857,0.2986922155197942,0.8441187623895943,0.1406864603982657,0.8557623298308549,8.614380571128569,0.0014984886634194171,43.68489992712047,0.6931471805579453,0.4,0.0,Train010,10.0
4,4,1,6.944444444444444e-05,-1.0,48.9378615886159,0.0,15.475510643809226,-46.42653193142769,48.9378615886159,489.378615886159,1.1102230246251565e-16,0.0,-1.000088900581841e-12,0,1,1.8,0.000125,-0.2,9.78757231772318,0.0,3.0951021287618454,-9.285306386285537,9.78757231772318,97.8757231772318,2.2204460492503132e-17,8.246211251235321,0.5545177444461562,0.4,0.2,Train010,10.0
4,5,0,0.0,0.0,0.0,0.0,0.0,0.0,0.0,0.0,0.0,0.0,0.0,0,0,0.0,0.0,0.0,0.0,0.0,0.0,0.0,0.0,0.0,0.0,0.0,0.0,0.0,0.0,Train010,10.0
5,0,4,0.0002777777777777778,0.0,6.8560670830901245,4.132397907072284,-6.717769599165332,0.0,6.717769599165332,-3.2307024764577763,0.5137889135497768,18.762513300984274,1.3862943611158907,0,0,3.4,0.00023611111111111112,0.2,2.807040882765205,1.6919043714748887,-2.7504185238157235,0.0,2.7504185238157235,18.498225720004182,0.20551556541991073,22.019688718297534,1.2136851176454222,0.2,0.0,Train010,10.0
5,1,2,0.0001388888888888889,0.0,10.28050210304981,4.7408873778654375,-10.076654398748023,-0.671776959916533,10.099022138587605,-4.844358026406725,0.02247559548665079,80.94914107272456,0.6931471805579453,0,0,2.0,0.0001388888888888889,0.0,4.209088001748059,1.9410347840785327,-4.12562778572359,-0.2750418523815723,4.1347856833088725,20.561004206099618,0.008990238194660338,83.26751841274987,0.6931471805579453,0.0,0.0,Train010,10.0
5,2,0,0.0,0.0,0.0,0.0,0.0,0.0,0.0,0.0,0.0,0.0,0.0,0,0,0.0,0.0,0.0,0.0,0.0,0.0,0.0,0.0,0.0,0.0,0.0,0.0,0.0,0.0,Train010,10.0
5,3,2,0.0001388888888888889,0.0,4.113361282425254,1.4262534427591196,4.030661759499199,0.671776959916533,4.086259720497937,-1.938290031390315,0.007492443317097086,44.43551282720996,0.6931471805579453,0,0,2.0,0.0001388888888888889,0.0,1.6841103135979079,0.5839429040716182,1.6502511142894343,0.2750418523815723,1.6730142739304423,8.226722564850506,0.0029969773268388343,43.86223785739579,0.6931471805579453,0.0,0.0,Train010,10.0
5,4,1,6.944444444444444e-05,0.0,46.73559600511746,0.0,14.779093118163782,-44.33727935449124,46.73559600511746,-22.022655834984448,1.1102230246251565e-16,0.0,-1.000088900581841e-12,0,0,1.6,0.00011111111111111112,-0.2,19.13469151874667,0.0,6.050920752394601,-18.152762257183788,19.13469151874667,93.47119201023492,4.4408920985006264e-17,6.184658438426491,0.4158883083343672,0.0,0.2,Train010,10.0
5,5,0,0.0,0.0,0.0,0.0,0.0,0.0,0.0,0.0,0.0,0.0,0.0,0,0,0.0,0.0,0.0,0.0,0.0,0.0,0.0,0.0,0.0,0.0,0.0,0.0,0.0,0.0,Train010,10.0
6,0,4,0.0002777777777777778,0.0,5.704066933795649,3.438046036211385,-5.589007075786355,-5.551115123125783e-15,5.589007075786355,-11.520001492944765,0.5137889135497768,18.7816370487942,1.3862943611158907,0,0,3.6,0.00025,0.2,3.947854269524335,2.379513578717166,-3.8682199389729943,-1.1102230246251565e-15,3.8682199389729943,16.194225421415233,0.3082733481298661,20.933239656567586,1.2712215321355784,0.2,0.0,Train010,10.0
6,1,2,0.0001388888888888889,0.0,8.553106525671978,3.944293222513655,-8.383510613679546,-0.5589007075786411,8.40211998311197,-17.27395577377832,0.022475595486650457,80.7196254406339,0.6931471805579453,0,0,2.0,0.0001388888888888889,0.0,5.919709306882455,2.729893428581264,-5.8023299084595,-0.3868219938973005,5.815209679931266,17.106213051343957,0.01348535729199043,82.50404866902866,0.6931471805579453,0.0,0.0,Train010,10.0
6,2,0,0.0,0.0,0.0,0.0,0.0,0.0,0.0,0.0,0.0,0.0,0.0,0,0,0.0,0.0,0.0,0.0,0.0,0.0,0.0,0.0,0.0,0.0,0.0,0.0,0.0,0.0,Train010,10.0
6,3,2,0.0001388888888888889,0.0,3.4222080667364274,1.1866052364218858,3.3534042454718076,0.55890070757863,3.3996602822164803,-6.911532156888263,0.007492443317096864,44.49284226985237,0.6931471805579453,0,0,2.0,0.0001388888888888889,0.0,2.3685519269451936,0.8212639513559953,2.3209319633837957,0.38682199389729827,2.3529463303737383,6.844416133472853,0.004495465990258208,44.0510416761996,0.6931471805579453,0.0,0.0,Train010,10.0
6,4,1,6.944444444444444e-05,0.0,38.88278288022084,0.0,12.295815566730006,-36.887446700189955,38.88278288022084,-78.5281312489662,1.1102230246251565e-16,0.0,-1.000088900581841e-12,0,0,1.4,9.722222222222222e-05,-0.2,26.911248094790842,0.0,8.510083865740603,-25.530251597221774,26.911248094790842,77.76556576044167,6.661338147750939e-17,4.123105625617661,0.27725887222257806,0.0,0.2,Train010,10.0
6,5,0,0.0,0.0,0.0,0.0,0.0,0.0,0.0,0.0,0.0,0.0,0.0,0,0,0.0,0.0,0.0,0.0,0.0,0.0,0.0,0.0,0.0,0.0,0.0,0.0,0.0,0.0,Train010,10.0
7,0,4,0.0002777777777777778,0.0,4.687421196617126,2.8252771315849508,-4.592868656548381,-9.43689570931383e-16,4.592868656548381,-10.166457371785226,0.5137889135497766,18.784824110555586,1.3862943611158907,0,0,3.8,0.00026388888888888886,0.2,4.88533850884776,2.944569005034156,-4.786793670282671,-1.298960938811433e-15,4.786793670282671,14.160933947058187,0.41103113083982146,19.84742800718991,1.3287579466257344,0.2,0.0,Train010,10.0
7,1,2,0.0001388888888888889,0.0,7.028671523438928,3.2412950043314224,-6.889302984822579,-0.45928686565483595,6.90459557408313,-15.244350022330512,0.022475595486650457,80.68148727540445,0.6931471805579453,0,0,2.0,0.0001388888888888889,0.0,7.325443611570241,3.3781524294475482,-7.180190505424015,-0.4786793670282677,7.196128794747892,14.057343046877852,0.017980476389320522,81.73295129226157,0.6931471805579453,0.0,0.0,Train010,10.0
7,2,0,0.0,0.0,0.0,0.0,0.0,0.0,0.0,0.0,0.0,0.0,0.0,0,0,0.0,0.0,0.0,0.0,0.0,0.0,0.0,0.0,0.0,0.0,0.0,0.0,0.0,0.0,Train010,10.0
7,3,2,0.0001388888888888889,0.0,2.8122619908634348,0.9751145282440823,2.7557211939290247,0.4592868656548248,2.7937329370633557,-6.0994607587299265,0.007492443317096642,44.50237575079244,0.6931471805579453,0,0,2.0,0.0001388888888888889,0.0,2.9310043251178803,1.0162868570048116,2.8720762021696005,0.47867936702826325,2.9116929177864095,5.624523981726869,0.005993954653677536,44.241752191191416,0.6931471805579453,0.0,0.0,Train010,10.0
7,4,1,6.944444444444444e-05,0.0,31.952637087119133,0.0,10.104311044406478,-30.31293313321933,31.952637087119133,-69.30145793101704,0.0,0.0,-1.000088900581841e-12,0,0,1.2,8.333333333333333e-05,-0.2,33.30177551221466,0.0,10.530946074621898,-31.59283822386564,33.30177551221466,63.905274174238265,6.661338147750939e-17,2.0615528128088303,0.13862943611078898,0.0,0.2,Train010,10.0
7,5,0,0.0,0.0,0.0,0.0,0.0,0.0,0.0,0.0,0.0,0.0,0.0,0,0,0.0,0.0,0.0,0.0,0.0,0.0,0.0,0.0,0.0,0.0,0.0,0.0,0.0,0.0,Train010,10.0
8,0,4,0.0002777777777777778,0.0,3.8972213096386383,2.348995275012615,-3.8186083242507847,-4.9960036108132044e-15,3.8186083242507847,-7.901998869784876,0.5137889135497768,18.783160371694414,1.3862943611158907,0,0,4.0,0.0002777777777777778,0.2,5.664782770775488,3.4143680600366793,-5.550515335132827,-2.298161660974074e-15,5.550515335132827,12.58053417310121,0.5137889135497768,18.761283610040007,1.3862943611158907,0.2,0.0,Train010,10.0
8,1,2,0.0001388888888888889,0.0,5.843786442610567,2.6948813498607964,-5.727912486376205,-0.3818608324250841,5.740627069138424,-11.848850808283608,0.022475595486650346,80.70139253864939,0.6931471805579453,0,0,2.0,0.0001388888888888889,0.0,8.494200900092354,3.9171286994197074,-8.325773002699256,-0.5550515335132845,8.344254208575578,11.687572885221133,0.02247559548665059,80.96583496814347,0.6931471805579453,0.0,0.0,Train010,10.0
8,2,0,0.0,0.0,0.0,0.0,0.0,0.0,0.0,0.0,0.0,0.0,0.0,0,0,0.0,0.0,0.0,0.0,0.0,0.0,0.0,0.0,0.0,0.0,0.0,0.0,0.0,0.0,Train010,10.0
8,3,2,0.0001388888888888889,0.0,2.338174211225035,0.8107308815247197,2.2911649945504706,0.38186083242505686,2.322768763263751,-4.7408777963839945,0.007492443317096198,44.49739973366136,0.6931471805579453,0,0,2.0,0.0001388888888888889,0.0,3.3986391673628873,1.1784330333097557,3.3303092010796944,0.5550515335132746,3.37624667043916,4.6763484224500695,0.007492443317096776,44.431467502757016,0.6931471805579453,0.0,0.0,Train010,10.0
8,4,1,6.944444444444444e-05,0.0,26.56609955276483,0.0,8.400938313351777,-25.202814940055205,26.56609955276483,-53.865375343543036,0.0,0.0,-1.000088900581841e-12,0,0,1.0,6.944444444444444e-05,-0.2,38.61499542276763,0.0,12.211133737292254,-36.63340121187669,38.61499542276763,53.132199105529665,6.661338147750939e-17,0.0,-1.000088900581841e-12,0.0,0.2,Train010,10.0
8,5,0,0.0,0.0,0.0,0.0,0.0,0.0,0.0,0.0,0.0,0.0,0.0,0,0,0.0,0.0,0.0,0.0,0.0,0.0,0.0,0.0,0.0,0.0,0.0,0.0,0.0,0.0,Train010,10.0
9,0,4,0.0002777777777777778,0.0,8.745709054816349,2.4454203237288077,-8.632930754599498,-0.8863538806610944,8.678313005156753,48.48487745177711,0.007548720706549217,19.190238352453967,1.3862943611158907,0,0,4.0,0.0002777777777777778,0.0,5.978097115591577,3.038027334722009,-5.87023688207007,-0.1772707761322212,5.87931333218152,3.1331434481608937,0.41254087498113134,18.86047463689649,1.3862943611158907,0.0,0.0,Train010,10.0
9,1,2,0.0001388888888888889,0.0,8.629593903091324,1.526818387629024,-8.563197524810183,-1.067906329321974,8.629529290588287,27.858074604807577,7.729271554124395e-06,81.76968397818321,0.6931471805579453,0,0,2.0,0.0001388888888888889,0.0,8.067132099572522,3.229635068440067,-7.928115601687307,-0.6279463389794137,7.955178811101883,-4.270688005198317,0.017982022243631234,80.9642660611191,0.6931471805579453,0.0,0.0,Train010,10.0
9,2,0,0.0,0.0,0.0,0.0,0.0,0.0,0.0,0.0,0.0,0.0,0.0,0,0,0.0,0.0,0.0,0.0,0.0,0.0,0.0,0.0,0.0,0.0,0.0,0.0,0.0,0.0,Train010,10.0
9,3,2,0.0001388888888888889,0.0,6.217293521520834,0.3694812844882982,6.1589247287644735,0.8193930821546362,6.213192322604332,38.79119310295799,0.0006619824526929996,44.2994869031484,0.6931471805579453,0,0,2.0,0.0001388888888888889,0.0,3.780659814554197,0.9536370746876213,3.7179753844429952,0.5782436895459362,3.7631228051291714,3.820206471913098,0.006126351144215958,44.44552349693291,0.6931471805579453,0.0,0.0,Train010,10.0
9,4,1,6.944444444444444e-05,0.0,22.880046884211517,0.0,9.577197403713885,-20.779168301787564,22.880046884211517,-36.860526685533124,0.0,0.0,-1.000088900581841e-12,0,0,1.0,6.944444444444444e-05,0.0,33.40343248188675,0.0,11.031471089273186,-31.50392848594866,33.40343248188675,-52.11562940880877,4.4408920985006264e-17,0.0,-1.000088900581841e-12,0.0,0.0,Train010,10.0
9,5,0,0.0,0.0,0.0,0.0,0.0,0.0,0.0,0.0,0.0,0.0,0.0,0,0,0.0,0.0,0.0,0.0,0.0,0.0,0.0,0.0,0.0,0.0,0.0,0.0,0.0,0.0,Train010,10.0
10,0,4,0.0002777777777777778,0.0,8.895297224135593,2.6697577811454996,-8.780320243518858,-0.9452823456787851,8.831057824054774,1.495881693192449,0.006981738009615546,19.164827688210195,1.3862943611158907,0,0,4.0,0.0002777777777777778,0.0,6.385943143800671,2.7454993095366516,-6.282747010940776,-0.3663272452679782,6.301970977159409,4.078460282090939,0.31117943987309904,18.940937514341673,1.3862943611158907,0.0,0.0,Train010,10.0
10,1,2,0.0001388888888888889,0.0,8.700615312542627,1.016463489994858,-8.618804047702477,-1.1719297399784618,8.6981148835905,0.7102140945130175,0.0002913625223379679,82.18644550360197,0.6931471805579453,0,0,2.0,0.0001388888888888889,0.0,7.751154741471085,2.4847502908659513,-7.636545531478198,-0.7279768949917994,7.674997360102462,-3.159773581014368,0.013545175650768671,81.21172694729458,0.6931471805579453,0.0,0.0,Train010,10.0
10,2,0,0.0,0.0,0.0,0.0,0.0,0.0,0.0,0.0,0.0,0.0,0.0,0,0,0.0,0.0,0.0,0.0,0.0,0.0,0.0,0.0,0.0,0.0,0.0,0.0,0.0,0.0,Train010,10.0
10,3,2,0.0001388888888888889,0.0,6.798393944404114,0.20943350421115792,6.732907038138235,0.8732583382459667,6.789301680550621,5.811004228832797,0.0013386848039774746,44.22472157047814,0.6931471805579453,0,0,2.0,0.0001388888888888889,0.0,4.317666346949969,0.7102730869780287,4.258424440170802,0.6185399652118229,4.303731197139708,5.3700653239577205,0.004895599441592036,44.403365245586535,0.6931471805579453,0.0,0.0,Train010,10.0
10,4,1,6.944444444444444e-05,0.0,19.80523444794399,0.0,9.056855782507201,-17.61308249208222,19.80523444794399,-30.74812436267525,0.0,0.0,-1.000088900581841e-12,0,0,1.0,6.944444444444444e-05,0.0,28.017360170452058,0.0,9.88702362214187,-26.159089113466855,28.017360170452058,-53.86072311434693,2.2204460492503132e-17,0.0,-1.000088900581841e-12,0.0,0.0,Train010,10.0
10,5,0,0.0,0.0,0.0,0.0,0.0,0.0,0.0,0.0,0.0,0.0,0.0,0,0,0.0,0.0,0.0,0.0,0.0,0.0,0.0,0.0,0.0,0.0,0.0,0.0,0.0,0.0,Train010,10.0
11,0,4,0.0002777777777777778,0.0,8.03557283625786,2.2564333734948225,-7.933299626879673,-0.8444299415526775,7.978114119015836,-8.597243878777334,0.006943928891171014,19.15000000770758,1.3862943611158907,0,0,4.0,0.0002777777777777778,0.0,6.852244324293113,2.509176776993339,-6.751605521159439,-0.5352132335785126,6.7797923858053055,4.663011804924425,0.20981044294137785,19.014610106124348,1.3862943611158907,0.0,0.0,Train010,10.0
11,1,2,0.0001388888888888889,0.0,7.998066861346471,0.7760786856261195,-7.916951019906858,-1.1057067234088827,7.9937913914359715,-7.025484511961553,0.0005396452780913608,82.35267478389748,0.6931471805579453,0,0,2.0,0.0001388888888888889,0.0,7.640146808605984,1.8511073834884442,-7.543233612723659,-0.8373380981578478,7.5933316417672625,-1.1100793286510149,0.00915798560905685,81.5383368159473,0.6931471805579453,0.0,0.0,Train010,10.0
11,2,0,0.0,0.0,0.0,0.0,0.0,0.0,0.0,0.0,0.0,0.0,0.0,0,0,0.0,0.0,0.0,0.0,0.0,0.0,0.0,0.0,0.0,0.0,0.0,0.0,0.0,0.0,Train010,10.0
11,3,2,0.0001388888888888889,0.0,6.407782328120819,0.14366928720865824,6.345285346079045,0.8167517290346697,6.397634680883756,-3.906116162832949,0.0015844413239874955,44.19424811625428,0.6931471805579453,0,0,2.0,0.0001388888888888889,0.0,4.914781199226847,0.5016858971353833,4.856800660292249,0.6701101695030308,4.903326076873163,5.971148522768784,0.003713999042970162,44.34364641486692,0.6931471805579453,0.0,0.0,Train010,10.0
11,4,1,6.944444444444444e-05,0.0,17.231646974612172,0.0,8.144068230039514,-15.185644870143705,17.231646974612172,-25.735874733318198,0.0,0.0,-1.000088900581841e-12,0,0,1.0,6.944444444444444e-05,0.0,23.687132989330326,0.0,9.05667415480377,-21.818728747457605,23.687132989330326,-43.30227181121733,0.0,0.0,-1.000088900581841e-12,0.0,0.0,Train010,10.0
11,5,0,0.0,0.0,0.0,0.0,0.0,0.0,0.0,0.0,0.0,0.0,0.0,0,0,0.0,0.0,0.0,0.0,0.0,0.0,0.0,0.0,0.0,0.0,0.0,0.0,0.0,0.0,Train010,10.0
12,0,4,0.0002777777777777778,0.0,7.0616892774561855,1.8335274291776222,-6.973562097691774,-0.7281263828651421,7.011471768451155,-9.738835588016745,0.006948608392236988,19.15544836162605,1.3862943611158907,0,0,4.0,0.0002777777777777778,0.0,7.327097940460925,2.3108268365118736,-7.227744209388118,-0.6808385101515408,7.2635130081858605,4.748536161678121,0.10844238190986992,19.088734956338442,1.3862943611158907,0.0,0.0,Train010,10.0
12,1,2,0.0001388888888888889,0.0,7.153753109772743,0.6404170585644451,-7.079044809865349,-0.9985816329341861,7.1491286670275445,-8.443137515737282,0.0006516600839880926,82.42221890304509,0.6931471805579453,0,0,2.0,0.0001388888888888889,0.0,7.665163125872747,1.3309317943350485,-7.581181977732214,-0.9451970516137177,7.642238260356146,0.25016317266763116,0.004793198528524378,81.88648314147542,0.6931471805579453,0.0,0.0,Train010,10.0
12,2,0,0.0,0.0,0.0,0.0,0.0,0.0,0.0,0.0,0.0,0.0,0.0,0,0,0.0,0.0,0.0,0.0,0.0,0.0,0.0,0.0,0.0,0.0,0.0,0.0,0.0,0.0,Train010,10.0
12,3,2,0.0001388888888888889,0.0,5.784876589241506,0.11197405101325053,5.728167141466808,0.7352589767959401,5.775162730481197,-6.229057388793131,0.0016798115758376309,44.180607392995284,0.6931471805579453,0,0,2.0,0.0001388888888888889,0.0,5.509304118902461,0.32905780168921694,5.451289849799807,0.725304591731254,5.499612035556732,5.945229196756142,0.0025514726947183596,44.279292743307494,0.6931471805579453,0.0,0.0,Train010,10.0
12,4,1,6.944444444444444e-05,0.0,15.083585539036797,0.0,7.222727180810246,-13.241856546006865,15.083585539036797,-21.48061435575375,0.0,0.0,-1.000088900581841e-12,0,0,1.0,6.944444444444444e-05,0.0,20.31332267971386,0.0,8.480357382084524,-18.40451343001511,20.31332267971386,-33.73810309616467,0.0,0.0,-1.000088900581841e-12,0.0,0.0,Train010,10.0
12,5,0,0.0,0.0,0.0,0.0,0.0,0.0,0.0,0.0,0.0,0.0,0.0,0,0,0.0,0.0,0.0,0.0,0.0,0.0,0.0,0.0,0.0,0.0,0.0,0.0,0.0,0.0,Train010,10.0
13,0,4,0.0002777777777777778,0.0,6.182630841103533,1.4978691505887674,-6.106867667285629,-0.6261938543874834,6.138888453866161,-8.790584363526527,0.006953408235887415,19.163296065332407,1.3862943611158907,0,0,4.0,0.0002777777777777778,0.0,7.784179846753903,2.140601611627104,-7.685396077995087,-0.8060772810290366,7.727569034108936,4.5708190629297905,0.007075280847092036,19.164762095066042,1.3862943611158907,0.0,0.0,Train010,10.0
13,1,2,0.0001388888888888889,0.0,6.353813760254448,0.5496808031756761,-6.286672418266594,-0.8903296511713464,6.349404458872409,-7.99939349518294,0.0006991962057525392,82.45395932903854,0.6931471805579453,0,0,2.0,0.0001388888888888889,0.0,7.767168589401523,0.9018916849980245,-7.692933964110291,-1.0468908153629701,7.763993738302942,1.0200546352877646,0.00043791867234481695,82.23699649955326,0.6931471805579453,0.0,0.0,Train010,10.0
13,2,0,0.0,0.0,0.0,0.0,0.0,0.0,0.0,0.0,0.0,0.0,0.0,0,0,0.0,0.0,0.0,0.0,0.0,0.0,0.0,0.0,0.0,0.0,0.0,0.0,0.0,0.0,Train010,10.0
13,3,2,0.0001388888888888889,0.0,5.157029192386619,0.09357747473666134,5.106368828717894,0.6547205728612291,5.148170708458442,-6.278473968548868,0.0017183156899011065,44.17364313542657,0.6931471805579453,0,0,2.0,0.0001388888888888889,0.0,6.073075115134778,0.18562712033160525,6.014330616633291,0.7798765398184884,6.06469242459567,5.637709962323168,0.0013966471692793414,44.214541423660535,0.6931471805579453,0.0,0.0,Train010,10.0
13,4,1,6.944444444444444e-05,0.0,13.280079942003036,0.0,6.393143940402939,-11.63994131528508,13.280079942003036,-18.035055970337606,0.0,0.0,-1.000088900581841e-12,0,0,1.0,6.944444444444444e-05,0.0,17.656118757561504,0.0,8.078798507494756,-15.691938705061085,17.656118757561504,-26.572039221523585,0.0,0.0,-1.000088900581841e-12,0.0,0.0,Train010,10.0
13,5,0,0.0,0.0,0.0,0.0,0.0,0.0,0.0,0.0,0.0,0.0,0.0,0,0,0.0,0.0,0.0,0.0,0.0,0.0,0.0,0.0,0.0,0.0,0.0,0.0,0.0,0.0,Train010,10.0
14,0,3,0.00020833333333333335,-1.0,10.294144112480081,1.721602503171867,-10.197064090743227,-1.088737140519883,10.25502143497869,37.38019619058304,0.0034774805200482595,26.686691030110207,1.0986122886651097,0,1,3.8,0.0002638888888888889,-0.2,8.09386685828665,1.9958380475157156,-7.998222745223832,-0.8465539330007943,8.042910720073323,2.349882810690977,0.006261032809791844,20.664052630597286,1.3287579466257344,0.0,0.2,Train010,10.0
14,1,2,0.0001388888888888889,0.0,9.519726778638201,1.2686025529699245,-9.4991735358374,-0.6138913152939627,9.51898946374808,31.65913018383752,7.885159298104405e-05,85.76317126086147,0.6931471805579453,0,0,2.0,0.0001388888888888889,0.0,7.945195164510897,0.8502485180662045,-7.880129166315736,-0.956087812557368,7.941885772934901,1.780265751093753,0.00045214313663020087,83.03569395608892,0.6931471805579453,0.0,0.0,Train010,10.0
14,2,0,0.0,0.0,0.0,0.0,0.0,0.0,0.0,0.0,0.0,0.0,0.0,0,0,0.0,0.0,0.0,0.0,0.0,0.0,0.0,0.0,0.0,0.0,0.0,0.0,0.0,0.0,Train010,10.0
14,3,2,0.0001388888888888889,0.0,8.356603157253188,0.6322772718033551,8.280072945935974,1.1161121006033266,8.354957463155273,31.99573964866569,0.00019806737455863033,45.062857915020295,0.6931471805579453,0,0,2.0,0.0001388888888888889,0.0,6.500937042281249,0.23818631779461663,6.438560260067592,0.8392203435082264,6.493045452705857,4.2786192714647076,0.0013038641536524676,44.36721562603491,0.6931471805579453,0.0,0.0,Train010,10.0
14,4,0,0.0,-1.0,0.0,0.0,0.0,0.0,0.0,0.0,0.0,0.0,0.0,0,1,0.8,5.5555555555555545e-05,-0.2,13.080109380719199,0.0,6.163359026751979,-11.536105044703573,13.080109380719199,-19.199933884416957,0.0,0.0,-8.000711204654728e-13,0.0,0.2,Train010,10.0
14,5,0,0.0,0.0,0.0,0.0,0.0,0.0,0.0,0.0,0.0,0.0,0.0,0,0,0.0,0.0,0.0,0.0,0.0,0.0,0.0,0.0,0.0,0.0,0.0,0.0,0.0,0.0,Train010,10.0
15,0,3,0.00020833333333333335,0.0,10.719175740318212,1.5665437545725194,-10.622867929278671,-1.1419119987279431,10.68406692489972,4.250316278381299,0.0030410291282397806,26.49638456814723,1.0986122886651097,0,0,3.6,0.00025,-0.2,8.458642561523174,1.7751952422011197,-8.366732282375796,-0.8858798636106258,8.413512540242312,2.900769727728747,0.005472891033516692,22.130364006584692,1.2712215321355782,0.0,0.2,Train010,10.0
15,1,2,0.0001388888888888889,0.0,9.912340562973363,1.7858925943878825,-9.898919750519351,-0.4810313672010047,9.910600557153606,3.926137843351629,0.00018142919046437722,87.00970945589629,0.6931471805579453,0,0,2.0,0.0001388888888888889,0.0,8.187540214597046,1.0041343389448094,-8.136152306879112,-0.8179081380018765,8.184382907647523,2.4234505008614753,0.0004301564702554828,84.00034674654776,0.6931471805579453,0.0,0.0,Train010,10.0
15,2,0,0.0,0.0,0.0,0.0,0.0,0.0,0.0,0.0,0.0,0.0,0.0,0,0,0.0,0.0,0.0,0.0,0.0,0.0,0.0,0.0,0.0,0.0,0.0,0.0,0.0,0.0,Train010,10.0
15,3,2,0.0001388888888888889,0.0,8.832273691936381,0.7659431251988931,8.75096343040213,1.1905988658230993,8.831584604108974,4.756705346831929,7.861051709168176e-05,45.39696015600109,0.6931471805579453,0,0,2.0,0.0001388888888888889,0.0,6.907712991787702,0.34948824199216366,6.84217153852037,0.902688449023653,6.9015020374175275,4.067759495064534,0.001051849296275309,44.601663343139506,0.6931471805579453,0.0,0.0,Train010,10.0
15,4,0,0.0,0.0,0.0,0.0,0.0,0.0,0.0,0.0,0.0,0.0,0.0,0,0,0.6,4.166666666666667e-05,-0.2,9.1190624911304,0.0,4.3519878702505395,-8.01348854628713,9.1190624911304,-13.050309011881911,0.0,0.0,-6.000533403491046e-13,0.0,0.2,Train010,10.0
15,5,0,0.0,0.0,0.0,0.0,0.0,0.0,0.0,0.0,0.0,0.0,0.0,0,0,0.0,0.0,0.0,0.0,0.0,0.0,0.0,0.0,0.0,0.0,0.0,0.0,0.0,0.0,Train010,10.0
16,0,3,0.00020833333333333335,0.0,10.092856773362598,1.3437293219306592,-10.003877929669864,-1.0734934768692803,10.061310147123818,-6.2631896695561196,0.0029309750622382724,26.430132565088503,1.0986122886651097,0,0,3.4,0.00023611111111111112,-0.2,8.870099348944123,1.592654431888287,-8.780847942933834,-0.9316925706739465,8.83015174586391,3.36758056957299,0.004670300267730143,23.58639051806088,1.2136851176454222,0.0,0.2,Train010,10.0
16,1,2,0.0001388888888888889,0.0,9.380100782251867,1.838329787978953,-9.369379865676805,-0.4048335839196563,9.378121842779564,-5.32239780721496,0.00021939988750063755,87.46979725227172,0.6931471805579453,0,0,2.0,0.0001388888888888889,0.0,8.463946998778123,1.2165845594153761,-8.4266380760331,-0.6777335101040313,8.46124899791624,2.7640678418107933,0.00036610739213733813,85.02377124022262,0.6931471805579453,0.0,0.0,Train010,10.0
16,2,0,0.0,0.0,0.0,0.0,0.0,0.0,0.0,0.0,0.0,0.0,0.0,0,0,0.0,0.0,0.0,0.0,0.0,0.0,0.0,0.0,0.0,0.0,0.0,0.0,0.0,0.0,Train010,10.0
16,3,2,0.0001388888888888889,0.0,8.399330788281937,0.7590435123111363,8.321771585039361,1.135659026642247,8.39890491304447,-4.329429036544448,5.1120970164908464e-05,45.518384807596846,0.6931471805579453,0,0,2.0,0.0001388888888888889,0.0,7.306022683819927,0.47256308701265926,7.237468786312434,0.9664699085451683,7.3017560838496705,3.9830969203222346,0.0007451852255107916,44.866490681408024,0.6931471805579453,0.0,0.0,Train010,10.0
16,4,0,0.0,0.0,0.0,0.0,0.0,0.0,0.0,0.0,0.0,0.0,0.0,0,0,0.4,2.777777777777778e-05,-0.2,5.672733096207966,0.0,2.723174224242637,-4.976359572258389,5.672733096207966,-7.90313406521827,0.0,0.0,-4.000355602327364e-13,0.0,0.2,Train010,10.0
16,5,0,0.0,0.0,0.0,0.0,0.0,0.0,0.0,0.0,0.0,0.0,0.0,0,0,0.0,0.0,0.0,0.0,0.0,0.0,0.0,0.0,0.0,0.0,0.0,0.0,0.0,0.0,Train010,10.0
17,0,3,0.00020833333333333335,0.0,9.193295955382666,1.138765677006844,-9.11313625600532,-0.9744869799908766,9.165090141111019,-8.995608179799332,0.002893196567897216,26.408989901613158,1.0986122886651097,0,0,3.2,0.00022222222222222223,-0.2,9.29642068452942,1.4537020814541313,-9.208762774596542,-0.9809646900990934,9.26087542039588,3.516226051216473,0.0038592179028621885,25.037098826058305,1.156148703155266,0.0,0.2,Train010,10.0
17,1,2,0.0001388888888888889,0.0,8.589259726905329,1.7357716438261774,-8.580075743510768,-0.35290736519142246,8.587330398487543,-7.908410553465379,0.00023418600179525573,87.63103315781157,0.6931471805579453,0,0,2.0,0.0001388888888888889,0.0,8.751048322204642,1.4356554764677227,-8.726844262762185,-0.5485986565554785,8.74888934420824,2.871013234265175,0.00028261257569877073,86.06553409117592,0.6931471805579453,0.0,0.0,Train010,10.0
17,2,0,0.0,0.0,0.0,0.0,0.0,0.0,0.0,0.0,0.0,0.0,0.0,0,0,0.0,0.0,0.0,0.0,0.0,0.0,0.0,0.0,0.0,0.0,0.0,0.0,0.0,0.0,Train010,10.0
17,3,2,0.0001388888888888889,0.0,7.705721366444612,0.7071361982839313,7.634472239297912,1.0430781661048747,7.7053993039436435,-6.936094218373237,4.215021082842885e-05,45.55905871001011,0.6931471805579453,0,0,2.0,0.0001388888888888889,0.0,7.690191639260547,0.5915955164667954,7.618729805878654,1.0280337464069553,7.687803398542161,3.8416895544062135,0.0004176529525089512,45.14218094481098,0.6931471805579453,0.0,0.0,Train010,10.0
17,4,0,0.0,0.0,0.0,0.0,0.0,0.0,0.0,0.0,0.0,0.0,0.0,0,0,0.2,1.388888888888889e-05,-0.2,2.656015988400607,0.0,1.2786287880805878,-2.327988263057016,2.656015988400607,-3.607011194067521,0.0,0.0,-2.000177801163682e-13,0.0,0.2,Train010,10.0
17,5,0,0.0,0.0,0.0,0.0,0.0,0.0,0.0,0.0,0.0,0.0,0.0,0,0,0.0,0.0,0.0,0.0,0.0,0.0,0.0,0.0,0.0,0.0,0.0,0.0,0.0,0.0,Train010,10.0
18,0,3,0.00020833333333333335,0.0,8.280653347883142,0.9681510262838942,-8.20899609528067,-0.8746673976727468,8.255462430953514,-9.126426074995235,0.002878629580820191,26.404000554007883,1.0986122886651097,0,0,3.0,0.00020833333333333335,-0.2,9.71602518588534,1.3477584565931569,-9.62918846019555,-1.0306593987561459,9.684190215813352,3.4490577089227314,0.003044262171848744,26.48523972379339,1.0986122886651097,0.0,0.2,Train010,10.0
18,1,2,0.0001388888888888889,0.0,7.77225070002872,1.589944281795657,-7.764163626939217,-0.31279738528557655,7.770461957318074,-8.170090268766096,0.00024019759384563688,87.67961769625282,0.6931471805579453,0,0,2.0,0.0001388888888888889,0.0,9.034735710159497,1.6437081721917188,-9.02234250449671,-0.4330922033783245,9.033100843897373,2.8368738795485435,0.00019081285331739027,87.11066576461877,0.6931471805579453,0.0,0.0,Train010,10.0
18,2,0,0.0,0.0,0.0,0.0,0.0,0.0,0.0,0.0,0.0,0.0,0.0,0,0,0.0,0.0,0.0,0.0,0.0,0.0,0.0,0.0,0.0,0.0,0.0,0.0,0.0,0.0,Train010,10.0
18,3,2,0.0001388888888888889,0.0,6.978093379254129,0.6443166665291269,6.9135356043912966,0.9450238054515854,6.9778252017413225,-7.276279871904836,3.8761819100785466e-05,45.5694817383153,0.6931471805579453,0,0,2.0,0.0001388888888888889,0.0,8.054404476634051,0.7017433548252885,7.980163161013335,1.0860943929250264,8.053734297198737,3.6421283737350194,8.174217834888697e-05,45.42134866538872,0.6931471805579453,0.0,0.0,Train010,10.0
18,4,0,0.0,0.0,0.0,0.0,0.0,0.0,0.0,0.0,0.0,0.0,0.0,0,0,0.0,0.0,-0.2,0.0,0.0,0.0,0.0,0.0,0.0,0.0,0.0,0.0,0.0,0.2,Train010,10.0
18,5,0,0.0,0.0,0.0,0.0,0.0,0.0,0.0,0.0,0.0,0.0,0.0,0,0,0.0,0.0,0.0,0.0,0.0,0.0,0.0,0.0,0.0,0.0,0.0,0.0,0.0,0.0,Train010,10.0
19,0,3,0.00020833333333333335,0.0,7.150603532790464,5.301815394622997,-7.1071471522197,-0.4030602297453618,7.11856714459497,20.91486729664127,0.669245727468575,22.623294019785888,1.0986122886651097,1,1,3.0,0.00020833333333333335,0.0,9.087317069947416,2.0638010348833826,-9.011205072490846,-0.8935240166012418,9.056899357736608,0.15599193013437684,0.13619791156155409,25.672560321728533,1.0986122886651097,0.2,0.2,Train010,10.0
19,1,2,0.0001388888888888889,0.0,9.843802703401082,0.4952824933342006,-9.839280659914406,-0.2794678624563922,9.843248762004931,20.715520033723624,5.641593206762163e-05,85.72023579269377,0.6931471805579453,0,0,2.0,0.0001388888888888889,0.0,9.09955089511207,1.489044160264574,-9.09036392931211,-0.36620751281081043,9.097952703548742,0.6481518495257645,0.0001863257211347058,87.10207867098522,0.6931471805579453,0.0,0.0,Train010,10.0
19,2,0,0.0,0.0,0.0,0.0,0.0,0.0,0.0,0.0,0.0,0.0,0.0,0,0,0.0,0.0,0.0,0.0,0.0,0.0,0.0,0.0,0.0,0.0,0.0,0.0,0.0,0.0,Train010,10.0
19,3,1,6.944444444444444e-05,-1.0,8.190413263463782,0.0,8.174458264632538,0.510980925381976,8.190413263463782,18.5663655073878,1.1102230246251565e-16,0.0,-1.000088900581841e-12,0,1,1.8,0.000125,-0.2,8.02116649787617,0.5752879004646175,7.959040224752647,0.9650681578807564,8.020825457260438,0.9562535454794414,4.212870343718311e-05,36.40877708238467,0.5545177444461562,0.0,0.2,Train010,10.0
19,4,0,0.0,0.0,0.0,0.0,0.0,0.0,0.0,0.0,0.0,0.0,0.0,0,0,0.0,0.0,0.0,0.0,0.0,0.0,0.0,0.0,0.0,0.0,0.0,0.0,0.0,0.0,Train010,10.0
19,5,0,0.0,0.0,0.0,0.0,0.0,0.0,0.0,0.0,0.0,0.0,0.0,0,0,0.0,0.0,0.0,0.0,0.0,0.0,0.0,0.0,0.0,0.0,0.0,0.0,0.0,0.0,Train010,10.0
20,0,3,0.00020833333333333335,0.0,7.157074064473197,5.345513518924325,-7.117459762696876,-0.2790617209801858,7.122928394819471,0.06470531682734186,0.6698470726637611,22.609315825975028,1.0986122886651097,0,0,3.0,0.00020833333333333335,0.0,8.374896734778414,2.8195949877537436,-8.310123439174486,-0.7209539610516903,8.344671651720558,-0.6811302621764146,0.26955912026865836,24.89514657329409,1.0986122886651097,0.2,0.2,Train010,10.0
20,1,2,0.0001388888888888889,0.0,9.934954533906817,0.09169855111749925,-9.93143637579005,-0.25070790481014593,9.93460029089747,0.9115183050573439,3.565926643411821e-05,84.97053646683804,0.6931471805579453,0,0,2.0,0.0001388888888888889,0.0,9.104073689298762,1.1502053516104975,-9.096867254366249,-0.32014282033263874,9.102752650297516,0.045227941866907526,0.000157171736328654,86.69424407317358,0.6931471805579453,0.0,0.0,Train010,10.0
20,2,0,0.0,0.0,0.0,0.0,0.0,0.0,0.0,0.0,0.0,0.0,0.0,0,0,0.0,0.0,0.0,0.0,0.0,0.0,0.0,0.0,0.0,0.0,0.0,0.0,0.0,0.0,Train010,10.0
20,3,1,6.944444444444444e-05,0.0,8.320424703203816,0.0,8.313447666262165,0.3406686689504418,8.320424703203816,1.3001143974003426,0.0,0.0,-1.000088900581841e-12,0,0,1.6,0.00011111111111111112,-0.2,7.918796700129656,0.4220992754248389,7.871537071924655,0.7950821185062249,7.918593477079407,0.2649353555931242,2.640660001884676e-05,27.329385051184452,0.4158883083343672,0.0,0.2,Train010,10.0
20,4,0,0.0,0.0,0.0,0.0,0.0,0.0,0.0,0.0,0.0,0.0,0.0,0,0,0.0,0.0,0.0,0.0,0.0,0.0,0.0,0.0,0.0,0.0,0.0,0.0,0.0,0.0,Train010,10.0
20,5,0,0.0,0.0,0.0,0.0,0.0,0.0,0.0,0.0,0.0,0.0,0.0,0,0,0.0,0.0,0.0,0.0,0.0,0.0,0.0,0.0,0.0,0.0,0.0,0.0,0.0,0.0,Train010,10.0
21,0,3,0.00020833333333333335,0.0,6.702243079397358,5.014435449659169,-6.665830172291393,-0.21809511476426324,6.6693970765665425,-4.548309850758401,0.6700177060509273,22.60257419602929,1.0986122886651097,0,0,3.0,0.00020833333333333335,0.0,7.696773995985365,3.553736213299446,-7.642513887698792,-0.5498742886306869,7.666289037609102,-0.33815429841687095,0.4029764664663961,24.129634899482248,1.0986122886651097,0.2,0.2,Train010,10.0
21,1,2,0.0001388888888888889,0.0,9.35299658606337,0.05175041845633466,-9.349999862121079,-0.22541939215679696,9.352716788400285,-5.819579478434473,2.9916212065939085e-05,84.6843025313007,0.6931471805579453,0,0,2.0,0.0001388888888888889,0.0,9.098652850061063,0.7928894777059738,-9.092991253655104,-0.2842599819800668,9.097671639421659,-0.05420839237699511,0.0001192750012417143,86.13714512897937,0.6931471805579453,0.0,0.0,Train010,10.0
21,2,0,0.0,0.0,0.0,0.0,0.0,0.0,0.0,0.0,0.0,0.0,0.0,0,0,0.0,0.0,0.0,0.0,0.0,0.0,0.0,0.0,0.0,0.0,0.0,0.0,0.0,0.0,Train010,10.0
21,3,1,6.944444444444444e-05,0.0,7.852202895861142,0.0,7.847846955137456,0.2615119242211764,7.852202895861142,-4.682218073426743,0.0,0.0,-1.000088900581841e-12,0,0,1.4,9.722222222222222e-05,-0.2,7.809371121645496,0.2702905729626116,7.776752145944274,0.6202526980220109,7.809253073642741,0.1943775482166652,1.6182405985865066e-05,18.225708089665083,0.2772588722225781,0.0,0.2,Train010,10.0
21,4,0,0.0,0.0,0.0,0.0,0.0,0.0,0.0,0.0,0.0,0.0,0.0,0,0,0.0,0.0,0.0,0.0,0.0,0.0,0.0,0.0,0.0,0.0,0.0,0.0,0.0,0.0,Train010,10.0
21,5,0,0.0,0.0,0.0,0.0,0.0,0.0,0.0,0.0,0.0,0.0,0.0,0,0,0.0,0.0,0.0,0.0,0.0,0.0,0.0,0.0,0.0,0.0,0.0,0.0,0.0,0.0,Train010,10.0
22,0,3,0.00020833333333333335,0.0,6.126179233039928,4.583306106681206,-6.093058387990598,-0.182848650247164,6.09580135407641,-5.760638463574291,0.6700787615590758,22.596730116531706,1.0986122886651097,0,0,3.0,0.00020833333333333335,0.0,7.0833506515168185,4.2426442992343185,-7.038498314095847,-0.39154662268194435,7.052431280202183,0.3088396448281371,0.5364135794646319,23.36718294246596,1.0986122886651097,0.2,0.2,Train010,10.0
22,1,2,0.0001388888888888889,0.0,8.581421225701465,0.09770067448751796,-8.578781529940173,-0.20296732138744578,8.581182218785116,-7.715753603619042,2.7855281184874237e-05,84.5756072917877,0.6931471805579453,0,0,2.0,0.0001388888888888889,0.0,9.097085149820291,0.4652752838382419,-9.092732410940986,-0.2542719732192715,9.096442003481176,-0.01567700240772769,7.8008857119638e-05,85.52605995577461,0.6931471805579453,0.0,0.0,Train010,10.0
22,2,0,0.0,0.0,0.0,0.0,0.0,0.0,0.0,0.0,0.0,0.0,0.0,0,0,0.0,0.0,0.0,0.0,0.0,0.0,0.0,0.0,0.0,0.0,0.0,0.0,0.0,0.0,Train010,10.0
22,3,1,6.944444444444444e-05,0.0,7.211516302123653,0.0,7.208208181430532,0.21840830788491059,7.211516302123653,-6.40686593737489,1.1102230246251565e-16,0.0,-1.000088900581841e-12,0,0,1.2,8.333333333333333e-05,-0.2,7.710530108781303,0.1288633333058254,7.691499334370798,0.455318726378018,7.710476473278743,0.30022320441633443,7.752363820201503e-06,9.11389634766306,0.13862943611078898,0.0,0.2,Train010,10.0
22,4,0,0.0,0.0,0.0,0.0,0.0,0.0,0.0,0.0,0.0,0.0,0.0,0,0,0.0,0.0,0.0,0.0,0.0,0.0,0.0,0.0,0.0,0.0,0.0,0.0,0.0,0.0,Train010,10.0
22,5,0,0.0,0.0,0.0,0.0,0.0,0.0,0.0,0.0,0.0,0.0,0.0,0,0,0.0,0.0,0.0,0.0,0.0,0.0,0.0,0.0,0.0,0.0,0.0,0.0,0.0,0.0,Train010,10.0
23,0,3,0.00020833333333333335,0.0,5.549083180265001,4.149230463048651,-5.519131884508045,-0.15889268327035422,5.521418625986458,-5.770960527749288,0.6701028746058654,22.591164461598158,1.0986122886651097,0,0,3.0,0.00020833333333333335,0.0,6.53703661799319,4.87886018658727,-6.500525471941323,-0.24839167980146581,6.505622519208771,0.9799327542773263,0.6698584284696409,22.604615723984015,1.0986122886651097,0.2,0.2,Train010,10.0
23,1,2,0.0001388888888888889,0.0,7.79510339639022,0.1075349853710641,-7.792745939338754,-0.18292686864296853,7.794892655729915,-7.863178293112449,2.704015114118885e-05,84.53487194618737,0.6931471805579453,0,0,2.0,0.0001388888888888889,0.0,9.10165568909259,0.1687934245533233,-9.098448873420892,-0.2282978698907499,9.101328143163544,0.04570539272300174,3.5377368578748404e-05,84.89711080576151,0.6931471805579453,0.0,0.0,Train010,10.0
23,2,0,0.0,0.0,0.0,0.0,0.0,0.0,0.0,0.0,0.0,0.0,0.0,0,0,0.0,0.0,0.0,0.0,0.0,0.0,0.0,0.0,0.0,0.0,0.0,0.0,0.0,0.0,Train010,10.0
23,3,1,6.944444444444444e-05,0.0,6.553388736024019,0.0,6.550623943390097,0.1903414766436079,6.553388736024019,-6.581275660996342,1.1102230246251565e-16,0.0,-1.000088900581841e-12,0,0,1.0,6.944444444444444e-05,-0.2,7.6255891801352815,0.0,7.618917002170558,0.30438226061642254,7.6255891801352815,0.43922404659803327,6.661338147750939e-17,0.0,-1.000088900581841e-12,0.0,0.2,Train010,10.0
23,4,0,0.0,0.0,0.0,0.0,0.0,0.0,0.0,0.0,0.0,0.0,0.0,0,0,0.0,0.0,0.0,0.0,0.0,0.0,0.0,0.0,0.0,0.0,0.0,0.0,0.0,0.0,Train010,10.0
23,5,0,0.0,0.0,0.0,0.0,0.0,0.0,0.0,0.0,0.0,0.0,0.0,0,0,0.0,0.0,0.0,0.0,0.0,0.0,0.0,0.0,0.0,0.0,0.0,0.0,0.0,0.0,Train010,10.0
24,0,4,0.0002777777777777778,1.0,9.964226924950152,1.794717102617638,-9.959317175080221,-0.18576606174385304,9.961049524198929,39.33963567693048,0.00028669143230186656,28.75538228496597,1.3862943611158907,2,1,3.2,0.00022222222222222223,0.2,7.099761296425127,4.177440528186198,-7.070959476513425,-0.20493284620116406,7.074118995129561,4.664886430335168,0.5360666212623862,23.83103337702003,1.156148703155266,0.4,0.2,Train010,10.0
24,1,0,0.0,-2.0,0.0,0.0,0.0,0.0,0.0,0.0,0.0,0.0,0.0,0,2,1.6,0.00011111111111111112,-0.4,7.1328951484123735,0.0697369258864832,-7.130592741438011,-0.17240429739947144,7.132678390762559,-4.097398614021723,2.4094182165224078e-05,67.75306364722276,0.5545177444463563,0.0,0.4,Train010,10.0
24,2,0,0.0,0.0,0.0,0.0,0.0,0.0,0.0,0.0,0.0,0.0,0.0,0,0,0.0,0.0,0.0,0.0,0.0,0.0,0.0,0.0,0.0,0.0,0.0,0.0,0.0,0.0,Train010,10.0
24,3,2,0.0001388888888888889,1.0,9.889294412505798,0.882337051674388,9.877271014252337,-0.4795510676884783,9.888905496338335,42.18242728156169,3.964256795097043e-05,42.8695805573375,0.6931471805579453,1,0,1.2,8.333333333333334e-05,0.2,7.965365409943686,0.17646741033487762,7.959479552094517,0.10627586200233166,7.965287626710193,5.162436401432811,7.928513590238495e-06,8.5739161114675,0.13862943611078898,0.2,0.0,Train010,10.0
24,4,1,6.944444444444444e-05,1.0,0.0,0.0,0.0,0.0,0.0,0.0,0.0,0.0,-1.000088900581841e-12,1,0,0.2,1.388888888888889e-05,0.2,0.0,0.0,0.0,0.0,0.0,0.0,0.0,0.0,-2.000177801163682e-13,0.2,0.0,Train010,10.0
24,5,0,0.0,0.0,0.0,0.0,0.0,0.0,0.0,0.0,0.0,0.0,0.0,0,0,0.0,0.0,0.0,0.0,0.0,0.0,0.0,0.0,0.0,0.0,0.0,0.0,0.0,0.0,Train010,10.0
25,0,4,0.0002777777777777778,0.0,9.999942396729253,1.6695199401979377,-9.997252877762381,-0.12775538930085997,9.998069140660292,0.3571547177910106,0.0001701874633811551,28.769691931306983,1.3862943611158907,0,0,3.4,0.00023611111111111112,0.2,7.668334962876338,3.4422418124409204,-7.646918099526528,-0.1746715798652989,7.649147144297726,4.723376310527902,0.4021312442223103,25.063108598086423,1.2136851176454222,0.4,0.2,Train010,10.0
25,1,0,0.0,0.0,0.0,0.0,0.0,0.0,0.0,0.0,0.0,0.0,0.0,0,0,1.2,8.333333333333333e-05,-0.4,5.145904241631011,0.051397215662983345,-5.1443054662800005,-0.12226271643744227,5.145758332583063,-4.279702275033192,1.6962328878400436e-05,50.758956353855154,0.4158883083347672,0.0,0.4,Train010,10.0
25,2,0,0.0,0.0,0.0,0.0,0.0,0.0,0.0,0.0,0.0,0.0,0.0,0,0,0.0,0.0,0.0,0.0,0.0,0.0,0.0,0.0,0.0,0.0,0.0,0.0,0.0,0.0,Train010,10.0
25,3,2,0.0001388888888888889,0.0,10.08171110556915,1.5016270044630708,10.06324331604284,-0.6056313155272983,10.081451052712016,1.924166930633513,2.6379753136129835e-05,41.32166448354118,0.6931471805579453,0,0,1.4,9.722222222222222e-05,0.2,8.317622690416751,0.4767928112274918,8.309438682050653,-0.08298413489321635,8.317492896611833,5.287246908079444,1.3204464217464463e-05,16.838249008175733,0.27725887222257806,0.2,0.0,Train010,10.0
25,4,1,6.944444444444444e-05,0.0,0.0,0.0,0.0,0.0,0.0,0.0,0.0,0.0,-1.000088900581841e-12,0,0,0.4,2.777777777777778e-05,0.2,0.0,0.0,0.0,0.0,0.0,0.0,0.0,0.0,-4.000355602327364e-13,0.2,0.0,Train010,10.0
25,5,0,0.0,0.0,0.0,0.0,0.0,0.0,0.0,0.0,0.0,0.0,0.0,0,0,0.0,0.0,0.0,0.0,0.0,0.0,0.0,0.0,0.0,0.0,0.0,0.0,0.0,0.0,Train010,10.0
26,0,4,0.0002777777777777778,0.0,9.27499480799958,1.747629130575029,-9.273055870528673,-0.1002567128544989,9.273597823197784,-7.249475887296746,0.00013669107335512187,28.76934811063435,1.3862943611158907,0,0,3.6,0.00025,0.2,8.182885308596783,2.788880548624092,-8.168363239173983,-0.15110389948334604,8.169987293623974,4.1831431032202335,0.26815504122679584,26.296463381007435,1.2712215321355782,0.4,0.2,Train010,10.0
26,1,0,0.0,0.0,0.0,0.0,0.0,0.0,0.0,0.0,0.0,0.0,0.0,0,0,0.8,5.555555555555556e-05,-0.4,3.275304924418337,0.04104713197171641,-3.2743054938557847,-0.07717883800608286,3.275214974903006,-3.115786379346297,1.0979086465212617e-05,33.822095847595016,0.27725887222317813,0.0,0.4,Train010,10.0
26,2,0,0.0,0.0,0.0,0.0,0.0,0.0,0.0,0.0,0.0,0.0,0.0,0,0,0.0,0.0,0.0,0.0,0.0,0.0,0.0,0.0,0.0,0.0,0.0,0.0,0.0,0.0,Train010,10.0
26,3,2,0.0001388888888888889,0.0,9.554612153181342,1.6150880580063383,9.534749680583905,-0.6123541161607062,9.554393179840039,-5.2709895238780735,2.3592201354838416e-05,40.762078615837794,0.6931471805579453,0,0,1.6,0.00011111111111111112,0.2,8.658104541880792,0.7998104228287595,8.646819227139943,-0.25775734296959285,8.657930953407613,5.169492617989179,1.7922904488432145e-05,24.990664731343294,0.4158883083343672,0.2,0.0,Train010,10.0
26,4,1,6.944444444444444e-05,0.0,0.0,0.0,0.0,0.0,0.0,0.0,0.0,0.0,-1.000088900581841e-12,0,0,0.6,4.1666666666666665e-05,0.2,0.0,0.0,0.0,0.0,0.0,0.0,0.0,0.0,-6.000533403491046e-13,0.2,0.0,Train010,10.0
26,5,0,0.0,0.0,0.0,0.0,0.0,0.0,0.0,0.0,0.0,0.0,0.0,0,0,0.0,0.0,0.0,0.0,0.0,0.0,0.0,0.0,0.0,0.0,0.0,0.0,0.0,0.0,Train010,10.0
27,0,4,0.0002777777777777778,0.0,8.401352104134808,1.7744014145983944,-8.399764318094292,-0.08471185126106034,8.400191467893702,-8.736427038647703,0.00012477229874519047,28.767166550488948,1.3862943611158907,0,0,3.8,0.0002638888888888889,0.2,8.637919882815758,2.2270996102075302,-8.629704425194722,-0.1314765396861253,8.630865316387432,3.58798538820555,0.13416424337472974,27.530550667798884,1.3287579466257344,0.4,0.2,Train010,10.0
27,1,0,0.0,0.0,0.0,0.0,0.0,0.0,0.0,0.0,0.0,0.0,0.0,0,0,0.4,2.777777777777778e-05,-0.4,1.559020679278044,0.02150699707421282,-1.5585491878677509,-0.036585373728593704,1.558978531145983,-1.5726356586224886,5.40803022823777e-06,16.906974389237472,0.13862943611158907,0.0,0.4,Train010,10.0
27,2,0,0.0,0.0,0.0,0.0,0.0,0.0,0.0,0.0,0.0,0.0,0.0,0,0,0.0,0.0,0.0,0.0,0.0,0.0,0.0,0.0,0.0,0.0,0.0,0.0,0.0,0.0,Train010,10.0
27,3,2,0.0001388888888888889,0.0,8.801548687090897,1.5581423093565445,8.78234657305661,-0.5781123602220344,8.801353602163742,-7.530634660904467,2.2881964861776183e-05,40.56358784975575,0.6931471805579453,0,0,1.8,0.000125,0.2,8.97611101887424,1.1114388847000682,8.961646905465157,-0.41706147659098186,8.97589841341563,4.944738873283264,2.2499297460765176e-05,33.103382301294445,0.5545177444461562,0.2,0.0,Train010,10.0
27,4,1,6.944444444444444e-05,0.0,0.0,0.0,0.0,0.0,0.0,0.0,0.0,0.0,-1.000088900581841e-12,0,0,0.8,5.555555555555556e-05,0.2,0.0,0.0,0.0,0.0,0.0,0.0,0.0,0.0,-8.000711204654728e-13,0.2,0.0,Train010,10.0
27,5,0,0.0,0.0,0.0,0.0,0.0,0.0,0.0,0.0,0.0,0.0,0.0,0,0,0.0,0.0,0.0,0.0,0.0,0.0,0.0,0.0,0.0,0.0,0.0,0.0,0.0,0.0,Train010,10.0
28,0,4,0.0002777777777777778,0.0,7.556955189629933,1.7397981790231043,-7.555580353826183,-0.0742508342680444,7.555945187037403,-8.443969145048758,0.0001200944120000047,28.76548639131316,1.3862943611158907,0,0,4.0,0.0002777777777777778,0.2,9.039494284688747,1.7452131534024207,-9.036994119058349,-0.11454816988566333,9.037770628597622,3.0533836647456565,0.00016768733595666773,28.765415053741883,1.3862943611158907,0.4,0.2,Train010,10.0
28,1,0,0.0,0.0,0.0,0.0,0.0,0.0,0.0,0.0,0.0,0.0,0.0,0,0,0.0,0.0,-0.4,0.0,0.0,0.0,0.0,0.0,0.0,0.0,0.0,0.0,0.0,0.4,Train010,10.0
28,2,0,0.0,0.0,0.0,0.0,0.0,0.0,0.0,0.0,0.0,0.0,0.0,0,0,0.0,0.0,0.0,0.0,0.0,0.0,0.0,0.0,0.0,0.0,0.0,0.0,0.0,0.0,Train010,10.0
28,3,2,0.0001388888888888889,0.0,8.0152037325904,1.447256604932869,7.997371174633213,-0.5317225304098384,8.015028044504875,-7.863449545004952,2.2658090987004442e-05,40.49870487779876,0.6931471805579453,0,0,2.0,0.0001388888888888889,0.2,9.268474018187517,1.4008902056866421,9.250996351713782,-0.5614742780016712,9.268226275111802,4.6883040964815414,2.703091565814386e-05,41.20312327685419,0.6931471805579453,0.2,0.0,Train010,10.0
28,4,1,6.944444444444444e-05,0.0,0.0,0.0,0.0,0.0,0.0,0.0,0.0,0.0,-1.000088900581841e-12,0,0,1.0,6.944444444444444e-05,0.2,0.0,0.0,0.0,0.0,0.0,0.0,0.0,0.0,-1.000088900581841e-12,0.2,0.0,Train010,10.0
28,5,0,0.0,0.0,0.0,0.0,0.0,0.0,0.0,0.0,0.0,0.0,0.0,0,0,0.0,0.0,0.0,0.0,0.0,0.0,0.0,0.0,0.0,0.0,0.0,0.0,0.0,0.0,Train010,10.0
29,0,4,0.0002777777777777778,0.0,10.550284200508006,1.377443089500132,-10.532537098206049,-0.17943335054531082,10.534065409535609,29.933290108780728,0.001435054100426325,28.67687483546782,1.3862943611158907,0,0,4.0,0.0002777777777777778,0.0,9.156705739800316,1.6617583507789195,-9.151638103683515,-0.11328162764595488,9.152373805664958,1.172114551115707,0.00039735986958155944,28.74971356384225,1.3862943611158907,0.0,0.0,Train010,10.0
29,1,0,0.0,0.0,0.0,0.0,0.0,0.0,0.0,0.0,0.0,0.0,0.0,0,0,0.0,0.0,0.0,0.0,0.0,0.0,0.0,0.0,0.0,0.0,0.0,0.0,0.0,0.0,Train010,10.0
29,2,0,0.0,0.0,0.0,0.0,0.0,0.0,0.0,0.0,0.0,0.0,0.0,0,0,0.0,0.0,0.0,0.0,0.0,0.0,0.0,0.0,0.0,0.0,0.0,0.0,0.0,0.0,Train010,10.0
29,3,3,0.00020833333333333335,1.0,8.530958092236608,2.5026655291883144,5.163748722224915,0.7908927070940855,5.223965174119565,20.71891016246292,0.5911050033078068,37.68370287622391,1.0986122886651097,1,0,2.2,0.00015277777777777777,0.2,8.99680675413368,1.7249559011894273,8.308291893308297,-0.30738552304515837,8.335238210668049,0.3956006726617879,0.11824010306362931,40.16594774063148,0.7742402021793782,0.2,0.0,Train010,10.0
29,4,0,0.0,-1.0,0.0,0.0,0.0,0.0,0.0,0.0,0.0,0.0,0.0,0,1,0.8,5.555555555555556e-05,-0.2,0.0,0.0,0.0,0.0,0.0,0.0,0.0,0.0,-8.000711204654728e-13,0.0,0.2,Train010,10.0
29,5,0,0.0,0.0,0.0,0.0,0.0,0.0,0.0,0.0,0.0,0.0,0.0,0,0,0.0,0.0,0.0,0.0,0.0,0.0,0.0,0.0,0.0,0.0,0.0,0.0,0.0,0.0,Train010,10.0
30,0,4,0.0002777777777777778,0.0,10.851365837544744,1.4395784238044897,-10.825857817755619,-0.21231997543295641,10.82793965915161,3.010816370367375,0.002002376683570506,28.67172695664704,1.3862943611158907,0,0,4.0,0.0002777777777777778,0.0,9.326990427963414,1.6157700475002301,-9.317359091682164,-0.13019454487237417,9.318347909363222,1.7028468816309796,0.0007637977136194296,28.730120568910262,1.3862943611158907,0.0,0.0,Train010,10.0
30,1,0,0.0,0.0,0.0,0.0,0.0,0.0,0.0,0.0,0.0,0.0,0.0,0,0,0.0,0.0,0.0,0.0,0.0,0.0,0.0,0.0,0.0,0.0,0.0,0.0,0.0,0.0,Train010,10.0
30,2,0,0.0,0.0,0.0,0.0,0.0,0.0,0.0,0.0,0.0,0.0,0.0,0,0,0.0,0.0,0.0,0.0,0.0,0.0,0.0,0.0,0.0,0.0,0.0,0.0,0.0,0.0,Train010,10.0
30,3,3,0.00020833333333333335,0.0,8.496771599205077,2.6715704039532864,5.3753233859106855,0.8708967296385035,5.445416661451478,-0.34186493031528836,0.5781869323960563,38.26368828442165,1.0986122886651097,0,0,2.4,0.0001666666666666667,0.2,8.679818852860866,1.9589445810874704,7.370707907281866,-0.012079914011997994,7.4080313324159395,-0.05760569952797236,0.23387221359221338,39.554352500807575,0.855333223800811,0.2,0.0,Train010,10.0
30,4,0,0.0,0.0,0.0,0.0,0.0,0.0,0.0,0.0,0.0,0.0,0.0,0,0,0.6,4.1666666666666665e-05,-0.2,0.0,0.0,0.0,0.0,0.0,0.0,0.0,0.0,-6.000533403491046e-13,0.0,0.2,Train010,10.0
30,5,0,0.0,0.0,0.0,0.0,0.0,0.0,0.0,0.0,0.0,0.0,0.0,0,0,0.0,0.0,0.0,0.0,0.0,0.0,0.0,0.0,0.0,0.0,0.0,0.0,0.0,0.0,Train010,10.0
31,0,4,0.0002777777777777778,0.0,10.256704530213927,1.408265142148284,-10.229845908990843,-0.21434541385554848,10.232091246570155,-5.946613073308171,0.0022243553344017952,28.671852105280962,1.3862943611158907,0,0,4.0,0.0002777777777777778,0.0,9.523332372406283,1.547897249814881,-9.508717099374596,-0.15301228507258408,9.510046594037696,1.9634194444286948,0.0011813305658287642,28.710621367839586,1.3862943611158907,0.0,0.0,Train010,10.0
31,1,0,0.0,0.0,0.0,0.0,0.0,0.0,0.0,0.0,0.0,0.0,0.0,0,0,0.0,0.0,0.0,0.0,0.0,0.0,0.0,0.0,0.0,0.0,0.0,0.0,0.0,0.0,Train010,10.0
31,2,0,0.0,0.0,0.0,0.0,0.0,0.0,0.0,0.0,0.0,0.0,0.0,0,0,0.0,0.0,0.0,0.0,0.0,0.0,0.0,0.0,0.0,0.0,0.0,0.0,0.0,0.0,Train010,10.0
31,3,3,0.00020833333333333335,0.0,7.986055267315703,2.5671222017059456,5.12415177456617,0.8482116751671861,5.193880481362615,-5.107163318893753,0.573250089769016,38.47708451121756,1.0986122886651097,0,0,2.6,0.00018055555555555557,0.2,8.366107475687738,2.149351409827392,6.488588326078319,0.28003324425358045,6.535928792720455,-0.024840458531108212,0.34851751310574564,39.097353679883526,0.936426245422244,0.2,0.0,Train010,10.0
31,4,0,0.0,0.0,0.0,0.0,0.0,0.0,0.0,0.0,0.0,0.0,0.0,0,0,0.4,2.7777777777777772e-05,-0.2,0.0,0.0,0.0,0.0,0.0,0.0,0.0,0.0,-4.000355602327364e-13,0.0,0.2,Train010,10.0
31,5,0,0.0,0.0,0.0,0.0,0.0,0.0,0.0,0.0,0.0,0.0,0.0,0,0,0.0,0.0,0.0,0.0,0.0,0.0,0.0,0.0,0.0,0.0,0.0,0.0,0.0,0.0,Train010,10.0
32,0,4,0.0002777777777777778,0.0,9.410165789579171,1.3302957812132812,-9.384457549957844,-0.20414409412061546,9.38667770396561,-8.465387406347544,0.00231493549307904,28.671295522099374,1.3862943611158907,0,0,4.0,0.0002777777777777778,0.0,9.725095109495157,1.4590761231378582,-9.705655745747308,-0.1768987336444951,9.707343841252078,2.0176273708887265,0.0016193632046955341,28.691447162161673,1.3862943611158907,0.0,0.0,Train010,10.0
32,1,0,0.0,0.0,0.0,0.0,0.0,0.0,0.0,0.0,0.0,0.0,0.0,0,0,0.0,0.0,0.0,0.0,0.0,0.0,0.0,0.0,0.0,0.0,0.0,0.0,0.0,0.0,Train010,10.0
32,2,0,0.0,0.0,0.0,0.0,0.0,0.0,0.0,0.0,0.0,0.0,0.0,0,0,0.0,0.0,0.0,0.0,0.0,0.0,0.0,0.0,0.0,0.0,0.0,0.0,0.0,0.0,Train010,10.0
32,3,3,0.00020833333333333335,0.0,7.335610870175515,2.379258276107815,4.733321290877574,0.7901034199889434,4.79881171301325,-6.504443971401886,0.5711928876139336,38.539430218492065,1.0986122886651097,0,0,2.8,0.00019444444444444443,0.2,8.07291991230466,2.313574603177646,5.678783269642511,0.553676400295776,5.735420414890356,0.18039767936940798,0.46275151423555994,38.69252215363079,1.0175192670436768,0.2,0.0,Train010,10.0
32,4,0,0.0,0.0,0.0,0.0,0.0,0.0,0.0,0.0,0.0,0.0,0.0,0,0,0.2,1.388888888888889e-05,-0.2,0.0,0.0,0.0,0.0,0.0,0.0,0.0,0.0,-2.000177801163682e-13,0.0,0.2,Train010,10.0
32,5,0,0.0,0.0,0.0,0.0,0.0,0.0,0.0,0.0,0.0,0.0,0.0,0,0,0.0,0.0,0.0,0.0,0.0,0.0,0.0,0.0,0.0,0.0,0.0,0.0,0.0,0.0,Train010,10.0
33,0,4,0.0002777777777777778,0.0,8.538227418236241,1.2374603979265115,-8.514474813714918,-0.18966754262693686,8.51658705879954,-8.719383713429298,0.002352660089936065,28.67049344057573,1.3862943611158907,0,0,4.0,0.0002777777777777778,0.0,9.92134955521642,1.3586085669185395,-9.897434637725054,-0.1999820753162736,9.899472215604504,1.9625444572126178,0.0020658763402827463,28.672448572014183,1.3862943611158907,0.0,0.0,Train010,10.0
33,1,0,0.0,0.0,0.0,0.0,0.0,0.0,0.0,0.0,0.0,0.0,0.0,0,0,0.0,0.0,0.0,0.0,0.0,0.0,0.0,0.0,0.0,0.0,0.0,0.0,0.0,0.0,Train010,10.0
33,2,0,0.0,0.0,0.0,0.0,0.0,0.0,0.0,0.0,0.0,0.0,0.0,0,0,0.0,0.0,0.0,0.0,0.0,0.0,0.0,0.0,0.0,0.0,0.0,0.0,0.0,0.0,Train010,10.0
33,3,3,0.00020833333333333335,0.0,6.675209248451435,2.1742253479217957,4.318022768651917,0.7228952497097639,4.378115824489949,-6.604016217240787,0.5703248198266411,38.54477251524957,1.0986122886651097,0,0,3.0,0.00020833333333333335,0.2,7.804921015476867,2.4589683517754315,4.9429135884462525,0.8045999563196965,5.008037970887372,0.4322843449222411,0.5768119465826907,38.30173568112095,1.0986122886651097,0.2,0.0,Train010,10.0
33,4,0,0.0,0.0,0.0,0.0,0.0,0.0,0.0,0.0,0.0,0.0,0.0,0,0,0.0,0.0,-0.2,0.0,0.0,0.0,0.0,0.0,0.0,0.0,0.0,0.0,0.0,0.2,Train010,10.0
33,5,0,0.0,0.0,0.0,0.0,0.0,0.0,0.0,0.0,0.0,0.0,0.0,0,0,0.0,0.0,0.0,0.0,0.0,0.0,0.0,0.0,0.0,0.0,0.0,0.0,0.0,0.0,Train010,10.0
34,0,4,0.0002777777777777778,0.0,10.399528904802928,0.8350880845845042,-10.393966694935953,0.04828209321108702,10.394078834411573,18.613014865666855,0.0004945744441720024,28.78301300729957,1.3862943611158907,0,0,4.0,0.0002777777777777778,0.0,9.891198496075402,1.2501375659354141,-9.869720557071037,-0.15443898656499405,9.871474900579697,-0.30151059141015607,0.0018777804090318816,28.693676206380538,1.3862943611158907,0.0,0.0,Train010,10.0
34,1,1,6.944444444444444e-05,1.0,11.069192372546382,0.0,-11.06296906805088,-0.37112690523386843,11.069192372546382,0.0,1.1102230246251565e-16,0.0,-1.000088900581841e-12,1,0,0.2,1.388888888888889e-05,0.2,2.2138384745092763,0.0,-2.2125938136101757,-0.07422538104677369,2.2138384745092763,0.0,2.2204460492503132e-17,0.0,-2.000177801163682e-13,0.2,0.0,Train010,10.0
34,2,0,0.0,0.0,0.0,0.0,0.0,0.0,0.0,0.0,0.0,0.0,0.0,0,0,0.0,0.0,0.0,0.0,0.0,0.0,0.0,0.0,0.0,0.0,0.0,0.0,0.0,0.0,Train010,10.0
34,3,2,0.0001388888888888889,-1.0,9.560078110329638,0.0724140272567313,9.548857260169957,0.1640300484027812,9.550266008435552,14.740389856054815,0.001026421026219193,42.576729091292286,0.6931471805579453,0,1,2.8,0.00019444444444444446,-0.2,8.010745019095474,1.9729180513891147,5.81993529603526,0.6792274245814356,5.873298137750568,-0.7634197163593797,0.4587962301263732,39.28034092413462,1.0175192670436768,0.0,0.2,Train010,10.0
34,4,0,0.0,0.0,0.0,0.0,0.0,0.0,0.0,0.0,0.0,0.0,0.0,0,0,0.0,0.0,0.0,0.0,0.0,0.0,0.0,0.0,0.0,0.0,0.0,0.0,0.0,0.0,Train010,10.0
34,5,0,0.0,0.0,0.0,0.0,0.0,0.0,0.0,0.0,0.0,0.0,0.0,0,0,0.0,0.0,0.0,0.0,0.0,0.0,0.0,0.0,0.0,0.0,0.0,0.0,0.0,0.0,Train010,10.0
35,0,4,0.0002777777777777778,0.0,10.40524820415572,0.6667952041787621,-10.402146524419019,0.127254505054061,10.402924878347397,0.05719299352792806,0.0002123830962428297,28.827749231154982,1.3862943611158907,0,0,4.0,0.0002777777777777778,0.0,9.801974969397598,1.0955809220102686,-9.784978298403717,-0.08652409046759056,9.786471944418855,-0.8922352667780455,0.0015197816915663465,28.72488066128212,1.3862943611158907,0.0,0.0,Train010,10.0
35,1,1,6.944444444444444e-05,0.0,10.562747050056073,0.0,-10.556786841024193,-0.35479125784986776,10.562747050056073,-5.064453224903094,0.0,0.0,-1.000088900581841e-12,0,0,0.4,2.777777777777778e-05,0.2,4.326387884520491,0.0,-4.323951181815015,-0.14518363261674722,4.326387884520491,-1.0128906449806174,2.2204460492503132e-17,0.0,-4.000355602327364e-13,0.2,0.0,Train010,10.0
35,2,0,0.0,0.0,0.0,0.0,0.0,0.0,0.0,0.0,0.0,0.0,0.0,0,0,0.0,0.0,0.0,0.0,0.0,0.0,0.0,0.0,0.0,0.0,0.0,0.0,0.0,0.0,Train010,10.0
35,3,2,0.0001388888888888889,0.0,9.506287044122216,0.4584241759284584,9.492990260451682,0.20593417153708096,9.495223692364343,-0.5379106620742125,0.0011665074250646335,43.45409150121226,0.6931471805579453,0,0,2.6,0.00018055555555555557,-0.2,8.212648108078902,1.5302888057841493,6.64346867094346,0.5462349129611511,6.683259543933142,-0.8026288627111644,0.34339214513217486,40.31842156749275,0.936426245422244,0.0,0.2,Train010,10.0
35,4,0,0.0,0.0,0.0,0.0,0.0,0.0,0.0,0.0,0.0,0.0,0.0,0,0,0.0,0.0,0.0,0.0,0.0,0.0,0.0,0.0,0.0,0.0,0.0,0.0,0.0,0.0,Train010,10.0
35,5,0,0.0,0.0,0.0,0.0,0.0,0.0,0.0,0.0,0.0,0.0,0.0,0,0,0.0,0.0,0.0,0.0,0.0,0.0,0.0,0.0,0.0,0.0,0.0,0.0,0.0,0.0,Train010,10.0
36,0,4,0.0002777777777777778,0.0,9.776424455531684,0.5779660081559068,-9.77390492863023,0.1466708307579292,9.775005365036765,-6.288237486240376,0.00013861151451188825,28.844309035690678,1.3862943611158907,0,0,4.0,0.0002777777777777778,0.0,9.705918954461149,0.929521095211793,-9.693790102331594,-0.014320841544895019,9.695054768112177,-0.9605601493644864,0.0011026329275883652,28.75937204736407,1.3862943611158907,0.0,0.0,Train010,10.0
36,1,1,6.944444444444444e-05,0.0,9.780481538533671,0.0,-9.774955125624839,-0.3287421749922712,9.780481538533671,-7.82265511522402,0.0,0.0,-1.000088900581841e-12,0,0,0.6,4.1666666666666665e-05,0.2,6.282484192227225,0.0,-6.278942206939982,-0.21093206761520147,6.282484192227225,-2.5774216680254214,2.2204460492503132e-17,0.0,-6.000533403491046e-13,0.2,0.0,Train010,10.0
36,2,0,0.0,0.0,0.0,0.0,0.0,0.0,0.0,0.0,0.0,0.0,0.0,0,0,0.0,0.0,0.0,0.0,0.0,0.0,0.0,0.0,0.0,0.0,0.0,0.0,0.0,0.0,Train010,10.0
36,3,2,0.0001388888888888889,0.0,8.92587908038751,0.5645268927637677,8.912530434680585,0.20831561338515167,8.914964618207284,-5.804079637347055,0.0012277023855435942,43.78481541680399,0.6931471805579453,0,0,2.4,0.00016666666666666666,-0.2,8.400612870693262,1.1297697439957137,7.401144402966343,0.41825570060474426,7.427476371302075,-0.9420121264018247,0.22898766765548037,41.379967748610035,0.855333223800811,0.0,0.2,Train010,10.0
36,4,0,0.0,0.0,0.0,0.0,0.0,0.0,0.0,0.0,0.0,0.0,0.0,0,0,0.0,0.0,0.0,0.0,0.0,0.0,0.0,0.0,0.0,0.0,0.0,0.0,0.0,0.0,Train010,10.0
36,5,0,0.0,0.0,0.0,0.0,0.0,0.0,0.0,0.0,0.0,0.0,0.0,0,0,0.0,0.0,0.0,0.0,0.0,0.0,0.0,0.0,0.0,0.0,0.0,0.0,0.0,0.0,Train010,10.0
37,0,4,0.0002777777777777778,0.0,8.970453749273098,0.5197086117308859,-8.968224765856277,0.14442770747969336,8.969387649868063,-8.059707062585852,0.00011372978515789,28.84994242214678,1.3862943611158907,0,0,4.0,0.0002777777777777778,0.0,9.617976546399934,0.7674036613153141,-9.61054354551128,0.05539351877516674,9.611596757292668,-0.879424080612148,0.0006623917860041351,28.79510142737355,1.3862943611158907,0.0,0.0,Train010,10.0
37,1,1,6.944444444444444e-05,0.0,8.917173357054372,0.0,-8.912131834124692,-0.29981135892690636,8.917173357054372,-8.633081814792991,0.0,0.0,-1.000088900581841e-12,0,0,0.8,5.555555555555556e-05,0.2,8.0659188636381,0.0,-8.06136857376492,-0.2708943394005828,8.0659188636381,-4.304038030984019,2.2204460492503132e-17,0.0,-8.000711204654728e-13,0.2,0.0,Train010,10.0
37,2,0,0.0,0.0,0.0,0.0,0.0,0.0,0.0,0.0,0.0,0.0,0.0,0,0,0.0,0.0,0.0,0.0,0.0,0.0,0.0,0.0,0.0,0.0,0.0,0.0,0.0,0.0,Train010,10.0
37,3,2,0.0001388888888888889,0.0,8.19743168634779,0.5676069936711237,8.184835671161537,0.19685462528052391,8.187202617952767,-7.284473940397209,0.0012538535075541368,43.90634675980461,0.6931471805579453,0,0,2.2,0.00015277777777777777,-0.2,8.572977033927717,0.7674394875083753,8.091447279023134,0.29960594166306037,8.105154552289978,-1.0980181202008894,0.11499986083420452,42.45335105687254,0.7742402021793782,0.0,0.2,Train010,10.0
37,4,0,0.0,0.0,0.0,0.0,0.0,0.0,0.0,0.0,0.0,0.0,0.0,0,0,0.0,0.0,0.0,0.0,0.0,0.0,0.0,0.0,0.0,0.0,0.0,0.0,0.0,0.0,Train010,10.0
37,5,0,0.0,0.0,0.0,0.0,0.0,0.0,0.0,0.0,0.0,0.0,0.0,0,0,0.0,0.0,0.0,0.0,0.0,0.0,0.0,0.0,0.0,0.0,0.0,0.0,0.0,0.0,Train010,10.0
38,0,4,0.0002777777777777778,0.0,8.154074122158463,0.4740921918339844,-8.152071085869876,0.13489783045376563,8.15318713226532,-8.163796271146355,0.00010421809397920256,28.85150625599674,1.3862943611158907,0,0,4.0,0.0002777777777777778,0.0,9.541145887184378,0.6147300200968087,-9.53806279994227,0.12030659339130725,9.538916771985823,-0.7683065921555594,0.00021270338681276258,28.831303990457748,1.3862943611158907,0.0,0.0,Train010,10.0
38,1,1,6.944444444444444e-05,0.0,8.07691826932826,0.0,-8.0723506850002,-0.2715937182362976,8.07691826932826,-8.402550877261117,0.0,0.0,-1.000088900581841e-12,0,0,1.0,6.944444444444444e-05,0.2,9.681302517503752,0.0,-9.67583871076496,-0.32521308304784224,9.681302517503752,-5.9845482064362425,2.2204460492503132e-17,0.0,-1.000088900581841e-12,0.2,0.0,Train010,10.0
38,2,0,0.0,0.0,0.0,0.0,0.0,0.0,0.0,0.0,0.0,0.0,0.0,0,0,0.0,0.0,0.0,0.0,0.0,0.0,0.0,0.0,0.0,0.0,0.0,0.0,0.0,0.0,Train010,10.0
38,3,2,0.0001388888888888889,0.0,7.460872774995007,0.5349165017143287,7.449278310371739,0.1812710066970663,7.451483511572967,-7.365589113527822,0.0012649736712662119,43.94813535373661,0.6931471805579453,0,0,2.0,0.0001388888888888889,-0.2,8.73010973923643,0.43957771826688197,8.717698387367099,0.19128109306052082,8.719828089706583,-1.2503326994582964,0.0011878916031295538,43.53402362456995,0.6931471805579453,0.0,0.2,Train010,10.0
38,4,0,0.0,0.0,0.0,0.0,0.0,0.0,0.0,0.0,0.0,0.0,0.0,0,0,0.0,0.0,0.0,0.0,0.0,0.0,0.0,0.0,0.0,0.0,0.0,0.0,0.0,0.0,Train010,10.0
38,5,0,0.0,0.0,0.0,0.0,0.0,0.0,0.0,0.0,0.0,0.0,0.0,0,0,0.0,0.0,0.0,0.0,0.0,0.0,0.0,0.0,0.0,0.0,0.0,0.0,0.0,0.0,Train010,10.0
39,0,3,0.00020833333333333335,-1.0,9.471646753158543,0.7026933056805554,-9.460201888009134,0.37689294169459125,9.467706588788586,15.55069849392691,0.0004205248890789548,29.182700015760542,1.0986122886651097,0,1,3.8,0.0002638888888888889,-0.2,9.355569456855502,0.5882510643160189,-9.351309838556906,0.1860287630880081,9.353642322861226,-1.3807698665035484,0.00019789347579415306,28.911241392149947,1.3287579466257344,0.0,0.2,Train010,10.0
39,1,1,6.944444444444444e-05,0.0,9.10599831257455,0.0,-9.105822934953707,0.056515005809218144,9.10599831257455,10.290800432462905,0.0,0.0,-1.000088900581841e-12,0,0,1.0,6.944444444444444e-05,0.0,9.288663705509386,0.0,-9.284409484145527,-0.23968470083922497,9.288663705509386,-3.926388119943662,0.0,0.0,-1.000088900581841e-12,0.0,0.0,Train010,10.0
39,2,0,0.0,0.0,0.0,0.0,0.0,0.0,0.0,0.0,0.0,0.0,0.0,0,0,0.0,0.0,0.0,0.0,0.0,0.0,0.0,0.0,0.0,0.0,0.0,0.0,0.0,0.0,Train010,10.0
39,3,2,0.0001388888888888889,0.0,10.448498596154746,1.7053208107557793,10.441726132732875,-0.12988578215669216,10.44253393326558,29.87625821159739,0.0005864906569341688,39.2384549557522,0.6931471805579453,0,0,2.0,0.0001388888888888889,0.0,8.907793836401453,0.7661590749666916,8.896272161879685,0.1324979269486261,8.898281674672589,1.7768409716502185,0.001099905529272549,42.86636879746194,0.6931471805579453,0.0,0.0,Train010,10.0
39,4,0,0.0,0.0,0.0,0.0,0.0,0.0,0.0,0.0,0.0,0.0,0.0,0,0,0.0,0.0,0.0,0.0,0.0,0.0,0.0,0.0,0.0,0.0,0.0,0.0,0.0,0.0,Train010,10.0
39,5,0,0.0,0.0,0.0,0.0,0.0,0.0,0.0,0.0,0.0,0.0,0.0,0,0,0.0,0.0,0.0,0.0,0.0,0.0,0.0,0.0,0.0,0.0,0.0,0.0,0.0,0.0,Train010,10.0
40,0,3,0.00020833333333333335,0.0,9.444337036297467,0.823708975444056,-9.428334712706004,0.4162709198091312,9.437519638840268,-0.27309716861078454,0.0007320142636056959,29.114529419380975,1.0986122886651097,0,0,3.6,0.00025,-0.2,9.163387223283852,0.6196338185690777,-9.156547476214303,0.24383204603902212,9.1605612749598,-1.446827898931291,0.0003018197092667263,28.968597429795143,1.2712215321355784,0.0,0.2,Train010,10.0
40,1,1,6.944444444444444e-05,0.0,8.915846169437142,0.0,-8.914293974772985,0.16636059747731002,8.915846169437142,-1.9015214313740891,1.1102230246251565e-16,0.0,-1.000088900581841e-12,0,0,1.0,6.944444444444444e-05,0.0,8.959283529385598,0.0,-8.955910910895284,-0.1354543297737894,8.959283529385598,-3.293801761237861,2.2204460492503132e-17,0.0,-1.000088900581841e-12,0.0,0.0,Train010,10.0
40,2,0,0.0,0.0,0.0,0.0,0.0,0.0,0.0,0.0,0.0,0.0,0.0,0,0,0.0,0.0,0.0,0.0,0.0,0.0,0.0,0.0,0.0,0.0,0.0,0.0,0.0,0.0,Train010,10.0
40,3,2,0.0001388888888888889,0.0,10.8720644644104,2.3840572720824538,10.863813766973818,-0.23014132912592666,10.866251174846903,4.235658682556549,0.0005617170682917783,37.46446473512319,0.6931471805579453,0,0,2.0,0.0001388888888888889,0.0,9.180949320459089,1.1512856941974907,9.170436863184111,0.045282826816024614,9.172487171169099,2.7315548405763708,0.000978947457917978,41.66844344424412,0.6931471805579453,0.0,0.0,Train010,10.0
40,4,0,0.0,0.0,0.0,0.0,0.0,0.0,0.0,0.0,0.0,0.0,0.0,0,0,0.0,0.0,0.0,0.0,0.0,0.0,0.0,0.0,0.0,0.0,0.0,0.0,0.0,0.0,Train010,10.0
40,5,0,0.0,0.0,0.0,0.0,0.0,0.0,0.0,0.0,0.0,0.0,0.0,0,0,0.0,0.0,0.0,0.0,0.0,0.0,0.0,0.0,0.0,0.0,0.0,0.0,0.0,0.0,Train010,10.0
41,0,3,0.00020833333333333335,0.0,8.8719081117724,0.822981578614408,-8.855034272606128,0.40525368252933625,8.864302708968863,-5.724289245250643,0.0008697500829401017,29.090086582041778,1.0986122886651097,0,0,3.4,0.00023611111111111112,-0.2,8.982483954531995,0.668636932660778,-8.972773345009482,0.29554861639330354,8.97842074374622,-1.3340382507333444,0.000448047422952369,29.01775293906536,1.213685117645422,0.0,0.2,Train010,10.0
41,1,1,6.944444444444444e-05,0.0,8.315609853718998,0.0,-8.313339975448672,0.19428250532549507,8.315609853718998,-6.002363157181438,0.0,0.0,-1.000088900581841e-12,0,0,1.0,6.944444444444444e-05,0.0,8.666309192422665,0.0,-8.663587880860053,-0.03084939371023614,8.666309192422665,-2.9297433696293447,2.2204460492503132e-17,0.0,-1.000088900581841e-12,0.0,0.0,Train010,10.0
41,2,0,0.0,0.0,0.0,0.0,0.0,0.0,0.0,0.0,0.0,0.0,0.0,0,0,0.0,0.0,0.0,0.0,0.0,0.0,0.0,0.0,0.0,0.0,0.0,0.0,0.0,0.0,Train010,10.0
41,3,2,0.0001388888888888889,0.0,10.378128649217624,2.479204136084361,10.369575225888374,-0.2513400199384844,10.372620795680357,-4.9393581519277685,0.0005628459732083257,36.804914699144064,0.6931471805579453,0,0,2.0,0.0001388888888888889,0.0,9.471399234225114,1.5342211428616093,9.461845821425667,-0.046648299848702605,9.464018406663715,2.904499137660228,0.0008459761754509243,40.27246330071214,0.6931471805579453,0.0,0.0,Train010,10.0
41,4,0,0.0,0.0,0.0,0.0,0.0,0.0,0.0,0.0,0.0,0.0,0.0,0,0,0.0,0.0,0.0,0.0,0.0,0.0,0.0,0.0,0.0,0.0,0.0,0.0,0.0,0.0,Train010,10.0
41,5,0,0.0,0.0,0.0,0.0,0.0,0.0,0.0,0.0,0.0,0.0,0.0,0,0,0.0,0.0,0.0,0.0,0.0,0.0,0.0,0.0,0.0,0.0,0.0,0.0,0.0,0.0,Train010,10.0
42,0,3,0.00020833333333333335,0.0,8.146058523139187,0.778104390876815,-8.129845460790806,0.37744426964344974,8.138602545463659,-7.258495886332137,0.0009284888728748886,29.081682765835595,1.0986122886651097,0,0,3.2,0.00022222222222222223,-0.2,8.817604909305214,0.7203160884899639,-8.805097483996388,0.34215192882605483,8.812263722865339,-1.1737960154826015,0.0006109992404957687,29.064101007803124,1.156148703155266,0.0,0.2,Train010,10.0
42,1,1,6.944444444444444e-05,0.0,7.611046183166085,0.0,-7.6086164117313695,0.19230262977683538,7.611046183166085,-7.04563670552913,1.1102230246251565e-16,0.0,-1.000088900581841e-12,0,0,1.0,6.944444444444444e-05,0.0,8.405083757645007,0.0,-8.402884796381388,0.06757340403051221,8.405083757645007,-2.6122543477765725,4.4408920985006264e-17,0.0,-1.000088900581841e-12,0.0,0.0,Train010,10.0
42,2,0,0.0,0.0,0.0,0.0,0.0,0.0,0.0,0.0,0.0,0.0,0.0,0,0,0.0,0.0,0.0,0.0,0.0,0.0,0.0,0.0,0.0,0.0,0.0,0.0,0.0,0.0,Train010,10.0
42,3,2,0.0001388888888888889,0.0,9.594905934483043,2.366184932397605,9.586715823751064,-0.24387009999164963,9.589817146902696,-7.832227147345812,0.0005647162082546009,36.569399766265136,0.6931471805579453,0,0,2.0,0.0001388888888888889,0.0,9.750894083852163,1.8939367306069055,9.742221851943574,-0.13479324490313732,9.7445413124537,2.794948496270507,0.0007081487155910171,38.80507390200424,0.6931471805579453,0.0,0.0,Train010,10.0
42,4,0,0.0,0.0,0.0,0.0,0.0,0.0,0.0,0.0,0.0,0.0,0.0,0,0,0.0,0.0,0.0,0.0,0.0,0.0,0.0,0.0,0.0,0.0,0.0,0.0,0.0,0.0,Train010,10.0
42,5,0,0.0,0.0,0.0,0.0,0.0,0.0,0.0,0.0,0.0,0.0,0.0,0,0,0.0,0.0,0.0,0.0,0.0,0.0,0.0,0.0,0.0,0.0,0.0,0.0,0.0,0.0,Train010,10.0
43,0,3,0.00020833333333333335,0.0,7.411043876179755,0.7194282344343067,-7.396011721702602,0.3454770806815071,7.404076161199216,-7.350146469594326,0.0009534215062004803,29.079338153129047,1.0986122886651097,0,0,3.0,0.00020833333333333335,-0.2,8.668998860109472,0.7693832970100283,-8.653885611162934,0.3842677788716031,8.662441528652119,-1.0110660551721957,0.0007808399229400243,29.109667387229585,1.0986122886651097,0.0,0.2,Train010,10.0
43,1,1,6.944444444444444e-05,0.0,6.913604049351536,0.0,-6.911256599332627,0.18014763221082053,6.913604049351536,-6.974421338145493,0.0,0.0,-1.000088900581841e-12,0,0,1.0,6.944444444444444e-05,0.0,8.172420913649663,0.0,-8.170665979247872,0.15792167411993582,8.172420913649663,-2.326628439953448,4.4408920985006264e-17,0.0,-1.000088900581841e-12,0.0,0.0,Train010,10.0
43,2,0,0.0,0.0,0.0,0.0,0.0,0.0,0.0,0.0,0.0,0.0,0.0,0,0,0.0,0.0,0.0,0.0,0.0,0.0,0.0,0.0,0.0,0.0,0.0,0.0,0.0,0.0,Train010,10.0
43,3,2,0.0001388888888888889,0.0,8.75754714846355,2.18758478155868,8.749960616154425,-0.22689857272021824,8.75290201856253,-8.373587860194931,0.0005657233888732849,36.49467390532892,0.6931471805579453,0,0,2.0,0.0001388888888888889,0.0,10.010228958545872,2.2244703865757756,10.002358313100112,-0.21642716078659424,10.004825013851612,2.593348746937086,0.0005682986591124317,37.314381612322705,0.6931471805579453,0.0,0.0,Train010,10.0
43,4,0,0.0,0.0,0.0,0.0,0.0,0.0,0.0,0.0,0.0,0.0,0.0,0,0,0.0,0.0,0.0,0.0,0.0,0.0,0.0,0.0,0.0,0.0,0.0,0.0,0.0,0.0,Train010,10.0
43,5,0,0.0,0.0,0.0,0.0,0.0,0.0,0.0,0.0,0.0,0.0,0.0,0,0,0.0,0.0,0.0,0.0,0.0,0.0,0.0,0.0,0.0,0.0,0.0,0.0,0.0,0.0,Train010,10.0
44,0,3,0.00020833333333333335,0.0,9.685583975197382,0.6841278588537381,-9.676660853760746,0.4141825901952452,9.685520765386158,22.745400990176275,6.591469272398953e-06,29.493625977186685,1.0986122886651097,0,0,3.0,0.00020833333333333335,0.0,8.711786304517238,0.7656702076446648,-8.697177404313257,0.3917257085717339,8.706004363971633,0.42787444407767694,0.000698053238978713,29.17185257951482,1.0986122886651097,0.0,0.0,Train010,10.0
44,1,1,6.944444444444444e-05,0.0,7.4502844751684805,0.0,-7.449108704893314,-0.13235657754388236,7.4502844751684805,5.366804258169449,0.0,0.0,-1.000088900581841e-12,0,0,1.0,6.944444444444444e-05,0.0,7.841278146168447,0.0,-7.839323133235792,0.1201473574493157,7.841278146168447,-3.311427674812139,4.4408920985006264e-17,0.0,-1.000088900581841e-12,0.0,0.0,Train010,10.0
44,2,0,0.0,0.0,0.0,0.0,0.0,0.0,0.0,0.0,0.0,0.0,0.0,0,0,0.0,0.0,0.0,0.0,0.0,0.0,0.0,0.0,0.0,0.0,0.0,0.0,0.0,0.0,Train010,10.0
44,3,3,0.00020833333333333335,1.0,10.550192939964004,2.4263439729122567,4.289031708139323,3.47117904476222,5.517687645583146,8.130823001546904,0.43274302083754834,37.744867226565965,1.0986122886651097,1,0,2.2,0.00015277777777777777,0.2,10.030567827307724,2.368675019007071,8.771819428181399,0.5037858045971882,9.019855756315128,-1.755738295073011,0.08699960469523527,37.015664066485456,0.7742402021793783,0.2,0.0,Train010,10.0
44,4,1,6.944444444444444e-05,1.0,0.0,0.0,0.0,0.0,0.0,0.0,0.0,0.0,-1.000088900581841e-12,1,0,0.2,1.388888888888889e-05,0.2,0.0,0.0,0.0,0.0,0.0,0.0,0.0,0.0,-2.000177801163682e-13,0.2,0.0,Train010,10.0
44,5,0,0.0,0.0,0.0,0.0,0.0,0.0,0.0,0.0,0.0,0.0,0.0,0,0,0.0,0.0,0.0,0.0,0.0,0.0,0.0,0.0,0.0,0.0,0.0,0.0,0.0,0.0,Train010,10.0
45,0,3,0.00020833333333333335,0.0,9.901091605242856,0.7830334634074343,-9.892147060803776,0.4132774420513214,9.900776318889204,2.1550763004547413,3.3790063952765514e-05,29.679799853629447,1.0986122886651097,0,0,3.0,0.00020833333333333335,0.0,8.803137218306315,0.7575351052373404,-8.789939873932813,0.39112701302017194,8.798655699981419,0.9135091378907824,0.000558408399048127,29.28490666636451,1.0986122886651097,0.0,0.0,Train010,10.0
45,1,1,6.944444444444444e-05,0.0,7.196450868106058,0.0,-7.1926901997097,-0.23262155545966517,7.196450868106058,-2.5383360706242275,0.0,0.0,-1.000088900581841e-12,0,0,1.0,6.944444444444444e-05,0.0,7.497399085902233,0.0,-7.495002378223137,0.04035092686192069,7.497399085902233,-3.4387906026621664,2.2204460492503132e-17,0.0,-1.000088900581841e-12,0.0,0.0,Train010,10.0
45,2,0,0.0,0.0,0.0,0.0,0.0,0.0,0.0,0.0,0.0,0.0,0.0,0,0,0.0,0.0,0.0,0.0,0.0,0.0,0.0,0.0,0.0,0.0,0.0,0.0,0.0,0.0,Train010,10.0
45,3,3,0.00020833333333333335,0.0,10.304423461312913,2.4187007610115514,4.2760761005322525,3.5139274028850758,5.534664633949356,-2.4576947865109076,0.4186515810712931,37.61575190261849,1.0986122886651097,0,0,2.4,0.00016666666666666666,0.2,9.917039626688226,2.3756037167928907,7.454271894893088,1.2525995509993888,7.9535384481356175,-3.094408988886502,0.17061757749583553,37.045921499984516,0.855333223800811,0.2,0.0,Train010,10.0
45,4,1,6.944444444444444e-05,0.0,0.0,0.0,0.0,0.0,0.0,0.0,0.0,0.0,-1.000088900581841e-12,0,0,0.4,2.777777777777778e-05,0.2,0.0,0.0,0.0,0.0,0.0,0.0,0.0,0.0,-4.000355602327364e-13,0.2,0.0,Train010,10.0
45,5,0,0.0,0.0,0.0,0.0,0.0,0.0,0.0,0.0,0.0,0.0,0.0,0,0,0.0,0.0,0.0,0.0,0.0,0.0,0.0,0.0,0.0,0.0,0.0,0.0,0.0,0.0,Train010,10.0
46,0,3,0.00020833333333333335,0.0,9.38951479560262,0.7793837697341416,-9.380825556086439,0.38843281294770876,9.388864050773071,-5.115768096402362,7.392264344663335e-05,29.753197230068164,1.0986122886651097,0,0,3.0,0.00020833333333333335,0.0,8.90665855507236,0.7488155434612871,-8.895098130628874,0.38776283910384646,8.903567968342262,1.0352133676604385,0.0003992429111494333,29.417528795969787,1.0986122886651097,0.0,0.0,Train010,10.0
46,1,1,6.944444444444444e-05,0.0,6.682099279082429,0.0,-6.677287714930013,-0.2535341151771368,6.682099279082429,-5.143515890236285,0.0,0.0,-1.000088900581841e-12,0,0,1.0,6.944444444444444e-05,0.0,7.170696970974918,0.0,-7.1677919261194045,-0.04921239723860569,7.170696970974918,-3.2670211492731362,2.2204460492503132e-17,0.0,-1.000088900581841e-12,0.0,0.0,Train010,10.0
46,2,0,0.0,0.0,0.0,0.0,0.0,0.0,0.0,0.0,0.0,0.0,0.0,0,0,0.0,0.0,0.0,0.0,0.0,0.0,0.0,0.0,0.0,0.0,0.0,0.0,0.0,0.0,Train010,10.0
46,3,3,0.00020833333333333335,0.0,9.619407191380871,2.2804125866601943,4.0130827873252,3.324988713322574,5.211562472200473,-6.850162699320421,0.413725444023869,37.57641647119922,1.0986122886651097,0,0,2.6,0.00018055555555555557,0.2,9.765295335120877,2.3358454069080574,6.182973407180453,1.9678652976516005,6.921326783439641,-3.4765698983650326,0.2532500971059677,37.200221854395544,0.936426245422244,0.2,0.0,Train010,10.0
46,4,1,6.944444444444444e-05,0.0,0.0,0.0,0.0,0.0,0.0,0.0,0.0,0.0,-1.000088900581841e-12,0,0,0.6,4.1666666666666665e-05,0.2,0.0,0.0,0.0,0.0,0.0,0.0,0.0,0.0,-6.000533403491046e-13,0.2,0.0,Train010,10.0
46,5,0,0.0,0.0,0.0,0.0,0.0,0.0,0.0,0.0,0.0,0.0,0.0,0,0,0.0,0.0,0.0,0.0,0.0,0.0,0.0,0.0,0.0,0.0,0.0,0.0,0.0,0.0,Train010,10.0
47,0,3,0.00020833333333333335,0.0,8.65672080770419,0.7313682864893243,-8.648598191989686,0.3568151719896373,8.655955623352586,-7.32793987898431,9.442154682670623e-05,29.780226703279,1.0986122886651097,0,0,3.0,0.00020833333333333335,0.0,9.00879101198536,0.7394683225837889,-8.998848676868649,0.38363701957308394,9.007038583920046,1.0213245691300041,0.00023242944593979687,29.55723758345847,1.0986122886651097,0.0,0.0,Train010,10.0
47,1,1,6.944444444444444e-05,0.0,6.108161549490024,0.0,-6.103215613390811,-0.24575738265817268,6.108161549490024,-5.739377295924051,0.0,0.0,-1.000088900581841e-12,0,0,1.0,6.944444444444444e-05,0.0,6.870120044239705,0.0,-6.866711766451293,-0.13682439972560728,6.870120044239705,-3.0057692673521204,0.0,0.0,-1.000088900581841e-12,0.0,0.0,Train010,10.0
47,2,0,0.0,0.0,0.0,0.0,0.0,0.0,0.0,0.0,0.0,0.0,0.0,0,0,0.0,0.0,0.0,0.0,0.0,0.0,0.0,0.0,0.0,0.0,0.0,0.0,0.0,0.0,Train010,10.0
47,3,3,0.00020833333333333335,0.0,8.814740622122244,2.098083846437898,3.6856332586318463,3.0632796450179067,4.7924497598529125,-8.04666569258627,0.41172506575063594,37.55879138372569,1.0986122886651097,0,0,2.8,0.00019444444444444446,0.2,9.609262272648717,2.282225189716116,5.00275689415661,2.6292952466535118,5.961853306029683,-3.5194576074131247,0.3354821670144439,37.398100177887656,1.0175192670436768,0.2,0.0,Train010,10.0
47,4,1,6.944444444444444e-05,0.0,0.0,0.0,0.0,0.0,0.0,0.0,0.0,0.0,-1.000088900581841e-12,0,0,0.8,5.555555555555556e-05,0.2,0.0,0.0,0.0,0.0,0.0,0.0,0.0,0.0,-8.000711204654728e-13,0.2,0.0,Train010,10.0
47,5,0,0.0,0.0,0.0,0.0,0.0,0.0,0.0,0.0,0.0,0.0,0.0,0,0,0.0,0.0,0.0,0.0,0.0,0.0,0.0,0.0,0.0,0.0,0.0,0.0,0.0,0.0,Train010,10.0
48,0,3,0.00020833333333333335,0.0,7.890962416741178,0.6704075172192744,-7.883511322145217,0.3247465222045296,7.890197150266636,-7.657583909630119,0.00010364687531372319,29.78922022495591,1.0986122886651097,0,0,3.0,0.00020833333333333335,0.0,9.104774720097645,0.7296641791407825,-9.096348596957172,0.37949090787768847,9.104262781733532,0.9598370811228458,6.247451976244544e-05,29.69921399782384,1.0986122886651097,0.0,0.0,Train010,10.0
48,1,1,6.944444444444444e-05,0.0,5.54783889254948,0.0,-5.543130471799605,-0.22851903704359472,5.54783889254948,-5.6032265694054395,1.1102230246251565e-16,0.0,-1.000088900581841e-12,0,0,1.0,6.944444444444444e-05,0.0,6.596967012879294,0.0,-6.593086540944688,-0.21855773357649033,6.596967012879294,-2.7315303136041096,2.2204460492503132e-17,0.0,-1.000088900581841e-12,0.0,0.0,Train010,10.0
48,2,0,0.0,0.0,0.0,0.0,0.0,0.0,0.0,0.0,0.0,0.0,0.0,0,0,0.0,0.0,0.0,0.0,0.0,0.0,0.0,0.0,0.0,0.0,0.0,0.0,0.0,0.0,Train010,10.0
48,3,3,0.00020833333333333335,0.0,8.014511064034345,1.9098317690616815,3.355611648451454,2.7905174743573546,4.364300323066326,-8.002295580878998,0.4108893243030993,37.548856819710714,1.0986122886651097,0,0,3.0,0.00020833333333333335,0.2,9.460655055762876,2.226674587216716,3.923887100616015,3.2327784560690263,5.084132966930443,-3.445199151549938,0.41754688719728916,37.60893676076402,1.0986122886651097,0.2,0.0,Train010,10.0
48,4,1,6.944444444444444e-05,0.0,0.0,0.0,0.0,0.0,0.0,0.0,0.0,0.0,-1.000088900581841e-12,0,0,1.0,6.944444444444444e-05,0.2,0.0,0.0,0.0,0.0,0.0,0.0,0.0,0.0,-1.000088900581841e-12,0.2,0.0,Train010,10.0
48,5,0,0.0,0.0,0.0,0.0,0.0,0.0,0.0,0.0,0.0,0.0,0.0,0,0,0.0,0.0,0.0,0.0,0.0,0.0,0.0,0.0,0.0,0.0,0.0,0.0,0.0,0.0,Train010,10.0
49,0,1,6.944444444444444e-05,-2.0,9.856798881623195,0.0,-9.85527321267604,-0.1734188463758647,9.856798881623195,28.894967299472547,0.0,0.0,-1.000088900581841e-12,0,2,2.6,0.00018055555555555555,-0.4,9.139017701382809,0.5928386073700349,-9.132071068740231,0.2619706205634665,9.138518404980939,2.1897503429821,6.115622590796566e-05,23.800488802386504,0.8788898309318878,0.0,0.4,Train010,10.0
49,1,1,6.944444444444444e-05,0.0,9.458373166417218,0.0,-9.456063052331945,-0.2090323073688144,9.458373166417218,39.10534273867738,0.0,0.0,-1.000088900581841e-12,0,0,1.0,6.944444444444444e-05,0.0,6.998584751129042,0.0,-6.994477410432415,-0.23389287954147675,6.998584751129042,4.016177382497476,2.2204460492503132e-17,0.0,-1.000088900581841e-12,0.0,0.0,Train010,10.0
49,2,0,0.0,0.0,0.0,0.0,0.0,0.0,0.0,0.0,0.0,0.0,0.0,0,0,0.0,0.0,0.0,0.0,0.0,0.0,0.0,0.0,0.0,0.0,0.0,0.0,0.0,0.0,Train010,10.0
49,3,2,0.0001388888888888889,-1.0,9.904954358319012,0.35680016093967737,9.901148957849593,-0.27398124586838957,9.904938990655806,27.151452991395605,1.5535286533863157e-06,37.777563746490905,0.6931471805579453,0,1,2.8,0.00019444444444444443,-0.2,9.331607339433877,1.8127658248222005,5.046310550558069,2.4837463979429044,5.961583235944975,0.3589268464198021,0.3309985937355101,37.615476064749004,1.0175192670436768,0.0,0.2,Train010,10.0
49,4,0,0.0,-1.0,0.0,0.0,0.0,0.0,0.0,0.0,0.0,0.0,0.0,0,1,0.8,5.555555555555556e-05,-0.2,0.0,0.0,0.0,0.0,0.0,0.0,0.0,0.0,-8.000711204654728e-13,0.0,0.2,Train010,10.0
49,5,0,0.0,0.0,0.0,0.0,0.0,0.0,0.0,0.0,0.0,0.0,0.0,0,0,0.0,0.0,0.0,0.0,0.0,0.0,0.0,0.0,0.0,0.0,0.0,0.0,0.0,0.0,Train010,10.0
50,0,1,6.944444444444444e-05,0.0,10.28070844288714,0.0,-10.277141096389569,-0.2708079994230578,10.28070844288714,4.239095612639439,0.0,0.0,-1.000088900581841e-12,0,0,2.2,0.00015277777777777777,-0.4,9.214941068911665,0.4362319146885481,-9.20906987585739,0.12515353226859066,9.214504829780525,2.6065542054190396,5.4398213117412555e-05,17.864528831660614,0.6591673731986659,0.0,0.4,Train010,10.0
50,1,1,6.944444444444444e-05,0.0,10.255475490599762,0.0,-10.253716685082042,-0.18992546001672445,10.255475490599762,7.971023241825446,0.0,0.0,-1.000088900581841e-12,0,0,1.0,6.944444444444444e-05,0.0,7.610389675627784,0.0,-7.606682707506883,-0.2253536604528886,7.610389675627784,6.118049244987412,2.2204460492503132e-17,0.0,-1.000088900581841e-12,0.0,0.0,Train010,10.0
50,2,0,0.0,0.0,0.0,0.0,0.0,0.0,0.0,0.0,0.0,0.0,0.0,0,0,0.0,0.0,0.0,0.0,0.0,0.0,0.0,0.0,0.0,0.0,0.0,0.0,0.0,0.0,Train010,10.0
50,3,2,0.0001388888888888889,0.0,10.264688819638863,0.18260028199213263,10.25981085096969,-0.30431183557919894,10.264322890037558,3.597344613198521,3.5660646566126886e-05,38.827047726873396,0.6931471805579453,0,0,2.6,0.00018055555555555557,-0.2,9.323660411099066,1.3655457290183166,6.243057500645556,1.7200985502500494,6.907514887162614,1.5699347263616878,0.24727540965056477,37.85773522959998,0.9364262454222441,0.0,0.2,Train010,10.0
50,4,0,0.0,0.0,0.0,0.0,0.0,0.0,0.0,0.0,0.0,0.0,0.0,0,0,0.6,4.1666666666666665e-05,-0.2,0.0,0.0,0.0,0.0,0.0,0.0,0.0,0.0,-6.000533403491046e-13,0.0,0.2,Train010,10.0
50,5,0,0.0,0.0,0.0,0.0,0.0,0.0,0.0,0.0,0.0,0.0,0.0,0,0,0.0,0.0,0.0,0.0,0.0,0.0,0.0,0.0,0.0,0.0,0.0,0.0,0.0,0.0,Train010,10.0
51,0,1,6.944444444444444e-05,0.0,9.822233608793121,0.0,-9.817991478342917,-0.2886457983256187,9.822233608793121,-4.584748340940177,1.1102230246251565e-16,0.0,-1.000088900581841e-12,0,0,1.8,0.000125,-0.4,9.301484831549764,0.28035516074171973,-9.296503060308686,-0.010262189986074855,9.301178741384536,2.7127581565114767,3.961368442810809e-05,11.913889385646982,0.43944491546544384,0.0,0.4,Train010,10.0
51,1,1,6.944444444444444e-05,0.0,9.926212849466062,0.0,-9.924721080464048,-0.17208430462335164,9.926212849466062,-3.2926264113370074,0.0,0.0,-1.000088900581841e-12,0,0,1.0,6.944444444444444e-05,0.0,8.25921238970451,0.0,-8.25616938061369,-0.2090636983421316,8.25921238970451,6.488227140767267,2.2204460492503132e-17,0.0,-1.000088900581841e-12,0.0,0.0,Train010,10.0
51,2,0,0.0,0.0,0.0,0.0,0.0,0.0,0.0,0.0,0.0,0.0,0.0,0,0,0.0,0.0,0.0,0.0,0.0,0.0,0.0,0.0,0.0,0.0,0.0,0.0,0.0,0.0,Train010,10.0
51,3,2,0.0001388888888888889,0.0,9.78485774342953,0.35891225673314864,9.779776106937858,-0.29690775651324525,9.78428203383929,-4.7983107620933385,5.891605787411436e-05,39.2275364009476,0.6931471805579453,0,0,2.4,0.0001666666666666667,-0.2,9.356750521508797,0.9812456630329077,7.396396164568088,0.9957192562828855,7.822058799490378,1.9803051138071044,0.16454210405736577,38.18795921554966,0.8553332238008112,0.0,0.2,Train010,10.0
51,4,0,0.0,0.0,0.0,0.0,0.0,0.0,0.0,0.0,0.0,0.0,0.0,0,0,0.4,2.7777777777777772e-05,-0.2,0.0,0.0,0.0,0.0,0.0,0.0,0.0,0.0,-4.000355602327364e-13,0.0,0.2,Train010,10.0
51,5,0,0.0,0.0,0.0,0.0,0.0,0.0,0.0,0.0,0.0,0.0,0.0,0,0,0.0,0.0,0.0,0.0,0.0,0.0,0.0,0.0,0.0,0.0,0.0,0.0,0.0,0.0,Train010,10.0
52,0,1,6.944444444444444e-05,0.0,9.084451101429188,0.0,-9.080201697940993,-0.2778289743124614,9.084451101429188,-7.3778250736393325,0.0,0.0,-1.000088900581841e-12,0,0,1.4,9.722222222222222e-05,-0.4,9.387030890294763,0.1340815034438549,-9.382823761498948,-0.1371910192464946,9.386877836999854,2.7027811175804723,2.0729375062766842e-05,5.957844044991182,0.21972245773222188,0.0,0.4,Train010,10.0
52,1,1,6.944444444444444e-05,0.0,9.226090410225854,0.0,-9.224775852582445,-0.15573929264415784,9.226090410225854,-7.001224392402072,0.0,0.0,-1.000088900581841e-12,0,0,1.0,6.944444444444444e-05,0.0,8.882798161851674,0.0,-8.880481428452018,-0.19106008033932861,8.882798161851674,6.235857721471662,2.2204460492503132e-17,0.0,-1.000088900581841e-12,0.0,0.0,Train010,10.0
52,2,0,0.0,0.0,0.0,0.0,0.0,0.0,0.0,0.0,0.0,0.0,0.0,0,0,0.0,0.0,0.0,0.0,0.0,0.0,0.0,0.0,0.0,0.0,0.0,0.0,0.0,0.0,Train010,10.0
52,3,2,0.0001388888888888889,0.0,9.041877978938038,0.39891767544683177,9.037008524129574,-0.2768460013965386,9.041248076105413,-7.429797644914924,6.980091520369935e-05,39.37824178437947,0.6931471805579453,0,0,2.2,0.00015277777777777777,-0.2,9.402177992871957,0.6414124288346944,8.466671217667633,0.32769412699999645,8.671818462740877,2.103678723341374,0.08221105109027933,38.55184929568041,0.7742402021793783,0.0,0.2,Train010,10.0
52,4,0,0.0,0.0,0.0,0.0,0.0,0.0,0.0,0.0,0.0,0.0,0.0,0,0,0.2,1.388888888888889e-05,-0.2,0.0,0.0,0.0,0.0,0.0,0.0,0.0,0.0,-2.000177801163682e-13,0.0,0.2,Train010,10.0
52,5,0,0.0,0.0,0.0,0.0,0.0,0.0,0.0,0.0,0.0,0.0,0.0,0,0,0.0,0.0,0.0,0.0,0.0,0.0,0.0,0.0,0.0,0.0,0.0,0.0,0.0,0.0,Train010,10.0
53,0,1,6.944444444444444e-05,0.0,8.293210628582916,0.0,-8.289205620522445,-0.2577066369726591,8.293210628582916,-7.912404728462725,1.1102230246251565e-16,0.0,-1.000088900581841e-12,0,0,1.0,6.944444444444444e-05,-0.4,9.467480532663114,0.0,-9.463962621174392,-0.2536816510819323,9.467480532663112,2.65181695381395,4.4408920985006264e-17,0.0,-1.000088900581841e-12,0.0,0.4,Train010,10.0
53,1,1,6.944444444444444e-05,0.0,8.438860994900445,0.0,-8.437684962947463,-0.1408806491409998,8.438860994900445,-7.872294153254096,1.1102230246251565e-16,0.0,-1.000088900581841e-12,0,0,1.0,6.944444444444444e-05,0.0,9.461002582321868,0.0,-9.45939232668159,-0.1735324027588096,9.461002582321868,5.782044204701931,2.2204460492503132e-17,0.0,-1.000088900581841e-12,0.0,0.0,Train010,10.0
53,2,0,0.0,0.0,0.0,0.0,0.0,0.0,0.0,0.0,0.0,0.0,0.0,0,0,0.0,0.0,0.0,0.0,0.0,0.0,0.0,0.0,0.0,0.0,0.0,0.0,0.0,0.0,Train010,10.0
53,3,2,0.0001388888888888889,0.0,8.251354086090599,0.38928245170462317,8.246842611024897,-0.25357410461249713,8.25074014119618,-7.905238928474385,7.457133509036762e-05,39.43325399706909,0.6931471805579453,0,0,2.0,0.0001388888888888889,-0.2,9.449546597283208,0.33730256536328274,9.444917410182324,-0.2811241887939739,9.44910642636685,2.1230900538222963,4.8100496677538904e-05,38.92872873115209,0.6931471805579453,0.0,0.2,Train010,10.0
53,4,0,0.0,0.0,0.0,0.0,0.0,0.0,0.0,0.0,0.0,0.0,0.0,0,0,0.0,0.0,-0.2,0.0,0.0,0.0,0.0,0.0,0.0,0.0,0.0,0.0,0.0,0.2,Train010,10.0
53,5,0,0.0,0.0,0.0,0.0,0.0,0.0,0.0,0.0,0.0,0.0,0.0,0,0,0.0,0.0,0.0,0.0,0.0,0.0,0.0,0.0,0.0,0.0,0.0,0.0,0.0,0.0,Train010,10.0
54,0,1,6.944444444444444e-05,0.0,9.00232607574681,0.0,-8.999244144805298,-0.23554107127745402,9.00232607574681,7.091154471638941,0.0,0.0,-1.000088900581841e-12,0,0,1.0,6.944444444444444e-05,0.0,9.296585971487834,0.0,-9.292756807600243,-0.2661060960622502,9.296585971487834,-1.708945611752771,4.4408920985006264e-17,0.0,-1.000088900581841e-12,0.0,0.0,Train010,10.0
54,1,1,6.944444444444444e-05,0.0,9.438125231964928,0.0,-9.436638190703787,0.1675337339277701,9.438125231964928,9.992642370644838,1.1102230246251565e-16,0.0,-1.000088900581841e-12,0,0,1.0,6.944444444444444e-05,0.0,9.456952995431411,0.0,-9.455507354355957,-0.09821919449949272,9.456952995431411,-0.040495868904577036,4.4408920985006264e-17,0.0,-1.000088900581841e-12,0.0,0.0,Train010,10.0
54,2,0,0.0,0.0,0.0,0.0,0.0,0.0,0.0,0.0,0.0,0.0,0.0,0,0,0.0,0.0,0.0,0.0,0.0,0.0,0.0,0.0,0.0,0.0,0.0,0.0,0.0,0.0,Train010,10.0
54,3,2,0.0001388888888888889,0.0,10.748997743423955,1.413069041067379,10.727010271658369,-0.6724101500844958,10.748064234000502,24.97643657333355,8.837350896651053e-05,35.59561866716166,0.6931471805579453,0,0,2.0,0.0001388888888888889,0.0,9.618355274304196,0.548556341388823,9.610089672944078,-0.36080996963719514,9.61773147503579,1.6880867702098854,6.546449274016374e-05,38.49233971528624,0.6931471805579453,0.0,0.0,Train010,10.0
54,4,0,0.0,0.0,0.0,0.0,0.0,0.0,0.0,0.0,0.0,0.0,0.0,0,0,0.0,0.0,0.0,0.0,0.0,0.0,0.0,0.0,0.0,0.0,0.0,0.0,0.0,0.0,Train010,10.0
54,5,0,0.0,0.0,0.0,0.0,0.0,0.0,0.0,0.0,0.0,0.0,0.0,0,0,0.0,0.0,0.0,0.0,0.0,0.0,0.0,0.0,0.0,0.0,0.0,0.0,0.0,0.0,Train010,10.0
55,0,1,6.944444444444444e-05,0.0,8.718080226867844,0.0,-8.715454008110186,-0.21397260249890637,8.718080226867844,-2.8424584887896565,1.1102230246251565e-16,0.0,-1.000088900581841e-12,0,0,1.0,6.944444444444444e-05,0.0,8.984060328283977,0.0,-8.980419389944368,-0.25473901667741994,8.984060328283977,-3.12525643203859,6.661338147750939e-17,0.0,-1.000088900581841e-12,0.0,0.0,Train010,10.0
55,1,1,6.944444444444444e-05,0.0,9.23042905954083,0.0,-9.22663465821561,0.2646384458658626,9.23042905954083,-2.0769617242409844,0.0,0.0,-1.000088900581841e-12,0,0,1.0,6.944444444444444e-05,0.0,9.251943709219622,0.0,-9.25009094898267,-0.007306413322975325,9.251943709219622,-2.050092862117863,4.4408920985006264e-17,0.0,-1.000088900581841e-12,0.0,0.0,Train010,10.0
55,2,0,0.0,0.0,0.0,0.0,0.0,0.0,0.0,0.0,0.0,0.0,0.0,0,0,0.0,0.0,0.0,0.0,0.0,0.0,0.0,0.0,0.0,0.0,0.0,0.0,0.0,0.0,Train010,10.0
55,3,2,0.0001388888888888889,0.0,10.98405420630058,1.9552512307980576,10.955714701619197,-0.7781399955727811,10.98331400243046,2.3505646287662696,6.959424970953698e-05,34.145932687035575,0.6931471805579453,0,0,2.0,0.0001388888888888889,0.0,9.76222835163654,0.9030865311500079,9.749270443073978,-0.45557560163591154,9.76152969751437,1.4387307733234351,7.225121336884577e-05,37.55611670731868,0.6931471805579453,0.0,0.0,Train010,10.0
55,4,0,0.0,0.0,0.0,0.0,0.0,0.0,0.0,0.0,0.0,0.0,0.0,0,0,0.0,0.0,0.0,0.0,0.0,0.0,0.0,0.0,0.0,0.0,0.0,0.0,0.0,0.0,Train010,10.0
55,5,0,0.0,0.0,0.0,0.0,0.0,0.0,0.0,0.0,0.0,0.0,0.0,0,0,0.0,0.0,0.0,0.0,0.0,0.0,0.0,0.0,0.0,0.0,0.0,0.0,0.0,0.0,Train010,10.0
56,0,1,6.944444444444444e-05,0.0,8.1058379647321,0.0,-8.103518915084237,-0.19388218939400417,8.1058379647321,-6.122422621357444,0.0,0.0,-1.000088900581841e-12,0,0,1.0,6.944444444444444e-05,0.0,8.640781199471771,0.0,-8.63752487729263,-0.235786294891097,8.640781199471771,-3.4327912881220435,4.4408920985006264e-17,0.0,-1.000088900581841e-12,0.0,0.0,Train010,10.0
56,1,1,6.944444444444444e-05,0.0,8.614391285955847,0.0,-8.609750626926827,0.2827213640408928,8.614391285955847,-6.160377735849831,0.0,0.0,-1.000088900581841e-12,0,0,1.0,6.944444444444444e-05,0.0,8.98957939651758,0.0,-8.987096858275226,0.08365472040987357,8.98957939651758,-2.623643127020428,4.4408920985006264e-17,0.0,-1.000088900581841e-12,0.0,0.0,Train010,10.0
56,2,0,0.0,0.0,0.0,0.0,0.0,0.0,0.0,0.0,0.0,0.0,0.0,0,0,0.0,0.0,0.0,0.0,0.0,0.0,0.0,0.0,0.0,0.0,0.0,0.0,0.0,0.0,Train010,10.0
56,3,2,0.0001388888888888889,0.0,10.418690059319111,2.0281799066811503,10.389656685676824,-0.7689885075667948,10.418076087790823,-5.653641469814694,6.125102137322092e-05,33.607019711061675,0.6931471805579453,0,0,2.0,0.0001388888888888889,0.0,9.888994814814456,1.2369400611396084,9.871246558821772,-0.5499917518466215,9.888288508304676,1.267664631779164,7.271820606866708e-05,36.4320133693415,0.6931471805579453,0.0,0.0,Train010,10.0
56,4,0,0.0,0.0,0.0,0.0,0.0,0.0,0.0,0.0,0.0,0.0,0.0,0,0,0.0,0.0,0.0,0.0,0.0,0.0,0.0,0.0,0.0,0.0,0.0,0.0,0.0,0.0,Train010,10.0
56,5,0,0.0,0.0,0.0,0.0,0.0,0.0,0.0,0.0,0.0,0.0,0.0,0,0,0.0,0.0,0.0,0.0,0.0,0.0,0.0,0.0,0.0,0.0,0.0,0.0,0.0,0.0,Train010,10.0
57,0,1,6.944444444444444e-05,0.0,7.4158455623026125,0.0,-7.413768894844992,-0.1754883977709475,7.4158455623026125,-6.899924024294872,1.1102230246251565e-16,0.0,-1.000088900581841e-12,0,0,1.0,6.944444444444444e-05,0.0,8.307060091646457,0.0,-8.30423831667343,-0.21531817958279423,8.307060091646457,-3.3372110782531514,6.661338147750939e-17,0.0,-1.000088900581841e-12,0.0,0.0,Train010,10.0
57,1,1,6.944444444444444e-05,0.0,7.892860093506443,0.0,-7.888160631150008,0.27232758369590243,7.892860093506443,-7.215311924494037,0.0,0.0,-1.000088900581841e-12,0,0,1.0,6.944444444444444e-05,0.0,8.7229333331737,0.0,-8.71977381398874,0.16926809567788564,8.7229333331737,-2.666460633438821,4.4408920985006264e-17,0.0,-1.000088900581841e-12,0.0,0.0,Train010,10.0
57,2,0,0.0,0.0,0.0,0.0,0.0,0.0,0.0,0.0,0.0,0.0,0.0,0,0,0.0,0.0,0.0,0.0,0.0,0.0,0.0,0.0,0.0,0.0,0.0,0.0,0.0,0.0,Train010,10.0
57,3,2,0.0001388888888888889,0.0,9.608740055016689,1.9340044942176253,9.58115413246341,-0.720510623322453,9.608207432624527,-8.099500043024236,5.777152991415235e-05,33.415338145113246,0.6931471805579453,0,0,2.0,0.0001388888888888889,0.0,10.002367230030186,1.543957424893767,9.98007568048854,-0.6387246762318044,10.001680379608498,1.1337241521573016,7.031232901075768e-05,35.23943264148825,0.6931471805579453,0.0,0.0,Train010,10.0
57,4,0,0.0,0.0,0.0,0.0,0.0,0.0,0.0,0.0,0.0,0.0,0.0,0,0,0.0,0.0,0.0,0.0,0.0,0.0,0.0,0.0,0.0,0.0,0.0,0.0,0.0,0.0,Train010,10.0
57,5,0,0.0,0.0,0.0,0.0,0.0,0.0,0.0,0.0,0.0,0.0,0.0,0,0,0.0,0.0,0.0,0.0,0.0,0.0,0.0,0.0,0.0,0.0,0.0,0.0,0.0,0.0,Train010,10.0
58,0,1,6.944444444444444e-05,0.0,6.739524848293024,0.0,-6.7376545025925685,-0.15876707609949642,6.739524848293024,-6.763207140095888,0.0,0.0,-1.000088900581841e-12,0,0,1.0,6.944444444444444e-05,0.0,7.996322935588478,0.0,-7.993928093087456,-0.1955302674081617,7.996322935588478,-3.107371560579784,4.4408920985006264e-17,0.0,-1.000088900581841e-12,0.0,0.0,Train010,10.0
58,1,1,6.944444444444444e-05,0.0,7.177285330733922,0.0,-7.172836472186023,0.2526690761575644,7.177285330733922,-7.155747627725209,0.0,0.0,-1.000088900581841e-12,0,0,1.0,6.944444444444444e-05,0.0,8.470618200340393,0.0,-8.46680411583645,0.2479780407375985,8.470618200340393,-2.5231513283330433,2.2204460492503132e-17,0.0,-1.000088900581841e-12,0.0,0.0,Train010,10.0
58,2,0,0.0,0.0,0.0,0.0,0.0,0.0,0.0,0.0,0.0,0.0,0.0,0,0,0.0,0.0,0.0,0.0,0.0,0.0,0.0,0.0,0.0,0.0,0.0,0.0,0.0,0.0,Train010,10.0
58,3,2,0.0001388888888888889,0.0,8.761614195944222,1.7873934700922436,8.736152285051539,-0.661241887246371,8.761141340091504,-8.471258590724657,5.631266844996485e-05,33.35535789585044,0.6931471805579453,0,0,2.0,0.0001388888888888889,0.0,10.104419252000913,1.823579628571291,10.077937615293868,-0.7202582327585791,10.103760619387563,1.020520219707247,6.666059568267712e-05,34.02385342124452,0.6931471805579453,0.0,0.0,Train010,10.0
58,4,0,0.0,0.0,0.0,0.0,0.0,0.0,0.0,0.0,0.0,0.0,0.0,0,0,0.0,0.0,0.0,0.0,0.0,0.0,0.0,0.0,0.0,0.0,0.0,0.0,0.0,0.0,Train010,10.0
58,5,0,0.0,0.0,0.0,0.0,0.0,0.0,0.0,0.0,0.0,0.0,0.0,0,0,0.0,0.0,0.0,0.0,0.0,0.0,0.0,0.0,0.0,0.0,0.0,0.0,0.0,0.0,Train010,10.0
59,0,2,0.0001388888888888889,1.0,11.772401441559612,0.5194331531477889,-11.771529483720045,-0.010858280244130325,11.771534491659962,0.0,7.378622512055344e-05,69.94552733843186,0.6931471805579453,2,1,1.2,8.333333333333333e-05,0.2,8.550338008751037,0.10388663062955779,-8.548385160870406,-0.15059370920149698,8.55016461877111,-4.525602454907572,1.4757245024155097e-05,13.989105467686372,0.13862943611078898,0.4,0.2,Train010,10.0
59,1,1,6.944444444444444e-05,0.0,7.975606757626353,0.0,-7.975352082200922,-0.06373631012671126,7.975606757626353,7.9832142689243035,0.0,0.0,-1.000088900581841e-12,0,0,1.0,6.944444444444444e-05,0.0,8.17811450547268,0.0,-8.174546894135878,0.20172403192670224,8.17811450547268,-2.9250369486771497,0.0,0.0,-1.000088900581841e-12,0.0,0.0,Train010,10.0
59,2,0,0.0,0.0,0.0,0.0,0.0,0.0,0.0,0.0,0.0,0.0,0.0,0,0,0.0,0.0,0.0,0.0,0.0,0.0,0.0,0.0,0.0,0.0,0.0,0.0,0.0,0.0,Train010,10.0
59,3,4,0.0002777777777777778,2.0,11.667292773189423,2.5265262627335434,0.8459787677074364,5.134246304481275,5.2034762602025415,30.421184432327653,0.5650775631285028,31.9464950515706,1.3862943611158907,2,0,2.4,0.00016666666666666666,0.4,10.288078257954004,2.046271072904524,8.101731314503683,0.44107305815457504,8.994843024627972,2.109469791506067,0.11306449851958993,33.294028698126304,0.8317766166695344,0.4,0.0,Train010,10.0
59,4,0,0.0,0.0,0.0,0.0,0.0,0.0,0.0,0.0,0.0,0.0,0.0,0,0,0.0,0.0,0.0,0.0,0.0,0.0,0.0,0.0,0.0,0.0,0.0,0.0,0.0,0.0,Train010,10.0
59,5,0,0.0,0.0,0.0,0.0,0.0,0.0,0.0,0.0,0.0,0.0,0.0,0,0,0.0,0.0,0.0,0.0,0.0,0.0,0.0,0.0,0.0,0.0,0.0,0.0,0.0,0.0,Train010,10.0
60,0,2,0.0001388888888888889,0.0,11.23881183530067,0.5125149035917493,-11.237912026298407,-0.022889264766882758,11.237935336584917,-5.335896062589436,7.815108333319998e-05,69.8637894012906,0.6931471805579453,0,0,1.4,9.722222222222222e-05,0.2,9.054484330437605,0.20638961134790765,-9.052876764508051,-0.11237704165509224,9.054135640714524,-5.024289969667528,3.038746169077289e-05,27.961863347944494,0.27725887222257806,0.4,0.2,Train010,10.0
60,1,1,6.944444444444444e-05,0.0,7.78564322080435,0.0,-7.783792153927143,-0.1697647375604825,7.78564322080435,-1.899635368220025,0.0,0.0,-1.000088900581841e-12,0,0,1.0,6.944444444444444e-05,0.0,7.889157337725384,0.0,-7.885978393278185,0.11484339524143317,7.889157337725384,-2.8895716774729583,0.0,0.0,-1.000088900581841e-12,0.0,0.0,Train010,10.0
60,2,0,0.0,0.0,0.0,0.0,0.0,0.0,0.0,0.0,0.0,0.0,0.0,0,0,0.0,0.0,0.0,0.0,0.0,0.0,0.0,0.0,0.0,0.0,0.0,0.0,0.0,0.0,Train010,10.0
60,3,4,0.0002777777777777778,0.0,11.952198721421027,3.1996369138395515,0.5495530076392279,5.704586920020289,5.730996461024199,2.849059482316032,0.5324467228117857,29.947129815351033,1.3862943611158907,0,0,2.8,0.00019444444444444443,0.4,10.481707160978095,2.295148209512823,6.020498975707687,1.7376184412731892,7.944379516346719,2.209168762216019,0.21953992423200516,32.454268123789404,0.9704060527811235,0.4,0.0,Train010,10.0
60,4,0,0.0,0.0,0.0,0.0,0.0,0.0,0.0,0.0,0.0,0.0,0.0,0,0,0.0,0.0,0.0,0.0,0.0,0.0,0.0,0.0,0.0,0.0,0.0,0.0,0.0,0.0,Train010,10.0
60,5,0,0.0,0.0,0.0,0.0,0.0,0.0,0.0,0.0,0.0,0.0,0.0,0,0,0.0,0.0,0.0,0.0,0.0,0.0,0.0,0.0,0.0,0.0,0.0,0.0,0.0,0.0,Train010,10.0
61,0,2,0.0001388888888888889,0.0,10.409236939974733,0.48069631208510977,-10.40837603987148,-0.02560040544359836,10.408407523157882,-8.295748953259361,7.985114221154e-05,69.83538713616507,0.6931471805579453,0,0,1.6,0.00011111111111111112,0.2,9.51516412548613,0.3025288737649296,-9.513848189465499,-0.07872068486501108,9.514649552399678,-5.458955236047911,4.635769013308089e-05,41.92894077517751,0.4158883083343672,0.4,0.2,Train010,10.0
61,1,1,6.944444444444444e-05,0.0,7.261295889678351,0.0,-7.25863525450301,-0.19655085740273381,7.261295889678351,-5.243473311259992,0.0,0.0,-1.000088900581841e-12,0,0,1.0,6.944444444444444e-05,0.0,7.618538258469885,0.0,-7.615755318793421,0.01898895095270784,7.618538258469885,-2.7061907925549904,0.0,0.0,-1.000088900581841e-12,0.0,0.0,Train010,10.0
61,2,0,0.0,0.0,0.0,0.0,0.0,0.0,0.0,0.0,0.0,0.0,0.0,0,0,0.0,0.0,0.0,0.0,0.0,0.0,0.0,0.0,0.0,0.0,0.0,0.0,0.0,0.0,Train010,10.0
61,3,4,0.0002777777777777778,0.0,11.358490983544765,3.30877324220231,0.41253010336247664,5.5710509618973845,5.586303778549644,-5.937077378762618,0.5217812011949845,29.21819900997013,1.3862943611158907,0,0,3.2,0.00022222222222222223,0.4,10.669667345823225,2.551266876617055,4.025073659244818,3.005626335166025,6.978025054498483,2.152481580426435,0.3238839142667274,31.576503983571087,1.1090354888927125,0.4,0.0,Train010,10.0
61,4,0,0.0,0.0,0.0,0.0,0.0,0.0,0.0,0.0,0.0,0.0,0.0,0,0,0.0,0.0,0.0,0.0,0.0,0.0,0.0,0.0,0.0,0.0,0.0,0.0,0.0,0.0,Train010,10.0
61,5,0,0.0,0.0,0.0,0.0,0.0,0.0,0.0,0.0,0.0,0.0,0.0,0,0,0.0,0.0,0.0,0.0,0.0,0.0,0.0,0.0,0.0,0.0,0.0,0.0,0.0,0.0,Train010,10.0
62,0,2,0.0001388888888888889,0.0,9.492162138257486,0.44076591435620927,-9.491365969261533,-0.02503066819088652,9.49139897469314,-9.170748017172468,8.057307660824797e-05,69.82734731536961,0.6931471805579453,0,0,1.8,0.000125,0.2,9.930427440677104,0.39068205663617145,-9.929367604348807,-0.048629138948998875,9.929760234877785,-5.9131200346234305,6.247230545470827e-05,55.89441023825143,0.5545177444461562,0.4,0.2,Train010,10.0
62,1,1,6.944444444444444e-05,0.0,6.651532215715297,0.0,-6.64869479361513,-0.1942636302901482,6.651532215715297,-6.097636739630543,1.1102230246251565e-16,0.0,-1.000088900581841e-12,0,0,1.0,6.944444444444444e-05,0.0,7.370272682911654,0.0,-7.367862151286445,-0.0743292918445023,7.370272682911654,-2.4826557555822917,2.2204460492503132e-17,0.0,-1.000088900581841e-12,0.0,0.0,Train010,10.0
62,2,0,0.0,0.0,0.0,0.0,0.0,0.0,0.0,0.0,0.0,0.0,0.0,0,0,0.0,0.0,0.0,0.0,0.0,0.0,0.0,0.0,0.0,0.0,0.0,0.0,0.0,0.0,Train010,10.0
62,3,4,0.0002777777777777778,0.0,10.47953746776965,3.1574561461423136,0.3422644073404658,5.192249472983998,5.203517994033914,-8.789535157751144,0.5176668859229497,28.958799237214613,1.3862943611158907,0,0,3.6,0.00025,0.4,10.843826828373818,2.7959572070019925,2.177295714220229,4.188178354427316,6.09708716678036,2.0144745574810528,0.42740573714533453,30.685196201991364,1.2476649250043017,0.4,0.0,Train010,10.0
62,4,0,0.0,0.0,0.0,0.0,0.0,0.0,0.0,0.0,0.0,0.0,0.0,0,0,0.0,0.0,0.0,0.0,0.0,0.0,0.0,0.0,0.0,0.0,0.0,0.0,0.0,0.0,Train010,10.0
62,5,0,0.0,0.0,0.0,0.0,0.0,0.0,0.0,0.0,0.0,0.0,0.0,0,0,0.0,0.0,0.0,0.0,0.0,0.0,0.0,0.0,0.0,0.0,0.0,0.0,0.0,0.0,Train010,10.0
63,0,2,0.0001388888888888889,0.0,8.598880994618467,0.40029796607333346,-8.598155401453829,-0.02332012152488115,8.59818702608972,-8.932811436390189,8.087979926796329e-05,69.82719364001112,0.6931471805579453,0,0,2.0,0.0001388888888888889,0.2,10.302298669942193,0.47074164985083816,-10.301467784121058,-0.021539748034075823,10.301492670437124,-6.347040893882291,7.864826530830093e-05,69.85984896625365,0.6931471805579453,0.4,0.2,Train010,10.0
63,1,1,6.944444444444444e-05,0.0,6.048031655565279,0.0,-6.04529191487755,-0.18202354417988006,6.048031655565279,-6.035005601500174,0.0,0.0,-1.000088900581841e-12,0,0,1.0,6.944444444444444e-05,0.0,7.144421947877926,0.0,-7.142353239824752,-0.16126781591199119,7.144421947877926,-2.258507350337285,2.2204460492503132e-17,0.0,-1.000088900581841e-12,0.0,0.0,Train010,10.0
63,2,0,0.0,0.0,0.0,0.0,0.0,0.0,0.0,0.0,0.0,0.0,0.0,0,0,0.0,0.0,0.0,0.0,0.0,0.0,0.0,0.0,0.0,0.0,0.0,0.0,0.0,0.0,Train010,10.0
63,3,4,0.0002777777777777778,0.0,9.552781700436881,2.919628263323004,0.29926428832369845,4.750695307351831,4.760111870277903,-9.267557673327683,0.5159867072473565,28.87503241322201,1.3862943611158907,0,0,4.0,0.0002777777777777778,0.4,11.00206032927235,3.022404165648145,0.489918114874661,5.270565793346956,5.29688127281764,1.855214740960448,0.5305918160611158,29.789131105465678,1.3862943611158907,0.4,0.0,Train010,10.0
63,4,0,0.0,0.0,0.0,0.0,0.0,0.0,0.0,0.0,0.0,0.0,0.0,0,0,0.0,0.0,0.0,0.0,0.0,0.0,0.0,0.0,0.0,0.0,0.0,0.0,0.0,0.0,Train010,10.0
63,5,0,0.0,0.0,0.0,0.0,0.0,0.0,0.0,0.0,0.0,0.0,0.0,0,0,0.0,0.0,0.0,0.0,0.0,0.0,0.0,0.0,0.0,0.0,0.0,0.0,0.0,0.0,Train010,10.0
64,0,2,0.0001388888888888889,0.0,10.040750536557363,0.3856412246707688,-10.03275704191961,-0.17208668560032664,10.0342327902809,14.41869541938896,0.0006500886767116798,71.29973366312464,0.6931471805579453,0,0,2.0,0.0001388888888888889,0.0,9.955968488941743,0.4439832641554341,-9.953713295760972,-0.053785429105315086,9.954032330161313,-3.4633018100044985,0.0001939087556265262,70.1306902311922,0.6931471805579453,0.0,0.0,Train010,10.0
64,1,1,6.944444444444444e-05,0.0,9.605554391585686,0.0,-9.604101675230542,-0.16705143383097432,9.605554391585686,35.57522736020407,0.0,0.0,-1.000088900581841e-12,0,0,1.0,6.944444444444444e-05,0.0,7.470411474669793,0.0,-7.468103158430675,-0.1819308406528438,7.470411474669793,3.259895267918668,2.2204460492503132e-17,0.0,-1.000088900581841e-12,0.0,0.0,Train010,10.0
64,2,0,0.0,0.0,0.0,0.0,0.0,0.0,0.0,0.0,0.0,0.0,0.0,0,0,0.0,0.0,0.0,0.0,0.0,0.0,0.0,0.0,0.0,0.0,0.0,0.0,0.0,0.0,Train010,10.0
64,3,3,0.00020833333333333335,-1.0,9.070563566246571,0.837763418584628,5.602012364939998,2.8061454247877333,6.265540254598781,9.394507703766111,0.33676689630266654,43.51227384691389,1.0986122886651097,0,1,3.8,0.0002638888888888889,-0.2,10.48271448788378,2.6846515968183615,1.4411248343211736,4.804945617408247,5.509294071696888,-2.350120604751861,0.48492968269594866,32.102286864534335,1.3287579466257344,0.0,0.2,Train010,10.0
64,4,0,0.0,0.0,0.0,0.0,0.0,0.0,0.0,0.0,0.0,0.0,0.0,0,0,0.0,0.0,0.0,0.0,0.0,0.0,0.0,0.0,0.0,0.0,0.0,0.0,0.0,0.0,Train010,10.0
64,5,0,0.0,0.0,0.0,0.0,0.0,0.0,0.0,0.0,0.0,0.0,0.0,0,0,0.0,0.0,0.0,0.0,0.0,0.0,0.0,0.0,0.0,0.0,0.0,0.0,0.0,0.0,Train010,10.0
65,0,2,0.0001388888888888889,0.0,9.93969590994639,0.630450282050572,-9.924422065001984,-0.2131041800722677,9.92670976285005,-1.0105462661097153,0.0013117741849841824,71.86435228522623,0.6931471805579453,0,0,2.0,0.0001388888888888889,0.0,9.696145303870889,0.46757033984719865,-9.691015303501688,-0.09182841216639208,9.69178721541434,-2.5982318507085544,0.0004406333759567227,70.53080280797933,0.6931471805579453,0.0,0.0,Train010,10.0
65,1,1,6.944444444444444e-05,0.0,10.274304458340058,0.0,-10.273179835361743,-0.1520137262988343,10.274304458340058,6.68750066754372,0.0,0.0,-1.000088900581841e-12,0,0,1.0,6.944444444444444e-05,0.0,7.968143722176935,0.0,-7.9659806947175955,-0.17838063840051416,7.968143722176935,4.977322475071417,2.2204460492503132e-17,0.0,-1.000088900581841e-12,0.0,0.0,Train010,10.0
65,2,0,0.0,0.0,0.0,0.0,0.0,0.0,0.0,0.0,0.0,0.0,0.0,0,0,0.0,0.0,0.0,0.0,0.0,0.0,0.0,0.0,0.0,0.0,0.0,0.0,0.0,0.0,Train010,10.0
65,3,3,0.00020833333333333335,0.0,8.862489475557823,1.3676439729926362,5.901842953953067,2.496477767841678,6.408131669874865,-2.080740906887512,0.3293541655576261,44.31888377918216,1.0986122886651097,0,0,3.6,0.00025000000000000006,-0.2,9.86477263871114,2.3182530086489783,2.5115828235839417,4.163323786972525,5.644721113467022,-3.33608068259257,0.44431117124511665,34.97663765730056,1.2712215321355784,0.0,0.2,Train010,10.0
65,4,0,0.0,0.0,0.0,0.0,0.0,0.0,0.0,0.0,0.0,0.0,0.0,0,0,0.0,0.0,0.0,0.0,0.0,0.0,0.0,0.0,0.0,0.0,0.0,0.0,0.0,0.0,Train010,10.0
65,5,0,0.0,0.0,0.0,0.0,0.0,0.0,0.0,0.0,0.0,0.0,0.0,0,0,0.0,0.0,0.0,0.0,0.0,0.0,0.0,0.0,0.0,0.0,0.0,0.0,0.0,0.0,Train010,10.0
66,0,2,0.0001388888888888889,0.0,9.309398121873345,0.6766504326770857,-9.291902249292,-0.21448666105386063,9.294377436825329,-6.302977880730465,0.001622073339002661,72.07640484066852,0.6931471805579453,0,0,2.0,0.0001388888888888889,0.0,9.47617754025061,0.5067611639655938,-9.467720545385792,-0.12960566328844453,9.468981198147826,-2.1996776362027752,0.0007490778153149469,70.97900634888,0.6931471805579453,0.0,0.0,Train010,10.0
66,1,1,6.944444444444444e-05,0.0,9.901060387170416,0.0,-9.900100862080883,-0.13783943927820913,9.901060387170416,-3.732440711696423,1.1102230246251565e-16,0.0,-1.000088900581841e-12,0,0,1.0,6.944444444444444e-05,0.0,8.496096621675346,0.0,-8.49427381623317,-0.16663835477560923,8.496096621675346,5.2795289949841315,4.4408920985006264e-17,0.0,-1.000088900581841e-12,0.0,0.0,Train010,10.0
66,2,0,0.0,0.0,0.0,0.0,0.0,0.0,0.0,0.0,0.0,0.0,0.0,0,0,0.0,0.0,0.0,0.0,0.0,0.0,0.0,0.0,0.0,0.0,0.0,0.0,0.0,0.0,Train010,10.0
66,3,3,0.00020833333333333335,0.0,8.266823122215692,1.509540955789739,5.658609901097222,2.2402051258804936,6.085916941498359,-5.9566635334213025,0.3260245623869116,44.613091709963776,1.0986122886651097,0,0,3.4,0.00023611111111111112,-0.2,9.246439066445323,1.9584065513664644,3.5607987831308905,3.4971546197691468,5.744643746056765,-3.339997913524307,0.4051598434835021,38.055616197299294,1.2136851176454222,0.0,0.2,Train010,10.0
66,4,0,0.0,0.0,0.0,0.0,0.0,0.0,0.0,0.0,0.0,0.0,0.0,0,0,0.0,0.0,0.0,0.0,0.0,0.0,0.0,0.0,0.0,0.0,0.0,0.0,0.0,0.0,Train010,10.0
66,5,0,0.0,0.0,0.0,0.0,0.0,0.0,0.0,0.0,0.0,0.0,0.0,0,0,0.0,0.0,0.0,0.0,0.0,0.0,0.0,0.0,0.0,0.0,0.0,0.0,0.0,0.0,Train010,10.0
67,0,2,0.0001388888888888889,0.0,8.535284148545397,0.6520490420825595,-8.517976621823546,-0.2021441618385687,8.520374873918277,-7.7411397332794785,0.0017570445895670472,72.15306588202043,0.6931471805579453,0,0,2.0,0.0001388888888888889,0.0,9.284801942308192,0.5490177895108639,-9.273042675898193,-0.16502836201798096,9.274776377992854,-1.9137559794241774,0.0010843721179067066,71.44415006221018,0.6931471805579453,0.0,0.0,Train010,10.0
67,1,1,6.944444444444444e-05,0.0,9.188223202005732,0.0,-9.18737560833488,-0.12480000500707687,9.188223202005732,-7.12837185164684,1.1102230246251565e-16,0.0,-1.000088900581841e-12,0,0,1.0,6.944444444444444e-05,0.0,9.003434818933435,0.0,-9.00200997917712,-0.15274562971899497,9.003434818933435,5.073381972580871,4.4408920985006264e-17,0.0,-1.000088900581841e-12,0.0,0.0,Train010,10.0
67,2,0,0.0,0.0,0.0,0.0,0.0,0.0,0.0,0.0,0.0,0.0,0.0,0,0,0.0,0.0,0.0,0.0,0.0,0.0,0.0,0.0,0.0,0.0,0.0,0.0,0.0,0.0,Train010,10.0
67,3,3,0.00020833333333333335,0.0,7.571829889108255,1.4740227935565235,5.241187005566176,2.0179853805520445,5.6162537534763795,-6.949932331074369,0.324580912722106,44.711863269248,1.0986122886651097,0,0,3.2,0.00022222222222222223,-0.2,8.664897550713045,1.6217198808493063,4.5405833027760325,2.8623018012827557,5.827190897945258,-2.9720773481889515,0.3665426488433333,41.206229003705964,1.156148703155266,0.0,0.2,Train010,10.0
67,4,0,0.0,0.0,0.0,0.0,0.0,0.0,0.0,0.0,0.0,0.0,0.0,0,0,0.0,0.0,0.0,0.0,0.0,0.0,0.0,0.0,0.0,0.0,0.0,0.0,0.0,0.0,Train010,10.0
67,5,0,0.0,0.0,0.0,0.0,0.0,0.0,0.0,0.0,0.0,0.0,0.0,0,0,0.0,0.0,0.0,0.0,0.0,0.0,0.0,0.0,0.0,0.0,0.0,0.0,0.0,0.0,Train010,10.0
68,0,2,0.0001388888888888889,0.0,7.758846271476188,0.6046296601398184,-7.742621821167569,-0.18582741854728835,7.744851483088889,-7.764378770692089,0.0018147507465517965,72.17817139398907,0.6931471805579453,0,0,2.0,0.0001388888888888889,0.0,9.116794997679737,0.5898841283241609,-9.101935959840942,-0.1975298214224624,9.104109269392689,-1.6800694462845573,0.0014311463073634733,71.91434561300578,0.6931471805579453,0.0,0.0,Train010,10.0
68,1,1,6.944444444444444e-05,0.0,8.399546333862332,0.0,-8.398787238553941,-0.11292270012545784,8.399546333862332,-7.8867686814339955,1.1102230246251565e-16,0.0,-1.000088900581841e-12,0,0,1.0,6.944444444444444e-05,0.0,9.473737754592845,0.0,-9.472709043912397,-0.1389254609081105,9.473737754592845,4.703029356594107,6.661338147750939e-17,0.0,-1.000088900581841e-12,0.0,0.0,Train010,10.0
68,2,0,0.0,0.0,0.0,0.0,0.0,0.0,0.0,0.0,0.0,0.0,0.0,0,0,0.0,0.0,0.0,0.0,0.0,0.0,0.0,0.0,0.0,0.0,0.0,0.0,0.0,0.0,Train010,10.0
68,3,3,0.00020833333333333335,0.0,6.883592584906155,1.376549862131554,4.787835799106856,1.8210062388405015,5.122444276037096,-6.882373042020987,0.32396328915030836,44.73695636427491,1.0986122886651097,0,0,3.0,0.00020833333333333335,-0.2,8.1310597276069,1.313104200611016,5.4382976049326635,2.27636398758049,5.899657379097096,-2.4950404219276123,0.3281379652239237,44.37861379391655,1.0986122886651097,0.0,0.2,Train010,10.0
68,4,0,0.0,0.0,0.0,0.0,0.0,0.0,0.0,0.0,0.0,0.0,0.0,0,0,0.0,0.0,0.0,0.0,0.0,0.0,0.0,0.0,0.0,0.0,0.0,0.0,0.0,0.0,Train010,10.0
68,5,0,0.0,0.0,0.0,0.0,0.0,0.0,0.0,0.0,0.0,0.0,0.0,0,0,0.0,0.0,0.0,0.0,0.0,0.0,0.0,0.0,0.0,0.0,0.0,0.0,0.0,0.0,Train010,10.0
69,0,3,0.00020833333333333335,1.0,9.94138475115915,0.6498656462545466,-9.57461319914106,-1.641530374748834,9.714311086453288,20.82955130495429,0.022697135340937202,29.154004663020757,1.0986122886651097,1,0,2.2,0.00015277777777777777,0.2,9.096921840600094,0.6427290126409164,-9.010307191285232,-0.4914185592521639,9.040124928627167,-0.3978982691714911,0.005840555640208578,63.485199812985,0.7742402021793783,0.2,0.0,Train010,10.0
69,1,1,6.944444444444444e-05,0.0,9.69282417113371,0.0,-9.692285906814643,-0.10214848543245612,9.69282417113371,12.932778372713774,0.0,0.0,-1.000088900581841e-12,0,0,1.0,6.944444444444444e-05,0.0,9.49119171050245,0.0,-9.490345890229218,-0.12594487122840686,9.49119171050245,0.17453955909604843,6.661338147750939e-17,0.0,-1.000088900581841e-12,0.0,0.0,Train010,10.0
69,2,0,0.0,0.0,0.0,0.0,0.0,0.0,0.0,0.0,0.0,0.0,0.0,0,0,0.0,0.0,0.0,0.0,0.0,0.0,0.0,0.0,0.0,0.0,0.0,0.0,0.0,0.0,Train010,10.0
69,3,3,0.00020833333333333335,0.0,8.791512447453682,3.203621220244683,7.694734271027694,1.6446436049118767,7.868531507778668,19.079198625475264,0.17145425504578016,43.75268596892537,1.0986122886651097,0,0,3.0,0.00020833333333333335,0.0,8.07524950384832,1.786275760943027,5.856841986150203,2.044063623605319,6.2202556297330736,-0.5581022375857814,0.29507543697254646,44.42669621831884,1.0986122886651097,0.0,0.0,Train010,10.0
69,4,0,0.0,0.0,0.0,0.0,0.0,0.0,0.0,0.0,0.0,0.0,0.0,0,0,0.0,0.0,0.0,0.0,0.0,0.0,0.0,0.0,0.0,0.0,0.0,0.0,0.0,0.0,Train010,10.0
69,5,1,6.944444444444444e-05,1.0,0.0,0.0,0.0,0.0,0.0,0.0,0.0,0.0,-1.000088900581841e-12,1,0,0.2,1.388888888888889e-05,0.2,0.0,0.0,0.0,0.0,0.0,0.0,0.0,0.0,-2.000177801163682e-13,0.2,0.0,Train010,10.0
70,0,3,0.00020833333333333335,0.0,9.970090664085056,0.9885729916862607,-9.473963784566884,-1.8454161414995587,9.652023131271081,0.2870591292590537,0.0318997097317848,28.39781002348194,1.0986122886651097,0,0,2.4,0.0001666666666666667,0.2,9.103000791427828,0.7143535545680542,-8.920215535198214,-0.8178809515376221,8.985187602311374,-0.1383771900977377,0.0119581427495687,54.79189136063614,0.855333223800811,0.2,0.0,Train010,10.0
70,1,1,6.944444444444444e-05,0.0,9.570606681105792,0.0,-9.570160708625869,-0.09239185840999047,9.570606681105792,-1.2221749002791782,0.0,0.0,-1.000088900581841e-12,0,0,1.0,6.944444444444444e-05,0.0,9.350452155055596,0.0,-9.349742064882042,-0.11402049765063808,9.350452155055596,-1.4073955544685313,6.661338147750939e-17,0.0,-1.000088900581841e-12,0.0,0.0,Train010,10.0
70,2,0,0.0,0.0,0.0,0.0,0.0,0.0,0.0,0.0,0.0,0.0,0.0,0,0,0.0,0.0,0.0,0.0,0.0,0.0,0.0,0.0,0.0,0.0,0.0,0.0,0.0,0.0,Train010,10.0
70,3,3,0.00020833333333333335,0.0,9.046245888747192,3.5644549387273483,8.249182420462235,1.4860147495255294,8.381959821060383,2.5473344129351037,0.12379318444749232,43.37554142289046,1.0986122886651097,0,0,3.0,0.00020833333333333335,0.0,8.112000786486195,2.2256379540899696,6.326309879452036,1.8419710199420891,6.615021259970177,0.3675128263787414,0.2539632407505197,44.23802774706051,1.0986122886651097,0.0,0.0,Train010,10.0
70,4,0,0.0,0.0,0.0,0.0,0.0,0.0,0.0,0.0,0.0,0.0,0.0,0,0,0.0,0.0,0.0,0.0,0.0,0.0,0.0,0.0,0.0,0.0,0.0,0.0,0.0,0.0,Train010,10.0
70,5,1,6.944444444444444e-05,0.0,0.0,0.0,0.0,0.0,0.0,0.0,0.0,0.0,-1.000088900581841e-12,0,0,0.4,2.777777777777778e-05,0.2,0.0,0.0,0.0,0.0,0.0,0.0,0.0,0.0,-4.000355602327364e-13,0.2,0.0,Train010,10.0
71,0,3,0.00020833333333333335,0.0,9.40091425293096,1.0538501088726187,-8.886305450886567,-1.8040526976529412,9.067581303873993,-5.691764111540962,0.03547652767675369,28.143967912945694,1.0986122886651097,0,0,2.6,0.00018055555555555555,0.2,9.12130401763935,0.7897934898071608,-8.839096175517126,-1.1357941588574383,8.939828375721106,-0.016134436259837237,0.018729033617118907,46.005403975091575,0.936426245422244,0.2,0.0,Train010,10.0
71,1,1,6.944444444444444e-05,0.0,8.964378032750123,0.0,-8.963988549145839,-0.0835631787048687,8.964378032750123,-6.062286483556694,0.0,0.0,-1.000088900581841e-12,0,0,1.0,6.944444444444444e-05,0.0,9.163115684171538,0.0,-9.162519602295035,-0.10316524553597002,9.163115684171538,-1.8733647088405854,4.4408920985006264e-17,0.0,-1.000088900581841e-12,0.0,0.0,Train010,10.0
71,2,0,0.0,0.0,0.0,0.0,0.0,0.0,0.0,0.0,0.0,0.0,0.0,0,0,0.0,0.0,0.0,0.0,0.0,0.0,0.0,0.0,0.0,0.0,0.0,0.0,0.0,0.0,Train010,10.0
71,3,3,0.00020833333333333335,0.0,8.615682646447643,3.4658543791963448,7.955157516925077,1.3430258247708649,8.067728892637072,-4.305632422995493,0.1077367836298927,43.22703178385751,1.0986122886651097,0,0,3.0,0.00020833333333333335,0.0,8.181772691332586,2.6169006387712908,6.785619402617607,1.6625351597201632,7.011383650197919,0.6977190484639033,0.2103056849991159,43.96081576183925,1.0986122886651097,0.0,0.0,Train010,10.0
71,4,0,0.0,0.0,0.0,0.0,0.0,0.0,0.0,0.0,0.0,0.0,0.0,0,0,0.0,0.0,0.0,0.0,0.0,0.0,0.0,0.0,0.0,0.0,0.0,0.0,0.0,0.0,Train010,10.0
71,5,1,6.944444444444444e-05,0.0,0.0,0.0,0.0,0.0,0.0,0.0,0.0,0.0,-1.000088900581841e-12,0,0,0.6,4.1666666666666665e-05,0.2,0.0,0.0,0.0,0.0,0.0,0.0,0.0,0.0,-6.000533403491046e-13,0.2,0.0,Train010,10.0
72,0,3,0.00020833333333333335,0.0,8.64833185655277,1.014207609331763,-8.156768442713043,-1.683502906006205,8.328688579996895,-7.525823963781886,0.036981213757057096,28.056927217948182,1.0986122886651097,0,0,2.8,0.00019444444444444443,0.2,9.143913559240826,0.8622252032570014,-8.766854539695023,-1.4320659076909654,8.901491116936828,0.02692871763968121,0.025773867450616918,37.18617624227713,1.0175192670436768,0.2,0.0,Train010,10.0
72,1,1,6.944444444444444e-05,0.0,8.225904159894393,0.0,-8.225556966959282,-0.07557665694848156,8.225904159894393,-7.3847387285572985,0.0,0.0,-1.000088900581841e-12,0,0,1.0,6.944444444444444e-05,0.0,8.970651875749269,0.0,-8.970155874019914,-0.09332057592425096,8.970651875749269,-1.9246380842226771,2.2204460492503132e-17,0.0,-1.000088900581841e-12,0.0,0.0,Train010,10.0
72,2,0,0.0,0.0,0.0,0.0,0.0,0.0,0.0,0.0,0.0,0.0,0.0,0,0,0.0,0.0,0.0,0.0,0.0,0.0,0.0,0.0,0.0,0.0,0.0,0.0,0.0,0.0,Train010,10.0
72,3,3,0.00020833333333333335,0.0,7.960355585278495,3.225967161265141,7.384225706512861,1.2139922521529962,7.4833526225224,-6.553270611691482,0.10161751030692745,43.165881068662905,1.0986122886651097,0,0,3.0,0.00020833333333333335,0.0,8.259477830566633,2.9672895123130143,7.214227142806945,1.5017365340403537,7.384803424007124,0.7770513923404808,0.1657130045160802,43.65161932172223,1.0986122886651097,0.0,0.0,Train010,10.0
72,4,0,0.0,0.0,0.0,0.0,0.0,0.0,0.0,0.0,0.0,0.0,0.0,0,0,0.0,0.0,0.0,0.0,0.0,0.0,0.0,0.0,0.0,0.0,0.0,0.0,0.0,0.0,Train010,10.0
72,5,1,6.944444444444444e-05,0.0,0.0,0.0,0.0,0.0,0.0,0.0,0.0,0.0,-1.000088900581841e-12,0,0,0.8,5.555555555555556e-05,0.2,0.0,0.0,0.0,0.0,0.0,0.0,0.0,0.0,-8.000711204654728e-13,0.2,0.0,Train010,10.0
73,0,3,0.00020833333333333335,0.0,7.875268267883566,0.9405467140904885,-7.420724909921989,-1.5418129153336153,7.579204790387067,-7.730635886692063,0.03761871713318177,28.032218894851187,1.0986122886651097,0,0,3.0,0.00020833333333333335,0.2,9.1671979585223,0.9294086140471354,-8.702475157445908,-1.7032630070482309,8.868361778396466,0.03367729443968628,0.03293466072794291,28.356985742449552,1.0986122886651097,0.2,0.0,Train010,10.0
73,1,1,6.944444444444444e-05,0.0,7.48504517386706,0.0,-7.484733070463731,-0.06835289852761364,7.48504517386706,-7.408589860273329,1.1102230246251565e-16,0.0,-1.000088900581841e-12,0,0,1.0,6.944444444444444e-05,0.0,8.787751643750216,0.0,-8.787345040401872,-0.08440661560468211,8.787751643750216,-1.8290023199905439,2.2204460492503132e-17,0.0,-1.000088900581841e-12,0.0,0.0,Train010,10.0
73,2,0,0.0,0.0,0.0,0.0,0.0,0.0,0.0,0.0,0.0,0.0,0.0,0,0,0.0,0.0,0.0,0.0,0.0,0.0,0.0,0.0,0.0,0.0,0.0,0.0,0.0,0.0,Train010,10.0
73,3,3,0.00020833333333333335,0.0,7.264034085342343,2.95273672119673,6.750930930473115,1.0974801119736426,6.8395563470298475,-6.963214999361518,0.09913987832563498,43.13853522181187,1.0986122886651097,0,0,3.0,0.00020833333333333335,0.0,8.33556613065387,3.2825268841260495,7.606846169080197,1.3570313086669819,7.728225838205674,0.7608830008723745,0.12074832235114552,43.331935093229625,1.0986122886651097,0.0,0.0,Train010,10.0
73,4,0,0.0,0.0,0.0,0.0,0.0,0.0,0.0,0.0,0.0,0.0,0.0,0,0,0.0,0.0,0.0,0.0,0.0,0.0,0.0,0.0,0.0,0.0,0.0,0.0,0.0,0.0,Train010,10.0
73,5,1,6.944444444444444e-05,0.0,0.0,0.0,0.0,0.0,0.0,0.0,0.0,0.0,-1.000088900581841e-12,0,0,1.0,6.944444444444444e-05,0.2,0.0,0.0,0.0,0.0,0.0,0.0,0.0,0.0,-1.000088900581841e-12,0.2,0.0,Train010,10.0
74,0,2,0.0001388888888888889,-1.0,9.869421452751741,1.0242609549161577,-9.39170682823433,-2.0201628906929345,9.60651941404566,14.414357581294542,0.026932082664007484,54.260184549255364,0.6931471805579453,0,1,2.8,0.00019444444444444446,-0.2,9.15280529884082,1.0042876757794577,-8.665893883264562,-1.7789895102370508,8.84680344391494,-1.2493614502922632,0.03378165019255697,33.37822171969647,1.0175192670436768,0.0,0.2,Train010,10.0
74,1,1,6.944444444444444e-05,0.0,8.267164762035108,0.0,-8.259480193390518,-0.35637078671624184,8.267164762035108,7.821195881680483,0.0,0.0,-1.000088900581841e-12,0,0,1.0,6.944444444444444e-05,0.0,8.502619761930495,0.0,-8.500783897717048,-0.13525107586143925,8.502619761930495,-2.8513188181972025,2.2204460492503132e-17,0.0,-1.000088900581841e-12,0.0,0.0,Train010,10.0
74,2,0,0.0,0.0,0.0,0.0,0.0,0.0,0.0,0.0,0.0,0.0,0.0,0,0,0.0,0.0,0.0,0.0,0.0,0.0,0.0,0.0,0.0,0.0,0.0,0.0,0.0,0.0,Train010,10.0
74,3,4,0.0002777777777777778,1.0,6.606007531732555,4.452816636764705,6.370259752521466,0.6710805557957632,6.4055100052191,15.439759569677298,0.032107274998650404,28.244090029382345,1.3862943611158907,1,0,3.2,0.00022222222222222223,0.2,7.898465147509645,3.5323659674300543,7.341951265378951,1.1623186988437593,7.43562153769376,0.03299518971278097,0.09287892634171957,40.23021590532102,1.156148703155266,0.2,0.0,Train010,10.0
74,4,0,0.0,0.0,0.0,0.0,0.0,0.0,0.0,0.0,0.0,0.0,0.0,0,0,0.0,0.0,0.0,0.0,0.0,0.0,0.0,0.0,0.0,0.0,0.0,0.0,0.0,0.0,Train010,10.0
74,5,1,6.944444444444444e-05,0.0,12.36175103944972,0.0,-12.193556113238891,-2.0322593522064816,12.36175103944972,123.6175103944972,0.0,0.0,-1.000088900581841e-12,0,0,1.0,6.944444444444444e-05,0.0,2.472350207889944,0.0,-2.438711222647778,-0.4064518704412963,2.472350207889944,24.72350207889944,0.0,0.0,-1.000088900581841e-12,0.0,0.0,Train010,10.0
75,0,2,0.0001388888888888889,0.0,9.800455262248608,1.0822645993625049,-9.406236218808413,-1.8298732913213611,9.582573561748141,-0.6896619050313202,0.02250941251307592,54.01567375027608,0.6931471805579453,0,0,2.6,0.00018055555555555555,-0.2,9.11887821847353,1.0230259973147064,-8.652348370112868,-1.7758809402014115,8.832913530010352,-1.444705657150338,0.03190359074881519,38.5017944650553,0.9364262454222441,0.0,0.2,Train010,10.0
75,1,1,6.944444444444444e-05,0.0,8.053542876033063,0.0,-8.041768738521347,-0.4353256393134942,8.053542876033063,-2.136218860020449,0.0,0.0,-1.000088900581841e-12,0,0,1.0,6.944444444444444e-05,0.0,8.19920700091595,0.0,-8.195105503696144,-0.20383783204214004,8.19920700091595,-3.034127610145456,2.2204460492503132e-17,0.0,-1.000088900581841e-12,0.0,0.0,Train010,10.0
75,2,0,0.0,0.0,0.0,0.0,0.0,0.0,0.0,0.0,0.0,0.0,0.0,0,0,0.0,0.0,0.0,0.0,0.0,0.0,0.0,0.0,0.0,0.0,0.0,0.0,0.0,0.0,Train010,10.0
75,3,4,0.0002777777777777778,0.0,6.6508969953657,4.37046941642869,6.448072687304638,0.5786197044395108,6.473981938739845,0.44889463633144944,0.02603782835694024,27.4862379699341,1.3862943611158907,0,0,3.4,0.00023611111111111112,0.2,7.419395368833348,3.6935688629703223,6.981729318747432,0.9808396898265554,7.0540259612296525,-0.38669276560794985,0.07332785512360915,37.052355214729744,1.213685117645422,0.2,0.0,Train010,10.0
75,4,0,0.0,0.0,0.0,0.0,0.0,0.0,0.0,0.0,0.0,0.0,0.0,0,0,0.0,0.0,0.0,0.0,0.0,0.0,0.0,0.0,0.0,0.0,0.0,0.0,0.0,0.0,Train010,10.0
75,5,1,6.944444444444444e-05,0.0,12.910811805819417,0.0,-12.735146317000579,-2.122524386166778,12.910811805819417,5.490607663696974,0.0,0.0,-1.000088900581841e-12,0,0,1.0,6.944444444444444e-05,0.0,5.054512569053827,0.0,-4.985740486047893,-0.8309567476746519,5.054512569053827,25.821623611638834,0.0,0.0,-1.000088900581841e-12,0.0,0.0,Train010,10.0
76,0,2,0.0001388888888888889,0.0,9.198862319539149,1.0374130428655999,-8.855190474149392,-1.655583163297111,9.008626640285355,-6.015929427094591,0.02094960941394075,53.932006917057805,0.6931471805579453,0,0,2.4,0.00016666666666666666,-0.2,9.078467831795168,1.0197385841133026,-8.646125374765433,-1.7461870333302454,8.821122597292623,-1.5095387202610637,0.028998207096252605,43.659402265877716,0.8553332238008112,0.0,0.2,Train010,10.0
76,1,1,6.944444444444444e-05,0.0,7.5052168324602775,0.0,-7.492478956984474,-0.43707983411491713,7.5052168324602775,-5.483260435727857,0.0,0.0,-1.000088900581841e-12,0,0,1.0,6.944444444444444e-05,0.0,7.907374760857981,0.0,-7.900803585263871,-0.2745411631241497,7.907374760857981,-2.918322400579689,2.2204460492503132e-17,0.0,-1.000088900581841e-12,0.0,0.0,Train010,10.0
76,2,0,0.0,0.0,0.0,0.0,0.0,0.0,0.0,0.0,0.0,0.0,0.0,0,0,0.0,0.0,0.0,0.0,0.0,0.0,0.0,0.0,0.0,0.0,0.0,0.0,0.0,0.0,Train010,10.0
76,3,4,0.0002777777777777778,0.0,6.276604266455022,4.091071193107193,6.094959375712709,0.5123408780944386,6.116455098090301,-3.742927289106772,0.02433630886009297,27.213960265794558,1.3862943611158907,0,0,3.6,0.00025,0.2,6.951579692834822,3.8186122257524913,6.609689690504959,0.8147027004912702,6.6637712023203,-0.2741517388302057,0.05664776016964921,33.84974091111715,1.2712215321355782,0.2,0.0,Train010,10.0
76,4,0,0.0,0.0,0.0,0.0,0.0,0.0,0.0,0.0,0.0,0.0,0.0,0,0,0.0,0.0,0.0,0.0,0.0,0.0,0.0,0.0,0.0,0.0,0.0,0.0,0.0,0.0,Train010,10.0
76,5,1,6.944444444444444e-05,0.0,11.35371867087329,0.0,-11.199239109848973,-1.8665398516415168,11.35371867087329,-15.570931349461272,0.0,0.0,-1.000088900581841e-12,0,0,1.0,6.944444444444444e-05,0.0,7.325256303228485,0.0,-7.225588308017689,-1.2042647180029553,7.325256303228485,22.70743734174658,0.0,0.0,-1.000088900581841e-12,0.0,0.0,Train010,10.0
77,0,2,0.0001388888888888889,0.0,8.447027400951987,0.9608685293236481,-8.140959575387104,-1.4972375841602552,8.277496190969163,-7.518349185871629,0.020335756551203565,53.90909622831397,0.6931471805579453,0,0,2.2,0.00015277777777777777,-0.2,9.03820694067501,1.0090707681116797,-8.642963601300245,-1.7089339689610554,8.810884119487078,-1.5080437646790121,0.025669115655081898,48.829836067950886,0.7742402021793783,0.0,0.2,Train010,10.0
77,1,1,6.944444444444444e-05,0.0,6.872840026615722,0.0,-6.860483595086633,-0.4119403755380049,6.872840026615722,-6.323768058445554,0.0,0.0,-1.000088900581841e-12,0,0,1.0,6.944444444444444e-05,0.0,7.636761934202246,0.0,-7.627788910889341,-0.34181390684205437,7.636761934202246,-2.70612826655734,2.2204460492503132e-17,0.0,-1.000088900581841e-12,0.0,0.0,Train010,10.0
77,2,0,0.0,0.0,0.0,0.0,0.0,0.0,0.0,0.0,0.0,0.0,0.0,0,0,0.0,0.0,0.0,0.0,0.0,0.0,0.0,0.0,0.0,0.0,0.0,0.0,0.0,0.0,Train010,10.0
77,3,4,0.0002777777777777778,0.0,5.7770623779294334,3.754088715368054,5.613208410248177,0.4590860831801046,5.631950700126069,-4.995418885255887,0.023721957813655825,27.122183656688627,1.3862943611158907,0,0,3.8,0.00026388888888888886,0.2,6.51492105136501,3.924236536573075,6.2554862312520205,0.663721466696692,6.2934908178410325,0.037418606456913216,0.04106864967099488,30.6410014287223,1.3287579466257344,0.2,0.0,Train010,10.0
77,4,0,0.0,0.0,0.0,0.0,0.0,0.0,0.0,0.0,0.0,0.0,0.0,0,0,0.0,0.0,0.0,0.0,0.0,0.0,0.0,0.0,0.0,0.0,0.0,0.0,0.0,0.0,Train010,10.0
77,5,1,6.944444444444444e-05,0.0,9.675080762521167,0.0,-9.543440876736142,-1.5905734794560398,9.675080762521167,-16.786379083521226,0.0,0.0,-1.000088900581841e-12,0,0,1.0,6.944444444444444e-05,0.0,9.26027245573272,0.0,-9.134276483364918,-1.522379413894163,9.26027245573272,19.350161525042335,0.0,0.0,-1.000088900581841e-12,0.0,0.0,Train010,10.0
78,0,2,0.0001388888888888889,0.0,7.687547400158457,0.8779367063383026,-7.412569683288233,-1.3538420643211524,7.535189290570554,-7.594800007935292,0.02008339898482825,53.90863575164844,0.6931471805579453,0,0,2.0,0.0001388888888888889,-0.2,9.000662767129988,0.9965487665612425,-8.641332555973495,-1.671339798758563,8.802081019523776,-1.4808765889276578,0.022162052025411196,54.00511943931033,0.6931471805579453,0.0,0.2,Train010,10.0
78,1,1,6.944444444444444e-05,0.0,6.2485203921137655,0.0,-6.2370188866384115,-0.3789492028983752,6.2485203921137655,-6.243196345019566,0.0,0.0,-1.000088900581841e-12,0,0,1.0,6.944444444444444e-05,0.0,7.389456977851587,0.0,-7.3782460741242755,-0.4039331677162067,7.389456977851587,-2.4730495635065872,0.0,0.0,-1.000088900581841e-12,0.0,0.0,Train010,10.0
78,2,0,0.0,0.0,0.0,0.0,0.0,0.0,0.0,0.0,0.0,0.0,0.0,0,0,0.0,0.0,0.0,0.0,0.0,0.0,0.0,0.0,0.0,0.0,0.0,0.0,0.0,0.0,Train010,10.0
78,3,4,0.0002777777777777778,0.0,5.263306116910252,3.416142767440767,5.115249740838913,0.41350901787191086,5.131936244636518,-5.137562610191811,0.023478066941823528,27.097871621331834,1.3862943611158907,0,0,4.0,0.0002777777777777778,0.2,6.114775457678593,4.016917745821882,5.92834999332518,0.5269272478763456,5.951966797362367,0.4025490842908546,0.025936287394232593,27.43286870862629,1.3862943611158907,0.2,0.0,Train010,10.0
78,4,0,0.0,0.0,0.0,0.0,0.0,0.0,0.0,0.0,0.0,0.0,0.0,0,0,0.0,0.0,0.0,0.0,0.0,0.0,0.0,0.0,0.0,0.0,0.0,0.0,0.0,0.0,Train010,10.0
78,5,1,6.944444444444444e-05,0.0,8.24643060666587,0.0,-8.13422904371863,-1.3557048406197925,8.24643060666587,-14.286501558552978,0.0,0.0,-1.000088900581841e-12,0,0,1.0,6.944444444444444e-05,0.0,10.909558577065892,0.0,-10.761122292108643,-1.7935203820181218,10.909558577065892,16.492861213331743,0.0,0.0,-1.000088900581841e-12,0.0,0.0,Train010,10.0
79,0,2,0.0001388888888888889,0.0,10.133231656422039,0.8836712572761556,-9.969275414324725,-1.3716138867213559,10.063189203274788,24.45684256263582,0.006965307385204511,53.904292297679376,0.6931471805579453,0,0,2.0,0.0001388888888888889,0.0,9.053424807864047,0.9684308270332422,-8.756846273191574,-1.5416299979642472,8.893414977369599,0.5276204073405978,0.0181686969696506,53.93394098899514,0.6931471805579453,0.0,0.0,Train010,10.0
79,1,1,6.944444444444444e-05,0.0,10.07439765071702,0.0,-10.071444418609282,0.24391668175126108,10.07439765071702,38.258772586032535,0.0,0.0,-1.000088900581841e-12,0,0,1.0,6.944444444444444e-05,0.0,7.7509035555879695,0.0,-7.740638919168029,-0.2838756740227061,7.7509035555879695,3.614465777363823,0.0,0.0,-1.000088900581841e-12,0.0,0.0,Train010,10.0
79,2,0,0.0,0.0,0.0,0.0,0.0,0.0,0.0,0.0,0.0,0.0,0.0,0,0,0.0,0.0,0.0,0.0,0.0,0.0,0.0,0.0,0.0,0.0,0.0,0.0,0.0,0.0,Train010,10.0
79,3,3,0.00020833333333333335,-1.0,8.39194574404393,1.3130107227406596,8.34909116846343,0.3009684092420935,8.354514068614389,13.742042548302601,0.004990170833973018,41.670698776114534,1.0986122886651097,0,1,3.8,0.0002638888888888889,-0.2,6.471963100140867,3.388956563017073,6.324116276513573,0.45290481856561166,6.341767610041424,0.06300568001591529,0.020512866561297118,30.11819045797273,1.3287579466257344,0.0,0.2,Train010,10.0
79,4,0,0.0,0.0,0.0,0.0,0.0,0.0,0.0,0.0,0.0,0.0,0.0,0,0,0.0,0.0,0.0,0.0,0.0,0.0,0.0,0.0,0.0,0.0,0.0,0.0,0.0,0.0,Train010,10.0
79,5,2,0.0001388888888888889,1.0,6.700324559346225,6.700324559346225,-6.651437951363082,-0.8079123589505686,6.700324559346225,51.5421851202658,0.9396006820564752,9.489342103151083,0.6931471805579453,1,0,1.2,8.333333333333333e-05,0.2,9.777273281045193,1.340064911869245,-9.652698659733481,-1.548650983366939,9.777273281045193,2.0777961584854596,0.18792013641129504,1.8978684206302165,0.13862943611078898,0.2,0.0,Train010,10.0
80,0,2,0.0001388888888888889,0.0,10.398399381833586,0.8204396875525912,-10.267715114416456,-1.2968186228788514,10.34928558942411,2.6516772541154765,0.00475286519011231,53.91008463212829,0.6931471805579453,0,0,2.0,0.0001388888888888889,0.0,9.173013631781043,0.9160658446712595,-8.929142052313182,-1.4350190642757452,9.046757382904794,1.1958882391699572,0.014617387505057877,53.91282316536558,0.6931471805579453,0.0,0.0,Train010,10.0
80,1,1,6.944444444444444e-05,0.0,10.817965903216754,0.0,-10.808780706333534,0.44569712311413145,10.817965903216754,7.435682524997347,0.0,0.0,-1.000088900581841e-12,0,0,1.0,6.944444444444444e-05,0.0,8.303788161024707,0.0,-8.294041312730467,-0.10767112153718097,8.303788161024707,5.528846054367382,0.0,0.0,-1.000088900581841e-12,0.0,0.0,Train010,10.0
80,2,0,0.0,0.0,0.0,0.0,0.0,0.0,0.0,0.0,0.0,0.0,0.0,0,0,0.0,0.0,0.0,0.0,0.0,0.0,0.0,0.0,0.0,0.0,0.0,0.0,0.0,0.0,Train010,10.0
80,3,3,0.00020833333333333335,0.0,8.404802953349286,1.059000319200119,8.387539736002854,0.19637318376574822,8.389838213596798,0.12857209305355907,0.0019453009075734995,41.82405232348559,1.0986122886651097,0,0,3.6,0.00025,-0.2,6.822744291737585,2.7266627435713584,6.712009686253216,0.3764555144308591,6.724938865012815,-0.0010588286396627845,0.015694361071423767,32.98575332868303,1.2712215321355784,0.0,0.2,Train010,10.0
80,4,0,0.0,0.0,0.0,0.0,0.0,0.0,0.0,0.0,0.0,0.0,0.0,0,0,0.0,0.0,0.0,0.0,0.0,0.0,0.0,0.0,0.0,0.0,0.0,0.0,0.0,0.0,Train010,10.0
80,5,2,0.0001388888888888889,0.0,6.923445099398739,6.923445099398739,-6.879375314315958,-0.7799277717639218,6.923445099398739,2.2312054005251447,0.9435850325266051,11.028522696993118,0.6931471805579453,0,0,1.4,9.722222222222222e-05,0.2,8.579799939761058,2.724753931748993,-8.481544459196558,-1.280131660486368,8.579799939761058,1.4259157058510936,0.3766371429166161,4.10357296002884,0.27725887222257806,0.2,0.0,Train010,10.0
81,0,2,0.0001388888888888889,0.0,9.878303601340125,0.7492367495984906,-9.76553682244328,-1.1943556192233424,9.838302433634878,-5.200957804934605,0.004072874213485234,53.918658021441296,0.6931471805579453,0,0,2.0,0.0001388888888888889,0.0,9.30890188814124,0.8584305860178375,-9.11121132197196,-1.3427735554609916,9.2126925415747,1.3588825636019544,0.011242040464966773,53.91015338624228,0.6931471805579453,0.0,0.0,Train010,10.0
81,1,1,6.944444444444444e-05,0.0,10.439398724303699,0.0,-10.427917844166624,0.4894641563026141,10.439398724303699,-3.7856717891305536,0.0,0.0,-1.000088900581841e-12,0,0,1.0,6.944444444444444e-05,0.0,8.890624539393391,0.0,-8.881129090166898,0.0776376765463253,8.890624539393391,5.868363783686843,0.0,0.0,-1.000088900581841e-12,0.0,0.0,Train010,10.0
81,2,0,0.0,0.0,0.0,0.0,0.0,0.0,0.0,0.0,0.0,0.0,0.0,0,0,0.0,0.0,0.0,0.0,0.0,0.0,0.0,0.0,0.0,0.0,0.0,0.0,0.0,0.0,Train010,10.0
81,3,3,0.00020833333333333335,0.0,7.916906192090898,0.9099567414733429,7.906647298082085,0.14850994836676346,7.908041900561265,-4.87896761258388,0.0012107386309173629,41.88327354612122,1.0986122886651097,0,0,3.4,0.00023611111111111112,-0.2,7.150804676864761,2.0904398532445887,7.074347270727091,0.30368932848532415,7.083256225507007,-0.2282668933350843,0.011069247025588647,35.91961598474836,1.213685117645422,0.0,0.2,Train010,10.0
81,4,0,0.0,0.0,0.0,0.0,0.0,0.0,0.0,0.0,0.0,0.0,0.0,0,0,0.0,0.0,0.0,0.0,0.0,0.0,0.0,0.0,0.0,0.0,0.0,0.0,0.0,0.0,Train010,10.0
81,5,2,0.0001388888888888889,0.0,6.451308578783227,6.451308578783227,-6.412098343019265,-0.710195197204019,6.451308578783227,-4.721365206155124,0.9448734490537962,11.565624215658314,0.6931471805579453,0,0,1.6,0.00011111111111111112,0.2,7.5993179213430455,4.0150156475056376,-7.524116305830615,-1.0488627295988684,7.5993179213430455,3.5958289345123235,0.5656118327273754,6.416697803160503,0.4158883083343672,0.2,0.0,Train010,10.0
82,0,2,0.0001388888888888889,0.0,9.115488719086311,0.6804146154415252,-9.015413497960491,-1.0883588387879282,9.080870305272288,-7.628148822538154,0.0038190765896564116,53.92763912695712,0.6931471805579453,0,0,2.0,0.0001388888888888889,0.0,9.442594151768104,0.8023398032414131,-9.286102106486638,-1.260997806386526,9.373367364435323,1.336922636268649,0.007938704472657343,53.913861965970895,0.6931471805579453,0.0,0.0,Train010,10.0
82,1,1,6.944444444444444e-05,0.0,9.693135412956963,0.0,-9.68144983495031,0.4758184814201169,9.693135412956963,-7.4626331134673585,0.0,0.0,-1.000088900581841e-12,0,0,1.0,6.944444444444444e-05,0.0,9.45468361666164,0.0,-9.445322338139633,0.2551894479379496,9.45468361666164,5.640590772682481,0.0,0.0,-1.000088900581841e-12,0.0,0.0,Train010,10.0
82,2,0,0.0,0.0,0.0,0.0,0.0,0.0,0.0,0.0,0.0,0.0,0.0,0,0,0.0,0.0,0.0,0.0,0.0,0.0,0.0,0.0,0.0,0.0,0.0,0.0,0.0,0.0,Train010,10.0
82,3,3,0.00020833333333333335,0.0,7.281515559143027,0.8051468332980569,7.273906384350076,0.12314881036525109,7.274948777674189,-6.353906329478714,0.0009706149385833029,41.90579918752284,1.0986122886651097,0,0,3.2,0.00022222222222222223,-0.2,7.451695313107479,1.5006514768305892,7.406486865547471,0.23650187392235344,7.4118558410166315,-0.49996438217964967,0.006518978450574142,38.8763390909152,1.156148703155266,0.0,0.2,Train010,10.0
82,4,0,0.0,0.0,0.0,0.0,0.0,0.0,0.0,0.0,0.0,0.0,0.0,0,0,0.0,0.0,0.0,0.0,0.0,0.0,0.0,0.0,0.0,0.0,0.0,0.0,0.0,0.0,Train010,10.0
82,5,2,0.0001388888888888889,0.0,5.821914909668146,5.821914909668146,-5.787152933205926,-0.635259114930517,5.821914909668146,-6.29393669115081,0.9453608032835449,11.720218347944845,0.6931471805579453,0,0,1.8,0.000125,0.2,6.828684750772441,5.179398629439268,-6.772858717124572,-0.8577998566937637,6.828684750772441,5.694317412986406,0.7546839933840843,8.760741472749473,0.5545177444461562,0.2,0.0,Train010,10.0
83,0,2,0.0001388888888888889,0.0,8.31340705659686,0.616552445173014,-8.223610574940174,-0.9874017982528523,8.282676692921246,-8.020816624894508,0.003716964635980591,53.93622940743937,0.6931471805579453,0,0,2.0,0.0001388888888888889,0.0,9.567766083055783,0.7500629510083553,-9.448310284817026,-1.187709753172866,9.522864844905461,1.251719312876806,0.0046654176028878116,53.919380697129085,0.6931471805579453,0.0,0.0,Train010,10.0
83,1,1,6.944444444444444e-05,0.0,8.863162793287394,0.0,-8.852082165622068,0.4430530819097434,8.863162793287394,-8.299726196695687,1.1102230246251565e-16,0.0,-1.000088900581841e-12,0,0,1.0,6.944444444444444e-05,0.0,9.977612096896365,0.0,-9.968334993936363,0.4195899048995734,9.977612096896365,5.229284802347257,2.2204460492503132e-17,0.0,-1.000088900581841e-12,0.0,0.0,Train010,10.0
83,2,0,0.0,0.0,0.0,0.0,0.0,0.0,0.0,0.0,0.0,0.0,0.0,0,0,0.0,0.0,0.0,0.0,0.0,0.0,0.0,0.0,0.0,0.0,0.0,0.0,0.0,0.0,Train010,10.0
83,3,3,0.00020833333333333335,0.0,6.6320700881583265,0.721503308337776,6.625770916823907,0.10708983237952936,6.626636286565651,-6.494454709846996,0.0008799551537485018,41.91418309050399,1.0986122886651097,0,0,3.0,0.00020833333333333335,-0.2,7.725448107357094,0.9617235850099908,7.708591100744471,0.17521803682387713,7.710795849402459,-0.7713428021106866,0.001999356092959137,41.839601384749635,1.0986122886651097,0.0,0.2,Train010,10.0
83,4,0,0.0,0.0,0.0,0.0,0.0,0.0,0.0,0.0,0.0,0.0,0.0,0,0,0.0,0.0,0.0,0.0,0.0,0.0,0.0,0.0,0.0,0.0,0.0,0.0,0.0,0.0,Train010,10.0
83,5,2,0.0001388888888888889,0.0,5.203749913822432,5.203749913822432,-5.17290081579743,-0.5657829226207324,5.203749913822432,-6.181649958457136,0.9455562502512439,11.735374705425237,0.6931471805579453,0,0,2.0,0.0001388888888888889,0.2,6.2201486122037535,6.2201486122037535,-6.180593071540332,-0.6998154730939518,6.2201486122037535,7.315287733005574,0.9437952434343331,11.107816413834518,0.6931471805579453,0.2,0.0,Train010,10.0
84,0,2,0.0001388888888888889,0.0,9.7832450433996,1.0043353689153642,-9.674766302309266,-1.3362727294977959,9.766612913999326,14.698379868027406,0.0017181856945870377,52.95649012799173,0.6931471805579453,0,0,2.0,0.0001388888888888889,0.0,9.497768760451297,0.774195773336197,-9.389408462413934,-1.180641521728154,9.46354958705037,-0.6999732260448773,0.003615993264764317,53.72982026319156,0.6931471805579453,0.0,0.0,Train010,10.0
84,1,1,6.944444444444444e-05,0.0,9.810702635720293,0.0,-9.81007425113225,0.11103780347765706,9.810702635720293,9.475398424328993,1.1102230246251565e-16,0.0,-1.000088900581841e-12,0,0,1.0,6.944444444444444e-05,0.0,9.924873093897022,0.0,-9.916060960440957,0.3930141292448526,9.924873093897022,-0.5273900299934511,4.4408920985006264e-17,0.0,-1.000088900581841e-12,0.0,0.0,Train010,10.0
84,2,0,0.0,0.0,0.0,0.0,0.0,0.0,0.0,0.0,0.0,0.0,0.0,0,0,0.0,0.0,0.0,0.0,0.0,0.0,0.0,0.0,0.0,0.0,0.0,0.0,0.0,0.0,Train010,10.0
84,3,3,0.00020833333333333335,0.0,10.436027774173043,1.1963804124845308,10.429329648453416,-0.10115733664795834,10.429820215270595,38.03957686014716,0.000631308209778747,41.33543559568003,1.0986122886651097,0,0,3.0,0.00020833333333333335,0.0,8.134264513382917,0.9383975229587651,8.124638796742468,0.09479288764586676,8.125857078733699,4.088164060258224,0.0011275835681202827,41.77254874866273,1.0986122886651097,0.0,0.0,Train010,10.0
84,4,0,0.0,0.0,0.0,0.0,0.0,0.0,0.0,0.0,0.0,0.0,0.0,0,0,0.0,0.0,0.0,0.0,0.0,0.0,0.0,0.0,0.0,0.0,0.0,0.0,0.0,0.0,Train010,10.0
84,5,2,0.0001388888888888889,0.0,8.228186718448502,3.147538337932299,-8.187865150819778,-0.6760630431924173,8.215728632712961,30.244368046260703,0.0017738368814590455,11.963444054005134,0.6931471805579453,0,0,2.0,0.0001388888888888889,0.0,6.525721044024209,5.509591367920969,-6.4878785114316715,-0.6734456099423215,6.523229426877101,3.0557243182045553,0.7562298743993299,11.60263680400533,0.6931471805579453,0.0,0.0,Train010,10.0
85,0,2,0.0001388888888888889,0.0,9.718650541827085,1.0817777812075535,-9.607976465586876,-1.3785445768407478,9.70636888406825,-0.6459450157251645,0.0012795843027685327,52.59058136466828,0.6931471805579453,0,0,2.0,0.0001388888888888889,0.0,9.361818992449997,0.8264633920671894,-9.257460732648017,-1.1969867125205333,9.334966245979198,-1.3594976800130056,0.0029213370872955614,53.465919609699554,0.6931471805579453,0.0,0.0,Train010,10.0
85,1,1,6.944444444444444e-05,0.0,9.564625585028338,0.0,-9.564619576693596,-0.0107207699486663,9.564625585028338,-2.460770506919552,1.1102230246251565e-16,0.0,-1.000088900581841e-12,0,0,1.0,6.944444444444444e-05,0.0,9.674205030259339,0.0,-9.66722873451297,0.30173055063229304,9.674205030259339,-2.5066806363768306,6.661338147750939e-17,0.0,-1.000088900581841e-12,0.0,0.0,Train010,10.0
85,2,0,0.0,0.0,0.0,0.0,0.0,0.0,0.0,0.0,0.0,0.0,0.0,0,0,0.0,0.0,0.0,0.0,0.0,0.0,0.0,0.0,0.0,0.0,0.0,0.0,0.0,0.0,Train010,10.0
85,3,3,0.00020833333333333335,0.0,11.142248413318711,1.3106201327502054,11.134747012247372,-0.16746757585100336,11.13600630458304,7.062206391456692,0.0005945404626450657,41.11840458480225,1.0986122886651097,0,0,3.0,0.00020833333333333335,0.0,8.681753605376802,0.9887214856687823,8.674080251991372,0.022024735722516436,8.675090696930948,5.474890919938852,0.000857431479134596,41.63141920092606,1.0986122886651097,0.0,0.0,Train010,10.0
85,4,0,0.0,0.0,0.0,0.0,0.0,0.0,0.0,0.0,0.0,0.0,0.0,0,0,0.0,0.0,0.0,0.0,0.0,0.0,0.0,0.0,0.0,0.0,0.0,0.0,0.0,0.0,Train010,10.0
85,5,2,0.0001388888888888889,0.0,8.121176773552701,2.814865808135801,-8.080294735850035,-0.6673952083554658,8.10780977714337,-1.070099448958013,0.0018708923337753536,12.093729600304624,0.6931471805579453,0,0,2.0,0.0001388888888888889,0.0,6.765267378855,4.68787550966838,-6.728062395738488,-0.6509390972606303,6.760102362426027,2.3954633483079237,0.5678870463607638,11.815678184667629,0.6931471805579453,0.0,0.0,Train010,10.0
86,0,2,0.0001388888888888889,0.0,9.123665343898825,1.0451999245836854,-9.018529435512441,-1.3119593077112603,9.113457653618331,-5.949851979282599,0.0011337014503510767,52.45888456290659,0.6931471805579453,0,0,2.0,0.0001388888888888889,0.0,9.210891340961735,0.8856560270642284,-9.10805925526185,-1.220507450218117,9.189997289975889,-1.5092765148826044,0.0023335025346687297,53.17396491799262,0.6931471805579453,0.0,0.0,Train010,10.0
86,1,1,6.944444444444444e-05,0.0,8.91615272875459,0.0,-8.915999088791178,-0.052342441219154205,8.91615272875459,-6.484728562737487,1.1102230246251565e-16,0.0,-1.000088900581841e-12,0,0,1.0,6.944444444444444e-05,0.0,9.369555831149516,0.0,-9.36484498343788,0.19336923112793936,9.369555831149516,-3.0464919910982173,8.881784197001253e-17,0.0,-1.000088900581841e-12,0.0,0.0,Train010,10.0
86,2,0,0.0,0.0,0.0,0.0,0.0,0.0,0.0,0.0,0.0,0.0,0.0,0,0,0.0,0.0,0.0,0.0,0.0,0.0,0.0,0.0,0.0,0.0,0.0,0.0,0.0,0.0,Train010,10.0
86,3,3,0.00020833333333333335,0.0,10.730952777489206,1.2744103555390767,10.72353544612966,-0.18061534402122034,10.725056380592838,-4.1129563582950786,0.0005832654911430701,41.038030652071164,1.0986122886651097,0,0,3.0,0.00020833333333333335,0.0,9.244562922456463,1.0616122084819293,9.237457881600886,-0.04380032275508032,9.238493592937264,5.628093170796612,0.0007319368511797375,41.462370622116055,1.0986122886651097,0.0,0.0,Train010,10.0
86,4,0,0.0,0.0,0.0,0.0,0.0,0.0,0.0,0.0,0.0,0.0,0.0,0,0,0.0,0.0,0.0,0.0,0.0,0.0,0.0,0.0,0.0,0.0,0.0,0.0,0.0,0.0,Train010,10.0
86,5,2,0.0001388888888888889,0.0,7.3703838140529125,2.7040341849491742,-7.3319725725672305,-0.6208828223706143,7.358214272769789,-7.507929594997886,0.001908195817064029,12.143283005487621,0.6931471805579453,0,0,2.0,0.0001388888888888889,0.0,6.949082425908938,3.9384206309015704,-6.912037241648079,-0.6330766222939493,6.94148350122334,1.8381504705393716,0.37929399571341743,11.931209942633492,0.6931471805579453,0.0,0.0,Train010,10.0
87,0,2,0.0001388888888888889,0.0,8.379569266930805,0.9710125045544222,-8.282520255987084,-1.2115357238357405,8.370660702774098,-7.440960769680203,0.0010776067610336337,52.4161696673188,0.6931471805579453,0,0,2.0,0.0001388888888888889,0.0,9.063707450530634,0.9437756048868078,-8.961480606867166,-1.2451428272276794,9.04795536947625,-1.471838904311014,0.0017852085689441743,52.87167102606495,0.6931471805579453,0.0,0.0,Train010,10.0
87,1,1,6.944444444444444e-05,0.0,8.165928353329594,0.0,-8.165679875632891,-0.06370275030301026,8.165928353329594,-7.502243754249953,0.0,0.0,-1.000088900581841e-12,0,0,1.0,6.944444444444444e-05,0.0,9.064114419224042,0.0,-9.061690991574396,0.08546498478331392,9.064114419224042,-3.0544141192547363,8.881784197001253e-17,0.0,-1.000088900581841e-12,0.0,0.0,Train010,10.0
87,2,0,0.0,0.0,0.0,0.0,0.0,0.0,0.0,0.0,0.0,0.0,0.0,0,0,0.0,0.0,0.0,0.0,0.0,0.0,0.0,0.0,0.0,0.0,0.0,0.0,0.0,0.0,Train010,10.0
87,3,3,0.00020833333333333335,0.0,9.956037866702248,1.1869651706510387,9.949076675454604,-0.17453944270467858,9.950607554874953,-7.74914910786956,0.0005790423521568888,41.00955545408243,1.0986122886651097,0,0,3.0,0.00020833333333333335,0.0,9.779467383968306,1.1379758759525256,9.772491939821792,-0.10333797336906625,9.773625348377417,5.3490446151184425,0.0006536223338944547,41.28312187542797,1.0986122886651097,0.0,0.0,Train010,10.0
87,4,0,0.0,0.0,0.0,0.0,0.0,0.0,0.0,0.0,0.0,0.0,0.0,0,0,0.0,0.0,0.0,0.0,0.0,0.0,0.0,0.0,0.0,0.0,0.0,0.0,0.0,0.0,Train010,10.0
87,5,2,0.0001388888888888889,0.0,6.557384748905323,2.580951050265239,-6.522266552150822,-0.5654101050217327,6.546728157191656,-8.12999065147589,0.0019233261892108722,12.151574545073203,0.6931471805579453,0,0,2.0,0.0001388888888888889,0.0,7.096176393756375,3.290227859020989,-7.05905996543706,-0.6191068203121924,7.086446150728041,1.4709396784743554,0.19060650029455065,12.017481182059162,0.6931471805579453,0.0,0.0,Train010,10.0
88,0,2,0.0001388888888888889,0.0,7.627590105534024,0.8881061924749658,-7.539061645745153,-1.1052943143820952,7.619653930445332,-7.5197916139677945,0.0010547630083372894,52.40684294879925,0.6931471805579453,0,0,2.0,0.0001388888888888889,0.0,8.926544060318069,0.9980863543471983,-8.824570821028164,-1.268721330453528,8.915350816981066,-1.3716339021256714,0.0012527682434155141,52.565793734336935,0.6931471805579453,0.0,0.0,Train010,10.0
88,1,1,6.944444444444444e-05,0.0,7.424544244347935,0.0,-7.424269324159306,-0.06389239882151651,7.424544244347935,-7.413841089816593,0.0,0.0,-1.000088900581841e-12,0,0,1.0,6.944444444444444e-05,0.0,8.77639070943615,0.0,-8.776128423281843,-0.015924111362938052,8.77639070943615,-2.8772370978789175,6.661338147750939e-17,0.0,-1.000088900581841e-12,0.0,0.0,Train010,10.0
88,2,0,0.0,0.0,0.0,0.0,0.0,0.0,0.0,0.0,0.0,0.0,0.0,0,0,0.0,0.0,0.0,0.0,0.0,0.0,0.0,0.0,0.0,0.0,0.0,0.0,0.0,0.0,Train010,10.0
88,3,3,0.00020833333333333335,0.0,9.100593503859237,1.0867459454263093,9.094199220048257,-0.1621500316280776,9.09564467680457,-8.554443628430123,0.0005773395625514599,41.00072998077727,1.0986122886651097,0,0,3.0,0.00020833333333333335,0.0,10.273172067108488,1.211024403370232,10.266177600466662,-0.15718594617058765,10.2674270264252,4.937046831401817,0.0005930992156550463,41.100431253482625,1.0986122886651097,0.0,0.0,Train010,10.0
88,4,0,0.0,0.0,0.0,0.0,0.0,0.0,0.0,0.0,0.0,0.0,0.0,0,0,0.0,0.0,0.0,0.0,0.0,0.0,0.0,0.0,0.0,0.0,0.0,0.0,0.0,0.0,Train010,10.0
88,5,2,0.0001388888888888889,0.0,5.81683772753186,2.4275756259824006,-5.7850515475527855,-0.510928610902764,5.80757001277487,-7.405470213734633,0.0019296022393155976,12.141376139193893,0.6931471805579453,0,0,2.0,0.0001388888888888889,0.0,7.21879395649826,2.734993001452983,-7.181490111788131,-0.6081359579685988,7.207210170518529,1.226175627418856,0.0018811706921649796,12.098681468812895,0.6931471805579453,0.0,0.0,Train010,10.0
89,0,1,6.944444444444444e-05,-1.0,6.059448086060135,0.0,-5.99225087457636,-0.8999114199723647,6.059448086060135,-6.800358269989237,0.0,0.0,-1.000088900581841e-12,0,1,1.8,0.000125,-0.2,8.181784668850174,0.7972192805641254,-8.088067735481582,-1.1814490685484418,8.17391785139323,-5.671381529729,0.0009091311044981065,41.97449570873859,0.5545177444461562,0.0,0.2,Train010,10.0
89,1,1,6.944444444444444e-05,0.0,8.21001566215978,0.0,-8.20234829417237,-0.3547388250480875,8.21001566215978,7.854714178118449,0.0,0.0,-1.000088900581841e-12,0,0,1.0,6.944444444444444e-05,0.0,8.456253314724048,0.0,-8.454583231889869,-0.10907943706808698,8.456253314724048,-3.2013739471210263,4.4408920985006264e-17,0.0,-1.000088900581841e-12,0.0,0.0,Train010,10.0
89,2,1,6.944444444444444e-05,1.0,0.0,0.0,0.0,0.0,0.0,0.0,0.0,0.0,-1.000088900581841e-12,1,0,0.2,1.388888888888889e-05,0.2,0.0,0.0,0.0,0.0,0.0,0.0,0.0,0.0,-2.000177801163682e-13,0.2,0.0,Train010,10.0
89,3,2,0.0001388888888888889,-1.0,11.360299319364728,0.3587578271898959,11.350875747697625,0.08313027799947212,11.351180153745707,19.414208199771785,0.0008035239733764632,65.50371476527413,0.6931471805579453,0,1,2.8,0.00019444444444444446,-0.2,10.458026376146826,1.0434998863113052,10.450486820315502,-0.12032842324110156,10.45169901412022,1.2119730993267432,0.0006275423683745895,45.93408708740145,1.0175192670436768,0.0,0.2,Train010,10.0
89,4,1,6.944444444444444e-05,1.0,8.858777619880893,0.0,8.858750259885696,-0.022017072413945057,8.858777619880893,3.9475410707828296,0.0,0.0,-1.000088900581841e-12,1,0,0.2,1.388888888888889e-05,0.2,1.7717555239761786,0.0,1.7717500519771392,-0.0044034144827890115,1.7717555239761786,0.7895082141565659,0.0,0.0,-2.000177801163682e-13,0.2,0.0,Train010,10.0
89,5,2,0.0001388888888888889,0.0,9.897629446772168,1.5614452962298548,-9.872985929455252,-0.6860387192035412,9.896792424188144,40.80791719240307,8.672653257557617e-05,12.17492547819924,0.6931471805579453,0,0,2.0,0.0001388888888888889,0.0,7.552682502162993,2.417774393112494,-7.518514267515225,-0.6101310931708236,7.543422928813567,3.3388854566473283,0.0015437486223882856,12.140977753651716,0.6931471805579453,0.0,0.0,Train010,10.0
90,0,1,6.944444444444444e-05,0.0,5.4702276181997895,0.0,-5.425028305069622,-0.7017535779097697,5.4702276181997895,-5.892204678603452,0.0,0.0,-1.000088900581841e-12,0,0,1.6,0.00011111111111111112,-0.2,7.332100084124716,0.5808637243226147,-7.2514781033781315,-1.046090868762246,7.326689598219538,-6.720633462304657,0.0006532142439444,31.456379435804926,0.4158883083343671,0.0,0.2,Train010,10.0
90,1,1,6.944444444444444e-05,0.0,8.000991302903447,0.0,-7.989169839826138,-0.434772468710949,8.000991302903447,-2.0902435925633256,1.1102230246251565e-16,0.0,-1.000088900581841e-12,0,0,1.0,6.944444444444444e-05,0.0,8.143526458299068,0.0,-8.139493284516378,-0.1938897768205435,8.143526458299068,-3.127268564249781,4.4408920985006264e-17,0.0,-1.000088900581841e-12,0.0,0.0,Train010,10.0
90,2,1,6.944444444444444e-05,0.0,0.0,0.0,0.0,0.0,0.0,0.0,0.0,0.0,-1.000088900581841e-12,0,0,0.4,2.777777777777778e-05,0.2,0.0,0.0,0.0,0.0,0.0,0.0,0.0,0.0,-4.000355602327364e-13,0.2,0.0,Train010,10.0
90,3,2,0.0001388888888888889,0.0,11.36501458597956,0.0416107020462384,11.35467879759726,0.13121558035535896,11.355436941180763,0.047152666148324585,0.0008427418347333182,64.87894830344223,0.6931471805579453,0,0,2.6,0.00018055555555555555,-0.2,10.502579610678996,0.7896980001705118,10.494473177385482,-0.060591791999829094,10.495585141439767,-0.19103764573493026,0.00067718264279224,50.686195831129446,0.936426245422244,0.0,0.2,Train010,10.0
90,4,1,6.944444444444444e-05,0.0,8.476846977987435,0.0,8.476345852712893,0.09217197736657334,8.476846977987435,-3.8193064189345804,0.0,0.0,-1.000088900581841e-12,0,0,0.4,2.777777777777778e-05,0.2,3.4671249195736658,0.0,3.467019222519718,0.014030980990525656,3.4671249195736658,0.025646930369649823,0.0,0.0,-4.000355602327364e-13,0.2,0.0,Train010,10.0
90,5,2,0.0001388888888888889,0.0,10.49663114551886,1.3558877477217255,-10.473808510798612,-0.6898999075114077,10.496505447207737,5.9900169874669285,1.2178316291189262e-05,12.20592814140137,0.6931471805579453,0,0,2.0,0.0001388888888888889,0.0,8.027773376556224,2.125978781029679,-7.997217022504941,-0.614632033002012,8.021162062826438,4.7509087439323165,0.0011720058188914527,12.163417461871065,0.6931471805579453,0.0,0.0,Train010,10.0
91,0,1,6.944444444444444e-05,0.0,4.9440685765013255,0.0,-4.908540673979982,-0.5916439309516995,4.9440685765013255,-5.261590416984641,1.1102230246251565e-16,0.0,-1.000088900581841e-12,0,0,1.4,9.722222222222222e-05,-0.2,6.496180730645216,0.3718237394058776,-6.429480351071641,-0.9020277934103339,6.492811782796136,-6.582981149845065,0.00042647395387420686,20.96460252322361,0.27725887222257806,0.0,0.2,Train010,10.0
91,1,1,6.944444444444444e-05,0.0,7.457369899083403,0.0,-7.44455870687305,-0.43693417316098904,7.457369899083403,-5.43621403820044,0.0,0.0,-1.000088900581841e-12,0,0,1.0,6.944444444444444e-05,0.0,7.851769892364831,0.0,-7.845205208132751,-0.27080812320891046,7.851769892364831,-2.9175656593423716,2.2204460492503132e-17,0.0,-1.000088900581841e-12,0.0,0.0,Train010,10.0
91,2,1,6.944444444444444e-05,0.0,0.0,0.0,0.0,0.0,0.0,0.0,0.0,0.0,-1.000088900581841e-12,0,0,0.6,4.1666666666666665e-05,0.2,0.0,0.0,0.0,0.0,0.0,0.0,0.0,0.0,-6.000533403491046e-13,0.2,0.0,Train010,10.0
91,3,2,0.0001388888888888889,0.0,10.697136781540864,0.07087096336816856,10.687065338340464,0.14017004631385413,10.687984524120616,-6.678778044386959,0.0008556176781403524,64.64033889207134,0.6931471805579453,0,0,2.4,0.00016666666666666666,-0.2,10.495816411489326,0.5489901217363302,10.487179155827642,0.0035652860671858077,10.488170770145322,-0.7042019829533064,0.0007316530801916965,55.40665747912948,0.855333223800811,0.0,0.2,Train010,10.0
91,4,1,6.944444444444444e-05,0.0,7.8453282820771095,0.0,7.844310473946283,0.12636867450282044,7.8453282820771095,-6.315186959103256,1.1102230246251565e-16,0.0,-1.000088900581841e-12,0,0,0.6,4.1666666666666665e-05,0.2,5.036190575989087,0.0,5.0358813173089745,0.03930471589108975,5.036190575989087,-1.2373904614510014,2.2204460492503132e-17,0.0,-6.000533403491046e-13,0.2,0.0,Train010,10.0
91,5,2,0.0001388888888888889,0.0,9.969164992633644,1.2930570748422303,-9.948397046616057,-0.6427806483169345,9.969140923819355,-5.274661528852169,2.4556386309937395e-06,12.220235009697724,0.6931471805579453,0,0,2.0,0.0001388888888888889,0.0,8.54752961227237,1.84378335900829,-8.520501917314705,-0.619011598191276,8.543347393036353,5.197562357161461,0.0007908577832048458,12.178807862713086,0.6931471805579453,0.0,0.0,Train010,10.0
92,0,1,6.944444444444444e-05,0.0,4.470282640268875,0.0,-4.440102059736109,-0.5185755326048734,4.470282640268875,-4.737859362324501,0.0,0.0,-1.000088900581841e-12,0,0,1.2,8.333333333333333e-05,-0.2,5.71432340531283,0.17762123849499317,-5.660996711821445,-0.7634357551641606,5.712736170295092,-6.042360868373926,0.0002109526016674801,10.48136858975985,0.13862943611078898,0.0,0.2,Train010,10.0
92,1,1,6.944444444444444e-05,0.0,6.829450063585008,0.0,-6.817014702218852,-0.41194504576858204,6.829450063585008,-6.2791983549839525,0.0,0.0,-1.000088900581841e-12,0,0,1.0,6.944444444444444e-05,0.0,7.584474234415914,0.0,-7.575472173449944,-0.3404565823020248,7.584474234415914,-2.6729565794891714,2.2204460492503132e-17,0.0,-1.000088900581841e-12,0.0,0.0,Train010,10.0
92,2,1,6.944444444444444e-05,0.0,0.0,0.0,0.0,0.0,0.0,0.0,0.0,0.0,-1.000088900581841e-12,0,0,0.8,5.555555555555556e-05,0.2,0.0,0.0,0.0,0.0,0.0,0.0,0.0,0.0,-8.000711204654728e-13,0.2,0.0,Train010,10.0
92,3,2,0.0001388888888888889,0.0,9.835186766099724,0.10570397688702382,9.825796587382545,0.1350186051556979,9.826724204960504,-8.619500154411393,0.0008605367015409593,64.54973563583506,0.6931471805579453,0,0,2.2,0.00015277777777777777,-0.2,10.471646191368823,0.3327378829835272,10.46252313821323,0.06547689563926111,10.463394100162432,-0.878272192261673,0.0007879519500685106,60.114693515480006,0.7742402021793782,0.0,0.2,Train010,10.0
92,4,1,6.944444444444444e-05,0.0,7.164073407767113,0.0,7.162879404438063,0.13079154924119246,7.164073407767113,-6.812548743099969,0.0,0.0,-1.000088900581841e-12,0,0,0.8,5.555555555555556e-05,0.2,6.46900525754251,0.0,6.468457198196587,0.06546302573932823,6.46900525754251,-2.599900210070995,2.2204460492503132e-17,0.0,-8.000711204654728e-13,0.2,0.0,Train010,10.0
92,5,2,0.0001388888888888889,0.0,9.129536166910555,1.24570884672704,-9.11082789350884,-0.5840663641546111,9.129530022015128,-8.396288257230893,6.858477968885168e-07,12.22309378707955,0.6931471805579453,0,0,2.0,0.0001388888888888889,0.0,9.061959895873418,1.5767349183006503,-9.038214185586309,-0.6227428500178517,9.059907766001047,5.144302836010459,0.00040632971492204906,12.193111711114355,0.6931471805579453,0.0,0.0,Train010,10.0
93,0,1,6.944444444444444e-05,0.0,4.042508834100894,0.0,-4.015945386908019,-0.4626665355912124,4.042508834100894,-4.277738061679814,1.1102230246251565e-16,0.0,-1.000088900581841e-12,0,0,1.0,6.944444444444444e-05,-0.2,4.997307151026203,0.0,-4.956373460054019,-0.6349101994059839,4.997307151026204,-5.39395015791633,4.4408920985006264e-17,0.0,-1.000088900581841e-12,0.0,0.2,Train010,10.0
93,1,1,6.944444444444444e-05,0.0,6.209236753272649,0.0,-6.197658873936089,-0.3790059900755126,6.209236753272649,-6.202133103123586,0.0,0.0,-1.000088900581841e-12,0,0,1.0,6.944444444444444e-05,0.0,7.341412736200857,0.0,-7.3301500834053,-0.40347930055282405,7.341412736200857,-2.43061498215057,2.2204460492503132e-17,0.0,-1.000088900581841e-12,0.0,0.0,Train010,10.0
93,2,1,6.944444444444444e-05,0.0,0.0,0.0,0.0,0.0,0.0,0.0,0.0,0.0,-1.000088900581841e-12,0,0,1.0,6.944444444444444e-05,0.2,0.0,0.0,0.0,0.0,0.0,0.0,0.0,0.0,-1.000088900581841e-12,0.2,0.0,Train010,10.0
93,3,2,0.0001388888888888889,0.0,8.956670477488128,0.11154574686606278,8.948069331801005,0.12527604017612237,8.94894624260085,-8.78516288611598,0.0008625340902556067,64.5158231815112,0.6931471805579453,0,0,2.0,0.0001388888888888889,-0.2,10.442861586094601,0.13769784327147788,10.433297160563779,0.12296211000010111,10.434054413321688,-0.9244160437988445,0.00084499085560934,64.81771215562678,0.6931471805579453,0.0,0.2,Train010,10.0
93,4,1,6.944444444444444e-05,0.0,6.505642836545967,0.0,6.504449105672926,0.1246216209673346,6.505642836545967,-6.58430571221146,0.0,0.0,-1.000088900581841e-12,0,0,1.0,6.944444444444444e-05,0.2,7.770133824851703,0.0,7.769347019331173,0.09038734993279515,7.770133824851703,-3.916761352513287,2.2204460492503132e-17,0.0,-1.000088900581841e-12,0.2,0.0,Train010,10.0
93,5,2,0.0001388888888888889,0.0,8.254700785865742,1.188555554614814,-8.237899442347716,-0.5263654742963334,8.254698530822553,-8.748353810448123,2.7896637722069073e-07,12.219649546109812,0.6931471805579453,0,0,2.0,0.0001388888888888889,0.0,9.549532507540194,1.3289309040271329,-9.528783764545295,-0.6258302226965655,9.549333469610584,4.875726116667761,2.0465060334373675e-05,12.20876639249754,0.6931471805579453,0.0,0.0,Train010,10.0
94,0,1,6.944444444444444e-05,0.0,12.5801534908065,0.0,-12.486154475687211,1.534994547719043,12.5801534908065,0.0,0.0,0.0,-1.000088900581841e-12,1,1,1.0,6.944444444444444e-05,0.0,6.301448231975477,0.0,-6.255154180276189,-0.14792900586770244,6.301448231975477,-4.033878503918482,4.4408920985006264e-17,0.0,-1.000088900581841e-12,0.2,0.2,Train010,10.0
94,1,1,6.944444444444444e-05,0.0,9.7413811086489,0.0,-9.741249148749402,-0.05070429893751706,9.7413811086489,35.321443553762506,1.1102230246251565e-16,0.0,-1.000088900581841e-12,0,0,1.0,6.944444444444444e-05,0.0,7.647685825498681,0.0,-7.637930254320706,-0.3426723953307099,7.647685825498681,3.0627308929782417,4.4408920985006264e-17,0.0,-1.000088900581841e-12,0.0,0.0,Train010,10.0
94,2,1,6.944444444444444e-05,0.0,7.185121845374916,0.0,-7.112907732722685,1.0161296761032408,7.185121845374916,71.85121845374917,1.1102230246251565e-16,0.0,-1.000088900581841e-12,0,0,1.0,6.944444444444444e-05,0.0,1.4370243690749833,0.0,-1.422581546544537,0.20322593522064816,1.4370243690749833,14.370243690749835,2.2204460492503132e-17,0.0,-1.000088900581841e-12,0.0,0.0,Train010,10.0
94,3,2,0.0001388888888888889,0.0,10.18446573183628,0.10612510521507001,10.178218510636105,0.11451447925991375,10.178862687757194,12.277952543481518,0.0005502156767588362,64.50357173389683,0.6931471805579453,0,0,2.0,0.0001388888888888889,0.0,10.207694868588911,0.08717129887651272,10.198765713151476,0.12923895025218943,10.199590920123985,-2.3516671750568974,0.0007943291962858145,64.61768354935133,0.6931471805579453,0.0,0.0,Train010,10.0
94,4,1,6.944444444444444e-05,0.0,8.249944272204484,0.0,8.249140771100704,0.11513918986888982,8.249944272204484,17.443014356585174,0.0,0.0,-1.000088900581841e-12,0,0,1.0,6.944444444444444e-05,0.0,7.648367155316421,0.0,7.647425121574173,0.11781860238936212,7.648367155316421,-1.2176666953528184,2.2204460492503132e-17,0.0,-1.000088900581841e-12,0.0,0.0,Train010,10.0
94,5,2,0.0001388888888888889,0.0,11.648558625552663,0.5266053082852791,-11.630161416210566,-0.6236888048167342,11.646872639999403,33.93857839686923,0.0001450341311902692,11.731029969331692,0.6931471805579453,0,0,2.0,0.0001388888888888889,0.0,9.899718343296295,1.1219629064382177,-9.880218861896358,-0.6133602398192042,9.899349512772835,3.5018583575609936,3.212658005731228e-05,12.11998729072403,0.6931471805579453,0.0,0.0,Train010,10.0
95,0,1,6.944444444444444e-05,0.0,12.146131196060777,0.0,-12.039582587268118,1.6052894306856638,12.146131196060777,-4.340222947457235,0.0,0.0,-1.000088900581841e-12,0,0,1.0,6.944444444444444e-05,0.0,7.636628947547675,0.0,-7.578065036715889,0.3134795958513843,7.636628947547675,-3.7234821576892387,4.4408920985006264e-17,0.0,-1.000088900581841e-12,0.2,0.2,Train010,10.0
95,1,1,6.944444444444444e-05,0.0,10.397328108524546,0.0,-10.397117284971793,0.0662114707234279,10.397328108524546,6.559469998756455,0.0,0.0,-1.000088900581841e-12,0,0,1.0,6.944444444444444e-05,0.0,8.126953186622902,0.0,-8.119519743349837,-0.24247560744383456,8.126953186622902,4.792673611242198,2.2204460492503132e-17,0.0,-1.000088900581841e-12,0.0,0.0,Train010,10.0
95,2,1,6.944444444444444e-05,0.0,7.50425693346167,0.0,-7.428835351583678,1.061262193083389,7.50425693346167,3.1913508808675406,0.0,0.0,-1.000088900581841e-12,0,0,1.0,6.944444444444444e-05,0.0,2.9378757557673176,0.0,-2.9083486168612724,0.41547837383732594,2.9378757557673176,15.008513866923343,2.2204460492503132e-17,0.0,-1.000088900581841e-12,0.0,0.0,Train010,10.0
95,3,2,0.0001388888888888889,0.0,10.010723104119961,0.09806174721042549,10.005503673749937,0.10403346562396526,10.006044509564866,-1.7374262771631699,0.0004674031625686581,64.49956825291656,0.6931471805579453,0,0,2.0,0.0001388888888888889,0.0,9.936836572216993,0.09846150790935013,9.92893068838201,0.12380252730591068,9.929712433800807,-2.7085829637191963,0.0007192614618528826,64.54180753924621,0.6931471805579453,0.0,0.0,Train010,10.0
95,4,1,6.944444444444444e-05,0.0,8.36930453910958,0.0,8.36864503000961,0.10506583676754899,8.36930453910958,1.1936026690509571,0.0,0.0,-1.000088900581841e-12,0,0,1.0,6.944444444444444e-05,0.0,7.62685866754085,0.0,7.625884957033517,0.12039737426955725,7.62685866754085,-0.21508487775571083,2.2204460492503132e-17,0.0,-1.000088900581841e-12,0.0,0.0,Train010,10.0
95,5,2,0.0001388888888888889,0.0,12.055627601741946,0.33240363840370346,-12.037211695299046,-0.6188213387301005,12.05310770078455,4.0706897618928295,0.00020918183884544028,11.557303049280153,0.6931471805579453,0,0,2.0,0.0001388888888888889,0.0,10.211517634540911,0.9172660845746134,-10.192899498796447,-0.5991445260629427,10.210669963488197,3.117992912446174,7.152728456816249e-05,11.990262272299786,0.6931471805579453,0.0,0.0,Train010,10.0
96,0,1,6.944444444444444e-05,0.0,11.30486510822489,0.0,-11.200142751111795,1.5351799470675898,11.30486510822489,-8.41266087835887,1.1102230246251565e-16,0.0,-1.000088900581841e-12,0,0,1.0,6.944444444444444e-05,0.0,8.908788253892387,0.0,-8.836385452142249,0.7388443714552422,8.908788253892387,-4.353696249964085,4.4408920985006264e-17,0.0,-1.000088900581841e-12,0.2,0.2,Train010,10.0
96,1,1,6.944444444444444e-05,0.0,10.01276634694629,0.0,-10.012237754945803,0.10288370608596412,10.01276634694629,-3.8456176157825617,1.1102230246251565e-16,0.0,-1.000088900581841e-12,0,0,1.0,6.944444444444444e-05,0.0,8.63803247619548,0.0,-8.633055552964388,-0.13451203159444397,8.63803247619548,5.1107928957257736,4.4408920985006264e-17,0.0,-1.000088900581841e-12,0.0,0.0,Train010,10.0
96,2,1,6.944444444444444e-05,0.0,6.5992149322531715,0.0,-6.5328894807452365,0.9332699258207491,6.5992149322531715,-9.05042001208499,1.1102230246251565e-16,0.0,-1.000088900581841e-12,0,0,1.0,6.944444444444444e-05,0.0,4.257718742217952,0.0,-4.214926513010321,0.6021323590014758,4.257718742217952,13.198429864506343,4.4408920985006264e-17,0.0,-1.000088900581841e-12,0.0,0.0,Train010,10.0
96,3,2,0.0001388888888888889,0.0,9.360715706509556,0.08948461048732348,9.35614229135456,0.09426738462953703,9.356617172668669,-6.500073976104064,0.000437884092773011,64.49866203613692,0.6931471805579453,0,0,2.0,0.0001388888888888889,0.0,9.66955235721073,0.10218423733318112,9.662746078984831,0.11462199496904728,9.663438963510416,-2.672842150062617,0.0006357147447794143,64.51347216805932,0.6931471805579453,0.0,0.0,Train010,10.0
96,4,1,6.944444444444444e-05,0.0,7.917703513041869,0.0,7.917128988339791,0.09538082839492638,7.917703513041869,-4.516010260677108,0.0,0.0,-1.000088900581841e-12,0,0,1.0,6.944444444444444e-05,0.0,7.641333713733802,0.0,7.640448659912219,0.11419980504797844,7.641333713733802,0.1447504619295188,0.0,0.0,-1.000088900581841e-12,0.0,0.0,Train010,10.0
96,5,2,0.0001388888888888889,0.0,11.439845727268722,0.28169484965620484,-11.422489714092727,-0.5794090593019676,11.437175618418882,-6.157818744732255,0.00023354589594148933,11.493570424211816,0.6931471805579453,0,0,2.0,0.0001388888888888889,0.0,10.505653781467926,0.7149936395374084,-10.48771803229178,-0.5864702082599493,10.504276902408105,2.9413614692701566,0.0001177453360302616,11.844929355202606,0.6931471805579453,0.0,0.0,Train010,10.0
97,0,1,6.944444444444444e-05,0.0,10.34589892757048,0.0,-10.247932720873614,1.420387119046047,10.34589892757048,-9.589661806544107,0.0,0.0,-1.000088900581841e-12,0,0,1.0,6.944444444444444e-05,0.0,10.083911511352708,0.0,-9.997951584369751,1.1266369017854263,10.083911511352708,-5.324056738808006,4.4408920985006264e-17,0.0,-1.000088900581841e-12,0.2,0.2,Train010,10.0
97,1,1,6.944444444444444e-05,0.0,9.289511735950356,0.0,-9.288865769393194,0.10954912393444236,9.289511735950356,-7.232546109959337,0.0,0.0,-1.000088900581841e-12,0,0,1.0,6.944444444444444e-05,0.0,9.130044810668547,0.0,-9.127425766399256,-0.030213197653839074,9.130044810668547,4.920123344730696,4.4408920985006264e-17,0.0,-1.000088900581841e-12,0.0,0.0,Train010,10.0
97,2,1,6.944444444444444e-05,0.0,5.623526466494154,0.0,-5.567007178096058,0.7952867397280026,5.623526466494154,-9.75688465759017,0.0,0.0,-1.000088900581841e-12,0,0,1.0,6.944444444444444e-05,0.0,5.382424035516783,0.0,-5.328327948629531,0.7611897069470762,5.382424035516783,11.24705293298831,4.4408920985006264e-17,0.0,-1.000088900581841e-12,0.0,0.0,Train010,10.0
97,3,2,0.0001388888888888889,0.0,8.583712271398952,0.0812295896306674,8.57962986766479,0.08532482155215419,8.580054136851274,-7.770034351106032,0.00042620979439500495,64.49888363497308,0.6931471805579453,0,0,2.0,0.0001388888888888889,0.0,9.419257458270575,0.09728935988190983,9.41351273504128,0.10468323824833851,9.414104949888571,-2.502948989401545,0.0005488493633502234,64.50330176788692,0.6931471805579453,0.0,0.0,Train010,10.0
97,4,1,6.944444444444444e-05,0.0,7.29456468986628,0.0,7.294052979071397,0.08640111772203406,7.29456468986628,-6.23138823175589,0.0,0.0,-1.000088900581841e-12,0,0,1.0,6.944444444444444e-05,0.0,7.667431970153636,0.0,7.666683374838885,0.10532171874414678,7.667431970153636,0.26098256419833454,0.0,0.0,-1.000088900581841e-12,0.0,0.0,Train010,10.0
97,5,2,0.0001388888888888889,0.0,10.522578308833218,0.2701842472062701,-10.506624383128422,-0.5307083390723075,10.52001935688854,-9.172674184355039,0.00024334723643004708,11.469339980043253,0.6931471805579453,0,0,2.0,0.0001388888888888889,0.0,10.784262209852459,0.5198887196332543,-10.766877330215696,-0.5757986032434886,10.782374769382786,2.786084283845328,0.0001662776137568933,11.694178593795344,0.6931471805579453,0.0,0.0,Train010,10.0
98,0,1,6.944444444444444e-05,0.0,9.398854957547687,0.0,-9.309038749591314,1.2962530893410171,9.398854957547687,-9.470439700227917,0.0,0.0,-1.000088900581841e-12,0,0,1.0,6.944444444444444e-05,0.0,11.155180736042066,0.0,-11.05657025690641,1.4784208267718721,11.155180736042066,-6.362597066517627,2.2204460492503132e-17,0.0,-1.000088900581841e-12,0.2,0.2,Train010,10.0
98,1,1,6.944444444444444e-05,0.0,8.491295795086797,0.0,-8.49064151103885,0.10540877896380661,8.491295795086797,-7.982159408635585,0.0,0.0,-1.000088900581841e-12,0,0,1.0,6.944444444444444e-05,0.0,9.586456619031377,0.0,-9.58602229381981,0.06666975615402478,9.586456619031377,4.564118083628296,4.4408920985006264e-17,0.0,-1.000088900581841e-12,0.0,0.0,Train010,10.0
98,2,1,6.944444444444444e-05,0.0,4.79314043044831,0.0,-4.744966942169172,0.6778524203098718,4.79314043044831,-8.303860360458444,0.0,0.0,-1.000088900581841e-12,0,0,1.0,6.944444444444444e-05,0.0,6.341052121606444,0.0,-6.277321337063365,0.8967601910090506,6.341052121606444,9.586280860896622,4.4408920985006264e-17,0.0,-1.000088900581841e-12,0.0,0.0,Train010,10.0
98,3,2,0.0001388888888888889,0.0,7.808410691692412,0.07357386210503991,7.80473877473711,0.07719491642011711,7.805120524181932,-7.753015797065408,0.000421399415767576,64.49948333521205,0.6931471805579453,0,0,2.0,0.0001388888888888889,0.0,9.189605501111433,0.08969498292970526,9.184846623628498,0.09506701349713746,9.185339806204786,-2.2965195715914306,0.00046062242845261724,64.5000337986271,0.6931471805579453,0.0,0.0,Train010,10.0
98,4,1,6.944444444444444e-05,0.0,6.648605914540483,0.0,6.648146066824969,0.07819514705138986,6.648605914540483,-6.459587753257967,0.0,0.0,-1.000088900581841e-12,0,0,1.0,6.944444444444444e-05,0.0,7.696024585752539,0.0,7.695422767069294,0.09603642396095782,7.696024585752539,0.28592615598903315,0.0,0.0,-1.000088900581841e-12,0.0,0.0,Train010,10.0
98,5,2,0.0001388888888888889,0.0,9.564077679919317,0.26568876884907056,-9.549561865123845,-0.48190289764664107,9.561713351622075,-9.585006289139013,0.000247400179384627,11.459314085191446,0.6931471805579453,0,0,2.0,0.0001388888888888889,0.0,11.046137588663173,0.3353153624801056,-11.02920981477092,-0.5669060879135502,11.04377773354269,2.61875378810715,0.00021570185635837457,11.542111501611672,0.6931471805579453,0.0,0.0,Train010,10.0
99,0,1,6.944444444444444e-05,0.0,10.522840074771226,0.0,-10.5056127114409,-0.6018843713062136,10.522840074771226,11.239851172235387,0.0,0.0,-1.000088900581841e-12,0,0,1.0,6.944444444444444e-05,0.0,10.743718052835012,0.0,-10.660461904057149,1.051045042966821,10.743718052835012,-4.11462683207055,2.2204460492503132e-17,0.0,-1.000088900581841e-12,0.0,0.0,Train010,10.0
99,1,1,6.944444444444444e-05,0.0,8.89217808638289,0.0,-8.89164065961005,0.09776246885913834,8.89217808638289,4.008822912960923,0.0,0.0,-1.000088900581841e-12,0,0,1.0,6.944444444444444e-05,0.0,9.416616014578176,0.0,-9.416100595991939,0.09636310971335585,9.416616014578176,-1.6984060445320204,2.2204460492503132e-17,0.0,-1.000088900581841e-12,0.0,0.0,Train010,10.0
99,2,0,0.0,-1.0,0.0,0.0,0.0,0.0,0.0,0.0,0.0,0.0,0.0,0,1,0.8,5.5555555555555545e-05,-0.2,4.904027752531461,0.0,-4.854739790518829,0.6935342557884024,4.904027752531461,-4.783962829853213,2.2204460492503132e-17,0.0,-8.000711204654728e-13,0.0,0.2,Train010,10.0
99,3,2,0.0001388888888888889,0.0,6.013215629189758,6.013215629189758,6.009364433361791,-0.21517739234940653,6.013215629189758,42.91594428792144,0.00016012664561271261,46.118927069497346,0.6931471805579453,1,1,2.0,0.0001388888888888889,0.0,8.355355480582126,1.2711130877246428,8.351075808173638,0.02912863917527342,8.3522103944913,3.831078777296554,0.00038260462222339253,60.82310486574719,0.6931471805579453,0.2,0.2,Train010,10.0
99,4,1,6.944444444444444e-05,0.0,9.863978292576768,0.0,9.861439041674528,-0.22380300213144583,9.863978292576768,32.153723780362846,1.1102230246251565e-16,0.0,-1.000088900581841e-12,0,0,1.0,6.944444444444444e-05,0.0,8.018831389826996,0.0,8.017882421184058,0.028247985560890688,8.018831389826996,3.228068040744567,2.2204460492503132e-17,0.0,-1.000088900581841e-12,0.0,0.0,Train010,10.0
99,5,1,6.944444444444444e-05,-1.0,10.89865239401182,0.0,-10.885163004958294,-0.5420796629526942,10.89865239401182,16.002634829415747,1.1102230246251565e-16,0.0,-1.000088900581841e-12,0,1,1.8,0.000125,-0.2,10.896156342355004,0.22999430082304978,-10.880210132520467,-0.5505842595407422,10.894133684345173,-0.9684349253835471,0.00018669503012034295,9.195905507745334,0.5545177444461562,0.0,0.2,Train010,10.0
100,0,1,6.944444444444444e-05,0.0,10.370527599283898,0.0,-10.297995928365891,-1.224386600248704,10.370527599283898,-1.5231247548732796,0.0,0.0,-1.000088900581841e-12,0,0,1.0,6.944444444444444e-05,0.0,10.388597333479636,0.0,-10.312144572276702,0.4851098367799473,10.388597333479636,-3.5512071935537586,2.2204460492503132e-17,0.0,-1.000088900581841e-12,0.0,0.0,Train010,10.0
100,1,1,6.944444444444444e-05,0.0,8.507470441452899,0.0,-8.50700122845588,0.0893499370168334,8.507470441452899,-3.8470764492999088,0.0,0.0,-1.000088900581841e-12,0,0,1.0,6.944444444444444e-05,0.0,9.038644481163846,0.0,-9.038077384688757,0.10099080297203696,9.038644481163846,-3.779715334143293,2.2204460492503132e-17,0.0,-1.000088900581841e-12,0.0,0.0,Train010,10.0
100,2,0,0.0,0.0,0.0,0.0,0.0,0.0,0.0,0.0,0.0,0.0,0.0,0,0,0.6,4.166666666666667e-05,-0.2,3.403176365839127,0.0,-3.3689727202020934,0.4812818171717247,3.403176365839127,-5.422233006026721,2.2204460492503132e-17,0.0,-6.000533403491046e-13,0.0,0.2,Train010,10.0
100,3,2,0.0001388888888888889,0.0,6.4038468905775705,6.4038468905775705,6.398921367997992,-0.25111814776857955,6.4038468905775705,3.906312613878127,0.00019230613697529542,47.90940206567679,0.6931471805579453,0,0,2.0,0.0001388888888888889,0.0,7.633980237873649,2.5322701163980716,7.629759347023248,-0.041901683503235546,7.63177087069384,4.959826555504813,0.00032758521710471997,57.505071628299234,0.6931471805579453,0.2,0.2,Train010,10.0
100,4,1,6.944444444444444e-05,0.0,10.400389990842147,0.0,10.395605910558787,-0.31541990102829554,10.400389990842147,5.3641169826537904,0.0,0.0,-1.000088900581841e-12,0,0,1.0,6.944444444444444e-05,0.0,8.42504848017351,0.0,8.423274597293894,-0.05584916199827822,8.42504848017351,4.062170903465134,2.2204460492503132e-17,0.0,-1.000088900581841e-12,0.0,0.0,Train010,10.0
100,5,1,6.944444444444444e-05,0.0,10.773306914800564,0.0,-10.756238192819144,-0.6062027877108427,10.773306914800564,-1.2534547921125672,0.0,0.0,-1.000088900581841e-12,0,0,1.6,0.00011111111111111112,-0.2,10.63969220496673,0.1635135731423091,-10.624015432024487,-0.5480605493368906,10.638173527148377,-2.0332638361846262,0.00014485866235125489,6.8844448978893045,0.4158883083343672,0.0,0.2,Train010,10.0
101,0,1,6.944444444444444e-05,0.0,9.71306172665184,0.0,-9.616297266061212,-1.367623850513181,9.71306172665184,-6.574658726320575,1.1102230246251565e-16,0.0,-1.000088900581841e-12,0,0,1.0,6.944444444444444e-05,0.0,10.070236657165026,0.0,-9.995375475266588,-0.0954509227362069,10.070236657165026,-3.1836067631460994,2.2204460492503132e-17,0.0,-1.000088900581841e-12,0.0,0.0,Train010,10.0
101,1,1,6.944444444444444e-05,0.0,7.872802768766736,0.0,-7.872384349171577,0.08116707965413719,7.872802768766736,-6.346676726861631,0.0,0.0,-1.000088900581841e-12,0,0,1.0,6.944444444444444e-05,0.0,8.610651765527935,0.0,-8.610106703533912,0.09664747768567157,8.610651765527935,-4.279927156359107,0.0,0.0,-1.000088900581841e-12,0.0,0.0,Train010,10.0
101,2,0,0.0,0.0,0.0,0.0,0.0,0.0,0.0,0.0,0.0,0.0,0.0,0,0,0.4,2.777777777777778e-05,-0.2,2.0833333793884927,0.0,-2.062394824053046,0.29462783200757486,2.0833333793884927,-3.612149003609723,0.0,0.0,-4.000355602327364e-13,0.0,0.2,Train010,10.0
101,3,2,0.0001388888888888889,0.0,6.162179058001723,6.162179058001723,6.157154423212527,-0.24879741073697448,6.162179058001723,-2.416678325758479,0.0002038705375813077,48.559218916447804,0.6931471805579453,0,0,2.0,0.0001388888888888889,0.0,6.994272908172083,3.746809005900951,6.989961773394842,-0.11051464257653784,6.992883247760451,5.77650568557393,0.0002807825060663793,54.31718300436141,0.6931471805579453,0.2,0.2,Train010,10.0
101,4,1,6.944444444444444e-05,0.0,9.973997752186392,0.0,9.968582247132966,-0.32863223025849697,9.973997752186392,-4.263922386557546,1.1102230246251565e-16,0.0,-1.000088900581841e-12,0,0,1.0,6.944444444444444e-05,0.0,8.836307328002414,0.0,8.83356524905253,-0.1406517737289629,8.836307328002414,4.112588478289046,4.4408920985006264e-17,0.0,-1.000088900581841e-12,0.0,0.0,Train010,10.0
101,5,1,6.944444444444444e-05,0.0,10.07125463416443,0.0,-10.053895569090084,-0.5910615805559175,10.07125463416443,-7.020522806361349,0.0,0.0,-1.000088900581841e-12,0,0,1.4,9.722222222222222e-05,-0.2,10.36597398634587,0.10717460321106813,-10.350296603023958,-0.5503910535876806,10.364989330297487,-2.205804648510445,9.814948316295702e-05,4.58573081304694,0.27725887222257806,0.0,0.2,Train010,10.0
102,0,1,6.944444444444444e-05,0.0,8.91189921282887,0.0,-8.811135430224128,-1.336353250405329,8.91189921282887,-8.011625138229714,0.0,0.0,-1.000088900581841e-12,0,0,1.0,6.944444444444444e-05,0.0,9.783436714216704,0.0,-9.70801601713669,-0.6467989966264821,9.783436714216704,-2.8679994294832207,2.2204460492503132e-17,0.0,-1.000088900581841e-12,0.0,0.0,Train010,10.0
102,1,1,6.944444444444444e-05,0.0,7.18877984406405,0.0,-7.1884036222980825,0.07354596762134415,7.18877984406405,-6.840229247026857,0.0,0.0,-1.000088900581841e-12,0,0,1.0,6.944444444444444e-05,0.0,8.190505387150676,0.0,-8.190014274114889,0.08944684642305192,8.190505387150676,-4.201463783772612,0.0,0.0,-1.000088900581841e-12,0.0,0.0,Train010,10.0
102,2,0,0.0,0.0,0.0,0.0,0.0,0.0,0.0,0.0,0.0,0.0,0.0,0,0,0.2,1.388888888888889e-05,-0.2,0.958628086089662,0.0,-0.9489933884338344,0.13557048406197436,0.958628086089662,-1.6607720720916888,0.0,0.0,-2.000177801163682e-13,0.0,0.2,Train010,10.0
102,3,2,0.0001388888888888889,0.0,5.715309712676355,5.715309712676355,5.710544594412194,-0.233335696031162,5.715309712676355,-4.468693453253678,0.0002084582997133877,48.770279995616335,0.6931471805579453,0,0,2.0,0.0001388888888888889,0.0,6.420592396427564,4.873625030510089,6.416144718744323,-0.17424674609320107,6.419934362925467,6.436773865144401,0.00023723220713005587,51.17146227649006,0.6931471805579453,0.2,0.2,Train010,10.0
102,4,1,6.944444444444444e-05,0.0,9.238489885760066,0.0,9.233157021693696,-0.31385790103077327,9.238489885760066,-7.355078664263264,1.1102230246251565e-16,0.0,-1.000088900581841e-12,0,0,1.0,6.944444444444444e-05,0.0,9.225092367181173,0.0,9.22138605757699,-0.22070357747952435,9.225092367181173,3.887850391787571,6.661338147750939e-17,0.0,-1.000088900581841e-12,0.0,0.0,Train010,10.0
102,5,1,6.944444444444444e-05,0.0,9.218274842126904,0.0,-9.201855838998405,-0.5499456184758338,9.218274842126904,-8.529797920375248,0.0,0.0,-1.000088900581841e-12,0,0,1.2,8.333333333333333e-05,-0.2,10.105113293004607,0.05313775376981411,-10.089342894197953,-0.5542385094683858,10.104640427345158,-2.077229395714487,4.9480035876947606e-05,2.291862817038289,0.13862943611078898,0.0,0.2,Train010,10.0
103,0,1,6.944444444444444e-05,0.0,8.107560814038735,0.0,-8.011164002363289,-1.2465126074673474,8.107560814038735,-8.043383987901347,0.0,0.0,-1.000088900581841e-12,0,0,1.0,6.944444444444444e-05,0.0,9.525177885514914,0.0,-9.448441067691084,-1.1553521359881551,9.525177885514914,-2.5825882870179067,2.2204460492503132e-17,0.0,-1.000088900581841e-12,0.0,0.0,Train010,10.0
103,1,1,6.944444444444444e-05,0.0,6.527924345096663,0.0,-6.527584917667867,0.06656874597497542,6.527924345096663,-6.608554989673872,0.0,0.0,-1.000088900581841e-12,0,0,1.0,6.944444444444444e-05,0.0,7.797831097152648,0.0,-7.797402955440691,0.08167883982528569,7.797831097152648,-3.926742899980268,0.0,0.0,-1.000088900581841e-12,0.0,0.0,Train010,10.0
103,2,0,0.0,0.0,0.0,0.0,0.0,0.0,0.0,0.0,0.0,0.0,0.0,0,0,0.0,0.0,-0.2,0.0,0.0,0.0,0.0,0.0,0.0,0.0,0.0,0.0,0.0,0.2,Train010,10.0
103,3,2,0.0001388888888888889,0.0,5.2235531066352285,5.2235531066352285,5.219158446811571,-0.21422456655103675,5.2235531066352285,-4.9175660604112625,0.0002103511725388696,48.81606020031864,0.6931471805579453,0,0,2.0,0.0001388888888888889,0.0,5.903620879416127,5.903620879416127,5.899028653159215,-0.23253064268743184,5.903620879416127,7.003863812475231,0.0001950225584843146,48.03477764951138,0.6931471805579453,0.2,0.2,Train010,10.0
103,4,1,6.944444444444444e-05,0.0,8.439024408969074,0.0,8.434031814467973,-0.29024184349933596,8.439024408969074,-7.994654767909921,0.0,0.0,-1.000088900581841e-12,0,0,1.0,6.944444444444444e-05,0.0,9.583176066066889,0.0,9.57856320710559,-0.29439097558966953,9.583176066066889,3.5808369888571803,6.661338147750939e-17,0.0,-1.000088900581841e-12,0.0,0.0,Train010,10.0
103,5,1,6.944444444444444e-05,0.0,8.367888002881177,0.0,-8.352782147210313,-0.5025734075808254,8.367888002881177,-8.503868392457274,1.1102230246251565e-16,0.0,-1.000088900581841e-12,0,0,1.0,6.944444444444444e-05,-0.2,9.86587535759698,0.0,-9.849986950615248,-0.5583726114552227,9.86587535759698,-1.8610018163781394,4.4408920985006264e-17,0.0,-1.000088900581841e-12,0.0,0.2,Train010,10.0
104,0,1,6.944444444444444e-05,0.0,11.691614269288346,0.0,-11.691546249464245,0.039881304710125964,11.691614269288346,35.84053455249611,0.0,0.0,-1.000088900581841e-12,0,0,1.0,6.944444444444444e-05,0.0,9.758932724418337,0.0,-9.685627775295753,-1.0269990007848873,9.758932724418337,2.337548389034238,2.2204460492503132e-17,0.0,-1.000088900581841e-12,0.0,0.0,Train010,10.0
104,1,0,0.0,-1.0,0.0,0.0,0.0,0.0,0.0,0.0,0.0,0.0,0.0,0,1,0.8,5.5555555555555545e-05,-0.2,6.019395479876069,0.0,-6.0190748235186815,0.062126346053458015,6.019395479876069,-4.728507482572453,0.0,0.0,-8.000711204654728e-13,0.0,0.2,Train010,10.0
104,2,2,0.0001388888888888889,2.0,11.908128379225017,1.0395451473602577,-11.883708193012295,-0.3811601038314345,11.889819319124253,0.0,0.0015493425579675701,28.906306659810646,0.6931471805579453,2,0,0.4,2.777777777777778e-05,0.4,2.3816256758450036,0.20790902947205153,-2.376741638602459,-0.0762320207662869,2.3779638638248506,0.0,0.000309868511593514,5.7812613319621295,0.13862943611158907,0.4,0.0,Train010,10.0
104,3,3,0.00020833333333333335,1.0,11.868709711732999,1.501955980093126,11.850892656203149,-0.3292679657532323,11.855466002739876,56.55379168255982,0.001231400038123831,35.97595564990655,1.0986122886651097,1,0,2.2,0.00015277777777777777,0.2,7.074719695924775,5.001368949596801,7.067334297727487,-0.255348757368197,7.07207095412615,9.731433291402906,0.0004092772369865383,46.00618336559322,0.7742402021793782,0.2,0.0,Train010,10.0
104,4,1,6.944444444444444e-05,0.0,9.710035539987128,0.0,9.427141173254588,-2.3267572901661273,9.710035539987128,12.710111310180547,0.0,0.0,-1.000088900581841e-12,0,0,1.0,6.944444444444444e-05,0.0,9.552387515548961,0.0,9.491703633421603,-0.7149818331966058,9.552387515548961,-0.3078855051792793,4.4408920985006264e-17,0.0,-1.000088900581841e-12,0.0,0.0,Train010,10.0
104,5,2,0.0001388888888888889,1.0,5.608375294711384,5.608375294711384,-5.5833943070594785,-0.5287546295067413,5.608375294711384,28.48862586541591,0.9528076862231515,25.983805345546045,0.6931471805579453,1,0,1.2,8.333333333333334e-05,0.2,8.807819937736891,1.1216750589422768,-8.789633211035484,-0.5557076047660321,8.807819937736891,0.6361963908218933,0.19056153724463032,5.196761069109209,0.13862943611078898,0.2,0.0,Train010,10.0
105,0,1,6.944444444444444e-05,0.0,12.286812083039122,0.0,-12.277292654466532,0.4835661697206117,12.286812083039122,5.9519781375077585,0.0,0.0,-1.000088900581841e-12,0,0,1.0,6.944444444444444e-05,0.0,10.142189621169383,0.0,-10.081487120515883,-0.685408446791024,10.142189621169383,3.8325689675104457,2.2204460492503132e-17,0.0,-1.000088900581841e-12,0.0,0.0,Train010,10.0
105,1,0,0.0,0.0,0.0,0.0,0.0,0.0,0.0,0.0,0.0,0.0,0.0,0,0,0.6,4.166666666666667e-05,-0.2,4.317901391585489,0.0,-4.317674577827505,0.044256358650091344,4.317901391585489,-3.959092192712471,0.0,0.0,-6.000533403491046e-13,0.0,0.2,Train010,10.0
105,2,2,0.0001388888888888889,0.0,11.439494853030332,0.9746329249189483,-11.416155476722256,-0.38179369882546127,11.422537909639802,-4.686335261946848,0.0014931624531983045,28.877044566901215,0.6931471805579453,0,0,0.8,5.555555555555556e-05,0.4,4.6695246464510705,0.4028356144558412,-4.65997273394691,-0.15259076053137915,4.662471445752812,-0.9372670523893696,0.0006085010022331749,11.55667024534237,0.27725887222317813,0.4,0.0,Train010,10.0
105,3,3,0.00020833333333333335,0.0,11.790758891004634,1.1987737886848457,11.770226653271715,-0.2826641968307669,11.773620280846409,-0.7795082072836775,0.0015676883817472564,36.09611791610021,1.0986122886651097,0,0,2.4,0.0001666666666666667,0.2,8.152102096010188,3.960354329218255,8.14159535478223,-0.2616579671806345,8.146025632179917,8.794269127170546,0.0006843536859409305,43.64352653567791,0.855333223800811,0.2,0.0,Train010,10.0
105,4,1,6.944444444444444e-05,0.0,9.660840694728346,0.0,9.21643308483073,-2.8964122844921114,9.660840694728346,-0.4919484525878204,0.0,0.0,-1.000088900581841e-12,0,0,1.0,6.944444444444444e-05,0.0,9.404477656326202,0.0,9.25586906827599,-1.231180309889369,9.404477656326202,-1.4790985922276014,4.4408920985006264e-17,0.0,-1.000088900581841e-12,0.0,0.0,Train010,10.0
105,5,2,0.0001388888888888889,0.0,5.764727829044471,5.764727829044471,-5.734169204602432,-0.5927819801148494,5.764727829044471,1.5635253433308716,0.9485171596966401,27.40427458677482,0.6931471805579453,0,0,1.4,9.722222222222222e-05,0.2,7.8061041205856725,2.274620624751171,-7.785219413392143,-0.5530234432468335,7.806104120585674,1.199592417910581,0.38026496918395836,10.677615986464172,0.27725887222257806,0.2,0.0,Train010,10.0
106,0,1,6.944444444444444e-05,0.0,11.771528819415009,0.0,-11.755770719210652,0.608888777748115,11.771528819415009,-5.152832636241129,0.0,0.0,-1.000088900581841e-12,0,0,1.0,6.944444444444444e-05,0.0,10.553883039722017,0.0,-10.509381811145769,-0.2901059211387647,10.553883039722017,4.116934185526334,0.0,0.0,-1.000088900581841e-12,0.0,0.0,Train010,10.0
106,1,0,0.0,0.0,0.0,0.0,0.0,0.0,0.0,0.0,0.0,0.0,0.0,0,0,0.4,2.777777777777778e-05,-0.2,2.743340837832142,0.0,-2.7431977079931897,0.0280229427192639,2.743340837832142,-2.6897568473401448,0.0,0.0,-4.000355602327364e-13,0.0,0.2,Train010,10.0
106,2,2,0.0001388888888888889,0.0,10.596381259652922,0.9274679722472596,-10.574736504603122,-0.3604434143665923,10.580877638303265,-8.431135933774092,0.0014744089281198969,28.87236688551087,0.6931471805579453,0,0,1.2,8.333333333333333e-05,0.4,6.788800898381655,0.5883292089052932,-6.7749200348675345,-0.22467944340469762,6.778646973413464,-2.623494239144188,0.0009033827878571543,17.331143622444547,0.4158883083347672,0.4,0.0,Train010,10.0
106,3,3,0.00020833333333333335,0.0,10.806035848570886,1.3119790429210407,10.786793398700418,-0.22269148370862044,10.789091867398444,-9.847230424337466,0.001719198187998927,36.125495713043044,1.0986122886651097,0,0,2.6,0.00018055555555555555,0.2,9.08087345412402,2.9903143262021192,9.06752314987981,-0.25643678177496365,9.071408194059263,7.308158707454749,0.0009874192160244544,41.15678189499696,0.9364262454222441,0.2,0.0,Train010,10.0
106,4,1,6.944444444444444e-05,0.0,9.083681999771272,0.0,8.600382964134612,-2.9234725145264755,9.083681999771272,-5.7715869495707395,0.0,0.0,-1.000088900581841e-12,0,0,1.0,6.944444444444444e-05,0.0,9.226414505843177,0.0,8.98222921167632,-1.7501483667429647,9.226414505843177,-1.7806315048302401,2.2204460492503132e-17,0.0,-1.000088900581841e-12,0.0,0.0,Train010,10.0
106,5,2,0.0001388888888888889,0.0,5.474458203746848,5.474458203746848,-5.443702163483363,-0.5794819926949593,5.474458203746848,-2.902696252976229,0.9469995398247844,27.90763819161543,0.6931471805579453,0,0,1.6,0.00011111111111111112,0.2,6.886744834502157,3.3695122655005405,-6.8631807322707985,-0.5507075256746419,6.886744834502156,2.023157728587605,0.5696648771489152,16.25914362478726,0.4158883083343672,0.2,0.0,Train010,10.0
107,0,1,6.944444444444444e-05,0.0,10.898713758733045,0.0,-10.881267284738529,0.6164283193332333,10.898713758733045,-8.728150606819636,0.0,0.0,-1.000088900581841e-12,0,0,1.0,6.944444444444444e-05,0.0,10.951245948902852,0.0,-10.92340818204865,0.10045039280894771,10.951245948902852,3.9736290918083506,0.0,0.0,-1.000088900581841e-12,0.0,0.0,Train010,10.0
107,1,0,0.0,0.0,0.0,0.0,0.0,0.0,0.0,0.0,0.0,0.0,0.0,0,0,0.2,1.388888888888889e-05,-0.2,1.3055848690193326,0.0,-1.3055169835335734,0.013313749194995072,1.3055848690193326,-1.3217109979347736,0.0,0.0,-2.000177801163682e-13,0.0,0.2,Train010,10.0
107,2,2,0.0001388888888888889,0.0,9.65771894763186,0.8762851757285803,-9.637945022379299,-0.3321974723432294,9.643668358826798,-9.38662312021064,0.0014669415130680319,28.86901517724659,0.6931471805579453,0,0,1.6,0.00011111111111111112,0.4,8.720344687908026,0.7635862440510092,-8.702509039343393,-0.29111893787334353,8.707380645178825,-4.500818863186316,0.0011967710904707608,23.104946657893866,0.5545177444463563,0.4,0.0,Train010,10.0
107,3,3,0.00020833333333333335,0.0,9.698140442188869,1.4301718811665707,9.681073087178833,-0.17590098938610188,9.682670978473103,-11.07895406382017,0.001784370018027448,36.131106021237436,1.0986122886651097,0,0,2.8,0.00019444444444444443,0.2,9.877439600026523,2.1332867599001624,9.861628848433137,-0.24494984044595167,9.864880447218614,5.98610658534145,0.0013026015596872664,38.628947100121174,1.0175192670436768,0.2,0.0,Train010,10.0
107,4,1,6.944444444444444e-05,0.0,8.349546514483778,0.0,7.879959860340529,-2.7606447792047217,8.349546514483778,-7.3413548528749395,0.0,0.0,-1.000088900581841e-12,0,0,1.0,6.944444444444444e-05,0.0,9.04862583158792,0.0,8.711589779405687,-2.2395057423777542,9.04862583158792,-1.7778867425525753,0.0,0.0,-1.000088900581841e-12,0.0,0.0,Train010,10.0
107,5,2,0.0001388888888888889,0.0,5.047953521517577,5.047953521517577,-5.01894898425856,-0.5403571493111546,5.047953521517577,-4.2650468222927085,0.946400554238975,28.06230840004049,0.6931471805579453,0,0,1.8,0.000125,0.2,6.052680570380292,4.379102969804056,-6.026599361322829,-0.548789831841706,6.052680570380291,2.8761079482041128,0.7589449879967102,21.87160530479536,0.5545177444461562,0.2,0.0,Train010,10.0
108,0,1,6.944444444444444e-05,0.0,9.953163182921344,0.0,-9.936092682473026,0.5826830623648912,9.953163182921344,-9.455505758117013,0.0,0.0,-1.000088900581841e-12,0,0,1.0,6.944444444444444e-05,0.0,11.320366422679374,0.0,-11.308393918070596,0.4662895267753955,11.320366422679374,3.6912047377652173,0.0,0.0,-1.000088900581841e-12,0.0,0.0,Train010,10.0
108,1,0,0.0,0.0,0.0,0.0,0.0,0.0,0.0,0.0,0.0,0.0,0.0,0,0,0.0,0.0,-0.2,0.0,0.0,0.0,0.0,0.0,0.0,0.0,0.0,0.0,0.0,0.2,Train010,10.0
108,2,2,0.0001388888888888889,0.0,8.743849887461298,0.8206020503146241,-8.725904149933864,-0.30299027569298415,8.73116294321653,-9.138690601705605,0.0014638588353155235,28.864997219563662,0.6931471805579453,0,0,2.0,0.0001388888888888889,0.4,10.469114665400287,0.927706654113934,-10.447689869330167,-0.3517169930119403,10.453613233822129,-6.328556983527437,0.0014895428575338655,28.877946101806593,0.6931471805579453,0.4,0.0,Train010,10.0
108,3,3,0.00020833333333333335,0.0,8.664560477789058,1.4835937194745399,8.649623564482331,-0.14170979481716436,8.650784327053538,-10.335799643998111,0.0018121414772487299,36.13239870694061,1.0986122886651097,0,0,3.0,0.00020833333333333335,0.2,10.56564107425729,1.3852948824680245,10.547721871967289,-0.2304468860991772,10.550326691302274,4.90245986862408,0.0016229596206292385,36.09221480144557,1.0986122886651097,0.2,0.0,Train010,10.0
108,4,1,6.944444444444444e-05,0.0,7.603114391381675,0.0,7.165756008484293,-2.541513186136633,7.603114391381675,-7.464321231021032,0.0,0.0,-1.000088900581841e-12,0,0,1.0,6.944444444444444e-05,0.0,8.881443828070442,0.0,8.45793461820895,-2.6897600109052133,8.881443828070442,-1.6718200351747974,0.0,0.0,-1.000088900581841e-12,0.0,0.0,Train010,10.0
108,5,2,0.0001388888888888889,0.0,4.600278741506839,4.600278741506839,-4.573602730280167,-0.4946944159110268,4.600278741506839,-4.476747800107379,0.9461540090047659,28.086859977975717,0.6931471805579453,0,0,2.0,0.0001388888888888889,0.2,5.299158718105423,5.299158718105424,-5.2707634779368,-0.5472140335077463,5.299158718105424,3.6815320666740923,0.9481757897976634,27.488977300390502,0.6931471805579453,0.2,0.0,Train010,10.0
109,0,1,6.944444444444444e-05,0.0,11.982875305857418,0.0,-11.97085396822782,0.5366151946150624,11.982875305857418,20.297121229360737,0.0,0.0,-1.000088900581841e-12,0,0,1.0,6.944444444444444e-05,0.0,11.378618629993188,0.0,-11.364255461823312,0.5656363047563826,11.378618629993188,0.5825220731381429,0.0,0.0,-1.000088900581841e-12,0.0,0.0,Train010,10.0
109,1,1,6.944444444444444e-05,1.0,10.38970266478768,0.0,-10.38531202490232,-0.3020192181228277,10.38970266478768,0.0,0.0,0.0,-1.000088900581841e-12,1,0,0.2,1.388888888888889e-05,0.2,2.0779405329575362,0.0,-2.077062404980464,-0.06040384362456556,2.0779405329575362,0.0,0.0,0.0,-2.000177801163682e-13,0.2,0.0,Train010,10.0
109,2,2,0.0001388888888888889,0.0,10.785111755115263,1.4472974141037582,-10.757397132420362,-0.2668350055099116,10.7607060170219,20.412618676539648,0.0023044558570307627,30.18407219753088,0.6931471805579453,0,0,2.0,0.0001388888888888889,0.0,10.244511340578335,1.0092571074626342,-10.22242765721178,-0.3288519733476357,10.22779057340166,-2.246033248219507,0.0016405655173465038,29.133499209350646,0.6931471805579453,0.0,0.0,Train010,10.0
109,3,3,0.00020833333333333335,0.0,11.167731517510285,0.22566771656560256,11.110062814526373,-0.5675490873210347,11.124549775574767,25.03171039721226,0.0038477004280053073,37.50440925164428,1.0986122886651097,0,0,3.0,0.00020833333333333335,0.0,10.425445435412746,1.1300372297625199,10.399555903631933,-0.27810311041273766,10.404143445869252,-1.4019563884454307,0.0021462196986055337,36.39790552179312,1.0986122886651097,0.0,0.0,Train010,10.0
109,4,1,6.944444444444444e-05,0.0,7.3795272465576724,0.0,7.379415554709333,0.040601152705389554,7.3795272465576724,-2.2358714482400277,1.1102230246251565e-16,0.0,-1.000088900581841e-12,0,0,1.0,6.944444444444444e-05,0.0,8.415342169384548,0.0,8.048389494499899,-2.2162883223309104,8.415342169384548,-4.661016586858912,2.2204460492503132e-17,0.0,-1.000088900581841e-12,0.0,0.0,Train010,10.0
109,5,2,0.0001388888888888889,0.0,9.686341602720606,2.5012197573456905,-9.633631622318225,-0.9575906980954365,9.681107280657962,50.860628612137674,0.0005789987914659456,29.744454108998042,0.6931471805579453,0,0,2.0,0.0001388888888888889,0.0,6.114751979707268,4.677727610632285,-6.08081094098855,-0.6329812472254852,6.1137051152947395,8.155932616018443,0.7577300523113262,28.241107053080903,0.6931471805579453,0.0,0.0,Train010,10.0
110,0,1,6.944444444444444e-05,0.0,11.980928441545522,0.0,-11.97094527446165,0.488994434813623,11.980928441545522,-0.01946864311895169,0.0,0.0,-1.000088900581841e-12,0,0,1.0,6.944444444444444e-05,0.0,11.317441901694469,0.0,-11.302985985822335,0.566721957774985,11.317441901694469,-0.6117672829871992,0.0,0.0,-1.000088900581841e-12,0.0,0.0,Train010,10.0
110,1,1,6.944444444444444e-05,0.0,10.052111423421708,0.0,-10.047367318183928,-0.30879449861470903,10.052111423421708,-3.375912413659723,0.0,0.0,-1.000088900581841e-12,0,0,0.4,2.777777777777778e-05,0.2,4.088362817641878,0.0,-4.08653586861725,-0.12216274334750736,4.088362817641878,-0.6751824827319439,0.0,0.0,-4.000355602327364e-13,0.2,0.0,Train010,10.0
110,2,2,0.0001388888888888889,0.0,10.837355046395796,1.5944722620137144,-10.807271207097962,-0.23993860842478043,10.809934388310664,0.5224329128053196,0.0025862526497121285,30.69268915637432,0.6931471805579453,0,0,2.0,0.0001388888888888889,0.0,10.124083379251427,1.1332249748815872,-10.100650803286921,-0.3004809552674995,10.10526986913583,-1.2042796132690736,0.0018591835566492687,29.496628127245266,0.6931471805579453,0.0,0.0,Train010,10.0
110,3,3,0.00020833333333333335,0.0,11.21862437403935,0.446373035926807,11.150681206177126,-0.6475545579957779,11.16946812822226,0.5089285652906561,0.004272281513404308,38.02000631750273,1.0986122886651097,0,0,3.0,0.00020833333333333335,0.0,10.311018532019691,0.9795570792109121,10.275646814213015,-0.3510811826457399,10.283313015344422,-1.1442690339305641,0.002687138324936944,36.78268320207362,1.0986122886651097,0.0,0.0,Train010,10.0
110,4,1,6.944444444444444e-05,0.0,7.080754470470709,0.0,7.018848089579473,0.9342672885729866,7.080754470470709,-2.9877277608696318,0.0,0.0,-1.000088900581841e-12,0,0,1.0,6.944444444444444e-05,0.0,7.899324924533022,0.0,7.608872495449648,-1.450152407717891,7.899324924533022,-5.160172448515274,2.2204460492503132e-17,0.0,-1.000088900581841e-12,0.0,0.0,Train010,10.0
110,5,2,0.0001388888888888889,0.0,10.002978627127169,2.498721693665498,-9.951988053233299,-0.9378699873560009,9.996082548922924,3.166370244065617,0.0007353002431218503,30.46738824916617,0.6931471805579453,0,0,2.0,0.0001388888888888889,0.0,6.9624021393238085,4.02452638355649,-6.924374710714723,-0.7019988486737156,6.95997605927043,8.476501596165393,0.5681736804206226,28.85372978555917,0.6931471805579453,0.0,0.0,Train010,10.0
111,0,1,6.944444444444444e-05,0.0,11.274011424137207,0.0,-11.265279025322352,0.44364633798614994,11.274011424137207,-7.069170174083155,0.0,0.0,-1.000088900581841e-12,0,0,1.0,6.944444444444444e-05,0.0,11.217938422638905,0.0,-11.204887647044675,0.533673469822592,11.217938422638905,-0.9950347905556043,0.0,0.0,-1.000088900581841e-12,0.0,0.0,Train010,10.0
111,1,1,6.944444444444444e-05,0.0,9.362631056857621,0.0,-9.358041007664257,-0.2931361555813195,9.362631056857621,-6.894803665640872,0.0,0.0,-1.000088900581841e-12,0,0,0.6,4.1666666666666665e-05,0.2,5.960889029013402,0.0,-5.958144070150101,-0.18078997446377126,5.960889029013402,-2.054143215860118,0.0,0.0,-6.000533403491046e-13,0.2,0.0,Train010,10.0
111,2,2,0.0001388888888888889,0.0,10.203538293437429,1.560814814996701,-10.174371544755154,-0.21716849689092527,10.176688974650116,-6.3381675295836715,0.0026945058318473825,30.880477411827904,0.6931471805579453,0,0,2.0,0.0001388888888888889,0.0,10.04551478600833,1.2598943434314755,-10.020577811317327,-0.27182597177236617,10.024432136405201,-0.7856859324309895,0.0021032029373947657,29.898250232508673,0.6931471805579453,0.0,0.0,Train010,10.0
111,3,3,0.00020833333333333335,0.0,10.492881685641281,0.4158234789376345,10.426902054399216,-0.6206639989959486,10.4453583113115,-7.2574268839806955,0.00441135694050887,38.207423833889834,1.0986122886651097,0,0,3.0,0.00020833333333333335,0.0,10.248387699433769,0.8003259664142309,10.203668545352775,-0.4306756857032055,10.214566304127032,-0.6263083258592099,0.0032255700754389325,37.19906882624298,1.0986122886651097,0.0,0.0,Train010,10.0
111,4,1,6.944444444444444e-05,0.0,6.588490555824094,0.0,6.480250171481973,1.1893550854102104,6.588490555824094,-4.922639146466157,0.0,0.0,-1.000088900581841e-12,0,0,1.0,6.944444444444444e-05,0.0,7.400286635743586,0.0,7.18484593691912,-0.6275868877305536,7.400286635743586,-4.990382887894358,2.2204460492503132e-17,0.0,-1.000088900581841e-12,0.0,0.0,Train010,10.0
111,5,2,0.0001388888888888889,0.0,9.23485935428248,2.635644422029309,-9.190247489338,-0.8351128689078654,9.228112614131827,-7.681192728446882,0.0007953841354286784,30.76049077519558,0.6931471805579453,0,0,2.0,0.0001388888888888889,0.0,7.714482369430934,3.4567636272129834,-7.6736837758856495,-0.7531250239162969,7.710706941347427,7.520802301071264,0.3789328492827514,29.424300302275203,0.6931471805579453,0.0,0.0,Train010,10.0
112,0,1,6.944444444444444e-05,0.0,10.364223599057674,0.0,-10.356433630399767,0.4017627040787788,10.364223599057674,-9.097878250795333,1.1102230246251565e-16,0.0,-1.000088900581841e-12,0,0,1.0,6.944444444444444e-05,0.0,11.111040390703831,0.0,-11.099920916176924,0.49074034677170103,11.111040390703831,-1.0689803193507437,2.2204460492503132e-17,0.0,-1.000088900581841e-12,0.0,0.0,Train010,10.0
112,1,1,6.944444444444444e-05,0.0,8.57094053873534,0.0,-8.566673399928568,-0.270422960366058,8.57094053873534,-7.91690518122282,0.0,0.0,-1.000088900581841e-12,0,0,0.8,5.555555555555556e-05,0.2,7.6750771367604695,0.0,-7.671478750135814,-0.23487456653698285,7.6750771367604695,-3.637524252104682,0.0,0.0,-8.000711204654728e-13,0.2,0.0,Train010,10.0
112,2,2,0.0001388888888888889,0.0,9.37335702582731,1.4633566918050107,-9.346240881134195,-0.1968921472568178,9.348314560702132,-8.301812676101177,0.002738499509394976,30.944315185944163,0.6931471805579453,0,0,2.0,0.0001388888888888889,0.0,9.98864240164742,1.3773086466467617,-9.962236983068307,-0.2447649067550839,9.965361376780269,-0.5687238436090969,0.0023575145366601545,30.313310234248185,0.6931471805579453,0.0,0.0,Train010,10.0
112,3,3,0.00020833333333333335,0.0,9.57312534520448,0.3204371166088966,9.512636481802806,-0.5651995886692145,9.529412542751915,-9.197563404368019,0.00446398576831486,38.27112474799163,1.0986122886651097,0,0,3.0,0.00020833333333333335,0.0,10.22338468003689,0.5783790135026962,10.16998122427757,-0.508535405559828,10.183914616982797,-0.2500301939687796,0.0037614932254964152,37.627072571593814,1.0986122886651097,0.0,0.0,Train010,10.0
112,4,1,6.944444444444444e-05,0.0,6.03372363883552,0.0,5.9115994243356305,1.2078133945428757,6.03372363883552,-5.547669169885738,0.0,0.0,-1.000088900581841e-12,0,0,1.0,6.944444444444444e-05,0.0,6.937122060613935,0.0,6.79117384971814,0.16610474701896588,6.937122060613935,-4.631645751296518,2.2204460492503132e-17,0.0,-1.000088900581841e-12,0.0,0.0,Train010,10.0
112,5,2,0.0001388888888888889,0.0,8.286568509331229,2.663042042837074,-8.248157078402679,-0.7308926044061291,8.2804769904384,-9.482908449512522,0.0008198063988777982,30.86938939788246,0.6931471805579453,0,0,2.0,0.0001388888888888889,0.0,8.362205366993665,2.979781331476882,-8.319525394714475,-0.7912321149352918,8.357211635131591,6.4772299756273,0.18981669971473203,29.98571650184359,0.6931471805579453,0.0,0.0,Train010,10.0
113,0,1,6.944444444444444e-05,0.0,9.4377227036851,0.0,-9.430717889642047,0.3635518087407127,9.4377227036851,-9.265008953725733,1.1102230246251565e-16,0.0,-1.000088900581841e-12,0,0,1.0,6.944444444444444e-05,0.0,11.007952294856583,0.0,-10.998845957610728,0.44691409604686533,11.007952294856583,-1.0308809584724876,4.4408920985006264e-17,0.0,-1.000088900581841e-12,0.0,0.0,Train010,10.0
113,1,1,6.944444444444444e-05,0.0,7.787340567669221,0.0,-7.783438549095061,-0.24649030270531996,7.787340567669221,-7.835999710661179,0.0,0.0,-1.000088900581841e-12,0,0,1.0,6.944444444444444e-05,0.2,9.232545250294313,0.0,-9.228166459954826,-0.28417262707804686,9.232545250294313,-5.204724194236919,0.0,0.0,-1.000088900581841e-12,0.2,0.0,Train010,10.0
113,2,2,0.0001388888888888889,0.0,8.526630365328007,1.3476843517992227,-8.501837763458667,-0.1785357322951213,8.503712151988568,-8.467266604993045,0.0027568017590408056,30.961000674502237,0.6931471805579453,0,0,2.0,0.0001388888888888889,0.0,9.945198497220762,1.4827251069436813,-9.917423705773269,-0.21987399807551128,9.919871218534677,-0.43443904426658475,0.0026161031214052112,30.732510925235903,0.6931471805579453,0.0,0.0,Train010,10.0
113,3,3,0.00020833333333333335,0.0,8.65695751593823,0.23211986721882044,8.60253494407358,-0.5064321504795289,8.61742890815157,-9.1616782926625,0.004485039010165615,38.28898329456651,1.0986122886651097,0,0,3.0,0.00020833333333333335,0.0,10.221864087666725,0.3280842430515522,10.16056350019582,-0.5814798766923008,10.177243533202402,-0.015205923701657298,0.004296072732079792,38.058389489118994,1.0986122886651097,0.0,0.0,Train010,10.0
113,4,1,6.944444444444444e-05,0.0,5.4864155153199174,0.0,5.366018140949747,1.1430680284835775,5.4864155153199174,-5.473081235156023,0.0,0.0,-1.000088900581841e-12,0,0,1.0,6.944444444444444e-05,0.0,6.513782285401582,0.0,6.431226276211231,0.903020989943008,6.513782285401582,-4.233397752123516,2.2204460492503132e-17,0.0,-1.000088900581841e-12,0.0,0.0,Train010,10.0
113,5,2,0.0001388888888888889,0.0,7.38816570221595,2.5950252717676396,-7.354974772874252,-0.6402664387125618,7.382790463107993,-8.984028071152785,0.0008299790577412924,30.901123426743027,0.6931471805579453,0,0,2.0,0.0001388888888888889,0.0,8.919782759135488,2.578730637529042,-8.87579980323329,-0.8203465194955987,8.91371397945182,5.57577392141822,0.0007518937253271129,30.548569191597057,0.6931471805579453,0.0,0.0,Train010,10.0
114,0,1,6.944444444444444e-05,0.0,10.32175802270334,0.0,-10.32170133206292,0.03420951521575351,10.32175802270334,8.840353190182402,0.0,0.0,-1.000088900581841e-12,0,0,1.0,6.944444444444444e-05,0.0,10.67572883822577,0.0,-10.669015430377746,0.3464329601670036,10.67572883822577,-3.322234566308155,4.4408920985006264e-17,0.0,-1.000088900581841e-12,0.0,0.0,Train010,10.0
114,1,1,6.944444444444444e-05,0.0,10.342167142935244,0.0,-10.309903573486348,-0.8162778435206874,10.342167142935244,25.548265752660228,0.0,0.0,-1.000088900581841e-12,0,0,1.0,6.944444444444444e-05,0.0,9.223038145923827,0.0,-9.213084769671633,-0.38702435215761877,9.223038145923827,-0.0950710437048727,0.0,0.0,-1.000088900581841e-12,0.0,0.0,Train010,10.0
114,2,0,0.0,-2.0,0.0,0.0,0.0,0.0,0.0,0.0,0.0,0.0,0.0,0,2,1.6,0.00011111111111111109,-0.4,7.788176146197709,1.1932656241229296,-7.7659442792891955,-0.16650699697352894,7.7677300151302955,-4.516962779574515,0.0021552119499990583,24.695696485729723,0.5545177444463564,0.0,0.4,Train010,10.0
114,3,1,6.944444444444444e-05,-2.0,11.125785294558378,0.0,11.119165564882492,-0.38373892341390925,11.125785294558378,27.642499982400555,0.0,0.0,-1.000088900581841e-12,0,2,2.6,0.00018055555555555557,-0.4,10.213474843076344,0.28295069973843173,10.162384050267045,-0.5447178439108759,10.177490636999124,0.5069519933360013,0.0035265326464787305,30.55750763879014,0.878889830931888,0.0,0.4,Train010,10.0
114,4,0,0.0,-1.0,0.0,0.0,0.0,0.0,0.0,0.0,0.0,0.0,0.0,0,1,0.8,5.555555555555556e-05,-0.2,5.037876836090048,0.0,4.9553431652693645,0.8949007594019301,5.037876836090048,-3.7862234624755104,0.0,0.0,-8.000711204654728e-13,0.0,0.2,Train010,10.0
114,5,2,0.0001388888888888889,0.0,10.921480045041637,0.5143787656609504,-10.897867287982688,-0.7113690514648696,10.92106026692762,35.333143428256875,3.852146020932867e-05,28.786852300694942,0.6931471805579453,0,0,2.0,0.0001388888888888889,0.0,9.166810447599692,2.181362439192094,-9.128646936366184,-0.7711021901694854,9.161704576705754,2.4702768846420597,0.0006437982590757896,30.35704882993644,0.6931471805579453,0.0,0.0,Train010,10.0
115,0,1,6.944444444444444e-05,0.0,10.022962503213217,0.0,-10.022626384420857,-0.08208348877252504,10.022962503213217,-2.9879551949012395,0.0,0.0,-1.000088900581841e-12,0,0,1.0,6.944444444444444e-05,0.0,10.284135650559309,0.0,-10.279351652369588,0.23221737544977392,10.284135650559309,-3.9159318766646125,4.4408920985006264e-17,0.0,-1.000088900581841e-12,0.0,0.0,Train010,10.0
115,1,1,6.944444444444444e-05,0.0,10.619014626737314,0.0,-10.575032769875873,-0.9654809987319467,10.619014626737314,2.7684748380207047,0.0,0.0,-1.000088900581841e-12,0,0,1.0,6.944444444444444e-05,0.0,9.336418786586947,0.0,-9.318617860010022,-0.5183616521810663,9.336418786586947,1.1338064066312128,0.0,0.0,-1.000088900581841e-12,0.0,0.0,Train010,10.0
115,2,0,0.0,0.0,0.0,0.0,0.0,0.0,0.0,0.0,0.0,0.0,0.0,0,0,1.2,8.333333333333334e-05,-0.4,5.6207051369185494,0.8743711717201869,-5.604490037869603,-0.11851927528857287,5.6057431374681626,-4.6214493621355786,0.0016379614200566328,18.55715865445486,0.41588830833476714,0.0,0.4,Train010,10.0
115,3,1,6.944444444444444e-05,0.0,11.42823460073113,0.0,11.41896258927696,-0.4602602242660325,11.42823460073113,3.0244930617275223,0.0,0.0,-1.000088900581841e-12,0,0,2.2,0.0001527777777777778,-0.4,10.2553968884147,0.19367609255307033,10.216040326887011,-0.5072589771649267,10.229243931500898,1.0100648926233746,0.002672076343797869,22.953506375289596,0.6591673731986658,0.0,0.4,Train010,10.0
115,4,0,0.0,0.0,0.0,0.0,0.0,0.0,0.0,0.0,0.0,0.0,0.0,0,0,0.6,4.1666666666666665e-05,-0.2,3.6217259419959063,0.0,3.5515735473534704,0.7080473016873328,3.6217259419959063,-3.1886779103015845,0.0,0.0,-6.000533403491046e-13,0.0,0.2,Train010,10.0
115,5,2,0.0001388888888888889,0.0,11.25503866075871,0.009703766189603336,-11.232423659095009,-0.6890291605082697,11.25353733016548,3.335586157170747,0.00013339196377326612,28.012914757635475,0.6931471805579453,0,0,2.0,0.0001388888888888889,0.0,9.417222454326001,1.683558853696915,-9.384734057538527,-0.7213340247999391,9.413195532954266,2.5041200672630852,0.0005234166032060727,29.8661541316303,0.6931471805579453,0.0,0.0,Train010,10.0
116,0,1,6.944444444444444e-05,0.0,9.329015278142395,0.0,-9.328274030348524,-0.11759963664703468,9.329015278142395,-6.939472250708221,0.0,0.0,-1.000088900581841e-12,0,0,1.0,6.944444444444444e-05,0.0,9.895136421360345,0.0,-9.891950653374824,0.11996818052313703,9.895136421360345,-3.8899922919896257,4.4408920985006264e-17,0.0,-1.000088900581841e-12,0.0,0.0,Train010,10.0
116,1,1,6.944444444444444e-05,0.0,10.086565749966752,0.0,-10.040775054480616,-0.9600234026950356,10.086565749966752,-5.324488767705624,0.0,0.0,-1.000088900581841e-12,0,0,1.0,6.944444444444444e-05,0.0,9.481205725208772,0.0,-9.455164669373293,-0.6517391016038097,9.481205725208772,1.4478693862182623,0.0,0.0,-1.000088900581841e-12,0.0,0.0,Train010,10.0
116,2,0,0.0,0.0,0.0,0.0,0.0,0.0,0.0,0.0,0.0,0.0,0.0,0,0,0.8,5.555555555555556e-05,-0.4,3.579997478231064,0.5622082087208466,-3.569615728918572,-0.07508557591038782,3.57040534253814,-3.3538158562188443,0.0010990602536871564,12.38106317208928,0.27725887222317813,0.0,0.4,Train010,10.0
116,3,1,6.944444444444444e-05,0.0,10.85867430771204,0.0,10.848942218876896,-0.45963077838194233,10.85867430771204,-5.695602930190908,0.0,0.0,-1.000088900581841e-12,0,0,1.8,0.000125,-0.4,10.328555412828852,0.11051139676554342,10.300448359782546,-0.4750523330421255,10.311907130781007,1.322429683381332,0.0017898049556960948,15.312021608511628,0.43944491546544384,0.0,0.4,Train010,10.0
116,4,0,0.0,0.0,0.0,0.0,0.0,0.0,0.0,0.0,0.0,0.0,0.0,0,0,0.4,2.7777777777777772e-05,-0.2,2.3040278308310875,0.0,2.2555235130570757,0.47017628460529065,2.3040278308310875,-2.204150081008353,0.0,0.0,-4.000355602327364e-13,0.0,0.2,Train010,10.0
116,5,2,0.0001388888888888889,0.0,10.583664368308597,0.04305399952845512,-10.562599096566053,-0.6371379609379515,10.58179778941396,-6.713742924501149,0.0001763670617026536,27.733686342204106,0.6931471805579453,0,0,2.0,0.0001388888888888889,0.0,9.686983457131225,1.1650407691967444,-9.659204378984136,-0.6817390432059564,9.68393256801069,2.697610028052232,0.0003996131884608678,29.260793245032005,0.6931471805579453,0.0,0.0,Train010,10.0
117,0,1,6.944444444444444e-05,0.0,8.53858538386529,0.0,-8.537699496703606,-0.12299455900544291,8.53858538386529,-7.904298942771053,0.0,0.0,-1.000088900581841e-12,0,0,1.0,6.944444444444444e-05,0.0,9.530008778321868,0.0,-9.52820382663559,0.01501672790629269,9.530008778321868,-3.65127643038477,2.2204460492503132e-17,0.0,-1.000088900581841e-12,0.0,0.0,Train010,10.0
117,1,1,6.944444444444444e-05,0.0,9.305359511839399,0.0,-9.261603984621443,-0.901336383723734,9.305359511839399,-7.812062381273535,1.1102230246251565e-16,0.0,-1.000088900581841e-12,0,0,1.0,6.944444444444444e-05,0.0,9.628089519829587,0.0,-9.594150786311868,-0.7779217862753447,9.628089519829587,1.4688379462081194,2.2204460492503132e-17,0.0,-1.000088900581841e-12,0.0,0.0,Train010,10.0
117,2,0,0.0,0.0,0.0,0.0,0.0,0.0,0.0,0.0,0.0,0.0,0.0,0,0,0.4,2.777777777777778e-05,-0.4,1.7053260730656015,0.2695368703598445,-1.7003675526917335,-0.03570714645902426,1.7007424303977134,-1.6934533209986085,0.0005513603518081611,6.192200134900448,0.13862943611158907,0.0,0.4,Train010,10.0
117,3,1,6.944444444444444e-05,0.0,10.020454908051125,0.0,10.011125774612449,-0.4322930593661737,10.020454908051125,-8.382193996609146,1.1102230246251565e-16,0.0,-1.000088900581841e-12,0,0,1.4,9.722222222222222e-05,-0.4,10.41802132539818,0.04642397344376409,10.400146218344476,-0.44847102718151727,10.410115603840847,1.4855035649331065,0.0008970078020331451,7.657796658913303,0.21972245773222188,0.0,0.4,Train010,10.0
117,4,0,0.0,0.0,0.0,0.0,0.0,0.0,0.0,0.0,0.0,0.0,0.0,0,0,0.2,1.388888888888889e-05,-0.2,1.0972831030639836,0.0,1.0732036281899495,0.2286136056967155,1.0972831030639836,-1.0946162470312053,0.0,0.0,-2.000177801163682e-13,0.0,0.2,Train010,10.0
117,5,2,0.0001388888888888889,0.0,9.654078916817376,0.013496266930983936,-9.63481562430322,-0.5790919793525204,9.652202838464797,-9.295854514912207,0.00019433050378481198,27.63626237100368,0.6931471805579453,0,0,2.0,0.0001388888888888889,0.0,9.960485538628454,0.6351316140155265,-9.936536088164244,-0.6513789181952346,9.958277737615969,2.7350208149722945,0.00027451800944227055,28.61416783965625,0.6931471805579453,0.0,0.0,Train010,10.0
118,0,1,6.944444444444444e-05,0.0,7.76122488795334,0.0,-7.760333583304051,-0.11761988449930075,7.76122488795334,-7.773604959119496,1.1102230246251565e-16,0.0,-1.000088900581841e-12,0,0,1.0,6.944444444444444e-05,0.0,9.194709215175516,0.0,-9.19412696536799,-0.08121761074171,9.194709215175516,-3.3529956314635223,2.2204460492503132e-17,0.0,-1.000088900581841e-12,0.0,0.0,Train010,10.0
118,1,1,6.944444444444444e-05,0.0,8.484485857463342,0.0,-8.444015375991588,-0.8277104539107303,8.484485857463342,-8.208736543760562,0.0,0.0,-1.000088900581841e-12,0,0,1.0,6.944444444444444e-05,0.0,9.767518577788412,0.0,-9.726266151691174,-0.8941658165164268,9.767518577788412,1.3942905795882428,2.2204460492503132e-17,0.0,-1.000088900581841e-12,0.0,0.0,Train010,10.0
118,2,0,0.0,0.0,0.0,0.0,0.0,0.0,0.0,0.0,0.0,0.0,0.0,0,0,0.0,0.0,-0.4,0.0,0.0,0.0,0.0,0.0,0.0,0.0,0.0,0.0,0.0,0.4,Train010,10.0
118,3,1,6.944444444444444e-05,0.0,9.138644984509543,0.0,9.130004147090457,-0.3973114987166881,9.138644984509543,-8.818099235415815,1.1102230246251565e-16,0.0,-1.000088900581841e-12,0,0,1.0,6.944444444444444e-05,-0.4,10.514358819112443,0.0,10.50564005894785,-0.4266468968289492,10.514358819112443,1.5542193763824437,4.4408920985006264e-17,0.0,-1.000088900581841e-12,0.0,0.4,Train010,10.0
118,4,0,0.0,0.0,0.0,0.0,0.0,0.0,0.0,0.0,0.0,0.0,0.0,0,0,0.0,0.0,-0.2,0.0,0.0,0.0,0.0,0.0,0.0,0.0,0.0,0.0,0.0,0.2,Train010,10.0
118,5,2,0.0001388888888888889,0.0,8.714812862198823,0.07971365908442696,-8.697340546999829,-0.5230475326641622,8.713054074887483,-9.392660546185523,0.0002018327320549851,27.60457215117161,0.6931471805579453,0,0,2.0,0.0001388888888888889,0.0,10.225814970625027,0.13206929147888397,-10.205009242989359,-0.6279351369855546,10.224330459971869,2.653294319965747,0.00014888874430500908,27.954857584541962,0.6931471805579453,0.0,0.0,Train010,10.0
119,0,1,6.944444444444444e-05,0.0,11.478346674919585,0.0,-11.452157881101764,0.7749337106851296,11.478346674919585,37.171217869662456,1.1102230246251565e-16,0.0,-1.000088900581841e-12,0,0,1.0,6.944444444444444e-05,0.0,9.426026945618764,0.0,-9.420218275175761,0.06692722835216523,9.426026945618764,2.3131773044324886,4.4408920985006264e-17,0.0,-1.000088900581841e-12,0.0,0.0,Train010,10.0
119,1,1,6.944444444444444e-05,0.0,9.464122591827323,0.0,-9.434096566300312,-0.7532850794068566,9.464122591827323,9.796367343639805,0.0,0.0,-1.000088900581841e-12,0,0,1.0,6.944444444444444e-05,0.0,9.591909667566826,0.0,-9.551104750253966,-0.8815672636936606,9.591909667566826,-1.7560891022158422,2.2204460492503132e-17,0.0,-1.000088900581841e-12,0.0,0.0,Train010,10.0
119,2,3,0.00020833333333333335,3.0,7.332138900689174,5.417861238426276,-7.329320456535306,-0.1803854576610235,7.331539897451455,0.0,0.6665566375719673,29.380153814648622,1.0986122886651097,3,0,0.6,4.166666666666667e-05,0.6,1.466427780137835,1.0835722476852552,-1.465864091307061,-0.0360770915322047,1.466307979490291,0.0,0.13331132751439345,5.876030762929725,0.21972245773302196,0.6,0.0,Train010,10.0
119,3,1,6.944444444444444e-05,0.0,12.708979691807528,0.0,12.708803669387414,-0.06688871161218711,12.708979691807528,35.703347072979845,1.1102230246251565e-16,0.0,-1.000088900581841e-12,0,0,1.0,6.944444444444444e-05,0.0,10.830997698562275,0.0,10.823567679848834,-0.36327685446860475,10.830997698562275,3.166388794498302,6.661338147750939e-17,0.0,-1.000088900581841e-12,0.0,0.0,Train010,10.0
119,4,2,0.0001388888888888889,2.0,12.379786195127988,0.5637621236434578,12.358201619999875,0.3967626300043883,12.364569052948653,0.0,0.0012317486124311383,21.93530937719901,0.6931471805579453,2,0,0.4,2.777777777777778e-05,0.4,2.4759572390255977,0.11275242472869156,2.471640323999975,0.07935252600087765,2.4729138105897306,0.0,0.0002463497224862277,4.3870618754398025,0.13862943611158907,0.4,0.0,Train010,10.0
119,5,2,0.0001388888888888889,0.0,11.154335155820721,0.34901500292327103,-11.143331888200866,-0.4715018459594541,11.153302630222917,24.395222936218968,9.265792229251613e-05,28.54538083412377,0.6931471805579453,0,0,2.0,0.0001388888888888889,0.0,10.272385992780846,0.09899653893134808,-10.254102163032995,-0.5799616958844716,10.270778932630929,0.4657102215581652,0.00015971603672164657,27.90656329122773,0.6931471805579453,0.0,0.0,Train010,10.0
120,0,1,6.944444444444444e-05,0.0,12.10322713550119,0.0,-12.058547957768246,1.0390034859111852,12.10322713550119,6.248804605816041,0.0,0.0,-1.000088900581841e-12,0,0,1.0,6.944444444444444e-05,0.0,9.84207987207636,0.0,-9.827402589845239,0.2911446232889073,9.84207987207636,4.160529264575945,4.4408920985006264e-17,0.0,-1.000088900581841e-12,0.0,0.0,Train010,10.0
120,1,1,6.944444444444444e-05,0.0,9.24558458278063,0.0,-9.220322523120736,-0.6829984238513015,9.24558458278063,-2.1853800904669285,0.0,0.0,-1.000088900581841e-12,0,0,1.0,6.944444444444444e-05,0.0,9.317223658775488,0.0,-9.280162700902938,-0.8250707487175317,9.317223658775488,-2.746860087913369,2.2204460492503132e-17,0.0,-1.000088900581841e-12,0.0,0.0,Train010,10.0
120,2,3,0.00020833333333333335,0.0,7.022352165526513,5.191743905212633,-7.01987103231009,-0.17399385463741604,7.022026998788734,-3.09786735162661,0.666521351616294,29.739022820808866,1.0986122886651097,0,0,1.2,8.333333333333334e-05,0.6,2.8708982132431373,2.121921028727782,-2.8698382977690793,-0.07087586245968791,2.8707133792480377,-0.6195734703253216,0.26661559783765226,11.823835327091498,0.4394449154660439,0.6,0.0,Train010,10.0
120,3,1,6.944444444444444e-05,0.0,13.201144205221567,0.0,13.201043027040987,0.05168486497529136,13.201144205221567,4.921645134140391,1.1102230246251565e-16,0.0,-1.000088900581841e-12,0,0,1.0,6.944444444444444e-05,0.0,11.185579619460361,0.0,11.179983767401641,-0.26088783662034,11.185579619460361,3.5458192089808755,8.881784197001253e-17,0.0,-1.000088900581841e-12,0.0,0.0,Train010,10.0
120,4,2,0.0001388888888888889,0.0,12.023857221199243,0.4637841422737612,12.004374041651571,0.354716230905949,12.009613638096198,-3.5592897392874523,0.0011863762688482105,22.027016625227404,0.6931471805579453,0,0,0.8,5.555555555555556e-05,0.4,4.880728683265446,0.2055092531834438,4.87251513233029,0.15029577218206747,4.87483653820897,-0.7118579478574911,0.00048362497625586975,8.792465200485283,0.27725887222317813,0.4,0.0,Train010,10.0
120,5,2,0.0001388888888888889,0.0,11.284076718315156,0.48196309675583127,-11.275266818097823,-0.4249099190335599,11.28327037071216,1.2974156249443602,7.158949569374684e-05,28.91013716482478,0.6931471805579453,0,0,2.0,0.0001388888888888889,0.0,10.278193604292134,0.19344840504459365,-10.262670794833557,-0.5271378475895296,10.276725540740262,0.058076115112887905,0.00014735554310574273,28.086007772665585,0.6931471805579453,0.0,0.0,Train010,10.0
121,0,1,6.944444444444444e-05,0.0,11.607918140819814,0.0,-11.558550504621438,1.0694268540153766,11.607918140819814,-4.953089946813751,0.0,0.0,-1.000088900581841e-12,0,0,1.0,6.944444444444444e-05,0.0,10.297860444611844,0.0,-10.27345788469982,0.5285499214213896,10.297860444611844,4.5578057253548385,4.4408920985006264e-17,0.0,-1.000088900581841e-12,0.0,0.0,Train010,10.0
121,1,1,6.944444444444444e-05,0.0,8.624166886023792,0.0,-8.601973382105045,-0.6183109343571492,8.624166886023792,-6.214176967568381,0.0,0.0,-1.000088900581841e-12,0,0,1.0,6.944444444444444e-05,0.0,9.024743885986897,0.0,-8.992402366427825,-0.7567282550499543,9.024743885986897,-2.9247977278859203,2.2204460492503132e-17,0.0,-1.000088900581841e-12,0.0,0.0,Train010,10.0
121,2,3,0.00020833333333333335,0.0,6.515853498815983,4.818528872605059,-6.513608557269467,-0.16185609875095316,6.515619221074609,-5.064986667105297,0.6665101748992841,29.86674792604657,1.0986122886651097,0,0,1.8,0.000125,0.6,4.174068913006335,3.0856268032487937,-4.172560009222972,-0.10324708220987855,4.173837223462959,-1.6325708037463813,0.3999176328175091,17.797184912300814,0.6591673731990658,0.6,0.0,Train010,10.0
121,3,1,6.944444444444444e-05,0.0,12.593927623242974,0.0,12.59360763673234,0.08977567331596908,12.593927623242974,-6.072165819785926,0.0,0.0,-1.000088900581841e-12,0,0,1.0,6.944444444444444e-05,0.0,11.532630282566547,0.0,11.52891685097273,-0.1510065462807577,11.532630282566547,3.470506631061872,8.881784197001253e-17,0.0,-1.000088900581841e-12,0.0,0.0,Train010,10.0
121,4,2,0.0001388888888888889,0.0,11.214572561286037,0.40477540963778225,11.196866931813187,0.3206805587256274,11.201458168893737,-8.092846599132066,0.0011709326839040024,22.05547783114704,0.6931471805579453,0,0,1.2,8.333333333333333e-05,0.4,7.123643195522654,0.2864643351110002,7.111888518692926,0.21443188392719295,7.115128171987718,-2.3304272676839046,0.0007178115130366703,13.203560766714691,0.4158883083347672,0.4,0.0,Train010,10.0
121,5,2,0.0001388888888888889,0.0,10.62941135619463,0.5342776987248774,-10.621821010490955,-0.3830361716060363,10.628725148749764,-6.5466536212052695,6.472094811926787e-05,29.050355866734908,0.6931471805579453,0,0,2.0,0.0001388888888888889,0.0,10.287343001869342,0.2916931448838781,-10.274515177618538,-0.4763174897231465,10.286111012607424,0.09149397577206386,0.00012502632038906557,28.34934167757175,0.6931471805579453,0.0,0.0,Train010,10.0
122,0,1,6.944444444444444e-05,0.0,10.752292292329248,0.0,-10.704089870223916,1.0169806241284658,10.752292292329248,-8.556258484905666,0.0,0.0,-1.000088900581841e-12,0,0,1.0,6.944444444444444e-05,0.0,10.740601826304635,0.0,-10.706735959403883,0.7565449580481713,10.740601826304635,4.427413816927916,4.4408920985006264e-17,0.0,-1.000088900581841e-12,0.0,0.0,Train010,10.0
122,1,1,6.944444444444444e-05,0.0,7.899802788850042,0.0,-7.879972281088321,-0.55939337858311,7.899802788850042,-7.243640971737495,0.0,0.0,-1.000088900581841e-12,0,0,1.0,6.944444444444444e-05,0.0,8.743632541389024,0.0,-8.7160760257212,-0.6883396540218295,8.743632541389024,-2.8111134459787124,0.0,0.0,-1.000088900581841e-12,0.0,0.0,Train010,10.0
122,2,3,0.00020833333333333335,0.0,5.954849641463844,4.404346419707447,-5.952817204776458,-0.14807855865272623,5.954658674770139,-5.610038573521398,0.6665058155918953,29.89692892715921,1.0986122886651097,0,0,2.4,0.0001666666666666667,0.6,5.365038841299103,3.966496087190283,-5.363123450178264,-0.1328627939404238,5.364768958416987,-2.7545785184506606,0.5332187959358882,23.776570697732655,0.8788898309320878,0.6,0.0,Train010,10.0
122,3,1,6.944444444444444e-05,0.0,11.640958777720352,0.0,11.640548785221771,0.09769976180355126,11.640958777720352,-9.529688455226228,0.0,0.0,-1.000088900581841e-12,0,0,1.0,6.944444444444444e-05,0.0,11.856731056500392,0.0,11.854801453094593,-0.0450079820468127,11.856731056500392,3.2410077393384555,6.661338147750939e-17,0.0,-1.000088900581841e-12,0.0,0.0,Train010,10.0
122,4,2,0.0001388888888888889,0.0,10.272085584059164,0.3603313610553851,10.256039391380881,0.2899190184443199,10.26013630683394,-9.424869772268725,0.0011647106704344434,22.069617278147483,0.6931471805579453,0,0,1.6,0.00011111111111111112,0.4,9.178060312334486,0.35853060732207725,9.163096396969102,0.27241568761605695,9.167155433354505,-4.215401222137649,0.0009507536471235589,17.61748422234419,0.5545177444463563,0.4,0.0,Train010,10.0
122,5,2,0.0001388888888888889,0.0,9.753240895401838,0.5434653825277271,-9.746517233706587,-0.34544948256294766,9.752637260348736,-8.761704607927907,6.208348325009716e-05,29.102897516297006,0.6931471805579453,0,0,2.0,0.0001388888888888889,0.0,10.307175397586233,0.3976869680032268,-10.296855499499213,-0.429588990365232,10.306197896984212,0.19832395716892393,9.857691628212262e-05,28.642668706630417,0.6931471805579453,0.0,0.0,Train010,10.0
123,0,1,6.944444444444444e-05,0.0,9.821947384342497,0.0,-9.776971792979644,0.9388679247225468,9.821947384342497,-9.303449079867505,1.1102230246251565e-16,0.0,-1.000088900581841e-12,0,0,1.0,6.944444444444444e-05,0.0,11.152746325582466,0.0,-11.110063601339002,0.9678425198925407,11.152746325582466,4.121444992778314,4.4408920985006264e-17,0.0,-1.000088900581841e-12,0.0,0.0,Train010,10.0
123,1,1,6.944444444444444e-05,0.0,7.182573284840509,0.0,-7.1647304683667565,-0.5059607769004024,7.182573284840509,-7.172295040095333,0.0,0.0,-1.000088900581841e-12,0,0,1.0,6.944444444444444e-05,0.0,8.483250026864459,0.0,-8.460219044196233,-0.6239897186197639,8.483250026864459,-2.6038251452456667,0.0,0.0,-1.000088900581841e-12,0.0,0.0,Train010,10.0
123,2,3,0.00020833333333333335,0.0,5.406089109595122,3.998886674273003,-5.404250877614925,-0.13449576743233158,5.40592421882317,-5.487605318687216,0.6665040261718376,29.88894360940584,1.0986122886651097,0,0,3.0,0.00020833333333333335,0.6,6.4462566632181275,4.7662734220448835,-6.443973625701249,-0.1597619474268901,6.445953802181622,-3.852099582188104,0.6665196011702557,29.75435941961382,1.0986122886651097,0.6,0.0,Train010,10.0
123,3,1,6.944444444444444e-05,0.0,10.624233270264297,0.0,10.623811283560096,0.09469103596417022,10.624233270264297,-10.16725507456055,0.0,0.0,-1.000088900581841e-12,0,0,1.0,6.944444444444444e-05,0.0,12.153848713651344,0.0,12.153562880388522,0.05339252488935896,12.153848713651344,2.9711765715095084,4.4408920985006264e-17,0.0,-1.000088900581841e-12,0.0,0.0,Train010,10.0
123,4,2,0.0001388888888888889,0.0,9.335170436406592,0.3234919569099324,9.320652608894505,0.2620231474263082,9.324334892392011,-9.369151476525728,0.0011621189977307766,22.078731787827493,0.6931471805579453,0,0,2.0,0.0001388888888888889,0.4,11.045094399615804,0.4232289987040637,11.027226918748003,0.32482031710131853,11.032022411832909,-6.089231517442795,0.0011831774466697143,22.033230579909688,0.6931471805579453,0.4,0.0,Train010,10.0
123,5,2,0.0001388888888888889,0.0,8.858779999504595,0.5302677878206419,-8.852755920508418,-0.311697014365132,8.85824149686951,-8.944608958972449,6.100603792547066e-05,29.121064760875154,0.6931471805579453,0,0,2.0,0.0001388888888888889,0.0,10.335968825047388,0.4877977937504697,-10.32793857420093,-0.38731888670542597,10.335235381380617,0.28793427461153875,7.041157745621974e-05,28.945967228571124,0.6931471805579453,0.0,0.0,Train010,10.0
124,0,2,0.0001388888888888889,1.0,10.046610667189304,0.8978360753780414,-10.044500871525308,0.1997295833606279,10.046486433800728,15.443503325978009,1.2465255524118923e-05,101.48398779983302,0.6931471805579453,1,0,1.2,8.333333333333333e-05,0.2,10.86639912403641,0.1795672150756083,-10.828532199423709,0.8528016944276404,10.866374277358696,-0.2240979159585752,2.493051104845989e-06,20.296797559966603,0.13862943611078898,0.2,0.0,Train010,10.0
124,1,0,0.0,-1.0,0.0,0.0,0.0,0.0,0.0,0.0,0.0,0.0,0.0,0,1,0.8,5.555555555555556e-05,-0.2,6.5904255084989956,0.0,-6.573399730936171,-0.47333270273839273,6.5904255084989956,-4.563098613973628,0.0,0.0,-8.000711204654728e-13,0.0,0.2,Train010,10.0
124,2,2,0.0001388888888888889,-1.0,11.053032329610193,0.555575669937892,-11.051238804225097,-0.18269694575117465,11.052748856370407,29.438986652175103,2.571161078546158e-05,32.92194159585878,0.6931471805579453,0,1,2.8,0.00019444444444444443,-0.2,7.190435349002331,3.793816308347207,-7.188357295239207,-0.16022424504492033,7.190195593965411,2.0356977482469167,0.5332134159780193,30.46271697585585,1.0175192670436768,0.0,0.2,Train010,10.0
124,3,1,6.944444444444444e-05,0.0,12.008318271981867,0.0,12.002217660589817,0.38272568379902994,12.008318271981867,13.840850017175708,1.1102230246251565e-16,0.0,-1.000088900581841e-12,0,0,1.0,6.944444444444444e-05,0.0,12.01371642968621,0.0,12.012245678629004,0.1433154039716024,12.01371642968621,-1.401322839651319,4.4408920985006264e-17,0.0,-1.000088900581841e-12,0.0,0.0,Train010,10.0
124,4,2,0.0001388888888888889,0.0,10.518313755804536,1.48906886937373,10.517718696016086,-0.0595552142047011,10.517887306491987,11.831433193979448,4.137270706827678e-05,20.076640306392697,0.6931471805579453,0,0,2.0,0.0001388888888888889,0.0,10.672799911751117,0.6082903478501182,10.659130333951246,0.23355674825950068,10.662686062541574,-3.722944878646905,0.0009451022655971419,21.661496765748424,0.6931471805579453,0.0,0.0,Train010,10.0
124,5,2,0.0001388888888888889,0.0,11.518309243299786,0.2412718585151934,-11.500943181545258,-0.5931274719300089,11.516227431893244,26.595292437951912,0.0001808186670732015,28.839824873044794,0.6931471805579453,0,0,2.0,0.0001388888888888889,0.0,10.408763642543201,0.4662491648688542,-10.399460832869808,-0.4116440118995369,10.407820341714682,0.7279481749581279,8.80437264123568e-05,29.004856036355328,0.6931471805579453,0.0,0.0,Train010,10.0
125,0,2,0.0001388888888888889,0.0,10.001750779755888,0.6988904852144868,-9.998529995369879,0.18212424548020106,10.000188563677332,-0.4485988743341718,0.00015696072453852405,101.22953086372213,0.6931471805579453,0,0,1.4,9.722222222222222e-05,0.2,10.44610385288735,0.31934531211850564,-10.416528606944038,0.6814258463414437,10.445766562993924,-1.5635786119886177,3.38851960125508e-05,40.542703732711026,0.27725887222257806,0.2,0.0,Train010,10.0
125,1,0,0.0,0.0,0.0,0.0,0.0,0.0,0.0,0.0,0.0,0.0,0.0,0,0,0.6,4.1666666666666665e-05,-0.2,4.741308591942869,0.0,-4.729335226312025,-0.3367330179681324,4.741308591942869,-4.126022595880242,0.0,0.0,-6.000533403491046e-13,0.0,0.2,Train010,10.0
125,2,2,0.0001388888888888889,0.0,11.417461363143758,0.2179648535262002,-11.416009255926326,-0.16525921651598047,11.417205347195917,3.6442903353356293,2.243136883817165e-05,32.31850832620429,0.6931471805579453,0,0,2.6,0.00018055555555555555,-0.2,8.06945718852578,2.7990604980099203,-8.067584939962455,-0.15847731742063323,8.069231263646849,3.384129285639365,0.3999136319285281,30.978614076934935,0.936426245422244,0.0,0.2,Train010,10.0
125,3,1,6.944444444444444e-05,0.0,11.78223100342063,0.0,11.77324340081498,0.4601165538565398,11.78223100342063,-2.2608726856123695,0.0,0.0,-1.000088900581841e-12,0,0,1.0,6.944444444444444e-05,0.0,11.729933789326024,0.0,11.726685753383801,0.2250017417478521,11.729933789326024,-2.837826403601871,2.2204460492503132e-17,0.0,-1.000088900581841e-12,0.0,0.0,Train010,10.0
125,4,2,0.0001388888888888889,0.0,10.311057320706084,1.7992908555574436,10.309569776421332,-0.16753235044372886,10.310930901880072,-2.072564350984516,1.2645578700953841e-05,19.365855511626105,0.6931471805579453,0,0,2.0,0.0001388888888888889,0.0,10.330239931652482,0.8753916905068546,10.320169480905198,0.1291070319895651,10.322949515298351,-3.4255998009863178,0.0007103561275676907,21.129264543028164,0.6931471805579453,0.0,0.0,Train010,10.0
125,5,2,0.0001388888888888889,0.0,11.740512211523793,0.14899222051070904,-11.718188168420243,-0.6530091057048852,11.73636889513267,2.22202968224007,0.00035296448835797634,28.73823233981249,0.6931471805579453,0,0,2.0,0.0001388888888888889,0.0,10.500050741184928,0.39965498961982976,-10.488045102934292,-0.45726384923380203,10.498440046598784,0.9128709864172692,0.00014431872494520271,28.970475071352872,0.6931471805579453,0.0,0.0,Train010,10.0
126,0,2,0.0001388888888888889,0.0,9.398012096874462,0.5889894318280504,-9.393363375178591,0.16527001243581194,9.394817170927654,-6.037386828814251,0.0003412983930767277,101.12830937847532,0.6931471805579453,0,0,1.6,0.00011111111111111112,0.2,10.00412264409828,0.43714319848411576,-9.983491181055467,0.5005944780255307,10.003146369015493,-1.7804379883887176,0.00010214487462789634,60.768365608406086,0.4158883083343672,0.2,0.0,Train010,10.0
126,1,0,0.0,0.0,0.0,0.0,0.0,0.0,0.0,0.0,0.0,0.0,0.0,0,0,0.4,2.7777777777777772e-05,-0.2,3.01647521473811,0.0,-3.0089405498910153,-0.2130708310967025,3.01647521473811,-2.8831872023665657,0.0,0.0,-4.000355602327364e-13,0.0,0.2,Train010,10.0
126,2,2,0.0001388888888888889,0.0,10.866896182378614,0.08871585046128505,-10.865638934746833,-0.14942547836674847,10.866666344094284,-5.505651807651439,2.115172539296495e-05,32.08743968290881,0.6931471805579453,0,0,2.4,0.0001666666666666667,-0.2,8.939665725238305,1.8530978935811653,-8.937991015457929,-0.15599119334379227,8.939440688250784,3.295996257530136,0.2666158272937499,31.422752428307387,0.855333223800811,0.0,0.2,Train010,10.0
126,3,1,6.944444444444444e-05,0.0,11.009670205312403,0.0,11.000062183777201,0.4598586552174371,11.009670205312403,-7.72560798108227,0.0,0.0,-1.000088900581841e-12,0,0,1.0,6.944444444444444e-05,0.0,11.41308230573991,0.0,11.407976662792773,0.29901833812814566,11.41308230573991,-3.16851483586114,2.2204460492503132e-17,0.0,-1.000088900581841e-12,0.0,0.0,Train010,10.0
126,4,2,0.0001388888888888889,0.0,9.629512773473474,1.7994784676371331,9.627010441136441,-0.19503348024282513,9.628985828848524,-6.815445472326109,5.6701971288819486e-05,19.11234705957256,0.6931471805579453,0,0,2.0,0.0001388888888888889,0.0,10.01322797408997,1.1543323021067249,10.00619818276985,0.02596422419587461,10.008455047289306,-3.170119575625127,0.00048750998504465404,20.54063838871327,0.6931471805579453,0.0,0.0,Train010,10.0
126,5,2,0.0001388888888888889,0.0,11.11213793938805,0.12191050560755023,-11.089286155996405,-0.6338630397383662,11.107387172630649,-6.283742721357415,0.0004275809734473057,28.700466806866498,0.6931471805579453,0,0,2.0,0.0001388888888888889,0.0,10.596596057823612,0.31718155099636436,-10.581538132035382,-0.5074292228602679,10.594172451374963,0.9654531663868401,0.00021689073001081028,28.900497259379186,0.6931471805579453,0.0,0.0,Train010,10.0
127,0,2,0.0001388888888888889,0.0,8.634906011529786,0.5163023559128135,-8.62986305178185,0.14967676208404448,8.631160954681445,-7.631060853446758,0.0004352678429886403,101.08572398338242,0.6931471805579453,0,0,1.8,0.000125,0.2,9.580645387938388,0.5404036696666784,-9.568645817367054,0.32713370561664645,9.57892010148593,-1.5953984620969361,0.0001891984432256244,80.98551040508258,0.5545177444461562,0.2,0.0,Train010,10.0
127,1,0,0.0,0.0,0.0,0.0,0.0,0.0,0.0,0.0,0.0,0.0,0.0,0,0,0.2,1.388888888888889e-05,-0.2,1.4365146569681018,0.0,-1.4329460936733514,-0.1011921553800805,1.4365146569681018,-1.4344590080190667,0.0,0.0,-2.000177801163682e-13,0.0,0.2,Train010,10.0
127,2,2,0.0001388888888888889,0.0,10.032654188523724,0.039091287321113555,-10.031537588201374,-0.13509390029902102,10.032447196242552,-8.342419938548895,2.0632169704271064e-05,31.998968378723028,0.6931471805579453,0,0,2.2,0.00015277777777777777,-0.2,9.755226634650281,0.9800468671038989,-9.753735092142913,-0.15339426167305123,9.754998392545266,2.7495199845246368,0.13331879060931168,31.843160318620146,0.7742402021793782,0.0,0.2,Train010,10.0
127,3,1,6.944444444444444e-05,0.0,10.092908726324005,0.0,10.083630301907842,0.43267365571895045,10.092908726324005,-9.167614789883984,1.1102230246251565e-16,0.0,-1.000088900581841e-12,0,0,1.0,6.944444444444444e-05,0.0,11.10347229546064,0.0,11.096592966129986,0.36601311691122546,11.10347229546064,-3.096100102792691,4.4408920985006264e-17,0.0,-1.000088900581841e-12,0.0,0.0,Train010,10.0
127,4,2,0.0001388888888888889,0.0,8.823749262038966,1.6929652285926293,8.820922664152224,-0.19302593906419524,8.823034379401793,-8.057635114345088,8.411456688628416e-05,19.026859579432205,0.6931471805579453,0,0,2.0,0.0001388888888888889,0.0,9.72356070968593,1.4208590756141737,9.719174837324118,-0.07062476730582842,9.721034661802879,-2.8966726440403994,0.0002713907643350222,19.93208684897021,0.6931471805579453,0.0,0.0,Train010,10.0
127,5,2,0.0001388888888888889,0.0,10.230352311098105,0.11433742847652173,-10.208679856586151,-0.5890009308180078,10.225657265465744,-8.817856282899443,0.0004589902824031489,28.68600647337513,0.6931471805579453,0,0,2.0,0.0001388888888888889,0.0,10.692018340962866,0.23135596018612326,-10.673970656611294,-0.55613951251128,10.688776452398363,0.9542228313925328,0.00029627208984142064,28.817119050794815,0.6931471805579453,0.0,0.0,Train010,10.0
128,0,2,0.0001388888888888889,0.0,7.861344622585031,0.4607557172462644,-7.8564355862751025,0.1354429447510732,7.857603000443116,-7.735613889447541,0.00047759293140658965,101.06591855597108,0.6931471805579453,0,0,2.0,0.0001388888888888889,0.2,9.188524835586893,0.6325548131159313,-9.184538576026146,0.16644870962235173,9.186051224706056,-1.2818314240129434,0.0002847170295069201,101.1986941162768,0.6931471805579453,0.2,0.0,Train010,10.0
128,1,0,0.0,0.0,0.0,0.0,0.0,0.0,0.0,0.0,0.0,0.0,0.0,0,0,0.0,0.0,-0.2,0.0,0.0,0.0,0.0,0.0,0.0,0.0,0.0,0.0,0.0,0.2,Train010,10.0
128,2,2,0.0001388888888888889,0.0,9.150016764744414,0.01986592498749129,-9.14901474606976,-0.12213699541623352,9.149829958499295,-8.826374237793084,2.041604190561319e-05,31.96514440991133,0.6931471805579453,0,0,2.0,0.0001388888888888889,-0.2,10.504012165680141,0.18424271724679642,-10.502687865833877,-0.1509225072698316,10.50377954048049,2.081766200703463,2.2068583325296486e-05,32.25840047872125,0.6931471805579453,0.0,0.2,Train010,10.0
128,3,1,6.944444444444444e-05,0.0,9.180127428134123,0.0,9.17150676963904,0.3977476225519225,9.180127428134123,-9.127812981898824,0.0,0.0,-1.000088900581841e-12,0,0,1.0,6.944444444444444e-05,0.0,10.814651127034605,0.0,10.806132063345776,0.42662443422877594,10.814651127034605,-2.888211684260346,4.4408920985006264e-17,0.0,-1.000088900581841e-12,0.0,0.0,Train010,10.0
128,4,2,0.0001388888888888889,0.0,8.022847028017775,1.5559444819891008,8.020056065637208,-0.18091900467438546,8.022096420650685,-8.009022340211892,9.721540534879392e-05,19.003861651594637,0.6931471805579453,0,0,2.0,0.0001388888888888889,0.0,9.461096028008168,1.6673495806300074,9.459055528672659,-0.15921319772596715,9.460586967454613,-2.624646816777632,5.841004585862564e-05,19.31711282172364,0.6931471805579453,0.0,0.0,Train010,10.0
128,5,2,0.0001388888888888889,0.0,9.315332778277217,0.11125065370571008,-9.29536951468598,-0.5381495261716609,9.310934396024507,-9.150195328208897,0.00047223324520850873,28.680082620752085,0.6931471805579453,0,0,2.0,0.0001388888888888889,0.0,10.78332889671739,0.1475525333631369,-10.762493375446807,-0.6014300148725858,10.779315032229363,0.9131055575452433,0.00037851753129802823,28.7289226227702,0.6931471805579453,0.0,0.0,Train010,10.0
129,0,2,0.0001388888888888889,0.0,9.63264944406989,0.562277119425711,-9.629261491631294,0.1225210836071823,9.630040928788496,17.713048214848598,0.0002717253304437284,101.381605283276,0.6931471805579453,0,0,2.0,0.0001388888888888889,0.0,9.105732590963012,0.5654430219254653,-9.101490700047345,0.15100700967166258,9.102762123703608,-0.8279224462388257,0.000336569044490842,101.17821761296538,0.6931471805579453,0.0,0.0,Train010,10.0
129,1,0,0.0,0.0,0.0,0.0,0.0,0.0,0.0,0.0,0.0,0.0,0.0,0,0,0.0,0.0,0.0,0.0,0.0,0.0,0.0,0.0,0.0,0.0,0.0,0.0,0.0,0.0,Train010,10.0
129,2,2,0.0001388888888888889,0.0,9.6661087776211,1.5820098934754316,-9.666035725442926,-0.028665209447287975,9.666078229549543,21.17967831339607,3.2473117914655347e-06,31.526349115386846,0.6931471805579453,1,1,2.0,0.0001388888888888889,0.0,10.226627455282323,0.3895295619543043,-10.225647250077445,-0.1201161600090543,10.226445415116318,0.4299045329476563,1.7575723526497277e-05,31.979281982626862,0.6931471805579453,0.2,0.2,Train010,10.0
129,3,1,6.944444444444444e-05,0.0,11.557309863339862,0.0,11.555080790550601,-0.22697841549661396,11.557309863339862,23.771824352057394,0.0,0.0,-1.000088900581841e-12,0,0,1.0,6.944444444444444e-05,0.0,10.724449445306204,0.0,10.716704689337933,0.3046836143696472,10.724449445306204,-0.9020168172840087,2.2204460492503132e-17,0.0,-1.000088900581841e-12,0.0,0.0,Train010,10.0
129,4,1,6.944444444444444e-05,-1.0,12.823123012835527,0.0,12.82274853964302,-0.09799842547132558,12.823123012835527,32.443315028286506,0.0,0.0,-1.000088900581841e-12,0,1,1.8,0.00012499999999999998,-0.2,9.922057879414366,1.3695358067552614,9.920061497398045,-0.16690183997929203,9.921634108723321,1.4977295500837797,5.013550444497028e-05,15.301784760445102,0.5545177444461563,0.0,0.2,Train010,10.0
129,5,2,0.0001388888888888889,0.0,12.019680765809682,0.20113843517909125,-12.001329464699863,-0.6326017974669229,12.017990429120479,27.04347987532465,0.00014067014196983418,27.9341436152185,0.6931471805579453,0,0,2.0,0.0001388888888888889,0.0,10.883603201219369,0.13952584869591647,-10.862570632077729,-0.6093248799799686,10.87966763167481,1.0027430450197912,0.00037048782627735477,28.54778637120494,0.6931471805579453,0.0,0.0,Train010,10.0
130,0,2,0.0001388888888888889,0.0,9.679900353173196,0.5643722094401893,-9.677103627792741,0.11081675140374175,9.67773811256696,0.4725090910330465,0.00022413625432582407,101.49814475681221,0.6931471805579453,0,0,2.0,0.0001388888888888889,0.0,9.041362505646472,0.5385393667706058,-9.037205426531916,0.13674551085637074,9.038272033481535,-0.6437008531653816,0.00035000415044830204,101.23194039158341,0.6931471805579453,0.0,0.0,Train010,10.0
130,1,0,0.0,0.0,0.0,0.0,0.0,0.0,0.0,0.0,0.0,0.0,0.0,0,0,0.0,0.0,0.0,0.0,0.0,0.0,0.0,0.0,0.0,0.0,0.0,0.0,0.0,0.0,Train010,10.0
130,2,2,0.0001388888888888889,0.0,9.462990049686283,1.8544973843511179,-9.462930697075356,-0.02591754050097616,9.462966189126785,-2.031187279348159,2.6221672032589183e-06,32.296207183303515,0.6931471805579453,0,0,2.0,0.0001388888888888889,0.0,9.835733192590826,0.7168360681192879,-9.835031538307248,-0.09224782480605342,9.835597583502492,-0.7051909899891013,1.3613883199514732e-05,31.974821754046708,0.6931471805579453,0.2,0.2,Train010,10.0
130,3,1,6.944444444444444e-05,0.0,11.709343173686584,0.0,11.701430679400318,-0.43039239578507915,11.709343173686584,1.5203331034672196,1.1102230246251565e-16,0.0,-1.000088900581841e-12,0,0,1.0,6.944444444444444e-05,0.0,10.709871879359394,0.0,10.702342145055,0.12658182444132335,10.709871879359394,-0.14577565946809087,4.4408920985006264e-17,0.0,-1.000088900581841e-12,0.0,0.0,Train010,10.0
130,4,1,6.944444444444444e-05,0.0,13.190891952402534,0.0,13.190594319497455,-0.08861150263585381,13.190891952402534,3.677689395670072,0.0,0.0,-1.000088900581841e-12,0,0,1.6,0.00011111111111111112,-0.2,10.498024805753655,1.0096776356437727,10.49626640601327,-0.15111767041771704,10.497626318827812,2.647780299414697,4.760638870477951e-05,11.42861365811988,0.4158883083343672,0.0,0.2,Train010,10.0
130,5,2,0.0001388888888888889,0.0,12.245339881906144,0.28933753951483965,-12.223976698413411,-0.6282738209798541,12.240111695465963,2.256591160964625,0.00042719170259264416,27.660424453103793,0.6931471805579453,0,0,2.0,0.0001388888888888889,0.0,10.98456873529584,0.16759491249674258,-10.963728338076361,-0.6043778230349623,10.980416191741469,1.0096553407647022,0.00038533326912428836,28.3322247938632,0.6931471805579453,0.0,0.0,Train010,10.0
131,0,2,0.0001388888888888889,0.0,9.126005602054992,0.5319067743118611,-9.123564698951544,0.10022511676990321,9.124115183949966,-5.538947511182037,0.00020785245000365382,101.53870432346412,0.6931471805579453,0,0,2.0,0.0001388888888888889,0.0,8.98696120668258,0.5271228352673678,-8.983245691286506,0.12373653172318899,8.984131636085996,-0.544012989638939,0.00032331496183368724,101.31401938058116,0.6931471805579453,0.0,0.0,Train010,10.0
131,1,0,0.0,0.0,0.0,0.0,0.0,0.0,0.0,0.0,0.0,0.0,0.0,0,0,0.0,0.0,0.0,0.0,0.0,0.0,0.0,0.0,0.0,0.0,0.0,0.0,0.0,0.0,Train010,10.0
131,2,2,0.0001388888888888889,0.0,8.780648830431648,1.892402085978639,-8.780597377673907,-0.023434061871159467,8.780628648568943,-6.823412192546345,2.410408240116624e-06,32.568603402141925,0.6931471805579453,0,0,2.0,0.0001388888888888889,0.0,9.418483722201433,1.0775733152227587,-9.418023226892666,-0.06704954150693562,9.418390044397423,-0.9687430669680825,9.865619768945066e-06,32.07105449789333,0.6931471805579453,0.2,0.2,Train010,10.0
131,3,1,6.944444444444444e-05,0.0,11.073052252208806,0.0,11.06283275453052,-0.47562340715442697,11.073052252208806,-6.362909214777783,0.0,0.0,-1.000088900581841e-12,0,0,1.0,6.944444444444444e-05,0.0,10.722548288738675,0.0,10.714896259205664,-0.06051458803304943,10.722548288738675,0.12676409379280643,4.4408920985006264e-17,0.0,-1.000088900581841e-12,0.0,0.0,Train010,10.0
131,4,1,6.944444444444444e-05,0.0,12.539861287061736,0.0,12.539605293270043,-0.08012607405556024,12.539861287061736,-6.51030665340798,0.0,0.0,-1.000088900581841e-12,0,0,1.4,9.722222222222222e-05,-0.2,11.080094508471309,0.649781942116346,11.07878537643999,-0.12813618918026407,11.079801410470456,2.7088080631983233,3.626599444701561e-05,7.606144246205369,0.27725887222257806,0.0,0.2,Train010,10.0
131,5,2,0.0001388888888888889,0.0,11.597251564969842,0.297554011659626,-11.575657469532805,-0.5897722038827855,11.590671986749664,-6.480883169363025,0.0005677132706775057,27.56014736116463,0.6931471805579453,0,0,2.0,0.0001388888888888889,0.0,11.081591460412199,0.20272361370715775,-11.061002600783642,-0.5955596558638462,11.077073154565271,0.9702272511635801,0.00041335972857032833,28.104160904722825,0.6931471805579453,0.0,0.0,Train010,10.0
132,0,2,0.0001388888888888889,0.0,8.396140292414877,0.48934928160806734,-8.393964728492367,0.0906440497202311,8.394454133946033,-7.298653096401155,0.0002015099995323899,101.55050490484552,0.6931471805579453,0,0,2.0,0.0001388888888888889,0.0,8.939208062859597,0.5217322204064186,-8.93606602662861,0.11192998925042633,8.936790271938914,-0.4775314382298184,0.0002765633931424372,101.40697556487378,0.6931471805579453,0.0,0.0,Train010,10.0
132,1,0,0.0,0.0,0.0,0.0,0.0,0.0,0.0,0.0,0.0,0.0,0.0,0,0,0.0,0.0,0.0,0.0,0.0,0.0,0.0,0.0,0.0,0.0,0.0,0.0,0.0,0.0,Train010,10.0
132,2,2,0.0001388888888888889,0.0,7.984426411815466,1.83504559448658,-7.984380687096316,-0.021189396143976323,7.98440880384926,-7.962224186161828,2.3282704176841307e-06,32.660936281367164,0.6931471805579453,0,0,2.0,0.0001388888888888889,0.0,9.008838166859782,1.436764176655852,-9.008591846671653,-0.04426864067592669,9.008782365918766,-0.8927039164906692,6.20483991162768e-06,32.203448078422156,0.6931471805579453,0.2,0.2,Train010,10.0
132,3,1,6.944444444444444e-05,0.0,10.200007449941095,0.0,10.18948017956162,-0.4632986608816448,10.200007449941095,-8.730448022677102,0.0,0.0,-1.000088900581841e-12,0,0,1.0,6.944444444444444e-05,0.0,10.743968033462092,0.0,10.736066234736418,-0.23970905135316847,10.743968033462092,0.2141974472341829,2.2204460492503132e-17,0.0,-1.000088900581841e-12,0.0,0.0,Train010,10.0
132,4,1,6.944444444444444e-05,0.0,11.574180111452616,0.0,11.573953320467066,-0.07245542074067733,11.574180111452616,-9.656811756091201,0.0,0.0,-1.000088900581841e-12,0,0,1.2,8.333333333333333e-05,-0.2,11.630180678354037,0.31118889639782016,11.629391507702959,-0.1040220855155605,11.630030556880621,2.3889727348491,1.9443081069758782e-05,3.800772330318927,0.13862943611078898,0.0,0.2,Train010,10.0
132,5,2,0.0001388888888888889,0.0,10.685634947627985,0.27933619596034465,-10.66517317871042,-0.5416431069662315,10.678918306046176,-9.116166173418572,0.0006289973527628945,27.524809055316535,0.6931471805579453,0,0,2.0,0.0001388888888888889,0.0,11.172647987718175,0.23572336720392234,-11.152301265208497,-0.5860880910934909,11.167725362681358,0.9105652730597544,0.00044736114264227745,27.871921421111107,0.6931471805579453,0.0,0.0,Train010,10.0
133,0,2,0.0001388888888888889,0.0,7.648217328511642,0.4457849819253443,-7.646261722129026,0.08197844202406915,7.646701170325164,-7.479229639032354,0.0001989126350121495,101.55162863545469,0.6931471805579453,0,0,2.0,0.0001388888888888889,0.0,8.89658260404492,0.5187380733422347,-8.894031253799394,0.1012370887050255,8.894609905915322,-0.426254588146781,0.00022082733386354913,101.5041175807705,0.6931471805579453,0.0,0.0,Train010,10.0
133,1,0,0.0,0.0,0.0,0.0,0.0,0.0,0.0,0.0,0.0,0.0,0.0,0,0,0.0,0.0,0.0,0.0,0.0,0.0,0.0,0.0,0.0,0.0,0.0,0.0,0.0,0.0,Train010,10.0
133,2,2,0.0001388888888888889,0.0,7.207454947557149,1.7364995625950095,-7.207413900326431,-0.01916045091940355,7.207439368700793,-7.769714642583172,2.2946940173573793e-06,32.686686643909105,0.6931471805579453,0,0,2.0,0.0001388888888888889,0.0,8.620325803422329,1.7800909041773558,-8.620271677522988,-0.023673331776560693,8.620304247959066,-0.6813719974486867,2.5805703339765174e-06,32.34775652522171,0.6931471805579453,0.2,0.2,Train010,10.0
133,3,1,6.944444444444444e-05,0.0,9.296153804413004,0.0,9.286123345999584,-0.4317276435252321,9.296153804413004,-9.038536455280912,0.0,0.0,-1.000088900581841e-12,0,0,1.0,6.944444444444444e-05,0.0,10.767173308717869,0.0,10.758989550008527,-0.4056041045685994,10.767173308717869,0.23205275255776528,2.2204460492503132e-17,0.0,-1.000088900581841e-12,0.0,0.0,Train010,10.0
133,4,1,6.944444444444444e-05,0.0,10.556509305115187,0.0,10.55630596937666,-0.06552091182360739,10.556509305115187,-10.176708063374296,0.0,0.0,-1.000088900581841e-12,0,0,1.0,6.944444444444444e-05,-0.2,12.136913133773522,0.0,12.136641488450849,-0.08094246694540487,12.13691313377352,1.9554355902166194,0.0,0.0,-1.000088900581841e-12,0.0,0.2,Train010,10.0
133,5,2,0.0001388888888888889,0.0,9.73730063687751,0.25407943124459376,-9.718428400632824,-0.49300438633346777,9.730925130899463,-9.483343107504751,0.000655197109020289,27.513820260365684,0.6931471805579453,0,0,2.0,0.0001388888888888889,0.0,11.257041559438232,0.2642891227116991,-11.236913042397864,-0.5770590631258524,11.25172350965635,0.8439357172005835,0.0004839539154046335,27.638668949033832,0.6931471805579453,0.0,0.0,Train010,10.0
134,0,2,0.0001388888888888889,0.0,9.445701938838184,0.8447427091488997,-9.4401146551124,-0.07317177011522749,9.440398233634516,17.97484610326542,0.0005660223335077763,102.53294608103975,0.6931471805579453,0,0,2.0,0.0001388888888888889,0.0,8.859193102998578,0.5752311912868724,-8.856201886495615,0.06209851796054355,8.856681366884528,-0.37389501046341633,0.0002796867344763587,101.73438574032325,0.6931471805579453,0.0,0.0,Train010,10.0
134,1,0,0.0,0.0,0.0,0.0,0.0,0.0,0.0,0.0,0.0,0.0,0.0,0,0,0.0,0.0,0.0,0.0,0.0,0.0,0.0,0.0,0.0,0.0,0.0,0.0,0.0,0.0,Train010,10.0
134,2,1,6.944444444444444e-05,-1.0,7.638176683353691,0.0,-7.630383956518305,-0.3449401719661676,7.638176683353691,21.67221298391551,0.0,0.0,-1.000088900581841e-12,0,1,1.8,0.000125,-0.2,8.214739384568848,1.4636889254822694,-8.213141323738062,-0.08692832428033662,8.214723938719896,-0.5828650633447985,1.9311079756834106e-06,26.042486702144345,0.5545177444461563,0.0,0.2,Train010,10.0
134,3,1,6.944444444444444e-05,0.0,13.144476872530182,0.0,13.13853036303398,-0.3953380226022307,13.144476872530182,38.48323068117178,1.1102230246251565e-16,0.0,-1.000088900581841e-12,0,0,1.0,6.944444444444444e-05,0.0,11.084606710555935,0.0,11.075679464505205,-0.4392760259897227,11.084606710555935,3.174334018380643,4.4408920985006264e-17,0.0,-1.000088900581841e-12,0.0,0.0,Train010,10.0
134,4,2,0.0001388888888888889,1.0,11.611686470296918,0.9198727699024154,11.610085870713124,0.045195860355912734,11.61017383983228,19.750499350841473,0.00013109068359018483,18.648898753885774,0.6931471805579453,1,0,1.2,8.333333333333333e-05,0.2,11.894625825265798,0.18397455398048307,11.894108954664869,-0.052303609779957204,11.894323299172871,-0.5831275452723872,2.6218136718036966e-05,3.729779750777155,0.13862943611078898,0.2,0.0,Train010,10.0
134,5,2,0.0001388888888888889,0.0,11.500803755634193,0.2534165153992003,-11.476683854417729,-0.743857598243058,11.500765036323301,17.635031187566838,3.368296699224338e-06,27.553108091162088,0.6931471805579453,0,0,2.0,0.0001388888888888889,0.0,11.153266157403134,0.27474473875572086,-11.131983920341437,-0.5993102232810793,11.148278431096912,-1.0377540203509787,0.0004564935463505115,27.562461844222547,0.6931471805579453,0.0,0.0,Train010,10.0
135,0,2,0.0001388888888888889,0.0,9.518534726335735,0.9296336493031543,-9.506478279478088,-0.12269677089318762,9.507270048535293,0.7283278749755162,0.001194850548271842,102.9038424798938,0.6931471805579453,0,0,2.0,0.0001388888888888889,0.0,8.826919977631087,0.6482834792594654,-8.822076816832684,0.015395813501157674,8.822587754078194,-0.3227312536749224,0.00047382959326556227,102.01552528493957,0.6931471805579453,0.0,0.0,Train010,10.0
135,1,0,0.0,0.0,0.0,0.0,0.0,0.0,0.0,0.0,0.0,0.0,0.0,0,0,0.0,0.0,0.0,0.0,0.0,0.0,0.0,0.0,0.0,0.0,0.0,0.0,0.0,0.0,Train010,10.0
135,2,1,6.944444444444444e-05,0.0,7.846175939721203,0.0,-7.834047781419264,-0.43608741726836486,7.846175939721203,2.0799925636751215,0.0,0.0,-1.000088900581841e-12,0,0,1.6,0.00011111111111111112,-0.2,7.891376562575831,1.0927894486120457,-7.887364740606844,-0.16896229963381434,7.891365888838777,0.23937090525985755,1.4066745350316268e-06,19.583245265483637,0.4158883083343672,0.0,0.2,Train010,10.0
135,3,1,6.944444444444444e-05,0.0,13.70609636573533,0.0,13.70138294821788,-0.3594202180005468,13.70609636573533,5.6161949320514815,0.0,0.0,-1.000088900581841e-12,0,0,1.0,6.944444444444444e-05,0.0,11.483957348965685,0.0,11.475669918268718,-0.4250815904328163,11.483957348965685,3.9935063840974956,2.2204460492503132e-17,0.0,-1.000088900581841e-12,0.0,0.0,Train010,10.0
135,4,2,0.0001388888888888889,0.0,11.419390845459503,1.0599691228077814,11.416851282605137,0.09809579686458401,11.417272703867814,-1.9229562483741436,0.00018709856235843425,18.295582798352463,0.6931471805579453,0,0,1.4,9.722222222222222e-05,0.2,11.540325603877193,0.39596837854203937,11.539360347286406,-0.014962149879869643,11.539599449465927,-1.7032566740812303,6.363784918972382e-05,7.388896310447647,0.27725887222257806,0.2,0.0,Train010,10.0
135,5,2,0.0001388888888888889,0.0,11.43532412592795,0.23744299966467253,-11.407920489239316,-0.7867352223582511,11.4350164931628,-0.6547962970624255,2.691357539164052e-05,27.574236400123286,0.6931471805579453,0,0,2.0,0.0001388888888888889,0.0,10.991263006207495,0.26436583078568743,-10.96877267850662,-0.6310025035567588,10.98725939063628,-1.6200315119563888,0.0003764379209103108,27.54522423362645,0.6931471805579453,0.0,0.0,Train010,10.0
136,0,2,0.0001388888888888889,0.0,8.98364438354578,0.9039340086524197,-8.969467261741705,-0.13265261657260746,8.970448131288638,-5.348903427899563,0.0014839548758477372,103.03917536329419,0.6931471805579453,0,0,2.0,0.0001388888888888889,0.0,8.798447733929242,0.7226889261275771,-8.791257329390717,-0.031179733167344466,8.791854343545928,-0.2847224370184275,0.000729050078434379,102.3156194929056,0.6931471805579453,0.0,0.0,Train010,10.0
136,1,0,0.0,0.0,0.0,0.0,0.0,0.0,0.0,0.0,0.0,0.0,0.0,0,0,0.0,0.0,0.0,0.0,0.0,0.0,0.0,0.0,0.0,0.0,0.0,0.0,0.0,0.0,Train010,10.0
136,2,1,6.944444444444444e-05,0.0,7.401762223722017,0.0,-7.388793743132897,-0.4379623704822636,7.401762223722017,-4.444137159991861,1.1102230246251565e-16,0.0,-1.000088900581841e-12,0,0,1.4,9.722222222222222e-05,-0.2,7.615599241233904,0.7143090314163179,-7.609004013698643,-0.2518679613560352,7.615592603869392,0.7152259117707545,9.245928870305065e-07,13.069524585055253,0.27725887222257806,0.0,0.2,Train010,10.0
136,3,1,6.944444444444444e-05,0.0,13.0935974332975,0.0,13.089543906405957,-0.32578223942613893,13.0935974332975,-6.124989324378305,0.0,0.0,-1.000088900581841e-12,0,0,1.0,6.944444444444444e-05,0.0,11.888066385183423,0.0,11.881012148643803,-0.39511335688715865,11.888066385183423,4.041090362177391,2.2204460492503132e-17,0.0,-1.000088900581841e-12,0.0,0.0,Train010,10.0
136,4,2,0.0001388888888888889,0.0,10.689600167232136,1.0361424620571986,10.68680047271921,0.1104021147685048,10.687370722991547,-7.297906782273689,0.00021054030613176788,18.18101432431105,0.6931471805579453,0,0,1.6,0.00011111111111111112,0.2,11.170273379911272,0.6031968709534791,11.168799383176239,0.023143487884943366,11.169101336651888,-1.860776699854372,0.00010574591041607739,11.025099175309858,0.4158883083343672,0.2,0.0,Train010,10.0
136,5,2,0.0001388888888888889,0.0,10.737531243929347,0.21640919193540853,-10.710294608518407,-0.7550863323140504,10.736878781587595,-6.977928819986037,6.078934482034448e-05,27.5846090158819,0.6931471805579453,0,0,2.0,0.0001388888888888889,0.0,10.819318941999398,0.24813686684084396,-10.79570010630374,-0.6640653292430118,10.816500749603867,-1.7194406420809911,0.00027505313573887856,27.550116564569898,0.6931471805579453,0.0,0.0,Train010,10.0
137,0,2,0.0001388888888888889,0.0,8.268872548167154,0.8417225282122978,-8.254713299549277,-0.1282916340661568,8.255710169399546,-7.147718353786248,0.0016084788925355697,103.08451982604588,0.6931471805579453,0,0,2.0,0.0001388888888888889,0.0,8.7729941850797,0.7931635754484232,-8.763407043602099,-0.07496686992462205,8.764105550636632,-0.25453548849544594,0.001010443857035015,102.62242247714566,0.6931471805579453,0.0,0.0,Train010,10.0
137,1,0,0.0,0.0,0.0,0.0,0.0,0.0,0.0,0.0,0.0,0.0,0.0,0,0,0.0,0.0,0.0,0.0,0.0,0.0,0.0,0.0,0.0,0.0,0.0,0.0,0.0,0.0,Train010,10.0
137,2,1,6.944444444444444e-05,0.0,6.776593347547094,0.0,-6.764151970723779,-0.4104455079217624,6.776593347547094,-6.251688761749223,0.0,0.0,-1.000088900581841e-12,0,0,1.2,8.333333333333333e-05,-0.2,7.37403262838023,0.3472999125190019,-7.364958270424135,-0.32971918371159237,7.374029512608959,1.0573329966532754,4.5893880349368035e-07,6.537337328781821,0.13862943611078898,0.0,0.2,Train010,10.0
137,3,1,6.944444444444444e-05,0.0,12.10970278031511,0.0,12.106111072693238,-0.2949171463067265,12.10970278031511,-9.838946529823893,0.0,0.0,-1.000088900581841e-12,0,0,1.0,6.944444444444444e-05,0.0,12.270005451258225,0.0,12.264338327270128,-0.361437053972175,12.270005451258225,3.819390660748033,2.2204460492503132e-17,0.0,-1.000088900581841e-12,0.0,0.0,Train010,10.0
137,4,2,0.0001388888888888889,0.0,9.805886525598792,0.967256177115198,9.803150290482241,0.1081751086290053,9.803747113828924,-8.837136416333431,0.0002203202044178676,18.145820393532635,0.6931471805579453,0,0,1.8,0.000125,0.2,10.816614662740509,0.7966481063765187,10.814638777179274,0.05926959375887989,10.81501473712715,-1.696841631902818,0.0001498099512996509,14.654263254016385,0.5545177444461562,0.2,0.0,Train010,10.0
137,5,2,0.0001388888888888889,0.0,9.861714981432964,0.19523323431613182,-9.836101464871149,-0.6995118706324528,9.860943610243194,-8.758162624963814,7.82494364307551e-05,27.590121419634194,0.6931471805579453,0,0,2.0,0.0001388888888888889,0.0,10.654534948760393,0.23131627451200137,-10.629885763535885,-0.6956390819762561,10.65290581044327,-1.6478399323900397,0.0001649035524724507,27.56317903743343,0.6931471805579453,0.0,0.0,Train010,10.0
138,0,2,0.0001388888888888889,0.0,7.533719754019014,0.7705504825553002,-7.520388419542689,-0.11921978886534393,7.521333348472788,-7.351527941481399,0.001661524715901197,103.09592633842105,0.6931471805579453,0,0,2.0,0.0001388888888888889,0.0,8.750094670181173,0.8581166755744143,-8.738232383084831,-0.11520651610250465,8.739031986266157,-0.228995148985255,0.0013029662732128243,102.93128201773894,0.6931471805579453,0.0,0.0,Train010,10.0
138,1,0,0.0,0.0,0.0,0.0,0.0,0.0,0.0,0.0,0.0,0.0,0.0,0,0,0.0,0.0,0.0,0.0,0.0,0.0,0.0,0.0,0.0,0.0,0.0,0.0,0.0,0.0,Train010,10.0
138,2,1,6.944444444444444e-05,0.0,6.1364106939515715,0.0,-6.124931229199802,-0.3751714840125915,6.1364106939515715,-6.401826535955228,0.0,0.0,-1.000088900581841e-12,0,0,1.0,6.944444444444444e-05,-0.2,7.159823777659115,0.0,-7.14846173619881,-0.40092139033022994,7.159823777659115,1.330910617978864,2.2204460492503132e-17,0.0,-1.000088900581841e-12,0.0,0.2,Train010,10.0
138,3,1,6.944444444444444e-05,0.0,11.054885607502326,0.0,11.051664857857963,-0.26683265270465506,11.054885607502326,-10.548171728127844,0.0,0.0,-1.000088900581841e-12,0,0,1.0,6.944444444444444e-05,0.0,12.62175181187609,0.0,12.617446629641803,-0.3284580558080596,12.62175181187609,3.5174636061786466,2.2204460492503132e-17,0.0,-1.000088900581841e-12,0.0,0.0,Train010,10.0
138,4,2,0.0001388888888888889,0.0,8.919303780958863,0.8883864132137402,8.916749246442045,0.10105289302009218,8.917321840727322,-8.8658274463993,0.00022443474769318073,18.13699653628274,0.6931471805579453,0,0,2.0,0.0001388888888888889,0.2,10.489173557909243,0.9743253890192667,10.48672743259235,0.0925843547276198,10.487177244249576,-1.4346655085078186,0.00019469690083828706,18.28166256127293,0.6931471805579453,0.2,0.0,Train010,10.0
138,5,2,0.0001388888888888889,0.0,8.976018306338464,0.17556738868343214,-8.952473375287816,-0.6389450151405329,8.975245415453005,-8.856966750945023,8.613916284472278e-05,27.59351652335065,0.6931471805579453,0,0,2.0,0.0001388888888888889,0.0,10.502278482652581,0.21561386599976906,-10.476694758466884,-0.724827207737669,10.50176986735398,-1.522564661078094,5.109196323733744e-05,27.579118290030426,0.6931471805579453,0.0,0.0,Train010,10.0
139,0,1,6.944444444444444e-05,-1.0,8.708557601869076,0.0,-8.70852844858649,-0.022533646652391735,8.708557601869076,4.042873652947616,0.0,0.0,-1.000088900581841e-12,0,1,1.8,0.000125,-0.2,8.602665802787351,0.6891681337446344,-8.59191514177965,-0.10507889140993751,8.592663859913069,-3.0153896390488155,0.0011897618065112691,82.424692801531,0.5545177444461562,0.0,0.2,Train010,10.0
139,1,0,0.0,0.0,0.0,0.0,0.0,0.0,0.0,0.0,0.0,0.0,0.0,0,0,0.0,0.0,0.0,0.0,0.0,0.0,0.0,0.0,0.0,0.0,0.0,0.0,0.0,0.0,Train010,10.0
139,2,0,0.0,-1.0,0.0,0.0,0.0,0.0,0.0,0.0,0.0,0.0,0.0,0,1,0.8,5.555555555555556e-05,-0.2,5.632188440988377,0.0,-5.622384944895148,-0.33193335593699647,5.632188440988377,-3.0035319788042383,2.2204460492503132e-17,0.0,-8.000711204654728e-13,0.0,0.2,Train010,10.0
139,3,1,6.944444444444444e-05,0.0,12.68575427254482,0.0,12.685642795130159,0.053182118718966,12.68575427254482,16.308686650424935,0.0,0.0,-1.000088900581841e-12,0,0,1.0,6.944444444444444e-05,0.0,12.530007291879018,0.0,12.52686911606104,-0.23875402754382025,12.530007291879018,-0.917445199970723,0.0,0.0,-1.000088900581841e-12,0.0,0.0,Train010,10.0
139,4,2,0.0001388888888888889,0.0,10.44501051107026,1.3921518497219303,10.444791537850485,-0.05468356619966333,10.444934684408773,15.257067301113976,7.390902966863955e-06,16.910723997869017,0.6931471805579453,0,0,2.0,0.0001388888888888889,0.0,10.25583836606391,1.0687812049831698,10.253668566019822,0.07260846941650459,10.254129413164877,-2.333351918453318,0.0001699569447136229,17.93402761006958,0.6931471805579453,0.0,0.0,Train010,10.0
139,5,1,6.944444444444444e-05,-1.0,12.12751400381067,0.0,-12.107289142520091,-0.7001039437390871,12.12751400381067,29.759283087887756,1.1102230246251565e-16,0.0,-1.000088900581841e-12,0,1,1.8,0.000125,-0.2,10.62762053228788,0.164930562919929,-10.602815816087356,-0.7160764768368748,10.627119660851454,0.9022857189860893,5.041830389751478e-05,22.06849667179801,0.5545177444461562,0.0,0.2,Train010,10.0
140,0,1,6.944444444444444e-05,0.0,8.338714624011995,0.0,-8.337662545748758,-0.13245698898079808,8.338714624011995,-3.6984297785708087,0.0,0.0,-1.000088900581841e-12,0,0,1.6,0.00011111111111111112,-0.2,8.366701782322604,0.5032414038840035,-8.358151995033785,-0.1070309350274596,8.35895277500841,-3.9007411697580805,0.0009507916968569008,61.84392430555223,0.4158883083343672,0.0,0.2,Train010,10.0
140,1,0,0.0,0.0,0.0,0.0,0.0,0.0,0.0,0.0,0.0,0.0,0.0,0,0,0.0,0.0,0.0,0.0,0.0,0.0,0.0,0.0,0.0,0.0,0.0,0.0,0.0,0.0,Train010,10.0
140,2,0,0.0,0.0,0.0,0.0,0.0,0.0,0.0,0.0,0.0,0.0,0.0,0,0,0.6,4.1666666666666665e-05,-0.2,4.062953253044137,0.0,-4.055575388611296,-0.24471587248332352,4.062953253044137,-3.4195304915392626,2.2204460492503132e-17,0.0,-6.000533403491046e-13,0.0,0.2,Train010,10.0
140,3,1,6.944444444444444e-05,0.0,12.506400412116449,0.0,12.505362750722506,0.1611016481247636,12.506400412116449,-1.793538604283711,0.0,0.0,-1.000088900581841e-12,0,0,1.0,6.944444444444444e-05,0.0,12.29006810115524,0.0,12.287665076561964,-0.13464965431875817,12.29006810115524,-2.3993919072377614,0.0,0.0,-1.000088900581841e-12,0.0,0.0,Train010,10.0
140,4,2,0.0001388888888888889,0.0,10.358351739629985,1.4877600590129108,10.35780768822444,-0.10548583749658103,10.358344817979061,-0.8665877144027423,6.822946005957675e-07,16.45497016215856,0.6931471805579453,0,0,2.0,0.0001388888888888889,0.0,10.043630544898006,1.1543393922241956,10.041859847143684,0.031892142544271584,10.042343835987126,-2.1220782116590375,0.0001326736911620552,17.565905082830803,0.6931471805579453,0.0,0.0,Train010,10.0
140,5,1,6.944444444444444e-05,0.0,12.444736770589568,0.0,-12.428530282752746,-0.6349081035567412,12.444736770589568,3.172227667788974,1.1102230246251565e-16,0.0,-1.000088900581841e-12,0,0,1.6,0.00011111111111111112,-0.2,10.829503061220203,0.1174419629869945,-10.806937774790041,-0.6857110530765729,10.829063716336806,1.6676905119563692,4.5035588819208884e-05,16.553649391773348,0.4158883083343672,0.0,0.2,Train010,10.0
141,0,1,6.944444444444444e-05,0.0,7.719517119513069,0.0,-7.717800247007995,-0.16280020190001515,7.719517119513069,-6.19197504498926,1.1102230246251565e-16,0.0,-1.000088900581841e-12,0,0,1.4,9.722222222222222e-05,-0.2,8.113876329516064,0.3224546021535196,-8.107818592087042,-0.11306045209294116,8.108766572653295,-4.069355493176021,0.0006540007216873755,41.23608923289339,0.2772588722225781,0.0,0.2,Train010,10.0
141,1,0,0.0,0.0,0.0,0.0,0.0,0.0,0.0,0.0,0.0,0.0,0.0,0,0,0.0,0.0,0.0,0.0,0.0,0.0,0.0,0.0,0.0,0.0,0.0,0.0,0.0,0.0,Train010,10.0
141,2,0,0.0,0.0,0.0,0.0,0.0,0.0,0.0,0.0,0.0,0.0,0.0,0,0,0.4,2.7777777777777772e-05,-0.2,2.582600808299733,0.0,-2.5778166399847167,-0.15712339838687078,2.582600808299733,-2.5307030595408904,0.0,0.0,-4.000355602327364e-13,0.0,0.2,Train010,10.0
141,3,1,6.944444444444444e-05,0.0,11.707642452399782,0.0,11.706115812885095,0.1890618114667939,11.707642452399782,-7.987579597166672,0.0,0.0,-1.000088900581841e-12,0,0,1.0,6.944444444444444e-05,0.0,12.012877104975697,0.0,12.010979457857792,-0.03168084414017161,12.012877104975697,-2.771909961795435,0.0,0.0,-1.000088900581841e-12,0.0,0.0,Train010,10.0
141,4,2,0.0001388888888888889,0.0,9.71675704944533,1.4346798171265176,9.71601066382317,-0.11688836414206763,9.716713750502139,-6.415946901846539,4.555421383889424e-06,16.289695105679627,0.6931471805579453,0,0,2.0,0.0001388888888888889,0.0,9.849061921340645,1.2340468632380595,9.847701885364476,-0.0135659532378429,9.848212441489244,-1.9456862355736075,9.14767142124795e-05,17.187641239104515,0.6931471805579453,0.0,0.0,Train010,10.0
141,5,1,6.944444444444444e-05,0.0,11.820401294434234,0.0,-11.806416093287774,-0.5748267509588864,11.820401294434234,-6.243354761553341,1.1102230246251565e-16,0.0,-1.000088900581841e-12,0,0,1.4,9.722222222222222e-05,-0.2,11.046077071321182,0.0741601245999128,-11.026162071743915,-0.6496591368055401,11.045768218906135,1.8146053236429083,3.287771985516219e-05,11.03672758859697,0.2772588722225781,0.0,0.2,Train010,10.0
142,0,1,6.944444444444444e-05,0.0,7.049947331361946,0.0,-7.048045594129082,-0.16373966549090196,7.049947331361946,-6.695697881511231,0.0,0.0,-1.000088900581841e-12,0,0,1.2,8.333333333333333e-05,-0.2,7.870091286155019,0.15411009651106006,-7.866485051003002,-0.12015005837789017,7.867614005045775,-3.978951398721017,0.0003323049431802616,20.61918526768421,0.13862943611078898,0.0,0.2,Train010,10.0
142,1,0,0.0,0.0,0.0,0.0,0.0,0.0,0.0,0.0,0.0,0.0,0.0,0,0,0.0,0.0,0.0,0.0,0.0,0.0,0.0,0.0,0.0,0.0,0.0,0.0,0.0,0.0,Train010,10.0
142,2,0,0.0,0.0,0.0,0.0,0.0,0.0,0.0,0.0,0.0,0.0,0.0,0,0,0.2,1.388888888888889e-05,-0.2,1.2272821387903143,0.0,-1.2249862458399605,-0.0750342968025183,1.2272821387903143,-1.2803653071910457,0.0,0.0,-2.000177801163682e-13,0.0,0.2,Train010,10.0
142,3,1,6.944444444444444e-05,0.0,10.740796529429048,0.0,10.7391576089144,0.18762712354833078,10.740796529429048,-9.668459229707338,0.0,0.0,-1.000088900581841e-12,0,0,1.0,6.944444444444444e-05,0.0,11.739095854798485,0.0,11.737588765102025,0.06482800983083985,11.739095854798485,-2.7378125017721238,0.0,0.0,-1.000088900581841e-12,0.0,0.0,Train010,10.0
142,4,2,0.0001388888888888889,0.0,8.920711850662766,1.3326492119445938,8.919922352384715,-0.11395063556264402,8.92065017360941,-7.960451987825663,7.071735430796977e-06,16.234397215983908,0.6931471805579453,0,0,2.0,0.0001388888888888889,0.0,9.67202698635344,1.3071254702039385,9.671056297744972,-0.057991102076172765,9.67159305344534,-1.770349349872054,4.882702041506537e-05,16.80535660359477,0.6931471805579453,0.0,0.0,Train010,10.0
142,5,1,6.944444444444444e-05,0.0,10.906483967731964,0.0,-10.89407708337732,-0.5200740714816247,10.906483967731964,-9.139173267022702,0.0,0.0,-1.000088900581841e-12,0,0,1.2,8.333333333333333e-05,-0.2,11.25503086858098,0.035113477736686424,-11.23775719544515,-0.6137715769753744,11.254876290403889,1.7384031952311312,1.722783256901117e-05,5.51870330467013,0.13862943611078898,0.0,0.2,Train010,10.0
143,0,1,6.944444444444444e-05,0.0,6.402294192256404,0.0,-6.400431657294585,-0.15441996147314394,6.402294192256404,-6.476531391055422,0.0,0.0,-1.000088900581841e-12,0,0,1.0,6.944444444444444e-05,-0.2,7.643806173802498,0.0,-7.642493698553382,-0.12719009289945019,7.643806173802498,-3.803952088635821,2.2204460492503132e-17,0.0,-1.000088900581841e-12,0.0,0.2,Train010,10.0
143,1,0,0.0,0.0,0.0,0.0,0.0,0.0,0.0,0.0,0.0,0.0,0.0,0,0,0.0,0.0,0.0,0.0,0.0,0.0,0.0,0.0,0.0,0.0,0.0,0.0,0.0,0.0,Train010,10.0
143,2,0,0.0,0.0,0.0,0.0,0.0,0.0,0.0,0.0,0.0,0.0,0.0,0,0,0.0,0.0,-0.2,0.0,0.0,0.0,0.0,0.0,0.0,0.0,0.0,0.0,0.0,0.2,Train010,10.0
143,3,1,6.944444444444444e-05,0.0,9.772549930028669,0.0,9.770963580089486,0.17607626605592505,9.772549930028669,-9.682465994003788,1.1102230246251565e-16,0.0,-1.000088900581841e-12,0,0,1.0,6.944444444444444e-05,0.0,11.482628719303753,0.0,11.48144850954833,0.15340979358295587,11.482628719303753,-2.5646713549473126,2.2204460492503132e-17,0.0,-1.000088900581841e-12,0.0,0.0,Train010,10.0
143,4,2,0.0001388888888888889,0.0,8.118237775212293,1.2193741703703407,8.117477271484368,-0.10621210080147181,8.11817210112116,-8.024740754504727,8.276419567687654e-06,16.220466835089013,0.6931471805579453,0,0,2.0,0.0001388888888888889,0.0,9.511813785204126,1.3733230216352585,9.511201902753436,-0.09944410084048556,9.511763105524107,-1.6021320114931394,5.595354789966755e-06,16.422050663356025,0.6931471805579453,0.0,0.0,Train010,10.0
143,5,1,6.944444444444444e-05,0.0,9.946182076553944,0.0,-9.935051863203036,-0.4704066064893465,9.946182076553944,-9.603018911780197,0.0,0.0,-1.000088900581841e-12,0,0,1.0,6.944444444444444e-05,-0.2,11.449063622624077,0.0,-11.434272893028194,-0.5800638952451372,11.449063622624076,1.5891927630640965,6.661338147750939e-17,0.0,-1.000088900581841e-12,0.0,0.2,Train010,10.0
144,0,0,0.0,-1.0,0.0,0.0,0.0,0.0,0.0,0.0,0.0,0.0,0.0,0,1,0.8,5.555555555555556e-05,-0.2,5.902094653428683,0.0,-5.900788008836083,-0.12268336356897183,5.902094653428683,-4.612526819225344,2.2204460492503132e-17,0.0,-8.000711204654728e-13,0.0,0.2,Train010,10.0
144,1,0,0.0,0.0,0.0,0.0,0.0,0.0,0.0,0.0,0.0,0.0,0.0,0,0,0.0,0.0,0.0,0.0,0.0,0.0,0.0,0.0,0.0,0.0,0.0,0.0,0.0,0.0,Train010,10.0
144,2,3,0.00020833333333333335,3.0,6.1868721209171085,4.409518858344086,-5.933198147330153,0.9833845708464327,6.014140459754892,0.0,0.674251730137623,31.012103562708003,1.0986122886651097,3,0,0.6,4.166666666666667e-05,0.6,1.2373744241834217,0.8819037716688172,-1.1866396294660306,0.19667691416928654,1.2028280919509784,0.0,0.1348503460275246,6.202420712541601,0.21972245773302196,0.6,0.0,Train010,10.0
144,3,1,6.944444444444444e-05,0.0,12.394985573930937,0.0,12.393930853454329,0.16169532383135332,12.394985573930937,26.224356439022678,0.0,0.0,-1.000088900581841e-12,0,0,1.0,6.944444444444444e-05,0.0,11.424474979580976,0.0,11.423106121213163,0.1751124346054333,11.424474979580976,-0.5815373972277641,2.2204460492503132e-17,0.0,-1.000088900581841e-12,0.0,0.0,Train010,10.0
144,4,2,0.0001388888888888889,0.0,10.027537043168543,2.271530093872968,10.013702376896193,-0.24541141205212302,10.016709142938208,19.092992679562506,0.0011382583798618118,15.062657484654576,0.6931471805579453,0,0,2.0,0.0001388888888888889,0.0,9.428319091623782,1.549198670465466,9.424984070562576,-0.1375896700109775,9.426117997229996,-0.8349469358034334,0.00023176885016895632,16.052437360713135,0.6931471805579453,0.0,0.0,Train010,10.0
144,5,0,0.0,-1.0,0.0,0.0,0.0,0.0,0.0,0.0,0.0,0.0,0.0,0,1,0.8,5.555555555555556e-05,-0.2,9.023560821861942,0.0,-9.012815064524176,-0.44004310649731976,9.02356082186194,-4.362663854513455,4.4408920985006264e-17,0.0,-8.000711204654728e-13,0.0,0.2,Train010,10.0
145,0,0,0.0,0.0,0.0,0.0,0.0,0.0,0.0,0.0,0.0,0.0,0.0,0,0,0.6,4.1666666666666665e-05,-0.2,4.234351728626284,0.0,-4.233255499686332,-0.09619196577281222,4.234351728626284,-3.8728408635111826,2.2204460492503132e-17,0.0,-6.000533403491046e-13,0.0,0.2,Train010,10.0
145,1,0,0.0,0.0,0.0,0.0,0.0,0.0,0.0,0.0,0.0,0.0,0.0,0,0,0.0,0.0,0.0,0.0,0.0,0.0,0.0,0.0,0.0,0.0,0.0,0.0,0.0,0.0,Train010,10.0
145,2,3,0.00020833333333333335,0.0,5.9253086152730425,4.232452306785892,-5.669922245363888,0.9621378978781218,5.750976230433021,-2.615635056440665,0.6744466252784025,30.670045073847394,1.0986122886651097,0,0,1.2,8.333333333333334e-05,0.6,2.42243614723803,1.7283942330259954,-2.3206240785388084,0.3891044937449109,2.3530233380375827,-0.523127011288133,0.26973967108320507,12.33642972731108,0.4394449154660439,0.6,0.0,Train010,10.0
145,3,1,6.944444444444444e-05,0.0,12.574909253398141,0.0,12.574047913834603,0.14717945437405536,12.574909253398141,1.7992367946720478,0.0,0.0,-1.000088900581841e-12,0,0,1.0,6.944444444444444e-05,0.0,11.438176747837314,0.0,11.436843153835582,0.17232799585529168,11.438176747837314,0.13701768256338767,2.2204460492503132e-17,0.0,-1.000088900581841e-12,0.0,0.0,Train010,10.0
145,4,2,0.0001388888888888889,0.0,10.103867869289184,2.4999530165252235,10.081088980146363,-0.2791275122189876,10.084952513210263,0.7633082612064035,0.001994294417356768,14.743303508199123,0.6931471805579453,0,0,2.0,0.0001388888888888889,0.0,9.377422317555624,1.7516372619679288,9.369640328946963,-0.17231800495545882,9.371439536276236,-0.5089677406816042,0.0006304912747201908,15.71010402992125,0.6931471805579453,0.0,0.0,Train010,10.0
145,5,0,0.0,0.0,0.0,0.0,0.0,0.0,0.0,0.0,0.0,0.0,0.0,0,0,0.6,4.1666666666666665e-05,-0.2,6.534613467744029,0.0,-6.5271090079736265,-0.31306148578597154,6.534613467744029,-4.99710938807125,2.2204460492503132e-17,0.0,-6.000533403491046e-13,0.0,0.2,Train010,10.0
146,0,0,0.0,0.0,0.0,0.0,0.0,0.0,0.0,0.0,0.0,0.0,0.0,0,0,0.4,2.7777777777777772e-05,-0.2,2.6904483047236702,0.0,-2.6896954502847334,-0.06363192539280918,2.6904483047236702,-2.6344458545133307,0.0,0.0,-4.000355602327364e-13,0.0,0.2,Train010,10.0
146,1,0,0.0,0.0,0.0,0.0,0.0,0.0,0.0,0.0,0.0,0.0,0.0,0,0,0.0,0.0,0.0,0.0,0.0,0.0,0.0,0.0,0.0,0.0,0.0,0.0,0.0,0.0,Train010,10.0
146,2,3,0.00020833333333333335,0.0,5.494073568427269,3.927841620641848,-5.252773499490336,0.8993551628000551,5.329209054428533,-4.312350468457729,0.6745214151426986,30.553282231620717,1.0986122886651097,0,0,1.8,0.000125,0.6,3.521250860923484,2.5139625571543656,-3.3711787784368754,0.568975526304922,3.4188651489232895,-1.385597104979679,0.4046439541117448,18.44708617363522,0.6591673731990658,0.6,0.0,Train010,10.0
146,3,1,6.944444444444444e-05,0.0,11.896575906517164,0.0,11.895827148836036,0.13347188670354115,11.896575906517164,-6.783333468809776,0.0,0.0,-1.000088900581841e-12,0,0,1.0,6.944444444444444e-05,0.0,11.475963438660791,0.0,11.474785421025771,0.16121001090264114,11.475963438660791,0.3778669082347669,2.2204460492503132e-17,0.0,-1.000088900581841e-12,0.0,0.0,Train010,10.0
146,4,2,0.0001388888888888889,0.0,9.535265082890604,2.431922516875354,9.51013866294252,-0.2743170998513697,9.514094137628922,-5.686027863985812,0.0023749353047933797,14.646336632323727,0.6931471805579453,0,0,2.0,0.0001388888888888889,0.0,9.341123924244679,1.9510858019176962,9.328465928770832,-0.2038037520973192,9.330915613701594,-0.36298393310945887,0.0011045672514020887,15.381432335250071,0.6931471805579453,0.0,0.0,Train010,10.0
146,5,0,0.0,0.0,0.0,0.0,0.0,0.0,0.0,0.0,0.0,0.0,0.0,0,0,0.4,2.7777777777777772e-05,-0.2,4.170533208857181,0.0,-4.165825789316071,-0.19809613559419423,4.170533208857181,-3.748438435760582,0.0,0.0,-4.000355602327364e-13,0.0,0.2,Train010,10.0
147,0,0,0.0,0.0,0.0,0.0,0.0,0.0,0.0,0.0,0.0,0.0,0.0,0,0,0.2,1.388888888888889e-05,-0.2,1.2804588384512807,0.0,-1.280086331458917,-0.030883992294628786,1.2804588384512807,-1.2953062782110847,0.0,0.0,-2.000177801163682e-13,0.0,0.2,Train010,10.0
147,1,0,0.0,0.0,0.0,0.0,0.0,0.0,0.0,0.0,0.0,0.0,0.0,0,0,0.0,0.0,0.0,0.0,0.0,0.0,0.0,0.0,0.0,0.0,0.0,0.0,0.0,0.0,Train010,10.0
147,2,3,0.00020833333333333335,0.0,5.014918937086477,3.587044421422398,-4.793027698074874,0.8231452651210472,4.8631967513153445,-4.791546313407927,0.6745529954504261,30.520451653279522,1.0986122886651097,0,0,2.4,0.0001666666666666667,0.6,4.524234648340779,3.231371441438845,-4.32978431805185,0.7336045793291314,4.391504499186358,-2.343906367661264,0.53955455320183,24.551176504291128,0.8788898309320878,0.6,0.0,Train010,10.0
147,3,1,6.944444444444444e-05,0.0,10.960362495094639,0.0,10.95969619740458,0.12085232506141173,10.960362495094639,-9.362134114225249,1.1102230246251565e-16,0.0,-1.000088900581841e-12,0,0,1.0,6.944444444444444e-05,0.0,11.51987663179391,0.0,11.518893138723806,0.14785505120525733,11.51987663179391,0.43913193133118467,4.4408920985006264e-17,0.0,-1.000088900581841e-12,0.0,0.0,Train010,10.0
147,4,2,0.0001388888888888889,0.0,8.775995963085148,2.2652636925074607,8.751453994767228,-0.2564476673910408,8.755210587338125,-7.592691198054555,0.0025377137803405114,14.618292411692934,0.6931471805579453,0,0,2.0,0.0001388888888888889,0.0,9.312180746729155,2.1376086980302693,9.294772257247335,-0.23230315846299857,9.297827696447337,-0.2894317751552373,0.0016106956603840316,15.058211374391874,0.6931471805579453,0.0,0.0,Train010,10.0
147,5,0,0.0,0.0,0.0,0.0,0.0,0.0,0.0,0.0,0.0,0.0,0.0,0,0,0.2,1.388888888888889e-05,-0.2,1.9892364153107889,0.0,-1.9870103726406072,-0.09408132129786931,1.9892364153107889,-1.9206037823560416,0.0,0.0,-2.000177801163682e-13,0.0,0.2,Train010,10.0
148,0,0,0.0,0.0,0.0,0.0,0.0,0.0,0.0,0.0,0.0,0.0,0.0,0,0,0.0,0.0,-0.2,0.0,0.0,0.0,0.0,0.0,0.0,0.0,0.0,0.0,0.0,0.2,Train010,10.0
148,1,0,0.0,0.0,0.0,0.0,0.0,0.0,0.0,0.0,0.0,0.0,0.0,0,0,0.0,0.0,0.0,0.0,0.0,0.0,0.0,0.0,0.0,0.0,0.0,0.0,0.0,0.0,Train010,10.0
148,2,3,0.00020833333333333335,0.0,4.546931044067389,3.25333791714637,-4.345204986309099,0.7467318335883896,4.4089017685064995,-4.679878930190886,0.6745663774934234,30.51985315624187,1.0986122886651097,0,0,3.0,0.00020833333333333335,0.6,5.433620857154257,3.8820390248681185,-5.19882531531367,0.8829509460468092,5.273284852887658,-3.279882153699441,0.6744678287005147,30.6551471355395,1.0986122886651097,0.6,0.0,Train010,10.0
148,3,1,6.944444444444444e-05,0.0,9.989809606145872,0.0,9.98921106629413,0.10935373825910208,9.989809606145872,-9.705528889487667,0.0,0.0,-1.000088900581841e-12,0,0,1.0,6.944444444444444e-05,0.0,11.56332856701735,0.0,11.562542635964736,0.1345105456458927,11.56332856701735,0.43451935223440896,2.2204460492503132e-17,0.0,-1.000088900581841e-12,0.0,0.0,Train010,10.0
148,4,2,0.0001388888888888889,0.0,7.995310677720797,2.0741703183066953,7.972406113424791,-0.2351126555602388,7.975872190436452,-7.8068528536435045,0.0026068951144188057,14.613836326448347,0.6931471805579453,0,0,2.0,0.0001388888888888889,0.0,9.287595327230855,2.3085679276175406,9.265758025635419,-0.258083269414752,9.269367714310395,-0.24585419498299288,0.002130419399354255,14.736885272663741,0.6931471805579453,0.0,0.0,Train010,10.0
148,5,0,0.0,0.0,0.0,0.0,0.0,0.0,0.0,0.0,0.0,0.0,0.0,0,0,0.0,0.0,-0.2,0.0,0.0,0.0,0.0,0.0,0.0,0.0,0.0,0.0,0.0,0.2,Train010,10.0
149,0,1,6.944444444444444e-05,1.0,10.37131565282752,0.0,-10.369820209827516,-0.17611696805797683,10.37131565282752,0.0,0.0,0.0,-1.000088900581841e-12,1,0,0.2,1.388888888888889e-05,0.2,2.074263130565504,0.0,-2.073964041965503,-0.03522339361159536,2.074263130565504,0.0,0.0,0.0,-2.000177801163682e-13,0.2,0.0,Train010,10.0
149,1,0,0.0,0.0,0.0,0.0,0.0,0.0,0.0,0.0,0.0,0.0,0.0,0,0,0.0,0.0,0.0,0.0,0.0,0.0,0.0,0.0,0.0,0.0,0.0,0.0,0.0,0.0,Train010,10.0
149,2,3,0.00020833333333333335,0.0,12.211119499040914,3.148546968896839,-12.15226806942367,0.24128862568014853,12.15466327925281,79.3217011934978,0.004101737116837367,33.51533383097615,1.0986122886651097,1,1,3.0,0.00020833333333333335,0.0,6.6384703327790175,3.6298446469786696,-6.442639299732373,0.7345317570135524,6.501389416787243,12.584458085000119,0.5404378300963575,31.155793189193126,1.0986122886651097,0.2,0.2,Train010,10.0
149,3,2,0.0001388888888888889,1.0,7.038368572677538,7.038368572677538,7.035618538438929,0.1967331858871335,7.038368572677538,40.86927539209203,9.768487310457541e-05,26.867641291426548,0.6931471805579453,1,0,1.2,8.333333333333333e-05,0.2,10.49200516676667,1.4076737145355076,10.490880172961656,0.14151811805704875,10.49200516676667,3.363503142848279,1.9536974620937287e-05,5.37352825828531,0.13862943611078898,0.2,0.0,Train010,10.0
149,4,2,0.0001388888888888889,0.0,10.662171367547831,1.500525199120153,10.621715571028549,0.6701517487521875,10.64283538528084,26.668606898270344,0.0018501906518122446,15.716583021170074,0.6931471805579453,0,0,2.0,0.0001388888888888889,0.0,9.414522192106713,2.1543669486669774,9.387360664461891,-0.0749706372538899,9.394592962778919,1.2692686487585747,0.002272805853744342,14.867670379966842,0.6931471805579453,0.0,0.0,Train010,10.0
149,5,1,6.944444444444444e-05,1.0,13.377900073785668,0.0,-13.370147183762395,-0.455384089231351,13.377900073785668,0.0,1.1102230246251565e-16,0.0,-1.000088900581841e-12,1,0,0.2,1.388888888888889e-05,0.2,2.6755800147571334,0.0,-2.674029436752479,-0.0910768178462702,2.6755800147571334,0.0,2.2204460492503132e-17,0.0,-2.000177801163682e-13,0.2,0.0,Train010,10.0
150,0,1,6.944444444444444e-05,0.0,9.919293965985952,0.0,-9.918067034444247,-0.15600988403177637,9.919293965985952,-4.52021686841567,0.0,0.0,-1.000088900581841e-12,0,0,0.4,2.777777777777778e-05,0.2,4.058121923762694,0.0,-4.057577448854353,-0.06642537041795064,4.058121923762694,-0.9040433736831341,0.0,0.0,-4.000355602327364e-13,0.2,0.0,Train010,10.0
150,1,0,0.0,0.0,0.0,0.0,0.0,0.0,0.0,0.0,0.0,0.0,0.0,0,0,0.0,0.0,0.0,0.0,0.0,0.0,0.0,0.0,0.0,0.0,0.0,0.0,0.0,0.0,Train010,10.0
150,2,3,0.00020833333333333335,0.0,12.159235303960964,3.4783558542625035,-12.098914529216188,0.2908696324782805,12.102410418109965,-0.5188419507994831,0.00408340491589787,34.03942666797024,1.0986122886651097,0,0,3.0,0.00020833333333333335,0.0,7.885255670516602,3.479025356473992,-7.728437756502833,0.6002781039335843,7.771676254322631,13.003816706128356,0.4063651860238567,31.829669508017695,1.0986122886651097,0.2,0.2,Train010,10.0
150,3,2,0.0001388888888888889,0.0,7.3331879374142925,7.3331879374142925,7.329439460056025,0.23444088127315266,7.3331879374142925,2.9481936473675496,0.00012779970091825188,26.094305733945212,0.6931471805579453,0,0,1.4,9.722222222222222e-05,0.2,9.443660903569901,2.874311302018366,9.441958482205939,0.15897040343686825,9.443660903569901,3.5932945133873795,4.509691480458766e-05,10.592389405074352,0.27725887222257806,0.2,0.0,Train010,10.0
150,4,2,0.0001388888888888889,0.0,10.976529043457681,1.2147521443920768,10.914929860923028,0.9447836328181598,10.95574324186681,3.143576759098492,0.001917161463015682,16.14208300116485,0.6931471805579453,0,0,2.0,0.0001388888888888889,0.0,9.589054426940411,1.897326774240348,9.554128840617222,0.1698115917535396,9.56875110851023,1.7453223483369924,0.002257379262876125,15.147426278559987,0.6931471805579453,0.0,0.0,Train010,10.0
150,5,1,6.944444444444444e-05,0.0,12.79215069120574,0.0,-12.784946029797638,-0.4292718505528675,12.79215069120574,-5.857493825799285,1.1102230246251565e-16,0.0,-1.000088900581841e-12,0,0,0.4,2.777777777777778e-05,0.2,5.234010152998282,0.0,-5.231018642712007,-0.17693118795684368,5.234010152998282,-1.1714987651598592,4.4408920985006264e-17,0.0,-4.000355602327364e-13,0.2,0.0,Train010,10.0
151,0,1,6.944444444444444e-05,0.0,9.193615831786351,0.0,-9.192546267675368,-0.14023258936604233,9.193615831786351,-7.25678134199601,0.0,0.0,-1.000088900581841e-12,0,0,0.6,4.1666666666666665e-05,0.2,5.896845090119965,0.0,-5.896086702389427,-0.09447188829115911,5.896845090119965,-2.355399642082336,0.0,0.0,-6.000533403491046e-13,0.2,0.0,Train010,10.0
151,1,0,0.0,0.0,0.0,0.0,0.0,0.0,0.0,0.0,0.0,0.0,0.0,0,0,0.0,0.0,0.0,0.0,0.0,0.0,0.0,0.0,0.0,0.0,0.0,0.0,0.0,0.0,Train010,10.0
151,2,3,0.00020833333333333335,0.0,11.023497463869274,2.9500125449997774,-10.96979061163871,0.2363725282701125,10.972336945032156,-11.35737840091691,0.004076231437419198,34.20792613768199,1.0986122886651097,0,0,3.0,0.00020833333333333335,0.0,8.991140449605004,3.2834595413455774,-8.871841178932508,0.4676815770275956,8.900301832443356,11.59481111963652,0.2722761492828008,32.56059828922995,1.0986122886651097,0.2,0.2,Train010,10.0
151,3,2,0.0001388888888888889,0.0,7.003533979768678,7.003533979768678,6.999633216580058,0.2337157228848856,7.003533979768678,-3.296539576456148,0.00013925236937728513,25.853831681725786,0.6931471805579453,0,0,1.6,0.00011111111111111112,0.2,8.465052518220205,4.275018097972102,8.462719695754744,0.1790191706731371,8.465052518220205,4.290653291858105,7.294738868004468e-05,15.76315574141951,0.4158883083343672,0.2,0.0,Train010,10.0
151,4,2,0.0001388888888888889,0.0,10.440345875674751,1.0446268911751924,10.373442771247294,0.9844149593601783,10.420047396271999,-5.361831677829283,0.0019639149712816772,16.305320759968726,0.6931471805579453,0,0,2.0,0.0001388888888888889,0.0,9.770070585497242,1.6198676491003154,9.726789662278177,0.4215580035958492,9.749941760238844,1.810161585568298,0.0021751751961737844,15.479223104088987,0.6931471805579453,0.0,0.0,Train010,10.0
151,5,1,6.944444444444444e-05,0.0,11.85535300430948,0.0,-11.848748536163809,-0.39566776915211294,11.85535300430948,-9.367976868962593,0.0,0.0,-1.000088900581841e-12,0,0,0.6,4.1666666666666665e-05,0.2,7.605080753860177,0.0,-7.600768349944768,-0.2560647417872663,7.605080753860177,-3.045094138952378,4.4408920985006264e-17,0.0,-6.000533403491046e-13,0.2,0.0,Train010,10.0
152,0,1,6.944444444444444e-05,0.0,8.386231918268388,0.0,-8.38528162524954,-0.1262452067839384,8.386231918268388,-8.073839135179632,0.0,0.0,-1.000088900581841e-12,0,0,0.8,5.555555555555556e-05,0.2,7.574091473773642,0.0,-7.573143027439334,-0.11972092964794678,7.574091473773642,-3.9701674691182625,0.0,0.0,-8.000711204654728e-13,0.2,0.0,Train010,10.0
152,1,0,0.0,0.0,0.0,0.0,0.0,0.0,0.0,0.0,0.0,0.0,0.0,0,0,0.0,0.0,0.0,0.0,0.0,0.0,0.0,0.0,0.0,0.0,0.0,0.0,0.0,0.0,Train010,10.0
152,2,3,0.00020833333333333335,0.0,9.783899910038587,2.409391718744697,-9.737360240715827,0.17787735180173106,9.73898479358898,-12.39597553830688,0.004073447353021065,34.2496352415794,1.0986122886651097,0,0,3.0,0.00020833333333333335,0.0,9.944936644195426,3.0479290008100373,-9.860707687460698,0.33862799436373237,9.875459440898084,10.07392527465673,0.13818023966331977,33.30643500688993,1.0986122886651097,0.2,0.2,Train010,10.0
152,3,2,0.0001388888888888889,0.0,6.4765689152225665,6.4765689152225665,6.4728416109295726,0.21969613889611703,6.4765689152225665,-5.2696506454611125,0.00014388685259592027,25.783042376813306,0.6931471805579453,0,0,1.8,0.000125,0.2,7.568293802245789,5.570331881016616,7.565348778459743,0.19878793344007817,7.568293802245789,5.109149985610932,0.00010172475919920654,20.91976421678217,0.5545177444461562,0.2,0.0,Train010,10.0
152,4,2,0.0001388888888888889,0.0,9.63929868216226,0.92425770631524,9.574282595917843,0.9401688968547107,9.62033288307158,-8.010471935124928,0.001985824969581884,16.36763780238723,0.6931471805579453,0,0,2.0,0.0001388888888888889,0.0,9.942731129312664,1.3516664518618715,9.891355382508301,0.6608813164449995,9.922966219385536,1.726605438154224,0.002064797434022059,15.829092182227845,0.6931471805579453,0.0,0.0,Train010,10.0
152,5,1,6.944444444444444e-05,0.0,10.8138531073354,0.0,-10.807856550960487,-0.3600774928927659,10.8138531073354,-10.414998969740807,0.0,0.0,-1.000088900581841e-12,0,0,0.8,5.555555555555556e-05,0.2,9.767851375327258,0.0,-9.762339660136865,-0.32808024036581945,9.767851375327258,-5.128093932900539,4.4408920985006264e-17,0.0,-8.000711204654728e-13,0.2,0.0,Train010,10.0
153,0,1,6.944444444444444e-05,0.0,7.598093481354033,0.0,-7.597242116829019,-0.11373992119727003,7.598093481354033,-7.881384369143554,0.0,0.0,-1.000088900581841e-12,0,0,1.0,6.944444444444444e-05,0.2,9.09371017004445,0.0,-9.092591450805138,-0.1424689138874008,9.09371017004445,-5.546444342946973,0.0,0.0,-1.000088900581841e-12,0.2,0.0,Train010,10.0
153,1,0,0.0,0.0,0.0,0.0,0.0,0.0,0.0,0.0,0.0,0.0,0.0,0,0,0.0,0.0,0.0,0.0,0.0,0.0,0.0,0.0,0.0,0.0,0.0,0.0,0.0,0.0,Train010,10.0
153,2,3,0.00020833333333333335,0.0,8.660437967936566,1.99415505154664,-8.62013639362497,0.13211652373195482,8.621148776151628,-11.234619421020186,0.004072317137580828,34.24822795466455,1.0986122886651097,0,0,3.0,0.00020833333333333335,0.0,10.76763802896926,2.796092427690091,-10.715693968923873,0.2157049323924455,10.717908842427107,8.762977176490867,0.004081427592151266,34.05210996657446,1.0986122886651097,0.2,0.2,Train010,10.0
153,3,2,0.0001388888888888889,0.0,5.912172072408054,5.912172072408054,5.908724013598477,0.20188894196178073,5.912172072408054,-5.6439684281451274,0.00014581401612323575,25.77123645472534,0.6931471805579453,0,0,2.0,0.0001388888888888889,0.2,6.752766295498226,6.752766295498226,6.749251367920612,0.21729497418061391,6.752766295498226,5.92146207787944,0.0001308875624238537,26.07401150772724,0.6931471805579453,0.2,0.0,Train010,10.0
153,4,2,0.0001388888888888889,0.0,8.793394581083474,0.828150564020492,8.7328312738297,0.8694252000561242,8.77600377368143,-8.459041010787857,0.001995428867333393,16.39122090573479,0.6931471805579453,0,0,2.0,0.0001388888888888889,0.0,10.1023479099852,1.1024625010046307,10.043440414589282,0.8817888875682721,10.082992536034531,1.596167806725353,0.0019425041846049761,16.184569098085134,0.6931471805579453,0.0,0.0,Train010,10.0
153,5,1,6.944444444444444e-05,0.0,9.797428757662816,0.0,-9.792006433826577,-0.32591450010282624,9.797428757662816,-10.164243496725831,0.0,0.0,-1.000088900581841e-12,0,0,1.0,6.944444444444444e-05,0.2,11.727337126859819,0.0,-11.72074094690218,-0.3932631403863847,11.727337126859819,-7.160942632245705,4.4408920985006264e-17,0.0,-1.000088900581841e-12,0.2,0.0,Train010,10.0
154,0,1,6.944444444444444e-05,0.0,9.884296874321851,0.0,-9.882291905020368,0.19907637654328572,9.884296874321851,22.862033929678187,0.0,0.0,-1.000088900581841e-12,0,0,1.0,6.944444444444444e-05,0.0,8.996306414343314,0.0,-8.995085789843708,-0.06743024496714829,8.996306414343314,-0.9740375570113358,0.0,0.0,-1.000088900581841e-12,0.0,0.0,Train010,10.0
154,1,0,0.0,0.0,0.0,0.0,0.0,0.0,0.0,0.0,0.0,0.0,0.0,0,0,0.0,0.0,0.0,0.0,0.0,0.0,0.0,0.0,0.0,0.0,0.0,0.0,0.0,0.0,Train010,10.0
154,2,1,6.944444444444444e-05,-2.0,12.399017654115175,0.0,-12.344180858965654,1.1648337684861974,12.399017654115175,21.41249185687407,0.0,0.0,-1.000088900581841e-12,0,2,2.6,0.00018055555555555555,-0.4,10.805217659984113,2.1663830339107237,-10.754076526832268,0.4004139609536552,10.766779717399581,-2.818864690833878,0.003261080168783792,27.34904320037923,0.8788898309318878,0.0,0.4,Train010,10.0
154,3,1,6.944444444444444e-05,-1.0,12.79686230884551,0.0,12.791580478731081,0.36763270759922784,12.79686230884551,9.725181640294025,1.1102230246251565e-16,0.0,-1.000088900581841e-12,0,1,1.8,0.00012499999999999998,-0.2,7.90446504273182,5.345092580962718,7.900443755979043,0.2514748785230328,7.90446504273182,-0.3073566724801605,0.00011135058780296082,20.700483249441927,0.5545177444461562,0.0,0.2,Train010,10.0
154,4,2,0.0001388888888888889,0.0,10.584011695694116,0.991858899423093,10.577710571456585,0.35183069527785826,10.583560165258385,17.906171146106423,4.303954498952045e-05,15.225176288163118,0.6931471805579453,0,0,2.0,0.0001388888888888889,0.0,10.086715975614457,1.0007292410652187,10.03463941467489,0.8181246768734063,10.07113749203004,-0.1563193437074304,0.0015810739632404313,16.08628775148374,0.6931471805579453,0.0,0.0,Train010,10.0
154,5,1,6.944444444444444e-05,0.0,11.56788803224598,0.0,-11.564140625185356,-0.2944233814040415,11.56788803224598,17.70459274583164,0.0,0.0,-1.000088900581841e-12,0,0,1.0,6.944444444444444e-05,0.0,11.365334718551882,0.0,-11.359539635186774,-0.3610709988209228,11.365334718551882,-3.6200240830793775,2.2204460492503132e-17,0.0,-1.000088900581841e-12,0.0,0.0,Train010,10.0
155,0,1,6.944444444444444e-05,0.0,10.081071780567452,0.0,-10.076751549389067,0.2951041457493384,10.081071780567452,1.967749062456008,0.0,0.0,-1.000088900581841e-12,0,0,1.0,6.944444444444444e-05,0.0,9.028661977259615,0.0,-9.026822692832672,0.022792560989074666,9.028661977259615,0.32355562916299974,0.0,0.0,-1.000088900581841e-12,0.0,0.0,Train010,10.0
155,1,0,0.0,0.0,0.0,0.0,0.0,0.0,0.0,0.0,0.0,0.0,0.0,0,0,0.0,0.0,0.0,0.0,0.0,0.0,0.0,0.0,0.0,0.0,0.0,0.0,0.0,0.0,Train010,10.0
155,2,1,6.944444444444444e-05,0.0,12.016405881180988,0.0,-11.973892661925063,1.0099033725947122,12.016405881180988,-3.826117729341867,1.1102230246251565e-16,0.0,-1.000088900581841e-12,0,0,2.2,0.00015277777777777777,-0.4,10.776651775428117,1.470711863058223,-10.729072153374045,0.5442207089769415,10.749578810013784,-3.480319846542355,0.00244439918560424,20.541157866785188,0.6591673731986658,0.0,0.4,Train010,10.0
155,3,1,6.944444444444444e-05,0.0,12.380581925418012,0.0,12.376091123848699,0.33343261115344686,12.380581925418012,-4.162803834274982,0.0,0.0,-1.000088900581841e-12,0,0,1.6,0.00011111111111111112,-0.2,8.913943840332562,3.878454993479859,8.909774088737578,0.27127322449909164,8.913943840332562,-1.7295561688086667,8.579064761931044e-05,15.481622102652887,0.4158883083343671,0.0,0.2,Train010,10.0
155,4,2,0.0001388888888888889,0.0,10.595959335919353,1.0044591778122038,10.594674371788937,0.1514855353621301,10.595757307133136,0.11947640225236533,1.923948217952276e-05,14.783972025172693,0.6931471805579453,0,0,2.0,0.0001388888888888889,0.0,10.01060203410679,0.9586706477492442,9.97058831684807,0.6594650573822003,9.999140305083307,-0.7611394150766557,0.0012014895670731996,15.81466555628531,0.6931471805579453,0.0,0.0,Train010,10.0
155,5,1,6.944444444444444e-05,0.0,11.48341532888191,0.0,-11.480337845536413,-0.2658393649262424,11.48341532888191,-0.8447270336407087,0.0,0.0,-1.000088900581841e-12,0,0,1.0,6.944444444444444e-05,0.0,11.103587646087117,0.0,-11.098617998334529,-0.32838450169559785,11.103587646087117,-2.6174707246476623,0.0,0.0,-1.000088900581841e-12,0.0,0.0,Train010,10.0
156,0,1,6.944444444444444e-05,0.0,9.544729082490047,0.0,-9.539675548489452,0.3105538402334921,9.544729082490047,-5.363426980774051,0.0,0.0,-1.000088900581841e-12,0,0,1.0,6.944444444444444e-05,0.0,9.098884627400356,0.0,-9.096248548995488,0.11294984690898155,9.098884627400356,0.7022265014073916,0.0,0.0,-1.000088900581841e-12,0.0,0.0,Train010,10.0
156,1,0,0.0,0.0,0.0,0.0,0.0,0.0,0.0,0.0,0.0,0.0,0.0,0,0,0.0,0.0,0.0,0.0,0.0,0.0,0.0,0.0,0.0,0.0,0.0,0.0,0.0,0.0,Train010,10.0
156,2,1,6.944444444444444e-05,0.0,10.957402391999896,0.0,-10.92179385303436,0.8826586044592093,10.957402391999896,-10.590034891810927,1.1102230246251565e-16,0.0,-1.000088900581841e-12,0,0,1.8,0.000125,-0.4,10.763432761054242,0.8807093540582673,-10.719472801653174,0.673477924214761,10.746591899407333,-3.326851144721158,0.001629152898120423,13.699572639248789,0.43944491546544384,0.0,0.4,Train010,10.0
156,3,1,6.944444444444444e-05,0.0,11.506806353674364,0.0,11.502844667654287,0.3019221965640126,11.506806353674364,-8.737755717436482,0.0,0.0,-1.000088900581841e-12,0,0,1.4,9.722222222222222e-05,-0.2,9.8145983151137,2.477748197526124,9.810416378952423,0.28491451923491706,9.8145983151137,-2.8177993970047335,5.794017374385341e-05,10.310855766307728,0.27725887222257806,0.0,0.2,Train010,10.0
156,4,2,0.0001388888888888889,0.0,9.977326317135066,0.9512216341508228,9.976359958459117,0.0730359027647736,9.976627299034432,-6.186330187842861,7.070333661829409e-05,14.620211407080811,0.6931471805579453,0,0,2.0,0.0001388888888888889,0.0,9.917998122398853,0.9399895963443704,9.891171754290436,0.4771892460631194,9.910456285635792,-0.9260391170793714,0.000822847240140523,15.477643685707728,0.6931471805579453,0.0,0.0,Train010,10.0
156,5,1,6.944444444444444e-05,0.0,10.76573885697073,0.0,-10.763062610377336,-0.2400341258796819,10.76573885697073,-7.1767647191117945,1.1102230246251565e-16,0.0,-1.000088900581841e-12,0,0,1.0,6.944444444444444e-05,0.0,10.885664816619366,0.0,-10.881480813177234,-0.29725777304111156,10.885664816619366,-2.1792282946775026,2.2204460492503132e-17,0.0,-1.000088900581841e-12,0.0,0.0,Train010,10.0
157,0,1,6.944444444444444e-05,0.0,8.788974193628498,0.0,-8.78394360456716,0.29732495363053874,8.788974193628498,-7.557548888615493,1.1102230246251565e-16,0.0,-1.000088900581841e-12,0,0,1.0,6.944444444444444e-05,0.0,9.179433082472377,0.0,-9.175980944859013,0.19766387899187698,9.179433082472377,0.8054845507202195,2.2204460492503132e-17,0.0,-1.000088900581841e-12,0.0,0.0,Train010,10.0
157,1,0,0.0,0.0,0.0,0.0,0.0,0.0,0.0,0.0,0.0,0.0,0.0,0,0,0.0,0.0,0.0,0.0,0.0,0.0,0.0,0.0,0.0,0.0,0.0,0.0,0.0,0.0,Train010,10.0
157,2,1,6.944444444444444e-05,0.0,9.806636320264532,0.0,-9.77583650441033,0.7766186689553002,9.806636320264532,-11.507660717353634,1.1102230246251565e-16,0.0,-1.000088900581841e-12,0,0,1.4,9.722222222222222e-05,-0.4,10.767980043099431,0.398831010309328,-10.727168054392076,0.7932261876454747,10.760122204742444,-3.1491881805305093,0.0008144634275162321,6.84964559093291,0.21972245773222188,0.0,0.4,Train010,10.0
157,3,1,6.944444444444444e-05,0.0,10.525733306421404,0.0,10.522187159817724,0.27320141228747946,10.525733306421404,-9.810730472529592,0.0,0.0,-1.000088900581841e-12,0,0,1.2,8.333333333333333e-05,-0.2,10.62443119335347,1.1824344144816108,10.620285488730055,0.2956155739131895,10.62443119335347,-3.72601536241843,2.9162803224669353e-05,5.154247290945068,0.13862943611078898,0.0,0.2,Train010,10.0
157,4,2,0.0001388888888888889,0.0,9.175045805711079,0.8769666496394928,9.17403929634651,0.04150861578373263,9.174133200258991,-8.022805114239864,0.00010038317041605183,14.562363593263209,0.6931471805579453,0,0,2.0,0.0001388888888888889,0.0,9.825147547108617,0.9305313850092208,9.81112309437617,0.2974571898489238,9.821216349073275,-0.9285057529023586,0.00044575888030735645,15.116588843882926,0.6931471805579453,0.0,0.0,Train010,10.0
157,5,1,6.944444444444444e-05,0.0,9.874350268530153,0.0,-9.871970536537804,-0.2167739637295107,9.874350268530153,-8.913885884405772,0.0,0.0,-1.000088900581841e-12,0,0,1.0,6.944444444444444e-05,0.0,10.697764248858316,0.0,-10.694303610292698,-0.26859706720846055,10.697764248858316,-1.8790056776104955,2.2204460492503132e-17,0.0,-1.000088900581841e-12,0.0,0.0,Train010,10.0
158,0,1,6.944444444444444e-05,0.0,8.003776771210347,0.0,-7.999050152446882,0.27502592969727696,8.003776771210347,-7.851974224181504,0.0,0.0,-1.000088900581841e-12,0,0,1.0,6.944444444444444e-05,0.0,9.26056974044364,0.0,-9.256342551982588,0.2754170491707864,9.26056974044364,0.8113665797126295,2.2204460492503132e-17,0.0,-1.000088900581841e-12,0.0,0.0,Train010,10.0
158,1,0,0.0,0.0,0.0,0.0,0.0,0.0,0.0,0.0,0.0,0.0,0.0,0,0,0.0,0.0,0.0,0.0,0.0,0.0,0.0,0.0,0.0,0.0,0.0,0.0,0.0,0.0,Train010,10.0
158,2,1,6.944444444444444e-05,0.0,8.736074972772796,0.0,-8.709019249319912,0.6870150252232008,8.736074972772796,-10.705613474917364,1.1102230246251565e-16,0.0,-1.000088900581841e-12,0,0,1.0,6.944444444444444e-05,-0.4,10.783107444066678,0.0,-10.744944625531064,0.904205887943724,10.783107444066678,-3.0433869913099447,8.881784197001253e-17,0.0,-1.000088900581841e-12,0.0,0.4,Train010,10.0
158,3,1,6.944444444444444e-05,0.0,9.56521807395845,0.0,9.5620248024177,0.24714060841992208,9.56521807395845,-9.605152324629547,1.1102230246251565e-16,0.0,-1.000088900581841e-12,0,0,1.0,6.944444444444444e-05,-0.2,11.355040393663547,0.0,11.350945646493898,0.3046659072048178,11.355040393663547,-4.518252141715314,4.4408920985006264e-17,0.0,-1.000088900581841e-12,0.0,0.2,Train010,10.0
158,4,2,0.0001388888888888889,0.0,8.356136478557602,0.799603206426621,8.355143653159066,0.028121981876725807,8.355190979911166,-8.189093271534782,0.00011419593055617128,14.544677164718227,0.6931471805579453,0,0,2.0,0.0001388888888888889,0.0,9.737695926603443,0.9248219134904467,9.735585570242042,0.12919654621304408,9.737053790319221,-0.8745162050517437,6.951229295191209e-05,14.74728009567961,0.6931471805579453,0.0,0.0,Train010,10.0
158,5,1,6.944444444444444e-05,0.0,8.97756320697144,0.0,-8.975427523185367,-0.19581090677977298,8.97756320697144,-8.967870615587117,0.0,0.0,-1.000088900581841e-12,0,0,1.0,6.944444444444444e-05,0.0,10.533791138720044,0.0,-10.530987828164456,-0.2425763485438499,10.533791138720044,-1.6397311013827527,2.2204460492503132e-17,0.0,-1.000088900581841e-12,0.0,0.0,Train010,10.0
159,0,1,6.944444444444444e-05,0.0,9.076024186424627,0.0,-9.036519940191903,0.8458855732774538,9.076024186424627,10.722474152142798,1.1102230246251565e-16,0.0,-1.000088900581841e-12,0,0,1.0,6.944444444444444e-05,0.0,9.098915202864195,0.0,-9.087188159016893,0.40477888851761995,9.098915202864195,-1.6165453757944483,4.4408920985006264e-17,0.0,-1.000088900581841e-12,0.0,0.0,Train010,10.0
159,1,0,0.0,0.0,0.0,0.0,0.0,0.0,0.0,0.0,0.0,0.0,0.0,0,0,0.0,0.0,0.0,0.0,0.0,0.0,0.0,0.0,0.0,0.0,0.0,0.0,0.0,0.0,Train010,10.0
159,2,3,0.00020833333333333335,2.0,7.645978303919805,5.406896262447164,-7.640636590427289,0.2698193295098118,7.645399268681359,28.1069107749253,0.6663001208017922,34.92735575080358,1.0986122886651097,2,0,1.4,9.722222222222222e-05,0.4,9.832499574027604,1.0813792524894328,-9.804235771823391,0.7252030001484469,9.832383766979914,-1.7045032076996982,0.13326002416035854,6.985471150160715,0.21972245773222188,0.4,0.0,Train010,10.0
159,3,0,0.0,-1.0,0.0,0.0,0.0,0.0,0.0,0.0,0.0,0.0,0.0,0,1,0.8,5.555555555555556e-05,-0.2,8.795667931894446,0.0,8.792629550747682,0.2311393656849722,8.795667931894446,-6.463288469774119,2.2204460492503132e-17,0.0,-8.000711204654728e-13,0.0,0.2,Train010,10.0
159,4,0,0.0,-2.0,0.0,0.0,0.0,0.0,0.0,0.0,0.0,0.0,0.0,0,2,1.6,0.00011111111111111109,-0.4,7.62089358746462,0.7264501336058281,7.620043455950726,0.05883040715747243,7.6203417572675445,-4.455750434273028,6.090438395400799e-05,11.702244838046989,0.5545177444463563,0.0,0.4,Train010,10.0
159,5,1,6.944444444444444e-05,0.0,11.726425910798465,0.0,-11.700996533370846,-0.7718450411118998,11.726425910798465,27.48862703827024,1.1102230246251565e-16,0.0,-1.000088900581841e-12,0,0,1.0,6.944444444444444e-05,0.0,10.56549871443054,0.0,-10.558359009801553,-0.33806068048542154,10.56549871443054,0.3170757571049677,4.4408920985006264e-17,0.0,-1.000088900581841e-12,0.0,0.0,Train010,10.0
160,0,1,6.944444444444444e-05,0.0,8.91437685158436,0.0,-8.858875989190993,0.9931922574196699,8.91437685158436,-1.6164733484026783,0.0,0.0,-1.000088900581841e-12,0,0,1.0,6.944444444444444e-05,0.0,8.865576217067575,0.0,-8.843613046977278,0.5443965108516864,8.865576217067575,-2.3333898579661856,4.4408920985006264e-17,0.0,-1.000088900581841e-12,0.0,0.0,Train010,10.0
160,1,0,0.0,0.0,0.0,0.0,0.0,0.0,0.0,0.0,0.0,0.0,0.0,0,0,0.0,0.0,0.0,0.0,0.0,0.0,0.0,0.0,0.0,0.0,0.0,0.0,0.0,0.0,Train010,10.0
160,2,3,0.00020833333333333335,0.0,7.6053960496662,5.383532321604758,-7.600460847355492,0.22417421255947648,7.603766117507852,-0.405822542536054,0.6665089904729933,34.84195074686327,1.0986122886651097,0,0,1.8,0.000125,0.4,8.950297607724647,2.158085716810384,-8.929549408909477,0.5680571681413996,8.949855814245286,-1.0204441703385356,0.26656182225495717,13.953861299533369,0.43944491546544384,0.4,0.0,Train010,10.0
160,3,0,0.0,0.0,0.0,0.0,0.0,0.0,0.0,0.0,0.0,0.0,0.0,0,0,0.6,4.1666666666666665e-05,-0.2,6.319551546810844,0.0,6.317411325977941,0.16445284345428282,6.319551546810844,-5.630727702919122,2.2204460492503132e-17,0.0,-6.000533403491046e-13,0.0,0.2,Train010,10.0
160,4,0,0.0,0.0,0.0,0.0,0.0,0.0,0.0,0.0,0.0,0.0,0.0,0,0,1.2,8.333333333333334e-05,-0.4,5.501701720280749,0.5255582980433873,5.5011085815929395,0.02853330008504641,5.501190295840918,-4.479645714723501,5.705648751810344e-05,8.745450433012449,0.41588830833476714,0.0,0.4,Train010,10.0
160,5,1,6.944444444444444e-05,0.0,11.985045723754169,0.0,-11.949270604478212,-0.9253394087744177,11.985045723754169,2.58619812955704,0.0,0.0,-1.000088900581841e-12,0,0,1.0,6.944444444444444e-05,0.0,10.66582479340499,0.0,-10.652145561589913,-0.46996068925505663,10.66582479340499,1.0032607897445174,4.4408920985006264e-17,0.0,-1.000088900581841e-12,0.0,0.0,Train010,10.0
161,0,1,6.944444444444444e-05,0.0,8.330515846739914,0.0,-8.27204238794381,0.9852964045634656,8.330515846739914,-5.838610048444455,1.1102230246251565e-16,0.0,-1.000088900581841e-12,0,0,1.0,6.944444444444444e-05,0.0,8.622733569917548,0.0,-8.59008641486815,0.679345023717681,8.622733569917548,-2.4284264715002664,6.661338147750939e-17,0.0,-1.000088900581841e-12,0.0,0.0,Train010,10.0
161,1,0,0.0,0.0,0.0,0.0,0.0,0.0,0.0,0.0,0.0,0.0,0.0,0,0,0.0,0.0,0.0,0.0,0.0,0.0,0.0,0.0,0.0,0.0,0.0,0.0,0.0,0.0,Train010,10.0
161,2,3,0.00020833333333333335,0.0,7.123905445895946,5.04396180162575,-7.119226512301566,0.19559003988851795,7.121912776576326,-4.814906037702548,0.6665889085747113,34.8115287937585,1.0986122886651097,0,0,2.2,0.00015277777777777777,0.4,8.183598218503855,3.1668780771355345,-8.16903594076292,0.4306434552272614,8.182757891160573,0.13458160048314002,0.3998796039698994,20.91616705828507,0.6591673731986658,0.4,0.0,Train010,10.0
161,3,0,0.0,0.0,0.0,0.0,0.0,0.0,0.0,0.0,0.0,0.0,0.0,0,0,0.4,2.7777777777777772e-05,-0.2,4.018190276075972,0.0,4.016842392447084,0.1040684041414803,4.018190276075972,-3.8831765594318255,2.2204460492503132e-17,0.0,-4.000355602327364e-13,0.0,0.2,Train010,10.0
161,4,0,0.0,0.0,0.0,0.0,0.0,0.0,0.0,0.0,0.0,0.0,0.0,0,0,0.8,5.555555555555556e-05,-0.4,3.506236456853736,0.33531397121322276,3.505836589901115,0.013926119532091687,3.505864836034031,-3.242379677154929,4.291582019444462e-05,5.821408151596287,0.2772588722231781,0.0,0.4,Train010,10.0
161,5,1,6.944444444444444e-05,0.0,11.364232630781759,0.0,-11.326638014614243,-0.9236095346088636,11.364232630781759,-6.208130929724103,1.1102230246251565e-16,0.0,-1.000088900581841e-12,0,0,1.0,6.944444444444444e-05,0.0,10.785523548167196,0.0,-10.764860642437295,-0.606675771000893,10.785523548167196,1.1969875476220557,4.4408920985006264e-17,0.0,-1.000088900581841e-12,0.0,0.0,Train010,10.0
162,0,1,6.944444444444444e-05,0.0,7.634986273931128,0.0,-7.578843088664198,0.9242038955358534,7.634986273931128,-6.955295728087858,0.0,0.0,-1.000088900581841e-12,0,0,1.0,6.944444444444444e-05,0.0,8.391935985978076,0.0,-8.349066311687556,0.8047208120987438,8.391935985978076,-2.3079758393947394,4.4408920985006264e-17,0.0,-1.000088900581841e-12,0.0,0.0,Train010,10.0
162,1,0,0.0,0.0,0.0,0.0,0.0,0.0,0.0,0.0,0.0,0.0,0.0,0,0,0.0,0.0,0.0,0.0,0.0,0.0,0.0,0.0,0.0,0.0,0.0,0.0,0.0,0.0,Train010,10.0
162,2,3,0.00020833333333333335,0.0,6.520010689742359,4.615903092967647,-6.51567290474357,0.17425502754286515,6.5180026247488945,-6.038947561535863,0.6666211679443803,34.80667406287197,1.0986122886651097,0,0,2.6,0.00018055555555555555,0.4,7.526273092399421,4.0900586957290646,-7.517003220829565,0.31017072694477443,7.525031152057446,1.228324231646694,0.5332038375587754,27.877501870859465,0.8788898309318878,0.4,0.0,Train010,10.0
162,3,0,0.0,0.0,0.0,0.0,0.0,0.0,0.0,0.0,0.0,0.0,0.0,0,0,0.2,1.388888888888889e-05,-0.2,1.91304361479169,0.0,1.9124049604835398,0.049428121683984416,1.91304361479169,-1.9210304649259071,2.2204460492503132e-17,0.0,-2.000177801163682e-13,0.0,0.2,Train010,10.0
162,4,0,0.0,0.0,0.0,0.0,0.0,0.0,0.0,0.0,0.0,0.0,0.0,0,0,0.4,2.777777777777778e-05,-0.4,1.6712272957115204,0.15992064128532418,1.6710287306318132,0.0056243963753451615,1.6710381959822331,-1.6378186543069564,2.2839186111234255e-05,2.9089354329436454,0.13862943611158907,0.0,0.4,Train010,10.0
162,5,1,6.944444444444444e-05,0.0,10.476166502009939,0.0,-10.440120146725466,-0.8683063398203416,10.476166502009939,-8.880661287718201,1.1102230246251565e-16,0.0,-1.000088900581841e-12,0,0,1.0,6.944444444444444e-05,0.0,10.905886794863155,0.0,-10.878490564474827,-0.7369822462190592,10.905886794863155,1.20363246695957,6.661338147750939e-17,0.0,-1.000088900581841e-12,0.0,0.0,Train010,10.0
163,0,1,6.944444444444444e-05,0.0,6.9422481077992275,0.0,-6.890218392018539,0.8483509300586709,6.9422481077992275,-6.927381661319005,1.1102230246251565e-16,0.0,-1.000088900581841e-12,0,0,1.0,6.944444444444444e-05,0.0,8.179630253295851,0.0,-8.127299959601888,0.9193858121710228,8.179630253295851,-2.1230573268222397,6.661338147750939e-17,0.0,-1.000088900581841e-12,0.0,0.0,Train010,10.0
163,1,0,0.0,0.0,0.0,0.0,0.0,0.0,0.0,0.0,0.0,0.0,0.0,0,0,0.0,0.0,0.0,0.0,0.0,0.0,0.0,0.0,0.0,0.0,0.0,0.0,0.0,0.0,Train010,10.0
163,2,3,0.00020833333333333335,0.0,5.913243825954513,4.185611865711158,-5.909278520730813,0.15653475113866003,5.9113514329537695,-6.067668637878458,0.6666345244006742,34.81365933954341,1.0986122886651097,0,0,3.0,0.00020833333333333335,0.4,6.961706863035765,4.927181068871295,-6.957055075111747,0.20407467212786626,6.9600864440936405,2.155913199054475,0.6665307424389103,34.84023373876814,1.0986122886651097,0.4,0.0,Train010,10.0
163,3,0,0.0,0.0,0.0,0.0,0.0,0.0,0.0,0.0,0.0,0.0,0.0,0,0,0.0,0.0,-0.2,0.0,0.0,0.0,0.0,0.0,0.0,0.0,0.0,0.0,0.0,0.2,Train010,10.0
163,4,0,0.0,0.0,0.0,0.0,0.0,0.0,0.0,0.0,0.0,0.0,0.0,0,0,0.0,0.0,-0.4,0.0,0.0,0.0,0.0,0.0,0.0,0.0,0.0,0.0,0.0,0.4,Train010,10.0
163,5,1,6.944444444444444e-05,0.0,9.548595551323713,0.0,-9.515211253264615,-0.7977667632243253,9.548595551323713,-9.27570950686226,1.1102230246251565e-16,0.0,-1.000088900581841e-12,0,0,1.0,6.944444444444444e-05,0.0,11.020093263733608,0.0,-10.986447310490675,-0.8573734175079697,11.020093263733608,1.1420646887045414,8.881784197001253e-17,0.0,-1.000088900581841e-12,0.0,0.0,Train010,10.0
164,0,1,6.944444444444444e-05,0.0,8.315438737037105,0.0,-8.31347559229285,0.18067917912229517,8.315438737037105,13.73190629237878,1.1102230246251565e-16,0.0,-1.000088900581841e-12,0,0,1.0,6.944444444444444e-05,0.0,8.027513163418346,0.0,-7.982691090022078,0.786344533339991,8.027513163418346,-1.521170898775043,6.661338147750939e-17,0.0,-1.000088900581841e-12,0.0,0.0,Train010,10.0
164,1,0,0.0,0.0,0.0,0.0,0.0,0.0,0.0,0.0,0.0,0.0,0.0,0,0,0.0,0.0,0.0,0.0,0.0,0.0,0.0,0.0,0.0,0.0,0.0,0.0,0.0,0.0,Train010,10.0
164,2,2,0.0001388888888888889,-1.0,10.94363909903452,1.9432514452045098,-10.943273356501638,0.06336398886390096,10.94345680076471,20.737733601027507,1.7200262380390186e-05,72.13763773357581,0.6931471805579453,0,1,2.8,0.00019444444444444446,-0.2,7.621239022058708,4.234452105422764,-7.6175824283266165,0.16278360399868408,7.61969795051031,0.6820777642749164,0.5332741583310279,42.28229013532259,1.0175192670436768,0.0,0.2,Train010,10.0
164,3,1,6.944444444444444e-05,1.0,14.099928554435097,0.0,14.09926995577556,0.13627895779933036,14.099928554435097,0.0,0.0,0.0,-1.000088900581841e-12,1,0,0.2,1.388888888888889e-05,0.2,2.8199857108870194,0.0,2.819853991155112,0.02725579155986607,2.8199857108870194,0.0,0.0,0.0,-2.000177801163682e-13,0.2,0.0,Train010,10.0
164,4,1,6.944444444444444e-05,1.0,0.0,0.0,0.0,0.0,0.0,0.0,0.0,0.0,-1.000088900581841e-12,1,0,0.2,1.388888888888889e-05,0.2,0.0,0.0,0.0,0.0,0.0,0.0,0.0,0.0,-2.000177801163682e-13,0.2,0.0,Train010,10.0
164,5,1,6.944444444444444e-05,0.0,12.791297713202638,0.0,-12.770669484579624,-0.7261529476700173,12.791297713202638,32.427021618789254,0.0,0.0,-1.000088900581841e-12,0,0,1.0,6.944444444444444e-05,0.0,11.233067624214444,0.0,-11.200381900732433,-0.8482349988195932,11.233067624214444,2.1297436048083442,6.661338147750939e-17,0.0,-1.000088900581841e-12,0.0,0.0,Train010,10.0
165,0,1,6.944444444444444e-05,0.0,8.315903382324954,0.0,-8.315676314445291,-0.061453214213692924,8.315903382324954,0.0046464528784895265,0.0,0.0,-1.000088900581841e-12,0,0,1.0,6.944444444444444e-05,0.0,7.907818469566466,0.0,-7.874051155072936,0.5754154390133184,7.907818469566466,-1.1969469385188098,6.661338147750939e-17,0.0,-1.000088900581841e-12,0.0,0.0,Train010,10.0
165,1,0,0.0,0.0,0.0,0.0,0.0,0.0,0.0,0.0,0.0,0.0,0.0,0,0,0.0,0.0,0.0,0.0,0.0,0.0,0.0,0.0,0.0,0.0,0.0,0.0,0.0,0.0,Train010,10.0
165,2,2,0.0001388888888888889,0.0,10.989592894132649,2.3937125623835085,-10.989588102198201,0.00017071198191993472,10.989588103524119,0.4595379509812769,4.576342723661142e-07,73.49995664922815,0.6931471805579453,0,0,2.6,0.00018055555555555555,-0.2,8.298078390951996,3.6364881535785143,-8.295407879295158,0.11798290388317276,8.296862347713564,0.8551498629783826,0.3999724517632838,50.01389131579557,0.936426245422244,0.0,0.2,Train010,10.0
165,3,1,6.944444444444444e-05,0.0,13.595679527826915,0.0,13.595137619975384,0.12138746764779618,13.595679527826915,-5.0424902660818205,0.0,0.0,-1.000088900581841e-12,0,0,0.4,2.777777777777778e-05,0.2,5.539121616452403,0.0,5.538881515150189,0.051533285089425306,5.539121616452403,-1.0084980532163619,0.0,0.0,-4.000355602327364e-13,0.2,0.0,Train010,10.0
165,4,1,6.944444444444444e-05,0.0,0.0,0.0,0.0,0.0,0.0,0.0,0.0,0.0,-1.000088900581841e-12,0,0,0.4,2.777777777777778e-05,0.2,0.0,0.0,0.0,0.0,0.0,0.0,0.0,0.0,-4.000355602327364e-13,0.2,0.0,Train010,10.0
165,5,1,6.944444444444444e-05,0.0,13.161159958249266,0.0,-13.144679918109045,-0.6584233418437164,13.161159958249266,3.698622450466278,0.0,0.0,-1.000088900581841e-12,0,0,1.0,6.944444444444444e-05,0.0,11.468290471113463,0.0,-11.4394637634586,-0.7948517854334528,11.468290471113463,2.352228468990192,6.661338147750939e-17,0.0,-1.000088900581841e-12,0.0,0.0,Train010,10.0
166,0,1,6.944444444444444e-05,0.0,7.826668330401871,0.0,-7.825384078552883,-0.1417786205555994,7.826668330401871,-4.892350519230835,0.0,0.0,-1.000088900581841e-12,0,0,1.0,6.944444444444444e-05,0.0,7.807048966298858,0.0,-7.784719493194752,0.3500004339895054,7.807048966298858,-1.0076950326760858,4.4408920985006264e-17,0.0,-1.000088900581841e-12,0.0,0.0,Train010,10.0
166,1,0,0.0,0.0,0.0,0.0,0.0,0.0,0.0,0.0,0.0,0.0,0.0,0,0,0.0,0.0,0.0,0.0,0.0,0.0,0.0,0.0,0.0,0.0,0.0,0.0,0.0,0.0,Train010,10.0
166,2,2,0.0001388888888888889,0.0,10.340615648255781,2.3936886830272535,-10.340528015268964,-0.02174125249861722,10.340550871042726,-6.489772458768668,6.619029030652257e-06,74.00121922230906,0.6931471805579453,0,0,2.4,0.00016666666666666666,-0.2,8.941420431423966,3.1064335298588155,-8.939668179888638,0.07451664540574574,8.940589966606845,0.5201765787651584,0.2666559938541476,57.851829401505675,0.855333223800811,0.0,0.2,Train010,10.0
166,3,1,6.944444444444444e-05,0.0,12.647790033355568,0.0,12.64731534160119,0.10957818189572452,12.647790033355568,-9.478894944713474,1.1102230246251565e-16,0.0,-1.000088900581841e-12,0,0,0.6,4.1666666666666665e-05,0.2,8.068679623123517,0.0,8.068344583470427,0.07344892146857021,8.068679623123517,-2.9042770421590567,2.2204460492503132e-17,0.0,-6.000533403491046e-13,0.2,0.0,Train010,10.0
166,4,1,6.944444444444444e-05,0.0,0.0,0.0,0.0,0.0,0.0,0.0,0.0,0.0,-1.000088900581841e-12,0,0,0.6,4.1666666666666665e-05,0.2,0.0,0.0,0.0,0.0,0.0,0.0,0.0,0.0,-6.000533403491046e-13,0.2,0.0,Train010,10.0
166,5,1,6.944444444444444e-05,0.0,12.512349321620565,0.0,-12.498143855987154,-0.5960584713844586,12.512349321620565,-6.48810636628701,0.0,0.0,-1.000088900581841e-12,0,0,1.0,6.944444444444444e-05,0.0,11.697913809281225,0.0,-11.673764931733182,-0.7293415727885718,11.697913809281225,2.2962333816776104,4.4408920985006264e-17,0.0,-1.000088900581841e-12,0.0,0.0,Train010,10.0
167,0,1,6.944444444444444e-05,0.0,7.19526768641744,0.0,-7.193460260125084,-0.16126551151478286,7.19526768641744,-6.314006439844313,0.0,0.0,-1.000088900581841e-12,0,0,1.0,6.944444444444444e-05,0.0,7.7191052487961205,0.0,-7.70764292748693,0.13290655257937817,7.7191052487961205,-0.8794371750273768,4.4408920985006264e-17,0.0,-1.000088900581841e-12,0.0,0.0,Train010,10.0
167,1,0,0.0,0.0,0.0,0.0,0.0,0.0,0.0,0.0,0.0,0.0,0.0,0,0,0.0,0.0,0.0,0.0,0.0,0.0,0.0,0.0,0.0,0.0,0.0,0.0,0.0,0.0,Train010,10.0
167,2,2,0.0001388888888888889,0.0,9.494733580109594,2.242948698117253,-9.494591406680694,-0.028051938783946035,9.494632846565707,-8.45882068146187,1.1236466723962835e-05,74.17479521255284,0.6931471805579453,0,0,2.2,0.00015277777777777777,-0.2,9.53636500949741,2.6318426508887365,-9.535451880276062,0.03405525214038349,9.535916010970206,0.03620195477995765,0.1333340075586163,65.72545363144187,0.7742402021793782,0.0,0.2,Train010,10.0
167,3,1,6.944444444444444e-05,0.0,11.572543664876859,0.0,11.572120162474459,0.09900414503261261,11.572543664876859,-10.752463684787088,0.0,0.0,-1.000088900581841e-12,0,0,0.8,5.555555555555556e-05,0.2,10.383188356098888,0.0,10.382768615965318,0.09324975047509274,10.383188356098888,-5.054769779116475,2.2204460492503132e-17,0.0,-8.000711204654728e-13,0.2,0.0,Train010,10.0
167,4,1,6.944444444444444e-05,0.0,0.0,0.0,0.0,0.0,0.0,0.0,0.0,0.0,-1.000088900581841e-12,0,0,0.8,5.555555555555556e-05,0.2,0.0,0.0,0.0,0.0,0.0,0.0,0.0,0.0,-8.000711204654728e-13,0.2,0.0,Train010,10.0
167,5,1,6.944444444444444e-05,0.0,11.548820874141747,0.0,-11.536224447304807,-0.5392486295013078,11.548820874141747,-9.635284474788186,0.0,0.0,-1.000088900581841e-12,0,0,1.0,6.944444444444444e-05,0.0,11.912444683707587,0.0,-11.892985791849048,-0.663530030724765,11.912444683707587,2.1453087442636134,2.2204460492503132e-17,0.0,-1.000088900581841e-12,0.0,0.0,Train010,10.0
168,0,1,6.944444444444444e-05,0.0,6.551763839777049,0.0,-6.549846135619522,-0.1585087124422933,6.551763839777049,-6.435038466403906,1.1102230246251565e-16,0.0,-1.000088900581841e-12,0,0,1.0,6.944444444444444e-05,0.0,7.641008395191685,0.0,-7.639568476207126,-0.06846537592081467,7.641008395191685,-0.780968536044357,4.4408920985006264e-17,0.0,-1.000088900581841e-12,0.0,0.0,Train010,10.0
168,1,0,0.0,0.0,0.0,0.0,0.0,0.0,0.0,0.0,0.0,0.0,0.0,0,0,0.0,0.0,0.0,0.0,0.0,0.0,0.0,0.0,0.0,0.0,0.0,0.0,0.0,0.0,Train010,10.0
168,2,2,0.0001388888888888889,0.0,8.633841674871118,2.0518092627173017,-8.633684142130791,-0.028583864017740084,8.633731458839966,-8.608919052384776,1.3529695258251984e-05,74.22479769318564,0.6931471805579453,0,0,2.0,0.0001388888888888889,-0.2,10.080484579280732,2.2050821302899655,-10.080333004556058,-0.002968470890896533,10.080392016147446,-0.47204812812130614,9.808617533124674e-06,73.6076813021703,0.6931471805579453,0.0,0.2,Train010,10.0
168,3,1,6.944444444444444e-05,0.0,10.512322136870333,0.0,10.51194152968944,0.08945381894873879,10.512322136870333,-10.60221528006526,0.0,0.0,-1.000088900581841e-12,0,0,1.0,6.944444444444444e-05,0.2,12.485652783472954,0.0,12.485156921903206,0.11114051426484048,12.485652783472954,-7.175212835129526,2.2204460492503132e-17,0.0,-1.000088900581841e-12,0.2,0.0,Train010,10.0
168,4,1,6.944444444444444e-05,0.0,0.0,0.0,0.0,0.0,0.0,0.0,0.0,0.0,-1.000088900581841e-12,0,0,1.0,6.944444444444444e-05,0.2,0.0,0.0,0.0,0.0,0.0,0.0,0.0,0.0,-1.000088900581841e-12,0.2,0.0,Train010,10.0
168,5,1,6.944444444444444e-05,0.0,10.53321460815537,0.0,-10.521916743966306,-0.48772739773275975,10.53321460815537,-10.15606265986376,0.0,0.0,-1.000088900581841e-12,0,0,1.0,6.944444444444444e-05,0.0,12.109368495073918,0.0,-12.094326889989388,-0.6015221576264519,12.109368495073918,1.969238113663313,0.0,0.0,-1.000088900581841e-12,0.0,0.0,Train010,10.0
169,0,1,6.944444444444444e-05,0.0,9.775500996176934,0.0,-9.774399690103024,0.14673249255070375,9.775500996176934,32.23737156399885,1.1102230246251565e-16,0.0,-1.000088900581841e-12,0,0,1.0,6.944444444444444e-05,0.0,7.93302084701965,0.0,-7.931753295769161,-0.07525471323513296,7.93302084701965,2.920124518279657,4.4408920985006264e-17,0.0,-1.000088900581841e-12,0.0,0.0,Train010,10.0
169,1,0,0.0,0.0,0.0,0.0,0.0,0.0,0.0,0.0,0.0,0.0,0.0,0,0,0.0,0.0,0.0,0.0,0.0,0.0,0.0,0.0,0.0,0.0,0.0,0.0,0.0,0.0,Train010,10.0
169,2,2,0.0001388888888888889,0.0,11.643017609758534,0.7479838465142405,-10.81308350189996,3.0406963123504824,11.232480086027437,17.05350518684357,0.03540921667344199,39.11023387684802,0.6931471805579453,1,1,2.0,0.0001388888888888889,0.0,10.220360281425537,1.9660286105519114,-10.054295033635722,0.5924979938064198,10.13819667319999,-1.2088938109580938,0.0070882118997454445,67.00220053082474,0.6931471805579453,0.2,0.2,Train010,10.0
169,3,0,0.0,-1.0,0.0,0.0,0.0,0.0,0.0,0.0,0.0,0.0,0.0,0,1,0.8,5.555555555555556e-05,-0.2,9.665667072585936,0.0,9.665302930748094,0.08388472270497442,9.665667072585936,-7.175212835129526,2.2204460492503132e-17,0.0,-8.000711204654728e-13,0.0,0.2,Train010,10.0
169,4,1,6.944444444444444e-05,0.0,13.325418334077535,0.0,12.78046674339818,-3.7717958055895364,13.325418334077535,28.130961972072015,1.1102230246251565e-16,0.0,-1.000088900581841e-12,1,1,1.0,6.944444444444444e-05,0.0,2.665083666815507,0.0,2.556093348679636,-0.7543591611179072,2.665083666815507,5.626192394414403,2.2204460492503132e-17,0.0,-1.000088900581841e-12,0.2,0.2,Train010,10.0
169,5,1,6.944444444444444e-05,0.0,11.032930325416137,0.0,-11.02410966070008,-0.44108701448374144,11.032930325416137,4.997157172607665,0.0,0.0,-1.000088900581841e-12,0,0,1.0,6.944444444444444e-05,0.0,11.757695017516617,0.0,-11.745014925213479,-0.5445089709891968,11.757695017516617,-3.516734775573005,0.0,0.0,-1.000088900581841e-12,0.0,0.0,Train010,10.0
170,0,1,6.944444444444444e-05,0.0,10.319433784543616,0.0,-10.3165495513736,0.243965136102193,10.319433784543616,5.43932788366682,1.1102230246251565e-16,0.0,-1.000088900581841e-12,0,0,1.0,6.944444444444444e-05,0.0,8.333726927463383,0.0,-8.331927943154822,-0.014171043171955767,8.333726927463383,4.007060804437323,6.661338147750939e-17,0.0,-1.000088900581841e-12,0.0,0.0,Train010,10.0
170,1,1,6.944444444444444e-05,1.0,12.238167304387723,0.0,-12.231883315049936,0.3921345906543461,12.238167304387723,-1.5283415188505245,1.1102230246251565e-16,0.0,-1.000088900581841e-12,1,0,0.2,1.388888888888889e-05,0.2,2.4476334608775447,0.0,-2.4463766630099872,0.07842691813086919,2.4476334608775447,-0.3056683037701049,2.2204460492503132e-17,0.0,-2.000177801163682e-13,0.2,0.0,Train010,10.0
170,2,1,6.944444444444444e-05,-1.0,10.254053749737604,0.0,-8.69542018895451,5.43463761809655,10.254053749737604,-6.409800135066899,0.0,0.0,-1.000088900581841e-12,0,1,1.8,0.00012499999999999998,-0.2,10.073252452546527,1.4872860980752098,-9.595461450986985,1.6793913750293459,9.991089802442689,-2.582761428167729,0.007088120372890971,52.30220920097911,0.5545177444461563,0.2,0.4,Train010,10.0
170,3,0,0.0,0.0,0.0,0.0,0.0,0.0,0.0,0.0,0.0,0.0,0.0,0,0,0.6,4.1666666666666665e-05,-0.2,6.946531167020552,0.0,6.946275406753017,0.05960722917541519,6.946531167020552,-6.1667147819131625,2.2204460492503132e-17,0.0,-6.000533403491046e-13,0.0,0.2,Train010,10.0
170,4,1,6.944444444444444e-05,0.0,13.710378541131426,0.0,12.809763122517804,-4.887171828992716,13.710378541131426,3.849602070538918,1.1102230246251565e-16,0.0,-1.000088900581841e-12,0,0,1.0,6.944444444444444e-05,0.0,5.4071593750417914,0.0,5.118045973183197,-1.7317935269164504,5.4071593750417914,6.3961128085221866,4.4408920985006264e-17,0.0,-1.000088900581841e-12,0.2,0.2,Train010,10.0
170,5,1,6.944444444444444e-05,0.0,10.555734128656539,0.0,-10.548194405491987,-0.39889569918963474,10.555734128656539,-4.771961967595981,1.1102230246251565e-16,0.0,-1.000088900581841e-12,0,0,1.0,6.944444444444444e-05,0.0,11.236609851598072,0.0,-11.225717822690067,-0.4926034424583805,11.236609851598072,-5.210851659185456,2.2204460492503132e-17,0.0,-1.000088900581841e-12,0.0,0.0,Train010,10.0
171,0,1,6.944444444444444e-05,0.0,9.899857359348818,0.0,-9.896355004381048,0.26331229123443356,9.899857359348818,-4.195764251947978,1.1102230246251565e-16,0.0,-1.000088900581841e-12,0,0,1.0,6.944444444444444e-05,0.0,8.748364733252771,0.0,-8.746122128320456,0.06684713918605083,8.748364733252771,4.1463780578938945,8.881784197001253e-17,0.0,-1.000088900581841e-12,0.0,0.0,Train010,10.0
171,1,1,6.944444444444444e-05,0.0,11.454493228034515,0.0,-11.44757328762937,0.398096640833704,11.454493228034515,-7.836740763532077,0.0,0.0,-1.000088900581841e-12,0,0,0.4,2.777777777777778e-05,0.2,4.738532106484447,0.0,-4.7358913205358615,0.15804624629761,4.738532106484447,-1.8730164564765204,2.2204460492503132e-17,0.0,-4.000355602327364e-13,0.2,0.0,Train010,10.0
171,2,1,6.944444444444444e-05,0.0,9.283369974302888,0.0,-7.872281993660612,4.92017624603787,9.283369974302888,-9.706837754347166,1.1102230246251565e-16,0.0,-1.000088900581841e-12,0,0,1.6,0.00011111111111111112,-0.2,9.861803317755946,1.008548361469759,-9.101812246665313,2.6677748747366437,9.77965362309472,-3.2261744872834286,0.007086796567084863,37.501965356517296,0.4158883083343672,0.2,0.4,Train010,10.0
171,3,0,0.0,0.0,0.0,0.0,0.0,0.0,0.0,0.0,0.0,0.0,0.0,0,0,0.4,2.7777777777777772e-05,-0.2,4.416973160349438,0.0,4.416812338432779,0.03769159279627028,4.416973160349438,-4.270935792970468,0.0,0.0,-4.000355602327364e-13,0.0,0.2,Train010,10.0
171,4,1,6.944444444444444e-05,0.0,13.05076714886355,0.0,12.061458062373587,-4.984350768501272,13.05076714886355,-6.596113922678768,0.0,0.0,-1.000088900581841e-12,0,0,1.0,6.944444444444444e-05,0.0,8.017312804814502,0.0,7.530337585657914,-2.7286636806167044,8.017312804814502,5.076890023986433,4.4408920985006264e-17,0.0,-1.000088900581841e-12,0.2,0.2,Train010,10.0
171,5,1,6.944444444444444e-05,0.0,9.767821797926862,0.0,-9.761158214603094,-0.36073949817240736,9.767821797926862,-7.879123307296769,0.0,0.0,-1.000088900581841e-12,0,0,1.0,6.944444444444444e-05,0.0,10.68770434685933,0.0,-10.678320694413255,-0.4455396478159702,10.68770434685933,-5.489055047387408,2.2204460492503132e-17,0.0,-1.000088900581841e-12,0.0,0.0,Train010,10.0
172,0,1,6.944444444444444e-05,0.0,9.170700469077147,0.0,-9.167168369035135,0.2545018414344032,9.170700469077147,-7.291568902716712,0.0,0.0,-1.000088900581841e-12,0,0,1.0,6.944444444444444e-05,0.0,9.143451289784712,0.0,-9.140863750102465,0.15000060977588806,9.143451289784712,3.9508655653194147,8.881784197001253e-17,0.0,-1.000088900581841e-12,0.0,0.0,Train010,10.0
172,1,1,6.944444444444444e-05,0.0,10.501145663472727,0.0,-10.494396379658388,0.37643707586389286,10.501145663472727,-9.533475645617884,0.0,0.0,-1.000088900581841e-12,0,0,0.6,4.1666666666666665e-05,0.2,6.838761239178993,0.0,-6.834770596467538,0.23333366147038856,6.838761239178993,-3.779711585600097,2.2204460492503132e-17,0.0,-6.000533403491046e-13,0.2,0.0,Train010,10.0
172,2,1,6.944444444444444e-05,0.0,8.287591800644531,0.0,-7.027863791233048,4.3924148695206275,8.287591800644531,-9.957781736583566,0.0,0.0,-1.000088900581841e-12,0,0,1.4,9.722222222222222e-05,-0.2,9.620374961862936,0.5599586218463084,-8.608466723575784,3.5518682363975578,9.538245413910484,-3.525966698307768,0.00708454927374007,22.667006314006734,0.27725887222257806,0.2,0.4,Train010,10.0
172,3,0,0.0,0.0,0.0,0.0,0.0,0.0,0.0,0.0,0.0,0.0,0.0,0,0,0.2,1.388888888888889e-05,-0.2,2.1024644273740667,0.0,2.102388305937888,0.017890763789747757,2.1024644273740667,-2.1204430560130496,0.0,0.0,-2.000177801163682e-13,0.0,0.2,Train010,10.0
172,4,1,6.944444444444444e-05,0.0,12.052566719688423,0.0,11.088561899229779,-4.723151441515573,12.052566719688423,-9.982004291751263,0.0,0.0,-1.000088900581841e-12,0,0,1.0,6.944444444444444e-05,0.0,10.427826148752185,0.0,9.74804996550387,-3.673293968919819,10.427826148752185,3.0804891656361804,4.4408920985006264e-17,0.0,-1.000088900581841e-12,0.2,0.2,Train010,10.0
172,5,1,6.944444444444444e-05,0.0,8.918639688805738,0.0,-8.91267099459678,-0.326235560315199,8.918639688805738,-8.491821091211236,0.0,0.0,-1.000088900581841e-12,0,0,1.0,6.944444444444444e-05,0.0,10.161668109792128,0.0,-10.15361000387165,-0.40293703397874847,10.161668109792128,-5.260362370672018,2.2204460492503132e-17,0.0,-1.000088900581841e-12,0.0,0.0,Train010,10.0
173,0,1,6.944444444444444e-05,0.0,8.377164982922183,0.0,-8.373827530748255,0.23644372772438196,8.377164982922183,-7.935354861549637,0.0,0.0,-1.000088900581841e-12,0,0,1.0,6.944444444444444e-05,0.0,9.508531518413738,0.0,-9.505660029128212,0.22899109780922305,9.508531518413738,3.6508022862902685,6.661338147750939e-17,0.0,-1.000088900581841e-12,0.0,0.0,Train010,10.0
173,1,1,6.944444444444444e-05,0.0,9.546994257688327,0.0,-9.540701968004473,0.34656213591427404,9.546994257688327,-9.541514057843994,1.1102230246251565e-16,0.0,-1.000088900581841e-12,0,0,0.8,5.555555555555556e-05,0.2,8.748160090716658,0.0,-8.742910990068435,0.3026460886532434,8.748160090716658,-5.688014397168896,4.4408920985006264e-17,0.0,-8.000711204654728e-13,0.2,0.0,Train010,10.0
173,2,1,6.944444444444444e-05,0.0,7.373269982293774,0.0,-6.252520439956753,3.9078252749729536,7.373269982293774,-9.143218183507571,0.0,0.0,-1.000088900581841e-12,0,0,1.2,8.333333333333333e-05,-0.2,9.368260623347465,0.1495967693028481,-8.132233983140978,4.339150064195697,9.286153118601247,-3.6328265245323266,0.00708184333468842,7.822046775369604,0.13862943611078898,0.2,0.4,Train010,10.0
173,3,0,0.0,0.0,0.0,0.0,0.0,0.0,0.0,0.0,0.0,0.0,0.0,0,0,0.0,0.0,-0.2,0.0,0.0,0.0,0.0,0.0,0.0,0.0,0.0,0.0,0.0,0.2,Train010,10.0
173,4,1,6.944444444444444e-05,0.0,10.994438860441367,0.0,10.095821435748194,-4.3533981432290965,10.994438860441367,-10.581278592470564,0.0,0.0,-1.000088900581841e-12,0,0,1.0,6.944444444444444e-05,0.0,12.62671392084046,0.0,11.767214252653508,-4.543973597565639,12.62671392084046,0.9642334471420675,4.4408920985006264e-17,0.0,-1.000088900581841e-12,0.2,0.2,Train010,10.0
173,5,1,6.944444444444444e-05,0.0,8.098315671584087,0.0,-8.092939589556995,-0.2950347715193859,8.098315671584087,-8.20324017221651,0.0,0.0,-1.000088900581841e-12,0,0,1.0,6.944444444444444e-05,0.0,9.674688322477873,0.0,-9.667814572989787,-0.3643985087360737,9.674688322477873,-4.869797873142568,2.2204460492503132e-17,0.0,-1.000088900581841e-12,0.0,0.0,Train010,10.0
174,0,1,6.944444444444444e-05,0.0,9.078808422950317,0.0,-9.078469521901903,-0.0784443785867189,9.078808422950317,7.016434400281337,0.0,0.0,-1.000088900581841e-12,0,0,1.0,6.944444444444444e-05,0.0,9.369193003768416,0.0,-9.366473995487988,0.18395572358173856,9.369193003768416,-1.3933851464532339,4.4408920985006264e-17,0.0,-1.000088900581841e-12,0.0,0.0,Train010,10.0
174,1,1,6.944444444444444e-05,0.0,11.91327361538992,0.0,-11.909091184674567,0.3156507409339062,11.91327361538992,23.662793577015933,0.0,0.0,-1.000088900581841e-12,0,0,1.0,6.944444444444444e-05,0.2,11.130814813794643,0.0,-11.124729227003346,0.36577623684002464,11.130814813794643,-0.9554556817657094,4.4408920985006264e-17,0.0,-1.000088900581841e-12,0.2,0.0,Train010,10.0
174,2,0,0.0,-1.0,0.0,0.0,0.0,0.0,0.0,0.0,0.0,0.0,0.0,0,1,0.8,5.555555555555556e-05,-0.4,7.0396571013957585,0.0,-5.969617282760984,3.7310108017256,7.039657101395759,-7.043527561901041,2.2204460492503132e-17,0.0,-8.000711204654728e-13,0.0,0.4,Train010,10.0
174,3,0,0.0,0.0,0.0,0.0,0.0,0.0,0.0,0.0,0.0,0.0,0.0,0,0,0.0,0.0,0.0,0.0,0.0,0.0,0.0,0.0,0.0,0.0,0.0,0.0,0.0,0.0,Train010,10.0
174,4,1,6.944444444444444e-05,0.0,0.0,0.0,0.0,0.0,0.0,0.0,0.0,0.0,-1.000088900581841e-12,1,1,1.0,6.944444444444444e-05,0.0,9.961630254024954,0.0,9.211120903973873,-3.7896144364477307,9.961630254024954,-4.6619589472723355,2.2204460492503132e-17,0.0,-1.000088900581841e-12,0.2,0.2,Train010,10.0
174,5,1,6.944444444444444e-05,0.0,11.17659097600321,0.0,-11.162477094919307,-0.5615077473002632,11.17659097600321,30.782753044191224,0.0,0.0,-1.000088900581841e-12,0,0,1.0,6.944444444444444e-05,0.0,9.703420452595287,0.0,-9.695488059833632,-0.38848265529937803,9.703420452595287,0.28732130117414345,2.2204460492503132e-17,0.0,-1.000088900581841e-12,0.0,0.0,Train010,10.0
175,0,1,6.944444444444444e-05,0.0,8.789856100001737,0.0,-8.787949242843208,-0.183080211790414,8.789856100001737,-2.8895232294857998,0.0,0.0,-1.000088900581841e-12,0,0,1.0,6.944444444444444e-05,0.0,9.06327746686004,0.0,-9.06075393378191,0.09854665400321716,9.06327746686004,-3.059155369083758,2.2204460492503132e-17,0.0,-1.000088900581841e-12,0.0,0.0,Train010,10.0
175,1,1,6.944444444444444e-05,0.0,12.026642519942179,0.0,-12.023235799634273,0.2862362815472373,12.026642519942179,1.1336890455225834,0.0,0.0,-1.000088900581841e-12,0,0,1.0,6.944444444444444e-05,0.0,11.088509856905535,0.0,-11.082999723920214,0.34459657501860286,11.088509856905535,-0.4230495688910878,2.2204460492503132e-17,0.0,-1.000088900581841e-12,0.0,0.0,Train010,10.0
175,2,0,0.0,0.0,0.0,0.0,0.0,0.0,0.0,0.0,0.0,0.0,0.0,0,0,0.6,4.1666666666666665e-05,-0.2,4.988846351448238,0.0,-4.230533244970083,2.64408327810629,4.988846351448238,-5.761567534887661,2.2204460492503132e-17,0.0,-6.000533403491046e-13,0.0,0.2,Train010,10.0
175,3,0,0.0,0.0,0.0,0.0,0.0,0.0,0.0,0.0,0.0,0.0,0.0,0,0,0.0,0.0,0.0,0.0,0.0,0.0,0.0,0.0,0.0,0.0,0.0,0.0,0.0,0.0,Train010,10.0
175,4,1,6.944444444444444e-05,0.0,0.0,0.0,0.0,0.0,0.0,0.0,0.0,0.0,-1.000088900581841e-12,0,0,1.0,6.944444444444444e-05,0.0,7.219554545798668,0.0,6.649168279470311,-2.8121800706491884,7.219554545798668,-5.431879361380119,0.0,0.0,-1.000088900581841e-12,0.2,0.2,Train010,10.0
175,5,1,6.944444444444444e-05,0.0,11.586351904324339,0.0,-11.569704516703737,-0.620876676164714,11.586351904324339,4.097609283211288,1.1102230246251565e-16,0.0,-1.000088900581841e-12,0,0,1.0,6.944444444444444e-05,0.0,9.909544007728847,0.0,-9.899790082075983,-0.43287885069439386,9.909544007728847,2.061235551335597,2.2204460492503132e-17,0.0,-1.000088900581841e-12,0.0,0.0,Train010,10.0
176,0,1,6.944444444444444e-05,0.0,8.1719498548449,0.0,-8.16928705517858,-0.20859875405016248,8.1719498548449,-6.179062451568367,0.0,0.0,-1.000088900581841e-12,0,0,1.0,6.944444444444444e-05,0.0,8.717695965959257,0.0,-8.715340343941417,0.004164444946297951,8.717695965959257,-3.4558150090078357,0.0,0.0,-1.000088900581841e-12,0.0,0.0,Train010,10.0
176,1,1,6.944444444444444e-05,0.0,11.353834012521107,0.0,-11.350877257687323,0.2590989478903706,11.353834012521107,-6.728085074210721,0.0,0.0,-1.000088900581841e-12,0,0,1.0,6.944444444444444e-05,0.0,11.068378013802853,0.0,-11.063660517931805,0.3167970364299362,11.068378013802853,-0.20131843102681657,2.2204460492503132e-17,0.0,-1.000088900581841e-12,0.0,0.0,Train010,10.0
176,2,0,0.0,0.0,0.0,0.0,0.0,0.0,0.0,0.0,0.0,0.0,0.0,0,0,0.4,2.777777777777778e-05,-0.2,3.132172356587661,0.0,-2.65607684623796,1.6600480288987165,3.132172356587661,-3.8201999840182284,0.0,0.0,-4.000355602327364e-13,0.0,0.2,Train010,10.0
176,3,0,0.0,0.0,0.0,0.0,0.0,0.0,0.0,0.0,0.0,0.0,0.0,0,0,0.0,0.0,0.0,0.0,0.0,0.0,0.0,0.0,0.0,0.0,0.0,0.0,0.0,0.0,Train010,10.0
176,4,1,6.944444444444444e-05,0.0,0.0,0.0,0.0,0.0,0.0,0.0,0.0,0.0,-1.000088900581841e-12,0,0,1.0,6.944444444444444e-05,0.0,4.609401116025959,0.0,4.236876666995594,-1.8153099169489337,4.609401116025959,-4.1126565768443655,0.0,0.0,-1.000088900581841e-12,0.2,0.2,Train010,10.0
176,5,1,6.944444444444444e-05,0.0,11.045802212328278,0.0,-11.029227299345493,-0.6048898190979755,11.045802212328278,-5.405496919960608,0.0,0.0,-1.000088900581841e-12,0,0,1.0,6.944444444444444e-05,0.0,10.16514009060913,0.0,-10.153403899024463,-0.4817089148795075,10.16514009060913,2.5559608288028293,2.2204460492503132e-17,0.0,-1.000088900581841e-12,0.0,0.0,Train010,10.0
177,0,1,6.944444444444444e-05,0.0,7.47606060002735,0.0,-7.47324499002138,-0.20516192239702996,7.47606060002735,-6.958892548175504,0.0,0.0,-1.000088900581841e-12,0,0,1.0,6.944444444444444e-05,0.0,8.378767992149298,0.0,-8.376555668138666,-0.08776830781998868,8.378767992149298,-3.3892797380995945,0.0,0.0,-1.000088900581841e-12,0.0,0.0,Train010,10.0
177,1,1,6.944444444444444e-05,0.0,10.449059597098072,0.0,-10.446430870048637,0.23436838737814422,10.449059597098072,-9.047744154230344,0.0,0.0,-1.000088900581841e-12,0,0,1.0,6.944444444444444e-05,0.0,11.05796080052792,0.0,-11.054067416009854,0.28838329873278645,11.05796080052792,-0.10417213274930859,2.2204460492503132e-17,0.0,-1.000088900581841e-12,0.0,0.0,Train010,10.0
177,2,0,0.0,0.0,0.0,0.0,0.0,0.0,0.0,0.0,0.0,0.0,0.0,0,0,0.2,1.388888888888889e-05,-0.2,1.4746539964587548,0.0,-1.2505040879913507,0.7815650549945907,1.4746539964587548,-1.8286436367015146,0.0,0.0,-2.000177801163682e-13,0.0,0.2,Train010,10.0
177,3,0,0.0,0.0,0.0,0.0,0.0,0.0,0.0,0.0,0.0,0.0,0.0,0,0,0.0,0.0,0.0,0.0,0.0,0.0,0.0,0.0,0.0,0.0,0.0,0.0,0.0,0.0,Train010,10.0
177,4,1,6.944444444444444e-05,0.0,0.0,0.0,0.0,0.0,0.0,0.0,0.0,0.0,-1.000088900581841e-12,0,0,1.0,6.944444444444444e-05,0.0,2.1988877720882734,0.0,2.0191642871496387,-0.8706796286458193,2.1988877720882734,-2.116255718494113,0.0,0.0,-1.000088900581841e-12,0.2,0.2,Train010,10.0
177,5,1,6.944444444444444e-05,0.0,10.207371327329986,0.0,-10.191794350331886,-0.5636996847093012,10.207371327329986,-8.384308849982922,0.0,0.0,-1.000088900581841e-12,0,0,1.0,6.944444444444444e-05,0.0,10.42288641831398,0.0,-10.409228570171484,-0.529201739758328,10.42288641831398,2.577463277048492,2.2204460492503132e-17,0.0,-1.000088900581841e-12,0.0,0.0,Train010,10.0
178,0,1,6.944444444444444e-05,0.0,6.7940939230141915,0.0,-6.791383803406155,-0.19188087338479526,6.7940939230141915,-6.819666770131585,0.0,0.0,-1.000088900581841e-12,0,0,1.0,6.944444444444444e-05,0.0,8.0621537801677,0.0,-8.060066922670245,-0.17343322804182412,8.0621537801677,-3.1661421198159836,0.0,0.0,-1.000088900581841e-12,0.0,0.0,Train010,10.0
178,1,1,6.944444444444444e-05,0.0,9.51781078313984,0.0,-9.515450713092294,0.21194298847650012,9.51781078313984,-9.312488139582324,1.1102230246251565e-16,0.0,-1.000088900581841e-12,0,0,1.0,6.944444444444444e-05,0.0,11.052124105618224,0.0,-11.049017165027418,0.26145946924523167,11.052124105618224,-0.05836694909697471,2.2204460492503132e-17,0.0,-1.000088900581841e-12,0.0,0.0,Train010,10.0
178,2,0,0.0,0.0,0.0,0.0,0.0,0.0,0.0,0.0,0.0,0.0,0.0,0,0,0.0,0.0,-0.2,0.0,0.0,0.0,0.0,0.0,0.0,0.0,0.0,0.0,0.0,0.2,Train010,10.0
178,3,0,0.0,0.0,0.0,0.0,0.0,0.0,0.0,0.0,0.0,0.0,0.0,0,0,0.0,0.0,0.0,0.0,0.0,0.0,0.0,0.0,0.0,0.0,0.0,0.0,0.0,0.0,Train010,10.0
178,4,1,6.944444444444444e-05,0.0,0.0,0.0,0.0,0.0,0.0,0.0,0.0,0.0,-1.000088900581841e-12,0,0,1.0,6.944444444444444e-05,0.0,0.0,0.0,0.0,0.0,0.0,0.0,0.0,0.0,-1.000088900581841e-12,0.2,0.2,Train010,10.0
178,5,1,6.944444444444444e-05,0.0,9.315002873403659,0.0,-9.30068941821199,-0.5161926747619873,9.315002873403659,-8.92368453926327,1.1102230246251565e-16,0.0,-1.000088900581841e-12,0,0,1.0,6.944444444444444e-05,0.0,10.666223858677894,0.0,-10.650778535902482,-0.5734333204068482,10.666223858677894,2.43337440363914,4.4408920985006264e-17,0.0,-1.000088900581841e-12,0.0,0.0,Train010,10.0
179,0,1,6.944444444444444e-05,0.0,8.545728079876584,0.0,-8.511404052567679,-0.7651597670588892,8.545728079876584,17.516341568623925,0.0,0.0,-1.000088900581841e-12,0,0,1.0,6.944444444444444e-05,0.0,7.955537711552952,0.0,-7.9466538288034005,-0.3107763057362582,7.955537711552952,-1.066160686147466,0.0,0.0,-1.000088900581841e-12,0.0,0.0,Train010,10.0
179,1,1,6.944444444444444e-05,0.0,12.184735057720923,0.0,-12.174998303138729,0.48701616546313503,12.184735057720923,26.66924274581083,0.0,0.0,-1.000088900581841e-12,0,0,1.0,6.944444444444444e-05,0.0,11.106416394084423,0.0,-11.10219858872025,0.29573255415107746,11.106416394084423,0.5429228846620049,2.2204460492503132e-17,0.0,-1.000088900581841e-12,0.0,0.0,Train010,10.0
179,2,0,0.0,0.0,0.0,0.0,0.0,0.0,0.0,0.0,0.0,0.0,0.0,0,0,0.0,0.0,0.0,0.0,0.0,0.0,0.0,0.0,0.0,0.0,0.0,0.0,0.0,0.0,Train010,10.0
179,3,0,0.0,0.0,0.0,0.0,0.0,0.0,0.0,0.0,0.0,0.0,0.0,0,0,0.0,0.0,0.0,0.0,0.0,0.0,0.0,0.0,0.0,0.0,0.0,0.0,0.0,0.0,Train010,10.0
179,4,1,6.944444444444444e-05,0.0,13.248710056900071,0.0,11.177426437135649,7.112907732722685,13.248710056900071,132.48710056900072,0.0,0.0,-1.000088900581841e-12,0,0,1.0,6.944444444444444e-05,0.0,2.649742011380014,0.0,2.23548528742713,1.422581546544537,2.649742011380014,26.497420113800143,0.0,0.0,-1.000088900581841e-12,0.0,0.0,Train010,10.0
179,5,1,6.944444444444444e-05,0.0,11.979914604043715,0.0,-11.978640771546536,-0.1746974138987159,11.979914604043715,26.64911730640057,0.0,0.0,-1.000088900581841e-12,0,0,1.0,6.944444444444444e-05,0.0,10.826888584285996,0.0,-10.81401127122793,-0.49607125372653876,10.826888584285996,1.606647256081009,4.4408920985006264e-17,0.0,-1.000088900581841e-12,0.0,0.0,Train010,10.0
